episode,global_step,ep_return,success,guided_pct,queries_per_ep,agreement_rate,oracle_correct_rate,oracle_cost,cum_queries,first_unguided_success
1,384,-0.5,0.0,16.67,1,0.0,0.0,0.1,45,
2,640,-1.9,0.0,10.0,1,0.0,0.0,0.1,68,
3,768,-2.2,0.0,16.67,2,0.0,0.5,0.1,78,
4,896,-2.3,0.0,7.14,1,0.0,0.0,0.1,93,
5,960,-2.4,0.0,6.67,1,0.0,0.0,0.1,99,
6,960,-2.7,0.0,26.67,4,0.0,0.25,0.1,99,
7,1024,10.3,1.0,6.25,1,0.0,0.0,0.1,107,
8,1088,-2.7,0.0,11.76,2,0.5,0.0,0.1,116,
9,1152,-2.7,0.0,5.56,1,0.0,0.0,0.1,124,
10,1152,-2.8,0.0,11.11,2,0.0,0.5,0.1,124,
11,1152,9.8,1.0,22.22,4,0.0,0.75,0.1,124,
12,1280,-2.3,0.0,25.0,5,0.0,0.2,0.1,134,
13,1344,-3.1,0.0,9.52,2,0.0,0.0,0.1,139,
14,1408,-3.3,0.0,13.64,3,0.3333,0.0,0.1,146,
15,1408,-3.2,0.0,9.09,2,0.0,0.5,0.1,146,
16,1536,-3.3,0.0,4.17,1,0.0,0.0,0.1,160,
17,1728,-3.7,0.0,7.41,2,0.0,0.0,0.1,176,
18,1728,8.9,1.0,14.81,4,0.0,0.5,0.1,176,
19,1728,-2.7,0.0,7.41,2,0.0,0.0,0.1,176,
20,1792,-4.0,0.0,14.29,4,0.0,0.25,0.1,182,
21,1792,-2.8,0.0,7.14,2,0.5,0.0,0.1,182,
22,1984,-4.2,0.0,9.68,3,0.0,0.6667,0.1,207,
23,2048,8.3,1.0,15.62,5,0.0,0.6,0.1,209,
24,2112,8.5,1.0,6.06,2,0.5,0.0,0.1,213,
25,2112,-4.3,0.0,6.06,2,0.0,0.5,0.1,213,
26,2304,-4.0,0.0,16.67,6,0.1667,0.3333,0.1,233,
27,2432,-3.8,0.0,5.26,2,0.0,0.0,0.1,246,
28,2496,-2.5,0.0,20.0,3,0.0,0.0,0.1,253,
29,2496,-5.2,0.0,12.82,5,0.0,0.2,0.1,253,
30,2560,-4.0,0.0,5.0,2,0.0,0.0,0.1,261,
31,2752,-5.4,0.0,6.98,3,0.6667,0.3333,0.1,284,
32,2880,-2.9,0.0,14.29,4,0.25,0.0,0.1,297,
33,2880,-5.1,0.0,12.82,5,0.0,0.6,0.1,297,
34,2944,-4.8,0.0,8.7,4,0.0,0.75,0.1,301,
35,3008,-4.8,0.0,6.38,3,0.0,0.0,0.1,305,
36,3072,-3.7,0.0,7.14,2,0.5,0.5,0.1,312,
37,3136,-5.2,0.0,10.2,5,0.0,0.2,0.1,321,
38,3200,-5.3,0.0,6.0,3,0.6667,0.6667,0.1,331,
39,3200,-4.6,0.0,12.0,6,0.1667,0.5,0.1,331,
40,3200,-5.3,0.0,6.0,3,0.0,0.3333,0.1,331,
41,3200,-5.5,0.0,10.0,5,0.4,0.8,0.1,331,
42,3200,-5.5,0.0,10.0,5,0.2,0.6,0.1,331,
43,3200,-5.3,0.0,6.0,3,0.3333,0.6667,0.1,331,
44,3200,-5.6,0.0,12.0,6,0.0,0.5,0.1,331,
45,3200,-5.6,0.0,12.0,6,0.0,1.0,0.1,331,
46,3200,-5.4,0.0,8.0,4,0.75,0.75,0.1,331,
47,3200,-5.2,0.0,4.0,2,0.0,0.5,0.1,331,
48,3200,-5.3,0.0,6.0,3,0.0,0.6667,0.1,331,
49,3200,-5.4,0.0,8.0,4,0.25,0.25,0.1,331,
50,3200,-4.5,0.0,10.0,5,0.2,0.4,0.1,331,
51,3200,-5.5,0.0,10.0,5,0.0,0.6,0.1,331,
52,3200,-5.6,0.0,12.0,6,0.0,0.3333,0.1,331,
53,3200,-5.7,0.0,14.0,7,0.2857,0.4286,0.1,331,
54,3200,-4.9,0.0,18.0,9,0.2222,0.5556,0.1,331,
55,3200,-5.5,0.0,10.0,5,0.2,0.6,0.1,331,
56,3200,-5.3,0.0,6.0,3,0.0,0.6667,0.1,331,
57,3200,-5.3,0.0,6.0,3,0.6667,0.3333,0.1,331,
58,3200,-4.5,0.0,10.0,5,0.2,0.2,0.1,331,
59,3200,-5.5,0.0,10.0,5,0.2,0.6,0.1,331,
60,3200,-5.5,0.0,10.0,5,0.2,0.0,0.1,331,
61,3200,-5.9,0.0,18.0,9,0.0,0.1111,0.1,331,
62,3200,-4.6,0.0,12.0,6,0.3333,0.6667,0.1,331,
63,3200,-6.1,0.0,6.0,3,0.0,0.3333,0.1,331,
64,3200,-5.8,0.0,16.0,8,0.125,0.5,0.1,331,
65,3200,-5.4,0.0,8.0,4,0.0,0.5,0.1,331,
66,3200,-4.5,0.0,10.0,5,0.0,0.2,0.1,331,
67,3200,-5.5,0.0,10.0,5,0.2,0.4,0.1,331,
68,3200,-4.7,0.0,14.0,7,0.4286,0.2857,0.1,331,
69,3584,-3.3,0.0,4.0,1,0.0,0.0,0.1,362,
70,3648,9.2,1.0,20.83,5,0.0,0.4,0.1,369,
71,3776,-3.3,0.0,16.13,5,0.2,0.2,0.1,389,
72,3776,-2.3,0.0,14.29,2,0.0,0.5,0.1,389,
73,3840,-2.0,0.0,30.0,3,0.3333,0.3333,0.1,395,
74,3840,-2.8,0.0,14.81,4,0.0,0.5,0.1,395,
75,3904,-4.9,0.0,7.69,3,0.3333,0.3333,0.1,403,
76,3904,-5.4,0.0,7.84,4,0.5,0.5,0.1,403,
77,3904,-5.4,0.0,4.44,2,0.0,0.5,0.1,403,
78,4032,-4.5,0.0,9.8,5,0.2,0.6,0.1,414,
79,4096,-1.5,0.0,28.57,4,0.0,0.25,0.1,422,
80,4160,-5.3,0.0,5.88,3,0.3333,0.3333,0.1,425,
81,4224,-5.3,0.0,5.88,3,0.6667,0.6667,0.1,433,
82,4224,-5.2,0.0,23.53,12,0.0,0.4167,0.1,433,
83,4288,-2.5,0.0,5.88,1,0.0,0.0,0.1,443,
84,4352,-4.1,0.0,17.24,5,0.0,0.0,0.1,453,
85,4352,-2.8,0.0,16.67,3,0.3333,0.0,0.1,453,
86,4416,-5.5,0.0,9.8,5,0.0,0.6,0.1,463,
87,4416,-4.5,0.0,9.8,5,0.2,0.6,0.1,463,
88,4416,-5.7,0.0,13.73,7,0.0,0.4286,0.1,463,
89,4480,-1.7,0.0,11.11,1,0.0,0.0,0.1,466,
90,4544,-3.0,0.0,9.52,2,0.0,0.5,0.1,473,
91,4608,-4.6,0.0,11.76,6,0.1667,0.5,0.1,478,
92,4672,-4.6,0.0,11.76,6,0.3333,0.6667,0.1,488,
93,4864,11.3,1.0,14.29,1,0.0,1.0,0.1,508,
94,4864,9.3,1.0,7.69,2,0.0,0.5,0.1,508,
95,4992,-5.3,0.0,5.88,3,0.0,0.3333,0.1,521,
96,4992,-6.1,0.0,21.57,11,0.1818,0.6364,0.1,521,
97,4992,-2.8,0.0,16.67,3,0.0,0.0,0.1,521,
98,4992,-5.1,0.0,21.57,11,0.3636,0.8182,0.1,521,
99,5056,7.1,1.0,16.28,7,0.0,0.5714,0.1,527,
100,5056,-5.3,0.0,5.88,3,0.0,0.6667,0.1,527,
101,5120,-2.2,0.0,7.14,1,0.0,0.0,0.1,534,
102,5184,8.5,1.0,16.13,5,0.6,0.4,0.1,541,
103,5312,-5.2,0.0,3.92,2,0.0,0.0,0.1,555,
104,5312,10.5,1.0,14.29,2,0.0,1.0,0.1,555,
105,5312,-1.5,0.0,14.29,1,0.0,0.0,0.1,555,
106,5568,-4.9,0.0,13.51,5,0.2,0.2,0.1,580,
107,5696,9.0,1.0,10.71,3,0.0,0.3333,0.1,590,
108,5696,-4.4,0.0,7.84,4,0.0,0.0,0.1,590,
109,5696,-4.7,0.0,2.56,1,0.0,0.0,0.1,590,
110,5760,-5.0,0.0,19.61,10,0.4,0.8,0.1,594,
111,5760,-2.0,0.0,4.55,1,0.0,0.0,0.1,594,
112,5824,-3.0,0.0,21.05,4,0.25,0.75,0.1,599,
113,5824,-5.6,0.0,11.76,6,0.1667,0.6667,0.1,599,
114,5888,8.8,1.0,6.45,2,0.0,1.0,0.1,603,
115,5888,-5.1,0.0,4.76,2,0.0,0.5,0.1,603,
116,5952,-5.3,0.0,6.98,3,0.0,0.3333,0.1,606,
117,6016,-5.4,0.0,7.84,4,0.0,0.5,0.1,614,
118,6144,6.7,1.0,17.39,8,0.125,0.875,0.1,628,
119,6144,-4.7,0.0,13.73,7,0.1429,0.1429,0.1,628,
120,6208,-5.4,0.0,7.84,4,0.0,0.5,0.1,632,
121,6272,-3.5,0.0,3.7,1,0.0,0.0,0.1,640,
122,6272,-6.3,0.0,25.49,13,0.0769,0.4615,0.1,640,
123,6336,-5.4,0.0,7.84,4,0.25,0.25,0.1,645,
124,6400,-2.1,0.0,27.27,3,0.0,0.3333,0.1,652,
125,6400,-5.3,0.0,5.88,3,0.3333,0.3333,0.1,652,
126,6464,-4.4,0.0,7.84,4,0.0,1.0,0.1,660,
127,6464,-5.3,0.0,5.88,3,0.3333,0.3333,0.1,660,
128,6464,-4.4,0.0,7.84,4,0.25,0.25,0.1,660,
129,6464,-5.8,0.0,15.69,8,0.25,0.375,0.1,660,
130,6464,-4.5,0.0,9.8,5,0.2,0.2,0.1,660,
131,6464,-5.4,0.0,7.84,4,0.25,0.75,0.1,660,
132,6464,-5.3,0.0,5.88,3,0.3333,0.3333,0.1,660,
133,6464,-5.1,0.0,1.96,1,1.0,0.0,0.1,660,
134,6464,-5.5,0.0,9.8,5,0.2,0.8,0.1,660,
135,6464,-5.3,0.0,5.88,3,0.3333,0.6667,0.1,660,
136,6464,-5.5,0.0,9.8,5,0.0,0.0,0.1,660,
137,6464,-4.6,0.0,11.76,6,0.1667,0.8333,0.1,660,
138,6464,-5.8,0.0,15.69,8,0.125,0.5,0.1,660,
139,6464,-1.7,0.0,11.11,1,0.0,0.0,0.1,660,
140,6464,-4.2,0.0,3.92,2,0.0,0.5,0.1,660,
141,6464,-5.4,0.0,7.84,4,0.25,0.25,0.1,660,
142,6464,-4.3,0.0,5.88,3,0.0,0.0,0.1,660,
143,6464,-5.2,0.0,3.92,2,0.0,0.5,0.1,660,
144,6464,-4.8,0.0,15.69,8,0.125,0.375,0.1,660,
145,6464,-4.4,0.0,7.84,4,0.0,0.25,0.1,660,
146,6528,-5.6,0.0,6.52,3,0.0,0.3333,0.1,662,
147,6720,-3.6,0.0,7.41,2,0.0,0.5,0.1,676,
148,6912,-4.1,0.0,13.33,4,0.0,0.5,0.1,701,
149,6912,-5.4,0.0,7.84,4,0.0,0.75,0.1,701,
150,6976,-3.1,0.0,13.33,4,0.0,0.5,0.1,707,
151,7040,-3.5,0.0,3.7,1,0.0,0.0,0.1,716,
152,7040,-5.8,0.0,8.51,4,0.25,0.5,0.1,716,
153,7040,-5.7,0.0,13.73,7,0.1429,0.4286,0.1,716,
154,7040,-5.4,0.0,7.84,4,0.5,0.5,0.1,716,
155,7104,-4.3,0.0,5.88,3,0.3333,0.3333,0.1,722,
156,7232,-1.8,0.0,10.53,2,0.0,0.5,0.1,734,
157,7360,-5.4,0.0,7.84,4,0.0,1.0,0.1,742,
158,7424,-5.9,0.0,17.65,9,0.3333,0.4444,0.1,749,
159,7488,-5.6,0.0,11.76,6,0.3333,0.3333,0.1,756,
160,7488,-6.1,0.0,12.5,6,0.3333,0.3333,0.1,756,
161,7488,-1.5,0.0,12.5,2,0.0,0.5,0.1,756,
162,7552,-5.8,0.0,15.69,8,0.0,0.625,0.1,760,
163,7616,-5.4,0.0,7.84,4,0.75,0.75,0.1,765,
164,7744,-5.3,0.0,5.88,3,0.0,0.6667,0.1,779,
165,7808,-3.8,0.0,3.33,1,0.0,0.0,0.1,783,
166,7936,-5.6,0.0,11.76,6,0.0,0.3333,0.1,792,
167,8000,-4.5,0.0,5.56,2,0.0,0.0,0.1,799,
168,8128,-4.0,0.0,6.45,2,0.0,0.5,0.1,816,
169,8128,-3.6,0.0,11.54,3,0.0,0.3333,0.1,816,
170,8128,-5.6,0.0,11.76,6,0.5,0.5,0.1,816,
171,8128,11.0,1.0,10.0,1,0.0,1.0,0.1,816,
172,8192,6.9,1.0,6.12,3,0.3333,0.0,0.1,826,
173,8192,9.4,1.0,3.85,1,0.0,0.0,0.1,826,
174,8192,-3.5,0.0,3.7,1,0.0,0.0,0.1,826,
175,8256,-4.7,0.0,2.56,1,0.0,0.0,0.1,829,
176,8256,-4.2,0.0,3.92,2,0.5,0.5,0.1,829,
177,8256,-4.7,0.0,13.73,7,0.1429,0.5714,0.1,829,
178,8384,-5.7,0.0,13.73,7,0.0,0.7143,0.1,839,
179,8448,-4.5,0.0,9.8,5,0.0,0.6,0.1,844,
180,8512,-5.9,0.0,13.04,6,0.1667,0.5,0.1,851,
181,8512,-4.2,0.0,9.38,3,0.3333,0.0,0.1,851,
182,8576,7.0,1.0,13.33,6,0.0,0.8333,0.1,855,
183,8576,-5.5,0.0,9.8,5,0.2,0.2,0.1,855,
184,8576,-4.8,0.0,15.69,8,0.0,0.375,0.1,855,
185,8704,-4.4,0.0,17.5,7,0.2857,0.4286,0.1,867,
186,8832,7.9,1.0,5.0,2,0.0,1.0,0.1,877,
187,8896,-6.5,0.0,18.37,9,0.0,0.4444,0.1,888,
188,8896,-4.7,0.0,5.26,2,0.0,0.0,0.1,888,
189,8960,-3.9,0.0,10.34,3,0.0,0.0,0.1,894,
190,9088,-2.3,0.0,6.67,1,0.0,0.0,0.1,912,
191,9088,-2.3,0.0,6.67,1,0.0,0.0,0.1,912,
192,9088,-5.2,0.0,3.92,2,0.0,1.0,0.1,912,
193,9088,-4.5,0.0,9.8,5,0.2,0.4,0.1,912,
194,9216,-5.3,0.0,5.88,3,0.3333,0.3333,0.1,927,
195,9216,-5.2,0.0,4.65,2,0.0,0.5,0.1,927,
196,9344,7.1,1.0,11.11,5,0.0,0.8,0.1,939,
197,9344,11.4,1.0,0.0,0,,,0.1,939,197
198,9408,-4.2,0.0,9.38,3,0.0,0.3333,0.1,947,
199,9408,6.7,1.0,17.39,8,0.25,0.875,0.1,947,
200,9472,-5.8,0.0,15.69,8,0.125,0.625,0.1,952,
201,9472,-5.8,0.0,4.08,2,0.0,0.0,0.1,952,
202,9472,-6.0,0.0,6.0,3,0.6667,0.3333,0.1,952,
203,9536,-4.2,0.0,9.38,3,0.0,0.3333,0.1,958,
204,9664,-4.8,0.0,15.69,8,0.125,0.625,0.1,969,
205,9664,-4.4,0.0,7.84,4,0.0,0.0,0.1,969,
206,9728,-5.3,0.0,5.88,3,0.3333,0.6667,0.1,974,
207,9728,-5.4,0.0,7.84,4,0.0,0.75,0.1,974,
208,9728,-5.1,0.0,1.96,1,0.0,0.0,0.1,974,
209,9728,-5.5,0.0,9.8,5,0.2,0.4,0.1,974,
210,9728,-5.8,0.0,15.69,8,0.25,0.375,0.1,974,
211,9728,-4.2,0.0,3.92,2,0.0,1.0,0.1,974,
212,9728,-5.4,0.0,7.84,4,0.0,0.75,0.1,974,
213,9728,-5.5,0.0,9.8,5,0.0,0.4,0.1,974,
214,9728,-5.4,0.0,7.84,4,0.0,0.0,0.1,974,
215,9728,-4.9,0.0,17.65,9,0.0,0.7778,0.1,974,
216,9728,-4.3,0.0,5.88,3,0.3333,0.3333,0.1,974,
217,9728,-5.4,0.0,7.84,4,0.0,0.75,0.1,974,
218,9920,-5.0,0.0,12.77,6,0.0,0.5,0.1,986,
219,9984,-5.4,0.0,7.84,4,0.25,0.5,0.1,992,
220,10048,-2.0,0.0,18.18,2,0.0,0.0,0.1,999,
221,10048,-4.2,0.0,16.67,5,0.0,0.2,0.1,999,
222,10112,-1.8,0.0,10.53,2,0.0,0.0,0.1,1007,
223,10176,-5.8,0.0,15.69,8,0.25,0.5,0.1,1011,
224,10240,-5.5,0.0,9.8,5,0.0,0.4,0.1,1017,
225,10304,-5.6,0.0,11.76,6,0.3333,0.6667,0.1,1025,
226,10304,-5.6,0.0,11.76,6,0.0,0.1667,0.1,1025,
227,10304,-5.6,0.0,11.76,6,0.5,0.5,0.1,1025,
228,10304,-5.4,0.0,7.84,4,0.0,0.5,0.1,1025,
229,10368,-5.6,0.0,6.52,3,0.3333,0.3333,0.1,1033,
230,10496,-5.9,0.0,17.65,9,0.1111,0.3333,0.1,1042,
231,10496,-3.4,0.0,19.35,6,0.3333,0.3333,0.1,1042,
232,10560,-3.5,0.0,2.7,1,0.0,0.0,0.1,1050,
233,10624,-2.5,0.0,28.57,4,0.0,0.25,0.1,1059,
234,10624,-4.8,0.0,7.89,3,0.3333,0.3333,0.1,1059,
235,10688,-2.3,0.0,6.67,1,0.0,0.0,0.1,1073,
236,10752,-5.3,0.0,5.88,3,0.0,0.3333,0.1,1082,
237,10816,-5.6,0.0,11.76,6,0.3333,0.5,0.1,1086,
238,10880,-5.5,0.0,9.8,5,0.0,0.0,0.1,1094,
239,11008,-2.8,0.0,5.0,1,0.0,0.0,0.1,1106,
240,11008,-4.3,0.0,5.88,3,0.3333,0.6667,0.1,1106,
241,11072,-5.5,0.0,9.8,5,0.0,0.6,0.1,1113,
242,11072,-5.2,0.0,12.5,5,0.2,0.4,0.1,1113,
243,11200,9.6,1.0,4.17,1,1.0,1.0,0.1,1125,
244,11200,-5.8,0.0,15.69,8,0.125,0.5,0.1,1125,
245,11264,-5.2,0.0,3.92,2,0.5,1.0,0.1,1129,
246,11264,-2.3,0.0,14.29,2,0.0,0.0,0.1,1129,
247,11328,-2.5,0.0,12.5,2,0.0,0.0,0.1,1134,
248,11392,-5.1,0.0,1.96,1,0.0,1.0,0.1,1142,
249,11392,-4.7,0.0,11.11,4,0.25,0.25,0.1,1142,
250,11392,-3.6,0.0,11.54,3,0.0,0.3333,0.1,1142,
251,11456,-5.1,0.0,1.96,1,0.0,0.0,0.1,1148,
252,11520,-5.4,0.0,7.84,4,0.25,0.25,0.1,1150,
253,11520,8.6,1.0,25.0,7,0.2857,0.4286,0.1,1150,
254,11520,-5.7,0.0,13.73,7,0.1429,0.1429,0.1,1150,
255,11520,-4.5,0.0,9.8,5,0.0,0.6,0.1,1150,
256,11584,10.0,1.0,5.0,1,0.0,0.0,0.1,1153,
257,11648,-5.8,0.0,15.69,8,0.375,0.5,0.1,1160,
258,11648,6.4,1.0,18.75,9,0.1111,0.6667,0.1,1160,
259,11712,-4.4,0.0,7.84,4,0.0,0.5,0.1,1165,
260,11712,-3.4,0.0,3.85,1,0.0,0.0,0.1,1165,
261,11712,-2.9,0.0,3.23,1,0.0,0.0,0.1,1165,
262,11840,-5.4,0.0,7.84,4,0.0,0.5,0.1,1180,
263,11840,-5.3,0.0,5.88,3,0.3333,0.0,0.1,1180,
264,11904,-4.8,0.0,7.89,3,0.0,0.0,0.1,1188,
265,11904,-2.9,0.0,10.0,2,0.0,0.5,0.1,1188,
266,11968,-4.7,0.0,13.73,7,0.4286,0.4286,0.1,1195,
267,11968,-1.4,0.0,16.67,1,0.0,0.0,0.1,1195,
268,12032,-3.3,0.0,8.33,2,0.0,0.5,0.1,1203,
269,12096,-4.2,0.0,3.92,2,0.0,1.0,0.1,1212,
270,12096,-2.6,0.0,11.76,2,0.0,0.5,0.1,1212,
271,12096,-2.8,0.0,10.71,3,0.0,0.6667,0.1,1212,
272,12224,-5.9,0.0,6.12,3,0.0,0.0,0.1,1228,
273,12224,-5.4,0.0,7.84,4,0.25,0.75,0.1,1228,
274,12352,-5.3,0.0,5.88,3,0.3333,0.6667,0.1,1246,
275,12352,-5.7,0.0,13.73,7,0.1429,0.2857,0.1,1246,
276,12352,-2.4,0.0,13.33,2,0.0,0.0,0.1,1246,
277,12416,-5.4,0.0,11.9,5,0.2,0.0,0.1,1252,
278,12416,-4.4,0.0,8.82,3,0.3333,0.0,0.1,1252,
279,12480,-4.6,0.0,11.76,6,0.3333,0.8333,0.1,1258,
280,12480,6.6,1.0,17.02,8,0.125,0.5,0.1,1258,
281,12480,-1.5,0.0,14.29,1,0.0,0.0,0.1,1258,
282,12480,-5.3,0.0,5.88,3,0.6667,0.3333,0.1,1258,
283,12480,-2.6,0.0,11.76,2,0.0,0.5,0.1,1258,
284,12544,-4.2,0.0,9.38,3,0.3333,0.3333,0.1,1270,
285,12544,-3.1,0.0,4.35,1,0.0,0.0,0.1,1270,
286,12608,-4.3,0.0,5.88,3,0.0,0.6667,0.1,1277,
287,12672,-4.4,0.0,7.84,4,0.25,0.75,0.1,1282,
288,12672,10.0,1.0,16.67,3,0.0,0.6667,0.1,1282,
289,12672,-4.1,0.0,1.96,1,0.0,0.0,0.1,1282,
290,12736,-5.4,0.0,7.84,4,0.25,0.5,0.1,1290,
291,12736,6.7,1.0,14.89,7,0.1429,0.4286,0.1,1290,
292,12800,-5.7,0.0,13.73,7,0.4286,0.5714,0.1,1297,
293,12800,10.7,1.0,27.27,3,0.0,1.0,0.1,1297,
294,12864,-4.3,0.0,5.88,2,0.0,0.0,0.1,1305,
295,12864,-1.5,0.0,14.29,1,0.0,0.0,0.1,1305,
296,12928,-5.7,0.0,13.73,7,0.1429,0.7143,0.1,1308,
297,12992,-5.9,0.0,17.65,9,0.3333,0.5556,0.1,1311,
298,12992,-5.6,0.0,11.76,6,0.0,0.3333,0.1,1311,
299,12992,-4.6,0.0,11.76,6,0.1667,0.6667,0.1,1311,
300,12992,-5.6,0.0,11.76,6,0.0,0.1667,0.1,1311,
301,13056,-2.2,0.0,15.38,2,0.0,0.0,0.1,1315,
302,13184,-5.4,0.0,7.84,4,0.5,0.75,0.1,1325,
303,13248,-6.0,0.0,19.61,10,0.0,0.5,0.1,1327,
304,13312,-5.5,0.0,9.8,5,0.2,0.4,0.1,1332,
305,13376,-0.6,0.0,12.5,1,0.0,0.0,0.1,1340,
306,13376,-6.0,0.0,19.61,10,0.3,0.5,0.1,1340,
307,13440,-1.8,0.0,10.0,1,0.0,0.0,0.1,1350,
308,13440,-4.3,0.0,5.88,3,0.0,1.0,0.1,1350,
309,13568,-5.5,0.0,9.8,5,0.4,0.8,0.1,1361,
310,13568,-3.7,0.0,3.45,1,0.0,0.0,0.1,1361,
311,13568,-2.9,0.0,15.79,3,0.0,0.0,0.1,1361,
312,13632,-3.0,0.0,4.55,1,0.0,0.0,0.1,1369,
313,13632,-2.2,0.0,7.14,1,0.0,0.0,0.1,1369,
314,13760,-1.7,0.0,11.11,1,0.0,0.0,0.1,1380,
315,13824,-4.2,0.0,3.92,2,0.0,1.0,0.1,1391,
316,13888,-4.4,0.0,23.33,7,0.0,0.2857,0.1,1395,
317,13888,-3.1,0.0,21.43,6,0.1667,0.1667,0.1,1395,
318,13888,-5.4,0.0,7.84,4,0.5,0.75,0.1,1395,
319,14016,-5.4,0.0,7.84,4,0.0,0.5,0.1,1402,
320,14016,-3.6,0.0,11.54,3,0.0,0.3333,0.1,1402,
321,14080,-3.8,0.0,20.59,7,0.0,0.5714,0.1,1406,
322,14080,-4.6,0.0,11.76,6,0.0,0.5,0.1,1406,
323,14144,-4.4,0.0,7.84,4,0.0,0.5,0.1,1410,
324,14144,-2.2,0.0,4.17,1,0.0,0.0,0.1,1410,
325,14272,-4.5,0.0,9.8,5,0.0,0.8,0.1,1419,
326,14336,-5.2,0.0,15.38,6,0.1667,0.0,0.1,1427,
327,14336,-5.4,0.0,7.84,4,0.25,0.25,0.1,1427,
328,14336,-3.9,0.0,3.23,1,0.0,0.0,0.1,1427,
329,14336,7.1,1.0,13.64,6,0.1667,0.1667,0.1,1427,
330,14464,-5.5,0.0,9.8,5,0.0,0.2,0.1,1438,
331,14464,-4.6,0.0,11.76,6,0.1667,1.0,0.1,1438,
332,14528,-5.9,0.0,17.65,9,0.3333,0.3333,0.1,1444,
333,14528,-4.5,0.0,9.8,5,0.2,0.2,0.1,1444,
334,14592,-5.6,0.0,11.76,6,0.3333,0.5,0.1,1450,
335,14592,-4.5,0.0,6.67,3,0.0,0.0,0.1,1450,
336,14656,-4.7,0.0,13.73,7,0.2857,0.4286,0.1,1454,
337,14656,-2.1,0.0,16.67,2,0.0,0.5,0.1,1454,
338,14720,-5.7,0.0,13.73,7,0.0,0.5714,0.1,1460,
339,14720,-2.8,0.0,5.0,1,0.0,0.0,0.1,1460,
340,14784,-5.5,0.0,9.8,5,0.0,0.2,0.1,1464,
341,14784,-4.2,0.0,3.92,2,0.0,0.5,0.1,1464,
342,14848,-5.1,0.0,2.33,1,0.0,0.0,0.1,1471,
343,14912,-5.2,0.0,3.92,2,0.0,0.0,0.1,1476,
344,14912,-5.5,0.0,9.8,5,0.0,0.4,0.1,1476,
345,14976,-5.2,0.0,3.92,2,0.0,1.0,0.1,1481,
346,15040,-3.8,0.0,5.13,2,0.0,0.5,0.1,1488,
347,15104,-4.2,0.0,3.92,2,0.0,0.5,0.1,1496,
348,15104,-2.2,0.0,15.38,2,0.0,0.0,0.1,1496,
349,15168,-5.4,0.0,7.84,4,0.75,0.75,0.1,1499,
350,15232,7.0,1.0,18.6,8,0.125,0.625,0.1,1505,
351,15232,-5.5,0.0,9.8,5,0.2,0.4,0.1,1505,
352,15296,-2.9,0.0,6.67,2,0.0,0.5,0.1,1510,
353,15296,-2.9,0.0,15.79,3,0.0,0.6667,0.1,1510,
354,15360,-1.9,0.0,10.0,2,0.0,0.5,0.1,1518,
355,15424,-5.9,0.0,15.56,7,0.0,0.2857,0.1,1523,
356,15616,-2.8,0.0,5.0,1,0.0,0.0,0.1,1549,
357,15680,-5.6,0.0,11.76,6,0.3333,0.5,0.1,1553,
358,15744,-5.7,0.0,13.73,7,0.1429,0.2857,0.1,1557,
359,15744,-4.8,0.0,15.69,8,0.5,0.5,0.1,1557,
360,15744,-5.1,0.0,1.96,1,0.0,1.0,0.1,1557,
361,15744,-5.2,0.0,3.92,2,0.0,0.5,0.1,1557,
362,15808,-3.1,0.0,4.35,1,0.0,0.0,0.1,1559,
363,15872,8.0,1.0,13.89,5,0.2,0.4,0.1,1565,
364,15936,-4.2,0.0,3.92,2,0.0,0.5,0.1,1574,
365,15936,-5.2,0.0,3.92,2,0.5,0.5,0.1,1574,
366,15936,-5.4,0.0,7.84,4,0.25,0.5,0.1,1574,
367,16000,-5.3,0.0,5.88,3,0.0,0.6667,0.1,1584,
368,16064,-4.9,0.0,17.65,9,0.3333,0.3333,0.1,1590,
369,16128,-5.3,0.0,5.88,3,0.0,0.0,0.1,1594,
370,16192,-5.1,0.0,1.96,1,0.0,0.0,0.1,1604,
371,16256,-4.5,0.0,9.8,5,0.2,0.4,0.1,1609,
372,16256,-5.5,0.0,9.8,5,0.2,0.2,0.1,1609,
373,16256,-5.4,0.0,7.84,4,0.25,0.5,0.1,1609,
374,16256,-5.4,0.0,7.84,4,0.0,0.0,0.1,1609,
375,16256,-3.6,0.0,3.57,1,0.0,0.0,0.1,1609,
376,16320,-4.4,0.0,7.84,4,0.0,0.25,0.1,1611,
377,16448,-4.2,0.0,20.69,6,0.0,0.5,0.1,1631,
378,16448,-3.6,0.0,3.57,1,0.0,0.0,0.1,1631,
379,16512,-5.6,0.0,11.76,6,0.0,0.6667,0.1,1641,
380,16576,-5.6,0.0,11.76,6,0.0,0.5,0.1,1647,
381,16640,-4.4,0.0,7.84,4,0.0,0.25,0.1,1653,
382,16704,-4.6,0.0,11.76,6,0.0,0.5,0.1,1659,
383,16768,-4.1,0.0,9.68,3,0.3333,0.3333,0.1,1668,
384,16768,-1.6,0.0,12.5,1,0.0,0.0,0.1,1668,
385,16832,-5.3,0.0,5.88,3,0.0,0.3333,0.1,1675,
386,16832,-5.5,0.0,9.8,5,0.0,0.8,0.1,1675,
387,16832,-1.8,0.0,10.0,1,0.0,0.0,0.1,1675,
388,16896,-4.3,0.0,5.88,3,0.0,0.6667,0.1,1686,
389,16896,-4.4,0.0,7.84,4,0.25,0.75,0.1,1686,
390,16896,-1.8,0.0,10.0,1,0.0,0.0,0.1,1686,
391,16896,-3.2,0.0,4.17,1,0.0,0.0,0.1,1686,
392,16896,-2.0,0.0,8.33,1,0.0,0.0,0.1,1686,
393,16960,-2.7,0.0,5.26,1,0.0,0.0,0.1,1694,
394,16960,-5.0,0.0,10.42,5,0.2,0.4,0.1,1694,
395,17024,-4.2,0.0,6.06,2,0.0,0.0,0.1,1702,
396,17024,-4.6,0.0,11.76,6,0.0,0.6667,0.1,1702,
397,17024,-5.3,0.0,9.52,4,0.25,0.5,0.1,1702,
398,17088,-5.6,0.0,11.76,6,0.1667,0.3333,0.1,1707,
399,17088,-4.2,0.0,9.38,3,0.3333,0.0,0.1,1707,
400,17152,-4.6,0.0,11.76,6,0.1667,0.6667,0.1,1714,
401,17280,7.0,1.0,4.08,2,0.0,0.5,0.1,1732,
402,17280,-5.6,0.0,11.76,6,0.1667,0.5,0.1,1732,
403,17280,-5.3,0.0,5.88,3,0.0,0.0,0.1,1732,
404,17344,-4.1,0.0,13.33,4,0.25,0.5,0.1,1744,
405,17344,-4.2,0.0,7.14,3,0.3333,0.0,0.1,1744,
406,17408,-3.4,0.0,12.5,3,0.0,0.3333,0.1,1755,
407,17408,-4.5,0.0,9.8,5,0.4,0.8,0.1,1755,
408,17408,10.5,1.0,23.08,3,0.0,1.0,0.1,1755,
409,17600,-2.9,0.0,10.34,3,0.3333,0.0,0.1,1783,
410,17600,-5.2,0.0,3.92,2,0.5,0.5,0.1,1783,
411,17664,7.1,1.0,19.05,8,0.0,0.625,0.1,1792,
412,17728,-5.6,0.0,11.76,6,0.0,0.3333,0.1,1801,
413,17728,-2.7,0.0,7.14,2,0.0,0.5,0.1,1801,
414,17792,-4.8,0.0,15.69,8,0.375,0.5,0.1,1804,
415,17792,-5.6,0.0,11.76,6,0.0,0.1667,0.1,1804,
416,17856,-6.3,0.0,14.29,7,0.0,0.7143,0.1,1808,
417,17856,-5.4,0.0,7.84,4,0.5,1.0,0.1,1808,
418,17920,-4.7,0.0,17.65,6,0.0,0.3333,0.1,1815,
419,17984,-5.8,0.0,15.69,8,0.125,0.5,0.1,1822,
420,17984,7.1,1.0,16.28,7,0.0,0.2857,0.1,1822,
421,17984,6.6,1.0,10.0,5,0.2,0.6,0.1,1822,
422,18048,-1.9,0.0,9.09,1,0.0,0.0,0.1,1831,
423,18048,-4.1,0.0,6.25,2,0.0,0.0,0.1,1831,
424,18112,-6.1,0.0,14.89,7,0.0,0.4286,0.1,1840,
425,18112,-6.2,0.0,7.84,4,0.0,0.5,0.1,1840,
426,18112,-0.9,0.0,9.09,1,0.0,0.0,0.1,1840,
427,18176,-2.1,0.0,4.35,1,0.0,0.0,0.1,1851,
428,18176,-1.7,0.0,25.0,2,0.0,0.5,0.1,1851,
429,18176,-5.4,0.0,7.84,4,0.0,0.75,0.1,1851,
430,18176,-6.6,0.0,25.53,12,0.0833,0.5,0.1,1851,
431,18368,-5.5,0.0,9.8,5,0.2,0.4,0.1,1868,
432,18496,-6.0,0.0,19.61,10,0.2,0.5,0.1,1886,
433,18560,-5.3,0.0,5.88,3,0.0,0.3333,0.1,1894,
434,18560,-5.4,0.0,7.84,4,0.0,0.25,0.1,1894,
435,18560,-3.9,0.0,14.29,4,0.0,0.5,0.1,1894,
436,18688,9.4,1.0,22.73,5,0.4,0.6,0.1,1904,
437,18688,-3.6,0.0,16.0,4,0.0,0.75,0.1,1904,
438,18816,-2.5,0.0,12.5,2,0.0,0.5,0.1,1916,
439,18816,-1.8,0.0,10.0,1,0.0,0.0,0.1,1916,
440,18816,-4.9,0.0,7.69,3,0.3333,0.0,0.1,1916,
441,18880,-4.7,0.0,13.73,7,0.0,0.7143,0.1,1922,
442,18944,-2.1,0.0,7.69,1,0.0,0.0,0.1,1933,
443,18944,-5.6,0.0,11.76,6,0.1667,0.6667,0.1,1933,
444,18944,-4.2,0.0,6.06,2,0.0,0.0,0.1,1933,
445,19008,-5.8,0.0,15.69,8,0.0,0.5,0.1,1944,
446,19072,-5.7,0.0,13.73,7,0.1429,0.4286,0.1,1957,
447,19200,-4.7,0.0,14.29,5,0.6,0.4,0.1,1984,
448,19200,-3.8,0.0,17.14,6,0.0,0.1667,0.1,1984,
449,19200,-5.5,0.0,9.8,5,0.2,0.8,0.1,1984,
450,19200,-4.5,0.0,9.8,5,0.0,0.4,0.1,1984,
451,19264,11.1,1.0,42.86,3,0.0,0.6667,0.1,1990,
452,19328,-5.5,0.0,9.8,5,0.2,0.4,0.1,1999,
453,19392,-4.8,0.0,5.13,2,0.0,0.5,0.1,2006,
454,19520,-4.6,0.0,11.76,6,0.0,0.6667,0.1,2017,
455,19520,-5.7,0.0,13.73,7,0.0,0.4286,0.1,2017,
456,19520,-6.2,0.0,23.53,12,0.25,0.5,0.1,2017,
457,19520,-6.0,0.0,10.42,5,0.2,0.2,0.1,2017,
458,19584,-4.8,0.0,13.89,5,0.0,0.4,0.1,2029,
459,19648,-5.8,0.0,18.6,8,0.125,0.25,0.1,2033,
460,19712,-4.6,0.0,11.76,6,0.0,0.6667,0.1,2038,
461,19712,-4.5,0.0,5.56,2,0.5,0.0,0.1,2038,
462,19776,-2.3,0.0,6.67,1,0.0,0.0,0.1,2045,
463,19776,8.7,1.0,17.24,5,0.4,0.8,0.1,2045,
464,19776,-3.8,0.0,10.71,3,0.3333,0.3333,0.1,2045,
465,19776,-4.8,0.0,15.69,8,0.0,0.5,0.1,2045,
466,19904,-5.5,0.0,9.8,5,0.6,0.6,0.1,2061,
467,19968,-1.1,0.0,33.33,1,0.0,0.0,0.1,2068,
468,19968,-5.3,0.0,12.2,5,0.0,0.2,0.1,2068,
469,20032,-5.6,0.0,11.76,6,0.0,0.3333,0.1,2072,
470,20032,-6.2,0.0,17.02,8,0.125,0.25,0.1,2072,
471,20032,8.7,1.0,13.33,4,0.0,1.0,0.1,2072,
472,20096,-4.4,0.0,7.84,4,0.25,0.5,0.1,2080,
473,20096,-5.8,0.0,15.69,8,0.25,0.75,0.1,2080,
474,20096,-4.1,0.0,6.25,2,0.0,0.5,0.1,2080,
475,20096,8.1,1.0,8.11,3,0.0,0.6667,0.1,2080,
476,20096,9.4,1.0,8.0,2,0.0,1.0,0.1,2080,
477,20096,-5.9,0.0,8.33,4,0.0,0.75,0.1,2080,
478,20160,-2.6,0.0,26.67,4,0.25,0.5,0.1,2092,
479,20160,-4.9,0.0,17.65,9,0.1111,0.4444,0.1,2092,
480,20160,-5.5,0.0,9.8,5,0.0,0.2,0.1,2092,
481,20160,-4.6,0.0,11.76,6,0.1667,0.3333,0.1,2092,
482,20288,-5.3,0.0,5.88,3,0.0,0.6667,0.1,2105,
483,20352,-5.3,0.0,5.88,3,0.0,1.0,0.1,2113,
484,20352,-2.7,0.0,11.11,2,0.5,0.5,0.1,2113,
485,20416,-4.8,0.0,15.69,8,0.25,0.5,0.1,2122,
486,20416,-4.2,0.0,7.14,3,0.0,0.3333,0.1,2122,
487,20480,10.0,1.0,23.53,4,0.25,0.75,0.1,2130,
488,20544,-4.8,0.0,15.69,8,0.125,0.375,0.1,2136,
489,20544,-3.4,0.0,8.0,2,0.0,0.0,0.1,2136,
490,20672,-5.7,0.0,13.73,7,0.1429,0.4286,0.1,2153,
491,20800,-2.7,0.0,11.11,2,0.0,0.5,0.1,2173,
492,20864,-5.6,0.0,11.76,6,0.1667,0.5,0.1,2183,
493,20864,-6.0,0.0,19.61,10,0.3,0.3,0.1,2183,
494,20864,-1.7,0.0,17.65,3,0.3333,0.3333,0.1,2183,
495,21056,-5.7,0.0,13.73,7,0.0,0.5714,0.1,2208,
496,21120,-5.7,0.0,13.73,7,0.2857,0.1429,0.1,2213,
497,21120,-4.7,0.0,13.73,7,0.0,0.5714,0.1,2213,
498,21184,-2.5,0.0,12.5,2,0.0,0.0,0.1,2221,
499,21184,6.7,1.0,12.5,6,0.0,0.5,0.1,2221,
500,21184,-2.2,0.0,7.14,1,0.0,0.0,0.1,2221,
501,21248,-5.8,0.0,15.69,8,0.25,0.375,0.1,2231,
502,21248,-5.2,0.0,3.92,2,0.0,0.0,0.1,2231,
503,21312,-6.1,0.0,21.57,11,0.0,0.6364,0.1,2234,
504,21376,7.2,1.0,16.67,7,0.1429,0.7143,0.1,2237,
505,21440,-4.5,0.0,9.8,5,0.0,0.2,0.1,2246,
506,21440,-4.5,0.0,8.57,3,0.0,0.0,0.1,2246,
507,21440,-4.4,0.0,7.84,4,0.0,0.0,0.1,2246,
508,21440,-4.6,0.0,11.76,6,0.0,0.6667,0.1,2246,
509,21504,8.1,1.0,29.03,9,0.1111,0.5556,0.1,2256,
510,21632,7.3,1.0,14.29,6,0.1667,0.6667,0.1,2272,
511,21632,-5.6,0.0,11.76,6,0.0,0.6667,0.1,2272,
512,21696,-2.7,0.0,7.14,2,0.0,0.0,0.1,2274,
513,21760,-2.7,0.0,5.26,1,0.0,0.0,0.1,2282,
514,21824,-5.8,0.0,15.69,8,0.25,0.5,0.1,2288,
515,21824,-5.6,0.0,11.76,6,0.0,0.6667,0.1,2288,
516,21824,-6.3,0.0,14.29,7,0.1429,0.4286,0.1,2288,
517,21824,-5.6,0.0,11.76,6,0.1667,0.5,0.1,2288,
518,21888,-4.5,0.0,11.76,4,0.0,0.75,0.1,2295,
519,21888,-3.0,0.0,10.0,3,0.0,0.3333,0.1,2295,
520,21952,-4.3,0.0,28.57,8,0.125,0.375,0.1,2303,
521,22016,-2.8,0.0,16.67,3,0.0,0.0,0.1,2314,
522,22080,-6.0,0.0,6.0,3,0.0,0.6667,0.1,2325,
523,22080,-4.8,0.0,15.69,8,0.0,0.5,0.1,2325,
524,22144,-0.6,0.0,12.5,1,0.0,0.0,0.1,2326,
525,22208,-5.3,0.0,5.88,3,0.3333,0.3333,0.1,2334,
526,22272,-5.8,0.0,15.69,8,0.125,0.75,0.1,2347,
527,22272,7.5,1.0,6.98,3,0.0,1.0,0.1,2347,
528,22336,-5.0,0.0,19.61,10,0.1,0.6,0.1,2355,
529,22464,-5.7,0.0,13.73,7,0.1429,0.5714,0.1,2372,
530,22528,-5.5,0.0,9.8,5,0.0,0.2,0.1,2382,
531,22592,-4.9,0.0,8.33,4,0.0,0.5,0.1,2388,
532,22592,-5.5,0.0,9.8,5,0.0,1.0,0.1,2388,
533,22656,-5.9,0.0,13.04,6,0.1667,0.1667,0.1,2395,
534,22720,-1.4,0.0,6.25,1,0.0,0.0,0.1,2404,
535,22784,-5.3,0.0,5.88,3,0.3333,0.6667,0.1,2412,
536,22848,-4.8,0.0,15.69,8,0.375,0.5,0.1,2421,
537,22848,-4.5,0.0,6.67,3,0.0,0.0,0.1,2421,
538,22912,-2.4,0.0,6.25,1,0.0,0.0,0.1,2427,
539,23040,-5.1,0.0,14.89,7,0.0,0.5714,0.1,2451,
540,23040,-6.2,0.0,7.84,4,0.0,0.25,0.1,2451,
541,23040,-1.1,0.0,7.69,1,0.0,0.0,0.1,2451,
542,23040,-4.5,0.0,9.8,5,0.2,0.8,0.1,2451,
543,23168,10.2,1.0,11.76,2,0.0,1.0,0.1,2465,
544,23168,-2.8,0.0,10.53,2,0.5,0.5,0.1,2465,
545,23296,-3.2,0.0,8.7,2,0.0,0.0,0.1,2481,
546,23296,-5.6,0.0,11.76,6,0.3333,0.3333,0.1,2481,
547,23296,-5.4,0.0,7.84,4,0.25,0.75,0.1,2481,
548,23296,-4.1,0.0,17.24,5,0.0,0.2,0.1,2481,
549,23360,-5.7,0.0,13.73,7,0.0,0.5714,0.1,2489,
550,23360,-5.7,0.0,13.73,7,0.0,0.4286,0.1,2489,
551,23360,-5.0,0.0,19.61,10,0.2,0.8,0.1,2489,
552,23360,-5.0,0.0,19.61,10,0.3,0.5,0.1,2489,
553,23360,-5.0,0.0,19.61,10,0.2,0.4,0.1,2489,
554,23360,-4.7,0.0,13.73,7,0.1429,0.5714,0.1,2489,
555,23424,-2.5,0.0,5.88,1,0.0,0.0,0.1,2498,
556,23424,-5.7,0.0,13.73,7,0.1429,0.1429,0.1,2498,
557,23424,-5.0,0.0,7.5,3,0.3333,0.3333,0.1,2498,
558,23424,-5.7,0.0,13.73,7,0.2857,0.2857,0.1,2498,
559,23424,-2.3,0.0,6.67,1,0.0,0.0,0.1,2498,
560,23552,-6.1,0.0,10.2,5,0.0,0.4,0.1,2517,
561,23552,-5.6,0.0,13.95,6,0.0,0.5,0.1,2517,
562,23616,-4.6,0.0,11.76,6,0.0,0.6667,0.1,2530,
563,23616,-5.5,0.0,9.8,5,0.0,0.4,0.1,2530,
564,23680,-5.7,0.0,13.73,7,0.0,0.5714,0.1,2537,
565,23744,-5.6,0.0,11.76,6,0.0,0.3333,0.1,2542,
566,23808,-5.4,0.0,7.84,4,0.25,0.75,0.1,2548,
567,23872,-3.1,0.0,6.25,2,0.0,0.0,0.1,2559,
568,23936,-5.6,0.0,11.76,6,0.1667,0.1667,0.1,2570,
569,23936,-4.1,0.0,15.79,6,0.3333,0.5,0.1,2570,
570,23936,7.2,1.0,16.67,7,0.1429,0.7143,0.1,2570,
571,24000,-3.0,0.0,4.55,1,0.0,0.0,0.1,2574,
572,24064,-2.1,0.0,9.09,2,0.0,0.0,0.1,2582,
573,24128,-5.7,0.0,13.73,7,0.0,0.7143,0.1,2589,
574,24192,-3.5,0.0,21.74,5,0.0,0.4,0.1,2598,
575,24320,-5.4,0.0,7.84,4,0.0,0.75,0.1,2609,
576,24384,-4.9,0.0,17.65,9,0.1111,0.3333,0.1,2615,
577,24384,-5.3,0.0,5.88,3,0.0,0.0,0.1,2615,
578,24448,-5.2,0.0,3.92,2,0.0,0.5,0.1,2620,
579,24448,-5.5,0.0,9.8,5,0.0,0.4,0.1,2620,
580,24448,-4.9,0.0,17.65,9,0.3333,0.7778,0.1,2620,
581,24448,-6.5,0.0,18.37,9,0.3333,0.4444,0.1,2620,
582,24512,11.6,1.0,0.0,0,,,0.1,2627,
583,24512,-6.0,0.0,19.61,10,0.0,0.6,0.1,2627,
584,24512,-5.2,0.0,15.38,6,0.1667,0.5,0.1,2627,
585,24576,-3.5,0.0,7.69,2,0.0,0.0,0.1,2633,
586,24640,-5.4,0.0,7.84,4,0.25,0.5,0.1,2641,
587,24704,-5.4,0.0,7.84,4,0.25,0.25,0.1,2647,
588,24704,-3.1,0.0,14.29,3,0.3333,0.0,0.1,2647,
589,24704,-4.5,0.0,9.09,4,0.0,0.5,0.1,2647,
590,24704,-4.4,0.0,7.84,4,0.0,0.5,0.1,2647,
591,24704,-5.5,0.0,9.8,5,0.0,0.8,0.1,2647,
592,24704,-2.9,0.0,10.0,2,0.0,0.0,0.1,2647,
593,24704,-2.8,0.0,16.67,3,0.0,0.3333,0.1,2647,
594,24768,-3.3,0.0,4.0,1,0.0,0.0,0.1,2654,
595,24768,6.6,1.0,12.24,6,0.1667,0.6667,0.1,2654,
596,24768,-1.2,0.0,25.0,1,0.0,0.0,0.1,2654,
597,24832,-5.3,0.0,9.52,4,0.0,0.5,0.1,2661,
598,24896,10.4,1.0,13.33,2,0.0,1.0,0.1,2668,
599,25024,9.5,1.0,4.0,1,0.0,0.0,0.1,2680,
600,25024,-4.3,0.0,5.88,3,0.0,0.6667,0.1,2680,
601,25024,-3.5,0.0,3.7,1,0.0,0.0,0.1,2680,
602,25024,-1.4,0.0,16.67,1,0.0,0.0,0.1,2680,
603,25088,-6.0,0.0,19.61,10,0.1,0.4,0.1,2687,
604,25088,-5.0,0.0,19.61,10,0.1,0.6,0.1,2687,
605,25088,-1.4,0.0,16.67,1,0.0,0.0,0.1,2687,
606,25152,-1.0,0.0,8.33,1,0.0,0.0,0.1,2694,
607,25216,8.7,1.0,21.43,6,0.1667,0.5,0.1,2706,
608,25344,-5.3,0.0,5.88,3,0.0,0.3333,0.1,2720,
609,25344,-3.3,0.0,5.88,2,0.0,0.5,0.1,2720,
610,25344,-4.6,0.0,8.33,3,0.0,0.3333,0.1,2720,
611,25408,-2.1,0.0,40.0,4,0.0,0.25,0.1,2729,
612,25472,-3.9,0.0,10.53,4,0.0,0.75,0.1,2735,
613,25536,-6.1,0.0,21.57,11,0.0909,0.6364,0.1,2740,
614,25536,-4.3,0.0,5.88,3,0.0,0.3333,0.1,2740,
615,25600,-2.3,0.0,8.33,2,0.5,0.0,0.1,2744,
616,25600,-2.4,0.0,30.77,4,0.0,0.5,0.1,2744,
617,25728,-4.2,0.0,6.06,2,0.0,0.5,0.1,2756,
618,25792,-5.5,0.0,9.8,5,0.0,0.6,0.1,2759,
619,25856,-5.0,0.0,19.61,10,0.2,0.6,0.1,2771,
620,25920,-3.5,0.0,12.0,3,0.0,0.0,0.1,2780,
621,26048,-6.0,0.0,19.61,10,0.0,0.5,0.1,2797,
622,26048,-5.5,0.0,11.63,5,0.0,0.0,0.1,2797,
623,26112,-5.5,0.0,9.8,5,0.4,0.8,0.1,2801,
624,26112,-4.6,0.0,11.76,6,0.1667,0.1667,0.1,2801,
625,26176,-1.9,0.0,20.0,2,0.0,0.5,0.1,2814,
626,26176,-4.0,0.0,17.86,5,0.0,0.6,0.1,2814,
627,26304,-3.3,0.0,4.0,1,0.0,0.0,0.1,2830,
628,26304,-4.9,0.0,17.65,9,0.1111,0.2222,0.1,2830,
629,26304,-5.6,0.0,11.76,6,0.0,0.3333,0.1,2830,
630,26368,-3.1,0.0,14.29,3,0.0,0.3333,0.1,2839,
631,26368,-3.6,0.0,11.54,3,0.0,0.0,0.1,2839,
632,26496,11.4,1.0,16.67,1,0.0,1.0,0.1,2863,
633,26560,-5.7,0.0,13.73,7,0.1429,0.2857,0.1,2868,
634,26560,-1.6,0.0,12.5,1,0.0,0.0,0.1,2868,
635,26560,-5.5,0.0,9.8,5,0.0,0.8,0.1,2868,
636,26624,-4.5,0.0,9.8,5,0.0,0.6,0.1,2875,
637,26624,-5.8,0.0,15.69,8,0.125,0.25,0.1,2875,
638,26624,-5.8,0.0,15.69,8,0.0,0.375,0.1,2875,
639,26624,10.3,1.0,12.5,2,0.0,1.0,0.1,2875,
640,26624,-4.6,0.0,11.76,6,0.0,0.5,0.1,2875,
641,26624,-5.3,0.0,5.88,3,0.3333,0.6667,0.1,2875,
642,26688,-5.6,0.0,11.76,6,0.0,0.5,0.1,2882,
643,26688,-2.9,0.0,4.76,1,0.0,0.0,0.1,2882,
644,26688,-4.8,0.0,15.69,8,0.0,0.75,0.1,2882,
645,26816,-5.7,0.0,13.73,7,0.0,0.2857,0.1,2891,
646,26880,-4.6,0.0,11.76,6,0.0,0.3333,0.1,2898,
647,26880,-0.9,0.0,9.09,1,0.0,0.0,0.1,2898,
648,26944,-6.4,0.0,21.28,10,0.1,0.3,0.1,2907,
649,26944,-5.6,0.0,11.76,6,0.0,0.8333,0.1,2907,
650,27008,-4.9,0.0,17.65,9,0.3333,0.5556,0.1,2912,
651,27072,-5.7,0.0,13.73,7,0.1429,0.8571,0.1,2915,
652,27136,-4.2,0.0,9.38,3,0.0,0.3333,0.1,2920,
653,27136,-5.7,0.0,13.73,7,0.2857,0.2857,0.1,2920,
654,27200,-6.0,0.0,3.92,2,0.0,0.5,0.1,2930,
655,27200,-3.4,0.0,8.82,3,0.0,0.3333,0.1,2930,
656,27200,-2.4,0.0,6.25,1,0.0,0.0,0.1,2930,
657,27200,-3.7,0.0,2.56,1,0.0,0.0,0.1,2930,
658,27200,9.5,1.0,18.18,4,0.0,0.5,0.1,2930,
659,27264,-5.8,0.0,15.69,8,0.125,0.5,0.1,2935,
660,27328,-2.0,0.0,8.33,1,0.0,0.0,0.1,2946,
661,27392,-5.8,0.0,15.69,8,0.0,0.125,0.1,2948,
662,27520,-3.3,0.0,13.04,3,0.0,0.6667,0.1,2962,
663,27520,-2.6,0.0,5.56,1,0.0,0.0,0.1,2962,
664,27584,-4.7,0.0,14.29,5,0.0,0.2,0.1,2969,
665,27648,-1.5,0.0,14.29,1,0.0,0.0,0.1,2982,
666,27648,-6.0,0.0,8.16,4,0.25,0.25,0.1,2982,
667,27712,-4.6,0.0,11.76,6,0.3333,0.3333,0.1,2989,
668,27712,-4.9,0.0,5.0,2,0.0,0.0,0.1,2989,
669,27712,-5.2,0.0,3.92,2,1.0,1.0,0.1,2989,
670,27712,-4.7,0.0,13.73,7,0.2857,0.7143,0.1,2989,
671,27712,-5.4,0.0,7.84,4,0.0,0.5,0.1,2989,
672,27776,-5.2,0.0,3.92,2,0.0,0.5,0.1,3000,
673,27840,-5.2,0.0,3.92,2,0.0,1.0,0.1,3004,
674,27904,7.5,1.0,15.0,6,0.0,0.5,0.1,3011,
675,27904,10.9,1.0,20.0,2,0.5,0.5,0.1,3011,
676,27968,-5.4,0.0,7.84,4,0.0,0.5,0.1,3014,
677,27968,-5.6,0.0,11.76,6,0.5,0.5,0.1,3014,
678,27968,-5.5,0.0,9.8,5,0.0,0.6,0.1,3014,
679,28032,-4.6,0.0,11.76,6,0.3333,1.0,0.1,3017,
680,28096,-4.4,0.0,7.84,4,0.0,0.25,0.1,3022,
681,28160,-1.5,0.0,14.29,1,0.0,0.0,0.1,3027,
682,28160,-5.2,0.0,3.92,2,0.0,0.5,0.1,3027,
683,28224,-5.4,0.0,6.82,3,0.0,0.3333,0.1,3032,
684,28288,-5.3,0.0,15.0,6,0.1667,0.0,0.1,3039,
685,28288,-5.4,0.0,7.84,4,0.0,0.25,0.1,3039,
686,28288,-5.3,0.0,5.88,3,0.0,0.3333,0.1,3039,
687,28352,-4.6,0.0,11.76,6,0.0,0.5,0.1,3051,
688,28352,-3.3,0.0,18.18,4,0.0,0.75,0.1,3051,
689,28352,-6.7,0.0,17.65,9,0.1111,0.3333,0.1,3051,
690,28416,-3.0,0.0,9.52,2,0.0,0.0,0.1,3056,
691,28480,-3.9,0.0,6.67,2,0.5,0.0,0.1,3062,
692,28480,-5.7,0.0,13.73,7,0.0,0.4286,0.1,3062,
693,28608,-3.2,0.0,25.0,5,0.0,0.4,0.1,3077,
694,28736,-5.7,0.0,13.73,7,0.5714,0.4286,0.1,3090,
695,28736,-2.2,0.0,15.38,2,0.0,0.0,0.1,3090,
696,28800,-5.2,0.0,23.53,12,0.25,0.5833,0.1,3098,
697,28864,-4.5,0.0,9.8,5,0.2,0.6,0.1,3103,
698,28992,-4.1,0.0,9.68,3,0.0,0.6667,0.1,3119,
699,29120,-5.6,0.0,13.95,6,0.0,0.3333,0.1,3131,
700,29120,-4.8,0.0,15.69,8,0.0,0.625,0.1,3131,
701,29184,-4.7,0.0,13.73,7,0.1429,0.5714,0.1,3142,
702,29184,-1.9,0.0,9.09,1,0.0,0.0,0.1,3142,
703,29184,-4.5,0.0,20.0,8,0.0,0.5,0.1,3142,
704,29312,-4.8,0.0,7.89,3,0.3333,0.3333,0.1,3155,
705,29376,-5.4,0.0,7.84,4,0.25,0.75,0.1,3163,
706,29440,-2.8,0.0,10.71,3,0.3333,0.3333,0.1,3172,
707,29568,-4.3,0.0,5.88,3,0.3333,0.6667,0.1,3182,
708,29568,-4.7,0.0,13.73,7,0.0,0.5714,0.1,3182,
709,29568,-5.4,0.0,7.84,4,0.25,0.5,0.1,3182,
710,29760,-5.1,0.0,1.96,1,0.0,1.0,0.1,3200,
711,29824,-5.3,0.0,5.88,3,0.3333,0.6667,0.1,3205,
712,29824,9.5,1.0,8.33,2,0.0,0.5,0.1,3205,
713,29824,-2.4,0.0,6.25,1,0.0,0.0,0.1,3205,
714,29888,-5.0,0.0,0.0,0,,,0.1,3208,
715,29888,-5.7,0.0,13.73,7,0.1429,0.7143,0.1,3208,
716,29888,-5.4,0.0,7.84,4,0.0,0.0,0.1,3208,
717,29888,-4.8,0.0,15.69,8,0.0,0.25,0.1,3208,
718,29888,-6.6,0.0,15.69,8,0.125,0.375,0.1,3208,
719,29952,-4.5,0.0,9.8,5,0.0,0.2,0.1,3217,
720,29952,-4.8,0.0,17.14,6,0.3333,0.1667,0.1,3217,
721,29952,-5.4,0.0,7.84,4,0.0,0.0,0.1,3217,
722,29952,-6.0,0.0,19.61,10,0.3,0.5,0.1,3217,
723,30016,-5.5,0.0,9.09,4,0.0,0.25,0.1,3224,
724,30080,-5.4,0.0,7.84,4,0.0,0.5,0.1,3230,
725,30144,-5.6,0.0,11.76,6,0.3333,0.1667,0.1,3238,
726,30208,-5.7,0.0,13.73,7,0.2857,0.2857,0.1,3245,
727,30208,8.4,1.0,15.62,5,0.0,0.6,0.1,3245,
728,30336,-3.5,0.0,12.0,3,0.0,0.3333,0.1,3260,
729,30336,-4.5,0.0,8.57,3,0.0,0.3333,0.1,3260,
730,30400,-3.0,0.0,15.0,3,0.0,0.3333,0.1,3271,
731,30400,-4.5,0.0,9.8,5,0.0,0.2,0.1,3271,
732,30400,-5.3,0.0,5.88,3,0.0,0.6667,0.1,3271,
733,30400,-3.5,0.0,27.27,6,0.1667,0.1667,0.1,3271,
734,30464,-4.8,0.0,15.69,8,0.125,0.5,0.1,3279,
735,30464,-3.2,0.0,2.94,1,0.0,0.0,0.1,3279,
736,30464,-5.3,0.0,5.88,3,0.0,0.6667,0.1,3279,
737,30464,-5.6,0.0,8.89,4,0.0,0.5,0.1,3279,
738,30464,-4.3,0.0,5.88,3,0.0,0.6667,0.1,3279,
739,30528,-5.7,0.0,11.11,5,0.2,0.2,0.1,3290,
740,30528,-3.0,0.0,9.52,2,0.0,0.5,0.1,3290,
741,30592,9.9,1.0,10.0,2,0.0,0.5,0.1,3299,
742,30656,-5.3,0.0,5.88,3,0.0,0.6667,0.1,3307,
743,30720,-4.3,0.0,6.98,3,0.0,0.3333,0.1,3318,
744,30720,-5.7,0.0,6.38,3,0.0,0.3333,0.1,3318,
745,30720,-4.7,0.0,8.11,3,0.0,0.6667,0.1,3318,
746,30720,-2.2,0.0,25.0,5,0.0,0.2,0.1,3318,
747,30720,-2.7,0.0,11.11,2,0.0,0.0,0.1,3318,
748,30784,-5.4,0.0,7.84,4,0.0,0.5,0.1,3328,
749,30784,-5.7,0.0,13.73,7,0.1429,0.2857,0.1,3328,
750,30784,11.0,1.0,22.22,2,0.0,1.0,0.1,3328,
751,30784,-4.6,0.0,5.41,2,0.5,0.0,0.1,3328,
752,30848,-2.2,0.0,15.38,2,0.0,0.0,0.1,3334,
753,30976,-4.3,0.0,5.88,3,0.0,1.0,0.1,3348,
754,30976,-5.7,0.0,13.73,7,0.1429,0.7143,0.1,3348,
755,31040,-5.6,0.0,11.76,6,0.0,0.3333,0.1,3361,
756,31104,-5.3,0.0,5.88,3,0.0,0.6667,0.1,3365,
757,31168,-5.7,0.0,13.73,7,0.1429,0.2857,0.1,3372,
758,31232,-5.4,0.0,7.84,4,0.0,0.75,0.1,3383,
759,31232,-5.2,0.0,17.02,8,0.25,0.5,0.1,3383,
760,31232,-1.8,0.0,22.22,2,0.0,0.5,0.1,3383,
761,31232,-5.7,0.0,13.73,7,0.1429,0.4286,0.1,3383,
762,31296,-3.4,0.0,12.5,3,0.3333,0.6667,0.1,3394,
763,31296,-5.8,0.0,15.69,8,0.0,0.375,0.1,3394,
764,31424,-5.9,0.0,17.65,9,0.1111,0.4444,0.1,3409,
765,31552,-5.6,0.0,11.76,6,0.0,0.6667,0.1,3419,
766,31616,-4.7,0.0,13.73,7,0.1429,0.5714,0.1,3426,
767,31616,-5.4,0.0,7.84,4,0.25,1.0,0.1,3426,
768,31744,-5.4,0.0,7.84,4,0.0,0.5,0.1,3436,
769,31872,-4.4,0.0,7.84,4,0.0,0.5,0.1,3450,
770,31936,-2.8,0.0,16.67,3,0.3333,0.3333,0.1,3457,
771,32000,-5.4,0.0,7.84,4,0.25,0.0,0.1,3460,
772,32000,-2.0,0.0,8.33,1,0.0,0.0,0.1,3460,
773,32064,-3.3,0.0,8.33,2,0.5,0.5,0.1,3468,
774,32064,-4.4,0.0,12.12,4,0.0,0.5,0.1,3468,
775,32128,-5.6,0.0,11.76,6,0.0,0.6667,0.1,3475,
776,32256,9.4,1.0,3.85,1,0.0,1.0,0.1,3496,
777,32320,-4.0,0.0,6.45,2,0.0,0.5,0.1,3506,
778,32320,-3.4,0.0,8.0,2,0.0,0.0,0.1,3506,
779,32384,-3.7,0.0,15.38,4,0.0,0.5,0.1,3518,
780,32384,-4.5,0.0,9.8,5,0.0,0.2,0.1,3518,
781,32448,-5.8,0.0,15.69,8,0.0,0.5,0.1,3527,
782,32448,-6.1,0.0,5.88,3,0.0,0.0,0.1,3527,
783,32512,-3.5,0.0,16.67,4,0.25,0.25,0.1,3534,
784,32512,-4.1,0.0,6.25,2,0.5,0.5,0.1,3534,
785,32576,-3.9,0.0,14.29,4,0.0,0.0,0.1,3540,
786,32576,7.8,1.0,10.26,4,0.0,0.5,0.1,3540,
787,32640,-5.0,0.0,19.61,10,0.2,0.6,0.1,3546,
788,32768,-2.7,0.0,5.26,1,0.0,0.0,0.1,3566,
789,32832,-5.7,0.0,17.65,9,0.2222,0.5556,0.1,3579,
790,32832,-5.6,0.0,11.76,6,0.1667,0.3333,0.1,3579,
791,32960,-5.4,0.0,9.3,4,0.25,0.25,0.1,3591,
792,33024,-6.4,0.0,16.33,8,0.125,0.625,0.1,3602,
793,33088,-5.8,0.0,15.69,8,0.125,0.25,0.1,3608,
794,33088,-5.4,0.0,7.84,4,0.5,0.75,0.1,3608,
795,33088,-5.0,0.0,26.19,11,0.0909,0.4545,0.1,3608,
796,33088,-4.5,0.0,9.8,5,0.2,0.2,0.1,3608,
797,33152,-5.6,0.0,11.76,6,0.1667,0.5,0.1,3615,
798,33152,-5.6,0.0,11.76,6,0.0,0.6667,0.1,3615,
799,33152,-4.4,0.0,7.84,4,0.0,0.5,0.1,3615,
800,33152,-5.5,0.0,9.8,5,0.0,1.0,0.1,3615,
801,33216,-5.7,0.0,13.73,7,0.2857,0.5714,0.1,3626,
802,33216,-5.7,0.0,13.73,7,0.0,0.7143,0.1,3626,
803,33216,-5.8,0.0,15.69,8,0.25,0.5,0.1,3626,
804,33216,-2.9,0.0,3.23,1,0.0,0.0,0.1,3626,
805,33408,-4.5,0.0,9.8,5,0.2,0.2,0.1,3654,
806,33408,-2.3,0.0,14.29,2,0.0,0.0,0.1,3654,
807,33472,-3.8,0.0,5.13,2,0.0,0.5,0.1,3663,
808,33472,-2.5,0.0,20.0,3,0.0,0.6667,0.1,3663,
809,33472,-5.9,0.0,10.64,5,0.0,0.2,0.1,3663,
810,33600,-5.7,0.0,13.73,7,0.1429,0.2857,0.1,3682,
811,33664,-4.7,0.0,13.73,7,0.0,0.7143,0.1,3691,
812,33664,-1.7,0.0,5.26,1,0.0,0.0,0.1,3691,
813,33664,-5.7,0.0,13.73,7,0.0,0.2857,0.1,3691,
814,33664,-5.4,0.0,7.84,4,0.0,0.5,0.1,3691,
815,33728,-4.6,0.0,11.76,6,0.0,0.5,0.1,3697,
816,33728,-4.7,0.0,13.73,7,0.1429,0.5714,0.1,3697,
817,33728,-5.7,0.0,13.73,7,0.2857,0.0,0.1,3697,
818,33792,-5.3,0.0,5.88,3,0.3333,0.3333,0.1,3702,
819,33792,-4.9,0.0,10.64,5,0.4,0.4,0.1,3702,
820,33856,-6.5,0.0,18.37,9,0.3333,0.6667,0.1,3712,
821,33984,-4.4,0.0,7.84,4,0.0,0.5,0.1,3730,
822,33984,8.6,1.0,16.67,5,0.0,0.6,0.1,3730,
823,33984,-5.5,0.0,9.8,5,0.0,0.6,0.1,3730,
824,34048,-1.3,0.0,20.0,1,0.0,0.0,0.1,3742,
825,34048,-6.0,0.0,19.61,10,0.3,0.6,0.1,3742,
826,34048,-5.8,0.0,10.87,5,0.0,0.2,0.1,3742,
827,34112,-5.2,0.0,23.53,12,0.0,0.5,0.1,3751,
828,34112,-1.5,0.0,14.29,1,0.0,0.0,0.1,3751,
829,34240,10.3,1.0,12.5,2,0.0,0.5,0.1,3768,
830,34304,-5.2,0.0,23.53,12,0.0,0.5,0.1,3777,
831,34304,-4.9,0.0,13.51,5,0.0,0.8,0.1,3777,
832,34368,-2.2,0.0,7.14,1,0.0,0.0,0.1,3781,
833,34432,-4.3,0.0,5.88,3,0.0,0.6667,0.1,3790,
834,34496,-5.6,0.0,11.76,6,0.0,0.5,0.1,3797,
835,34496,-5.7,0.0,13.73,7,0.2857,0.4286,0.1,3797,
836,34560,-1.6,0.0,28.57,2,0.0,0.5,0.1,3805,
837,34560,-5.6,0.0,11.76,6,0.0,0.6667,0.1,3805,
838,34560,-5.4,0.0,16.33,8,0.125,0.5,0.1,3805,
839,34560,-4.7,0.0,17.65,6,0.1667,0.3333,0.1,3805,
840,34560,-5.2,0.0,3.92,2,0.5,0.0,0.1,3805,
841,34624,-4.6,0.0,14.71,5,0.0,0.4,0.1,3810,
842,34624,10.9,1.0,33.33,3,0.3333,0.3333,0.1,3810,
843,34688,-3.6,0.0,20.83,5,0.0,0.8,0.1,3823,
844,34688,9.3,1.0,21.74,5,0.0,0.8,0.1,3823,
845,34688,-4.9,0.0,13.51,5,0.0,0.4,0.1,3823,
846,34752,-1.9,0.0,4.76,1,0.0,0.0,0.1,3833,
847,34816,-2.5,0.0,5.88,1,0.0,0.0,0.1,3838,
848,34880,-4.4,0.0,7.84,4,0.0,0.0,0.1,3847,
849,34880,-5.5,0.0,9.8,5,0.2,0.8,0.1,3847,
850,34880,-2.9,0.0,18.52,5,0.2,0.4,0.1,3847,
851,34944,-2.7,0.0,11.11,2,0.0,0.5,0.1,3863,
852,35008,-4.6,0.0,11.76,6,0.0,0.8333,0.1,3870,
853,35008,-1.5,0.0,14.29,1,0.0,0.0,0.1,3870,
854,35072,-5.8,0.0,15.91,7,0.0,0.5714,0.1,3881,
855,35072,-2.5,0.0,12.0,3,0.0,0.3333,0.1,3881,
856,35136,-5.6,0.0,11.76,6,0.0,0.5,0.1,3892,
857,35136,-5.1,0.0,18.92,7,0.1429,0.4286,0.1,3892,
858,35264,-4.5,0.0,9.8,5,0.0,0.6,0.1,3906,
859,35264,-3.4,0.0,8.0,2,0.0,0.0,0.1,3906,
860,35264,-2.2,0.0,15.38,2,0.0,0.5,0.1,3906,
861,35264,-5.8,0.0,15.69,8,0.125,0.25,0.1,3906,
862,35328,-6.1,0.0,21.57,11,0.1818,0.6364,0.1,3918,
863,35392,-5.7,0.0,13.73,7,0.0,0.5714,0.1,3929,
864,35392,-4.5,0.0,11.76,4,0.0,0.25,0.1,3929,
865,35456,-4.7,0.0,14.29,5,0.4,0.4,0.1,3938,
866,35584,-4.8,0.0,15.69,8,0.125,0.5,0.1,3957,
867,35648,-5.6,0.0,11.76,6,0.0,0.5,0.1,3965,
868,35840,-4.6,0.0,11.76,6,0.1667,0.5,0.1,3991,
869,35840,-5.3,0.0,5.88,3,0.0,0.6667,0.1,3991,
870,35904,-5.7,0.0,13.73,7,0.0,0.5714,0.1,3996,
871,35968,-2.7,0.0,5.26,1,0.0,0.0,0.1,4000,
872,36096,-5.2,0.0,23.53,12,0.0,0.3333,0.1,4016,
873,36096,-5.4,0.0,7.84,4,0.0,0.75,0.1,4016,
874,36096,-4.3,0.0,12.2,5,0.0,0.6,0.1,4016,
875,36160,-2.9,0.0,22.22,4,0.25,0.25,0.1,4029,
876,36224,-3.5,0.0,16.67,4,0.25,0.0,0.1,4040,
877,36224,-6.1,0.0,21.57,11,0.0,0.4545,0.1,4040,
878,36288,-5.8,0.0,15.69,8,0.25,0.0,0.1,4053,
879,36352,-5.5,0.0,9.8,5,0.0,0.4,0.1,4058,
880,36352,-5.7,0.0,13.73,7,0.2857,0.2857,0.1,4058,
881,36352,-4.9,0.0,17.65,9,0.0,0.5556,0.1,4058,
882,36352,-5.7,0.0,13.73,7,0.0,0.8571,0.1,4058,
883,36352,-0.6,0.0,28.57,2,0.0,0.5,0.1,4058,
884,36352,-3.4,0.0,12.5,3,0.6667,0.3333,0.1,4058,
885,36416,-5.9,0.0,17.65,9,0.1111,0.7778,0.1,4063,
886,36416,7.9,1.0,31.25,10,0.1,0.6,0.1,4063,
887,36416,-5.1,0.0,21.57,11,0.0909,0.4545,0.1,4063,
888,36480,-2.1,0.0,7.69,1,0.0,0.0,0.1,4074,
889,36544,-3.4,0.0,17.39,4,0.0,0.75,0.1,4083,
890,36544,8.5,1.0,16.13,5,0.0,0.6,0.1,4083,
891,36672,-5.6,0.0,11.76,6,0.1667,0.1667,0.1,4103,
892,36736,-5.4,0.0,23.68,9,0.2222,0.2222,0.1,4111,
893,36736,-5.5,0.0,11.63,5,0.0,0.4,0.1,4111,
894,36864,-4.6,0.0,11.76,6,0.1667,0.5,0.1,4124,
895,36928,-4.7,0.0,5.26,2,0.0,0.5,0.1,4134,
896,36928,-5.5,0.0,9.8,5,0.2,0.4,0.1,4134,
897,36928,-5.8,0.0,15.69,8,0.125,0.5,0.1,4134,
898,36992,-3.0,0.0,4.55,1,0.0,0.0,0.1,4143,
899,36992,-5.6,0.0,11.76,6,0.1667,0.8333,0.1,4143,
900,37056,-5.6,0.0,11.76,6,0.0,0.1667,0.1,4154,
901,37056,-4.1,0.0,13.33,4,0.0,0.5,0.1,4154,
902,37120,-4.8,0.0,15.69,8,0.0,0.5,0.1,4164,
903,37120,-3.0,0.0,13.79,4,0.0,0.25,0.1,4164,
904,37120,6.8,1.0,10.42,5,0.0,0.2,0.1,4164,
905,37248,-5.7,0.0,13.73,7,0.0,0.7143,0.1,4182,
906,37248,-4.4,0.0,7.84,4,0.25,0.5,0.1,4182,
907,37248,-1.9,0.0,9.09,1,0.0,0.0,0.1,4182,
908,37312,-5.7,0.0,13.73,7,0.0,0.4286,0.1,4187,
909,37376,-5.4,0.0,7.84,4,0.25,0.5,0.1,4196,
910,37504,-5.7,0.0,13.73,7,0.0,0.4286,0.1,4212,
911,37568,-2.8,0.0,10.53,2,0.0,0.5,0.1,4218,
912,37568,-6.2,0.0,23.53,12,0.1667,0.4167,0.1,4218,
913,37568,9.9,1.0,4.76,1,0.0,1.0,0.1,4218,
914,37632,9.2,1.0,26.09,6,0.1667,0.6667,0.1,4222,
915,37760,-4.9,0.0,15.56,7,0.0,0.2857,0.1,4245,
916,37760,6.4,1.0,11.76,6,0.1667,0.5,0.1,4245,
917,37824,-5.3,0.0,5.88,3,0.0,0.6667,0.1,4259,
918,37824,-6.2,0.0,23.53,12,0.25,0.3333,0.1,4259,
919,37824,-4.0,0.0,6.45,2,0.0,0.5,0.1,4259,
920,37824,-5.5,0.0,9.8,5,0.0,0.8,0.1,4259,
921,37888,-5.8,0.0,15.69,8,0.125,0.5,0.1,4269,
922,37888,-5.8,0.0,15.69,8,0.125,0.625,0.1,4269,
923,37952,-4.5,0.0,9.8,5,0.2,0.6,0.1,4275,
924,37952,-5.7,0.0,13.73,7,0.0,0.5714,0.1,4275,
925,38144,-2.9,0.0,18.52,5,0.4,0.4,0.1,4302,
926,38144,-4.9,0.0,17.65,9,0.1111,0.6667,0.1,4302,
927,38144,-5.7,0.0,13.73,7,0.0,0.2857,0.1,4302,
928,38144,-1.4,0.0,16.67,1,0.0,0.0,0.1,4302,
929,38144,-2.8,0.0,10.53,2,0.0,0.5,0.1,4302,
930,38208,-5.5,0.0,9.8,5,0.0,0.8,0.1,4307,
931,38208,-1.8,0.0,10.0,1,0.0,0.0,0.1,4307,
932,38272,-6.1,0.0,21.57,11,0.0909,0.2727,0.1,4313,
933,38336,-4.5,0.0,9.8,5,0.0,0.6,0.1,4325,
934,38400,-5.3,0.0,25.49,13,0.1538,0.4615,0.1,4331,
935,38528,-5.5,0.0,9.8,5,0.4,0.6,0.1,4344,
936,38528,-5.6,0.0,11.76,6,0.0,0.5,0.1,4344,
937,38528,-6.1,0.0,21.57,11,0.0909,0.4545,0.1,4344,
938,38592,-5.6,0.0,11.76,6,0.3333,0.0,0.1,4350,
939,38656,-5.5,0.0,9.8,5,0.0,0.6,0.1,4358,
940,38656,11.4,1.0,16.67,1,1.0,1.0,0.1,4358,
941,38656,-5.5,0.0,9.8,5,0.4,0.4,0.1,4358,
942,38720,-4.8,0.0,15.69,8,0.0,0.375,0.1,4367,
943,38720,-3.3,0.0,5.88,2,0.0,0.5,0.1,4367,
944,38848,-5.5,0.0,11.63,5,0.0,0.2,0.1,4388,
945,38976,-2.5,0.0,7.69,2,0.0,0.0,0.1,4400,
946,39040,-5.9,0.0,13.04,6,0.0,0.3333,0.1,4411,
947,39040,-4.5,0.0,9.09,4,0.0,0.0,0.1,4411,
948,39104,-2.0,0.0,15.0,3,0.0,0.0,0.1,4419,
949,39104,-5.8,0.0,15.69,8,0.25,0.25,0.1,4419,
950,39104,-3.4,0.0,8.0,2,0.0,0.5,0.1,4419,
951,39168,-1.7,0.0,25.0,4,0.0,0.25,0.1,4428,
952,39232,-6.0,0.0,19.61,10,0.2,0.3,0.1,4437,
953,39360,-5.4,0.0,7.84,4,0.0,0.75,0.1,4453,
954,39424,-3.0,0.0,15.0,3,0.3333,0.3333,0.1,4460,
955,39488,-2.6,0.0,11.76,2,0.0,0.0,0.1,4469,
956,39488,-5.0,0.0,8.16,4,0.25,0.5,0.1,4469,
957,39552,-4.3,0.0,5.88,3,0.0,0.3333,0.1,4475,
958,39616,-5.7,0.0,13.73,7,0.1429,0.5714,0.1,4486,
959,39616,7.6,1.0,15.38,6,0.0,0.6667,0.1,4486,
960,39616,-5.7,0.0,13.73,7,0.1429,0.4286,0.1,4486,
961,39616,-0.6,0.0,12.5,1,0.0,0.0,0.1,4486,
962,39616,-5.2,0.0,23.53,12,0.0,0.6667,0.1,4486,
963,39616,8.7,1.0,17.24,5,0.0,0.6,0.1,4486,
964,39616,-5.5,0.0,9.8,5,0.0,0.8,0.1,4486,
965,39680,-5.4,0.0,7.84,4,0.0,0.75,0.1,4489,
966,39680,-5.3,0.0,5.88,3,0.0,0.3333,0.1,4489,
967,39744,-5.3,0.0,5.88,3,0.0,0.6667,0.1,4498,
968,39808,-5.7,0.0,13.64,6,0.0,0.3333,0.1,4506,
969,39872,-5.0,0.0,4.88,2,0.0,0.5,0.1,4514,
970,39936,-5.6,0.0,11.76,6,0.0,0.3333,0.1,4528,
971,40000,-5.7,0.0,13.73,7,0.1429,0.4286,0.1,4535,
972,40000,-5.5,0.0,9.8,5,0.2,0.6,0.1,4535,
973,40000,-3.4,0.0,17.39,4,0.25,0.5,0.1,4535,
974,40064,-3.1,0.0,14.29,3,0.0,0.0,0.1,4539,
975,40064,9.6,1.0,19.05,4,0.25,0.25,0.1,4539,
976,40128,-6.2,0.0,12.24,6,0.0,0.6667,0.1,4544,
977,40128,-4.6,0.0,11.76,6,0.3333,0.5,0.1,4544,
978,40192,-5.4,0.0,7.84,4,0.0,0.75,0.1,4552,
979,40192,-1.7,0.0,11.11,1,0.0,0.0,0.1,4552,
980,40192,-4.0,0.0,0.0,0,,,0.1,4552,
981,40256,-5.3,0.0,14.29,7,0.0,0.1429,0.1,4560,
982,40320,-5.9,0.0,23.81,10,0.1,0.5,0.1,4571,
983,40320,-5.5,0.0,9.8,5,0.2,0.4,0.1,4571,
984,40320,-5.5,0.0,9.8,5,0.0,0.4,0.1,4571,
985,40384,-3.6,0.0,14.71,5,0.0,0.2,0.1,4583,
986,40384,-4.6,0.0,14.71,5,0.4,0.4,0.1,4583,
987,40384,-5.5,0.0,9.8,5,0.0,0.6,0.1,4583,
988,40512,-4.3,0.0,24.32,9,0.0,0.5556,0.1,4602,
989,40512,-5.9,0.0,17.65,9,0.0,0.5556,0.1,4602,
990,40512,-5.7,0.0,13.73,7,0.0,0.1429,0.1,4602,
991,40640,-4.8,0.0,15.69,8,0.0,0.375,0.1,4617,
992,40704,-1.3,0.0,20.0,1,0.0,0.0,0.1,4627,
993,40832,-5.3,0.0,5.88,3,0.0,0.6667,0.1,4641,
994,40832,-4.7,0.0,13.73,7,0.2857,0.4286,0.1,4641,
995,40896,-2.0,0.0,18.18,2,0.0,0.0,0.1,4649,
996,41088,-6.3,0.0,14.29,7,0.0,0.2857,0.1,4679,
997,41088,-5.4,0.0,7.84,4,0.0,0.0,0.1,4679,
998,41088,-4.9,0.0,17.65,9,0.1111,0.6667,0.1,4679,
999,41088,-6.2,0.0,23.53,12,0.1667,0.4167,0.1,4679,
1000,41152,-5.0,0.0,19.61,10,0.1,0.7,0.1,4685,
1001,41152,-5.7,0.0,13.73,7,0.0,0.7143,0.1,4685,
1002,41216,-3.0,0.0,9.52,2,0.0,0.0,0.1,4693,
1003,41216,-6.2,0.0,23.53,12,0.0833,0.5,0.1,4693,
1004,41216,9.4,1.0,8.0,2,0.0,0.5,0.1,4693,
1005,41344,10.2,1.0,11.76,2,0.0,0.5,0.1,4710,
1006,41408,-6.2,0.0,23.53,12,0.0,0.3333,0.1,4720,
1007,41408,-5.6,0.0,11.76,6,0.1667,0.5,0.1,4720,
1008,41472,-3.3,0.0,18.18,4,0.0,0.5,0.1,4728,
1009,41472,-3.1,0.0,9.68,3,0.0,0.3333,0.1,4728,
1010,41536,7.9,1.0,10.53,4,0.0,0.0,0.1,4737,
1011,41536,-3.6,0.0,3.57,1,0.0,0.0,0.1,4737,
1012,41600,-5.0,0.0,19.61,10,0.1,0.4,0.1,4750,
1013,41600,-4.4,0.0,19.35,6,0.1667,0.1667,0.1,4750,
1014,41600,-3.5,0.0,7.69,2,0.0,0.5,0.1,4750,
1015,41600,-4.6,0.0,14.71,5,0.0,0.4,0.1,4750,
1016,41728,9.2,1.0,11.54,3,0.3333,0.0,0.1,4760,
1017,41792,-5.6,0.0,11.76,6,0.3333,0.5,0.1,4769,
1018,41792,-5.8,0.0,15.69,8,0.125,0.25,0.1,4769,
1019,41792,9.1,1.0,30.43,7,0.0,0.5714,0.1,4769,
1020,41856,-5.8,0.0,15.69,8,0.0,0.125,0.1,4779,
1021,41856,-2.0,0.0,8.33,1,0.0,0.0,0.1,4779,
1022,41920,-2.8,0.0,10.71,3,0.0,0.6667,0.1,4795,
1023,41920,-5.5,0.0,9.8,5,0.0,0.2,0.1,4795,
1024,41920,-5.0,0.0,19.61,10,0.1,0.7,0.1,4795,
1025,41920,-1.8,0.0,22.22,2,0.0,0.0,0.1,4795,
1026,41920,-4.5,0.0,9.8,5,0.0,0.8,0.1,4795,
1027,41984,-4.1,0.0,17.24,5,0.0,0.4,0.1,4801,
1028,41984,-2.3,0.0,23.08,3,0.0,0.3333,0.1,4801,
1029,42048,7.9,1.0,13.51,5,0.2,0.6,0.1,4809,
1030,42112,-2.9,0.0,15.79,3,0.0,0.6667,0.1,4821,
1031,42112,-5.7,0.0,13.73,7,0.0,0.4286,0.1,4821,
1032,42176,-2.0,0.0,8.33,1,0.0,0.0,0.1,4828,
1033,42176,-4.9,0.0,7.69,3,0.0,0.0,0.1,4828,
1034,42240,-5.5,0.0,9.8,5,0.0,0.4,0.1,4838,
1035,42304,-5.4,0.0,7.84,4,0.0,0.75,0.1,4843,
1036,42304,-4.4,0.0,7.84,4,0.25,0.5,0.1,4843,
1037,42368,-5.7,0.0,13.73,7,0.1429,0.5714,0.1,4854,
1038,42432,-5.0,0.0,19.61,10,0.1,0.3,0.1,4862,
1039,42496,-4.5,0.0,9.8,5,0.0,0.8,0.1,4873,
1040,42624,-5.6,0.0,11.76,6,0.0,0.3333,0.1,4888,
1041,42688,-5.1,0.0,12.82,5,0.0,0.6,0.1,4896,
1042,42752,-5.5,0.0,9.8,5,0.0,0.4,0.1,4910,
1043,42816,-2.9,0.0,15.79,3,0.0,0.6667,0.1,4921,
1044,42816,-6.2,0.0,23.53,12,0.1667,0.3333,0.1,4921,
1045,42880,-5.9,0.0,17.65,9,0.2222,0.4444,0.1,4932,
1046,42880,-6.0,0.0,17.78,8,0.0,0.25,0.1,4932,
1047,42880,-4.8,0.0,15.69,8,0.0,0.375,0.1,4932,
1048,42880,-5.6,0.0,11.76,6,0.0,0.6667,0.1,4932,
1049,42880,-5.6,0.0,11.76,6,0.0,0.3333,0.1,4932,
1050,42880,-4.2,0.0,15.38,6,0.0,0.6667,0.1,4932,
1051,42880,-3.8,0.0,10.71,3,0.0,0.6667,0.1,4932,
1052,42880,-2.7,0.0,11.11,2,0.0,0.0,0.1,4932,
1053,42944,-3.0,0.0,13.79,4,0.25,0.5,0.1,4939,
1054,42944,-0.9,0.0,33.33,3,0.0,0.3333,0.1,4939,
1055,43072,-5.2,0.0,3.92,2,0.0,1.0,0.1,4959,
1056,43136,-6.2,0.0,12.24,6,0.0,0.6667,0.1,4971,
1057,43136,-3.4,0.0,12.5,3,0.0,0.3333,0.1,4971,
1058,43264,-2.6,0.0,18.75,3,0.3333,0.6667,0.1,4987,
1059,43264,-6.3,0.0,25.49,13,0.1538,0.4615,0.1,4987,
1060,43264,10.2,1.0,11.76,2,0.0,0.0,0.1,4987,
1061,43328,-2.5,0.0,16.67,4,0.25,0.75,0.1,4994,
1062,43328,-2.2,0.0,15.38,2,0.0,0.0,0.1,4994,
1063,43392,-3.2,0.0,8.7,2,0.0,0.0,0.1,4999,
1064,43456,-5.5,0.0,9.8,5,0.0,0.4,0.1,5008,
1065,43520,8.9,1.0,28.0,7,0.0,0.4286,0.1,5016,
1066,43584,-5.5,0.0,9.8,5,0.2,0.2,0.1,5024,
1067,43584,-4.5,0.0,9.8,5,0.2,0.4,0.1,5024,
1068,43648,-5.2,0.0,3.92,2,0.0,0.5,0.1,5032,
1069,43776,-4.3,0.0,5.88,3,0.0,0.3333,0.1,5050,
1070,43776,-4.7,0.0,13.73,7,0.1429,0.4286,0.1,5050,
1071,43776,8.6,1.0,16.67,5,0.4,0.6,0.1,5050,
1072,43776,-5.9,0.0,17.65,9,0.0,0.8889,0.1,5050,
1073,43904,-3.1,0.0,26.32,5,0.2,0.6,0.1,5064,
1074,43904,-3.8,0.0,14.81,4,0.0,0.5,0.1,5064,
1075,43904,-5.5,0.0,9.8,5,0.0,0.2,0.1,5064,
1076,43968,-4.6,0.0,11.76,6,0.0,0.3333,0.1,5072,
1077,44032,-0.8,0.0,10.0,1,0.0,0.0,0.1,5086,
1078,44096,-5.6,0.0,11.76,6,0.3333,0.1667,0.1,5099,
1079,44096,-2.9,0.0,22.22,4,0.25,0.0,0.1,5099,
1080,44096,-4.7,0.0,13.73,7,0.1429,0.4286,0.1,5099,
1081,44160,-2.5,0.0,12.5,2,0.0,0.5,0.1,5107,
1082,44224,-1.6,0.0,28.57,2,0.5,0.5,0.1,5115,
1083,44288,6.5,1.0,16.67,8,0.0,0.75,0.1,5124,
1084,44352,-5.6,0.0,11.76,6,0.1667,0.3333,0.1,5134,
1085,44416,-4.6,0.0,11.76,6,0.1667,0.3333,0.1,5142,
1086,44480,-6.3,0.0,25.49,13,0.0769,0.5385,0.1,5151,
1087,44480,-5.9,0.0,17.65,9,0.0,0.4444,0.1,5151,
1088,44544,-5.0,0.0,13.16,5,0.0,0.0,0.1,5159,
1089,44544,-1.5,0.0,14.29,1,0.0,0.0,0.1,5159,
1090,44544,-1.0,0.0,44.44,4,0.0,0.25,0.1,5159,
1091,44608,-5.5,0.0,20.0,8,0.0,0.25,0.1,5169,
1092,44672,-2.3,0.0,14.29,2,0.5,0.0,0.1,5181,
1093,44672,-5.4,0.0,7.84,4,0.0,0.5,0.1,5181,
1094,44672,-3.7,0.0,8.11,3,0.0,0.0,0.1,5181,
1095,44736,-4.5,0.0,9.8,5,0.0,0.4,0.1,5188,
1096,44736,-5.6,0.0,11.76,6,0.0,0.5,0.1,5188,
1097,44800,-5.4,0.0,7.84,4,0.0,0.5,0.1,5202,
1098,44800,-4.4,0.0,19.35,6,0.3333,0.6667,0.1,5202,
1099,44800,-4.1,0.0,13.33,4,0.0,0.25,0.1,5202,
1100,44800,-4.1,0.0,13.33,4,0.0,0.25,0.1,5202,
1101,44800,-4.4,0.0,7.84,4,0.25,0.75,0.1,5202,
1102,44864,-5.6,0.0,11.76,6,0.3333,0.6667,0.1,5211,
1103,44864,8.0,1.0,32.26,10,0.0,0.6,0.1,5211,
1104,44864,-4.8,0.0,15.69,8,0.0,0.5,0.1,5211,
1105,45056,-4.5,0.0,9.8,5,0.0,0.8,0.1,5244,
1106,45056,-4.4,0.0,7.84,4,0.0,0.75,0.1,5244,
1107,45056,-3.6,0.0,8.33,3,0.3333,0.3333,0.1,5244,
1108,45120,-5.9,0.0,17.65,9,0.1111,0.3333,0.1,5255,
1109,45184,-5.9,0.0,17.65,9,0.1111,0.5556,0.1,5259,
1110,45184,-4.7,0.0,13.73,7,0.2857,0.2857,0.1,5259,
1111,45184,-5.7,0.0,13.73,7,0.0,0.5714,0.1,5259,
1112,45184,-1.6,0.0,5.56,1,0.0,0.0,0.1,5259,
1113,45248,-5.3,0.0,5.88,3,0.0,0.3333,0.1,5268,
1114,45248,-6.8,0.0,19.61,10,0.1,0.2,0.1,5268,
1115,45312,-4.6,0.0,11.43,4,0.0,0.25,0.1,5278,
1116,45312,-2.1,0.0,27.27,3,0.0,0.3333,0.1,5278,
1117,45376,-6.3,0.0,9.8,5,0.0,0.0,0.1,5290,
1118,45376,-6.4,0.0,23.91,11,0.0,0.1818,0.1,5290,
1119,45440,-5.3,0.0,15.0,6,0.0,0.3333,0.1,5300,
1120,45504,-1.5,0.0,33.33,2,0.0,0.5,0.1,5309,
1121,45504,-3.3,0.0,20.0,6,0.0,0.3333,0.1,5309,
1122,45568,-6.2,0.0,23.53,12,0.0,0.6667,0.1,5318,
1123,45632,-4.9,0.0,7.69,3,0.0,0.3333,0.1,5326,
1124,45632,-1.5,0.0,14.29,1,0.0,0.0,0.1,5326,
1125,45696,-1.8,0.0,10.0,1,0.0,0.0,0.1,5333,
1126,45888,-5.1,0.0,10.0,4,0.0,0.25,0.1,5354,
1127,45888,-5.9,0.0,17.65,9,0.0,0.3333,0.1,5354,
1128,45952,-3.8,0.0,10.71,3,0.0,0.0,0.1,5364,
1129,46016,-3.8,0.0,19.23,5,0.0,0.4,0.1,5373,
1130,46080,-5.6,0.0,11.76,6,0.0,0.3333,0.1,5378,
1131,46144,-4.8,0.0,15.69,8,0.0,0.75,0.1,5389,
1132,46144,-4.8,0.0,17.14,6,0.0,0.0,0.1,5389,
1133,46144,-5.6,0.0,11.76,6,0.1667,0.5,0.1,5389,
1134,46144,-6.1,0.0,21.57,11,0.0909,0.2727,0.1,5389,
1135,46144,-5.5,0.0,9.8,5,0.0,0.4,0.1,5389,
1136,46208,-3.4,0.0,22.73,5,0.0,0.0,0.1,5402,
1137,46208,-5.7,0.0,13.73,7,0.0,0.5714,0.1,5402,
1138,46336,-4.7,0.0,13.64,6,0.0,0.5,0.1,5425,
1139,46400,-4.0,0.0,6.45,2,0.0,0.0,0.1,5433,
1140,46464,-2.3,0.0,6.67,1,0.0,0.0,0.1,5444,
1141,46464,-2.2,0.0,25.0,3,0.0,0.3333,0.1,5444,
1142,46528,-1.9,0.0,20.0,2,0.0,0.5,0.1,5455,
1143,46528,-5.6,0.0,11.76,6,0.0,0.6667,0.1,5455,
1144,46528,-4.5,0.0,9.8,5,0.2,0.8,0.1,5455,
1145,46528,-5.9,0.0,17.65,9,0.1111,0.5556,0.1,5455,
1146,46592,7.9,1.0,13.51,5,0.2,0.8,0.1,5462,
1147,46592,-5.2,0.0,3.92,2,0.0,0.0,0.1,5462,
1148,46592,-4.2,0.0,25.0,7,0.0,0.5714,0.1,5462,
1149,46720,-4.6,0.0,30.0,9,0.0,0.7778,0.1,5478,
1150,46720,-5.1,0.0,21.57,11,0.0,0.5455,0.1,5478,
1151,46848,-5.5,0.0,9.8,5,0.0,0.8,0.1,5493,
1152,46912,-1.4,0.0,16.67,1,0.0,0.0,0.1,5508,
1153,46912,-4.4,0.0,7.84,4,0.0,0.75,0.1,5508,
1154,46976,-3.5,0.0,7.69,2,0.5,0.0,0.1,5517,
1155,47040,-5.8,0.0,15.69,8,0.0,0.375,0.1,5523,
1156,47040,-5.9,0.0,17.65,9,0.0,0.6667,0.1,5523,
1157,47040,7.3,1.0,20.0,8,0.0,0.5,0.1,5523,
1158,47104,-4.1,0.0,25.93,7,0.0,0.5714,0.1,5530,
1159,47168,-6.0,0.0,19.61,10,0.0,0.5,0.1,5544,
1160,47168,-4.5,0.0,9.8,5,0.0,0.2,0.1,5544,
1161,47360,-3.7,0.0,3.45,1,0.0,0.0,0.1,5571,
1162,47360,-4.4,0.0,12.12,4,0.25,0.25,0.1,5571,
1163,47360,-5.7,0.0,13.73,7,0.0,0.5714,0.1,5571,
1164,47360,-4.8,0.0,15.69,8,0.375,0.75,0.1,5571,
1165,47424,-3.2,0.0,4.17,1,0.0,0.0,0.1,5582,
1166,47552,-1.3,0.0,6.67,1,0.0,0.0,0.1,5598,
1167,47552,-5.9,0.0,17.65,9,0.1111,0.7778,0.1,5598,
1168,47680,11.0,1.0,10.0,1,0.0,1.0,0.1,5615,
1169,47680,-5.4,0.0,20.51,8,0.25,0.375,0.1,5615,
1170,47744,-3.6,0.0,20.83,5,0.2,0.4,0.1,5625,
1171,47744,-4.6,0.0,11.76,6,0.1667,0.8333,0.1,5625,
1172,47808,-5.9,0.0,17.65,9,0.0,0.3333,0.1,5634,
1173,47808,-4.8,0.0,15.69,8,0.375,0.5,0.1,5634,
1174,47808,-4.5,0.0,9.8,5,0.0,0.8,0.1,5634,
1175,47872,-1.4,0.0,40.0,2,0.0,0.0,0.1,5644,
1176,47936,-4.6,0.0,11.76,6,0.0,0.3333,0.1,5652,
1177,47936,-4.4,0.0,11.9,5,0.0,0.4,0.1,5652,
1178,47936,-4.9,0.0,17.65,9,0.2222,0.3333,0.1,5652,
1179,47936,-4.5,0.0,9.8,5,0.0,0.4,0.1,5652,
1180,48000,-3.4,0.0,17.39,4,0.0,0.25,0.1,5662,
1181,48000,-5.3,0.0,25.49,13,0.0,0.5385,0.1,5662,
1182,48000,-3.2,0.0,13.64,3,0.0,0.3333,0.1,5662,
1183,48000,9.0,1.0,19.23,5,0.0,0.6,0.1,5662,
1184,48000,-5.2,0.0,3.92,2,0.0,0.5,0.1,5662,
1185,48064,-5.3,0.0,5.88,3,0.0,0.3333,0.1,5666,
1186,48064,-5.7,0.0,13.73,7,0.1429,0.5714,0.1,5666,
1187,48128,-4.4,0.0,7.84,4,0.25,0.5,0.1,5677,
1188,48128,-5.9,0.0,17.65,9,0.0,0.6667,0.1,5677,
1189,48128,-4.9,0.0,17.65,9,0.0,0.7778,0.1,5677,
1190,48320,5.8,1.0,23.53,12,0.0,0.4167,0.1,5698,
1191,48320,-5.5,0.0,9.8,5,0.2,0.2,0.1,5698,
1192,48320,-2.2,0.0,13.64,3,0.0,0.3333,0.1,5698,
1193,48384,-3.2,0.0,13.64,3,0.0,0.3333,0.1,5705,
1194,48448,-5.6,0.0,8.89,4,0.0,0.0,0.1,5714,
1195,48448,-6.3,0.0,25.49,13,0.0769,0.4615,0.1,5714,
1196,48448,-5.1,0.0,21.57,11,0.0909,0.4545,0.1,5714,
1197,48512,-2.2,0.0,15.38,2,0.0,0.5,0.1,5723,
1198,48576,-6.1,0.0,21.57,11,0.1818,0.3636,0.1,5733,
1199,48640,-5.8,0.0,15.69,8,0.0,0.75,0.1,5740,
1200,48704,-2.9,0.0,10.0,2,0.0,0.0,0.1,5747,
1201,48704,-5.4,0.0,7.84,4,0.0,1.0,0.1,5747,
1202,48768,-4.4,0.0,2.78,1,0.0,0.0,0.1,5755,
1203,48896,-3.4,0.0,12.5,3,0.0,0.0,0.1,5772,
1204,48896,-4.7,0.0,8.11,3,0.0,0.6667,0.1,5772,
1205,48896,-5.1,0.0,21.57,11,0.0,0.6364,0.1,5772,
1206,48896,-5.5,0.0,9.8,5,0.0,0.6,0.1,5772,
1207,48960,-5.9,0.0,18.18,8,0.25,0.375,0.1,5783,
1208,49024,-3.2,0.0,25.0,5,0.0,0.2,0.1,5791,
1209,49216,-5.7,0.0,13.73,7,0.0,0.2857,0.1,5813,
1210,49280,-5.1,0.0,21.57,11,0.0,0.3636,0.1,5820,
1211,49280,-6.2,0.0,10.0,5,0.0,0.4,0.1,5820,
1212,49280,-2.9,0.0,4.76,1,0.0,0.0,0.1,5820,
1213,49344,-2.2,0.0,8.7,2,0.0,0.0,0.1,5834,
1214,49344,11.2,1.0,28.57,2,0.0,0.5,0.1,5834,
1215,49408,-4.7,0.0,13.73,7,0.0,0.4286,0.1,5845,
1216,49408,-4.0,0.0,19.44,7,0.0,0.5714,0.1,5845,
1217,49408,-5.6,0.0,11.76,6,0.0,0.6667,0.1,5845,
1218,49408,-5.6,0.0,11.76,6,0.0,0.1667,0.1,5845,
1219,49408,-5.8,0.0,15.69,8,0.0,0.5,0.1,5845,
1220,49408,-2.1,0.0,14.29,3,0.0,0.3333,0.1,5845,
1221,49472,-1.8,0.0,22.22,2,0.5,0.5,0.1,5854,
1222,49472,-5.3,0.0,5.88,3,0.3333,0.6667,0.1,5854,
1223,49472,-3.4,0.0,12.5,3,0.0,0.0,0.1,5854,
1224,49600,-1.3,0.0,20.0,1,0.0,0.0,0.1,5873,
1225,49664,-5.5,0.0,9.8,5,0.2,0.8,0.1,5880,
1226,49664,-3.4,0.0,12.5,3,0.3333,0.3333,0.1,5880,
1227,49728,-3.1,0.0,9.09,2,0.0,0.5,0.1,5889,
1228,49728,-4.6,0.0,11.76,6,0.0,0.1667,0.1,5889,
1229,49728,10.2,1.0,26.67,4,0.0,0.75,0.1,5889,
1230,49792,-4.7,0.0,13.73,7,0.1429,0.7143,0.1,5902,
1231,49792,8.6,1.0,12.9,4,0.25,0.5,0.1,5902,
1232,49856,-4.7,0.0,13.73,7,0.0,0.5714,0.1,5911,
1233,49856,-1.7,0.0,11.11,1,0.0,0.0,0.1,5911,
1234,49856,-6.2,0.0,12.24,6,0.0,0.5,0.1,5911,
1235,49984,-5.4,0.0,7.84,4,0.25,0.5,0.1,5928,
1236,49984,-3.5,0.0,16.67,4,0.25,0.25,0.1,5928,
1237,50048,8.5,1.0,12.5,4,0.5,0.5,0.1,5938,
1238,50112,-1.9,0.0,9.09,1,0.0,0.0,0.1,5949,
1239,50112,-5.6,0.0,11.76,6,0.0,0.3333,0.1,5949,
1240,50176,-5.7,0.0,6.38,3,0.0,0.6667,0.1,5959,
1241,50176,-4.7,0.0,13.73,7,0.0,0.4286,0.1,5959,
1242,50304,-5.9,0.0,17.65,9,0.1111,0.5556,0.1,5983,
1243,50304,-4.4,0.0,7.84,4,0.0,1.0,0.1,5983,
1244,50432,-5.8,0.0,15.69,8,0.25,0.125,0.1,6004,
1245,50560,-4.4,0.0,27.59,8,0.0,0.375,0.1,6030,
1246,50624,-5.2,0.0,3.92,2,0.0,0.0,0.1,6045,
1247,50624,-6.1,0.0,21.57,11,0.0,0.4545,0.1,6045,
1248,50624,-4.8,0.0,15.69,8,0.0,0.625,0.1,6045,
1249,50624,-4.4,0.0,14.63,6,0.0,0.6667,0.1,6045,
1250,50688,-0.5,0.0,33.33,2,0.0,0.5,0.1,6060,
1251,50752,-3.0,0.0,15.0,3,0.0,0.6667,0.1,6072,
1252,50816,-3.0,0.0,27.78,5,0.0,0.2,0.1,6082,
1253,50816,-5.6,0.0,11.76,6,0.0,0.5,0.1,6082,
1254,50816,-2.8,0.0,31.25,5,0.2,0.6,0.1,6082,
1255,50816,-4.6,0.0,2.63,1,0.0,0.0,0.1,6082,
1256,50944,-5.6,0.0,11.76,6,0.1667,0.5,0.1,6101,
1257,50944,7.7,1.0,7.32,3,0.0,1.0,0.1,6101,
1258,51008,-5.6,0.0,11.76,6,0.0,0.8333,0.1,6108,
1259,51072,-5.5,0.0,9.8,5,0.0,0.6,0.1,6116,
1260,51072,-4.9,0.0,17.65,9,0.1111,0.6667,0.1,6116,
1261,51072,-2.9,0.0,15.79,3,0.0,0.3333,0.1,6116,
1262,51072,-4.1,0.0,21.43,6,0.0,0.5,0.1,6116,
1263,51072,-3.1,0.0,14.29,3,0.0,0.6667,0.1,6116,
1264,51200,-5.1,0.0,21.57,11,0.1818,0.6364,0.1,6135,
1265,51200,-2.4,0.0,17.39,4,0.0,0.75,0.1,6135,
1266,51200,-5.8,0.0,15.69,8,0.125,0.125,0.1,6135,
1267,51264,-5.5,0.0,9.8,5,0.0,0.6,0.1,6144,
1268,51264,-5.8,0.0,15.69,8,0.0,0.625,0.1,6144,
1269,51264,-6.1,0.0,21.57,11,0.3636,0.2727,0.1,6144,
1270,51328,8.7,1.0,36.0,9,0.2222,0.5556,0.1,6153,
1271,51328,-5.9,0.0,17.65,9,0.0,0.3333,0.1,6153,
1272,51392,-5.9,0.0,17.65,9,0.2222,0.5556,0.1,6169,
1273,51392,-5.7,0.0,13.73,7,0.0,0.8571,0.1,6169,
1274,51456,-1.4,0.0,16.67,1,0.0,0.0,0.1,6180,
1275,51584,-5.7,0.0,4.17,2,0.0,0.5,0.1,6202,
1276,51584,-5.7,0.0,13.73,7,0.1429,0.7143,0.1,6202,
1277,51648,-1.3,0.0,23.08,3,0.3333,0.3333,0.1,6210,
1278,51712,-2.5,0.0,28.57,4,0.0,0.25,0.1,6220,
1279,51712,-5.8,0.0,15.69,8,0.0,0.375,0.1,6220,
1280,51712,-5.0,0.0,19.61,10,0.1,0.6,0.1,6220,
1281,51776,-5.3,0.0,15.0,6,0.1667,0.6667,0.1,6229,
1282,51840,-5.3,0.0,25.49,13,0.0,0.7692,0.1,6233,
1283,51904,-4.3,0.0,17.95,7,0.1429,0.4286,0.1,6249,
1284,51904,-2.6,0.0,11.76,2,0.0,0.0,0.1,6249,
1285,51904,-6.5,0.0,13.73,7,0.1429,0.1429,0.1,6249,
1286,51968,6.4,1.0,18.75,9,0.3333,0.4444,0.1,6256,
1287,51968,-6.0,0.0,19.61,10,0.0,0.6,0.1,6256,
1288,52096,-1.3,0.0,20.0,1,0.0,0.0,0.1,6279,
1289,52096,-1.2,0.0,25.0,1,0.0,0.0,0.1,6279,
1290,52160,-4.5,0.0,9.8,5,0.0,0.6,0.1,6288,
1291,52160,-3.8,0.0,6.9,2,0.0,0.5,0.1,6288,
1292,52224,-6.2,0.0,23.53,12,0.0,0.5,0.1,6303,
1293,52224,7.1,1.0,13.64,6,0.0,0.5,0.1,6303,
1294,52288,-3.2,0.0,19.05,4,0.0,0.75,0.1,6310,
1295,52288,-4.8,0.0,15.69,8,0.0,0.375,0.1,6310,
1296,52416,-3.8,0.0,10.71,3,0.0,0.3333,0.1,6329,
1297,52480,-4.7,0.0,5.26,2,0.0,0.0,0.1,6343,
1298,52608,10.4,1.0,13.33,2,0.0,1.0,0.1,6368,
1299,52608,-4.3,0.0,12.5,4,0.0,0.25,0.1,6368,
1300,52608,-5.2,0.0,3.92,2,0.0,1.0,0.1,6368,
1301,52608,-5.8,0.0,15.69,8,0.0,0.25,0.1,6368,
1302,52672,-3.7,0.0,20.0,5,0.0,0.6,0.1,6380,
1303,52672,-5.7,0.0,13.73,7,0.1429,0.5714,0.1,6380,
1304,52672,-5.9,0.0,17.65,9,0.0,0.6667,0.1,6380,
1305,52672,-5.0,0.0,0.0,0,,,0.1,6380,
1306,52736,-6.4,0.0,18.75,9,0.1111,0.4444,0.1,6387,
1307,52736,-4.6,0.0,11.76,6,0.3333,0.5,0.1,6387,
1308,52736,-5.8,0.0,18.6,8,0.125,0.375,0.1,6387,
1309,52736,-5.0,0.0,19.61,10,0.3,0.3,0.1,6387,
1310,52800,-3.4,0.0,12.5,3,0.0,0.3333,0.1,6402,
1311,52800,10.6,1.0,36.36,4,0.25,0.75,0.1,6402,
1312,52864,-4.8,0.0,15.69,8,0.125,0.375,0.1,6409,
1313,52864,-3.2,0.0,34.62,9,0.0,0.5556,0.1,6409,
1314,52928,-2.6,0.0,18.75,3,0.3333,0.3333,0.1,6424,
1315,52928,-2.1,0.0,27.27,3,0.3333,0.3333,0.1,6424,
1316,52928,-2.1,0.0,16.67,2,0.0,0.5,0.1,6424,
1317,53056,-6.2,0.0,23.53,12,0.1667,0.3333,0.1,6442,
1318,53120,-6.3,0.0,25.49,13,0.0,0.2308,0.1,6457,
1319,53120,-4.5,0.0,9.8,5,0.0,0.4,0.1,6457,
1320,53120,-3.2,0.0,6.06,2,0.0,0.5,0.1,6457,
1321,53248,-5.0,0.0,19.61,10,0.0,0.5,0.1,6481,
1322,53248,8.7,1.0,30.77,8,0.25,0.875,0.1,6481,
1323,53248,-5.3,0.0,35.29,12,0.1667,0.3333,0.1,6481,
1324,53312,-6.3,0.0,14.29,7,0.0,0.5714,0.1,6493,
1325,53376,-5.5,0.0,9.8,5,0.0,0.6,0.1,6502,
1326,53376,-4.7,0.0,13.73,7,0.1429,0.7143,0.1,6502,
1327,53376,-1.6,0.0,28.57,2,0.0,0.5,0.1,6502,
1328,53440,-6.1,0.0,21.57,11,0.0,0.7273,0.1,6508,
1329,53504,-3.2,0.0,25.0,5,0.0,0.4,0.1,6515,
1330,53568,-3.0,0.0,15.0,3,0.0,0.3333,0.1,6523,
1331,53632,-2.5,0.0,20.0,3,0.3333,0.0,0.1,6532,
1332,53696,-5.0,0.0,13.16,5,0.0,0.4,0.1,6538,
1333,53696,-5.1,0.0,21.57,11,0.1818,0.3636,0.1,6538,
1334,53760,10.3,1.0,12.5,2,0.0,0.5,0.1,6545,
1335,53888,-4.5,0.0,22.58,7,0.1429,0.2857,0.1,6563,
1336,53888,-3.1,0.0,20.0,4,0.0,0.5,0.1,6563,
1337,53888,-4.8,0.0,15.69,8,0.125,0.75,0.1,6563,
1338,53888,-6.0,0.0,19.61,10,0.1,0.2,0.1,6563,
1339,53888,-4.4,0.0,7.84,4,0.0,0.5,0.1,6563,
1340,53952,-5.6,0.0,11.76,6,0.0,0.5,0.1,6570,
1341,54016,-6.0,0.0,15.22,7,0.1429,0.4286,0.1,6581,
1342,54016,-3.5,0.0,16.67,4,0.25,0.25,0.1,6581,
1343,54016,-6.0,0.0,19.61,10,0.0,0.5,0.1,6581,
1344,54080,-2.1,0.0,7.69,1,0.0,0.0,0.1,6590,
1345,54080,-5.8,0.0,15.69,8,0.125,0.125,0.1,6590,
1346,54144,-1.7,0.0,25.0,2,0.5,0.0,0.1,6599,
1347,54208,-4.5,0.0,9.8,5,0.0,0.2,0.1,6601,
1348,54272,6.8,1.0,12.77,6,0.0,0.6667,0.1,6612,
1349,54336,-6.3,0.0,14.29,7,0.1429,0.2857,0.1,6620,
1350,54336,-4.5,0.0,9.8,5,0.0,0.2,0.1,6620,
1351,54400,-2.6,0.0,18.75,3,0.0,0.3333,0.1,6634,
1352,54400,-1.5,0.0,14.29,1,0.0,0.0,0.1,6634,
1353,54464,-4.6,0.0,14.71,5,0.0,0.2,0.1,6646,
1354,54464,-3.7,0.0,11.11,3,0.0,0.3333,0.1,6646,
1355,54464,-5.1,0.0,21.57,11,0.0909,0.7273,0.1,6646,
1356,54592,-4.9,0.0,17.65,9,0.1111,0.4444,0.1,6664,
1357,54592,-3.1,0.0,9.68,3,0.0,0.3333,0.1,6664,
1358,54592,-2.7,0.0,25.0,6,0.0,0.6667,0.1,6664,
1359,54592,-5.8,0.0,15.69,8,0.0,0.5,0.1,6664,
1360,54656,-5.6,0.0,11.76,6,0.0,0.1667,0.1,6672,
1361,54656,-4.8,0.0,15.69,8,0.0,0.375,0.1,6672,
1362,54720,-4.7,0.0,13.73,7,0.0,0.4286,0.1,6682,
1363,54720,-1.6,0.0,12.5,1,0.0,0.0,0.1,6682,
1364,54784,-5.1,0.0,29.41,10,0.1,0.5,0.1,6697,
1365,54848,-5.6,0.0,11.76,6,0.0,0.5,0.1,6706,
1366,54976,-5.0,0.0,19.61,10,0.1,0.6,0.1,6737,
1367,54976,-1.9,0.0,29.41,5,0.0,0.4,0.1,6737,
1368,54976,-6.1,0.0,21.57,11,0.0,0.3636,0.1,6737,
1369,54976,-5.6,0.0,4.26,2,0.0,0.0,0.1,6737,
1370,54976,-6.2,0.0,23.53,12,0.0833,0.4167,0.1,6737,
1371,55040,-2.6,0.0,18.75,3,0.0,0.6667,0.1,6749,
1372,55040,8.3,1.0,26.67,8,0.0,0.625,0.1,6749,
1373,55168,-5.3,0.0,5.88,3,0.0,0.6667,0.1,6764,
1374,55168,-2.4,0.0,21.43,3,0.0,0.6667,0.1,6764,
1375,55168,8.8,1.0,26.92,7,0.1429,0.7143,0.1,6764,
1376,55232,-5.6,0.0,11.76,6,0.1667,0.3333,0.1,6771,
1377,55232,-1.1,0.0,40.0,4,0.0,0.0,0.1,6771,
1378,55360,-5.9,0.0,17.65,9,0.0,0.4444,0.1,6790,
1379,55424,-4.8,0.0,15.69,8,0.0,0.75,0.1,6805,
1380,55424,-2.3,0.0,23.08,3,0.0,0.3333,0.1,6805,
1381,55424,-2.8,0.0,31.25,5,0.2,0.0,0.1,6805,
1382,55424,-2.8,0.0,5.0,1,0.0,0.0,0.1,6805,
1383,55552,10.6,1.0,15.38,2,0.0,0.0,0.1,6821,
1384,55552,-3.0,0.0,21.05,4,0.0,0.25,0.1,6821,
1385,55680,-3.7,0.0,20.0,5,0.0,0.4,0.1,6834,
1386,55680,-2.5,0.0,20.0,3,0.0,0.3333,0.1,6834,
1387,55680,-5.4,0.0,7.84,4,0.5,0.5,0.1,6834,
1388,55744,-5.4,0.0,18.75,9,0.0,0.5556,0.1,6842,
1389,55744,-4.6,0.0,8.33,3,0.0,0.3333,0.1,6842,
1390,55744,-5.1,0.0,15.79,6,0.0,0.5,0.1,6842,
1391,55808,-5.7,0.0,11.11,5,0.0,0.2,0.1,6850,
1392,55808,-3.1,0.0,14.29,3,0.0,0.3333,0.1,6850,
1393,55872,-4.5,0.0,9.8,5,0.0,0.6,0.1,6860,
1394,55872,-3.6,0.0,18.18,6,0.0,0.1667,0.1,6860,
1395,55936,-5.7,0.0,13.73,7,0.0,0.7143,0.1,6871,
1396,55936,-5.4,0.0,7.84,4,0.0,0.75,0.1,6871,
1397,55936,-4.0,0.0,3.12,1,0.0,0.0,0.1,6871,
1398,56000,-5.7,0.0,13.73,7,0.0,0.2857,0.1,6881,
1399,56000,-4.7,0.0,13.73,7,0.0,0.5714,0.1,6881,
1400,56064,-1.7,0.0,25.0,2,0.0,0.0,0.1,6892,
1401,56064,-5.7,0.0,13.73,7,0.1429,0.7143,0.1,6892,
1402,56064,-6.0,0.0,19.61,10,0.1,0.6,0.1,6892,
1403,56064,-3.0,0.0,4.55,1,0.0,0.0,0.1,6892,
1404,56128,-5.3,0.0,5.88,3,0.3333,0.6667,0.1,6901,
1405,56128,-4.7,0.0,13.73,7,0.0,0.7143,0.1,6901,
1406,56192,-3.3,0.0,18.18,4,0.0,0.25,0.1,6912,
1407,56192,-5.4,0.0,7.84,4,0.0,0.5,0.1,6912,
1408,56320,-3.8,0.0,17.14,6,0.0,0.5,0.1,6930,
1409,56320,-4.3,0.0,12.2,5,0.2,0.4,0.1,6930,
1410,56384,-4.9,0.0,17.65,9,0.0,0.4444,0.1,6938,
1411,56384,-4.8,0.0,15.69,8,0.0,0.625,0.1,6938,
1412,56448,-6.5,0.0,16.0,8,0.25,0.125,0.1,6951,
1413,56512,-5.6,0.0,11.76,6,0.0,0.5,0.1,6960,
1414,56640,-2.2,0.0,15.38,2,0.0,0.0,0.1,6982,
1415,56640,-6.0,0.0,19.61,10,0.0,0.6,0.1,6982,
1416,56640,-5.3,0.0,25.49,13,0.1538,0.6154,0.1,6982,
1417,56640,-2.4,0.0,13.33,2,0.0,0.5,0.1,6982,
1418,56768,-2.1,0.0,16.67,2,0.0,0.0,0.1,7005,
1419,56832,-4.8,0.0,15.69,8,0.0,0.875,0.1,7013,
1420,56896,-3.2,0.0,31.58,6,0.0,0.5,0.1,7024,
1421,56960,9.2,1.0,16.0,4,0.0,1.0,0.1,7031,
1422,56960,-5.7,0.0,13.73,7,0.0,0.5714,0.1,7031,
1423,57024,-2.6,0.0,11.76,2,0.0,0.5,0.1,7045,
1424,57024,-2.3,0.0,6.67,1,0.0,0.0,0.1,7045,
1425,57088,-3.7,0.0,15.38,4,0.0,0.25,0.1,7051,
1426,57088,-2.9,0.0,15.79,3,0.0,0.3333,0.1,7051,
1427,57088,11.5,1.0,20.0,1,0.0,1.0,0.1,7051,
1428,57152,-5.7,0.0,13.73,7,0.0,0.4286,0.1,7060,
1429,57152,-5.7,0.0,13.73,7,0.0,0.7143,0.1,7060,
1430,57152,-5.0,0.0,19.61,10,0.0,0.6,0.1,7060,
1431,57152,-2.1,0.0,7.69,1,0.0,0.0,0.1,7060,
1432,57280,-1.4,0.0,16.67,1,0.0,0.0,0.1,7085,
1433,57280,-5.9,0.0,17.65,9,0.1111,0.2222,0.1,7085,
1434,57280,-4.6,0.0,11.76,6,0.0,0.1667,0.1,7085,
1435,57344,-1.5,0.0,33.33,2,0.0,0.0,0.1,7093,
1436,57472,-1.4,0.0,16.67,1,0.0,0.0,0.1,7114,
1437,57536,8.2,1.0,18.18,6,0.3333,0.6667,0.1,7127,
1438,57600,-5.7,0.0,13.73,7,0.0,0.7143,0.1,7133,
1439,57664,-5.4,0.0,7.84,4,0.0,0.25,0.1,7146,
1440,57664,-2.9,0.0,10.34,3,0.3333,0.0,0.1,7146,
1441,57728,-4.9,0.0,17.65,9,0.0,0.3333,0.1,7154,
1442,57728,-5.6,0.0,11.76,6,0.0,0.8333,0.1,7154,
1443,57792,10.6,1.0,15.38,2,0.5,1.0,0.1,7170,
1444,57792,-6.1,0.0,8.0,4,0.0,0.5,0.1,7170,
1445,57856,-2.3,0.0,8.33,2,0.0,0.0,0.1,7176,
1446,57856,-5.8,0.0,15.69,8,0.125,0.5,0.1,7176,
1447,57856,-4.1,0.0,25.93,7,0.1429,0.4286,0.1,7176,
1448,57920,-2.1,0.0,16.67,2,0.0,0.0,0.1,7188,
1449,57920,-5.9,0.0,17.65,9,0.1111,0.7778,0.1,7188,
1450,57920,-5.4,0.0,20.51,8,0.25,0.25,0.1,7188,
1451,57920,-1.4,0.0,41.67,5,0.0,0.0,0.1,7188,
1452,58048,-1.7,0.0,25.0,2,0.0,0.0,0.1,7208,
1453,58048,-2.4,0.0,13.33,2,0.0,0.5,0.1,7208,
1454,58112,8.5,1.0,5.88,2,0.0,0.5,0.1,7221,
1455,58112,-6.0,0.0,8.16,4,0.0,0.5,0.1,7221,
1456,58112,-5.8,0.0,15.69,8,0.0,0.25,0.1,7221,
1457,58240,-5.1,0.0,21.57,11,0.0,0.7273,0.1,7238,
1458,58240,-5.0,0.0,19.61,10,0.0,0.5,0.1,7238,
1459,58240,-3.4,0.0,12.12,4,0.0,0.5,0.1,7238,
1460,58240,-4.9,0.0,17.65,9,0.1111,0.5556,0.1,7238,
1461,58240,-5.1,0.0,21.57,11,0.0909,0.7273,0.1,7238,
1462,58304,-6.3,0.0,25.49,13,0.0769,0.5385,0.1,7250,
1463,58304,-4.8,0.0,15.69,8,0.125,0.5,0.1,7250,
1464,58432,-4.9,0.0,17.65,9,0.0,0.2222,0.1,7264,
1465,58432,-5.7,0.0,13.73,7,0.0,0.4286,0.1,7264,
1466,58432,-5.4,0.0,7.84,4,0.0,0.5,0.1,7264,
1467,58432,-1.7,0.0,25.0,2,0.0,0.5,0.1,7264,
1468,58496,-5.4,0.0,7.84,4,0.25,0.5,0.1,7274,
1469,58496,-4.4,0.0,7.84,4,0.0,0.75,0.1,7274,
1470,58496,-4.1,0.0,17.24,5,0.2,0.2,0.1,7274,
1471,58560,-2.9,0.0,10.0,2,0.0,0.5,0.1,7286,
1472,58624,-1.6,0.0,12.5,1,0.0,0.0,0.1,7299,
1473,58688,-4.6,0.0,11.76,6,0.0,0.8333,0.1,7304,
1474,58816,-2.5,0.0,28.57,4,0.0,0.25,0.1,7323,
1475,58816,-4.5,0.0,9.8,5,0.2,0.2,0.1,7323,
1476,58880,-5.4,0.0,20.51,8,0.125,0.375,0.1,7333,
1477,58880,7.7,1.0,15.79,6,0.0,0.8333,0.1,7333,
1478,58880,-2.1,0.0,7.69,1,0.0,0.0,0.1,7333,
1479,58944,-4.9,0.0,17.65,9,0.3333,0.3333,0.1,7343,
1480,58944,6.8,1.0,17.78,8,0.25,0.625,0.1,7343,
1481,59008,-4.9,0.0,17.65,9,0.0,0.4444,0.1,7355,
1482,59008,-6.4,0.0,27.45,14,0.0714,0.4286,0.1,7355,
1483,59008,-4.4,0.0,7.84,4,0.0,0.5,0.1,7355,
1484,59008,10.4,1.0,0.0,0,,,0.1,7355,
1485,59136,-5.9,0.0,17.65,9,0.0,0.4444,0.1,7369,
1486,59200,-5.5,0.0,9.8,5,0.2,0.6,0.1,7377,
1487,59200,-2.7,0.0,11.11,2,0.0,0.0,0.1,7377,
1488,59264,-2.2,0.0,15.38,2,0.0,0.5,0.1,7390,
1489,59264,-5.9,0.0,17.65,9,0.0,0.5556,0.1,7390,
1490,59328,-3.2,0.0,31.58,6,0.0,0.6667,0.1,7403,
1491,59328,-5.1,0.0,21.57,11,0.0,0.7273,0.1,7403,
1492,59328,-6.1,0.0,21.57,11,0.0909,0.2727,0.1,7403,
1493,59392,6.3,1.0,28.89,13,0.1538,0.5385,0.1,7413,
1494,59456,-6.1,0.0,21.57,11,0.1818,0.4545,0.1,7421,
1495,59456,-4.9,0.0,17.65,9,0.2222,0.5556,0.1,7421,
1496,59520,-2.2,0.0,15.38,2,0.0,0.0,0.1,7428,
1497,59648,-1.0,0.0,18.18,2,0.0,0.5,0.1,7448,
1498,59648,-4.9,0.0,17.65,9,0.1111,0.7778,0.1,7448,
1499,59712,-2.2,0.0,15.38,2,0.0,0.5,0.1,7462,
1500,59840,9.4,1.0,12.5,3,0.0,0.6667,0.1,7478,
1501,59904,-5.7,0.0,13.73,7,0.0,0.5714,0.1,7487,
1502,59904,-5.4,0.0,7.84,4,0.0,0.5,0.1,7487,
1503,59904,6.5,1.0,9.8,5,0.0,0.2,0.1,7487,
1504,59968,-5.6,0.0,19.51,8,0.0,0.25,0.1,7496,
1505,59968,-2.6,0.0,5.56,1,0.0,0.0,0.1,7496,
1506,60032,-2.6,0.0,5.56,1,0.0,0.0,0.1,7510,
1507,60096,10.5,1.0,14.29,2,0.0,1.0,0.1,7515,
1508,60096,-4.3,0.0,5.88,3,0.0,0.3333,0.1,7515,
1509,60224,-6.0,0.0,8.16,4,0.0,0.75,0.1,7536,
1510,60288,-5.5,0.0,9.8,5,0.2,0.4,0.1,7547,
1511,60288,-5.5,0.0,9.8,5,0.0,0.6,0.1,7547,
1512,60288,-3.0,0.0,4.55,1,0.0,0.0,0.1,7547,
1513,60416,-5.8,0.0,15.69,8,0.0,0.5,0.1,7562,
1514,60416,-5.9,0.0,17.65,9,0.1111,0.3333,0.1,7562,
1515,60416,9.2,1.0,31.82,7,0.0,0.5714,0.1,7562,
1516,60416,-2.6,0.0,5.56,1,0.0,0.0,0.1,7562,
1517,60480,10.1,1.0,25.0,4,0.0,1.0,0.1,7573,
1518,60544,-4.5,0.0,9.8,5,0.0,0.8,0.1,7585,
1519,60544,-4.9,0.0,17.65,9,0.0,0.8889,0.1,7585,
1520,60608,-3.0,0.0,32.0,8,0.375,0.5,0.1,7595,
1521,60608,10.9,1.0,20.0,2,0.0,1.0,0.1,7595,
1522,60608,-4.7,0.0,8.11,3,0.0,0.6667,0.1,7595,
1523,60672,11.1,1.0,11.11,1,0.0,0.0,0.1,7606,
1524,60672,-5.7,0.0,8.7,4,0.25,0.0,0.1,7606,
1525,60736,-1.9,0.0,9.09,1,0.0,0.0,0.1,7621,
1526,60736,6.6,1.0,19.57,9,0.0,0.8889,0.1,7621,
1527,60736,-5.5,0.0,9.8,5,0.0,0.8,0.1,7621,
1528,60864,-4.7,0.0,13.73,7,0.1429,0.4286,0.1,7638,
1529,60928,-5.9,0.0,17.65,9,0.1111,0.3333,0.1,7643,
1530,60928,-5.4,0.0,7.84,4,0.0,0.75,0.1,7643,
1531,60992,-5.7,0.0,13.73,7,0.0,0.4286,0.1,7653,
1532,60992,-3.9,0.0,18.52,5,0.0,0.4,0.1,7653,
1533,61056,-5.4,0.0,7.84,4,0.0,0.5,0.1,7661,
1534,61056,-5.3,0.0,21.05,8,0.0,0.375,0.1,7661,
1535,61120,-5.6,0.0,11.76,6,0.0,0.5,0.1,7667,
1536,61120,-5.9,0.0,17.65,9,0.2222,0.7778,0.1,7667,
1537,61120,-2.3,0.0,14.29,2,0.0,0.0,0.1,7667,
1538,61120,-4.9,0.0,17.65,9,0.0,0.5556,0.1,7667,
1539,61184,-2.1,0.0,16.67,2,0.0,0.5,0.1,7678,
1540,61184,-5.5,0.0,14.29,6,0.0,0.6667,0.1,7678,
1541,61184,-6.0,0.0,19.61,10,0.3,0.3,0.1,7678,
1542,61184,-0.7,0.0,11.11,1,0.0,0.0,0.1,7678,
1543,61312,-4.3,0.0,5.88,2,0.0,0.5,0.1,7692,
1544,61376,-2.6,0.0,11.76,2,0.0,0.5,0.1,7701,
1545,61376,-6.3,0.0,25.49,13,0.1538,0.3077,0.1,7701,
1546,61504,-5.9,0.0,17.65,9,0.1111,0.4444,0.1,7720,
1547,61504,-5.9,0.0,17.65,9,0.0,0.5556,0.1,7720,
1548,61504,-5.9,0.0,17.65,9,0.1111,0.7778,0.1,7720,
1549,61504,-5.3,0.0,5.88,3,0.3333,0.3333,0.1,7720,
1550,61568,6.0,1.0,24.49,12,0.25,0.5,0.1,7728,
1551,61568,6.3,1.0,20.83,10,0.0,0.7,0.1,7728,
1552,61568,-5.6,0.0,11.76,6,0.0,0.8333,0.1,7728,
1553,61568,-2.6,0.0,11.54,3,0.0,0.6667,0.1,7728,
1554,61632,-2.6,0.0,18.75,3,0.0,0.0,0.1,7739,
1555,61632,-1.9,0.0,9.09,1,0.0,0.0,0.1,7739,
1556,61696,-3.3,0.0,18.18,4,0.25,0.0,0.1,7755,
1557,61696,-5.6,0.0,11.76,6,0.0,0.1667,0.1,7755,
1558,61696,-5.0,0.0,19.61,10,0.4,0.3,0.1,7755,
1559,61696,-4.6,0.0,11.43,4,0.0,0.25,0.1,7755,
1560,61696,-1.8,0.0,37.5,3,0.0,0.3333,0.1,7755,
1561,61760,-5.6,0.0,11.76,6,0.0,0.6667,0.1,7764,
1562,61760,-1.3,0.0,50.0,2,0.0,0.5,0.1,7764,
1563,61824,-5.5,0.0,9.8,5,0.0,1.0,0.1,7775,
1564,61824,-5.1,0.0,20.0,9,0.0,0.5556,0.1,7775,
1565,61824,-2.5,0.0,5.88,1,0.0,0.0,0.1,7775,
1566,61824,-2.2,0.0,25.0,3,0.0,0.3333,0.1,7775,
1567,61888,-1.8,0.0,5.0,1,0.0,0.0,0.1,7784,
1568,61888,-2.2,0.0,15.38,2,0.0,0.0,0.1,7784,
1569,62080,-5.5,0.0,9.8,5,0.0,0.6,0.1,7817,
1570,62144,-5.3,0.0,17.95,7,0.1429,0.1429,0.1,7825,
1571,62144,-2.4,0.0,6.25,1,0.0,0.0,0.1,7825,
1572,62144,-3.4,0.0,8.0,2,0.0,0.0,0.1,7825,
1573,62208,-5.9,0.0,15.56,7,0.2857,0.2857,0.1,7833,
1574,62272,-5.4,0.0,7.84,4,0.0,0.25,0.1,7842,
1575,62272,-5.8,0.0,15.69,8,0.0,0.5,0.1,7842,
1576,62336,-2.2,0.0,25.0,3,0.3333,0.3333,0.1,7856,
1577,62400,-1.6,0.0,35.71,5,0.2,0.4,0.1,7865,
1578,62464,-4.6,0.0,11.76,6,0.1667,0.1667,0.1,7878,
1579,62528,-5.5,0.0,14.29,6,0.0,0.5,0.1,7891,
1580,62528,10.4,1.0,13.33,2,0.0,0.5,0.1,7891,
1581,62528,-6.5,0.0,16.0,8,0.0,0.625,0.1,7891,
1582,62592,-5.6,0.0,11.76,6,0.0,0.3333,0.1,7902,
1583,62656,-6.2,0.0,23.53,12,0.0,0.4167,0.1,7913,
1584,62656,-1.5,0.0,33.33,2,0.0,0.5,0.1,7913,
1585,62656,-2.4,0.0,21.43,3,0.0,0.0,0.1,7913,
1586,62720,-2.5,0.0,5.88,1,0.0,0.0,0.1,7923,
1587,62720,-2.7,0.0,17.65,3,0.0,0.3333,0.1,7923,
1588,62784,-5.7,0.0,13.73,7,0.1429,0.2857,0.1,7934,
1589,62784,-2.4,0.0,13.33,2,0.0,0.5,0.1,7934,
1590,62848,-2.8,0.0,14.81,4,0.25,0.5,0.1,7943,
1591,62912,-5.7,0.0,13.73,7,0.0,0.7143,0.1,7954,
1592,62976,-2.1,0.0,20.0,4,0.0,0.75,0.1,7962,
1593,62976,-4.8,0.0,15.69,8,0.0,0.5,0.1,7962,
1594,63040,-3.3,0.0,23.81,5,0.0,0.6,0.1,7976,
1595,63040,6.9,1.0,26.83,11,0.0909,0.4545,0.1,7976,
1596,63168,7.1,1.0,21.95,9,0.0,0.5556,0.1,7997,
1597,63168,-6.2,0.0,23.53,12,0.0833,0.4167,0.1,7997,
1598,63168,-5.9,0.0,17.65,9,0.0,0.2222,0.1,7997,
1599,63232,-6.2,0.0,23.53,12,0.0,0.5833,0.1,8011,
1600,63232,-3.8,0.0,29.17,7,0.0,0.2857,0.1,8011,
1601,63232,11.1,1.0,11.11,1,0.0,1.0,0.1,8011,
1602,63232,-5.3,0.0,17.95,7,0.0,0.5714,0.1,8011,
1603,63296,11.2,1.0,0.0,0,,,0.1,8022,
1604,63360,-1.9,0.0,9.09,1,0.0,0.0,0.1,8039,
1605,63360,-5.0,0.0,19.61,10,0.2,0.5,0.1,8039,
1606,63424,-4.4,0.0,12.12,4,0.0,0.5,0.1,8049,
1607,63488,-2.9,0.0,29.41,5,0.2,0.2,0.1,8060,
1608,63552,-2.1,0.0,27.27,3,0.0,0.6667,0.1,8070,
1609,63552,-2.0,0.0,8.33,1,0.0,0.0,0.1,8070,
1610,63552,-6.8,0.0,19.61,10,0.1,0.3,0.1,8070,
1611,63616,11.5,1.0,50.0,2,0.0,1.0,0.1,8075,
1612,63616,-5.0,0.0,13.16,5,0.0,0.2,0.1,8075,
1613,63680,11.4,1.0,0.0,0,,,0.1,8082,
1614,63680,-0.7,0.0,25.0,2,0.0,0.5,0.1,8082,
1615,63680,-4.7,0.0,13.73,7,0.0,0.5714,0.1,8082,
1616,63680,-4.7,0.0,13.73,7,0.0,1.0,0.1,8082,
1617,63744,-5.9,0.0,17.65,9,0.1111,0.5556,0.1,8090,
1618,63744,9.2,1.0,11.54,3,0.0,0.6667,0.1,8090,
1619,63744,-3.6,0.0,16.0,4,0.25,0.25,0.1,8090,
1620,63808,-4.3,0.0,16.13,5,0.0,0.4,0.1,8098,
1621,63872,-1.7,0.0,25.0,2,0.0,0.0,0.1,8105,
1622,63936,-5.5,0.0,9.8,5,0.0,0.6,0.1,8111,
1623,63936,-5.8,0.0,15.69,8,0.125,0.25,0.1,8111,
1624,64000,-2.9,0.0,10.0,2,0.0,0.0,0.1,8119,
1625,64000,-5.2,0.0,23.53,12,0.0833,0.4167,0.1,8119,
1626,64128,-6.3,0.0,25.49,13,0.0,0.3846,0.1,8139,
1627,64128,8.0,1.0,13.89,5,0.0,1.0,0.1,8139,
1628,64192,-3.8,0.0,14.81,4,0.0,0.25,0.1,8150,
1629,64192,-5.0,0.0,13.16,5,0.0,0.2,0.1,8150,
1630,64192,-5.1,0.0,21.57,11,0.0909,0.6364,0.1,8150,
1631,64256,-6.0,0.0,19.61,10,0.0,0.4,0.1,8162,
1632,64256,-4.3,0.0,6.98,3,0.0,0.6667,0.1,8162,
1633,64256,-4.6,0.0,11.76,6,0.0,0.6667,0.1,8162,
1634,64320,-5.7,0.0,8.7,4,0.0,0.25,0.1,8172,
1635,64384,-5.4,0.0,20.51,8,0.0,0.375,0.1,8182,
1636,64384,-5.6,0.0,11.76,6,0.1667,0.3333,0.1,8182,
1637,64384,-5.5,0.0,9.8,5,0.0,0.2,0.1,8182,
1638,64448,-4.9,0.0,17.65,9,0.1111,0.2222,0.1,8186,
1639,64448,-5.8,0.0,15.69,8,0.0,0.375,0.1,8186,
1640,64576,-1.8,0.0,22.22,2,0.0,0.0,0.1,8202,
1641,64640,-5.9,0.0,8.33,4,0.0,0.5,0.1,8213,
1642,64640,-5.7,0.0,13.73,7,0.1429,0.5714,0.1,8213,
1643,64768,-4.3,0.0,5.88,3,0.0,0.3333,0.1,8236,
1644,64832,-5.0,0.0,19.61,10,0.0,0.7,0.1,8241,
1645,64832,8.0,1.0,17.14,6,0.5,0.8333,0.1,8241,
1646,64896,-2.8,0.0,19.23,5,0.2,0.2,0.1,8252,
1647,64896,-4.8,0.0,10.81,4,0.0,0.25,0.1,8252,
1648,64896,-1.9,0.0,10.0,2,0.0,0.0,0.1,8252,
1649,64960,-5.6,0.0,11.76,6,0.0,0.6667,0.1,8259,
1650,64960,-5.5,0.0,9.8,5,0.0,0.4,0.1,8259,
1651,65024,-4.9,0.0,6.12,3,0.0,0.6667,0.1,8272,
1652,65088,-5.9,0.0,17.65,9,0.0,0.3333,0.1,8277,
1653,65088,11.2,1.0,28.57,2,0.5,1.0,0.1,8277,
1654,65152,-1.2,0.0,25.0,3,0.0,0.6667,0.1,8291,
1655,65152,-6.2,0.0,17.02,8,0.25,0.5,0.1,8291,
1656,65216,-5.0,0.0,15.22,7,0.0,0.4286,0.1,8303,
1657,65280,-2.7,0.0,20.0,5,0.0,0.6,0.1,8314,
1658,65280,-3.3,0.0,4.0,1,0.0,0.0,0.1,8314,
1659,65344,-3.9,0.0,14.29,4,0.25,0.25,0.1,8329,
1660,65408,-5.6,0.0,11.76,6,0.0,0.5,0.1,8341,
1661,65472,-5.0,0.0,19.61,10,0.2,0.5,0.1,8354,
1662,65472,-4.9,0.0,10.53,4,0.0,0.5,0.1,8354,
1663,65472,-3.8,0.0,6.9,2,0.0,0.5,0.1,8354,
1664,65536,-3.6,0.0,8.33,3,0.3333,0.0,0.1,8368,
1665,65536,-4.3,0.0,16.13,5,0.4,0.4,0.1,8368,
1666,65600,-6.7,0.0,17.65,9,0.0,0.5556,0.1,8376,
1667,65728,-5.6,0.0,13.95,6,0.0,0.6667,0.1,8396,
1668,65728,9.4,1.0,17.39,4,0.0,0.75,0.1,8396,
1669,65728,11.0,1.0,0.0,0,,,0.1,8396,
1670,65792,-3.9,0.0,23.08,6,0.0,0.6667,0.1,8405,
1671,65792,-5.5,0.0,9.8,5,0.0,0.6,0.1,8405,
1672,65792,-6.1,0.0,21.57,11,0.0909,0.5455,0.1,8405,
1673,65856,-3.3,0.0,18.18,4,0.25,0.25,0.1,8415,
1674,65856,-3.9,0.0,23.08,6,0.0,0.3333,0.1,8415,
1675,65856,-2.5,0.0,20.0,3,0.0,0.0,0.1,8415,
1676,65856,-2.6,0.0,18.75,3,0.0,0.6667,0.1,8415,
1677,65920,-5.7,0.0,13.73,7,0.2857,0.5714,0.1,8424,
1678,65920,-2.0,0.0,18.18,2,0.0,0.5,0.1,8424,
1679,65984,-2.2,0.0,15.38,2,0.0,0.5,0.1,8438,
1680,65984,-4.0,0.0,22.22,6,0.0,0.3333,0.1,8438,
1681,66048,-5.4,0.0,27.45,14,0.0,0.5714,0.1,8447,
1682,66112,9.2,1.0,11.54,3,0.3333,0.0,0.1,8454,
1683,66176,-6.0,0.0,19.61,10,0.0,0.6,0.1,8464,
1684,66176,-1.3,0.0,50.0,2,0.0,0.5,0.1,8464,
1685,66176,9.6,1.0,13.64,3,0.3333,0.6667,0.1,8464,
1686,66240,-3.7,0.0,25.0,8,0.0,0.375,0.1,8478,
1687,66240,-5.7,0.0,13.73,7,0.0,0.5714,0.1,8478,
1688,66240,-1.6,0.0,12.5,1,0.0,0.0,0.1,8478,
1689,66304,-5.4,0.0,7.84,4,0.25,0.5,0.1,8485,
1690,66432,-1.5,0.0,14.29,1,0.0,0.0,0.1,8510,
1691,66432,-4.9,0.0,20.0,7,0.0,0.7143,0.1,8510,
1692,66432,-5.9,0.0,17.65,9,0.1111,0.2222,0.1,8510,
1693,66432,-4.8,0.0,15.69,8,0.125,0.125,0.1,8510,
1694,66496,-3.3,0.0,18.18,4,0.0,0.5,0.1,8518,
1695,66496,-5.2,0.0,3.92,2,0.5,0.0,0.1,8518,
1696,66560,-5.5,0.0,9.8,5,0.0,0.6,0.1,8526,
1697,66624,6.3,1.0,28.89,13,0.2308,0.5385,0.1,8534,
1698,66688,-5.7,0.0,13.73,7,0.1429,0.2857,0.1,8546,
1699,66752,-3.9,0.0,28.0,7,0.0,0.2857,0.1,8555,
1700,66752,-5.5,0.0,9.8,5,0.4,0.4,0.1,8555,
1701,66816,-3.0,0.0,10.0,3,0.0,0.3333,0.1,8563,
1702,66816,-4.9,0.0,17.65,9,0.0,0.4444,0.1,8563,
1703,66944,-5.0,0.0,19.61,10,0.1,0.4,0.1,8583,
1704,66944,-1.2,0.0,7.14,1,0.0,0.0,0.1,8583,
1705,66944,-5.5,0.0,9.8,5,0.2,0.8,0.1,8583,
1706,67008,-5.4,0.0,7.84,4,0.25,0.25,0.1,8592,
1707,67008,-4.9,0.0,17.65,9,0.0,0.5556,0.1,8592,
1708,67072,-5.8,0.0,15.69,8,0.0,0.375,0.1,8603,
1709,67136,-5.2,0.0,23.53,12,0.1667,0.3333,0.1,8616,
1710,67200,-5.8,0.0,15.91,7,0.1429,0.4286,0.1,8627,
1711,67200,-6.4,0.0,27.45,14,0.0,0.4286,0.1,8627,
1712,67200,-5.4,0.0,7.84,4,0.25,0.25,0.1,8627,
1713,67200,-1.8,0.0,10.53,2,0.0,0.5,0.1,8627,
1714,67264,-5.7,0.0,13.73,7,0.1429,0.4286,0.1,8640,
1715,67392,-6.1,0.0,21.57,11,0.1818,0.5455,0.1,8658,
1716,67520,-3.2,0.0,19.05,4,0.25,0.0,0.1,8675,
1717,67520,-6.2,0.0,23.53,12,0.0833,0.3333,0.1,8675,
1718,67584,-5.9,0.0,17.65,9,0.0,0.5556,0.1,8683,
1719,67648,-3.0,0.0,27.78,5,0.0,0.2,0.1,8695,
1720,67648,-5.7,0.0,13.73,7,0.0,0.4286,0.1,8695,
1721,67648,7.8,1.0,26.47,9,0.1111,0.6667,0.1,8695,
1722,67712,9.3,1.0,21.74,5,0.2,0.6,0.1,8699,
1723,67776,-5.0,0.0,19.44,7,0.0,0.4286,0.1,8709,
1724,67776,-1.8,0.0,22.22,2,0.0,0.0,0.1,8709,
1725,67840,-4.9,0.0,17.65,9,0.2222,0.5556,0.1,8717,
1726,67840,8.2,1.0,25.81,8,0.125,0.75,0.1,8717,
1727,67904,-4.8,0.0,15.69,8,0.0,0.625,0.1,8726,
1728,67904,-4.8,0.0,10.81,4,0.0,0.5,0.1,8726,
1729,67968,-5.7,0.0,19.05,8,0.0,0.5,0.1,8733,
1730,68096,-3.7,0.0,7.14,2,0.5,0.0,0.1,8752,
1731,68096,-4.7,0.0,13.73,7,0.0,0.4286,0.1,8752,
1732,68160,-2.3,0.0,8.33,2,0.0,0.0,0.1,8764,
1733,68160,-3.2,0.0,12.9,4,0.0,0.25,0.1,8764,
1734,68160,7.7,1.0,22.22,8,0.25,0.5,0.1,8764,
1735,68160,-5.3,0.0,5.88,3,0.0,0.6667,0.1,8764,
1736,68224,-5.0,0.0,10.26,4,0.0,0.25,0.1,8774,
1737,68224,-3.6,0.0,18.18,6,0.1667,0.1667,0.1,8774,
1738,68224,-5.7,0.0,13.73,7,0.0,0.5714,0.1,8774,
1739,68224,-4.6,0.0,16.67,7,0.0,0.4286,0.1,8774,
1740,68224,-5.1,0.0,21.57,11,0.0,0.4545,0.1,8774,
1741,68352,-4.8,0.0,15.69,8,0.125,0.75,0.1,8796,
1742,68416,-1.9,0.0,50.0,4,0.0,0.5,0.1,8806,
1743,68480,-2.6,0.0,35.71,5,0.2,0.2,0.1,8815,
1744,68544,-6.3,0.0,25.49,13,0.1538,0.3077,0.1,8827,
1745,68544,-2.2,0.0,25.0,3,0.0,0.3333,0.1,8827,
1746,68608,-4.1,0.0,15.79,6,0.0,0.6667,0.1,8830,
1747,68608,-4.6,0.0,11.76,6,0.0,0.5,0.1,8830,
1748,68672,-4.8,0.0,15.69,8,0.0,0.5,0.1,8836,
1749,68736,-6.1,0.0,10.2,5,0.2,0.2,0.1,8845,
1750,68736,-2.1,0.0,16.67,2,0.0,0.0,0.1,8845,
1751,68736,-4.9,0.0,17.65,9,0.1111,0.7778,0.1,8845,
1752,68736,-1.4,0.0,16.67,1,0.0,0.0,0.1,8845,
1753,68800,-6.1,0.0,14.89,7,0.2857,0.5714,0.1,8857,
1754,68928,-4.7,0.0,14.29,5,0.0,0.8,0.1,8878,
1755,68928,-6.5,0.0,18.37,9,0.0,0.6667,0.1,8878,
1756,68928,10.7,1.0,27.27,3,0.3333,0.6667,0.1,8878,
1757,68992,-1.2,0.0,25.0,1,0.0,0.0,0.1,8888,
1758,68992,-5.6,0.0,11.76,6,0.1667,0.5,0.1,8888,
1759,69056,9.9,1.0,4.76,1,0.0,1.0,0.1,8898,
1760,69056,-3.2,0.0,12.9,4,0.0,0.25,0.1,8898,
1761,69056,-5.5,0.0,9.8,5,0.0,0.2,0.1,8898,
1762,69056,-4.4,0.0,15.62,5,0.0,0.6,0.1,8898,
1763,69056,8.4,1.0,12.12,4,0.0,0.75,0.1,8898,
1764,69120,-4.3,0.0,5.88,3,0.3333,0.3333,0.1,8912,
1765,69120,10.2,1.0,26.67,4,0.0,1.0,0.1,8912,
1766,69120,-6.3,0.0,9.8,5,0.0,0.2,0.1,8912,
1767,69120,-4.6,0.0,5.41,2,0.0,0.0,0.1,8912,
1768,69184,7.6,1.0,21.62,8,0.25,0.375,0.1,8925,
1769,69184,-4.6,0.0,11.76,6,0.1667,0.3333,0.1,8925,
1770,69312,-5.7,0.0,13.64,6,0.0,0.3333,0.1,8945,
1771,69312,-5.1,0.0,18.92,7,0.2857,0.2857,0.1,8945,
1772,69440,-3.2,0.0,16.67,5,0.2,0.4,0.1,8961,
1773,69504,-5.8,0.0,15.69,8,0.0,0.25,0.1,8971,
1774,69504,-6.3,0.0,25.49,13,0.0,0.4615,0.1,8971,
1775,69568,6.4,1.0,21.28,10,0.0,0.5,0.1,8980,
1776,69568,11.3,1.0,14.29,1,0.0,1.0,0.1,8980,
1777,69696,-1.9,0.0,20.0,2,0.0,0.0,0.1,8996,
1778,69696,-5.8,0.0,15.69,8,0.375,0.125,0.1,8996,
1779,69696,-5.6,0.0,11.76,6,0.3333,0.3333,0.1,8996,
1780,69696,-4.8,0.0,15.69,8,0.125,0.25,0.1,8996,
1781,69696,-5.9,0.0,17.65,9,0.0,0.6667,0.1,8996,
1782,69824,-1.9,0.0,20.0,2,0.0,0.5,0.1,9020,
1783,69888,-1.5,0.0,20.0,3,0.0,0.3333,0.1,9031,
1784,69952,-4.3,0.0,9.09,3,0.0,0.6667,0.1,9042,
1785,69952,-4.0,0.0,17.86,5,0.2,0.6,0.1,9042,
1786,70016,-4.2,0.0,20.69,6,0.0,0.1667,0.1,9055,
1787,70016,-3.9,0.0,14.29,4,0.5,0.25,0.1,9055,
1788,70016,-4.6,0.0,11.76,6,0.1667,0.8333,0.1,9055,
1789,70080,-5.0,0.0,19.61,10,0.0,0.7,0.1,9064,
1790,70080,-2.5,0.0,28.57,4,0.0,0.5,0.1,9064,
1791,70208,-3.5,0.0,21.74,5,0.0,0.4,0.1,9087,
1792,70208,-5.5,0.0,9.8,5,0.0,1.0,0.1,9087,
1793,70272,-4.4,0.0,7.84,4,0.25,0.25,0.1,9099,
1794,70272,-4.4,0.0,15.62,5,0.2,0.2,0.1,9099,
1795,70272,-4.6,0.0,21.88,7,0.0,0.4286,0.1,9099,
1796,70336,-3.1,0.0,20.0,4,0.25,0.0,0.1,9110,
1797,70336,-3.5,0.0,27.27,6,0.1667,0.1667,0.1,9110,
1798,70400,-5.3,0.0,5.88,3,0.0,0.6667,0.1,9122,
1799,70464,-6.1,0.0,21.57,11,0.0,0.5455,0.1,9134,
1800,70464,-4.6,0.0,11.76,6,0.1667,0.3333,0.1,9134,
1801,70464,-5.9,0.0,17.65,9,0.0,0.3333,0.1,9134,
1802,70528,-6.8,0.0,19.61,10,0.0,0.4,0.1,9146,
1803,70528,-4.1,0.0,13.33,4,0.0,0.5,0.1,9146,
1804,70592,-1.7,0.0,11.11,1,0.0,0.0,0.1,9160,
1805,70592,-5.2,0.0,21.62,8,0.0,0.5,0.1,9160,
1806,70592,-4.1,0.0,15.79,6,0.0,0.3333,0.1,9160,
1807,70592,-2.5,0.0,28.57,4,0.0,0.5,0.1,9160,
1808,70592,-3.5,0.0,12.0,3,0.3333,0.3333,0.1,9160,
1809,70656,-5.8,0.0,15.69,8,0.0,0.625,0.1,9169,
1810,70720,6.4,1.0,26.67,12,0.0833,0.5833,0.1,9179,
1811,70784,-5.5,0.0,9.8,5,0.2,0.4,0.1,9187,
1812,70848,-4.4,0.0,23.33,7,0.0,0.2857,0.1,9200,
1813,70912,-6.0,0.0,19.61,10,0.1,0.4,0.1,9206,
1814,70912,-4.7,0.0,13.73,7,0.0,0.7143,0.1,9206,
1815,70912,-1.4,0.0,21.43,3,0.0,0.3333,0.1,9206,
1816,70912,-5.7,0.0,13.73,7,0.1429,0.5714,0.1,9206,
1817,70912,-1.5,0.0,14.29,1,0.0,0.0,0.1,9206,
1818,71040,-6.0,0.0,19.61,10,0.0,0.4,0.1,9221,
1819,71104,-1.6,0.0,12.5,1,0.0,0.0,0.1,9233,
1820,71168,-5.0,0.0,19.61,10,0.0,0.2,0.1,9244,
1821,71232,9.8,1.0,4.55,1,1.0,1.0,0.1,9255,
1822,71232,-4.1,0.0,3.03,1,0.0,0.0,0.1,9255,
1823,71296,-4.0,0.0,13.79,4,0.25,0.25,0.1,9267,
1824,71296,-1.9,0.0,9.09,1,0.0,0.0,0.1,9267,
1825,71360,-6.5,0.0,13.73,7,0.1429,0.1429,0.1,9278,
1826,71360,-5.9,0.0,17.65,9,0.1111,0.5556,0.1,9278,
1827,71552,9.7,1.0,20.0,4,0.0,0.5,0.1,9303,
1828,71552,6.7,1.0,25.58,11,0.0,0.6364,0.1,9303,
1829,71616,-2.4,0.0,6.25,1,0.0,0.0,0.1,9312,
1830,71680,-5.4,0.0,7.84,4,0.25,0.25,0.1,9320,
1831,71744,-5.8,0.0,15.69,8,0.0,0.375,0.1,9326,
1832,71744,-4.5,0.0,18.75,6,0.0,0.0,0.1,9326,
1833,71808,-4.5,0.0,9.8,5,0.0,0.6,0.1,9336,
1834,71808,-5.1,0.0,22.22,8,0.125,0.75,0.1,9336,
1835,71808,-1.6,0.0,18.75,3,0.0,0.3333,0.1,9336,
1836,71808,-4.6,0.0,11.76,6,0.1667,0.1667,0.1,9336,
1837,71872,-5.4,0.0,7.84,4,0.0,1.0,0.1,9346,
1838,71872,-3.7,0.0,20.0,5,0.0,0.4,0.1,9346,
1839,71872,-3.5,0.0,16.67,4,0.0,0.25,0.1,9346,
1840,71936,-5.8,0.0,15.69,8,0.125,0.5,0.1,9355,
1841,71936,-3.1,0.0,14.29,3,0.3333,0.3333,0.1,9355,
1842,71936,-3.8,0.0,6.9,2,0.0,0.5,0.1,9355,
1843,72000,-5.9,0.0,17.65,9,0.1111,0.5556,0.1,9363,
1844,72000,-5.5,0.0,9.8,5,0.2,0.2,0.1,9363,
1845,72064,-4.2,0.0,6.06,2,0.0,0.5,0.1,9374,
1846,72128,10.3,1.0,38.46,5,0.0,0.8,0.1,9384,
1847,72128,-3.9,0.0,18.52,5,0.0,0.8,0.1,9384,
1848,72192,-5.0,0.0,19.44,7,0.0,0.2857,0.1,9392,
1849,72192,-2.9,0.0,33.33,8,0.0,0.25,0.1,9392,
1850,72192,-2.3,0.0,4.0,1,0.0,0.0,0.1,9392,
1851,72256,-5.9,0.0,17.65,9,0.0,0.5556,0.1,9398,
1852,72320,-3.7,0.0,7.14,2,0.0,0.0,0.1,9407,
1853,72320,-5.6,0.0,11.76,6,0.1667,0.5,0.1,9407,
1854,72320,-4.6,0.0,11.76,6,0.3333,0.5,0.1,9407,
1855,72320,-5.9,0.0,17.65,9,0.0,0.6667,0.1,9407,
1856,72320,-1.7,0.0,17.65,3,0.0,0.3333,0.1,9407,
1857,72320,-1.7,0.0,25.0,2,0.0,0.5,0.1,9407,
1858,72384,-6.1,0.0,12.5,6,0.0,0.5,0.1,9413,
1859,72384,-6.8,0.0,19.61,10,0.0,0.4,0.1,9413,
1860,72384,-4.9,0.0,17.65,9,0.0,0.5556,0.1,9413,
1861,72576,-2.2,0.0,7.14,1,0.0,0.0,0.1,9443,
1862,72576,-2.2,0.0,19.05,4,0.25,0.25,0.1,9443,
1863,72576,-4.7,0.0,13.73,7,0.0,0.5714,0.1,9443,
1864,72640,9.4,1.0,35.0,7,0.0,0.5714,0.1,9446,
1865,72640,-4.4,0.0,8.82,3,0.0,0.3333,0.1,9446,
1866,72704,-4.8,0.0,17.14,6,0.0,0.1667,0.1,9460,
1867,72704,-5.3,0.0,12.2,5,0.2,0.2,0.1,9460,
1868,72704,10.3,1.0,28.57,4,0.25,0.5,0.1,9460,
1869,72768,-2.7,0.0,25.0,4,0.0,0.25,0.1,9469,
1870,72768,-5.1,0.0,21.57,11,0.0,0.3636,0.1,9469,
1871,72832,-2.1,0.0,16.67,2,0.0,0.0,0.1,9480,
1872,72832,-5.8,0.0,15.69,8,0.125,0.5,0.1,9480,
1873,72832,-1.6,0.0,12.5,1,0.0,0.0,0.1,9480,
1874,72832,-3.2,0.0,4.17,1,0.0,0.0,0.1,9480,
1875,72832,-4.4,0.0,7.84,4,0.0,0.5,0.1,9480,
1876,72896,-2.6,0.0,18.75,3,0.3333,0.6667,0.1,9489,
1877,72960,-4.5,0.0,9.8,5,0.0,0.4,0.1,9496,
1878,72960,-4.7,0.0,13.73,7,0.2857,0.2857,0.1,9496,
1879,72960,-5.7,0.0,13.73,7,0.0,0.4286,0.1,9496,
1880,72960,-5.8,0.0,8.51,4,0.0,0.75,0.1,9496,
1881,72960,-3.6,0.0,18.18,6,0.0,0.8333,0.1,9496,
1882,73024,-1.9,0.0,9.09,1,0.0,0.0,0.1,9503,
1883,73152,-3.0,0.0,15.0,3,0.0,0.3333,0.1,9521,
1884,73216,-3.0,0.0,4.55,1,0.0,0.0,0.1,9531,
1885,73216,-2.6,0.0,18.75,3,0.3333,0.3333,0.1,9531,
1886,73280,-1.9,0.0,33.33,3,0.0,0.6667,0.1,9537,
1887,73280,-3.8,0.0,10.81,4,0.0,0.5,0.1,9537,
1888,73280,-5.6,0.0,11.76,6,0.0,0.5,0.1,9537,
1889,73472,-5.6,0.0,11.76,6,0.1667,0.1667,0.1,9566,
1890,73472,-6.2,0.0,23.53,12,0.0833,0.5833,0.1,9566,
1891,73536,-5.2,0.0,3.92,2,0.0,0.5,0.1,9572,
1892,73600,10.0,1.0,10.53,2,0.0,0.5,0.1,9581,
1893,73600,-5.5,0.0,9.8,5,0.0,0.6,0.1,9581,
1894,73600,-2.7,0.0,11.11,3,0.0,0.0,0.1,9581,
1895,73664,-4.0,0.0,26.92,7,0.2857,0.2857,0.1,9590,
1896,73664,-4.0,0.0,10.0,3,0.0,0.0,0.1,9590,
1897,73728,-2.5,0.0,12.5,2,0.0,0.5,0.1,9595,
1898,73792,-4.4,0.0,7.84,4,0.0,0.25,0.1,9609,
1899,73792,8.2,1.0,25.81,8,0.0,0.625,0.1,9609,
1900,73792,10.6,1.0,15.38,2,0.0,1.0,0.1,9609,
1901,73856,10.4,1.0,21.43,3,0.0,1.0,0.1,9617,
1902,73920,-1.2,0.0,25.0,1,0.0,0.0,0.1,9626,
1903,73984,-5.7,0.0,13.73,7,0.2857,0.7143,0.1,9636,
1904,74048,-1.7,0.0,11.11,1,0.0,0.0,0.1,9645,
1905,74048,-1.2,0.0,25.0,1,0.0,0.0,0.1,9645,
1906,74176,-4.3,0.0,5.88,3,0.0,0.6667,0.1,9660,
1907,74176,-4.5,0.0,9.8,5,0.2,0.2,0.1,9660,
1908,74176,-4.8,0.0,15.69,8,0.125,0.5,0.1,9660,
1909,74176,-5.6,0.0,11.76,6,0.1667,0.1667,0.1,9660,
1910,74240,-2.0,0.0,18.18,2,0.0,0.0,0.1,9670,
1911,74304,-5.8,0.0,15.69,8,0.125,0.5,0.1,9683,
1912,74304,8.2,1.0,14.71,5,0.0,1.0,0.1,9683,
1913,74368,-4.9,0.0,17.65,9,0.1111,0.5556,0.1,9690,
1914,74368,-5.5,0.0,9.09,4,0.0,0.0,0.1,9690,
1915,74368,-3.2,0.0,13.64,3,0.3333,0.3333,0.1,9690,
1916,74432,-2.1,0.0,7.69,1,0.0,0.0,0.1,9699,
1917,74432,-4.8,0.0,7.89,3,0.0,0.3333,0.1,9699,
1918,74432,-6.0,0.0,19.61,10,0.0,0.6,0.1,9699,
1919,74496,-3.8,0.0,13.89,5,0.2,0.6,0.1,9713,
1920,74560,-5.9,0.0,10.64,5,0.2,0.6,0.1,9727,
1921,74624,-5.7,0.0,13.73,7,0.0,0.5714,0.1,9742,
1922,74624,-2.9,0.0,4.76,1,0.0,0.0,0.1,9742,
1923,74688,-3.3,0.0,18.18,4,0.0,0.5,0.1,9755,
1924,74752,8.5,1.0,20.0,6,0.0,0.8333,0.1,9762,
1925,74752,-2.7,0.0,11.11,2,0.0,0.5,0.1,9762,
1926,74816,-2.3,0.0,6.67,1,0.0,0.0,0.1,9766,
1927,74880,-2.2,0.0,36.36,4,0.0,0.0,0.1,9778,
1928,74880,-3.4,0.0,3.85,1,0.0,0.0,0.1,9778,
1929,74880,-4.7,0.0,13.73,7,0.1429,0.5714,0.1,9778,
1930,74944,-5.2,0.0,17.02,8,0.0,0.5,0.1,9781,
1931,75072,-3.4,0.0,2.78,1,0.0,0.0,0.1,9799,
1932,75136,-1.5,0.0,14.29,1,0.0,0.0,0.1,9811,
1933,75136,-2.8,0.0,23.53,4,0.0,0.75,0.1,9811,
1934,75200,-5.7,0.0,13.73,7,0.1429,0.7143,0.1,9817,
1935,75200,-6.0,0.0,19.61,10,0.0,0.3,0.1,9817,
1936,75328,-5.0,0.0,12.77,6,0.1667,0.5,0.1,9838,
1937,75392,-1.7,0.0,25.0,2,0.0,0.5,0.1,9847,
1938,75392,-4.8,0.0,15.69,8,0.125,0.625,0.1,9847,
1939,75456,7.1,1.0,21.95,9,0.1111,0.6667,0.1,9853,
1940,75456,-5.7,0.0,13.73,7,0.0,0.2857,0.1,9853,
1941,75520,-4.6,0.0,11.76,6,0.0,0.5,0.1,9863,
1942,75520,-4.7,0.0,11.11,4,0.0,0.75,0.1,9863,
1943,75584,-5.5,0.0,9.8,5,0.0,1.0,0.1,9871,
1944,75584,-2.1,0.0,7.69,1,0.0,0.0,0.1,9871,
1945,75584,-5.9,0.0,17.65,9,0.0,0.6667,0.1,9871,
1946,75584,-4.2,0.0,3.92,2,0.5,0.0,0.1,9871,
1947,75584,6.5,1.0,19.15,9,0.0,0.5556,0.1,9871,
1948,75648,-6.0,0.0,12.77,6,0.0,0.5,0.1,9881,
1949,75648,-5.0,0.0,19.61,10,0.0,0.4,0.1,9881,
1950,75648,-3.1,0.0,14.29,3,0.0,0.6667,0.1,9881,
1951,75648,-3.5,0.0,18.75,6,0.1667,0.3333,0.1,9881,
1952,75648,-5.1,0.0,21.57,11,0.0909,0.3636,0.1,9881,
1953,75712,-2.6,0.0,5.56,1,0.0,0.0,0.1,9890,
1954,75776,-5.3,0.0,17.95,7,0.1429,0.4286,0.1,9903,
1955,75776,-3.6,0.0,7.41,2,0.0,0.0,0.1,9903,
1956,75840,-5.9,0.0,17.65,9,0.0,0.4444,0.1,9916,
1957,75840,-3.4,0.0,8.0,2,0.0,0.0,0.1,9916,
1958,75840,-3.2,0.0,13.64,3,0.3333,0.3333,0.1,9916,
1959,75840,-4.7,0.0,13.73,7,0.1429,0.1429,0.1,9916,
1960,75904,-4.9,0.0,17.65,9,0.1111,0.7778,0.1,9921,
1961,75968,-5.8,0.0,15.69,8,0.375,0.375,0.1,9931,
1962,76032,-4.4,0.0,7.84,4,0.0,0.5,0.1,9943,
1963,76032,-6.0,0.0,10.42,5,0.0,0.4,0.1,9943,
1964,76096,-5.0,0.0,19.61,10,0.0,0.4,0.1,9954,
1965,76096,-4.9,0.0,17.65,9,0.4444,0.4444,0.1,9954,
1966,76096,-6.0,0.0,19.61,10,0.2,0.5,0.1,9954,
1967,76160,-3.1,0.0,20.0,4,0.0,0.25,0.1,9960,
1968,76160,-5.9,0.0,17.65,9,0.1111,0.6667,0.1,9960,
1969,76224,-5.0,0.0,19.61,10,0.0,0.6,0.1,9967,
1970,76224,-2.2,0.0,50.0,5,0.0,0.0,0.1,9967,
1971,76288,-2.0,0.0,18.18,2,0.0,0.0,0.1,9974,
1972,76288,-4.5,0.0,9.8,5,0.0,1.0,0.1,9974,
1973,76416,-4.6,0.0,11.76,6,0.5,0.3333,0.1,9993,
1974,76480,-5.0,0.0,19.44,7,0.0,0.7143,0.1,10007,
1975,76736,-6.1,0.0,21.57,11,0.3636,0.4545,0.1,10041,
1976,76864,-1.8,0.0,22.22,2,0.5,0.0,0.1,10055,
1977,76928,-5.8,0.0,15.69,8,0.125,0.5,0.1,10069,
1978,76928,-2.0,0.0,18.18,2,0.0,0.5,0.1,10069,
1979,76992,-4.8,0.0,15.69,8,0.0,0.625,0.1,10078,
1980,77056,-4.4,0.0,7.84,4,0.0,0.75,0.1,10086,
1981,77056,-5.0,0.0,30.3,10,0.1,0.4,0.1,10086,
1982,77056,-5.6,0.0,11.76,6,0.1667,0.6667,0.1,10086,
1983,77184,-5.7,0.0,13.73,7,0.0,0.5714,0.1,10108,
1984,77184,-1.5,0.0,20.0,3,0.3333,0.3333,0.1,10108,
1985,77248,-5.7,0.0,13.73,7,0.0,0.2857,0.1,10115,
1986,77312,-3.2,0.0,6.06,2,0.0,0.5,0.1,10124,
1987,77376,7.2,1.0,13.95,6,0.1667,0.6667,0.1,10130,
1988,77440,-5.5,0.0,29.41,15,0.0667,0.4667,0.1,10139,
1989,77440,-5.4,0.0,7.84,4,0.0,0.5,0.1,10139,
1990,77568,-5.4,0.0,7.84,4,0.0,0.25,0.1,10159,
1991,77568,-4.1,0.0,18.92,7,0.1429,0.5714,0.1,10159,
1992,77632,-4.3,0.0,6.98,3,0.0,0.6667,0.1,10166,
1993,77632,-6.1,0.0,21.57,11,0.0909,0.3636,0.1,10166,
1994,77632,-4.8,0.0,15.69,8,0.25,0.625,0.1,10166,
1995,77632,-4.4,0.0,7.84,4,0.0,0.5,0.1,10166,
1996,77632,-3.8,0.0,17.14,6,0.0,0.1667,0.1,10166,
1997,77632,-4.2,0.0,12.9,4,0.0,0.5,0.1,10166,
1998,77696,-5.4,0.0,7.84,4,0.0,0.5,0.1,10171,
1999,77696,-4.8,0.0,15.69,8,0.125,0.75,0.1,10171,
2000,77760,-4.9,0.0,17.65,9,0.1111,0.2222,0.1,10179,
2001,77760,-4.8,0.0,20.59,7,0.0,0.5714,0.1,10179,
2002,77888,-4.4,0.0,7.84,4,0.0,0.75,0.1,10195,
2003,77888,-4.7,0.0,25.0,8,0.0,0.25,0.1,10195,
2004,77952,8.4,1.0,23.33,7,0.0,0.8571,0.1,10206,
2005,78016,-2.3,0.0,6.67,1,0.0,0.0,0.1,10219,
2006,78016,-2.4,0.0,6.25,1,0.0,0.0,0.1,10219,
2007,78016,-5.2,0.0,12.5,5,0.2,0.2,0.1,10219,
2008,78016,-6.0,0.0,3.92,2,0.0,0.0,0.1,10219,
2009,78080,-5.6,0.0,11.76,6,0.3333,0.6667,0.1,10232,
2010,78208,7.7,1.0,15.79,6,0.0,0.5,0.1,10248,
2011,78272,9.8,1.0,35.29,6,0.0,0.8333,0.1,10260,
2012,78336,-4.5,0.0,9.8,5,0.2,0.4,0.1,10269,
2013,78400,-6.0,0.0,19.61,10,0.0,0.6,0.1,10274,
2014,78400,-5.6,0.0,11.76,6,0.1667,0.3333,0.1,10274,
2015,78528,-3.5,0.0,12.0,3,0.0,0.6667,0.1,10294,
2016,78592,-5.7,0.0,13.73,7,0.2857,0.2857,0.1,10306,
2017,78592,8.3,1.0,11.76,4,0.0,1.0,0.1,10306,
2018,78592,-2.4,0.0,13.33,2,0.0,0.0,0.1,10306,
2019,78656,-5.9,0.0,18.18,8,0.125,0.375,0.1,10320,
2020,78656,-5.4,0.0,7.84,4,0.0,0.25,0.1,10320,
2021,78656,-2.1,0.0,16.67,2,0.0,0.0,0.1,10320,
2022,78720,-6.2,0.0,23.53,12,0.0,0.5,0.1,10325,
2023,78784,-5.5,0.0,9.8,5,0.0,0.6,0.1,10332,
2024,78784,-5.0,0.0,19.61,10,0.1,0.5,0.1,10332,
2025,78784,-2.2,0.0,25.0,3,0.0,0.0,0.1,10332,
2026,78848,-5.6,0.0,11.76,6,0.1667,0.1667,0.1,10338,
2027,78848,-4.8,0.0,15.69,8,0.125,0.375,0.1,10338,
2028,78912,-5.3,0.0,5.88,3,0.0,0.6667,0.1,10350,
2029,78912,-5.6,0.0,11.76,6,0.0,0.6667,0.1,10350,
2030,78912,-2.3,0.0,6.67,1,0.0,0.0,0.1,10350,
2031,78912,-6.0,0.0,19.61,10,0.0,0.7,0.1,10350,
2032,78912,-4.8,0.0,15.69,8,0.0,0.625,0.1,10350,
2033,78976,-5.7,0.0,13.73,7,0.0,0.7143,0.1,10356,
2034,79040,-5.3,0.0,5.88,3,0.0,0.6667,0.1,10362,
2035,79104,-5.7,0.0,13.73,7,0.1429,0.4286,0.1,10371,
2036,79104,-5.5,0.0,9.8,5,0.0,0.4,0.1,10371,
2037,79104,-3.7,0.0,11.11,3,0.0,0.0,0.1,10371,
2038,79104,-3.1,0.0,9.09,2,0.0,0.0,0.1,10371,
2039,79168,-6.6,0.0,15.69,8,0.0,0.75,0.1,10384,
2040,79168,7.9,1.0,10.53,4,0.0,1.0,0.1,10384,
2041,79232,-5.6,0.0,11.76,6,0.1667,0.5,0.1,10394,
2042,79296,-5.3,0.0,5.88,3,0.0,0.6667,0.1,10402,
2043,79296,-1.6,0.0,12.5,1,0.0,0.0,0.1,10402,
2044,79360,-5.5,0.0,9.8,5,0.0,0.6,0.1,10414,
2045,79360,-6.1,0.0,21.57,11,0.0909,0.4545,0.1,10414,
2046,79360,-5.5,0.0,9.8,5,0.0,0.8,0.1,10414,
2047,79424,-4.7,0.0,13.73,7,0.0,0.7143,0.1,10419,
2048,79424,-6.0,0.0,19.61,10,0.0,0.3,0.1,10419,
2049,79488,-2.3,0.0,14.29,2,0.0,0.5,0.1,10432,
2050,79552,-4.9,0.0,17.65,9,0.1111,0.3333,0.1,10440,
2051,79616,10.9,1.0,9.09,1,0.0,1.0,0.1,10451,
2052,79616,-2.2,0.0,36.36,4,0.0,0.0,0.1,10451,
2053,79616,-5.9,0.0,20.93,9,0.0,0.2222,0.1,10451,
2054,79680,8.2,1.0,25.81,8,0.25,0.5,0.1,10459,
2055,79680,-3.5,0.0,7.69,2,0.5,0.0,0.1,10459,
2056,79744,-3.2,0.0,8.7,2,0.0,0.5,0.1,10467,
2057,79744,-5.9,0.0,17.65,9,0.0,0.7778,0.1,10467,
2058,79872,-2.6,0.0,18.75,3,0.0,0.3333,0.1,10489,
2059,80000,-1.2,0.0,25.0,3,0.0,0.3333,0.1,10508,
2060,80128,-2.9,0.0,33.33,8,0.125,0.125,0.1,10530,
2061,80192,-5.5,0.0,9.8,5,0.0,0.8,0.1,10535,
2062,80192,8.7,1.0,21.43,6,0.1667,0.5,0.1,10535,
2063,80320,-5.9,0.0,17.65,9,0.2222,0.4444,0.1,10551,
2064,80320,-5.4,0.0,7.84,4,0.0,0.75,0.1,10551,
2065,80448,-2.8,0.0,16.67,3,0.0,0.0,0.1,10572,
2066,80448,-2.2,0.0,8.7,2,0.0,0.0,0.1,10572,
2067,80448,-5.0,0.0,19.61,10,0.0,0.3,0.1,10572,
2068,80448,-3.3,0.0,12.5,4,0.25,0.0,0.1,10572,
2069,80512,-5.7,0.0,13.73,7,0.0,0.7143,0.1,10586,
2070,80512,-5.3,0.0,12.2,5,0.2,0.8,0.1,10586,
2071,80576,-3.0,0.0,3.12,1,0.0,0.0,0.1,10598,
2072,80576,-3.1,0.0,13.33,4,0.0,0.25,0.1,10598,
2073,80576,-4.9,0.0,17.65,9,0.1111,0.4444,0.1,10598,
2074,80640,-1.6,0.0,12.5,1,0.0,0.0,0.1,10609,
2075,80704,-5.9,0.0,17.65,9,0.3333,0.1111,0.1,10618,
2076,80704,8.4,1.0,23.33,7,0.0,0.4286,0.1,10618,
2077,80704,-5.7,0.0,13.73,7,0.1429,0.5714,0.1,10618,
2078,80768,-5.9,0.0,10.64,5,0.0,0.2,0.1,10626,
2079,80768,-2.8,0.0,23.53,4,0.0,0.25,0.1,10626,
2080,80832,-5.4,0.0,7.84,4,0.0,0.25,0.1,10636,
2081,80832,-5.6,0.0,11.76,6,0.1667,0.6667,0.1,10636,
2082,80896,-5.7,0.0,13.73,7,0.0,0.4286,0.1,10646,
2083,80896,-4.7,0.0,13.73,7,0.0,0.4286,0.1,10646,
2084,80896,-6.3,0.0,25.49,13,0.0,0.2308,0.1,10646,
2085,80896,-5.6,0.0,11.76,6,0.0,0.0,0.1,10646,
2086,80896,-5.6,0.0,11.76,6,0.0,0.5,0.1,10646,
2087,80960,-4.6,0.0,21.88,7,0.1429,0.5714,0.1,10656,
2088,81024,-4.4,0.0,7.84,4,0.0,0.5,0.1,10666,
2089,81024,-3.2,0.0,8.7,2,0.0,0.0,0.1,10666,
2090,81152,-2.4,0.0,30.77,4,0.0,0.5,0.1,10692,
2091,81216,-4.6,0.0,18.18,6,0.0,0.3333,0.1,10704,
2092,81280,-4.7,0.0,13.73,7,0.0,0.7143,0.1,10717,
2093,81280,-2.7,0.0,17.65,3,0.0,0.0,0.1,10717,
2094,81280,-5.6,0.0,11.76,6,0.0,0.1667,0.1,10717,
2095,81344,-1.9,0.0,9.09,1,0.0,0.0,0.1,10727,
2096,81344,-5.6,0.0,31.37,16,0.125,0.4375,0.1,10727,
2097,81408,-1.2,0.0,25.0,1,0.0,0.0,0.1,10734,
2098,81472,-5.7,0.0,13.73,7,0.0,0.5714,0.1,10740,
2099,81536,7.0,1.0,21.43,9,0.0,0.3333,0.1,10751,
2100,81536,-4.9,0.0,20.0,7,0.1429,0.5714,0.1,10751,
2101,81536,-2.1,0.0,14.29,3,0.0,0.6667,0.1,10751,
2102,81600,8.6,1.0,12.9,4,0.25,0.75,0.1,10758,
2103,81600,-4.7,0.0,13.73,7,0.2857,0.4286,0.1,10758,
2104,81856,-5.6,0.0,11.76,6,0.0,0.5,0.1,10800,
2105,81856,-2.1,0.0,40.0,4,0.0,0.5,0.1,10800,
2106,81920,-6.1,0.0,21.57,11,0.0,0.4545,0.1,10812,
2107,81920,-5.9,0.0,17.65,9,0.1111,0.5556,0.1,10812,
2108,81920,7.5,1.0,15.0,6,0.0,0.5,0.1,10812,
2109,81920,-2.6,0.0,11.76,2,0.0,0.0,0.1,10812,
2110,81984,-5.0,0.0,19.61,10,0.0,0.6,0.1,10824,
2111,82048,-2.5,0.0,12.5,2,0.0,0.0,0.1,10839,
2112,82048,-5.4,0.0,14.63,6,0.1667,0.5,0.1,10839,
2113,82048,-3.8,0.0,20.59,7,0.2857,0.1429,0.1,10839,
2114,82048,-6.0,0.0,19.61,10,0.1,0.4,0.1,10839,
2115,82048,-5.5,0.0,14.29,6,0.0,0.5,0.1,10839,
2116,82176,-4.9,0.0,17.65,9,0.1111,0.6667,0.1,10850,
2117,82176,-4.5,0.0,9.8,5,0.2,0.8,0.1,10850,
2118,82240,-4.7,0.0,14.29,5,0.0,0.4,0.1,10864,
2119,82304,-4.5,0.0,9.8,5,0.2,0.4,0.1,10875,
2120,82304,6.3,1.0,16.0,8,0.125,0.5,0.1,10875,
2121,82368,-4.3,0.0,24.14,7,0.2857,0.4286,0.1,10884,
2122,82368,-2.1,0.0,7.69,1,0.0,0.0,0.1,10884,
2123,82368,-3.1,0.0,4.35,1,0.0,0.0,0.1,10884,
2124,82368,-4.7,0.0,13.73,7,0.0,0.7143,0.1,10884,
2125,82368,-2.8,0.0,10.71,3,0.0,0.3333,0.1,10884,
2126,82368,-6.0,0.0,19.61,10,0.3,0.3,0.1,10884,
2127,82432,-2.2,0.0,8.7,2,0.0,0.0,0.1,10901,
2128,82432,-6.2,0.0,23.53,12,0.0,0.5,0.1,10901,
2129,82432,-5.2,0.0,3.92,2,0.0,1.0,0.1,10901,
2130,82560,-3.8,0.0,14.81,4,0.0,0.0,0.1,10926,
2131,82560,9.7,1.0,20.0,4,0.0,0.75,0.1,10926,
2132,82560,-4.3,0.0,16.13,5,0.0,0.6,0.1,10926,
2133,82624,-5.8,0.0,15.69,8,0.0,0.5,0.1,10941,
2134,82688,-5.7,0.0,13.73,7,0.4286,0.5714,0.1,10954,
2135,82752,-6.0,0.0,19.61,10,0.4,0.3,0.1,10965,
2136,82816,10.5,1.0,23.08,3,0.3333,0.6667,0.1,10977,
2137,82880,-5.3,0.0,14.29,7,0.0,0.7143,0.1,10988,
2138,82880,-5.9,0.0,17.65,9,0.0,0.5556,0.1,10988,
2139,82880,-5.6,0.0,11.76,6,0.5,0.5,0.1,10988,
2140,82880,-2.6,0.0,26.67,4,0.5,0.25,0.1,10988,
2141,82944,-5.1,0.0,21.57,11,0.0909,0.4545,0.1,11003,
2142,83008,-1.5,0.0,33.33,2,0.0,0.0,0.1,11016,
2143,83008,-5.1,0.0,21.57,11,0.1818,0.0909,0.1,11016,
2144,83008,8.3,1.0,15.15,5,0.0,1.0,0.1,11016,
2145,83200,-1.6,0.0,35.71,5,0.0,0.4,0.1,11043,
2146,83200,-2.8,0.0,16.67,3,0.0,0.6667,0.1,11043,
2147,83328,-3.6,0.0,31.82,7,0.0,0.1429,0.1,11063,
2148,83328,-5.7,0.0,25.0,10,0.1,0.7,0.1,11063,
2149,83392,-1.6,0.0,28.57,2,0.0,0.5,0.1,11074,
2150,83456,-5.8,0.0,10.87,5,0.2,0.4,0.1,11088,
2151,83456,-5.1,0.0,10.0,4,0.0,0.5,0.1,11088,
2152,83520,-5.5,0.0,23.08,9,0.0,0.5556,0.1,11101,
2153,83584,-6.4,0.0,27.45,14,0.1429,0.4286,0.1,11109,
2154,83712,-5.7,0.0,13.73,7,0.0,0.5714,0.1,11130,
2155,83712,-5.5,0.0,9.8,5,0.0,1.0,0.1,11130,
2156,83712,-6.5,0.0,29.41,15,0.0,0.6,0.1,11130,
2157,83712,-6.1,0.0,21.57,11,0.0,0.4545,0.1,11130,
2158,83712,-3.9,0.0,14.29,4,0.25,0.0,0.1,11130,
2159,83776,9.0,1.0,14.81,4,0.0,0.5,0.1,11140,
2160,83840,-5.7,0.0,13.73,7,0.0,0.7143,0.1,11153,
2161,83904,-3.6,0.0,26.09,6,0.0,0.5,0.1,11160,
2162,83904,-3.6,0.0,20.83,5,0.0,0.4,0.1,11160,
2163,83968,-4.3,0.0,5.88,3,0.0,0.3333,0.1,11175,
2164,83968,-5.9,0.0,17.65,9,0.1111,0.2222,0.1,11175,
2165,83968,-6.0,0.0,19.61,10,0.1,0.5,0.1,11175,
2166,83968,-3.7,0.0,20.0,5,0.0,0.6,0.1,11175,
2167,84032,-4.5,0.0,22.58,7,0.0,0.5714,0.1,11186,
2168,84032,-5.8,0.0,15.69,8,0.125,0.5,0.1,11186,
2169,84032,-3.2,0.0,8.7,2,0.0,0.5,0.1,11186,
2170,84096,8.6,1.0,20.69,6,0.1667,0.8333,0.1,11199,
2171,84160,-5.7,0.0,13.73,7,0.0,0.4286,0.1,11204,
2172,84160,-1.5,0.0,14.29,1,0.0,0.0,0.1,11204,
2173,84160,-5.7,0.0,13.73,7,0.0,0.8571,0.1,11204,
2174,84224,-3.4,0.0,27.59,8,0.0,0.625,0.1,11217,
2175,84224,-1.5,0.0,14.29,1,0.0,0.0,0.1,11217,
2176,84288,-3.1,0.0,20.0,4,0.0,0.25,0.1,11233,
2177,84288,-5.9,0.0,18.18,8,0.0,0.5,0.1,11233,
2178,84352,-5.0,0.0,19.44,7,0.1429,0.2857,0.1,11243,
2179,84352,11.4,1.0,0.0,0,,,0.1,11243,
2180,84416,-3.4,0.0,8.0,2,0.5,0.5,0.1,11253,
2181,84480,-1.8,0.0,16.67,3,0.0,0.0,0.1,11263,
2182,84544,-4.8,0.0,15.69,8,0.125,0.5,0.1,11275,
2183,84544,-5.8,0.0,15.69,8,0.25,0.5,0.1,11275,
2184,84608,-4.2,0.0,16.67,5,0.2,0.4,0.1,11289,
2185,84608,-5.0,0.0,19.61,10,0.0,0.4,0.1,11289,
2186,84608,-5.6,0.0,11.76,6,0.0,0.1667,0.1,11289,
2187,84608,-6.2,0.0,17.02,8,0.125,0.125,0.1,11289,
2188,84672,-1.5,0.0,14.29,1,0.0,0.0,0.1,11301,
2189,84672,-5.5,0.0,9.8,5,0.2,0.4,0.1,11301,
2190,84800,-2.5,0.0,5.88,1,0.0,0.0,0.1,11328,
2191,84800,-5.4,0.0,7.84,4,0.5,0.5,0.1,11328,
2192,84800,-5.6,0.0,11.76,6,0.0,0.5,0.1,11328,
2193,84864,-5.4,0.0,7.84,4,0.0,0.5,0.1,11335,
2194,84928,-5.2,0.0,12.5,5,0.0,0.6,0.1,11346,
2195,85056,-2.6,0.0,11.76,2,0.0,0.5,0.1,11368,
2196,85120,-6.1,0.0,21.57,11,0.0,0.4545,0.1,11383,
2197,85120,-5.5,0.0,9.8,5,0.0,0.4,0.1,11383,
2198,85120,-5.4,0.0,18.75,9,0.0,0.4444,0.1,11383,
2199,85120,7.8,1.0,22.86,8,0.25,0.625,0.1,11383,
2200,85184,-5.0,0.0,19.61,10,0.1,0.3,0.1,11397,
2201,85184,-3.4,0.0,17.39,4,0.0,0.75,0.1,11397,
2202,85312,-1.9,0.0,37.5,6,0.1667,0.3333,0.1,11419,
2203,85440,-3.3,0.0,18.18,4,0.0,0.5,0.1,11435,
2204,85440,-5.7,0.0,13.73,7,0.0,0.4286,0.1,11435,
2205,85440,-5.2,0.0,23.53,12,0.1667,0.3333,0.1,11435,
2206,85504,-2.5,0.0,12.5,2,0.0,0.5,0.1,11443,
2207,85568,-4.9,0.0,17.65,9,0.2222,0.5556,0.1,11452,
2208,85568,-6.6,0.0,18.0,9,0.1111,0.5556,0.1,11452,
2209,85632,-3.1,0.0,14.29,3,0.0,0.3333,0.1,11462,
2210,85632,-6.9,0.0,21.57,11,0.0909,0.4545,0.1,11462,
2211,85696,-5.8,0.0,15.69,8,0.125,0.875,0.1,11475,
2212,85696,-4.9,0.0,17.65,9,0.2222,0.3333,0.1,11475,
2213,85760,-4.9,0.0,16.67,6,0.0,0.6667,0.1,11485,
2214,85760,-2.5,0.0,20.0,3,0.3333,0.3333,0.1,11485,
2215,85824,-5.0,0.0,19.61,10,0.0,0.5,0.1,11499,
2216,85824,-6.1,0.0,22.73,10,0.0,0.4,0.1,11499,
2217,85824,-4.9,0.0,17.65,9,0.1111,0.7778,0.1,11499,
2218,85888,9.6,1.0,25.0,5,0.2,0.6,0.1,11506,
2219,85888,-3.6,0.0,20.83,5,0.0,0.8,0.1,11506,
2220,85952,-5.7,0.0,16.28,7,0.1429,0.1429,0.1,11519,
2221,86016,-4.7,0.0,13.73,7,0.1429,0.4286,0.1,11532,
2222,86016,-4.6,0.0,22.5,9,0.1111,0.5556,0.1,11532,
2223,86080,-2.3,0.0,6.67,1,0.0,0.0,0.1,11545,
2224,86080,-4.1,0.0,9.68,3,0.0,0.3333,0.1,11545,
2225,86080,-6.7,0.0,20.0,10,0.0,0.1,0.1,11545,
2226,86144,10.1,1.0,25.0,4,0.25,0.25,0.1,11550,
2227,86144,-5.7,0.0,13.73,7,0.1429,0.5714,0.1,11550,
2228,86144,-5.6,0.0,11.76,6,0.1667,0.3333,0.1,11550,
2229,86208,-2.1,0.0,16.67,2,0.0,0.0,0.1,11561,
2230,86272,-5.7,0.0,19.05,8,0.0,0.125,0.1,11577,
2231,86272,-6.1,0.0,21.57,11,0.0909,0.2727,0.1,11577,
2232,86400,-6.6,0.0,18.0,9,0.1111,0.5556,0.1,11605,
2233,86400,-2.9,0.0,15.79,3,0.0,0.0,0.1,11605,
2234,86400,10.3,1.0,20.0,3,0.0,0.6667,0.1,11605,
2235,86464,-2.4,0.0,6.25,1,0.0,0.0,0.1,11616,
2236,86464,-1.4,0.0,16.67,1,0.0,0.0,0.1,11616,
2237,86528,7.9,1.0,35.48,11,0.0909,0.6364,0.1,11625,
2238,86592,-5.8,0.0,15.69,8,0.0,0.375,0.1,11635,
2239,86656,-5.6,0.0,11.76,6,0.0,0.6667,0.1,11647,
2240,86656,-5.6,0.0,13.95,6,0.0,0.1667,0.1,11647,
2241,86656,-1.9,0.0,20.0,2,0.0,0.5,0.1,11647,
2242,86656,-4.8,0.0,17.14,6,0.1667,0.5,0.1,11647,
2243,86784,-5.6,0.0,11.76,6,0.1667,0.5,0.1,11670,
2244,86784,-2.2,0.0,25.0,3,0.0,0.6667,0.1,11670,
2245,86912,-2.5,0.0,38.46,5,0.2,0.2,0.1,11698,
2246,86976,-2.1,0.0,27.27,3,0.0,0.3333,0.1,11709,
2247,86976,-6.5,0.0,29.41,15,0.0,0.4667,0.1,11709,
2248,86976,-5.9,0.0,17.65,9,0.0,0.5556,0.1,11709,
2249,87104,-6.1,0.0,21.57,11,0.0,0.8182,0.1,11733,
2250,87104,8.2,1.0,25.81,8,0.0,0.5,0.1,11733,
2251,87168,-3.8,0.0,17.14,6,0.1667,0.6667,0.1,11753,
2252,87168,-2.5,0.0,12.5,2,0.0,0.5,0.1,11753,
2253,87232,6.5,1.0,16.67,8,0.125,0.75,0.1,11766,
2254,87232,-5.9,0.0,17.65,9,0.0,0.5556,0.1,11766,
2255,87232,-5.2,0.0,23.53,12,0.0833,0.5833,0.1,11766,
2256,87232,-6.1,0.0,21.57,11,0.0,0.4545,0.1,11766,
2257,87296,-5.0,0.0,19.61,10,0.1,0.7,0.1,11778,
2258,87296,-5.9,0.0,17.65,9,0.1111,0.4444,0.1,11778,
2259,87360,-2.1,0.0,7.69,1,0.0,0.0,0.1,11782,
2260,87424,-5.7,0.0,13.73,7,0.0,0.4286,0.1,11790,
2261,87424,-5.8,0.0,15.69,8,0.125,0.625,0.1,11790,
2262,87424,-2.7,0.0,25.0,4,0.0,0.0,0.1,11790,
2263,87424,-5.0,0.0,22.86,8,0.125,0.5,0.1,11790,
2264,87488,-6.2,0.0,23.53,12,0.1667,0.5,0.1,11798,
2265,87488,6.5,1.0,14.29,7,0.0,0.4286,0.1,11798,
2266,87552,-1.8,0.0,23.53,4,0.0,0.5,0.1,11809,
2267,87552,-4.0,0.0,22.22,6,0.0,0.0,0.1,11809,
2268,87616,-1.3,0.0,20.0,1,0.0,0.0,0.1,11824,
2269,87680,-1.5,0.0,14.29,1,0.0,0.0,0.1,11837,
2270,87744,-4.9,0.0,8.33,4,0.0,0.25,0.1,11851,
2271,87744,-5.3,0.0,16.67,8,0.0,0.25,0.1,11851,
2272,87744,-3.0,0.0,15.0,3,0.0,0.3333,0.1,11851,
2273,87808,-5.7,0.0,13.73,7,0.0,0.7143,0.1,11861,
2274,87872,-4.9,0.0,17.65,9,0.2222,0.5556,0.1,11879,
2275,87872,7.6,1.0,21.62,8,0.125,0.625,0.1,11879,
2276,87872,-5.6,0.0,11.76,6,0.0,0.6667,0.1,11879,
2277,87872,-3.1,0.0,26.32,5,0.0,0.2,0.1,11879,
2278,87872,-2.2,0.0,25.0,3,0.0,0.3333,0.1,11879,
2279,87872,-5.0,0.0,19.61,10,0.1,0.5,0.1,11879,
2280,87872,-3.7,0.0,15.38,4,0.0,0.25,0.1,11879,
2281,87936,9.5,1.0,30.0,6,0.0,0.3333,0.1,11886,
2282,87936,-1.8,0.0,37.5,3,0.0,0.3333,0.1,11886,
2283,88000,-2.6,0.0,11.76,2,0.0,0.5,0.1,11899,
2284,88064,-5.6,0.0,13.95,6,0.1667,0.5,0.1,11911,
2285,88064,-5.6,0.0,11.76,6,0.1667,0.3333,0.1,11911,
2286,88064,-5.2,0.0,23.53,12,0.25,0.4167,0.1,11911,
2287,88128,-1.3,0.0,20.0,1,0.0,0.0,0.1,11926,
2288,88128,-6.0,0.0,19.61,10,0.0,0.5,0.1,11926,
2289,88192,-1.3,0.0,20.0,1,0.0,0.0,0.1,11945,
2290,88256,-0.7,0.0,25.0,2,0.0,0.5,0.1,11960,
2291,88320,-6.1,0.0,21.57,11,0.0909,0.4545,0.1,11969,
2292,88384,-5.6,0.0,11.76,6,0.0,0.3333,0.1,11985,
2293,88512,-6.1,0.0,25.58,11,0.0,0.6364,0.1,12007,
2294,88576,9.8,1.0,35.29,6,0.1667,0.3333,0.1,12014,
2295,88640,-1.9,0.0,20.0,2,0.0,0.5,0.1,12021,
2296,88704,-2.4,0.0,30.77,4,0.0,0.25,0.1,12030,
2297,88704,7.1,1.0,25.0,10,0.1,0.8,0.1,12030,
2298,88768,-1.8,0.0,10.0,1,0.0,0.0,0.1,12041,
2299,88832,-2.1,0.0,9.09,2,0.0,0.0,0.1,12056,
2300,88832,-4.6,0.0,11.76,6,0.0,0.8333,0.1,12056,
2301,88832,-4.9,0.0,10.53,4,0.0,0.25,0.1,12056,
2302,88832,-6.0,0.0,19.61,10,0.0,0.5,0.1,12056,
2303,88896,-5.8,0.0,15.69,8,0.125,0.625,0.1,12065,
2304,88896,-5.7,0.0,13.73,7,0.1429,0.7143,0.1,12065,
2305,88896,-2.4,0.0,6.25,1,0.0,0.0,0.1,12065,
2306,88960,-5.7,0.0,13.73,7,0.0,0.5714,0.1,12073,
2307,88960,-5.8,0.0,15.69,8,0.0,0.75,0.1,12073,
2308,89024,-5.0,0.0,19.61,10,0.0,0.6,0.1,12086,
2309,89024,5.9,1.0,26.53,13,0.0,0.4615,0.1,12086,
2310,89088,-5.1,0.0,21.57,11,0.1818,0.5455,0.1,12094,
2311,89088,-4.9,0.0,17.65,9,0.1111,0.7778,0.1,12094,
2312,89088,-2.0,0.0,21.05,4,0.25,0.0,0.1,12094,
2313,89152,-1.8,0.0,5.0,1,0.0,0.0,0.1,12108,
2314,89152,-2.7,0.0,25.0,6,0.1667,0.5,0.1,12108,
2315,89152,-5.7,0.0,13.73,7,0.2857,0.0,0.1,12108,
2316,89152,10.0,1.0,50.0,7,0.0,0.4286,0.1,12108,
2317,89216,-6.3,0.0,25.49,13,0.0,0.4615,0.1,12121,
2318,89216,-2.6,0.0,18.75,3,0.0,0.3333,0.1,12121,
2319,89216,10.6,1.0,15.38,2,1.0,1.0,0.1,12121,
2320,89344,-4.1,0.0,13.33,4,0.0,0.25,0.1,12145,
2321,89344,-5.9,0.0,17.65,9,0.0,0.4444,0.1,12145,
2322,89408,-6.0,0.0,19.61,10,0.1,0.5,0.1,12159,
2323,89408,-6.7,0.0,27.66,13,0.1538,0.3846,0.1,12159,
2324,89408,11.5,1.0,20.0,1,0.0,1.0,0.1,12159,
2325,89472,8.8,1.0,50.0,11,0.1818,0.3636,0.1,12174,
2326,89536,-5.6,0.0,11.76,6,0.0,0.1667,0.1,12182,
2327,89664,-5.8,0.0,13.33,6,0.1667,0.1667,0.1,12210,
2328,89664,-2.2,0.0,15.38,2,0.0,0.0,0.1,12210,
2329,89728,7.6,1.0,15.38,6,0.1667,0.3333,0.1,12220,
2330,89728,-4.2,0.0,15.38,6,0.0,0.5,0.1,12220,
2331,89792,-2.0,0.0,18.18,2,0.0,0.5,0.1,12225,
2332,89856,8.6,1.0,25.0,7,0.1429,0.8571,0.1,12237,
2333,89856,-6.2,0.0,23.53,12,0.0,0.75,0.1,12237,
2334,89856,-5.3,0.0,21.05,8,0.125,0.25,0.1,12237,
2335,89920,-2.1,0.0,27.27,3,0.0,0.3333,0.1,12256,
2336,89920,10.4,1.0,21.43,3,0.0,0.6667,0.1,12256,
2337,89920,-5.7,0.0,13.73,7,0.0,0.4286,0.1,12256,
2338,89920,-5.8,0.0,15.69,8,0.0,0.5,0.1,12256,
2339,89920,-5.1,0.0,25.58,11,0.0909,0.2727,0.1,12256,
2340,90048,-7.1,0.0,33.33,16,0.0,0.4375,0.1,12284,
2341,90048,-5.1,0.0,21.57,11,0.0909,0.6364,0.1,12284,
2342,90112,10.3,1.0,28.57,4,0.0,0.75,0.1,12302,
2343,90112,-5.0,0.0,15.22,7,0.0,0.2857,0.1,12302,
2344,90176,10.8,1.0,30.0,3,0.0,0.6667,0.1,12315,
2345,90176,-6.3,0.0,12.0,6,0.0,0.5,0.1,12315,
2346,90240,-2.5,0.0,12.5,2,0.0,0.0,0.1,12322,
2347,90240,-5.7,0.0,13.73,7,0.1429,0.2857,0.1,12322,
2348,90368,-5.2,0.0,15.38,6,0.1667,0.5,0.1,12344,
2349,90368,-6.1,0.0,21.57,11,0.0909,0.4545,0.1,12344,
2350,90432,-2.1,0.0,27.27,3,0.0,0.3333,0.1,12358,
2351,90496,-4.3,0.0,16.13,5,0.0,0.4,0.1,12375,
2352,90496,-3.4,0.0,22.73,5,0.2,0.4,0.1,12375,
2353,90496,-1.6,0.0,11.76,2,0.0,0.0,0.1,12375,
2354,90496,-4.5,0.0,9.8,5,0.0,0.4,0.1,12375,
2355,90560,-6.6,0.0,18.0,9,0.0,0.5556,0.1,12385,
2356,90560,-5.3,0.0,25.49,13,0.2308,0.5385,0.1,12385,
2357,90560,-3.4,0.0,8.0,2,0.0,0.5,0.1,12385,
2358,90624,-3.5,0.0,21.74,5,0.0,0.6,0.1,12401,
2359,90752,-5.6,0.0,11.76,6,0.1667,0.1667,0.1,12419,
2360,90752,6.4,1.0,21.28,10,0.1,0.5,0.1,12419,
2361,90816,-5.8,0.0,15.69,8,0.125,0.5,0.1,12432,
2362,90816,-5.9,0.0,17.65,9,0.2222,0.4444,0.1,12432,
2363,90880,10.8,1.0,30.0,3,0.0,0.6667,0.1,12437,
2364,90944,-6.0,0.0,19.61,10,0.2,0.4,0.1,12446,
2365,91008,-3.5,0.0,33.33,7,0.0,0.4286,0.1,12456,
2366,91008,-5.0,0.0,19.61,10,0.1,0.6,0.1,12456,
2367,91136,-5.9,0.0,17.65,9,0.1111,0.4444,0.1,12481,
2368,91136,-1.9,0.0,20.0,2,0.0,0.5,0.1,12481,
2369,91136,-2.3,0.0,14.29,2,0.0,0.0,0.1,12481,
2370,91200,-5.5,0.0,23.08,9,0.0,0.5556,0.1,12493,
2371,91200,-5.5,0.0,9.8,5,0.0,0.6,0.1,12493,
2372,91200,-4.9,0.0,17.65,9,0.0,0.5556,0.1,12493,
2373,91200,9.5,1.0,18.18,4,0.25,0.5,0.1,12493,
2374,91264,-4.8,0.0,17.14,6,0.0,0.5,0.1,12499,
2375,91328,-5.1,0.0,21.57,11,0.0,0.6364,0.1,12507,
2376,91328,-4.3,0.0,16.13,5,0.0,0.8,0.1,12507,
2377,91392,-2.6,0.0,26.67,4,0.25,0.25,0.1,12518,
2378,91392,-5.6,0.0,11.76,6,0.3333,0.3333,0.1,12518,
2379,91456,-4.0,0.0,32.0,8,0.125,0.25,0.1,12528,
2380,91520,7.4,1.0,14.63,6,0.1667,0.8333,0.1,12540,
2381,91584,-5.0,0.0,19.61,10,0.1,0.5,0.1,12554,
2382,91648,-1.7,0.0,25.0,2,0.5,0.0,0.1,12561,
2383,91648,-1.5,0.0,12.5,2,0.0,0.5,0.1,12561,
2384,91712,-4.2,0.0,25.0,7,0.0,0.5714,0.1,12570,
2385,91776,-1.7,0.0,42.86,3,0.0,0.0,0.1,12578,
2386,91776,-2.3,0.0,6.67,1,0.0,0.0,0.1,12578,
2387,91840,-4.3,0.0,16.13,5,0.0,0.6,0.1,12595,
2388,91840,-6.5,0.0,29.41,15,0.0,0.7333,0.1,12595,
2389,91904,-3.8,0.0,14.81,4,0.0,0.5,0.1,12612,
2390,91904,-5.8,0.0,15.69,8,0.125,0.5,0.1,12612,
2391,91968,-3.9,0.0,14.29,4,0.0,0.0,0.1,12623,
2392,91968,-5.5,0.0,9.8,5,0.0,0.6,0.1,12623,
2393,91968,-2.4,0.0,17.39,4,0.0,0.5,0.1,12623,
2394,92032,-2.5,0.0,12.5,2,0.0,0.5,0.1,12633,
2395,92032,-5.6,0.0,11.76,6,0.0,0.1667,0.1,12633,
2396,92096,-5.7,0.0,13.73,7,0.0,0.7143,0.1,12639,
2397,92096,-6.0,0.0,19.61,10,0.1,0.4,0.1,12639,
2398,92096,-5.7,0.0,13.73,7,0.2857,0.4286,0.1,12639,
2399,92096,8.1,1.0,17.65,6,0.0,0.8333,0.1,12639,
2400,92160,-4.6,0.0,18.18,6,0.0,0.3333,0.1,12650,
2401,92160,-5.8,0.0,15.69,8,0.0,0.5,0.1,12650,
2402,92160,-5.7,0.0,13.73,7,0.1429,0.1429,0.1,12650,
2403,92224,-6.3,0.0,25.49,13,0.1538,0.3846,0.1,12665,
2404,92352,-5.7,0.0,8.7,4,0.0,0.25,0.1,12683,
2405,92352,8.4,1.0,32.14,9,0.1111,0.6667,0.1,12683,
2406,92416,-5.0,0.0,19.61,10,0.0,0.6,0.1,12692,
2407,92416,-5.9,0.0,17.65,9,0.0,0.7778,0.1,12692,
2408,92416,-5.2,0.0,23.53,12,0.0833,0.6667,0.1,12692,
2409,92416,-3.9,0.0,10.34,3,0.0,0.3333,0.1,12692,
2410,92416,-3.9,0.0,10.34,3,0.3333,0.3333,0.1,12692,
2411,92544,-5.1,0.0,22.73,10,0.2,0.3,0.1,12717,
2412,92544,-1.9,0.0,20.0,2,0.5,0.0,0.1,12717,
2413,92608,-6.0,0.0,19.61,10,0.3,0.3,0.1,12727,
2414,92608,-0.8,0.0,10.0,1,0.0,0.0,0.1,12727,
2415,92608,-1.7,0.0,11.11,1,0.0,0.0,0.1,12727,
2416,92672,-4.1,0.0,21.43,6,0.0,0.3333,0.1,12738,
2417,92672,-4.6,0.0,11.76,6,0.0,0.3333,0.1,12738,
2418,92736,-5.1,0.0,21.57,11,0.0,0.5455,0.1,12745,
2419,92736,-2.1,0.0,16.67,2,0.0,0.5,0.1,12745,
2420,92864,7.3,1.0,11.63,5,0.0,0.8,0.1,12765,
2421,92864,-2.0,0.0,21.05,4,0.0,0.5,0.1,12765,
2422,92928,-6.0,0.0,19.61,10,0.0,0.8,0.1,12779,
2423,92928,-6.1,0.0,12.5,6,0.0,0.3333,0.1,12779,
2424,92992,-1.6,0.0,11.76,2,0.0,0.5,0.1,12789,
2425,93120,-2.3,0.0,14.29,2,0.0,0.5,0.1,12818,
2426,93120,-3.5,0.0,16.67,4,0.0,0.25,0.1,12818,
2427,93120,-1.6,0.0,12.5,1,0.0,0.0,0.1,12818,
2428,93120,-6.2,0.0,14.58,7,0.0,0.4286,0.1,12818,
2429,93184,-5.4,0.0,7.84,4,0.0,0.75,0.1,12827,
2430,93184,-5.3,0.0,5.88,3,0.0,1.0,0.1,12827,
2431,93184,-3.1,0.0,14.29,3,0.0,0.6667,0.1,12827,
2432,93184,-4.8,0.0,15.69,8,0.0,0.75,0.1,12827,
2433,93248,-2.1,0.0,7.69,1,0.0,0.0,0.1,12837,
2434,93312,-2.9,0.0,15.79,3,0.0,0.0,0.1,12851,
2435,93312,7.6,1.0,12.5,5,0.2,0.6,0.1,12851,
2436,93376,-5.9,0.0,37.25,19,0.0,0.5263,0.1,12859,
2437,93440,-2.5,0.0,12.5,2,0.5,0.5,0.1,12870,
2438,93440,10.9,1.0,33.33,3,0.3333,0.6667,0.1,12870,
2439,93504,7.6,1.0,21.62,8,0.125,0.375,0.1,12884,
2440,93504,-1.4,0.0,16.67,1,0.0,0.0,0.1,12884,
2441,93504,-3.4,0.0,12.5,3,0.0,0.3333,0.1,12884,
2442,93568,7.0,1.0,18.6,8,0.0,0.375,0.1,12892,
2443,93568,11.3,1.0,14.29,1,1.0,0.0,0.1,12892,
2444,93632,-3.9,0.0,10.34,3,0.0,0.6667,0.1,12903,
2445,93632,-5.7,0.0,13.73,7,0.0,0.4286,0.1,12903,
2446,93632,-4.8,0.0,15.69,8,0.125,0.75,0.1,12903,
2447,93696,-5.1,0.0,12.82,5,0.0,0.2,0.1,12912,
2448,93760,-5.7,0.0,13.73,7,0.1429,0.2857,0.1,12923,
2449,93760,-3.3,0.0,23.81,5,0.0,0.4,0.1,12923,
2450,93760,-5.8,0.0,15.69,8,0.25,0.5,0.1,12923,
2451,93824,-3.1,0.0,26.32,5,0.0,0.2,0.1,12929,
2452,93888,7.0,1.0,21.43,9,0.1111,0.3333,0.1,12941,
2453,93888,-3.8,0.0,29.17,7,0.1429,0.2857,0.1,12941,
2454,93952,-2.8,0.0,10.71,3,0.0,0.3333,0.1,12949,
2455,94016,-5.6,0.0,31.37,16,0.125,0.4375,0.1,12963,
2456,94016,-6.0,0.0,20.45,9,0.1111,0.5556,0.1,12963,
2457,94080,-4.1,0.0,13.33,4,0.0,0.5,0.1,12971,
2458,94144,-2.9,0.0,18.52,5,0.2,0.2,0.1,12983,
2459,94144,-1.5,0.0,28.57,4,0.25,0.5,0.1,12983,
2460,94144,-2.2,0.0,15.38,2,0.0,0.5,0.1,12983,
2461,94144,-4.2,0.0,9.76,4,0.0,0.5,0.1,12983,
2462,94144,-2.5,0.0,20.0,3,0.0,0.3333,0.1,12983,
2463,94208,-4.4,0.0,23.68,9,0.0,0.5556,0.1,12997,
2464,94208,-6.0,0.0,19.61,10,0.1,0.5,0.1,12997,
2465,94272,-5.1,0.0,1.96,1,0.0,0.0,0.1,13007,
2466,94336,-1.6,0.0,28.57,2,0.0,0.5,0.1,13019,
2467,94400,-6.0,0.0,19.61,10,0.1,0.5,0.1,13035,
2468,94464,-4.9,0.0,17.65,9,0.0,0.2222,0.1,13045,
2469,94464,10.0,1.0,31.25,5,0.2,0.4,0.1,13045,
2470,94528,-5.6,0.0,11.76,6,0.0,0.3333,0.1,13057,
2471,94592,-5.7,0.0,13.73,7,0.0,0.4286,0.1,13066,
2472,94592,-3.9,0.0,10.34,3,0.0,0.3333,0.1,13066,
2473,94656,-5.8,0.0,15.69,8,0.125,0.5,0.1,13080,
2474,94656,-5.9,0.0,18.18,8,0.0,0.625,0.1,13080,
2475,94656,-5.2,0.0,23.53,12,0.0833,0.5,0.1,13080,
2476,94656,-3.8,0.0,14.81,4,0.0,0.5,0.1,13080,
2477,94656,-1.6,0.0,12.5,1,0.0,0.0,0.1,13080,
2478,94720,-4.7,0.0,17.65,6,0.0,0.5,0.1,13092,
2479,94720,-5.9,0.0,17.65,9,0.2222,0.4444,0.1,13092,
2480,94720,-3.0,0.0,15.0,3,0.0,0.0,0.1,13092,
2481,94784,-3.7,0.0,20.0,5,0.0,0.2,0.1,13102,
2482,94784,-3.1,0.0,33.33,6,0.0,0.5,0.1,13102,
2483,94848,-1.4,0.0,40.0,2,0.0,0.5,0.1,13117,
2484,94912,-5.7,0.0,13.73,7,0.0,0.4286,0.1,13125,
2485,94912,-6.1,0.0,22.73,10,0.0,0.3,0.1,13125,
2486,94976,-6.1,0.0,21.57,11,0.0909,0.2727,0.1,13137,
2487,95168,-1.6,0.0,12.5,1,0.0,0.0,0.1,13167,
2488,95232,-3.3,0.0,4.0,1,0.0,0.0,0.1,13180,
2489,95296,-4.5,0.0,9.8,5,0.2,0.2,0.1,13190,
2490,95360,-2.0,0.0,18.18,2,0.5,0.0,0.1,13204,
2491,95360,-3.7,0.0,30.43,7,0.1429,0.5714,0.1,13204,
2492,95360,-5.8,0.0,15.69,8,0.0,0.25,0.1,13204,
2493,95360,-3.5,0.0,18.75,6,0.0,0.5,0.1,13204,
2494,95360,-6.0,0.0,19.61,10,0.0,0.7,0.1,13204,
2495,95424,-5.5,0.0,9.8,5,0.0,0.6,0.1,13214,
2496,95616,10.7,1.0,27.27,3,0.0,1.0,0.1,13244,
2497,95616,-4.1,0.0,17.24,5,0.0,0.2,0.1,13244,
2498,95616,-5.5,0.0,9.8,5,0.2,0.2,0.1,13244,
2499,95616,-4.4,0.0,12.12,4,0.25,0.25,0.1,13244,
2500,95680,-6.1,0.0,21.57,11,0.0,0.2727,0.1,13254,
2501,95744,-3.2,0.0,4.17,1,0.0,0.0,0.1,13261,
2502,95808,-5.1,0.0,21.57,11,0.0,0.6364,0.1,13272,
2503,95872,-5.7,0.0,13.73,7,0.1429,0.7143,0.1,13284,
2504,95872,9.6,1.0,13.64,3,0.3333,0.3333,0.1,13284,
2505,95936,-5.9,0.0,17.65,9,0.1111,0.4444,0.1,13294,
2506,95936,-6.1,0.0,21.57,11,0.0,0.4545,0.1,13294,
2507,96000,-4.5,0.0,9.8,5,0.2,0.4,0.1,13303,
2508,96000,-4.0,0.0,6.45,2,0.0,0.5,0.1,13303,
2509,96128,-5.6,0.0,11.76,6,0.0,0.5,0.1,13323,
2510,96192,-6.1,0.0,21.57,11,0.0909,0.4545,0.1,13328,
2511,96256,-6.4,0.0,16.33,8,0.0,0.75,0.1,13339,
2512,96256,-6.2,0.0,23.53,12,0.0,0.3333,0.1,13339,
2513,96320,-1.9,0.0,9.09,1,0.0,0.0,0.1,13351,
2514,96384,-5.4,0.0,7.84,4,0.0,0.5,0.1,13364,
2515,96384,-3.8,0.0,24.24,8,0.0,0.5,0.1,13364,
2516,96448,-5.8,0.0,15.69,8,0.25,0.375,0.1,13374,
2517,96448,-6.1,0.0,17.39,8,0.0,0.25,0.1,13374,
2518,96448,-5.1,0.0,12.82,5,0.0,0.2,0.1,13374,
2519,96448,-5.6,0.0,11.76,6,0.0,0.8333,0.1,13374,
2520,96640,-5.6,0.0,11.76,6,0.1667,0.1667,0.1,13409,
2521,96640,-2.6,0.0,18.75,3,0.0,0.3333,0.1,13409,
2522,96768,-5.3,0.0,24.32,9,0.0,0.1111,0.1,13431,
2523,96768,-6.1,0.0,17.39,8,0.0,0.25,0.1,13431,
2524,96768,-2.1,0.0,7.69,1,0.0,0.0,0.1,13431,
2525,96768,-5.6,0.0,11.76,6,0.0,0.1667,0.1,13431,
2526,96832,-6.1,0.0,21.57,11,0.0909,0.2727,0.1,13440,
2527,96832,-5.2,0.0,23.53,12,0.0833,0.3333,0.1,13440,
2528,96896,-1.5,0.0,14.29,1,0.0,0.0,0.1,13449,
2529,96896,-4.7,0.0,13.73,7,0.0,0.2857,0.1,13449,
2530,96960,-5.7,0.0,13.73,7,0.1429,0.1429,0.1,13456,
2531,96960,-3.0,0.0,32.0,8,0.125,0.375,0.1,13456,
2532,97024,-5.1,0.0,21.57,11,0.0,0.5455,0.1,13466,
2533,97024,-4.5,0.0,9.8,5,0.0,0.4,0.1,13466,
2534,97088,-3.2,0.0,8.7,2,0.0,0.5,0.1,13479,
2535,97088,11.5,1.0,50.0,2,0.5,1.0,0.1,13479,
2536,97152,7.1,1.0,31.58,12,0.0,0.75,0.1,13490,
2537,97216,-6.5,0.0,18.37,9,0.0,0.2222,0.1,13502,
2538,97216,11.4,1.0,40.0,2,0.0,1.0,0.1,13502,
2539,97280,-5.2,0.0,23.53,12,0.0833,0.4167,0.1,13516,
2540,97408,-5.7,0.0,13.73,7,0.1429,0.8571,0.1,13541,
2541,97408,-5.8,0.0,15.69,8,0.25,0.5,0.1,13541,
2542,97408,-4.8,0.0,15.69,8,0.0,0.75,0.1,13541,
2543,97408,5.9,1.0,29.17,14,0.1429,0.5714,0.1,13541,
2544,97408,-4.8,0.0,15.69,8,0.125,0.5,0.1,13541,
2545,97472,-5.4,0.0,7.84,4,0.0,0.5,0.1,13553,
2546,97472,-2.9,0.0,10.0,2,0.0,0.0,0.1,13553,
2547,97472,-1.3,0.0,50.0,2,0.0,0.5,0.1,13553,
2548,97472,-1.2,0.0,15.38,2,0.0,0.0,0.1,13553,
2549,97600,-4.0,0.0,17.86,5,0.0,0.8,0.1,13575,
2550,97664,-3.3,0.0,33.33,9,0.1111,0.5556,0.1,13592,
2551,97728,-4.2,0.0,12.9,4,0.0,0.0,0.1,13604,
2552,97728,10.6,1.0,15.38,2,0.0,1.0,0.1,13604,
2553,97728,-4.7,0.0,13.73,7,0.0,0.7143,0.1,13604,
2554,97792,7.4,1.0,27.03,10,0.0,0.5,0.1,13611,
2555,97856,-5.6,0.0,11.76,6,0.1667,0.3333,0.1,13621,
2556,97856,-5.3,0.0,5.88,3,0.0,1.0,0.1,13621,
2557,97920,-5.7,0.0,13.73,7,0.0,0.7143,0.1,13630,
2558,97920,-6.2,0.0,23.53,12,0.0833,0.5,0.1,13630,
2559,97920,-5.8,0.0,15.69,8,0.0,0.75,0.1,13630,
2560,97984,-6.1,0.0,21.57,11,0.0,0.5455,0.1,13643,
2561,97984,-5.5,0.0,9.8,5,0.0,0.8,0.1,13643,
2562,98048,-5.3,0.0,25.49,13,0.0769,0.5385,0.1,13651,
2563,98048,-5.5,0.0,9.8,5,0.0,0.6,0.1,13651,
2564,98112,-7.0,0.0,26.0,13,0.1538,0.4615,0.1,13658,
2565,98112,-4.7,0.0,13.73,7,0.1429,0.4286,0.1,13658,
2566,98176,-5.7,0.0,6.38,3,0.0,0.0,0.1,13664,
2567,98240,-5.9,0.0,17.65,9,0.0,0.4444,0.1,13672,
2568,98240,8.4,1.0,19.35,6,0.0,0.3333,0.1,13672,
2569,98304,-4.1,0.0,17.24,5,0.0,0.2,0.1,13683,
2570,98304,-3.6,0.0,26.09,6,0.0,0.3333,0.1,13683,
2571,98304,-3.9,0.0,6.67,2,0.0,0.0,0.1,13683,
2572,98368,-4.5,0.0,18.75,6,0.1667,0.3333,0.1,13695,
2573,98432,-2.4,0.0,13.33,2,0.0,0.5,0.1,13712,
2574,98432,-4.3,0.0,21.05,8,0.125,0.375,0.1,13712,
2575,98432,-1.5,0.0,33.33,2,0.5,0.0,0.1,13712,
2576,98496,7.9,1.0,13.51,5,0.2,0.4,0.1,13720,
2577,98496,-2.2,0.0,7.14,1,0.0,0.0,0.1,13720,
2578,98496,-6.2,0.0,23.53,12,0.0,0.3333,0.1,13720,
2579,98560,-5.5,0.0,9.8,5,0.0,0.8,0.1,13730,
2580,98560,-6.0,0.0,17.78,8,0.0,0.25,0.1,13730,
2581,98624,-4.9,0.0,17.65,9,0.1111,0.5556,0.1,13743,
2582,98624,-6.0,0.0,19.61,10,0.1,0.4,0.1,13743,
2583,98624,-5.9,0.0,17.65,9,0.1111,0.6667,0.1,13743,
2584,98624,-5.9,0.0,17.65,9,0.0,0.4444,0.1,13743,
2585,98688,-1.9,0.0,15.79,3,0.0,0.3333,0.1,13754,
2586,98752,-2.3,0.0,23.08,3,0.0,0.6667,0.1,13767,
2587,98752,-5.0,0.0,19.44,7,0.1429,0.4286,0.1,13767,
2588,98880,-5.6,0.0,11.76,6,0.0,0.6667,0.1,13790,
2589,98880,11.6,1.0,25.0,1,0.0,1.0,0.1,13790,
2590,98944,-4.2,0.0,16.67,5,0.0,0.2,0.1,13799,
2591,98944,-2.2,0.0,7.14,1,0.0,0.0,0.1,13799,
2592,99008,-2.0,0.0,30.0,3,0.0,0.0,0.1,13814,
2593,99136,9.4,1.0,22.73,5,0.0,0.8,0.1,13837,
2594,99136,-5.5,0.0,29.41,15,0.0667,0.4667,0.1,13837,
2595,99136,-6.1,0.0,21.57,11,0.0909,0.5455,0.1,13837,
2596,99200,-1.8,0.0,23.53,4,0.0,0.5,0.1,13849,
2597,99264,-3.0,0.0,15.0,3,0.0,0.3333,0.1,13856,
2598,99264,-5.0,0.0,19.61,10,0.1,0.7,0.1,13856,
2599,99328,-2.5,0.0,28.57,4,0.0,0.5,0.1,13864,
2600,99392,-5.2,0.0,9.76,4,0.25,0.0,0.1,13883,
2601,99392,-4.4,0.0,19.35,6,0.0,0.6667,0.1,13883,
2602,99392,-3.6,0.0,16.0,4,0.0,0.75,0.1,13883,
2603,99392,-1.4,0.0,16.67,1,0.0,0.0,0.1,13883,
2604,99392,6.9,1.0,13.04,6,0.1667,0.1667,0.1,13883,
2605,99520,-5.5,0.0,9.8,5,0.0,0.6,0.1,13911,
2606,99520,-3.9,0.0,14.29,4,0.0,0.5,0.1,13911,
2607,99520,-3.9,0.0,10.34,3,0.0,0.3333,0.1,13911,
2608,99584,9.9,1.0,22.22,4,0.0,0.75,0.1,13924,
2609,99648,-5.5,0.0,20.0,8,0.125,0.5,0.1,13932,
2610,99648,-3.4,0.0,22.73,5,0.0,0.4,0.1,13932,
2611,99648,-5.5,0.0,9.8,5,0.0,0.8,0.1,13932,
2612,99840,9.7,1.0,26.32,5,0.0,0.8,0.1,13962,
2613,99840,-3.7,0.0,15.38,4,0.0,0.25,0.1,13962,
2614,99904,-5.7,0.0,13.73,7,0.0,0.2857,0.1,13973,
2615,99968,-3.3,0.0,13.04,3,0.0,0.6667,0.1,13988,
2616,100032,-5.8,0.0,15.69,8,0.125,0.375,0.1,13997,
2617,100032,-5.3,0.0,25.49,13,0.0769,0.5385,0.1,13997,
2618,100032,-5.9,0.0,17.65,9,0.0,0.3333,0.1,13997,
2619,100096,-3.3,0.0,9.09,3,0.0,0.0,0.1,14013,
2620,100224,-5.7,0.0,13.73,7,0.0,0.2857,0.1,14038,
2621,100224,-4.8,0.0,15.69,8,0.0,0.5,0.1,14038,
2622,100288,-5.7,0.0,13.73,7,0.1429,0.4286,0.1,14050,
2623,100288,10.6,1.0,50.0,5,0.0,0.6,0.1,14050,
2624,100288,9.0,1.0,19.23,5,0.0,0.8,0.1,14050,
2625,100288,-2.8,0.0,14.81,4,0.0,0.5,0.1,14050,
2626,100352,-6.0,0.0,19.61,10,0.2,0.4,0.1,14063,
2627,100416,-2.0,0.0,27.78,5,0.0,0.8,0.1,14076,
2628,100416,-6.1,0.0,21.57,11,0.0909,0.2727,0.1,14076,
2629,100416,-1.6,0.0,50.0,3,0.3333,0.3333,0.1,14076,
2630,100480,-5.8,0.0,15.69,8,0.0,0.625,0.1,14089,
2631,100544,-2.4,0.0,22.73,5,0.0,0.8,0.1,14100,
2632,100544,-5.9,0.0,17.65,9,0.0,0.4444,0.1,14100,
2633,100544,10.1,1.0,25.0,4,0.0,1.0,0.1,14100,
2634,100608,6.3,1.0,16.0,8,0.125,0.625,0.1,14108,
2635,100672,-5.6,0.0,11.76,6,0.1667,0.1667,0.1,14120,
2636,100672,-5.4,0.0,11.76,6,0.1667,0.1667,0.1,14120,
2637,100672,-5.3,0.0,25.49,13,0.0769,0.7692,0.1,14120,
2638,100736,-4.8,0.0,15.69,8,0.0,0.75,0.1,14131,
2639,100736,-5.4,0.0,7.84,4,0.0,0.25,0.1,14131,
2640,100736,-0.4,0.0,40.0,2,0.5,0.5,0.1,14131,
2641,100736,-3.7,0.0,25.0,6,0.0,0.6667,0.1,14131,
2642,100800,11.3,1.0,0.0,0,,,0.1,14141,
2643,100864,9.8,1.0,21.05,4,0.25,0.25,0.1,14154,
2644,100992,9.7,1.0,14.29,3,0.0,0.6667,0.1,14177,
2645,100992,7.1,1.0,31.58,12,0.0833,0.5,0.1,14177,
2646,100992,-2.5,0.0,20.0,3,0.3333,0.3333,0.1,14177,
2647,100992,-5.9,0.0,17.65,9,0.1111,0.4444,0.1,14177,
2648,101056,-1.3,0.0,20.0,1,0.0,0.0,0.1,14185,
2649,101120,-5.3,0.0,25.49,13,0.1538,0.3846,0.1,14195,
2650,101120,-5.7,0.0,28.21,11,0.0909,0.2727,0.1,14195,
2651,101120,-5.6,0.0,11.76,6,0.0,0.5,0.1,14195,
2652,101120,-1.8,0.0,10.0,1,0.0,0.0,0.1,14195,
2653,101184,-6.1,0.0,20.0,9,0.0,0.1111,0.1,14201,
2654,101184,-5.7,0.0,13.73,7,0.0,0.4286,0.1,14201,
2655,101184,-5.8,0.0,15.69,8,0.0,0.625,0.1,14201,
2656,101248,-2.0,0.0,18.18,2,0.0,0.0,0.1,14211,
2657,101312,-5.6,0.0,19.51,8,0.0,0.375,0.1,14221,
2658,101376,-6.1,0.0,21.57,11,0.1818,0.7273,0.1,14231,
2659,101504,-5.4,0.0,14.63,6,0.0,0.1667,0.1,14252,
2660,101504,-5.4,0.0,7.84,4,0.0,0.5,0.1,14252,
2661,101568,-5.9,0.0,17.65,9,0.0,0.4444,0.1,14264,
2662,101568,-4.9,0.0,17.65,9,0.0,0.5556,0.1,14264,
2663,101632,7.5,1.0,24.32,9,0.1111,0.4444,0.1,14273,
2664,101696,-4.5,0.0,9.8,5,0.0,0.6,0.1,14280,
2665,101696,-4.8,0.0,13.89,5,0.0,0.6,0.1,14280,
2666,101696,-2.7,0.0,20.0,5,0.0,0.4,0.1,14280,
2667,101760,-1.9,0.0,15.79,3,0.3333,0.3333,0.1,14291,
2668,101760,-4.7,0.0,13.73,7,0.2857,0.5714,0.1,14291,
2669,101760,-3.5,0.0,21.74,5,0.2,0.4,0.1,14291,
2670,101760,-5.7,0.0,13.73,7,0.0,0.5714,0.1,14291,
2671,101824,-2.0,0.0,18.18,2,0.0,0.5,0.1,14302,
2672,101824,-2.1,0.0,40.0,4,0.0,0.25,0.1,14302,
2673,101888,-1.5,0.0,33.33,2,0.5,0.5,0.1,14315,
2674,101888,-2.8,0.0,10.53,2,0.0,0.5,0.1,14315,
2675,101952,-2.9,0.0,18.52,5,0.0,0.6,0.1,14330,
2676,101952,6.2,1.0,22.92,11,0.0,0.8182,0.1,14330,
2677,101952,-5.0,0.0,7.5,3,0.0,0.6667,0.1,14330,
2678,101952,-5.1,0.0,10.0,4,0.0,0.75,0.1,14330,
2679,102016,-1.6,0.0,28.57,2,0.0,0.0,0.1,14340,
2680,102016,-5.4,0.0,27.45,14,0.0,0.7857,0.1,14340,
2681,102016,-2.6,0.0,18.75,3,0.0,0.6667,0.1,14340,
2682,102016,-5.3,0.0,25.49,13,0.0,0.6923,0.1,14340,
2683,102080,-1.3,0.0,20.0,1,0.0,0.0,0.1,14360,
2684,102080,-5.0,0.0,22.86,8,0.125,0.5,0.1,14360,
2685,102144,-3.6,0.0,14.71,5,0.0,0.8,0.1,14376,
2686,102208,-6.3,0.0,25.49,13,0.0769,0.3846,0.1,14385,
2687,102208,-5.7,0.0,13.73,7,0.0,0.2857,0.1,14385,
2688,102272,-1.9,0.0,20.0,2,0.0,0.0,0.1,14396,
2689,102336,9.9,1.0,10.0,2,0.0,0.5,0.1,14409,
2690,102336,-2.5,0.0,20.0,3,0.0,0.3333,0.1,14409,
2691,102400,-6.3,0.0,25.49,13,0.0769,0.4615,0.1,14422,
2692,102400,-5.6,0.0,11.76,6,0.0,0.5,0.1,14422,
2693,102464,-4.1,0.0,13.33,4,0.0,0.0,0.1,14437,
2694,102464,-4.6,0.0,14.71,5,0.0,0.6,0.1,14437,
2695,102528,5.9,1.0,26.53,13,0.0769,0.2308,0.1,14450,
2696,102592,-5.5,0.0,9.8,5,0.0,0.6,0.1,14461,
2697,102656,-0.6,0.0,28.57,2,0.0,0.5,0.1,14474,
2698,102656,-5.8,0.0,15.69,8,0.0,0.25,0.1,14474,
2699,102784,-2.7,0.0,25.0,4,0.0,0.25,0.1,14495,
2700,102784,-5.4,0.0,7.84,4,0.0,0.25,0.1,14495,
2701,102784,-5.1,0.0,21.57,11,0.0909,0.6364,0.1,14495,
2702,102784,-2.5,0.0,28.57,4,0.0,0.5,0.1,14495,
2703,102848,10.4,1.0,21.43,3,0.0,1.0,0.1,14508,
2704,102848,-4.3,0.0,24.14,7,0.0,0.8571,0.1,14508,
2705,102848,-6.5,0.0,29.41,15,0.0667,0.4,0.1,14508,
2706,102912,-5.6,0.0,25.64,10,0.0,0.6,0.1,14515,
2707,102912,6.1,1.0,25.0,12,0.0833,0.5833,0.1,14515,
2708,102912,-4.6,0.0,14.71,5,0.0,0.2,0.1,14515,
2709,102912,-4.3,0.0,9.09,3,0.0,0.6667,0.1,14515,
2710,102912,7.7,1.0,22.22,8,0.0,0.75,0.1,14515,
2711,102976,-1.4,0.0,13.33,2,0.5,0.0,0.1,14525,
2712,102976,-2.9,0.0,23.08,6,0.1667,0.5,0.1,14525,
2713,102976,-3.1,0.0,26.32,5,0.0,0.0,0.1,14525,
2714,103040,-4.4,0.0,27.59,8,0.0,0.5,0.1,14536,
2715,103104,-3.0,0.0,27.78,5,0.0,0.0,0.1,14550,
2716,103168,-2.7,0.0,11.11,2,0.0,0.5,0.1,14560,
2717,103168,-6.1,0.0,21.57,11,0.0,0.2727,0.1,14560,
2718,103296,-6.0,0.0,19.61,10,0.0,0.5,0.1,14575,
2719,103360,-3.9,0.0,13.51,5,0.0,0.2,0.1,14582,
2720,103424,-4.5,0.0,5.56,2,0.0,0.5,0.1,14593,
2721,103488,-4.7,0.0,13.73,7,0.1429,0.5714,0.1,14601,
2722,103552,-2.9,0.0,22.22,4,0.25,0.25,0.1,14619,
2723,103552,-1.9,0.0,33.33,3,0.3333,0.3333,0.1,14619,
2724,103552,-5.7,0.0,13.73,7,0.0,0.5714,0.1,14619,
2725,103616,-2.6,0.0,26.67,4,0.0,0.5,0.1,14633,
2726,103616,-6.4,0.0,11.76,6,0.1667,0.5,0.1,14633,
2727,103616,-4.5,0.0,26.67,8,0.0,0.75,0.1,14633,
2728,103680,-5.4,0.0,7.84,4,0.0,0.25,0.1,14646,
2729,103744,-2.1,0.0,7.69,1,0.0,0.0,0.1,14656,
2730,103808,-2.6,0.0,5.56,1,0.0,0.0,0.1,14666,
2731,103808,9.0,1.0,10.71,3,0.0,1.0,0.1,14666,
2732,103872,-4.3,0.0,20.0,6,0.0,0.3333,0.1,14677,
2733,103936,-4.7,0.0,13.73,7,0.0,0.4286,0.1,14688,
2734,103936,10.3,1.0,20.0,3,0.0,0.6667,0.1,14688,
2735,103936,-5.6,0.0,11.76,6,0.0,0.8333,0.1,14688,
2736,104000,-5.7,0.0,13.73,7,0.1429,0.4286,0.1,14703,
2737,104000,-5.1,0.0,21.57,11,0.0909,0.4545,0.1,14703,
2738,104000,-1.9,0.0,20.0,2,0.0,0.5,0.1,14703,
2739,104064,8.3,1.0,22.58,7,0.1429,0.5714,0.1,14715,
2740,104064,-2.8,0.0,10.53,2,0.0,0.0,0.1,14715,
2741,104128,-2.1,0.0,27.27,3,0.0,0.3333,0.1,14726,
2742,104128,-5.2,0.0,23.53,12,0.0833,0.5833,0.1,14726,
2743,104192,-4.4,0.0,27.59,8,0.0,0.375,0.1,14742,
2744,104256,-4.5,0.0,18.75,6,0.0,0.6667,0.1,14753,
2745,104256,-5.6,0.0,11.76,6,0.0,0.5,0.1,14753,
2746,104320,-5.1,0.0,7.32,3,0.0,0.6667,0.1,14767,
2747,104320,-4.5,0.0,26.67,8,0.125,0.5,0.1,14767,
2748,104384,-5.2,0.0,15.38,6,0.1667,0.3333,0.1,14780,
2749,104384,-4.8,0.0,15.69,8,0.25,0.25,0.1,14780,
2750,104384,-1.4,0.0,41.67,5,0.0,0.4,0.1,14780,
2751,104384,-5.7,0.0,13.73,7,0.0,0.4286,0.1,14780,
2752,104448,-5.7,0.0,13.73,7,0.0,0.8571,0.1,14792,
2753,104448,-2.1,0.0,7.69,1,0.0,0.0,0.1,14792,
2754,104512,-4.9,0.0,17.65,9,0.1111,0.0,0.1,14803,
2755,104512,-1.6,0.0,28.57,2,0.0,0.5,0.1,14803,
2756,104576,-1.1,0.0,16.67,2,0.0,0.0,0.1,14810,
2757,104640,-5.8,0.0,24.39,10,0.3,0.4,0.1,14822,
2758,104704,-5.2,0.0,12.5,5,0.2,0.6,0.1,14844,
2759,104704,-4.1,0.0,25.93,7,0.0,0.4286,0.1,14844,
2760,104704,-2.5,0.0,16.67,4,0.0,0.25,0.1,14844,
2761,104768,9.7,1.0,26.32,5,0.0,0.6,0.1,14849,
2762,104768,-4.5,0.0,9.8,5,0.0,0.6,0.1,14849,
2763,104832,-5.7,0.0,13.73,7,0.0,0.4286,0.1,14859,
2764,104832,-1.2,0.0,15.38,2,0.0,0.0,0.1,14859,
2765,104960,-4.6,0.0,11.76,6,0.3333,0.5,0.1,14877,
2766,105024,-5.8,0.0,15.69,8,0.125,0.625,0.1,14888,
2767,105088,7.9,1.0,23.53,8,0.0,0.625,0.1,14900,
2768,105088,-5.6,0.0,11.76,6,0.0,0.1667,0.1,14900,
2769,105088,-5.0,0.0,19.61,10,0.0,0.7,0.1,14900,
2770,105152,-2.5,0.0,12.5,2,0.0,0.0,0.1,14911,
2771,105216,-5.2,0.0,23.53,12,0.0,0.3333,0.1,14924,
2772,105280,-3.2,0.0,8.7,2,0.0,0.5,0.1,14935,
2773,105344,-6.0,0.0,19.61,10,0.0,0.6,0.1,14946,
2774,105472,10.0,1.0,16.67,3,0.0,0.0,0.1,14972,
2775,105472,-2.3,0.0,45.45,5,0.0,0.2,0.1,14972,
2776,105536,-1.6,0.0,28.57,2,0.0,0.5,0.1,14981,
2777,105536,-3.8,0.0,32.26,10,0.1,0.3,0.1,14981,
2778,105536,-6.2,0.0,23.53,12,0.0,0.5,0.1,14981,
2779,105600,-5.5,0.0,29.41,15,0.0667,0.4,0.1,14989,
2780,105600,-4.9,0.0,23.81,10,0.3,0.5,0.1,14989,
2781,105664,-1.9,0.0,33.33,3,0.0,0.3333,0.1,15000,
2782,105664,-3.6,0.0,7.41,2,0.0,0.5,0.1,15000,
2783,105728,-5.9,0.0,13.04,6,0.1667,0.1667,0.1,15010,
2784,105728,-4.8,0.0,15.69,8,0.25,0.25,0.1,15010,
2785,105728,-4.5,0.0,9.8,5,0.2,0.4,0.1,15010,
2786,105728,-4.4,0.0,19.35,6,0.0,0.8333,0.1,15010,
2787,105792,-3.4,0.0,8.0,2,0.0,0.0,0.1,15017,
2788,105792,-1.2,0.0,25.0,1,0.0,0.0,0.1,15017,
2789,105792,-6.5,0.0,29.41,15,0.0667,0.3333,0.1,15017,
2790,105856,-5.9,0.0,17.65,9,0.0,0.4444,0.1,15029,
2791,105856,-1.7,0.0,25.0,2,0.0,0.0,0.1,15029,
2792,105856,-3.3,0.0,8.33,2,0.0,0.5,0.1,15029,
2793,105920,-2.1,0.0,7.69,1,0.0,0.0,0.1,15047,
2794,105920,-5.0,0.0,20.45,9,0.1111,0.5556,0.1,15047,
2795,105920,9.0,1.0,34.78,8,0.25,0.75,0.1,15047,
2796,105984,-2.2,0.0,36.36,4,0.0,0.5,0.1,15057,
2797,106048,-5.1,0.0,21.57,11,0.0,0.6364,0.1,15068,
2798,106048,-5.0,0.0,19.61,10,0.3,0.6,0.1,15068,
2799,106048,-1.6,0.0,12.5,1,0.0,0.0,0.1,15068,
2800,106048,-5.6,0.0,11.76,6,0.0,0.5,0.1,15068,
2801,106048,-6.4,0.0,14.0,7,0.1429,0.4286,0.1,15068,
2802,106112,-5.9,0.0,17.65,9,0.0,0.3333,0.1,15074,
2803,106176,-4.8,0.0,15.69,8,0.0,0.5,0.1,15082,
2804,106176,-6.2,0.0,23.53,12,0.0,0.5,0.1,15082,
2805,106176,8.8,1.0,17.86,5,0.2,0.4,0.1,15082,
2806,106240,-3.1,0.0,20.0,4,0.25,0.5,0.1,15095,
2807,106240,9.1,1.0,7.14,2,0.0,0.5,0.1,15095,
2808,106240,-1.4,0.0,16.67,1,0.0,0.0,0.1,15095,
2809,106240,-3.3,0.0,8.33,2,0.0,0.0,0.1,15095,
2810,106304,-6.1,0.0,21.57,11,0.0909,0.3636,0.1,15105,
2811,106304,8.8,1.0,17.86,5,0.2,0.6,0.1,15105,
2812,106432,-5.8,0.0,15.69,8,0.0,0.375,0.1,15130,
2813,106496,-2.0,0.0,8.33,1,0.0,0.0,0.1,15141,
2814,106560,-5.7,0.0,13.73,7,0.0,0.4286,0.1,15151,
2815,106560,-4.0,0.0,10.0,3,0.0,0.0,0.1,15151,
2816,106752,-6.5,0.0,31.82,14,0.0714,0.2143,0.1,15179,
2817,106752,-4.5,0.0,9.8,5,0.0,0.6,0.1,15179,
2818,106816,-5.9,0.0,17.65,9,0.0,0.5556,0.1,15191,
2819,106880,-4.0,0.0,19.44,7,0.0,0.2857,0.1,15205,
2820,106880,-5.8,0.0,15.69,8,0.0,0.625,0.1,15205,
2821,106880,-1.9,0.0,20.0,2,0.0,0.5,0.1,15205,
2822,106944,-5.0,0.0,19.61,10,0.0,0.3,0.1,15221,
2823,107008,-1.1,0.0,27.27,3,0.3333,0.3333,0.1,15239,
2824,107008,-2.4,0.0,6.25,1,0.0,0.0,0.1,15239,
2825,107008,10.7,1.0,55.56,5,0.2,0.6,0.1,15239,
2826,107008,-3.8,0.0,13.89,5,0.2,0.4,0.1,15239,
2827,107136,-5.1,0.0,21.57,11,0.0,0.5455,0.1,15260,
2828,107200,-6.1,0.0,21.57,11,0.0,0.5455,0.1,15271,
2829,107200,-1.9,0.0,22.22,4,0.0,0.5,0.1,15271,
2830,107264,-4.0,0.0,32.0,8,0.0,0.75,0.1,15283,
2831,107264,-5.1,0.0,21.57,11,0.0909,0.5455,0.1,15283,
2832,107264,-4.8,0.0,15.69,8,0.0,0.5,0.1,15283,
2833,107264,10.6,1.0,25.0,3,0.0,0.3333,0.1,15283,
2834,107328,-3.5,0.0,3.7,1,0.0,0.0,0.1,15295,
2835,107328,-6.0,0.0,15.22,7,0.2857,0.7143,0.1,15295,
2836,107328,-4.6,0.0,11.76,6,0.0,0.6667,0.1,15295,
2837,107392,-5.2,0.0,23.53,12,0.1667,0.5,0.1,15310,
2838,107392,-2.2,0.0,25.0,5,0.0,0.4,0.1,15310,
2839,107520,11.4,1.0,16.67,1,0.0,1.0,0.1,15340,
2840,107520,-6.0,0.0,19.61,10,0.0,0.7,0.1,15340,
2841,107520,-4.9,0.0,17.65,9,0.0,0.3333,0.1,15340,
2842,107584,-4.5,0.0,15.15,5,0.0,0.2,0.1,15351,
2843,107648,-5.5,0.0,9.8,5,0.0,0.2,0.1,15369,
2844,107648,-4.7,0.0,25.0,8,0.0,0.125,0.1,15369,
2845,107648,-3.6,0.0,7.41,2,0.0,0.5,0.1,15369,
2846,107648,-3.1,0.0,9.09,2,0.0,0.0,0.1,15369,
2847,107648,-5.4,0.0,7.84,4,0.0,0.25,0.1,15369,
2848,107712,-1.6,0.0,28.57,2,0.5,0.0,0.1,15376,
2849,107776,-2.1,0.0,16.67,2,0.0,0.5,0.1,15390,
2850,107776,-5.4,0.0,27.45,14,0.0,0.3571,0.1,15390,
2851,107776,-3.6,0.0,8.33,3,0.0,0.6667,0.1,15390,
2852,107904,-1.3,0.0,50.0,2,0.5,0.5,0.1,15423,
2853,107904,-3.1,0.0,33.33,6,0.0,0.6667,0.1,15423,
2854,107968,-6.9,0.0,26.53,13,0.0,0.5385,0.1,15436,
2855,107968,-5.1,0.0,21.57,11,0.1818,0.3636,0.1,15436,
2856,108032,-5.0,0.0,16.22,6,0.0,0.6667,0.1,15448,
2857,108032,-6.3,0.0,25.49,13,0.0,0.4615,0.1,15448,
2858,108032,-4.2,0.0,20.69,6,0.0,0.1667,0.1,15448,
2859,108096,-4.6,0.0,21.88,7,0.0,0.5714,0.1,15462,
2860,108096,-1.6,0.0,28.57,2,0.0,0.5,0.1,15462,
2861,108096,-5.8,0.0,15.69,8,0.0,0.625,0.1,15462,
2862,108160,-3.5,0.0,22.58,7,0.0,0.5714,0.1,15473,
2863,108224,-1.3,0.0,14.29,2,0.0,0.5,0.1,15487,
2864,108288,-4.2,0.0,15.38,6,0.0,0.6667,0.1,15497,
2865,108288,-5.3,0.0,25.49,13,0.3077,0.1538,0.1,15497,
2866,108288,-5.4,0.0,17.5,7,0.0,0.5714,0.1,15497,
2867,108288,-1.1,0.0,33.33,1,0.0,0.0,0.1,15497,
2868,108352,7.3,1.0,23.08,9,0.0,0.7778,0.1,15511,
2869,108352,-6.7,0.0,20.0,10,0.0,0.4,0.1,15511,
2870,108480,-2.0,0.0,18.18,2,0.0,0.0,0.1,15534,
2871,108480,-2.9,0.0,10.0,2,0.0,0.5,0.1,15534,
2872,108480,-4.5,0.0,9.8,5,0.0,0.8,0.1,15534,
2873,108672,-1.6,0.0,11.76,2,0.0,0.5,0.1,15564,
2874,108800,-4.2,0.0,25.0,7,0.1429,0.5714,0.1,15586,
2875,108800,-6.2,0.0,23.53,12,0.0833,0.5,0.1,15586,
2876,108864,10.8,1.0,62.5,5,0.2,0.4,0.1,15602,
2877,108928,-2.2,0.0,7.14,1,0.0,0.0,0.1,15615,
2878,108928,-1.5,0.0,12.5,2,0.0,0.5,0.1,15615,
2879,108992,-3.5,0.0,21.74,5,0.0,0.8,0.1,15626,
2880,108992,-5.8,0.0,15.69,8,0.0,0.375,0.1,15626,
2881,108992,-4.9,0.0,17.65,9,0.2222,0.4444,0.1,15626,
2882,108992,-4.5,0.0,8.57,3,0.0,0.3333,0.1,15626,
2883,109056,-3.2,0.0,25.0,5,0.0,0.4,0.1,15642,
2884,109056,-6.5,0.0,29.41,15,0.2,0.5333,0.1,15642,
2885,109056,-4.8,0.0,15.69,8,0.25,0.5,0.1,15642,
2886,109120,-2.4,0.0,13.33,2,0.0,0.0,0.1,15651,
2887,109120,-5.5,0.0,9.8,5,0.0,0.6,0.1,15651,
2888,109120,7.3,1.0,9.09,4,0.0,0.5,0.1,15651,
2889,109184,9.2,1.0,26.09,6,0.1667,0.5,0.1,15661,
2890,109184,-5.9,0.0,17.65,9,0.0,0.8889,0.1,15661,
2891,109184,-6.1,0.0,21.57,11,0.0909,0.6364,0.1,15661,
2892,109184,-3.7,0.0,15.38,4,0.0,0.5,0.1,15661,
2893,109248,-2.5,0.0,12.5,2,0.0,0.5,0.1,15669,
2894,109312,-4.8,0.0,15.69,8,0.125,0.75,0.1,15675,
2895,109312,-6.4,0.0,27.45,14,0.0,0.5714,0.1,15675,
2896,109312,-5.8,0.0,15.69,8,0.25,0.5,0.1,15675,
2897,109440,-5.9,0.0,17.65,9,0.0,0.5556,0.1,15696,
2898,109440,-3.5,0.0,18.75,6,0.0,0.5,0.1,15696,
2899,109440,-2.2,0.0,25.0,3,0.0,0.3333,0.1,15696,
2900,109504,6.1,1.0,17.65,9,0.0,0.5556,0.1,15711,
2901,109504,-5.1,0.0,21.57,11,0.0909,0.4545,0.1,15711,
2902,109568,-2.9,0.0,10.0,2,0.0,0.5,0.1,15726,
2903,109568,-2.1,0.0,4.35,1,0.0,0.0,0.1,15726,
2904,109568,-4.7,0.0,17.65,6,0.0,0.5,0.1,15726,
2905,109760,-1.6,0.0,28.57,2,0.0,0.5,0.1,15768,
2906,109824,-3.8,0.0,29.17,7,0.0,0.7143,0.1,15777,
2907,109824,-6.4,0.0,27.45,14,0.1429,0.2143,0.1,15777,
2908,109824,-5.8,0.0,15.69,8,0.125,0.375,0.1,15777,
2909,109888,9.3,1.0,16.67,4,0.25,1.0,0.1,15787,
2910,109952,-2.1,0.0,16.67,2,0.0,0.5,0.1,15796,
2911,110080,-1.7,0.0,11.11,1,0.0,0.0,0.1,15821,
2912,110080,-6.0,0.0,19.61,10,0.3,0.3,0.1,15821,
2913,110144,-7.1,0.0,25.49,13,0.0769,0.3077,0.1,15835,
2914,110144,-6.7,0.0,33.33,17,0.0588,0.3529,0.1,15835,
2915,110144,-6.4,0.0,27.45,14,0.0714,0.5,0.1,15835,
2916,110208,10.4,1.0,21.43,3,0.3333,1.0,0.1,15840,
2917,110208,-5.7,0.0,13.73,7,0.0,0.8571,0.1,15840,
2918,110272,-5.0,0.0,22.86,8,0.0,0.5,0.1,15854,
2919,110272,-6.1,0.0,12.5,6,0.3333,0.1667,0.1,15854,
2920,110272,-5.6,0.0,25.53,12,0.0,0.0833,0.1,15854,
2921,110272,-6.0,0.0,19.61,10,0.0,0.3,0.1,15854,
2922,110272,-4.9,0.0,17.65,9,0.0,0.4444,0.1,15854,
2923,110272,10.1,1.0,17.65,3,0.3333,0.6667,0.1,15854,
2924,110336,-2.0,0.0,8.33,1,0.0,0.0,0.1,15863,
2925,110336,-2.5,0.0,28.57,4,0.0,0.5,0.1,15863,
2926,110400,-2.4,0.0,21.43,3,0.0,0.3333,0.1,15879,
2927,110400,-4.0,0.0,10.0,3,0.3333,0.3333,0.1,15879,
2928,110400,-4.7,0.0,5.26,2,0.0,0.0,0.1,15879,
2929,110464,-6.3,0.0,14.29,7,0.0,0.2857,0.1,15891,
2930,110464,-2.2,0.0,7.14,1,0.0,0.0,0.1,15891,
2931,110464,-3.1,0.0,30.77,8,0.0,0.375,0.1,15891,
2932,110528,-5.9,0.0,17.65,9,0.0,0.5556,0.1,15900,
2933,110528,-6.3,0.0,25.49,13,0.0769,0.3077,0.1,15900,
2934,110528,9.5,1.0,23.81,5,0.2,0.6,0.1,15900,
2935,110592,-4.9,0.0,17.65,9,0.0,0.4444,0.1,15907,
2936,110656,-6.1,0.0,25.58,11,0.0909,0.5455,0.1,15920,
2937,110656,-3.0,0.0,4.55,1,0.0,0.0,0.1,15920,
2938,110656,-0.6,0.0,50.0,3,0.0,0.3333,0.1,15920,
2939,110720,-2.9,0.0,18.52,5,0.0,0.6,0.1,15931,
2940,110784,-4.7,0.0,13.73,7,0.2857,0.2857,0.1,15939,
2941,110848,-6.1,0.0,28.0,14,0.0714,0.5,0.1,15953,
2942,110848,-3.1,0.0,20.0,4,0.0,0.25,0.1,15953,
2943,110848,-3.7,0.0,37.93,11,0.0,0.4545,0.1,15953,
2944,110848,-5.1,0.0,10.0,4,0.25,0.5,0.1,15953,
2945,110912,-2.7,0.0,17.65,3,0.0,0.0,0.1,15967,
2946,110912,-4.9,0.0,17.65,9,0.1111,0.2222,0.1,15967,
2947,110912,-4.3,0.0,5.88,3,0.0,0.6667,0.1,15967,
2948,110912,-1.5,0.0,14.29,1,0.0,0.0,0.1,15967,
2949,110976,-2.8,0.0,16.67,3,0.0,0.0,0.1,15976,
2950,111040,-5.7,0.0,13.73,7,0.0,0.2857,0.1,15981,
2951,111104,-1.9,0.0,9.09,1,0.0,0.0,0.1,15994,
2952,111104,-2.2,0.0,7.14,1,0.0,0.0,0.1,15994,
2953,111168,-3.3,0.0,18.18,4,0.25,0.75,0.1,16014,
2954,111168,-1.3,0.0,20.0,1,0.0,0.0,0.1,16014,
2955,111232,-5.6,0.0,13.95,6,0.0,0.5,0.1,16030,
2956,111232,-5.0,0.0,19.61,10,0.2,0.7,0.1,16030,
2957,111296,-1.4,0.0,40.0,2,0.5,0.5,0.1,16045,
2958,111296,-4.7,0.0,13.73,7,0.0,0.4286,0.1,16045,
2959,111296,-2.3,0.0,33.33,4,0.0,0.25,0.1,16045,
2960,111296,-0.6,0.0,50.0,3,0.3333,0.3333,0.1,16045,
2961,111360,-4.8,0.0,15.69,8,0.125,0.375,0.1,16053,
2962,111360,-1.3,0.0,20.0,1,0.0,0.0,0.1,16053,
2963,111360,-4.7,0.0,14.29,5,0.2,0.4,0.1,16053,
2964,111424,-2.0,0.0,15.0,3,0.3333,0.6667,0.1,16066,
2965,111552,-4.9,0.0,17.65,9,0.0,0.5556,0.1,16090,
2966,111552,-2.4,0.0,21.43,3,0.3333,0.3333,0.1,16090,
2967,111680,-5.2,0.0,10.0,5,0.0,0.6,0.1,16108,
2968,111680,-2.4,0.0,6.25,1,0.0,0.0,0.1,16108,
2969,111680,8.4,1.0,27.59,8,0.25,0.5,0.1,16108,
2970,111680,-2.3,0.0,23.08,3,0.0,0.0,0.1,16108,
2971,111680,-6.2,0.0,25.0,11,0.0,0.4545,0.1,16108,
2972,111744,-2.5,0.0,38.46,5,0.0,0.2,0.1,16121,
2973,111808,-3.3,0.0,8.33,2,0.5,0.5,0.1,16142,
2974,111808,10.0,1.0,23.53,4,0.0,1.0,0.1,16142,
2975,111936,-1.2,0.0,25.0,1,0.0,0.0,0.1,16158,
2976,112000,9.0,1.0,29.17,7,0.1429,0.4286,0.1,16170,
2977,112000,-3.3,0.0,4.0,1,0.0,0.0,0.1,16170,
2978,112000,-6.0,0.0,10.42,5,0.0,0.8,0.1,16170,
2979,112064,-6.2,0.0,23.53,12,0.0833,0.5833,0.1,16182,
2980,112064,-5.6,0.0,25.53,12,0.0,0.5,0.1,16182,
2981,112128,-1.7,0.0,11.11,1,0.0,0.0,0.1,16196,
2982,112192,-4.8,0.0,15.69,8,0.125,0.25,0.1,16206,
2983,112192,-3.4,0.0,12.5,3,0.0,0.3333,0.1,16206,
2984,112256,-5.6,0.0,11.76,6,0.1667,0.6667,0.1,16215,
2985,112256,6.8,1.0,20.45,9,0.0,0.5556,0.1,16215,
2986,112256,-4.9,0.0,17.65,9,0.0,0.5556,0.1,16215,
2987,112320,-6.0,0.0,19.61,10,0.1,0.5,0.1,16226,
2988,112320,-5.5,0.0,9.8,5,0.2,0.0,0.1,16226,
2989,112384,-6.0,0.0,19.61,10,0.1,0.5,0.1,16235,
2990,112384,-5.8,0.0,15.69,8,0.0,0.875,0.1,16235,
2991,112448,-0.8,0.0,10.0,1,0.0,0.0,0.1,16249,
2992,112448,-5.8,0.0,15.69,8,0.0,0.625,0.1,16249,
2993,112448,-4.5,0.0,26.67,8,0.25,0.375,0.1,16249,
2994,112512,9.3,1.0,12.0,3,0.0,1.0,0.1,16259,
2995,112512,11.4,1.0,16.67,1,0.0,1.0,0.1,16259,
2996,112576,-1.9,0.0,10.0,2,0.0,0.5,0.1,16269,
2997,112576,-5.0,0.0,19.61,10,0.1,0.6,0.1,16269,
2998,112704,-4.8,0.0,15.69,8,0.375,0.25,0.1,16287,
2999,112704,-5.8,0.0,24.39,10,0.0,0.3,0.1,16287,
3000,112768,-3.8,0.0,24.0,6,0.1667,0.5,0.1,16296,
3001,112768,-2.7,0.0,17.65,3,0.0,0.0,0.1,16296,
3002,112832,-1.5,0.0,14.29,1,0.0,0.0,0.1,16306,
3003,112896,-2.3,0.0,8.33,2,0.0,0.0,0.1,16317,
3004,112896,9.8,1.0,9.52,2,0.0,0.5,0.1,16317,
3005,113024,-2.1,0.0,40.0,4,0.25,0.5,0.1,16342,
3006,113024,-3.0,0.0,9.52,2,0.0,0.0,0.1,16342,
3007,113024,-3.0,0.0,10.0,3,0.0,0.3333,0.1,16342,
3008,113024,8.7,1.0,21.43,6,0.1667,0.3333,0.1,16342,
3009,113088,-3.4,0.0,35.0,7,0.0,0.4286,0.1,16350,
3010,113152,-4.1,0.0,17.24,5,0.0,0.6,0.1,16365,
3011,113152,-1.7,0.0,11.11,1,0.0,0.0,0.1,16365,
3012,113152,-4.7,0.0,13.73,7,0.0,0.8571,0.1,16365,
3013,113216,9.2,1.0,26.09,6,0.1667,0.1667,0.1,16384,
3014,113216,-4.6,0.0,11.76,6,0.0,0.5,0.1,16384,
3015,113216,-4.1,0.0,21.43,6,0.1667,0.5,0.1,16384,
3016,113344,-5.1,0.0,21.57,11,0.0909,0.6364,0.1,16401,
3017,113408,-6.0,0.0,19.61,10,0.1,0.3,0.1,16413,
3018,113408,-4.9,0.0,17.65,9,0.1111,0.4444,0.1,16413,
3019,113472,-4.7,0.0,13.73,7,0.1429,0.5714,0.1,16424,
3020,113472,-3.6,0.0,20.83,5,0.0,0.6,0.1,16424,
3021,113536,-5.1,0.0,21.57,11,0.0909,0.3636,0.1,16437,
3022,113536,-5.9,0.0,17.65,9,0.0,0.6667,0.1,16437,
3023,113536,-2.9,0.0,15.79,3,0.0,0.3333,0.1,16437,
3024,113536,-4.3,0.0,5.88,3,0.0,0.3333,0.1,16437,
3025,113536,-5.1,0.0,21.57,11,0.0909,1.0,0.1,16437,
3026,113600,-5.7,0.0,13.73,7,0.1429,0.1429,0.1,16444,
3027,113600,-6.0,0.0,19.61,10,0.0,0.4,0.1,16444,
3028,113600,6.9,1.0,23.81,10,0.2,0.3,0.1,16444,
3029,113600,6.6,1.0,25.0,11,0.0909,0.5455,0.1,16444,
3030,113664,-4.7,0.0,13.73,7,0.1429,0.2857,0.1,16454,
3031,113728,-3.4,0.0,12.5,3,0.0,0.3333,0.1,16465,
3032,113728,-6.1,0.0,21.57,11,0.0,0.6364,0.1,16465,
3033,113792,-4.7,0.0,13.73,7,0.0,0.8571,0.1,16478,
3034,113792,-3.7,0.0,25.0,6,0.1667,0.1667,0.1,16478,
3035,113856,-6.1,0.0,21.57,11,0.0,0.4545,0.1,16491,
3036,113856,10.1,1.0,25.0,4,0.25,0.5,0.1,16491,
3037,113984,-5.7,0.0,21.95,9,0.0,0.6667,0.1,16513,
3038,114112,-4.6,0.0,11.76,6,0.0,0.5,0.1,16538,
3039,114112,-4.3,0.0,9.09,3,0.0,0.3333,0.1,16538,
3040,114112,-5.0,0.0,19.61,10,0.1,0.6,0.1,16538,
3041,114240,-1.7,0.0,42.86,3,0.0,0.0,0.1,16566,
3042,114240,-2.7,0.0,25.0,4,0.5,0.25,0.1,16566,
3043,114240,-0.5,0.0,33.33,2,0.0,0.5,0.1,16566,
3044,114304,11.8,1.0,0.0,0,,,0.1,16583,
3045,114368,-6.2,0.0,10.0,5,0.0,0.6,0.1,16594,
3046,114368,-5.9,0.0,17.65,9,0.0,0.5556,0.1,16594,
3047,114432,-4.8,0.0,20.59,7,0.1429,0.4286,0.1,16603,
3048,114496,-5.8,0.0,15.69,8,0.0,0.5,0.1,16613,
3049,114496,-3.4,0.0,17.39,4,0.0,0.5,0.1,16613,
3050,114560,-3.6,0.0,20.83,5,0.0,0.4,0.1,16626,
3051,114560,-5.6,0.0,11.76,6,0.3333,0.5,0.1,16626,
3052,114560,-4.8,0.0,15.69,8,0.125,0.25,0.1,16626,
3053,114560,-3.3,0.0,18.18,4,0.0,0.75,0.1,16626,
3054,114560,-3.2,0.0,31.58,6,0.1667,0.3333,0.1,16626,
3055,114624,-5.8,0.0,15.69,8,0.0,0.5,0.1,16636,
3056,114688,-2.3,0.0,8.33,2,0.0,0.0,0.1,16643,
3057,114752,-4.6,0.0,8.33,3,0.0,0.6667,0.1,16655,
3058,114816,-1.7,0.0,11.11,1,0.0,0.0,0.1,16671,
3059,114816,-5.1,0.0,25.71,9,0.0,0.4444,0.1,16671,
3060,114880,-2.0,0.0,8.33,1,0.0,0.0,0.1,16682,
3061,114944,-3.4,0.0,22.73,5,0.2,0.6,0.1,16696,
3062,114944,-5.0,0.0,19.61,10,0.0,0.4,0.1,16696,
3063,114944,6.9,1.0,20.93,9,0.1111,0.3333,0.1,16696,
3064,114944,-5.6,0.0,11.76,6,0.0,0.6667,0.1,16696,
3065,114944,-3.6,0.0,38.1,8,0.0,0.25,0.1,16696,
3066,115072,-2.6,0.0,11.76,2,0.0,0.0,0.1,16720,
3067,115136,-4.7,0.0,21.95,9,0.0,0.7778,0.1,16734,
3068,115200,-5.1,0.0,15.79,6,0.0,0.5,0.1,16746,
3069,115264,8.8,1.0,17.86,5,0.2,0.6,0.1,16758,
3070,115264,-5.1,0.0,21.57,11,0.0,0.3636,0.1,16758,
3071,115264,-2.5,0.0,28.57,4,0.25,0.5,0.1,16758,
3072,115264,-4.9,0.0,17.65,9,0.0,0.6667,0.1,16758,
3073,115264,-1.9,0.0,33.33,3,0.0,0.6667,0.1,16758,
3074,115328,-6.5,0.0,29.41,15,0.0,0.3333,0.1,16766,
3075,115328,-5.4,0.0,27.45,14,0.2143,0.3571,0.1,16766,
3076,115392,-2.0,0.0,8.33,1,0.0,0.0,0.1,16774,
3077,115456,-4.8,0.0,17.14,6,0.1667,0.1667,0.1,16786,
3078,115456,-3.6,0.0,16.0,4,0.0,0.5,0.1,16786,
3079,115456,-5.5,0.0,20.0,8,0.0,0.5,0.1,16786,
3080,115520,-5.2,0.0,25.0,11,0.2727,0.1818,0.1,16803,
3081,115520,-6.1,0.0,21.57,11,0.0909,0.7273,0.1,16803,
3082,115584,-5.5,0.0,9.8,5,0.2,0.2,0.1,16818,
3083,115584,-4.4,0.0,15.62,5,0.0,0.4,0.1,16818,
3084,115584,-2.2,0.0,15.38,2,0.0,0.5,0.1,16818,
3085,115712,-5.6,0.0,11.76,6,0.0,0.1667,0.1,16843,
3086,115712,-5.1,0.0,21.57,11,0.0,0.2727,0.1,16843,
3087,115712,-3.5,0.0,15.15,5,0.2,0.2,0.1,16843,
3088,115776,-1.3,0.0,20.0,1,0.0,0.0,0.1,16853,
3089,115776,-6.1,0.0,21.57,11,0.0909,0.5455,0.1,16853,
3090,115840,-3.1,0.0,14.29,3,0.0,0.3333,0.1,16871,
3091,115840,-4.5,0.0,15.15,5,0.2,0.4,0.1,16871,
3092,115904,9.3,1.0,33.33,7,0.0,0.1429,0.1,16883,
3093,115904,-4.9,0.0,10.64,5,0.0,0.4,0.1,16883,
3094,115904,-6.6,0.0,18.0,9,0.0,0.4444,0.1,16883,
3095,115968,-4.8,0.0,20.59,7,0.2857,0.4286,0.1,16892,
3096,115968,-3.1,0.0,9.09,2,0.5,0.5,0.1,16892,
3097,116032,-6.0,0.0,19.61,10,0.0,0.3,0.1,16905,
3098,116096,-2.2,0.0,15.38,2,0.0,0.5,0.1,16921,
3099,116096,-1.8,0.0,37.5,3,0.3333,0.3333,0.1,16921,
3100,116160,-0.6,0.0,28.57,2,0.0,0.0,0.1,16935,
3101,116160,-1.9,0.0,20.0,2,0.0,0.5,0.1,16935,
3102,116224,-5.1,0.0,7.32,3,0.0,0.0,0.1,16952,
3103,116224,8.9,1.0,45.45,10,0.2,0.5,0.1,16952,
3104,116224,9.3,1.0,40.0,8,0.125,0.625,0.1,16952,
3105,116288,-5.7,0.0,13.73,7,0.1429,0.1429,0.1,16962,
3106,116288,-5.8,0.0,15.69,8,0.125,0.25,0.1,16962,
3107,116352,-5.8,0.0,15.69,8,0.375,0.625,0.1,16970,
3108,116352,-0.6,0.0,12.5,1,0.0,0.0,0.1,16970,
3109,116416,-5.0,0.0,19.61,10,0.1,0.6,0.1,16977,
3110,116480,-2.1,0.0,55.56,5,0.2,0.2,0.1,16992,
3111,116480,-2.1,0.0,27.27,3,0.0,0.3333,0.1,16992,
3112,116480,-5.0,0.0,16.22,6,0.0,0.1667,0.1,16992,
3113,116480,-4.9,0.0,17.65,9,0.1111,0.2222,0.1,16992,
3114,116544,11.4,1.0,40.0,2,0.0,1.0,0.1,16999,
3115,116544,7.8,1.0,22.86,8,0.0,0.375,0.1,16999,
3116,116544,-4.5,0.0,15.15,5,0.2,0.4,0.1,16999,
3117,116608,-3.5,0.0,18.75,6,0.0,0.6667,0.1,17007,
3118,116672,-6.4,0.0,27.45,14,0.2857,0.2143,0.1,17018,
3119,116672,-5.6,0.0,31.37,16,0.0625,0.375,0.1,17018,
3120,116736,9.2,1.0,31.82,7,0.1429,0.5714,0.1,17028,
3121,116736,-6.2,0.0,23.53,12,0.1667,0.5,0.1,17028,
3122,116736,-4.9,0.0,10.64,5,0.0,0.0,0.1,17028,
3123,116800,-4.7,0.0,13.73,7,0.0,0.5714,0.1,17040,
3124,116800,-5.6,0.0,11.76,6,0.0,0.5,0.1,17040,
3125,116800,-6.4,0.0,11.76,6,0.1667,0.3333,0.1,17040,
3126,116864,-6.1,0.0,21.57,11,0.0909,0.6364,0.1,17055,
3127,116864,10.6,1.0,36.36,4,0.5,1.0,0.1,17055,
3128,116864,-2.6,0.0,11.76,2,0.0,0.5,0.1,17055,
3129,116864,-1.2,0.0,15.38,2,0.0,0.5,0.1,17055,
3130,116928,-4.4,0.0,17.5,7,0.0,0.4286,0.1,17070,
3131,116928,-4.6,0.0,11.76,6,0.0,0.5,0.1,17070,
3132,116992,-1.5,0.0,33.33,2,0.0,0.5,0.1,17085,
3133,117120,10.3,1.0,28.57,4,0.25,0.75,0.1,17111,
3134,117184,-2.7,0.0,17.65,3,0.0,0.6667,0.1,17127,
3135,117248,-4.5,0.0,31.03,9,0.1111,0.3333,0.1,17136,
3136,117312,-2.7,0.0,7.14,2,0.0,0.0,0.1,17144,
3137,117376,-4.7,0.0,11.11,4,0.0,0.5,0.1,17159,
3138,117440,-4.7,0.0,2.56,1,0.0,0.0,0.1,17178,
3139,117440,-1.9,0.0,20.0,2,0.0,0.5,0.1,17178,
3140,117440,-2.1,0.0,27.27,3,0.3333,0.3333,0.1,17178,
3141,117504,-5.2,0.0,23.53,12,0.25,0.5833,0.1,17192,
3142,117504,-1.8,0.0,10.0,1,0.0,0.0,0.1,17192,
3143,117504,-5.5,0.0,9.8,5,0.0,0.8,0.1,17192,
3144,117568,-5.2,0.0,21.62,8,0.0,0.25,0.1,17204,
3145,117568,-2.8,0.0,31.25,5,0.2,0.4,0.1,17204,
3146,117568,-2.7,0.0,17.65,3,0.3333,0.0,0.1,17204,
3147,117568,-4.4,0.0,11.9,5,0.0,0.6,0.1,17204,
3148,117632,-4.6,0.0,8.33,3,0.0,0.0,0.1,17214,
3149,117632,-3.6,0.0,26.09,6,0.1667,0.3333,0.1,17214,
3150,117696,-6.1,0.0,20.0,9,0.1111,0.3333,0.1,17229,
3151,117696,-5.3,0.0,21.05,8,0.125,0.25,0.1,17229,
3152,117760,-6.1,0.0,21.57,11,0.0,0.3636,0.1,17236,
3153,117824,-5.1,0.0,21.57,11,0.0,0.2727,0.1,17248,
3154,117824,-6.0,0.0,19.61,10,0.1,0.3,0.1,17248,
3155,117824,-5.2,0.0,36.36,12,0.0833,0.1667,0.1,17248,
3156,117952,-3.9,0.0,28.0,7,0.0,0.4286,0.1,17272,
3157,118016,-2.6,0.0,18.75,3,0.0,0.0,0.1,17290,
3158,118016,9.5,1.0,23.81,5,0.0,0.4,0.1,17290,
3159,118016,9.2,1.0,7.41,2,0.0,1.0,0.1,17290,
3160,118016,9.7,1.0,26.32,5,0.4,0.8,0.1,17290,
3161,118080,-1.8,0.0,22.22,2,0.0,0.5,0.1,17305,
3162,118080,-4.1,0.0,12.82,5,0.0,0.2,0.1,17305,
3163,118144,-1.7,0.0,25.0,2,0.0,0.0,0.1,17316,
3164,118144,-4.9,0.0,23.53,8,0.125,0.625,0.1,17316,
3165,118208,-6.0,0.0,19.61,10,0.0,0.5,0.1,17331,
3166,118208,-4.7,0.0,13.73,7,0.1429,0.4286,0.1,17331,
3167,118208,-5.9,0.0,17.65,9,0.0,0.6667,0.1,17331,
3168,118272,-2.5,0.0,20.0,3,0.0,0.0,0.1,17343,
3169,118400,-3.4,0.0,17.39,4,0.0,0.25,0.1,17368,
3170,118400,-6.2,0.0,23.53,12,0.25,0.25,0.1,17368,
3171,118464,-2.9,0.0,37.5,6,0.3333,0.5,0.1,17382,
3172,118464,7.9,1.0,23.53,8,0.375,0.625,0.1,17382,
3173,118528,-6.0,0.0,19.61,10,0.0,0.7,0.1,17399,
3174,118528,-6.4,0.0,27.45,14,0.0714,0.4286,0.1,17399,
3175,118528,-6.5,0.0,13.73,7,0.1429,0.5714,0.1,17399,
3176,118528,-4.7,0.0,25.0,8,0.0,0.25,0.1,17399,
3177,118592,11.0,1.0,37.5,3,0.3333,0.6667,0.1,17408,
3178,118656,-5.9,0.0,8.33,4,0.0,0.75,0.1,17420,
3179,118720,-6.1,0.0,21.57,11,0.0,0.3636,0.1,17432,
3180,118720,-5.0,0.0,19.61,10,0.0,0.5,0.1,17432,
3181,118784,7.3,1.0,33.33,12,0.0,0.5833,0.1,17446,
3182,118784,-2.8,0.0,5.0,1,0.0,0.0,0.1,17446,
3183,118848,-1.3,0.0,23.08,3,0.0,0.6667,0.1,17456,
3184,118912,-2.2,0.0,15.38,2,0.0,0.5,0.1,17473,
3185,118912,-4.5,0.0,15.15,5,0.4,0.4,0.1,17473,
3186,118912,-3.8,0.0,10.81,4,0.0,0.25,0.1,17473,
3187,118912,-6.4,0.0,21.28,10,0.1,0.3,0.1,17473,
3188,118912,-2.8,0.0,10.71,3,0.0,0.3333,0.1,17473,
3189,118976,-6.3,0.0,29.41,15,0.0667,0.4667,0.1,17490,
3190,118976,9.9,1.0,22.22,4,0.0,1.0,0.1,17490,
3191,119040,-2.2,0.0,8.7,2,0.0,0.0,0.1,17500,
3192,119104,-5.3,0.0,25.49,13,0.0769,0.4615,0.1,17512,
3193,119104,-3.4,0.0,22.73,5,0.0,0.0,0.1,17512,
3194,119168,-5.7,0.0,13.73,7,0.0,0.5714,0.1,17524,
3195,119168,-1.3,0.0,6.67,1,0.0,0.0,0.1,17524,
3196,119232,-2.0,0.0,18.18,2,0.5,0.0,0.1,17536,
3197,119232,-5.8,0.0,15.69,8,0.0,0.875,0.1,17536,
3198,119232,-1.3,0.0,20.0,1,0.0,0.0,0.1,17536,
3199,119360,-5.4,0.0,7.84,4,0.0,0.5,0.1,17556,
3200,119424,9.1,1.0,57.89,11,0.1818,0.5455,0.1,17567,
3201,119424,-1.8,0.0,10.0,1,0.0,0.0,0.1,17567,
3202,119424,-2.6,0.0,18.75,3,0.0,0.0,0.1,17567,
3203,119488,-4.6,0.0,18.18,6,0.0,0.3333,0.1,17578,
3204,119488,-5.8,0.0,15.69,8,0.25,0.5,0.1,17578,
3205,119552,-3.7,0.0,11.11,3,0.3333,0.0,0.1,17591,
3206,119552,-6.1,0.0,12.5,6,0.0,0.5,0.1,17591,
3207,119552,-2.1,0.0,16.67,2,0.0,0.5,0.1,17591,
3208,119616,-5.4,0.0,7.84,4,0.25,0.25,0.1,17602,
3209,119680,-5.1,0.0,25.71,9,0.2222,0.4444,0.1,17621,
3210,119680,-4.8,0.0,17.14,6,0.0,0.1667,0.1,17621,
3211,119680,-6.1,0.0,21.57,11,0.0,0.3636,0.1,17621,
3212,119680,-2.5,0.0,20.0,3,0.0,0.3333,0.1,17621,
3213,119744,-2.6,0.0,18.75,3,0.0,0.3333,0.1,17638,
3214,119808,-3.1,0.0,14.29,3,0.0,0.3333,0.1,17653,
3215,119808,-5.7,0.0,33.33,17,0.1765,0.3529,0.1,17653,
3216,119872,-5.0,0.0,34.38,11,0.0,0.3636,0.1,17668,
3217,119936,-5.7,0.0,13.73,7,0.1429,0.2857,0.1,17684,
3218,120000,-5.0,0.0,19.61,10,0.0,0.6,0.1,17695,
3219,120000,-5.0,0.0,19.61,10,0.0,0.7,0.1,17695,
3220,120128,-5.4,0.0,27.03,10,0.1,0.6,0.1,17718,
3221,120128,-4.6,0.0,18.18,6,0.0,0.6667,0.1,17718,
3222,120128,-0.9,0.0,9.09,1,0.0,0.0,0.1,17718,
3223,120128,-3.9,0.0,28.0,7,0.0,0.2857,0.1,17718,
3224,120128,-4.8,0.0,32.26,10,0.1,0.3,0.1,17718,
3225,120128,-6.1,0.0,21.57,11,0.0909,0.3636,0.1,17718,
3226,120128,-5.7,0.0,13.73,7,0.2857,0.2857,0.1,17718,
3227,120128,7.4,1.0,17.5,7,0.0,0.2857,0.1,17718,
3228,120128,-6.2,0.0,23.53,12,0.0833,0.5,0.1,17718,
3229,120192,-5.6,0.0,31.37,16,0.125,0.3125,0.1,17727,
3230,120384,-2.0,0.0,18.18,2,0.0,0.5,0.1,17763,
3231,120384,-4.6,0.0,18.18,6,0.0,0.6667,0.1,17763,
3232,120384,-4.1,0.0,21.43,6,0.0,0.5,0.1,17763,
3233,120384,11.5,1.0,50.0,2,0.5,1.0,0.1,17763,
3234,120448,-4.9,0.0,17.65,9,0.0,0.6667,0.1,17775,
3235,120448,-4.3,0.0,20.0,6,0.1667,0.3333,0.1,17775,
3236,120512,-5.9,0.0,17.65,9,0.0,0.7778,0.1,17789,
3237,120512,-1.6,0.0,11.76,2,0.0,0.0,0.1,17789,
3238,120640,-1.9,0.0,29.41,5,0.2,0.4,0.1,17815,
3239,120640,-1.8,0.0,37.5,3,0.0,0.6667,0.1,17815,
3240,120768,-6.4,0.0,27.45,14,0.0714,0.5,0.1,17841,
3241,120832,-4.7,0.0,13.73,7,0.0,0.2857,0.1,17860,
3242,120832,-5.7,0.0,33.33,17,0.0,0.5882,0.1,17860,
3243,120896,-2.8,0.0,10.71,3,0.0,0.6667,0.1,17873,
3244,120896,-4.4,0.0,7.84,4,0.25,0.5,0.1,17873,
3245,120896,8.6,1.0,12.9,4,0.25,0.5,0.1,17873,
3246,120960,-5.5,0.0,9.8,5,0.0,0.8,0.1,17887,
3247,121088,-2.3,0.0,6.67,1,0.0,0.0,0.1,17906,
3248,121152,-2.0,0.0,30.0,3,0.0,0.3333,0.1,17915,
3249,121152,-3.2,0.0,31.58,6,0.0,0.5,0.1,17915,
3250,121152,-4.5,0.0,15.15,5,0.4,0.4,0.1,17915,
3251,121152,-5.2,0.0,32.35,11,0.0909,0.5455,0.1,17915,
3252,121216,-2.0,0.0,8.33,1,0.0,0.0,0.1,17927,
3253,121216,-5.5,0.0,29.41,15,0.0667,0.5333,0.1,17927,
3254,121216,-1.4,0.0,16.67,1,0.0,0.0,0.1,17927,
3255,121280,-5.3,0.0,30.23,13,0.0,0.3846,0.1,17940,
3256,121280,-4.9,0.0,17.65,9,0.0,0.4444,0.1,17940,
3257,121280,-2.5,0.0,28.57,4,0.25,0.5,0.1,17940,
3258,121280,-2.4,0.0,30.77,4,0.25,0.75,0.1,17940,
3259,121280,-6.1,0.0,21.57,11,0.0,0.5455,0.1,17940,
3260,121280,-2.4,0.0,22.73,5,0.2,0.6,0.1,17940,
3261,121344,-3.8,0.0,19.23,5,0.2,0.4,0.1,17958,
3262,121344,-2.9,0.0,15.79,3,0.0,0.3333,0.1,17958,
3263,121344,-5.0,0.0,13.16,5,0.0,0.8,0.1,17958,
3264,121408,8.0,1.0,13.89,5,0.0,0.8,0.1,17967,
3265,121408,-5.9,0.0,17.65,9,0.0,0.4444,0.1,17967,
3266,121408,8.1,1.0,14.29,5,0.0,0.6,0.1,17967,
3267,121472,-5.6,0.0,31.37,16,0.125,0.4375,0.1,17978,
3268,121600,-5.0,0.0,13.16,5,0.0,0.4,0.1,18000,
3269,121664,-1.1,0.0,27.27,3,0.0,0.3333,0.1,18009,
3270,121664,-3.7,0.0,15.38,4,0.0,0.25,0.1,18009,
3271,121664,-5.5,0.0,9.8,5,0.0,0.2,0.1,18009,
3272,121664,-3.6,0.0,20.83,5,0.0,0.4,0.1,18009,
3273,121728,-6.1,0.0,21.57,11,0.0,0.6364,0.1,18018,
3274,121728,-4.4,0.0,19.35,6,0.0,0.5,0.1,18018,
3275,121792,-4.0,0.0,32.0,8,0.0,0.75,0.1,18032,
3276,121856,-3.2,0.0,8.7,2,0.0,0.5,0.1,18050,
3277,121920,-6.2,0.0,23.53,12,0.1667,0.4167,0.1,18067,
3278,121920,-3.0,0.0,27.78,5,0.0,0.2,0.1,18067,
3279,122048,-5.7,0.0,22.45,11,0.0,0.2727,0.1,18089,
3280,122048,7.1,1.0,25.0,10,0.1,0.5,0.1,18089,
3281,122112,-6.0,0.0,19.61,10,0.2,0.6,0.1,18100,
3282,122112,-3.7,0.0,11.11,3,0.0,0.3333,0.1,18100,
3283,122112,-2.1,0.0,27.27,3,0.3333,0.3333,0.1,18100,
3284,122176,-2.2,0.0,15.38,2,0.0,0.5,0.1,18114,
3285,122176,-2.2,0.0,15.38,2,0.0,0.0,0.1,18114,
3286,122176,-5.7,0.0,13.73,7,0.0,0.8571,0.1,18114,
3287,122176,-3.4,0.0,32.14,9,0.1111,0.4444,0.1,18114,
3288,122240,-5.6,0.0,11.76,6,0.0,0.5,0.1,18127,
3289,122240,-2.5,0.0,20.0,3,0.0,0.3333,0.1,18127,
3290,122304,-4.0,0.0,26.47,9,0.0,0.3333,0.1,18137,
3291,122368,-6.1,0.0,28.57,12,0.0833,0.5,0.1,18150,
3292,122368,-5.1,0.0,10.0,4,0.0,0.5,0.1,18150,
3293,122368,-6.4,0.0,16.33,8,0.125,0.625,0.1,18150,
3294,122432,-2.6,0.0,20.83,5,0.0,0.4,0.1,18167,
3295,122432,-3.4,0.0,8.0,2,0.0,0.0,0.1,18167,
3296,122432,-2.6,0.0,18.75,3,0.0,0.0,0.1,18167,
3297,122432,-5.6,0.0,18.0,9,0.2222,0.3333,0.1,18167,
3298,122496,-5.1,0.0,21.57,11,0.1818,0.5455,0.1,18178,
3299,122496,-6.9,0.0,26.53,13,0.0,0.2308,0.1,18178,
3300,122560,-1.4,0.0,16.67,1,0.0,0.0,0.1,18190,
3301,122624,9.5,1.0,23.81,5,0.2,0.2,0.1,18207,
3302,122688,-6.5,0.0,29.41,15,0.1333,0.6,0.1,18214,
3303,122752,-6.0,0.0,19.61,10,0.1,0.3,0.1,18223,
3304,122816,-5.3,0.0,25.49,13,0.0769,0.4615,0.1,18235,
3305,122816,-5.4,0.0,7.84,4,0.0,0.5,0.1,18235,
3306,122880,9.6,1.0,31.58,6,0.1667,0.3333,0.1,18246,
3307,122880,-5.1,0.0,21.57,11,0.0,0.7273,0.1,18246,
3308,122944,-5.2,0.0,23.53,12,0.0,0.4167,0.1,18261,
3309,122944,-1.4,0.0,30.77,4,0.0,0.5,0.1,18261,
3310,123008,-3.2,0.0,31.58,6,0.0,0.3333,0.1,18276,
3311,123072,9.7,1.0,26.32,5,0.2,0.4,0.1,18291,
3312,123072,-4.7,0.0,13.73,7,0.1429,0.4286,0.1,18291,
3313,123200,10.6,1.0,36.36,4,0.0,1.0,0.1,18319,
3314,123264,-2.3,0.0,33.33,4,0.0,0.5,0.1,18326,
3315,123264,-5.4,0.0,27.45,14,0.0714,0.7143,0.1,18326,
3316,123264,8.5,1.0,16.13,5,0.0,0.6,0.1,18326,
3317,123328,-4.7,0.0,17.65,6,0.1667,0.1667,0.1,18342,
3318,123328,-4.1,0.0,9.68,3,0.0,0.0,0.1,18342,
3319,123392,-5.7,0.0,33.33,17,0.0588,0.5882,0.1,18361,
3320,123392,-5.9,0.0,17.65,9,0.0,0.5556,0.1,18361,
3321,123392,-5.7,0.0,13.73,7,0.2857,0.5714,0.1,18361,
3322,123456,-2.2,0.0,15.38,2,0.0,0.0,0.1,18373,
3323,123456,-3.2,0.0,25.0,5,0.2,0.4,0.1,18373,
3324,123456,9.6,1.0,31.58,6,0.0,0.5,0.1,18373,
3325,123456,-2.6,0.0,11.76,2,0.0,0.0,0.1,18373,
3326,123584,-6.1,0.0,17.39,8,0.0,0.625,0.1,18402,
3327,123584,-5.1,0.0,18.92,7,0.0,0.2857,0.1,18402,
3328,123648,7.5,1.0,31.43,11,0.0,0.5455,0.1,18414,
3329,123648,-3.4,0.0,42.11,8,0.0,0.25,0.1,18414,
3330,123648,9.8,1.0,21.05,4,0.0,0.5,0.1,18414,
3331,123712,8.4,1.0,19.35,6,0.3333,0.3333,0.1,18432,
3332,123776,-3.3,0.0,13.04,3,0.3333,0.3333,0.1,18442,
3333,123776,-4.8,0.0,2.5,1,0.0,0.0,0.1,18442,
3334,123776,-4.9,0.0,17.65,9,0.0,0.5556,0.1,18442,
3335,123840,-1.6,0.0,12.5,1,0.0,0.0,0.1,18454,
3336,123840,-5.3,0.0,9.52,4,0.25,0.0,0.1,18454,
3337,123904,-2.6,0.0,26.09,6,0.0,0.8333,0.1,18460,
3338,123904,-5.7,0.0,13.73,7,0.0,0.5714,0.1,18460,
3339,123968,-5.6,0.0,11.36,5,0.0,0.4,0.1,18476,
3340,123968,6.6,1.0,30.95,13,0.1538,0.6154,0.1,18476,
3341,123968,-1.7,0.0,25.0,2,0.0,0.0,0.1,18476,
3342,124032,-0.9,0.0,33.33,3,0.0,0.3333,0.1,18489,
3343,124032,-3.2,0.0,38.89,7,0.1429,0.1429,0.1,18489,
3344,124096,-3.5,0.0,7.69,2,0.0,0.5,0.1,18501,
3345,124160,-3.3,0.0,4.0,1,0.0,0.0,0.1,18512,
3346,124160,-6.1,0.0,21.57,11,0.0909,0.4545,0.1,18512,
3347,124160,-5.0,0.0,19.61,10,0.0,0.4,0.1,18512,
3348,124224,-3.1,0.0,9.09,2,0.5,0.0,0.1,18523,
3349,124288,-2.0,0.0,18.18,2,0.0,0.0,0.1,18539,
3350,124352,-1.5,0.0,60.0,3,0.0,0.0,0.1,18549,
3351,124352,-5.1,0.0,21.57,11,0.0909,0.7273,0.1,18549,
3352,124416,-5.7,0.0,13.73,7,0.1429,0.1429,0.1,18560,
3353,124416,-3.4,0.0,17.39,4,0.0,0.5,0.1,18560,
3354,124480,-2.2,0.0,13.64,3,0.0,0.3333,0.1,18566,
3355,124480,10.8,1.0,18.18,2,0.0,0.5,0.1,18566,
3356,124480,-6.0,0.0,19.61,10,0.1,0.7,0.1,18566,
3357,124544,-6.2,0.0,23.53,12,0.0833,0.4167,0.1,18572,
3358,124544,-4.4,0.0,7.84,4,0.0,0.25,0.1,18572,
3359,124608,-5.2,0.0,21.62,8,0.125,0.375,0.1,18589,
3360,124608,-1.8,0.0,37.5,3,0.0,0.0,0.1,18589,
3361,124736,-5.8,0.0,15.69,8,0.0,0.5,0.1,18609,
3362,124800,7.0,1.0,21.43,9,0.0,0.5556,0.1,18624,
3363,124800,-3.0,0.0,21.05,4,0.0,0.25,0.1,18624,
3364,124864,-5.4,0.0,11.9,5,0.2,0.6,0.1,18638,
3365,124864,-5.6,0.0,11.76,6,0.1667,0.6667,0.1,18638,
3366,124928,-5.7,0.0,13.73,7,0.1429,0.4286,0.1,18652,
3367,124928,-1.8,0.0,22.22,2,0.0,0.0,0.1,18652,
3368,124928,-6.0,0.0,19.61,10,0.0,0.4,0.1,18652,
3369,124928,-6.2,0.0,23.53,12,0.0833,0.5833,0.1,18652,
3370,124992,-6.2,0.0,23.53,12,0.0833,0.25,0.1,18663,
3371,124992,-3.0,0.0,32.0,8,0.125,0.25,0.1,18663,
3372,125056,-5.9,0.0,15.56,7,0.1429,0.5714,0.1,18673,
3373,125120,-5.8,0.0,18.6,8,0.0,0.375,0.1,18684,
3374,125120,-4.4,0.0,27.03,10,0.1,0.2,0.1,18684,
3375,125120,-3.9,0.0,14.29,4,0.0,0.75,0.1,18684,
3376,125184,-3.3,0.0,20.0,6,0.1667,0.5,0.1,18700,
3377,125184,5.7,1.0,25.49,13,0.0,0.6154,0.1,18700,
3378,125184,-6.0,0.0,19.61,10,0.1,0.6,0.1,18700,
3379,125248,-1.5,0.0,38.46,5,0.0,0.6,0.1,18712,
3380,125312,-4.7,0.0,14.29,5,0.0,0.0,0.1,18723,
3381,125312,7.3,1.0,23.08,9,0.3333,0.2222,0.1,18723,
3382,125312,-5.1,0.0,21.57,11,0.0909,0.5455,0.1,18723,
3383,125312,-5.1,0.0,21.57,11,0.0909,0.4545,0.1,18723,
3384,125376,10.3,1.0,38.46,5,0.0,0.4,0.1,18735,
3385,125376,-5.1,0.0,21.57,11,0.0,0.7273,0.1,18735,
3386,125504,-3.9,0.0,20.0,7,0.1429,0.7143,0.1,18761,
3387,125568,-3.5,0.0,7.69,2,0.0,0.5,0.1,18774,
3388,125568,-1.8,0.0,10.0,1,0.0,0.0,0.1,18774,
3389,125632,-1.5,0.0,14.29,1,0.0,0.0,0.1,18793,
3390,125632,-3.0,0.0,13.79,4,0.25,0.25,0.1,18793,
3391,125632,-3.5,0.0,7.69,2,0.0,0.0,0.1,18793,
3392,125632,-5.9,0.0,17.65,9,0.0,0.4444,0.1,18793,
3393,125824,-4.0,0.0,13.79,4,0.0,0.25,0.1,18829,
3394,125888,8.0,1.0,24.24,8,0.0,0.5,0.1,18847,
3395,125952,-5.1,0.0,21.57,11,0.0909,0.4545,0.1,18863,
3396,125952,-3.5,0.0,21.74,5,0.0,0.0,0.1,18863,
3397,125952,-5.0,0.0,19.44,7,0.0,0.1429,0.1,18863,
3398,126016,-1.4,0.0,21.43,3,0.3333,0.3333,0.1,18872,
3399,126080,-4.7,0.0,17.65,6,0.1667,0.1667,0.1,18884,
3400,126144,-3.9,0.0,23.08,6,0.1667,0.3333,0.1,18900,
3401,126144,-2.7,0.0,5.26,1,0.0,0.0,0.1,18900,
3402,126144,-5.7,0.0,13.73,7,0.1429,0.4286,0.1,18900,
3403,126144,-4.9,0.0,10.53,4,0.0,0.5,0.1,18900,
3404,126208,-5.0,0.0,19.61,10,0.1,0.4,0.1,18908,
3405,126208,7.2,1.0,22.5,9,0.1111,0.3333,0.1,18908,
3406,126272,10.9,1.0,20.0,2,0.0,0.5,0.1,18922,
3407,126272,-5.3,0.0,21.05,8,0.125,0.25,0.1,18922,
3408,126272,-5.5,0.0,29.41,15,0.0667,0.6,0.1,18922,
3409,126272,-4.3,0.0,12.2,5,0.0,0.4,0.1,18922,
3410,126336,9.3,1.0,33.33,7,0.0,0.4286,0.1,18933,
3411,126400,-3.1,0.0,14.29,3,0.0,0.3333,0.1,18948,
3412,126464,-4.7,0.0,13.73,7,0.0,0.4286,0.1,18965,
3413,126528,-5.7,0.0,13.73,7,0.1429,0.1429,0.1,18979,
3414,126528,-1.7,0.0,11.11,1,0.0,0.0,0.1,18979,
3415,126592,-3.9,0.0,23.08,6,0.0,0.5,0.1,18997,
3416,126656,-5.5,0.0,14.29,6,0.0,0.3333,0.1,19009,
3417,126656,-6.1,0.0,21.57,11,0.0,0.5455,0.1,19009,
3418,126656,-5.1,0.0,21.57,11,0.0,0.4545,0.1,19009,
3419,126720,-2.2,0.0,13.64,3,0.3333,0.3333,0.1,19021,
3420,126720,-6.1,0.0,21.57,11,0.0,0.5455,0.1,19021,
3421,126720,6.2,1.0,15.69,8,0.0,0.25,0.1,19021,
3422,126720,-3.0,0.0,27.78,5,0.0,0.4,0.1,19021,
3423,126848,-2.7,0.0,20.0,5,0.0,0.2,0.1,19043,
3424,126976,-3.0,0.0,35.29,6,0.0,0.6667,0.1,19058,
3425,127040,-6.2,0.0,22.22,10,0.1,0.5,0.1,19069,
3426,127040,-4.4,0.0,27.59,8,0.125,0.25,0.1,19069,
3427,127104,-2.0,0.0,30.0,3,0.3333,0.3333,0.1,19081,
3428,127104,-5.9,0.0,17.65,9,0.0,0.2222,0.1,19081,
3429,127104,-1.4,0.0,16.67,1,0.0,0.0,0.1,19081,
3430,127104,-4.5,0.0,23.08,9,0.0,0.4444,0.1,19081,
3431,127168,-2.2,0.0,7.14,1,0.0,0.0,0.1,19099,
3432,127232,11.1,1.0,25.0,2,0.0,0.5,0.1,19117,
3433,127232,-4.4,0.0,37.04,10,0.3,0.6,0.1,19117,
3434,127296,10.8,1.0,30.0,3,0.3333,0.3333,0.1,19128,
3435,127296,9.9,1.0,22.22,4,0.0,0.75,0.1,19128,
3436,127296,-2.5,0.0,28.57,4,0.25,0.0,0.1,19128,
3437,127296,-4.8,0.0,15.69,8,0.0,0.375,0.1,19128,
3438,127360,-2.1,0.0,16.67,2,0.0,0.0,0.1,19140,
3439,127424,-5.0,0.0,19.61,10,0.1,0.3,0.1,19152,
3440,127424,-4.8,0.0,15.69,8,0.125,0.5,0.1,19152,
3441,127488,10.1,1.0,33.33,5,0.0,1.0,0.1,19173,
3442,127488,-4.9,0.0,16.67,6,0.0,0.3333,0.1,19173,
3443,127488,-4.8,0.0,21.43,9,0.1111,0.2222,0.1,19173,
3444,127488,-5.1,0.0,21.57,11,0.0909,0.5455,0.1,19173,
3445,127488,9.4,1.0,28.57,6,0.0,1.0,0.1,19173,
3446,127488,6.2,1.0,18.0,9,0.1111,0.2222,0.1,19173,
3447,127552,-6.3,0.0,19.15,9,0.1111,0.1111,0.1,19185,
3448,127552,-3.1,0.0,20.0,4,0.0,0.5,0.1,19185,
3449,127616,-5.3,0.0,25.49,13,0.0769,0.5385,0.1,19198,
3450,127680,-5.5,0.0,9.8,5,0.0,0.8,0.1,19217,
3451,127744,-2.8,0.0,10.53,2,0.0,0.0,0.1,19229,
3452,127744,-5.2,0.0,23.53,12,0.1667,0.3333,0.1,19229,
3453,127744,6.6,1.0,25.0,11,0.0909,0.7273,0.1,19229,
3454,127744,-5.1,0.0,31.71,13,0.0769,0.3077,0.1,19229,
3455,127872,-6.5,0.0,29.41,15,0.2,0.4667,0.1,19258,
3456,127872,8.8,1.0,13.79,4,0.0,0.75,0.1,19258,
3457,128000,-5.2,0.0,23.53,12,0.3333,0.6667,0.1,19291,
3458,128064,-0.8,0.0,37.5,3,0.0,0.3333,0.1,19302,
3459,128064,-5.9,0.0,17.65,9,0.0,0.4444,0.1,19302,
3460,128128,-6.2,0.0,23.53,12,0.0,0.5,0.1,19311,
3461,128128,-5.5,0.0,9.8,5,0.4,0.0,0.1,19311,
3462,128256,-6.1,0.0,21.57,11,0.0909,0.4545,0.1,19339,
3463,128384,-5.9,0.0,17.65,9,0.1111,0.6667,0.1,19364,
3464,128384,-6.5,0.0,34.88,15,0.0,0.3333,0.1,19364,
3465,128384,-3.3,0.0,9.09,3,0.0,0.0,0.1,19364,
3466,128448,-2.8,0.0,40.0,6,0.0,0.5,0.1,19377,
3467,128512,-2.4,0.0,6.25,1,0.0,0.0,0.1,19385,
3468,128512,10.6,1.0,25.0,3,0.3333,0.6667,0.1,19385,
3469,128512,-3.9,0.0,14.29,4,0.0,0.75,0.1,19385,
3470,128576,-5.2,0.0,23.53,12,0.0833,0.4167,0.1,19397,
3471,128576,-5.1,0.0,21.57,11,0.0909,0.6364,0.1,19397,
3472,128576,-4.9,0.0,17.65,9,0.1111,0.3333,0.1,19397,
3473,128640,-1.9,0.0,20.0,2,0.0,0.5,0.1,19411,
3474,128640,-4.9,0.0,17.65,9,0.1111,0.3333,0.1,19411,
3475,128640,-3.0,0.0,21.05,4,0.0,0.25,0.1,19411,
3476,128640,-5.9,0.0,17.65,9,0.0,0.3333,0.1,19411,
3477,128640,-2.2,0.0,25.0,3,0.0,0.3333,0.1,19411,
3478,128704,-2.3,0.0,36.84,7,0.0,0.4286,0.1,19432,
3479,128704,-2.9,0.0,10.0,2,0.0,0.0,0.1,19432,
3480,128704,-2.5,0.0,12.5,2,0.0,0.5,0.1,19432,
3481,128832,-5.9,0.0,17.65,9,0.0,0.7778,0.1,19450,
3482,128832,9.6,1.0,19.05,4,0.0,0.5,0.1,19450,
3483,128896,-6.8,0.0,19.61,10,0.0,0.4,0.1,19463,
3484,128896,-3.1,0.0,9.09,2,0.0,0.5,0.1,19463,
3485,128896,-6.3,0.0,25.49,13,0.1538,0.3077,0.1,19463,
3486,128960,-1.7,0.0,11.11,1,0.0,0.0,0.1,19474,
3487,128960,-4.3,0.0,6.98,3,0.0,0.0,0.1,19474,
3488,129088,-3.4,0.0,15.62,5,0.0,0.8,0.1,19496,
3489,129088,-5.4,0.0,27.45,14,0.0714,0.3571,0.1,19496,
3490,129088,-6.2,0.0,25.0,11,0.1818,0.1818,0.1,19496,
3491,129088,10.6,1.0,36.36,4,0.0,0.75,0.1,19496,
3492,129216,-6.1,0.0,21.57,11,0.0,0.3636,0.1,19527,
3493,129216,-5.4,0.0,42.42,14,0.1429,0.2857,0.1,19527,
3494,129216,-5.9,0.0,17.65,9,0.1111,0.5556,0.1,19527,
3495,129280,-4.8,0.0,27.5,11,0.1818,0.3636,0.1,19538,
3496,129344,-4.9,0.0,17.65,9,0.0,0.5556,0.1,19548,
3497,129344,-5.4,0.0,30.56,11,0.0909,0.4545,0.1,19548,
3498,129408,-5.7,0.0,13.73,7,0.2857,0.1429,0.1,19566,
3499,129408,-5.1,0.0,25.71,9,0.0,0.5556,0.1,19566,
3500,129408,-5.1,0.0,21.57,11,0.0,0.6364,0.1,19566,
3501,129408,-2.8,0.0,19.23,5,0.0,0.6,0.1,19566,
3502,129472,-3.0,0.0,9.52,2,0.0,0.0,0.1,19580,
3503,129472,-6.8,0.0,19.61,10,0.1,0.5,0.1,19580,
3504,129536,-2.3,0.0,23.08,3,0.0,0.6667,0.1,19597,
3505,129600,-1.7,0.0,25.0,2,0.0,0.0,0.1,19613,
3506,129600,-6.1,0.0,21.57,11,0.0,0.5455,0.1,19613,
3507,129728,8.8,1.0,26.92,7,0.2857,0.8571,0.1,19643,
3508,129728,10.7,1.0,16.67,2,0.0,0.0,0.1,19643,
3509,129728,-3.1,0.0,4.35,1,0.0,0.0,0.1,19643,
3510,129792,-1.2,0.0,25.0,1,0.0,0.0,0.1,19654,
3511,129856,9.4,1.0,35.0,7,0.0,0.5714,0.1,19665,
3512,129920,-6.1,0.0,22.73,10,0.0,0.3,0.1,19677,
3513,129920,-2.4,0.0,6.25,1,0.0,0.0,0.1,19677,
3514,129920,-7.2,0.0,27.45,14,0.0714,0.4286,0.1,19677,
3515,129920,-5.4,0.0,27.45,14,0.0714,0.5,0.1,19677,
3516,129984,-1.9,0.0,9.09,1,0.0,0.0,0.1,19691,
3517,130112,-5.9,0.0,17.65,9,0.2222,0.5556,0.1,19712,
3518,130176,10.7,1.0,16.67,2,0.5,1.0,0.1,19726,
3519,130176,-3.7,0.0,25.0,6,0.3333,0.3333,0.1,19726,
3520,130240,-5.4,0.0,27.45,14,0.0,0.6429,0.1,19744,
3521,130240,-3.0,0.0,9.52,2,0.5,0.5,0.1,19744,
3522,130368,-6.1,0.0,21.57,11,0.0,0.4545,0.1,19768,
3523,130368,-5.9,0.0,17.65,9,0.2222,0.7778,0.1,19768,
3524,130432,-4.2,0.0,16.67,5,0.2,0.0,0.1,19784,
3525,130432,9.7,1.0,26.32,5,0.0,0.6,0.1,19784,
3526,130496,-6.2,0.0,23.53,12,0.0833,0.5833,0.1,19796,
3527,130496,-6.4,0.0,27.45,14,0.0714,0.2857,0.1,19796,
3528,130496,8.6,1.0,20.69,6,0.1667,0.3333,0.1,19796,
3529,130560,-6.0,0.0,19.61,10,0.3,0.4,0.1,19806,
3530,130560,-5.1,0.0,21.57,11,0.0909,0.2727,0.1,19806,
3531,130560,-5.7,0.0,13.73,7,0.1429,0.2857,0.1,19806,
3532,130560,-5.0,0.0,19.61,10,0.0,0.3,0.1,19806,
3533,130624,-5.7,0.0,13.73,7,0.0,0.5714,0.1,19818,
3534,130624,-2.0,0.0,18.18,2,0.0,0.5,0.1,19818,
3535,130688,-6.2,0.0,19.57,9,0.1111,0.2222,0.1,19826,
3536,130688,9.5,1.0,30.0,6,0.1667,0.6667,0.1,19826,
3537,130752,-2.8,0.0,16.67,3,0.0,0.0,0.1,19838,
3538,130752,-5.0,0.0,19.61,10,0.1,0.6,0.1,19838,
3539,130752,-4.7,0.0,19.05,8,0.0,0.625,0.1,19838,
3540,130816,-5.5,0.0,29.41,15,0.0667,0.6667,0.1,19849,
3541,130880,-6.2,0.0,23.53,12,0.0,0.75,0.1,19860,
3542,130880,-2.3,0.0,14.29,2,0.0,0.5,0.1,19860,
3543,130944,8.1,1.0,25.0,8,0.25,0.75,0.1,19872,
3544,131008,-2.5,0.0,16.67,4,0.0,0.5,0.1,19883,
3545,131008,-5.7,0.0,13.73,7,0.1429,0.4286,0.1,19883,
3546,131072,-4.0,0.0,13.79,4,0.0,0.25,0.1,19895,
3547,131136,-2.2,0.0,13.64,3,0.0,0.6667,0.1,19911,
3548,131136,-5.7,0.0,13.73,7,0.0,0.5714,0.1,19911,
3549,131200,6.8,1.0,23.26,10,0.0,0.6,0.1,19925,
3550,131264,-4.8,0.0,20.59,7,0.0,0.4286,0.1,19943,
3551,131264,-2.4,0.0,6.25,1,0.0,0.0,0.1,19943,
3552,131264,9.4,1.0,28.57,6,0.0,0.8333,0.1,19943,
3553,131328,-4.8,0.0,24.39,10,0.0,0.5,0.1,19960,
3554,131328,-6.0,0.0,26.19,11,0.0,0.3636,0.1,19960,
3555,131392,-6.3,0.0,25.49,13,0.1538,0.5385,0.1,19978,
3556,131392,-2.0,0.0,30.0,3,0.0,0.3333,0.1,19978,
3557,131392,-4.6,0.0,8.33,3,0.0,0.0,0.1,19978,
3558,131456,-4.3,0.0,17.95,7,0.0,0.4286,0.1,19989,
3559,131456,7.9,1.0,27.27,9,0.0,0.3333,0.1,19989,
3560,131520,-3.3,0.0,23.81,5,0.0,0.2,0.1,20001,
3561,131584,-1.8,0.0,16.67,3,0.0,0.3333,0.1,20016,
3562,131584,-3.9,0.0,14.29,4,0.0,0.5,0.1,20016,
3563,131584,-5.6,0.0,8.89,4,0.25,0.25,0.1,20016,
3564,131648,9.8,1.0,27.78,5,0.0,0.6,0.1,20030,
3565,131648,6.8,1.0,20.45,9,0.2222,0.3333,0.1,20030,
3566,131648,8.3,1.0,26.67,8,0.0,0.75,0.1,20030,
3567,131648,-4.9,0.0,17.65,9,0.1111,0.6667,0.1,20030,
3568,131712,-1.8,0.0,23.53,4,0.0,0.75,0.1,20045,
3569,131776,-3.9,0.0,10.34,3,0.0,0.3333,0.1,20060,
3570,131776,-5.1,0.0,21.57,11,0.0909,0.7273,0.1,20060,
3571,131776,8.8,1.0,50.0,11,0.0,0.4545,0.1,20060,
3572,131776,-5.6,0.0,11.76,6,0.0,0.5,0.1,20060,
3573,131840,-6.2,0.0,23.53,12,0.1667,0.1667,0.1,20071,
3574,131840,-5.4,0.0,7.84,4,0.5,0.5,0.1,20071,
3575,131904,-5.1,0.0,21.57,11,0.0909,0.6364,0.1,20086,
3576,131904,-4.7,0.0,13.73,7,0.2857,0.4286,0.1,20086,
3577,131904,-3.4,0.0,32.14,9,0.0,0.5556,0.1,20086,
3578,131904,11.7,1.0,0.0,0,,,0.1,20086,
3579,131968,-3.2,0.0,13.64,3,0.0,0.3333,0.1,20097,
3580,132032,-3.8,0.0,24.24,8,0.0,0.5,0.1,20112,
3581,132096,-5.7,0.0,13.73,7,0.0,0.7143,0.1,20118,
3582,132160,-1.4,0.0,21.43,3,0.3333,0.6667,0.1,20137,
3583,132288,7.3,1.0,20.0,8,0.25,0.625,0.1,20161,
3584,132352,-2.4,0.0,21.43,3,0.0,0.0,0.1,20177,
3585,132352,-1.9,0.0,20.0,2,0.0,0.5,0.1,20177,
3586,132352,-0.5,0.0,14.29,1,0.0,0.0,0.1,20177,
3587,132352,-4.9,0.0,17.65,9,0.0,0.4444,0.1,20177,
3588,132416,-2.7,0.0,25.0,4,0.0,0.25,0.1,20188,
3589,132416,-1.7,0.0,25.0,2,0.0,0.0,0.1,20188,
3590,132480,-4.8,0.0,28.12,9,0.2222,0.3333,0.1,20204,
3591,132480,-5.1,0.0,21.57,11,0.0,0.5455,0.1,20204,
3592,132544,-3.6,0.0,25.81,8,0.0,0.625,0.1,20215,
3593,132608,11.2,1.0,0.0,0,,,0.1,20229,
3594,132608,-5.9,0.0,37.25,19,0.0526,0.7895,0.1,20229,
3595,132672,-5.5,0.0,9.8,5,0.2,0.6,0.1,20247,
3596,132672,-6.3,0.0,25.49,13,0.2308,0.3846,0.1,20247,
3597,132736,-3.1,0.0,14.29,3,0.0,0.3333,0.1,20259,
3598,132736,-5.2,0.0,23.53,12,0.0833,0.5,0.1,20259,
3599,132736,-4.2,0.0,25.0,7,0.1429,0.4286,0.1,20259,
3600,132800,-4.3,0.0,28.57,8,0.25,0.25,0.1,20272,
3601,132800,-5.5,0.0,20.0,8,0.125,0.25,0.1,20272,
3602,132800,-3.6,0.0,26.09,6,0.1667,0.6667,0.1,20272,
3603,132864,-5.5,0.0,9.8,5,0.0,0.4,0.1,20283,
3604,132864,-3.3,0.0,8.33,2,0.0,0.5,0.1,20283,
3605,132864,-4.4,0.0,19.35,6,0.0,0.5,0.1,20283,
3606,132928,-3.3,0.0,38.46,10,0.3,0.4,0.1,20298,
3607,133120,6.9,1.0,30.0,12,0.0833,0.4167,0.1,20348,
3608,133120,-5.7,0.0,13.73,7,0.0,0.5714,0.1,20348,
3609,133120,-2.0,0.0,8.33,1,0.0,0.0,0.1,20348,
3610,133120,-4.2,0.0,21.62,8,0.125,0.375,0.1,20348,
3611,133184,-3.8,0.0,28.12,9,0.1111,0.5556,0.1,20363,
3612,133184,-1.5,0.0,14.29,1,0.0,0.0,0.1,20363,
3613,133248,-2.0,0.0,8.33,1,0.0,0.0,0.1,20375,
3614,133312,-4.0,0.0,22.22,6,0.0,0.5,0.1,20386,
3615,133376,-6.0,0.0,26.19,11,0.0909,0.3636,0.1,20401,
3616,133376,7.3,1.0,33.33,12,0.1667,0.4167,0.1,20401,
3617,133376,-4.5,0.0,22.58,7,0.0,0.4286,0.1,20401,
3618,133440,8.4,1.0,27.59,8,0.125,0.375,0.1,20409,
3619,133440,-6.7,0.0,33.33,17,0.1765,0.4706,0.1,20409,
3620,133504,-2.5,0.0,28.57,4,0.25,0.25,0.1,20426,
3621,133504,-2.5,0.0,20.0,3,0.0,0.3333,0.1,20426,
3622,133568,-4.4,0.0,23.33,7,0.1429,0.1429,0.1,20442,
3623,133632,6.2,1.0,28.26,13,0.0769,0.3077,0.1,20455,
3624,133632,10.7,1.0,16.67,2,0.0,0.5,0.1,20455,
3625,133632,-6.2,0.0,23.53,12,0.0833,0.3333,0.1,20455,
3626,133696,-4.8,0.0,28.12,9,0.4444,0.2222,0.1,20473,
3627,133760,-6.4,0.0,27.45,14,0.2143,0.3571,0.1,20486,
3628,133760,-1.8,0.0,10.0,1,0.0,0.0,0.1,20486,
3629,133760,-5.5,0.0,9.8,5,0.0,0.8,0.1,20486,
3630,133824,-6.1,0.0,21.57,11,0.0909,0.2727,0.1,20502,
3631,133888,-2.3,0.0,33.33,4,0.25,0.5,0.1,20516,
3632,133888,-5.7,0.0,13.73,7,0.0,0.4286,0.1,20516,
3633,133952,-2.5,0.0,12.5,2,0.0,0.0,0.1,20532,
3634,133952,-5.2,0.0,25.0,9,0.1111,0.3333,0.1,20532,
3635,133952,-3.7,0.0,20.0,5,0.0,0.4,0.1,20532,
3636,134016,-5.8,0.0,22.0,11,0.1818,0.5455,0.1,20547,
3637,134016,-3.1,0.0,33.33,6,0.1667,0.5,0.1,20547,
3638,134016,-5.3,0.0,25.49,13,0.0769,0.4615,0.1,20547,
3639,134080,-3.1,0.0,20.0,4,0.0,0.75,0.1,20560,
3640,134080,7.2,1.0,22.5,9,0.1111,0.4444,0.1,20560,
3641,134080,-2.2,0.0,25.0,5,0.0,0.6,0.1,20560,
3642,134144,-5.6,0.0,11.76,6,0.0,0.5,0.1,20574,
3643,134144,-4.4,0.0,27.59,8,0.0,0.5,0.1,20574,
3644,134272,-2.9,0.0,29.41,5,0.0,0.4,0.1,20603,
3645,134272,-4.9,0.0,17.65,9,0.0,0.4444,0.1,20603,
3646,134336,-1.3,0.0,50.0,2,0.0,0.5,0.1,20617,
3647,134400,-4.9,0.0,17.65,9,0.1111,0.3333,0.1,20631,
3648,134400,-2.8,0.0,14.81,4,0.0,0.75,0.1,20631,
3649,134400,-6.7,0.0,22.45,11,0.0909,0.4545,0.1,20631,
3650,134464,-2.0,0.0,9.52,2,0.0,0.0,0.1,20647,
3651,134464,-4.6,0.0,11.76,6,0.1667,0.8333,0.1,20647,
3652,134528,-0.7,0.0,11.11,1,0.0,0.0,0.1,20660,
3653,134528,-2.4,0.0,21.43,3,0.0,0.3333,0.1,20660,
3654,134656,-3.4,0.0,35.0,7,0.0,0.2857,0.1,20691,
3655,134656,-5.2,0.0,25.0,9,0.0,0.5556,0.1,20691,
3656,134720,-1.5,0.0,14.29,1,0.0,0.0,0.1,20706,
3657,134720,-3.0,0.0,43.75,7,0.0,0.0,0.1,20706,
3658,134720,-5.6,0.0,11.76,6,0.0,0.3333,0.1,20706,
3659,134720,-4.5,0.0,15.15,5,0.0,0.0,0.1,20706,
3660,134784,10.4,1.0,6.25,1,1.0,1.0,0.1,20726,
3661,134784,-5.5,0.0,29.73,11,0.0,0.3636,0.1,20726,
3662,134848,-1.4,0.0,40.0,2,0.0,0.5,0.1,20741,
3663,134848,-6.6,0.0,31.37,16,0.0625,0.5625,0.1,20741,
3664,134912,-5.6,0.0,28.95,11,0.0909,0.5455,0.1,20758,
3665,134912,9.0,1.0,34.78,8,0.0,0.75,0.1,20758,
3666,134912,9.5,1.0,30.0,6,0.5,0.8333,0.1,20758,
3667,135040,-6.3,0.0,25.49,13,0.0,0.3846,0.1,20783,
3668,135040,-2.6,0.0,26.67,4,0.0,0.0,0.1,20783,
3669,135040,-3.8,0.0,13.89,5,0.2,0.4,0.1,20783,
3670,135040,-5.7,0.0,13.73,7,0.0,0.5714,0.1,20783,
3671,135040,-5.2,0.0,23.53,12,0.0833,0.4167,0.1,20783,
3672,135040,-6.1,0.0,21.57,11,0.1818,0.6364,0.1,20783,
3673,135104,-1.8,0.0,23.53,4,0.0,0.5,0.1,20797,
3674,135104,-4.8,0.0,15.69,8,0.125,0.625,0.1,20797,
3675,135104,-5.9,0.0,17.65,9,0.2222,0.3333,0.1,20797,
3676,135168,-6.2,0.0,23.53,12,0.1667,0.4167,0.1,20813,
3677,135168,-5.8,0.0,15.69,8,0.125,0.125,0.1,20813,
3678,135232,-5.3,0.0,25.49,13,0.0,0.3846,0.1,20827,
3679,135296,-2.5,0.0,20.0,3,0.0,0.3333,0.1,20843,
3680,135360,-6.1,0.0,21.57,11,0.0,0.6364,0.1,20859,
3681,135360,-1.9,0.0,71.43,5,0.2,0.0,0.1,20859,
3682,135360,-1.9,0.0,20.0,2,0.0,0.5,0.1,20859,
3683,135424,-1.9,0.0,9.09,1,0.0,0.0,0.1,20875,
3684,135424,-6.3,0.0,25.49,13,0.0769,0.4615,0.1,20875,
3685,135488,-3.4,0.0,22.73,5,0.0,0.4,0.1,20889,
3686,135552,-3.7,0.0,25.0,6,0.0,0.1667,0.1,20899,
3687,135616,-6.3,0.0,25.49,13,0.0,0.4615,0.1,20909,
3688,135616,-1.8,0.0,37.5,3,0.6667,0.6667,0.1,20909,
3689,135680,-5.5,0.0,29.41,15,0.0667,0.4667,0.1,20922,
3690,135744,-2.0,0.0,18.18,2,0.5,0.5,0.1,20936,
3691,135744,-4.2,0.0,20.69,6,0.1667,0.3333,0.1,20936,
3692,135744,-6.3,0.0,19.15,9,0.1111,0.1111,0.1,20936,
3693,135808,-2.0,0.0,8.33,1,0.0,0.0,0.1,20954,
3694,135808,-1.1,0.0,16.67,2,0.0,0.5,0.1,20954,
3695,135872,-1.6,0.0,11.76,2,0.0,0.5,0.1,20970,
3696,135872,-4.7,0.0,28.21,11,0.0,0.3636,0.1,20970,
3697,135936,-6.3,0.0,25.49,13,0.0,0.2308,0.1,20985,
3698,136000,11.5,1.0,50.0,2,0.0,1.0,0.1,20997,
3699,136064,-5.9,0.0,17.65,9,0.1111,0.5556,0.1,21013,
3700,136064,-2.6,0.0,11.54,3,0.0,0.3333,0.1,21013,
3701,136128,-6.2,0.0,19.57,9,0.1111,0.6667,0.1,21027,
3702,136128,-2.0,0.0,30.0,3,0.0,0.3333,0.1,21027,
3703,136128,-5.8,0.0,15.69,8,0.0,0.5,0.1,21027,
3704,136192,-2.1,0.0,33.33,6,0.0,0.5,0.1,21041,
3705,136320,-2.7,0.0,3.45,1,0.0,0.0,0.1,21074,
3706,136320,-0.6,0.0,12.5,1,0.0,0.0,0.1,21074,
3707,136320,-2.0,0.0,18.18,2,0.0,0.0,0.1,21074,
3708,136320,-3.5,0.0,12.0,3,0.3333,0.3333,0.1,21074,
3709,136384,-5.1,0.0,21.57,11,0.0909,0.2727,0.1,21093,
3710,136512,-6.1,0.0,21.57,11,0.0909,0.3636,0.1,21123,
3711,136512,-1.9,0.0,22.22,4,0.5,0.25,0.1,21123,
3712,136576,-6.0,0.0,19.61,10,0.0,0.5,0.1,21146,
3713,136576,-6.8,0.0,22.0,11,0.0909,0.1818,0.1,21146,
3714,136576,-3.5,0.0,21.74,5,0.4,0.2,0.1,21146,
3715,136704,-5.4,0.0,27.45,14,0.0,0.5714,0.1,21170,
3716,136704,-2.9,0.0,10.0,2,0.5,0.5,0.1,21170,
3717,136768,-4.1,0.0,25.93,7,0.0,0.4286,0.1,21185,
3718,136768,-5.7,0.0,17.65,9,0.0,0.6667,0.1,21185,
3719,136768,-4.1,0.0,17.24,5,0.0,0.4,0.1,21185,
3720,136768,-6.2,0.0,23.53,12,0.0,0.6667,0.1,21185,
3721,136832,-2.7,0.0,33.33,5,0.0,0.2,0.1,21198,
3722,136832,-6.2,0.0,23.53,12,0.1667,0.75,0.1,21198,
3723,136896,-6.1,0.0,21.57,11,0.0,0.2727,0.1,21209,
3724,136896,8.2,1.0,18.18,6,0.0,0.8333,0.1,21209,
3725,136960,-1.5,0.0,14.29,1,0.0,0.0,0.1,21224,
3726,137024,-7.2,0.0,27.45,14,0.0714,0.5714,0.1,21243,
3727,137024,-6.8,0.0,35.29,18,0.0,0.6111,0.1,21243,
3728,137088,-3.6,0.0,26.09,6,0.0,0.1667,0.1,21256,
3729,137088,10.1,1.0,66.67,8,0.25,0.625,0.1,21256,
3730,137088,-5.2,0.0,23.53,12,0.1667,0.6667,0.1,21256,
3731,137088,-6.4,0.0,23.91,11,0.0,0.7273,0.1,21256,
3732,137152,-5.5,0.0,29.41,15,0.1333,0.2,0.1,21265,
3733,137216,-6.3,0.0,25.49,13,0.1538,0.4615,0.1,21278,
3734,137216,-5.0,0.0,19.61,10,0.1,0.5,0.1,21278,
3735,137280,-4.6,0.0,18.18,6,0.1667,0.5,0.1,21289,
3736,137280,-5.6,0.0,11.76,6,0.0,0.3333,0.1,21289,
3737,137408,-1.9,0.0,20.0,2,0.0,0.0,0.1,21327,
3738,137408,-6.3,0.0,25.49,13,0.0769,0.6154,0.1,21327,
3739,137408,-2.4,0.0,21.43,3,0.0,0.3333,0.1,21327,
3740,137472,9.8,1.0,27.78,5,0.2,0.8,0.1,21344,
3741,137472,-4.0,0.0,32.0,8,0.125,0.375,0.1,21344,
3742,137472,6.4,1.0,21.28,10,0.0,0.7,0.1,21344,
3743,137472,-3.2,0.0,19.05,4,0.25,0.5,0.1,21344,
3744,137472,-2.8,0.0,16.67,3,0.0,0.0,0.1,21344,
3745,137472,-2.0,0.0,8.33,1,0.0,0.0,0.1,21344,
3746,137536,-6.7,0.0,33.33,17,0.1765,0.3529,0.1,21359,
3747,137536,10.4,1.0,30.77,4,0.0,0.5,0.1,21359,
3748,137600,-4.2,0.0,16.67,5,0.0,0.2,0.1,21378,
3749,137600,-1.3,0.0,23.08,3,0.0,0.6667,0.1,21378,
3750,137600,7.9,1.0,20.0,7,0.1429,0.2857,0.1,21378,
3751,137664,-6.3,0.0,25.49,13,0.0769,0.3846,0.1,21394,
3752,137664,-2.1,0.0,16.67,2,0.5,0.0,0.1,21394,
3753,137664,-6.1,0.0,21.57,11,0.1818,0.4545,0.1,21394,
3754,137728,-2.0,0.0,30.0,3,0.0,0.3333,0.1,21411,
3755,137792,-5.6,0.0,31.37,16,0.125,0.5,0.1,21425,
3756,137920,-1.8,0.0,37.5,3,0.0,0.3333,0.1,21460,
3757,137920,-5.9,0.0,37.25,19,0.0526,0.4737,0.1,21460,
3758,137920,-5.4,0.0,27.45,14,0.0714,0.5714,0.1,21460,
3759,137984,-6.1,0.0,21.57,11,0.0,0.5455,0.1,21476,
3760,138112,-6.2,0.0,23.53,12,0.0833,0.5833,0.1,21500,
3761,138112,-1.1,0.0,27.27,3,0.3333,0.3333,0.1,21500,
3762,138112,-4.8,0.0,15.69,8,0.0,0.75,0.1,21500,
3763,138176,-6.3,0.0,25.49,13,0.1538,0.3846,0.1,21519,
3764,138176,-1.1,0.0,27.27,3,0.0,0.6667,0.1,21519,
3765,138176,-4.5,0.0,11.76,4,0.0,0.0,0.1,21519,
3766,138176,-2.0,0.0,18.18,2,0.0,0.5,0.1,21519,
3767,138176,-1.9,0.0,20.0,2,0.0,0.5,0.1,21519,
3768,138304,-5.3,0.0,25.49,13,0.3077,0.5385,0.1,21548,
3769,138368,-5.9,0.0,17.65,9,0.0,0.3333,0.1,21563,
3770,138368,-3.7,0.0,20.0,5,0.0,0.6,0.1,21563,
3771,138432,-3.6,0.0,31.82,7,0.1429,0.1429,0.1,21582,
3772,138432,-5.5,0.0,29.41,15,0.0667,0.5333,0.1,21582,
3773,138496,-1.9,0.0,37.5,6,0.0,0.3333,0.1,21595,
3774,138496,-2.6,0.0,20.83,5,0.0,0.2,0.1,21595,
3775,138496,-5.9,0.0,17.65,9,0.1111,0.4444,0.1,21595,
3776,138560,-0.4,0.0,16.67,1,0.0,0.0,0.1,21610,
3777,138560,-6.2,0.0,23.53,12,0.0,0.5,0.1,21610,
3778,138624,-3.2,0.0,38.89,7,0.0,0.5714,0.1,21625,
3779,138624,8.9,1.0,33.33,8,0.0,0.625,0.1,21625,
3780,138624,-5.2,0.0,23.53,12,0.1667,0.6667,0.1,21625,
3781,138688,-3.8,0.0,10.71,3,0.0,0.3333,0.1,21639,
3782,138688,-2.8,0.0,16.67,3,0.0,0.6667,0.1,21639,
3783,138688,-6.5,0.0,29.41,15,0.0667,0.5333,0.1,21639,
3784,138816,-5.3,0.0,25.49,13,0.0,0.6154,0.1,21674,
3785,138816,-4.0,0.0,6.45,2,0.0,0.0,0.1,21674,
3786,139008,-6.0,0.0,15.22,7,0.1429,0.4286,0.1,21722,
3787,139008,-6.2,0.0,23.53,12,0.0833,0.5,0.1,21722,
3788,139008,-6.4,0.0,27.45,14,0.0,0.5,0.1,21722,
3789,139008,-1.9,0.0,33.33,3,0.0,0.3333,0.1,21722,
3790,139008,-1.5,0.0,60.0,3,0.0,0.3333,0.1,21722,
3791,139072,-4.7,0.0,14.29,5,0.0,0.4,0.1,21741,
3792,139072,-6.7,0.0,33.33,17,0.0588,0.3529,0.1,21741,
3793,139136,-4.6,0.0,25.81,8,0.0,0.5,0.1,21758,
3794,139200,-5.9,0.0,17.65,9,0.1111,0.3333,0.1,21773,
3795,139200,-3.8,0.0,24.24,8,0.25,0.5,0.1,21773,
3796,139200,-1.1,0.0,27.27,3,0.3333,0.3333,0.1,21773,
3797,139200,9.0,1.0,29.17,7,0.0,0.4286,0.1,21773,
3798,139328,-6.0,0.0,39.22,20,0.05,0.6,0.1,21803,
3799,139392,8.0,1.0,20.59,7,0.1429,0.5714,0.1,21819,
3800,139392,-1.5,0.0,33.33,2,0.0,0.5,0.1,21819,
3801,139392,-6.0,0.0,19.61,10,0.2,0.2,0.1,21819,
3802,139392,-5.2,0.0,23.53,12,0.0,0.3333,0.1,21819,
3803,139456,-6.3,0.0,25.49,13,0.1538,0.4615,0.1,21831,
3804,139520,8.1,1.0,21.21,7,0.1429,0.4286,0.1,21846,
3805,139584,-5.7,0.0,33.33,17,0.0588,0.4118,0.1,21860,
3806,139584,-4.1,0.0,13.33,4,0.0,0.5,0.1,21860,
3807,139584,8.1,1.0,29.03,9,0.2222,0.4444,0.1,21860,
3808,139648,-4.6,0.0,11.76,6,0.0,0.6667,0.1,21873,
3809,139776,-2.3,0.0,33.33,4,0.0,0.5,0.1,21899,
3810,139776,-3.2,0.0,19.05,4,0.0,0.25,0.1,21899,
3811,139840,-5.1,0.0,21.57,11,0.1818,0.5455,0.1,21913,
3812,139840,-4.6,0.0,11.76,6,0.0,0.5,0.1,21913,
3813,139840,-5.4,0.0,27.45,14,0.2857,0.5,0.1,21913,
3814,140032,-1.1,0.0,33.33,1,0.0,0.0,0.1,21960,
3815,140032,10.2,1.0,26.67,4,0.25,0.5,0.1,21960,
3816,140032,-5.0,0.0,19.61,10,0.1,0.5,0.1,21960,
3817,140096,-3.6,0.0,31.82,7,0.0,0.7143,0.1,21974,
3818,140160,5.5,1.0,37.5,18,0.1667,0.4444,0.1,21990,
3819,140224,6.8,1.0,35.9,14,0.2143,0.5714,0.1,22003,
3820,140224,-2.7,0.0,11.11,3,0.0,0.0,0.1,22003,
3821,140224,-3.0,0.0,21.05,4,0.0,0.5,0.1,22003,
3822,140288,-6.2,0.0,23.53,12,0.1667,0.1667,0.1,22015,
3823,140288,10.3,1.0,28.57,4,0.0,0.5,0.1,22015,
3824,140416,-4.0,0.0,17.86,5,0.0,0.4,0.1,22042,
3825,140480,-5.7,0.0,13.73,7,0.1429,0.8571,0.1,22058,
3826,140544,-6.3,0.0,25.49,13,0.0,0.5385,0.1,22071,
3827,140544,-6.5,0.0,29.41,15,0.0,0.4667,0.1,22071,
3828,140544,-5.7,0.0,31.58,12,0.0833,0.5,0.1,22071,
3829,140608,-4.2,0.0,12.9,4,0.0,0.75,0.1,22087,
3830,140608,-2.1,0.0,16.67,2,0.0,0.5,0.1,22087,
3831,140672,-6.4,0.0,34.0,17,0.0,0.5294,0.1,22108,
3832,140672,8.0,1.0,32.26,10,0.1,0.7,0.1,22108,
3833,140672,-3.2,0.0,19.05,4,0.5,0.25,0.1,22108,
3834,140672,-3.1,0.0,20.0,4,0.5,0.0,0.1,22108,
3835,140736,-3.1,0.0,25.93,7,0.0,0.4286,0.1,22124,
3836,140736,-5.6,0.0,31.37,16,0.3125,0.5,0.1,22124,
3837,140736,-2.1,0.0,27.27,3,0.0,0.3333,0.1,22124,
3838,140736,-5.7,0.0,21.95,9,0.1111,0.3333,0.1,22124,
3839,140800,7.3,1.0,33.33,12,0.0833,0.4167,0.1,22134,
3840,140864,-5.4,0.0,20.51,8,0.0,0.375,0.1,22144,
3841,140864,-3.2,0.0,8.7,2,0.0,0.0,0.1,22144,
3842,140864,-3.6,0.0,11.54,3,0.0,0.3333,0.1,22144,
3843,140864,-6.4,0.0,14.0,7,0.1429,0.1429,0.1,22144,
3844,140864,-5.9,0.0,37.25,19,0.0,0.4737,0.1,22144,
3845,140864,-5.3,0.0,25.49,13,0.1538,0.4615,0.1,22144,
3846,140928,-5.5,0.0,23.4,11,0.2727,0.4545,0.1,22158,
3847,140992,-3.1,0.0,14.29,3,0.0,0.3333,0.1,22174,
3848,141056,-5.7,0.0,33.33,17,0.0,0.5294,0.1,22188,
3849,141056,-7.0,0.0,28.57,14,0.0714,0.4286,0.1,22188,
3850,141120,11.3,1.0,14.29,1,0.0,1.0,0.1,22207,
3851,141120,-1.6,0.0,18.75,3,0.0,0.0,0.1,22207,
3852,141120,7.4,1.0,20.51,8,0.125,0.25,0.1,22207,
3853,141184,-0.9,0.0,9.09,1,0.0,0.0,0.1,22220,
3854,141184,10.9,1.0,33.33,3,0.3333,0.6667,0.1,22220,
3855,141184,-6.2,0.0,23.53,12,0.0,0.25,0.1,22220,
3856,141184,-2.1,0.0,16.67,2,0.0,0.5,0.1,22220,
3857,141248,-6.2,0.0,23.53,12,0.0833,0.75,0.1,22238,
3858,141312,6.3,1.0,16.0,8,0.125,0.5,0.1,22253,
3859,141312,-0.5,0.0,14.29,1,0.0,0.0,0.1,22253,
3860,141376,-4.6,0.0,14.71,5,0.0,0.4,0.1,22266,
3861,141440,-6.5,0.0,29.41,15,0.0667,0.6667,0.1,22286,
3862,141440,-2.1,0.0,27.27,3,0.0,0.0,0.1,22286,
3863,141440,-5.9,0.0,21.57,11,0.2727,0.5455,0.1,22286,
3864,141440,10.2,1.0,35.71,5,0.0,0.8,0.1,22286,
3865,141440,-3.1,0.0,26.32,5,0.0,0.6,0.1,22286,
3866,141440,-2.0,0.0,30.0,3,0.3333,0.3333,0.1,22286,
3867,141440,-6.4,0.0,27.45,14,0.0714,0.5,0.1,22286,
3868,141440,-5.8,0.0,15.69,8,0.0,0.875,0.1,22286,
3869,141568,-6.0,0.0,19.61,10,0.0,0.5,0.1,22318,
3870,141568,-2.7,0.0,25.0,4,0.0,0.75,0.1,22318,
3871,141568,-2.0,0.0,18.18,2,0.0,0.0,0.1,22318,
3872,141632,-6.5,0.0,29.41,15,0.2,0.2667,0.1,22327,
3873,141696,10.9,1.0,33.33,3,0.0,1.0,0.1,22339,
3874,141824,-5.9,0.0,17.65,9,0.1111,0.3333,0.1,22371,
3875,141824,-1.6,0.0,12.5,1,0.0,0.0,0.1,22371,
3876,141824,-6.0,0.0,19.61,10,0.0,0.3,0.1,22371,
3877,141888,-3.7,0.0,20.0,5,0.0,0.2,0.1,22382,
3878,141888,-1.9,0.0,9.09,1,0.0,0.0,0.1,22382,
3879,141888,-1.7,0.0,25.0,2,0.0,0.5,0.1,22382,
3880,141952,8.8,1.0,26.92,7,0.0,0.5714,0.1,22399,
3881,141952,-4.9,0.0,27.27,9,0.2222,0.5556,0.1,22399,
3882,142016,-3.3,0.0,30.0,6,0.0,0.5,0.1,22417,
3883,142016,7.2,1.0,19.51,8,0.0,0.375,0.1,22417,
3884,142016,-3.4,0.0,22.73,5,0.2,0.2,0.1,22417,
3885,142080,-7.0,0.0,39.22,20,0.1,0.45,0.1,22427,
3886,142080,-5.2,0.0,23.53,12,0.0833,0.5,0.1,22427,
3887,142144,-1.7,0.0,11.11,1,0.0,0.0,0.1,22440,
3888,142144,7.3,1.0,29.73,11,0.1818,0.4545,0.1,22440,
3889,142272,9.8,1.0,21.05,4,0.5,0.5,0.1,22461,
3890,142272,-6.8,0.0,35.29,18,0.1667,0.3889,0.1,22461,
3891,142336,-5.2,0.0,23.53,12,0.1667,0.3333,0.1,22471,
3892,142400,-6.1,0.0,21.57,11,0.1818,0.6364,0.1,22483,
3893,142400,-2.3,0.0,6.67,1,0.0,0.0,0.1,22483,
3894,142400,-2.1,0.0,27.27,3,0.0,0.0,0.1,22483,
3895,142464,-6.2,0.0,23.53,12,0.0,0.5833,0.1,22496,
3896,142464,-5.3,0.0,5.88,3,0.3333,0.3333,0.1,22496,
3897,142528,-1.6,0.0,50.0,3,0.3333,0.3333,0.1,22506,
3898,142528,8.3,1.0,35.71,10,0.2,0.5,0.1,22506,
3899,142656,-5.1,0.0,15.79,6,0.0,0.5,0.1,22535,
3900,142656,-2.9,0.0,15.79,3,0.3333,0.0,0.1,22535,
3901,142720,-5.7,0.0,13.73,7,0.0,0.5714,0.1,22551,
3902,142720,-4.2,0.0,20.69,6,0.0,0.5,0.1,22551,
3903,142784,-5.6,0.0,11.76,6,0.0,0.5,0.1,22562,
3904,142784,-6.1,0.0,25.58,11,0.0909,0.5455,0.1,22562,
3905,142848,-2.4,0.0,8.0,2,0.0,0.5,0.1,22577,
3906,142848,-3.3,0.0,18.18,4,0.0,0.25,0.1,22577,
3907,142848,-5.6,0.0,31.37,16,0.125,0.4375,0.1,22577,
3908,142848,-5.9,0.0,17.65,9,0.0,0.5556,0.1,22577,
3909,142848,-4.9,0.0,17.65,9,0.1111,0.6667,0.1,22577,
3910,142912,-2.7,0.0,20.0,5,0.2,0.2,0.1,22591,
3911,142976,-4.7,0.0,21.21,7,0.1429,0.2857,0.1,22610,
3912,142976,-3.0,0.0,17.86,5,0.2,0.0,0.1,22610,
3913,143040,-6.5,0.0,29.41,15,0.0667,0.4667,0.1,22620,
3914,143168,-4.6,0.0,25.64,10,0.1,0.4,0.1,22654,
3915,143296,-4.9,0.0,17.65,9,0.0,0.6667,0.1,22681,
3916,143296,-2.2,0.0,7.14,1,0.0,0.0,0.1,22681,
3917,143296,6.2,1.0,37.21,16,0.25,0.5,0.1,22681,
3918,143360,-1.9,0.0,20.0,2,0.0,0.5,0.1,22704,
3919,143360,-5.4,0.0,20.51,8,0.125,0.5,0.1,22704,
3920,143360,-3.1,0.0,9.09,2,0.0,0.0,0.1,22704,
3921,143360,6.2,1.0,18.0,9,0.0,0.5556,0.1,22704,
3922,143488,-5.9,0.0,37.25,19,0.0526,0.4211,0.1,22733,
3923,143552,-6.2,0.0,30.95,13,0.2308,0.3077,0.1,22745,
3924,143552,-4.7,0.0,21.21,7,0.2857,0.2857,0.1,22745,
3925,143552,-1.7,0.0,17.65,3,0.0,0.0,0.1,22745,
3926,143552,-3.8,0.0,19.23,5,0.0,0.4,0.1,22745,
3927,143552,-2.3,0.0,45.45,5,0.0,0.2,0.1,22745,
3928,143616,11.6,1.0,25.0,1,0.0,1.0,0.1,22761,
3929,143616,-2.4,0.0,30.77,4,0.25,0.0,0.1,22761,
3930,143616,-4.6,0.0,25.64,10,0.1,0.3,0.1,22761,
3931,143680,-2.2,0.0,15.38,2,0.0,0.5,0.1,22773,
3932,143744,-5.5,0.0,17.07,7,0.1429,0.2857,0.1,22788,
3933,143744,-4.3,0.0,28.57,8,0.0,0.375,0.1,22788,
3934,143744,-2.2,0.0,25.0,3,0.0,0.6667,0.1,22788,
3935,143808,-4.3,0.0,24.32,9,0.0,0.4444,0.1,22799,
3936,143872,-3.0,0.0,27.78,5,0.0,0.2,0.1,22809,
3937,143936,-5.4,0.0,7.84,4,0.0,1.0,0.1,22819,
3938,143936,-6.0,0.0,19.61,10,0.1,0.5,0.1,22819,
3939,144000,-3.6,0.0,20.83,5,0.0,0.2,0.1,22836,
3940,144000,-5.8,0.0,15.69,8,0.25,0.75,0.1,22836,
3941,144000,-4.4,0.0,19.35,6,0.1667,0.1667,0.1,22836,
3942,144064,-4.5,0.0,26.67,8,0.0,0.625,0.1,22848,
3943,144128,-3.8,0.0,6.9,2,0.0,0.0,0.1,22865,
3944,144128,-1.4,0.0,16.67,1,0.0,0.0,0.1,22865,
3945,144192,-5.2,0.0,23.53,12,0.0,0.5,0.1,22878,
3946,144256,-6.2,0.0,23.53,12,0.0833,0.6667,0.1,22897,
3947,144256,-4.5,0.0,11.76,4,0.25,0.25,0.1,22897,
3948,144320,-5.3,0.0,25.49,13,0.0,0.7692,0.1,22911,
3949,144320,9.8,1.0,43.75,7,0.1429,0.7143,0.1,22911,
3950,144320,-3.2,0.0,25.0,5,0.2,0.2,0.1,22911,
3951,144448,-6.3,0.0,25.49,13,0.0769,0.3846,0.1,22949,
3952,144448,-6.2,0.0,23.53,12,0.0833,0.4167,0.1,22949,
3953,144448,-5.8,0.0,24.39,10,0.1,0.6,0.1,22949,
3954,144512,10.8,1.0,44.44,4,0.0,0.5,0.1,22966,
3955,144576,-2.6,0.0,18.75,3,0.0,0.3333,0.1,22984,
3956,144704,-5.7,0.0,13.73,7,0.1429,0.4286,0.1,23008,
3957,144704,-6.4,0.0,27.45,14,0.0714,0.5,0.1,23008,
3958,144704,-3.4,0.0,22.73,5,0.0,0.4,0.1,23008,
3959,144704,-6.3,0.0,25.49,13,0.0769,0.4615,0.1,23008,
3960,144768,-5.6,0.0,18.0,9,0.0,0.3333,0.1,23029,
3961,144832,9.8,1.0,15.0,3,0.3333,0.6667,0.1,23049,
3962,144832,-6.2,0.0,23.53,12,0.0833,0.3333,0.1,23049,
3963,144832,6.4,1.0,42.5,17,0.1765,0.2941,0.1,23049,
3964,144832,-4.6,0.0,21.88,7,0.2857,0.4286,0.1,23049,
3965,144896,-5.3,0.0,25.49,13,0.0,0.8462,0.1,23059,
3966,144896,10.1,1.0,42.86,6,0.0,0.6667,0.1,23059,
3967,144896,-2.9,0.0,15.79,3,0.0,0.6667,0.1,23059,
3968,145024,7.5,1.0,17.95,7,0.0,0.4286,0.1,23087,
3969,145088,-5.6,0.0,11.76,6,0.0,0.6667,0.1,23105,
3970,145088,-3.9,0.0,39.13,9,0.0,0.6667,0.1,23105,
3971,145088,-6.2,0.0,23.53,12,0.0,0.6667,0.1,23105,
3972,145088,-3.9,0.0,33.33,8,0.0,0.5,0.1,23105,
3973,145088,-2.6,0.0,20.83,5,0.2,0.4,0.1,23105,
3974,145088,-2.0,0.0,44.44,4,0.0,0.25,0.1,23105,
3975,145152,-5.0,0.0,19.61,10,0.0,0.7,0.1,23126,
3976,145152,-5.6,0.0,11.76,6,0.1667,0.6667,0.1,23126,
3977,145152,-3.8,0.0,10.71,3,0.3333,0.3333,0.1,23126,
3978,145152,-2.0,0.0,21.05,4,0.25,0.25,0.1,23126,
3979,145216,-5.5,0.0,37.14,13,0.0769,0.3846,0.1,23136,
3980,145216,-1.4,0.0,16.67,1,0.0,0.0,0.1,23136,
3981,145280,-5.9,0.0,17.65,9,0.0,0.6667,0.1,23146,
3982,145280,-5.6,0.0,11.76,6,0.1667,0.5,0.1,23146,
3983,145344,-1.8,0.0,10.0,1,0.0,0.0,0.1,23163,
3984,145344,-6.2,0.0,17.02,8,0.125,0.625,0.1,23163,
3985,145344,-6.1,0.0,21.57,11,0.0,0.5455,0.1,23163,
3986,145344,-2.8,0.0,10.53,2,0.0,0.0,0.1,23163,
3987,145344,-5.9,0.0,23.81,10,0.1,0.4,0.1,23163,
3988,145344,9.7,1.0,41.18,7,0.0,0.7143,0.1,23163,
3989,145536,10.2,1.0,46.15,6,0.1667,0.6667,0.1,23208,
3990,145664,-5.7,0.0,33.33,17,0.0588,0.3529,0.1,23236,
3991,145664,-6.0,0.0,19.61,10,0.1,0.4,0.1,23236,
3992,145792,-6.7,0.0,33.33,17,0.0588,0.4706,0.1,23265,
3993,145792,10.5,1.0,33.33,4,0.25,0.5,0.1,23265,
3994,145792,-1.5,0.0,14.29,1,0.0,0.0,0.1,23265,
3995,145792,-1.9,0.0,9.09,1,0.0,0.0,0.1,23265,
3996,145792,-2.0,0.0,18.18,2,0.0,0.5,0.1,23265,
3997,145856,-2.5,0.0,16.67,4,0.0,0.0,0.1,23279,
3998,145920,10.6,1.0,15.38,2,0.0,1.0,0.1,23294,
3999,145920,-2.7,0.0,11.11,2,0.0,0.5,0.1,23294,
4000,145920,11.0,1.0,22.22,2,0.0,0.5,0.1,23294,
4001,145920,-5.2,0.0,23.53,12,0.0833,0.5,0.1,23294,
4002,146112,-5.2,0.0,23.53,12,0.0833,0.4167,0.1,23336,
4003,146112,-6.1,0.0,21.57,11,0.0,0.5455,0.1,23336,
4004,146112,-6.1,0.0,21.57,11,0.0909,0.1818,0.1,23336,
4005,146112,-3.9,0.0,10.34,3,0.0,0.6667,0.1,23336,
4006,146176,7.5,1.0,24.32,9,0.1111,0.3333,0.1,23349,
4007,146176,-6.4,0.0,27.45,14,0.2143,0.2143,0.1,23349,
4008,146176,10.3,1.0,12.5,2,0.0,1.0,0.1,23349,
4009,146176,-4.0,0.0,22.22,6,0.0,0.3333,0.1,23349,
4010,146240,-1.6,0.0,28.57,2,0.0,0.0,0.1,23359,
4011,146240,-3.7,0.0,14.29,5,0.0,0.8,0.1,23359,
4012,146304,-6.8,0.0,24.49,12,0.25,0.5833,0.1,23379,
4013,146304,-3.6,0.0,16.0,4,0.0,0.25,0.1,23379,
4014,146304,-5.8,0.0,27.5,11,0.0909,0.3636,0.1,23379,
4015,146304,-5.8,0.0,15.91,7,0.0,0.4286,0.1,23379,
4016,146368,-2.7,0.0,25.0,4,0.0,0.25,0.1,23397,
4017,146368,-2.5,0.0,12.5,2,0.0,0.5,0.1,23397,
4018,146432,8.8,1.0,22.22,6,0.0,0.5,0.1,23415,
4019,146496,5.8,1.0,28.57,14,0.2143,0.7857,0.1,23426,
4020,146496,-3.0,0.0,27.78,5,0.2,0.2,0.1,23426,
4021,146560,-6.2,0.0,23.53,12,0.0,0.5833,0.1,23445,
4022,146560,11.4,1.0,40.0,2,0.5,1.0,0.1,23445,
4023,146624,-6.0,0.0,19.61,10,0.2,0.7,0.1,23454,
4024,146624,-6.4,0.0,42.55,20,0.1,0.35,0.1,23454,
4025,146688,-5.8,0.0,21.43,9,0.0,0.5556,0.1,23472,
4026,146688,-1.2,0.0,25.0,3,0.0,0.3333,0.1,23472,
4027,146752,-0.6,0.0,28.57,2,0.5,0.5,0.1,23485,
4028,146816,-6.0,0.0,19.61,10,0.0,0.5,0.1,23499,
4029,146880,-6.3,0.0,25.49,13,0.0,0.3846,0.1,23520,
4030,146880,8.5,1.0,16.13,5,0.0,0.8,0.1,23520,
4031,146944,-5.2,0.0,21.62,8,0.125,0.375,0.1,23534,
4032,147008,-5.9,0.0,17.65,9,0.1111,0.5556,0.1,23548,
4033,147072,-3.2,0.0,31.58,6,0.0,0.3333,0.1,23561,
4034,147136,11.4,1.0,16.67,1,1.0,1.0,0.1,23580,
4035,147136,-5.2,0.0,23.53,12,0.0833,0.5,0.1,23580,
4036,147136,10.6,1.0,0.0,0,,,0.1,23580,
4037,147264,-1.3,0.0,45.45,5,0.0,0.4,0.1,23608,
4038,147328,-6.5,0.0,29.41,15,0.1333,0.2667,0.1,23623,
4039,147392,-1.6,0.0,12.5,1,0.0,0.0,0.1,23635,
4040,147392,-6.2,0.0,23.53,12,0.0,0.5833,0.1,23635,
4041,147456,11.5,1.0,20.0,1,0.0,1.0,0.1,23652,
4042,147456,-0.5,0.0,60.0,3,0.3333,0.3333,0.1,23652,
4043,147456,-5.9,0.0,17.65,9,0.1111,0.5556,0.1,23652,
4044,147520,7.5,1.0,27.78,10,0.0,0.5,0.1,23663,
4045,147520,-2.1,0.0,27.27,3,0.0,0.3333,0.1,23663,
4046,147584,-6.3,0.0,25.49,13,0.1538,0.6154,0.1,23678,
4047,147584,-6.7,0.0,33.33,17,0.0588,0.5882,0.1,23678,
4048,147712,-5.1,0.0,21.57,11,0.0909,0.6364,0.1,23706,
4049,147712,-3.4,0.0,12.5,3,0.0,0.3333,0.1,23706,
4050,147712,-4.7,0.0,33.33,10,0.1,0.6,0.1,23706,
4051,147712,-6.7,0.0,33.33,17,0.0,0.5294,0.1,23706,
4052,147712,8.0,1.0,36.67,11,0.2727,0.4545,0.1,23706,
4053,147776,9.7,1.0,20.0,4,0.0,0.25,0.1,23720,
4054,147776,11.5,1.0,50.0,2,0.5,0.5,0.1,23720,
4055,147840,-3.6,0.0,20.83,5,0.2,0.4,0.1,23735,
4056,147904,-3.2,0.0,31.58,6,0.0,0.5,0.1,23756,
4057,148096,-6.0,0.0,19.61,10,0.1,0.3,0.1,23798,
4058,148096,-6.1,0.0,21.57,11,0.0,0.7273,0.1,23798,
4059,148096,-5.5,0.0,29.41,15,0.0667,0.3333,0.1,23798,
4060,148160,-6.3,0.0,25.49,13,0.0,0.6154,0.1,23816,
4061,148160,8.0,1.0,28.12,9,0.1111,0.4444,0.1,23816,
4062,148160,-4.7,0.0,13.73,7,0.0,1.0,0.1,23816,
4063,148224,-4.5,0.0,26.67,8,0.0,0.5,0.1,23829,
4064,148352,-6.2,0.0,23.53,12,0.1667,0.25,0.1,23854,
4065,148352,-5.3,0.0,25.49,13,0.0,0.6154,0.1,23854,
4066,148352,-5.3,0.0,25.49,13,0.0769,0.3846,0.1,23854,
4067,148416,-5.2,0.0,23.53,12,0.0,0.4167,0.1,23865,
4068,148416,7.9,1.0,31.25,10,0.2,0.6,0.1,23865,
4069,148416,-5.4,0.0,27.45,14,0.0714,0.3571,0.1,23865,
4070,148416,-5.2,0.0,23.53,12,0.0833,0.3333,0.1,23865,
4071,148416,-3.4,0.0,15.62,5,0.0,0.2,0.1,23865,
4072,148480,5.7,1.0,25.49,13,0.0769,0.4615,0.1,23877,
4073,148480,-4.1,0.0,17.24,5,0.2,0.6,0.1,23877,
4074,148544,-6.0,0.0,19.61,10,0.0,0.5,0.1,23894,
4075,148544,-6.1,0.0,21.57,11,0.1818,0.6364,0.1,23894,
4076,148544,-1.9,0.0,29.41,5,0.0,0.6,0.1,23894,
4077,148544,-2.2,0.0,15.38,2,0.0,0.0,0.1,23894,
4078,148544,10.3,1.0,38.46,5,0.2,0.6,0.1,23894,
4079,148608,7.2,1.0,25.64,10,0.1,0.7,0.1,23907,
4080,148608,-4.7,0.0,13.73,7,0.0,0.4286,0.1,23907,
4081,148672,-4.5,0.0,11.63,5,0.6,0.6,0.1,23920,
4082,148672,-4.9,0.0,20.93,9,0.0,0.5556,0.1,23920,
4083,148736,-1.8,0.0,10.0,1,0.0,0.0,0.1,23933,
4084,148736,-1.2,0.0,25.0,1,0.0,0.0,0.1,23933,
4085,148800,-4.9,0.0,20.0,7,0.1429,0.4286,0.1,23944,
4086,148800,-6.2,0.0,23.53,12,0.1667,0.3333,0.1,23944,
4087,148928,-6.6,0.0,31.37,16,0.0,0.5,0.1,23966,
4088,148928,-4.1,0.0,17.24,5,0.2,0.6,0.1,23966,
4089,148928,-1.2,0.0,15.38,2,0.0,0.0,0.1,23966,
4090,148928,-6.2,0.0,23.53,12,0.0833,0.5833,0.1,23966,
4091,148928,-3.2,0.0,38.89,7,0.2857,0.4286,0.1,23966,
4092,148992,-1.7,0.0,11.11,1,0.0,0.0,0.1,23984,
4093,148992,-2.1,0.0,20.0,4,0.0,0.5,0.1,23984,
4094,148992,-2.0,0.0,8.33,1,0.0,0.0,0.1,23984,
4095,148992,-5.3,0.0,27.78,10,0.1,0.2,0.1,23984,
4096,149056,-2.3,0.0,14.29,2,0.0,0.5,0.1,23997,
4097,149056,-1.6,0.0,12.5,1,0.0,0.0,0.1,23997,
4098,149056,-4.9,0.0,17.65,9,0.0,0.6667,0.1,23997,
4099,149056,-6.2,0.0,23.53,12,0.0833,0.4167,0.1,23997,
4100,149120,-5.6,0.0,16.67,7,0.0,0.4286,0.1,24008,
4101,149120,-1.7,0.0,33.33,5,0.0,0.4,0.1,24008,
4102,149184,9.2,1.0,38.1,8,0.0,0.5,0.1,24024,
4103,149184,-3.8,0.0,40.91,9,0.1111,0.4444,0.1,24024,
4104,149184,-6.2,0.0,23.53,12,0.0833,0.3333,0.1,24024,
4105,149248,-2.2,0.0,36.36,4,0.0,0.25,0.1,24034,
4106,149248,-5.0,0.0,16.22,6,0.0,0.3333,0.1,24034,
4107,149376,-6.3,0.0,25.49,13,0.0769,0.4615,0.1,24059,
4108,149376,-6.6,0.0,15.69,8,0.125,0.125,0.1,24059,
4109,149440,-1.5,0.0,33.33,2,0.0,0.5,0.1,24079,
4110,149440,-5.2,0.0,23.53,12,0.0,0.4167,0.1,24079,
4111,149440,-5.3,0.0,25.49,13,0.1538,0.3846,0.1,24079,
4112,149504,6.8,1.0,32.5,13,0.0769,0.6154,0.1,24089,
4113,149504,-2.0,0.0,8.33,1,0.0,0.0,0.1,24089,
4114,149504,-5.4,0.0,7.84,4,0.0,0.75,0.1,24089,
4115,149568,-5.0,0.0,19.61,10,0.0,0.8,0.1,24106,
4116,149696,-6.6,0.0,22.92,11,0.0909,0.5455,0.1,24141,
4117,149696,7.5,1.0,15.0,6,0.1667,0.3333,0.1,24141,
4118,149760,-5.5,0.0,9.8,5,0.0,0.2,0.1,24157,
4119,149760,10.0,1.0,40.0,6,0.0,0.6667,0.1,24157,
4120,149760,-3.0,0.0,9.52,2,0.0,0.5,0.1,24157,
4121,149824,-0.8,0.0,10.0,1,0.0,0.0,0.1,24170,
4122,149824,9.4,1.0,28.57,6,0.1667,0.6667,0.1,24170,
4123,149888,8.5,1.0,33.33,9,0.1111,0.4444,0.1,24181,
4124,149888,-5.1,0.0,18.92,7,0.0,0.4286,0.1,24181,
4125,150016,-0.7,0.0,11.11,1,0.0,0.0,0.1,24206,
4126,150080,-3.6,0.0,20.83,5,0.2,0.4,0.1,24216,
4127,150080,-2.1,0.0,27.27,3,0.0,0.3333,0.1,24216,
4128,150080,-5.7,0.0,35.14,13,0.0,0.3077,0.1,24216,
4129,150144,-4.2,0.0,25.0,7,0.0,0.2857,0.1,24236,
4130,150144,-3.9,0.0,14.29,4,0.0,0.25,0.1,24236,
4131,150144,-1.8,0.0,10.0,1,0.0,0.0,0.1,24236,
4132,150144,-3.9,0.0,18.52,5,0.0,0.4,0.1,24236,
4133,150272,9.6,1.0,25.0,5,0.0,0.4,0.1,24271,
4134,150272,-6.0,0.0,19.61,10,0.2,0.3,0.1,24271,
4135,150272,-2.4,0.0,41.67,5,0.0,0.4,0.1,24271,
4136,150400,-3.5,0.0,27.27,6,0.1667,0.3333,0.1,24296,
4137,150528,-5.1,0.0,21.57,11,0.0,0.5455,0.1,24317,
4138,150528,10.8,1.0,30.0,3,0.3333,0.6667,0.1,24317,
4139,150592,-6.1,0.0,21.57,11,0.0,0.3636,0.1,24334,
4140,150656,-5.7,0.0,13.73,7,0.1429,0.7143,0.1,24347,
4141,150656,-5.3,0.0,25.49,13,0.0,0.4615,0.1,24347,
4142,150720,-4.0,0.0,26.47,9,0.1111,0.4444,0.1,24363,
4143,150720,-5.6,0.0,11.76,6,0.1667,0.1667,0.1,24363,
4144,150720,-6.1,0.0,21.57,11,0.0,0.6364,0.1,24363,
4145,150784,-2.9,0.0,29.41,5,0.0,0.6,0.1,24380,
4146,150784,-2.3,0.0,33.33,4,0.0,0.25,0.1,24380,
4147,150848,-6.1,0.0,21.57,11,0.0909,0.5455,0.1,24386,
4148,150848,7.4,1.0,34.29,12,0.0833,0.75,0.1,24386,
4149,150848,-6.0,0.0,19.61,10,0.0,0.7,0.1,24386,
4150,150848,10.6,1.0,25.0,3,0.0,1.0,0.1,24386,
4151,150912,-4.0,0.0,10.0,3,0.0,0.3333,0.1,24401,
4152,150976,-5.0,0.0,19.61,10,0.1,0.4,0.1,24421,
4153,150976,-3.2,0.0,31.58,6,0.1667,0.3333,0.1,24421,
4154,150976,-2.6,0.0,20.83,5,0.2,0.4,0.1,24421,
4155,150976,-4.2,0.0,16.67,5,0.0,0.2,0.1,24421,
4156,151040,-4.5,0.0,15.15,5,0.0,0.2,0.1,24432,
4157,151168,-6.0,0.0,19.61,10,0.1,0.5,0.1,24460,
4158,151168,-2.6,0.0,18.75,3,0.0,0.3333,0.1,24460,
4159,151168,-5.4,0.0,17.5,7,0.1429,0.5714,0.1,24460,
4160,151296,10.8,1.0,44.44,4,0.0,1.0,0.1,24495,
4161,151360,-6.6,0.0,31.37,16,0.0,0.25,0.1,24508,
4162,151360,-2.2,0.0,15.38,2,0.5,0.5,0.1,24508,
4163,151424,-5.2,0.0,15.38,6,0.0,0.3333,0.1,24525,
4164,151488,-2.5,0.0,50.0,6,0.0,0.5,0.1,24546,
4165,151488,-5.2,0.0,36.36,12,0.0,0.75,0.1,24546,
4166,151488,9.1,1.0,11.11,3,0.0,1.0,0.1,24546,
4167,151488,-1.5,0.0,14.29,1,0.0,0.0,0.1,24546,
4168,151488,-2.7,0.0,11.11,3,0.0,0.6667,0.1,24546,
4169,151552,-3.1,0.0,20.0,4,0.0,0.0,0.1,24562,
4170,151616,-5.4,0.0,27.45,14,0.1429,0.7857,0.1,24572,
4171,151616,8.8,1.0,22.22,6,0.1667,0.5,0.1,24572,
4172,151680,-2.8,0.0,24.0,6,0.3333,0.3333,0.1,24595,
4173,151680,-6.2,0.0,23.53,12,0.0833,0.4167,0.1,24595,
4174,151680,-3.0,0.0,4.55,1,0.0,0.0,0.1,24595,
4175,151680,-5.4,0.0,27.45,14,0.0714,0.3571,0.1,24595,
4176,151808,-6.2,0.0,23.53,12,0.0,0.5833,0.1,24623,
4177,151936,-6.2,0.0,23.53,12,0.0833,0.3333,0.1,24657,
4178,151936,-5.6,0.0,11.76,6,0.1667,0.3333,0.1,24657,
4179,151936,-2.2,0.0,25.0,3,0.0,0.0,0.1,24657,
4180,151936,8.1,1.0,21.21,7,0.0,0.5714,0.1,24657,
4181,151936,7.6,1.0,21.62,8,0.25,0.5,0.1,24657,
4182,152000,-6.2,0.0,23.53,12,0.0833,0.5,0.1,24665,
4183,152000,7.0,1.0,27.5,11,0.0,0.4545,0.1,24665,
4184,152064,-3.4,0.0,22.73,5,0.0,0.0,0.1,24683,
4185,152064,-4.9,0.0,17.65,9,0.1111,0.7778,0.1,24683,
4186,152064,-1.5,0.0,14.29,1,0.0,0.0,0.1,24683,
4187,152064,-2.0,0.0,30.0,3,0.3333,0.3333,0.1,24683,
4188,152128,-3.2,0.0,25.0,5,0.2,0.6,0.1,24699,
4189,152128,-2.7,0.0,25.0,6,0.0,0.5,0.1,24699,
4190,152192,-2.2,0.0,36.36,4,0.0,0.25,0.1,24713,
4191,152192,-5.7,0.0,33.33,17,0.1176,0.4118,0.1,24713,
4192,152192,-6.0,0.0,19.61,10,0.1,0.4,0.1,24713,
4193,152192,-6.2,0.0,23.53,12,0.0,0.5,0.1,24713,
4194,152192,9.4,1.0,35.0,7,0.0,0.8571,0.1,24713,
4195,152256,-4.6,0.0,18.18,6,0.1667,0.3333,0.1,24731,
4196,152256,-2.2,0.0,25.0,3,0.6667,0.3333,0.1,24731,
4197,152256,-2.4,0.0,22.73,5,0.0,0.6,0.1,24731,
4198,152256,-6.2,0.0,23.53,12,0.0833,0.5,0.1,24731,
4199,152320,-5.0,0.0,22.86,8,0.0,0.5,0.1,24748,
4200,152320,-4.5,0.0,9.8,5,0.0,0.4,0.1,24748,
4201,152320,-5.4,0.0,27.45,14,0.1429,0.5,0.1,24748,
4202,152320,9.1,1.0,25.0,6,0.1667,0.6667,0.1,24748,
4203,152384,-6.3,0.0,25.49,13,0.0,0.4615,0.1,24760,
4204,152384,-6.6,0.0,31.37,16,0.125,0.6875,0.1,24760,
4205,152448,-1.7,0.0,42.86,3,0.3333,0.3333,0.1,24780,
4206,152448,-6.1,0.0,21.57,11,0.1818,0.2727,0.1,24780,
4207,152448,9.4,1.0,17.39,4,0.25,0.25,0.1,24780,
4208,152448,-6.0,0.0,19.61,10,0.0,0.5,0.1,24780,
4209,152512,-4.9,0.0,17.65,9,0.1111,0.6667,0.1,24801,
4210,152512,-6.1,0.0,21.57,11,0.0,0.4545,0.1,24801,
4211,152512,-2.9,0.0,22.22,4,0.0,0.25,0.1,24801,
4212,152576,-5.7,0.0,31.58,12,0.0833,0.3333,0.1,24817,
4213,152704,-1.8,0.0,10.0,1,0.0,0.0,0.1,24852,
4214,152768,10.6,1.0,50.0,5,0.0,0.6,0.1,24874,
4215,152768,-5.6,0.0,31.37,16,0.0,0.3125,0.1,24874,
4216,152768,-2.5,0.0,38.46,5,0.4,0.6,0.1,24874,
4217,152832,-1.9,0.0,20.0,2,0.0,0.0,0.1,24887,
4218,152960,-7.2,0.0,27.45,14,0.0714,0.4286,0.1,24916,
4219,153024,-1.7,0.0,25.0,2,0.0,0.0,0.1,24929,
4220,153088,-5.6,0.0,11.76,6,0.0,0.5,0.1,24942,
4221,153152,-2.3,0.0,33.33,4,0.0,0.0,0.1,24956,
4222,153152,6.8,1.0,29.27,12,0.0,0.5,0.1,24956,
4223,153152,9.3,1.0,47.37,9,0.0,0.4444,0.1,24956,
4224,153216,-4.7,0.0,42.86,15,0.1333,0.3333,0.1,24973,
4225,153216,-4.0,0.0,22.22,6,0.1667,0.5,0.1,24973,
4226,153344,8.5,1.0,24.14,7,0.1429,0.7143,0.1,24997,
4227,153344,-2.9,0.0,29.41,5,0.0,0.6,0.1,24997,
4228,153408,-2.8,0.0,23.53,4,0.25,0.25,0.1,25012,
4229,153408,6.6,1.0,30.95,13,0.2308,0.6923,0.1,25012,
4230,153408,-6.5,0.0,29.41,15,0.0,0.4667,0.1,25012,
4231,153408,-5.7,0.0,31.58,12,0.0,0.3333,0.1,25012,
4232,153472,9.9,1.0,29.41,5,0.2,0.8,0.1,25030,
4233,153536,-5.5,0.0,9.8,5,0.0,0.2,0.1,25045,
4234,153536,-3.1,0.0,36.0,9,0.1111,0.1111,0.1,25045,
4235,153536,9.8,1.0,9.52,2,0.0,1.0,0.1,25045,
4236,153536,-1.7,0.0,25.0,2,0.0,0.5,0.1,25045,
4237,153664,6.7,1.0,22.73,10,0.2,0.6,0.1,25066,
4238,153664,-5.5,0.0,9.8,5,0.0,0.6,0.1,25066,
4239,153728,-3.1,0.0,9.09,2,0.0,0.0,0.1,25080,
4240,153728,11.7,1.0,33.33,1,0.0,1.0,0.1,25080,
4241,153728,-1.9,0.0,20.0,2,0.0,0.0,0.1,25080,
4242,153728,-1.7,0.0,25.0,2,0.0,0.5,0.1,25080,
4243,153728,-5.3,0.0,35.29,12,0.0833,0.25,0.1,25080,
4244,153856,-3.7,0.0,36.36,8,0.125,0.25,0.1,25105,
4245,153920,-2.4,0.0,22.73,5,0.0,0.8,0.1,25119,
4246,153920,-5.9,0.0,17.65,9,0.1111,0.5556,0.1,25119,
4247,154048,-3.2,0.0,25.0,5,0.0,0.6,0.1,25149,
4248,154048,-6.1,0.0,21.57,11,0.0909,0.6364,0.1,25149,
4249,154112,6.7,1.0,31.71,13,0.0769,0.3846,0.1,25156,
4250,154112,-6.7,0.0,33.33,17,0.1765,0.4706,0.1,25156,
4251,154176,-5.3,0.0,17.95,7,0.0,0.5714,0.1,25166,
4252,154240,-5.9,0.0,17.65,9,0.0,0.4444,0.1,25182,
4253,154240,-2.5,0.0,21.74,5,0.0,0.4,0.1,25182,
4254,154368,-4.0,0.0,26.47,9,0.3333,0.6667,0.1,25206,
4255,154432,-5.3,0.0,25.49,13,0.0769,0.5385,0.1,25218,
4256,154432,-5.4,0.0,27.45,14,0.0,0.5714,0.1,25218,
4257,154560,10.5,1.0,23.08,3,0.0,1.0,0.1,25244,
4258,154560,6.9,1.0,15.56,7,0.0,0.2857,0.1,25244,
4259,154560,-4.7,0.0,13.73,7,0.1429,0.5714,0.1,25244,
4260,154624,-5.8,0.0,15.69,8,0.125,0.5,0.1,25265,
4261,154624,-2.5,0.0,20.0,3,0.0,0.3333,0.1,25265,
4262,154688,-3.8,0.0,6.9,2,0.0,0.5,0.1,25277,
4263,154816,-1.4,0.0,16.67,1,0.0,0.0,0.1,25313,
4264,154880,-5.6,0.0,31.37,16,0.125,0.5,0.1,25330,
4265,154880,-2.3,0.0,45.45,5,0.0,0.4,0.1,25330,
4266,154944,-5.0,0.0,19.61,10,0.1,0.5,0.1,25341,
4267,154944,-5.1,0.0,21.57,11,0.1818,0.2727,0.1,25341,
4268,155008,10.0,1.0,16.67,3,0.6667,1.0,0.1,25357,
4269,155008,-4.5,0.0,14.29,6,0.1667,0.3333,0.1,25357,
4270,155008,-1.7,0.0,66.67,4,0.0,0.5,0.1,25357,
4271,155008,6.6,1.0,27.91,12,0.25,0.5833,0.1,25357,
4272,155072,-6.2,0.0,23.53,12,0.0,0.5,0.1,25374,
4273,155072,-2.9,0.0,22.22,4,0.25,0.0,0.1,25374,
4274,155136,7.2,1.0,28.95,11,0.0909,0.6364,0.1,25389,
4275,155200,-5.3,0.0,25.49,13,0.1538,0.5385,0.1,25404,
4276,155200,-6.2,0.0,23.53,12,0.0833,0.5833,0.1,25404,
4277,155264,-6.3,0.0,25.49,13,0.0,0.3077,0.1,25419,
4278,155328,-4.6,0.0,11.76,6,0.1667,0.6667,0.1,25437,
4279,155328,-5.9,0.0,17.65,9,0.0,0.1111,0.1,25437,
4280,155328,-1.4,0.0,16.67,1,0.0,0.0,0.1,25437,
4281,155328,-5.1,0.0,21.57,11,0.0,0.5455,0.1,25437,
4282,155328,-6.8,0.0,22.0,11,0.0,0.5455,0.1,25437,
4283,155392,-2.1,0.0,7.69,1,0.0,0.0,0.1,25451,
4284,155456,-5.1,0.0,21.57,11,0.1818,0.3636,0.1,25465,
4285,155456,-6.1,0.0,21.57,11,0.1818,0.4545,0.1,25465,
4286,155520,-5.7,0.0,13.73,7,0.0,0.2857,0.1,25480,
4287,155520,-4.4,0.0,27.59,8,0.125,0.25,0.1,25480,
4288,155520,-0.6,0.0,12.5,1,0.0,0.0,0.1,25480,
4289,155520,8.0,1.0,28.12,9,0.1111,0.6667,0.1,25480,
4290,155520,-6.9,0.0,37.25,19,0.0,0.3684,0.1,25480,
4291,155584,6.9,1.0,26.83,11,0.0909,0.5455,0.1,25493,
4292,155584,-6.4,0.0,27.45,14,0.0,0.4286,0.1,25493,
4293,155648,6.8,1.0,47.22,17,0.1176,0.4706,0.1,25509,
4294,155648,-3.7,0.0,25.0,6,0.1667,0.5,0.1,25509,
4295,155712,-5.3,0.0,25.49,13,0.0,0.4615,0.1,25521,
4296,155712,11.1,1.0,66.67,4,0.0,0.75,0.1,25521,
4297,155712,-5.1,0.0,21.57,11,0.0909,0.5455,0.1,25521,
4298,155712,-5.9,0.0,17.65,9,0.1111,0.2222,0.1,25521,
4299,155776,-2.0,0.0,8.33,1,0.0,0.0,0.1,25534,
4300,155776,-5.8,0.0,15.69,8,0.125,0.875,0.1,25534,
4301,155776,-3.9,0.0,20.0,7,0.2857,0.2857,0.1,25534,
4302,155776,7.4,1.0,17.5,7,0.1429,0.7143,0.1,25534,
4303,155840,-7.1,0.0,25.49,13,0.0769,0.5385,0.1,25546,
4304,155968,-1.8,0.0,10.0,1,0.0,0.0,0.1,25583,
4305,155968,-1.6,0.0,28.57,2,0.5,0.5,0.1,25583,
4306,155968,-3.5,0.0,33.33,7,0.1429,0.4286,0.1,25583,
4307,155968,-2.2,0.0,13.64,3,0.0,0.6667,0.1,25583,
4308,156032,-4.5,0.0,9.8,5,0.0,0.4,0.1,25595,
4309,156032,-1.9,0.0,9.09,1,0.0,0.0,0.1,25595,
4310,156096,-3.9,0.0,10.34,3,0.0,0.3333,0.1,25617,
4311,156096,7.5,1.0,24.32,9,0.0,0.6667,0.1,25617,
4312,156096,9.6,1.0,38.89,7,0.4286,0.7143,0.1,25617,
4313,156160,-1.6,0.0,12.5,1,0.0,0.0,0.1,25632,
4314,156224,5.0,1.0,47.92,23,0.0,0.4348,0.1,25649,
4315,156224,-0.6,0.0,28.57,2,0.0,0.0,0.1,25649,
4316,156224,-5.4,0.0,20.51,8,0.0,0.25,0.1,25649,
4317,156224,-4.2,0.0,12.9,4,0.0,0.5,0.1,25649,
4318,156224,-3.3,0.0,8.33,2,0.0,0.0,0.1,25649,
4319,156288,-4.9,0.0,20.93,9,0.0,0.5556,0.1,25672,
4320,156352,-3.1,0.0,14.29,3,0.3333,0.0,0.1,25688,
4321,156416,-2.3,0.0,33.33,4,0.0,0.0,0.1,25707,
4322,156416,-5.4,0.0,27.45,14,0.0714,0.5714,0.1,25707,
4323,156416,-6.1,0.0,21.57,11,0.0909,0.5455,0.1,25707,
4324,156416,6.9,1.0,40.54,15,0.0,0.5333,0.1,25707,
4325,156480,-2.2,0.0,36.36,4,0.0,0.5,0.1,25724,
4326,156544,-2.1,0.0,27.27,3,0.0,0.3333,0.1,25740,
4327,156608,-5.6,0.0,31.37,16,0.0,0.375,0.1,25753,
4328,156672,-5.1,0.0,21.57,11,0.1818,0.2727,0.1,25767,
4329,156672,-5.2,0.0,23.53,12,0.0833,0.5,0.1,25767,
4330,156672,-6.4,0.0,27.45,14,0.0714,0.4286,0.1,25767,
4331,156672,-5.0,0.0,19.61,10,0.1,0.4,0.1,25767,
4332,156736,-0.8,0.0,37.5,3,0.0,0.6667,0.1,25780,
4333,156736,-1.3,0.0,45.45,5,0.0,0.4,0.1,25780,
4334,156800,-2.9,0.0,28.0,7,0.0,0.5714,0.1,25798,
4335,156800,-5.7,0.0,13.73,7,0.0,0.4286,0.1,25798,
4336,156800,-4.1,0.0,36.0,9,0.0,0.5556,0.1,25798,
4337,156864,-0.7,0.0,11.11,1,0.0,0.0,0.1,25814,
4338,156992,8.5,1.0,20.0,6,0.3333,0.6667,0.1,25845,
4339,156992,-2.6,0.0,35.71,5,0.2,0.4,0.1,25845,
4340,156992,-5.6,0.0,28.95,11,0.0909,0.4545,0.1,25845,
4341,156992,-5.3,0.0,25.49,13,0.0769,0.2308,0.1,25845,
4342,156992,-5.1,0.0,21.57,11,0.0909,0.6364,0.1,25845,
4343,157056,-1.4,0.0,40.0,2,0.0,0.5,0.1,25860,
4344,157120,9.2,1.0,38.1,8,0.0,0.5,0.1,25873,
4345,157184,-4.7,0.0,13.73,7,0.1429,0.4286,0.1,25886,
4346,157184,-3.7,0.0,30.43,7,0.0,0.4286,0.1,25886,
4347,157184,-3.1,0.0,26.32,5,0.0,0.4,0.1,25886,
4348,157248,10.2,1.0,46.15,6,0.0,0.5,0.1,25907,
4349,157248,-4.7,0.0,21.21,7,0.0,0.5714,0.1,25907,
4350,157312,-5.9,0.0,15.56,7,0.0,0.2857,0.1,25925,
4351,157312,-2.7,0.0,17.65,3,0.0,0.0,0.1,25925,
4352,157312,-3.9,0.0,14.29,4,0.0,0.25,0.1,25925,
4353,157312,-2.8,0.0,16.67,3,0.0,0.6667,0.1,25925,
4354,157312,-5.4,0.0,27.45,14,0.1429,0.5714,0.1,25925,
4355,157376,-5.2,0.0,23.53,12,0.0,0.5,0.1,25938,
4356,157376,8.6,1.0,40.0,10,0.0,0.6,0.1,25938,
4357,157376,-3.3,0.0,23.81,5,0.0,0.6,0.1,25938,
4358,157440,10.7,1.0,40.0,4,0.0,0.5,0.1,25951,
4359,157440,8.6,1.0,20.69,6,0.3333,0.3333,0.1,25951,
4360,157504,-4.9,0.0,20.0,7,0.0,0.5714,0.1,25967,
4361,157504,11.4,1.0,40.0,2,0.5,1.0,0.1,25967,
4362,157568,-1.8,0.0,22.22,2,0.5,0.5,0.1,25983,
4363,157632,-5.2,0.0,23.53,12,0.25,0.3333,0.1,25997,
4364,157696,-1.6,0.0,28.57,2,0.0,0.0,0.1,26014,
4365,157696,-3.7,0.0,20.0,5,0.2,0.6,0.1,26014,
4366,157760,10.5,1.0,33.33,4,0.0,1.0,0.1,26027,
4367,157888,-5.1,0.0,22.22,8,0.25,0.375,0.1,26064,
4368,157952,-3.0,0.0,4.55,1,0.0,0.0,0.1,26082,
4369,158016,-5.3,0.0,15.0,6,0.1667,0.6667,0.1,26092,
4370,158016,-1.7,0.0,11.11,1,0.0,0.0,0.1,26092,
4371,158016,8.3,1.0,35.71,10,0.0,0.6,0.1,26092,
4372,158016,-3.5,0.0,26.67,8,0.0,0.5,0.1,26092,
4373,158080,-5.9,0.0,17.65,9,0.0,0.6667,0.1,26105,
4374,158080,10.1,1.0,33.33,5,0.2,0.8,0.1,26105,
4375,158144,-5.1,0.0,21.57,11,0.0909,0.5455,0.1,26113,
4376,158144,-4.0,0.0,22.22,6,0.1667,0.0,0.1,26113,
4377,158144,-5.2,0.0,23.53,12,0.0833,0.4167,0.1,26113,
4378,158208,-3.0,0.0,21.05,4,0.25,0.25,0.1,26130,
4379,158208,-4.2,0.0,28.57,10,0.0,0.6,0.1,26130,
4380,158272,-6.5,0.0,29.41,15,0.0,0.6,0.1,26143,
4381,158336,-5.8,0.0,35.29,18,0.0556,0.4444,0.1,26158,
4382,158336,10.3,1.0,50.0,6,0.3333,0.5,0.1,26158,
4383,158336,-1.2,0.0,15.38,2,0.5,0.5,0.1,26158,
4384,158400,-3.1,0.0,14.29,3,0.0,0.3333,0.1,26173,
4385,158464,-1.5,0.0,14.29,1,0.0,0.0,0.1,26183,
4386,158528,-1.7,0.0,42.86,3,0.0,0.3333,0.1,26198,
4387,158528,-2.4,0.0,21.43,3,0.0,0.6667,0.1,26198,
4388,158592,-4.6,0.0,30.0,9,0.2222,0.3333,0.1,26207,
4389,158592,-5.3,0.0,25.49,13,0.0769,0.3846,0.1,26207,
4390,158592,-5.2,0.0,23.53,12,0.0,0.5,0.1,26207,
4391,158656,-6.0,0.0,26.0,13,0.0,0.4615,0.1,26220,
4392,158656,-5.6,0.0,11.76,6,0.0,0.8333,0.1,26220,
4393,158656,8.2,1.0,21.88,7,0.0,0.7143,0.1,26220,
4394,158720,-2.4,0.0,13.33,2,0.0,0.5,0.1,26237,
4395,158784,-4.4,0.0,19.35,6,0.1667,0.3333,0.1,26252,
4396,158784,-5.6,0.0,11.76,6,0.0,0.5,0.1,26252,
4397,158784,-5.6,0.0,11.76,6,0.0,0.5,0.1,26252,
4398,158784,-5.4,0.0,27.45,14,0.0714,0.5714,0.1,26252,
4399,158784,-1.9,0.0,20.0,2,0.0,0.5,0.1,26252,
4400,158784,-1.9,0.0,33.33,3,0.0,0.3333,0.1,26252,
4401,158848,7.9,1.0,27.27,9,0.1111,0.3333,0.1,26265,
4402,158912,-2.6,0.0,26.67,4,0.25,0.25,0.1,26281,
4403,158976,-5.9,0.0,17.65,9,0.0,0.2222,0.1,26292,
4404,158976,-4.9,0.0,17.65,9,0.1111,0.6667,0.1,26292,
4405,158976,-6.1,0.0,21.57,11,0.0909,0.4545,0.1,26292,
4406,159040,-3.9,0.0,18.52,5,0.0,0.8,0.1,26304,
4407,159104,-4.0,0.0,13.79,4,0.25,0.5,0.1,26320,
4408,159168,-6.5,0.0,16.0,8,0.0,0.5,0.1,26335,
4409,159168,-4.1,0.0,17.24,5,0.2,0.6,0.1,26335,
4410,159232,-6.0,0.0,19.61,10,0.1,0.5,0.1,26350,
4411,159296,-1.7,0.0,25.0,2,0.0,0.5,0.1,26365,
4412,159424,6.5,1.0,30.23,13,0.1538,0.4615,0.1,26405,
4413,159424,9.3,1.0,27.27,6,0.0,0.6667,0.1,26405,
4414,159424,-3.6,0.0,18.18,6,0.0,0.5,0.1,26405,
4415,159488,-2.7,0.0,5.26,1,0.0,0.0,0.1,26415,
4416,159488,-5.7,0.0,13.73,7,0.0,0.5714,0.1,26415,
4417,159488,-5.6,0.0,31.37,16,0.0625,0.4375,0.1,26415,
4418,159552,-2.2,0.0,31.58,6,0.0,0.5,0.1,26427,
4419,159552,-3.7,0.0,15.38,4,0.0,0.25,0.1,26427,
4420,159616,-5.0,0.0,29.27,12,0.0,0.1667,0.1,26443,
4421,159616,-2.8,0.0,40.0,6,0.1667,0.3333,0.1,26443,
4422,159616,-5.8,0.0,15.69,8,0.0,0.625,0.1,26443,
4423,159680,-2.3,0.0,14.29,2,0.0,0.5,0.1,26462,
4424,159680,-6.4,0.0,27.45,14,0.0,0.5714,0.1,26462,
4425,159680,-1.1,0.0,33.33,1,0.0,0.0,0.1,26462,
4426,159680,-5.2,0.0,23.53,12,0.0833,0.5,0.1,26462,
4427,159744,-3.7,0.0,36.36,8,0.0,0.375,0.1,26468,
4428,159744,-5.8,0.0,15.69,8,0.0,0.75,0.1,26468,
4429,159872,-1.7,0.0,11.11,1,0.0,0.0,0.1,26503,
4430,159872,10.0,1.0,40.0,6,0.0,0.6667,0.1,26503,
4431,159872,-3.2,0.0,31.58,6,0.0,0.3333,0.1,26503,
4432,159872,-2.7,0.0,17.65,3,0.0,0.3333,0.1,26503,
4433,159936,-5.0,0.0,19.61,10,0.0,0.5,0.1,26521,
4434,159936,-5.9,0.0,17.65,9,0.2222,0.5556,0.1,26521,
4435,159936,-2.5,0.0,28.57,4,0.0,0.25,0.1,26521,
4436,160000,9.4,1.0,35.0,7,0.1429,0.4286,0.1,26541,
4437,160000,-1.3,0.0,20.0,1,0.0,0.0,0.1,26541,
4438,160064,-5.6,0.0,31.37,16,0.1875,0.5,0.1,26551,
4439,160064,-4.4,0.0,27.59,8,0.0,0.75,0.1,26551,
4440,160128,11.1,1.0,25.0,2,0.0,1.0,0.1,26566,
4441,160128,-5.7,0.0,33.33,17,0.0588,0.5294,0.1,26566,
4442,160192,-3.3,0.0,18.18,4,0.0,0.25,0.1,26580,
4443,160256,-5.9,0.0,17.65,9,0.1111,0.2222,0.1,26590,
4444,160320,-5.2,0.0,22.22,10,0.0,0.5,0.1,26610,
4445,160384,-5.6,0.0,18.0,9,0.0,0.4444,0.1,26627,
4446,160448,9.3,1.0,33.33,7,0.0,0.5714,0.1,26640,
4447,160448,-6.4,0.0,27.45,14,0.2143,0.4286,0.1,26640,
4448,160512,-4.7,0.0,28.21,11,0.1818,0.6364,0.1,26656,
4449,160576,-6.3,0.0,25.49,13,0.0,0.3077,0.1,26675,
4450,160576,-3.8,0.0,24.0,6,0.0,0.5,0.1,26675,
4451,160576,-1.5,0.0,33.33,2,0.0,0.0,0.1,26675,
4452,160576,-2.2,0.0,50.0,5,0.2,0.6,0.1,26675,
4453,160576,-6.4,0.0,18.75,9,0.0,0.1111,0.1,26675,
4454,160576,-6.1,0.0,21.57,11,0.0,0.8182,0.1,26675,
4455,160640,-5.7,0.0,13.73,7,0.1429,0.5714,0.1,26685,
4456,160640,7.9,1.0,31.25,10,0.0,0.4,0.1,26685,
4457,160640,-5.9,0.0,17.65,9,0.0,0.2222,0.1,26685,
4458,160640,-5.9,0.0,17.65,9,0.1111,0.5556,0.1,26685,
4459,160704,-3.9,0.0,16.67,6,0.1667,0.3333,0.1,26701,
4460,160704,9.5,1.0,44.44,8,0.0,0.625,0.1,26701,
4461,160768,9.9,1.0,37.5,6,0.0,1.0,0.1,26716,
4462,160832,-2.0,0.0,8.33,1,0.0,0.0,0.1,26728,
4463,160896,7.3,1.0,33.33,12,0.0,0.5,0.1,26746,
4464,160960,-6.0,0.0,19.61,10,0.0,0.6,0.1,26764,
4465,160960,-5.5,0.0,29.41,15,0.2,0.6667,0.1,26764,
4466,161152,-3.8,0.0,29.17,7,0.1429,0.2857,0.1,26809,
4467,161216,10.7,1.0,55.56,5,0.2,0.6,0.1,26819,
4468,161280,-7.0,0.0,28.57,14,0.0714,0.2857,0.1,26833,
4469,161280,-6.1,0.0,21.57,11,0.0,0.8182,0.1,26833,
4470,161280,-4.8,0.0,30.77,12,0.0833,0.5,0.1,26833,
4471,161344,-5.4,0.0,20.51,8,0.0,0.625,0.1,26845,
4472,161344,-6.0,0.0,19.61,10,0.1,0.3,0.1,26845,
4473,161408,-6.1,0.0,21.57,11,0.0,0.3636,0.1,26858,
4474,161408,-2.6,0.0,31.82,7,0.0,0.1429,0.1,26858,
4475,161472,7.1,1.0,28.21,11,0.2727,0.4545,0.1,26872,
4476,161600,-6.6,0.0,31.37,16,0.0,0.375,0.1,26900,
4477,161600,-2.2,0.0,38.89,7,0.1429,0.2857,0.1,26900,
4478,161664,-4.7,0.0,28.21,11,0.1818,0.3636,0.1,26914,
4479,161728,-0.2,0.0,25.0,1,0.0,0.0,0.1,26934,
4480,161728,7.6,1.0,25.0,9,0.0,0.6667,0.1,26934,
4481,161728,-6.1,0.0,21.57,11,0.1818,0.3636,0.1,26934,
4482,161792,-2.1,0.0,26.32,5,0.2,0.4,0.1,26951,
4483,161792,-5.3,0.0,5.88,3,0.0,0.3333,0.1,26951,
4484,161792,-5.0,0.0,19.61,10,0.2,0.6,0.1,26951,
4485,161856,-5.6,0.0,31.37,16,0.125,0.3125,0.1,26971,
4486,161856,-5.9,0.0,15.56,7,0.1429,0.4286,0.1,26971,
4487,161920,-5.9,0.0,17.65,9,0.0,0.5556,0.1,26992,
4488,161984,10.9,1.0,20.0,2,0.0,0.5,0.1,27010,
4489,162048,-5.3,0.0,25.49,13,0.3077,0.3846,0.1,27026,
4490,162112,-6.3,0.0,21.74,10,0.0,0.5,0.1,27039,
4491,162112,-3.8,0.0,29.17,7,0.1429,0.4286,0.1,27039,
4492,162176,9.1,1.0,30.43,7,0.0,0.5714,0.1,27053,
4493,162176,6.7,1.0,25.58,11,0.1818,0.3636,0.1,27053,
4494,162176,7.4,1.0,38.24,13,0.1538,0.3846,0.1,27053,
4495,162240,-6.6,0.0,25.53,12,0.0833,0.5,0.1,27066,
4496,162304,-2.5,0.0,12.5,2,0.0,0.0,0.1,27081,
4497,162368,-1.9,0.0,20.0,2,0.0,0.0,0.1,27096,
4498,162432,10.5,1.0,23.08,3,0.6667,1.0,0.1,27107,
4499,162432,-5.8,0.0,13.33,6,0.1667,0.1667,0.1,27107,
4500,162496,-5.3,0.0,16.67,8,0.125,0.625,0.1,27123,
4501,162496,-0.4,0.0,16.67,1,0.0,0.0,0.1,27123,
4502,162560,-2.9,0.0,23.08,6,0.1667,0.1667,0.1,27135,
4503,162624,-1.7,0.0,42.86,3,0.0,0.6667,0.1,27154,
4504,162624,-6.3,0.0,30.23,13,0.0,0.4615,0.1,27154,
4505,162624,-2.5,0.0,33.33,7,0.0,0.7143,0.1,27154,
4506,162688,-4.0,0.0,10.0,3,0.0,0.0,0.1,27168,
4507,162752,-4.5,0.0,26.32,10,0.1,0.4,0.1,27187,
4508,162752,-5.8,0.0,35.29,18,0.1111,0.5,0.1,27187,
4509,162752,-5.9,0.0,15.56,7,0.1429,0.1429,0.1,27187,
4510,162752,-3.4,0.0,12.5,3,0.3333,0.3333,0.1,27187,
4511,162752,-5.0,0.0,19.61,10,0.0,0.2,0.1,27187,
4512,162816,-3.6,0.0,26.09,6,0.0,0.5,0.1,27202,
4513,162880,-4.9,0.0,17.65,9,0.1111,0.5556,0.1,27220,
4514,162944,-5.3,0.0,25.49,13,0.0769,0.1538,0.1,27235,
4515,162944,-6.4,0.0,27.45,14,0.0714,0.2857,0.1,27235,
4516,162944,-6.4,0.0,27.45,14,0.0,0.7143,0.1,27235,
4517,163008,-5.2,0.0,23.53,12,0.1667,0.3333,0.1,27249,
4518,163072,-5.7,0.0,6.38,3,0.0,0.3333,0.1,27261,
4519,163136,-5.4,0.0,14.63,6,0.1667,0.1667,0.1,27272,
4520,163136,-5.5,0.0,29.41,15,0.0,0.5333,0.1,27272,
4521,163136,-5.5,0.0,29.41,15,0.0667,0.3333,0.1,27272,
4522,163200,-5.9,0.0,17.65,9,0.0,0.6667,0.1,27287,
4523,163200,-4.8,0.0,17.14,6,0.1667,0.1667,0.1,27287,
4524,163200,-5.0,0.0,19.61,10,0.0,0.7,0.1,27287,
4525,163264,-5.3,0.0,27.78,10,0.2,0.4,0.1,27301,
4526,163264,-4.2,0.0,45.83,11,0.0,0.2727,0.1,27301,
4527,163392,-2.8,0.0,23.53,4,0.0,0.25,0.1,27326,
4528,163392,-6.0,0.0,19.61,10,0.2,0.6,0.1,27326,
4529,163392,-6.2,0.0,23.53,12,0.0,0.4167,0.1,27326,
4530,163456,-5.3,0.0,27.27,12,0.0833,0.4167,0.1,27341,
4531,163456,-3.3,0.0,13.04,3,0.0,0.3333,0.1,27341,
4532,163456,8.5,1.0,33.33,9,0.0,0.5556,0.1,27341,
4533,163456,-5.2,0.0,32.35,11,0.0909,0.4545,0.1,27341,
4534,163520,-1.6,0.0,58.33,7,0.0,0.5714,0.1,27355,
4535,163520,-5.0,0.0,19.61,10,0.0,0.5,0.1,27355,
4536,163584,5.8,1.0,36.96,17,0.1176,0.5294,0.1,27374,
4537,163584,-3.4,0.0,17.39,4,0.0,0.25,0.1,27374,
4538,163584,-1.5,0.0,33.33,2,0.0,0.5,0.1,27374,
4539,163584,-2.7,0.0,17.65,3,0.3333,0.3333,0.1,27374,
4540,163648,-5.9,0.0,37.25,19,0.1579,0.5263,0.1,27385,
4541,163648,-2.8,0.0,10.53,2,0.0,0.5,0.1,27385,
4542,163648,7.4,1.0,20.51,8,0.0,0.5,0.1,27385,
4543,163712,-5.6,0.0,31.37,16,0.0625,0.5625,0.1,27396,
4544,163776,11.4,1.0,16.67,1,0.0,1.0,0.1,27408,
4545,163776,7.9,1.0,35.48,11,0.0909,0.4545,0.1,27408,
4546,163840,-5.6,0.0,11.76,6,0.0,0.5,0.1,27422,
4547,163840,-5.6,0.0,11.76,6,0.0,0.5,0.1,27422,
4548,163840,11.5,1.0,50.0,2,0.5,1.0,0.1,27422,
4549,163840,-3.8,0.0,19.23,5,0.0,0.4,0.1,27422,
4550,163840,-1.9,0.0,20.0,2,0.0,0.5,0.1,27422,
4551,163840,-5.6,0.0,20.41,10,0.0,0.7,0.1,27422,
4552,163840,-5.1,0.0,21.57,11,0.0,0.4545,0.1,27422,
4553,163840,-5.8,0.0,15.69,8,0.0,0.625,0.1,27422,
4554,163904,-6.3,0.0,25.49,13,0.0769,0.5385,0.1,27439,
4555,164032,-4.0,0.0,32.0,8,0.0,0.375,0.1,27472,
4556,164096,-0.4,0.0,16.67,1,0.0,0.0,0.1,27489,
4557,164096,8.6,1.0,29.63,8,0.125,0.625,0.1,27489,
4558,164096,-6.1,0.0,21.57,11,0.0909,0.3636,0.1,27489,
4559,164096,-1.7,0.0,25.0,2,0.0,0.0,0.1,27489,
4560,164224,-3.5,0.0,21.74,5,0.2,0.4,0.1,27526,
4561,164224,-3.7,0.0,20.0,5,0.0,0.8,0.1,27526,
4562,164224,11.2,1.0,28.57,2,0.0,1.0,0.1,27526,
4563,164224,-3.2,0.0,8.7,2,0.0,0.0,0.1,27526,
4564,164288,-2.1,0.0,7.69,1,0.0,0.0,0.1,27546,
4565,164352,6.0,1.0,32.61,15,0.1333,0.2667,0.1,27561,
4566,164416,-2.0,0.0,8.33,1,0.0,0.0,0.1,27584,
4567,164416,-1.4,0.0,30.77,4,0.0,0.5,0.1,27584,
4568,164480,-2.2,0.0,15.38,2,0.0,0.0,0.1,27604,
4569,164608,9.8,1.0,21.05,4,0.25,0.25,0.1,27637,
4570,164608,-2.7,0.0,25.0,4,0.0,0.25,0.1,27637,
4571,164672,-6.2,0.0,23.53,12,0.25,0.5,0.1,27655,
4572,164800,8.1,1.0,37.93,11,0.1818,0.4545,0.1,27683,
4573,164864,-5.6,0.0,11.76,6,0.0,0.8333,0.1,27696,
4574,164928,-6.2,0.0,23.53,12,0.0833,0.3333,0.1,27718,
4575,164992,-3.2,0.0,38.89,7,0.0,0.2857,0.1,27738,
4576,165056,-2.3,0.0,6.67,1,0.0,0.0,0.1,27759,
4577,165056,-5.1,0.0,21.57,11,0.0,0.5455,0.1,27759,
4578,165056,-5.7,0.0,33.33,17,0.1176,0.7059,0.1,27759,
4579,165056,-2.0,0.0,18.18,2,0.0,0.0,0.1,27759,
4580,165120,-6.6,0.0,31.37,16,0.125,0.4375,0.1,27776,
4581,165120,-5.1,0.0,21.57,11,0.0,0.5455,0.1,27776,
4582,165120,-5.7,0.0,30.43,14,0.0714,0.6429,0.1,27776,
4583,165184,-4.9,0.0,17.65,9,0.2222,0.2222,0.1,27796,
4584,165184,-5.7,0.0,31.58,12,0.0,0.5,0.1,27796,
4585,165184,8.5,1.0,33.33,9,0.0,0.5556,0.1,27796,
4586,165184,-4.1,0.0,33.33,11,0.0909,0.5455,0.1,27796,
4587,165248,8.9,1.0,39.13,9,0.0,0.8889,0.1,27812,
4588,165312,-5.9,0.0,17.65,9,0.0,0.5556,0.1,27833,
4589,165312,-4.5,0.0,29.73,11,0.0909,0.4545,0.1,27833,
4590,165312,-1.3,0.0,20.0,1,0.0,0.0,0.1,27833,
4591,165376,8.9,1.0,52.38,11,0.0,0.6364,0.1,27849,
4592,165376,7.1,1.0,28.21,11,0.2727,0.5455,0.1,27849,
4593,165440,7.4,1.0,38.24,13,0.0769,0.4615,0.1,27865,
4594,165440,7.3,1.0,37.14,13,0.1538,0.6154,0.1,27865,
4595,165504,-5.5,0.0,29.41,15,0.2,0.3333,0.1,27880,
4596,165632,6.3,1.0,20.83,10,0.0,0.6,0.1,27920,
4597,165632,8.8,1.0,37.5,9,0.1111,0.3333,0.1,27920,
4598,165696,6.2,1.0,31.11,14,0.2143,0.6429,0.1,27931,
4599,165696,-1.2,0.0,7.14,1,0.0,0.0,0.1,27931,
4600,165760,-1.6,0.0,28.57,2,0.0,0.5,0.1,27945,
4601,165760,-6.1,0.0,21.57,11,0.0,0.5455,0.1,27945,
4602,165760,-2.0,0.0,30.0,3,0.0,0.0,0.1,27945,
4603,165824,11.4,1.0,40.0,2,0.5,1.0,0.1,27960,
4604,165888,9.0,1.0,10.71,3,0.0,0.6667,0.1,27981,
4605,165888,-6.3,0.0,25.49,13,0.0,0.6154,0.1,27981,
4606,165888,9.8,1.0,15.0,3,0.0,0.6667,0.1,27981,
4607,165888,-6.7,0.0,33.33,17,0.0588,0.4706,0.1,27981,
4608,165888,-3.7,0.0,15.38,4,0.25,0.5,0.1,27981,
4609,165952,-5.6,0.0,11.76,6,0.1667,0.5,0.1,27991,
4610,165952,-2.3,0.0,14.29,2,0.0,0.5,0.1,27991,
4611,166016,5.8,1.0,23.53,12,0.1667,0.25,0.1,28003,
4612,166016,-2.5,0.0,28.57,4,0.0,0.75,0.1,28003,
4613,166144,-2.9,0.0,18.52,5,0.0,0.2,0.1,28040,
4614,166208,-5.2,0.0,23.53,12,0.1667,0.5,0.1,28059,
4615,166208,7.5,1.0,24.32,9,0.1111,0.6667,0.1,28059,
4616,166272,-5.0,0.0,19.61,10,0.0,0.7,0.1,28083,
4617,166272,11.5,1.0,20.0,1,1.0,0.0,0.1,28083,
4618,166272,-3.0,0.0,35.29,6,0.3333,0.3333,0.1,28083,
4619,166272,-6.1,0.0,25.58,11,0.2727,0.3636,0.1,28083,
4620,166336,-1.3,0.0,6.67,1,0.0,0.0,0.1,28095,
4621,166400,-5.2,0.0,23.53,12,0.0833,0.75,0.1,28115,
4622,166400,7.8,1.0,30.3,10,0.0,0.5,0.1,28115,
4623,166400,-5.9,0.0,37.25,19,0.1053,0.6842,0.1,28115,
4624,166400,6.2,1.0,28.26,13,0.0769,0.5385,0.1,28115,
4625,166400,-5.5,0.0,29.41,15,0.1333,0.3333,0.1,28115,
4626,166400,10.2,1.0,26.67,4,0.25,0.5,0.1,28115,
4627,166528,-1.9,0.0,20.0,2,0.0,0.0,0.1,28147,
4628,166528,11.6,1.0,66.67,2,0.5,1.0,0.1,28147,
4629,166528,-0.3,0.0,20.0,1,0.0,0.0,0.1,28147,
4630,166528,-6.1,0.0,21.57,11,0.2727,0.4545,0.1,28147,
4631,166592,-3.1,0.0,26.32,5,0.2,0.6,0.1,28159,
4632,166656,-5.8,0.0,15.69,8,0.25,0.25,0.1,28171,
4633,166656,-5.5,0.0,23.4,11,0.0,0.3636,0.1,28171,
4634,166720,11.3,1.0,60.0,3,0.0,0.6667,0.1,28185,
4635,166720,-6.0,0.0,19.61,10,0.0,0.4,0.1,28185,
4636,166784,-6.2,0.0,23.53,12,0.1667,0.25,0.1,28202,
4637,166848,-2.6,0.0,46.15,6,0.3333,0.3333,0.1,28220,
4638,166848,-6.7,0.0,39.53,17,0.0588,0.2353,0.1,28220,
4639,166848,-2.6,0.0,26.67,4,0.0,0.25,0.1,28220,
4640,166848,-2.8,0.0,10.53,2,0.5,0.5,0.1,28220,
4641,166912,-2.7,0.0,25.0,4,0.0,0.5,0.1,28236,
4642,166912,-1.4,0.0,16.67,1,0.0,0.0,0.1,28236,
4643,166976,-2.0,0.0,44.44,4,0.0,0.25,0.1,28250,
4644,167104,-5.1,0.0,21.57,11,0.0909,0.5455,0.1,28287,
4645,167104,-3.4,0.0,28.57,6,0.1667,0.0,0.1,28287,
4646,167104,-6.3,0.0,25.49,13,0.3077,0.5385,0.1,28287,
4647,167104,-6.2,0.0,23.53,12,0.0,0.5,0.1,28287,
4648,167104,-4.7,0.0,13.73,7,0.0,1.0,0.1,28287,
4649,167104,-6.1,0.0,21.57,11,0.0909,0.5455,0.1,28287,
4650,167104,-7.1,0.0,41.18,21,0.0952,0.381,0.1,28287,
4651,167168,-1.6,0.0,26.67,4,0.0,0.5,0.1,28304,
4652,167168,-6.2,0.0,23.53,12,0.0,0.5,0.1,28304,
4653,167232,-2.2,0.0,15.38,2,0.0,0.0,0.1,28315,
4654,167424,-5.0,0.0,26.47,9,0.1111,0.4444,0.1,28381,
4655,167424,-4.3,0.0,33.33,9,0.1111,0.4444,0.1,28381,
4656,167424,10.9,1.0,33.33,3,0.0,0.6667,0.1,28381,
4657,167488,-6.3,0.0,25.49,13,0.1538,0.5385,0.1,28392,
4658,167488,9.9,1.0,29.41,5,0.0,0.2,0.1,28392,
4659,167488,-6.2,0.0,23.53,12,0.0833,0.5,0.1,28392,
4660,167488,10.1,1.0,17.65,3,0.0,0.6667,0.1,28392,
4661,167488,-5.2,0.0,23.53,12,0.1667,0.6667,0.1,28392,
4662,167616,7.9,1.0,40.0,12,0.25,0.5,0.1,28418,
4663,167616,-2.0,0.0,8.33,1,0.0,0.0,0.1,28418,
4664,167680,-5.9,0.0,17.65,9,0.0,0.6667,0.1,28433,
4665,167680,-3.4,0.0,27.59,8,0.0,0.375,0.1,28433,
4666,167744,-6.0,0.0,39.22,20,0.0,0.5,0.1,28449,
4667,167744,-2.5,0.0,28.57,4,0.0,0.0,0.1,28449,
4668,167744,6.2,1.0,34.09,15,0.0667,0.3333,0.1,28449,
4669,167744,-2.9,0.0,37.5,6,0.0,0.1667,0.1,28449,
4670,167872,-6.4,0.0,27.45,14,0.0714,0.3571,0.1,28481,
4671,167872,-4.5,0.0,22.58,7,0.0,0.4286,0.1,28481,
4672,167872,-4.6,0.0,18.18,6,0.0,0.6667,0.1,28481,
4673,167936,-6.2,0.0,22.22,10,0.2,0.4,0.1,28502,
4674,167936,-5.8,0.0,15.69,8,0.0,0.375,0.1,28502,
4675,167936,5.7,1.0,42.22,19,0.1053,0.5263,0.1,28502,
4676,168000,-1.6,0.0,12.5,1,0.0,0.0,0.1,28519,
4677,168064,-0.4,0.0,40.0,2,0.0,0.5,0.1,28540,
4678,168064,-1.8,0.0,22.22,2,0.0,0.0,0.1,28540,
4679,168064,-5.6,0.0,28.95,11,0.0909,0.3636,0.1,28540,
4680,168128,-6.3,0.0,25.49,13,0.0,0.1538,0.1,28557,
4681,168128,-3.1,0.0,33.33,6,0.0,0.6667,0.1,28557,
4682,168256,-5.3,0.0,27.27,12,0.0,0.5833,0.1,28585,
4683,168256,-1.6,0.0,12.5,1,0.0,0.0,0.1,28585,
4684,168320,-6.8,0.0,35.29,18,0.0556,0.3333,0.1,28601,
4685,168320,-3.1,0.0,33.33,6,0.1667,0.1667,0.1,28601,
4686,168384,9.6,1.0,25.0,5,0.0,0.6,0.1,28621,
4687,168384,-5.8,0.0,35.29,18,0.0556,0.5,0.1,28621,
4688,168448,-6.0,0.0,19.61,10,0.2,0.4,0.1,28635,
4689,168448,7.7,1.0,22.22,8,0.0,0.625,0.1,28635,
4690,168448,-5.8,0.0,15.69,8,0.0,0.375,0.1,28635,
4691,168448,-6.3,0.0,25.49,13,0.1538,0.6154,0.1,28635,
4692,168576,10.8,1.0,30.0,3,0.0,0.6667,0.1,28665,
4693,168576,-5.4,0.0,27.45,14,0.0714,0.5,0.1,28665,
4694,168576,-6.1,0.0,21.57,11,0.0,0.4545,0.1,28665,
4695,168768,-4.5,0.0,18.75,6,0.3333,0.3333,0.1,28724,
4696,168768,8.6,1.0,34.62,9,0.1111,0.3333,0.1,28724,
4697,168832,8.9,1.0,45.45,10,0.0,0.7,0.1,28740,
4698,168832,-2.8,0.0,19.23,5,0.0,0.4,0.1,28740,
4699,168896,-5.3,0.0,12.2,5,0.0,0.0,0.1,28758,
4700,168896,8.7,1.0,54.55,12,0.0,0.6667,0.1,28758,
4701,168960,-2.6,0.0,26.09,6,0.3333,0.3333,0.1,28772,
4702,169024,-5.8,0.0,35.29,18,0.0556,0.6111,0.1,28789,
4703,169024,-3.5,0.0,26.67,8,0.0,0.25,0.1,28789,
4704,169152,-4.7,0.0,35.14,13,0.0769,0.4615,0.1,28821,
4705,169152,-5.9,0.0,17.65,9,0.1111,0.4444,0.1,28821,
4706,169216,-6.6,0.0,31.37,16,0.0,0.4375,0.1,28839,
4707,169280,-3.7,0.0,42.86,9,0.1111,0.2222,0.1,28857,
4708,169280,-6.7,0.0,33.33,17,0.1176,0.6471,0.1,28857,
4709,169280,-3.7,0.0,25.0,6,0.0,0.6667,0.1,28857,
4710,169280,8.2,1.0,14.71,5,0.4,0.6,0.1,28857,
4711,169344,-6.8,0.0,27.08,13,0.0,0.5385,0.1,28875,
4712,169408,-1.8,0.0,37.5,3,0.0,0.0,0.1,28889,
4713,169408,9.5,1.0,18.18,4,0.0,0.75,0.1,28889,
4714,169472,-5.7,0.0,35.14,13,0.0,0.5385,0.1,28908,
4715,169472,-1.9,0.0,20.0,2,0.5,0.5,0.1,28908,
4716,169472,-1.5,0.0,14.29,1,0.0,0.0,0.1,28908,
4717,169536,-4.8,0.0,15.69,8,0.125,0.75,0.1,28929,
4718,169536,-5.6,0.0,31.37,16,0.0625,0.625,0.1,28929,
4719,169536,7.7,1.0,22.22,8,0.25,0.625,0.1,28929,
4720,169536,-3.9,0.0,23.08,6,0.0,0.5,0.1,28929,
4721,169536,-2.6,0.0,26.67,4,0.0,0.5,0.1,28929,
4722,169664,-1.9,0.0,50.0,4,0.5,0.5,0.1,28961,
4723,169664,-4.8,0.0,15.69,8,0.0,0.625,0.1,28961,
4724,169728,-6.8,0.0,22.0,11,0.0,0.3636,0.1,28978,
4725,169728,-5.5,0.0,45.45,15,0.0667,0.6,0.1,28978,
4726,169792,-5.8,0.0,15.69,8,0.0,0.5,0.1,28998,
4727,169792,-6.5,0.0,29.41,15,0.0,0.4667,0.1,28998,
4728,169792,-1.4,0.0,41.67,5,0.0,0.6,0.1,28998,
4729,169856,-4.8,0.0,15.69,8,0.375,0.375,0.1,29017,
4730,169856,-1.1,0.0,27.27,3,0.0,0.0,0.1,29017,
4731,169920,7.2,1.0,44.12,15,0.0,0.6667,0.1,29035,
4732,169920,-6.3,0.0,25.49,13,0.0769,0.3077,0.1,29035,
4733,169920,-2.7,0.0,17.65,3,0.3333,0.3333,0.1,29035,
4734,169920,-5.0,0.0,19.61,10,0.2,0.5,0.1,29035,
4735,169920,-5.8,0.0,30.77,12,0.1667,0.4167,0.1,29035,
4736,169984,8.7,1.0,36.0,9,0.0,0.8889,0.1,29045,
4737,170048,-2.1,0.0,27.27,3,0.0,0.3333,0.1,29061,
4738,170112,-0.9,0.0,20.0,2,0.5,0.5,0.1,29080,
4739,170112,-6.0,0.0,19.61,10,0.2,0.3,0.1,29080,
4740,170112,-4.0,0.0,17.86,5,0.0,0.4,0.1,29080,
4741,170176,-5.9,0.0,37.25,19,0.0526,0.3684,0.1,29093,
4742,170176,-3.4,0.0,15.62,5,0.2,0.2,0.1,29093,
4743,170176,-6.3,0.0,25.49,13,0.0,0.3846,0.1,29093,
4744,170240,8.5,1.0,28.57,8,0.0,0.375,0.1,29105,
4745,170240,-2.3,0.0,6.67,1,0.0,0.0,0.1,29105,
4746,170304,-1.6,0.0,50.0,3,0.3333,0.3333,0.1,29125,
4747,170304,-3.3,0.0,33.33,9,0.2222,0.2222,0.1,29125,
4748,170304,8.0,1.0,32.26,10,0.0,0.4,0.1,29125,
4749,170368,-6.5,0.0,29.41,15,0.1333,0.3333,0.1,29145,
4750,170368,-5.5,0.0,9.8,5,0.0,0.8,0.1,29145,
4751,170432,-1.8,0.0,10.0,1,0.0,0.0,0.1,29168,
4752,170432,-1.4,0.0,40.0,2,0.0,0.0,0.1,29168,
4753,170560,-2.6,0.0,18.75,3,0.0,0.3333,0.1,29195,
4754,170560,-2.0,0.0,8.33,1,0.0,0.0,0.1,29195,
4755,170688,-5.7,0.0,21.95,9,0.0,0.4444,0.1,29225,
4756,170688,9.7,1.0,26.32,5,0.0,0.6,0.1,29225,
4757,170688,-6.3,0.0,25.49,13,0.0,0.5385,0.1,29225,
4758,170752,-6.5,0.0,29.41,15,0.1333,0.3333,0.1,29236,
4759,170752,-6.5,0.0,20.83,10,0.0,0.3,0.1,29236,
4760,170752,-0.6,0.0,28.57,2,0.0,0.5,0.1,29236,
4761,170816,-2.4,0.0,35.0,7,0.1429,0.4286,0.1,29248,
4762,170880,-6.1,0.0,21.57,11,0.0909,0.2727,0.1,29266,
4763,170880,-2.1,0.0,40.0,4,0.25,0.25,0.1,29266,
4764,170944,6.1,1.0,25.0,12,0.0,0.75,0.1,29288,
4765,170944,-6.5,0.0,29.41,15,0.0,0.7333,0.1,29288,
4766,170944,-2.4,0.0,13.33,2,0.0,0.5,0.1,29288,
4767,171008,-1.8,0.0,10.0,1,0.0,0.0,0.1,29303,
4768,171008,10.9,1.0,33.33,3,0.0,0.3333,0.1,29303,
4769,171072,-6.3,0.0,32.0,16,0.0,0.5625,0.1,29327,
4770,171072,7.2,1.0,19.51,8,0.25,0.75,0.1,29327,
4771,171072,-3.1,0.0,21.43,6,0.0,0.3333,0.1,29327,
4772,171200,-6.2,0.0,43.14,22,0.0909,0.3182,0.1,29359,
4773,171200,9.4,1.0,35.0,7,0.1429,0.8571,0.1,29359,
4774,171264,11.5,1.0,50.0,2,0.0,1.0,0.1,29374,
4775,171328,-4.8,0.0,15.69,8,0.125,0.625,0.1,29391,
4776,171328,-6.4,0.0,27.45,14,0.0,0.3571,0.1,29391,
4777,171328,9.3,1.0,27.27,6,0.3333,0.6667,0.1,29391,
4778,171328,-3.4,0.0,32.14,9,0.0,0.5556,0.1,29391,
4779,171392,-5.3,0.0,39.39,13,0.0,0.4615,0.1,29406,
4780,171392,-5.3,0.0,25.49,13,0.2308,0.4615,0.1,29406,
4781,171456,6.0,1.0,45.24,19,0.0,0.4211,0.1,29419,
4782,171520,-6.1,0.0,21.57,11,0.0,0.3636,0.1,29431,
4783,171520,-2.3,0.0,23.08,3,0.0,0.0,0.1,29431,
4784,171520,-5.8,0.0,15.69,8,0.0,0.5,0.1,29431,
4785,171584,-4.8,0.0,24.24,8,0.125,0.375,0.1,29443,
4786,171584,7.8,1.0,34.38,11,0.0,0.5455,0.1,29443,
4787,171648,-6.0,0.0,19.61,10,0.2,0.5,0.1,29463,
4788,171648,-3.5,0.0,33.33,7,0.0,0.4286,0.1,29463,
4789,171712,-5.6,0.0,11.76,6,0.0,0.6667,0.1,29476,
4790,171712,-6.0,0.0,19.61,10,0.0,0.6,0.1,29476,
4791,171840,-5.9,0.0,17.65,9,0.0,0.8889,0.1,29511,
4792,171840,-4.1,0.0,30.77,8,0.0,0.625,0.1,29511,
4793,171840,11.4,1.0,40.0,2,0.0,1.0,0.1,29511,
4794,171904,-4.4,0.0,32.14,9,0.1111,0.2222,0.1,29531,
4795,171968,-4.1,0.0,21.43,6,0.0,0.6667,0.1,29551,
4796,171968,-1.6,0.0,12.5,1,0.0,0.0,0.1,29551,
4797,171968,-1.5,0.0,20.0,3,0.0,0.6667,0.1,29551,
4798,171968,8.3,1.0,26.67,8,0.125,0.375,0.1,29551,
4799,172032,-5.1,0.0,21.57,11,0.0909,0.6364,0.1,29571,
4800,172096,-2.1,0.0,16.67,2,0.0,0.0,0.1,29588,
4801,172160,-5.8,0.0,35.29,18,0.0556,0.3333,0.1,29605,
4802,172224,-5.9,0.0,17.65,9,0.3333,0.3333,0.1,29622,
4803,172224,-4.3,0.0,16.13,5,0.2,0.4,0.1,29622,
4804,172224,-3.1,0.0,33.33,6,0.0,0.6667,0.1,29622,
4805,172352,-1.6,0.0,18.75,3,0.0,0.6667,0.1,29657,
4806,172352,-4.1,0.0,21.43,6,0.0,0.1667,0.1,29657,
4807,172416,6.9,1.0,33.33,13,0.0,0.6923,0.1,29672,
4808,172480,-6.2,0.0,23.53,12,0.0,0.4167,0.1,29691,
4809,172480,-1.6,0.0,28.57,2,0.0,0.5,0.1,29691,
4810,172544,-1.7,0.0,25.0,4,0.0,0.5,0.1,29706,
4811,172544,-5.8,0.0,35.29,18,0.0556,0.5,0.1,29706,
4812,172544,8.3,1.0,22.58,7,0.0,0.8571,0.1,29706,
4813,172608,11.5,1.0,0.0,0,,,0.1,29723,
4814,172608,-2.3,0.0,14.29,2,0.0,0.5,0.1,29723,
4815,172672,-6.6,0.0,31.37,16,0.1875,0.3125,0.1,29741,
4816,172672,-6.2,0.0,23.53,12,0.0,0.4167,0.1,29741,
4817,172736,-2.2,0.0,25.0,3,0.0,0.6667,0.1,29759,
4818,172800,-6.1,0.0,21.57,11,0.0,0.4545,0.1,29775,
4819,172864,9.4,1.0,28.57,6,0.0,0.3333,0.1,29789,
4820,172928,8.1,1.0,37.93,11,0.0,0.5455,0.1,29812,
4821,172928,8.2,1.0,34.48,10,0.2,0.6,0.1,29812,
4822,172928,-5.4,0.0,27.45,14,0.0714,0.3571,0.1,29812,
4823,172928,-5.8,0.0,15.69,8,0.0,0.375,0.1,29812,
4824,172992,-6.2,0.0,23.53,12,0.0833,0.75,0.1,29829,
4825,172992,-6.3,0.0,25.49,13,0.0769,0.0769,0.1,29829,
4826,172992,-6.1,0.0,22.73,10,0.1,0.3,0.1,29829,
4827,173056,-5.9,0.0,17.65,9,0.0,0.6667,0.1,29850,
4828,173056,-1.4,0.0,16.67,1,0.0,0.0,0.1,29850,
4829,173056,-1.6,0.0,12.5,1,0.0,0.0,0.1,29850,
4830,173120,-5.6,0.0,31.37,16,0.0,0.375,0.1,29875,
4831,173120,-2.3,0.0,33.33,4,0.25,0.0,0.1,29875,
4832,173120,-6.1,0.0,21.57,11,0.0,0.4545,0.1,29875,
4833,173120,-5.5,0.0,37.14,13,0.0,0.2308,0.1,29875,
4834,173184,9.4,1.0,42.11,8,0.0,0.75,0.1,29893,
4835,173184,-6.0,0.0,39.22,20,0.05,0.35,0.1,29893,
4836,173184,-3.6,0.0,38.1,8,0.125,0.625,0.1,29893,
4837,173248,-1.3,0.0,50.0,2,0.0,0.5,0.1,29912,
4838,173312,-2.7,0.0,30.43,7,0.0,0.1429,0.1,29923,
4839,173376,-3.5,0.0,27.27,6,0.0,0.1667,0.1,29945,
4840,173376,-0.5,0.0,14.29,1,0.0,0.0,0.1,29945,
4841,173376,8.4,1.0,42.31,11,0.1818,0.3636,0.1,29945,
4842,173376,-5.9,0.0,17.65,9,0.1111,0.4444,0.1,29945,
4843,173440,8.4,1.0,32.14,9,0.1111,0.6667,0.1,29957,
4844,173504,-1.9,0.0,9.09,1,0.0,0.0,0.1,29973,
4845,173568,-3.0,0.0,22.22,6,0.1667,0.3333,0.1,29992,
4846,173568,-5.6,0.0,11.76,6,0.0,0.3333,0.1,29992,
4847,173568,-3.1,0.0,26.32,5,0.2,0.2,0.1,29992,
4848,173632,-1.4,0.0,16.67,1,0.0,0.0,0.1,30013,
4849,173632,-5.6,0.0,31.37,16,0.0625,0.375,0.1,30013,
4850,173696,-3.7,0.0,25.0,6,0.0,0.5,0.1,30028,
4851,173696,-5.2,0.0,23.53,12,0.25,0.4167,0.1,30028,
4852,173824,-6.8,0.0,35.56,16,0.1875,0.375,0.1,30063,
4853,173824,-3.4,0.0,37.04,10,0.2,0.6,0.1,30063,
4854,173824,-3.8,0.0,24.0,6,0.3333,0.1667,0.1,30063,
4855,173888,-1.6,0.0,12.5,1,0.0,0.0,0.1,30087,
4856,173888,-2.3,0.0,23.08,3,0.3333,0.0,0.1,30087,
4857,173888,-2.5,0.0,12.5,2,0.0,0.0,0.1,30087,
4858,173952,-6.1,0.0,21.57,11,0.0909,0.7273,0.1,30104,
4859,173952,8.9,1.0,39.13,9,0.1111,0.7778,0.1,30104,
4860,173952,-6.7,0.0,33.33,17,0.1176,0.2941,0.1,30104,
4861,174016,-5.8,0.0,15.69,8,0.0,0.75,0.1,30127,
4862,174016,10.3,1.0,38.46,5,0.4,0.8,0.1,30127,
4863,174016,-2.1,0.0,41.18,7,0.0,0.1429,0.1,30127,
4864,174016,-6.6,0.0,20.41,10,0.0,0.3,0.1,30127,
4865,174016,-3.6,0.0,38.1,8,0.125,0.75,0.1,30127,
4866,174016,-6.3,0.0,25.49,13,0.0769,0.4615,0.1,30127,
4867,174016,-1.4,0.0,13.33,2,0.0,0.0,0.1,30127,
4868,174016,-5.4,0.0,27.45,14,0.0714,0.5,0.1,30127,
4869,174016,-1.5,0.0,60.0,3,0.0,0.3333,0.1,30127,
4870,174080,-6.1,0.0,21.57,11,0.0,0.4545,0.1,30142,
4871,174080,-1.8,0.0,37.5,3,0.3333,0.0,0.1,30142,
4872,174080,-0.5,0.0,14.29,1,0.0,0.0,0.1,30142,
4873,174144,-5.7,0.0,28.21,11,0.0,0.6364,0.1,30155,
4874,174144,-2.5,0.0,63.64,7,0.0,0.4286,0.1,30155,
4875,174208,-6.3,0.0,25.49,13,0.0,0.6154,0.1,30171,
4876,174208,-6.2,0.0,23.53,12,0.0833,0.5,0.1,30171,
4877,174208,-0.8,0.0,37.5,3,0.0,0.6667,0.1,30171,
4878,174272,-4.2,0.0,34.62,9,0.0,0.6667,0.1,30186,
4879,174272,-2.4,0.0,21.43,3,0.0,0.3333,0.1,30186,
4880,174272,8.8,1.0,26.92,7,0.1429,0.2857,0.1,30186,
4881,174272,-3.1,0.0,25.93,7,0.1429,0.4286,0.1,30186,
4882,174336,-1.8,0.0,37.5,3,0.0,0.3333,0.1,30202,
4883,174400,-1.3,0.0,50.0,2,0.0,0.0,0.1,30222,
4884,174464,-2.5,0.0,20.0,3,0.0,0.3333,0.1,30237,
4885,174464,-3.1,0.0,14.29,3,0.3333,0.3333,0.1,30237,
4886,174464,-5.0,0.0,19.61,10,0.0,0.4,0.1,30237,
4887,174464,-6.4,0.0,27.45,14,0.2143,0.5714,0.1,30237,
4888,174528,-3.6,0.0,26.09,6,0.0,0.1667,0.1,30259,
4889,174528,10.6,1.0,50.0,5,0.4,0.6,0.1,30259,
4890,174528,-0.7,0.0,25.0,2,0.0,0.5,0.1,30259,
4891,174528,-6.9,0.0,21.57,11,0.0909,0.3636,0.1,30259,
4892,174592,-3.7,0.0,20.0,5,0.0,0.8,0.1,30271,
4893,174592,-7.0,0.0,39.22,20,0.05,0.4,0.1,30271,
4894,174592,6.6,1.0,34.15,14,0.1429,0.5,0.1,30271,
4895,174592,-5.6,0.0,31.37,16,0.125,0.4375,0.1,30271,
4896,174656,-6.5,0.0,29.41,15,0.0,0.6,0.1,30288,
4897,174656,-6.1,0.0,41.18,21,0.1905,0.3333,0.1,30288,
4898,174656,5.7,1.0,33.33,16,0.0,0.75,0.1,30288,
4899,174720,-3.7,0.0,20.0,5,0.0,0.4,0.1,30300,
4900,174720,10.7,1.0,40.0,4,0.0,0.5,0.1,30300,
4901,174784,7.0,1.0,37.84,14,0.0,0.6429,0.1,30314,
4902,174784,-1.9,0.0,20.0,2,0.0,0.5,0.1,30314,
4903,174784,8.2,1.0,34.48,10,0.1,0.4,0.1,30314,
4904,174784,10.8,1.0,44.44,4,0.0,0.75,0.1,30314,
4905,174784,-1.2,0.0,25.0,3,0.0,0.0,0.1,30314,
4906,174848,-1.6,0.0,18.75,3,0.0,0.3333,0.1,30327,
4907,174848,-6.6,0.0,31.37,16,0.0625,0.625,0.1,30327,
4908,174912,-0.9,0.0,33.33,3,0.3333,0.0,0.1,30344,
4909,174912,10.4,1.0,13.33,2,0.0,1.0,0.1,30344,
4910,174912,-1.8,0.0,37.5,3,0.0,0.6667,0.1,30344,
4911,174912,-2.6,0.0,35.71,5,0.0,0.4,0.1,30344,
4912,174976,-2.6,0.0,26.67,4,0.0,0.75,0.1,30358,
4913,175040,-2.2,0.0,25.0,3,0.0,0.3333,0.1,30374,
4914,175104,-2.7,0.0,11.11,3,0.0,0.3333,0.1,30392,
4915,175168,-1.8,0.0,16.67,3,0.0,0.6667,0.1,30407,
4916,175168,-5.5,0.0,29.41,15,0.0667,0.3333,0.1,30407,
4917,175232,-3.1,0.0,26.32,5,0.0,0.8,0.1,30428,
4918,175360,-2.0,0.0,8.33,1,0.0,0.0,0.1,30460,
4919,175360,-2.0,0.0,18.18,2,0.0,0.5,0.1,30460,
4920,175360,-5.1,0.0,31.71,13,0.0769,0.4615,0.1,30460,
4921,175424,8.4,1.0,32.14,9,0.1111,0.6667,0.1,30474,
4922,175488,-1.1,0.0,40.0,4,0.0,0.5,0.1,30492,
4923,175488,-6.4,0.0,27.45,14,0.1429,0.5,0.1,30492,
4924,175552,-2.9,0.0,10.0,2,0.0,0.0,0.1,30505,
4925,175680,-2.2,0.0,15.38,2,0.5,0.0,0.1,30539,
4926,175680,-2.9,0.0,22.22,4,0.0,0.5,0.1,30539,
4927,175744,6.3,1.0,45.0,18,0.0,0.4444,0.1,30555,
4928,175744,-6.3,0.0,25.49,13,0.0769,0.2308,0.1,30555,
4929,175808,-4.2,0.0,29.63,8,0.25,0.25,0.1,30567,
4930,175808,-6.5,0.0,29.41,15,0.0667,0.3333,0.1,30567,
4931,175808,-4.1,0.0,25.93,7,0.0,0.2857,0.1,30567,
4932,175872,-1.8,0.0,40.0,6,0.5,0.3333,0.1,30585,
4933,175872,-3.3,0.0,52.94,9,0.0,0.3333,0.1,30585,
4934,175936,-2.1,0.0,33.33,6,0.1667,0.5,0.1,30600,
4935,175936,-2.8,0.0,16.67,3,0.0,0.3333,0.1,30600,
4936,176000,-3.6,0.0,20.83,5,0.0,0.4,0.1,30616,
4937,176128,8.8,1.0,43.48,10,0.0,0.5,0.1,30646,
4938,176192,-4.9,0.0,17.65,9,0.1111,0.5556,0.1,30664,
4939,176256,-5.7,0.0,13.73,7,0.0,0.4286,0.1,30682,
4940,176320,8.9,1.0,33.33,8,0.125,0.625,0.1,30697,
4941,176384,-6.1,0.0,21.57,11,0.0909,0.3636,0.1,30713,
4942,176384,-5.6,0.0,11.76,6,0.0,0.3333,0.1,30713,
4943,176448,6.1,1.0,33.33,15,0.0,0.8667,0.1,30735,
4944,176448,9.0,1.0,29.17,7,0.2857,0.7143,0.1,30735,
4945,176448,8.4,1.0,19.35,6,0.1667,0.5,0.1,30735,
4946,176448,-0.6,0.0,28.57,2,0.0,0.0,0.1,30735,
4947,176448,-1.0,0.0,30.0,3,0.0,0.6667,0.1,30735,
4948,176448,-6.1,0.0,21.57,11,0.0,0.7273,0.1,30735,
4949,176576,-6.0,0.0,19.61,10,0.0,0.6,0.1,30760,
4950,176640,-4.7,0.0,21.21,7,0.0,0.4286,0.1,30774,
4951,176640,-5.9,0.0,17.65,9,0.0,0.4444,0.1,30774,
4952,176704,10.2,1.0,35.71,5,0.2,0.8,0.1,30790,
4953,176704,-2.8,0.0,40.0,6,0.0,0.1667,0.1,30790,
4954,176768,-1.4,0.0,40.0,2,0.0,0.5,0.1,30809,
4955,176768,-4.3,0.0,28.57,8,0.0,0.125,0.1,30809,
4956,176832,-5.8,0.0,35.29,18,0.1667,0.3889,0.1,30823,
4957,176896,10.5,1.0,45.45,5,0.0,0.4,0.1,30837,
4958,176960,10.8,1.0,44.44,4,0.0,1.0,0.1,30855,
4959,176960,-2.1,0.0,27.27,3,0.0,0.3333,0.1,30855,
4960,177024,-1.7,0.0,17.65,3,0.3333,0.3333,0.1,30870,
4961,177088,-5.8,0.0,15.69,8,0.0,0.25,0.1,30885,
4962,177088,-3.9,0.0,28.0,7,0.1429,0.5714,0.1,30885,
4963,177152,-6.1,0.0,41.18,21,0.0476,0.5714,0.1,30902,
4964,177152,-6.1,0.0,21.57,11,0.0909,0.4545,0.1,30902,
4965,177216,-5.6,0.0,31.37,16,0.0625,0.6875,0.1,30915,
4966,177216,-5.1,0.0,17.39,8,0.125,0.5,0.1,30915,
4967,177216,-5.9,0.0,17.65,9,0.0,0.4444,0.1,30915,
4968,177216,11.4,1.0,40.0,2,0.0,0.0,0.1,30915,
4969,177280,-0.9,0.0,20.0,2,0.0,0.5,0.1,30932,
4970,177280,-5.5,0.0,29.41,15,0.0,0.4667,0.1,30932,
4971,177280,-5.8,0.0,35.29,18,0.0556,0.4444,0.1,30932,
4972,177280,-6.1,0.0,21.57,11,0.1818,0.5455,0.1,30932,
4973,177280,6.4,1.0,35.71,15,0.2,0.6,0.1,30932,
4974,177344,9.4,1.0,42.11,8,0.375,0.125,0.1,30945,
4975,177408,-2.0,0.0,18.18,2,0.5,0.0,0.1,30962,
4976,177472,-2.1,0.0,40.0,4,0.0,0.5,0.1,30976,
4977,177472,-5.8,0.0,15.69,8,0.125,0.375,0.1,30976,
4978,177472,-5.0,0.0,19.61,10,0.2,0.6,0.1,30976,
4979,177536,-6.1,0.0,21.57,11,0.1818,0.2727,0.1,30985,
4980,177536,-3.1,0.0,41.18,7,0.0,0.4286,0.1,30985,
4981,177600,-2.5,0.0,28.57,4,0.0,0.25,0.1,31005,
4982,177664,-3.0,0.0,21.05,4,0.25,0.5,0.1,31018,
4983,177728,-4.8,0.0,15.69,8,0.0,0.375,0.1,31033,
4984,177728,-5.0,0.0,19.61,10,0.0,0.6,0.1,31033,
4985,177728,-3.4,0.0,27.59,8,0.0,0.625,0.1,31033,
4986,177792,-5.9,0.0,17.65,9,0.0,0.3333,0.1,31049,
4987,177792,-0.7,0.0,11.11,1,0.0,0.0,0.1,31049,
4988,177792,-5.7,0.0,13.73,7,0.1429,0.2857,0.1,31049,
4989,177856,-5.5,0.0,9.8,5,0.0,0.6,0.1,31067,
4990,177856,-6.2,0.0,23.53,12,0.25,0.4167,0.1,31067,
4991,177920,-6.3,0.0,25.49,13,0.0,0.3077,0.1,31091,
4992,177920,-5.4,0.0,17.5,7,0.0,0.5714,0.1,31091,
4993,177984,-6.2,0.0,23.53,12,0.0833,0.5833,0.1,31109,
4994,177984,-6.2,0.0,23.53,12,0.0,0.3333,0.1,31109,
4995,177984,-5.3,0.0,21.05,8,0.125,0.5,0.1,31109,
4996,177984,6.3,1.0,31.82,14,0.0714,0.5,0.1,31109,
4997,178048,-5.6,0.0,11.76,6,0.0,0.5,0.1,31120,
4998,178048,-1.1,0.0,16.67,2,0.5,0.5,0.1,31120,
4999,178176,8.5,1.0,28.57,8,0.125,0.75,0.1,31153,
5000,178176,-5.7,0.0,13.73,7,0.1429,0.7143,0.1,31153,
5001,178176,-5.9,0.0,37.25,19,0.0,0.5263,0.1,31153,
5002,178176,-1.6,0.0,12.5,1,0.0,0.0,0.1,31153,
5003,178240,-1.9,0.0,9.09,1,0.0,0.0,0.1,31171,
5004,178304,-5.9,0.0,17.65,9,0.0,0.6667,0.1,31189,
5005,178304,-1.6,0.0,18.75,3,0.0,0.0,0.1,31189,
5006,178304,-2.6,0.0,18.75,3,0.0,0.3333,0.1,31189,
5007,178304,6.1,1.0,46.34,19,0.0526,0.4211,0.1,31189,
5008,178368,-6.3,0.0,25.49,13,0.1538,0.4615,0.1,31202,
5009,178432,-2.8,0.0,31.25,5,0.2,0.4,0.1,31218,
5010,178432,8.7,1.0,30.77,8,0.375,0.75,0.1,31218,
5011,178432,-5.7,0.0,33.33,17,0.1176,0.4706,0.1,31218,
5012,178496,-6.1,0.0,21.57,11,0.0,0.5455,0.1,31231,
5013,178496,6.0,1.0,24.49,12,0.0833,0.4167,0.1,31231,
5014,178496,9.4,1.0,28.57,6,0.0,0.8333,0.1,31231,
5015,178560,11.5,1.0,50.0,2,0.5,1.0,0.1,31248,
5016,178624,-5.0,0.0,26.47,9,0.0,0.2222,0.1,31265,
5017,178624,9.2,1.0,31.82,7,0.1429,0.4286,0.1,31265,
5018,178624,-4.3,0.0,16.13,5,0.0,0.4,0.1,31265,
5019,178624,-5.0,0.0,19.61,10,0.0,0.9,0.1,31265,
5020,178688,-6.4,0.0,27.45,14,0.0714,0.5,0.1,31275,
5021,178752,-6.2,0.0,23.53,12,0.0,0.4167,0.1,31288,
5022,178752,9.2,1.0,45.0,9,0.2222,0.6667,0.1,31288,
5023,178752,-2.5,0.0,16.67,4,0.0,0.5,0.1,31288,
5024,178752,10.1,1.0,25.0,4,0.0,1.0,0.1,31288,
5025,178816,8.0,1.0,41.38,12,0.0833,0.5,0.1,31310,
5026,178816,-3.2,0.0,25.0,5,0.0,0.2,0.1,31310,
5027,178944,-6.0,0.0,19.61,10,0.2,0.6,0.1,31345,
5028,179008,-1.6,0.0,50.0,3,0.0,0.6667,0.1,31364,
5029,179008,-5.3,0.0,25.49,13,0.0769,0.4615,0.1,31364,
5030,179008,9.6,1.0,38.89,7,0.1429,0.7143,0.1,31364,
5031,179072,7.9,1.0,40.0,12,0.0,0.4167,0.1,31381,
5032,179072,-5.4,0.0,27.45,14,0.0714,0.6429,0.1,31381,
5033,179072,10.4,1.0,21.43,3,0.0,1.0,0.1,31381,
5034,179136,-6.2,0.0,23.53,12,0.0833,0.5833,0.1,31397,
5035,179136,-1.6,0.0,35.71,5,0.2,0.6,0.1,31397,
5036,179136,11.1,1.0,0.0,0,,,0.1,31397,
5037,179200,-5.9,0.0,17.65,9,0.0,0.5556,0.1,31411,
5038,179200,-3.5,0.0,21.74,5,0.2,0.0,0.1,31411,
5039,179264,6.7,1.0,28.57,12,0.0833,0.5,0.1,31429,
5040,179328,-6.6,0.0,25.53,12,0.0833,0.4167,0.1,31445,
5041,179392,8.3,1.0,18.75,6,0.0,0.5,0.1,31461,
5042,179392,-2.3,0.0,18.18,4,0.0,0.75,0.1,31461,
5043,179392,-2.5,0.0,28.57,4,0.0,0.0,0.1,31461,
5044,179456,-2.7,0.0,25.0,4,0.25,0.5,0.1,31480,
5045,179520,-5.2,0.0,28.57,10,0.0,0.6,0.1,31497,
5046,179584,-0.5,0.0,33.33,2,0.5,0.5,0.1,31514,
5047,179648,9.4,1.0,42.11,8,0.125,0.5,0.1,31532,
5048,179648,-3.3,0.0,13.04,3,0.0,0.3333,0.1,31532,
5049,179648,-2.9,0.0,37.5,6,0.0,0.3333,0.1,31532,
5050,179712,-5.8,0.0,35.29,18,0.1111,0.4444,0.1,31541,
5051,179712,-5.8,0.0,15.69,8,0.0,0.75,0.1,31541,
5052,179712,-2.5,0.0,20.0,3,0.0,0.3333,0.1,31541,
5053,179968,-2.9,0.0,15.79,3,0.0,0.0,0.1,31597,
5054,180032,-5.2,0.0,18.42,7,0.0,0.4286,0.1,31607,
5055,180032,-5.8,0.0,15.69,8,0.0,0.5,0.1,31607,
5056,180032,10.5,1.0,14.29,2,0.0,0.5,0.1,31607,
5057,180096,-4.8,0.0,28.12,9,0.1111,0.8889,0.1,31624,
5058,180160,11.1,1.0,25.0,2,0.5,1.0,0.1,31639,
5059,180224,-6.2,0.0,23.53,12,0.1667,0.4167,0.1,31656,
5060,180224,-2.7,0.0,25.0,4,0.25,0.5,0.1,31656,
5061,180224,-4.2,0.0,21.62,8,0.0,0.375,0.1,31656,
5062,180288,-0.7,0.0,11.11,1,0.0,0.0,0.1,31672,
5063,180288,-5.2,0.0,23.53,12,0.0,0.5833,0.1,31672,
5064,180288,9.9,1.0,37.5,6,0.0,0.6667,0.1,31672,
5065,180352,-2.9,0.0,37.5,6,0.0,0.3333,0.1,31683,
5066,180352,-5.7,0.0,13.73,7,0.0,0.5714,0.1,31683,
5067,180352,-6.2,0.0,23.53,12,0.0,0.5,0.1,31683,
5068,180416,-4.3,0.0,28.57,8,0.125,0.5,0.1,31701,
5069,180480,-5.6,0.0,31.37,16,0.0625,0.4375,0.1,31718,
5070,180544,-6.1,0.0,21.57,11,0.0909,0.5455,0.1,31733,
5071,180544,-1.8,0.0,22.22,2,0.5,0.0,0.1,31733,
5072,180608,6.5,1.0,27.27,12,0.0833,0.5,0.1,31754,
5073,180608,-2.8,0.0,40.0,6,0.0,0.1667,0.1,31754,
5074,180608,-1.8,0.0,10.53,2,0.0,0.5,0.1,31754,
5075,180736,-6.3,0.0,25.49,13,0.0769,0.6923,0.1,31782,
5076,180736,-6.8,0.0,35.29,18,0.2222,0.4444,0.1,31782,
5077,180864,-4.0,0.0,22.22,6,0.0,0.3333,0.1,31824,
5078,180864,9.4,1.0,17.39,4,0.0,1.0,0.1,31824,
5079,180864,-5.5,0.0,14.29,6,0.3333,0.5,0.1,31824,
5080,180864,-6.9,0.0,29.17,14,0.1429,0.7143,0.1,31824,
5081,180864,-2.8,0.0,16.67,3,0.0,0.6667,0.1,31824,
5082,180928,-1.8,0.0,22.22,2,0.5,0.5,0.1,31838,
5083,180992,-5.7,0.0,13.73,7,0.0,0.5714,0.1,31854,
5084,180992,10.6,1.0,36.36,4,0.0,0.5,0.1,31854,
5085,181056,-6.1,0.0,21.57,11,0.1818,0.4545,0.1,31870,
5086,181056,-2.7,0.0,33.33,5,0.0,0.4,0.1,31870,
5087,181120,-2.7,0.0,30.43,7,0.0,0.7143,0.1,31885,
5088,181184,-4.9,0.0,17.65,9,0.0,0.4444,0.1,31904,
5089,181184,-5.5,0.0,29.41,15,0.2,0.4,0.1,31904,
5090,181184,5.4,1.0,34.0,17,0.0588,0.7647,0.1,31904,
5091,181248,-5.8,0.0,15.69,8,0.125,0.625,0.1,31924,
5092,181248,-1.4,0.0,21.43,3,0.0,0.6667,0.1,31924,
5093,181248,-3.6,0.0,20.83,5,0.0,0.4,0.1,31924,
5094,181248,-5.3,0.0,25.49,13,0.0,0.5385,0.1,31924,
5095,181312,-5.7,0.0,33.33,17,0.1176,0.4706,0.1,31942,
5096,181312,-6.0,0.0,32.5,13,0.0769,0.3846,0.1,31942,
5097,181376,-1.8,0.0,37.5,3,0.3333,0.6667,0.1,31961,
5098,181376,-4.9,0.0,13.51,5,0.4,0.2,0.1,31961,
5099,181440,-5.2,0.0,23.53,12,0.25,0.3333,0.1,31980,
5100,181504,-3.1,0.0,20.0,4,0.0,0.25,0.1,31999,
5101,181568,-6.0,0.0,19.61,10,0.0,0.6,0.1,32017,
5102,181568,-5.6,0.0,31.37,16,0.0625,0.4375,0.1,32017,
5103,181568,-6.5,0.0,29.41,15,0.1333,0.3333,0.1,32017,
5104,181632,-5.2,0.0,23.53,12,0.0,0.25,0.1,32030,
5105,181696,-6.3,0.0,25.49,13,0.0769,0.3077,0.1,32053,
5106,181696,-7.7,0.0,45.83,22,0.0909,0.3182,0.1,32053,
5107,181760,-1.8,0.0,50.0,7,0.1429,0.2857,0.1,32072,
5108,181760,-5.7,0.0,13.73,7,0.0,0.7143,0.1,32072,
5109,181760,-2.5,0.0,21.74,5,0.0,0.2,0.1,32072,
5110,181824,-5.2,0.0,23.53,12,0.0,0.4167,0.1,32097,
5111,181952,-5.2,0.0,23.53,12,0.1667,0.4167,0.1,32145,
5112,181952,-2.3,0.0,45.45,5,0.0,0.2,0.1,32145,
5113,181952,-2.6,0.0,18.75,3,0.0,0.3333,0.1,32145,
5114,181952,6.4,1.0,26.67,12,0.0833,0.4167,0.1,32145,
5115,181952,-6.8,0.0,35.56,16,0.0625,0.1875,0.1,32145,
5116,182016,-1.6,0.0,28.57,2,0.0,0.0,0.1,32159,
5117,182016,-4.6,0.0,11.76,6,0.3333,0.3333,0.1,32159,
5118,182016,10.9,1.0,50.0,4,0.0,1.0,0.1,32159,
5119,182080,-3.8,0.0,47.62,10,0.0,0.8,0.1,32185,
5120,182080,9.7,1.0,71.43,10,0.0,0.7,0.1,32185,
5121,182080,-6.4,0.0,27.45,14,0.0,0.3571,0.1,32185,
5122,182080,-6.0,0.0,19.61,10,0.1,0.7,0.1,32185,
5123,182144,11.1,1.0,42.86,3,0.0,0.3333,0.1,32203,
5124,182144,-5.5,0.0,20.0,8,0.125,0.25,0.1,32203,
5125,182144,-1.4,0.0,40.0,2,0.5,0.5,0.1,32203,
5126,182144,-2.0,0.0,62.5,5,0.2,0.6,0.1,32203,
5127,182208,-3.6,0.0,38.1,8,0.125,0.625,0.1,32223,
5128,182208,-5.1,0.0,21.57,11,0.0,0.3636,0.1,32223,
5129,182208,10.0,1.0,40.0,6,0.0,0.5,0.1,32223,
5130,182272,-6.2,0.0,23.53,12,0.0833,0.3333,0.1,32242,
5131,182272,-6.2,0.0,23.53,12,0.0833,0.3333,0.1,32242,
5132,182336,11.5,1.0,50.0,2,0.5,1.0,0.1,32255,
5133,182336,-5.7,0.0,33.33,17,0.1765,0.4706,0.1,32255,
5134,182336,11.6,1.0,25.0,1,0.0,1.0,0.1,32255,
5135,182400,-6.0,0.0,19.61,10,0.1,0.5,0.1,32277,
5136,182464,-0.6,0.0,28.57,2,0.0,0.5,0.1,32295,
5137,182528,-1.5,0.0,33.33,2,0.0,0.0,0.1,32311,
5138,182592,-3.4,0.0,28.57,6,0.0,0.6667,0.1,32323,
5139,182656,10.4,1.0,54.55,6,0.0,0.5,0.1,32341,
5140,182656,-2.0,0.0,18.18,2,0.0,0.5,0.1,32341,
5141,182656,-6.2,0.0,23.53,12,0.0,0.25,0.1,32341,
5142,182720,-6.7,0.0,33.33,17,0.0588,0.3529,0.1,32358,
5143,182720,9.2,1.0,26.09,6,0.1667,0.3333,0.1,32358,
5144,182720,-2.6,0.0,26.67,4,0.0,0.75,0.1,32358,
5145,182784,-6.5,0.0,29.41,15,0.0,0.6667,0.1,32377,
5146,182784,-6.4,0.0,32.56,14,0.1429,0.4286,0.1,32377,
5147,182848,-2.3,0.0,30.0,6,0.0,0.5,0.1,32398,
5148,182848,9.1,1.0,25.0,6,0.1667,1.0,0.1,32398,
5149,182848,-2.7,0.0,42.86,6,0.1667,0.5,0.1,32398,
5150,183040,7.7,1.0,29.41,10,0.0,0.5,0.1,32444,
5151,183040,10.5,1.0,14.29,2,0.5,0.5,0.1,32444,
5152,183104,-6.2,0.0,19.57,9,0.0,0.4444,0.1,32461,
5153,183104,-5.1,0.0,33.33,11,0.0,0.5455,0.1,32461,
5154,183104,-1.9,0.0,9.09,1,0.0,0.0,0.1,32461,
5155,183168,-3.5,0.0,27.27,6,0.0,0.5,0.1,32485,
5156,183168,-1.8,0.0,10.0,1,0.0,0.0,0.1,32485,
5157,183232,5.7,1.0,36.17,17,0.1176,0.4118,0.1,32501,
5158,183232,-3.4,0.0,17.39,4,0.0,0.75,0.1,32501,
5159,183296,6.6,1.0,37.5,15,0.0667,0.5333,0.1,32524,
5160,183296,-5.8,0.0,35.29,18,0.1111,0.6111,0.1,32524,
5161,183296,5.7,1.0,39.13,18,0.1111,0.4444,0.1,32524,
5162,183296,-4.7,0.0,21.21,7,0.2857,0.2857,0.1,32524,
5163,183296,-5.0,0.0,19.61,10,0.0,0.5,0.1,32524,
5164,183424,-3.0,0.0,9.52,2,0.0,0.5,0.1,32558,
5165,183424,9.5,1.0,36.84,7,0.1429,0.7143,0.1,32558,
5166,183488,-4.8,0.0,24.24,8,0.0,0.25,0.1,32581,
5167,183488,-4.9,0.0,17.65,9,0.0,0.4444,0.1,32581,
5168,183488,-2.4,0.0,41.67,5,0.2,0.2,0.1,32581,
5169,183552,-5.7,0.0,33.33,17,0.0588,0.5882,0.1,32601,
5170,183616,-1.8,0.0,37.5,3,0.0,0.0,0.1,32622,
5171,183680,-6.3,0.0,25.49,13,0.0,0.5385,0.1,32641,
5172,183744,-6.3,0.0,29.41,15,0.0667,0.2667,0.1,32660,
5173,183808,-6.4,0.0,32.56,14,0.0,0.5,0.1,32678,
5174,183808,-6.3,0.0,33.33,14,0.0,0.3571,0.1,32678,
5175,183808,-7.1,0.0,41.18,21,0.0952,0.5238,0.1,32678,
5176,183808,-5.7,0.0,33.33,17,0.2941,0.5294,0.1,32678,
5177,183872,-2.2,0.0,36.36,4,0.0,0.25,0.1,32698,
5178,183872,-2.6,0.0,18.75,3,0.0,0.6667,0.1,32698,
5179,183872,-5.8,0.0,35.29,18,0.1667,0.4444,0.1,32698,
5180,183872,-6.0,0.0,39.22,20,0.05,0.35,0.1,32698,
5181,183872,-1.2,0.0,25.0,1,0.0,0.0,0.1,32698,
5182,183872,-5.5,0.0,9.8,5,0.0,0.6,0.1,32698,
5183,183872,-3.1,0.0,26.32,5,0.0,0.0,0.1,32698,
5184,183872,-1.6,0.0,28.57,2,0.0,0.5,0.1,32698,
5185,183936,-3.5,0.0,12.0,3,0.0,0.6667,0.1,32712,
5186,184000,-2.8,0.0,40.91,9,0.1111,0.5556,0.1,32732,
5187,184128,-3.2,0.0,25.0,5,0.0,0.8,0.1,32770,
5188,184128,-6.2,0.0,23.53,12,0.0833,0.3333,0.1,32770,
5189,184128,-4.3,0.0,28.57,8,0.125,0.375,0.1,32770,
5190,184192,9.3,1.0,27.27,6,0.0,0.8333,0.1,32787,
5191,184192,-3.0,0.0,27.78,5,0.2,0.2,0.1,32787,
5192,184256,9.3,1.0,27.27,6,0.0,0.8333,0.1,32801,
5193,184256,-5.4,0.0,27.45,14,0.1429,0.6429,0.1,32801,
5194,184320,-5.2,0.0,23.53,12,0.1667,0.5,0.1,32820,
5195,184384,-1.9,0.0,33.33,3,0.6667,0.3333,0.1,32840,
5196,184384,-3.7,0.0,20.0,5,0.2,0.4,0.1,32840,
5197,184384,9.0,1.0,55.0,11,0.1818,0.4545,0.1,32840,
5198,184448,-6.6,0.0,31.37,16,0.0625,0.5,0.1,32850,
5199,184576,11.0,1.0,83.33,5,0.0,1.0,0.1,32879,
5200,184576,-5.2,0.0,23.53,12,0.1667,0.4167,0.1,32879,
5201,184640,-6.4,0.0,27.45,14,0.0714,0.5,0.1,32890,
5202,184704,-6.0,0.0,19.61,10,0.1,0.2,0.1,32907,
5203,184832,-2.6,0.0,26.67,4,0.0,0.0,0.1,32948,
5204,184832,-6.0,0.0,17.78,8,0.0,0.375,0.1,32948,
5205,184832,-6.1,0.0,41.18,21,0.0,0.5238,0.1,32948,
5206,184832,11.1,1.0,42.86,3,0.0,1.0,0.1,32948,
5207,184896,-5.2,0.0,32.35,11,0.0909,0.2727,0.1,32967,
5208,184896,-3.6,0.0,11.54,3,0.0,0.6667,0.1,32967,
5209,184960,-6.2,0.0,23.53,12,0.0833,0.6667,0.1,32990,
5210,185152,-2.8,0.0,31.25,5,0.4,0.0,0.1,33049,
5211,185216,8.0,1.0,36.67,11,0.1818,0.2727,0.1,33074,
5212,185216,-1.9,0.0,33.33,3,0.0,0.0,0.1,33074,
5213,185216,-6.0,0.0,19.61,10,0.2,0.4,0.1,33074,
5214,185280,-7.1,0.0,41.18,21,0.0952,0.381,0.1,33091,
5215,185280,-5.2,0.0,23.53,12,0.0,0.5833,0.1,33091,
5216,185344,-5.1,0.0,31.71,13,0.0769,0.4615,0.1,33109,
5217,185344,-6.1,0.0,41.18,21,0.0952,0.4286,0.1,33109,
5218,185408,-5.0,0.0,19.61,10,0.2,0.4,0.1,33123,
5219,185408,-5.6,0.0,31.37,16,0.1875,0.4375,0.1,33123,
5220,185472,-5.8,0.0,35.29,18,0.1111,0.5,0.1,33142,
5221,185472,-6.7,0.0,33.33,17,0.1176,0.4118,0.1,33142,
5222,185472,-5.3,0.0,35.29,12,0.0833,0.4167,0.1,33142,
5223,185536,-5.2,0.0,23.53,12,0.0833,0.5833,0.1,33155,
5224,185536,-6.1,0.0,21.57,11,0.0,0.4545,0.1,33155,
5225,185536,7.4,1.0,34.29,12,0.0833,0.5833,0.1,33155,
5226,185600,-4.7,0.0,17.65,6,0.0,0.6667,0.1,33177,
5227,185600,-3.1,0.0,26.32,5,0.2,0.4,0.1,33177,
5228,185600,-6.2,0.0,43.14,22,0.0,0.4091,0.1,33177,
5229,185664,8.5,1.0,24.14,7,0.0,0.4286,0.1,33198,
5230,185728,-5.1,0.0,21.57,11,0.0,0.5455,0.1,33211,
5231,185728,-3.7,0.0,42.86,9,0.3333,0.3333,0.1,33211,
5232,185728,-4.2,0.0,25.0,7,0.1429,0.5714,0.1,33211,
5233,185728,-2.3,0.0,23.08,3,0.3333,0.6667,0.1,33211,
5234,185792,-5.1,0.0,25.71,9,0.0,0.5556,0.1,33237,
5235,185856,8.6,1.0,75.0,15,0.0,0.4667,0.1,33253,
5236,185920,-6.8,0.0,35.29,18,0.0556,0.3889,0.1,33273,
5237,185920,-3.0,0.0,35.29,6,0.0,0.1667,0.1,33273,
5238,185920,-6.1,0.0,21.57,11,0.0909,0.4545,0.1,33273,
5239,185984,-1.5,0.0,33.33,2,0.5,0.5,0.1,33297,
5240,185984,-0.7,0.0,25.0,2,0.0,0.5,0.1,33297,
5241,185984,-6.3,0.0,27.27,12,0.0833,0.5833,0.1,33297,
5242,186048,-3.3,0.0,36.84,7,0.1429,0.2857,0.1,33321,
5243,186112,-3.3,0.0,30.0,6,0.0,0.1667,0.1,33334,
5244,186112,7.6,1.0,28.57,10,0.0,0.6,0.1,33334,
5245,186176,-4.0,0.0,43.48,10,0.0,0.5,0.1,33354,
5246,186176,-3.2,0.0,25.0,5,0.0,0.6,0.1,33354,
5247,186176,-4.7,0.0,35.14,13,0.0769,0.1538,0.1,33354,
5248,186176,11.1,1.0,42.86,3,0.0,1.0,0.1,33354,
5249,186176,-1.0,0.0,30.0,3,0.0,0.3333,0.1,33354,
5250,186240,-5.3,0.0,21.05,8,0.25,0.625,0.1,33369,
5251,186240,-1.3,0.0,20.0,1,0.0,0.0,0.1,33369,
5252,186240,-4.1,0.0,30.77,8,0.0,0.625,0.1,33369,
5253,186304,-2.1,0.0,16.67,2,0.0,0.5,0.1,33383,
5254,186304,-1.4,0.0,40.0,2,0.0,0.5,0.1,33383,
5255,186304,-6.6,0.0,31.37,16,0.125,0.5,0.1,33383,
5256,186368,-2.9,0.0,46.67,7,0.0,0.2857,0.1,33395,
5257,186368,-2.2,0.0,50.0,5,0.0,0.6,0.1,33395,
5258,186368,-5.7,0.0,28.21,11,0.0909,0.4545,0.1,33395,
5259,186368,-6.4,0.0,27.45,14,0.0,0.3571,0.1,33395,
5260,186432,-2.1,0.0,16.67,2,0.0,0.0,0.1,33417,
5261,186432,-0.8,0.0,37.5,3,0.0,0.3333,0.1,33417,
5262,186432,-1.8,0.0,16.67,3,0.0,0.3333,0.1,33417,
5263,186432,5.5,1.0,34.69,17,0.0588,0.7059,0.1,33417,
5264,186496,-5.8,0.0,15.69,8,0.0,0.875,0.1,33434,
5265,186560,-5.4,0.0,27.45,14,0.1429,0.4286,0.1,33446,
5266,186688,-1.9,0.0,33.33,3,0.0,0.6667,0.1,33482,
5267,186688,-4.7,0.0,14.29,5,0.2,0.0,0.1,33482,
5268,186752,-6.4,0.0,27.45,14,0.0714,0.5714,0.1,33499,
5269,186752,-6.4,0.0,27.45,14,0.0714,0.7143,0.1,33499,
5270,186752,-6.2,0.0,23.53,12,0.0,0.75,0.1,33499,
5271,186816,6.8,1.0,32.5,13,0.1538,0.4615,0.1,33518,
5272,186880,-3.2,0.0,40.0,10,0.0,0.3,0.1,33536,
5273,186944,-6.3,0.0,25.49,13,0.0769,0.4615,0.1,33551,
5274,187008,-5.6,0.0,11.76,6,0.0,0.6667,0.1,33568,
5275,187008,-2.4,0.0,30.77,4,0.25,0.5,0.1,33568,
5276,187008,10.8,1.0,30.0,3,0.3333,1.0,0.1,33568,
5277,187072,-2.3,0.0,36.84,7,0.1429,0.2857,0.1,33587,
5278,187072,6.5,1.0,12.0,6,0.0,0.5,0.1,33587,
5279,187072,-3.1,0.0,33.33,6,0.0,0.3333,0.1,33587,
5280,187072,9.9,1.0,29.41,5,0.0,0.6,0.1,33587,
5281,187072,-1.7,0.0,17.65,3,0.0,0.3333,0.1,33587,
5282,187136,-5.2,0.0,23.53,12,0.0,0.5833,0.1,33600,
5283,187136,-2.3,0.0,6.67,1,0.0,0.0,0.1,33600,
5284,187136,-4.1,0.0,41.67,10,0.0,0.5,0.1,33600,
5285,187136,-6.1,0.0,21.57,11,0.0909,0.3636,0.1,33600,
5286,187136,-6.8,0.0,35.29,18,0.0,0.2778,0.1,33600,
5287,187136,-6.2,0.0,23.53,12,0.0833,0.5,0.1,33600,
5288,187200,-4.3,0.0,33.33,9,0.0,0.3333,0.1,33618,
5289,187200,-1.5,0.0,20.0,3,0.3333,0.0,0.1,33618,
5290,187264,10.3,1.0,38.46,5,0.0,0.8,0.1,33630,
5291,187264,-6.1,0.0,41.18,21,0.0476,0.7143,0.1,33630,
5292,187392,-6.9,0.0,37.25,19,0.1579,0.4737,0.1,33660,
5293,187392,-7.8,0.0,42.0,21,0.0,0.381,0.1,33660,
5294,187392,-4.9,0.0,20.0,7,0.1429,0.5714,0.1,33660,
5295,187392,-5.8,0.0,35.29,18,0.0556,0.7222,0.1,33660,
5296,187456,-4.6,0.0,21.88,7,0.0,0.4286,0.1,33678,
5297,187520,-1.3,0.0,6.67,1,0.0,0.0,0.1,33699,
5298,187520,-5.7,0.0,13.73,7,0.0,0.2857,0.1,33699,
5299,187584,-1.9,0.0,50.0,4,0.5,0.25,0.1,33717,
5300,187584,-5.1,0.0,21.57,11,0.0,0.3636,0.1,33717,
5301,187648,-3.6,0.0,31.82,7,0.0,0.5714,0.1,33734,
5302,187712,-1.9,0.0,20.0,2,0.0,0.0,0.1,33753,
5303,187712,11.5,1.0,50.0,2,0.0,1.0,0.1,33753,
5304,187776,-2.2,0.0,25.0,3,0.0,0.3333,0.1,33769,
5305,187840,-2.6,0.0,26.67,4,0.25,0.25,0.1,33787,
5306,187840,-3.3,0.0,18.18,4,0.25,0.25,0.1,33787,
5307,187840,-2.1,0.0,40.0,4,0.0,0.25,0.1,33787,
5308,187840,-5.2,0.0,15.38,6,0.1667,0.1667,0.1,33787,
5309,188096,9.0,1.0,47.62,10,0.0,0.7,0.1,33864,
5310,188096,-5.1,0.0,21.57,11,0.0,0.4545,0.1,33864,
5311,188224,-5.9,0.0,37.25,19,0.1579,0.4737,0.1,33903,
5312,188224,-1.4,0.0,16.67,1,0.0,0.0,0.1,33903,
5313,188288,9.8,1.0,21.05,4,0.0,0.25,0.1,33916,
5314,188480,-5.6,0.0,31.37,16,0.0,0.5,0.1,33981,
5315,188480,-5.7,0.0,33.33,17,0.1176,0.5294,0.1,33981,
5316,188480,-5.6,0.0,11.76,6,0.5,0.3333,0.1,33981,
5317,188480,-5.9,0.0,6.12,3,0.0,0.0,0.1,33981,
5318,188544,-4.0,0.0,30.3,10,0.0,0.3,0.1,33996,
5319,188672,9.5,1.0,30.0,6,0.1667,0.6667,0.1,34029,
5320,188672,-1.6,0.0,28.57,2,0.5,0.0,0.1,34029,
5321,188736,-6.3,0.0,45.1,23,0.0,0.5652,0.1,34058,
5322,188800,-6.0,0.0,19.61,10,0.0,0.5,0.1,34075,
5323,188800,-3.1,0.0,26.32,5,0.4,0.4,0.1,34075,
5324,188864,-6.0,0.0,20.45,9,0.2222,0.3333,0.1,34090,
5325,188864,-5.9,0.0,17.65,9,0.1111,0.3333,0.1,34090,
5326,188928,-3.1,0.0,26.32,5,0.0,0.4,0.1,34104,
5327,188992,-6.3,0.0,45.1,23,0.0435,0.4783,0.1,34119,
5328,188992,-3.5,0.0,21.74,5,0.0,0.4,0.1,34119,
5329,188992,-5.2,0.0,23.53,12,0.0833,0.75,0.1,34119,
5330,189056,-6.6,0.0,31.37,16,0.0,0.6875,0.1,34136,
5331,189056,-4.5,0.0,46.15,12,0.1667,0.4167,0.1,34136,
5332,189056,10.9,1.0,50.0,4,0.25,0.75,0.1,34136,
5333,189056,-2.7,0.0,33.33,5,0.2,0.4,0.1,34136,
5334,189120,-1.5,0.0,14.29,1,0.0,0.0,0.1,34153,
5335,189120,-5.6,0.0,25.53,12,0.0,0.4167,0.1,34153,
5336,189120,-2.5,0.0,40.0,8,0.0,0.375,0.1,34153,
5337,189184,-6.6,0.0,25.53,12,0.0,0.5,0.1,34168,
5338,189312,-2.6,0.0,3.57,1,0.0,0.0,0.1,34206,
5339,189312,8.5,1.0,38.46,10,0.0,0.4,0.1,34206,
5340,189312,-0.2,0.0,25.0,1,0.0,0.0,0.1,34206,
5341,189376,-3.2,0.0,25.0,5,0.0,0.2,0.1,34222,
5342,189376,-4.7,0.0,14.29,5,0.2,0.2,0.1,34222,
5343,189440,-6.1,0.0,21.57,11,0.0909,0.1818,0.1,34240,
5344,189440,10.7,1.0,55.56,5,0.0,0.6,0.1,34240,
5345,189440,-6.1,0.0,41.18,21,0.0476,0.6667,0.1,34240,
5346,189440,-3.4,0.0,15.62,5,0.0,0.8,0.1,34240,
5347,189504,-5.9,0.0,37.25,19,0.1053,0.7895,0.1,34262,
5348,189504,-5.0,0.0,22.86,8,0.125,0.5,0.1,34262,
5349,189504,5.4,1.0,34.0,17,0.0588,0.4118,0.1,34262,
5350,189568,-6.4,0.0,27.45,14,0.0714,0.3571,0.1,34285,
5351,189568,-4.0,0.0,22.22,6,0.0,0.6667,0.1,34285,
5352,189568,-5.5,0.0,26.32,10,0.2,0.2,0.1,34285,
5353,189568,-6.0,0.0,19.61,10,0.0,0.3,0.1,34285,
5354,189632,-6.1,0.0,21.57,11,0.0,0.5455,0.1,34297,
5355,189632,-6.6,0.0,31.37,16,0.0,0.375,0.1,34297,
5356,189632,-5.7,0.0,33.33,17,0.0588,0.2941,0.1,34297,
5357,189632,-3.0,0.0,27.78,5,0.2,0.6,0.1,34297,
5358,189696,-3.0,0.0,21.05,4,0.0,0.5,0.1,34315,
5359,189696,-1.9,0.0,20.0,2,0.5,0.5,0.1,34315,
5360,189696,-5.7,0.0,33.33,17,0.1176,0.2353,0.1,34315,
5361,189760,-5.5,0.0,29.41,15,0.1333,0.4,0.1,34340,
5362,189760,9.0,1.0,29.17,7,0.0,0.2857,0.1,34340,
5363,189760,-2.5,0.0,21.74,5,0.2,0.0,0.1,34340,
5364,189824,9.8,1.0,35.29,6,0.0,0.8333,0.1,34363,
5365,189824,10.6,1.0,36.36,4,0.25,0.5,0.1,34363,
5366,189888,-6.1,0.0,25.58,11,0.0909,0.6364,0.1,34381,
5367,189952,-6.0,0.0,19.61,10,0.1,0.3,0.1,34397,
5368,189952,-6.0,0.0,39.22,20,0.05,0.45,0.1,34397,
5369,190016,-6.5,0.0,29.41,15,0.0,0.3333,0.1,34414,
5370,190016,-1.8,0.0,31.25,5,0.0,0.4,0.1,34414,
5371,190016,-5.3,0.0,25.49,13,0.0769,0.6154,0.1,34414,
5372,190080,10.4,1.0,54.55,6,0.0,0.5,0.1,34434,
5373,190080,-6.2,0.0,23.53,12,0.25,0.5,0.1,34434,
5374,190080,9.6,1.0,31.58,6,0.5,0.5,0.1,34434,
5375,190144,9.7,1.0,50.0,8,0.25,0.875,0.1,34456,
5376,190144,-2.5,0.0,38.46,5,0.0,0.0,0.1,34456,
5377,190208,-5.3,0.0,25.49,13,0.0,0.5385,0.1,34477,
5378,190272,-2.3,0.0,33.33,4,0.0,0.25,0.1,34497,
5379,190272,-5.5,0.0,29.41,15,0.1333,0.3333,0.1,34497,
5380,190272,-6.5,0.0,38.1,16,0.0625,0.5,0.1,34497,
5381,190272,-6.7,0.0,33.33,17,0.1176,0.5882,0.1,34497,
5382,190336,-6.2,0.0,23.53,12,0.25,0.75,0.1,34519,
5383,190336,-0.8,0.0,37.5,3,0.0,0.6667,0.1,34519,
5384,190336,-4.9,0.0,17.65,9,0.0,0.6667,0.1,34519,
5385,190400,-6.5,0.0,29.41,15,0.2,0.3333,0.1,34539,
5386,190400,-6.2,0.0,43.14,22,0.0455,0.4545,0.1,34539,
5387,190400,-2.2,0.0,25.0,3,0.3333,0.6667,0.1,34539,
5388,190400,-5.7,0.0,33.33,17,0.2353,0.5294,0.1,34539,
5389,190464,-6.5,0.0,29.41,15,0.1333,0.4,0.1,34563,
5390,190528,9.8,1.0,53.33,8,0.0,0.875,0.1,34581,
5391,190528,-5.4,0.0,27.45,14,0.0714,0.5714,0.1,34581,
5392,190592,11.4,1.0,40.0,2,0.0,1.0,0.1,34601,
5393,190656,-4.6,0.0,25.81,8,0.125,0.375,0.1,34621,
5394,190656,-5.7,0.0,13.73,7,0.0,0.7143,0.1,34621,
5395,190656,-3.0,0.0,21.05,4,0.0,0.25,0.1,34621,
5396,190720,-2.5,0.0,28.57,4,0.0,0.25,0.1,34638,
5397,190720,-4.2,0.0,34.62,9,0.1111,0.4444,0.1,34638,
5398,190720,11.4,1.0,75.0,3,0.6667,0.6667,0.1,34638,
5399,190784,-2.0,0.0,44.44,4,0.25,0.0,0.1,34657,
5400,190848,-1.6,0.0,28.57,2,0.0,0.0,0.1,34675,
5401,190848,-4.4,0.0,15.62,5,0.0,0.6,0.1,34675,
5402,190848,-1.9,0.0,33.33,3,0.0,0.0,0.1,34675,
5403,190912,-4.3,0.0,24.14,7,0.0,0.2857,0.1,34700,
5404,190976,-5.8,0.0,15.69,8,0.0,0.0,0.1,34713,
5405,191040,-3.1,0.0,14.29,3,0.0,0.0,0.1,34731,
5406,191040,-7.5,0.0,33.33,17,0.1176,0.1765,0.1,34731,
5407,191104,10.2,1.0,26.67,4,0.0,0.5,0.1,34749,
5408,191104,-4.2,0.0,25.0,7,0.0,0.4286,0.1,34749,
5409,191104,-1.9,0.0,33.33,3,0.0,0.0,0.1,34749,
5410,191104,-5.8,0.0,35.29,18,0.0,0.3889,0.1,34749,
5411,191232,-1.1,0.0,40.0,4,0.0,0.25,0.1,34790,
5412,191296,-3.4,0.0,23.33,7,0.0,0.1429,0.1,34808,
5413,191296,-2.5,0.0,28.57,4,0.0,0.25,0.1,34808,
5414,191296,-2.7,0.0,50.0,10,0.1,0.2,0.1,34808,
5415,191360,-0.3,0.0,50.0,2,0.0,0.5,0.1,34825,
5416,191360,-4.9,0.0,44.83,13,0.0769,0.5385,0.1,34825,
5417,191424,8.3,1.0,46.15,12,0.0833,0.4167,0.1,34840,
5418,191424,10.5,1.0,45.45,5,0.2,0.8,0.1,34840,
5419,191424,10.1,1.0,66.67,8,0.0,0.25,0.1,34840,
5420,191488,-3.7,0.0,42.86,9,0.0,0.4444,0.1,34862,
5421,191488,9.0,1.0,40.91,9,0.0,0.5556,0.1,34862,
5422,191488,-3.8,0.0,28.12,9,0.1111,0.6667,0.1,34862,
5423,191488,-4.0,0.0,22.22,6,0.0,0.5,0.1,34862,
5424,191616,5.2,1.0,40.82,20,0.05,0.5,0.1,34901,
5425,191680,-3.5,0.0,40.0,8,0.0,0.375,0.1,34921,
5426,191680,7.6,1.0,45.16,14,0.2143,0.6429,0.1,34921,
5427,191680,-5.8,0.0,27.5,11,0.0909,0.3636,0.1,34921,
5428,191744,-5.4,0.0,27.45,14,0.0714,0.5,0.1,34943,
5429,191808,9.5,1.0,52.94,9,0.1111,0.3333,0.1,34959,
5430,191808,-5.1,0.0,38.46,15,0.1333,0.4667,0.1,34959,
5431,191808,-1.8,0.0,37.5,3,0.6667,0.6667,0.1,34959,
5432,192000,-2.3,0.0,6.67,1,0.0,0.0,0.1,35016,
5433,192000,-1.9,0.0,20.0,2,0.5,0.5,0.1,35016,
5434,192064,-3.0,0.0,35.29,6,0.1667,0.3333,0.1,35029,
5435,192064,-2.9,0.0,37.5,6,0.0,0.3333,0.1,35029,
5436,192064,-6.3,0.0,25.49,13,0.0769,0.3846,0.1,35029,
5437,192192,-6.1,0.0,21.57,11,0.0909,0.6364,0.1,35070,
5438,192192,-3.9,0.0,27.27,9,0.0,0.4444,0.1,35070,
5439,192192,-5.9,0.0,20.93,9,0.2222,0.3333,0.1,35070,
5440,192256,10.1,1.0,33.33,5,0.0,0.6,0.1,35092,
5441,192256,-5.6,0.0,31.37,16,0.125,0.4375,0.1,35092,
5442,192256,5.3,1.0,33.33,17,0.0588,0.5882,0.1,35092,
5443,192320,9.3,1.0,47.37,9,0.1111,0.4444,0.1,35114,
5444,192384,-1.6,0.0,26.67,4,0.25,0.25,0.1,35136,
5445,192448,-5.2,0.0,23.53,12,0.0833,0.5833,0.1,35152,
5446,192448,-4.3,0.0,33.33,9,0.0,0.4444,0.1,35152,
5447,192448,10.2,1.0,26.67,4,0.0,0.5,0.1,35152,
5448,192576,-1.1,0.0,33.33,1,0.0,0.0,0.1,35181,
5449,192704,-5.7,0.0,33.33,17,0.0588,0.6471,0.1,35215,
5450,192768,5.8,1.0,23.53,12,0.1667,0.75,0.1,35229,
5451,192768,-6.2,0.0,10.0,5,0.0,0.2,0.1,35229,
5452,192768,-3.7,0.0,25.0,6,0.0,0.3333,0.1,35229,
5453,192768,-4.2,0.0,16.67,5,0.0,0.6,0.1,35229,
5454,192768,-3.6,0.0,45.0,9,0.0,0.5556,0.1,35229,
5455,192832,-6.2,0.0,43.14,22,0.0455,0.5455,0.1,35253,
5456,192832,-4.9,0.0,16.67,6,0.0,0.6667,0.1,35253,
5457,192832,-5.1,0.0,21.57,11,0.1818,0.6364,0.1,35253,
5458,192832,-6.7,0.0,20.0,10,0.1,0.4,0.1,35253,
5459,192896,-2.2,0.0,36.36,4,0.0,0.25,0.1,35269,
5460,192896,-6.7,0.0,27.66,13,0.0769,0.6154,0.1,35269,
5461,192896,-5.2,0.0,23.53,12,0.1667,0.5,0.1,35269,
5462,192896,-5.3,0.0,25.49,13,0.2308,0.3846,0.1,35269,
5463,192896,7.0,1.0,27.5,11,0.0909,0.3636,0.1,35269,
5464,192960,11.1,1.0,25.0,2,0.0,0.5,0.1,35293,
5465,192960,-6.4,0.0,27.45,14,0.0714,0.6429,0.1,35293,
5466,192960,-1.3,0.0,33.33,4,0.0,0.25,0.1,35293,
5467,193024,6.3,1.0,23.4,11,0.0909,0.6364,0.1,35311,
5468,193024,10.0,1.0,40.0,6,0.3333,0.8333,0.1,35311,
5469,193024,-6.1,0.0,21.57,11,0.0909,0.2727,0.1,35311,
5470,193088,-3.1,0.0,20.0,4,0.0,0.25,0.1,35328,
5471,193152,8.4,1.0,27.59,8,0.0,0.625,0.1,35345,
5472,193216,-4.3,0.0,33.33,9,0.0,0.1111,0.1,35363,
5473,193216,-6.4,0.0,27.45,14,0.0714,0.4286,0.1,35363,
5474,193216,-6.3,0.0,45.1,23,0.0,0.3913,0.1,35363,
5475,193280,-5.9,0.0,37.25,19,0.0,0.3684,0.1,35387,
5476,193280,-1.2,0.0,25.0,1,0.0,0.0,0.1,35387,
5477,193280,-1.5,0.0,14.29,1,0.0,0.0,0.1,35387,
5478,193344,-6.6,0.0,31.37,16,0.25,0.5,0.1,35411,
5479,193344,5.9,1.0,47.62,20,0.05,0.4,0.1,35411,
5480,193344,-4.0,0.0,32.0,8,0.0,0.5,0.1,35411,
5481,193408,-2.8,0.0,16.67,3,0.0,0.6667,0.1,35435,
5482,193408,-5.9,0.0,33.33,13,0.0,0.4615,0.1,35435,
5483,193472,-4.3,0.0,38.46,10,0.0,0.2,0.1,35458,
5484,193536,-2.2,0.0,25.0,3,0.0,0.3333,0.1,35479,
5485,193536,4.8,1.0,43.14,22,0.1818,0.6364,0.1,35479,
5486,193536,8.5,1.0,50.0,12,0.0833,0.5833,0.1,35479,
5487,193536,-6.0,0.0,19.61,10,0.1,0.7,0.1,35479,
5488,193600,-2.0,0.0,18.18,2,0.0,0.5,0.1,35500,
5489,193600,-1.4,0.0,30.77,4,0.25,0.5,0.1,35500,
5490,193600,-1.6,0.0,35.71,5,0.0,0.8,0.1,35500,
5491,193600,-5.0,0.0,19.61,10,0.2,0.6,0.1,35500,
5492,193600,-6.0,0.0,19.61,10,0.3,0.5,0.1,35500,
5493,193664,-6.0,0.0,19.61,10,0.1,0.4,0.1,35514,
5494,193664,-2.6,0.0,35.71,5,0.0,0.6,0.1,35514,
5495,193728,8.3,1.0,40.74,11,0.0909,0.3636,0.1,35535,
5496,193728,-1.6,0.0,28.57,2,0.0,0.0,0.1,35535,
5497,193728,-0.5,0.0,33.33,2,0.0,0.5,0.1,35535,
5498,193792,8.6,1.0,40.0,10,0.0,0.8,0.1,35559,
5499,193856,-4.4,0.0,38.24,13,0.0769,0.3077,0.1,35587,
5500,193856,-5.8,0.0,30.77,12,0.1667,0.5,0.1,35587,
5501,193856,-2.4,0.0,21.43,3,0.3333,0.3333,0.1,35587,
5502,193856,-6.3,0.0,30.23,13,0.0769,0.4615,0.1,35587,
5503,193920,-3.0,0.0,35.29,6,0.1667,0.3333,0.1,35608,
5504,193920,-6.5,0.0,29.41,15,0.1333,0.3333,0.1,35608,
5505,193920,-1.8,0.0,31.25,5,0.2,0.6,0.1,35608,
5506,194048,-5.6,0.0,31.37,16,0.0625,0.3125,0.1,35649,
5507,194112,-6.9,0.0,37.25,19,0.1579,0.4211,0.1,35667,
5508,194112,-5.2,0.0,23.53,12,0.0,0.4167,0.1,35667,
5509,194304,11.1,1.0,42.86,3,0.0,0.3333,0.1,35716,
5510,194368,-3.7,0.0,33.33,10,0.1,0.7,0.1,35733,
5511,194368,-6.1,0.0,41.18,21,0.0952,0.4762,0.1,35733,
5512,194432,-2.1,0.0,7.69,1,0.0,0.0,0.1,35756,
5513,194432,-2.1,0.0,26.32,5,0.0,0.2,0.1,35756,
5514,194560,7.1,1.0,28.21,11,0.1818,0.7273,0.1,35796,
5515,194624,6.9,1.0,18.18,8,0.125,0.625,0.1,35810,
5516,194624,8.7,1.0,25.93,7,0.1429,0.5714,0.1,35810,
5517,194624,-3.6,0.0,31.82,7,0.1429,0.4286,0.1,35810,
5518,194624,9.1,1.0,42.86,9,0.0,0.6667,0.1,35810,
5519,194688,-5.1,0.0,21.57,11,0.0,0.5455,0.1,35827,
5520,194688,-6.0,0.0,39.22,20,0.1,0.5,0.1,35827,
5521,194688,-3.0,0.0,27.78,5,0.0,0.4,0.1,35827,
5522,194688,-2.7,0.0,11.11,2,0.0,0.0,0.1,35827,
5523,194688,7.8,1.0,65.38,17,0.2353,0.4706,0.1,35827,
5524,194752,-4.2,0.0,29.63,8,0.0,0.5,0.1,35843,
5525,194752,-3.8,0.0,41.38,12,0.0,0.6667,0.1,35843,
5526,194752,-3.4,0.0,22.73,5,0.2,0.2,0.1,35843,
5527,194752,-5.4,0.0,27.45,14,0.2143,0.5,0.1,35843,
5528,194816,8.9,1.0,45.45,10,0.1,0.5,0.1,35860,
5529,194880,-5.4,0.0,27.45,14,0.0,0.2143,0.1,35871,
5530,194880,-2.4,0.0,13.33,2,0.0,0.0,0.1,35871,
5531,194880,-3.3,0.0,36.84,7,0.2857,0.2857,0.1,35871,
5532,194944,-6.2,0.0,23.53,12,0.1667,0.3333,0.1,35888,
5533,194944,5.2,1.0,35.29,18,0.0556,0.4444,0.1,35888,
5534,195136,-5.1,0.0,22.22,8,0.0,0.5,0.1,35933,
5535,195136,-1.5,0.0,14.29,1,0.0,0.0,0.1,35933,
5536,195200,-5.0,0.0,22.86,8,0.25,0.375,0.1,35956,
5537,195200,-4.4,0.0,42.31,11,0.0909,0.4545,0.1,35956,
5538,195200,-3.1,0.0,41.67,10,0.2,0.3,0.1,35956,
5539,195264,-6.1,0.0,28.57,12,0.0833,0.0833,0.1,35976,
5540,195264,11.1,1.0,66.67,4,0.0,0.5,0.1,35976,
5541,195328,-4.7,0.0,25.0,8,0.0,0.625,0.1,35993,
5542,195328,8.1,1.0,48.15,13,0.0769,0.6154,0.1,35993,
5543,195328,-6.5,0.0,29.41,15,0.1333,0.4667,0.1,35993,
5544,195392,7.7,1.0,29.41,10,0.4,0.6,0.1,36013,
5545,195392,-1.9,0.0,20.0,2,0.0,0.5,0.1,36013,
5546,195520,-5.3,0.0,25.49,13,0.0769,0.4615,0.1,36045,
5547,195520,-5.4,0.0,27.45,14,0.0,0.6429,0.1,36045,
5548,195584,-3.0,0.0,13.79,4,0.0,0.0,0.1,36059,
5549,195584,-6.4,0.0,27.45,14,0.0714,0.6429,0.1,36059,
5550,195648,-3.1,0.0,50.0,8,0.125,0.5,0.1,36074,
5551,195712,-5.0,0.0,19.44,7,0.0,0.5714,0.1,36094,
5552,195712,-2.3,0.0,30.0,6,0.0,0.5,0.1,36094,
5553,195712,-6.5,0.0,29.41,15,0.0,0.5333,0.1,36094,
5554,195840,-3.1,0.0,47.83,11,0.0,0.4545,0.1,36130,
5555,195840,-2.0,0.0,18.18,2,0.0,0.5,0.1,36130,
5556,195904,8.7,1.0,47.83,11,0.2727,0.3636,0.1,36153,
5557,195968,-4.1,0.0,30.77,8,0.5,0.25,0.1,36173,
5558,195968,7.8,1.0,30.3,10,0.1,0.6,0.1,36173,
5559,196032,-5.6,0.0,28.95,11,0.0,0.6364,0.1,36197,
5560,196032,-2.6,0.0,46.15,6,0.0,0.3333,0.1,36197,
5561,196032,-5.3,0.0,25.49,13,0.1538,0.6154,0.1,36197,
5562,196032,-3.1,0.0,14.29,3,0.0,0.6667,0.1,36197,
5563,196032,-6.9,0.0,37.25,19,0.0526,0.5789,0.1,36197,
5564,196096,-3.2,0.0,25.0,5,0.0,0.4,0.1,36214,
5565,196096,-1.4,0.0,16.67,1,0.0,0.0,0.1,36214,
5566,196096,-6.1,0.0,21.57,11,0.0,0.6364,0.1,36214,
5567,196160,-4.9,0.0,20.0,7,0.0,0.2857,0.1,36232,
5568,196160,6.1,1.0,50.0,20,0.2,0.45,0.1,36232,
5569,196160,-5.7,0.0,13.73,7,0.1429,0.2857,0.1,36232,
5570,196224,7.3,1.0,45.45,15,0.0,0.4667,0.1,36255,
5571,196224,-5.9,0.0,17.65,9,0.1111,0.4444,0.1,36255,
5572,196224,-2.6,0.0,18.75,3,0.0,0.6667,0.1,36255,
5573,196224,-5.3,0.0,27.78,10,0.0,0.4,0.1,36255,
5574,196224,10.9,1.0,50.0,4,0.25,0.75,0.1,36255,
5575,196224,-4.7,0.0,17.65,6,0.0,0.5,0.1,36255,
5576,196352,-3.0,0.0,35.29,6,0.0,0.5,0.1,36282,
5577,196352,-6.6,0.0,31.37,16,0.0625,0.3125,0.1,36282,
5578,196416,-4.7,0.0,13.73,7,0.0,0.5714,0.1,36298,
5579,196416,-6.0,0.0,26.19,11,0.0,0.1818,0.1,36298,
5580,196544,-6.3,0.0,21.74,10,0.2,0.4,0.1,36332,
5581,196608,11.1,1.0,11.11,1,0.0,1.0,0.1,36352,
5582,196608,-6.2,0.0,23.53,12,0.0833,0.5833,0.1,36352,
5583,196672,-2.3,0.0,23.08,3,0.0,0.6667,0.1,36368,
5584,196736,-5.6,0.0,11.76,6,0.1667,0.5,0.1,36384,
5585,196736,-4.2,0.0,25.0,7,0.0,0.4286,0.1,36384,
5586,196736,-5.0,0.0,34.38,11,0.0,0.6364,0.1,36384,
5587,196736,-3.2,0.0,38.89,7,0.0,0.5714,0.1,36384,
5588,196736,-1.9,0.0,20.0,2,0.0,0.0,0.1,36384,
5589,196800,-7.0,0.0,39.22,20,0.05,0.65,0.1,36405,
5590,196800,7.4,1.0,46.88,15,0.0667,0.4667,0.1,36405,
5591,196864,-3.5,0.0,16.67,4,0.0,0.75,0.1,36425,
5592,196928,-4.4,0.0,30.56,11,0.0909,0.3636,0.1,36445,
5593,196992,-5.3,0.0,25.49,13,0.0769,0.7692,0.1,36462,
5594,196992,-5.4,0.0,23.68,9,0.0,0.5556,0.1,36462,
5595,197056,-6.4,0.0,27.45,14,0.0,0.5714,0.1,36483,
5596,197056,-2.7,0.0,42.86,6,0.0,0.6667,0.1,36483,
5597,197056,-4.0,0.0,50.0,11,0.0909,0.3636,0.1,36483,
5598,197120,-3.1,0.0,33.33,6,0.1667,0.6667,0.1,36502,
5599,197120,-5.3,0.0,25.49,13,0.0,0.4615,0.1,36502,
5600,197120,-6.1,0.0,21.57,11,0.0,0.7273,0.1,36502,
5601,197184,9.8,1.0,53.33,8,0.375,0.625,0.1,36518,
5602,197312,-3.2,0.0,25.0,5,0.2,0.2,0.1,36560,
5603,197312,-4.4,0.0,23.33,7,0.1429,0.5714,0.1,36560,
5604,197312,-3.5,0.0,33.33,7,0.0,0.2857,0.1,36560,
5605,197376,-7.5,0.0,33.33,17,0.1176,0.6471,0.1,36576,
5606,197440,-2.4,0.0,30.77,4,0.25,0.0,0.1,36592,
5607,197504,-3.4,0.0,42.31,11,0.0909,0.5455,0.1,36619,
5608,197568,-7.1,0.0,42.22,19,0.1053,0.4211,0.1,36637,
5609,197632,-5.6,0.0,31.37,16,0.0,0.75,0.1,36659,
5610,197632,5.9,1.0,44.19,19,0.0,0.4211,0.1,36659,
5611,197632,10.8,1.0,62.5,5,0.2,0.6,0.1,36659,
5612,197632,-2.5,0.0,28.57,4,0.0,0.25,0.1,36659,
5613,197696,-3.9,0.0,28.0,7,0.0,0.0,0.1,36675,
5614,197696,7.7,1.0,41.94,13,0.0769,0.3846,0.1,36675,
5615,197760,-3.4,0.0,12.5,3,0.0,0.3333,0.1,36697,
5616,197824,-2.5,0.0,38.46,5,0.2,0.4,0.1,36721,
5617,197824,-4.4,0.0,30.56,11,0.0,0.7273,0.1,36721,
5618,197888,7.0,1.0,27.5,11,0.0,0.4545,0.1,36734,
5619,197888,-6.6,0.0,31.37,16,0.0625,0.625,0.1,36734,
5620,197888,-6.7,0.0,33.33,17,0.0588,0.6471,0.1,36734,
5621,197952,-5.3,0.0,25.49,13,0.0769,0.4615,0.1,36758,
5622,197952,-1.9,0.0,33.33,3,0.0,0.3333,0.1,36758,
5623,197952,-4.7,0.0,33.33,10,0.1,0.4,0.1,36758,
5624,198016,-6.0,0.0,19.61,10,0.0,0.6,0.1,36777,
5625,198016,-3.0,0.0,15.0,3,0.0,0.0,0.1,36777,
5626,198016,-6.4,0.0,27.45,14,0.0714,0.4286,0.1,36777,
5627,198144,-6.1,0.0,21.57,11,0.0909,0.7273,0.1,36817,
5628,198208,-5.8,0.0,35.29,18,0.0556,0.5,0.1,36834,
5629,198336,-3.6,0.0,16.0,4,0.25,0.0,0.1,36879,
5630,198400,-3.3,0.0,30.0,6,0.0,0.6667,0.1,36906,
5631,198400,-1.9,0.0,33.33,3,0.0,0.3333,0.1,36906,
5632,198400,-6.6,0.0,31.37,16,0.0625,0.5,0.1,36906,
5633,198464,-5.4,0.0,7.84,4,0.0,0.75,0.1,36936,
5634,198464,-5.1,0.0,22.22,8,0.125,0.375,0.1,36936,
5635,198528,-5.4,0.0,27.45,14,0.0,0.4286,0.1,36955,
5636,198528,9.0,1.0,34.78,8,0.5,0.625,0.1,36955,
5637,198592,-5.3,0.0,25.49,13,0.0769,0.3846,0.1,36975,
5638,198656,-7.1,0.0,41.18,21,0.0476,0.5714,0.1,36995,
5639,198656,-1.3,0.0,50.0,2,0.5,0.5,0.1,36995,
5640,198656,-4.7,0.0,21.21,7,0.1429,0.2857,0.1,36995,
5641,198720,-2.3,0.0,52.94,9,0.0,0.4444,0.1,37010,
5642,198720,11.6,1.0,66.67,2,0.0,1.0,0.1,37010,
5643,198784,10.2,1.0,46.15,6,0.1667,0.3333,0.1,37027,
5644,198784,-6.9,0.0,37.25,19,0.1053,0.5263,0.1,37027,
5645,198784,-1.8,0.0,22.22,2,0.0,0.0,0.1,37027,
5646,198848,-6.1,0.0,21.57,11,0.0,0.2727,0.1,37051,
5647,198848,9.9,1.0,46.67,7,0.1429,0.5714,0.1,37051,
5648,198912,9.4,1.0,42.11,8,0.375,0.875,0.1,37077,
5649,198976,-2.6,0.0,38.1,8,0.0,0.125,0.1,37098,
5650,199040,-6.6,0.0,31.11,14,0.0714,0.5714,0.1,37118,
5651,199104,-2.0,0.0,30.0,3,0.0,0.3333,0.1,37141,
5652,199168,-5.9,0.0,37.25,19,0.1053,0.3158,0.1,37161,
5653,199168,-5.8,0.0,32.61,15,0.2,0.6,0.1,37161,
5654,199168,-3.1,0.0,33.33,6,0.0,0.1667,0.1,37161,
5655,199168,-2.2,0.0,31.58,6,0.1667,0.3333,0.1,37161,
5656,199232,-2.0,0.0,18.18,2,0.0,0.0,0.1,37182,
5657,199232,-6.4,0.0,42.5,17,0.0588,0.4706,0.1,37182,
5658,199232,-4.8,0.0,36.67,11,0.0909,0.4545,0.1,37182,
5659,199296,-5.8,0.0,35.29,18,0.1111,0.2778,0.1,37196,
5660,199296,-6.0,0.0,19.61,10,0.0,0.4,0.1,37196,
5661,199360,-6.1,0.0,21.57,11,0.0,0.4545,0.1,37220,
5662,199360,6.9,1.0,26.83,11,0.0,0.5455,0.1,37220,
5663,199424,-1.2,0.0,25.0,1,0.0,0.0,0.1,37242,
5664,199424,7.1,1.0,31.58,12,0.0833,0.5,0.1,37242,
5665,199424,-4.5,0.0,60.0,18,0.2222,0.5,0.1,37242,
5666,199424,-6.7,0.0,25.0,12,0.0,0.4167,0.1,37242,
5667,199488,-5.9,0.0,37.25,19,0.1053,0.6316,0.1,37256,
5668,199488,-5.8,0.0,15.69,8,0.125,0.875,0.1,37256,
5669,199488,-1.9,0.0,9.09,1,0.0,0.0,0.1,37256,
5670,199488,-5.1,0.0,21.57,11,0.2727,0.7273,0.1,37256,
5671,199616,-1.7,0.0,42.86,3,0.0,0.3333,0.1,37288,
5672,199616,-2.6,0.0,45.0,9,0.1111,0.3333,0.1,37288,
5673,199616,-6.6,0.0,31.37,16,0.0,0.5,0.1,37288,
5674,199680,-6.5,0.0,49.02,25,0.08,0.56,0.1,37301,
5675,199680,-3.6,0.0,11.54,3,0.0,0.0,0.1,37301,
5676,199680,-5.3,0.0,25.49,13,0.0769,0.8462,0.1,37301,
5677,199808,-5.3,0.0,31.43,11,0.0909,0.4545,0.1,37340,
5678,199808,7.9,1.0,40.0,12,0.0833,0.5,0.1,37340,
5679,199872,-5.7,0.0,33.33,17,0.0588,0.5882,0.1,37356,
5680,199872,-0.6,0.0,28.57,2,0.0,0.5,0.1,37356,
5681,199872,-0.5,0.0,14.29,1,0.0,0.0,0.1,37356,
5682,200000,-1.7,0.0,25.0,2,0.0,0.5,0.1,37392,
5683,200000,-4.1,0.0,29.41,10,0.1,0.5,0.1,37392,
5684,200000,-5.5,0.0,29.41,15,0.2667,0.5333,0.1,37392,
5685,200064,-3.2,0.0,13.64,3,0.0,0.3333,0.1,37405,
5686,200064,-5.6,0.0,37.21,16,0.0625,0.4375,0.1,37405,
5687,200064,-6.1,0.0,21.57,11,0.0909,0.6364,0.1,37405,
5688,200064,-5.2,0.0,23.53,12,0.1667,0.1667,0.1,37405,
5689,200128,-2.7,0.0,11.11,2,0.0,0.0,0.1,37419,
5690,200128,-6.2,0.0,23.53,12,0.0833,0.5833,0.1,37419,
5691,200192,-6.3,0.0,29.41,15,0.0,0.3333,0.1,37444,
5692,200192,-1.7,0.0,33.33,5,0.0,0.4,0.1,37444,
5693,200256,-2.4,0.0,21.43,3,0.0,0.3333,0.1,37467,
5694,200256,10.0,1.0,40.0,6,0.0,0.5,0.1,37467,
5695,200256,9.2,1.0,61.11,11,0.0909,0.5455,0.1,37467,
5696,200320,-6.6,0.0,31.37,16,0.0,0.625,0.1,37487,
5697,200320,-6.4,0.0,27.45,14,0.1429,0.2857,0.1,37487,
5698,200384,-6.0,0.0,19.61,10,0.2,0.5,0.1,37506,
5699,200448,-6.1,0.0,21.57,11,0.1818,0.5455,0.1,37524,
5700,200512,-4.3,0.0,24.14,7,0.0,0.5714,0.1,37553,
5701,200576,-6.1,0.0,41.18,21,0.1429,0.381,0.1,37574,
5702,200576,-1.6,0.0,12.5,1,0.0,0.0,0.1,37574,
5703,200576,5.9,1.0,34.78,16,0.0625,0.4375,0.1,37574,
5704,200576,8.6,1.0,29.63,8,0.125,0.5,0.1,37574,
5705,200640,-2.6,0.0,26.67,4,0.0,0.25,0.1,37593,
5706,200640,9.3,1.0,47.37,9,0.1111,0.6667,0.1,37593,
5707,200640,-1.8,0.0,37.5,3,0.0,0.3333,0.1,37593,
5708,200704,-5.7,0.0,33.33,17,0.1176,0.6471,0.1,37613,
5709,200768,-1.0,0.0,8.33,1,0.0,0.0,0.1,37633,
5710,200832,8.9,1.0,39.13,9,0.0,0.3333,0.1,37650,
5711,200896,-5.7,0.0,33.33,17,0.0588,0.6471,0.1,37674,
5712,200896,-4.1,0.0,30.77,8,0.0,0.625,0.1,37674,
5713,200960,-6.7,0.0,30.43,14,0.0,0.5,0.1,37686,
5714,200960,-7.0,0.0,39.22,20,0.1,0.35,0.1,37686,
5715,201024,-5.0,0.0,19.61,10,0.2,0.3,0.1,37705,
5716,201152,-6.7,0.0,33.33,17,0.1176,0.4706,0.1,37750,
5717,201216,-6.2,0.0,23.53,12,0.0833,0.5,0.1,37769,
5718,201344,6.3,1.0,45.0,18,0.0,0.5,0.1,37818,
5719,201344,-3.0,0.0,15.0,3,0.0,0.3333,0.1,37818,
5720,201344,-2.0,0.0,43.75,7,0.0,0.2857,0.1,37818,
5721,201344,7.0,1.0,30.77,12,0.0833,0.6667,0.1,37818,
5722,201408,-2.1,0.0,27.27,3,0.0,0.0,0.1,37835,
5723,201408,-6.8,0.0,35.29,18,0.1667,0.3333,0.1,37835,
5724,201472,-4.4,0.0,30.56,11,0.0,0.5455,0.1,37853,
5725,201472,-1.4,0.0,40.0,2,0.0,0.5,0.1,37853,
5726,201472,7.6,1.0,45.16,14,0.0,0.3571,0.1,37853,
5727,201664,-5.4,0.0,27.45,14,0.0714,0.6429,0.1,37904,
5728,201664,-6.1,0.0,41.18,21,0.0952,0.4762,0.1,37904,
5729,201664,-4.0,0.0,32.0,8,0.0,0.625,0.1,37904,
5730,201728,7.4,1.0,46.88,15,0.0,0.6667,0.1,37923,
5731,201728,-5.4,0.0,27.45,14,0.0714,0.5714,0.1,37923,
5732,201792,10.0,1.0,40.0,6,0.3333,0.6667,0.1,37944,
5733,201856,-5.4,0.0,27.45,14,0.0,0.7143,0.1,37961,
5734,201920,-5.5,0.0,29.41,15,0.0667,0.3333,0.1,37982,
5735,201984,-5.4,0.0,27.45,14,0.0714,0.5,0.1,38004,
5736,201984,-3.2,0.0,19.05,4,0.0,0.5,0.1,38004,
5737,201984,-6.7,0.0,33.33,17,0.1176,0.6471,0.1,38004,
5738,202048,-6.4,0.0,27.45,14,0.0714,0.4286,0.1,38031,
5739,202112,-4.7,0.0,14.29,5,0.0,0.0,0.1,38053,
5740,202176,-5.9,0.0,37.25,19,0.1579,0.5789,0.1,38080,
5741,202176,-4.9,0.0,27.27,9,0.0,0.5556,0.1,38080,
5742,202240,10.4,1.0,30.77,4,0.25,0.5,0.1,38099,
5743,202240,-3.7,0.0,50.0,10,0.0,0.4,0.1,38099,
5744,202304,-5.3,0.0,25.49,13,0.0,0.4615,0.1,38120,
5745,202304,-1.9,0.0,33.33,3,0.0,0.3333,0.1,38120,
5746,202304,8.1,1.0,53.85,14,0.0714,0.7857,0.1,38120,
5747,202368,10.3,1.0,63.64,7,0.1429,0.5714,0.1,38138,
5748,202432,-6.7,0.0,33.33,17,0.0588,0.6471,0.1,38162,
5749,202496,-5.0,0.0,34.38,11,0.1818,0.4545,0.1,38176,
5750,202496,-5.4,0.0,27.45,14,0.0,0.5714,0.1,38176,
5751,202496,-1.7,0.0,25.0,2,0.0,0.0,0.1,38176,
5752,202560,-5.6,0.0,31.37,16,0.0,0.4375,0.1,38193,
5753,202688,-1.2,0.0,36.36,4,0.25,0.75,0.1,38236,
5754,202688,-2.6,0.0,58.33,7,0.1429,0.5714,0.1,38236,
5755,202688,-4.9,0.0,31.25,10,0.0,0.6,0.1,38236,
5756,202688,-6.2,0.0,23.53,12,0.0,0.5833,0.1,38236,
5757,202752,-5.2,0.0,23.53,12,0.1667,0.75,0.1,38253,
5758,202752,-4.7,0.0,13.73,7,0.2857,0.7143,0.1,38253,
5759,202816,-5.9,0.0,10.64,5,0.2,0.2,0.1,38273,
5760,202880,-4.6,0.0,25.64,10,0.0,0.5,0.1,38293,
5761,202880,-6.3,0.0,25.49,13,0.0769,0.5385,0.1,38293,
5762,202880,-3.9,0.0,40.0,12,0.0833,0.5,0.1,38293,
5763,202880,-5.8,0.0,35.29,18,0.1111,0.3889,0.1,38293,
5764,202880,11.1,1.0,66.67,4,0.25,0.75,0.1,38293,
5765,202880,-7.0,0.0,39.22,20,0.05,0.5,0.1,38293,
5766,202944,-4.9,0.0,17.65,9,0.1111,0.3333,0.1,38307,
5767,202944,6.2,1.0,37.21,16,0.0,0.5,0.1,38307,
5768,203008,-0.9,0.0,20.0,2,0.0,0.5,0.1,38329,
5769,203072,-6.8,0.0,27.08,13,0.0,0.3077,0.1,38349,
5770,203072,-5.6,0.0,31.37,16,0.0,0.375,0.1,38349,
5771,203136,-6.3,0.0,25.49,13,0.0,0.4615,0.1,38377,
5772,203136,11.6,1.0,25.0,1,0.0,1.0,0.1,38377,
5773,203136,-5.5,0.0,29.73,11,0.1818,0.3636,0.1,38377,
5774,203136,-6.2,0.0,23.53,12,0.0,0.25,0.1,38377,
5775,203200,-6.0,0.0,29.27,12,0.0,0.75,0.1,38404,
5776,203200,11.0,1.0,37.5,3,0.3333,0.6667,0.1,38404,
5777,203264,-5.6,0.0,31.37,16,0.0625,0.4375,0.1,38418,
5778,203392,-4.3,0.0,16.13,5,0.2,0.2,0.1,38458,
5779,203392,-6.0,0.0,39.22,20,0.0,0.65,0.1,38458,
5780,203392,-4.8,0.0,36.67,11,0.0,0.2727,0.1,38458,
5781,203392,7.1,1.0,35.14,13,0.0,0.4615,0.1,38458,
5782,203392,-3.7,0.0,25.0,6,0.0,0.5,0.1,38458,
5783,203456,-6.1,0.0,41.18,21,0.0,0.4762,0.1,38474,
5784,203456,-2.4,0.0,42.11,8,0.125,0.5,0.1,38474,
5785,203520,-5.4,0.0,27.45,14,0.0714,0.7143,0.1,38493,
5786,203520,-6.2,0.0,43.14,22,0.0455,0.7727,0.1,38493,
5787,203520,-3.2,0.0,25.0,5,0.0,0.2,0.1,38493,
5788,203520,-6.0,0.0,19.61,10,0.0,0.4,0.1,38493,
5789,203584,-4.0,0.0,37.5,9,0.1111,0.5556,0.1,38514,
5790,203584,-6.3,0.0,25.49,13,0.0,0.4615,0.1,38514,
5791,203648,-0.2,0.0,25.0,1,0.0,0.0,0.1,38535,
5792,203648,10.9,1.0,33.33,3,0.3333,0.6667,0.1,38535,
5793,203648,-2.3,0.0,23.08,3,0.0,0.3333,0.1,38535,
5794,203712,6.9,1.0,48.57,17,0.0588,0.4706,0.1,38553,
5795,203712,-5.9,0.0,62.5,20,0.1,0.35,0.1,38553,
5796,203776,8.6,1.0,40.0,10,0.2,0.8,0.1,38563,
5797,203776,-5.0,0.0,19.61,10,0.0,0.4,0.1,38563,
5798,203776,-1.8,0.0,31.25,5,0.0,0.4,0.1,38563,
5799,203840,-2.1,0.0,27.27,3,0.0,0.3333,0.1,38581,
5800,203840,-6.3,0.0,25.49,13,0.0769,0.7692,0.1,38581,
5801,203840,-3.4,0.0,50.0,9,0.1111,0.2222,0.1,38581,
5802,203840,-6.6,0.0,31.37,16,0.0625,0.5,0.1,38581,
5803,203840,-3.0,0.0,37.5,9,0.0,0.2222,0.1,38581,
5804,203840,-5.7,0.0,33.33,17,0.0,0.3529,0.1,38581,
5805,203904,-2.8,0.0,31.25,5,0.4,0.4,0.1,38602,
5806,203904,-7.1,0.0,36.17,17,0.0588,0.5294,0.1,38602,
5807,203968,-6.2,0.0,27.91,12,0.0833,0.4167,0.1,38622,
5808,203968,-5.0,0.0,38.71,12,0.1667,0.5833,0.1,38622,
5809,204032,-2.9,0.0,22.22,4,0.25,0.5,0.1,38642,
5810,204032,9.8,1.0,35.29,6,0.0,0.3333,0.1,38642,
5811,204096,-3.1,0.0,26.32,5,0.2,0.6,0.1,38659,
5812,204160,-6.5,0.0,29.41,15,0.0667,0.4,0.1,38680,
5813,204224,-2.2,0.0,36.36,4,0.0,0.25,0.1,38709,
5814,204288,11.3,1.0,60.0,3,0.0,0.6667,0.1,38729,
5815,204288,-1.9,0.0,20.0,2,0.5,0.0,0.1,38729,
5816,204288,-2.7,0.0,42.86,6,0.0,0.1667,0.1,38729,
5817,204352,-2.7,0.0,5.26,1,0.0,0.0,0.1,38750,
5818,204416,-4.2,0.0,29.63,8,0.125,0.5,0.1,38778,
5819,204480,7.3,1.0,33.33,12,0.0,0.5,0.1,38796,
5820,204480,-1.8,0.0,40.0,6,0.1667,0.1667,0.1,38796,
5821,204544,-2.4,0.0,41.67,5,0.2,0.2,0.1,38817,
5822,204608,-6.7,0.0,33.33,17,0.1176,0.5882,0.1,38838,
5823,204608,9.7,1.0,71.43,10,0.1,0.5,0.1,38838,
5824,204608,-7.4,0.0,47.06,24,0.0417,0.4583,0.1,38838,
5825,204608,-5.7,0.0,33.33,17,0.1176,0.4706,0.1,38838,
5826,204608,-5.8,0.0,35.29,18,0.1111,0.2778,0.1,38838,
5827,204736,-5.0,0.0,19.61,10,0.0,0.4,0.1,38877,
5828,204736,-1.7,0.0,25.0,2,0.0,0.0,0.1,38877,
5829,204800,-4.4,0.0,15.62,5,0.2,0.6,0.1,38899,
5830,204864,-3.0,0.0,43.75,7,0.0,0.2857,0.1,38919,
5831,204864,7.5,1.0,48.39,15,0.2,0.6667,0.1,38919,
5832,204928,-3.7,0.0,30.43,7,0.1429,0.2857,0.1,38939,
5833,204928,-2.1,0.0,40.0,4,0.0,0.25,0.1,38939,
5834,204928,-6.2,0.0,23.53,12,0.0,0.5,0.1,38939,
5835,204992,-6.0,0.0,32.5,13,0.0769,0.3846,0.1,38956,
5836,204992,-6.4,0.0,27.45,14,0.1429,0.7857,0.1,38956,
5837,204992,10.0,1.0,40.0,6,0.1667,0.8333,0.1,38956,
5838,204992,-3.0,0.0,27.78,5,0.2,0.2,0.1,38956,
5839,205056,-6.6,0.0,31.37,16,0.125,0.625,0.1,38975,
5840,205056,8.3,1.0,58.33,14,0.0,0.6429,0.1,38975,
5841,205120,-1.6,0.0,12.5,1,0.0,0.0,0.1,38990,
5842,205184,-1.9,0.0,33.33,3,0.0,0.3333,0.1,39005,
5843,205248,-2.4,0.0,13.33,2,0.0,0.5,0.1,39026,
5844,205248,-3.6,0.0,20.83,5,0.0,0.0,0.1,39026,
5845,205248,-5.6,0.0,44.12,15,0.0667,0.2,0.1,39026,
5846,205312,9.0,1.0,40.91,9,0.3333,0.6667,0.1,39049,
5847,205376,-5.4,0.0,7.84,4,0.0,0.75,0.1,39073,
5848,205376,-3.7,0.0,25.0,6,0.0,0.3333,0.1,39073,
5849,205440,9.7,1.0,33.33,6,0.1667,0.6667,0.1,39091,
5850,205504,-1.3,0.0,20.0,1,0.0,0.0,0.1,39113,
5851,205568,10.8,1.0,30.0,3,0.0,0.3333,0.1,39132,
5852,205568,-5.5,0.0,9.8,5,0.2,0.6,0.1,39132,
5853,205568,-6.2,0.0,23.53,12,0.0833,0.5,0.1,39132,
5854,205632,-5.4,0.0,34.29,12,0.0,0.5,0.1,39159,
5855,205632,-7.1,0.0,30.61,15,0.0,0.4667,0.1,39159,
5856,205632,-5.0,0.0,48.28,14,0.0,0.4286,0.1,39159,
5857,205632,-2.6,0.0,26.09,6,0.0,0.5,0.1,39159,
5858,205632,-2.3,0.0,14.29,2,0.0,0.0,0.1,39159,
5859,205760,-5.6,0.0,31.37,16,0.0,0.5,0.1,39207,
5860,205760,-4.5,0.0,17.07,7,0.0,0.5714,0.1,39207,
5861,205760,-2.8,0.0,55.0,11,0.1818,0.3636,0.1,39207,
5862,205824,-5.6,0.0,31.37,16,0.1875,0.5,0.1,39222,
5863,205824,-2.9,0.0,37.5,6,0.0,0.3333,0.1,39222,
5864,205888,-5.0,0.0,30.3,10,0.0,0.6,0.1,39245,
5865,205888,-6.1,0.0,17.39,8,0.0,0.375,0.1,39245,
5866,205952,-6.2,0.0,23.53,12,0.0,0.5,0.1,39269,
5867,205952,-6.0,0.0,46.51,20,0.0,0.45,0.1,39269,
5868,206016,-5.2,0.0,44.74,17,0.1765,0.4118,0.1,39290,
5869,206016,7.6,1.0,32.35,11,0.1818,0.7273,0.1,39290,
5870,206016,-2.8,0.0,31.25,5,0.0,0.6,0.1,39290,
5871,206080,-4.2,0.0,29.63,8,0.125,0.25,0.1,39306,
5872,206144,-5.6,0.0,31.37,16,0.0,0.375,0.1,39330,
5873,206272,-5.1,0.0,25.58,11,0.0,0.4545,0.1,39365,
5874,206272,-1.4,0.0,40.0,2,0.5,0.0,0.1,39365,
5875,206272,-6.1,0.0,41.18,21,0.0,0.5238,0.1,39365,
5876,206336,-7.1,0.0,30.61,15,0.0,0.3333,0.1,39383,
5877,206400,-5.6,0.0,31.37,16,0.0625,0.3125,0.1,39404,
5878,206464,9.7,1.0,41.18,7,0.0,0.5714,0.1,39422,
5879,206528,-7.4,0.0,47.06,24,0.0833,0.375,0.1,39443,
5880,206528,-2.6,0.0,26.09,6,0.0,0.5,0.1,39443,
5881,206592,-3.8,0.0,51.85,14,0.1429,0.5714,0.1,39458,
5882,206592,-2.7,0.0,25.0,4,0.25,0.75,0.1,39458,
5883,206656,-6.6,0.0,31.37,16,0.0625,0.4375,0.1,39480,
5884,206656,-6.4,0.0,27.45,14,0.0714,0.4286,0.1,39480,
5885,206720,-6.7,0.0,33.33,17,0.1176,0.6471,0.1,39497,
5886,206720,-4.8,0.0,24.24,8,0.125,0.375,0.1,39497,
5887,206784,-2.6,0.0,35.71,5,0.0,0.6,0.1,39521,
5888,206784,-2.3,0.0,14.29,2,0.0,0.5,0.1,39521,
5889,206848,-7.2,0.0,43.14,22,0.0455,0.4091,0.1,39545,
5890,206912,-5.8,0.0,15.69,8,0.125,0.25,0.1,39570,
5891,206912,-6.3,0.0,45.1,23,0.0435,0.4783,0.1,39570,
5892,206976,-1.8,0.0,10.0,1,0.0,0.0,0.1,39589,
5893,207040,7.7,1.0,33.33,11,0.2727,0.5455,0.1,39614,
5894,207104,-5.1,0.0,21.57,11,0.0,0.5455,0.1,39633,
5895,207104,-5.8,0.0,35.29,18,0.0,0.5,0.1,39633,
5896,207168,-5.6,0.0,31.37,16,0.0,0.6875,0.1,39656,
5897,207168,7.2,1.0,44.12,15,0.0,0.6,0.1,39656,
5898,207232,-6.8,0.0,35.29,18,0.0556,0.4444,0.1,39671,
5899,207232,-2.4,0.0,54.55,6,0.0,0.5,0.1,39671,
5900,207232,-4.0,0.0,32.0,8,0.125,0.375,0.1,39671,
5901,207296,-6.0,0.0,39.22,20,0.05,0.5,0.1,39692,
5902,207360,-7.0,0.0,39.22,20,0.1,0.45,0.1,39708,
5903,207424,-2.6,0.0,26.67,4,0.0,0.5,0.1,39721,
5904,207488,8.8,1.0,22.22,6,0.1667,0.5,0.1,39740,
5905,207488,4.7,1.0,54.17,26,0.1154,0.3846,0.1,39740,
5906,207552,-1.7,0.0,11.11,1,0.0,0.0,0.1,39756,
5907,207552,-2.1,0.0,7.69,1,0.0,0.0,0.1,39756,
5908,207680,-5.8,0.0,45.71,16,0.125,0.3125,0.1,39792,
5909,207680,11.1,1.0,25.0,2,0.5,1.0,0.1,39792,
5910,207744,-2.3,0.0,23.08,3,0.3333,0.3333,0.1,39811,
5911,207744,-0.8,0.0,10.0,1,0.0,0.0,0.1,39811,
5912,207744,-6.1,0.0,21.57,11,0.1818,0.5455,0.1,39811,
5913,207808,-3.7,0.0,25.0,8,0.25,0.25,0.1,39833,
5914,207808,-5.1,0.0,41.94,13,0.0769,0.4615,0.1,39833,
5915,207808,-6.2,0.0,23.53,12,0.0,0.4167,0.1,39833,
5916,207872,-7.1,0.0,41.18,21,0.0952,0.6667,0.1,39857,
5917,207872,-5.1,0.0,21.57,11,0.0909,0.4545,0.1,39857,
5918,207936,-6.5,0.0,28.89,13,0.0769,0.6154,0.1,39869,
5919,208000,8.7,1.0,25.93,7,0.1429,0.4286,0.1,39890,
5920,208000,-2.4,0.0,13.33,2,0.0,0.5,0.1,39890,
5921,208000,-1.5,0.0,14.29,1,0.0,0.0,0.1,39890,
5922,208000,-5.9,0.0,37.25,19,0.1579,0.5789,0.1,39890,
5923,208064,-3.5,0.0,33.33,7,0.2857,0.2857,0.1,39906,
5924,208064,-5.9,0.0,36.84,14,0.0714,0.5714,0.1,39906,
5925,208064,-3.7,0.0,36.36,8,0.25,0.25,0.1,39906,
5926,208128,-6.6,0.0,31.37,16,0.0625,0.75,0.1,39921,
5927,208192,-1.1,0.0,75.0,6,0.0,0.6667,0.1,39948,
5928,208192,-6.3,0.0,25.49,13,0.1538,0.3077,0.1,39948,
5929,208256,-6.8,0.0,35.29,18,0.1111,0.5,0.1,39960,
5930,208256,-5.3,0.0,25.49,13,0.0769,0.6154,0.1,39960,
5931,208256,-2.4,0.0,30.77,4,0.25,0.75,0.1,39960,
5932,208256,11.1,1.0,66.67,4,0.0,0.75,0.1,39960,
5933,208320,-2.8,0.0,23.53,4,0.0,0.5,0.1,39979,
5934,208384,-5.7,0.0,33.33,17,0.1176,0.4118,0.1,39996,
5935,208384,-1.9,0.0,33.33,3,0.0,0.3333,0.1,39996,
5936,208448,-1.7,0.0,42.86,3,0.0,0.3333,0.1,40019,
5937,208448,7.3,1.0,29.73,11,0.0,0.4545,0.1,40019,
5938,208448,-1.8,0.0,22.22,2,0.0,0.5,0.1,40019,
5939,208512,-6.7,0.0,33.33,17,0.1765,0.4706,0.1,40036,
5940,208512,-5.8,0.0,35.29,18,0.0556,0.5,0.1,40036,
5941,208512,-5.9,0.0,37.25,19,0.0,0.6316,0.1,40036,
5942,208512,9.2,1.0,52.63,10,0.1,0.3,0.1,40036,
5943,208512,-3.1,0.0,33.33,6,0.0,0.5,0.1,40036,
5944,208576,-6.5,0.0,29.41,15,0.0,0.5333,0.1,40047,
5945,208640,-1.5,0.0,14.29,1,0.0,0.0,0.1,40068,
5946,208640,-6.2,0.0,23.53,12,0.0833,0.4167,0.1,40068,
5947,208704,-5.1,0.0,15.79,6,0.0,0.3333,0.1,40085,
5948,208768,6.0,1.0,41.86,18,0.1111,0.5,0.1,40103,
5949,208768,-6.4,0.0,27.45,14,0.2143,0.3571,0.1,40103,
5950,208768,-2.6,0.0,11.76,2,0.0,0.0,0.1,40103,
5951,208832,-7.2,0.0,30.0,15,0.0667,0.5333,0.1,40123,
5952,208832,-6.2,0.0,23.53,12,0.1667,0.3333,0.1,40123,
5953,208832,10.6,1.0,66.67,6,0.0,0.5,0.1,40123,
5954,208832,-5.8,0.0,15.69,8,0.0,0.75,0.1,40123,
5955,208832,-4.7,0.0,25.0,8,0.0,0.25,0.1,40123,
5956,208896,-6.3,0.0,25.49,13,0.0769,0.4615,0.1,40145,
5957,208896,-6.2,0.0,23.53,12,0.0833,0.6667,0.1,40145,
5958,208960,-2.8,0.0,10.53,2,0.0,0.0,0.1,40162,
5959,208960,-2.0,0.0,8.33,1,0.0,0.0,0.1,40162,
5960,209024,-6.0,0.0,19.61,10,0.0,0.6,0.1,40181,
5961,209024,-4.5,0.0,26.67,8,0.125,0.125,0.1,40181,
5962,209088,-6.3,0.0,25.49,13,0.0,0.5385,0.1,40201,
5963,209088,7.9,1.0,44.83,13,0.0,0.6923,0.1,40201,
5964,209088,-1.9,0.0,33.33,3,0.0,0.3333,0.1,40201,
5965,209216,-5.8,0.0,15.69,8,0.0,0.375,0.1,40248,
5966,209280,-0.8,0.0,37.5,3,0.0,0.0,0.1,40271,
5967,209280,-6.0,0.0,23.26,10,0.2,0.3,0.1,40271,
5968,209280,-6.6,0.0,31.37,16,0.0625,0.4375,0.1,40271,
5969,209280,-7.1,0.0,41.18,21,0.0476,0.5238,0.1,40271,
5970,209344,-3.6,0.0,31.82,7,0.2857,0.1429,0.1,40292,
5971,209344,10.6,1.0,66.67,6,0.0,0.8333,0.1,40292,
5972,209408,-6.5,0.0,31.82,14,0.0714,0.3571,0.1,40315,
5973,209408,-5.9,0.0,30.0,12,0.0,0.5833,0.1,40315,
5974,209408,-6.1,0.0,41.18,21,0.0,0.5714,0.1,40315,
5975,209472,-1.8,0.0,10.0,1,0.0,0.0,0.1,40337,
5976,209472,-2.4,0.0,13.33,2,0.0,0.0,0.1,40337,
5977,209536,-3.2,0.0,47.06,8,0.125,0.0,0.1,40359,
5978,209536,-6.9,0.0,37.25,19,0.1579,0.3158,0.1,40359,
5979,209536,-1.8,0.0,37.5,3,0.0,0.3333,0.1,40359,
5980,209600,-4.7,0.0,37.93,11,0.0,0.2727,0.1,40380,
5981,209600,-1.9,0.0,20.0,2,0.5,0.5,0.1,40380,
5982,209600,-1.7,0.0,33.33,5,0.0,0.4,0.1,40380,
5983,209664,-6.1,0.0,33.33,16,0.0,0.4375,0.1,40404,
5984,209664,-6.1,0.0,21.57,11,0.0,0.3636,0.1,40404,
5985,209792,-1.7,0.0,25.0,2,0.0,0.5,0.1,40442,
5986,209792,7.6,1.0,40.62,13,0.0,0.4615,0.1,40442,
5987,209792,-2.7,0.0,42.86,9,0.0,0.4444,0.1,40442,
5988,209856,-7.1,0.0,33.33,16,0.0,0.25,0.1,40462,
5989,209920,-7.1,0.0,41.18,21,0.0952,0.2381,0.1,40483,
5990,209920,-1.5,0.0,33.33,2,0.0,0.5,0.1,40483,
5991,209984,8.1,1.0,17.65,6,0.0,0.5,0.1,40501,
5992,209984,-2.6,0.0,18.75,3,0.0,0.6667,0.1,40501,
5993,210048,-4.4,0.0,19.35,6,0.1667,0.3333,0.1,40522,
5994,210112,-2.1,0.0,27.27,3,0.0,0.3333,0.1,40544,
5995,210176,-6.0,0.0,39.22,20,0.25,0.55,0.1,40562,
5996,210176,-2.4,0.0,30.77,4,0.0,0.25,0.1,40562,
5997,210176,-2.8,0.0,23.53,4,0.25,0.0,0.1,40562,
5998,210240,-5.8,0.0,29.79,14,0.0714,0.4286,0.1,40578,
5999,210432,8.0,1.0,64.0,16,0.0,0.375,0.1,40651,
6000,210432,-3.4,0.0,23.33,7,0.0,0.5714,0.1,40651,
6001,210432,-6.2,0.0,23.53,12,0.0,0.25,0.1,40651,
6002,210496,-4.3,0.0,24.14,7,0.1429,0.1429,0.1,40673,
6003,210496,-5.9,0.0,33.33,13,0.0,0.3077,0.1,40673,
6004,210496,7.1,1.0,47.06,16,0.125,0.5625,0.1,40673,
6005,210496,6.7,1.0,42.11,16,0.0625,0.5,0.1,40673,
6006,210560,-1.9,0.0,15.79,3,0.0,0.3333,0.1,40691,
6007,210560,7.5,1.0,43.75,14,0.0714,0.5,0.1,40691,
6008,210560,-1.5,0.0,20.0,3,0.0,0.3333,0.1,40691,
6009,210560,-5.2,0.0,32.35,11,0.0,0.5455,0.1,40691,
6010,210624,-1.7,0.0,66.67,4,0.0,0.5,0.1,40707,
6011,210624,8.6,1.0,40.0,10,0.1,0.6,0.1,40707,
6012,210688,8.7,1.0,54.55,12,0.0833,0.5,0.1,40728,
6013,210688,6.7,1.0,42.11,16,0.0625,0.375,0.1,40728,
6014,210752,-6.4,0.0,27.45,14,0.0,0.6429,0.1,40752,
6015,210752,-6.1,0.0,21.57,11,0.1818,0.1818,0.1,40752,
6016,210816,-3.5,0.0,27.27,6,0.0,0.5,0.1,40765,
6017,210816,9.7,1.0,50.0,8,0.0,0.625,0.1,40765,
6018,210816,-5.9,0.0,17.65,9,0.1111,0.6667,0.1,40765,
6019,210880,-5.4,0.0,30.56,11,0.0909,0.3636,0.1,40786,
6020,210880,-4.5,0.0,35.71,10,0.1,0.2,0.1,40786,
6021,210880,-5.3,0.0,35.29,12,0.0,0.4167,0.1,40786,
6022,210880,-3.0,0.0,35.29,6,0.0,0.1667,0.1,40786,
6023,210944,-1.3,0.0,50.0,2,0.0,0.0,0.1,40809,
6024,210944,-0.5,0.0,33.33,2,0.5,0.5,0.1,40809,
6025,210944,11.1,1.0,25.0,2,1.0,1.0,0.1,40809,
6026,211008,9.1,1.0,30.43,7,0.1429,0.4286,0.1,40830,
6027,211008,11.0,1.0,22.22,2,0.0,0.5,0.1,40830,
6028,211008,-3.9,0.0,28.0,7,0.0,0.2857,0.1,40830,
6029,211072,-5.7,0.0,33.33,17,0.0588,0.4118,0.1,40850,
6030,211072,-4.4,0.0,38.24,13,0.0769,0.6923,0.1,40850,
6031,211200,5.2,1.0,50.0,23,0.1304,0.3913,0.1,40885,
6032,211264,-7.0,0.0,39.22,20,0.3,0.45,0.1,40914,
6033,211264,-2.6,0.0,11.76,2,0.0,0.5,0.1,40914,
6034,211264,-5.8,0.0,34.21,13,0.0769,0.4615,0.1,40914,
6035,211264,-2.1,0.0,27.27,3,0.0,0.6667,0.1,40914,
6036,211264,-5.3,0.0,25.49,13,0.3077,0.6154,0.1,40914,
6037,211328,-2.3,0.0,33.33,4,0.0,0.75,0.1,40932,
6038,211328,-3.1,0.0,33.33,6,0.0,0.5,0.1,40932,
6039,211328,-6.2,0.0,23.53,12,0.0833,0.5,0.1,40932,
6040,211392,10.1,1.0,33.33,5,0.0,0.4,0.1,40952,
6041,211392,-5.2,0.0,23.53,12,0.0,0.5833,0.1,40952,
6042,211456,-6.0,0.0,31.25,15,0.0,0.3333,0.1,40981,
6043,211520,-6.2,0.0,23.53,12,0.0833,0.4167,0.1,41005,
6044,211520,-0.2,0.0,25.0,1,0.0,0.0,0.1,41005,
6045,211584,9.0,1.0,29.17,7,0.4286,0.5714,0.1,41022,
6046,211584,-2.1,0.0,50.0,8,0.0,0.5,0.1,41022,
6047,211648,-2.3,0.0,14.29,2,0.0,0.5,0.1,41042,
6048,211712,-1.8,0.0,40.0,6,0.0,0.5,0.1,41063,
6049,211712,8.4,1.0,37.04,10,0.1,0.5,0.1,41063,
6050,211712,10.2,1.0,35.71,5,0.0,1.0,0.1,41063,
6051,211712,-1.7,0.0,42.86,3,0.0,0.6667,0.1,41063,
6052,211712,-1.7,0.0,25.0,2,0.0,0.0,0.1,41063,
6053,211712,-6.9,0.0,37.25,19,0.0526,0.6316,0.1,41063,
6054,211776,-6.2,0.0,43.14,22,0.1364,0.4091,0.1,41083,
6055,211904,-2.6,0.0,26.67,4,0.0,0.25,0.1,41128,
6056,211904,-5.9,0.0,51.22,21,0.0,0.381,0.1,41128,
6057,211968,10.1,1.0,33.33,5,0.0,0.8,0.1,41151,
6058,211968,-2.6,0.0,11.76,2,0.0,0.5,0.1,41151,
6059,211968,10.6,1.0,36.36,4,0.0,0.5,0.1,41151,
6060,212032,-3.8,0.0,29.17,7,0.1429,0.1429,0.1,41168,
6061,212032,11.3,1.0,14.29,1,0.0,1.0,0.1,41168,
6062,212032,-6.6,0.0,31.37,16,0.0,0.4375,0.1,41168,
6063,212096,-1.6,0.0,28.57,2,0.0,0.0,0.1,41188,
6064,212096,-5.8,0.0,15.69,8,0.25,0.375,0.1,41188,
6065,212096,-6.6,0.0,31.37,16,0.0,0.375,0.1,41188,
6066,212160,9.0,1.0,63.16,12,0.1667,0.5,0.1,41213,
6067,212160,-2.1,0.0,40.0,4,0.25,0.25,0.1,41213,
6068,212160,-3.8,0.0,19.23,5,0.0,0.2,0.1,41213,
6069,212160,-5.2,0.0,23.53,12,0.0833,0.5833,0.1,41213,
6070,212224,10.5,1.0,23.08,3,0.0,0.6667,0.1,41232,
6071,212288,-4.3,0.0,39.39,13,0.0769,0.3077,0.1,41252,
6072,212288,10.7,1.0,75.0,6,0.0,0.6667,0.1,41252,
6073,212352,-7.2,0.0,43.14,22,0.0455,0.3636,0.1,41270,
6074,212352,10.0,1.0,40.0,6,0.1667,0.3333,0.1,41270,
6075,212352,6.4,1.0,32.56,14,0.1429,0.4286,0.1,41270,
6076,212480,-5.4,0.0,27.45,14,0.0714,0.5,0.1,41313,
6077,212544,-3.7,0.0,25.0,6,0.0,0.5,0.1,41331,
6078,212544,-5.4,0.0,27.45,14,0.0714,0.5,0.1,41331,
6079,212608,-5.3,0.0,39.39,13,0.0769,0.6154,0.1,41350,
6080,212608,-5.6,0.0,25.64,10,0.2,0.4,0.1,41350,
6081,212608,9.0,1.0,55.0,11,0.0,0.4545,0.1,41350,
6082,212672,8.7,1.0,61.9,13,0.1538,0.4615,0.1,41371,
6083,212672,-1.9,0.0,20.0,2,0.0,0.5,0.1,41371,
6084,212736,-5.2,0.0,23.53,12,0.1667,0.75,0.1,41385,
6085,212736,-5.2,0.0,23.53,12,0.0833,0.75,0.1,41385,
6086,212800,-3.5,0.0,26.67,8,0.125,0.375,0.1,41405,
6087,212800,-5.9,0.0,37.25,19,0.1579,0.6842,0.1,41405,
6088,212864,-5.4,0.0,27.45,14,0.1429,0.5,0.1,41420,
6089,212864,-4.3,0.0,28.57,8,0.125,0.375,0.1,41420,
6090,212928,9.4,1.0,22.73,5,0.0,0.8,0.1,41441,
6091,212928,-4.1,0.0,33.33,11,0.1818,0.5455,0.1,41441,
6092,212928,-5.9,0.0,17.65,9,0.0,0.3333,0.1,41441,
6093,212928,7.3,1.0,33.33,12,0.1667,0.9167,0.1,41441,
6094,212928,8.5,1.0,44.0,11,0.2727,0.7273,0.1,41441,
6095,212928,6.2,1.0,22.92,11,0.0909,0.6364,0.1,41441,
6096,212928,-5.2,0.0,23.53,12,0.1667,0.5833,0.1,41441,
6097,212992,-3.1,0.0,20.0,4,0.0,0.0,0.1,41460,
6098,213056,-6.0,0.0,39.22,20,0.15,0.45,0.1,41487,
6099,213056,-1.8,0.0,37.5,3,0.3333,0.6667,0.1,41487,
6100,213120,5.4,1.0,34.0,17,0.1765,0.5294,0.1,41510,
6101,213120,-0.3,0.0,50.0,2,0.5,0.5,0.1,41510,
6102,213120,-5.1,0.0,25.71,9,0.2222,0.2222,0.1,41510,
6103,213120,-5.2,0.0,25.0,9,0.0,0.5556,0.1,41510,
6104,213184,-1.6,0.0,50.0,3,0.0,0.0,0.1,41530,
6105,213184,-4.4,0.0,23.33,7,0.0,0.1429,0.1,41530,
6106,213184,-3.9,0.0,18.52,5,0.0,0.2,0.1,41530,
6107,213184,-6.7,0.0,33.33,17,0.0588,0.4706,0.1,41530,
6108,213248,7.0,1.0,37.84,14,0.1429,0.5,0.1,41543,
6109,213248,-6.9,0.0,37.25,19,0.0,0.6316,0.1,41543,
6110,213312,-1.5,0.0,33.33,2,0.0,0.5,0.1,41571,
6111,213312,-2.1,0.0,41.18,7,0.1429,0.2857,0.1,41571,
6112,213312,-4.4,0.0,48.0,12,0.0,0.3333,0.1,41571,
6113,213376,-2.4,0.0,70.0,7,0.1429,0.4286,0.1,41598,
6114,213376,8.7,1.0,47.83,11,0.0,0.4545,0.1,41598,
6115,213440,9.1,1.0,50.0,10,0.1,0.6,0.1,41623,
6116,213504,-1.0,0.0,44.44,4,0.25,0.5,0.1,41644,
6117,213504,11.2,1.0,50.0,3,1.0,1.0,0.1,41644,
6118,213568,10.8,1.0,30.0,3,0.0,0.6667,0.1,41662,
6119,213568,-2.9,0.0,60.0,12,0.0833,0.4167,0.1,41662,
6120,213632,-3.0,0.0,32.0,8,0.125,0.5,0.1,41688,
6121,213632,-4.0,0.0,22.22,6,0.0,0.3333,0.1,41688,
6122,213632,-4.1,0.0,30.77,8,0.0,0.625,0.1,41688,
6123,213696,-6.5,0.0,34.88,15,0.0667,0.4,0.1,41715,
6124,213696,7.6,1.0,36.36,12,0.0,0.3333,0.1,41715,
6125,213696,-1.8,0.0,37.5,3,0.0,0.6667,0.1,41715,
6126,213760,-6.4,0.0,27.45,14,0.0714,0.5,0.1,41734,
6127,213824,-1.9,0.0,20.0,2,0.5,0.5,0.1,41754,
6128,213824,8.3,1.0,40.74,11,0.0,0.4545,0.1,41754,
6129,213888,-6.1,0.0,41.18,21,0.0476,0.4286,0.1,41775,
6130,213888,-6.7,0.0,40.0,20,0.0,0.5,0.1,41775,
6131,213952,-1.2,0.0,25.0,3,0.0,0.3333,0.1,41800,
6132,214080,10.4,1.0,41.67,5,0.2,0.4,0.1,41847,
6133,214144,7.8,1.0,48.28,14,0.1429,0.7143,0.1,41870,
6134,214144,-4.5,0.0,35.71,10,0.3,0.5,0.1,41870,
6135,214208,8.6,1.0,40.0,10,0.0,0.7,0.1,41889,
6136,214208,8.9,1.0,45.45,10,0.2,0.4,0.1,41889,
6137,214272,7.4,1.0,42.42,14,0.1429,0.5,0.1,41913,
6138,214272,-5.4,0.0,27.45,14,0.0,0.5714,0.1,41913,
6139,214336,-5.5,0.0,29.41,15,0.0667,0.6,0.1,41936,
6140,214336,8.6,1.0,29.63,8,0.0,0.75,0.1,41936,
6141,214336,-2.4,0.0,35.0,7,0.1429,0.4286,0.1,41936,
6142,214400,-1.7,0.0,11.11,1,0.0,0.0,0.1,41960,
6143,214400,8.3,1.0,58.33,14,0.2143,0.7143,0.1,41960,
6144,214464,7.3,1.0,26.32,10,0.1,0.5,0.1,41988,
6145,214528,6.6,1.0,44.74,17,0.0588,0.6471,0.1,42006,
6146,214528,-6.5,0.0,29.41,15,0.1333,0.3333,0.1,42006,
6147,214528,-5.6,0.0,34.09,15,0.1333,0.3333,0.1,42006,
6148,214592,-2.2,0.0,19.05,4,0.0,0.25,0.1,42026,
6149,214656,-3.7,0.0,36.36,8,0.0,0.25,0.1,42046,
6150,214720,-4.1,0.0,36.0,9,0.0,0.5556,0.1,42067,
6151,214848,-1.4,0.0,40.0,2,0.0,0.5,0.1,42120,
6152,214912,9.4,1.0,42.11,8,0.125,0.875,0.1,42143,
6153,214976,-6.3,0.0,25.49,13,0.0769,0.6154,0.1,42168,
6154,214976,-5.8,0.0,35.29,18,0.0,0.5556,0.1,42168,
6155,214976,-5.9,0.0,17.65,9,0.1111,0.4444,0.1,42168,
6156,215040,10.1,1.0,66.67,8,0.0,0.75,0.1,42185,
6157,215040,6.4,1.0,50.0,19,0.1053,0.6842,0.1,42185,
6158,215104,-6.5,0.0,26.09,12,0.0833,0.5,0.1,42206,
6159,215104,-2.9,0.0,22.22,4,0.5,0.25,0.1,42206,
6160,215232,10.4,1.0,54.55,6,0.0,0.6667,0.1,42254,
6161,215232,-2.5,0.0,20.0,3,0.0,0.3333,0.1,42254,
6162,215232,-6.2,0.0,43.14,22,0.0909,0.4091,0.1,42254,
6163,215232,-4.4,0.0,27.59,8,0.0,0.375,0.1,42254,
6164,215232,-6.3,0.0,25.49,13,0.0,0.4615,0.1,42254,
6165,215296,-1.9,0.0,29.41,5,0.0,0.8,0.1,42268,
6166,215296,-1.3,0.0,50.0,2,0.0,0.0,0.1,42268,
6167,215296,-2.1,0.0,33.33,6,0.0,0.6667,0.1,42268,
6168,215360,8.2,1.0,50.0,13,0.0769,0.3846,0.1,42288,
6169,215360,-6.0,0.0,39.22,20,0.05,0.45,0.1,42288,
6170,215424,-1.6,0.0,12.5,1,0.0,0.0,0.1,42304,
6171,215424,-5.9,0.0,17.65,9,0.0,0.8889,0.1,42304,
6172,215488,-4.1,0.0,17.24,5,0.2,0.6,0.1,42326,
6173,215616,-6.3,0.0,25.49,13,0.0769,0.5385,0.1,42364,
6174,215616,7.5,1.0,48.39,15,0.0667,0.6667,0.1,42364,
6175,215616,-6.5,0.0,29.41,15,0.2,0.5333,0.1,42364,
6176,215744,-6.0,0.0,53.66,22,0.1364,0.5,0.1,42400,
6177,215744,-5.1,0.0,21.57,11,0.0,0.3636,0.1,42400,
6178,215808,-1.7,0.0,11.11,1,0.0,0.0,0.1,42420,
6179,215808,-5.0,0.0,19.61,10,0.1,0.5,0.1,42420,
6180,215872,10.2,1.0,46.15,6,0.1667,0.8333,0.1,42444,
6181,215872,-3.3,0.0,33.33,9,0.0,0.5556,0.1,42444,
6182,215936,-6.6,0.0,31.37,16,0.0,0.625,0.1,42462,
6183,215936,-6.9,0.0,37.25,19,0.0,0.7368,0.1,42462,
6184,215936,-6.5,0.0,23.4,11,0.0,0.5455,0.1,42462,
6185,215936,-2.1,0.0,27.27,3,0.0,0.6667,0.1,42462,
6186,215936,-7.4,0.0,42.55,20,0.05,0.4,0.1,42462,
6187,216000,-7.1,0.0,33.33,16,0.1875,0.5,0.1,42481,
6188,216000,-5.3,0.0,25.49,13,0.0,0.5385,0.1,42481,
6189,216064,-5.2,0.0,25.0,9,0.1111,0.5556,0.1,42506,
6190,216064,5.8,1.0,46.51,20,0.1,0.35,0.1,42506,
6191,216064,-6.2,0.0,35.42,17,0.0588,0.4706,0.1,42506,
6192,216128,6.9,1.0,44.44,16,0.0,0.5625,0.1,42530,
6193,216128,-4.6,0.0,21.88,7,0.0,0.5714,0.1,42530,
6194,216192,-6.1,0.0,21.57,11,0.0,0.3636,0.1,42550,
6195,216192,-1.1,0.0,16.67,2,0.0,0.5,0.1,42550,
6196,216192,-2.3,0.0,14.29,2,0.0,0.5,0.1,42550,
6197,216256,-5.0,0.0,43.33,13,0.1538,0.4615,0.1,42576,
6198,216256,-2.8,0.0,31.25,5,0.2,0.0,0.1,42576,
6199,216320,-6.7,0.0,33.33,17,0.0,0.5294,0.1,42606,
6200,216384,-3.9,0.0,33.33,8,0.125,0.125,0.1,42628,
6201,216384,-5.6,0.0,31.37,16,0.125,0.5625,0.1,42628,
6202,216448,-6.4,0.0,27.45,14,0.0714,0.5,0.1,42646,
6203,216448,9.9,1.0,46.67,7,0.0,0.7143,0.1,42646,
6204,216512,-1.8,0.0,37.5,3,0.0,0.3333,0.1,42670,
6205,216512,-3.6,0.0,31.82,7,0.1429,0.4286,0.1,42670,
6206,216512,-5.3,0.0,35.29,12,0.0833,0.5,0.1,42670,
6207,216576,-5.7,0.0,33.33,17,0.1176,0.3529,0.1,42688,
6208,216640,-6.8,0.0,35.29,18,0.1111,0.5556,0.1,42710,
6209,216704,-5.2,0.0,23.53,12,0.0833,0.25,0.1,42733,
6210,216704,6.7,1.0,58.82,20,0.2,0.25,0.1,42733,
6211,216704,-0.8,0.0,22.22,2,0.0,0.5,0.1,42733,
6212,216768,-6.1,0.0,41.18,21,0.0476,0.4762,0.1,42757,
6213,216768,-6.2,0.0,23.53,12,0.0,0.4167,0.1,42757,
6214,216768,-2.4,0.0,28.57,6,0.0,0.3333,0.1,42757,
6215,216768,-1.9,0.0,50.0,4,0.5,0.5,0.1,42757,
6216,216832,-6.5,0.0,29.41,15,0.0667,0.5333,0.1,42779,
6217,216832,-6.5,0.0,29.41,15,0.0667,0.3333,0.1,42779,
6218,216832,5.2,1.0,38.0,19,0.1579,0.5263,0.1,42779,
6219,216960,-5.8,0.0,35.29,18,0.0,0.5556,0.1,42826,
6220,216960,-2.3,0.0,33.33,4,0.0,0.25,0.1,42826,
6221,217024,-2.7,0.0,17.65,3,0.0,0.0,0.1,42844,
6222,217024,9.5,1.0,52.94,9,0.1111,0.5556,0.1,42844,
6223,217088,9.8,1.0,35.29,6,0.3333,1.0,0.1,42868,
6224,217088,-1.4,0.0,41.67,5,0.2,0.4,0.1,42868,
6225,217152,-5.7,0.0,33.33,17,0.0588,0.5882,0.1,42898,
6226,217152,-3.1,0.0,41.18,7,0.0,0.4286,0.1,42898,
6227,217152,-5.5,0.0,29.41,15,0.0,0.4,0.1,42898,
6228,217216,-4.8,0.0,41.38,12,0.0833,0.1667,0.1,42921,
6229,217216,10.0,1.0,61.54,8,0.125,0.75,0.1,42921,
6230,217280,9.6,1.0,38.89,7,0.1429,0.7143,0.1,42951,
6231,217280,9.7,1.0,41.18,7,0.4286,0.2857,0.1,42951,
6232,217280,-3.6,0.0,31.82,7,0.1429,0.4286,0.1,42951,
6233,217280,8.8,1.0,43.48,10,0.0,0.8,0.1,42951,
6234,217344,-4.5,0.0,18.75,6,0.0,0.6667,0.1,42976,
6235,217472,-6.9,0.0,37.25,19,0.0526,0.4737,0.1,43021,
6236,217536,10.2,1.0,72.73,8,0.0,0.75,0.1,43041,
6237,217600,-6.2,0.0,43.14,22,0.2273,0.5,0.1,43067,
6238,217664,-6.6,0.0,31.37,16,0.0625,0.5625,0.1,43089,
6239,217664,-5.8,0.0,35.29,18,0.0,0.5,0.1,43089,
6240,217728,-7.0,0.0,39.22,20,0.05,0.6,0.1,43111,
6241,217728,-1.5,0.0,14.29,1,0.0,0.0,0.1,43111,
6242,217728,-5.1,0.0,33.33,11,0.1818,0.4545,0.1,43111,
6243,217728,8.7,1.0,47.83,11,0.0,0.6364,0.1,43111,
6244,217856,-5.7,0.0,33.33,17,0.0588,0.3529,0.1,43164,
6245,217856,-2.7,0.0,42.86,6,0.0,0.5,0.1,43164,
6246,217920,7.4,1.0,38.24,13,0.1538,0.5385,0.1,43184,
6247,217920,-5.4,0.0,27.45,14,0.0714,0.5714,0.1,43184,
6248,217984,-6.5,0.0,29.41,15,0.2,0.6,0.1,43206,
6249,218048,9.3,1.0,21.74,5,0.0,0.4,0.1,43225,
6250,218048,-4.4,0.0,19.35,6,0.0,0.3333,0.1,43225,
6251,218048,10.7,1.0,27.27,3,0.0,0.6667,0.1,43225,
6252,218112,-6.0,0.0,40.0,18,0.0,0.6111,0.1,43246,
6253,218112,-6.0,0.0,35.9,14,0.0714,0.5,0.1,43246,
6254,218240,-1.9,0.0,50.0,4,0.25,0.25,0.1,43285,
6255,218240,-4.7,0.0,48.15,13,0.0,0.3846,0.1,43285,
6256,218240,-6.8,0.0,35.29,18,0.1111,0.5556,0.1,43285,
6257,218240,-5.4,0.0,27.45,14,0.0714,0.3571,0.1,43285,
6258,218240,-5.2,0.0,23.53,12,0.0833,0.3333,0.1,43285,
6259,218240,-1.3,0.0,20.0,1,0.0,0.0,0.1,43285,
6260,218304,-4.9,0.0,40.54,15,0.0667,0.4667,0.1,43319,
6261,218304,-3.6,0.0,34.48,10,0.1,0.4,0.1,43319,
6262,218304,7.0,1.0,37.84,14,0.0714,0.5714,0.1,43319,
6263,218368,9.1,1.0,66.67,12,0.0,0.6667,0.1,43339,
6264,218368,-7.2,0.0,43.14,22,0.0909,0.2273,0.1,43339,
6265,218432,-2.1,0.0,16.67,2,0.0,0.0,0.1,43358,
6266,218496,7.3,1.0,71.43,20,0.1,0.4,0.1,43385,
6267,218496,-6.6,0.0,31.37,16,0.0625,0.625,0.1,43385,
6268,218560,-6.6,0.0,31.37,16,0.0625,0.375,0.1,43411,
6269,218624,-6.3,0.0,30.23,13,0.0769,0.4615,0.1,43435,
6270,218624,-7.5,0.0,44.68,21,0.0476,0.4286,0.1,43435,
6271,218624,-4.4,0.0,23.33,7,0.0,0.1429,0.1,43435,
6272,218624,-5.7,0.0,33.33,17,0.0588,0.4118,0.1,43435,
6273,218688,-1.5,0.0,33.33,2,0.0,0.0,0.1,43454,
6274,218688,-1.7,0.0,66.67,4,0.0,0.25,0.1,43454,
6275,218752,-1.6,0.0,12.5,1,0.0,0.0,0.1,43468,
6276,218752,-2.9,0.0,29.41,5,0.0,0.2,0.1,43468,
6277,218816,10.5,1.0,33.33,4,0.25,0.5,0.1,43490,
6278,218816,-2.8,0.0,23.53,4,0.25,0.5,0.1,43490,
6279,218816,-2.3,0.0,33.33,4,0.25,0.5,0.1,43490,
6280,218816,9.9,1.0,46.67,7,0.0,0.5714,0.1,43490,
6281,218816,6.7,1.0,25.58,11,0.0909,0.4545,0.1,43490,
6282,218880,10.3,1.0,20.0,3,0.0,1.0,0.1,43511,
6283,218880,-6.3,0.0,43.48,20,0.0,0.4,0.1,43511,
6284,219008,-2.8,0.0,31.25,5,0.2,0.2,0.1,43563,
6285,219008,-5.4,0.0,34.29,12,0.0833,0.4167,0.1,43563,
6286,219008,-6.1,0.0,41.18,21,0.0476,0.4286,0.1,43563,
6287,219072,10.2,1.0,46.15,6,0.0,0.6667,0.1,43585,
6288,219072,-6.4,0.0,27.45,14,0.0714,0.4286,0.1,43585,
6289,219136,-5.6,0.0,19.51,8,0.0,0.5,0.1,43604,
6290,219136,-1.6,0.0,50.0,3,0.6667,0.3333,0.1,43604,
6291,219200,-1.0,0.0,44.44,4,0.25,0.5,0.1,43630,
6292,219200,-3.5,0.0,33.33,7,0.1429,0.4286,0.1,43630,
6293,219200,-4.9,0.0,40.0,12,0.0833,0.5,0.1,43630,
6294,219264,11.0,1.0,37.5,3,0.0,0.3333,0.1,43653,
6295,219264,6.0,1.0,41.86,18,0.0556,0.6111,0.1,43653,
6296,219264,-4.0,0.0,26.92,7,0.0,0.2857,0.1,43653,
6297,219328,11.4,1.0,40.0,2,1.0,1.0,0.1,43675,
6298,219392,-3.0,0.0,27.78,5,0.2,0.4,0.1,43695,
6299,219456,4.7,1.0,45.1,23,0.1304,0.4348,0.1,43709,
6300,219520,-2.3,0.0,36.84,7,0.0,0.4286,0.1,43732,
6301,219520,5.9,1.0,55.0,22,0.0455,0.5455,0.1,43732,
6302,219520,11.2,1.0,50.0,3,0.0,0.6667,0.1,43732,
6303,219648,-5.9,0.0,36.84,14,0.0,0.5714,0.1,43777,
6304,219648,-6.0,0.0,39.22,20,0.05,0.4,0.1,43777,
6305,219712,-6.8,0.0,35.29,18,0.0,0.5,0.1,43800,
6306,219712,-2.6,0.0,35.71,5,0.0,0.6,0.1,43800,
6307,219840,-3.7,0.0,30.43,7,0.1429,0.2857,0.1,43852,
6308,219840,9.7,1.0,50.0,8,0.0,0.625,0.1,43852,
6309,219904,-6.1,0.0,21.57,11,0.1818,0.2727,0.1,43887,
6310,219904,5.1,1.0,40.0,20,0.05,0.65,0.1,43887,
6311,219968,6.0,1.0,35.56,16,0.0,0.6875,0.1,43908,
6312,220032,-5.8,0.0,35.29,18,0.1667,0.5,0.1,43934,
6313,220032,-6.3,0.0,25.49,13,0.1538,0.5385,0.1,43934,
6314,220032,-6.0,0.0,39.22,20,0.15,0.55,0.1,43934,
6315,220096,-6.5,0.0,29.41,15,0.0667,0.4,0.1,43957,
6316,220096,-6.5,0.0,29.41,15,0.1333,0.3333,0.1,43957,
6317,220096,-7.0,0.0,31.25,15,0.3333,0.4,0.1,43957,
6318,220160,5.9,1.0,31.91,15,0.0667,0.6,0.1,43980,
6319,220224,-6.2,0.0,41.03,16,0.0,0.5,0.1,44003,
6320,220224,8.8,1.0,13.79,4,0.0,0.5,0.1,44003,
6321,220224,-2.2,0.0,36.36,4,0.0,0.0,0.1,44003,
6322,220288,-2.9,0.0,29.41,5,0.0,0.6,0.1,44030,
6323,220288,-7.1,0.0,41.18,21,0.0,0.381,0.1,44030,
6324,220352,-5.2,0.0,23.53,12,0.0,0.5833,0.1,44060,
6325,220416,-7.5,0.0,49.02,25,0.08,0.48,0.1,44087,
6326,220416,-5.9,0.0,37.25,19,0.0526,0.4737,0.1,44087,
6327,220480,-1.8,0.0,57.14,4,0.0,0.0,0.1,44111,
6328,220480,7.0,1.0,45.71,16,0.0,0.5,0.1,44111,
6329,220544,-5.1,0.0,21.57,11,0.1818,0.4545,0.1,44129,
6330,220544,-1.6,0.0,50.0,3,0.6667,0.3333,0.1,44129,
6331,220544,-7.7,0.0,52.94,27,0.037,0.4074,0.1,44129,
6332,220608,-6.9,0.0,29.17,14,0.0714,0.4286,0.1,44151,
6333,220608,-2.8,0.0,34.78,8,0.125,0.375,0.1,44151,
6334,220608,-3.6,0.0,38.1,8,0.0,0.5,0.1,44151,
6335,220672,9.8,1.0,43.75,7,0.0,0.1429,0.1,44173,
6336,220736,11.1,1.0,25.0,2,0.0,0.5,0.1,44189,
6337,220736,-7.4,0.0,47.06,24,0.125,0.5417,0.1,44189,
6338,220736,-1.8,0.0,31.25,5,0.0,0.4,0.1,44189,
6339,220864,-4.6,0.0,50.0,13,0.0,0.3077,0.1,44226,
6340,220928,-4.2,0.0,50.0,15,0.0,0.5333,0.1,44247,
6341,220992,4.9,1.0,41.18,21,0.0952,0.2381,0.1,44275,
6342,220992,6.6,1.0,41.03,16,0.1875,0.625,0.1,44275,
6343,221056,-2.5,0.0,20.0,3,0.0,0.6667,0.1,44300,
6344,221056,-2.6,0.0,26.67,4,0.25,0.75,0.1,44300,
6345,221056,-2.1,0.0,27.27,3,0.6667,0.6667,0.1,44300,
6346,221120,-4.5,0.0,50.0,16,0.0625,0.625,0.1,44320,
6347,221120,-3.0,0.0,32.0,8,0.0,0.5,0.1,44320,
6348,221120,8.8,1.0,43.48,10,0.2,0.7,0.1,44320,
6349,221184,-3.8,0.0,34.78,8,0.125,0.375,0.1,44344,
6350,221312,4.3,1.0,56.0,28,0.0357,0.5,0.1,44391,
6351,221312,-6.0,0.0,19.61,10,0.0,0.6,0.1,44391,
6352,221376,-6.2,0.0,23.53,12,0.1667,0.6667,0.1,44419,
6353,221440,-2.5,0.0,38.46,5,0.2,0.4,0.1,44445,
6354,221440,-2.0,0.0,27.78,5,0.0,0.0,0.1,44445,
6355,221440,-5.4,0.0,42.42,14,0.2857,0.2857,0.1,44445,
6356,221440,-1.5,0.0,33.33,2,0.0,0.0,0.1,44445,
6357,221440,10.8,1.0,44.44,4,0.25,0.75,0.1,44445,
6358,221504,-5.9,0.0,37.25,19,0.0526,0.4737,0.1,44469,
6359,221504,-0.4,0.0,16.67,1,0.0,0.0,0.1,44469,
6360,221504,-6.5,0.0,29.41,15,0.2,0.1333,0.1,44469,
6361,221568,9.2,1.0,38.1,8,0.25,0.375,0.1,44488,
6362,221632,9.7,1.0,50.0,8,0.125,0.5,0.1,44509,
6363,221696,-5.5,0.0,29.41,15,0.0,0.4,0.1,44537,
6364,221696,11.4,1.0,40.0,2,0.0,1.0,0.1,44537,
6365,221760,-6.9,0.0,37.25,19,0.0,0.4737,0.1,44559,
6366,221760,-3.4,0.0,27.59,8,0.125,0.25,0.1,44559,
6367,221824,5.4,1.0,36.73,18,0.1111,0.4444,0.1,44579,
6368,221824,6.0,1.0,38.64,17,0.1765,0.6471,0.1,44579,
6369,221824,-7.0,0.0,39.22,20,0.0,0.55,0.1,44579,
6370,221888,-6.9,0.0,37.25,19,0.1053,0.5263,0.1,44604,
6371,221888,11.4,1.0,40.0,2,0.0,1.0,0.1,44604,
6372,221888,-5.2,0.0,23.53,12,0.1667,0.3333,0.1,44604,
6373,221888,-6.1,0.0,41.18,21,0.0476,0.4762,0.1,44604,
6374,221888,-1.5,0.0,33.33,2,0.0,0.5,0.1,44604,
6375,221952,-4.9,0.0,31.25,10,0.1,0.6,0.1,44625,
6376,221952,-2.9,0.0,57.14,8,0.125,0.25,0.1,44625,
6377,221952,-2.6,0.0,26.67,4,0.0,0.75,0.1,44625,
6378,221952,-6.4,0.0,47.06,24,0.125,0.375,0.1,44625,
6379,221952,-3.0,0.0,64.29,9,0.1111,0.2222,0.1,44625,
6380,221952,-2.9,0.0,15.79,3,0.0,0.6667,0.1,44625,
6381,222016,7.3,1.0,54.84,17,0.1765,0.1765,0.1,44647,
6382,222080,-6.6,0.0,31.37,16,0.125,0.375,0.1,44664,
6383,222080,6.6,1.0,25.0,11,0.0,0.4545,0.1,44664,
6384,222080,-6.5,0.0,29.41,15,0.0,0.3333,0.1,44664,
6385,222080,-7.1,0.0,41.18,21,0.0476,0.3333,0.1,44664,
6386,222144,-5.6,0.0,31.37,16,0.0,0.4375,0.1,44677,
6387,222144,-7.6,0.0,35.29,18,0.1111,0.3333,0.1,44677,
6388,222208,-3.2,0.0,47.06,8,0.0,0.5,0.1,44702,
6389,222272,-6.0,0.0,31.25,15,0.0667,0.3333,0.1,44722,
6390,222336,-2.5,0.0,28.57,4,0.0,0.25,0.1,44743,
6391,222336,-5.7,0.0,33.33,17,0.1176,0.3529,0.1,44743,
6392,222400,-4.9,0.0,40.0,12,0.0,0.0833,0.1,44760,
6393,222464,-2.2,0.0,66.67,6,0.3333,0.5,0.1,44782,
6394,222464,10.6,1.0,87.5,7,0.2857,0.5714,0.1,44782,
6395,222464,-4.7,0.0,37.93,11,0.0,0.7273,0.1,44782,
6396,222464,-1.7,0.0,25.0,2,0.0,0.5,0.1,44782,
6397,222528,-6.4,0.0,31.37,16,0.0,0.5,0.1,44800,
6398,222528,5.5,1.0,34.69,17,0.0,0.7059,0.1,44800,
6399,222656,-2.0,0.0,8.33,1,0.0,0.0,0.1,44841,
6400,222720,-1.9,0.0,46.67,7,0.4286,0.4286,0.1,44863,
6401,222720,10.6,1.0,36.36,4,0.0,1.0,0.1,44863,
6402,222720,10.8,1.0,30.0,3,0.3333,0.6667,0.1,44863,
6403,222720,-6.6,0.0,31.37,16,0.125,0.5,0.1,44863,
6404,222784,-6.8,0.0,35.29,18,0.0,0.3889,0.1,44884,
6405,222784,-4.5,0.0,35.71,10,0.0,0.3,0.1,44884,
6406,222784,6.6,1.0,37.5,15,0.2,0.6,0.1,44884,
6407,222784,5.1,1.0,66.67,28,0.0357,0.5357,0.1,44884,
6408,222848,5.9,1.0,31.91,15,0.0667,0.6667,0.1,44901,
6409,222848,-2.8,0.0,29.17,7,0.0,0.5714,0.1,44901,
6410,222848,-3.6,0.0,31.82,7,0.0,0.7143,0.1,44901,
6411,222848,-2.5,0.0,50.0,6,0.1667,0.5,0.1,44901,
6412,222912,8.1,1.0,42.86,12,0.25,0.5833,0.1,44929,
6413,222912,-6.2,0.0,57.14,20,0.2,0.35,0.1,44929,
6414,222976,-4.5,0.0,35.71,10,0.0,0.4,0.1,44948,
6415,222976,-1.7,0.0,25.0,2,0.0,0.5,0.1,44948,
6416,222976,-3.3,0.0,30.0,6,0.0,0.5,0.1,44948,
6417,223040,-6.5,0.0,23.4,11,0.0,0.5455,0.1,44969,
6418,223040,11.7,1.0,33.33,1,0.0,1.0,0.1,44969,
6419,223040,-6.1,0.0,38.46,15,0.1333,0.3333,0.1,44969,
6420,223104,-6.2,0.0,23.53,12,0.0833,0.4167,0.1,44989,
6421,223168,-2.2,0.0,56.25,9,0.0,0.2222,0.1,45011,
6422,223168,9.5,1.0,52.94,9,0.0,0.3333,0.1,45011,
6423,223232,-6.1,0.0,41.18,21,0.0,0.4286,0.1,45026,
6424,223296,-6.2,0.0,27.91,12,0.0,0.25,0.1,45044,
6425,223296,-1.7,0.0,42.86,3,0.0,0.3333,0.1,45044,
6426,223424,-2.6,0.0,20.83,5,0.0,0.0,0.1,45088,
6427,223552,-5.5,0.0,29.41,15,0.0667,0.4667,0.1,45128,
6428,223616,-2.5,0.0,28.57,4,0.25,0.25,0.1,45148,
6429,223680,-7.2,0.0,43.14,22,0.0455,0.4545,0.1,45176,
6430,223680,-4.3,0.0,33.33,9,0.1111,0.4444,0.1,45176,
6431,223680,-5.5,0.0,29.41,15,0.0,0.6,0.1,45176,
6432,223680,-2.2,0.0,31.58,6,0.1667,0.1667,0.1,45176,
6433,223744,-4.6,0.0,36.11,13,0.0769,0.3077,0.1,45189,
6434,223744,-6.3,0.0,25.49,13,0.0,0.5385,0.1,45189,
6435,223744,-3.3,0.0,30.0,6,0.0,0.6667,0.1,45189,
6436,223744,-2.1,0.0,16.67,2,0.0,0.0,0.1,45189,
6437,223808,-5.4,0.0,27.45,14,0.2143,0.4286,0.1,45206,
6438,223808,-4.5,0.0,31.03,9,0.1111,0.5556,0.1,45206,
6439,223872,-2.2,0.0,36.36,4,0.0,0.25,0.1,45228,
6440,223936,-2.6,0.0,18.75,3,0.0,0.0,0.1,45251,
6441,223936,-4.3,0.0,28.57,8,0.125,0.375,0.1,45251,
6442,224000,-6.7,0.0,33.33,17,0.0588,0.4118,0.1,45270,
6443,224000,-6.0,0.0,39.22,20,0.05,0.4,0.1,45270,
6444,224000,7.7,1.0,46.67,14,0.1429,0.2857,0.1,45270,
6445,224064,-6.1,0.0,45.95,17,0.1765,0.4118,0.1,45289,
6446,224064,10.0,1.0,31.25,5,0.0,1.0,0.1,45289,
6447,224064,-2.8,0.0,23.53,4,0.0,0.25,0.1,45289,
6448,224192,-5.7,0.0,33.33,17,0.1765,0.5882,0.1,45332,
6449,224192,-6.8,0.0,41.86,18,0.1111,0.3889,0.1,45332,
6450,224320,-1.8,0.0,22.22,2,0.0,0.0,0.1,45381,
6451,224320,8.9,1.0,33.33,8,0.25,0.5,0.1,45381,
6452,224320,-7.2,0.0,38.3,18,0.0556,0.6667,0.1,45381,
6453,224512,5.8,1.0,34.04,16,0.0625,0.5,0.1,45453,
6454,224576,-0.7,0.0,11.11,1,0.0,0.0,0.1,45480,
6455,224576,7.7,1.0,51.72,15,0.0,0.6667,0.1,45480,
6456,224640,8.5,1.0,28.57,8,0.0,0.5,0.1,45503,
6457,224704,-2.1,0.0,16.67,2,0.0,0.0,0.1,45528,
6458,224704,-6.6,0.0,31.37,16,0.0625,0.625,0.1,45528,
6459,224768,-5.7,0.0,33.33,17,0.1176,0.4118,0.1,45547,
6460,224832,-6.4,0.0,42.5,17,0.0588,0.4118,0.1,45564,
6461,224832,-5.7,0.0,35.14,13,0.0769,0.3846,0.1,45564,
6462,224832,-1.9,0.0,20.0,2,0.0,0.0,0.1,45564,
6463,224896,-3.4,0.0,23.33,7,0.0,0.5714,0.1,45582,
6464,224896,-6.2,0.0,23.53,12,0.0,0.5,0.1,45582,
6465,225024,-1.5,0.0,33.33,2,0.5,0.5,0.1,45633,
6466,225024,-5.9,0.0,26.53,13,0.0769,0.3846,0.1,45633,
6467,225024,-4.6,0.0,34.48,10,0.1,0.5,0.1,45633,
6468,225024,-6.9,0.0,37.25,19,0.1579,0.5263,0.1,45633,
6469,225088,-5.5,0.0,29.41,15,0.0667,0.3333,0.1,45649,
6470,225088,-6.7,0.0,33.33,17,0.0588,0.2941,0.1,45649,
6471,225088,-6.3,0.0,25.49,13,0.0769,0.6154,0.1,45649,
6472,225152,-5.7,0.0,42.86,15,0.0667,0.3333,0.1,45668,
6473,225152,-5.9,0.0,17.65,9,0.0,0.3333,0.1,45668,
6474,225152,8.7,1.0,36.0,9,0.1111,0.4444,0.1,45668,
6475,225152,-4.1,0.0,47.83,11,0.0909,0.5455,0.1,45668,
6476,225216,-5.8,0.0,35.29,18,0.0,0.5,0.1,45690,
6477,225216,-5.8,0.0,35.29,18,0.1111,0.3333,0.1,45690,
6478,225280,10.0,1.0,40.0,6,0.3333,0.5,0.1,45711,
6479,225344,-0.5,0.0,60.0,3,0.3333,0.3333,0.1,45735,
6480,225472,-4.9,0.0,17.65,9,0.1111,0.5556,0.1,45782,
6481,225536,10.7,1.0,75.0,6,0.1667,0.6667,0.1,45805,
6482,225536,-5.8,0.0,18.6,8,0.125,0.375,0.1,45805,
6483,225536,-3.3,0.0,36.84,7,0.0,0.4286,0.1,45805,
6484,225600,6.9,1.0,40.54,15,0.3333,0.6667,0.1,45832,
6485,225600,-5.0,0.0,19.61,10,0.0,0.6,0.1,45832,
6486,225600,-5.7,0.0,33.33,17,0.0588,0.5294,0.1,45832,
6487,225600,7.8,1.0,48.28,14,0.0,0.5714,0.1,45832,
6488,225600,-4.6,0.0,34.48,10,0.2,0.6,0.1,45832,
6489,225664,-6.3,0.0,25.49,13,0.1538,0.4615,0.1,45860,
6490,225664,10.1,1.0,33.33,5,0.4,0.6,0.1,45860,
6491,225728,8.2,1.0,30.0,9,0.0,0.5556,0.1,45876,
6492,225728,4.8,1.0,46.0,23,0.1739,0.4783,0.1,45876,
6493,225792,8.5,1.0,44.0,11,0.0,0.3636,0.1,45898,
6494,225792,-6.5,0.0,29.41,15,0.0,0.4667,0.1,45898,
6495,225856,-3.2,0.0,19.05,4,0.0,0.75,0.1,45925,
6496,225856,-2.3,0.0,33.33,4,0.0,0.25,0.1,45925,
6497,225856,-2.2,0.0,36.36,4,0.0,0.5,0.1,45925,
6498,225856,-5.3,0.0,60.0,21,0.0,0.381,0.1,45925,
6499,225856,-6.0,0.0,28.57,14,0.0714,0.4286,0.1,45925,
6500,225920,-5.4,0.0,27.45,14,0.0714,0.5,0.1,45946,
6501,225984,-6.1,0.0,21.57,11,0.0909,0.6364,0.1,45965,
6502,225984,5.7,1.0,28.0,14,0.1429,0.4286,0.1,45965,
6503,226048,-5.5,0.0,29.73,11,0.0909,0.4545,0.1,45986,
6504,226048,-1.5,0.0,14.29,1,0.0,0.0,0.1,45986,
6505,226048,-6.8,0.0,35.29,18,0.0556,0.5,0.1,45986,
6506,226048,-3.1,0.0,26.32,5,0.2,0.2,0.1,45986,
6507,226112,-7.1,0.0,41.18,21,0.0,0.5238,0.1,46002,
6508,226176,-6.9,0.0,37.78,17,0.1765,0.4706,0.1,46029,
6509,226176,-5.1,0.0,22.22,8,0.0,0.625,0.1,46029,
6510,226240,10.4,1.0,54.55,6,0.1667,0.6667,0.1,46052,
6511,226304,9.1,1.0,30.43,7,0.1429,1.0,0.1,46073,
6512,226304,-5.9,0.0,37.25,19,0.0,0.7368,0.1,46073,
6513,226304,-6.1,0.0,21.57,11,0.0,0.5455,0.1,46073,
6514,226304,-2.2,0.0,36.36,4,0.25,0.25,0.1,46073,
6515,226368,-6.2,0.0,23.53,12,0.0833,0.5,0.1,46100,
6516,226368,-5.0,0.0,19.44,7,0.0,0.2857,0.1,46100,
6517,226432,-3.4,0.0,35.0,7,0.0,0.4286,0.1,46113,
6518,226496,-2.5,0.0,33.33,7,0.1429,0.5714,0.1,46136,
6519,226496,-3.6,0.0,38.1,8,0.0,0.375,0.1,46136,
6520,226496,-1.7,0.0,66.67,4,0.25,0.0,0.1,46136,
6521,226560,-2.9,0.0,29.41,5,0.0,0.4,0.1,46158,
6522,226560,-4.2,0.0,52.17,12,0.0833,0.4167,0.1,46158,
6523,226560,-6.3,0.0,25.49,13,0.0769,0.6154,0.1,46158,
6524,226560,-4.5,0.0,37.14,13,0.0769,0.5385,0.1,46158,
6525,226624,-0.4,0.0,16.67,1,0.0,0.0,0.1,46179,
6526,226624,-2.3,0.0,23.08,3,0.3333,0.3333,0.1,46179,
6527,226624,-0.5,0.0,60.0,3,0.6667,0.3333,0.1,46179,
6528,226624,-4.7,0.0,25.0,10,0.1,0.3,0.1,46179,
6529,226624,-6.0,0.0,26.19,11,0.0,0.6364,0.1,46179,
6530,226624,-0.4,0.0,40.0,2,0.0,0.0,0.1,46179,
6531,226688,-7.1,0.0,41.18,21,0.0952,0.4286,0.1,46202,
6532,226688,-1.9,0.0,20.0,2,0.5,0.5,0.1,46202,
6533,226752,9.9,1.0,83.33,10,0.1,0.2,0.1,46224,
6534,226880,11.0,1.0,57.14,4,0.5,1.0,0.1,46274,
6535,226880,10.0,1.0,40.0,6,0.0,1.0,0.1,46274,
6536,226944,-2.5,0.0,28.57,4,0.0,0.5,0.1,46299,
6537,226944,-3.8,0.0,14.81,4,0.0,0.25,0.1,46299,
6538,226944,-1.3,0.0,20.0,1,0.0,0.0,0.1,46299,
6539,226944,-6.8,0.0,54.9,28,0.0357,0.4286,0.1,46299,
6540,226944,-6.1,0.0,21.57,11,0.0,0.7273,0.1,46299,
6541,227008,4.5,1.0,52.0,26,0.0,0.5385,0.1,46322,
6542,227008,-6.9,0.0,37.25,19,0.0526,0.5263,0.1,46322,
6543,227072,9.8,1.0,64.29,9,0.1111,0.7778,0.1,46347,
6544,227072,11.0,1.0,57.14,4,0.5,0.75,0.1,46347,
6545,227136,-4.5,0.0,15.15,5,0.0,0.4,0.1,46376,
6546,227200,-3.9,0.0,23.08,6,0.1667,0.3333,0.1,46395,
6547,227200,-1.8,0.0,37.5,3,0.0,0.3333,0.1,46395,
6548,227200,5.1,1.0,40.0,20,0.05,0.35,0.1,46395,
6549,227264,7.0,1.0,34.21,13,0.0,0.5385,0.1,46410,
6550,227264,-7.1,0.0,41.18,21,0.0476,0.381,0.1,46410,
6551,227328,-7.5,0.0,33.33,17,0.1176,0.4118,0.1,46430,
6552,227328,5.8,1.0,46.51,20,0.2,0.55,0.1,46430,
6553,227456,8.0,1.0,36.67,11,0.0,0.5455,0.1,46470,
6554,227456,-4.3,0.0,33.33,9,0.0,0.4444,0.1,46470,
6555,227520,-0.6,0.0,12.5,1,0.0,0.0,0.1,46486,
6556,227584,6.5,1.0,33.33,14,0.0,0.4286,0.1,46513,
6557,227584,-2.5,0.0,20.0,3,0.0,0.3333,0.1,46513,
6558,227584,-3.2,0.0,31.58,6,0.1667,0.3333,0.1,46513,
6559,227584,-3.2,0.0,31.58,6,0.0,0.6667,0.1,46513,
6560,227712,-5.1,0.0,37.5,12,0.0,0.3333,0.1,46551,
6561,227712,-3.0,0.0,27.78,5,0.2,0.2,0.1,46551,
6562,227776,-2.5,0.0,38.46,5,0.2,0.4,0.1,46572,
6563,227776,-5.3,0.0,35.29,12,0.0,0.5,0.1,46572,
6564,227776,-7.0,0.0,31.25,15,0.0667,0.2,0.1,46572,
6565,227840,-6.8,0.0,35.29,18,0.0,0.5556,0.1,46587,
6566,227904,-5.8,0.0,41.67,15,0.0,0.4667,0.1,46603,
6567,227968,-2.5,0.0,50.0,6,0.1667,0.5,0.1,46627,
6568,228032,-5.1,0.0,25.58,11,0.0909,0.1818,0.1,46647,
6569,228032,-6.9,0.0,37.25,19,0.1053,0.4737,0.1,46647,
6570,228160,-2.6,0.0,11.76,2,0.0,0.0,0.1,46703,
6571,228160,-1.8,0.0,22.22,2,0.0,0.0,0.1,46703,
6572,228160,-4.4,0.0,30.56,11,0.1818,0.6364,0.1,46703,
6573,228160,-5.7,0.0,33.33,17,0.1176,0.4118,0.1,46703,
6574,228224,6.9,1.0,40.54,15,0.0667,0.5333,0.1,46722,
6575,228288,-6.3,0.0,25.49,13,0.0,0.3846,0.1,46742,
6576,228288,9.4,1.0,68.75,11,0.0,0.6364,0.1,46742,
6577,228352,-5.7,0.0,33.33,17,0.0588,0.2941,0.1,46764,
6578,228416,11.3,1.0,33.33,2,0.0,1.0,0.1,46783,
6579,228480,-4.4,0.0,27.59,8,0.125,0.375,0.1,46804,
6580,228480,-3.8,0.0,29.17,7,0.0,0.2857,0.1,46804,
6581,228480,-2.5,0.0,20.0,3,0.0,0.3333,0.1,46804,
6582,228480,-6.8,0.0,35.29,18,0.1111,0.6111,0.1,46804,
6583,228544,5.9,1.0,44.19,19,0.0526,0.5263,0.1,46824,
6584,228608,-2.6,0.0,35.71,5,0.0,0.6,0.1,46850,
6585,228608,-5.8,0.0,35.29,18,0.0556,0.3889,0.1,46850,
6586,228608,-1.9,0.0,22.22,4,0.0,0.0,0.1,46850,
6587,228608,-5.9,0.0,20.93,9,0.1111,0.4444,0.1,46850,
6588,228608,-4.8,0.0,27.5,11,0.0,0.5455,0.1,46850,
6589,228736,5.9,1.0,37.78,17,0.2353,0.6471,0.1,46883,
6590,228736,-0.7,0.0,25.0,2,0.0,0.5,0.1,46883,
6591,228864,-6.1,0.0,22.73,10,0.1,0.5,0.1,46930,
6592,228864,-5.7,0.0,38.89,14,0.0714,0.5,0.1,46930,
6593,228864,7.0,1.0,41.67,15,0.1333,0.6,0.1,46930,
6594,228864,-7.2,0.0,43.14,22,0.0909,0.4091,0.1,46930,
6595,228928,-6.4,0.0,27.45,14,0.0,0.6429,0.1,46953,
6596,228928,8.3,1.0,40.74,11,0.1818,0.5455,0.1,46953,
6597,228992,-5.8,0.0,35.29,18,0.0556,0.4444,0.1,46968,
6598,229056,10.3,1.0,63.64,7,0.1429,0.8571,0.1,46995,
6599,229120,-3.8,0.0,29.17,7,0.0,0.0,0.1,47017,
6600,229120,-2.0,0.0,53.33,8,0.0,0.625,0.1,47017,
6601,229120,-6.6,0.0,31.37,16,0.0,0.5625,0.1,47017,
6602,229120,6.5,1.0,43.59,17,0.0588,0.6471,0.1,47017,
6603,229120,-1.2,0.0,25.0,1,0.0,0.0,0.1,47017,
6604,229184,10.6,1.0,36.36,4,0.0,0.5,0.1,47045,
6605,229248,8.8,1.0,37.5,9,0.0,0.5556,0.1,47069,
6606,229248,-5.7,0.0,33.33,17,0.0,0.5882,0.1,47069,
6607,229312,-3.2,0.0,38.89,7,0.1429,0.4286,0.1,47094,
6608,229376,-1.9,0.0,50.0,4,0.0,0.25,0.1,47114,
6609,229440,-5.7,0.0,33.33,17,0.0,0.5294,0.1,47136,
6610,229504,-4.5,0.0,29.73,11,0.0909,0.2727,0.1,47162,
6611,229504,-1.4,0.0,16.67,1,0.0,0.0,0.1,47162,
6612,229504,-2.5,0.0,50.0,6,0.1667,0.3333,0.1,47162,
6613,229504,-1.9,0.0,37.5,6,0.0,0.8333,0.1,47162,
6614,229504,-4.5,0.0,18.75,6,0.1667,0.0,0.1,47162,
6615,229568,-6.8,0.0,32.61,15,0.0667,0.4667,0.1,47187,
6616,229568,-5.5,0.0,29.41,15,0.0,0.6667,0.1,47187,
6617,229568,-6.4,0.0,27.45,14,0.0714,0.1429,0.1,47187,
6618,229632,7.3,1.0,33.33,12,0.0833,0.3333,0.1,47213,
6619,229696,9.2,1.0,70.59,12,0.4167,0.5833,0.1,47235,
6620,229760,-1.8,0.0,10.0,1,0.0,0.0,0.1,47265,
6621,229760,-6.4,0.0,27.45,14,0.0,0.4286,0.1,47265,
6622,229760,-3.8,0.0,47.62,10,0.0,0.3,0.1,47265,
6623,229760,-5.3,0.0,25.49,13,0.0,0.6154,0.1,47265,
6624,229760,-6.4,0.0,27.45,14,0.0714,0.2857,0.1,47265,
6625,229824,-2.7,0.0,42.86,6,0.0,0.1667,0.1,47289,
6626,229824,-6.4,0.0,27.45,14,0.0,0.4286,0.1,47289,
6627,229888,-6.7,0.0,30.43,14,0.0,0.3571,0.1,47314,
6628,229952,-7.1,0.0,41.18,21,0.0,0.5714,0.1,47343,
6629,229952,-3.4,0.0,28.57,6,0.3333,0.1667,0.1,47343,
6630,230016,4.8,1.0,48.98,24,0.0417,0.5417,0.1,47369,
6631,230016,-7.0,0.0,39.22,20,0.15,0.25,0.1,47369,
6632,230080,-1.0,0.0,44.44,4,0.0,0.0,0.1,47384,
6633,230144,10.3,1.0,80.0,8,0.0,0.875,0.1,47411,
6634,230144,-6.1,0.0,21.57,11,0.0,0.6364,0.1,47411,
6635,230144,4.6,1.0,50.0,25,0.04,0.44,0.1,47411,
6636,230208,-6.6,0.0,31.37,16,0.0625,0.75,0.1,47433,
6637,230208,-5.8,0.0,24.39,10,0.1,0.7,0.1,47433,
6638,230272,-6.1,0.0,21.57,11,0.0,0.6364,0.1,47463,
6639,230336,8.1,1.0,48.15,13,0.0,0.4615,0.1,47484,
6640,230336,-5.5,0.0,29.41,15,0.2,0.2667,0.1,47484,
6641,230400,-3.0,0.0,15.0,3,0.0,0.3333,0.1,47509,
6642,230464,-3.7,0.0,48.15,13,0.0,0.5385,0.1,47535,
6643,230464,-2.2,0.0,36.36,4,0.0,0.25,0.1,47535,
6644,230464,-6.0,0.0,39.22,20,0.05,0.4,0.1,47535,
6645,230528,-6.1,0.0,31.71,13,0.1538,0.3846,0.1,47564,
6646,230528,-5.8,0.0,35.29,18,0.0556,0.6111,0.1,47564,
6647,230528,8.2,1.0,50.0,13,0.1538,0.4615,0.1,47564,
6648,230528,-5.0,0.0,43.33,13,0.0,0.3077,0.1,47564,
6649,230592,-6.6,0.0,31.37,16,0.125,0.5625,0.1,47586,
6650,230592,7.5,1.0,39.39,13,0.0769,0.6154,0.1,47586,
6651,230592,-1.6,0.0,28.57,2,0.0,0.5,0.1,47586,
6652,230656,-3.7,0.0,25.0,6,0.0,0.5,0.1,47612,
6653,230656,-6.1,0.0,33.33,16,0.3125,0.1875,0.1,47612,
6654,230720,5.8,1.0,40.0,18,0.1111,0.5556,0.1,47639,
6655,230848,-3.0,0.0,21.05,4,0.0,0.75,0.1,47694,
6656,230912,10.9,1.0,33.33,3,0.3333,0.6667,0.1,47715,
6657,230912,-2.3,0.0,33.33,4,0.0,0.25,0.1,47715,
6658,230976,7.7,1.0,51.72,15,0.0,0.4667,0.1,47739,
6659,231040,-2.9,0.0,29.41,5,0.4,0.8,0.1,47763,
6660,231040,8.8,1.0,73.68,14,0.0,0.6429,0.1,47763,
6661,231040,-5.8,0.0,35.29,18,0.1667,0.4444,0.1,47763,
6662,231040,-5.5,0.0,29.41,15,0.0,0.5333,0.1,47763,
6663,231040,-5.1,0.0,21.57,11,0.0,0.5455,0.1,47763,
6664,231104,-3.1,0.0,41.18,7,0.2857,0.5714,0.1,47791,
6665,231232,10.4,1.0,54.55,6,0.5,0.6667,0.1,47843,
6666,231232,6.9,1.0,44.44,16,0.0,0.4375,0.1,47843,
6667,231232,-6.9,0.0,29.17,14,0.0714,0.5714,0.1,47843,
6668,231232,-5.6,0.0,37.21,16,0.125,0.1875,0.1,47843,
6669,231232,-6.0,0.0,39.22,20,0.15,0.4,0.1,47843,
6670,231296,-2.4,0.0,41.67,5,0.0,0.2,0.1,47863,
6671,231296,-6.6,0.0,50.98,26,0.1154,0.4615,0.1,47863,
6672,231360,9.3,1.0,55.56,10,0.3,0.8,0.1,47885,
6673,231360,-2.8,0.0,40.0,6,0.1667,0.3333,0.1,47885,
6674,231360,-1.5,0.0,50.0,6,0.0,0.3333,0.1,47885,
6675,231424,11.7,1.0,33.33,1,0.0,1.0,0.1,47906,
6676,231424,9.6,1.0,66.67,10,0.2,0.6,0.1,47906,
6677,231424,-7.2,0.0,43.14,22,0.0455,0.5455,0.1,47906,
6678,231552,-7.4,0.0,47.06,24,0.1667,0.4167,0.1,47956,
6679,231552,-6.9,0.0,37.25,19,0.1053,0.5789,0.1,47956,
6680,231616,-0.9,0.0,33.33,3,0.3333,0.3333,0.1,47985,
6681,231616,-3.9,0.0,33.33,8,0.125,0.625,0.1,47985,
6682,231680,6.5,1.0,43.59,17,0.0588,0.5882,0.1,48012,
6683,231680,9.6,1.0,38.89,7,0.1429,0.8571,0.1,48012,
6684,231744,-3.1,0.0,41.18,7,0.1429,0.5714,0.1,48039,
6685,231744,-4.7,0.0,29.03,9,0.2222,0.2222,0.1,48039,
6686,231744,-5.5,0.0,37.14,13,0.1538,0.4615,0.1,48039,
6687,231808,5.8,1.0,70.27,26,0.0769,0.4615,0.1,48067,
6688,231808,-5.6,0.0,31.37,16,0.125,0.4375,0.1,48067,
6689,231872,-1.2,0.0,25.0,1,0.0,0.0,0.1,48096,
6690,231872,-7.8,0.0,54.9,28,0.0357,0.4286,0.1,48096,
6691,231936,-5.8,0.0,34.21,13,0.0769,0.5385,0.1,48123,
6692,232000,9.6,1.0,56.25,9,0.1111,0.6667,0.1,48144,
6693,232000,-2.1,0.0,27.27,3,0.0,0.3333,0.1,48144,
6694,232000,9.3,1.0,64.71,11,0.0,0.4545,0.1,48144,
6695,232128,-5.5,0.0,29.41,15,0.0667,0.4667,0.1,48194,
6696,232128,-3.0,0.0,35.29,6,0.0,0.3333,0.1,48194,
6697,232128,-2.9,0.0,29.41,5,0.0,0.2,0.1,48194,
6698,232256,-3.8,0.0,14.81,4,0.0,0.25,0.1,48242,
6699,232256,-5.2,0.0,37.5,15,0.0667,0.7333,0.1,48242,
6700,232256,-5.6,0.0,31.37,16,0.0625,0.5625,0.1,48242,
6701,232320,-1.8,0.0,57.14,4,0.25,0.25,0.1,48273,
6702,232320,-6.0,0.0,39.22,20,0.15,0.55,0.1,48273,
6703,232384,7.4,1.0,56.67,17,0.0588,0.3529,0.1,48299,
6704,232384,9.9,1.0,46.67,7,0.0,0.5714,0.1,48299,
6705,232448,-4.8,0.0,20.59,7,0.1429,0.4286,0.1,48323,
6706,232512,-6.7,0.0,30.43,14,0.1429,0.5,0.1,48351,
6707,232512,-5.8,0.0,35.29,18,0.1667,0.5556,0.1,48351,
6708,232512,-6.9,0.0,56.86,29,0.1379,0.5517,0.1,48351,
6709,232512,-3.3,0.0,36.84,7,0.2857,0.4286,0.1,48351,
6710,232576,-6.4,0.0,27.45,14,0.0714,0.5714,0.1,48368,
6711,232640,-5.9,0.0,37.25,19,0.1053,0.4211,0.1,48397,
6712,232640,11.1,1.0,66.67,4,0.25,0.75,0.1,48397,
6713,232640,-2.3,0.0,33.33,4,0.25,0.25,0.1,48397,
6714,232768,-7.6,0.0,46.81,22,0.0,0.4545,0.1,48450,
6715,232768,-5.4,0.0,27.45,14,0.2143,0.2857,0.1,48450,
6716,232768,8.2,1.0,62.5,15,0.0667,0.4667,0.1,48450,
6717,232832,-5.9,0.0,37.25,19,0.0526,0.4737,0.1,48474,
6718,232832,-6.7,0.0,52.94,27,0.0741,0.2593,0.1,48474,
6719,232832,6.6,1.0,57.14,20,0.15,0.35,0.1,48474,
6720,232896,-6.1,0.0,28.57,12,0.0833,0.75,0.1,48506,
6721,232960,-1.5,0.0,33.33,2,0.0,0.5,0.1,48527,
6722,233024,-6.5,0.0,29.41,15,0.0667,0.3333,0.1,48551,
6723,233024,-6.2,0.0,43.14,22,0.0455,0.5455,0.1,48551,
6724,233088,-5.8,0.0,35.29,18,0.2222,0.5556,0.1,48579,
6725,233088,10.9,1.0,71.43,5,0.0,0.6,0.1,48579,
6726,233152,-5.5,0.0,29.41,15,0.1333,0.5333,0.1,48605,
6727,233216,10.5,1.0,45.45,5,0.2,0.8,0.1,48632,
6728,233216,-7.3,0.0,45.1,23,0.087,0.4783,0.1,48632,
6729,233280,-5.8,0.0,35.29,18,0.0,0.6667,0.1,48656,
6730,233344,-1.7,0.0,25.0,2,0.0,0.5,0.1,48684,
6731,233344,-4.3,0.0,16.13,5,0.2,0.8,0.1,48684,
6732,233408,-5.0,0.0,34.38,11,0.0909,0.4545,0.1,48710,
6733,233408,7.8,1.0,48.28,14,0.0714,0.5714,0.1,48710,
6734,233408,-5.5,0.0,29.41,15,0.0667,0.6,0.1,48710,
6735,233472,10.4,1.0,30.77,4,0.0,1.0,0.1,48729,
6736,233472,9.1,1.0,57.89,11,0.0909,0.4545,0.1,48729,
6737,233536,-6.3,0.0,55.56,20,0.0,0.6,0.1,48757,
6738,233536,9.4,1.0,58.82,10,0.4,0.7,0.1,48757,
6739,233536,-2.9,0.0,37.5,6,0.0,0.5,0.1,48757,
6740,233600,-4.3,0.0,58.62,17,0.0588,0.2353,0.1,48784,
6741,233600,-5.9,0.0,37.25,19,0.1579,0.5789,0.1,48784,
6742,233600,-4.0,0.0,26.92,7,0.0,0.4286,0.1,48784,
6743,233664,-4.9,0.0,44.83,13,0.0,0.2308,0.1,48812,
6744,233664,-2.9,0.0,37.5,6,0.3333,0.1667,0.1,48812,
6745,233728,-6.3,0.0,25.49,13,0.0769,0.2308,0.1,48837,
6746,233728,10.8,1.0,30.0,3,0.0,1.0,0.1,48837,
6747,233728,-3.9,0.0,45.45,10,0.0,0.2,0.1,48837,
6748,233792,-5.2,0.0,32.35,11,0.0909,0.4545,0.1,48870,
6749,233856,-7.3,0.0,45.1,23,0.0,0.4783,0.1,48900,
6750,233920,-6.6,0.0,47.5,19,0.0526,0.4211,0.1,48925,
6751,233920,8.7,1.0,54.55,12,0.0,0.5833,0.1,48925,
6752,233920,11.1,1.0,25.0,2,0.0,0.5,0.1,48925,
6753,233920,-6.9,0.0,37.25,19,0.0,0.4737,0.1,48925,
6754,233984,-4.5,0.0,22.58,7,0.1429,0.1429,0.1,48952,
6755,233984,-6.7,0.0,33.33,17,0.1765,0.4706,0.1,48952,
6756,233984,9.8,1.0,27.78,5,0.0,0.4,0.1,48952,
6757,233984,9.4,1.0,68.75,11,0.0,0.5455,0.1,48952,
6758,234048,-1.5,0.0,38.46,5,0.0,0.2,0.1,48977,
6759,234048,-3.6,0.0,50.0,13,0.0769,0.6154,0.1,48977,
6760,234048,6.5,1.0,55.56,20,0.2,0.45,0.1,48977,
6761,234048,8.7,1.0,41.67,10,0.0,0.7,0.1,48977,
6762,234112,11.4,1.0,40.0,2,0.5,1.0,0.1,49003,
6763,234112,-5.9,0.0,37.25,19,0.1579,0.3158,0.1,49003,
6764,234176,-6.2,0.0,43.14,22,0.0,0.5,0.1,49026,
6765,234176,5.9,1.0,44.19,19,0.2105,0.5263,0.1,49026,
6766,234240,-0.5,0.0,60.0,3,0.0,0.3333,0.1,49047,
6767,234240,5.7,1.0,52.38,22,0.0455,0.5,0.1,49047,
6768,234304,-6.3,0.0,45.1,23,0.0435,0.6087,0.1,49067,
6769,234304,-6.6,0.0,31.37,16,0.1875,0.5625,0.1,49067,
6770,234304,6.0,1.0,48.78,20,0.1,0.55,0.1,49067,
6771,234368,-6.1,0.0,41.18,21,0.0476,0.4762,0.1,49079,
6772,234432,-6.4,0.0,39.02,16,0.125,0.5,0.1,49106,
6773,234432,-1.7,0.0,11.11,1,0.0,0.0,0.1,49106,
6774,234432,-4.7,0.0,38.89,14,0.0714,0.5714,0.1,49106,
6775,234432,-3.5,0.0,46.15,12,0.0833,0.5,0.1,49106,
6776,234432,-3.3,0.0,23.81,5,0.0,0.4,0.1,49106,
6777,234432,-2.8,0.0,31.25,5,0.2,0.2,0.1,49106,
6778,234496,-2.2,0.0,25.0,3,0.0,0.6667,0.1,49124,
6779,234496,-6.7,0.0,33.33,17,0.0588,0.4706,0.1,49124,
6780,234496,-1.3,0.0,20.0,1,0.0,0.0,0.1,49124,
6781,234496,-2.8,0.0,40.0,6,0.0,0.3333,0.1,49124,
6782,234496,-6.2,0.0,43.14,22,0.0,0.6364,0.1,49124,
6783,234560,-2.8,0.0,31.25,5,0.2,0.0,0.1,49148,
6784,234560,-7.2,0.0,44.44,20,0.05,0.35,0.1,49148,
6785,234560,-2.5,0.0,47.37,9,0.0,0.5556,0.1,49148,
6786,234688,-5.6,0.0,31.37,16,0.1875,0.5,0.1,49192,
6787,234688,-1.2,0.0,36.36,4,0.0,0.5,0.1,49192,
6788,234752,5.0,1.0,51.06,24,0.0833,0.4583,0.1,49222,
6789,234752,10.0,1.0,31.25,5,0.0,0.4,0.1,49222,
6790,234816,8.5,1.0,44.0,11,0.0909,0.4545,0.1,49248,
6791,234816,-6.1,0.0,38.46,15,0.0667,0.6,0.1,49248,
6792,234816,8.2,1.0,62.5,15,0.2,0.6,0.1,49248,
6793,234816,-2.8,0.0,16.67,3,0.0,0.0,0.1,49248,
6794,234880,-2.6,0.0,26.67,4,0.0,0.75,0.1,49273,
6795,234880,-1.6,0.0,28.57,2,0.0,0.0,0.1,49273,
6796,235008,9.7,1.0,50.0,8,0.125,0.625,0.1,49326,
6797,235072,-1.7,0.0,25.0,2,0.0,0.0,0.1,49356,
6798,235072,-1.9,0.0,37.5,6,0.0,0.1667,0.1,49356,
6799,235200,8.1,1.0,53.85,14,0.2143,0.5,0.1,49410,
6800,235200,5.3,1.0,36.0,18,0.1111,0.3889,0.1,49410,
6801,235200,9.1,1.0,25.0,6,0.0,0.8333,0.1,49410,
6802,235264,-3.2,0.0,66.67,10,0.1,0.5,0.1,49431,
6803,235264,-7.3,0.0,45.1,23,0.1304,0.4348,0.1,49431,
6804,235264,-5.2,0.0,55.17,16,0.0625,0.4375,0.1,49431,
6805,235328,-3.0,0.0,35.29,6,0.5,0.5,0.1,49450,
6806,235392,-7.2,0.0,43.14,22,0.0455,0.5455,0.1,49476,
6807,235392,-5.3,0.0,25.49,13,0.0769,0.4615,0.1,49476,
6808,235456,-3.7,0.0,37.93,11,0.0,0.2727,0.1,49502,
6809,235520,-6.7,0.0,33.33,17,0.1765,0.4706,0.1,49534,
6810,235520,-1.7,0.0,25.0,4,0.0,0.25,0.1,49534,
6811,235520,9.8,1.0,53.33,8,0.125,0.625,0.1,49534,
6812,235648,-6.2,0.0,23.53,12,0.0833,0.4167,0.1,49586,
6813,235712,9.0,1.0,55.0,11,0.3636,0.6364,0.1,49611,
6814,235776,-3.0,0.0,53.33,8,0.125,0.5,0.1,49632,
6815,235776,10.7,1.0,55.56,5,0.0,0.8,0.1,49632,
6816,235840,-1.3,0.0,20.0,1,0.0,0.0,0.1,49652,
6817,235904,-6.8,0.0,44.9,22,0.0455,0.5455,0.1,49670,
6818,235968,-4.6,0.0,34.48,10,0.0,0.3,0.1,49693,
6819,235968,-4.0,0.0,37.5,9,0.2222,0.5556,0.1,49693,
6820,236032,8.8,1.0,32.0,8,0.0,0.75,0.1,49714,
6821,236032,9.0,1.0,34.78,8,0.125,0.5,0.1,49714,
6822,236032,-7.0,0.0,39.22,20,0.1,0.25,0.1,49714,
6823,236032,7.7,1.0,69.23,18,0.2778,0.3333,0.1,49714,
6824,236032,-3.9,0.0,33.33,8,0.0,0.375,0.1,49714,
6825,236096,-7.2,0.0,43.14,22,0.0455,0.4545,0.1,49744,
6826,236096,10.2,1.0,46.15,6,0.1667,1.0,0.1,49744,
6827,236096,6.4,1.0,39.02,16,0.1875,0.6875,0.1,49744,
6828,236096,-5.3,0.0,48.39,15,0.0667,0.4667,0.1,49744,
6829,236160,-5.9,0.0,37.25,19,0.0,0.5263,0.1,49769,
6830,236224,-4.7,0.0,47.06,16,0.0,0.5625,0.1,49795,
6831,236288,-7.1,0.0,41.18,21,0.0476,0.5238,0.1,49818,
6832,236288,-7.2,0.0,43.14,22,0.0455,0.5455,0.1,49818,
6833,236288,-2.2,0.0,25.0,3,0.3333,0.0,0.1,49818,
6834,236288,7.4,1.0,30.56,11,0.0,0.8182,0.1,49818,
6835,236288,-1.5,0.0,38.46,5,0.0,0.4,0.1,49818,
6836,236416,-7.1,0.0,41.18,21,0.0952,0.381,0.1,49859,
6837,236416,7.2,1.0,40.0,14,0.0,0.5,0.1,49859,
6838,236416,-7.0,0.0,43.18,19,0.1579,0.4737,0.1,49859,
6839,236480,8.1,1.0,42.86,12,0.0833,0.5,0.1,49889,
6840,236480,-3.9,0.0,31.25,10,0.0,0.2,0.1,49889,
6841,236480,-3.3,0.0,36.84,7,0.1429,0.2857,0.1,49889,
6842,236480,-5.4,0.0,38.24,13,0.0,0.2308,0.1,49889,
6843,236544,-1.2,0.0,25.0,1,0.0,0.0,0.1,49915,
6844,236544,-2.7,0.0,30.43,7,0.1429,0.4286,0.1,49915,
6845,236544,-3.2,0.0,31.58,6,0.0,0.3333,0.1,49915,
6846,236544,5.9,1.0,34.78,16,0.1875,0.375,0.1,49915,
6847,236608,-3.5,0.0,27.27,6,0.1667,0.3333,0.1,49937,
6848,236608,-6.5,0.0,49.02,25,0.12,0.48,0.1,49937,
6849,236672,-5.1,0.0,54.29,19,0.0,0.3684,0.1,49959,
6850,236736,-6.3,0.0,50.0,22,0.0909,0.3182,0.1,49983,
6851,236736,-6.0,0.0,19.61,10,0.0,0.7,0.1,49983,
6852,236736,11.6,1.0,25.0,1,0.0,1.0,0.1,49983,
6853,236800,8.0,1.0,28.12,9,0.1111,0.6667,0.1,50013,
6854,236800,7.9,1.0,35.48,11,0.0909,0.6364,0.1,50013,
6855,236800,-2.0,0.0,43.75,7,0.0,0.4286,0.1,50013,
6856,236800,-1.9,0.0,50.0,4,0.0,0.5,0.1,50013,
6857,236864,9.6,1.0,19.05,4,0.0,0.5,0.1,50036,
6858,236928,-5.3,0.0,43.75,14,0.0,0.4286,0.1,50065,
6859,236992,-6.4,0.0,27.45,14,0.0714,0.5,0.1,50100,
6860,237056,-1.0,0.0,62.5,5,0.2,0.2,0.1,50125,
6861,237184,-6.3,0.0,25.49,13,0.2308,0.6923,0.1,50174,
6862,237248,-2.7,0.0,17.65,3,0.0,0.0,0.1,50206,
6863,237248,-4.7,0.0,37.93,11,0.0,0.5455,0.1,50206,
6864,237248,-7.5,0.0,49.02,25,0.08,0.28,0.1,50206,
6865,237312,-5.8,0.0,35.29,18,0.0,0.4444,0.1,50234,
6866,237312,9.7,1.0,50.0,8,0.375,0.875,0.1,50234,
6867,237312,-5.6,0.0,31.37,16,0.0,0.375,0.1,50234,
6868,237312,5.0,1.0,51.06,24,0.1667,0.4583,0.1,50234,
6869,237312,-1.8,0.0,37.5,3,0.0,0.3333,0.1,50234,
6870,237440,-2.5,0.0,12.5,2,0.5,0.5,0.1,50285,
6871,237440,-2.7,0.0,33.33,5,0.0,0.2,0.1,50285,
6872,237440,5.9,1.0,47.62,20,0.15,0.3,0.1,50285,
6873,237440,8.3,1.0,52.0,13,0.1538,0.4615,0.1,50285,
6874,237504,-3.3,0.0,52.94,9,0.1111,0.3333,0.1,50314,
6875,237504,-2.4,0.0,41.67,5,0.2,0.2,0.1,50314,
6876,237504,-5.1,0.0,21.57,11,0.0,0.4545,0.1,50314,
6877,237568,8.9,1.0,52.38,11,0.0,0.5455,0.1,50341,
6878,237632,-0.6,0.0,50.0,3,0.3333,0.3333,0.1,50368,
6879,237696,-2.6,0.0,26.67,4,0.25,0.25,0.1,50391,
6880,237696,8.0,1.0,57.69,15,0.0,0.5333,0.1,50391,
6881,237760,-6.0,0.0,39.22,20,0.2,0.55,0.1,50420,
6882,237760,-5.7,0.0,33.33,17,0.0588,0.5294,0.1,50420,
6883,237760,-5.8,0.0,35.29,18,0.1667,0.6111,0.1,50420,
6884,237824,5.6,1.0,47.73,21,0.1429,0.619,0.1,50446,
6885,237824,5.2,1.0,40.82,20,0.05,0.45,0.1,50446,
6886,237888,-4.4,0.0,34.29,12,0.0833,0.5833,0.1,50477,
6887,238016,7.4,1.0,51.61,16,0.125,0.3125,0.1,50535,
6888,238080,-6.5,0.0,29.41,15,0.0667,0.5333,0.1,50563,
6889,238080,-5.8,0.0,35.29,18,0.0,0.3333,0.1,50563,
6890,238080,-2.0,0.0,44.44,4,0.25,0.25,0.1,50563,
6891,238144,-7.2,0.0,43.14,22,0.0,0.3636,0.1,50587,
6892,238144,7.1,1.0,56.25,18,0.1111,0.5556,0.1,50587,
6893,238144,-6.5,0.0,52.63,20,0.05,0.4,0.1,50587,
6894,238144,-1.6,0.0,28.57,2,0.0,0.5,0.1,50587,
6895,238208,8.2,1.0,62.5,15,0.0,0.6667,0.1,50608,
6896,238208,8.8,1.0,43.48,10,0.0,0.7,0.1,50608,
6897,238272,-2.7,0.0,33.33,5,0.0,0.4,0.1,50634,
6898,238336,4.2,1.0,64.58,31,0.1613,0.5806,0.1,50661,
6899,238336,9.3,1.0,75.0,12,0.0833,0.3333,0.1,50661,
6900,238336,-5.8,0.0,35.29,18,0.1667,0.8333,0.1,50661,
6901,238400,-2.6,0.0,16.0,4,0.0,0.5,0.1,50689,
6902,238464,7.7,1.0,51.72,15,0.0667,0.5333,0.1,50719,
6903,238464,-6.2,0.0,43.14,22,0.1364,0.3636,0.1,50719,
6904,238464,-1.5,0.0,33.33,2,0.0,0.5,0.1,50719,
6905,238528,-0.7,0.0,66.67,4,0.0,0.75,0.1,50739,
6906,238592,-5.2,0.0,37.5,15,0.0667,0.6,0.1,50762,
6907,238592,-3.9,0.0,50.0,14,0.0,0.6429,0.1,50762,
6908,238656,-6.6,0.0,31.37,16,0.0625,0.375,0.1,50784,
6909,238720,-4.6,0.0,44.44,12,0.1667,0.5833,0.1,50815,
6910,238720,7.9,1.0,44.83,13,0.0,0.2308,0.1,50815,
6911,238784,-3.4,0.0,50.0,9,0.0,0.4444,0.1,50842,
6912,238848,-7.2,0.0,47.73,21,0.0476,0.619,0.1,50870,
6913,238848,5.6,1.0,44.44,20,0.3,0.6,0.1,50870,
6914,238848,10.6,1.0,50.0,5,0.4,0.8,0.1,50870,
6915,238848,-3.4,0.0,28.57,6,0.1667,0.3333,0.1,50870,
6916,238976,-2.7,0.0,53.85,7,0.0,0.2857,0.1,50921,
6917,238976,5.3,1.0,61.9,26,0.1923,0.5769,0.1,50921,
6918,238976,-6.2,0.0,38.3,18,0.1667,0.3889,0.1,50921,
6919,239040,10.8,1.0,62.5,5,0.0,0.6,0.1,50948,
6920,239040,-6.9,0.0,37.25,19,0.0526,0.3158,0.1,50948,
6921,239040,-2.6,0.0,26.67,4,0.0,0.25,0.1,50948,
6922,239104,9.0,1.0,47.62,10,0.1,0.7,0.1,50970,
6923,239104,-6.4,0.0,21.28,10,0.0,0.2,0.1,50970,
6924,239168,-1.9,0.0,46.67,7,0.1429,0.5714,0.1,50994,
6925,239168,-7.1,0.0,41.18,21,0.0,0.4762,0.1,50994,
6926,239232,-3.9,0.0,39.13,9,0.2222,0.2222,0.1,51027,
6927,239296,-1.5,0.0,14.29,1,0.0,0.0,0.1,51054,
6928,239296,-6.2,0.0,43.14,22,0.0909,0.7273,0.1,51054,
6929,239296,8.2,1.0,44.44,12,0.1667,0.5833,0.1,51054,
6930,239360,-6.6,0.0,50.98,26,0.0769,0.3846,0.1,51076,
6931,239360,-6.1,0.0,58.82,20,0.0,0.65,0.1,51076,
6932,239360,-6.0,0.0,39.22,20,0.05,0.4,0.1,51076,
6933,239424,9.6,1.0,47.06,8,0.25,0.5,0.1,51102,
6934,239488,-3.7,0.0,20.0,5,0.2,0.6,0.1,51128,
6935,239488,9.3,1.0,64.71,11,0.0909,0.3636,0.1,51128,
6936,239552,10.8,1.0,62.5,5,0.2,0.6,0.1,51147,
6937,239552,-5.4,0.0,27.45,14,0.0,0.5,0.1,51147,
6938,239616,-4.3,0.0,27.78,10,0.0,0.4,0.1,51168,
6939,239616,-3.2,0.0,38.89,7,0.1429,0.1429,0.1,51168,
6940,239680,-7.4,0.0,47.06,24,0.1667,0.5,0.1,51198,
6941,239680,-4.0,0.0,37.5,9,0.0,0.2222,0.1,51198,
6942,239744,-6.8,0.0,35.29,18,0.1111,0.5556,0.1,51222,
6943,239744,5.0,1.0,39.22,20,0.1,0.55,0.1,51222,
6944,239808,-7.4,0.0,34.0,17,0.0588,0.5882,0.1,51247,
6945,239808,-5.9,0.0,37.25,19,0.0526,0.7895,0.1,51247,
6946,239808,-5.6,0.0,31.37,16,0.0625,0.5,0.1,51247,
6947,239808,5.0,1.0,39.22,20,0.3,0.4,0.1,51247,
6948,239872,6.8,1.0,65.62,21,0.0476,0.5714,0.1,51277,
6949,239872,-3.2,0.0,38.89,7,0.0,0.2857,0.1,51277,
6950,239936,-2.4,0.0,30.77,4,0.0,0.25,0.1,51305,
6951,240000,-1.2,0.0,25.0,1,0.0,0.0,0.1,51339,
6952,240000,-1.4,0.0,40.0,2,0.5,0.0,0.1,51339,
6953,240064,-6.0,0.0,39.22,20,0.15,0.45,0.1,51361,
6954,240128,9.6,1.0,56.25,9,0.2222,0.6667,0.1,51389,
6955,240128,-3.6,0.0,50.0,13,0.0,0.6154,0.1,51389,
6956,240192,-6.8,0.0,35.29,18,0.1111,0.3889,0.1,51410,
6957,240256,-6.2,0.0,37.5,15,0.0667,0.4667,0.1,51433,
6958,240256,9.7,1.0,71.43,10,0.1,0.7,0.1,51433,
6959,240320,-6.0,0.0,39.22,20,0.0,0.65,0.1,51459,
6960,240384,-4.1,0.0,36.0,9,0.1111,0.4444,0.1,51489,
6961,240384,-6.1,0.0,33.33,16,0.125,0.625,0.1,51489,
6962,240384,8.5,1.0,50.0,12,0.1667,0.5,0.1,51489,
6963,240448,-2.0,0.0,30.0,3,0.3333,0.6667,0.1,51507,
6964,240512,-6.9,0.0,56.86,29,0.069,0.4138,0.1,51531,
6965,240512,-7.4,0.0,47.06,24,0.0,0.4583,0.1,51531,
6966,240576,9.1,1.0,36.36,8,0.125,0.5,0.1,51555,
6967,240576,-6.8,0.0,35.29,18,0.0,0.6667,0.1,51555,
6968,240576,-5.1,0.0,33.33,11,0.1818,0.3636,0.1,51555,
6969,240640,-4.5,0.0,50.0,16,0.1875,0.4375,0.1,51581,
6970,240640,-6.3,0.0,27.27,12,0.25,0.3333,0.1,51581,
6971,240704,-2.8,0.0,16.67,3,0.3333,0.3333,0.1,51606,
6972,240704,-6.4,0.0,47.06,24,0.0,0.4167,0.1,51606,
6973,240704,-3.1,0.0,60.0,9,0.1111,0.2222,0.1,51606,
6974,240704,-6.7,0.0,33.33,17,0.1765,0.5882,0.1,51606,
6975,240704,-6.5,0.0,49.02,25,0.04,0.44,0.1,51606,
6976,240704,-5.5,0.0,29.41,15,0.0,0.6,0.1,51606,
6977,240768,-5.8,0.0,35.29,18,0.0556,0.5556,0.1,51627,
6978,240832,-1.3,0.0,50.0,2,0.0,0.0,0.1,51659,
6979,240896,8.2,1.0,34.48,10,0.2,0.4,0.1,51681,
6980,240896,9.2,1.0,45.0,9,0.2222,0.4444,0.1,51681,
6981,240960,-2.0,0.0,44.44,4,0.25,0.5,0.1,51699,
6982,240960,8.8,1.0,57.14,12,0.4167,0.75,0.1,51699,
6983,241024,4.6,1.0,47.06,24,0.1667,0.5417,0.1,51729,
6984,241024,7.5,1.0,35.29,12,0.0833,0.4167,0.1,51729,
6985,241024,-2.1,0.0,40.0,4,0.0,0.75,0.1,51729,
6986,241088,-2.3,0.0,30.0,6,0.0,0.6667,0.1,51750,
6987,241152,9.1,1.0,42.86,9,0.0,0.5556,0.1,51774,
6988,241152,-2.3,0.0,60.0,6,0.1667,0.5,0.1,51774,
6989,241152,-2.5,0.0,5.88,1,0.0,0.0,0.1,51774,
6990,241216,6.3,1.0,48.72,19,0.0,0.3684,0.1,51801,
6991,241216,-1.6,0.0,26.67,4,0.0,0.5,0.1,51801,
6992,241216,-2.1,0.0,27.27,3,0.0,0.3333,0.1,51801,
6993,241216,-4.8,0.0,32.26,10,0.1,0.3,0.1,51801,
6994,241280,7.4,1.0,51.61,16,0.0,0.5625,0.1,51824,
6995,241280,-6.7,0.0,33.33,17,0.0,0.5882,0.1,51824,
6996,241344,-2.0,0.0,18.18,2,0.0,0.5,0.1,51853,
6997,241344,-5.8,0.0,35.29,18,0.1111,0.6667,0.1,51853,
6998,241408,-5.7,0.0,33.33,17,0.1176,0.5882,0.1,51885,
6999,241408,-5.8,0.0,37.84,14,0.0714,0.5,0.1,51885,
7000,241408,7.9,1.0,68.0,17,0.1765,0.4706,0.1,51885,
7001,241472,-1.9,0.0,20.0,2,0.5,0.0,0.1,51906,
7002,241536,-5.2,0.0,23.53,12,0.1667,0.5,0.1,51927,
7003,241536,-2.9,0.0,33.33,8,0.125,0.125,0.1,51927,
7004,241600,4.7,1.0,45.1,23,0.0,0.6087,0.1,51954,
7005,241600,11.6,1.0,66.67,2,0.5,1.0,0.1,51954,
7006,241600,-5.9,0.0,37.25,19,0.0526,0.5789,0.1,51954,
7007,241600,-1.3,0.0,50.0,2,0.0,0.5,0.1,51954,
7008,241664,-4.8,0.0,37.84,14,0.0714,0.2857,0.1,51985,
7009,241728,-2.7,0.0,25.0,4,0.0,0.25,0.1,52006,
7010,241792,-6.7,0.0,40.0,20,0.05,0.45,0.1,52034,
7011,241856,9.3,1.0,40.0,8,0.0,0.375,0.1,52064,
7012,241856,6.3,1.0,48.72,19,0.0,0.5263,0.1,52064,
7013,241856,-1.4,0.0,16.67,1,0.0,0.0,0.1,52064,
7014,241856,-4.7,0.0,28.21,11,0.0,0.8182,0.1,52064,
7015,241920,-5.3,0.0,25.49,13,0.0769,0.3077,0.1,52083,
7016,241920,-2.8,0.0,40.0,6,0.0,0.1667,0.1,52083,
7017,241984,-7.3,0.0,40.43,19,0.0,0.4211,0.1,52101,
7018,241984,9.7,1.0,50.0,8,0.0,0.625,0.1,52101,
7019,241984,8.6,1.0,59.09,13,0.0,0.5385,0.1,52101,
7020,242048,-1.1,0.0,40.0,4,0.0,0.75,0.1,52123,
7021,242048,8.5,1.0,38.46,10,0.1,0.5,0.1,52123,
7022,242112,-5.2,0.0,28.57,10,0.0,0.4,0.1,52153,
7023,242112,-2.0,0.0,44.44,4,0.0,0.75,0.1,52153,
7024,242112,-5.2,0.0,23.53,12,0.0,0.6667,0.1,52153,
7025,242176,-2.0,0.0,8.33,1,0.0,0.0,0.1,52186,
7026,242176,-2.8,0.0,34.78,8,0.125,0.375,0.1,52186,
7027,242176,8.9,1.0,45.45,10,0.1,0.8,0.1,52186,
7028,242176,-1.3,0.0,50.0,2,0.5,0.5,0.1,52186,
7029,242240,-5.6,0.0,31.37,16,0.1875,0.3125,0.1,52207,
7030,242240,-6.3,0.0,45.1,23,0.087,0.2609,0.1,52207,
7031,242304,-1.2,0.0,36.36,4,0.0,0.25,0.1,52234,
7032,242304,-0.6,0.0,28.57,2,0.0,0.5,0.1,52234,
7033,242368,-6.5,0.0,36.0,18,0.1111,0.6111,0.1,52263,
7034,242368,11.0,1.0,37.5,3,0.3333,1.0,0.1,52263,
7035,242496,5.3,1.0,44.68,21,0.0952,0.6667,0.1,52311,
7036,242496,6.7,1.0,58.82,20,0.0,0.4,0.1,52311,
7037,242496,-2.7,0.0,42.86,9,0.0,0.4444,0.1,52311,
7038,242560,-2.2,0.0,36.36,4,0.0,0.5,0.1,52327,
7039,242560,6.7,1.0,45.95,17,0.1765,0.3529,0.1,52327,
7040,242560,-6.1,0.0,41.18,21,0.0,0.4762,0.1,52327,
7041,242624,6.1,1.0,42.86,18,0.0556,0.3889,0.1,52352,
7042,242624,-1.3,0.0,20.0,1,0.0,0.0,0.1,52352,
7043,242688,-5.8,0.0,35.29,18,0.1667,0.6111,0.1,52375,
7044,242752,10.3,1.0,63.64,7,0.0,0.7143,0.1,52401,
7045,242752,-5.9,0.0,44.44,16,0.125,0.3125,0.1,52401,
7046,242752,8.4,1.0,42.31,11,0.0,0.4545,0.1,52401,
7047,242752,-6.7,0.0,33.33,17,0.1176,0.5294,0.1,52401,
7048,242752,-3.8,0.0,28.12,9,0.1111,0.3333,0.1,52401,
7049,242816,-1.9,0.0,20.0,2,0.0,0.0,0.1,52422,
7050,242816,-3.6,0.0,26.09,6,0.1667,0.1667,0.1,52422,
7051,242816,-2.1,0.0,55.56,5,0.0,0.4,0.1,52422,
7052,242816,-6.5,0.0,29.41,15,0.1333,0.4667,0.1,52422,
7053,242880,6.7,1.0,54.29,19,0.1053,0.5789,0.1,52445,
7054,242880,-2.3,0.0,45.45,5,0.2,0.0,0.1,52445,
7055,242944,-3.6,0.0,38.1,8,0.125,0.5,0.1,52464,
7056,242944,-5.6,0.0,31.37,16,0.0625,0.625,0.1,52464,
7057,242944,-3.2,0.0,19.05,4,0.0,0.5,0.1,52464,
7058,243072,-3.1,0.0,47.83,11,0.0,0.6364,0.1,52522,
7059,243136,-6.3,0.0,45.1,23,0.087,0.6957,0.1,52545,
7060,243136,-2.3,0.0,23.08,3,0.0,0.6667,0.1,52545,
7061,243136,-1.9,0.0,37.5,6,0.0,0.6667,0.1,52545,
7062,243136,10.1,1.0,66.67,8,0.125,0.625,0.1,52545,
7063,243264,-4.7,0.0,25.0,8,0.0,0.375,0.1,52591,
7064,243264,-6.8,0.0,35.29,18,0.0556,0.5,0.1,52591,
7065,243328,-1.6,0.0,50.0,3,0.0,0.6667,0.1,52615,
7066,243392,-6.6,0.0,31.37,16,0.125,0.375,0.1,52644,
7067,243392,-6.9,0.0,41.18,21,0.0952,0.4286,0.1,52644,
7068,243392,10.3,1.0,50.0,6,0.1667,0.8333,0.1,52644,
7069,243456,8.4,1.0,42.31,11,0.1818,0.6364,0.1,52672,
7070,243520,-6.7,0.0,33.33,17,0.0588,0.4706,0.1,52698,
7071,243520,5.1,1.0,59.09,26,0.0,0.7308,0.1,52698,
7072,243584,-1.3,0.0,45.45,5,0.2,0.2,0.1,52714,
7073,243584,9.1,1.0,25.0,6,0.1667,0.8333,0.1,52714,
7074,243648,-4.3,0.0,64.29,18,0.1111,0.5,0.1,52736,
7075,243712,8.7,1.0,41.67,10,0.0,0.5,0.1,52766,
7076,243712,-3.2,0.0,19.05,4,0.0,0.25,0.1,52766,
7077,243776,-6.2,0.0,37.5,15,0.0,0.4667,0.1,52790,
7078,243904,11.6,1.0,66.67,2,0.5,1.0,0.1,52841,
7079,243904,-5.8,0.0,45.24,19,0.0,0.4211,0.1,52841,
7080,243904,5.9,1.0,37.78,17,0.0588,0.5882,0.1,52841,
7081,243968,-6.3,0.0,25.49,13,0.0769,0.3846,0.1,52869,
7082,243968,-3.4,0.0,68.18,15,0.2667,0.4,0.1,52869,
7083,243968,-2.4,0.0,42.11,8,0.125,0.375,0.1,52869,
7084,243968,-6.1,0.0,21.57,11,0.0909,0.3636,0.1,52869,
7085,244032,-5.6,0.0,31.11,14,0.1429,0.5,0.1,52895,
7086,244032,-2.5,0.0,28.57,4,0.0,0.25,0.1,52895,
7087,244160,-7.1,0.0,60.78,31,0.0968,0.4194,0.1,52941,
7088,244160,5.7,1.0,39.13,18,0.1111,0.3333,0.1,52941,
7089,244160,-7.2,0.0,43.14,22,0.0455,0.4545,0.1,52941,
7090,244224,-2.7,0.0,33.33,5,0.4,0.4,0.1,52969,
7091,244288,8.0,1.0,46.43,13,0.0769,0.6154,0.1,52994,
7092,244288,10.1,1.0,33.33,5,0.0,0.6,0.1,52994,
7093,244288,-6.3,0.0,45.1,23,0.0435,0.2174,0.1,52994,
7094,244288,8.8,1.0,32.0,8,0.0,0.75,0.1,52994,
7095,244288,-6.4,0.0,27.45,14,0.0,0.5,0.1,52994,
7096,244416,5.1,1.0,55.56,25,0.12,0.48,0.1,53043,
7097,244416,-6.3,0.0,25.49,13,0.0,0.4615,0.1,53043,
7098,244480,-3.8,0.0,47.62,10,0.3,0.3,0.1,53061,
7099,244544,-3.7,0.0,48.15,13,0.0,0.5385,0.1,53090,
7100,244544,9.4,1.0,58.82,10,0.1,0.7,0.1,53090,
7101,244544,-6.4,0.0,27.45,14,0.1429,0.5,0.1,53090,
7102,244544,-5.9,0.0,37.25,19,0.1579,0.3684,0.1,53090,
7103,244608,5.7,1.0,42.22,19,0.0526,0.5263,0.1,53116,
7104,244608,-3.4,0.0,42.11,8,0.0,0.25,0.1,53116,
7105,244800,-5.0,0.0,22.86,8,0.0,0.625,0.1,53189,
7106,244800,6.2,1.0,47.5,19,0.1053,0.4737,0.1,53189,
7107,244800,-2.4,0.0,30.77,4,0.0,0.25,0.1,53189,
7108,244864,5.7,1.0,39.13,18,0.0,0.6111,0.1,53214,
7109,244864,7.9,1.0,40.0,12,0.0833,0.5833,0.1,53214,
7110,244864,-4.3,0.0,39.39,13,0.0769,0.4615,0.1,53214,
7111,244928,-2.1,0.0,16.67,2,0.0,0.0,0.1,53241,
7112,244928,9.9,1.0,37.5,6,0.0,0.5,0.1,53241,
7113,244928,-6.8,0.0,35.29,18,0.0,0.2778,0.1,53241,
7114,244992,6.2,1.0,55.26,21,0.0952,0.4762,0.1,53263,
7115,244992,8.0,1.0,64.0,16,0.1875,0.5625,0.1,53263,
7116,244992,5.4,1.0,52.27,23,0.1304,0.6087,0.1,53263,
7117,244992,11.6,1.0,66.67,2,0.5,1.0,0.1,53263,
7118,245120,-0.9,0.0,33.33,3,0.3333,0.3333,0.1,53306,
7119,245184,-5.1,0.0,37.5,12,0.0,0.5833,0.1,53330,
7120,245248,-6.3,0.0,25.49,13,0.1538,0.4615,0.1,53349,
7121,245248,-6.0,0.0,39.22,20,0.1,0.6,0.1,53349,
7122,245248,10.1,1.0,17.65,3,0.3333,0.3333,0.1,53349,
7123,245248,-6.3,0.0,25.49,13,0.2308,0.3846,0.1,53349,
7124,245376,-6.3,0.0,36.59,15,0.0,0.5333,0.1,53399,
7125,245376,-1.5,0.0,38.46,5,0.0,0.4,0.1,53399,
7126,245376,-7.4,0.0,47.06,24,0.0833,0.5,0.1,53399,
7127,245376,-6.2,0.0,43.14,22,0.0,0.4091,0.1,53399,
7128,245376,-3.9,0.0,44.83,13,0.0,0.3077,0.1,53399,
7129,245440,-6.4,0.0,35.71,15,0.1333,0.4667,0.1,53420,
7130,245440,6.9,1.0,52.94,18,0.0,0.4444,0.1,53420,
7131,245504,4.7,1.0,57.45,27,0.0741,0.4444,0.1,53447,
7132,245504,-4.1,0.0,17.24,5,0.2,0.2,0.1,53447,
7133,245568,-2.0,0.0,44.44,4,0.0,0.25,0.1,53475,
7134,245568,-1.7,0.0,11.11,1,0.0,0.0,0.1,53475,
7135,245632,-2.3,0.0,33.33,4,0.0,0.5,0.1,53499,
7136,245760,-5.8,0.0,35.29,18,0.0,0.5,0.1,53547,
7137,245824,-0.9,0.0,71.43,5,0.4,0.6,0.1,53583,
7138,245824,-3.7,0.0,25.0,6,0.0,0.3333,0.1,53583,
7139,245888,-5.1,0.0,46.67,14,0.0714,0.5714,0.1,53609,
7140,245888,9.4,1.0,28.57,6,0.0,0.8333,0.1,53609,
7141,245888,7.4,1.0,38.24,13,0.3077,0.5385,0.1,53609,
7142,245888,-6.0,0.0,39.22,20,0.05,0.65,0.1,53609,
7143,245952,-2.3,0.0,44.44,8,0.0,0.375,0.1,53634,
7144,245952,-2.6,0.0,18.75,3,0.0,0.3333,0.1,53634,
7145,245952,10.4,1.0,88.89,8,0.125,0.625,0.1,53634,
7146,246016,-2.1,0.0,40.0,4,0.0,0.25,0.1,53654,
7147,246016,-1.1,0.0,33.33,1,0.0,0.0,0.1,53654,
7148,246016,-5.7,0.0,33.33,17,0.0,0.5294,0.1,53654,
7149,246080,-6.1,0.0,41.18,21,0.0476,0.5238,0.1,53678,
7150,246080,-1.3,0.0,23.08,3,0.3333,0.6667,0.1,53678,
7151,246080,-6.9,0.0,37.25,19,0.1053,0.5263,0.1,53678,
7152,246080,-6.3,0.0,25.49,13,0.0,0.4615,0.1,53678,
7153,246144,-5.7,0.0,42.86,15,0.2,0.5333,0.1,53697,
7154,246144,-7.3,0.0,45.1,23,0.087,0.3913,0.1,53697,
7155,246208,-7.4,0.0,47.06,24,0.125,0.25,0.1,53726,
7156,246272,4.5,1.0,55.1,27,0.1481,0.4444,0.1,53757,
7157,246336,-6.3,0.0,25.49,13,0.1538,0.2308,0.1,53783,
7158,246400,-4.4,0.0,32.14,9,0.1111,0.6667,0.1,53820,
7159,246400,-3.5,0.0,47.37,9,0.2222,0.4444,0.1,53820,
7160,246400,-6.7,0.0,33.33,15,0.0,0.4667,0.1,53820,
7161,246464,8.6,1.0,45.83,11,0.1818,0.5455,0.1,53842,
7162,246528,7.6,1.0,36.36,12,0.0833,0.9167,0.1,53873,
7163,246528,-1.9,0.0,50.0,4,0.0,0.0,0.1,53873,
7164,246592,-1.3,0.0,50.0,2,0.5,0.0,0.1,53897,
7165,246592,-3.4,0.0,50.0,9,0.0,0.4444,0.1,53897,
7166,246656,-5.5,0.0,29.41,15,0.0667,0.6,0.1,53922,
7167,246720,7.6,1.0,36.36,12,0.1667,0.5,0.1,53952,
7168,246784,9.9,1.0,57.14,8,0.125,0.625,0.1,53979,
7169,246784,9.4,1.0,42.11,8,0.125,0.625,0.1,53979,
7170,246784,5.7,1.0,42.22,19,0.1579,0.6842,0.1,53979,
7171,246848,5.6,1.0,58.54,24,0.125,0.5,0.1,54012,
7172,246848,-6.2,0.0,23.53,12,0.1667,0.3333,0.1,54012,
7173,246848,-5.5,0.0,20.0,8,0.125,0.5,0.1,54012,
7174,246848,7.7,1.0,41.94,13,0.1538,0.4615,0.1,54012,
7175,246848,-3.8,0.0,24.0,6,0.1667,0.3333,0.1,54012,
7176,246848,-2.4,0.0,41.67,5,0.2,0.4,0.1,54012,
7177,246848,-5.7,0.0,33.33,17,0.0588,0.7059,0.1,54012,
7178,246976,-3.3,0.0,33.33,9,0.0,0.4444,0.1,54071,
7179,246976,9.2,1.0,70.59,12,0.0,0.4167,0.1,54071,
7180,247040,-6.9,0.0,37.25,19,0.0526,0.4737,0.1,54093,
7181,247040,11.1,1.0,66.67,4,0.0,0.75,0.1,54093,
7182,247040,5.7,1.0,48.84,21,0.0952,0.619,0.1,54093,
7183,247168,7.7,1.0,57.14,16,0.0,0.5,0.1,54143,
7184,247168,-3.3,0.0,36.84,7,0.1429,0.2857,0.1,54143,
7185,247168,9.1,1.0,66.67,12,0.1667,0.5,0.1,54143,
7186,247232,-1.5,0.0,33.33,2,0.5,0.5,0.1,54173,
7187,247232,-4.9,0.0,36.84,14,0.0714,0.6429,0.1,54173,
7188,247232,-6.2,0.0,48.65,18,0.1111,0.5,0.1,54173,
7189,247232,9.3,1.0,75.0,12,0.1667,0.5,0.1,54173,
7190,247232,-6.3,0.0,25.49,13,0.0769,0.2308,0.1,54173,
7191,247232,-5.9,0.0,17.65,9,0.2222,0.5556,0.1,54173,
7192,247232,8.3,1.0,31.03,9,0.1111,0.4444,0.1,54173,
7193,247296,-5.6,0.0,31.37,16,0.0,0.6875,0.1,54199,
7194,247296,-6.7,0.0,33.33,17,0.2353,0.4118,0.1,54199,
7195,247424,-7.9,0.0,41.18,21,0.0476,0.4286,0.1,54259,
7196,247424,7.8,1.0,43.33,13,0.2308,0.6154,0.1,54259,
7197,247424,-4.1,0.0,41.67,10,0.0,0.6,0.1,54259,
7198,247424,-1.9,0.0,33.33,3,0.0,0.6667,0.1,54259,
7199,247424,-2.0,0.0,30.0,3,0.0,0.0,0.1,54259,
7200,247424,-5.4,0.0,38.24,13,0.0769,0.2308,0.1,54259,
7201,247552,-6.4,0.0,47.06,24,0.125,0.5833,0.1,54314,
7202,247552,-5.1,0.0,37.5,12,0.1667,0.5,0.1,54314,
7203,247552,-6.2,0.0,43.14,22,0.1364,0.3182,0.1,54314,
7204,247680,-2.6,0.0,35.71,5,0.0,0.4,0.1,54372,
7205,247680,-4.0,0.0,59.26,16,0.1875,0.4375,0.1,54372,
7206,247680,-6.4,0.0,27.45,14,0.1429,0.4286,0.1,54372,
7207,247744,-7.1,0.0,45.1,23,0.0435,0.7391,0.1,54402,
7208,247744,10.3,1.0,63.64,7,0.4286,0.2857,0.1,54402,
7209,247808,-3.8,0.0,55.0,11,0.0909,0.1818,0.1,54434,
7210,247808,10.0,1.0,75.0,9,0.0,0.5556,0.1,54434,
7211,247808,-7.7,0.0,52.94,27,0.0741,0.5556,0.1,54434,
7212,247936,9.6,1.0,47.06,8,0.0,0.75,0.1,54490,
7213,247936,-2.0,0.0,18.18,2,0.0,0.5,0.1,54490,
7214,247936,-4.7,0.0,37.93,11,0.0,0.2727,0.1,54490,
7215,247936,-2.2,0.0,36.36,4,0.25,0.5,0.1,54490,
7216,248000,-4.5,0.0,52.0,13,0.0,0.3077,0.1,54517,
7217,248000,10.4,1.0,54.55,6,0.1667,0.6667,0.1,54517,
7218,248000,7.0,1.0,45.71,16,0.3125,0.5625,0.1,54517,
7219,248064,9.9,1.0,29.41,5,0.4,0.6,0.1,54548,
7220,248064,-4.7,0.0,33.33,10,0.1,0.5,0.1,54548,
7221,248064,-5.7,0.0,61.29,19,0.0526,0.2105,0.1,54548,
7222,248128,-1.2,0.0,36.36,4,0.0,0.25,0.1,54575,
7223,248128,-2.2,0.0,25.0,5,0.0,0.6,0.1,54575,
7224,248192,-6.0,0.0,39.22,20,0.1,0.45,0.1,54600,
7225,248192,-1.6,0.0,28.57,2,0.0,0.0,0.1,54600,
7226,248256,-3.2,0.0,56.25,9,0.3333,0.3333,0.1,54623,
7227,248256,-5.4,0.0,27.45,14,0.1429,0.2143,0.1,54623,
7228,248256,-7.8,0.0,54.9,28,0.0,0.3571,0.1,54623,
7229,248320,-2.3,0.0,33.33,4,0.0,0.25,0.1,54652,
7230,248384,-6.4,0.0,47.06,24,0.125,0.2917,0.1,54676,
7231,248384,-1.4,0.0,16.67,1,0.0,0.0,0.1,54676,
7232,248384,11.2,1.0,28.57,2,0.0,1.0,0.1,54676,
7233,248384,-3.6,0.0,39.29,11,0.0,0.4545,0.1,54676,
7234,248512,-3.0,0.0,35.29,6,0.0,0.3333,0.1,54729,
7235,248512,10.3,1.0,38.46,5,0.4,0.8,0.1,54729,
7236,248576,-6.1,0.0,50.0,18,0.2222,0.2778,0.1,54758,
7237,248640,7.3,1.0,45.45,15,0.0667,0.6,0.1,54784,
7238,248640,-3.1,0.0,26.32,5,0.0,0.6,0.1,54784,
7239,248640,-4.2,0.0,52.17,12,0.0,0.6667,0.1,54784,
7240,248704,-6.4,0.0,47.06,24,0.0833,0.2917,0.1,54813,
7241,248704,11.0,1.0,57.14,4,0.0,0.5,0.1,54813,
7242,248704,-1.8,0.0,37.5,3,0.0,0.3333,0.1,54813,
7243,248704,-1.9,0.0,22.22,4,0.25,0.5,0.1,54813,
7244,248704,-5.3,0.0,40.0,16,0.0,0.5,0.1,54813,
7245,248768,-1.8,0.0,37.5,3,0.0,0.3333,0.1,54843,
7246,248768,-0.7,0.0,42.86,3,0.0,0.6667,0.1,54843,
7247,248832,5.1,1.0,52.17,24,0.0417,0.5,0.1,54872,
7248,248832,-5.5,0.0,54.84,17,0.0588,0.5294,0.1,54872,
7249,248832,-6.1,0.0,41.18,21,0.0476,0.381,0.1,54872,
7250,248896,-6.8,0.0,35.29,18,0.0,0.5,0.1,54892,
7251,248960,-6.4,0.0,42.5,17,0.1765,0.1765,0.1,54918,
7252,249024,-3.1,0.0,14.29,3,0.0,0.3333,0.1,54949,
7253,249024,-1.5,0.0,33.33,2,0.0,0.5,0.1,54949,
7254,249024,-3.1,0.0,26.32,5,0.0,0.2,0.1,54949,
7255,249024,-3.1,0.0,50.0,8,0.125,0.25,0.1,54949,
7256,249024,-5.2,0.0,66.67,18,0.2222,0.3333,0.1,54949,
7257,249088,4.8,1.0,55.32,26,0.0,0.3462,0.1,54980,
7258,249088,-6.5,0.0,49.02,25,0.16,0.36,0.1,54980,
7259,249088,11.4,1.0,40.0,2,0.0,1.0,0.1,54980,
7260,249152,9.5,1.0,52.94,9,0.2222,0.8889,0.1,55004,
7261,249216,-3.9,0.0,35.48,11,0.0,0.3636,0.1,55029,
7262,249216,7.8,1.0,53.57,15,0.1333,0.5333,0.1,55029,
7263,249216,-7.7,0.0,52.94,27,0.0,0.6667,0.1,55029,
7264,249280,-5.1,0.0,42.11,16,0.0625,0.5,0.1,55062,
7265,249280,-7.0,0.0,39.22,20,0.1,0.5,0.1,55062,
7266,249280,-4.8,0.0,34.21,13,0.0769,0.4615,0.1,55062,
7267,249344,-3.7,0.0,50.0,10,0.1,0.4,0.1,55095,
7268,249344,-2.0,0.0,30.0,3,0.0,0.0,0.1,55095,
7269,249408,-0.9,0.0,33.33,3,0.0,0.0,0.1,55125,
7270,249472,9.5,1.0,73.33,11,0.0909,0.6364,0.1,55153,
7271,249536,-5.2,0.0,55.17,16,0.0625,0.625,0.1,55183,
7272,249600,9.0,1.0,34.78,8,0.125,0.75,0.1,55217,
7273,249600,9.7,1.0,26.32,5,0.0,0.6,0.1,55217,
7274,249664,-6.5,0.0,47.83,22,0.0909,0.4545,0.1,55244,
7275,249664,-5.8,0.0,35.29,18,0.1111,0.6667,0.1,55244,
7276,249664,-3.0,0.0,43.75,7,0.1429,0.2857,0.1,55244,
7277,249728,-6.2,0.0,43.14,22,0.1364,0.3182,0.1,55274,
7278,249728,-1.9,0.0,50.0,4,0.0,0.25,0.1,55274,
7279,249728,-3.1,0.0,50.0,8,0.0,0.625,0.1,55274,
7280,249728,9.5,1.0,52.94,9,0.2222,0.6667,0.1,55274,
7281,249792,10.9,1.0,50.0,4,0.0,0.5,0.1,55302,
7282,249856,-2.0,0.0,30.0,3,0.3333,0.3333,0.1,55330,
7283,249856,-7.4,0.0,47.06,24,0.0833,0.5,0.1,55330,
7284,249920,8.7,1.0,78.95,15,0.2667,0.5333,0.1,55353,
7285,249984,-3.5,0.0,47.37,9,0.0,0.2222,0.1,55383,
7286,249984,-7.6,0.0,38.0,19,0.0,0.2632,0.1,55383,
7287,250048,5.9,1.0,40.91,18,0.0556,0.3889,0.1,55414,
7288,250048,9.4,1.0,80.0,12,0.1667,0.4167,0.1,55414,
7289,250048,-7.5,0.0,41.67,20,0.05,0.35,0.1,55414,
7290,250048,5.3,1.0,51.11,23,0.0,0.6087,0.1,55414,
7291,250048,-2.9,0.0,37.5,6,0.0,0.6667,0.1,55414,
7292,250112,-4.1,0.0,41.94,13,0.0,0.5385,0.1,55447,
7293,250112,10.4,1.0,54.55,6,0.1667,0.5,0.1,55447,
7294,250112,-3.1,0.0,36.0,9,0.1111,0.2222,0.1,55447,
7295,250176,-1.8,0.0,37.5,3,0.0,0.3333,0.1,55474,
7296,250176,7.2,1.0,75.0,21,0.0476,0.381,0.1,55474,
7297,250176,-4.9,0.0,50.0,14,0.0714,0.4286,0.1,55474,
7298,250240,9.1,1.0,66.67,12,0.0833,0.5,0.1,55501,
7299,250304,-6.1,0.0,41.18,21,0.0952,0.4762,0.1,55535,
7300,250368,4.8,1.0,65.91,29,0.1034,0.5862,0.1,55563,
7301,250368,-2.1,0.0,40.0,4,0.25,0.0,0.1,55563,
7302,250368,-6.3,0.0,51.35,19,0.0526,0.4737,0.1,55563,
7303,250368,8.6,1.0,66.67,14,0.0714,0.5714,0.1,55563,
7304,250432,6.8,1.0,51.43,18,0.2778,0.5556,0.1,55593,
7305,250432,-6.2,0.0,43.14,22,0.0909,0.4545,0.1,55593,
7306,250432,8.2,1.0,56.0,14,0.0714,0.5,0.1,55593,
7307,250496,-2.9,0.0,37.5,6,0.0,0.1667,0.1,55621,
7308,250496,-6.6,0.0,31.37,16,0.0625,0.5,0.1,55621,
7309,250496,-6.5,0.0,49.02,25,0.08,0.4,0.1,55621,
7310,250560,-3.7,0.0,42.86,9,0.2222,0.3333,0.1,55651,
7311,250560,-3.7,0.0,50.0,10,0.2,0.4,0.1,55651,
7312,250624,-3.9,0.0,33.33,8,0.125,0.625,0.1,55685,
7313,250624,-4.4,0.0,32.14,9,0.0,0.2222,0.1,55685,
7314,250688,5.7,1.0,48.84,21,0.0952,0.381,0.1,55718,
7315,250688,-6.2,0.0,23.53,12,0.1667,0.1667,0.1,55718,
7316,250688,-7.4,0.0,31.37,16,0.0,0.625,0.1,55718,
7317,250752,7.8,1.0,53.57,15,0.0,0.6667,0.1,55742,
7318,250816,4.9,1.0,53.19,25,0.04,0.48,0.1,55767,
7319,250880,9.5,1.0,62.5,10,0.1,0.8,0.1,55795,
7320,250944,-1.7,0.0,42.86,3,0.0,0.3333,0.1,55823,
7321,250944,-3.4,0.0,42.11,8,0.125,0.375,0.1,55823,
7322,251008,9.8,1.0,64.29,9,0.0,0.7778,0.1,55851,
7323,251008,-6.4,0.0,27.45,14,0.0,0.5714,0.1,55851,
7324,251008,8.9,1.0,52.38,11,0.2727,0.7273,0.1,55851,
7325,251008,-4.3,0.0,33.33,9,0.1111,0.3333,0.1,55851,
7326,251072,-7.1,0.0,41.18,21,0.0,0.4762,0.1,55876,
7327,251072,10.4,1.0,54.55,6,0.3333,0.6667,0.1,55876,
7328,251072,6.9,1.0,40.54,15,0.0,0.7333,0.1,55876,
7329,251072,9.5,1.0,62.5,10,0.0,0.6,0.1,55876,
7330,251136,8.1,1.0,66.67,16,0.1875,0.5,0.1,55897,
7331,251136,-3.3,0.0,44.44,8,0.0,0.125,0.1,55897,
7332,251200,-7.0,0.0,39.22,20,0.15,0.4,0.1,55925,
7333,251200,-6.6,0.0,31.37,16,0.125,0.5,0.1,55925,
7334,251200,-5.0,0.0,34.38,11,0.1818,0.1818,0.1,55925,
7335,251200,8.5,1.0,56.52,13,0.1538,0.6923,0.1,55925,
7336,251200,-2.6,0.0,35.71,5,0.0,0.4,0.1,55925,
7337,251200,-0.8,0.0,37.5,3,0.0,0.3333,0.1,55925,
7338,251264,-6.3,0.0,40.0,16,0.0,0.4375,0.1,55945,
7339,251328,-7.3,0.0,45.1,23,0.0435,0.6087,0.1,55975,
7340,251328,-0.5,0.0,60.0,3,0.3333,0.3333,0.1,55975,
7341,251328,-2.4,0.0,35.0,7,0.0,0.4286,0.1,55975,
7342,251392,-4.0,0.0,26.92,7,0.0,0.5714,0.1,56011,
7343,251456,-1.2,0.0,25.0,1,0.0,0.0,0.1,56044,
7344,251456,9.2,1.0,52.63,10,0.1,0.9,0.1,56044,
7345,251520,5.8,1.0,61.54,24,0.0417,0.4167,0.1,56070,
7346,251520,-5.5,0.0,29.41,15,0.2667,0.6,0.1,56070,
7347,251584,-3.5,0.0,47.37,9,0.1111,0.4444,0.1,56104,
7348,251584,-6.0,0.0,51.43,18,0.0556,0.5556,0.1,56104,
7349,251648,5.5,1.0,53.49,23,0.0435,0.6957,0.1,56130,
7350,251648,-6.3,0.0,45.1,23,0.0435,0.4783,0.1,56130,
7351,251712,-4.0,0.0,32.0,8,0.0,0.625,0.1,56160,
7352,251712,9.6,1.0,47.06,8,0.0,0.75,0.1,56160,
7353,251776,9.4,1.0,42.11,8,0.125,0.5,0.1,56189,
7354,251776,8.4,1.0,68.18,15,0.1333,0.4,0.1,56189,
7355,251776,10.1,1.0,66.67,8,0.125,0.75,0.1,56189,
7356,251840,-1.7,0.0,33.33,5,0.0,0.6,0.1,56215,
7357,251840,7.9,1.0,55.56,15,0.0,0.6,0.1,56215,
7358,251840,10.4,1.0,70.0,7,0.0,0.4286,0.1,56215,
7359,251840,-6.8,0.0,54.9,28,0.1071,0.5,0.1,56215,
7360,251904,7.3,1.0,50.0,16,0.0,0.5625,0.1,56241,
7361,251968,-2.1,0.0,40.0,4,0.25,0.5,0.1,56265,
7362,251968,11.5,1.0,20.0,1,0.0,1.0,0.1,56265,
7363,252032,-4.1,0.0,41.67,10,0.1,0.5,0.1,56298,
7364,252096,-2.8,0.0,50.0,7,0.1429,0.4286,0.1,56326,
7365,252224,5.2,1.0,68.29,28,0.3214,0.4643,0.1,56386,
7366,252224,7.4,1.0,46.88,15,0.0667,0.6667,0.1,56386,
7367,252288,-1.3,0.0,23.08,3,0.0,0.3333,0.1,56418,
7368,252288,-1.5,0.0,50.0,6,0.0,0.3333,0.1,56418,
7369,252288,-3.3,0.0,36.84,7,0.0,0.1429,0.1,56418,
7370,252288,-6.2,0.0,23.53,12,0.0833,0.6667,0.1,56418,
7371,252288,-5.9,0.0,37.25,19,0.1053,0.5263,0.1,56418,
7372,252352,-3.3,0.0,62.5,10,0.0,0.6,0.1,56448,
7373,252416,-0.8,0.0,57.14,4,0.25,0.25,0.1,56477,
7374,252480,-5.6,0.0,36.11,13,0.0,0.3846,0.1,56510,
7375,252480,-2.9,0.0,57.14,8,0.25,0.25,0.1,56510,
7376,252480,-2.1,0.0,40.0,4,0.0,0.5,0.1,56510,
7377,252544,-6.2,0.0,34.15,14,0.1429,0.5,0.1,56540,
7378,252544,9.7,1.0,41.18,7,0.0,0.4286,0.1,56540,
7379,252608,-7.0,0.0,39.22,20,0.05,0.4,0.1,56566,
7380,252608,6.5,1.0,64.71,22,0.0909,0.5455,0.1,56566,
7381,252608,5.8,1.0,53.66,22,0.1364,0.6364,0.1,56566,
7382,252672,-2.8,0.0,40.0,6,0.0,0.5,0.1,56597,
7383,252672,-4.6,0.0,30.0,9,0.0,0.6667,0.1,56597,
7384,252736,10.1,1.0,81.82,9,0.1111,0.6667,0.1,56630,
7385,252736,-0.7,0.0,42.86,3,0.3333,0.3333,0.1,56630,
7386,252736,-2.7,0.0,42.86,6,0.0,0.6667,0.1,56630,
7387,252800,-1.7,0.0,25.0,2,0.0,0.0,0.1,56653,
7388,252800,-7.0,0.0,39.22,20,0.0,0.55,0.1,56653,
7389,252864,-1.2,0.0,25.0,1,0.0,0.0,0.1,56677,
7390,252928,-3.5,0.0,46.15,12,0.0833,0.3333,0.1,56702,
7391,252928,-6.4,0.0,47.06,24,0.0417,0.6667,0.1,56702,
7392,252992,-5.0,0.0,35.9,14,0.0,0.4286,0.1,56734,
7393,252992,7.1,1.0,72.41,21,0.0952,0.4762,0.1,56734,
7394,252992,-2.2,0.0,36.36,4,0.0,0.5,0.1,56734,
7395,253056,-7.2,0.0,43.14,22,0.0455,0.6364,0.1,56768,
7396,253056,-3.9,0.0,52.38,11,0.0,0.2727,0.1,56768,
7397,253056,-0.9,0.0,33.33,3,0.0,0.6667,0.1,56768,
7398,253120,10.4,1.0,30.77,4,0.25,0.75,0.1,56790,
7399,253120,-1.6,0.0,50.0,3,0.6667,0.6667,0.1,56790,
7400,253184,-2.6,0.0,35.71,5,0.0,0.6,0.1,56812,
7401,253248,-2.6,0.0,18.75,3,0.0,0.6667,0.1,56839,
7402,253312,-5.9,0.0,37.25,19,0.0526,0.5263,0.1,56861,
7403,253312,-6.8,0.0,35.29,18,0.1111,0.6111,0.1,56861,
7404,253312,-0.2,0.0,25.0,1,0.0,0.0,0.1,56861,
7405,253312,7.0,1.0,54.55,18,0.0,0.3889,0.1,56861,
7406,253312,-6.7,0.0,33.33,17,0.0,0.5294,0.1,56861,
7407,253440,-6.7,0.0,33.33,17,0.1176,0.3529,0.1,56918,
7408,253568,-3.4,0.0,37.04,10,0.2,0.7,0.1,56971,
7409,253568,-1.3,0.0,50.0,2,0.0,0.0,0.1,56971,
7410,253568,-7.6,0.0,50.0,23,0.0,0.3043,0.1,56971,
7411,253632,-7.0,0.0,39.22,20,0.1,0.55,0.1,57003,
7412,253632,7.9,1.0,75.0,18,0.1111,0.5,0.1,57003,
7413,253696,-5.8,0.0,35.29,18,0.0,0.4444,0.1,57030,
7414,253696,9.7,1.0,71.43,10,0.0,0.4,0.1,57030,
7415,253696,10.3,1.0,80.0,8,0.25,0.5,0.1,57030,
7416,253696,-2.4,0.0,41.67,5,0.0,0.4,0.1,57030,
7417,253696,-6.8,0.0,54.9,28,0.1786,0.4643,0.1,57030,
7418,253760,-4.8,0.0,32.26,10,0.3,0.5,0.1,57055,
7419,253760,-5.3,0.0,24.32,9,0.1111,0.4444,0.1,57055,
7420,253824,-2.3,0.0,60.0,6,0.0,0.3333,0.1,57080,
7421,253824,-6.6,0.0,50.98,26,0.1538,0.3462,0.1,57080,
7422,253824,5.7,1.0,42.22,19,0.1053,0.6316,0.1,57080,
7423,253888,-1.2,0.0,25.0,1,0.0,0.0,0.1,57107,
7424,253888,-7.1,0.0,60.87,28,0.1071,0.4643,0.1,57107,
7425,253952,9.1,1.0,87.5,14,0.1429,0.4286,0.1,57141,
7426,253952,9.9,1.0,69.23,9,0.0,0.6667,0.1,57141,
7427,253952,-2.2,0.0,50.0,5,0.0,0.8,0.1,57141,
7428,253952,-5.8,0.0,35.29,18,0.0,0.2778,0.1,57141,
7429,253952,-7.1,0.0,41.18,21,0.0,0.4762,0.1,57141,
7430,254016,-5.6,0.0,40.0,14,0.0,0.3571,0.1,57163,
7431,254080,9.9,1.0,69.23,9,0.2222,0.5556,0.1,57195,
7432,254080,-7.0,0.0,39.22,20,0.0,0.45,0.1,57195,
7433,254144,10.2,1.0,46.15,6,0.1667,0.5,0.1,57222,
7434,254144,-1.5,0.0,33.33,2,0.5,0.0,0.1,57222,
7435,254208,-3.6,0.0,39.29,11,0.1818,0.7273,0.1,57248,
7436,254208,8.0,1.0,51.85,14,0.1429,0.5,0.1,57248,
7437,254272,10.8,1.0,44.44,4,0.0,0.75,0.1,57282,
7438,254272,11.2,1.0,50.0,3,0.3333,0.6667,0.1,57282,
7439,254272,-5.6,0.0,31.37,16,0.0,0.1875,0.1,57282,
7440,254272,-6.7,0.0,33.33,17,0.0,0.4706,0.1,57282,
7441,254336,8.5,1.0,38.46,10,0.1,0.4,0.1,57315,
7442,254336,-6.6,0.0,31.37,16,0.25,0.375,0.1,57315,
7443,254336,-6.8,0.0,35.29,18,0.0,0.4444,0.1,57315,
7444,254336,-6.3,0.0,45.1,23,0.0435,0.4783,0.1,57315,
7445,254400,6.0,1.0,41.86,18,0.0556,0.5556,0.1,57343,
7446,254400,-5.7,0.0,33.33,17,0.0,0.6471,0.1,57343,
7447,254464,-2.6,0.0,35.71,5,0.0,0.4,0.1,57372,
7448,254464,-5.9,0.0,37.25,19,0.0526,0.5263,0.1,57372,
7449,254464,-7.4,0.0,47.06,24,0.125,0.4583,0.1,57372,
7450,254464,-1.3,0.0,50.0,2,0.0,0.5,0.1,57372,
7451,254528,10.7,1.0,55.56,5,0.2,0.8,0.1,57401,
7452,254592,4.2,1.0,54.9,28,0.0,0.4643,0.1,57430,
7453,254656,-1.7,0.0,33.33,5,0.0,0.2,0.1,57458,
7454,254656,5.4,1.0,52.27,23,0.0,0.3478,0.1,57458,
7455,254656,-6.8,0.0,45.24,19,0.1053,0.3684,0.1,57458,
7456,254656,11.4,1.0,75.0,3,0.3333,1.0,0.1,57458,
7457,254656,-2.6,0.0,46.15,6,0.3333,0.5,0.1,57458,
7458,254720,-7.9,0.0,46.94,23,0.1304,0.4783,0.1,57488,
7459,254784,-6.2,0.0,43.14,22,0.1364,0.6818,0.1,57514,
7460,254784,8.3,1.0,65.22,15,0.0667,0.4667,0.1,57514,
7461,254784,7.6,1.0,40.62,13,0.1538,0.2308,0.1,57514,
7462,254784,-1.4,0.0,40.0,2,0.0,0.5,0.1,57514,
7463,254848,9.8,1.0,43.75,7,0.0,0.5714,0.1,57542,
7464,254848,-3.4,0.0,50.0,9,0.1111,0.0,0.1,57542,
7465,254912,8.4,1.0,60.87,14,0.2857,0.5714,0.1,57568,
7466,254912,10.1,1.0,53.85,7,0.4286,0.5714,0.1,57568,
7467,254912,-0.8,0.0,83.33,5,0.2,0.4,0.1,57568,
7468,254976,11.3,1.0,60.0,3,0.0,1.0,0.1,57593,
7469,254976,8.9,1.0,45.45,10,0.1,0.8,0.1,57593,
7470,255040,-7.2,0.0,43.14,22,0.0909,0.4545,0.1,57621,
7471,255168,-5.5,0.0,33.33,12,0.0,0.5,0.1,57680,
7472,255168,-3.0,0.0,53.33,8,0.0,0.375,0.1,57680,
7473,255168,-6.9,0.0,37.25,19,0.1579,0.2632,0.1,57680,
7474,255232,-2.0,0.0,44.44,4,0.0,0.5,0.1,57712,
7475,255296,8.6,1.0,45.83,11,0.2727,0.4545,0.1,57741,
7476,255296,-2.1,0.0,60.0,9,0.0,0.4444,0.1,57741,
7477,255360,8.5,1.0,63.64,14,0.0714,0.6429,0.1,57764,
7478,255424,-1.9,0.0,71.43,5,0.2,0.6,0.1,57803,
7479,255424,6.3,1.0,61.11,22,0.0455,0.5909,0.1,57803,
7480,255488,-6.6,0.0,50.98,26,0.2308,0.4615,0.1,57827,
7481,255488,8.5,1.0,56.52,13,0.1538,0.4615,0.1,57827,
7482,255488,6.0,1.0,35.56,16,0.0,0.6875,0.1,57827,
7483,255552,-1.7,0.0,66.67,8,0.125,0.25,0.1,57851,
7484,255552,-7.4,0.0,42.55,20,0.05,0.55,0.1,57851,
7485,255552,11.0,1.0,83.33,5,0.4,0.4,0.1,57851,
7486,255616,-3.2,0.0,25.0,5,0.0,0.4,0.1,57888,
7487,255616,-6.6,0.0,46.81,22,0.0909,0.4091,0.1,57888,
7488,255616,-6.9,0.0,37.25,19,0.1053,0.4211,0.1,57888,
7489,255680,10.7,1.0,75.0,6,0.1667,0.6667,0.1,57917,
7490,255744,-2.7,0.0,30.43,7,0.1429,0.5714,0.1,57949,
7491,255744,-7.0,0.0,58.82,30,0.0667,0.4333,0.1,57949,
7492,255808,-7.1,0.0,41.18,21,0.0952,0.381,0.1,57966,
7493,255808,-2.2,0.0,15.38,2,0.0,0.5,0.1,57966,
7494,255936,-1.8,0.0,22.22,2,0.0,0.5,0.1,58016,
7495,255936,-6.9,0.0,37.25,19,0.0526,0.4737,0.1,58016,
7496,256000,-2.1,0.0,41.18,7,0.1429,0.4286,0.1,58043,
7497,256000,-6.4,0.0,47.06,24,0.125,0.625,0.1,58043,
7498,256000,8.5,1.0,50.0,12,0.0833,0.5,0.1,58043,
7499,256064,-6.3,0.0,45.1,23,0.0,0.4783,0.1,58073,
7500,256064,-7.8,0.0,47.92,23,0.1304,0.3478,0.1,58073,
7501,256128,7.5,1.0,58.62,17,0.1176,0.4706,0.1,58099,
7502,256192,-1.8,0.0,22.22,2,0.0,0.0,0.1,58126,
7503,256256,-6.5,0.0,29.41,15,0.0667,0.5333,0.1,58153,
7504,256256,-6.8,0.0,35.29,18,0.1667,0.4444,0.1,58153,
7505,256320,-6.3,0.0,33.33,14,0.0714,0.5,0.1,58182,
7506,256320,-1.8,0.0,50.0,7,0.0,0.1429,0.1,58182,
7507,256320,8.7,1.0,47.83,11,0.0909,0.7273,0.1,58182,
7508,256320,-6.9,0.0,56.86,29,0.0345,0.4483,0.1,58182,
7509,256576,-2.1,0.0,40.0,4,0.0,0.0,0.1,58290,
7510,256576,-5.6,0.0,31.37,16,0.125,0.5625,0.1,58290,
7511,256576,7.7,1.0,41.94,13,0.0,0.4615,0.1,58290,
7512,256576,-3.3,0.0,73.33,11,0.0,0.6364,0.1,58290,
7513,256576,-5.4,0.0,39.02,16,0.125,0.375,0.1,58290,
7514,256704,-0.5,0.0,33.33,2,0.0,0.5,0.1,58348,
7515,256704,-6.2,0.0,37.5,15,0.2,0.2,0.1,58348,
7516,256832,-2.4,0.0,41.67,5,0.0,0.6,0.1,58413,
7517,256832,-7.1,0.0,41.18,21,0.2857,0.5238,0.1,58413,
7518,256896,4.4,1.0,54.0,27,0.1111,0.6667,0.1,58441,
7519,256960,-6.0,0.0,39.22,20,0.1,0.45,0.1,58470,
7520,256960,8.8,1.0,50.0,11,0.1818,0.5455,0.1,58470,
7521,256960,7.3,1.0,20.0,8,0.125,0.875,0.1,58470,
7522,257024,7.7,1.0,62.96,17,0.1176,0.5882,0.1,58498,
7523,257088,-6.4,0.0,47.06,24,0.0833,0.4167,0.1,58531,
7524,257088,-5.6,0.0,32.43,12,0.25,0.4167,0.1,58531,
7525,257152,-7.0,0.0,39.22,20,0.05,0.55,0.1,58563,
7526,257152,4.1,1.0,60.0,30,0.1667,0.4667,0.1,58563,
7527,257216,-5.1,0.0,42.11,16,0.25,0.5625,0.1,58596,
7528,257216,-1.7,0.0,66.67,4,0.0,0.25,0.1,58596,
7529,257216,-6.8,0.0,54.9,28,0.0357,0.4643,0.1,58596,
7530,257280,-3.4,0.0,35.0,7,0.1429,0.2857,0.1,58622,
7531,257280,5.2,1.0,50.0,23,0.1304,0.6087,0.1,58622,
7532,257344,-6.1,0.0,41.18,21,0.1905,0.5238,0.1,58653,
7533,257408,-7.6,0.0,50.98,26,0.0385,0.5,0.1,58681,
7534,257472,7.0,1.0,75.86,22,0.0909,0.3636,0.1,58712,
7535,257472,4.6,1.0,70.45,31,0.0323,0.5484,0.1,58712,
7536,257472,10.9,1.0,50.0,4,0.0,0.75,0.1,58712,
7537,257536,-7.3,0.0,45.1,23,0.0,0.6087,0.1,58739,
7538,257536,-5.7,0.0,33.33,17,0.0588,0.5294,0.1,58739,
7539,257600,-5.9,0.0,37.25,19,0.0526,0.4737,0.1,58773,
7540,257600,9.8,1.0,43.75,7,0.2857,0.5714,0.1,58773,
7541,257664,11.0,1.0,37.5,3,0.0,0.6667,0.1,58806,
7542,257728,4.7,1.0,45.1,23,0.1739,0.4783,0.1,58832,
7543,257728,-5.9,0.0,37.25,19,0.1053,0.6842,0.1,58832,
7544,257792,-7.7,0.0,48.94,23,0.087,0.4783,0.1,58861,
7545,257920,-5.9,0.0,37.25,19,0.0,0.5263,0.1,58924,
7546,257920,-7.3,0.0,45.1,23,0.0435,0.6087,0.1,58924,
7547,258048,-6.0,0.0,35.9,14,0.0714,0.2857,0.1,58985,
7548,258048,-6.2,0.0,43.14,22,0.0455,0.4545,0.1,58985,
7549,258112,-6.8,0.0,54.9,28,0.1786,0.3929,0.1,59011,
7550,258112,6.6,1.0,37.5,15,0.1333,0.5333,0.1,59011,
7551,258176,6.5,1.0,60.0,21,0.0,0.619,0.1,59035,
7552,258176,-1.8,0.0,37.5,3,0.0,0.3333,0.1,59035,
7553,258176,8.6,1.0,52.17,12,0.0833,0.5,0.1,59035,
7554,258176,-7.3,0.0,64.71,33,0.1212,0.4545,0.1,59035,
7555,258176,-5.4,0.0,27.45,14,0.0714,0.4286,0.1,59035,
7556,258304,-6.0,0.0,39.22,20,0.0,0.3,0.1,59081,
7557,258304,-4.6,0.0,44.44,12,0.0833,0.6667,0.1,59081,
7558,258432,-7.4,0.0,47.06,24,0.0833,0.5833,0.1,59139,
7559,258496,-6.2,0.0,43.14,22,0.0455,0.3636,0.1,59174,
7560,258496,5.8,1.0,61.54,24,0.0833,0.4167,0.1,59174,
7561,258496,7.4,1.0,56.67,17,0.0,0.5882,0.1,59174,
7562,258560,-6.4,0.0,27.45,14,0.2143,0.5,0.1,59199,
7563,258560,-5.1,0.0,25.71,9,0.0,0.5556,0.1,59199,
7564,258624,-3.0,0.0,21.05,4,0.25,0.5,0.1,59229,
7565,258624,-7.7,0.0,52.17,24,0.25,0.375,0.1,59229,
7566,258688,-4.0,0.0,43.48,10,0.1,0.5,0.1,59257,
7567,258688,-5.0,0.0,32.5,13,0.0769,0.2308,0.1,59257,
7568,258688,-6.5,0.0,29.41,15,0.0667,0.4667,0.1,59257,
7569,258752,-7.4,0.0,47.06,24,0.0833,0.3333,0.1,59283,
7570,258752,-7.2,0.0,43.14,22,0.0,0.4545,0.1,59283,
7571,258752,-6.3,0.0,45.1,23,0.0,0.4783,0.1,59283,
7572,258816,-3.6,0.0,38.1,8,0.25,0.25,0.1,59314,
7573,258880,9.6,1.0,66.67,10,0.1,0.7,0.1,59342,
7574,258944,-5.7,0.0,39.53,17,0.1176,0.4706,0.1,59369,
7575,259008,-6.8,0.0,54.9,28,0.0714,0.5,0.1,59396,
7576,259008,-4.7,0.0,66.67,16,0.125,0.375,0.1,59396,
7577,259008,-5.5,0.0,29.41,15,0.2,0.6667,0.1,59396,
7578,259072,-6.6,0.0,50.98,26,0.1154,0.5,0.1,59424,
7579,259072,-6.8,0.0,54.9,28,0.0357,0.3571,0.1,59424,
7580,259200,9.5,1.0,62.5,10,0.3,0.5,0.1,59486,
7581,259200,6.1,1.0,62.16,23,0.1304,0.4348,0.1,59486,
7582,259264,-2.2,0.0,50.0,5,0.0,0.4,0.1,59516,
7583,259264,-4.1,0.0,25.93,7,0.0,0.7143,0.1,59516,
7584,259264,-6.2,0.0,37.5,15,0.0667,0.3333,0.1,59516,
7585,259264,-7.2,0.0,43.14,22,0.1364,0.5455,0.1,59516,
7586,259328,-4.5,0.0,45.45,15,0.1333,0.3333,0.1,59540,
7587,259328,-6.9,0.0,37.25,19,0.0526,0.3684,0.1,59540,
7588,259392,-1.6,0.0,50.0,3,0.3333,0.3333,0.1,59571,
7589,259392,-3.4,0.0,42.11,8,0.375,0.5,0.1,59571,
7590,259392,-3.6,0.0,50.0,13,0.0769,0.1538,0.1,59571,
7591,259456,8.4,1.0,42.31,11,0.0,0.3636,0.1,59595,
7592,259456,-2.3,0.0,33.33,4,0.0,0.5,0.1,59595,
7593,259456,6.3,1.0,48.72,19,0.2105,0.6842,0.1,59595,
7594,259520,6.4,1.0,46.15,18,0.0556,0.4444,0.1,59619,
7595,259520,-1.6,0.0,35.71,5,0.0,0.4,0.1,59619,
7596,259520,-7.0,0.0,39.22,20,0.15,0.5,0.1,59619,
7597,259520,-6.4,0.0,47.06,24,0.0833,0.4583,0.1,59619,
7598,259584,-3.4,0.0,58.82,10,0.3,0.4,0.1,59644,
7599,259584,-5.9,0.0,37.25,19,0.0,0.3684,0.1,59644,
7600,259584,-6.0,0.0,39.22,20,0.05,0.6,0.1,59644,
7601,259712,-3.7,0.0,36.36,8,0.0,0.625,0.1,59693,
7602,259712,-6.2,0.0,41.03,16,0.0,0.3125,0.1,59693,
7603,259776,-4.7,0.0,42.86,15,0.0,0.6,0.1,59718,
7604,259776,8.2,1.0,44.44,12,0.0833,0.6667,0.1,59718,
7605,259776,5.9,1.0,58.97,23,0.0435,0.5652,0.1,59718,
7606,259776,-2.0,0.0,18.18,2,0.0,0.5,0.1,59718,
7607,259840,-1.3,0.0,77.78,7,0.2857,0.1429,0.1,59740,
7608,259840,-4.2,0.0,29.63,8,0.0,0.25,0.1,59740,
7609,259840,-1.8,0.0,37.5,3,0.0,0.3333,0.1,59740,
7610,259840,-7.0,0.0,39.22,20,0.1,0.4,0.1,59740,
7611,259840,-7.4,0.0,47.06,24,0.1667,0.375,0.1,59740,
7612,259968,-2.0,0.0,44.44,4,0.0,0.5,0.1,59794,
7613,259968,-2.1,0.0,55.56,5,0.0,0.6,0.1,59794,
7614,260032,4.6,1.0,53.06,26,0.0,0.4615,0.1,59818,
7615,260032,6.6,1.0,44.74,17,0.0,0.4706,0.1,59818,
7616,260096,-1.3,0.0,20.0,1,0.0,0.0,0.1,59849,
7617,260160,10.3,1.0,28.57,4,0.0,0.75,0.1,59886,
7618,260224,-6.4,0.0,47.06,24,0.125,0.4167,0.1,59917,
7619,260224,-4.2,0.0,50.0,15,0.1333,0.4667,0.1,59917,
7620,260224,-2.2,0.0,25.0,3,0.0,0.3333,0.1,59917,
7621,260224,10.7,1.0,40.0,4,0.0,1.0,0.1,59917,
7622,260288,-2.5,0.0,50.0,6,0.0,0.1667,0.1,59948,
7623,260288,-3.6,0.0,45.0,9,0.1111,0.3333,0.1,59948,
7624,260288,-2.6,0.0,58.33,7,0.2857,0.2857,0.1,59948,
7625,260352,-2.0,0.0,53.33,8,0.0,0.5,0.1,59982,
7626,260352,-1.9,0.0,33.33,3,0.3333,0.3333,0.1,59982,
7627,260352,-2.4,0.0,41.67,5,0.0,0.6,0.1,59982,
7628,260352,-6.1,0.0,41.18,21,0.0952,0.6667,0.1,59982,
7629,260352,-2.3,0.0,30.0,6,0.0,0.3333,0.1,59982,
7630,260352,-5.9,0.0,37.25,19,0.0,0.6842,0.1,59982,
7631,260416,-6.2,0.0,43.14,22,0.0909,0.4545,0.1,60010,
7632,260416,-1.8,0.0,57.14,4,0.25,0.5,0.1,60010,
7633,260480,7.7,1.0,57.14,16,0.0625,0.5625,0.1,60036,
7634,260480,-1.2,0.0,25.0,1,0.0,0.0,0.1,60036,
7635,260480,-1.1,0.0,40.0,4,0.25,0.5,0.1,60036,
7636,260544,-5.6,0.0,31.37,16,0.125,0.6875,0.1,60064,
7637,260608,8.6,1.0,59.09,13,0.1538,0.3846,0.1,60092,
7638,260608,-5.0,0.0,30.3,10,0.0,0.4,0.1,60092,
7639,260608,-1.3,0.0,50.0,2,0.0,0.5,0.1,60092,
7640,260608,-6.4,0.0,47.06,24,0.0833,0.5,0.1,60092,
7641,260672,-4.2,0.0,12.9,4,0.0,0.25,0.1,60115,
7642,260736,-7.4,0.0,47.06,24,0.0417,0.4583,0.1,60143,
7643,260864,9.3,1.0,33.33,7,0.2857,0.2857,0.1,60212,
7644,260864,-6.8,0.0,35.29,18,0.0556,0.3889,0.1,60212,
7645,260864,10.4,1.0,30.77,4,0.0,0.75,0.1,60212,
7646,260864,9.1,1.0,50.0,10,0.1,0.8,0.1,60212,
7647,260864,5.7,1.0,52.38,22,0.0909,0.2727,0.1,60212,
7648,260928,9.2,1.0,52.63,10,0.2,0.5,0.1,60236,
7649,260928,-2.7,0.0,53.85,7,0.2857,0.4286,0.1,60236,
7650,260992,-6.2,0.0,43.14,22,0.0455,0.4091,0.1,60266,
7651,260992,11.3,1.0,60.0,3,0.0,1.0,0.1,60266,
7652,261184,-1.9,0.0,33.33,3,0.0,0.6667,0.1,60350,
7653,261184,-7.1,0.0,41.18,21,0.0952,0.3333,0.1,60350,
7654,261184,-2.6,0.0,46.15,6,0.0,0.5,0.1,60350,
7655,261184,-2.8,0.0,61.54,8,0.0,0.25,0.1,60350,
7656,261184,-2.0,0.0,44.44,4,0.25,0.25,0.1,60350,
7657,261248,8.8,1.0,43.48,10,0.1,0.7,0.1,60386,
7658,261248,-2.3,0.0,33.33,4,0.0,0.5,0.1,60386,
7659,261312,5.2,1.0,56.82,25,0.04,0.64,0.1,60413,
7660,261312,-5.4,0.0,27.45,14,0.0714,0.4286,0.1,60413,
7661,261376,-6.7,0.0,33.33,17,0.0588,0.5294,0.1,60440,
7662,261440,-5.9,0.0,37.25,19,0.0526,0.7368,0.1,60470,
7663,261440,-7.0,0.0,39.22,20,0.05,0.45,0.1,60470,
7664,261568,-5.0,0.0,47.22,17,0.2353,0.4118,0.1,60525,
7665,261632,6.9,1.0,52.94,18,0.0556,0.5,0.1,60547,
7666,261632,-3.1,0.0,50.0,8,0.0,0.375,0.1,60547,
7667,261696,-6.8,0.0,54.9,28,0.0,0.3929,0.1,60575,
7668,261824,7.4,1.0,51.61,16,0.0625,0.4375,0.1,60627,
7669,261824,-7.4,0.0,66.67,34,0.1471,0.4118,0.1,60627,
7670,261824,7.8,1.0,72.0,18,0.0,0.8333,0.1,60627,
7671,261824,-6.1,0.0,41.18,21,0.0952,0.4762,0.1,60627,
7672,261824,-6.4,0.0,39.02,16,0.0625,0.4375,0.1,60627,
7673,261952,7.7,1.0,69.23,18,0.0556,0.8333,0.1,60688,
7674,261952,8.0,1.0,78.26,18,0.3333,0.5,0.1,60688,
7675,261952,-2.4,0.0,41.67,5,0.0,0.4,0.1,60688,
7676,262016,6.6,1.0,61.76,21,0.0952,0.4286,0.1,60719,
7677,262016,-7.4,0.0,47.06,24,0.0417,0.5,0.1,60719,
7678,262016,-6.2,0.0,23.53,12,0.1667,0.5833,0.1,60719,
7679,262016,-5.8,0.0,35.29,18,0.0556,0.6111,0.1,60719,
7680,262016,8.1,1.0,60.0,15,0.1333,0.4,0.1,60719,
7681,262080,-5.3,0.0,31.43,11,0.0909,0.3636,0.1,60744,
7682,262080,5.4,1.0,55.81,24,0.0833,0.5417,0.1,60744,
7683,262080,-6.5,0.0,49.02,25,0.08,0.6,0.1,60744,
7684,262144,-6.8,0.0,35.29,18,0.1111,0.4444,0.1,60774,
7685,262208,-7.2,0.0,62.75,32,0.125,0.3438,0.1,60801,
7686,262208,-4.7,0.0,53.85,14,0.0,0.3571,0.1,60801,
7687,262272,-6.4,0.0,47.06,24,0.0833,0.6667,0.1,60839,
7688,262272,10.4,1.0,70.0,7,0.0,1.0,0.1,60839,
7689,262272,6.8,1.0,65.62,21,0.0952,0.4286,0.1,60839,
7690,262336,8.3,1.0,52.0,13,0.3077,0.4615,0.1,60863,
7691,262400,10.0,1.0,10.53,2,0.5,1.0,0.1,60892,
7692,262464,8.6,1.0,40.0,10,0.2,0.7,0.1,60926,
7693,262528,-5.7,0.0,33.33,17,0.0,0.2353,0.1,60957,
7694,262592,-5.4,0.0,30.56,11,0.0,0.2727,0.1,60989,
7695,262592,-3.8,0.0,47.62,10,0.1,0.5,0.1,60989,
7696,262656,-3.9,0.0,52.38,11,0.0,0.5455,0.1,61017,
7697,262656,9.1,1.0,57.89,11,0.1818,0.4545,0.1,61017,
7698,262720,7.5,1.0,64.29,18,0.2778,0.6667,0.1,61046,
7699,262720,-7.1,0.0,41.18,21,0.0476,0.5238,0.1,61046,
7700,262784,-6.7,0.0,33.33,17,0.0588,0.2941,0.1,61070,
7701,262848,-2.3,0.0,23.08,3,0.3333,0.3333,0.1,61105,
7702,262848,10.3,1.0,38.46,5,0.0,0.6,0.1,61105,
7703,262848,-3.9,0.0,45.45,10,0.0,0.4,0.1,61105,
7704,262848,11.1,1.0,66.67,4,0.0,1.0,0.1,61105,
7705,262848,9.8,1.0,91.67,11,0.2727,0.5455,0.1,61105,
7706,262912,-4.2,0.0,29.63,8,0.0,0.625,0.1,61137,
7707,262912,10.0,1.0,50.0,7,0.1429,0.7143,0.1,61137,
7708,262912,-4.5,0.0,26.67,8,0.25,0.125,0.1,61137,
7709,262976,-6.1,0.0,41.18,21,0.1429,0.4286,0.1,61171,
7710,263040,-1.3,0.0,23.08,3,0.0,0.3333,0.1,61196,
7711,263040,-7.1,0.0,41.18,21,0.1429,0.3333,0.1,61196,
7712,263104,-5.8,0.0,35.29,18,0.0,0.5556,0.1,61222,
7713,263168,4.5,1.0,61.7,29,0.0345,0.5517,0.1,61260,
7714,263168,-5.9,0.0,44.44,16,0.0625,0.3125,0.1,61260,
7715,263168,-1.5,0.0,33.33,2,0.0,0.0,0.1,61260,
7716,263232,-6.0,0.0,39.22,20,0.0,0.75,0.1,61299,
7717,263232,-1.7,0.0,66.67,4,0.25,0.25,0.1,61299,
7718,263232,5.2,1.0,53.33,24,0.2083,0.5,0.1,61299,
7719,263232,-5.2,0.0,25.0,9,0.0,0.4444,0.1,61299,
7720,263232,-5.2,0.0,48.65,18,0.1111,0.5,0.1,61299,
7721,263296,-8.2,0.0,47.06,24,0.0,0.4583,0.1,61332,
7722,263360,-2.4,0.0,13.33,2,0.0,0.0,0.1,61363,
7723,263360,8.4,1.0,54.17,13,0.0,0.4615,0.1,61363,
7724,263488,-6.9,0.0,56.86,29,0.069,0.3448,0.1,61437,
7725,263488,10.5,1.0,77.78,7,0.0,0.7143,0.1,61437,
7726,263488,11.3,1.0,60.0,3,0.0,0.6667,0.1,61437,
7727,263488,8.1,1.0,42.86,12,0.0833,0.6667,0.1,61437,
7728,263488,11.1,1.0,66.67,4,0.0,0.5,0.1,61437,
7729,263552,-6.7,0.0,33.33,17,0.0,0.5294,0.1,61465,
7730,263552,10.6,1.0,87.5,7,0.2857,0.5714,0.1,61465,
7731,263552,-2.2,0.0,36.36,4,0.25,0.5,0.1,61465,
7732,263616,-6.8,0.0,35.29,18,0.0,0.2222,0.1,61495,
7733,263616,-7.6,0.0,70.59,36,0.1111,0.3056,0.1,61495,
7734,263616,-2.3,0.0,33.33,4,0.0,0.0,0.1,61495,
7735,263680,-6.5,0.0,49.02,25,0.08,0.4,0.1,61525,
7736,263680,7.8,1.0,59.26,16,0.125,0.6875,0.1,61525,
7737,263744,-7.1,0.0,41.18,21,0.1905,0.3333,0.1,61551,
7738,263744,7.7,1.0,83.33,20,0.0,0.35,0.1,61551,
7739,263808,7.8,1.0,79.17,19,0.0,0.5789,0.1,61585,
7740,263808,6.7,1.0,31.71,13,0.1538,0.5385,0.1,61585,
7741,263872,-7.6,0.0,50.98,26,0.0385,0.4231,0.1,61616,
7742,263936,-2.6,0.0,58.33,7,0.2857,0.7143,0.1,61653,
7743,263936,7.6,1.0,50.0,15,0.0667,0.7333,0.1,61653,
7744,263936,-2.6,0.0,52.63,10,0.1,0.5,0.1,61653,
7745,263936,4.4,1.0,60.42,29,0.069,0.5172,0.1,61653,
7746,264000,10.0,1.0,61.54,8,0.25,0.5,0.1,61683,
7747,264000,-3.1,0.0,33.33,6,0.0,0.5,0.1,61683,
7748,264128,-6.4,0.0,47.06,24,0.1667,0.4583,0.1,61747,
7749,264256,-7.1,0.0,41.18,21,0.0476,0.3333,0.1,61810,
7750,264256,10.6,1.0,66.67,6,0.0,0.3333,0.1,61810,
7751,264384,-3.4,0.0,50.0,9,0.1111,0.3333,0.1,61872,
7752,264448,-6.1,0.0,41.18,21,0.0476,0.4762,0.1,61897,
7753,264448,6.8,1.0,60.61,20,0.0,0.25,0.1,61897,
7754,264512,-1.2,0.0,36.36,4,0.0,0.75,0.1,61927,
7755,264512,-6.9,0.0,56.86,29,0.0345,0.4483,0.1,61927,
7756,264512,-2.0,0.0,62.5,5,0.0,0.2,0.1,61927,
7757,264576,-1.2,0.0,50.0,5,0.0,0.2,0.1,61955,
7758,264576,3.6,1.0,70.0,35,0.1714,0.4857,0.1,61955,
7759,264576,-6.2,0.0,43.14,22,0.1818,0.6364,0.1,61955,
7760,264640,8.6,1.0,59.09,13,0.0769,0.6154,0.1,61986,
7761,264704,-3.5,0.0,86.67,13,0.1538,0.4615,0.1,62020,
7762,264704,7.5,1.0,70.37,19,0.1579,0.5789,0.1,62020,
7763,264832,-7.4,0.0,47.06,24,0.0417,0.3333,0.1,62079,
7764,264832,-2.7,0.0,30.43,7,0.0,0.5714,0.1,62079,
7765,264896,-3.5,0.0,55.56,10,0.1,0.5,0.1,62103,
7766,264896,-6.9,0.0,37.25,19,0.0526,0.5263,0.1,62103,
7767,264960,-3.0,0.0,43.48,10,0.2,0.5,0.1,62129,
7768,264960,10.7,1.0,75.0,6,0.3333,0.8333,0.1,62129,
7769,265088,-8.1,0.0,54.17,26,0.2308,0.3462,0.1,62195,
7770,265088,-6.3,0.0,45.1,23,0.1304,0.4783,0.1,62195,
7771,265088,-5.8,0.0,35.29,18,0.0556,0.5556,0.1,62195,
7772,265088,-7.1,0.0,41.18,21,0.0,0.4286,0.1,62195,
7773,265088,-6.8,0.0,54.9,28,0.1429,0.6786,0.1,62195,
7774,265088,-5.2,0.0,61.76,21,0.0952,0.7143,0.1,62195,
7775,265152,-2.3,0.0,60.0,6,0.0,0.5,0.1,62228,
7776,265152,10.9,1.0,33.33,3,0.0,0.6667,0.1,62228,
7777,265216,-6.2,0.0,43.14,22,0.1364,0.3636,0.1,62259,
7778,265216,-1.3,0.0,50.0,2,0.0,0.0,0.1,62259,
7779,265216,-7.2,0.0,43.14,22,0.0909,0.5455,0.1,62259,
7780,265344,-7.2,0.0,43.14,22,0.0455,0.4091,0.1,62313,
7781,265344,-6.2,0.0,43.14,22,0.1364,0.4091,0.1,62313,
7782,265344,-1.7,0.0,25.0,2,0.0,0.0,0.1,62313,
7783,265408,-3.7,0.0,33.33,10,0.2,0.5,0.1,62334,
7784,265408,-6.7,0.0,52.94,27,0.037,0.5556,0.1,62334,
7785,265472,-3.3,0.0,56.52,13,0.0769,0.6154,0.1,62365,
7786,265536,-6.1,0.0,41.18,21,0.1429,0.4762,0.1,62398,
7787,265536,-1.9,0.0,71.43,5,0.4,0.4,0.1,62398,
7788,265536,-5.3,0.0,27.78,10,0.2,0.4,0.1,62398,
7789,265536,-7.1,0.0,41.18,21,0.1429,0.4762,0.1,62398,
7790,265600,-1.7,0.0,42.86,3,0.3333,0.6667,0.1,62425,
7791,265664,6.4,1.0,50.0,19,0.1579,0.6316,0.1,62455,
7792,265792,-6.5,0.0,49.02,25,0.0,0.6,0.1,62521,
7793,265792,-5.6,0.0,36.11,13,0.1538,0.3846,0.1,62521,
7794,265856,-6.2,0.0,43.14,22,0.0909,0.5,0.1,62553,
7795,265856,9.9,1.0,83.33,10,0.1,0.3,0.1,62553,
7796,265856,-7.2,0.0,43.14,22,0.2273,0.4545,0.1,62553,
7797,265920,-6.4,0.0,54.05,20,0.15,0.4,0.1,62580,
7798,265920,-7.4,0.0,47.06,24,0.125,0.375,0.1,62580,
7799,265920,-5.6,0.0,31.37,16,0.0,0.625,0.1,62580,
7800,265920,-2.4,0.0,13.33,2,0.0,0.5,0.1,62580,
7801,265984,5.7,1.0,68.42,26,0.1154,0.5385,0.1,62607,
7802,265984,-6.9,0.0,37.25,19,0.2105,0.2632,0.1,62607,
7803,266048,5.2,1.0,56.82,25,0.16,0.56,0.1,62637,
7804,266112,-4.3,0.0,16.13,5,0.0,0.2,0.1,62669,
7805,266112,-3.3,0.0,62.5,10,0.2,0.2,0.1,62669,
7806,266112,-1.8,0.0,57.14,4,0.0,0.0,0.1,62669,
7807,266112,-6.9,0.0,37.25,19,0.0526,0.3158,0.1,62669,
7808,266176,-6.1,0.0,41.18,21,0.0476,0.4762,0.1,62699,
7809,266176,-1.5,0.0,33.33,2,0.0,0.5,0.1,62699,
7810,266176,-2.8,0.0,40.0,6,0.0,0.5,0.1,62699,
7811,266304,-6.6,0.0,50.98,26,0.0385,0.3462,0.1,62766,
7812,266368,9.7,1.0,60.0,9,0.1111,0.5556,0.1,62801,
7813,266496,5.3,1.0,47.83,22,0.1364,0.4091,0.1,62867,
7814,266496,5.7,1.0,45.45,20,0.15,0.6,0.1,62867,
7815,266560,4.4,1.0,54.0,27,0.0741,0.4815,0.1,62902,
7816,266560,-3.5,0.0,64.71,11,0.0909,0.3636,0.1,62902,
7817,266560,10.4,1.0,70.0,7,0.1429,0.5714,0.1,62902,
7818,266560,-6.9,0.0,37.25,19,0.0526,0.3684,0.1,62902,
7819,266560,-1.1,0.0,40.0,4,0.25,0.25,0.1,62902,
7820,266688,10.8,1.0,44.44,4,0.25,0.5,0.1,62968,
7821,266688,11.6,1.0,66.67,2,0.0,1.0,0.1,62968,
7822,266688,-4.5,0.0,35.71,10,0.3,0.4,0.1,62968,
7823,266752,-6.8,0.0,35.29,18,0.1111,0.4444,0.1,62999,
7824,266752,-7.0,0.0,58.82,30,0.0667,0.3667,0.1,62999,
7825,266816,-4.2,0.0,34.62,9,0.1111,0.3333,0.1,63028,
7826,266880,-1.4,0.0,40.0,2,0.0,0.5,0.1,63063,
7827,266880,-6.9,0.0,37.25,19,0.1053,0.3158,0.1,63063,
7828,266880,-5.8,0.0,35.29,18,0.1111,0.6111,0.1,63063,
7829,266880,-8.4,0.0,66.67,34,0.1471,0.4118,0.1,63063,
7830,266944,5.8,1.0,61.54,24,0.0833,0.5417,0.1,63094,
7831,267008,-2.8,0.0,61.54,8,0.0,0.75,0.1,63130,
7832,267008,11.4,1.0,40.0,2,0.0,1.0,0.1,63130,
7833,267072,11.4,1.0,75.0,3,0.3333,0.6667,0.1,63162,
7834,267072,-6.9,0.0,37.25,19,0.0,0.2632,0.1,63162,
7835,267136,-6.5,0.0,49.02,25,0.12,0.6,0.1,63198,
7836,267136,8.4,1.0,54.17,13,0.0769,0.6923,0.1,63198,
7837,267200,-7.0,0.0,58.82,30,0.0667,0.4,0.1,63231,
7838,267200,-7.0,0.0,39.22,20,0.1,0.3,0.1,63231,
7839,267200,-7.7,0.0,72.55,37,0.0811,0.4324,0.1,63231,
7840,267200,9.0,1.0,63.16,12,0.1667,0.5833,0.1,63231,
7841,267328,-2.0,0.0,30.0,3,0.3333,0.6667,0.1,63291,
7842,267328,9.1,1.0,36.36,8,0.125,0.75,0.1,63291,
7843,267392,6.7,1.0,50.0,18,0.1111,0.6667,0.1,63317,
7844,267456,5.4,1.0,55.81,24,0.0833,0.3333,0.1,63345,
7845,267456,-2.6,0.0,35.71,5,0.0,0.0,0.1,63345,
7846,267520,10.0,1.0,61.54,8,0.0,0.875,0.1,63378,
7847,267520,-6.3,0.0,45.1,23,0.1739,0.6522,0.1,63378,
7848,267520,-4.3,0.0,63.64,14,0.0714,0.3571,0.1,63378,
7849,267520,-7.5,0.0,49.02,25,0.04,0.32,0.1,63378,
7850,267648,-4.5,0.0,40.74,11,0.0,0.6364,0.1,63450,
7851,267648,-7.1,0.0,41.18,21,0.0,0.4762,0.1,63450,
7852,267648,8.8,1.0,43.48,10,0.1,0.3,0.1,63450,
7853,267648,-4.3,0.0,76.92,20,0.0,0.3,0.1,63450,
7854,267648,6.3,1.0,75.76,25,0.0,0.4,0.1,63450,
7855,267712,9.5,1.0,44.44,8,0.0,0.625,0.1,63476,
7856,267712,6.1,1.0,46.34,19,0.1053,0.4211,0.1,63476,
7857,267776,-6.6,0.0,50.98,26,0.0385,0.6538,0.1,63508,
7858,267776,-6.1,0.0,41.18,21,0.1429,0.4762,0.1,63508,
7859,267840,-6.1,0.0,41.18,21,0.1905,0.2857,0.1,63533,
7860,267840,5.3,1.0,65.85,27,0.1111,0.5926,0.1,63533,
7861,267840,-6.5,0.0,49.02,25,0.2,0.52,0.1,63533,
7862,267904,10.1,1.0,81.82,9,0.0,0.5556,0.1,63573,
7863,267904,-7.2,0.0,43.14,22,0.0455,0.6364,0.1,63573,
7864,267904,-4.6,0.0,77.27,17,0.1765,0.3529,0.1,63573,
7865,267968,11.2,1.0,80.0,4,0.25,0.75,0.1,63607,
7866,267968,-6.6,0.0,50.98,26,0.1154,0.5,0.1,63607,
7867,268032,-1.5,0.0,33.33,2,0.0,0.5,0.1,63636,
7868,268096,-6.8,0.0,35.29,18,0.1667,0.4444,0.1,63664,
7869,268096,-3.3,0.0,52.94,9,0.0,0.2222,0.1,63664,
7870,268096,6.8,1.0,47.22,17,0.1765,0.4706,0.1,63664,
7871,268096,7.4,1.0,34.29,12,0.0,0.6667,0.1,63664,
7872,268160,-6.8,0.0,54.9,28,0.0714,0.4286,0.1,63693,
7873,268224,-5.8,0.0,54.55,18,0.1111,0.3333,0.1,63725,
7874,268224,-3.7,0.0,42.86,9,0.0,0.4444,0.1,63725,
7875,268288,-7.0,0.0,46.51,20,0.05,0.5,0.1,63756,
7876,268352,10.2,1.0,46.15,6,0.3333,0.6667,0.1,63783,
7877,268352,-7.5,0.0,49.02,25,0.12,0.4,0.1,63783,
7878,268416,-5.7,0.0,56.25,18,0.1667,0.2778,0.1,63810,
7879,268416,6.2,1.0,68.57,24,0.0417,0.5,0.1,63810,
7880,268480,-2.3,0.0,33.33,4,0.0,0.25,0.1,63844,
7881,268480,-7.7,0.0,52.94,27,0.0741,0.5926,0.1,63844,
7882,268608,-6.2,0.0,43.14,22,0.0455,0.4091,0.1,63903,
7883,268608,-5.9,0.0,37.25,19,0.0526,0.5789,0.1,63903,
7884,268608,-6.2,0.0,43.14,22,0.0909,0.4545,0.1,63903,
7885,268672,-3.4,0.0,68.75,11,0.0909,0.6364,0.1,63932,
7886,268672,-7.2,0.0,62.75,32,0.0,0.5312,0.1,63932,
7887,268736,8.5,1.0,50.0,12,0.1667,0.4167,0.1,63961,
7888,268736,-8.9,0.0,64.0,32,0.0,0.5,0.1,63961,
7889,268800,-6.7,0.0,33.33,17,0.1765,0.4706,0.1,63996,
7890,268800,-1.3,0.0,45.45,5,0.0,0.8,0.1,63996,
7891,268800,-3.3,0.0,30.0,6,0.0,0.6667,0.1,63996,
7892,268864,6.7,1.0,50.0,18,0.0556,0.6667,0.1,64028,
7893,268864,-1.8,0.0,37.5,3,0.0,0.3333,0.1,64028,
7894,268928,-4.4,0.0,27.59,8,0.25,0.25,0.1,64061,
7895,268928,9.4,1.0,58.82,10,0.4,0.6,0.1,64061,
7896,269056,-3.1,0.0,36.0,9,0.0,0.3333,0.1,64126,
7897,269120,-6.9,0.0,56.86,29,0.0,0.4138,0.1,64161,
7898,269120,-6.6,0.0,31.37,16,0.0625,0.5625,0.1,64161,
7899,269120,-4.6,0.0,44.44,12,0.1667,0.5833,0.1,64161,
7900,269184,-2.6,0.0,46.15,6,0.0,0.3333,0.1,64190,
7901,269248,-2.1,0.0,33.33,6,0.0,0.3333,0.1,64230,
7902,269312,-7.1,0.0,60.78,31,0.129,0.4194,0.1,64256,
7903,269376,-7.4,0.0,47.06,24,0.0833,0.5,0.1,64286,
7904,269376,8.4,1.0,54.17,13,0.0769,0.6923,0.1,64286,
7905,269376,7.9,1.0,68.0,17,0.1176,0.8235,0.1,64286,
7906,269440,11.3,1.0,60.0,3,0.3333,0.6667,0.1,64313,
7907,269440,-1.4,0.0,40.0,2,0.0,0.0,0.1,64313,
7908,269504,-5.8,0.0,30.77,12,0.1667,0.3333,0.1,64347,
7909,269504,-4.9,0.0,55.56,15,0.0667,0.4667,0.1,64347,
7910,269504,7.7,1.0,51.72,15,0.0,0.6,0.1,64347,
7911,269504,-6.0,0.0,70.97,22,0.0909,0.4545,0.1,64347,
7912,269504,5.7,1.0,56.1,23,0.087,0.6087,0.1,64347,
7913,269568,-7.4,0.0,47.06,24,0.2083,0.5,0.1,64372,
7914,269696,9.9,1.0,57.14,8,0.125,0.75,0.1,64430,
7915,269696,-4.3,0.0,28.57,8,0.375,0.125,0.1,64430,
7916,269824,-4.1,0.0,36.0,9,0.0,0.6667,0.1,64485,
7917,269824,-7.1,0.0,41.18,21,0.1429,0.4762,0.1,64485,
7918,269888,-2.7,0.0,17.65,3,0.0,0.3333,0.1,64518,
7919,269888,7.8,1.0,65.38,17,0.1765,0.5294,0.1,64518,
7920,269952,-2.2,0.0,66.67,6,0.0,0.3333,0.1,64549,
7921,270016,-7.0,0.0,39.22,20,0.1,0.5,0.1,64572,
7922,270016,-7.6,0.0,50.98,26,0.1923,0.5,0.1,64572,
7923,270016,-6.6,0.0,40.82,20,0.05,0.55,0.1,64572,
7924,270016,-7.8,0.0,47.92,23,0.0,0.4783,0.1,64572,
7925,270080,4.8,1.0,69.77,30,0.0667,0.4,0.1,64601,
7926,270144,-7.1,0.0,41.18,21,0.0,0.5714,0.1,64638,
7927,270144,-3.6,0.0,31.82,7,0.0,0.2857,0.1,64638,
7928,270144,5.9,1.0,58.97,23,0.0435,0.4783,0.1,64638,
7929,270144,5.5,1.0,43.48,20,0.15,0.7,0.1,64638,
7930,270144,-3.1,0.0,50.0,8,0.0,0.5,0.1,64638,
7931,270208,5.4,1.0,55.81,24,0.0,0.4167,0.1,64668,
7932,270208,11.6,1.0,66.67,2,1.0,1.0,0.1,64668,
7933,270336,-7.0,0.0,39.22,20,0.0,0.45,0.1,64731,
7934,270336,-4.5,0.0,41.18,14,0.0,0.5714,0.1,64731,
7935,270336,-7.7,0.0,42.86,21,0.0952,0.4286,0.1,64731,
7936,270336,-4.8,0.0,36.67,11,0.0909,0.1818,0.1,64731,
7937,270336,10.8,1.0,62.5,5,0.0,0.4,0.1,64731,
7938,270400,11.2,1.0,50.0,3,0.0,0.6667,0.1,64760,
7939,270400,-8.3,0.0,64.71,33,0.1818,0.4242,0.1,64760,
7940,270400,8.5,1.0,56.52,13,0.2308,0.5385,0.1,64760,
7941,270400,-6.3,0.0,45.1,23,0.0,0.6957,0.1,64760,
7942,270464,-3.7,0.0,37.93,11,0.0,0.5455,0.1,64791,
7943,270464,8.2,1.0,62.5,15,0.1333,0.4667,0.1,64791,
7944,270528,-6.3,0.0,47.37,18,0.0,0.3333,0.1,64822,
7945,270592,5.3,1.0,65.85,27,0.1111,0.3704,0.1,64842,
7946,270592,-1.3,0.0,50.0,2,0.0,0.5,0.1,64842,
7947,270592,10.2,1.0,58.33,7,0.0,0.7143,0.1,64842,
7948,270592,-6.0,0.0,39.22,20,0.0,0.35,0.1,64842,
7949,270656,-1.2,0.0,36.36,4,0.25,0.25,0.1,64866,
7950,270720,-2.3,0.0,77.78,7,0.1429,0.2857,0.1,64895,
7951,270720,-3.5,0.0,47.37,9,0.1111,0.2222,0.1,64895,
7952,270784,11.3,1.0,60.0,3,0.3333,0.6667,0.1,64928,
7953,270784,9.0,1.0,55.0,11,0.1818,0.7273,0.1,64928,
7954,270784,-7.2,0.0,43.14,22,0.0,0.5909,0.1,64928,
7955,270784,-2.5,0.0,28.57,4,0.25,0.0,0.1,64928,
7956,270848,8.2,1.0,85.71,18,0.1111,0.3889,0.1,64961,
7957,270912,6.5,1.0,55.56,20,0.1,0.4,0.1,64987,
7958,270912,-2.4,0.0,30.77,4,0.25,0.25,0.1,64987,
7959,270912,10.1,1.0,66.67,8,0.125,0.375,0.1,64987,
7960,270976,-1.7,0.0,66.67,4,0.25,0.5,0.1,65022,
7961,270976,9.8,1.0,91.67,11,0.0909,0.4545,0.1,65022,
7962,270976,-6.3,0.0,45.1,23,0.1304,0.3913,0.1,65022,
7963,271040,8.7,1.0,61.9,13,0.1538,0.5385,0.1,65058,
7964,271040,8.4,1.0,48.0,12,0.25,0.6667,0.1,65058,
7965,271104,-6.7,0.0,33.33,17,0.0,0.5882,0.1,65083,
7966,271104,-3.3,0.0,52.94,9,0.2222,0.3333,0.1,65083,
7967,271168,-6.5,0.0,49.02,25,0.12,0.44,0.1,65107,
7968,271168,3.9,1.0,67.35,33,0.1515,0.4242,0.1,65107,
7969,271168,-7.1,0.0,41.18,21,0.0,0.5714,0.1,65107,
7970,271232,-5.8,0.0,37.84,14,0.0,0.5,0.1,65140,
7971,271232,-5.3,0.0,43.75,14,0.1429,0.6429,0.1,65140,
7972,271232,-6.9,0.0,37.25,19,0.0,0.5789,0.1,65140,
7973,271296,-3.6,0.0,61.11,11,0.0,0.3636,0.1,65174,
7974,271360,-4.8,0.0,46.43,13,0.1538,0.4615,0.1,65203,
7975,271360,-6.5,0.0,49.02,25,0.12,0.6,0.1,65203,
7976,271488,7.3,1.0,54.84,17,0.0,0.5294,0.1,65275,
7977,271488,-1.6,0.0,28.57,2,0.0,0.5,0.1,65275,
7978,271488,-7.2,0.0,47.73,21,0.0476,0.4762,0.1,65275,
7979,271552,3.6,1.0,66.67,34,0.1176,0.5588,0.1,65307,
7980,271680,-7.2,0.0,43.14,22,0.0909,0.4545,0.1,65373,
7981,271680,11.2,1.0,80.0,4,0.0,0.5,0.1,65373,
7982,271744,-4.4,0.0,48.0,12,0.0,0.6667,0.1,65404,
7983,271744,-6.5,0.0,49.02,25,0.12,0.56,0.1,65404,
7984,271744,-6.4,0.0,47.06,24,0.0417,0.2917,0.1,65404,
7985,271808,-2.8,0.0,50.0,7,0.1429,0.1429,0.1,65436,
7986,271808,-2.2,0.0,36.36,4,0.0,0.75,0.1,65436,
7987,271808,-4.3,0.0,56.52,13,0.1538,0.5385,0.1,65436,
7988,271872,8.5,1.0,63.64,14,0.0714,0.5,0.1,65470,
7989,271872,9.8,1.0,76.92,10,0.0,0.5,0.1,65470,
7990,271872,10.0,1.0,75.0,9,0.0,0.5556,0.1,65470,
7991,271872,-7.0,0.0,39.22,20,0.2,0.45,0.1,65470,
7992,271936,-6.3,0.0,45.1,23,0.0435,0.4348,0.1,65496,
7993,271936,-7.2,0.0,44.44,20,0.1,0.5,0.1,65496,
7994,271936,7.4,1.0,46.88,15,0.0667,0.8,0.1,65496,
7995,272000,-5.4,0.0,27.45,14,0.0,0.6429,0.1,65532,
7996,272000,-2.9,0.0,29.41,5,0.2,0.6,0.1,65532,
7997,272000,10.2,1.0,72.73,8,0.25,0.375,0.1,65532,
7998,272000,-3.7,0.0,57.89,11,0.0,0.5455,0.1,65532,
7999,272000,-3.5,0.0,47.37,9,0.1111,0.6667,0.1,65532,
8000,272064,4.4,1.0,54.0,27,0.1852,0.3704,0.1,65562,
8001,272064,-7.0,0.0,58.82,30,0.0,0.4667,0.1,65562,
8002,272128,-4.4,0.0,37.04,10,0.2,0.6,0.1,65589,
8003,272192,-4.6,0.0,56.0,14,0.2143,0.3571,0.1,65621,
8004,272256,-5.1,0.0,51.72,15,0.0,0.4,0.1,65649,
8005,272256,-4.2,0.0,34.62,9,0.0,0.4444,0.1,65649,
8006,272320,6.9,1.0,52.94,18,0.1667,0.6111,0.1,65673,
8007,272320,-1.8,0.0,57.14,4,0.0,0.75,0.1,65673,
8008,272320,10.9,1.0,71.43,5,0.0,0.6,0.1,65673,
8009,272320,-1.2,0.0,25.0,1,0.0,0.0,0.1,65673,
8010,272320,10.6,1.0,87.5,7,0.4286,0.5714,0.1,65673,
8011,272384,-2.9,0.0,22.22,4,0.0,0.0,0.1,65707,
8012,272448,-6.2,0.0,41.3,19,0.0,0.4737,0.1,65740,
8013,272512,8.1,1.0,66.67,16,0.0625,0.5625,0.1,65775,
8014,272512,8.1,1.0,66.67,16,0.1875,0.5,0.1,65775,
8015,272512,-6.8,0.0,35.29,18,0.0556,0.5,0.1,65775,
8016,272576,-7.0,0.0,39.22,20,0.05,0.45,0.1,65815,
8017,272576,-2.0,0.0,44.44,4,0.0,0.75,0.1,65815,
8018,272576,-2.2,0.0,25.0,3,0.0,0.3333,0.1,65815,
8019,272576,-4.3,0.0,63.64,14,0.1429,0.5,0.1,65815,
8020,272640,-6.4,0.0,47.06,24,0.0417,0.4583,0.1,65841,
8021,272640,7.1,1.0,66.67,20,0.2,0.5,0.1,65841,
8022,272640,-5.7,0.0,33.33,17,0.1176,0.4118,0.1,65841,
8023,272704,9.4,1.0,42.11,8,0.375,0.625,0.1,65877,
8024,272704,-5.9,0.0,40.54,15,0.0,0.3333,0.1,65877,
8025,272704,-7.0,0.0,39.22,20,0.1,0.4,0.1,65877,
8026,272704,9.6,1.0,56.25,9,0.1111,0.6667,0.1,65877,
8027,272768,6.2,1.0,55.26,21,0.1429,0.619,0.1,65907,
8028,272768,9.9,1.0,83.33,10,0.0,0.6,0.1,65907,
8029,272832,11.1,1.0,42.86,3,0.0,0.6667,0.1,65945,
8030,272832,-1.4,0.0,41.67,5,0.0,0.6,0.1,65945,
8031,272832,-3.1,0.0,71.43,10,0.2,0.5,0.1,65945,
8032,272896,-7.9,0.0,44.0,22,0.0455,0.4091,0.1,65977,
8033,272896,-4.0,0.0,50.0,11,0.0,0.5455,0.1,65977,
8034,272896,-1.9,0.0,33.33,3,0.0,0.3333,0.1,65977,
8035,272896,9.8,1.0,53.33,8,0.375,0.625,0.1,65977,
8036,272960,7.5,1.0,64.29,18,0.1667,0.5556,0.1,66006,
8037,272960,5.6,1.0,51.16,22,0.1364,0.6364,0.1,66006,
8038,272960,-0.5,0.0,33.33,2,0.0,0.0,0.1,66006,
8039,273024,10.7,1.0,75.0,6,0.0,1.0,0.1,66034,
8040,273024,9.4,1.0,50.0,9,0.0,0.6667,0.1,66034,
8041,273024,9.6,1.0,56.25,9,0.0,0.4444,0.1,66034,
8042,273088,-6.9,0.0,44.19,19,0.1053,0.4211,0.1,66062,
8043,273152,10.9,1.0,71.43,5,0.0,0.6,0.1,66095,
8044,273152,-1.9,0.0,33.33,3,0.0,0.6667,0.1,66095,
8045,273216,-2.5,0.0,50.0,6,0.1667,0.3333,0.1,66126,
8046,273280,-6.5,0.0,49.02,25,0.16,0.16,0.1,66153,
8047,273344,-2.1,0.0,40.0,4,0.0,0.5,0.1,66178,
8048,273344,-1.5,0.0,60.0,3,0.0,0.3333,0.1,66178,
8049,273536,-2.5,0.0,63.64,7,0.4286,0.2857,0.1,66262,
8050,273536,-2.2,0.0,66.67,10,0.2,0.3,0.1,66262,
8051,273536,-2.3,0.0,36.84,7,0.0,0.5714,0.1,66262,
8052,273536,-1.3,0.0,50.0,2,0.0,0.5,0.1,66262,
8053,273536,-4.2,0.0,45.83,11,0.0,0.3636,0.1,66262,
8054,273536,-1.3,0.0,45.45,5,0.2,0.4,0.1,66262,
8055,273664,-7.2,0.0,62.75,32,0.0938,0.4062,0.1,66329,
8056,273664,-3.7,0.0,36.36,8,0.0,0.5,0.1,66329,
8057,273664,-2.5,0.0,50.0,6,0.0,0.1667,0.1,66329,
8058,273664,-5.7,0.0,33.33,17,0.1176,0.5882,0.1,66329,
8059,273728,9.9,1.0,57.14,8,0.25,0.5,0.1,66360,
8060,273728,-5.3,0.0,58.62,17,0.0588,0.3529,0.1,66360,
8061,273728,8.5,1.0,63.64,14,0.0714,0.6429,0.1,66360,
8062,273728,-2.7,0.0,53.85,7,0.2857,0.2857,0.1,66360,
8063,273728,-1.8,0.0,23.53,4,0.25,0.0,0.1,66360,
8064,273728,-2.8,0.0,40.0,6,0.5,0.5,0.1,66360,
8065,273792,11.0,1.0,57.14,4,0.0,0.75,0.1,66385,
8066,273792,-6.0,0.0,39.22,20,0.05,0.55,0.1,66385,
8067,273856,-7.0,0.0,39.22,20,0.05,0.4,0.1,66415,
8068,273920,7.3,1.0,60.0,18,0.2222,0.6667,0.1,66446,
8069,273920,-5.8,0.0,35.29,18,0.1111,0.6667,0.1,66446,
8070,273984,-6.9,0.0,56.86,29,0.0,0.4483,0.1,66475,
8071,273984,-1.5,0.0,60.0,3,0.3333,0.3333,0.1,66475,
8072,274048,-3.7,0.0,36.36,8,0.0,0.625,0.1,66505,
8073,274048,-7.9,0.0,56.86,29,0.0,0.5517,0.1,66505,
8074,274048,6.0,1.0,56.41,22,0.0455,0.5909,0.1,66505,
8075,274048,-6.3,0.0,45.1,23,0.1304,0.5652,0.1,66505,
8076,274112,-1.8,0.0,22.22,2,0.0,0.5,0.1,66534,
8077,274112,-3.2,0.0,66.67,14,0.1429,0.5714,0.1,66534,
8078,274112,-6.6,0.0,31.37,16,0.0,0.5,0.1,66534,
8079,274176,-7.2,0.0,43.14,22,0.1364,0.3182,0.1,66561,
8080,274176,8.6,1.0,52.17,12,0.0833,0.75,0.1,66561,
8081,274176,4.9,1.0,53.19,25,0.0,0.48,0.1,66561,
8082,274176,-0.6,0.0,50.0,3,0.0,0.0,0.1,66561,
8083,274240,10.6,1.0,87.5,7,0.4286,0.8571,0.1,66592,
8084,274240,-4.8,0.0,30.77,12,0.1667,0.4167,0.1,66592,
8085,274240,-6.7,0.0,33.33,17,0.0,0.7059,0.1,66592,
8086,274304,4.7,1.0,54.17,26,0.1154,0.4615,0.1,66620,
8087,274304,11.3,1.0,60.0,3,0.3333,0.6667,0.1,66620,
8088,274368,10.4,1.0,70.0,7,0.1429,0.7143,0.1,66650,
8089,274368,-7.3,0.0,40.43,19,0.0526,0.4211,0.1,66650,
8090,274368,10.8,1.0,62.5,5,0.4,0.8,0.1,66650,
8091,274368,5.2,1.0,53.33,24,0.0833,0.4167,0.1,66650,
8092,274432,5.1,1.0,40.0,20,0.05,0.45,0.1,66675,
8093,274496,8.8,1.0,43.48,10,0.0,0.4,0.1,66704,
8094,274496,-1.8,0.0,22.22,2,0.0,0.5,0.1,66704,
8095,274560,-3.4,0.0,48.0,12,0.0,0.5,0.1,66729,
8096,274624,9.1,1.0,76.47,13,0.0769,0.4615,0.1,66761,
8097,274688,-1.5,0.0,60.0,3,0.3333,0.3333,0.1,66788,
8098,274752,-3.1,0.0,26.32,5,0.0,0.6,0.1,66821,
8099,274816,-4.1,0.0,30.77,8,0.125,0.5,0.1,66845,
8100,274944,-6.2,0.0,43.14,22,0.0455,0.5455,0.1,66920,
8101,274944,4.3,1.0,59.18,29,0.1034,0.4828,0.1,66920,
8102,275008,-6.2,0.0,43.14,22,0.1364,0.5,0.1,66951,
8103,275008,-7.0,0.0,58.82,30,0.0333,0.3333,0.1,66951,
8104,275072,9.6,1.0,56.25,9,0.2222,0.7778,0.1,66981,
8105,275136,-5.9,0.0,40.91,18,0.0556,0.6111,0.1,67013,
8106,275136,-5.3,0.0,53.33,16,0.0,0.3125,0.1,67013,
8107,275200,-6.9,0.0,56.86,29,0.0345,0.5517,0.1,67040,
8108,275200,-7.0,0.0,31.25,15,0.0667,0.5333,0.1,67040,
8109,275264,-1.3,0.0,20.0,1,0.0,0.0,0.1,67077,
8110,275264,8.2,1.0,44.44,12,0.25,0.5833,0.1,67077,
8111,275264,6.6,1.0,52.78,19,0.1053,0.4211,0.1,67077,
8112,275328,-2.3,0.0,45.45,5,0.0,0.4,0.1,67101,
8113,275328,9.6,1.0,56.25,9,0.1111,0.2222,0.1,67101,
8114,275328,11.0,1.0,37.5,3,0.3333,1.0,0.1,67101,
8115,275392,4.9,1.0,60.0,27,0.1111,0.2963,0.1,67129,
8116,275392,-5.9,0.0,33.33,13,0.0769,0.3077,0.1,67129,
8117,275392,7.4,1.0,62.07,18,0.1111,0.4444,0.1,67129,
8118,275456,-7.1,0.0,48.0,24,0.0833,0.25,0.1,67162,
8119,275456,9.5,1.0,73.33,11,0.1818,0.7273,0.1,67162,
8120,275456,-6.2,0.0,43.14,22,0.0455,0.5455,0.1,67162,
8121,275456,-2.8,0.0,47.62,10,0.0,0.4,0.1,67162,
8122,275584,-2.7,0.0,66.67,12,0.25,0.5,0.1,67226,
8123,275584,-6.6,0.0,31.37,16,0.1875,0.4375,0.1,67226,
8124,275584,-3.2,0.0,31.58,6,0.0,0.5,0.1,67226,
8125,275584,-4.3,0.0,20.0,6,0.0,0.5,0.1,67226,
8126,275648,6.9,1.0,73.33,22,0.0455,0.5909,0.1,67257,
8127,275712,-4.2,0.0,45.83,11,0.0909,0.4545,0.1,67291,
8128,275776,-6.0,0.0,39.22,20,0.05,0.25,0.1,67326,
8129,275840,8.0,1.0,57.69,15,0.0667,0.4,0.1,67361,
8130,275840,-7.1,0.0,41.18,21,0.0476,0.381,0.1,67361,
8131,275840,-4.5,0.0,45.45,15,0.0,0.7333,0.1,67361,
8132,275904,-7.2,0.0,43.14,22,0.0909,0.5455,0.1,67396,
8133,275904,9.2,1.0,38.1,8,0.125,0.75,0.1,67396,
8134,275968,-1.6,0.0,50.0,3,0.0,0.3333,0.1,67434,
8135,275968,10.9,1.0,50.0,4,0.0,1.0,0.1,67434,
8136,275968,-5.5,0.0,29.41,15,0.0,0.7333,0.1,67434,
8137,276032,10.7,1.0,55.56,5,0.2,0.6,0.1,67470,
8138,276032,-5.7,0.0,53.85,21,0.0952,0.4762,0.1,67470,
8139,276096,-7.1,0.0,30.61,15,0.1333,0.6,0.1,67504,
8140,276096,9.4,1.0,58.82,10,0.4,0.9,0.1,67504,
8141,276160,10.0,1.0,75.0,9,0.5556,0.6667,0.1,67529,
8142,276160,9.9,1.0,69.23,9,0.2222,0.7778,0.1,67529,
8143,276160,-6.4,0.0,47.06,24,0.0417,0.6667,0.1,67529,
8144,276160,-2.5,0.0,63.64,7,0.1429,0.2857,0.1,67529,
8145,276224,-4.6,0.0,53.12,17,0.0588,0.5882,0.1,67561,
8146,276288,-1.8,0.0,22.22,2,0.0,0.5,0.1,67593,
8147,276288,6.3,1.0,45.0,18,0.0556,0.5556,0.1,67593,
8148,276288,-7.8,0.0,54.9,28,0.1429,0.4643,0.1,67593,
8149,276352,-7.0,0.0,58.82,30,0.1,0.3667,0.1,67628,
8150,276352,-1.7,0.0,25.0,2,0.0,0.0,0.1,67628,
8151,276416,8.7,1.0,54.55,12,0.0,0.5833,0.1,67659,
8152,276416,-1.5,0.0,60.0,3,0.0,0.3333,0.1,67659,
8153,276416,-6.8,0.0,54.9,28,0.1071,0.3214,0.1,67659,
8154,276608,6.3,1.0,45.0,18,0.0,0.6667,0.1,67755,
8155,276608,-7.3,0.0,45.1,23,0.0435,0.5217,0.1,67755,
8156,276608,-1.1,0.0,55.56,5,0.2,0.4,0.1,67755,
8157,276672,-1.5,0.0,33.33,2,0.0,0.5,0.1,67788,
8158,276672,-2.2,0.0,36.36,4,0.0,0.25,0.1,67788,
8159,276736,7.7,1.0,69.23,18,0.0,0.5,0.1,67825,
8160,276736,-4.6,0.0,56.0,14,0.1429,0.5,0.1,67825,
8161,276736,-4.0,0.0,37.5,9,0.0,0.6667,0.1,67825,
8162,276800,-3.2,0.0,56.25,9,0.1111,0.4444,0.1,67850,
8163,276800,7.8,1.0,65.38,17,0.0,0.6471,0.1,67850,
8164,276864,6.2,1.0,59.46,22,0.0909,0.4091,0.1,67880,
8165,276864,6.1,1.0,46.34,19,0.0,0.6842,0.1,67880,
8166,276928,-7.5,0.0,49.02,25,0.04,0.44,0.1,67903,
8167,276928,-7.2,0.0,47.73,21,0.1429,0.1905,0.1,67903,
8168,276928,-6.8,0.0,54.9,28,0.0714,0.5357,0.1,67903,
8169,276992,10.6,1.0,50.0,5,0.0,0.4,0.1,67936,
8170,276992,-1.8,0.0,22.22,2,0.0,0.5,0.1,67936,
8171,276992,-5.8,0.0,35.29,18,0.0556,0.2778,0.1,67936,
8172,276992,5.0,1.0,69.05,29,0.0345,0.3448,0.1,67936,
8173,277056,-7.0,0.0,39.22,20,0.1,0.45,0.1,67961,
8174,277120,-1.3,0.0,50.0,2,0.0,0.5,0.1,67997,
8175,277120,-1.9,0.0,50.0,4,0.0,0.5,0.1,67997,
8176,277120,-1.9,0.0,50.0,4,0.25,0.25,0.1,67997,
8177,277120,-4.2,0.0,52.17,12,0.1667,0.3333,0.1,67997,
8178,277184,9.6,1.0,56.25,9,0.3333,1.0,0.1,68028,
8179,277184,-5.3,0.0,31.43,11,0.0,0.2727,0.1,68028,
8180,277184,-7.7,0.0,52.94,27,0.1111,0.3704,0.1,68028,
8181,277184,-5.0,0.0,48.28,14,0.1429,0.4286,0.1,68028,
8182,277248,-7.0,0.0,39.22,20,0.05,0.55,0.1,68053,
8183,277312,-6.1,0.0,41.18,21,0.0952,0.5238,0.1,68084,
8184,277312,4.6,1.0,63.04,29,0.1379,0.5172,0.1,68084,
8185,277312,3.7,1.0,68.0,34,0.0294,0.3824,0.1,68084,
8186,277312,-6.9,0.0,37.25,19,0.0526,0.3684,0.1,68084,
8187,277376,-3.6,0.0,31.82,7,0.2857,0.5714,0.1,68117,
8188,277440,-6.4,0.0,47.06,24,0.0,0.625,0.1,68152,
8189,277504,-7.3,0.0,49.02,25,0.12,0.48,0.1,68181,
8190,277504,-5.4,0.0,30.56,11,0.0909,0.2727,0.1,68181,
8191,277504,-6.5,0.0,49.02,25,0.12,0.56,0.1,68181,
8192,277504,11.0,1.0,37.5,3,0.0,0.3333,0.1,68181,
8193,277504,5.2,1.0,60.47,26,0.1154,0.3077,0.1,68181,
8194,277568,-4.6,0.0,36.11,13,0.0,0.3846,0.1,68211,
8195,277568,-1.3,0.0,50.0,2,0.5,0.5,0.1,68211,
8196,277568,8.1,1.0,48.15,13,0.0769,0.4615,0.1,68211,
8197,277632,-5.2,0.0,28.57,10,0.0,0.4,0.1,68239,
8198,277632,-7.2,0.0,43.14,22,0.0455,0.4545,0.1,68239,
8199,277632,-1.9,0.0,50.0,4,0.0,0.25,0.1,68239,
8200,277632,-4.0,0.0,50.0,11,0.0,0.4545,0.1,68239,
8201,277696,-6.4,0.0,50.0,19,0.0526,0.3158,0.1,68274,
8202,277696,7.2,1.0,68.97,20,0.0,0.55,0.1,68274,
8203,277696,9.8,1.0,53.33,8,0.125,0.625,0.1,68274,
8204,277696,6.9,1.0,57.58,19,0.1053,0.4211,0.1,68274,
8205,277824,8.0,1.0,70.83,17,0.1765,0.4118,0.1,68339,
8206,277824,-2.1,0.0,40.0,4,0.0,0.5,0.1,68339,
8207,277824,7.8,1.0,59.26,16,0.0625,0.625,0.1,68339,
8208,277888,-3.3,0.0,36.84,7,0.0,0.4286,0.1,68376,
8209,277952,-7.2,0.0,62.75,32,0.1562,0.5938,0.1,68406,
8210,277952,-2.9,0.0,46.67,7,0.0,0.8571,0.1,68406,
8211,277952,-3.5,0.0,47.37,9,0.0,0.3333,0.1,68406,
8212,278016,10.2,1.0,46.15,6,0.0,0.8333,0.1,68439,
8213,278016,8.3,1.0,52.0,13,0.1538,0.4615,0.1,68439,
8214,278016,9.4,1.0,58.82,10,0.2,0.6,0.1,68439,
8215,278144,8.9,1.0,52.38,11,0.0909,0.4545,0.1,68517,
8216,278144,-1.8,0.0,57.14,4,0.25,0.25,0.1,68517,
8217,278144,5.8,1.0,50.0,21,0.0,0.5238,0.1,68517,
8218,278144,10.6,1.0,66.67,6,0.0,0.8333,0.1,68517,
8219,278208,7.8,1.0,72.0,18,0.0556,0.5556,0.1,68547,
8220,278208,8.6,1.0,45.83,11,0.0909,0.4545,0.1,68547,
8221,278208,9.9,1.0,57.14,8,0.25,0.625,0.1,68547,
8222,278208,-2.7,0.0,57.89,11,0.0909,0.4545,0.1,68547,
8223,278272,9.2,1.0,70.59,12,0.25,0.4167,0.1,68581,
8224,278272,-3.9,0.0,33.33,8,0.125,0.125,0.1,68581,
8225,278272,10.0,1.0,61.54,8,0.125,0.625,0.1,68581,
8226,278336,-1.9,0.0,50.0,4,0.0,0.75,0.1,68609,
8227,278336,-2.5,0.0,63.64,7,0.0,0.4286,0.1,68609,
8228,278400,-2.7,0.0,53.85,7,0.0,0.2857,0.1,68646,
8229,278400,-2.0,0.0,44.44,4,0.25,0.5,0.1,68646,
8230,278464,8.7,1.0,41.67,10,0.4,0.3,0.1,68671,
8231,278464,-3.8,0.0,47.62,10,0.0,0.4,0.1,68671,
8232,278464,-1.4,0.0,40.0,2,0.0,0.5,0.1,68671,
8233,278528,-7.8,0.0,54.9,28,0.0714,0.5357,0.1,68702,
8234,278592,-3.6,0.0,45.0,9,0.2222,0.4444,0.1,68739,
8235,278592,-6.1,0.0,41.18,21,0.0,0.381,0.1,68739,
8236,278656,5.0,1.0,47.92,23,0.0435,0.5217,0.1,68770,
8237,278656,5.8,1.0,50.0,21,0.1905,0.4286,0.1,68770,
8238,278656,-6.3,0.0,45.1,23,0.0435,0.6522,0.1,68770,
8239,278656,4.8,1.0,52.08,25,0.0,0.48,0.1,68770,
8240,278720,-2.0,0.0,44.44,4,0.25,0.25,0.1,68801,
8241,278784,-4.2,0.0,34.62,9,0.1111,0.2222,0.1,68837,
8242,278784,8.6,1.0,84.21,16,0.0,0.5625,0.1,68837,
8243,278784,-4.8,0.0,51.85,14,0.0714,0.4286,0.1,68837,
8244,278848,9.0,1.0,47.62,10,0.3,0.7,0.1,68877,
8245,278848,-2.3,0.0,60.0,6,0.1667,0.1667,0.1,68877,
8246,278912,8.6,1.0,75.0,15,0.2,0.4667,0.1,68922,
8247,278976,8.1,1.0,73.91,17,0.1176,0.5294,0.1,68959,
8248,279040,-4.9,0.0,40.0,12,0.0833,0.3333,0.1,68998,
8249,279104,-3.3,0.0,85.71,12,0.0833,0.4167,0.1,69038,
8250,279168,-6.1,0.0,41.18,21,0.1429,0.5238,0.1,69069,
8251,279168,5.4,1.0,55.81,24,0.1667,0.4583,0.1,69069,
8252,279168,-6.5,0.0,29.41,15,0.0667,0.6,0.1,69069,
8253,279232,-7.3,0.0,37.5,18,0.0556,0.5,0.1,69109,
8254,279232,5.7,1.0,77.78,28,0.0357,0.3571,0.1,69109,
8255,279296,9.7,1.0,84.62,11,0.0909,0.5455,0.1,69143,
8256,279296,9.4,1.0,50.0,9,0.3333,0.4444,0.1,69143,
8257,279296,-6.3,0.0,45.1,23,0.0435,0.5652,0.1,69143,
8258,279360,7.7,1.0,51.72,15,0.1333,0.4,0.1,69176,
8259,279424,-6.6,0.0,31.37,16,0.0625,0.5625,0.1,69213,
8260,279424,-7.2,0.0,62.75,32,0.125,0.375,0.1,69213,
8261,279488,8.7,1.0,61.9,13,0.1538,0.6154,0.1,69251,
8262,279488,11.6,1.0,66.67,2,0.5,1.0,0.1,69251,
8263,279552,-2.6,0.0,46.15,6,0.3333,0.6667,0.1,69293,
8264,279552,-8.0,0.0,58.82,30,0.0667,0.5667,0.1,69293,
8265,279616,-2.4,0.0,41.67,5,0.0,0.4,0.1,69331,
8266,279616,-7.4,0.0,47.06,24,0.125,0.4167,0.1,69331,
8267,279616,7.3,1.0,45.45,15,0.0667,0.3333,0.1,69331,
8268,279680,6.1,1.0,62.16,23,0.0435,0.6522,0.1,69370,
8269,279680,9.3,1.0,64.71,11,0.0909,0.6364,0.1,69370,
8270,279744,11.4,1.0,40.0,2,0.5,1.0,0.1,69409,
8271,279808,7.1,1.0,66.67,20,0.15,0.65,0.1,69447,
8272,279808,7.3,1.0,71.43,20,0.2,0.5,0.1,69447,
8273,279808,-2.1,0.0,40.0,4,0.0,0.25,0.1,69447,
8274,279872,9.7,1.0,84.62,11,0.0,0.7273,0.1,69482,
8275,279936,8.6,1.0,66.67,14,0.0714,0.5714,0.1,69521,
8276,279936,10.4,1.0,54.55,6,0.1667,0.6667,0.1,69521,
8277,279936,11.3,1.0,60.0,3,0.0,0.6667,0.1,69521,
8278,279936,-2.6,0.0,61.11,11,0.2727,0.4545,0.1,69521,
8279,279936,-2.5,0.0,80.0,8,0.125,0.625,0.1,69521,
8280,280000,-4.4,0.0,48.0,12,0.0833,0.3333,0.1,69550,
8281,280064,4.4,1.0,75.0,33,0.0909,0.3636,0.1,69583,
8282,280064,-7.1,0.0,42.22,19,0.1579,0.3684,0.1,69583,
8283,280064,-7.0,0.0,39.22,20,0.15,0.7,0.1,69583,
8284,280128,-6.3,0.0,45.1,23,0.087,0.3913,0.1,69613,
8285,280128,10.6,1.0,66.67,6,0.1667,0.3333,0.1,69613,
8286,280128,10.5,1.0,60.0,6,0.0,0.8333,0.1,69613,
8287,280192,-4.7,0.0,66.67,16,0.125,0.375,0.1,69642,
8288,280192,7.5,1.0,53.33,16,0.0,0.5625,0.1,69642,
8289,280256,-5.3,0.0,55.56,20,0.2,0.35,0.1,69678,
8290,280256,-2.3,0.0,60.0,6,0.0,0.5,0.1,69678,
8291,280256,-2.9,0.0,45.45,10,0.1,0.5,0.1,69678,
8292,280256,-7.1,0.0,41.18,21,0.1429,0.5238,0.1,69678,
8293,280320,-2.2,0.0,50.0,5,0.4,0.4,0.1,69712,
8294,280384,-2.1,0.0,40.0,4,0.0,0.25,0.1,69753,
8295,280384,-5.1,0.0,46.67,14,0.1429,0.5,0.1,69753,
8296,280384,9.5,1.0,52.94,9,0.4444,0.7778,0.1,69753,
8297,280448,-0.9,0.0,50.0,4,0.5,0.5,0.1,69784,
8298,280512,-1.4,0.0,54.55,6,0.1667,0.5,0.1,69826,
8299,280512,6.8,1.0,47.22,17,0.0588,0.5294,0.1,69826,
8300,280576,4.1,1.0,77.78,35,0.2,0.3429,0.1,69867,
8301,280576,10.4,1.0,70.0,7,0.0,0.7143,0.1,69867,
8302,280576,-1.4,0.0,40.0,2,0.5,0.5,0.1,69867,
8303,280576,-2.1,0.0,40.0,4,0.0,0.5,0.1,69867,
8304,280576,-1.5,0.0,60.0,3,0.0,0.6667,0.1,69867,
8305,280640,-8.0,0.0,55.32,26,0.1154,0.5,0.1,69904,
8306,280640,4.1,1.0,56.86,29,0.1379,0.4138,0.1,69904,
8307,280640,6.6,1.0,66.67,22,0.1364,0.5455,0.1,69904,
8308,280640,5.0,1.0,69.05,29,0.1034,0.6207,0.1,69904,
8309,280704,4.7,1.0,57.45,27,0.0741,0.5556,0.1,69936,
8310,280768,-3.4,0.0,50.0,9,0.0,0.5556,0.1,69977,
8311,280768,-6.9,0.0,56.86,29,0.069,0.3448,0.1,69977,
8312,280832,7.5,1.0,58.62,17,0.0588,0.6471,0.1,70011,
8313,280896,-6.8,0.0,54.9,28,0.1429,0.3571,0.1,70046,
8314,280896,-1.5,0.0,60.0,3,0.0,0.3333,0.1,70046,
8315,280960,6.9,1.0,85.71,24,0.125,0.4167,0.1,70086,
8316,280960,9.7,1.0,50.0,8,0.0,0.375,0.1,70086,
8317,280960,-1.5,0.0,60.0,3,0.3333,0.6667,0.1,70086,
8318,280960,-2.7,0.0,66.67,8,0.125,0.625,0.1,70086,
8319,280960,-1.4,0.0,75.0,3,0.0,0.3333,0.1,70086,
8320,280960,-7.1,0.0,52.38,22,0.0909,0.4091,0.1,70086,
8321,280960,-8.2,0.0,62.75,32,0.0938,0.5,0.1,70086,
8322,281024,7.9,1.0,75.0,18,0.1111,0.3889,0.1,70123,
8323,281088,8.3,1.0,58.33,14,0.1429,0.6429,0.1,70158,
8324,281088,-1.3,0.0,45.45,5,0.0,0.6,0.1,70158,
8325,281088,-5.6,0.0,31.37,16,0.0625,0.4375,0.1,70158,
8326,281088,10.2,1.0,72.73,8,0.0,0.75,0.1,70158,
8327,281152,9.6,1.0,56.25,9,0.0,0.4444,0.1,70195,
8328,281152,6.2,1.0,68.57,24,0.1667,0.5833,0.1,70195,
8329,281152,11.6,1.0,66.67,2,0.0,1.0,0.1,70195,
8330,281152,9.3,1.0,64.71,11,0.1818,0.4545,0.1,70195,
8331,281152,-5.6,0.0,51.28,20,0.2,0.4,0.1,70195,
8332,281216,-6.9,0.0,56.86,29,0.069,0.4138,0.1,70230,
8333,281216,-5.0,0.0,38.71,12,0.25,0.4167,0.1,70230,
8334,281216,9.8,1.0,76.92,10,0.0,0.6,0.1,70230,
8335,281280,-7.2,0.0,62.75,32,0.0,0.5,0.1,70266,
8336,281280,-7.5,0.0,49.02,25,0.08,0.48,0.1,70266,
8337,281344,7.8,1.0,79.17,19,0.1053,0.4737,0.1,70313,
8338,281344,11.1,1.0,42.86,3,0.0,1.0,0.1,70313,
8339,281344,10.3,1.0,63.64,7,0.0,0.5714,0.1,70313,
8340,281344,8.5,1.0,89.47,17,0.1765,0.5882,0.1,70313,
8341,281472,9.8,1.0,64.29,9,0.0,0.7778,0.1,70388,
8342,281472,-7.0,0.0,39.22,20,0.1,0.7,0.1,70388,
8343,281472,7.8,1.0,72.0,18,0.1667,0.6667,0.1,70388,
8344,281472,-2.9,0.0,69.23,9,0.0,0.4444,0.1,70388,
8345,281536,11.6,1.0,66.67,2,0.0,1.0,0.1,70420,
8346,281536,-6.6,0.0,50.98,26,0.0769,0.4231,0.1,70420,
8347,281536,-1.7,0.0,42.86,3,0.0,0.6667,0.1,70420,
8348,281536,-2.1,0.0,55.56,5,0.0,0.4,0.1,70420,
8349,281600,-1.6,0.0,28.57,2,0.0,0.0,0.1,70463,
8350,281600,-1.7,0.0,25.0,2,0.5,0.5,0.1,70463,
8351,281600,-6.6,0.0,50.98,26,0.0,0.5,0.1,70463,
8352,281600,-7.4,0.0,47.06,24,0.0417,0.4583,0.1,70463,
8353,281664,-7.0,0.0,61.54,24,0.125,0.4583,0.1,70491,
8354,281664,9.5,1.0,52.94,9,0.0,0.6667,0.1,70491,
8355,281664,-5.5,0.0,54.84,17,0.0588,0.5294,0.1,70491,
8356,281664,-2.2,0.0,25.0,3,0.0,0.0,0.1,70491,
8357,281664,3.9,1.0,60.78,31,0.0323,0.5161,0.1,70491,
8358,281728,-6.9,0.0,56.86,29,0.1034,0.5172,0.1,70527,
8359,281728,-3.2,0.0,52.17,12,0.1667,0.5833,0.1,70527,
8360,281792,8.8,1.0,73.68,14,0.0714,0.7143,0.1,70572,
8361,281856,-2.8,0.0,50.0,7,0.0,0.5714,0.1,70609,
8362,281856,-3.6,0.0,31.82,7,0.0,0.7143,0.1,70609,
8363,281856,10.7,1.0,75.0,6,0.3333,0.6667,0.1,70609,
8364,281920,-6.6,0.0,50.98,26,0.0,0.5,0.1,70652,
8365,281920,-7.3,0.0,45.1,23,0.087,0.5217,0.1,70652,
8366,281920,-6.6,0.0,76.92,30,0.1,0.4,0.1,70652,
8367,281920,-3.0,0.0,35.29,6,0.0,0.1667,0.1,70652,
8368,281920,9.8,1.0,76.92,10,0.0,0.6,0.1,70652,
8369,281984,4.9,1.0,44.0,22,0.0455,0.5909,0.1,70690,
8370,282048,-4.1,0.0,47.83,11,0.2727,0.7273,0.1,70730,
8371,282048,-6.8,0.0,54.9,28,0.0357,0.3214,0.1,70730,
8372,282048,-1.9,0.0,71.43,5,0.0,0.0,0.1,70730,
8373,282048,11.2,1.0,80.0,4,0.25,0.5,0.1,70730,
8374,282112,9.3,1.0,55.56,10,0.1,0.5,0.1,70763,
8375,282112,6.7,1.0,74.19,23,0.0,0.4783,0.1,70763,
8376,282112,10.3,1.0,80.0,8,0.0,0.75,0.1,70763,
8377,282112,9.7,1.0,60.0,9,0.0,0.6667,0.1,70763,
8378,282240,-2.4,0.0,68.75,11,0.0909,0.2727,0.1,70844,
8379,282240,-6.7,0.0,57.89,22,0.1364,0.6364,0.1,70844,
8380,282240,-2.1,0.0,40.0,4,0.25,0.25,0.1,70844,
8381,282304,-3.4,0.0,68.75,11,0.2727,0.6364,0.1,70876,
8382,282304,10.7,1.0,40.0,4,0.25,0.25,0.1,70876,
8383,282304,8.7,1.0,61.9,13,0.2308,0.5385,0.1,70876,
8384,282304,10.0,1.0,75.0,9,0.2222,0.4444,0.1,70876,
8385,282368,-6.3,0.0,45.1,23,0.087,0.5652,0.1,70909,
8386,282496,8.7,1.0,70.0,14,0.0,0.2857,0.1,70984,
8387,282560,-1.4,0.0,40.0,2,0.0,0.0,0.1,71024,
8388,282624,-6.8,0.0,54.9,28,0.0357,0.4643,0.1,71057,
8389,282624,-2.4,0.0,54.55,6,0.0,0.1667,0.1,71057,
8390,282688,9.6,1.0,56.25,9,0.2222,0.4444,0.1,71095,
8391,282688,10.4,1.0,54.55,6,0.0,0.5,0.1,71095,
8392,282688,6.1,1.0,76.47,26,0.0769,0.4231,0.1,71095,
8393,282752,-4.1,0.0,78.95,15,0.0,0.4667,0.1,71132,
8394,282752,-3.0,0.0,64.29,9,0.1111,0.4444,0.1,71132,
8395,282816,-2.6,0.0,72.73,8,0.125,0.125,0.1,71164,
8396,282816,8.6,1.0,94.44,17,0.1176,0.3529,0.1,71164,
8397,282816,8.0,1.0,64.0,16,0.125,0.4375,0.1,71164,
8398,282816,-2.8,0.0,50.0,7,0.2857,0.2857,0.1,71164,
8399,282880,-1.1,0.0,40.0,4,0.25,0.25,0.1,71198,
8400,283008,-2.7,0.0,81.82,9,0.2222,0.2222,0.1,71260,
8401,283008,6.8,1.0,76.67,23,0.1739,0.4348,0.1,71260,
8402,283008,-4.3,0.0,38.46,10,0.2,0.6,0.1,71260,
8403,283072,-1.6,0.0,50.0,3,0.3333,0.3333,0.1,71301,
8404,283072,-2.5,0.0,33.33,7,0.4286,0.2857,0.1,71301,
8405,283136,-4.7,0.0,53.85,14,0.2143,0.5,0.1,71334,
8406,283200,6.5,1.0,60.0,21,0.0476,0.619,0.1,71369,
8407,283200,-2.7,0.0,66.67,12,0.1667,0.3333,0.1,71369,
8408,283200,-6.6,0.0,50.98,26,0.1538,0.5385,0.1,71369,
8409,283200,-7.0,0.0,65.79,25,0.16,0.4,0.1,71369,
8410,283264,-1.9,0.0,46.67,7,0.0,0.4286,0.1,71405,
8411,283264,-7.7,0.0,52.94,27,0.0,0.2222,0.1,71405,
8412,283328,8.5,1.0,80.0,16,0.0625,0.3125,0.1,71437,
8413,283328,-6.9,0.0,56.86,29,0.1034,0.5517,0.1,71437,
8414,283328,-7.0,0.0,58.82,30,0.0333,0.3333,0.1,71437,
8415,283456,-2.5,0.0,80.0,8,0.0,0.625,0.1,71499,
8416,283456,-7.6,0.0,50.98,26,0.1154,0.3462,0.1,71499,
8417,283520,-7.5,0.0,49.02,25,0.04,0.36,0.1,71532,
8418,283520,6.5,1.0,64.71,22,0.0455,0.7273,0.1,71532,
8419,283520,7.1,1.0,85.19,23,0.0435,0.3043,0.1,71532,
8420,283584,-2.6,0.0,58.33,7,0.1429,0.4286,0.1,71557,
8421,283584,-6.3,0.0,45.1,23,0.087,0.6087,0.1,71557,
8422,283648,10.2,1.0,58.33,7,0.1429,0.5714,0.1,71591,
8423,283648,10.1,1.0,53.85,7,0.0,0.8571,0.1,71591,
8424,283712,-6.3,0.0,40.0,16,0.0,0.5625,0.1,71623,
8425,283712,9.3,1.0,64.71,11,0.1818,0.5455,0.1,71623,
8426,283776,11.5,1.0,50.0,2,0.5,1.0,0.1,71660,
8427,283776,-7.2,0.0,62.75,32,0.0,0.5625,0.1,71660,
8428,283840,-1.2,0.0,66.67,6,0.0,0.6667,0.1,71696,
8429,283904,-6.8,0.0,54.9,28,0.1429,0.4286,0.1,71730,
8430,283968,7.8,1.0,48.28,14,0.1429,0.5714,0.1,71767,
8431,283968,3.4,1.0,74.0,37,0.1892,0.4324,0.1,71767,
8432,284032,-2.6,0.0,26.67,4,0.25,0.5,0.1,71796,
8433,284096,6.7,1.0,58.82,20,0.0,0.5,0.1,71828,
8434,284096,-6.1,0.0,45.45,20,0.0,0.5,0.1,71828,
8435,284160,8.0,1.0,78.26,18,0.1667,0.5,0.1,71863,
8436,284160,-2.7,0.0,66.67,12,0.0833,0.3333,0.1,71863,
8437,284224,-3.3,0.0,52.94,9,0.1111,0.2222,0.1,71905,
8438,284224,6.2,1.0,59.46,22,0.1818,0.5909,0.1,71905,
8439,284224,5.5,1.0,60.98,25,0.0,0.48,0.1,71905,
8440,284224,-6.8,0.0,54.9,28,0.0,0.6071,0.1,71905,
8441,284224,-6.8,0.0,41.86,18,0.0,0.6111,0.1,71905,
8442,284288,6.0,1.0,48.78,20,0.1,0.65,0.1,71938,
8443,284288,-7.5,0.0,68.63,35,0.0857,0.4857,0.1,71938,
8444,284352,5.6,1.0,47.73,21,0.1905,0.4762,0.1,71969,
8445,284352,-3.0,0.0,27.78,5,0.2,0.6,0.1,71969,
8446,284416,-7.3,0.0,64.71,33,0.0909,0.3333,0.1,72004,
8447,284416,5.2,1.0,56.82,25,0.0,0.6,0.1,72004,
8448,284416,-5.7,0.0,33.33,17,0.0588,0.7059,0.1,72004,
8449,284416,10.2,1.0,72.73,8,0.0,0.75,0.1,72004,
8450,284480,-1.6,0.0,50.0,3,0.0,0.6667,0.1,72035,
8451,284480,-2.9,0.0,57.14,8,0.0,0.5,0.1,72035,
8452,284544,7.0,1.0,75.86,22,0.1818,0.4091,0.1,72068,
8453,284544,-5.8,0.0,34.21,13,0.1538,0.4615,0.1,72068,
8454,284672,8.9,1.0,77.78,14,0.0714,0.5714,0.1,72137,
8455,284736,-7.6,0.0,70.59,36,0.1111,0.4167,0.1,72177,
8456,284736,6.7,1.0,42.11,16,0.0625,0.5,0.1,72177,
8457,284800,-3.9,0.0,50.0,14,0.0,0.4286,0.1,72215,
8458,284800,-4.7,0.0,42.86,12,0.0833,0.1667,0.1,72215,
8459,284800,-7.6,0.0,70.59,36,0.1111,0.5556,0.1,72215,
8460,284800,8.4,1.0,48.0,12,0.1667,0.5833,0.1,72215,
8461,284928,-4.0,0.0,26.47,9,0.1111,0.4444,0.1,72284,
8462,284928,-7.3,0.0,45.1,23,0.1304,0.4783,0.1,72284,
8463,284928,-4.4,0.0,48.0,12,0.0,0.6667,0.1,72284,
8464,284928,8.2,1.0,56.0,14,0.1429,0.5,0.1,72284,
8465,284992,-1.6,0.0,72.73,8,0.375,0.375,0.1,72315,
8466,284992,-2.4,0.0,41.67,5,0.0,0.6,0.1,72315,
8467,285056,-2.2,0.0,36.36,4,0.0,0.75,0.1,72346,
8468,285120,4.7,1.0,54.17,26,0.2308,0.5385,0.1,72382,
8469,285120,-6.9,0.0,37.25,19,0.1053,0.4211,0.1,72382,
8470,285184,-4.5,0.0,15.15,5,0.2,0.2,0.1,72423,
8471,285184,-8.3,0.0,64.71,33,0.0606,0.5758,0.1,72423,
8472,285184,-6.8,0.0,54.9,28,0.1071,0.5714,0.1,72423,
8473,285248,-5.8,0.0,48.78,20,0.15,0.55,0.1,72462,
8474,285248,6.2,1.0,51.28,20,0.15,0.8,0.1,72462,
8475,285248,-4.6,0.0,44.44,12,0.1667,0.4167,0.1,72462,
8476,285248,-3.4,0.0,68.18,15,0.1333,0.4667,0.1,72462,
8477,285312,-1.3,0.0,77.78,7,0.1429,0.4286,0.1,72495,
8478,285312,-1.4,0.0,40.0,2,0.0,0.5,0.1,72495,
8479,285312,7.2,1.0,53.12,17,0.2941,0.5882,0.1,72495,
8480,285312,-7.2,0.0,62.75,32,0.0938,0.625,0.1,72495,
8481,285376,7.9,1.0,68.0,17,0.0,0.7647,0.1,72533,
8482,285376,-7.7,0.0,52.94,27,0.0,0.4815,0.1,72533,
8483,285440,9.2,1.0,52.63,10,0.1,0.4,0.1,72572,
8484,285504,-3.6,0.0,45.0,9,0.2222,0.3333,0.1,72608,
8485,285504,-7.4,0.0,66.67,34,0.0588,0.4118,0.1,72608,
8486,285568,-6.7,0.0,52.94,27,0.1481,0.3704,0.1,72642,
8487,285632,-6.8,0.0,35.29,18,0.0556,0.4444,0.1,72680,
8488,285696,10.0,1.0,50.0,7,0.1429,0.4286,0.1,72716,
8489,285760,-7.4,0.0,47.06,24,0.125,0.4583,0.1,72753,
8490,285760,6.9,1.0,85.71,24,0.0,0.5417,0.1,72753,
8491,285760,-2.4,0.0,41.67,5,0.2,0.0,0.1,72753,
8492,285824,-5.3,0.0,43.75,14,0.0,0.3571,0.1,72783,
8493,285824,-7.6,0.0,50.98,26,0.0,0.5385,0.1,72783,
8494,285888,8.0,1.0,70.83,17,0.1176,0.5882,0.1,72819,
8495,285888,-2.3,0.0,77.78,7,0.0,0.2857,0.1,72819,
8496,285888,-3.5,0.0,64.71,11,0.0,0.2727,0.1,72819,
8497,285952,9.6,1.0,78.57,11,0.0,0.5455,0.1,72851,
8498,286016,9.8,1.0,91.67,11,0.2727,0.3636,0.1,72886,
8499,286016,-4.3,0.0,44.0,11,0.0,0.4545,0.1,72886,
8500,286016,6.2,1.0,59.46,22,0.0909,0.2727,0.1,72886,
8501,286080,8.2,1.0,77.27,17,0.0,0.7059,0.1,72920,
8502,286080,-3.4,0.0,42.31,11,0.0,0.4545,0.1,72920,
8503,286080,-7.5,0.0,49.02,25,0.04,0.56,0.1,72920,
8504,286144,-2.3,0.0,33.33,4,0.0,0.5,0.1,72954,
8505,286208,6.0,1.0,52.5,21,0.0,0.619,0.1,72986,
8506,286208,7.7,1.0,69.23,18,0.0,0.5556,0.1,72986,
8507,286336,8.0,1.0,86.36,19,0.1579,0.3684,0.1,73051,
8508,286336,9.8,1.0,43.75,7,0.0,0.4286,0.1,73051,
8509,286464,-6.3,0.0,45.1,23,0.1304,0.4348,0.1,73122,
8510,286464,-2.0,0.0,62.5,5,0.0,0.2,0.1,73122,
8511,286464,-4.9,0.0,55.56,15,0.0667,0.3333,0.1,73122,
8512,286464,-6.3,0.0,45.1,23,0.087,0.4783,0.1,73122,
8513,286464,10.5,1.0,77.78,7,0.1429,0.5714,0.1,73122,
8514,286528,-3.9,0.0,77.78,14,0.0714,0.4286,0.1,73157,
8515,286592,10.1,1.0,81.82,9,0.1111,0.6667,0.1,73189,
8516,286592,-6.4,0.0,47.06,24,0.0833,0.4583,0.1,73189,
8517,286656,10.1,1.0,42.86,6,0.1667,0.8333,0.1,73225,
8518,286656,10.1,1.0,66.67,8,0.0,0.625,0.1,73225,
8519,286656,9.8,1.0,76.92,10,0.3,0.4,0.1,73225,
8520,286720,-5.2,0.0,50.0,15,0.2,0.6,0.1,73259,
8521,286720,5.3,1.0,74.36,29,0.1379,0.5517,0.1,73259,
8522,286720,-6.9,0.0,37.25,19,0.0526,0.5789,0.1,73259,
8523,286720,-6.8,0.0,35.29,18,0.0556,0.5,0.1,73259,
8524,286720,9.6,1.0,66.67,10,0.1,0.5,0.1,73259,
8525,286720,-4.0,0.0,43.48,10,0.1,0.4,0.1,73259,
8526,286720,-1.8,0.0,37.5,3,0.0,0.3333,0.1,73259,
8527,286784,-3.8,0.0,47.62,10,0.2,0.6,0.1,73293,
8528,286784,-6.2,0.0,37.5,15,0.0667,0.3333,0.1,73293,
8529,286848,-7.0,0.0,58.82,30,0.0,0.5667,0.1,73327,
8530,286912,-2.3,0.0,23.81,5,0.0,0.6,0.1,73363,
8531,286912,5.1,1.0,62.79,27,0.0,0.6296,0.1,73363,
8532,286976,8.0,1.0,78.26,18,0.3333,0.5,0.1,73394,
8533,286976,-6.5,0.0,49.02,25,0.12,0.44,0.1,73394,
8534,286976,-3.0,0.0,27.78,5,0.4,0.4,0.1,73394,
8535,287040,-2.9,0.0,46.67,7,0.1429,0.2857,0.1,73427,
8536,287040,-6.1,0.0,80.0,24,0.0417,0.375,0.1,73427,
8537,287104,9.5,1.0,73.33,11,0.3636,0.6364,0.1,73462,
8538,287168,10.4,1.0,54.55,6,0.1667,0.6667,0.1,73503,
8539,287168,-2.4,0.0,30.77,4,0.0,0.25,0.1,73503,
8540,287168,5.1,1.0,70.73,29,0.0,0.5862,0.1,73503,
8541,287168,-7.8,0.0,54.9,28,0.1429,0.3929,0.1,73503,
8542,287168,7.0,1.0,59.38,19,0.1053,0.6316,0.1,73503,
8543,287232,-5.0,0.0,34.38,11,0.0,0.6364,0.1,73537,
8544,287232,-6.8,0.0,54.9,28,0.1071,0.4286,0.1,73537,
8545,287232,10.4,1.0,70.0,7,0.2857,0.8571,0.1,73537,
8546,287232,6.9,1.0,67.74,21,0.1905,0.4762,0.1,73537,
8547,287296,-8.3,0.0,64.71,33,0.1212,0.4545,0.1,73569,
8548,287360,6.2,1.0,73.53,25,0.08,0.6,0.1,73604,
8549,287360,-7.6,0.0,54.9,28,0.1071,0.4643,0.1,73604,
8550,287424,-1.7,0.0,25.0,2,0.0,0.5,0.1,73637,
8551,287424,-6.4,0.0,47.06,24,0.0833,0.5417,0.1,73637,
8552,287424,7.2,1.0,63.33,19,0.1053,0.4737,0.1,73637,
8553,287424,9.1,1.0,42.86,9,0.2222,0.6667,0.1,73637,
8554,287488,4.4,1.0,63.83,30,0.1,0.4667,0.1,73673,
8555,287552,-1.7,0.0,66.67,4,0.0,0.25,0.1,73708,
8556,287552,10.7,1.0,55.56,5,0.4,0.8,0.1,73708,
8557,287552,10.3,1.0,38.46,5,0.0,0.4,0.1,73708,
8558,287552,-7.3,0.0,45.1,23,0.1304,0.3478,0.1,73708,
8559,287616,-1.7,0.0,66.67,4,0.0,0.75,0.1,73736,
8560,287616,-1.7,0.0,42.86,3,0.0,0.3333,0.1,73736,
8561,287680,-2.9,0.0,68.42,13,0.1538,0.5385,0.1,73778,
8562,287680,-1.8,0.0,37.5,3,0.3333,0.3333,0.1,73778,
8563,287680,-3.5,0.0,33.33,7,0.0,0.5714,0.1,73778,
8564,287680,-7.5,0.0,49.02,25,0.12,0.4,0.1,73778,
8565,287680,-7.7,0.0,52.94,27,0.1481,0.5185,0.1,73778,
8566,287744,9.8,1.0,76.92,10,0.2,0.6,0.1,73813,
8567,287744,9.2,1.0,81.25,13,0.0,0.3846,0.1,73813,
8568,287744,-6.3,0.0,45.1,23,0.0,0.5217,0.1,73813,
8569,287744,5.1,1.0,59.09,26,0.0769,0.4615,0.1,73813,
8570,287808,11.4,1.0,75.0,3,0.0,1.0,0.1,73846,
8571,287872,9.8,1.0,76.92,10,0.0,0.7,0.1,73889,
8572,287872,11.8,1.0,0.0,0,,,0.1,73889,
8573,287872,-2.9,0.0,29.41,5,0.0,0.8,0.1,73889,
8574,287872,7.6,1.0,55.17,16,0.0,0.5625,0.1,73889,
8575,287872,-2.2,0.0,50.0,5,0.2,0.0,0.1,73889,
8576,287936,9.2,1.0,52.63,10,0.3,0.5,0.1,73925,
8577,287936,-2.3,0.0,45.45,5,0.0,0.2,0.1,73925,
8578,287936,9.4,1.0,42.11,8,0.125,0.5,0.1,73925,
8579,288000,9.4,1.0,68.75,11,0.0,0.3636,0.1,73963,
8580,288000,-1.8,0.0,57.14,4,0.25,0.5,0.1,73963,
8581,288000,4.3,1.0,62.5,30,0.0667,0.4333,0.1,73963,
8582,288064,4.2,1.0,61.22,30,0.0667,0.4333,0.1,73993,
8583,288064,-7.0,0.0,39.22,20,0.1,0.4,0.1,73993,
8584,288128,-2.4,0.0,54.55,6,0.0,0.3333,0.1,74023,
8585,288192,-1.6,0.0,28.57,2,0.0,0.5,0.1,74060,
8586,288192,-1.5,0.0,60.0,3,0.0,0.6667,0.1,74060,
8587,288192,-1.3,0.0,20.0,1,0.0,0.0,0.1,74060,
8588,288256,7.1,1.0,56.25,18,0.1111,0.5,0.1,74092,
8589,288256,-6.2,0.0,57.14,20,0.1,0.25,0.1,74092,
8590,288320,-2.3,0.0,73.33,11,0.0,0.5455,0.1,74126,
8591,288320,11.3,1.0,60.0,3,0.0,1.0,0.1,74126,
8592,288384,-1.5,0.0,60.0,3,0.0,0.0,0.1,74162,
8593,288384,10.0,1.0,75.0,9,0.1111,0.5556,0.1,74162,
8594,288448,-2.7,0.0,33.33,5,0.2,0.2,0.1,74197,
8595,288448,-7.5,0.0,68.63,35,0.0571,0.4571,0.1,74197,
8596,288448,10.0,1.0,75.0,9,0.1111,0.6667,0.1,74197,
8597,288512,-6.5,0.0,49.02,25,0.04,0.44,0.1,74229,
8598,288512,8.1,1.0,73.91,17,0.0588,0.4706,0.1,74229,
8599,288512,10.5,1.0,60.0,6,0.0,0.5,0.1,74229,
8600,288576,-7.4,0.0,47.06,24,0.0833,0.625,0.1,74266,
8601,288576,-7.6,0.0,50.98,26,0.0385,0.4231,0.1,74266,
8602,288576,-1.5,0.0,38.46,5,0.4,0.0,0.1,74266,
8603,288832,9.4,1.0,58.82,10,0.0,0.6,0.1,74404,
8604,288832,6.3,1.0,65.71,23,0.1739,0.6522,0.1,74404,
8605,288896,-7.3,0.0,64.71,33,0.0606,0.5152,0.1,74441,
8606,288896,-4.6,0.0,30.0,9,0.1111,0.3333,0.1,74441,
8607,288960,-4.1,0.0,54.55,12,0.0,0.25,0.1,74478,
8608,288960,-4.8,0.0,45.71,16,0.0625,0.5,0.1,74478,
8609,288960,-7.1,0.0,41.18,21,0.0952,0.4762,0.1,74478,
8610,289024,-6.3,0.0,51.35,19,0.1579,0.4737,0.1,74512,
8611,289024,6.8,1.0,55.88,19,0.1579,0.7895,0.1,74512,
8612,289024,8.1,1.0,90.48,19,0.0,0.4737,0.1,74512,
8613,289024,-6.4,0.0,27.45,14,0.0,0.3571,0.1,74512,
8614,289088,9.7,1.0,71.43,10,0.0,0.4,0.1,74545,
8615,289088,-2.9,0.0,45.45,10,0.0,0.3,0.1,74545,
8616,289088,-3.9,0.0,45.45,10,0.1,0.5,0.1,74545,
8617,289152,-1.9,0.0,33.33,3,0.0,0.3333,0.1,74579,
8618,289216,4.5,1.0,55.1,27,0.0741,0.5185,0.1,74618,
8619,289216,-6.8,0.0,41.86,18,0.1111,0.7222,0.1,74618,
8620,289280,-1.3,0.0,50.0,2,0.0,0.0,0.1,74658,
8621,289280,8.3,1.0,72.73,16,0.125,0.625,0.1,74658,
8622,289280,-7.0,0.0,39.22,20,0.05,0.55,0.1,74658,
8623,289280,-3.6,0.0,45.0,9,0.1111,0.4444,0.1,74658,
8624,289408,8.4,1.0,68.18,15,0.1333,0.6667,0.1,74723,
8625,289472,-1.8,0.0,83.33,5,0.2,0.0,0.1,74757,
8626,289600,-2.3,0.0,60.0,6,0.1667,0.3333,0.1,74835,
8627,289664,10.5,1.0,77.78,7,0.0,0.5714,0.1,74870,
8628,289664,-4.2,0.0,59.09,13,0.0,0.4615,0.1,74870,
8629,289728,-6.3,0.0,45.1,23,0.1304,0.4783,0.1,74902,
8630,289728,-7.2,0.0,43.14,22,0.0909,0.3636,0.1,74902,
8631,289792,10.0,1.0,40.0,6,0.1667,0.6667,0.1,74940,
8632,289792,9.8,1.0,53.33,8,0.0,0.75,0.1,74940,
8633,289792,-7.7,0.0,52.94,27,0.037,0.4074,0.1,74940,
8634,289856,6.3,1.0,65.71,23,0.1304,0.5652,0.1,74971,
8635,289856,6.6,1.0,52.78,19,0.1579,0.4737,0.1,74971,
8636,289920,8.4,1.0,68.18,15,0.0667,0.7333,0.1,75009,
8637,289920,-7.9,0.0,56.86,29,0.0345,0.3793,0.1,75009,
8638,289920,-7.2,0.0,43.14,22,0.0455,0.5909,0.1,75009,
8639,289920,-5.8,0.0,59.38,19,0.1053,0.5789,0.1,75009,
8640,289920,-6.7,0.0,50.0,20,0.05,0.45,0.1,75009,
8641,289984,-6.8,0.0,54.9,28,0.0714,0.5,0.1,75038,
8642,289984,-6.6,0.0,50.98,26,0.0769,0.6154,0.1,75038,
8643,289984,7.1,1.0,56.25,18,0.1111,0.3333,0.1,75038,
8644,290048,9.9,1.0,69.23,9,0.1111,0.4444,0.1,75070,
8645,290048,10.9,1.0,71.43,5,0.0,0.8,0.1,75070,
8646,290048,5.0,1.0,57.78,26,0.0769,0.6538,0.1,75070,
8647,290048,10.2,1.0,46.15,6,0.3333,0.6667,0.1,75070,
8648,290048,5.7,1.0,56.1,23,0.0435,0.5652,0.1,75070,
8649,290048,-7.2,0.0,43.14,22,0.0909,0.6364,0.1,75070,
8650,290112,-5.3,0.0,55.56,20,0.15,0.5,0.1,75104,
8651,290176,-1.9,0.0,50.0,4,0.0,0.0,0.1,75134,
8652,290176,-2.4,0.0,50.0,9,0.0,0.4444,0.1,75134,
8653,290240,10.1,1.0,53.85,7,0.5714,0.7143,0.1,75162,
8654,290240,5.2,1.0,76.92,30,0.0667,0.5,0.1,75162,
8655,290304,8.3,1.0,90.0,18,0.1667,0.5556,0.1,75190,
8656,290368,-2.1,0.0,55.56,5,0.0,0.2,0.1,75228,
8657,290368,5.2,1.0,50.0,23,0.087,0.5652,0.1,75228,
8658,290368,-7.9,0.0,56.86,29,0.1379,0.4828,0.1,75228,
8659,290432,-6.0,0.0,39.22,20,0.05,0.5,0.1,75260,
8660,290432,-5.7,0.0,51.52,17,0.1176,0.2941,0.1,75260,
8661,290432,4.5,1.0,55.1,27,0.0741,0.6296,0.1,75260,
8662,290496,-7.3,0.0,64.71,33,0.0303,0.5152,0.1,75296,
8663,290496,-2.5,0.0,47.37,9,0.1111,0.4444,0.1,75296,
8664,290496,-5.6,0.0,55.26,21,0.0476,0.5238,0.1,75296,
8665,290560,-1.8,0.0,37.5,3,0.0,0.3333,0.1,75332,
8666,290624,-2.7,0.0,66.67,8,0.125,0.625,0.1,75364,
8667,290688,10.7,1.0,40.0,4,0.25,0.5,0.1,75393,
8668,290688,-6.6,0.0,50.98,26,0.0385,0.5,0.1,75393,
8669,290688,6.4,1.0,58.33,21,0.0952,0.381,0.1,75393,
8670,290752,-4.2,0.0,32.35,11,0.0,0.5455,0.1,75429,
8671,290816,11.2,1.0,50.0,3,0.3333,1.0,0.1,75467,
8672,290816,-6.1,0.0,45.95,17,0.1765,0.5882,0.1,75467,
8673,290816,-2.8,0.0,61.54,8,0.0,0.5,0.1,75467,
8674,290880,4.9,1.0,56.52,26,0.0385,0.5,0.1,75503,
8675,290880,-6.0,0.0,53.66,22,0.0455,0.3636,0.1,75503,
8676,291008,-1.8,0.0,22.22,2,0.5,0.0,0.1,75582,
8677,291072,-5.4,0.0,56.67,17,0.0588,0.3529,0.1,75618,
8678,291072,6.7,1.0,63.64,21,0.0,0.5238,0.1,75618,
8679,291072,8.5,1.0,71.43,15,0.2,0.2667,0.1,75618,
8680,291136,-2.8,0.0,50.0,7,0.0,0.5714,0.1,75656,
8681,291136,-1.9,0.0,71.43,5,0.2,0.4,0.1,75656,
8682,291200,-6.4,0.0,47.06,24,0.125,0.4167,0.1,75686,
8683,291264,-5.2,0.0,45.16,14,0.0714,0.4286,0.1,75718,
8684,291264,-7.7,0.0,62.79,27,0.0,0.4444,0.1,75718,
8685,291328,-5.4,0.0,58.33,21,0.0952,0.4762,0.1,75756,
8686,291328,10.7,1.0,75.0,6,0.0,0.6667,0.1,75756,
8687,291392,-6.9,0.0,56.86,29,0.069,0.5172,0.1,75791,
8688,291456,8.5,1.0,56.52,13,0.2308,0.3846,0.1,75824,
8689,291456,-6.2,0.0,43.14,22,0.0455,0.5,0.1,75824,
8690,291456,-8.0,0.0,58.82,30,0.0333,0.4667,0.1,75824,
8691,291520,8.7,1.0,88.89,16,0.1875,0.5,0.1,75864,
8692,291584,10.1,1.0,66.67,8,0.0,0.375,0.1,75900,
8693,291584,-7.2,0.0,62.75,32,0.0938,0.5,0.1,75900,
8694,291648,-5.9,0.0,37.25,19,0.0,0.6316,0.1,75929,
8695,291648,-7.4,0.0,55.81,24,0.0833,0.5,0.1,75929,
8696,291712,-8.2,0.0,62.75,32,0.0938,0.4688,0.1,75968,
8697,291712,-6.8,0.0,54.9,28,0.1429,0.3571,0.1,75968,
8698,291776,-7.9,0.0,76.47,39,0.1026,0.4615,0.1,76002,
8699,291776,7.7,1.0,62.96,17,0.1176,0.6471,0.1,76002,
8700,291840,8.2,1.0,85.71,18,0.0556,0.5556,0.1,76042,
8701,291840,9.0,1.0,34.78,8,0.0,0.875,0.1,76042,
8702,291840,-6.8,0.0,54.9,28,0.0357,0.6786,0.1,76042,
8703,291968,10.8,1.0,62.5,5,0.0,0.8,0.1,76114,
8704,291968,8.5,1.0,56.52,13,0.0769,0.5385,0.1,76114,
8705,292032,-4.7,0.0,48.15,13,0.0,0.4615,0.1,76151,
8706,292096,9.4,1.0,80.0,12,0.0,0.6667,0.1,76187,
8707,292160,7.7,1.0,57.14,16,0.0625,0.5625,0.1,76218,
8708,292160,-4.6,0.0,44.44,12,0.1667,0.4167,0.1,76218,
8709,292160,-6.4,0.0,47.06,24,0.0833,0.625,0.1,76218,
8710,292224,-6.9,0.0,56.86,29,0.1379,0.5862,0.1,76251,
8711,292288,7.1,1.0,31.58,12,0.1667,0.4167,0.1,76293,
8712,292352,-7.0,0.0,58.82,30,0.0333,0.5,0.1,76330,
8713,292416,9.2,1.0,93.33,14,0.0,0.5714,0.1,76366,
8714,292416,10.9,1.0,71.43,5,0.2,0.6,0.1,76366,
8715,292416,-3.3,0.0,30.0,6,0.0,0.3333,0.1,76366,
8716,292480,-5.3,0.0,48.39,15,0.1333,0.3333,0.1,76406,
8717,292480,-1.4,0.0,40.0,2,0.0,0.0,0.1,76406,
8718,292480,-2.9,0.0,39.13,9,0.2222,0.6667,0.1,76406,
8719,292480,5.1,1.0,59.09,26,0.0385,0.3077,0.1,76406,
8720,292544,-6.8,0.0,54.9,28,0.0357,0.4643,0.1,76443,
8721,292544,-1.3,0.0,50.0,2,0.0,0.0,0.1,76443,
8722,292544,-8.1,0.0,60.78,31,0.0645,0.4194,0.1,76443,
8723,292608,11.8,1.0,0.0,0,,,0.1,76483,
8724,292608,-6.6,0.0,47.5,19,0.0526,0.4737,0.1,76483,
8725,292608,9.7,1.0,71.43,10,0.1,0.5,0.1,76483,
8726,292608,-5.0,0.0,59.26,16,0.0,0.25,0.1,76483,
8727,292672,7.4,1.0,67.86,19,0.0,0.4737,0.1,76515,
8728,292672,10.9,1.0,50.0,4,0.25,0.5,0.1,76515,
8729,292672,-3.4,0.0,68.75,11,0.1818,0.3636,0.1,76515,
8730,292672,9.0,1.0,63.16,12,0.0833,0.5833,0.1,76515,
8731,292736,-0.4,0.0,40.0,2,0.5,0.5,0.1,76554,
8732,292736,-8.2,0.0,47.06,24,0.125,0.3333,0.1,76554,
8733,292800,10.3,1.0,63.64,7,0.0,0.7143,0.1,76593,
8734,292800,-1.4,0.0,40.0,2,0.5,0.5,0.1,76593,
8735,292928,4.1,1.0,73.91,34,0.0294,0.5294,0.1,76661,
8736,292928,9.4,1.0,58.82,10,0.1,0.6,0.1,76661,
8737,292992,9.1,1.0,66.67,12,0.3333,0.5833,0.1,76697,
8738,292992,-2.1,0.0,55.56,5,0.0,0.2,0.1,76697,
8739,292992,-7.1,0.0,60.78,31,0.0645,0.4839,0.1,76697,
8740,293056,-7.3,0.0,64.71,33,0.0606,0.5152,0.1,76730,
8741,293056,-2.7,0.0,53.85,7,0.0,0.4286,0.1,76730,
8742,293056,-7.1,0.0,41.18,21,0.0476,0.5714,0.1,76730,
8743,293056,-7.5,0.0,38.78,19,0.1053,0.4211,0.1,76730,
8744,293120,7.4,1.0,62.07,18,0.0,0.5,0.1,76764,
8745,293184,-7.6,0.0,50.98,26,0.0,0.4231,0.1,76800,
8746,293184,-6.8,0.0,35.29,18,0.0556,0.5,0.1,76800,
8747,293184,-7.8,0.0,54.9,28,0.1071,0.5,0.1,76800,
8748,293184,10.2,1.0,72.73,8,0.25,0.875,0.1,76800,
8749,293184,-2.0,0.0,30.0,3,0.0,0.6667,0.1,76800,
8750,293184,-4.2,0.0,40.0,10,0.2,0.2,0.1,76800,
8751,293184,-6.9,0.0,56.86,29,0.0345,0.4483,0.1,76800,
8752,293248,8.7,1.0,54.55,12,0.0,0.5833,0.1,76836,
8753,293248,10.5,1.0,60.0,6,0.1667,0.8333,0.1,76836,
8754,293248,3.4,1.0,77.55,38,0.1053,0.6053,0.1,76836,
8755,293312,5.1,1.0,62.79,27,0.0741,0.6296,0.1,76868,
8756,293312,-6.3,0.0,45.1,23,0.087,0.5652,0.1,76868,
8757,293312,-8.0,0.0,58.82,30,0.1,0.5333,0.1,76868,
8758,293376,-2.9,0.0,69.23,9,0.2222,0.4444,0.1,76904,
8759,293376,-1.5,0.0,60.0,3,0.0,0.3333,0.1,76904,
8760,293440,-1.5,0.0,50.0,6,0.0,0.5,0.1,76935,
8761,293440,-6.4,0.0,47.06,24,0.0833,0.3333,0.1,76935,
8762,293440,5.8,1.0,53.66,22,0.1364,0.4545,0.1,76935,
8763,293440,-7.8,0.0,54.9,28,0.0357,0.4643,0.1,76935,
8764,293440,10.0,1.0,61.54,8,0.25,0.375,0.1,76935,
8765,293504,-2.2,0.0,66.67,6,0.3333,0.1667,0.1,76966,
8766,293504,-1.5,0.0,60.0,3,0.3333,0.3333,0.1,76966,
8767,293504,-6.9,0.0,56.86,29,0.069,0.5517,0.1,76966,
8768,293568,-1.4,0.0,40.0,2,0.0,0.5,0.1,77006,
8769,293632,-0.9,0.0,71.43,5,0.0,0.6,0.1,77042,
8770,293632,7.2,1.0,58.06,18,0.1111,0.5,0.1,77042,
8771,293696,-2.2,0.0,56.25,9,0.1111,0.3333,0.1,77080,
8772,293696,-4.7,0.0,48.15,13,0.0769,0.4615,0.1,77080,
8773,293760,-6.3,0.0,37.5,18,0.1667,0.3333,0.1,77117,
8774,293824,4.4,1.0,60.42,29,0.1724,0.4828,0.1,77153,
8775,293824,10.6,1.0,25.0,3,0.0,0.6667,0.1,77153,
8776,293888,9.0,1.0,55.0,11,0.0,0.5455,0.1,77191,
8777,293888,-7.1,0.0,60.78,31,0.0645,0.5161,0.1,77191,
8778,293888,-7.3,0.0,57.14,24,0.0417,0.4583,0.1,77191,
8779,293952,-2.3,0.0,60.0,6,0.0,0.3333,0.1,77225,
8780,293952,-6.9,0.0,56.86,29,0.2069,0.4138,0.1,77225,
8781,294016,-2.3,0.0,45.45,5,0.4,0.6,0.1,77263,
8782,294016,5.5,1.0,73.68,28,0.0714,0.5357,0.1,77263,
8783,294080,11.1,1.0,66.67,4,0.0,0.75,0.1,77303,
8784,294144,10.2,1.0,90.0,9,0.3333,0.5556,0.1,77337,
8785,294208,9.1,1.0,57.89,11,0.0909,0.6364,0.1,77373,
8786,294272,-1.7,0.0,42.86,3,0.3333,0.3333,0.1,77407,
8787,294272,-1.5,0.0,33.33,2,0.0,0.0,0.1,77407,
8788,294336,8.6,1.0,75.0,15,0.2,0.5333,0.1,77441,
8789,294336,-2.4,0.0,54.55,6,0.0,0.5,0.1,77441,
8790,294336,-7.9,0.0,56.86,29,0.0345,0.4483,0.1,77441,
8791,294336,-6.8,0.0,35.29,18,0.0556,0.3889,0.1,77441,
8792,294336,-7.6,0.0,50.98,26,0.0769,0.3462,0.1,77441,
8793,294464,8.8,1.0,73.68,14,0.1429,0.5,0.1,77511,
8794,294464,-6.3,0.0,55.56,20,0.15,0.35,0.1,77511,
8795,294528,-6.5,0.0,49.02,25,0.04,0.44,0.1,77550,
8796,294528,-1.6,0.0,35.71,5,0.0,0.6,0.1,77550,
8797,294528,8.1,1.0,66.67,16,0.25,0.4375,0.1,77550,
8798,294528,-3.5,0.0,52.0,13,0.0,0.6154,0.1,77550,
8799,294528,-2.6,0.0,70.59,12,0.0,0.4167,0.1,77550,
8800,294592,-6.8,0.0,35.29,18,0.1667,0.5,0.1,77594,
8801,294592,-7.3,0.0,64.71,33,0.1212,0.4242,0.1,77594,
8802,294592,7.0,1.0,82.14,23,0.087,0.3913,0.1,77594,
8803,294656,-7.9,0.0,56.86,29,0.2069,0.4138,0.1,77628,
8804,294656,9.0,1.0,82.35,14,0.1429,0.5714,0.1,77628,
8805,294720,6.5,1.0,60.0,21,0.0476,0.381,0.1,77657,
8806,294720,-7.7,0.0,60.0,30,0.1,0.4333,0.1,77657,
8807,294784,10.9,1.0,71.43,5,0.0,0.4,0.1,77689,
8808,294784,-4.1,0.0,61.9,13,0.1538,0.3077,0.1,77689,
8809,294784,-2.2,0.0,36.36,4,0.0,0.0,0.1,77689,
8810,294848,-3.1,0.0,50.0,8,0.125,0.5,0.1,77722,
8811,294976,7.4,1.0,56.67,17,0.0588,0.4706,0.1,77797,
8812,294976,8.0,1.0,70.83,17,0.1765,0.5294,0.1,77797,
8813,294976,-6.9,0.0,56.86,29,0.1034,0.3793,0.1,77797,
8814,295040,-6.7,0.0,52.94,27,0.1481,0.4815,0.1,77834,
8815,295040,-6.9,0.0,37.25,19,0.0526,0.4737,0.1,77834,
8816,295104,10.7,1.0,55.56,5,0.0,1.0,0.1,77871,
8817,295168,6.5,1.0,64.71,22,0.0455,0.4545,0.1,77912,
8818,295296,4.6,1.0,63.04,29,0.1379,0.4138,0.1,77989,
8819,295296,-3.5,0.0,52.0,13,0.2308,0.6154,0.1,77989,
8820,295296,-7.1,0.0,60.78,31,0.0645,0.4194,0.1,77989,
8821,295360,8.3,1.0,65.22,15,0.2,0.3333,0.1,78024,
8822,295360,-2.8,0.0,61.54,8,0.375,0.375,0.1,78024,
8823,295360,5.0,1.0,57.78,26,0.0769,0.5385,0.1,78024,
8824,295360,5.8,1.0,50.0,21,0.0476,0.5714,0.1,78024,
8825,295424,-3.2,0.0,38.89,7,0.2857,0.5714,0.1,78060,
8826,295424,-1.6,0.0,28.57,2,0.5,0.5,0.1,78060,
8827,295424,-1.7,0.0,42.86,6,0.0,0.3333,0.1,78060,
8828,295424,5.2,1.0,68.29,28,0.0,0.5357,0.1,78060,
8829,295488,10.8,1.0,62.5,5,0.4,0.6,0.1,78099,
8830,295488,10.3,1.0,63.64,7,0.2857,0.8571,0.1,78099,
8831,295552,-6.2,0.0,57.14,20,0.05,0.6,0.1,78133,
8832,295616,-5.0,0.0,65.38,17,0.1765,0.3529,0.1,78177,
8833,295616,6.3,1.0,52.63,20,0.2,0.35,0.1,78177,
8834,295680,-2.3,0.0,60.0,6,0.0,0.0,0.1,78219,
8835,295680,9.5,1.0,62.5,10,0.0,0.6,0.1,78219,
8836,295680,6.8,1.0,55.88,19,0.2632,0.3158,0.1,78219,
8837,295680,6.4,1.0,50.0,19,0.0526,0.4737,0.1,78219,
8838,295680,-1.2,0.0,25.0,1,0.0,0.0,0.1,78219,
8839,295744,-5.1,0.0,57.14,16,0.0,0.6875,0.1,78257,
8840,295808,-7.9,0.0,56.86,29,0.069,0.4483,0.1,78296,
8841,295872,-8.0,0.0,58.82,30,0.1667,0.3667,0.1,78340,
8842,295872,-1.6,0.0,28.57,2,0.0,0.0,0.1,78340,
8843,295936,-7.7,0.0,52.94,27,0.0,0.3333,0.1,78380,
8844,295936,9.5,1.0,85.71,12,0.3333,0.5,0.1,78380,
8845,295936,9.3,1.0,86.67,13,0.0769,0.3846,0.1,78380,
8846,295936,-1.8,0.0,37.5,3,0.0,0.3333,0.1,78380,
8847,295936,-2.5,0.0,55.56,10,0.1,0.5,0.1,78380,
8848,295936,6.6,1.0,83.33,25,0.16,0.32,0.1,78380,
8849,296000,-6.7,0.0,52.94,27,0.0741,0.4444,0.1,78416,
8850,296000,7.5,1.0,76.92,20,0.2,0.5,0.1,78416,
8851,296000,-7.7,0.0,52.94,27,0.0741,0.5185,0.1,78416,
8852,296064,-4.7,0.0,66.67,16,0.125,0.375,0.1,78451,
8853,296064,-1.1,0.0,33.33,1,0.0,0.0,0.1,78451,
8854,296064,4.1,1.0,73.91,34,0.1176,0.5882,0.1,78451,
8855,296128,-0.7,0.0,42.86,3,0.0,0.3333,0.1,78488,
8856,296128,6.5,1.0,69.7,23,0.1304,0.5652,0.1,78488,
8857,296128,-1.9,0.0,71.43,5,0.0,0.2,0.1,78488,
8858,296192,6.6,1.0,71.88,23,0.087,0.4348,0.1,78521,
8859,296256,-1.5,0.0,80.0,8,0.0,0.25,0.1,78559,
8860,296256,9.6,1.0,92.31,12,0.1667,0.75,0.1,78559,
8861,296256,-6.7,0.0,45.83,22,0.1364,0.4091,0.1,78559,
8862,296320,11.4,1.0,75.0,3,0.3333,0.6667,0.1,78591,
8863,296320,-1.3,0.0,50.0,2,0.0,0.5,0.1,78591,
8864,296384,4.5,1.0,52.0,26,0.0769,0.4231,0.1,78630,
8865,296384,-1.4,0.0,40.0,2,0.5,0.5,0.1,78630,
8866,296384,-1.2,0.0,25.0,1,0.0,0.0,0.1,78630,
8867,296448,9.1,1.0,76.47,13,0.3077,0.5385,0.1,78667,
8868,296448,-6.6,0.0,50.98,26,0.1538,0.3462,0.1,78667,
8869,296448,-7.3,0.0,64.71,33,0.0909,0.4848,0.1,78667,
8870,296448,-1.4,0.0,40.0,2,0.5,0.5,0.1,78667,
8871,296576,4.0,1.0,62.0,31,0.1613,0.3871,0.1,78747,
8872,296640,6.9,1.0,62.5,20,0.05,0.6,0.1,78787,
8873,296640,-3.5,0.0,55.56,10,0.2,0.6,0.1,78787,
8874,296640,-6.8,0.0,54.9,28,0.1071,0.5,0.1,78787,
8875,296640,-1.3,0.0,45.45,5,0.0,0.4,0.1,78787,
8876,296640,-2.2,0.0,50.0,5,0.0,0.2,0.1,78787,
8877,296640,6.0,1.0,60.53,23,0.087,0.6087,0.1,78787,
8878,296704,-7.3,0.0,64.71,33,0.0909,0.3939,0.1,78822,
8879,296704,-6.7,0.0,52.94,27,0.0741,0.4815,0.1,78822,
8880,296704,-2.2,0.0,66.67,6,0.0,0.3333,0.1,78822,
8881,296704,9.3,1.0,75.0,12,0.1667,0.4167,0.1,78822,
8882,296704,-5.4,0.0,62.07,18,0.0556,0.3889,0.1,78822,
8883,296768,-7.3,0.0,45.1,23,0.087,0.4348,0.1,78859,
8884,296768,6.9,1.0,48.57,17,0.1176,0.5294,0.1,78859,
8885,296832,-7.5,0.0,70.0,28,0.0714,0.3571,0.1,78890,
8886,296896,8.0,1.0,70.83,17,0.1176,0.4118,0.1,78936,
8887,296896,5.4,1.0,67.5,27,0.0741,0.4815,0.1,78936,
8888,296896,8.2,1.0,62.5,15,0.0667,0.6,0.1,78936,
8889,297024,11.3,1.0,60.0,3,0.0,0.6667,0.1,79006,
8890,297024,-5.8,0.0,35.29,18,0.1667,0.5,0.1,79006,
8891,297088,-4.5,0.0,65.22,15,0.1333,0.4,0.1,79048,
8892,297152,4.4,1.0,50.98,26,0.0385,0.2692,0.1,79085,
8893,297152,-7.5,0.0,54.55,24,0.0417,0.5417,0.1,79085,
8894,297216,-6.0,0.0,61.54,24,0.0833,0.2917,0.1,79125,
8895,297280,-3.7,0.0,50.0,10,0.1,0.2,0.1,79168,
8896,297280,-1.7,0.0,66.67,4,0.0,0.75,0.1,79168,
8897,297344,10.0,1.0,90.91,10,0.1,0.5,0.1,79207,
8898,297344,-3.4,0.0,58.82,10,0.0,0.6,0.1,79207,
8899,297408,7.4,1.0,74.07,20,0.15,0.55,0.1,79252,
8900,297408,-2.6,0.0,72.73,8,0.125,0.5,0.1,79252,
8901,297408,-2.5,0.0,38.46,5,0.0,0.0,0.1,79252,
8902,297408,-7.2,0.0,63.04,29,0.069,0.3448,0.1,79252,
8903,297472,-4.6,0.0,62.5,15,0.0,0.4,0.1,79291,
8904,297536,8.0,1.0,64.0,16,0.0,0.4375,0.1,79330,
8905,297536,9.0,1.0,82.35,14,0.1429,0.5714,0.1,79330,
8906,297600,-1.9,0.0,57.14,8,0.0,0.5,0.1,79369,
8907,297600,6.5,1.0,60.0,21,0.0952,0.4762,0.1,79369,
8908,297600,-7.3,0.0,45.1,23,0.1304,0.4348,0.1,79369,
8909,297600,-3.0,0.0,57.14,12,0.0,0.4167,0.1,79369,
8910,297664,8.4,1.0,76.19,16,0.125,0.4375,0.1,79403,
8911,297664,-5.0,0.0,48.28,14,0.1429,0.4286,0.1,79403,
8912,297664,8.3,1.0,72.73,16,0.0625,0.5625,0.1,79403,
8913,297728,8.7,1.0,70.0,14,0.0714,0.4286,0.1,79440,
8914,297728,-5.9,0.0,37.25,19,0.2105,0.4737,0.1,79440,
8915,297792,8.3,1.0,65.22,15,0.0,0.5333,0.1,79487,
8916,297856,8.8,1.0,73.68,14,0.0,0.7857,0.1,79524,
8917,297856,-7.1,0.0,60.78,31,0.0,0.5484,0.1,79524,
8918,297856,-7.3,0.0,45.1,23,0.0,0.5652,0.1,79524,
8919,297920,-6.9,0.0,37.25,19,0.1579,0.3684,0.1,79559,
8920,297920,11.5,1.0,50.0,2,0.0,1.0,0.1,79559,
8921,297920,-3.5,0.0,64.71,11,0.0,0.3636,0.1,79559,
8922,297984,-6.9,0.0,47.62,20,0.05,0.4,0.1,79601,
8923,297984,-8.1,0.0,60.78,31,0.0,0.3226,0.1,79601,
8924,298048,9.9,1.0,83.33,10,0.1,0.6,0.1,79637,
8925,298048,9.3,1.0,75.0,12,0.0833,0.4167,0.1,79637,
8926,298048,-5.2,0.0,66.67,22,0.0909,0.5455,0.1,79637,
8927,298048,-6.8,0.0,54.9,28,0.1429,0.7857,0.1,79637,
8928,298112,8.8,1.0,50.0,11,0.1818,0.4545,0.1,79679,
8929,298112,10.6,1.0,87.5,7,0.1429,0.7143,0.1,79679,
8930,298112,10.7,1.0,75.0,6,0.0,0.5,0.1,79679,
8931,298112,8.6,1.0,52.17,12,0.0,0.6667,0.1,79679,
8932,298176,-4.8,0.0,70.83,17,0.1176,0.3529,0.1,79721,
8933,298176,-1.7,0.0,66.67,8,0.125,0.5,0.1,79721,
8934,298176,11.1,1.0,66.67,4,0.25,0.75,0.1,79721,
8935,298176,-6.6,0.0,55.26,21,0.0476,0.2857,0.1,79721,
8936,298304,10.2,1.0,90.0,9,0.3333,0.5556,0.1,79794,
8937,298304,6.3,1.0,56.76,21,0.0,0.619,0.1,79794,
8938,298368,-6.8,0.0,35.29,18,0.0,0.3889,0.1,79837,
8939,298432,9.7,1.0,60.0,9,0.1111,0.6667,0.1,79881,
8940,298432,-8.0,0.0,58.82,30,0.0667,0.6333,0.1,79881,
8941,298432,-1.7,0.0,66.67,4,0.0,0.5,0.1,79881,
8942,298432,8.1,1.0,66.67,16,0.125,0.5,0.1,79881,
8943,298432,8.1,1.0,81.82,18,0.2222,0.3889,0.1,79881,
8944,298432,-8.8,0.0,76.09,35,0.0571,0.4286,0.1,79881,
8945,298496,-0.8,0.0,57.14,4,0.25,0.0,0.1,79919,
8946,298496,-1.9,0.0,71.43,5,0.2,0.4,0.1,79919,
8947,298560,8.9,1.0,77.78,14,0.1429,0.4286,0.1,79955,
8948,298560,-7.6,0.0,70.59,36,0.1667,0.5556,0.1,79955,
8949,298560,-6.6,0.0,50.98,26,0.0769,0.5385,0.1,79955,
8950,298624,-1.0,0.0,62.5,5,0.2,0.8,0.1,79995,
8951,298624,-3.0,0.0,64.29,9,0.0,0.2222,0.1,79995,
8952,298624,11.0,1.0,57.14,4,0.25,0.75,0.1,79995,
8953,298624,-2.9,0.0,83.33,10,0.0,0.6,0.1,79995,
8954,298752,-2.1,0.0,55.56,5,0.0,0.6,0.1,80068,
8955,298752,6.9,1.0,62.5,20,0.05,0.6,0.1,80068,
8956,298816,-7.6,0.0,70.59,36,0.0,0.5278,0.1,80116,
8957,298944,7.3,1.0,84.62,22,0.1364,0.3636,0.1,80202,
8958,298944,-6.8,0.0,54.9,28,0.1071,0.5,0.1,80202,
8959,298944,9.0,1.0,82.35,14,0.0714,0.5714,0.1,80202,
8960,299008,8.6,1.0,75.0,15,0.0,0.6,0.1,80240,
8961,299008,-2.6,0.0,70.59,12,0.1667,0.3333,0.1,80240,
8962,299008,9.8,1.0,64.29,9,0.1111,0.4444,0.1,80240,
8963,299072,3.7,1.0,68.0,34,0.0882,0.4412,0.1,80273,
8964,299072,-4.8,0.0,51.85,14,0.1429,0.5714,0.1,80273,
8965,299072,7.6,1.0,73.08,19,0.1053,0.6842,0.1,80273,
8966,299136,10.2,1.0,72.73,8,0.25,0.625,0.1,80309,
8967,299200,-7.3,0.0,45.1,23,0.0435,0.4348,0.1,80350,
8968,299200,-5.4,0.0,51.61,16,0.0625,0.1875,0.1,80350,
8969,299264,-7.1,0.0,60.78,31,0.1613,0.4516,0.1,80389,
8970,299264,-5.0,0.0,59.26,16,0.0625,0.4375,0.1,80389,
8971,299264,6.3,1.0,70.59,24,0.0417,0.5417,0.1,80389,
8972,299264,-2.9,0.0,69.23,9,0.0,0.2222,0.1,80389,
8973,299264,-7.4,0.0,52.27,23,0.1304,0.3478,0.1,80389,
8974,299264,-1.3,0.0,60.0,6,0.0,0.3333,0.1,80389,
8975,299328,5.6,1.0,54.76,23,0.2174,0.5217,0.1,80424,
8976,299392,-3.2,0.0,59.09,13,0.0769,0.3846,0.1,80461,
8977,299392,9.7,1.0,60.0,9,0.2222,0.6667,0.1,80461,
8978,299456,11.5,1.0,50.0,2,0.5,1.0,0.1,80502,
8979,299456,9.8,1.0,53.33,8,0.125,0.625,0.1,80502,
8980,299456,8.4,1.0,60.87,14,0.2143,0.7857,0.1,80502,
8981,299456,11.6,1.0,66.67,2,0.0,1.0,0.1,80502,
8982,299456,-6.7,0.0,52.94,27,0.0741,0.4444,0.1,80502,
8983,299520,9.4,1.0,58.82,10,0.1,0.8,0.1,80537,
8984,299584,8.0,1.0,86.36,19,0.0526,0.4211,0.1,80577,
8985,299648,-8.0,0.0,58.82,30,0.0333,0.5333,0.1,80621,
8986,299648,-6.4,0.0,47.06,24,0.0833,0.5,0.1,80621,
8987,299648,-6.2,0.0,43.14,22,0.0455,0.4545,0.1,80621,
8988,299648,9.4,1.0,68.75,11,0.0909,0.5455,0.1,80621,
8989,299648,9.8,1.0,64.29,9,0.2222,0.4444,0.1,80621,
8990,299712,4.8,1.0,52.08,25,0.12,0.68,0.1,80662,
8991,299712,-8.5,0.0,52.94,27,0.037,0.4444,0.1,80662,
8992,299776,6.7,1.0,86.21,25,0.16,0.52,0.1,80703,
8993,299776,3.7,1.0,78.72,37,0.1081,0.5135,0.1,80703,
8994,299776,-2.7,0.0,66.67,8,0.25,0.375,0.1,80703,
8995,299840,-4.3,0.0,50.0,12,0.0833,0.25,0.1,80737,
8996,299840,-5.3,0.0,48.39,15,0.1333,0.5333,0.1,80737,
8997,299840,10.4,1.0,88.89,8,0.0,0.625,0.1,80737,
8998,299840,8.4,1.0,85.0,17,0.2941,0.8235,0.1,80737,
8999,299904,10.7,1.0,40.0,4,0.0,0.75,0.1,80774,
9000,299904,-3.4,0.0,28.57,6,0.0,0.8333,0.1,80774,
9001,299904,8.3,1.0,72.73,16,0.1875,0.4375,0.1,80774,
9002,299968,10.7,1.0,75.0,6,0.1667,0.6667,0.1,80816,
9003,300032,-2.2,0.0,66.67,6,0.1667,0.5,0.1,80860,
9004,300032,-2.1,0.0,27.27,3,0.0,0.3333,0.1,80860,
9005,300032,-2.8,0.0,40.0,6,0.0,0.6667,0.1,80860,
9006,300032,-8.0,0.0,58.82,30,0.0667,0.5,0.1,80860,
9007,300032,-1.8,0.0,61.54,8,0.125,0.125,0.1,80860,
9008,300032,-2.3,0.0,33.33,4,0.0,0.5,0.1,80860,
9009,300096,7.6,1.0,87.5,21,0.0476,0.619,0.1,80891,
9010,300096,11.4,1.0,75.0,3,0.3333,1.0,0.1,80891,
9011,300096,-4.3,0.0,71.43,15,0.2,0.4667,0.1,80891,
9012,300160,11.0,1.0,83.33,5,0.0,0.8,0.1,80932,
9013,300160,-3.2,0.0,56.25,9,0.2222,0.3333,0.1,80932,
9014,300160,-7.9,0.0,56.86,29,0.1034,0.3793,0.1,80932,
9015,300224,8.5,1.0,80.0,16,0.1875,0.5,0.1,80968,
9016,300224,-1.9,0.0,33.33,3,0.0,0.0,0.1,80968,
9017,300224,6.9,1.0,62.5,20,0.15,0.45,0.1,80968,
9018,300224,-2.5,0.0,38.46,5,0.0,0.6,0.1,80968,
9019,300288,-5.7,0.0,66.67,20,0.1,0.4,0.1,81008,
9020,300288,9.0,1.0,63.16,12,0.0833,0.75,0.1,81008,
9021,300352,8.9,1.0,88.24,15,0.0,0.4667,0.1,81040,
9022,300352,-3.0,0.0,53.33,8,0.0,0.375,0.1,81040,
9023,300416,-6.7,0.0,52.94,27,0.0741,0.5185,0.1,81075,
9024,300416,-8.0,0.0,58.82,30,0.0,0.5,0.1,81075,
9025,300416,6.9,1.0,67.74,21,0.0,0.619,0.1,81075,
9026,300480,9.7,1.0,84.62,11,0.0,0.7273,0.1,81117,
9027,300544,-4.0,0.0,72.0,18,0.0556,0.3889,0.1,81155,
9028,300544,-1.8,0.0,57.14,4,0.0,0.0,0.1,81155,
9029,300608,-1.6,0.0,50.0,3,0.3333,0.3333,0.1,81184,
9030,300608,-7.4,0.0,66.67,34,0.0882,0.5588,0.1,81184,
9031,300608,-6.8,0.0,56.41,22,0.1364,0.5,0.1,81184,
9032,300608,-2.2,0.0,50.0,5,0.4,0.4,0.1,81184,
9033,300608,9.8,1.0,53.33,8,0.125,0.625,0.1,81184,
9034,300672,8.0,1.0,57.69,15,0.1333,0.4,0.1,81216,
9035,300672,9.9,1.0,83.33,10,0.1,0.5,0.1,81216,
9036,300672,-7.4,0.0,66.67,34,0.1765,0.4706,0.1,81216,
9037,300736,-2.4,0.0,54.55,6,0.1667,0.1667,0.1,81259,
9038,300800,-2.3,0.0,62.5,10,0.1,0.4,0.1,81291,
9039,300800,-6.2,0.0,43.14,22,0.1364,0.5455,0.1,81291,
9040,300800,10.9,1.0,50.0,4,0.0,0.5,0.1,81291,
9041,300864,-6.8,0.0,35.29,18,0.0,0.5,0.1,81331,
9042,300864,-7.4,0.0,66.67,34,0.0294,0.5588,0.1,81331,
9043,300864,-1.1,0.0,27.27,3,0.0,0.6667,0.1,81331,
9044,300864,-1.9,0.0,50.0,4,0.0,0.25,0.1,81331,
9045,300928,-8.0,0.0,58.82,30,0.1667,0.4333,0.1,81370,
9046,300992,-6.6,0.0,72.5,29,0.2069,0.4483,0.1,81408,
9047,300992,9.6,1.0,66.67,10,0.1,0.5,0.1,81408,
9048,300992,8.7,1.0,61.9,13,0.1538,0.4615,0.1,81408,
9049,300992,4.8,1.0,73.81,31,0.0968,0.4194,0.1,81408,
9050,301056,-3.8,0.0,64.0,16,0.125,0.375,0.1,81436,
9051,301056,7.4,1.0,67.86,19,0.1579,0.4737,0.1,81436,
9052,301120,-4.9,0.0,62.5,20,0.25,0.6,0.1,81481,
9053,301120,-1.3,0.0,50.0,2,0.0,0.5,0.1,81481,
9054,301120,8.5,1.0,80.0,16,0.0625,0.6875,0.1,81481,
9055,301184,-1.9,0.0,20.0,2,0.0,0.0,0.1,81523,
9056,301184,-6.8,0.0,54.9,28,0.1429,0.5357,0.1,81523,
9057,301184,-3.2,0.0,66.67,10,0.1,0.4,0.1,81523,
9058,301248,4.0,1.0,62.0,31,0.129,0.5161,0.1,81566,
9059,301248,9.4,1.0,68.75,11,0.0,0.7273,0.1,81566,
9060,301312,-2.1,0.0,55.56,5,0.0,0.4,0.1,81605,
9061,301376,-2.9,0.0,37.5,6,0.0,0.3333,0.1,81644,
9062,301376,-7.1,0.0,41.18,21,0.0952,0.4286,0.1,81644,
9063,301440,-1.6,0.0,28.57,2,0.0,0.0,0.1,81678,
9064,301504,-2.8,0.0,50.0,7,0.1429,0.4286,0.1,81720,
9065,301504,-1.5,0.0,60.0,3,0.3333,0.3333,0.1,81720,
9066,301568,-2.3,0.0,45.45,5,0.0,0.2,0.1,81772,
9067,301568,-3.0,0.0,65.0,13,0.1538,0.2308,0.1,81772,
9068,301568,-3.2,0.0,56.25,9,0.0,0.4444,0.1,81772,
9069,301568,8.5,1.0,63.64,14,0.0714,0.5714,0.1,81772,
9070,301568,-3.4,0.0,50.0,9,0.1111,0.6667,0.1,81772,
9071,301632,-5.1,0.0,74.19,23,0.0435,0.4783,0.1,81813,
9072,301696,7.6,1.0,87.5,21,0.2857,0.619,0.1,81850,
9073,301824,-5.6,0.0,75.0,21,0.0476,0.5238,0.1,81921,
9074,301824,-1.6,0.0,80.0,4,0.5,0.5,0.1,81921,
9075,301824,-1.8,0.0,57.14,4,0.5,0.25,0.1,81921,
9076,301824,-2.7,0.0,53.85,7,0.2857,0.2857,0.1,81921,
9077,301888,-7.8,0.0,54.9,28,0.1071,0.4286,0.1,81959,
9078,301888,-7.8,0.0,74.51,38,0.0526,0.4474,0.1,81959,
9079,301952,11.2,1.0,50.0,3,0.3333,0.6667,0.1,82006,
9080,301952,8.6,1.0,75.0,15,0.0667,0.6,0.1,82006,
9081,301952,9.9,1.0,69.23,9,0.2222,0.3333,0.1,82006,
9082,302016,-6.6,0.0,55.26,21,0.0952,0.4762,0.1,82039,
9083,302080,-8.2,0.0,62.75,32,0.1562,0.5625,0.1,82080,
9084,302144,-4.3,0.0,71.43,15,0.0,0.5333,0.1,82124,
9085,302208,-1.0,0.0,44.44,4,0.5,0.5,0.1,82166,
9086,302208,-7.3,0.0,45.1,23,0.087,0.6087,0.1,82166,
9087,302272,11.0,1.0,57.14,4,0.25,1.0,0.1,82209,
9088,302272,-8.3,0.0,64.71,33,0.0909,0.3636,0.1,82209,
9089,302272,-6.7,0.0,50.0,20,0.05,0.55,0.1,82209,
9090,302336,5.7,1.0,64.1,25,0.12,0.48,0.1,82249,
9091,302336,9.2,1.0,93.33,14,0.1429,0.5,0.1,82249,
9092,302400,-3.6,0.0,77.27,17,0.0588,0.1765,0.1,82286,
9093,302400,5.2,1.0,76.92,30,0.0667,0.6,0.1,82286,
9094,302400,-4.9,0.0,55.56,15,0.1333,0.6,0.1,82286,
9095,302464,9.4,1.0,68.75,11,0.1818,0.6364,0.1,82319,
9096,302528,-6.5,0.0,48.72,19,0.2105,0.5263,0.1,82355,
9097,302592,-8.3,0.0,55.1,27,0.0,0.4074,0.1,82397,
9098,302656,-4.3,0.0,63.64,14,0.0714,0.5,0.1,82430,
9099,302656,-1.6,0.0,50.0,3,0.0,0.3333,0.1,82430,
9100,302720,9.8,1.0,64.29,9,0.2222,0.4444,0.1,82466,
9101,302720,-7.3,0.0,64.71,33,0.1212,0.4545,0.1,82466,
9102,302720,7.2,1.0,48.48,16,0.25,0.75,0.1,82466,
9103,302784,-7.9,0.0,56.86,29,0.1379,0.5517,0.1,82501,
9104,302848,-3.4,0.0,42.31,11,0.1818,0.4545,0.1,82542,
9105,302912,-3.0,0.0,53.33,8,0.125,0.0,0.1,82585,
9106,302976,5.3,1.0,51.11,23,0.0435,0.7391,0.1,82629,
9107,302976,-8.0,0.0,62.75,32,0.0,0.5625,0.1,82629,
9108,302976,-6.0,0.0,46.51,20,0.05,0.45,0.1,82629,
9109,302976,-5.3,0.0,43.59,17,0.2353,0.4118,0.1,82629,
9110,303040,6.3,1.0,70.59,24,0.1667,0.625,0.1,82658,
9111,303040,-8.0,0.0,58.82,30,0.1333,0.4,0.1,82658,
9112,303104,-6.8,0.0,54.9,28,0.0357,0.4643,0.1,82700,
9113,303104,-2.8,0.0,75.0,9,0.2222,0.3333,0.1,82700,
9114,303104,7.8,1.0,79.17,19,0.1053,0.5789,0.1,82700,
9115,303104,6.2,1.0,63.89,23,0.1304,0.4348,0.1,82700,
9116,303168,-8.3,0.0,64.71,33,0.0909,0.3939,0.1,82742,
9117,303168,-1.6,0.0,58.33,7,0.1429,0.2857,0.1,82742,
9118,303168,5.2,1.0,72.5,29,0.1034,0.5172,0.1,82742,
9119,303168,10.2,1.0,58.33,7,0.2857,0.7143,0.1,82742,
9120,303232,9.1,1.0,87.5,14,0.1429,0.2857,0.1,82780,
9121,303296,11.0,1.0,83.33,5,0.0,0.4,0.1,82819,
9122,303296,5.4,1.0,76.32,29,0.069,0.4483,0.1,82819,
9123,303296,-6.6,0.0,50.98,26,0.1538,0.3462,0.1,82819,
9124,303296,-8.1,0.0,60.78,31,0.0323,0.5161,0.1,82819,
9125,303296,-1.4,0.0,40.0,2,0.0,0.5,0.1,82819,
9126,303360,6.0,1.0,52.5,21,0.2857,0.619,0.1,82859,
9127,303360,-7.6,0.0,70.59,36,0.1389,0.4722,0.1,82859,
9128,303552,-3.0,0.0,27.78,5,0.0,0.4,0.1,82989,
9129,303616,5.8,1.0,70.27,26,0.1154,0.4615,0.1,83025,
9130,303616,3.5,1.0,72.0,36,0.0833,0.4167,0.1,83025,
9131,303616,-1.6,0.0,80.0,4,0.25,0.0,0.1,83025,
9132,303680,-7.7,0.0,72.55,37,0.1081,0.4865,0.1,83065,
9133,303680,-2.2,0.0,50.0,5,0.0,0.6,0.1,83065,
9134,303680,-4.8,0.0,46.43,13,0.1538,0.3846,0.1,83065,
9135,303680,8.9,1.0,68.42,13,0.0,0.6154,0.1,83065,
9136,303744,-1.6,0.0,50.0,3,0.3333,0.3333,0.1,83106,
9137,303744,6.8,1.0,55.88,19,0.1053,0.6316,0.1,83106,
9138,303744,7.8,1.0,59.26,16,0.125,0.375,0.1,83106,
9139,303744,-3.6,0.0,52.63,10,0.0,0.7,0.1,83106,
9140,303808,-4.5,0.0,52.0,13,0.1538,0.3846,0.1,83144,
9141,303872,-7.5,0.0,68.63,35,0.0857,0.4571,0.1,83183,
9142,303872,-5.7,0.0,56.25,18,0.1111,0.4444,0.1,83183,
9143,303872,-7.1,0.0,41.18,21,0.0476,0.5238,0.1,83183,
9144,303936,8.8,1.0,57.14,12,0.25,0.5833,0.1,83222,
9145,303936,-8.2,0.0,62.75,32,0.0,0.5312,0.1,83222,
9146,303936,-7.7,0.0,81.82,36,0.0833,0.3056,0.1,83222,
9147,303936,-3.2,0.0,66.67,10,0.0,0.4,0.1,83222,
9148,304000,5.3,1.0,78.95,30,0.2333,0.4667,0.1,83257,
9149,304000,-1.5,0.0,60.0,3,0.0,0.6667,0.1,83257,
9150,304064,9.5,1.0,73.33,11,0.0,0.7273,0.1,83302,
9151,304128,-2.4,0.0,30.77,4,0.0,0.25,0.1,83335,
9152,304192,9.0,1.0,93.75,15,0.2,0.4667,0.1,83378,
9153,304192,-7.2,0.0,62.75,32,0.1562,0.4688,0.1,83378,
9154,304192,-1.3,0.0,50.0,2,0.0,0.5,0.1,83378,
9155,304192,8.0,1.0,86.36,19,0.0526,0.5789,0.1,83378,
9156,304192,-8.3,0.0,55.1,27,0.1481,0.4444,0.1,83378,
9157,304192,-4.7,0.0,33.33,10,0.3,0.5,0.1,83378,
9158,304256,9.6,1.0,38.89,7,0.1429,0.7143,0.1,83409,
9159,304256,-1.9,0.0,50.0,4,0.25,0.25,0.1,83409,
9160,304256,-2.0,0.0,53.33,8,0.125,0.625,0.1,83409,
9161,304256,-1.4,0.0,40.0,2,0.0,0.5,0.1,83409,
9162,304256,-2.6,0.0,35.71,5,0.0,0.4,0.1,83409,
9163,304256,-7.0,0.0,58.82,30,0.1,0.5,0.1,83409,
9164,304320,-7.2,0.0,62.75,32,0.0938,0.375,0.1,83442,
9165,304384,-7.7,0.0,52.94,27,0.037,0.4815,0.1,83479,
9166,304448,-6.6,0.0,50.98,26,0.0385,0.6538,0.1,83511,
9167,304448,-6.9,0.0,67.44,29,0.1034,0.4483,0.1,83511,
9168,304512,6.9,1.0,85.71,24,0.125,0.375,0.1,83548,
9169,304512,-2.7,0.0,42.86,6,0.0,0.5,0.1,83548,
9170,304576,-7.5,0.0,68.63,35,0.0857,0.5429,0.1,83586,
9171,304576,-1.5,0.0,60.0,3,0.3333,0.0,0.1,83586,
9172,304576,-6.9,0.0,58.97,23,0.0,0.4348,0.1,83586,
9173,304576,8.6,1.0,75.0,15,0.0667,0.5333,0.1,83586,
9174,304640,6.9,1.0,67.74,21,0.1429,0.4286,0.1,83618,
9175,304640,10.2,1.0,72.73,8,0.0,0.625,0.1,83618,
9176,304704,10.2,1.0,58.33,7,0.0,0.7143,0.1,83649,
9177,304768,9.6,1.0,56.25,9,0.0,0.6667,0.1,83692,
9178,304768,10.4,1.0,88.89,8,0.0,0.5,0.1,83692,
9179,304768,-4.2,0.0,40.0,10,0.0,0.6,0.1,83692,
9180,304768,-7.9,0.0,56.86,29,0.1034,0.5517,0.1,83692,
9181,304768,-1.2,0.0,25.0,1,0.0,0.0,0.1,83692,
9182,304832,-9.3,0.0,68.63,35,0.0857,0.4857,0.1,83726,
9183,304896,6.7,1.0,58.82,20,0.2,0.55,0.1,83761,
9184,304896,-2.5,0.0,28.57,4,0.0,0.0,0.1,83761,
9185,304960,-6.3,0.0,60.0,21,0.0952,0.381,0.1,83797,
9186,304960,7.4,1.0,62.07,18,0.1111,0.5556,0.1,83797,
9187,305024,-2.7,0.0,53.85,7,0.0,0.7143,0.1,83835,
9188,305088,10.1,1.0,53.85,7,0.1429,0.8571,0.1,83872,
9189,305088,-7.0,0.0,58.82,30,0.1,0.4333,0.1,83872,
9190,305152,-1.6,0.0,50.0,3,0.0,0.6667,0.1,83906,
9191,305152,-7.1,0.0,41.18,21,0.0,0.4762,0.1,83906,
9192,305152,-3.6,0.0,26.09,6,0.0,0.3333,0.1,83906,
9193,305216,-7.3,0.0,64.71,33,0.0606,0.5152,0.1,83940,
9194,305216,-8.5,0.0,68.63,35,0.0857,0.4857,0.1,83940,
9195,305216,5.2,1.0,86.49,32,0.0312,0.6562,0.1,83940,
9196,305280,6.7,1.0,63.64,21,0.0476,0.619,0.1,83979,
9197,305280,11.1,1.0,66.67,4,0.5,0.75,0.1,83979,
9198,305344,5.0,1.0,51.06,24,0.0417,0.5,0.1,84024,
9199,305344,-0.6,0.0,50.0,3,0.3333,0.0,0.1,84024,
9200,305408,-6.4,0.0,47.06,24,0.0417,0.4583,0.1,84058,
9201,305408,-6.4,0.0,50.0,19,0.0526,0.4211,0.1,84058,
9202,305536,-7.1,0.0,60.78,31,0.1613,0.4516,0.1,84136,
9203,305536,-2.6,0.0,58.33,7,0.0,0.4286,0.1,84136,
9204,305536,8.4,1.0,76.19,16,0.0,0.4375,0.1,84136,
9205,305600,8.3,1.0,72.73,16,0.0625,0.5,0.1,84166,
9206,305664,-6.1,0.0,68.75,22,0.0909,0.5,0.1,84200,
9207,305664,-2.6,0.0,72.73,8,0.0,0.25,0.1,84200,
9208,305728,-6.4,0.0,32.56,14,0.0,0.5,0.1,84240,
9209,305728,3.7,1.0,75.0,36,0.0278,0.4167,0.1,84240,
9210,305792,8.9,1.0,68.42,13,0.0,0.6154,0.1,84279,
9211,305856,-3.9,0.0,44.83,13,0.2308,0.3846,0.1,84315,
9212,305856,-3.8,0.0,55.0,11,0.1818,0.4545,0.1,84315,
9213,306048,11.0,1.0,57.14,4,0.0,0.5,0.1,84428,
9214,306048,-3.0,0.0,53.33,8,0.375,0.25,0.1,84428,
9215,306112,-2.8,0.0,47.62,10,0.1,0.2,0.1,84467,
9216,306112,11.5,1.0,50.0,2,0.5,1.0,0.1,84467,
9217,306112,-3.8,0.0,55.0,11,0.0,0.6364,0.1,84467,
9218,306176,-2.7,0.0,53.85,7,0.2857,0.1429,0.1,84506,
9219,306240,7.8,1.0,59.26,16,0.0625,0.5625,0.1,84548,
9220,306240,-2.3,0.0,52.94,9,0.1111,0.4444,0.1,84548,
9221,306240,-4.4,0.0,60.87,14,0.0714,0.2857,0.1,84548,
9222,306304,-3.1,0.0,71.43,10,0.2,0.2,0.1,84588,
9223,306304,-7.4,0.0,66.67,34,0.1471,0.3529,0.1,84588,
9224,306368,-7.2,0.0,62.75,32,0.0,0.4062,0.1,84625,
9225,306368,9.5,1.0,30.0,6,0.1667,0.6667,0.1,84625,
9226,306432,6.8,1.0,89.29,25,0.12,0.4,0.1,84667,
9227,306432,-7.2,0.0,43.14,22,0.1364,0.3182,0.1,84667,
9228,306496,4.9,1.0,60.0,27,0.0741,0.4815,0.1,84706,
9229,306496,10.2,1.0,90.0,9,0.0,0.5556,0.1,84706,
9230,306496,-7.2,0.0,62.75,32,0.0312,0.4375,0.1,84706,
9231,306496,-3.1,0.0,78.95,15,0.0667,0.6,0.1,84706,
9232,306560,5.2,1.0,53.33,24,0.125,0.4583,0.1,84742,
9233,306560,-6.6,0.0,50.98,26,0.0385,0.5,0.1,84742,
9234,306624,-2.7,0.0,33.33,5,0.0,0.8,0.1,84785,
9235,306624,-6.6,0.0,47.5,19,0.1053,0.5263,0.1,84785,
9236,306688,-2.3,0.0,77.78,7,0.1429,0.1429,0.1,84827,
9237,306688,-1.6,0.0,50.0,3,0.6667,0.3333,0.1,84827,
9238,306688,-2.1,0.0,40.0,4,0.0,0.25,0.1,84827,
9239,306688,-5.0,0.0,53.57,15,0.2,0.2,0.1,84827,
9240,306752,-7.1,0.0,64.1,25,0.12,0.56,0.1,84867,
9241,306752,-2.9,0.0,68.42,13,0.0,0.3077,0.1,84867,
9242,306816,-1.7,0.0,66.67,4,0.25,0.5,0.1,84911,
9243,306816,5.3,1.0,78.95,30,0.2,0.4333,0.1,84911,
9244,306816,9.1,1.0,50.0,10,0.3,0.6,0.1,84911,
9245,306816,4.1,1.0,63.27,31,0.129,0.3871,0.1,84911,
9246,306816,-7.8,0.0,74.51,38,0.0789,0.4211,0.1,84911,
9247,306944,-0.7,0.0,42.86,3,0.0,0.6667,0.1,84991,
9248,307008,-2.2,0.0,87.5,7,0.0,0.4286,0.1,85030,
9249,307008,-7.4,0.0,66.67,34,0.0294,0.4706,0.1,85030,
9250,307008,-6.4,0.0,47.06,24,0.0,0.5,0.1,85030,
9251,307008,9.6,1.0,78.57,11,0.0,0.3636,0.1,85030,
9252,307072,-2.6,0.0,58.33,7,0.1429,0.2857,0.1,85075,
9253,307072,-1.3,0.0,77.78,7,0.0,0.4286,0.1,85075,
9254,307072,-7.7,0.0,52.94,27,0.1481,0.5185,0.1,85075,
9255,307136,-7.5,0.0,68.63,35,0.1429,0.4,0.1,85114,
9256,307136,10.9,1.0,71.43,5,0.6,0.8,0.1,85114,
9257,307136,-7.5,0.0,49.02,25,0.08,0.56,0.1,85114,
9258,307136,10.4,1.0,88.89,8,0.0,0.875,0.1,85114,
9259,307136,-6.1,0.0,41.18,21,0.1905,0.3333,0.1,85114,
9260,307264,5.4,1.0,71.79,28,0.0357,0.5357,0.1,85192,
9261,307264,8.2,1.0,62.5,15,0.0667,0.2667,0.1,85192,
9262,307328,-8.1,0.0,57.45,27,0.1111,0.3333,0.1,85230,
9263,307328,10.8,1.0,62.5,5,0.4,0.6,0.1,85230,
9264,307328,3.4,1.0,77.55,38,0.0789,0.5263,0.1,85230,
9265,307392,8.5,1.0,44.0,11,0.0,0.4545,0.1,85261,
9266,307392,-5.1,0.0,69.23,18,0.0556,0.4444,0.1,85261,
9267,307392,-6.5,0.0,49.02,25,0.04,0.48,0.1,85261,
9268,307456,-7.4,0.0,47.06,24,0.0417,0.4167,0.1,85299,
9269,307456,-1.4,0.0,40.0,2,0.0,0.5,0.1,85299,
9270,307520,-7.1,0.0,60.78,31,0.1935,0.5161,0.1,85336,
9271,307520,-6.9,0.0,56.86,29,0.1034,0.4138,0.1,85336,
9272,307520,-6.7,0.0,52.94,27,0.1852,0.5185,0.1,85336,
9273,307648,-5.4,0.0,50.0,19,0.1053,0.4737,0.1,85422,
9274,307648,8.3,1.0,72.73,16,0.0,0.5,0.1,85422,
9275,307648,11.0,1.0,83.33,5,0.0,0.8,0.1,85422,
9276,307712,-7.6,0.0,50.98,26,0.0385,0.5385,0.1,85462,
9277,307712,-7.2,0.0,43.14,22,0.0909,0.5455,0.1,85462,
9278,307776,5.1,1.0,79.49,31,0.129,0.6129,0.1,85502,
9279,307840,-7.0,0.0,58.82,30,0.0667,0.4667,0.1,85545,
9280,307840,-7.3,0.0,64.71,33,0.1515,0.5152,0.1,85545,
9281,307840,-8.9,0.0,67.35,33,0.0606,0.5758,0.1,85545,
9282,307840,8.0,1.0,78.26,18,0.2222,0.6111,0.1,85545,
9283,307904,9.9,1.0,83.33,10,0.0,0.8,0.1,85584,
9284,307904,9.6,1.0,78.57,11,0.0909,0.7273,0.1,85584,
9285,307904,8.5,1.0,71.43,15,0.0667,0.5333,0.1,85584,
9286,307904,-0.3,0.0,50.0,2,0.5,0.5,0.1,85584,
9287,307904,-7.1,0.0,60.78,31,0.0645,0.4194,0.1,85584,
9288,307968,5.2,1.0,72.5,29,0.069,0.6207,0.1,85619,
9289,307968,8.9,1.0,77.78,14,0.2143,0.6429,0.1,85619,
9290,307968,-5.4,0.0,67.86,19,0.1053,0.3684,0.1,85619,
9291,308032,-3.9,0.0,52.38,11,0.0909,0.5455,0.1,85661,
9292,308032,6.6,1.0,83.33,25,0.2,0.6,0.1,85661,
9293,308032,-1.1,0.0,33.33,1,0.0,0.0,0.1,85661,
9294,308096,11.0,1.0,57.14,4,0.5,0.5,0.1,85695,
9295,308096,-3.1,0.0,60.0,9,0.1111,0.6667,0.1,85695,
9296,308096,10.5,1.0,60.0,6,0.1667,0.8333,0.1,85695,
9297,308160,-2.4,0.0,70.0,7,0.2857,0.2857,0.1,85736,
9298,308160,7.1,1.0,78.57,22,0.0455,0.5,0.1,85736,
9299,308224,11.1,1.0,66.67,4,0.0,0.5,0.1,85778,
9300,308224,-1.8,0.0,50.0,7,0.0,0.4286,0.1,85778,
9301,308288,-1.4,0.0,75.0,3,0.0,0.0,0.1,85817,
9302,308288,11.0,1.0,83.33,5,0.2,0.6,0.1,85817,
9303,308288,6.8,1.0,51.43,18,0.1111,0.4444,0.1,85817,
9304,308288,-7.4,0.0,47.06,24,0.0833,0.5,0.1,85817,
9305,308352,8.8,1.0,65.0,13,0.3077,0.6154,0.1,85854,
9306,308352,-2.3,0.0,60.0,6,0.1667,0.3333,0.1,85854,
9307,308416,7.1,1.0,78.57,22,0.1364,0.5455,0.1,85892,
9308,308416,-8.1,0.0,60.78,31,0.0323,0.3226,0.1,85892,
9309,308416,-8.2,0.0,62.75,32,0.0625,0.4062,0.1,85892,
9310,308480,-7.5,0.0,49.02,25,0.12,0.6,0.1,85927,
9311,308480,-7.2,0.0,62.75,32,0.0938,0.5625,0.1,85927,
9312,308480,11.0,1.0,57.14,4,0.5,0.75,0.1,85927,
9313,308480,9.2,1.0,70.59,12,0.0,0.75,0.1,85927,
9314,308608,-7.0,0.0,39.22,20,0.05,0.6,0.1,85998,
9315,308608,-5.5,0.0,54.84,17,0.0588,0.2941,0.1,85998,
9316,308736,10.0,1.0,75.0,9,0.1111,0.7778,0.1,86073,
9317,308736,-3.9,0.0,60.0,12,0.25,0.4167,0.1,86073,
9318,308736,10.8,1.0,85.71,6,0.3333,0.3333,0.1,86073,
9319,308736,7.2,1.0,53.12,17,0.0588,0.5882,0.1,86073,
9320,308736,-3.3,0.0,62.5,10,0.1,0.3,0.1,86073,
9321,308736,-8.2,0.0,50.0,25,0.0,0.4,0.1,86073,
9322,308736,6.2,1.0,63.89,23,0.2609,0.5652,0.1,86073,
9323,308800,-1.6,0.0,80.0,4,0.0,0.25,0.1,86112,
9324,308800,5.7,1.0,60.0,24,0.0833,0.75,0.1,86112,
9325,308800,6.4,1.0,72.73,24,0.0417,0.4167,0.1,86112,
9326,308928,-7.9,0.0,56.86,29,0.0345,0.3793,0.1,86192,
9327,308992,-3.6,0.0,52.63,10,0.0,0.1,0.1,86231,
9328,309056,-4.8,0.0,57.69,15,0.0667,0.4,0.1,86265,
9329,309120,8.8,1.0,83.33,15,0.0667,0.7333,0.1,86304,
9330,309120,6.2,1.0,78.79,26,0.1154,0.5,0.1,86304,
9331,309184,8.6,1.0,75.0,15,0.2667,0.5333,0.1,86345,
9332,309184,-4.0,0.0,65.0,13,0.0769,0.3077,0.1,86345,
9333,309184,5.1,1.0,84.21,32,0.1875,0.4062,0.1,86345,
9334,309248,-1.0,0.0,62.5,5,0.0,0.6,0.1,86384,
9335,309248,8.4,1.0,37.04,10,0.1,0.6,0.1,86384,
9336,309248,-3.0,0.0,53.33,8,0.0,0.25,0.1,86384,
9337,309312,8.3,1.0,65.22,15,0.1333,0.5333,0.1,86419,
9338,309312,5.4,1.0,71.79,28,0.1071,0.6786,0.1,86419,
9339,309312,4.4,1.0,60.42,29,0.069,0.5517,0.1,86419,
9340,309312,5.0,1.0,61.36,27,0.1481,0.6296,0.1,86419,
9341,309376,-3.1,0.0,50.0,8,0.125,0.375,0.1,86456,
9342,309376,6.8,1.0,82.76,24,0.125,0.7083,0.1,86456,
9343,309376,8.5,1.0,80.0,16,0.125,0.4375,0.1,86456,
9344,309440,8.9,1.0,68.42,13,0.0769,0.6923,0.1,86495,
9345,309504,-1.3,0.0,50.0,2,0.0,0.0,0.1,86536,
9346,309504,-1.8,0.0,57.14,4,0.0,0.75,0.1,86536,
9347,309568,9.1,1.0,76.47,13,0.2308,0.5385,0.1,86570,
9348,309632,9.0,1.0,72.22,13,0.3846,0.6923,0.1,86604,
9349,309632,-2.6,0.0,35.71,5,0.0,0.4,0.1,86604,
9350,309632,-2.8,0.0,61.54,8,0.125,0.5,0.1,86604,
9351,309632,6.4,1.0,58.33,21,0.0476,0.619,0.1,86604,
9352,309632,9.7,1.0,71.43,10,0.0,0.8,0.1,86604,
9353,309696,5.5,1.0,57.14,24,0.2083,0.375,0.1,86642,
9354,309696,-1.6,0.0,50.0,3,0.0,0.3333,0.1,86642,
9355,309696,-4.2,0.0,40.0,10,0.0,0.4,0.1,86642,
9356,309696,6.9,1.0,79.31,23,0.087,0.5217,0.1,86642,
9357,309824,-4.1,0.0,54.55,12,0.25,0.25,0.1,86715,
9358,309824,7.0,1.0,75.86,22,0.0909,0.2727,0.1,86715,
9359,309824,9.5,1.0,62.5,10,0.1,0.5,0.1,86715,
9360,309824,-1.2,0.0,36.36,4,0.0,0.25,0.1,86715,
9361,309888,11.6,1.0,66.67,2,0.5,1.0,0.1,86753,
9362,309888,10.1,1.0,81.82,9,0.4444,0.5556,0.1,86753,
9363,309952,11.1,1.0,42.86,3,0.3333,0.3333,0.1,86798,
9364,310016,-6.6,0.0,50.98,26,0.0,0.5,0.1,86836,
9365,310080,-1.3,0.0,50.0,2,0.0,0.0,0.1,86877,
9366,310080,9.3,1.0,64.71,11,0.0909,0.8182,0.1,86877,
9367,310080,-5.7,0.0,33.33,17,0.0,0.4118,0.1,86877,
9368,310080,-7.1,0.0,60.78,31,0.0968,0.6129,0.1,86877,
9369,310080,-5.8,0.0,75.86,22,0.0455,0.2273,0.1,86877,
9370,310208,9.3,1.0,75.0,12,0.0833,0.3333,0.1,86953,
9371,310208,7.4,1.0,67.86,19,0.1053,0.6316,0.1,86953,
9372,310208,-6.9,0.0,56.86,29,0.1034,0.4828,0.1,86953,
9373,310272,-6.5,0.0,49.02,25,0.04,0.56,0.1,86986,
9374,310336,-5.7,0.0,57.89,22,0.0909,0.4545,0.1,87017,
9375,310336,-6.2,0.0,43.14,22,0.1364,0.4545,0.1,87017,
9376,310336,-7.4,0.0,66.67,34,0.1176,0.5294,0.1,87017,
9377,310336,9.6,1.0,56.25,9,0.1111,0.4444,0.1,87017,
9378,310336,-4.4,0.0,48.0,12,0.0,0.5,0.1,87017,
9379,310400,-1.4,0.0,40.0,2,0.0,0.5,0.1,87048,
9380,310400,10.6,1.0,66.67,6,0.3333,0.6667,0.1,87048,
9381,310400,-7.7,0.0,52.94,27,0.0,0.4444,0.1,87048,
9382,310400,-7.1,0.0,41.18,21,0.0,0.619,0.1,87048,
9383,310464,-3.0,0.0,76.92,10,0.1,0.4,0.1,87082,
9384,310464,6.8,1.0,55.88,19,0.1579,0.6316,0.1,87082,
9385,310464,-3.0,0.0,65.0,13,0.0769,0.1538,0.1,87082,
9386,310528,4.7,1.0,45.1,23,0.1304,0.6087,0.1,87122,
9387,310528,7.8,1.0,53.57,15,0.2,0.8,0.1,87122,
9388,310528,6.0,1.0,74.29,26,0.1154,0.4615,0.1,87122,
9389,310592,-5.3,0.0,58.62,17,0.0,0.4706,0.1,87164,
9390,310592,-6.8,0.0,54.9,28,0.1071,0.4286,0.1,87164,
9391,310656,-7.3,0.0,45.1,23,0.0435,0.6522,0.1,87201,
9392,310656,-3.7,0.0,50.0,10,0.1,0.6,0.1,87201,
9393,310720,-2.3,0.0,52.94,9,0.0,0.6667,0.1,87241,
9394,310720,-1.4,0.0,75.0,3,0.0,0.3333,0.1,87241,
9395,310848,-4.4,0.0,60.87,14,0.0,0.2857,0.1,87319,
9396,310912,-2.6,0.0,72.73,8,0.125,0.375,0.1,87358,
9397,310912,-3.0,0.0,76.92,10,0.0,0.3,0.1,87358,
9398,310912,4.9,1.0,67.44,29,0.0,0.5517,0.1,87358,
9399,310912,-6.9,0.0,56.86,29,0.069,0.3793,0.1,87358,
9400,310976,9.2,1.0,45.0,9,0.2222,0.6667,0.1,87393,
9401,311040,10.2,1.0,72.73,8,0.125,0.625,0.1,87432,
9402,311040,8.3,1.0,65.22,15,0.0,0.4667,0.1,87432,
9403,311104,-3.4,0.0,68.75,11,0.0,0.2727,0.1,87466,
9404,311168,-6.9,0.0,56.86,29,0.1034,0.4138,0.1,87503,
9405,311168,-4.1,0.0,70.0,14,0.2143,0.3571,0.1,87503,
9406,311168,-7.4,0.0,76.32,29,0.1379,0.3793,0.1,87503,
9407,311232,-5.6,0.0,48.48,16,0.1875,0.4375,0.1,87545,
9408,311232,-7.2,0.0,51.16,22,0.0909,0.2727,0.1,87545,
9409,311232,9.9,1.0,69.23,9,0.2222,0.3333,0.1,87545,
9410,311232,-1.7,0.0,25.0,2,0.0,0.5,0.1,87545,
9411,311296,-7.9,0.0,56.86,29,0.0345,0.4828,0.1,87589,
9412,311360,8.5,1.0,80.0,16,0.0,0.5,0.1,87629,
9413,311360,-7.1,0.0,41.18,21,0.0952,0.4762,0.1,87629,
9414,311424,7.5,1.0,70.37,19,0.1579,0.5789,0.1,87672,
9415,311424,-6.6,0.0,50.98,26,0.0769,0.5,0.1,87672,
9416,311488,-0.6,0.0,80.0,4,0.25,0.25,0.1,87720,
9417,311488,-5.6,0.0,48.48,16,0.0625,0.4375,0.1,87720,
9418,311488,6.6,1.0,61.76,21,0.1905,0.5238,0.1,87720,
9419,311552,-1.8,0.0,37.5,3,0.0,0.0,0.1,87754,
9420,311616,-7.8,0.0,51.06,24,0.0417,0.5,0.1,87798,
9421,311616,-7.1,0.0,60.78,31,0.0645,0.5806,0.1,87798,
9422,311616,-2.9,0.0,77.78,14,0.0,0.4286,0.1,87798,
9423,311616,-1.6,0.0,80.0,4,0.5,0.25,0.1,87798,
9424,311616,-2.4,0.0,54.55,6,0.1667,0.5,0.1,87798,
9425,311616,-4.2,0.0,40.0,10,0.0,0.4,0.1,87798,
9426,311616,8.4,1.0,85.0,17,0.1176,0.4706,0.1,87798,
9427,311680,7.6,1.0,80.0,20,0.05,0.5,0.1,87831,
9428,311680,-7.0,0.0,52.08,25,0.04,0.36,0.1,87831,
9429,311680,-6.9,0.0,56.86,29,0.0345,0.4828,0.1,87831,
9430,311744,-1.8,0.0,37.5,3,0.0,0.3333,0.1,87873,
9431,311744,-3.4,0.0,54.17,13,0.1538,0.5385,0.1,87873,
9432,311744,-3.7,0.0,57.89,11,0.0,0.8182,0.1,87873,
9433,311744,-3.3,0.0,62.5,10,0.0,0.4,0.1,87873,
9434,311808,-1.6,0.0,50.0,3,0.0,0.3333,0.1,87909,
9435,311808,6.5,1.0,69.7,23,0.1304,0.5217,0.1,87909,
9436,311872,11.4,1.0,75.0,3,0.0,1.0,0.1,87953,
9437,312000,-7.9,0.0,70.83,34,0.1176,0.4118,0.1,88038,
9438,312000,-3.1,0.0,84.62,11,0.0,0.2727,0.1,88038,
9439,312064,7.9,1.0,75.0,18,0.1667,0.6667,0.1,88076,
9440,312064,10.9,1.0,71.43,5,0.0,0.8,0.1,88076,
9441,312064,8.0,1.0,78.26,18,0.0556,0.5,0.1,88076,
9442,312064,-7.6,0.0,50.98,26,0.0385,0.4615,0.1,88076,
9443,312128,9.0,1.0,93.75,15,0.1333,0.6,0.1,88114,
9444,312192,8.0,1.0,57.69,15,0.0667,0.4667,0.1,88157,
9445,312192,8.7,1.0,70.0,14,0.0,0.4286,0.1,88157,
9446,312192,-5.8,0.0,64.86,24,0.0417,0.375,0.1,88157,
9447,312192,5.6,1.0,54.76,23,0.087,0.5217,0.1,88157,
9448,312192,3.9,1.0,90.7,39,0.1026,0.4615,0.1,88157,
9449,312256,-1.9,0.0,50.0,4,0.0,0.5,0.1,88194,
9450,312256,10.6,1.0,87.5,7,0.1429,0.7143,0.1,88194,
9451,312256,6.8,1.0,76.67,23,0.0435,0.6522,0.1,88194,
9452,312256,-6.6,0.0,43.9,18,0.1111,0.3333,0.1,88194,
9453,312320,4.3,1.0,62.5,30,0.0333,0.6333,0.1,88228,
9454,312384,8.6,1.0,94.44,17,0.0,0.4706,0.1,88270,
9455,312384,-2.9,0.0,57.14,8,0.125,0.625,0.1,88270,
9456,312384,-6.8,0.0,79.41,27,0.0741,0.3333,0.1,88270,
9457,312384,-1.6,0.0,50.0,3,0.0,0.6667,0.1,88270,
9458,312384,7.3,1.0,60.0,18,0.1111,0.6111,0.1,88270,
9459,312448,-2.1,0.0,55.56,5,0.0,0.4,0.1,88302,
9460,312512,-1.3,0.0,20.0,1,0.0,0.0,0.1,88332,
9461,312512,-7.5,0.0,68.63,35,0.0857,0.5143,0.1,88332,
9462,312576,10.0,1.0,75.0,9,0.0,0.5556,0.1,88370,
9463,312576,-1.1,0.0,33.33,1,0.0,0.0,0.1,88370,
9464,312576,10.1,1.0,53.85,7,0.0,0.8571,0.1,88370,
9465,312576,-3.4,0.0,50.0,9,0.1111,0.4444,0.1,88370,
9466,312576,-9.7,0.0,76.47,39,0.1282,0.3846,0.1,88370,
9467,312576,9.6,1.0,78.57,11,0.0909,0.7273,0.1,88370,
9468,312640,-3.3,0.0,62.5,10,0.0,0.4,0.1,88409,
9469,312640,-3.2,0.0,56.25,9,0.1111,0.3333,0.1,88409,
9470,312640,-2.8,0.0,40.0,6,0.3333,0.3333,0.1,88409,
9471,312704,10.2,1.0,90.0,9,0.2222,0.6667,0.1,88446,
9472,312832,11.7,1.0,33.33,1,0.0,1.0,0.1,88526,
9473,312832,-2.2,0.0,50.0,5,0.0,0.6,0.1,88526,
9474,312896,-7.4,0.0,47.06,24,0.0,0.5417,0.1,88565,
9475,312896,-6.3,0.0,45.1,23,0.1304,0.3913,0.1,88565,
9476,312960,9.2,1.0,61.11,11,0.1818,0.7273,0.1,88601,
9477,312960,10.6,1.0,66.67,6,0.3333,0.5,0.1,88601,
9478,313024,-0.9,0.0,71.43,5,0.0,0.8,0.1,88643,
9479,313024,9.4,1.0,80.0,12,0.1667,0.5833,0.1,88643,
9480,313088,-7.1,0.0,41.18,21,0.0476,0.5238,0.1,88685,
9481,313152,-0.8,0.0,57.14,4,0.0,0.25,0.1,88723,
9482,313152,-6.3,0.0,45.1,23,0.0,0.5652,0.1,88723,
9483,313152,9.6,1.0,78.57,11,0.4545,0.6364,0.1,88723,
9484,313216,-1.6,0.0,50.0,3,0.0,0.3333,0.1,88763,
9485,313216,-8.2,0.0,62.75,32,0.0938,0.5625,0.1,88763,
9486,313216,4.5,1.0,68.89,31,0.0968,0.6452,0.1,88763,
9487,313280,-4.9,0.0,61.54,16,0.0625,0.4375,0.1,88805,
9488,313344,5.8,1.0,85.29,29,0.1034,0.5862,0.1,88839,
9489,313408,7.3,1.0,71.43,20,0.25,0.6,0.1,88880,
9490,313408,5.6,1.0,66.67,26,0.0385,0.5385,0.1,88880,
9491,313408,-1.9,0.0,69.23,9,0.2222,0.3333,0.1,88880,
9492,313408,-6.6,0.0,60.47,26,0.0769,0.4615,0.1,88880,
9493,313472,8.7,1.0,78.95,15,0.0,0.4,0.1,88911,
9494,313536,-1.4,0.0,40.0,2,0.0,0.0,0.1,88949,
9495,313536,-6.5,0.0,49.02,25,0.08,0.48,0.1,88949,
9496,313536,9.0,1.0,72.22,13,0.1538,0.6154,0.1,88949,
9497,313600,-7.3,0.0,45.1,23,0.0435,0.5217,0.1,88985,
9498,313664,-7.4,0.0,66.67,34,0.0882,0.5294,0.1,89023,
9499,313664,-8.5,0.0,68.63,35,0.0857,0.4286,0.1,89023,
9500,313664,-7.5,0.0,49.02,25,0.08,0.52,0.1,89023,
9501,313792,11.0,1.0,83.33,5,0.0,0.8,0.1,89099,
9502,313792,-1.2,0.0,25.0,1,0.0,0.0,0.1,89099,
9503,313792,10.6,1.0,50.0,5,0.2,0.6,0.1,89099,
9504,313792,-6.6,0.0,47.5,19,0.1579,0.4737,0.1,89099,
9505,313856,-8.5,0.0,68.63,35,0.0571,0.4571,0.1,89136,
9506,313920,11.6,1.0,25.0,1,0.0,0.0,0.1,89180,
9507,313920,7.5,1.0,70.37,19,0.1053,0.6316,0.1,89180,
9508,313920,-7.9,0.0,56.86,29,0.1379,0.3103,0.1,89180,
9509,313920,-4.5,0.0,65.52,19,0.1579,0.4737,0.1,89180,
9510,313984,-5.0,0.0,53.57,15,0.0,0.4,0.1,89219,
9511,313984,-5.6,0.0,40.0,14,0.0714,0.7143,0.1,89219,
9512,313984,9.5,1.0,73.33,11,0.1818,0.3636,0.1,89219,
9513,313984,9.5,1.0,52.94,9,0.0,0.5556,0.1,89219,
9514,314048,-1.2,0.0,25.0,1,0.0,0.0,0.1,89256,
9515,314048,-4.4,0.0,68.18,15,0.0,0.4,0.1,89256,
9516,314112,-3.4,0.0,68.75,11,0.0909,0.4545,0.1,89291,
9517,314112,-7.6,0.0,50.98,26,0.0385,0.3077,0.1,89291,
9518,314176,-2.6,0.0,72.73,8,0.125,0.375,0.1,89331,
9519,314176,11.1,1.0,66.67,4,0.5,1.0,0.1,89331,
9520,314176,-6.5,0.0,45.0,18,0.2778,0.5,0.1,89331,
9521,314176,-7.4,0.0,66.67,34,0.0294,0.5294,0.1,89331,
9522,314176,8.2,1.0,56.0,14,0.0,0.3571,0.1,89331,
9523,314240,-7.4,0.0,47.06,24,0.0417,0.5417,0.1,89367,
9524,314240,-5.4,0.0,80.77,21,0.0476,0.4762,0.1,89367,
9525,314304,-7.4,0.0,66.67,34,0.0882,0.4118,0.1,89409,
9526,314304,8.6,1.0,59.09,13,0.1538,0.6154,0.1,89409,
9527,314368,-3.6,0.0,38.1,8,0.25,0.5,0.1,89452,
9528,314368,-3.4,0.0,80.0,12,0.0833,0.25,0.1,89452,
9529,314368,7.1,1.0,72.41,21,0.0952,0.4762,0.1,89452,
9530,314432,-2.3,0.0,77.78,7,0.1429,0.1429,0.1,89494,
9531,314432,9.6,1.0,78.57,11,0.1818,0.4545,0.1,89494,
9532,314432,-3.6,0.0,56.0,14,0.2143,0.3571,0.1,89494,
9533,314496,-1.6,0.0,80.0,4,0.25,0.5,0.1,89537,
9534,314496,9.4,1.0,80.0,12,0.1667,0.4167,0.1,89537,
9535,314496,-7.5,0.0,49.02,25,0.08,0.56,0.1,89537,
9536,314496,10.1,1.0,81.82,9,0.1111,0.6667,0.1,89537,
9537,314560,-3.8,0.0,55.0,11,0.1818,0.3636,0.1,89578,
9538,314560,9.1,1.0,66.67,12,0.25,0.5833,0.1,89578,
9539,314624,10.9,1.0,71.43,5,0.0,0.8,0.1,89619,
9540,314624,-8.0,0.0,58.82,30,0.0667,0.3,0.1,89619,
9541,314624,-7.4,0.0,66.67,34,0.0588,0.3824,0.1,89619,
9542,314688,-1.8,0.0,37.5,3,0.3333,0.6667,0.1,89661,
9543,314752,-7.7,0.0,52.94,27,0.037,0.5185,0.1,89704,
9544,314752,-1.3,0.0,60.0,6,0.1667,0.3333,0.1,89704,
9545,314752,-8.6,0.0,70.59,36,0.0,0.3889,0.1,89704,
9546,314816,5.9,1.0,55.0,22,0.0455,0.4545,0.1,89742,
9547,314816,-7.1,0.0,60.78,31,0.0645,0.7419,0.1,89742,
9548,314816,5.2,1.0,68.29,28,0.1786,0.5357,0.1,89742,
9549,314816,-6.0,0.0,51.43,18,0.1111,0.5,0.1,89742,
9550,314880,-5.1,0.0,69.23,18,0.1667,0.3333,0.1,89779,
9551,314880,-4.1,0.0,78.95,15,0.0667,0.6667,0.1,89779,
9552,314944,-7.6,0.0,50.98,26,0.0769,0.4615,0.1,89814,
9553,314944,-1.7,0.0,42.86,3,0.0,0.6667,0.1,89814,
9554,314944,6.9,1.0,85.71,24,0.0833,0.5,0.1,89814,
9555,314944,9.1,1.0,66.67,12,0.1667,0.75,0.1,89814,
9556,315008,9.9,1.0,69.23,9,0.1111,0.4444,0.1,89844,
9557,315072,8.9,1.0,88.24,15,0.0,0.6,0.1,89884,
9558,315072,-3.8,0.0,82.35,14,0.1429,0.2857,0.1,89884,
9559,315072,-2.7,0.0,53.85,7,0.2857,0.1429,0.1,89884,
9560,315136,9.7,1.0,50.0,8,0.25,0.75,0.1,89924,
9561,315136,-2.5,0.0,38.46,5,0.0,0.6,0.1,89924,
9562,315200,3.8,1.0,69.39,34,0.0882,0.5882,0.1,89962,
9563,315200,7.5,1.0,58.62,17,0.1176,0.6471,0.1,89962,
9564,315200,-1.7,0.0,42.86,3,0.3333,0.3333,0.1,89962,
9565,315264,8.2,1.0,56.0,14,0.0714,0.5714,0.1,90000,
9566,315264,7.1,1.0,72.41,21,0.0476,0.4286,0.1,90000,
9567,315264,-7.7,0.0,52.94,27,0.1111,0.4815,0.1,90000,
9568,315328,9.6,1.0,78.57,11,0.0,0.9091,0.1,90038,
9569,315328,-1.3,0.0,77.78,7,0.2857,0.2857,0.1,90038,
9570,315328,-2.0,0.0,76.92,10,0.1,0.4,0.1,90038,
9571,315328,-7.0,0.0,65.91,29,0.0345,0.4483,0.1,90038,
9572,315392,-1.7,0.0,25.0,2,0.0,0.0,0.1,90075,
9573,315392,11.0,1.0,57.14,4,0.25,0.75,0.1,90075,
9574,315392,-6.8,0.0,54.9,28,0.0714,0.5357,0.1,90075,
9575,315392,11.1,1.0,42.86,3,0.0,0.3333,0.1,90075,
9576,315456,-7.5,0.0,41.67,20,0.05,0.35,0.1,90109,
9577,315456,9.0,1.0,82.35,14,0.1429,0.4286,0.1,90109,
9578,315520,-3.4,0.0,50.0,9,0.0,0.6667,0.1,90144,
9579,315520,-2.4,0.0,21.43,3,0.0,0.3333,0.1,90144,
9580,315520,10.5,1.0,77.78,7,0.1429,0.7143,0.1,90144,
9581,315520,-6.5,0.0,49.02,25,0.0,0.56,0.1,90144,
9582,315584,-7.0,0.0,58.82,30,0.2,0.3333,0.1,90179,
9583,315584,-2.1,0.0,75.0,6,0.0,0.3333,0.1,90179,
9584,315648,5.2,1.0,64.29,27,0.0741,0.3704,0.1,90218,
9585,315648,-6.9,0.0,56.86,29,0.1034,0.2759,0.1,90218,
9586,315648,-2.2,0.0,36.36,4,0.0,0.0,0.1,90218,
9587,315648,7.0,1.0,88.89,24,0.1667,0.4167,0.1,90218,
9588,315712,-6.7,0.0,52.94,27,0.1111,0.6667,0.1,90259,
9589,315776,-3.7,0.0,57.89,11,0.0,0.3636,0.1,90298,
9590,315840,-2.0,0.0,44.44,4,0.0,0.5,0.1,90334,
9591,315840,10.8,1.0,62.5,5,0.0,0.6,0.1,90334,
9592,315840,-7.0,0.0,39.22,20,0.15,0.45,0.1,90334,
9593,315904,-7.3,0.0,64.71,33,0.1212,0.4545,0.1,90370,
9594,315904,8.8,1.0,73.68,14,0.2857,0.5714,0.1,90370,
9595,315968,-1.7,0.0,66.67,4,0.25,0.0,0.1,90407,
9596,315968,-1.2,0.0,50.0,5,0.2,0.6,0.1,90407,
9597,316032,-2.8,0.0,75.0,9,0.1111,0.3333,0.1,90440,
9598,316032,-3.5,0.0,47.37,9,0.1111,0.3333,0.1,90440,
9599,316096,9.0,1.0,82.35,14,0.2143,0.5,0.1,90481,
9600,316096,-8.2,0.0,63.04,29,0.1034,0.4828,0.1,90481,
9601,316096,7.5,1.0,43.75,14,0.0714,0.5714,0.1,90481,
9602,316160,10.2,1.0,46.15,6,0.1667,1.0,0.1,90514,
9603,316160,4.5,1.0,65.22,30,0.1,0.5667,0.1,90514,
9604,316160,-0.6,0.0,80.0,4,0.0,0.25,0.1,90514,
9605,316160,-1.0,0.0,62.5,5,0.0,0.2,0.1,90514,
9606,316224,8.5,1.0,56.52,13,0.0,0.4615,0.1,90541,
9607,316224,-7.0,0.0,39.22,20,0.0,0.35,0.1,90541,
9608,316288,9.5,1.0,85.71,12,0.1667,0.6667,0.1,90585,
9609,316288,9.9,1.0,69.23,9,0.1111,0.8889,0.1,90585,
9610,316288,-2.2,0.0,47.06,8,0.0,0.5,0.1,90585,
9611,316416,6.1,1.0,71.43,25,0.12,0.44,0.1,90666,
9612,316416,8.1,1.0,90.48,19,0.1053,0.5789,0.1,90666,
9613,316416,8.0,1.0,70.83,17,0.0588,0.5882,0.1,90666,
9614,316544,-3.9,0.0,68.42,13,0.2308,0.3846,0.1,90746,
9615,316544,10.0,1.0,90.91,10,0.0,0.5,0.1,90746,
9616,316608,4.9,1.0,71.43,30,0.0333,0.5333,0.1,90784,
9617,316672,7.0,1.0,54.55,18,0.1111,0.5,0.1,90827,
9618,316672,8.7,1.0,41.67,10,0.3,0.4,0.1,90827,
9619,316736,-1.0,0.0,44.44,4,0.25,0.25,0.1,90863,
9620,316736,10.5,1.0,77.78,7,0.2857,0.8571,0.1,90863,
9621,316864,-2.3,0.0,33.33,4,0.0,0.5,0.1,90932,
9622,316864,-6.2,0.0,57.14,20,0.05,0.45,0.1,90932,
9623,316864,-7.4,0.0,66.67,34,0.0588,0.4706,0.1,90932,
9624,316864,-2.4,0.0,80.0,12,0.0,0.8333,0.1,90932,
9625,316928,9.5,1.0,73.33,11,0.0,0.4545,0.1,90971,
9626,316992,10.3,1.0,38.46,5,0.0,0.6,0.1,91012,
9627,316992,9.0,1.0,72.22,13,0.0769,0.3846,0.1,91012,
9628,317056,10.4,1.0,70.0,7,0.0,0.4286,0.1,91052,
9629,317120,3.6,1.0,73.47,36,0.1111,0.5833,0.1,91092,
9630,317120,5.7,1.0,52.38,22,0.2273,0.7273,0.1,91092,
9631,317120,6.4,1.0,58.33,21,0.0,0.5238,0.1,91092,
9632,317120,-1.7,0.0,42.86,3,0.0,0.3333,0.1,91092,
9633,317184,-3.4,0.0,42.31,11,0.0,0.1818,0.1,91132,
9634,317184,-6.8,0.0,54.9,28,0.1429,0.5,0.1,91132,
9635,317184,-6.7,0.0,52.94,27,0.1111,0.4815,0.1,91132,
9636,317184,-3.0,0.0,65.0,13,0.0,0.5385,0.1,91132,
9637,317184,-4.0,0.0,53.57,15,0.0667,0.5333,0.1,91132,
9638,317184,-6.6,0.0,37.21,16,0.0,0.375,0.1,91132,
9639,317248,8.0,1.0,78.26,18,0.1111,0.4444,0.1,91172,
9640,317248,-7.5,0.0,68.63,35,0.0857,0.4857,0.1,91172,
9641,317312,11.2,1.0,80.0,4,0.5,1.0,0.1,91211,
9642,317312,8.2,1.0,85.71,18,0.0556,0.6667,0.1,91211,
9643,317312,-7.1,0.0,41.18,21,0.0476,0.5714,0.1,91211,
9644,317376,6.4,1.0,62.86,22,0.0,0.6364,0.1,91254,
9645,317376,8.4,1.0,76.19,16,0.0,0.6875,0.1,91254,
9646,317376,-5.7,0.0,61.29,19,0.1053,0.4211,0.1,91254,
9647,317440,-8.0,0.0,52.08,25,0.04,0.52,0.1,91291,
9648,317504,-5.5,0.0,54.84,17,0.1176,0.4118,0.1,91328,
9649,317504,-6.7,0.0,52.94,27,0.037,0.4444,0.1,91328,
9650,317568,9.7,1.0,84.62,11,0.0909,0.5455,0.1,91364,
9651,317568,-3.0,0.0,65.0,13,0.0769,0.4615,0.1,91364,
9652,317568,8.8,1.0,65.0,13,0.1538,0.6923,0.1,91364,
9653,317568,-8.0,0.0,58.82,30,0.1333,0.2667,0.1,91364,
9654,317632,6.4,1.0,78.12,25,0.04,0.52,0.1,91402,
9655,317632,9.2,1.0,81.25,13,0.0769,0.3077,0.1,91402,
9656,317632,11.4,1.0,40.0,2,0.5,1.0,0.1,91402,
9657,317760,-7.0,0.0,58.82,30,0.1,0.5667,0.1,91481,
9658,317760,-6.5,0.0,49.02,25,0.04,0.56,0.1,91481,
9659,317760,-6.3,0.0,43.48,20,0.05,0.5,0.1,91481,
9660,317760,7.8,1.0,72.0,18,0.2222,0.6111,0.1,91481,
9661,317824,11.7,1.0,33.33,1,0.0,1.0,0.1,91522,
9662,317824,-1.5,0.0,80.0,8,0.125,0.375,0.1,91522,
9663,317824,-4.0,0.0,37.5,9,0.1111,0.4444,0.1,91522,
9664,317888,7.4,1.0,67.86,19,0.0526,0.6316,0.1,91552,
9665,317888,6.4,1.0,54.05,20,0.05,0.55,0.1,91552,
9666,317888,-7.2,0.0,47.06,24,0.0833,0.375,0.1,91552,
9667,317888,9.5,1.0,62.5,10,0.1,0.6,0.1,91552,
9668,317952,-4.9,0.0,40.0,12,0.0,0.3333,0.1,91597,
9669,317952,-4.5,0.0,58.33,14,0.0714,0.4286,0.1,91597,
9670,317952,-2.0,0.0,76.92,10,0.3,0.6,0.1,91597,
9671,318016,-2.4,0.0,54.55,6,0.1667,0.3333,0.1,91634,
9672,318016,10.0,1.0,50.0,7,0.0,0.5714,0.1,91634,
9673,318080,9.9,1.0,57.14,8,0.25,0.875,0.1,91671,
9674,318080,-8.4,0.0,66.67,34,0.0882,0.4118,0.1,91671,
9675,318080,8.0,1.0,70.83,17,0.0588,0.6471,0.1,91671,
9676,318080,9.5,1.0,85.71,12,0.25,0.5,0.1,91671,
9677,318144,-2.0,0.0,30.0,3,0.3333,0.3333,0.1,91710,
9678,318144,5.3,1.0,74.36,29,0.069,0.4828,0.1,91710,
9679,318208,9.1,1.0,66.67,12,0.0,0.4167,0.1,91746,
9680,318208,-3.6,0.0,70.59,12,0.0833,0.6667,0.1,91746,
9681,318208,8.4,1.0,76.19,16,0.125,0.625,0.1,91746,
9682,318272,-0.7,0.0,66.67,4,0.25,0.5,0.1,91786,
9683,318336,-7.4,0.0,47.06,24,0.125,0.5,0.1,91820,
9684,318400,4.5,1.0,68.89,31,0.2258,0.4194,0.1,91857,
9685,318464,-6.5,0.0,49.02,25,0.12,0.56,0.1,91897,
9686,318464,-1.8,0.0,22.22,2,0.0,0.0,0.1,91897,
9687,318464,-6.8,0.0,54.9,28,0.1071,0.3929,0.1,91897,
9688,318464,-6.0,0.0,51.43,18,0.1667,0.5,0.1,91897,
9689,318528,-3.4,0.0,50.0,9,0.0,0.3333,0.1,91932,
9690,318528,-6.9,0.0,56.86,29,0.069,0.5172,0.1,91932,
9691,318528,-2.6,0.0,52.63,10,0.2,0.4,0.1,91932,
9692,318592,10.5,1.0,45.45,5,0.4,0.6,0.1,91968,
9693,318592,7.9,1.0,68.0,17,0.0588,0.6471,0.1,91968,
9694,318656,-4.4,0.0,60.87,14,0.1429,0.4286,0.1,92008,
9695,318656,-7.1,0.0,60.78,31,0.0323,0.4194,0.1,92008,
9696,318656,-7.6,0.0,68.09,32,0.0938,0.2812,0.1,92008,
9697,318656,-1.8,0.0,37.5,3,0.0,0.3333,0.1,92008,
9698,318656,-2.4,0.0,70.0,7,0.1429,0.4286,0.1,92008,
9699,318656,-5.1,0.0,62.96,17,0.1176,0.4118,0.1,92008,
9700,318720,6.8,1.0,55.88,19,0.1579,0.5263,0.1,92049,
9701,318720,-7.8,0.0,54.9,28,0.0714,0.5,0.1,92049,
9702,318784,-3.0,0.0,53.33,8,0.0,0.375,0.1,92091,
9703,318848,-1.7,0.0,66.67,4,0.0,0.25,0.1,92132,
9704,318912,9.5,1.0,73.33,11,0.0909,0.4545,0.1,92176,
9705,318912,-3.0,0.0,35.29,6,0.3333,0.3333,0.1,92176,
9706,318912,-7.9,0.0,56.86,29,0.1379,0.3793,0.1,92176,
9707,318976,-4.6,0.0,39.29,11,0.0,0.6364,0.1,92215,
9708,318976,9.3,1.0,75.0,12,0.0,0.4167,0.1,92215,
9709,318976,-7.3,0.0,64.71,33,0.1212,0.3636,0.1,92215,
9710,319040,8.2,1.0,77.27,17,0.1176,0.5882,0.1,92254,
9711,319040,-1.8,0.0,37.5,3,0.0,0.0,0.1,92254,
9712,319104,7.3,1.0,77.78,21,0.1429,0.5238,0.1,92290,
9713,319104,10.4,1.0,54.55,6,0.5,0.5,0.1,92290,
9714,319104,-3.0,0.0,43.75,7,0.0,0.7143,0.1,92290,
9715,319104,8.7,1.0,41.67,10,0.2,0.4,0.1,92290,
9716,319168,8.7,1.0,54.55,12,0.3333,0.4167,0.1,92324,
9717,319360,7.4,1.0,67.86,19,0.0526,0.4211,0.1,92451,
9718,319360,-6.8,0.0,54.9,28,0.0357,0.6071,0.1,92451,
9719,319424,6.4,1.0,78.12,25,0.12,0.56,0.1,92492,
9720,319424,4.7,1.0,57.45,27,0.2222,0.6667,0.1,92492,
9721,319424,-1.9,0.0,50.0,4,0.25,0.5,0.1,92492,
9722,319424,-2.7,0.0,66.67,8,0.125,0.0,0.1,92492,
9723,319488,-4.3,0.0,50.0,12,0.0,0.4167,0.1,92534,
9724,319488,-2.5,0.0,38.46,5,0.0,0.6,0.1,92534,
9725,319488,-6.8,0.0,35.29,18,0.0556,0.6111,0.1,92534,
9726,319552,11.0,1.0,83.33,5,0.2,1.0,0.1,92580,
9727,319616,-4.3,0.0,50.0,12,0.0833,0.1667,0.1,92626,
9728,319616,6.3,1.0,70.59,24,0.125,0.5833,0.1,92626,
9729,319616,6.3,1.0,87.1,27,0.1481,0.3704,0.1,92626,
9730,319680,6.4,1.0,72.73,24,0.125,0.5417,0.1,92666,
9731,319680,-2.6,0.0,90.0,9,0.1111,0.2222,0.1,92666,
9732,319744,9.9,1.0,83.33,10,0.1,0.7,0.1,92707,
9733,319744,11.1,1.0,66.67,4,0.25,1.0,0.1,92707,
9734,319744,-0.5,0.0,60.0,3,0.0,0.6667,0.1,92707,
9735,319808,4.9,1.0,56.52,26,0.0769,0.6538,0.1,92751,
9736,319808,8.6,1.0,75.0,15,0.0667,0.6,0.1,92751,
9737,319872,3.6,1.0,73.47,36,0.1667,0.5,0.1,92792,
9738,319872,-5.3,0.0,64.29,18,0.1111,0.5,0.1,92792,
9739,319872,8.6,1.0,84.21,16,0.125,0.6875,0.1,92792,
9740,319936,-1.9,0.0,50.0,4,0.25,0.5,0.1,92829,
9741,319936,-7.8,0.0,74.51,38,0.0263,0.4474,0.1,92829,
9742,319936,-2.2,0.0,66.67,6,0.0,0.5,0.1,92829,
9743,320064,-5.9,0.0,67.74,21,0.0476,0.381,0.1,92899,
9744,320064,8.1,1.0,66.67,16,0.25,0.5,0.1,92899,
9745,320128,-7.3,0.0,45.1,23,0.1304,0.5652,0.1,92938,
9746,320192,5.9,1.0,67.57,25,0.2,0.56,0.1,92978,
9747,320256,-2.7,0.0,66.67,12,0.0833,0.25,0.1,93015,
9748,320256,8.6,1.0,75.0,15,0.1333,0.5333,0.1,93015,
9749,320320,7.1,1.0,72.41,21,0.0952,0.381,0.1,93054,
9750,320320,-2.0,0.0,44.44,4,0.0,0.0,0.1,93054,
9751,320320,-7.2,0.0,62.5,25,0.2,0.4,0.1,93054,
9752,320384,-5.8,0.0,45.71,16,0.1875,0.5,0.1,93093,
9753,320384,-7.6,0.0,50.98,26,0.0385,0.6154,0.1,93093,
9754,320384,8.4,1.0,85.0,17,0.1765,0.5294,0.1,93093,
9755,320448,-4.0,0.0,59.26,16,0.125,0.5625,0.1,93137,
9756,320448,-1.8,0.0,61.54,8,0.125,0.375,0.1,93137,
9757,320448,-6.6,0.0,50.98,26,0.1154,0.3462,0.1,93137,
9758,320512,-2.6,0.0,90.0,9,0.0,0.4444,0.1,93171,
9759,320512,-6.8,0.0,54.9,28,0.1429,0.4286,0.1,93171,
9760,320512,-6.7,0.0,52.94,27,0.0741,0.5926,0.1,93171,
9761,320512,-6.0,0.0,55.88,19,0.0,0.6316,0.1,93171,
9762,320512,9.1,1.0,87.5,14,0.0,0.4286,0.1,93171,
9763,320576,8.2,1.0,56.0,14,0.1429,0.6429,0.1,93208,
9764,320576,4.9,1.0,63.64,28,0.1071,0.5714,0.1,93208,
9765,320640,8.7,1.0,78.95,15,0.0667,0.4667,0.1,93248,
9766,320640,-2.6,0.0,58.33,7,0.0,0.2857,0.1,93248,
9767,320640,9.4,1.0,68.75,11,0.0909,0.5455,0.1,93248,
9768,320768,-3.8,0.0,55.0,11,0.0909,0.4545,0.1,93320,
9769,320768,-3.6,0.0,61.11,11,0.0909,0.4545,0.1,93320,
9770,320768,-7.5,0.0,68.63,35,0.1143,0.4286,0.1,93320,
9771,320832,-8.0,0.0,78.43,40,0.125,0.425,0.1,93362,
9772,320896,-5.1,0.0,74.19,23,0.087,0.2174,0.1,93405,
9773,320960,11.1,1.0,66.67,4,0.25,0.5,0.1,93448,
9774,320960,-5.4,0.0,38.24,13,0.1538,0.3846,0.1,93448,
9775,321024,8.5,1.0,71.43,15,0.1333,0.6,0.1,93488,
9776,321024,8.1,1.0,90.48,19,0.1053,0.3684,0.1,93488,
9777,321024,11.0,1.0,83.33,5,0.0,0.8,0.1,93488,
9778,321024,-8.1,0.0,60.78,31,0.0645,0.3226,0.1,93488,
9779,321088,5.3,1.0,65.85,27,0.0741,0.7037,0.1,93522,
9780,321088,-1.8,0.0,37.5,3,0.0,0.3333,0.1,93522,
9781,321088,-5.4,0.0,51.61,16,0.125,0.3125,0.1,93522,
9782,321152,-1.3,0.0,50.0,2,0.0,0.5,0.1,93566,
9783,321152,-7.1,0.0,60.78,31,0.0968,0.4516,0.1,93566,
9784,321152,10.3,1.0,80.0,8,0.0,0.75,0.1,93566,
9785,321216,5.7,1.0,60.0,24,0.1667,0.625,0.1,93611,
9786,321216,-1.7,0.0,42.86,3,0.3333,0.0,0.1,93611,
9787,321280,-7.7,0.0,52.94,27,0.1111,0.5926,0.1,93653,
9788,321344,4.5,1.0,76.74,33,0.0909,0.4848,0.1,93697,
9789,321344,9.1,1.0,87.5,14,0.1429,0.5714,0.1,93697,
9790,321344,-3.4,0.0,58.82,10,0.2,0.6,0.1,93697,
9791,321408,8.5,1.0,89.47,17,0.2941,0.3529,0.1,93741,
9792,321408,8.2,1.0,85.71,18,0.0,0.5,0.1,93741,
9793,321472,9.4,1.0,80.0,12,0.1667,0.4167,0.1,93788,
9794,321472,-6.6,0.0,50.98,26,0.1154,0.6538,0.1,93788,
9795,321472,-7.3,0.0,45.1,23,0.1304,0.4783,0.1,93788,
9796,321472,-7.6,0.0,70.59,36,0.1667,0.4722,0.1,93788,
9797,321536,-7.6,0.0,70.59,36,0.0,0.4722,0.1,93827,
9798,321536,-1.6,0.0,50.0,3,0.0,0.0,0.1,93827,
9799,321600,4.0,1.0,65.31,32,0.1562,0.6562,0.1,93865,
9800,321600,7.3,1.0,84.62,22,0.1818,0.4545,0.1,93865,
9801,321664,-5.2,0.0,55.17,16,0.125,0.4375,0.1,93905,
9802,321664,-2.3,0.0,60.0,6,0.1667,0.5,0.1,93905,
9803,321664,6.9,1.0,73.33,22,0.1364,0.5,0.1,93905,
9804,321728,10.1,1.0,81.82,9,0.1111,0.4444,0.1,93945,
9805,321792,4.9,1.0,71.43,30,0.0667,0.4333,0.1,93995,
9806,321792,4.7,1.0,64.44,29,0.2414,0.4483,0.1,93995,
9807,321792,-2.6,0.0,46.15,6,0.0,0.5,0.1,93995,
9808,321856,-6.6,0.0,50.98,26,0.1154,0.4231,0.1,94036,
9809,321856,9.0,1.0,82.35,14,0.0714,0.7143,0.1,94036,
9810,321920,-7.5,0.0,49.02,25,0.04,0.44,0.1,94080,
9811,321920,-7.9,0.0,76.47,39,0.0,0.4872,0.1,94080,
9812,321984,5.9,1.0,63.16,24,0.1667,0.4167,0.1,94121,
9813,321984,-6.5,0.0,75.76,25,0.16,0.36,0.1,94121,
9814,321984,-6.6,0.0,31.37,16,0.0,0.4375,0.1,94121,
9815,322048,-2.1,0.0,84.62,11,0.0909,0.3636,0.1,94155,
9816,322112,7.0,1.0,82.14,23,0.087,0.4348,0.1,94190,
9817,322112,-3.4,0.0,42.31,11,0.1818,0.3636,0.1,94190,
9818,322112,7.7,1.0,69.23,18,0.0556,0.5556,0.1,94190,
9819,322112,-7.7,0.0,52.94,27,0.1111,0.4074,0.1,94190,
9820,322176,4.0,1.0,65.31,32,0.0312,0.5,0.1,94230,
9821,322176,9.0,1.0,82.35,14,0.2143,0.5,0.1,94230,
9822,322240,-2.6,0.0,72.73,8,0.125,0.375,0.1,94270,
9823,322240,9.5,1.0,62.5,10,0.2,0.8,0.1,94270,
9824,322240,8.9,1.0,60.0,12,0.3333,0.5,0.1,94270,
9825,322368,8.2,1.0,62.5,15,0.2,0.5333,0.1,94346,
9826,322432,-2.6,0.0,70.59,12,0.1667,0.3333,0.1,94385,
9827,322496,-5.0,0.0,60.61,20,0.25,0.5,0.1,94429,
9828,322496,-4.3,0.0,63.64,14,0.0714,0.3571,0.1,94429,
9829,322496,-3.3,0.0,63.64,14,0.1429,0.3571,0.1,94429,
9830,322496,-4.8,0.0,64.52,20,0.1,0.65,0.1,94429,
9831,322560,4.8,1.0,69.77,30,0.1333,0.3333,0.1,94466,
9832,322560,11.1,1.0,42.86,3,0.0,1.0,0.1,94466,
9833,322624,-1.2,0.0,66.67,6,0.1667,0.3333,0.1,94506,
9834,322624,6.5,1.0,69.7,23,0.1739,0.6957,0.1,94506,
9835,322688,7.8,1.0,79.17,19,0.1053,0.5263,0.1,94553,
9836,322688,7.8,1.0,79.17,19,0.0526,0.4737,0.1,94553,
9837,322688,-6.9,0.0,56.86,29,0.0345,0.5517,0.1,94553,
9838,322752,8.8,1.0,83.33,15,0.1333,0.5333,0.1,94592,
9839,322752,-7.0,0.0,70.27,26,0.0769,0.3846,0.1,94592,
9840,322752,-6.6,0.0,50.98,26,0.1538,0.5,0.1,94592,
9841,322816,-4.1,0.0,61.9,13,0.0,0.3846,0.1,94637,
9842,322816,6.4,1.0,58.33,21,0.0952,0.4762,0.1,94637,
9843,322880,10.1,1.0,81.82,9,0.1111,0.5556,0.1,94672,
9844,322880,-2.7,0.0,66.67,8,0.0,0.25,0.1,94672,
9845,322880,9.4,1.0,80.0,12,0.1667,0.5833,0.1,94672,
9846,322944,7.6,1.0,73.08,19,0.1579,0.4737,0.1,94713,
9847,322944,8.5,1.0,80.0,16,0.0625,0.4375,0.1,94713,
9848,323008,-7.1,0.0,60.78,31,0.0645,0.5484,0.1,94751,
9849,323008,-2.1,0.0,55.56,5,0.2,0.0,0.1,94751,
9850,323136,-3.5,0.0,58.33,14,0.1429,0.3571,0.1,94826,
9851,323136,-2.1,0.0,75.0,6,0.3333,0.3333,0.1,94826,
9852,323200,-8.9,0.0,76.47,39,0.0256,0.359,0.1,94867,
9853,323200,-7.5,0.0,49.02,25,0.0,0.48,0.1,94867,
9854,323328,-7.5,0.0,41.67,20,0.15,0.45,0.1,94947,
9855,323328,-7.4,0.0,47.06,24,0.0833,0.5,0.1,94947,
9856,323392,-4.0,0.0,32.0,8,0.0,0.375,0.1,94986,
9857,323392,-1.9,0.0,50.0,4,0.0,0.5,0.1,94986,
9858,323392,-5.4,0.0,78.12,25,0.08,0.4,0.1,94986,
9859,323392,-7.0,0.0,58.82,30,0.0333,0.4667,0.1,94986,
9860,323456,-3.4,0.0,54.17,13,0.1538,0.3846,0.1,95020,
9861,323456,4.5,1.0,80.95,34,0.2059,0.5882,0.1,95020,
9862,323456,8.0,1.0,57.69,15,0.0667,0.6,0.1,95020,
9863,323520,-8.3,0.0,55.1,27,0.0741,0.4074,0.1,95060,
9864,323520,-4.4,0.0,68.18,15,0.0667,0.2667,0.1,95060,
9865,323584,-2.6,0.0,46.15,6,0.1667,0.3333,0.1,95104,
9866,323584,-7.3,0.0,64.71,33,0.0909,0.3333,0.1,95104,
9867,323584,-2.9,0.0,83.33,10,0.1,0.4,0.1,95104,
9868,323648,3.6,1.0,70.0,35,0.0571,0.5429,0.1,95147,
9869,323648,-1.5,0.0,60.0,3,0.0,0.0,0.1,95147,
9870,323648,-1.3,0.0,50.0,2,0.0,0.5,0.1,95147,
9871,323712,6.8,1.0,55.88,19,0.1579,0.4737,0.1,95187,
9872,323712,6.9,1.0,67.74,21,0.0952,0.4762,0.1,95187,
9873,323712,-4.1,0.0,25.93,7,0.0,0.4286,0.1,95187,
9874,323776,-2.6,0.0,46.15,6,0.0,0.5,0.1,95233,
9875,323776,11.0,1.0,83.33,5,0.2,0.8,0.1,95233,
9876,323840,-2.3,0.0,60.0,6,0.1667,0.5,0.1,95271,
9877,323904,7.7,1.0,69.23,18,0.1667,0.6111,0.1,95310,
9878,323904,-7.1,0.0,60.78,31,0.1613,0.3548,0.1,95310,
9879,323904,-8.0,0.0,58.82,30,0.1,0.5,0.1,95310,
9880,323968,-6.5,0.0,45.0,18,0.1111,0.3333,0.1,95346,
9881,324032,9.8,1.0,64.29,9,0.2222,0.4444,0.1,95392,
9882,324032,-1.2,0.0,25.0,1,0.0,0.0,0.1,95392,
9883,324096,-7.1,0.0,68.42,26,0.1538,0.3462,0.1,95434,
9884,324160,-5.1,0.0,91.3,21,0.1905,0.2857,0.1,95472,
9885,324288,6.3,1.0,75.76,25,0.08,0.56,0.1,95558,
9886,324288,-8.0,0.0,58.82,30,0.1,0.4333,0.1,95558,
9887,324288,9.9,1.0,69.23,9,0.0,0.4444,0.1,95558,
9888,324288,-8.7,0.0,72.55,37,0.1081,0.4054,0.1,95558,
9889,324288,7.4,1.0,67.86,19,0.3158,0.6842,0.1,95558,
9890,324352,-4.6,0.0,69.57,16,0.125,0.3125,0.1,95597,
9891,324416,-4.8,0.0,70.83,17,0.2353,0.4706,0.1,95638,
9892,324480,7.4,1.0,67.86,19,0.0,0.6842,0.1,95676,
9893,324480,5.2,1.0,64.29,27,0.1111,0.4815,0.1,95676,
9894,324480,-2.3,0.0,60.0,6,0.1667,0.3333,0.1,95676,
9895,324544,9.7,1.0,50.0,8,0.0,0.625,0.1,95712,
9896,324608,9.5,1.0,85.71,12,0.1667,0.5833,0.1,95746,
9897,324608,-1.2,0.0,66.67,6,0.0,0.3333,0.1,95746,
9898,324608,9.2,1.0,81.25,13,0.1538,0.6154,0.1,95746,
9899,324608,-2.6,0.0,26.67,4,0.0,0.25,0.1,95746,
9900,324608,-6.2,0.0,71.88,23,0.087,0.3043,0.1,95746,
9901,324608,-6.2,0.0,43.14,22,0.0455,0.5,0.1,95746,
9902,324672,-7.0,0.0,58.82,30,0.1333,0.4,0.1,95779,
9903,324672,6.6,1.0,61.76,21,0.0952,0.7143,0.1,95779,
9904,324736,-7.8,0.0,54.9,28,0.1071,0.5357,0.1,95819,
9905,324736,-7.6,0.0,70.59,36,0.1111,0.4444,0.1,95819,
9906,324736,-7.7,0.0,52.94,27,0.037,0.3704,0.1,95819,
9907,324736,5.8,1.0,70.27,26,0.1154,0.4231,0.1,95819,
9908,324736,-1.7,0.0,81.82,9,0.1111,0.5556,0.1,95819,
9909,324800,-4.8,0.0,41.38,12,0.0,0.25,0.1,95859,
9910,324928,-7.9,0.0,76.47,39,0.1282,0.4359,0.1,95952,
9911,324928,-2.3,0.0,60.0,6,0.0,0.3333,0.1,95952,
9912,324928,-1.4,0.0,16.67,1,0.0,0.0,0.1,95952,
9913,324928,-4.4,0.0,56.67,17,0.0,0.4118,0.1,95952,
9914,325056,7.4,1.0,88.0,22,0.2273,0.4545,0.1,96031,
9915,325056,6.2,1.0,63.89,23,0.087,0.7391,0.1,96031,
9916,325120,-6.7,0.0,52.94,27,0.037,0.4444,0.1,96079,
9917,325120,4.4,1.0,71.11,32,0.125,0.5,0.1,96079,
9918,325120,-7.3,0.0,64.71,33,0.1515,0.5152,0.1,96079,
9919,325120,-4.0,0.0,57.14,12,0.1667,0.5,0.1,96079,
9920,325184,4.6,1.0,50.0,25,0.08,0.56,0.1,96125,
9921,325184,4.8,1.0,73.81,31,0.0968,0.3871,0.1,96125,
9922,325248,6.6,1.0,71.88,23,0.1739,0.5217,0.1,96165,
9923,325248,4.9,1.0,75.61,31,0.0645,0.4839,0.1,96165,
9924,325248,9.5,1.0,73.33,11,0.0,0.5455,0.1,96165,
9925,325248,-6.9,0.0,56.86,29,0.1034,0.4138,0.1,96165,
9926,325312,-1.6,0.0,72.73,8,0.125,0.375,0.1,96200,
9927,325376,-8.7,0.0,77.78,35,0.0286,0.2857,0.1,96243,
9928,325376,10.2,1.0,90.0,9,0.0,0.6667,0.1,96243,
9929,325376,-7.1,0.0,60.78,31,0.1613,0.4839,0.1,96243,
9930,325440,10.1,1.0,53.85,7,0.4286,0.7143,0.1,96279,
9931,325504,9.4,1.0,68.75,11,0.0,0.6364,0.1,96323,
9932,325504,-1.4,0.0,16.67,1,0.0,0.0,0.1,96323,
9933,325504,-3.7,0.0,57.89,11,0.0909,0.2727,0.1,96323,
9934,325504,9.6,1.0,56.25,9,0.3333,0.4444,0.1,96323,
9935,325504,-8.0,0.0,58.82,30,0.0667,0.3333,0.1,96323,
9936,325632,6.7,1.0,63.64,21,0.1429,0.619,0.1,96400,
9937,325632,7.9,1.0,55.56,15,0.2,0.5333,0.1,96400,
9938,325696,6.5,1.0,75.0,24,0.2083,0.4583,0.1,96442,
9939,325760,8.3,1.0,52.0,13,0.2308,0.7692,0.1,96483,
9940,325760,-3.4,0.0,50.0,9,0.2222,0.1111,0.1,96483,
9941,325760,7.1,1.0,72.41,21,0.0476,0.5238,0.1,96483,
9942,325824,-7.6,0.0,70.59,36,0.0833,0.5278,0.1,96531,
9943,325888,-3.4,0.0,80.0,12,0.1667,0.5,0.1,96570,
9944,325888,6.0,1.0,69.44,25,0.08,0.64,0.1,96570,
9945,325888,8.7,1.0,88.89,16,0.0625,0.375,0.1,96570,
9946,325952,-7.0,0.0,58.82,30,0.1,0.3667,0.1,96608,
9947,325952,10.0,1.0,90.91,10,0.1,0.6,0.1,96608,
9948,325952,-1.3,0.0,20.0,1,0.0,0.0,0.1,96608,
9949,325952,7.6,1.0,87.5,21,0.0952,0.381,0.1,96608,
9950,325952,-1.8,0.0,57.14,4,0.0,0.0,0.1,96608,
9951,326016,-6.4,0.0,47.06,24,0.0833,0.5833,0.1,96640,
9952,326016,5.9,1.0,67.57,25,0.08,0.4,0.1,96640,
9953,326016,4.2,1.0,68.09,32,0.125,0.625,0.1,96640,
9954,326016,-3.3,0.0,52.94,9,0.0,0.6667,0.1,96640,
9955,326016,7.0,1.0,88.89,24,0.0833,0.375,0.1,96640,
9956,326016,-4.2,0.0,59.09,13,0.0,0.4615,0.1,96640,
9957,326080,-7.8,0.0,54.9,28,0.1429,0.4643,0.1,96682,
9958,326080,10.5,1.0,77.78,7,0.4286,0.8571,0.1,96682,
9959,326080,7.0,1.0,64.52,20,0.25,0.6,0.1,96682,
9960,326208,-3.8,0.0,55.0,11,0.0909,0.4545,0.1,96762,
9961,326208,10.5,1.0,77.78,7,0.0,0.7143,0.1,96762,
9962,326272,-2.9,0.0,69.23,9,0.1111,0.4444,0.1,96798,
9963,326272,7.8,1.0,72.0,18,0.0556,0.5,0.1,96798,
9964,326272,-2.6,0.0,81.25,13,0.0769,0.4615,0.1,96798,
9965,326272,-2.0,0.0,62.5,5,0.0,0.4,0.1,96798,
9966,326400,7.0,1.0,59.38,19,0.0,0.6316,0.1,96877,
9967,326400,-1.7,0.0,66.67,4,0.0,0.25,0.1,96877,
9968,326400,-6.2,0.0,43.14,22,0.0455,0.6364,0.1,96877,
9969,326464,5.0,1.0,65.12,28,0.0714,0.6786,0.1,96910,
9970,326592,-1.1,0.0,75.0,6,0.0,0.6667,0.1,96989,
9971,326592,7.9,1.0,75.0,18,0.0556,0.3889,0.1,96989,
9972,326592,-7.5,0.0,49.02,25,0.04,0.4,0.1,96989,
9973,326592,-0.8,0.0,22.22,2,0.0,0.5,0.1,96989,
9974,326656,-7.6,0.0,50.98,26,0.0769,0.4615,0.1,97022,
9975,326656,-8.0,0.0,58.82,30,0.1333,0.4667,0.1,97022,
9976,326656,7.5,1.0,53.33,16,0.0625,0.5,0.1,97022,
9977,326720,-7.3,0.0,45.1,23,0.087,0.4783,0.1,97061,
9978,326720,-2.1,0.0,40.0,4,0.0,0.75,0.1,97061,
9979,326720,9.8,1.0,91.67,11,0.2727,0.5455,0.1,97061,
9980,326784,11.1,1.0,66.67,4,0.0,1.0,0.1,97092,
9981,326784,7.7,1.0,69.23,18,0.0556,0.6667,0.1,97092,
9982,326784,-8.1,0.0,48.0,24,0.0833,0.5417,0.1,97092,
9983,326784,7.6,1.0,66.67,18,0.1111,0.5556,0.1,97092,
9984,326784,10.7,1.0,55.56,5,0.2,0.6,0.1,97092,
9985,326784,-3.2,0.0,56.25,9,0.0,0.7778,0.1,97092,
9986,326848,-2.2,0.0,50.0,5,0.0,0.4,0.1,97132,
9987,326848,-6.4,0.0,67.5,27,0.1481,0.4815,0.1,97132,
9988,326848,6.6,1.0,57.14,20,0.15,0.55,0.1,97132,
9989,326912,5.9,1.0,77.14,27,0.1481,0.4815,0.1,97170,
9990,326976,-7.3,0.0,45.1,23,0.1304,0.3043,0.1,97213,
9991,326976,-2.1,0.0,55.56,5,0.0,0.6,0.1,97213,
9992,326976,9.4,1.0,80.0,12,0.0833,0.4167,0.1,97213,
9993,327104,7.9,1.0,68.0,17,0.1176,0.4706,0.1,97292,
9994,327104,-3.6,0.0,61.11,11,0.0,0.3636,0.1,97292,
9995,327168,-1.3,0.0,50.0,2,0.0,0.5,0.1,97326,
9996,327168,-0.4,0.0,40.0,2,0.0,0.5,0.1,97326,
9997,327168,-7.3,0.0,64.71,33,0.0909,0.4545,0.1,97326,
9998,327232,-7.1,0.0,60.78,31,0.0645,0.4839,0.1,97366,
9999,327232,-3.9,0.0,60.0,12,0.0833,0.4167,0.1,97366,
10000,327296,-2.5,0.0,38.46,5,0.0,0.8,0.1,97402,
10001,327296,9.0,1.0,47.62,10,0.3,0.4,0.1,97402,
10002,327296,-1.7,0.0,25.0,2,0.5,0.5,0.1,97402,
10003,327360,-2.8,0.0,75.0,9,0.1111,0.3333,0.1,97440,
10004,327360,-2.1,0.0,55.56,5,0.2,0.2,0.1,97440,
10005,327424,-6.6,0.0,68.29,28,0.0714,0.4286,0.1,97471,
10006,327488,7.0,1.0,54.55,18,0.2222,0.5556,0.1,97503,
10007,327488,7.2,1.0,75.0,21,0.1429,0.4762,0.1,97503,
10008,327552,-1.1,0.0,55.56,5,0.4,0.6,0.1,97537,
10009,327616,-5.2,0.0,66.67,18,0.0556,0.4444,0.1,97572,
10010,327680,10.7,1.0,75.0,6,0.0,0.5,0.1,97614,
10011,327680,-4.1,0.0,54.55,12,0.1667,0.1667,0.1,97614,
10012,327680,-5.3,0.0,55.56,20,0.05,0.35,0.1,97614,
10013,327680,-5.1,0.0,29.41,10,0.0,0.2,0.1,97614,
10014,327744,-1.8,0.0,57.14,4,0.0,0.25,0.1,97654,
10015,327744,9.8,1.0,64.29,9,0.1111,0.6667,0.1,97654,
10016,327744,9.3,1.0,75.0,12,0.0,0.25,0.1,97654,
10017,327744,-6.6,0.0,50.98,26,0.1538,0.4615,0.1,97654,
10018,327808,8.1,1.0,42.86,12,0.1667,0.5833,0.1,97693,
10019,327808,8.7,1.0,88.89,16,0.25,0.5,0.1,97693,
10020,327872,-7.9,0.0,56.86,29,0.1379,0.3793,0.1,97738,
10021,327872,-5.0,0.0,53.57,15,0.2,0.4,0.1,97738,
10022,327936,11.4,1.0,75.0,3,0.3333,0.6667,0.1,97783,
10023,327936,8.9,1.0,68.42,13,0.0,0.4615,0.1,97783,
10024,327936,5.0,1.0,65.12,28,0.0714,0.4286,0.1,97783,
10025,328000,-7.8,0.0,74.51,38,0.0789,0.5,0.1,97823,
10026,328000,5.7,1.0,52.38,22,0.0,0.6364,0.1,97823,
10027,328000,-8.4,0.0,66.67,34,0.0294,0.4118,0.1,97823,
10028,328000,-5.3,0.0,48.39,15,0.0,0.2,0.1,97823,
10029,328000,8.8,1.0,73.68,14,0.0714,0.6429,0.1,97823,
10030,328064,8.7,1.0,70.0,14,0.2857,0.4286,0.1,97861,
10031,328064,-2.8,0.0,50.0,7,0.1429,0.1429,0.1,97861,
10032,328128,3.9,1.0,74.47,35,0.0571,0.5714,0.1,97902,
10033,328128,6.5,1.0,60.0,21,0.1905,0.7143,0.1,97902,
10034,328128,-3.8,0.0,72.22,13,0.0,0.3077,0.1,97902,
10035,328192,11.6,1.0,66.67,2,0.0,1.0,0.1,97943,
10036,328192,-7.3,0.0,64.71,33,0.0909,0.5455,0.1,97943,
10037,328256,6.4,1.0,50.0,19,0.0,0.5263,0.1,97986,
10038,328256,-1.5,0.0,33.33,2,0.0,0.5,0.1,97986,
10039,328256,3.9,1.0,74.47,35,0.0,0.4,0.1,97986,
10040,328256,-4.1,0.0,41.94,13,0.0769,0.3846,0.1,97986,
10041,328320,-2.8,0.0,61.54,8,0.0,0.75,0.1,98024,
10042,328320,9.0,1.0,63.16,12,0.25,0.5833,0.1,98024,
10043,328384,-2.6,0.0,72.73,8,0.25,0.25,0.1,98062,
10044,328384,-7.4,0.0,47.06,24,0.0833,0.375,0.1,98062,
10045,328384,5.1,1.0,70.73,29,0.1034,0.5172,0.1,98062,
10046,328448,-8.5,0.0,68.63,35,0.1143,0.4857,0.1,98100,
10047,328512,9.3,1.0,64.71,11,0.0909,0.4545,0.1,98147,
10048,328512,-7.7,0.0,52.94,27,0.037,0.5556,0.1,98147,
10049,328640,-5.5,0.0,54.84,17,0.0588,0.4706,0.1,98221,
10050,328640,-6.9,0.0,56.86,29,0.069,0.5517,0.1,98221,
10051,328640,-4.0,0.0,50.0,11,0.0909,0.3636,0.1,98221,
10052,328640,-2.1,0.0,55.56,5,0.0,0.6,0.1,98221,
10053,328704,7.0,1.0,59.38,19,0.2632,0.3684,0.1,98260,
10054,328704,-1.0,0.0,85.71,6,0.1667,0.3333,0.1,98260,
10055,328768,-7.5,0.0,49.02,25,0.08,0.36,0.1,98300,
10056,328768,-3.6,0.0,52.63,10,0.1,0.4,0.1,98300,
10057,328832,-4.6,0.0,62.5,15,0.0667,0.6,0.1,98345,
10058,328832,-3.1,0.0,84.62,11,0.2727,0.2727,0.1,98345,
10059,328896,-5.3,0.0,35.29,12,0.1667,0.25,0.1,98386,
10060,328960,-2.1,0.0,55.56,5,0.2,0.2,0.1,98429,
10061,328960,8.0,1.0,64.0,16,0.0625,0.5,0.1,98429,
10062,328960,9.2,1.0,52.63,10,0.2,0.6,0.1,98429,
10063,328960,-1.2,0.0,25.0,1,0.0,0.0,0.1,98429,
10064,329024,6.2,1.0,68.57,24,0.25,0.5833,0.1,98465,
10065,329024,9.1,1.0,76.47,13,0.0769,0.5385,0.1,98465,
10066,329088,-1.9,0.0,71.43,5,0.2,0.4,0.1,98510,
10067,329088,8.4,1.0,76.19,16,0.3125,0.4375,0.1,98510,
10068,329088,-1.7,0.0,42.86,3,0.3333,0.0,0.1,98510,
10069,329152,-7.5,0.0,68.63,35,0.0857,0.3143,0.1,98551,
10070,329216,-1.6,0.0,50.0,3,0.3333,0.3333,0.1,98594,
10071,329216,-5.9,0.0,37.25,19,0.1053,0.5263,0.1,98594,
10072,329216,11.4,1.0,75.0,3,0.0,0.6667,0.1,98594,
10073,329280,8.8,1.0,83.33,15,0.0,0.6667,0.1,98640,
10074,329280,6.9,1.0,57.58,19,0.2632,0.4737,0.1,98640,
10075,329280,-8.0,0.0,78.43,40,0.1,0.475,0.1,98640,
10076,329280,-6.6,0.0,51.28,20,0.0,0.35,0.1,98640,
10077,329344,-2.1,0.0,27.27,3,0.0,0.3333,0.1,98675,
10078,329408,-4.2,0.0,73.08,19,0.2105,0.4211,0.1,98724,
10079,329408,8.7,1.0,88.89,16,0.0625,0.625,0.1,98724,
10080,329472,5.2,1.0,68.29,28,0.0714,0.4286,0.1,98765,
10081,329472,-0.8,0.0,83.33,5,0.0,0.2,0.1,98765,
10082,329536,-6.9,0.0,56.86,29,0.0345,0.5517,0.1,98807,
10083,329536,7.0,1.0,70.0,21,0.0,0.3333,0.1,98807,
10084,329536,8.1,1.0,73.91,17,0.1176,0.5294,0.1,98807,
10085,329536,-6.8,0.0,54.9,28,0.1071,0.3929,0.1,98807,
10086,329600,-3.9,0.0,68.42,13,0.2308,0.3846,0.1,98844,
10087,329664,-7.2,0.0,43.14,22,0.0,0.5,0.1,98883,
10088,329664,-4.0,0.0,73.68,14,0.1429,0.5,0.1,98883,
10089,329664,4.1,1.0,66.67,32,0.0625,0.5312,0.1,98883,
10090,329664,8.3,1.0,58.33,14,0.2857,0.5714,0.1,98883,
10091,329664,-3.4,0.0,76.19,16,0.125,0.375,0.1,98883,
10092,329728,-5.0,0.0,38.71,12,0.0833,0.4167,0.1,98926,
10093,329792,-2.9,0.0,57.14,8,0.0,0.375,0.1,98970,
10094,329792,8.3,1.0,72.73,16,0.125,0.625,0.1,98970,
10095,329792,5.6,1.0,66.67,26,0.1154,0.5769,0.1,98970,
10096,329792,-8.6,0.0,78.0,39,0.0769,0.359,0.1,98970,
10097,329856,-2.4,0.0,41.67,5,0.0,0.2,0.1,99005,
10098,329856,6.3,1.0,70.59,24,0.1667,0.7083,0.1,99005,
10099,329856,-7.2,0.0,62.75,32,0.0625,0.5625,0.1,99005,
10100,329856,4.4,1.0,71.11,32,0.0938,0.4688,0.1,99005,
10101,329920,-4.9,0.0,40.0,12,0.1667,0.25,0.1,99047,
10102,329920,10.1,1.0,81.82,9,0.2222,0.5556,0.1,99047,
10103,330048,9.2,1.0,81.25,13,0.1538,0.6154,0.1,99138,
10104,330048,6.7,1.0,68.75,22,0.0909,0.5,0.1,99138,
10105,330176,7.7,1.0,69.23,18,0.1111,0.5556,0.1,99226,
10106,330240,5.5,1.0,73.68,28,0.1429,0.5714,0.1,99261,
10107,330240,-2.6,0.0,58.33,7,0.0,0.5714,0.1,99261,
10108,330304,10.2,1.0,72.73,8,0.25,0.625,0.1,99304,
10109,330368,7.1,1.0,72.41,21,0.0952,0.5238,0.1,99347,
10110,330368,8.9,1.0,88.24,15,0.0,0.6667,0.1,99347,
10111,330368,-7.2,0.0,62.75,32,0.0625,0.5,0.1,99347,
10112,330368,9.1,1.0,66.67,12,0.1667,0.6667,0.1,99347,
10113,330368,4.2,1.0,68.09,32,0.0625,0.5,0.1,99347,
10114,330368,9.3,1.0,86.67,13,0.0769,0.5385,0.1,99347,
10115,330432,-2.1,0.0,55.56,5,0.2,0.4,0.1,99392,
10116,330432,-3.1,0.0,50.0,8,0.125,0.0,0.1,99392,
10117,330432,-1.1,0.0,55.56,5,0.2,0.4,0.1,99392,
10118,330432,8.3,1.0,65.22,15,0.0667,0.6667,0.1,99392,
10119,330496,-6.5,0.0,65.85,27,0.0741,0.4074,0.1,99434,
10120,330496,4.0,1.0,58.82,30,0.0667,0.4667,0.1,99434,
10121,330496,7.4,1.0,95.83,23,0.087,0.4348,0.1,99434,
10122,330624,3.8,1.0,69.39,34,0.2059,0.5294,0.1,99532,
10123,330624,-2.7,0.0,53.85,7,0.1429,0.5714,0.1,99532,
10124,330688,-1.6,0.0,80.0,4,0.25,0.0,0.1,99569,
10125,330688,5.4,1.0,55.81,24,0.0833,0.4583,0.1,99569,
10126,330688,10.4,1.0,70.0,7,0.2857,0.7143,0.1,99569,
10127,330688,9.7,1.0,50.0,8,0.0,0.5,0.1,99569,
10128,330752,7.4,1.0,80.77,21,0.1905,0.381,0.1,99613,
10129,330752,-3.4,0.0,60.87,14,0.2857,0.5,0.1,99613,
10130,330816,-3.7,0.0,66.67,12,0.0833,0.4167,0.1,99655,
10131,330880,-3.9,0.0,68.42,13,0.0769,0.3846,0.1,99697,
10132,330880,9.3,1.0,64.71,11,0.0909,0.5455,0.1,99697,
10133,330944,10.8,1.0,85.71,6,0.0,0.8333,0.1,99739,
10134,330944,-7.2,0.0,62.75,32,0.0938,0.4062,0.1,99739,
10135,330944,4.1,1.0,81.82,36,0.0833,0.5,0.1,99739,
10136,330944,4.3,1.0,69.57,32,0.1562,0.5,0.1,99739,
10137,331072,-7.0,0.0,58.82,30,0.1667,0.5,0.1,99831,
10138,331072,8.1,1.0,66.67,16,0.0,0.4375,0.1,99831,
10139,331136,-1.8,0.0,57.14,4,0.0,0.5,0.1,99872,
10140,331136,-7.4,0.0,45.65,21,0.0952,0.381,0.1,99872,
10141,331200,11.3,1.0,60.0,3,0.3333,0.6667,0.1,99917,
10142,331200,-8.5,0.0,68.63,35,0.0286,0.5143,0.1,99917,
10143,331200,-1.5,0.0,60.0,3,0.0,0.3333,0.1,99917,
10144,331264,10.6,1.0,66.67,6,0.1667,0.6667,0.1,99960,
10145,331264,7.3,1.0,60.0,18,0.0556,0.5,0.1,99960,
10146,331264,9.7,1.0,84.62,11,0.0,0.3636,0.1,99960,
10147,331328,7.4,1.0,88.0,22,0.0909,0.5455,0.1,100006,
10148,331392,5.1,1.0,70.73,29,0.1724,0.5172,0.1,100049,
10149,331392,-0.9,0.0,71.43,5,0.0,0.6,0.1,100049,
10150,331456,-7.4,0.0,66.67,34,0.1176,0.5294,0.1,100093,
10151,331456,-4.4,0.0,68.18,15,0.2,0.5333,0.1,100093,
10152,331520,-3.5,0.0,64.71,11,0.0,0.3636,0.1,100141,
10153,331520,9.2,1.0,70.59,12,0.0833,0.4167,0.1,100141,
10154,331520,-1.5,0.0,60.0,3,0.0,0.3333,0.1,100141,
10155,331520,7.6,1.0,73.08,19,0.1053,0.7895,0.1,100141,
10156,331520,-7.0,0.0,58.82,30,0.1,0.6,0.1,100141,
10157,331520,6.3,1.0,87.1,27,0.0,0.5185,0.1,100141,
10158,331520,-6.8,0.0,54.9,28,0.0,0.5714,0.1,100141,
10159,331520,8.8,1.0,83.33,15,0.0,0.5333,0.1,100141,
10160,331584,6.6,1.0,66.67,22,0.1364,0.6818,0.1,100181,
10161,331584,8.1,1.0,53.85,14,0.1429,0.3571,0.1,100181,
10162,331584,3.7,1.0,64.71,33,0.0606,0.5455,0.1,100181,
10163,331648,9.1,1.0,66.67,12,0.0,0.5833,0.1,100222,
10164,331648,6.2,1.0,78.79,26,0.1538,0.4615,0.1,100222,
10165,331648,6.1,1.0,53.85,21,0.1905,0.4762,0.1,100222,
10166,331648,-1.5,0.0,63.64,7,0.1429,0.4286,0.1,100222,
10167,331648,8.3,1.0,72.73,16,0.0625,0.5,0.1,100222,
10168,331712,10.5,1.0,60.0,6,0.0,0.6667,0.1,100263,
10169,331712,7.0,1.0,59.38,19,0.2105,0.5263,0.1,100263,
10170,331712,8.8,1.0,73.68,14,0.0714,0.5,0.1,100263,
10171,331712,9.5,1.0,73.33,11,0.2727,0.6364,0.1,100263,
10172,331776,5.6,1.0,66.67,26,0.0,0.5385,0.1,100299,
10173,331776,10.7,1.0,75.0,6,0.3333,0.6667,0.1,100299,
10174,331840,10.8,1.0,62.5,5,0.0,0.8,0.1,100337,
10175,331840,6.5,1.0,86.67,26,0.1154,0.4231,0.1,100337,
10176,331904,-8.9,0.0,76.47,39,0.1538,0.4103,0.1,100377,
10177,331968,-1.6,0.0,80.0,4,0.0,0.25,0.1,100423,
10178,331968,3.5,1.0,68.63,35,0.2,0.4857,0.1,100423,
10179,331968,10.0,1.0,75.0,9,0.0,0.3333,0.1,100423,
10180,332032,-7.1,0.0,60.78,31,0.0968,0.7097,0.1,100464,
10181,332096,7.8,1.0,65.38,17,0.2353,0.5294,0.1,100504,
10182,332096,-8.5,0.0,88.24,45,0.0667,0.4667,0.1,100504,
10183,332160,11.1,1.0,66.67,4,0.0,0.5,0.1,100539,
10184,332160,8.3,1.0,58.33,14,0.1429,0.5714,0.1,100539,
10185,332224,-3.6,0.0,70.59,12,0.0,0.4167,0.1,100587,
10186,332224,-7.4,0.0,66.67,34,0.1176,0.5,0.1,100587,
10187,332288,-2.5,0.0,50.0,6,0.0,0.3333,0.1,100629,
10188,332288,-7.2,0.0,62.75,32,0.0938,0.6562,0.1,100629,
10189,332288,-2.3,0.0,33.33,4,0.0,0.0,0.1,100629,
10190,332416,8.4,1.0,60.87,14,0.2857,0.6429,0.1,100707,
10191,332416,3.2,1.0,78.0,39,0.2051,0.4615,0.1,100707,
10192,332416,6.1,1.0,76.47,26,0.0769,0.3846,0.1,100707,
10193,332416,10.0,1.0,75.0,9,0.1111,0.5556,0.1,100707,
10194,332416,5.3,1.0,65.85,27,0.0741,0.5185,0.1,100707,
10195,332416,10.4,1.0,41.67,5,0.4,0.6,0.1,100707,
10196,332480,9.7,1.0,71.43,10,0.1,0.5,0.1,100746,
10197,332480,-3.0,0.0,64.29,9,0.1111,0.6667,0.1,100746,
10198,332544,-7.8,0.0,54.9,28,0.0357,0.4286,0.1,100788,
10199,332544,-5.9,0.0,79.31,23,0.087,0.3478,0.1,100788,
10200,332608,-3.4,0.0,80.0,12,0.1667,0.25,0.1,100823,
10201,332608,8.5,1.0,71.43,15,0.0667,0.5333,0.1,100823,
10202,332608,9.3,1.0,64.71,11,0.0,0.4545,0.1,100823,
10203,332736,-2.9,0.0,46.67,7,0.1429,0.4286,0.1,100907,
10204,332800,-6.9,0.0,56.86,29,0.0,0.4138,0.1,100948,
10205,332864,4.8,1.0,52.08,25,0.08,0.44,0.1,100996,
10206,332864,-6.1,0.0,68.75,22,0.0455,0.4091,0.1,100996,
10207,332928,-6.8,0.0,54.9,28,0.0,0.5357,0.1,101035,
10208,332928,-4.1,0.0,54.55,12,0.0833,0.4167,0.1,101035,
10209,332992,7.9,1.0,82.61,19,0.2632,0.4211,0.1,101079,
10210,333056,-2.8,0.0,75.0,9,0.0,0.4444,0.1,101118,
10211,333056,5.5,1.0,57.14,24,0.2083,0.3333,0.1,101118,
10212,333056,-3.6,0.0,61.11,11,0.2727,0.4545,0.1,101118,
10213,333056,10.8,1.0,85.71,6,0.0,0.6667,0.1,101118,
10214,333120,-3.6,0.0,61.11,11,0.1818,0.3636,0.1,101154,
10215,333120,-8.3,0.0,64.71,33,0.0606,0.5152,0.1,101154,
10216,333184,11.0,1.0,83.33,5,0.2,0.8,0.1,101199,
10217,333248,-1.5,0.0,38.46,5,0.0,0.0,0.1,101237,
10218,333312,-2.5,0.0,64.71,11,0.0909,0.2727,0.1,101274,
10219,333440,-7.5,0.0,49.02,25,0.08,0.52,0.1,101363,
10220,333440,-4.1,0.0,47.83,11,0.0,0.2727,0.1,101363,
10221,333504,6.2,1.0,84.38,27,0.1481,0.5185,0.1,101402,
10222,333504,-6.1,0.0,63.64,21,0.1429,0.4286,0.1,101402,
10223,333504,4.1,1.0,81.82,36,0.1111,0.3611,0.1,101402,
10224,333504,10.9,1.0,71.43,5,0.4,0.8,0.1,101402,
10225,333568,7.6,1.0,66.67,18,0.1111,0.3889,0.1,101446,
10226,333568,9.2,1.0,70.59,12,0.1667,0.4167,0.1,101446,
10227,333568,-0.5,0.0,33.33,2,0.0,0.5,0.1,101446,
10228,333568,-5.4,0.0,72.73,24,0.0833,0.25,0.1,101446,
10229,333568,-7.6,0.0,56.82,25,0.12,0.32,0.1,101446,
10230,333568,-2.8,0.0,40.0,6,0.5,0.6667,0.1,101446,
10231,333568,-4.2,0.0,55.17,16,0.125,0.5625,0.1,101446,
10232,333568,-7.4,0.0,66.67,34,0.1471,0.3824,0.1,101446,
10233,333632,-1.8,0.0,83.33,5,0.2,0.4,0.1,101482,
10234,333632,8.5,1.0,89.47,17,0.3529,0.4706,0.1,101482,
10235,333632,-6.5,0.0,49.02,25,0.0,0.52,0.1,101482,
10236,333632,-6.5,0.0,29.41,15,0.0667,0.3333,0.1,101482,
10237,333632,8.1,1.0,73.91,17,0.2353,0.5294,0.1,101482,
10238,333632,-6.9,0.0,56.86,29,0.069,0.6207,0.1,101482,
10239,333696,8.4,1.0,94.74,18,0.1667,0.6111,0.1,101524,
10240,333696,-4.9,0.0,55.56,15,0.0667,0.3333,0.1,101524,
10241,333696,-1.9,0.0,33.33,3,0.0,0.6667,0.1,101524,
10242,333760,6.3,1.0,81.25,26,0.1538,0.4615,0.1,101567,
10243,333888,8.7,1.0,47.83,11,0.0909,0.5455,0.1,101649,
10244,333888,10.1,1.0,66.67,8,0.125,0.625,0.1,101649,
10245,333888,-6.7,0.0,59.09,26,0.0769,0.3077,0.1,101649,
10246,333888,-8.4,0.0,66.67,34,0.0294,0.3824,0.1,101649,
10247,333952,3.5,1.0,82.98,39,0.1026,0.3846,0.1,101690,
10248,334016,-1.9,0.0,50.0,4,0.5,0.25,0.1,101731,
10249,334080,7.3,1.0,71.43,20,0.1,0.45,0.1,101771,
10250,334080,-7.6,0.0,50.0,23,0.0435,0.5652,0.1,101771,
10251,334080,3.8,1.0,88.64,39,0.1026,0.3077,0.1,101771,
10252,334144,10.3,1.0,80.0,8,0.25,0.875,0.1,101802,
10253,334208,5.5,1.0,57.14,24,0.0833,0.4583,0.1,101852,
10254,334208,4.6,1.0,70.45,31,0.1613,0.4839,0.1,101852,
10255,334208,5.4,1.0,59.52,25,0.08,0.52,0.1,101852,
10256,334336,10.1,1.0,81.82,9,0.0,0.8889,0.1,101931,
10257,334400,9.7,1.0,71.43,10,0.2,0.6,0.1,101970,
10258,334400,9.2,1.0,70.59,12,0.0,0.5833,0.1,101970,
10259,334464,2.7,1.0,84.31,43,0.0698,0.4884,0.1,102014,
10260,334464,-4.7,0.0,37.93,11,0.0,0.5455,0.1,102014,
10261,334528,-1.4,0.0,40.0,2,0.0,0.5,0.1,102057,
10262,334528,-5.9,0.0,48.57,17,0.1176,0.4706,0.1,102057,
10263,334528,-2.8,0.0,50.0,7,0.0,0.4286,0.1,102057,
10264,334592,-1.3,0.0,45.45,5,0.0,0.4,0.1,102102,
10265,334592,-3.5,0.0,55.56,10,0.0,0.2,0.1,102102,
10266,334656,6.7,1.0,63.64,21,0.0476,0.619,0.1,102144,
10267,334656,9.9,1.0,83.33,10,0.3,0.4,0.1,102144,
10268,334720,10.7,1.0,75.0,6,0.0,0.3333,0.1,102184,
10269,334720,-3.1,0.0,41.18,7,0.1429,0.4286,0.1,102184,
10270,334720,7.0,1.0,64.52,20,0.0,0.55,0.1,102184,
10271,334720,4.8,1.0,73.81,31,0.0323,0.2581,0.1,102184,
10272,334784,-8.0,0.0,58.82,30,0.0,0.3667,0.1,102227,
10273,334784,8.7,1.0,61.9,13,0.1538,0.6154,0.1,102227,
10274,334784,11.0,1.0,83.33,5,0.4,0.8,0.1,102227,
10275,334784,-3.6,0.0,52.63,10,0.1,0.5,0.1,102227,
10276,334848,-7.3,0.0,45.1,23,0.087,0.4783,0.1,102271,
10277,334848,-2.9,0.0,60.0,12,0.0,0.6667,0.1,102271,
10278,334848,9.3,1.0,86.67,13,0.2308,0.4615,0.1,102271,
10279,334912,-7.3,0.0,64.71,33,0.0303,0.5152,0.1,102310,
10280,334912,5.1,1.0,62.79,27,0.1111,0.5926,0.1,102310,
10281,334976,-8.9,0.0,96.08,49,0.102,0.3673,0.1,102355,
10282,334976,8.6,1.0,75.0,15,0.2,0.5333,0.1,102355,
10283,334976,-2.8,0.0,75.0,9,0.1111,0.2222,0.1,102355,
10284,334976,-7.8,0.0,54.9,28,0.1071,0.4643,0.1,102355,
10285,335040,-5.9,0.0,67.74,21,0.0,0.4286,0.1,102393,
10286,335040,-8.3,0.0,72.73,32,0.0625,0.25,0.1,102393,
10287,335104,-7.4,0.0,59.52,25,0.04,0.56,0.1,102441,
10288,335104,6.2,1.0,73.53,25,0.16,0.6,0.1,102441,
10289,335104,-4.8,0.0,70.83,17,0.1176,0.4118,0.1,102441,
10290,335104,-6.5,0.0,49.02,25,0.12,0.4,0.1,102441,
10291,335104,7.7,1.0,91.3,21,0.2857,0.4286,0.1,102441,
10292,335168,6.4,1.0,62.86,22,0.0909,0.5909,0.1,102478,
10293,335168,7.5,1.0,84.0,21,0.0952,0.4286,0.1,102478,
10294,335232,-5.0,0.0,65.38,17,0.1176,0.2941,0.1,102515,
10295,335232,-6.2,0.0,57.14,20,0.05,0.25,0.1,102515,
10296,335360,-1.8,0.0,83.33,5,0.0,0.2,0.1,102601,
10297,335360,-7.6,0.0,50.98,26,0.0,0.4231,0.1,102601,
10298,335360,7.3,1.0,77.78,21,0.1429,0.4286,0.1,102601,
10299,335360,-7.1,0.0,60.78,31,0.0645,0.5161,0.1,102601,
10300,335360,8.3,1.0,65.22,15,0.0667,0.4667,0.1,102601,
10301,335552,-2.2,0.0,87.5,7,0.0,0.2857,0.1,102718,
10302,335552,10.9,1.0,71.43,5,0.4,0.8,0.1,102718,
10303,335552,7.4,1.0,67.86,19,0.1053,0.4737,0.1,102718,
10304,335616,11.1,1.0,66.67,4,0.25,0.5,0.1,102757,
10305,335616,9.2,1.0,81.25,13,0.0,0.5385,0.1,102757,
10306,335616,10.3,1.0,50.0,6,0.3333,0.6667,0.1,102757,
10307,335680,-2.1,0.0,55.56,5,0.4,0.4,0.1,102804,
10308,335680,7.6,1.0,80.0,20,0.15,0.45,0.1,102804,
10309,335680,-6.3,0.0,69.7,23,0.0435,0.5652,0.1,102804,
10310,335680,-6.9,0.0,56.86,29,0.0345,0.5862,0.1,102804,
10311,335680,-6.8,0.0,54.9,28,0.1429,0.6429,0.1,102804,
10312,335744,11.6,1.0,66.67,2,0.5,1.0,0.1,102849,
10313,335744,9.4,1.0,92.86,13,0.1538,0.3846,0.1,102849,
10314,335744,7.2,1.0,88.46,23,0.1304,0.4783,0.1,102849,
10315,335744,4.5,1.0,68.89,31,0.0645,0.4839,0.1,102849,
10316,335808,-7.1,0.0,60.78,31,0.0645,0.6452,0.1,102889,
10317,335808,6.8,1.0,82.76,24,0.0833,0.5833,0.1,102889,
10318,335872,-6.3,0.0,55.56,20,0.1,0.5,0.1,102930,
10319,335936,-3.2,0.0,84.21,16,0.1875,0.4375,0.1,102972,
10320,336000,5.6,1.0,66.67,26,0.1154,0.5769,0.1,103011,
10321,336000,7.9,1.0,68.0,17,0.0,0.5294,0.1,103011,
10322,336128,-6.5,0.0,49.02,25,0.04,0.36,0.1,103091,
10323,336256,3.6,1.0,70.0,35,0.0857,0.4857,0.1,103176,
10324,336256,-2.6,0.0,35.71,5,0.2,0.6,0.1,103176,
10325,336256,-3.9,0.0,60.0,12,0.1667,0.3333,0.1,103176,
10326,336320,-7.1,0.0,60.78,31,0.0323,0.4839,0.1,103214,
10327,336320,-2.7,0.0,33.33,5,0.2,0.6,0.1,103214,
10328,336320,6.8,1.0,82.76,24,0.125,0.4167,0.1,103214,
10329,336320,10.1,1.0,66.67,8,0.375,0.625,0.1,103214,
10330,336320,8.1,1.0,60.0,15,0.2,0.6667,0.1,103214,
10331,336384,-4.6,0.0,63.33,19,0.1579,0.4211,0.1,103259,
10332,336448,9.8,1.0,76.92,10,0.3,0.6,0.1,103305,
10333,336448,7.3,1.0,77.78,21,0.1429,0.5714,0.1,103305,
10334,336448,6.1,1.0,62.16,23,0.0,0.5652,0.1,103305,
10335,336512,9.2,1.0,61.11,11,0.0909,0.8182,0.1,103341,
10336,336512,7.3,1.0,60.0,18,0.0,0.7222,0.1,103341,
10337,336576,-3.1,0.0,71.43,10,0.2,0.5,0.1,103387,
10338,336576,-2.2,0.0,50.0,5,0.0,0.6,0.1,103387,
10339,336640,-8.1,0.0,54.17,26,0.1923,0.4615,0.1,103428,
10340,336704,6.7,1.0,80.0,24,0.2083,0.5,0.1,103466,
10341,336704,-2.0,0.0,85.71,6,0.3333,0.3333,0.1,103466,
10342,336704,9.3,1.0,75.0,12,0.1667,0.3333,0.1,103466,
10343,336704,-3.3,0.0,44.44,8,0.0,0.125,0.1,103466,
10344,336704,-4.5,0.0,54.84,17,0.1765,0.5294,0.1,103466,
10345,336768,9.2,1.0,70.59,12,0.1667,0.5,0.1,103500,
10346,336896,-7.1,0.0,60.78,31,0.0323,0.5484,0.1,103573,
10347,336896,10.4,1.0,70.0,7,0.2857,0.7143,0.1,103573,
10348,336896,-1.9,0.0,71.43,5,0.4,0.6,0.1,103573,
10349,336960,-8.9,0.0,76.47,39,0.0513,0.5385,0.1,103613,
10350,336960,-7.5,0.0,68.63,35,0.0857,0.4286,0.1,103613,
10351,336960,-2.1,0.0,55.56,5,0.0,0.2,0.1,103613,
10352,336960,6.2,1.0,73.53,25,0.08,0.6,0.1,103613,
10353,337024,8.4,1.0,68.18,15,0.0667,0.5333,0.1,103654,
10354,337024,10.5,1.0,45.45,5,0.2,1.0,0.1,103654,
10355,337152,-5.0,0.0,51.43,18,0.1111,0.3889,0.1,103739,
10356,337216,-2.1,0.0,55.56,5,0.2,0.4,0.1,103780,
10357,337216,-1.4,0.0,54.55,6,0.3333,0.3333,0.1,103780,
10358,337280,9.3,1.0,86.67,13,0.2308,0.4615,0.1,103811,
10359,337280,-7.8,0.0,54.9,28,0.0714,0.4643,0.1,103811,
10360,337344,-5.5,0.0,54.84,17,0.1765,0.5882,0.1,103857,
10361,337344,-2.5,0.0,75.0,12,0.1667,0.3333,0.1,103857,
10362,337408,-8.2,0.0,62.75,32,0.1562,0.5625,0.1,103903,
10363,337408,10.9,1.0,71.43,5,0.0,1.0,0.1,103903,
10364,337536,-3.9,0.0,68.42,13,0.0,0.5385,0.1,103978,
10365,337536,5.4,1.0,81.08,30,0.0667,0.3667,0.1,103978,
10366,337600,-7.2,0.0,62.75,32,0.0938,0.4688,0.1,104018,
10367,337600,5.0,1.0,86.84,33,0.1212,0.4545,0.1,104018,
10368,337664,9.6,1.0,66.67,10,0.1,0.6,0.1,104062,
10369,337664,-3.7,0.0,57.89,11,0.0909,0.4545,0.1,104062,
10370,337664,-9.2,0.0,73.47,36,0.0278,0.3611,0.1,104062,
10371,337664,-3.2,0.0,66.67,10,0.0,0.4,0.1,104062,
10372,337728,-0.9,0.0,71.43,5,0.0,0.0,0.1,104100,
10373,337728,3.9,1.0,70.83,34,0.0588,0.5588,0.1,104100,
10374,337792,9.9,1.0,57.14,8,0.0,0.625,0.1,104140,
10375,337792,-7.0,0.0,58.82,30,0.1,0.5333,0.1,104140,
10376,337792,-6.0,0.0,65.62,21,0.0,0.5714,0.1,104140,
10377,337792,-7.2,0.0,62.75,32,0.1562,0.4375,0.1,104140,
10378,337856,5.2,1.0,53.33,24,0.0833,0.4583,0.1,104181,
10379,337856,4.5,1.0,58.33,28,0.0357,0.4286,0.1,104181,
10380,337856,6.1,1.0,81.82,27,0.1852,0.5926,0.1,104181,
10381,337920,-6.7,0.0,52.94,27,0.0,0.6296,0.1,104212,
10382,337984,9.0,1.0,55.0,11,0.2727,0.5455,0.1,104256,
10383,337984,-2.1,0.0,40.0,4,0.0,0.0,0.1,104256,
10384,338048,10.1,1.0,66.67,8,0.125,0.5,0.1,104299,
10385,338048,-7.5,0.0,68.63,35,0.1143,0.5143,0.1,104299,
10386,338112,6.8,1.0,82.76,24,0.1667,0.5833,0.1,104340,
10387,338112,-7.2,0.0,43.14,22,0.0455,0.5909,0.1,104340,
10388,338176,-6.5,0.0,49.02,25,0.16,0.6,0.1,104384,
10389,338176,-1.8,0.0,37.5,3,0.3333,0.6667,0.1,104384,
10390,338240,3.9,1.0,67.35,33,0.1212,0.4848,0.1,104424,
10391,338240,9.1,1.0,87.5,14,0.2143,0.4286,0.1,104424,
10392,338240,-8.6,0.0,70.59,36,0.1667,0.3889,0.1,104424,
10393,338240,8.7,1.0,78.95,15,0.2,0.6,0.1,104424,
10394,338304,4.1,1.0,66.67,32,0.0312,0.5938,0.1,104467,
10395,338304,7.8,1.0,79.17,19,0.0526,0.4211,0.1,104467,
10396,338304,-4.2,0.0,66.67,14,0.0,0.3571,0.1,104467,
10397,338304,10.7,1.0,75.0,6,0.1667,0.6667,0.1,104467,
10398,338304,-7.1,0.0,60.78,31,0.129,0.4194,0.1,104467,
10399,338304,-2.1,0.0,71.43,10,0.0,0.3,0.1,104467,
10400,338368,8.7,1.0,88.89,16,0.1875,0.5625,0.1,104510,
10401,338368,-7.3,0.0,64.71,33,0.0606,0.4545,0.1,104510,
10402,338368,-7.8,0.0,54.9,28,0.0,0.5,0.1,104510,
10403,338432,6.7,1.0,50.0,18,0.0556,0.5,0.1,104557,
10404,338432,11.2,1.0,80.0,4,0.0,1.0,0.1,104557,
10405,338432,10.4,1.0,88.89,8,0.125,0.625,0.1,104557,
10406,338496,4.7,1.0,51.02,25,0.16,0.52,0.1,104601,
10407,338496,-1.9,0.0,71.43,5,0.2,0.2,0.1,104601,
10408,338496,7.9,1.0,75.0,18,0.0,0.3889,0.1,104601,
10409,338496,5.2,1.0,68.29,28,0.1429,0.5357,0.1,104601,
10410,338624,-2.5,0.0,63.64,7,0.0,0.5714,0.1,104688,
10411,338688,-3.2,0.0,47.06,8,0.5,0.75,0.1,104730,
10412,338688,-3.5,0.0,75.0,12,0.0,0.3333,0.1,104730,
10413,338752,-4.3,0.0,71.43,15,0.1333,0.5333,0.1,104774,
10414,338752,9.6,1.0,66.67,10,0.0,0.5,0.1,104774,
10415,338816,9.9,1.0,83.33,10,0.0,0.5,0.1,104818,
10416,338816,-1.4,0.0,16.67,1,0.0,0.0,0.1,104818,
10417,338880,-2.5,0.0,63.64,7,0.2857,0.2857,0.1,104858,
10418,338880,-6.8,0.0,35.29,18,0.1111,0.3889,0.1,104858,
10419,338944,-6.6,0.0,50.98,26,0.1154,0.5385,0.1,104895,
10420,338944,-3.7,0.0,76.47,13,0.0,0.6154,0.1,104895,
10421,338944,-7.0,0.0,58.82,30,0.1333,0.4667,0.1,104895,
10422,339008,-7.6,0.0,70.59,36,0.0556,0.5556,0.1,104939,
10423,339008,-2.0,0.0,62.5,5,0.0,0.6,0.1,104939,
10424,339008,-9.0,0.0,66.0,33,0.1212,0.4545,0.1,104939,
10425,339008,-6.9,0.0,56.86,29,0.0345,0.7241,0.1,104939,
10426,339072,-7.3,0.0,64.71,33,0.0606,0.4545,0.1,104979,
10427,339200,5.5,1.0,60.98,25,0.08,0.52,0.1,105060,
10428,339200,3.7,1.0,68.0,34,0.1471,0.3529,0.1,105060,
10429,339200,-1.9,0.0,69.23,9,0.4444,0.5556,0.1,105060,
10430,339264,5.0,1.0,65.12,28,0.1071,0.25,0.1,105100,
10431,339264,-6.5,0.0,49.02,25,0.16,0.36,0.1,105100,
10432,339264,-3.0,0.0,76.92,10,0.1,0.3,0.1,105100,
10433,339264,9.2,1.0,81.25,13,0.3077,0.6154,0.1,105100,
10434,339328,-1.6,0.0,50.0,3,0.3333,0.3333,0.1,105143,
10435,339392,-5.7,0.0,85.19,23,0.0,0.3478,0.1,105182,
10436,339456,8.6,1.0,52.17,12,0.1667,0.9167,0.1,105222,
10437,339456,-4.0,0.0,83.33,15,0.0667,0.2667,0.1,105222,
10438,339520,5.4,1.0,81.08,30,0.1,0.5667,0.1,105261,
10439,339584,-5.0,0.0,59.26,16,0.1875,0.25,0.1,105307,
10440,339584,-7.2,0.0,62.75,32,0.0625,0.5,0.1,105307,
10441,339648,-8.3,0.0,52.0,26,0.0385,0.5,0.1,105349,
10442,339648,-4.7,0.0,66.67,16,0.125,0.1875,0.1,105349,
10443,339648,-3.9,0.0,52.38,11,0.0909,0.5455,0.1,105349,
10444,339776,9.5,1.0,73.33,11,0.0,0.5455,0.1,105437,
10445,339776,6.4,1.0,67.65,23,0.1304,0.5217,0.1,105437,
10446,339840,-7.8,0.0,74.51,38,0.0789,0.3684,0.1,105482,
10447,339840,7.4,1.0,88.0,22,0.0455,0.3636,0.1,105482,
10448,339840,9.4,1.0,68.75,11,0.1818,0.6364,0.1,105482,
10449,339840,6.5,1.0,75.0,24,0.125,0.5833,0.1,105482,
10450,339904,6.9,1.0,73.33,22,0.0455,0.6364,0.1,105524,
10451,339968,-4.8,0.0,57.69,15,0.0,0.7333,0.1,105564,
10452,339968,-6.6,0.0,50.98,26,0.0385,0.6154,0.1,105564,
10453,339968,-3.3,0.0,52.94,9,0.0,0.5556,0.1,105564,
10454,339968,-7.1,0.0,60.78,31,0.0323,0.6452,0.1,105564,
10455,340032,-2.5,0.0,50.0,6,0.1667,0.0,0.1,105602,
10456,340032,8.2,1.0,85.71,18,0.1111,0.6667,0.1,105602,
10457,340096,9.4,1.0,92.86,13,0.0,0.3846,0.1,105640,
10458,340096,-2.9,0.0,57.14,8,0.125,0.5,0.1,105640,
10459,340160,-6.5,0.0,49.02,25,0.04,0.44,0.1,105680,
10460,340160,8.0,1.0,57.69,15,0.2667,0.5333,0.1,105680,
10461,340160,-6.9,0.0,56.86,29,0.069,0.4483,0.1,105680,
10462,340224,-7.3,0.0,64.71,33,0.0,0.4242,0.1,105721,
10463,340224,-1.2,0.0,66.67,6,0.1667,0.5,0.1,105721,
10464,340224,9.9,1.0,83.33,10,0.1,0.7,0.1,105721,
10465,340288,-5.8,0.0,64.52,20,0.1,0.7,0.1,105759,
10466,340288,-8.2,0.0,62.75,32,0.0,0.5,0.1,105759,
10467,340352,9.6,1.0,78.57,11,0.2727,0.7273,0.1,105801,
10468,340352,6.6,1.0,66.67,22,0.1364,0.5455,0.1,105801,
10469,340352,8.5,1.0,71.43,15,0.0,0.4667,0.1,105801,
10470,340416,8.9,1.0,77.78,14,0.0,0.3571,0.1,105844,
10471,340480,-2.7,0.0,53.85,7,0.1429,0.4286,0.1,105884,
10472,340608,10.9,1.0,71.43,5,0.4,0.8,0.1,105968,
10473,340608,-7.2,0.0,62.75,32,0.0625,0.4688,0.1,105968,
10474,340672,10.8,1.0,85.71,6,0.0,0.6667,0.1,106002,
10475,340736,-2.4,0.0,80.0,12,0.0833,0.6667,0.1,106045,
10476,340736,6.3,1.0,81.25,26,0.0385,0.5769,0.1,106045,
10477,340736,10.1,1.0,81.82,9,0.0,0.5556,0.1,106045,
10478,340736,9.6,1.0,78.57,11,0.0,0.3636,0.1,106045,
10479,340736,-8.9,0.0,64.0,32,0.0938,0.5312,0.1,106045,
10480,340736,10.4,1.0,88.89,8,0.25,0.875,0.1,106045,
10481,340800,-3.5,0.0,65.22,15,0.0667,0.5333,0.1,106091,
10482,340800,8.3,1.0,72.73,16,0.0,0.625,0.1,106091,
10483,340800,-6.1,0.0,41.18,21,0.1429,0.5238,0.1,106091,
10484,340864,-5.7,0.0,66.67,20,0.05,0.45,0.1,106124,
10485,340864,4.1,1.0,63.27,31,0.0645,0.5161,0.1,106124,
10486,340928,4.1,1.0,60.0,30,0.0,0.5667,0.1,106163,
10487,340928,-6.8,0.0,54.9,28,0.1071,0.6071,0.1,106163,
10488,340992,-7.0,0.0,53.66,22,0.0909,0.3636,0.1,106210,
10489,341056,-7.0,0.0,58.82,30,0.0667,0.5333,0.1,106248,
10490,341056,-3.2,0.0,31.58,6,0.0,0.6667,0.1,106248,
10491,341056,10.5,1.0,60.0,6,0.5,0.6667,0.1,106248,
10492,341184,8.4,1.0,85.0,17,0.0,0.6471,0.1,106334,
10493,341184,-1.7,0.0,66.67,4,0.75,0.5,0.1,106334,
10494,341184,9.0,1.0,63.16,12,0.1667,0.5833,0.1,106334,
10495,341248,-7.5,0.0,54.55,24,0.0833,0.2917,0.1,106377,
10496,341248,6.6,1.0,52.78,19,0.0526,0.7368,0.1,106377,
10497,341312,-1.3,0.0,50.0,2,0.0,0.0,0.1,106416,
10498,341312,7.8,1.0,79.17,19,0.0526,0.5263,0.1,106416,
10499,341312,3.6,1.0,80.85,38,0.1053,0.4737,0.1,106416,
10500,341312,8.0,1.0,95.24,20,0.05,0.45,0.1,106416,
10501,341440,9.8,1.0,76.92,10,0.2,0.8,0.1,106494,
10502,341440,-7.3,0.0,64.71,33,0.0606,0.4242,0.1,106494,
10503,341440,4.1,1.0,60.0,30,0.0667,0.4,0.1,106494,
10504,341440,-2.0,0.0,44.44,4,0.0,0.5,0.1,106494,
10505,341568,6.9,1.0,67.74,21,0.1429,0.6667,0.1,106569,
10506,341568,-7.7,0.0,52.94,27,0.0741,0.4815,0.1,106569,
10507,341632,-8.0,0.0,58.82,30,0.1333,0.4333,0.1,106609,
10508,341632,11.0,1.0,57.14,4,0.0,0.75,0.1,106609,
10509,341632,5.8,1.0,65.79,25,0.16,0.68,0.1,106609,
10510,341632,-2.4,0.0,54.55,6,0.3333,0.1667,0.1,106609,
10511,341696,10.0,1.0,75.0,9,0.4444,0.6667,0.1,106647,
10512,341696,-4.0,0.0,50.0,11,0.0,0.6364,0.1,106647,
10513,341760,-6.8,0.0,54.9,28,0.0714,0.4286,0.1,106688,
10514,341760,8.1,1.0,53.85,14,0.0714,0.5,0.1,106688,
10515,341760,-8.2,0.0,62.75,32,0.0625,0.4375,0.1,106688,
10516,341824,8.2,1.0,69.57,16,0.1875,0.5625,0.1,106723,
10517,341888,-8.2,0.0,62.75,32,0.125,0.4375,0.1,106759,
10518,341952,-3.3,0.0,44.44,8,0.125,0.5,0.1,106797,
10519,341952,-3.7,0.0,57.89,11,0.0909,0.2727,0.1,106797,
10520,341952,-2.2,0.0,50.0,5,0.0,0.8,0.1,106797,
10521,341952,11.0,1.0,83.33,5,0.2,0.6,0.1,106797,
10522,342016,-8.3,0.0,64.71,33,0.0909,0.5152,0.1,106837,
10523,342016,9.4,1.0,80.0,12,0.0,0.5,0.1,106837,
10524,342016,-7.0,0.0,39.22,20,0.05,0.4,0.1,106837,
10525,342016,9.9,1.0,83.33,10,0.1,0.6,0.1,106837,
10526,342080,-1.8,0.0,57.14,4,0.25,0.25,0.1,106875,
10527,342144,-7.4,0.0,66.67,34,0.0588,0.5294,0.1,106912,
10528,342144,-8.0,0.0,62.22,28,0.1071,0.3929,0.1,106912,
10529,342144,-3.8,0.0,40.91,9,0.0,0.5556,0.1,106912,
10530,342272,-7.2,0.0,62.75,32,0.0625,0.5,0.1,106995,
10531,342272,-7.3,0.0,64.71,33,0.1212,0.4848,0.1,106995,
10532,342272,-1.9,0.0,50.0,4,0.0,0.25,0.1,106995,
10533,342272,8.0,1.0,57.69,15,0.2667,0.6667,0.1,106995,
10534,342272,-2.2,0.0,50.0,5,0.2,0.0,0.1,106995,
10535,342272,-7.3,0.0,64.71,33,0.0606,0.3636,0.1,106995,
10536,342336,-0.9,0.0,50.0,4,0.25,0.5,0.1,107033,
10537,342336,-7.5,0.0,68.63,35,0.0,0.3714,0.1,107033,
10538,342464,-3.9,0.0,55.56,15,0.0667,0.5333,0.1,107113,
10539,342464,-4.5,0.0,72.73,16,0.125,0.25,0.1,107113,
10540,342464,10.1,1.0,81.82,9,0.1111,0.4444,0.1,107113,
10541,342528,-7.8,0.0,74.51,38,0.1053,0.5,0.1,107145,
10542,342592,-6.6,0.0,68.57,24,0.0417,0.4583,0.1,107187,
10543,342592,10.8,1.0,85.71,6,0.1667,0.5,0.1,107187,
10544,342592,9.4,1.0,80.0,12,0.1667,0.4167,0.1,107187,
10545,342592,6.3,1.0,52.63,20,0.1,0.6,0.1,107187,
10546,342656,9.5,1.0,52.94,9,0.2222,0.6667,0.1,107228,
10547,342720,-1.7,0.0,66.67,4,0.0,0.25,0.1,107271,
10548,342784,-6.8,0.0,54.9,28,0.0714,0.6429,0.1,107311,
10549,342848,-8.0,0.0,78.43,40,0.025,0.45,0.1,107356,
10550,342848,-2.1,0.0,55.56,5,0.0,0.8,0.1,107356,
10551,342848,-2.5,0.0,28.57,4,0.0,0.5,0.1,107356,
10552,342848,10.2,1.0,72.73,8,0.0,0.875,0.1,107356,
10553,342848,-3.4,0.0,54.17,13,0.1538,0.3846,0.1,107356,
10554,342848,5.6,1.0,75.68,28,0.25,0.6071,0.1,107356,
10555,342912,-4.4,0.0,60.87,14,0.1429,0.5,0.1,107399,
10556,342912,6.0,1.0,52.5,21,0.1429,0.5238,0.1,107399,
10557,342912,-6.8,0.0,54.9,28,0.0714,0.5,0.1,107399,
10558,342976,-3.4,0.0,68.75,11,0.0909,0.1818,0.1,107436,
10559,342976,-1.6,0.0,50.0,3,0.0,0.0,0.1,107436,
10560,342976,8.0,1.0,70.83,17,0.1176,0.4706,0.1,107436,
10561,342976,6.5,1.0,60.0,21,0.1429,0.4762,0.1,107436,
10562,342976,10.4,1.0,70.0,7,0.4286,0.7143,0.1,107436,
10563,343040,-2.8,0.0,75.0,9,0.1111,0.4444,0.1,107477,
10564,343040,9.6,1.0,78.57,11,0.0909,0.4545,0.1,107477,
10565,343104,-3.8,0.0,40.91,9,0.1111,0.3333,0.1,107520,
10566,343104,-7.2,0.0,62.75,32,0.0312,0.4375,0.1,107520,
10567,343104,-7.6,0.0,70.59,36,0.1111,0.6667,0.1,107520,
10568,343168,-2.4,0.0,54.55,6,0.1667,0.8333,0.1,107559,
10569,343232,-6.7,0.0,52.94,27,0.0741,0.4815,0.1,107603,
10570,343232,-7.1,0.0,60.78,31,0.0645,0.4194,0.1,107603,
10571,343232,3.2,1.0,81.63,40,0.15,0.475,0.1,107603,
10572,343296,-7.3,0.0,45.1,23,0.087,0.5217,0.1,107639,
10573,343296,-0.8,0.0,83.33,5,0.6,0.4,0.1,107639,
10574,343360,-3.1,0.0,71.43,10,0.0,0.5,0.1,107679,
10575,343360,10.6,1.0,87.5,7,0.1429,0.7143,0.1,107679,
10576,343424,-5.4,0.0,38.24,13,0.0,0.4615,0.1,107720,
10577,343488,8.4,1.0,94.74,18,0.1667,0.6111,0.1,107757,
10578,343488,5.7,1.0,48.84,21,0.0952,0.619,0.1,107757,
10579,343488,-7.7,0.0,60.0,30,0.0333,0.4,0.1,107757,
10580,343488,-7.6,0.0,50.98,26,0.1538,0.4615,0.1,107757,
10581,343488,-8.5,0.0,68.63,35,0.0,0.5143,0.1,107757,
10582,343488,-7.4,0.0,55.81,24,0.0417,0.5833,0.1,107757,
10583,343552,9.5,1.0,62.5,10,0.2,0.3,0.1,107796,
10584,343552,-6.8,0.0,69.05,29,0.1379,0.5172,0.1,107796,
10585,343616,-4.6,0.0,85.71,18,0.0556,0.5556,0.1,107840,
10586,343616,-6.5,0.0,61.11,22,0.0455,0.6818,0.1,107840,
10587,343616,-2.5,0.0,50.0,6,0.0,0.5,0.1,107840,
10588,343744,9.5,1.0,85.71,12,0.1667,0.5833,0.1,107927,
10589,343872,4.8,1.0,73.81,31,0.0323,0.5484,0.1,108015,
10590,343936,9.7,1.0,84.62,11,0.0909,0.4545,0.1,108060,
10591,343936,-8.0,0.0,78.43,40,0.125,0.325,0.1,108060,
10592,344000,7.7,1.0,83.33,20,0.2,0.6,0.1,108096,
10593,344064,-6.9,0.0,56.86,29,0.1379,0.3448,0.1,108141,
10594,344064,9.0,1.0,82.35,14,0.0714,0.4286,0.1,108141,
10595,344064,-2.7,0.0,53.85,7,0.0,0.4286,0.1,108141,
10596,344128,-4.6,0.0,68.97,20,0.1,0.45,0.1,108184,
10597,344128,9.2,1.0,61.11,11,0.0909,0.3636,0.1,108184,
10598,344192,3.8,1.0,76.6,36,0.1667,0.3889,0.1,108236,
10599,344192,-1.8,0.0,57.14,4,0.25,0.5,0.1,108236,
10600,344192,7.8,1.0,79.17,19,0.0526,0.5263,0.1,108236,
10601,344256,-7.4,0.0,66.67,34,0.0,0.5294,0.1,108281,
10602,344256,8.9,1.0,77.78,14,0.0714,0.3571,0.1,108281,
10603,344384,-0.4,0.0,40.0,2,0.5,0.5,0.1,108376,
10604,344448,-2.1,0.0,75.0,6,0.1667,0.3333,0.1,108425,
10605,344448,4.8,1.0,73.81,31,0.0323,0.5161,0.1,108425,
10606,344448,8.9,1.0,77.78,14,0.2143,0.5714,0.1,108425,
10607,344512,10.8,1.0,85.71,6,0.0,0.3333,0.1,108469,
10608,344576,8.0,1.0,64.0,16,0.0625,0.6875,0.1,108509,
10609,344576,3.4,1.0,77.55,38,0.1579,0.5,0.1,108509,
10610,344576,4.7,1.0,51.02,25,0.08,0.68,0.1,108509,
10611,344576,-7.4,0.0,66.67,34,0.0588,0.6471,0.1,108509,
10612,344576,-7.7,0.0,52.17,24,0.0833,0.375,0.1,108509,
10613,344640,-2.8,0.0,72.22,13,0.3077,0.3846,0.1,108551,
10614,344640,6.4,1.0,78.12,25,0.2,0.56,0.1,108551,
10615,344704,-5.1,0.0,57.14,16,0.1875,0.625,0.1,108598,
10616,344768,8.1,1.0,81.82,18,0.1667,0.5,0.1,108649,
10617,344768,11.7,1.0,33.33,1,0.0,1.0,0.1,108649,
10618,344768,-2.7,0.0,50.0,10,0.1,0.5,0.1,108649,
10619,344768,-4.6,0.0,63.33,19,0.1053,0.4737,0.1,108649,
10620,344832,10.3,1.0,80.0,8,0.0,1.0,0.1,108686,
10621,344832,-5.9,0.0,67.74,21,0.0476,0.4762,0.1,108686,
10622,344896,-5.2,0.0,50.0,15,0.1333,0.4667,0.1,108733,
10623,344896,10.1,1.0,81.82,9,0.0,0.5556,0.1,108733,
10624,344896,6.8,1.0,65.62,21,0.0476,0.619,0.1,108733,
10625,344896,-4.1,0.0,54.55,12,0.0,0.3333,0.1,108733,
10626,344960,-7.8,0.0,54.9,28,0.0714,0.2143,0.1,108778,
10627,345024,7.3,1.0,54.84,17,0.0588,0.4706,0.1,108825,
10628,345088,5.9,1.0,58.97,23,0.0435,0.6087,0.1,108875,
10629,345088,-3.4,0.0,80.0,12,0.0833,0.25,0.1,108875,
10630,345088,11.0,1.0,83.33,5,0.4,0.6,0.1,108875,
10631,345152,7.5,1.0,76.92,20,0.2,0.55,0.1,108917,
10632,345152,-7.2,0.0,43.14,22,0.0909,0.6364,0.1,108917,
10633,345216,-7.4,0.0,47.06,24,0.125,0.625,0.1,108961,
10634,345216,-7.4,0.0,66.67,34,0.0588,0.5294,0.1,108961,
10635,345280,-8.7,0.0,92.16,47,0.0638,0.4043,0.1,109005,
10636,345280,-7.7,0.0,72.55,37,0.1081,0.4865,0.1,109005,
10637,345280,-7.3,0.0,64.71,33,0.0,0.4848,0.1,109005,
10638,345280,-6.9,0.0,56.86,29,0.0345,0.4483,0.1,109005,
10639,345280,5.7,1.0,82.86,29,0.1034,0.4138,0.1,109005,
10640,345344,-8.1,0.0,60.78,31,0.0,0.3871,0.1,109044,
10641,345472,5.5,1.0,53.49,23,0.1739,0.4783,0.1,109131,
10642,345536,9.8,1.0,91.67,11,0.1818,0.6364,0.1,109172,
10643,345536,6.9,1.0,73.33,22,0.1364,0.5455,0.1,109172,
10644,345536,-8.7,0.0,72.55,37,0.0811,0.4324,0.1,109172,
10645,345536,6.2,1.0,84.38,27,0.0741,0.4815,0.1,109172,
10646,345600,9.3,1.0,75.0,12,0.0833,0.6667,0.1,109215,
10647,345600,11.2,1.0,80.0,4,0.0,0.5,0.1,109215,
10648,345600,7.0,1.0,88.89,24,0.0417,0.5417,0.1,109215,
10649,345600,-2.6,0.0,90.0,9,0.1111,0.3333,0.1,109215,
10650,345664,-3.8,0.0,63.16,12,0.0833,0.4167,0.1,109264,
10651,345728,3.9,1.0,78.26,36,0.1944,0.5556,0.1,109311,
10652,345728,-6.2,0.0,58.54,24,0.2083,0.375,0.1,109311,
10653,345728,-2.0,0.0,44.44,4,0.0,0.5,0.1,109311,
10654,345728,10.2,1.0,90.0,9,0.1111,0.5556,0.1,109311,
10655,345792,-7.2,0.0,85.71,30,0.1,0.4333,0.1,109353,
10656,345792,8.7,1.0,78.95,15,0.0667,0.6667,0.1,109353,
10657,345856,5.8,1.0,80.0,28,0.2143,0.4286,0.1,109396,
10658,345856,-8.1,0.0,60.78,31,0.0645,0.4516,0.1,109396,
10659,345856,-1.6,0.0,58.33,7,0.2857,0.1429,0.1,109396,
10660,345920,-6.6,0.0,72.5,29,0.1034,0.4828,0.1,109443,
10661,345920,-6.8,0.0,69.44,25,0.04,0.52,0.1,109443,
10662,345920,-7.0,0.0,69.77,30,0.1333,0.5667,0.1,109443,
10663,345920,9.2,1.0,81.25,13,0.3077,0.4615,0.1,109443,
10664,346048,-1.6,0.0,28.57,2,0.0,0.5,0.1,109536,
10665,346048,11.2,1.0,80.0,4,0.0,0.75,0.1,109536,
10666,346112,8.1,1.0,90.48,19,0.1053,0.5789,0.1,109581,
10667,346176,8.3,1.0,72.73,16,0.0625,0.5,0.1,109626,
10668,346176,11.3,1.0,60.0,3,0.6667,1.0,0.1,109626,
10669,346176,-7.2,0.0,62.75,32,0.125,0.5312,0.1,109626,
10670,346240,-7.1,0.0,60.78,31,0.129,0.6129,0.1,109669,
10671,346304,-5.3,0.0,70.37,19,0.1579,0.4211,0.1,109711,
10672,346304,6.4,1.0,90.0,27,0.0741,0.4074,0.1,109711,
10673,346368,6.5,1.0,69.7,23,0.0435,0.6087,0.1,109755,
10674,346368,9.9,1.0,83.33,10,0.4,0.5,0.1,109755,
10675,346496,4.0,1.0,76.09,35,0.2571,0.5429,0.1,109836,
10676,346496,-7.3,0.0,64.71,33,0.1212,0.5758,0.1,109836,
10677,346496,-7.5,0.0,68.63,35,0.0857,0.4571,0.1,109836,
10678,346560,9.4,1.0,68.75,11,0.0909,0.5455,0.1,109877,
10679,346560,-8.6,0.0,70.59,36,0.1111,0.4722,0.1,109877,
10680,346560,6.9,1.0,92.59,25,0.08,0.44,0.1,109877,
10681,346624,-1.4,0.0,75.0,3,0.0,0.3333,0.1,109919,
10682,346688,-8.6,0.0,83.72,36,0.1111,0.2778,0.1,109962,
10683,346688,-5.3,0.0,75.0,24,0.125,0.2917,0.1,109962,
10684,346688,-8.2,0.0,82.35,42,0.0476,0.2619,0.1,109962,
10685,346752,9.5,1.0,62.5,10,0.4,0.6,0.1,110005,
10686,346752,-7.8,0.0,74.51,38,0.1053,0.4737,0.1,110005,
10687,346880,-1.7,0.0,53.85,7,0.0,0.0,0.1,110096,
10688,346880,-4.0,0.0,73.68,14,0.0714,0.5,0.1,110096,
10689,346880,-4.3,0.0,64.29,18,0.1111,0.5,0.1,110096,
10690,346944,-1.7,0.0,66.67,4,0.5,0.75,0.1,110139,
10691,347008,-1.3,0.0,50.0,2,0.5,0.5,0.1,110177,
10692,347072,-5.8,0.0,56.41,22,0.0455,0.2727,0.1,110225,
10693,347072,10.3,1.0,63.64,7,0.1429,0.7143,0.1,110225,
10694,347072,10.5,1.0,77.78,7,0.1429,0.8571,0.1,110225,
10695,347136,5.2,1.0,76.92,30,0.0333,0.5,0.1,110275,
10696,347136,-2.9,0.0,46.67,7,0.1429,0.4286,0.1,110275,
10697,347264,-8.3,0.0,84.31,43,0.093,0.5349,0.1,110359,
10698,347328,-7.2,0.0,62.75,32,0.1875,0.5625,0.1,110402,
10699,347328,-6.2,0.0,62.5,25,0.12,0.36,0.1,110402,
10700,347328,-3.9,0.0,45.45,10,0.2,0.4,0.1,110402,
10701,347392,8.0,1.0,64.0,16,0.1875,0.625,0.1,110448,
10702,347392,9.8,1.0,76.92,10,0.1,0.6,0.1,110448,
10703,347392,-7.9,0.0,76.47,39,0.1026,0.3846,0.1,110448,
10704,347456,-7.4,0.0,66.67,34,0.0588,0.5588,0.1,110492,
10705,347456,-2.6,0.0,58.33,7,0.1429,0.1429,0.1,110492,
10706,347520,10.9,1.0,71.43,5,0.0,0.4,0.1,110538,
10707,347520,-8.0,0.0,58.82,30,0.0667,0.5333,0.1,110538,
10708,347520,-2.4,0.0,70.0,7,0.1429,0.2857,0.1,110538,
10709,347520,-5.8,0.0,74.29,26,0.1538,0.4231,0.1,110538,
10710,347520,-2.4,0.0,70.0,7,0.0,0.5714,0.1,110538,
10711,347520,9.7,1.0,71.43,10,0.1,0.7,0.1,110538,
10712,347584,-7.0,0.0,50.0,21,0.1905,0.5714,0.1,110578,
10713,347584,-6.0,0.0,65.62,21,0.0,0.5238,0.1,110578,
10714,347648,6.4,1.0,78.12,25,0.04,0.56,0.1,110620,
10715,347648,-2.1,0.0,55.56,5,0.2,0.2,0.1,110620,
10716,347712,-8.0,0.0,58.82,30,0.1,0.4333,0.1,110665,
10717,347712,-7.1,0.0,60.78,31,0.0968,0.3548,0.1,110665,
10718,347712,5.5,1.0,69.23,27,0.1852,0.6296,0.1,110665,
10719,347776,-7.6,0.0,70.59,36,0.0556,0.5,0.1,110705,
10720,347776,11.4,1.0,75.0,3,0.0,1.0,0.1,110705,
10721,347776,-2.1,0.0,40.0,4,0.0,0.5,0.1,110705,
10722,347840,10.0,1.0,50.0,7,0.0,1.0,0.1,110746,
10723,347904,5.5,1.0,83.33,30,0.1333,0.5667,0.1,110792,
10724,347904,-5.0,0.0,72.0,18,0.0,0.5556,0.1,110792,
10725,347904,-5.0,0.0,70.97,22,0.0909,0.3636,0.1,110792,
10726,347904,8.2,1.0,77.27,17,0.1176,0.4118,0.1,110792,
10727,348032,-1.7,0.0,66.67,4,0.0,0.25,0.1,110880,
10728,348032,-2.5,0.0,50.0,6,0.0,0.8333,0.1,110880,
10729,348032,9.5,1.0,73.33,11,0.0,0.6364,0.1,110880,
10730,348032,-7.1,0.0,52.38,22,0.0455,0.4091,0.1,110880,
10731,348032,5.2,1.0,76.92,30,0.1333,0.6667,0.1,110880,
10732,348032,-5.6,0.0,63.89,23,0.1304,0.4348,0.1,110880,
10733,348096,7.0,1.0,70.0,21,0.0476,0.4762,0.1,110921,
10734,348096,6.5,1.0,60.0,21,0.1429,0.619,0.1,110921,
10735,348096,-6.5,0.0,49.02,25,0.0,0.44,0.1,110921,
10736,348160,-8.4,0.0,66.67,34,0.1471,0.5882,0.1,110970,
10737,348160,-7.6,0.0,70.59,36,0.1111,0.4444,0.1,110970,
10738,348160,6.1,1.0,62.16,23,0.087,0.4783,0.1,110970,
10739,348224,4.7,1.0,72.09,31,0.0323,0.5484,0.1,111010,
10740,348224,6.0,1.0,64.86,24,0.125,0.625,0.1,111010,
10741,348288,-5.0,0.0,59.26,16,0.0625,0.625,0.1,111053,
10742,348288,-8.3,0.0,84.31,43,0.1163,0.4419,0.1,111053,
10743,348288,-8.7,0.0,66.67,32,0.0625,0.4062,0.1,111053,
10744,348352,-1.8,0.0,57.14,4,0.0,0.5,0.1,111098,
10745,348416,-7.7,0.0,72.55,37,0.1081,0.4324,0.1,111134,
10746,348480,7.5,1.0,48.39,15,0.1333,0.6,0.1,111177,
10747,348480,-2.4,0.0,70.0,7,0.0,0.5714,0.1,111177,
10748,348480,9.6,1.0,78.57,11,0.2727,0.7273,0.1,111177,
10749,348544,-6.9,0.0,56.86,29,0.1034,0.4828,0.1,111215,
10750,348544,-7.1,0.0,68.42,26,0.1154,0.4615,0.1,111215,
10751,348544,9.3,1.0,75.0,12,0.0,0.5833,0.1,111215,
10752,348544,-7.5,0.0,68.63,35,0.0571,0.5143,0.1,111215,
10753,348544,-7.3,0.0,64.71,33,0.1212,0.5455,0.1,111215,
10754,348608,-1.2,0.0,66.67,6,0.1667,0.5,0.1,111258,
10755,348608,-3.5,0.0,64.71,11,0.0,0.4545,0.1,111258,
10756,348672,-2.3,0.0,73.33,11,0.1818,0.3636,0.1,111296,
10757,348672,10.4,1.0,70.0,7,0.1429,0.5714,0.1,111296,
10758,348736,8.1,1.0,81.82,18,0.0,0.5556,0.1,111337,
10759,348800,4.2,1.0,64.58,31,0.1613,0.3548,0.1,111378,
10760,348800,-7.8,0.0,74.51,38,0.1579,0.4211,0.1,111378,
10761,348800,-1.4,0.0,40.0,2,0.0,0.5,0.1,111378,
10762,348800,-3.0,0.0,73.68,14,0.0714,0.2857,0.1,111378,
10763,348864,-0.4,0.0,16.67,1,0.0,0.0,0.1,111423,
10764,348864,-2.8,0.0,61.54,8,0.125,0.625,0.1,111423,
10765,348864,-2.8,0.0,40.0,6,0.0,0.3333,0.1,111423,
10766,348864,8.5,1.0,56.52,13,0.0769,0.3846,0.1,111423,
10767,348928,4.6,1.0,78.57,33,0.0606,0.6061,0.1,111465,
10768,348928,8.4,1.0,68.18,15,0.0667,0.4667,0.1,111465,
10769,348928,10.2,1.0,90.0,9,0.5556,0.6667,0.1,111465,
10770,348992,-3.7,0.0,57.89,11,0.0909,0.6364,0.1,111515,
10771,349120,4.8,1.0,65.91,29,0.1379,0.4483,0.1,111601,
10772,349120,7.1,1.0,78.57,22,0.0455,0.5909,0.1,111601,
10773,349120,8.8,1.0,73.68,14,0.1429,0.7143,0.1,111601,
10774,349184,-2.3,0.0,60.0,6,0.0,0.5,0.1,111643,
10775,349184,-7.2,0.0,62.75,32,0.0312,0.5312,0.1,111643,
10776,349184,-7.3,0.0,45.1,23,0.0,0.5217,0.1,111643,
10777,349184,-4.9,0.0,50.0,14,0.0714,0.2857,0.1,111643,
10778,349184,-1.6,0.0,80.0,4,0.0,0.0,0.1,111643,
10779,349312,-3.0,0.0,65.0,13,0.0769,0.5385,0.1,111723,
10780,349312,6.5,1.0,86.67,26,0.1154,0.5385,0.1,111723,
10781,349312,-8.0,0.0,78.43,40,0.1,0.325,0.1,111723,
10782,349312,4.3,1.0,90.24,37,0.1351,0.5676,0.1,111723,
10783,349376,9.8,1.0,76.92,10,0.0,0.6,0.1,111756,
10784,349440,-1.3,0.0,60.0,6,0.3333,0.6667,0.1,111796,
10785,349440,-7.8,0.0,54.9,28,0.0357,0.4643,0.1,111796,
10786,349440,-5.0,0.0,59.26,16,0.0625,0.1875,0.1,111796,
10787,349504,10.3,1.0,63.64,7,0.0,0.7143,0.1,111844,
10788,349504,-6.9,0.0,67.57,25,0.08,0.32,0.1,111844,
10789,349504,-1.9,0.0,50.0,4,0.25,0.75,0.1,111844,
10790,349504,-1.4,0.0,40.0,2,0.0,0.5,0.1,111844,
10791,349504,8.4,1.0,85.0,17,0.0588,0.5294,0.1,111844,
10792,349568,9.8,1.0,91.67,11,0.0,0.6364,0.1,111884,
10793,349568,4.3,1.0,73.33,33,0.0909,0.5152,0.1,111884,
10794,349568,-1.6,0.0,50.0,3,0.0,0.0,0.1,111884,
10795,349632,9.8,1.0,64.29,9,0.1111,0.7778,0.1,111922,
10796,349696,-3.4,0.0,35.0,7,0.1429,0.2857,0.1,111966,
10797,349696,9.0,1.0,72.22,13,0.0,0.6923,0.1,111966,
10798,349696,11.2,1.0,80.0,4,0.25,0.75,0.1,111966,
10799,349760,8.0,1.0,78.26,18,0.0556,0.3333,0.1,112009,
10800,349760,-2.2,0.0,50.0,5,0.2,0.2,0.1,112009,
10801,349760,10.8,1.0,85.71,6,0.1667,0.5,0.1,112009,
10802,349888,7.2,1.0,81.48,22,0.0455,0.5455,0.1,112102,
10803,350016,-8.5,0.0,68.63,35,0.0286,0.4286,0.1,112196,
10804,350080,8.3,1.0,72.73,16,0.125,0.4375,0.1,112235,
10805,350080,-1.6,0.0,80.0,4,0.5,0.5,0.1,112235,
10806,350080,-1.3,0.0,60.0,6,0.0,0.8333,0.1,112235,
10807,350144,-5.9,0.0,47.62,20,0.15,0.5,0.1,112272,
10808,350144,11.4,1.0,75.0,3,0.3333,0.6667,0.1,112272,
10809,350144,-3.1,0.0,60.0,9,0.1111,0.5556,0.1,112272,
10810,350144,-1.8,0.0,57.14,4,0.0,0.25,0.1,112272,
10811,350144,-8.1,0.0,60.78,31,0.1935,0.3548,0.1,112272,
10812,350208,-1.8,0.0,75.0,9,0.0,0.3333,0.1,112313,
10813,350208,7.0,1.0,88.89,24,0.2083,0.4583,0.1,112313,
10814,350208,7.6,1.0,80.0,20,0.1,0.6,0.1,112313,
10815,350208,-5.7,0.0,47.06,16,0.25,0.5625,0.1,112313,
10816,350208,9.6,1.0,78.57,11,0.0909,0.5455,0.1,112313,
10817,350272,-2.7,0.0,81.82,9,0.3333,0.3333,0.1,112352,
10818,350272,6.7,1.0,74.19,23,0.1739,0.7826,0.1,112352,
10819,350272,-3.1,0.0,61.9,13,0.0,0.4615,0.1,112352,
10820,350272,-7.5,0.0,68.63,35,0.0286,0.4571,0.1,112352,
10821,350336,-4.0,0.0,43.48,10,0.2,0.3,0.1,112392,
10822,350336,11.4,1.0,75.0,3,0.0,0.6667,0.1,112392,
10823,350336,-4.5,0.0,65.22,15,0.1333,0.4667,0.1,112392,
10824,350400,-4.3,0.0,58.62,17,0.0588,0.4706,0.1,112434,
10825,350400,-3.8,0.0,34.78,8,0.125,0.25,0.1,112434,
10826,350400,9.5,1.0,85.71,12,0.0833,0.4167,0.1,112434,
10827,350400,-2.3,0.0,60.0,6,0.0,0.3333,0.1,112434,
10828,350464,8.3,1.0,90.0,18,0.2222,0.6111,0.1,112474,
10829,350464,-1.8,0.0,83.33,5,0.0,0.2,0.1,112474,
10830,350592,4.9,1.0,84.62,33,0.0909,0.6061,0.1,112573,
10831,350592,-8.5,0.0,68.63,35,0.1714,0.4571,0.1,112573,
10832,350592,-7.1,0.0,72.97,27,0.037,0.4444,0.1,112573,
10833,350592,-1.5,0.0,60.0,3,0.0,0.3333,0.1,112573,
10834,350592,10.7,1.0,55.56,5,0.0,0.4,0.1,112573,
10835,350720,3.4,1.0,70.59,36,0.0278,0.4722,0.1,112656,
10836,350784,-8.1,0.0,60.78,31,0.0645,0.3226,0.1,112697,
10837,350784,-7.2,0.0,62.75,32,0.0938,0.5938,0.1,112697,
10838,350848,-0.5,0.0,33.33,2,0.0,0.0,0.1,112743,
10839,350912,-6.4,0.0,47.06,24,0.0833,0.4583,0.1,112785,
10840,350912,10.3,1.0,63.64,7,0.2857,0.5714,0.1,112785,
10841,350976,4.2,1.0,64.58,31,0.0968,0.6774,0.1,112825,
10842,350976,-7.4,0.0,66.67,34,0.1176,0.4412,0.1,112825,
10843,351040,9.6,1.0,78.57,11,0.0,0.5455,0.1,112868,
10844,351040,4.1,1.0,77.78,35,0.0857,0.5429,0.1,112868,
10845,351040,5.7,1.0,64.1,25,0.12,0.44,0.1,112868,
10846,351040,-8.3,0.0,64.71,33,0.0909,0.4848,0.1,112868,
10847,351040,-2.2,0.0,78.57,11,0.0,0.2727,0.1,112868,
10848,351040,-8.7,0.0,72.55,37,0.027,0.4054,0.1,112868,
10849,351104,8.1,1.0,81.82,18,0.0556,0.6111,0.1,112913,
10850,351168,10.5,1.0,77.78,7,0.1429,0.7143,0.1,112959,
10851,351168,7.4,1.0,74.07,20,0.05,0.45,0.1,112959,
10852,351168,4.5,1.0,61.7,29,0.069,0.6207,0.1,112959,
10853,351232,-2.6,0.0,58.33,7,0.1429,0.2857,0.1,113006,
10854,351296,8.6,1.0,94.44,17,0.1765,0.5294,0.1,113052,
10855,351296,4.6,1.0,78.57,33,0.0909,0.3939,0.1,113052,
10856,351296,6.0,1.0,79.41,27,0.1481,0.4074,0.1,113052,
10857,351296,-8.4,0.0,66.67,34,0.0882,0.3529,0.1,113052,
10858,351360,-6.4,0.0,47.06,24,0.0833,0.7083,0.1,113094,
10859,351360,-8.0,0.0,58.82,30,0.1,0.4,0.1,113094,
10860,351360,7.0,1.0,82.14,23,0.1304,0.4348,0.1,113094,
10861,351488,9.4,1.0,92.86,13,0.0769,0.4615,0.1,113185,
10862,351488,8.3,1.0,40.74,11,0.0909,0.8182,0.1,113185,
10863,351552,11.0,1.0,83.33,5,0.4,0.6,0.1,113229,
10864,351552,-3.0,0.0,65.0,13,0.0769,0.6923,0.1,113229,
10865,351616,8.2,1.0,85.71,18,0.0556,0.2778,0.1,113266,
10866,351616,-8.2,0.0,62.75,32,0.0625,0.4062,0.1,113266,
10867,351680,6.5,1.0,64.71,22,0.0455,0.5,0.1,113309,
10868,351744,-4.3,0.0,50.0,12,0.25,0.5,0.1,113354,
10869,351744,6.4,1.0,72.73,24,0.1667,0.3333,0.1,113354,
10870,351808,5.4,1.0,63.41,26,0.1538,0.4615,0.1,113400,
10871,351808,-3.7,0.0,57.89,11,0.1818,0.1818,0.1,113400,
10872,351872,-3.2,0.0,78.57,11,0.0,0.3636,0.1,113443,
10873,351872,10.6,1.0,87.5,7,0.1429,0.4286,0.1,113443,
10874,351872,5.2,1.0,60.47,26,0.0769,0.4231,0.1,113443,
10875,351872,10.1,1.0,81.82,9,0.1111,0.5556,0.1,113443,
10876,351936,-7.5,0.0,68.63,35,0.0286,0.5429,0.1,113482,
10877,352000,-3.3,0.0,63.64,14,0.0714,0.6429,0.1,113526,
10878,352000,9.4,1.0,80.0,12,0.1667,0.5833,0.1,113526,
10879,352064,6.5,1.0,86.67,26,0.2308,0.5,0.1,113569,
10880,352064,-7.0,0.0,58.82,30,0.1,0.5333,0.1,113569,
10881,352128,-1.5,0.0,80.0,8,0.25,0.5,0.1,113619,
10882,352128,-7.4,0.0,66.67,34,0.2353,0.5,0.1,113619,
10883,352128,8.3,1.0,58.33,14,0.1429,0.4286,0.1,113619,
10884,352192,8.7,1.0,88.89,16,0.25,0.5,0.1,113666,
10885,352192,-7.2,0.0,62.75,32,0.0625,0.4375,0.1,113666,
10886,352256,10.7,1.0,55.56,5,0.0,0.6,0.1,113712,
10887,352256,8.5,1.0,71.43,15,0.0,0.6,0.1,113712,
10888,352320,10.5,1.0,77.78,7,0.4286,0.7143,0.1,113762,
10889,352320,-3.5,0.0,75.0,12,0.0,0.5833,0.1,113762,
10890,352320,6.3,1.0,87.1,27,0.0,0.4815,0.1,113762,
10891,352320,-5.9,0.0,57.58,19,0.1053,0.4211,0.1,113762,
10892,352384,-2.1,0.0,75.0,6,0.0,0.3333,0.1,113806,
10893,352384,-1.2,0.0,25.0,1,0.0,0.0,0.1,113806,
10894,352384,-2.5,0.0,64.71,11,0.0,0.5455,0.1,113806,
10895,352448,-5.9,0.0,62.5,20,0.05,0.25,0.1,113850,
10896,352448,9.9,1.0,69.23,9,0.0,0.7778,0.1,113850,
10897,352512,8.5,1.0,80.0,16,0.1875,0.625,0.1,113895,
10898,352512,8.6,1.0,94.44,17,0.0588,0.5294,0.1,113895,
10899,352576,3.9,1.0,74.47,35,0.0571,0.5429,0.1,113932,
10900,352576,-7.9,0.0,56.86,29,0.1034,0.3103,0.1,113932,
10901,352576,-7.4,0.0,47.06,24,0.0833,0.4167,0.1,113932,
10902,352576,5.3,1.0,83.78,31,0.0968,0.4839,0.1,113932,
10903,352640,8.0,1.0,78.26,18,0.0,0.7778,0.1,113978,
10904,352640,7.4,1.0,62.07,18,0.0,0.5556,0.1,113978,
10905,352640,-5.3,0.0,60.0,21,0.0952,0.5238,0.1,113978,
10906,352704,4.1,1.0,60.0,30,0.0667,0.6333,0.1,114023,
10907,352768,-7.4,0.0,66.67,34,0.0294,0.2941,0.1,114067,
10908,352768,-3.3,0.0,73.33,11,0.0909,0.3636,0.1,114067,
10909,352768,-8.0,0.0,58.82,30,0.1,0.4333,0.1,114067,
10910,352832,10.6,1.0,87.5,7,0.1429,0.2857,0.1,114109,
10911,352832,7.1,1.0,78.57,22,0.0455,0.5455,0.1,114109,
10912,352896,8.6,1.0,59.09,13,0.4615,0.5385,0.1,114149,
10913,352960,-8.4,0.0,66.67,34,0.0588,0.5588,0.1,114196,
10914,353024,-2.1,0.0,40.0,4,0.5,0.5,0.1,114240,
10915,353024,9.6,1.0,66.67,10,0.0,0.7,0.1,114240,
10916,353088,11.3,1.0,60.0,3,0.0,1.0,0.1,114286,
10917,353088,-2.5,0.0,64.71,11,0.0,0.5455,0.1,114286,
10918,353088,3.9,1.0,74.47,35,0.1143,0.5429,0.1,114286,
10919,353152,5.9,1.0,77.14,27,0.0,0.7037,0.1,114334,
10920,353152,9.7,1.0,71.43,10,0.0,0.9,0.1,114334,
10921,353280,-3.5,0.0,75.0,12,0.0833,0.4167,0.1,114426,
10922,353280,7.8,1.0,95.45,21,0.0476,0.4286,0.1,114426,
10923,353408,-8.9,0.0,76.47,39,0.0513,0.4359,0.1,114510,
10924,353408,7.0,1.0,82.14,23,0.1304,0.5217,0.1,114510,
10925,353408,10.2,1.0,90.0,9,0.0,0.5556,0.1,114510,
10926,353408,5.7,1.0,72.97,27,0.1852,0.5185,0.1,114510,
10927,353472,-3.1,0.0,84.62,11,0.0909,0.2727,0.1,114557,
10928,353472,-8.9,0.0,76.47,39,0.0769,0.359,0.1,114557,
10929,353472,4.7,1.0,72.09,31,0.129,0.3871,0.1,114557,
10930,353536,9.7,1.0,71.43,10,0.1,0.4,0.1,114598,
10931,353536,10.7,1.0,75.0,6,0.0,0.6667,0.1,114598,
10932,353536,-7.9,0.0,56.86,29,0.0345,0.5517,0.1,114598,
10933,353536,-1.3,0.0,50.0,2,0.0,0.5,0.1,114598,
10934,353600,-7.6,0.0,70.59,36,0.0,0.3889,0.1,114645,
10935,353600,7.8,1.0,95.45,21,0.1905,0.5238,0.1,114645,
10936,353600,-8.5,0.0,68.63,35,0.0,0.4571,0.1,114645,
10937,353600,-2.6,0.0,72.73,8,0.125,0.25,0.1,114645,
10938,353600,11.0,1.0,57.14,4,0.0,0.25,0.1,114645,
10939,353664,-2.0,0.0,76.92,10,0.2,0.4,0.1,114688,
10940,353664,-7.2,0.0,62.75,32,0.1562,0.5,0.1,114688,
10941,353664,-7.7,0.0,72.55,37,0.1081,0.5405,0.1,114688,
10942,353664,-6.7,0.0,46.34,19,0.1579,0.3684,0.1,114688,
10943,353728,7.5,1.0,76.92,20,0.15,0.75,0.1,114731,
10944,353728,8.3,1.0,80.95,17,0.1176,0.4706,0.1,114731,
10945,353792,-3.1,0.0,70.0,14,0.0714,0.2857,0.1,114780,
10946,353856,-3.8,0.0,55.0,11,0.0,0.2727,0.1,114826,
10947,353856,10.8,1.0,85.71,6,0.1667,0.6667,0.1,114826,
10948,353920,5.3,1.0,54.55,24,0.125,0.5417,0.1,114869,
10949,353920,-4.1,0.0,70.0,14,0.0714,0.5,0.1,114869,
10950,353984,10.8,1.0,85.71,6,0.1667,0.5,0.1,114914,
10951,353984,-2.0,0.0,85.71,6,0.5,0.3333,0.1,114914,
10952,353984,10.9,1.0,50.0,4,0.0,0.25,0.1,114914,
10953,353984,-5.2,0.0,55.17,16,0.0625,0.375,0.1,114914,
10954,354048,-4.2,0.0,75.0,15,0.0667,0.5333,0.1,114962,
10955,354048,9.3,1.0,86.67,13,0.3846,0.5385,0.1,114962,
10956,354048,-1.8,0.0,83.33,5,0.6,0.6,0.1,114962,
10957,354048,-7.4,0.0,59.52,25,0.04,0.56,0.1,114962,
10958,354048,-9.3,0.0,84.31,43,0.1163,0.4419,0.1,114962,
10959,354112,-8.0,0.0,78.43,40,0.025,0.65,0.1,115005,
10960,354176,10.4,1.0,88.89,8,0.125,0.625,0.1,115055,
10961,354240,-8.7,0.0,72.55,37,0.0811,0.4054,0.1,115100,
10962,354304,11.4,1.0,75.0,3,0.0,1.0,0.1,115145,
10963,354304,-6.9,0.0,56.86,29,0.0345,0.4138,0.1,115145,
10964,354304,7.1,1.0,78.57,22,0.0909,0.6818,0.1,115145,
10965,354304,5.3,1.0,78.95,30,0.1,0.4667,0.1,115145,
10966,354432,9.5,1.0,73.33,11,0.3636,0.6364,0.1,115237,
10967,354496,-0.7,0.0,42.86,3,0.0,0.6667,0.1,115282,
10968,354496,10.9,1.0,71.43,5,0.2,0.8,0.1,115282,
10969,354496,-1.1,0.0,33.33,1,0.0,0.0,0.1,115282,
10970,354560,-7.8,0.0,54.9,28,0.1071,0.5357,0.1,115326,
10971,354560,9.2,1.0,81.25,13,0.3077,0.4615,0.1,115326,
10972,354560,-6.7,0.0,52.94,27,0.2222,0.6667,0.1,115326,
10973,354624,-1.5,0.0,80.0,8,0.0,0.5,0.1,115375,
10974,354624,-1.1,0.0,55.56,5,0.2,0.6,0.1,115375,
10975,354624,-0.4,0.0,40.0,2,0.5,0.0,0.1,115375,
10976,354624,8.4,1.0,76.19,16,0.1875,0.375,0.1,115375,
10977,354752,-2.3,0.0,60.0,6,0.1667,0.6667,0.1,115467,
10978,354816,-7.4,0.0,66.67,34,0.2059,0.4706,0.1,115506,
10979,354816,-4.5,0.0,72.73,16,0.0625,0.4375,0.1,115506,
10980,354816,-7.9,0.0,76.47,39,0.0513,0.359,0.1,115506,
10981,354880,10.4,1.0,88.89,8,0.125,0.5,0.1,115546,
10982,354944,4.8,1.0,82.5,33,0.0303,0.3636,0.1,115584,
10983,354944,-7.7,0.0,73.91,34,0.0588,0.4118,0.1,115584,
10984,355008,-3.8,0.0,82.35,14,0.2857,0.2143,0.1,115631,
10985,355008,-8.0,0.0,58.82,30,0.0667,0.4,0.1,115631,
10986,355008,4.6,1.0,66.67,30,0.1333,0.5,0.1,115631,
10987,355072,-8.4,0.0,66.67,34,0.0588,0.4706,0.1,115674,
10988,355072,7.7,1.0,69.23,18,0.0556,0.5,0.1,115674,
10989,355136,-8.5,0.0,68.63,35,0.0571,0.2571,0.1,115711,
10990,355200,6.3,1.0,75.76,25,0.12,0.48,0.1,115753,
10991,355200,-8.0,0.0,78.43,40,0.025,0.425,0.1,115753,
10992,355200,8.7,1.0,78.95,15,0.0667,0.4667,0.1,115753,
10993,355264,8.4,1.0,85.0,17,0.0,0.2941,0.1,115788,
10994,355264,4.7,1.0,76.19,32,0.0625,0.4375,0.1,115788,
10995,355264,7.7,1.0,83.33,20,0.1,0.5,0.1,115788,
10996,355264,4.6,1.0,78.57,33,0.0,0.4545,0.1,115788,
10997,355328,-4.2,0.0,75.0,15,0.2,0.2667,0.1,115835,
10998,355456,-1.3,0.0,50.0,2,0.0,0.0,0.1,115925,
10999,355456,-7.4,0.0,66.67,34,0.1176,0.4118,0.1,115925,
11000,355456,11.5,1.0,20.0,1,0.0,1.0,0.1,115925,
11001,355456,6.3,1.0,61.11,22,0.0455,0.6818,0.1,115925,
11002,355520,7.4,1.0,80.77,21,0.0,0.4762,0.1,115967,
11003,355584,-7.4,0.0,47.06,24,0.0,0.5417,0.1,116012,
11004,355584,-7.4,0.0,66.67,34,0.0588,0.4706,0.1,116012,
11005,355584,6.4,1.0,78.12,25,0.12,0.44,0.1,116012,
11006,355584,-8.3,0.0,64.71,33,0.1515,0.5455,0.1,116012,
11007,355584,7.4,1.0,51.61,16,0.0625,0.5,0.1,116012,
11008,355584,6.7,1.0,80.0,24,0.2083,0.5417,0.1,116012,
11009,355648,10.6,1.0,50.0,5,0.2,0.8,0.1,116054,
11010,355648,-2.3,0.0,52.94,9,0.0,0.3333,0.1,116054,
11011,355648,6.9,1.0,62.5,20,0.0,0.4,0.1,116054,
11012,355712,4.4,1.0,79.07,34,0.1471,0.5588,0.1,116101,
11013,355712,4.2,1.0,88.1,37,0.1622,0.4595,0.1,116101,
11014,355712,-9.0,0.0,62.75,32,0.0,0.4062,0.1,116101,
11015,355712,3.2,1.0,74.51,38,0.0526,0.5,0.1,116101,
11016,355776,-5.9,0.0,57.58,19,0.1579,0.4737,0.1,116143,
11017,355776,-2.3,0.0,77.78,7,0.0,0.4286,0.1,116143,
11018,355776,-2.7,0.0,66.67,8,0.0,0.25,0.1,116143,
11019,355776,-1.6,0.0,72.73,8,0.375,0.625,0.1,116143,
11020,355840,-7.9,0.0,76.47,39,0.1026,0.4872,0.1,116189,
11021,355840,9.7,1.0,60.0,9,0.3333,0.7778,0.1,116189,
11022,355840,-2.4,0.0,70.0,7,0.2857,0.2857,0.1,116189,
11023,355904,6.6,1.0,71.88,23,0.2174,0.6522,0.1,116230,
11024,355968,-7.9,0.0,76.47,39,0.0769,0.4615,0.1,116274,
11025,356032,10.8,1.0,85.71,6,0.3333,0.5,0.1,116318,
11026,356096,10.7,1.0,75.0,6,0.3333,0.5,0.1,116353,
11027,356096,-7.5,0.0,68.63,35,0.0857,0.4857,0.1,116353,
11028,356096,-3.6,0.0,45.0,9,0.2222,0.4444,0.1,116353,
11029,356096,10.7,1.0,75.0,6,0.0,0.3333,0.1,116353,
11030,356160,-1.7,0.0,42.86,3,0.0,0.6667,0.1,116400,
11031,356160,8.1,1.0,66.67,16,0.125,0.75,0.1,116400,
11032,356160,-5.4,0.0,62.07,18,0.1667,0.2222,0.1,116400,
11033,356160,-3.8,0.0,64.0,16,0.0625,0.375,0.1,116400,
11034,356160,-5.4,0.0,51.61,16,0.125,0.3125,0.1,116400,
11035,356224,9.3,1.0,86.67,13,0.0769,0.6923,0.1,116446,
11036,356224,-4.8,0.0,64.0,16,0.0,0.4375,0.1,116446,
11037,356288,5.2,1.0,64.29,27,0.1481,0.5926,0.1,116495,
11038,356288,8.7,1.0,78.95,15,0.2,0.5333,0.1,116495,
11039,356352,-7.3,0.0,64.71,33,0.0303,0.3636,0.1,116537,
11040,356352,11.4,1.0,75.0,3,0.0,0.6667,0.1,116537,
11041,356352,-4.7,0.0,48.15,13,0.0,0.3077,0.1,116537,
11042,356416,10.2,1.0,72.73,8,0.0,0.5,0.1,116585,
11043,356416,9.2,1.0,93.33,14,0.0714,0.4286,0.1,116585,
11044,356480,11.2,1.0,80.0,4,0.5,1.0,0.1,116634,
11045,356480,-1.7,0.0,66.67,4,0.0,0.5,0.1,116634,
11046,356480,11.0,1.0,83.33,5,0.0,1.0,0.1,116634,
11047,356544,10.0,1.0,75.0,9,0.2222,0.5556,0.1,116679,
11048,356608,4.6,1.0,59.57,28,0.1071,0.5357,0.1,116723,
11049,356608,4.8,1.0,78.05,32,0.0625,0.5938,0.1,116723,
11050,356672,-8.5,0.0,68.63,35,0.1143,0.4571,0.1,116768,
11051,356672,3.3,1.0,76.0,38,0.1053,0.4211,0.1,116768,
11052,356672,7.5,1.0,70.37,19,0.1053,0.7368,0.1,116768,
11053,356672,6.3,1.0,70.59,24,0.0833,0.5,0.1,116768,
11054,356800,10.4,1.0,70.0,7,0.2857,0.7143,0.1,116855,
11055,356800,8.8,1.0,65.0,13,0.0,0.6154,0.1,116855,
11056,356800,10.7,1.0,55.56,5,0.0,0.6,0.1,116855,
11057,356928,9.1,1.0,66.67,12,0.0833,0.5833,0.1,116944,
11058,356928,-7.5,0.0,49.02,25,0.04,0.44,0.1,116944,
11059,356992,-1.6,0.0,80.0,4,0.0,0.5,0.1,116986,
11060,356992,-7.7,0.0,52.94,27,0.1852,0.4815,0.1,116986,
11061,357056,-8.0,0.0,78.43,40,0.075,0.325,0.1,117025,
11062,357056,10.6,1.0,87.5,7,0.0,0.5714,0.1,117025,
11063,357056,9.2,1.0,61.11,11,0.1818,0.7273,0.1,117025,
11064,357120,-1.3,0.0,60.0,6,0.0,0.6667,0.1,117061,
11065,357120,-1.9,0.0,71.43,5,0.0,0.2,0.1,117061,
11066,357120,8.6,1.0,66.67,14,0.0,0.5714,0.1,117061,
11067,357184,6.3,1.0,56.76,21,0.2381,0.6667,0.1,117098,
11068,357184,-2.1,0.0,71.43,10,0.0,0.4,0.1,117098,
11069,357184,-7.6,0.0,70.59,36,0.0556,0.5,0.1,117098,
11070,357248,-4.1,0.0,88.89,16,0.25,0.5,0.1,117138,
11071,357312,-6.0,0.0,57.5,23,0.087,0.3913,0.1,117183,
11072,357312,6.3,1.0,81.25,26,0.1538,0.6154,0.1,117183,
11073,357312,-3.6,0.0,56.0,14,0.0714,0.4286,0.1,117183,
11074,357376,-2.6,0.0,58.33,7,0.0,0.4286,0.1,117224,
11075,357376,-3.7,0.0,42.86,9,0.2222,0.3333,0.1,117224,
11076,357376,-7.7,0.0,59.09,26,0.1154,0.5,0.1,117224,
11077,357440,9.7,1.0,60.0,9,0.1111,0.7778,0.1,117264,
11078,357440,9.5,1.0,62.5,10,0.0,0.5,0.1,117264,
11079,357504,-7.0,0.0,58.82,30,0.1,0.4667,0.1,117311,
11080,357504,-5.6,0.0,53.12,17,0.1765,0.4118,0.1,117311,
11081,357504,8.5,1.0,71.43,15,0.2667,0.4667,0.1,117311,
11082,357504,10.6,1.0,87.5,7,0.0,0.8571,0.1,117311,
11083,357504,-4.3,0.0,76.92,20,0.05,0.4,0.1,117311,
11084,357568,-3.5,0.0,80.95,17,0.0588,0.5294,0.1,117352,
11085,357568,8.6,1.0,94.44,17,0.1765,0.4118,0.1,117352,
11086,357568,6.5,1.0,80.65,25,0.08,0.48,0.1,117352,
11087,357568,-7.3,0.0,83.33,30,0.1,0.4,0.1,117352,
11088,357632,3.7,1.0,68.0,34,0.0882,0.5588,0.1,117397,
11089,357632,5.8,1.0,50.0,21,0.0952,0.619,0.1,117397,
11090,357632,6.5,1.0,64.71,22,0.1364,0.5909,0.1,117397,
11091,357696,-2.6,0.0,72.73,8,0.0,0.5,0.1,117447,
11092,357696,3.4,1.0,74.0,37,0.0541,0.4324,0.1,117447,
11093,357696,3.8,1.0,72.92,35,0.1429,0.7429,0.1,117447,
11094,357696,10.3,1.0,80.0,8,0.0,0.625,0.1,117447,
11095,357760,-7.1,0.0,60.78,31,0.0968,0.4516,0.1,117497,
11096,357760,-3.7,0.0,50.0,10,0.0,0.5,0.1,117497,
11097,357760,6.1,1.0,81.82,27,0.1111,0.5556,0.1,117497,
11098,357760,10.7,1.0,75.0,6,0.1667,0.3333,0.1,117497,
11099,357760,-0.5,0.0,60.0,3,0.3333,0.0,0.1,117497,
11100,357824,-2.5,0.0,63.64,7,0.1429,0.2857,0.1,117539,
11101,357888,3.6,1.0,77.08,37,0.1892,0.4324,0.1,117589,
11102,357888,11.2,1.0,80.0,4,0.75,0.75,0.1,117589,
11103,357952,7.8,1.0,72.0,18,0.3333,0.5,0.1,117639,
11104,357952,4.4,1.0,83.33,35,0.0571,0.4,0.1,117639,
11105,357952,5.7,1.0,82.86,29,0.069,0.6207,0.1,117639,
11106,358016,-1.4,0.0,40.0,2,0.0,0.0,0.1,117684,
11107,358080,8.3,1.0,65.22,15,0.1333,0.3333,0.1,117729,
11108,358144,-2.4,0.0,88.89,8,0.125,0.25,0.1,117771,
11109,358208,9.1,1.0,76.47,13,0.0769,0.6923,0.1,117819,
11110,358272,-7.0,0.0,58.82,30,0.0667,0.4333,0.1,117868,
11111,358272,-2.1,0.0,75.0,6,0.0,0.6667,0.1,117868,
11112,358336,8.8,1.0,73.68,14,0.1429,0.6429,0.1,117917,
11113,358400,4.6,1.0,87.5,35,0.0857,0.5429,0.1,117961,
11114,358400,-2.6,0.0,46.15,6,0.1667,0.1667,0.1,117961,
11115,358400,9.1,1.0,76.47,13,0.1538,0.6923,0.1,117961,
11116,358400,-0.8,0.0,57.14,4,0.25,0.5,0.1,117961,
11117,358464,6.3,1.0,70.59,24,0.125,0.5417,0.1,118000,
11118,358464,9.3,1.0,86.67,13,0.1538,0.4615,0.1,118000,
11119,358528,4.5,1.0,68.89,31,0.1613,0.4194,0.1,118043,
11120,358528,-5.1,0.0,62.96,17,0.0,0.2353,0.1,118043,
11121,358528,-3.2,0.0,47.06,8,0.0,0.75,0.1,118043,
11122,358592,8.1,1.0,81.82,18,0.1111,0.6667,0.1,118084,
11123,358592,9.5,1.0,85.71,12,0.0833,0.5833,0.1,118084,
11124,358592,-8.3,0.0,64.71,33,0.1212,0.5152,0.1,118084,
11125,358656,9.0,1.0,72.22,13,0.0,0.5385,0.1,118133,
11126,358656,8.5,1.0,80.0,16,0.0625,0.4375,0.1,118133,
11127,358656,9.0,1.0,72.22,13,0.0,0.6154,0.1,118133,
11128,358720,4.3,1.0,69.57,32,0.0938,0.4375,0.1,118181,
11129,358720,-1.9,0.0,71.43,5,0.2,0.2,0.1,118181,
11130,358720,8.8,1.0,73.68,14,0.0714,0.4286,0.1,118181,
11131,358720,-7.3,0.0,64.71,33,0.1212,0.5455,0.1,118181,
11132,358784,-3.6,0.0,81.25,13,0.1538,0.3077,0.1,118222,
11133,358784,7.8,1.0,72.0,18,0.1667,0.4444,0.1,118222,
11134,358848,11.2,1.0,80.0,4,0.0,1.0,0.1,118268,
11135,358848,-7.8,0.0,74.51,38,0.0789,0.4474,0.1,118268,
11136,358848,-6.6,0.0,50.98,26,0.1923,0.5385,0.1,118268,
11137,358848,6.1,1.0,53.85,21,0.0476,0.5714,0.1,118268,
11138,358848,-1.7,0.0,66.67,4,0.0,0.5,0.1,118268,
11139,358912,7.0,1.0,75.86,22,0.0455,0.6364,0.1,118308,
11140,358912,2.8,1.0,82.35,42,0.0952,0.5,0.1,118308,
11141,358912,4.6,1.0,74.42,32,0.1562,0.5938,0.1,118308,
11142,358912,-3.0,0.0,53.33,8,0.0,0.25,0.1,118308,
11143,358976,9.0,1.0,82.35,14,0.0,0.7143,0.1,118351,
11144,358976,-1.8,0.0,83.33,5,0.0,0.4,0.1,118351,
11145,358976,-0.3,0.0,50.0,2,0.0,0.5,0.1,118351,
11146,358976,10.5,1.0,77.78,7,0.0,0.7143,0.1,118351,
11147,359040,7.2,1.0,81.48,22,0.0455,0.5909,0.1,118399,
11148,359040,7.6,1.0,73.08,19,0.1053,0.5263,0.1,118399,
11149,359104,-8.0,0.0,78.43,40,0.05,0.4,0.1,118437,
11150,359104,9.9,1.0,83.33,10,0.4,0.6,0.1,118437,
11151,359168,6.7,1.0,86.21,25,0.12,0.6,0.1,118486,
11152,359168,-2.4,0.0,54.55,6,0.1667,0.3333,0.1,118486,
11153,359232,8.7,1.0,61.9,13,0.1538,0.6154,0.1,118526,
11154,359232,8.9,1.0,68.42,13,0.2308,0.5385,0.1,118526,
11155,359232,-8.3,0.0,64.71,33,0.0909,0.5758,0.1,118526,
11156,359232,-2.0,0.0,62.5,5,0.0,0.6,0.1,118526,
11157,359296,7.1,1.0,85.19,23,0.087,0.3478,0.1,118566,
11158,359296,-1.5,0.0,33.33,2,0.0,0.0,0.1,118566,
11159,359296,-1.7,0.0,66.67,8,0.25,0.25,0.1,118566,
11160,359360,11.1,1.0,66.67,4,0.75,1.0,0.1,118611,
11161,359360,4.9,1.0,80.0,32,0.125,0.5625,0.1,118611,
11162,359360,9.8,1.0,76.92,10,0.1,0.4,0.1,118611,
11163,359360,10.4,1.0,88.89,8,0.375,0.625,0.1,118611,
11164,359360,-6.7,0.0,57.89,22,0.0909,0.4091,0.1,118611,
11165,359360,5.5,1.0,73.68,28,0.2143,0.6071,0.1,118611,
11166,359424,7.7,1.0,57.14,16,0.1875,0.625,0.1,118647,
11167,359424,10.2,1.0,72.73,8,0.0,0.5,0.1,118647,
11168,359424,-7.2,0.0,43.14,22,0.0909,0.5,0.1,118647,
11169,359616,6.4,1.0,83.87,26,0.1923,0.4615,0.1,118789,
11170,359616,3.8,1.0,80.43,37,0.0811,0.4865,0.1,118789,
11171,359616,-7.7,0.0,52.94,27,0.1852,0.3704,0.1,118789,
11172,359680,-1.9,0.0,69.23,9,0.0,0.4444,0.1,118829,
11173,359680,-2.3,0.0,62.5,10,0.1,0.3,0.1,118829,
11174,359744,-9.1,0.0,75.0,36,0.1111,0.4444,0.1,118876,
11175,359808,-5.0,0.0,70.97,22,0.1818,0.4545,0.1,118919,
11176,359808,6.4,1.0,78.12,25,0.04,0.52,0.1,118919,
11177,359872,-1.1,0.0,55.56,5,0.0,0.2,0.1,118966,
11178,359872,9.5,1.0,73.33,11,0.0909,0.6364,0.1,118966,
11179,359936,-4.5,0.0,71.43,20,0.05,0.75,0.1,119005,
11180,359936,8.6,1.0,75.0,15,0.0,0.6667,0.1,119005,
11181,360000,-2.3,0.0,60.0,6,0.0,0.5,0.1,119051,
11182,360000,-7.0,0.0,43.18,19,0.1579,0.3684,0.1,119051,
11183,360064,10.0,1.0,90.91,10,0.1,0.5,0.1,119096,
11184,360064,-7.2,0.0,43.14,22,0.0,0.5,0.1,119096,
11185,360064,9.6,1.0,78.57,11,0.1818,0.8182,0.1,119096,
11186,360128,10.1,1.0,66.67,8,0.0,0.625,0.1,119137,
11187,360192,-1.2,0.0,25.0,1,0.0,0.0,0.1,119180,
11188,360192,-4.3,0.0,80.0,16,0.0625,0.5,0.1,119180,
11189,360256,10.5,1.0,77.78,7,0.1429,0.4286,0.1,119229,
11190,360256,-2.8,0.0,50.0,7,0.0,0.4286,0.1,119229,
11191,360256,8.7,1.0,70.0,14,0.0,0.5,0.1,119229,
11192,360256,4.3,1.0,81.4,35,0.2,0.4571,0.1,119229,
11193,360320,8.5,1.0,89.47,17,0.0,0.6471,0.1,119270,
11194,360320,-7.2,0.0,62.75,32,0.0938,0.5625,0.1,119270,
11195,360320,-4.5,0.0,80.95,17,0.1176,0.4118,0.1,119270,
11196,360320,-3.4,0.0,58.82,10,0.3,0.3,0.1,119270,
11197,360384,9.3,1.0,47.37,9,0.0,0.4444,0.1,119317,
11198,360384,-4.0,0.0,65.38,17,0.1765,0.4706,0.1,119317,
11199,360448,4.9,1.0,67.44,29,0.069,0.5862,0.1,119365,
11200,360448,4.3,1.0,85.71,36,0.1111,0.4722,0.1,119365,
11201,360448,9.1,1.0,87.5,14,0.2143,0.2857,0.1,119365,
11202,360576,7.7,1.0,76.0,19,0.2105,0.6316,0.1,119457,
11203,360640,-8.3,0.0,64.71,33,0.1515,0.5758,0.1,119505,
11204,360640,10.7,1.0,55.56,5,0.4,0.8,0.1,119505,
11205,360640,9.0,1.0,47.62,10,0.1,0.6,0.1,119505,
11206,360640,8.0,1.0,86.36,19,0.1579,0.4737,0.1,119505,
11207,360704,7.0,1.0,75.86,22,0.0455,0.5,0.1,119550,
11208,360704,6.5,1.0,55.56,20,0.05,0.4,0.1,119550,
11209,360768,7.4,1.0,56.67,17,0.1176,0.5882,0.1,119592,
11210,360768,-3.5,0.0,64.71,11,0.1818,0.3636,0.1,119592,
11211,360832,-2.9,0.0,83.33,10,0.1,0.2,0.1,119638,
11212,360896,-8.2,0.0,62.75,32,0.0312,0.4375,0.1,119685,
11213,360960,8.4,1.0,76.19,16,0.0625,0.6875,0.1,119736,
11214,360960,-7.9,0.0,60.78,31,0.0645,0.2258,0.1,119736,
11215,361024,-8.2,0.0,63.04,29,0.0345,0.3793,0.1,119789,
11216,361024,10.4,1.0,88.89,8,0.0,0.5,0.1,119789,
11217,361024,9.2,1.0,81.25,13,0.0,0.4615,0.1,119789,
11218,361024,4.7,1.0,68.18,30,0.0667,0.4,0.1,119789,
11219,361024,-8.0,0.0,78.43,40,0.175,0.475,0.1,119789,
11220,361088,7.1,1.0,85.19,23,0.0435,0.7391,0.1,119834,
11221,361088,9.6,1.0,92.31,12,0.0833,0.5833,0.1,119834,
11222,361088,8.2,1.0,69.57,16,0.25,0.4375,0.1,119834,
11223,361152,-6.2,0.0,75.68,28,0.0714,0.3929,0.1,119878,
11224,361152,-3.4,0.0,80.0,12,0.1667,0.5,0.1,119878,
11225,361152,10.6,1.0,87.5,7,0.4286,0.7143,0.1,119878,
11226,361216,-7.7,0.0,72.55,37,0.1081,0.4324,0.1,119919,
11227,361216,8.3,1.0,80.95,17,0.0588,0.3529,0.1,119919,
11228,361280,11.1,1.0,66.67,4,0.0,0.75,0.1,119956,
11229,361280,7.0,1.0,64.52,20,0.05,0.5,0.1,119956,
11230,361344,-1.2,0.0,25.0,1,0.0,0.0,0.1,120001,
11231,361408,-3.4,0.0,68.75,11,0.1818,0.4545,0.1,120048,
11232,361472,5.0,1.0,73.17,30,0.0333,0.4333,0.1,120089,
11233,361472,-2.2,0.0,50.0,5,0.4,0.6,0.1,120089,
11234,361472,4.0,1.0,80.0,36,0.1111,0.3889,0.1,120089,
11235,361472,-2.0,0.0,85.71,6,0.1667,0.1667,0.1,120089,
11236,361472,8.7,1.0,78.95,15,0.0667,0.3333,0.1,120089,
11237,361472,9.7,1.0,84.62,11,0.2727,0.5455,0.1,120089,
11238,361472,10.0,1.0,75.0,9,0.3333,0.7778,0.1,120089,
11239,361536,-1.5,0.0,33.33,2,0.0,0.0,0.1,120127,
11240,361536,-7.5,0.0,68.63,35,0.0857,0.5143,0.1,120127,
11241,361536,8.9,1.0,88.24,15,0.2,0.6,0.1,120127,
11242,361664,-7.0,0.0,58.82,30,0.0667,0.5667,0.1,120215,
11243,361664,-7.8,0.0,54.9,28,0.0714,0.5357,0.1,120215,
11244,361728,-0.4,0.0,75.0,3,0.6667,0.3333,0.1,120259,
11245,361728,-1.8,0.0,75.0,9,0.1111,0.4444,0.1,120259,
11246,361792,-7.2,0.0,71.05,27,0.037,0.4444,0.1,120307,
11247,361792,-1.4,0.0,75.0,3,0.0,0.3333,0.1,120307,
11248,361856,-8.1,0.0,80.39,41,0.0976,0.561,0.1,120358,
11249,361920,-7.5,0.0,68.63,35,0.1143,0.3714,0.1,120405,
11250,362048,7.3,1.0,60.0,18,0.2222,0.6667,0.1,120499,
11251,362048,5.9,1.0,77.14,27,0.1481,0.4444,0.1,120499,
11252,362048,-2.5,0.0,38.46,5,0.0,0.0,0.1,120499,
11253,362048,6.6,1.0,77.42,24,0.0417,0.3333,0.1,120499,
11254,362112,9.3,1.0,64.71,11,0.1818,0.8182,0.1,120544,
11255,362112,-7.5,0.0,68.63,35,0.0857,0.4571,0.1,120544,
11256,362176,9.6,1.0,92.31,12,0.0,0.4167,0.1,120594,
11257,362176,-7.0,0.0,58.82,30,0.0667,0.4333,0.1,120594,
11258,362240,-9.5,0.0,76.0,38,0.0789,0.3158,0.1,120642,
11259,362304,5.9,1.0,63.16,24,0.0417,0.625,0.1,120685,
11260,362304,11.5,1.0,50.0,2,0.5,1.0,0.1,120685,
11261,362304,-8.7,0.0,60.0,30,0.0667,0.4333,0.1,120685,
11262,362304,-7.8,0.0,74.51,38,0.0789,0.4737,0.1,120685,
11263,362304,10.0,1.0,75.0,9,0.1111,0.5556,0.1,120685,
11264,362304,4.5,1.0,80.95,34,0.0882,0.5,0.1,120685,
11265,362368,3.6,1.0,84.78,39,0.0513,0.4359,0.1,120732,
11266,362368,-3.8,0.0,72.22,13,0.0769,0.3077,0.1,120732,
11267,362368,-5.9,0.0,57.58,19,0.2105,0.4211,0.1,120732,
11268,362368,-5.7,0.0,47.06,16,0.0625,0.4375,0.1,120732,
11269,362368,-1.3,0.0,50.0,2,0.0,0.5,0.1,120732,
11270,362368,10.0,1.0,90.91,10,0.2,0.5,0.1,120732,
11271,362496,-3.2,0.0,56.25,9,0.1111,0.3333,0.1,120821,
11272,362496,-7.4,0.0,66.67,34,0.0,0.5,0.1,120821,
11273,362496,-8.8,0.0,74.51,38,0.1842,0.4211,0.1,120821,
11274,362624,-7.7,0.0,55.56,25,0.12,0.44,0.1,120906,
11275,362624,-1.8,0.0,57.14,4,0.0,0.25,0.1,120906,
11276,362688,11.1,1.0,66.67,4,0.0,0.75,0.1,120955,
11277,362688,-8.6,0.0,70.59,36,0.0556,0.4444,0.1,120955,
11278,362688,-1.8,0.0,83.33,5,0.4,0.2,0.1,120955,
11279,362752,8.6,1.0,84.21,16,0.125,0.5625,0.1,121004,
11280,362816,-1.9,0.0,71.43,5,0.0,0.2,0.1,121048,
11281,362880,8.1,1.0,81.82,18,0.0556,0.6667,0.1,121099,
11282,362880,7.4,1.0,62.07,18,0.0,0.6667,0.1,121099,
11283,362880,4.9,1.0,89.47,34,0.1176,0.5,0.1,121099,
11284,362944,5.8,1.0,75.0,27,0.1481,0.4444,0.1,121146,
11285,362944,7.7,1.0,91.3,21,0.0,0.3333,0.1,121146,
11286,362944,9.2,1.0,81.25,13,0.2308,0.6923,0.1,121146,
11287,363008,8.7,1.0,88.89,16,0.125,0.5,0.1,121190,
11288,363072,4.4,1.0,79.07,34,0.1765,0.4118,0.1,121242,
11289,363072,-7.2,0.0,62.75,32,0.1562,0.4062,0.1,121242,
11290,363136,5.4,1.0,81.08,30,0.2,0.5,0.1,121284,
11291,363200,-7.1,0.0,60.78,31,0.0,0.5484,0.1,121328,
11292,363200,10.1,1.0,81.82,9,0.2222,0.4444,0.1,121328,
11293,363264,-8.6,0.0,74.51,38,0.0526,0.5263,0.1,121373,
11294,363328,8.2,1.0,62.5,15,0.2,0.6,0.1,121418,
11295,363328,4.1,1.0,66.67,32,0.1875,0.4375,0.1,121418,
11296,363392,9.1,1.0,76.47,13,0.0,0.5385,0.1,121466,
11297,363392,7.4,1.0,74.07,20,0.1,0.65,0.1,121466,
11298,363456,9.0,1.0,82.35,14,0.2143,0.7857,0.1,121516,
11299,363456,-3.1,0.0,84.62,11,0.3636,0.4545,0.1,121516,
11300,363456,8.2,1.0,85.71,18,0.2778,0.6111,0.1,121516,
11301,363520,3.1,1.0,80.0,40,0.2,0.6,0.1,121559,
11302,363520,11.1,1.0,66.67,4,0.0,0.25,0.1,121559,
11303,363520,6.1,1.0,81.82,27,0.0741,0.4444,0.1,121559,
11304,363584,-6.9,0.0,56.86,29,0.2759,0.5517,0.1,121603,
11305,363584,-7.7,0.0,72.55,37,0.0811,0.4324,0.1,121603,
11306,363648,-6.7,0.0,55.56,25,0.16,0.72,0.1,121653,
11307,363648,8.7,1.0,70.0,14,0.0,0.5,0.1,121653,
11308,363648,11.6,1.0,66.67,2,0.0,1.0,0.1,121653,
11309,363648,-8.6,0.0,70.59,36,0.1389,0.3611,0.1,121653,
11310,363648,3.3,1.0,87.23,41,0.122,0.5122,0.1,121653,
11311,363712,-2.6,0.0,90.0,9,0.3333,0.3333,0.1,121695,
11312,363712,-2.8,0.0,61.54,8,0.0,0.5,0.1,121695,
11313,363776,-1.5,0.0,60.0,3,0.0,0.3333,0.1,121734,
11314,363776,11.5,1.0,50.0,2,0.0,1.0,0.1,121734,
11315,363840,-8.3,0.0,64.71,33,0.0909,0.5455,0.1,121780,
11316,363904,-7.7,0.0,62.79,27,0.037,0.4815,0.1,121831,
11317,363904,4.2,1.0,58.0,29,0.0,0.5172,0.1,121831,
11318,363968,3.9,1.0,74.47,35,0.0571,0.5143,0.1,121878,
11319,363968,8.9,1.0,77.78,14,0.0714,0.7143,0.1,121878,
11320,364032,9.1,1.0,76.47,13,0.2308,0.6154,0.1,121919,
11321,364032,6.8,1.0,89.29,25,0.16,0.6,0.1,121919,
11322,364032,7.5,1.0,76.92,20,0.05,0.35,0.1,121919,
11323,364096,11.2,1.0,50.0,3,0.3333,1.0,0.1,121969,
11324,364096,9.0,1.0,72.22,13,0.0,0.3846,0.1,121969,
11325,364160,6.6,1.0,66.67,22,0.0909,0.4091,0.1,122014,
11326,364160,6.7,1.0,74.19,23,0.1739,0.4348,0.1,122014,
11327,364224,8.1,1.0,66.67,16,0.125,0.625,0.1,122059,
11328,364288,-7.0,0.0,58.82,30,0.0667,0.5333,0.1,122107,
11329,364288,7.6,1.0,80.0,20,0.15,0.4,0.1,122107,
11330,364288,-8.8,0.0,74.51,38,0.1316,0.4474,0.1,122107,
11331,364352,-2.0,0.0,76.92,10,0.0,0.5,0.1,122156,
11332,364352,-7.2,0.0,62.75,32,0.0312,0.5312,0.1,122156,
11333,364352,3.7,1.0,86.67,39,0.0769,0.4872,0.1,122156,
11334,364352,2.9,1.0,80.39,41,0.0244,0.5366,0.1,122156,
11335,364416,9.7,1.0,71.43,10,0.0,0.6,0.1,122197,
11336,364416,7.8,1.0,79.17,19,0.1053,0.5789,0.1,122197,
11337,364416,9.8,1.0,53.33,8,0.125,0.625,0.1,122197,
11338,364416,10.2,1.0,90.0,9,0.1111,0.6667,0.1,122197,
11339,364416,-6.6,0.0,50.98,26,0.1538,0.5385,0.1,122197,
11340,364480,9.7,1.0,84.62,11,0.0909,0.8182,0.1,122242,
11341,364480,-4.1,0.0,78.95,15,0.1333,0.3333,0.1,122242,
11342,364544,-7.5,0.0,68.63,35,0.0857,0.4571,0.1,122291,
11343,364544,3.9,1.0,70.83,34,0.0882,0.5588,0.1,122291,
11344,364544,-6.1,0.0,58.82,20,0.1,0.45,0.1,122291,
11345,364544,-4.6,0.0,62.5,15,0.1333,0.4667,0.1,122291,
11346,364544,4.8,1.0,65.91,29,0.1034,0.5862,0.1,122291,
11347,364544,5.9,1.0,58.97,23,0.0435,0.6087,0.1,122291,
11348,364544,-8.2,0.0,82.35,42,0.119,0.5,0.1,122291,
11349,364608,-2.9,0.0,46.67,7,0.0,0.5714,0.1,122338,
11350,364608,-3.8,0.0,55.0,11,0.0909,0.1818,0.1,122338,
11351,364608,-5.3,0.0,58.62,17,0.0,0.6471,0.1,122338,
11352,364736,3.3,1.0,72.55,37,0.1081,0.4595,0.1,122438,
11353,364736,-4.9,0.0,48.57,17,0.0588,0.2941,0.1,122438,
11354,364800,7.3,1.0,92.0,23,0.0,0.5652,0.1,122484,
11355,364800,8.5,1.0,89.47,17,0.2353,0.5882,0.1,122484,
11356,364928,-2.2,0.0,87.5,7,0.0,0.1429,0.1,122582,
11357,364992,-9.1,0.0,80.39,41,0.1707,0.3415,0.1,122625,
11358,364992,9.6,1.0,92.31,12,0.0,0.5,0.1,122625,
11359,364992,10.9,1.0,71.43,5,0.0,0.6,0.1,122625,
11360,365056,-0.9,0.0,50.0,4,0.0,0.5,0.1,122671,
11361,365056,-2.5,0.0,80.0,8,0.375,0.25,0.1,122671,
11362,365056,-2.2,0.0,36.36,4,0.0,0.25,0.1,122671,
11363,365056,-7.9,0.0,56.86,29,0.069,0.4483,0.1,122671,
11364,365056,10.1,1.0,66.67,8,0.375,0.625,0.1,122671,
11365,365120,10.1,1.0,81.82,9,0.3333,0.6667,0.1,122717,
11366,365120,9.1,1.0,87.5,14,0.0,0.4286,0.1,122717,
11367,365120,-4.5,0.0,65.22,15,0.0667,0.4,0.1,122717,
11368,365184,-6.2,0.0,80.56,29,0.069,0.3793,0.1,122761,
11369,365184,8.1,1.0,66.67,16,0.0625,0.5,0.1,122761,
11370,365184,10.2,1.0,90.0,9,0.0,0.6667,0.1,122761,
11371,365312,-9.2,0.0,82.35,42,0.1667,0.4524,0.1,122847,
11372,365312,8.2,1.0,85.71,18,0.0556,0.7222,0.1,122847,
11373,365376,-5.1,0.0,69.23,18,0.0556,0.5,0.1,122891,
11374,365440,5.4,1.0,81.08,30,0.1333,0.5667,0.1,122943,
11375,365440,3.9,1.0,78.26,36,0.1111,0.5,0.1,122943,
11376,365504,10.9,1.0,71.43,5,0.4,1.0,0.1,122988,
11377,365568,-8.1,0.0,80.39,41,0.122,0.5854,0.1,123030,
11378,365568,-7.2,0.0,62.75,32,0.0938,0.25,0.1,123030,
11379,365568,5.0,1.0,73.17,30,0.0667,0.5,0.1,123030,
11380,365568,-7.0,0.0,58.82,30,0.2,0.5,0.1,123030,
11381,365632,-7.1,0.0,60.78,31,0.0323,0.5484,0.1,123075,
11382,365696,-6.9,0.0,72.22,26,0.1538,0.4615,0.1,123120,
11383,365696,6.2,1.0,78.79,26,0.0769,0.5769,0.1,123120,
11384,365824,-5.6,0.0,68.97,20,0.0,0.5,0.1,123219,
11385,365824,5.2,1.0,76.92,30,0.1333,0.5667,0.1,123219,
11386,365824,7.0,1.0,82.14,23,0.1304,0.5652,0.1,123219,
11387,365888,-7.2,0.0,62.75,32,0.2188,0.5938,0.1,123266,
11388,365888,-2.5,0.0,63.64,7,0.2857,0.4286,0.1,123266,
11389,365888,8.7,1.0,70.0,14,0.1429,0.6429,0.1,123266,
11390,365888,8.2,1.0,85.71,18,0.0,0.4444,0.1,123266,
11391,365888,10.1,1.0,66.67,8,0.25,0.625,0.1,123266,
11392,365888,9.9,1.0,69.23,9,0.2222,0.4444,0.1,123266,
11393,365952,-8.4,0.0,86.27,44,0.1364,0.4318,0.1,123312,
11394,365952,8.6,1.0,66.67,14,0.0714,0.4286,0.1,123312,
11395,366016,-1.9,0.0,71.43,5,0.0,0.8,0.1,123360,
11396,366016,5.4,1.0,91.43,32,0.0938,0.4688,0.1,123360,
11397,366016,7.0,1.0,70.0,21,0.0952,0.7143,0.1,123360,
11398,366016,9.6,1.0,78.57,11,0.2727,0.6364,0.1,123360,
11399,366080,-1.3,0.0,50.0,2,0.0,0.5,0.1,123408,
11400,366080,-2.0,0.0,64.29,9,0.0,0.2222,0.1,123408,
11401,366144,-4.3,0.0,71.43,15,0.1333,0.4,0.1,123455,
11402,366144,-5.5,0.0,65.52,19,0.0526,0.3158,0.1,123455,
11403,366208,-3.1,0.0,70.0,14,0.2143,0.5,0.1,123501,
11404,366208,7.5,1.0,84.0,21,0.0476,0.5238,0.1,123501,
11405,366400,-3.6,0.0,52.63,10,0.1,0.3,0.1,123639,
11406,366464,7.0,1.0,88.89,24,0.2917,0.5417,0.1,123685,
11407,366464,-2.9,0.0,57.14,8,0.125,0.25,0.1,123685,
11408,366464,-7.8,0.0,74.51,38,0.1842,0.4211,0.1,123685,
11409,366464,7.3,1.0,77.78,21,0.1429,0.5238,0.1,123685,
11410,366592,5.6,1.0,85.71,30,0.0,0.5,0.1,123773,
11411,366656,9.9,1.0,83.33,10,0.1,0.9,0.1,123821,
11412,366656,4.2,1.0,83.72,36,0.1389,0.4444,0.1,123821,
11413,366656,-8.5,0.0,68.63,35,0.1429,0.4571,0.1,123821,
11414,366720,-3.0,0.0,35.29,6,0.3333,0.3333,0.1,123865,
11415,366784,-4.5,0.0,54.84,17,0.1176,0.5294,0.1,123901,
11416,366848,9.3,1.0,86.67,13,0.3846,0.4615,0.1,123947,
11417,366848,-3.8,0.0,40.91,9,0.0,0.5556,0.1,123947,
11418,366848,-9.6,0.0,78.0,39,0.1026,0.5128,0.1,123947,
11419,366848,5.0,1.0,82.05,32,0.0,0.4375,0.1,123947,
11420,366912,8.0,1.0,64.0,16,0.1875,0.5625,0.1,123998,
11421,366912,-2.5,0.0,64.71,11,0.2727,0.3636,0.1,123998,
11422,366912,8.3,1.0,72.73,16,0.125,0.6875,0.1,123998,
11423,366976,-5.2,0.0,73.08,19,0.0526,0.5789,0.1,124045,
11424,367040,-7.3,0.0,60.98,25,0.08,0.36,0.1,124089,
11425,367040,3.6,1.0,80.85,38,0.1316,0.4737,0.1,124089,
11426,367040,-6.7,0.0,53.85,21,0.0952,0.4762,0.1,124089,
11427,367040,5.8,1.0,61.54,24,0.2083,0.5,0.1,124089,
11428,367104,-1.8,0.0,57.14,4,0.0,0.5,0.1,124130,
11429,367104,6.2,1.0,78.79,26,0.1154,0.3462,0.1,124130,
11430,367104,7.7,1.0,83.33,20,0.3,0.35,0.1,124130,
11431,367104,-7.4,0.0,66.67,34,0.0882,0.5,0.1,124130,
11432,367168,8.8,1.0,83.33,15,0.0667,0.6,0.1,124177,
11433,367168,-3.9,0.0,60.0,12,0.0833,0.1667,0.1,124177,
11434,367168,-8.0,0.0,58.82,30,0.0333,0.6333,0.1,124177,
11435,367232,7.0,1.0,82.14,23,0.2174,0.4783,0.1,124228,
11436,367296,10.9,1.0,71.43,5,0.2,0.6,0.1,124278,
11437,367296,-2.8,0.0,61.54,8,0.0,0.625,0.1,124278,
11438,367296,-7.3,0.0,72.73,32,0.0625,0.4375,0.1,124278,
11439,367296,-7.8,0.0,74.51,38,0.1053,0.3947,0.1,124278,
11440,367296,8.3,1.0,90.0,18,0.0556,0.3889,0.1,124278,
11441,367296,-4.1,0.0,54.55,12,0.1667,0.5,0.1,124278,
11442,367296,-1.2,0.0,66.67,6,0.1667,0.5,0.1,124278,
11443,367296,-8.7,0.0,86.05,37,0.1351,0.4054,0.1,124278,
11444,367360,-2.7,0.0,81.82,9,0.0,0.3333,0.1,124325,
11445,367360,-2.4,0.0,54.55,6,0.1667,0.1667,0.1,124325,
11446,367424,10.6,1.0,66.67,6,0.1667,0.6667,0.1,124369,
11447,367424,-1.8,0.0,83.33,5,0.0,0.2,0.1,124369,
11448,367424,-7.5,0.0,68.63,35,0.1143,0.6,0.1,124369,
11449,367488,-7.9,0.0,76.47,39,0.1026,0.3333,0.1,124416,
11450,367488,4.7,1.0,54.17,26,0.0769,0.4615,0.1,124416,
11451,367552,-8.0,0.0,78.43,40,0.125,0.375,0.1,124458,
11452,367616,-8.0,0.0,78.43,40,0.1,0.375,0.1,124509,
11453,367616,-3.0,0.0,83.33,15,0.2,0.3333,0.1,124509,
11454,367616,-4.9,0.0,82.61,19,0.0,0.3684,0.1,124509,
11455,367680,11.0,1.0,83.33,5,0.2,0.6,0.1,124555,
11456,367680,7.7,1.0,69.23,18,0.1667,0.6667,0.1,124555,
11457,367680,10.5,1.0,77.78,7,0.0,0.5714,0.1,124555,
11458,367680,10.5,1.0,77.78,7,0.1429,0.4286,0.1,124555,
11459,367744,-5.2,0.0,73.08,19,0.0526,0.4737,0.1,124595,
11460,367744,-8.4,0.0,86.27,44,0.1136,0.2955,0.1,124595,
11461,367744,5.5,1.0,78.38,29,0.2069,0.5172,0.1,124595,
11462,367872,-2.8,0.0,75.0,9,0.2222,0.3333,0.1,124698,
11463,367936,-1.9,0.0,57.14,8,0.0,0.375,0.1,124747,
11464,368000,7.0,1.0,82.14,23,0.1739,0.5217,0.1,124799,
11465,368000,-2.8,0.0,90.91,10,0.2,0.4,0.1,124799,
11466,368000,-2.3,0.0,77.78,7,0.1429,0.1429,0.1,124799,
11467,368064,-3.2,0.0,78.57,11,0.2727,0.5455,0.1,124847,
11468,368064,9.8,1.0,91.67,11,0.0,0.6364,0.1,124847,
11469,368064,8.9,1.0,77.78,14,0.0,0.5714,0.1,124847,
11470,368128,9.7,1.0,84.62,11,0.0,0.7273,0.1,124891,
11471,368128,6.1,1.0,71.43,25,0.16,0.52,0.1,124891,
11472,368128,8.3,1.0,58.33,14,0.1429,0.7143,0.1,124891,
11473,368192,-8.9,0.0,67.35,33,0.0909,0.4848,0.1,124943,
11474,368192,10.7,1.0,75.0,6,0.6667,1.0,0.1,124943,
11475,368192,-7.9,0.0,64.0,32,0.125,0.5312,0.1,124943,
11476,368256,5.2,1.0,64.29,27,0.1852,0.6667,0.1,124989,
11477,368256,10.2,1.0,90.0,9,0.1111,0.4444,0.1,124989,
11478,368256,-8.9,0.0,76.47,39,0.0769,0.4359,0.1,124989,
11479,368320,-8.1,0.0,60.78,31,0.0645,0.5484,0.1,125039,
11480,368320,-6.4,0.0,47.06,24,0.1667,0.6667,0.1,125039,
11481,368384,-7.8,0.0,74.51,38,0.0789,0.4211,0.1,125084,
11482,368384,-2.1,0.0,40.0,4,0.0,0.0,0.1,125084,
11483,368384,5.5,1.0,69.23,27,0.0741,0.4815,0.1,125084,
11484,368448,5.2,1.0,91.67,33,0.0303,0.4545,0.1,125131,
11485,368448,5.2,1.0,60.47,26,0.0769,0.5385,0.1,125131,
11486,368448,-1.7,0.0,66.67,4,0.25,0.5,0.1,125131,
11487,368448,-1.5,0.0,33.33,2,0.0,0.0,0.1,125131,
11488,368512,-0.5,0.0,60.0,3,0.0,0.3333,0.1,125174,
11489,368576,10.4,1.0,88.89,8,0.0,0.625,0.1,125229,
11490,368576,5.9,1.0,87.88,29,0.2069,0.3793,0.1,125229,
11491,368576,-1.5,0.0,60.0,3,0.0,0.6667,0.1,125229,
11492,368576,9.5,1.0,85.71,12,0.25,0.5833,0.1,125229,
11493,368576,9.4,1.0,92.86,13,0.0769,0.6923,0.1,125229,
11494,368768,4.4,1.0,83.33,35,0.0857,0.4571,0.1,125367,
11495,368768,7.9,1.0,75.0,18,0.1111,0.5,0.1,125367,
11496,368768,-4.3,0.0,76.92,20,0.15,0.35,0.1,125367,
11497,368832,6.1,1.0,57.89,22,0.1364,0.5455,0.1,125415,
11498,368832,-5.0,0.0,76.67,23,0.1304,0.5652,0.1,125415,
11499,368832,8.6,1.0,75.0,15,0.2667,0.6,0.1,125415,
11500,368832,11.0,1.0,83.33,5,0.0,0.8,0.1,125415,
11501,368832,7.0,1.0,64.52,20,0.05,0.3,0.1,125415,
11502,368896,5.3,1.0,78.95,30,0.0,0.5333,0.1,125459,
11503,368896,-2.9,0.0,83.33,10,0.2,0.4,0.1,125459,
11504,368960,-4.0,0.0,94.12,16,0.125,0.625,0.1,125503,
11505,368960,-7.6,0.0,70.59,36,0.0556,0.3889,0.1,125503,
11506,369024,-2.9,0.0,69.23,9,0.1111,0.3333,0.1,125546,
11507,369088,-4.2,0.0,52.17,12,0.0833,0.4167,0.1,125591,
11508,369088,-7.9,0.0,76.47,39,0.0513,0.3333,0.1,125591,
11509,369152,-1.3,0.0,33.33,4,0.0,0.5,0.1,125635,
11510,369152,6.5,1.0,69.7,23,0.087,0.4348,0.1,125635,
11511,369152,-2.8,0.0,50.0,7,0.0,0.5714,0.1,125635,
11512,369216,-6.0,0.0,65.62,21,0.0476,0.5238,0.1,125680,
11513,369216,-8.1,0.0,80.39,41,0.1463,0.2683,0.1,125680,
11514,369216,-4.3,0.0,64.29,18,0.1111,0.4444,0.1,125680,
11515,369216,-7.6,0.0,86.49,32,0.0312,0.5312,0.1,125680,
11516,369216,-7.8,0.0,74.51,38,0.0789,0.4211,0.1,125680,
11517,369280,7.6,1.0,87.5,21,0.1429,0.619,0.1,125724,
11518,369280,-9.2,0.0,82.35,42,0.119,0.381,0.1,125724,
11519,369344,9.8,1.0,91.67,11,0.0,0.6364,0.1,125772,
11520,369344,10.4,1.0,88.89,8,0.25,0.5,0.1,125772,
11521,369408,4.7,1.0,80.49,33,0.0303,0.3636,0.1,125821,
11522,369408,-6.1,0.0,68.75,22,0.0909,0.4091,0.1,125821,
11523,369472,10.1,1.0,81.82,9,0.2222,0.5556,0.1,125866,
11524,369472,-8.0,0.0,78.43,40,0.175,0.425,0.1,125866,
11525,369472,-6.3,0.0,69.23,27,0.037,0.4444,0.1,125866,
11526,369472,-4.2,0.0,45.83,11,0.0909,0.5455,0.1,125866,
11527,369472,9.4,1.0,92.86,13,0.0769,0.6923,0.1,125866,
11528,369536,-6.0,0.0,55.88,19,0.0526,0.4737,0.1,125911,
11529,369600,6.3,1.0,75.76,25,0.0,0.48,0.1,125957,
11530,369664,7.7,1.0,76.0,19,0.1579,0.5263,0.1,126008,
11531,369664,4.4,1.0,87.8,36,0.1667,0.4444,0.1,126008,
11532,369728,-4.1,0.0,47.83,11,0.1818,0.4545,0.1,126054,
11533,369728,-1.9,0.0,69.23,9,0.0,0.6667,0.1,126054,
11534,369792,9.6,1.0,92.31,12,0.1667,0.5,0.1,126094,
11535,369856,4.5,1.0,80.95,34,0.1471,0.4412,0.1,126144,
11536,369856,7.2,1.0,81.48,22,0.2273,0.7273,0.1,126144,
11537,369920,5.8,1.0,80.0,28,0.0357,0.5357,0.1,126196,
11538,369984,4.5,1.0,80.95,34,0.0294,0.5,0.1,126243,
11539,370048,7.6,1.0,73.08,19,0.1053,0.4211,0.1,126292,
11540,370112,-4.7,0.0,66.67,16,0.125,0.375,0.1,126337,
11541,370112,7.9,1.0,75.0,18,0.1667,0.6111,0.1,126337,
11542,370176,-9.1,0.0,80.39,41,0.0976,0.3902,0.1,126385,
11543,370176,-4.4,0.0,76.19,16,0.0625,0.5,0.1,126385,
11544,370240,8.3,1.0,72.73,16,0.0625,0.375,0.1,126432,
11545,370240,8.8,1.0,83.33,15,0.1333,0.6667,0.1,126432,
11546,370240,7.0,1.0,70.0,21,0.0952,0.7143,0.1,126432,
11547,370240,-1.9,0.0,50.0,4,0.0,0.25,0.1,126432,
11548,370304,5.5,1.0,83.33,30,0.2333,0.5,0.1,126474,
11549,370304,-2.9,0.0,46.67,7,0.1429,0.2857,0.1,126474,
11550,370304,-3.7,0.0,76.47,13,0.0769,0.5385,0.1,126474,
11551,370304,-3.5,0.0,64.71,11,0.0,0.1818,0.1,126474,
11552,370304,6.5,1.0,80.65,25,0.16,0.68,0.1,126474,
11553,370304,5.8,1.0,75.0,27,0.0741,0.5556,0.1,126474,
11554,370304,9.6,1.0,92.31,12,0.0833,0.5,0.1,126474,
11555,370368,-2.0,0.0,85.71,6,0.0,0.3333,0.1,126517,
11556,370368,-8.3,0.0,58.33,28,0.0714,0.5714,0.1,126517,
11557,370368,4.2,1.0,75.56,34,0.2059,0.5588,0.1,126517,
11558,370432,4.1,1.0,81.82,36,0.1389,0.5,0.1,126561,
11559,370432,-1.6,0.0,72.73,8,0.0,0.5,0.1,126561,
11560,370560,5.3,1.0,78.95,30,0.0333,0.5333,0.1,126649,
11561,370560,-5.9,0.0,57.58,19,0.0,0.4211,0.1,126649,
11562,370560,-8.0,0.0,78.43,40,0.1,0.325,0.1,126649,
11563,370560,-8.7,0.0,72.55,37,0.1081,0.4595,0.1,126649,
11564,370624,6.8,1.0,60.61,20,0.1,0.65,0.1,126685,
11565,370624,-3.8,0.0,63.16,12,0.1667,0.25,0.1,126685,
11566,370624,-1.6,0.0,80.0,4,0.25,0.5,0.1,126685,
11567,370688,11.3,1.0,60.0,3,0.0,0.6667,0.1,126727,
11568,370688,-4.6,0.0,69.57,16,0.125,0.4375,0.1,126727,
11569,370688,-7.9,0.0,76.47,39,0.1282,0.4615,0.1,126727,
11570,370752,-1.5,0.0,60.0,3,0.3333,0.3333,0.1,126767,
11571,370752,7.9,1.0,82.61,19,0.2105,0.5263,0.1,126767,
11572,370752,-2.5,0.0,80.0,8,0.0,0.625,0.1,126767,
11573,370816,7.6,1.0,66.67,18,0.0,0.5556,0.1,126818,
11574,370816,-5.6,0.0,58.06,18,0.0,0.3889,0.1,126818,
11575,370880,7.5,1.0,76.92,20,0.1,0.6,0.1,126860,
11576,370880,4.0,1.0,65.31,32,0.1562,0.5625,0.1,126860,
11577,370944,-4.0,0.0,57.14,12,0.0833,0.25,0.1,126905,
11578,371008,10.8,1.0,85.71,6,0.3333,0.8333,0.1,126954,
11579,371136,7.0,1.0,64.52,20,0.1,0.45,0.1,127048,
11580,371136,11.4,1.0,75.0,3,0.3333,1.0,0.1,127048,
11581,371200,-6.9,0.0,67.57,25,0.04,0.4,0.1,127089,
11582,371264,9.5,1.0,62.5,10,0.1,0.5,0.1,127139,
11583,371328,5.9,1.0,93.75,30,0.1,0.4,0.1,127188,
11584,371328,7.2,1.0,68.97,20,0.2,0.4,0.1,127188,
11585,371328,-3.9,0.0,60.0,12,0.0,0.5833,0.1,127188,
11586,371392,9.3,1.0,75.0,12,0.0833,0.5,0.1,127232,
11587,371392,10.1,1.0,81.82,9,0.1111,0.5556,0.1,127232,
11588,371456,-8.7,0.0,72.55,37,0.027,0.4054,0.1,127279,
11589,371456,4.6,1.0,87.5,35,0.2286,0.5714,0.1,127279,
11590,371520,3.9,1.0,70.83,34,0.1765,0.3824,0.1,127320,
11591,371520,9.6,1.0,78.57,11,0.2727,0.5455,0.1,127320,
11592,371520,9.2,1.0,61.11,11,0.1818,0.6364,0.1,127320,
11593,371520,3.3,1.0,83.33,40,0.075,0.45,0.1,127320,
11594,371520,-1.4,0.0,75.0,3,0.0,0.3333,0.1,127320,
11595,371584,3.8,1.0,66.0,33,0.1212,0.5152,0.1,127365,
11596,371584,6.2,1.0,73.53,25,0.2,0.48,0.1,127365,
11597,371648,3.2,1.0,85.42,41,0.0976,0.5366,0.1,127412,
11598,371712,11.4,1.0,75.0,3,0.3333,0.6667,0.1,127462,
11599,371776,-3.7,0.0,66.67,12,0.0,0.4167,0.1,127512,
11600,371776,9.5,1.0,62.5,10,0.2,0.6,0.1,127512,
11601,371776,7.8,1.0,79.17,19,0.0,0.4211,0.1,127512,
11602,371840,10.9,1.0,71.43,5,0.2,0.6,0.1,127559,
11603,371904,-3.1,0.0,71.43,10,0.0,0.4,0.1,127601,
11604,371904,9.8,1.0,91.67,11,0.2727,0.3636,0.1,127601,
11605,371968,-2.6,0.0,90.0,9,0.2222,0.3333,0.1,127645,
11606,372032,-7.3,0.0,64.71,33,0.0606,0.4545,0.1,127693,
11607,372032,-5.6,0.0,81.48,22,0.0909,0.3636,0.1,127693,
11608,372096,5.3,1.0,88.89,32,0.2188,0.4375,0.1,127738,
11609,372096,-7.7,0.0,72.55,37,0.1351,0.5135,0.1,127738,
11610,372160,4.9,1.0,71.43,30,0.0333,0.5667,0.1,127781,
11611,372160,10.5,1.0,60.0,6,0.0,0.3333,0.1,127781,
11612,372224,3.7,1.0,75.0,36,0.0556,0.3333,0.1,127827,
11613,372224,6.6,1.0,71.88,23,0.0435,0.6087,0.1,127827,
11614,372224,6.1,1.0,81.82,27,0.0741,0.4444,0.1,127827,
11615,372224,-7.4,0.0,66.67,34,0.0588,0.5294,0.1,127827,
11616,372288,-4.1,0.0,62.96,17,0.0,0.4118,0.1,127876,
11617,372288,6.4,1.0,78.12,25,0.16,0.56,0.1,127876,
11618,372288,6.2,1.0,90.32,28,0.0357,0.3571,0.1,127876,
11619,372288,7.6,1.0,80.0,20,0.3,0.65,0.1,127876,
11620,372288,-8.1,0.0,60.78,31,0.0968,0.5161,0.1,127876,
11621,372352,10.8,1.0,85.71,6,0.0,0.6667,0.1,127916,
11622,372416,10.3,1.0,63.64,7,0.0,0.5714,0.1,127961,
11623,372416,7.2,1.0,88.46,23,0.1739,0.6522,0.1,127961,
11624,372416,-7.9,0.0,56.86,29,0.069,0.3103,0.1,127961,
11625,372480,-7.4,0.0,66.67,34,0.1765,0.4706,0.1,128006,
11626,372480,7.0,1.0,82.14,23,0.0435,0.6087,0.1,128006,
11627,372544,10.8,1.0,85.71,6,0.3333,0.6667,0.1,128046,
11628,372608,-8.1,0.0,80.39,41,0.122,0.5366,0.1,128089,
11629,372608,-1.4,0.0,40.0,2,0.0,0.5,0.1,128089,
11630,372736,4.8,1.0,69.77,30,0.0667,0.4333,0.1,128183,
11631,372736,-7.2,0.0,62.75,32,0.0625,0.5312,0.1,128183,
11632,372736,-7.6,0.0,70.59,36,0.0833,0.3611,0.1,128183,
11633,372800,-2.6,0.0,90.0,9,0.2222,0.3333,0.1,128229,
11634,372800,-8.3,0.0,64.71,33,0.0909,0.4242,0.1,128229,
11635,372800,-6.7,0.0,62.16,23,0.0435,0.3478,0.1,128229,
11636,372800,4.0,1.0,65.31,32,0.1562,0.4375,0.1,128229,
11637,372864,9.4,1.0,92.86,13,0.1538,0.6923,0.1,128279,
11638,372864,-6.7,0.0,66.67,24,0.125,0.2917,0.1,128279,
11639,372928,-7.3,0.0,64.71,33,0.0606,0.4242,0.1,128323,
11640,372992,-2.9,0.0,83.33,10,0.2,0.4,0.1,128370,
11641,373056,-4.9,0.0,55.56,15,0.0667,0.4667,0.1,128417,
11642,373056,-4.1,0.0,70.0,14,0.1429,0.4286,0.1,128417,
11643,373056,-4.6,0.0,62.5,15,0.0667,0.5333,0.1,128417,
11644,373120,-6.3,0.0,45.1,23,0.087,0.5652,0.1,128462,
11645,373120,9.6,1.0,92.31,12,0.0,0.6667,0.1,128462,
11646,373120,-7.1,0.0,60.78,31,0.0645,0.6452,0.1,128462,
11647,373184,-2.6,0.0,35.71,5,0.2,0.6,0.1,128511,
11648,373248,-4.6,0.0,44.44,12,0.0,0.5,0.1,128558,
11649,373248,-7.2,0.0,56.25,27,0.1111,0.4444,0.1,128558,
11650,373376,11.2,1.0,50.0,3,0.0,0.3333,0.1,128657,
11651,373376,5.2,1.0,76.92,30,0.1333,0.5,0.1,128657,
11652,373440,8.4,1.0,94.74,18,0.1667,0.3889,0.1,128711,
11653,373440,9.6,1.0,56.25,9,0.3333,1.0,0.1,128711,
11654,373440,4.0,1.0,62.0,31,0.129,0.5484,0.1,128711,
11655,373504,10.5,1.0,77.78,7,0.2857,0.8571,0.1,128749,
11656,373504,6.7,1.0,80.0,24,0.1667,0.4583,0.1,128749,
11657,373504,-1.6,0.0,50.0,3,0.0,0.6667,0.1,128749,
11658,373504,3.4,1.0,74.0,37,0.1351,0.4054,0.1,128749,
11659,373568,-2.6,0.0,72.73,8,0.125,0.5,0.1,128796,
11660,373568,7.3,1.0,84.62,22,0.1818,0.5455,0.1,128796,
11661,373568,8.6,1.0,75.0,15,0.2,0.6667,0.1,128796,
11662,373568,-9.0,0.0,82.35,42,0.0476,0.4048,0.1,128796,
11663,373568,-7.7,0.0,62.79,27,0.1111,0.4074,0.1,128796,
11664,373568,-7.5,0.0,49.02,25,0.16,0.44,0.1,128796,
11665,373568,-8.0,0.0,78.43,40,0.125,0.5,0.1,128796,
11666,373696,9.6,1.0,78.57,11,0.2727,0.6364,0.1,128889,
11667,373696,-3.6,0.0,70.59,12,0.0,0.4167,0.1,128889,
11668,373760,7.0,1.0,54.55,18,0.0,0.5556,0.1,128937,
11669,373760,6.7,1.0,74.19,23,0.2174,0.6522,0.1,128937,
11670,373760,-1.6,0.0,80.0,4,0.75,0.5,0.1,128937,
11671,373760,-1.9,0.0,50.0,4,0.0,0.5,0.1,128937,
11672,373824,-2.4,0.0,68.75,11,0.0,0.4545,0.1,128980,
11673,373824,-1.5,0.0,60.0,3,0.0,0.3333,0.1,128980,
11674,373824,9.9,1.0,83.33,10,0.1,0.6,0.1,128980,
11675,373824,-8.6,0.0,70.59,36,0.1667,0.3889,0.1,128980,
11676,373824,9.1,1.0,87.5,14,0.0,0.5714,0.1,128980,
11677,373824,11.4,1.0,75.0,3,0.6667,1.0,0.1,128980,
11678,373888,-2.0,0.0,62.5,5,0.0,0.4,0.1,129025,
11679,373888,-8.1,0.0,80.39,41,0.122,0.4634,0.1,129025,
11680,374016,-7.6,0.0,70.59,36,0.1667,0.3889,0.1,129120,
11681,374016,5.4,1.0,71.79,28,0.1071,0.5714,0.1,129120,
11682,374080,-7.3,0.0,64.71,33,0.0303,0.5455,0.1,129168,
11683,374080,-8.5,0.0,85.71,36,0.0833,0.3611,0.1,129168,
11684,374144,10.0,1.0,90.91,10,0.1,0.4,0.1,129219,
11685,374144,4.7,1.0,76.19,32,0.0938,0.5312,0.1,129219,
11686,374208,4.3,1.0,90.24,37,0.1081,0.4595,0.1,129267,
11687,374208,6.6,1.0,89.66,26,0.0769,0.5385,0.1,129267,
11688,374208,-7.8,0.0,74.51,38,0.0789,0.4737,0.1,129267,
11689,374208,10.8,1.0,85.71,6,0.0,0.8333,0.1,129267,
11690,374208,6.2,1.0,78.79,26,0.1538,0.5769,0.1,129267,
11691,374336,7.1,1.0,66.67,20,0.2,0.5,0.1,129364,
11692,374336,8.0,1.0,64.0,16,0.25,0.625,0.1,129364,
11693,374400,-8.6,0.0,70.59,36,0.1111,0.5,0.1,129405,
11694,374400,10.3,1.0,63.64,7,0.2857,0.7143,0.1,129405,
11695,374400,-1.8,0.0,61.54,8,0.0,0.625,0.1,129405,
11696,374400,8.3,1.0,90.0,18,0.1111,0.7222,0.1,129405,
11697,374464,-5.9,0.0,82.35,28,0.0,0.6071,0.1,129448,
11698,374464,-5.9,0.0,67.74,21,0.0952,0.381,0.1,129448,
11699,374464,-7.3,0.0,45.1,23,0.0435,0.5217,0.1,129448,
11700,374528,8.3,1.0,80.95,17,0.1176,0.5882,0.1,129495,
11701,374528,6.1,1.0,81.82,27,0.0,0.6296,0.1,129495,
11702,374528,9.7,1.0,60.0,9,0.3333,0.5556,0.1,129495,
11703,374528,-3.9,0.0,77.78,14,0.0714,0.4286,0.1,129495,
11704,374592,-5.1,0.0,83.33,20,0.0,0.3,0.1,129543,
11705,374592,-7.2,0.0,62.75,32,0.0,0.5,0.1,129543,
11706,374592,9.8,1.0,91.67,11,0.0909,0.5455,0.1,129543,
11707,374592,5.9,1.0,87.88,29,0.1724,0.4828,0.1,129543,
11708,374592,-3.2,0.0,56.25,9,0.2222,0.2222,0.1,129543,
11709,374592,5.3,1.0,78.95,30,0.1333,0.3667,0.1,129543,
11710,374656,8.7,1.0,88.89,16,0.125,0.625,0.1,129592,
11711,374656,8.7,1.0,88.89,16,0.125,0.8125,0.1,129592,
11712,374720,-4.2,0.0,75.0,15,0.0,0.4,0.1,129640,
11713,374720,9.5,1.0,85.71,12,0.0833,0.4167,0.1,129640,
11714,374784,-3.2,0.0,45.83,11,0.1818,0.2727,0.1,129688,
11715,374784,-2.9,0.0,83.33,10,0.0,0.4,0.1,129688,
11716,374784,-7.1,0.0,60.78,31,0.0645,0.6129,0.1,129688,
11717,374784,-5.4,0.0,78.12,25,0.08,0.4,0.1,129688,
11718,374784,-2.4,0.0,58.82,10,0.1,0.5,0.1,129688,
11719,374784,6.3,1.0,65.71,23,0.0435,0.5217,0.1,129688,
11720,374848,10.2,1.0,72.73,8,0.25,0.75,0.1,129736,
11721,374912,-1.4,0.0,40.0,2,0.0,0.5,0.1,129788,
11722,374912,10.6,1.0,66.67,6,0.0,0.6667,0.1,129788,
11723,374976,2.9,1.0,84.0,42,0.0714,0.4762,0.1,129837,
11724,375040,2.8,1.0,86.0,43,0.0465,0.4884,0.1,129885,
11725,375040,9.7,1.0,84.62,11,0.3636,0.6364,0.1,129885,
11726,375168,8.4,1.0,76.19,16,0.25,0.625,0.1,129979,
11727,375232,9.5,1.0,85.71,12,0.0,0.75,0.1,130025,
11728,375232,7.0,1.0,88.89,24,0.125,0.625,0.1,130025,
11729,375232,-3.8,0.0,63.16,12,0.0,0.5833,0.1,130025,
11730,375296,-1.8,0.0,57.14,4,0.0,0.75,0.1,130072,
11731,375296,9.5,1.0,85.71,12,0.25,0.75,0.1,130072,
11732,375296,10.0,1.0,75.0,9,0.0,0.7778,0.1,130072,
11733,375296,10.0,1.0,90.91,10,0.2,0.7,0.1,130072,
11734,375296,-8.2,0.0,82.35,42,0.0476,0.4524,0.1,130072,
11735,375296,-8.0,0.0,78.43,40,0.1,0.45,0.1,130072,
11736,375296,11.1,1.0,66.67,4,0.0,1.0,0.1,130072,
11737,375424,9.9,1.0,83.33,10,0.3,0.5,0.1,130172,
11738,375424,7.7,1.0,83.33,20,0.2,0.45,0.1,130172,
11739,375424,9.8,1.0,76.92,10,0.2,0.5,0.1,130172,
11740,375488,-7.1,0.0,60.78,31,0.0645,0.5161,0.1,130210,
11741,375488,11.6,1.0,66.67,2,0.5,1.0,0.1,130210,
11742,375488,-7.1,0.0,60.78,31,0.1613,0.3871,0.1,130210,
11743,375488,5.4,1.0,76.32,29,0.069,0.5172,0.1,130210,
11744,375488,10.2,1.0,72.73,8,0.25,0.875,0.1,130210,
11745,375552,11.5,1.0,50.0,2,0.5,1.0,0.1,130254,
11746,375552,7.4,1.0,80.77,21,0.0952,0.4286,0.1,130254,
11747,375552,-3.8,0.0,72.22,13,0.1538,0.3846,0.1,130254,
11748,375616,9.7,1.0,84.62,11,0.2727,0.6364,0.1,130302,
11749,375680,8.9,1.0,77.78,14,0.1429,0.5,0.1,130350,
11750,375744,6.7,1.0,80.0,24,0.0833,0.5417,0.1,130398,
11751,375808,-2.1,0.0,55.56,5,0.0,0.4,0.1,130443,
11752,375808,7.7,1.0,69.23,18,0.0556,0.7222,0.1,130443,
11753,375872,-7.9,0.0,76.47,39,0.0513,0.5385,0.1,130491,
11754,375872,-0.7,0.0,66.67,4,0.25,0.25,0.1,130491,
11755,375936,9.9,1.0,57.14,8,0.0,0.75,0.1,130538,
11756,376000,7.7,1.0,83.33,20,0.05,0.25,0.1,130584,
11757,376000,9.9,1.0,83.33,10,0.2,0.6,0.1,130584,
11758,376000,6.8,1.0,76.67,23,0.087,0.3913,0.1,130584,
11759,376000,-8.0,0.0,78.43,40,0.125,0.475,0.1,130584,
11760,376000,-2.4,0.0,54.55,6,0.0,0.6667,0.1,130584,
11761,376064,8.0,1.0,78.26,18,0.1111,0.6111,0.1,130619,
11762,376064,-5.6,0.0,63.89,23,0.1304,0.4783,0.1,130619,
11763,376064,8.5,1.0,80.0,16,0.0,0.5,0.1,130619,
11764,376064,-7.5,0.0,68.63,35,0.0571,0.5714,0.1,130619,
11765,376128,-8.2,0.0,62.75,32,0.0625,0.4062,0.1,130662,
11766,376192,6.7,1.0,74.19,23,0.087,0.4348,0.1,130707,
11767,376192,-1.9,0.0,57.14,8,0.0,0.375,0.1,130707,
11768,376320,-1.5,0.0,60.0,3,0.3333,0.0,0.1,130799,
11769,376320,-3.0,0.0,76.92,10,0.1,0.5,0.1,130799,
11770,376384,11.1,1.0,66.67,4,0.0,0.75,0.1,130844,
11771,376384,-2.1,0.0,75.0,6,0.3333,0.3333,0.1,130844,
11772,376384,-8.0,0.0,58.82,30,0.0333,0.5,0.1,130844,
11773,376448,4.6,1.0,66.67,30,0.0333,0.5333,0.1,130884,
11774,376448,6.3,1.0,81.25,26,0.1154,0.4615,0.1,130884,
11775,376448,11.0,1.0,57.14,4,0.25,0.75,0.1,130884,
11776,376448,7.3,1.0,77.78,21,0.0952,0.4286,0.1,130884,
11777,376512,6.7,1.0,80.0,24,0.0833,0.5417,0.1,130931,
11778,376576,5.6,1.0,66.67,26,0.0385,0.5,0.1,130973,
11779,376640,-2.9,0.0,57.14,8,0.125,0.25,0.1,131017,
11780,376640,5.3,1.0,78.95,30,0.1333,0.4,0.1,131017,
11781,376640,5.3,1.0,51.11,23,0.0,0.5652,0.1,131017,
11782,376704,8.7,1.0,88.89,16,0.0,0.5,0.1,131064,
11783,376704,6.0,1.0,74.29,26,0.0769,0.4615,0.1,131064,
11784,376704,-7.4,0.0,67.39,31,0.0968,0.5161,0.1,131064,
11785,376704,-4.5,0.0,60.0,18,0.1111,0.4444,0.1,131064,
11786,376704,7.7,1.0,83.33,20,0.1,0.55,0.1,131064,
11787,376704,10.6,1.0,66.67,6,0.3333,0.5,0.1,131064,
11788,376704,-5.9,0.0,73.33,22,0.0455,0.5909,0.1,131064,
11789,376768,-3.4,0.0,76.19,16,0.1875,0.375,0.1,131109,
11790,376768,-2.0,0.0,85.71,6,0.0,0.3333,0.1,131109,
11791,376768,9.6,1.0,92.31,12,0.0833,0.4167,0.1,131109,
11792,376768,11.1,1.0,66.67,4,0.0,0.5,0.1,131109,
11793,376832,6.3,1.0,65.71,23,0.0435,0.5652,0.1,131156,
11794,376832,-8.4,0.0,63.83,30,0.0667,0.6333,0.1,131156,
11795,376832,-7.5,0.0,68.63,35,0.1143,0.4571,0.1,131156,
11796,376832,-7.7,0.0,72.55,37,0.027,0.6216,0.1,131156,
11797,376896,8.9,1.0,88.24,15,0.0667,0.5333,0.1,131205,
11798,376896,4.8,1.0,73.81,31,0.129,0.5484,0.1,131205,
11799,376960,7.4,1.0,80.77,21,0.1429,0.5238,0.1,131254,
11800,377024,9.5,1.0,36.84,7,0.1429,0.7143,0.1,131308,
11801,377024,-2.0,0.0,44.44,4,0.0,0.0,0.1,131308,
11802,377088,-6.7,0.0,52.94,27,0.037,0.5556,0.1,131361,
11803,377152,-1.7,0.0,66.67,4,0.25,0.5,0.1,131406,
11804,377152,7.3,1.0,92.0,23,0.087,0.5652,0.1,131406,
11805,377216,-1.3,0.0,77.78,7,0.4286,0.5714,0.1,131458,
11806,377216,6.9,1.0,85.71,24,0.0833,0.4583,0.1,131458,
11807,377216,-1.9,0.0,71.43,5,0.0,0.2,0.1,131458,
11808,377280,9.5,1.0,85.71,12,0.1667,0.75,0.1,131503,
11809,377280,7.6,1.0,73.08,19,0.0526,0.5263,0.1,131503,
11810,377280,-3.9,0.0,68.0,17,0.1176,0.6471,0.1,131503,
11811,377344,4.6,1.0,78.57,33,0.1212,0.4848,0.1,131549,
11812,377344,-4.8,0.0,78.26,18,0.1111,0.3889,0.1,131549,
11813,377344,4.5,1.0,85.37,35,0.0571,0.3714,0.1,131549,
11814,377472,3.6,1.0,80.85,38,0.1316,0.5263,0.1,131643,
11815,377472,6.3,1.0,87.1,27,0.0741,0.4815,0.1,131643,
11816,377472,-8.1,0.0,80.39,41,0.0244,0.561,0.1,131643,
11817,377472,-2.6,0.0,72.73,8,0.125,0.375,0.1,131643,
11818,377472,3.1,1.0,87.5,42,0.0714,0.4524,0.1,131643,
11819,377472,5.1,1.0,79.49,31,0.0968,0.5806,0.1,131643,
11820,377600,10.0,1.0,75.0,9,0.0,0.4444,0.1,131741,
11821,377600,9.9,1.0,83.33,10,0.0,0.8,0.1,131741,
11822,377600,-1.6,0.0,80.0,4,0.0,0.5,0.1,131741,
11823,377600,9.6,1.0,78.57,11,0.1818,0.5455,0.1,131741,
11824,377600,5.4,1.0,67.5,27,0.0741,0.5556,0.1,131741,
11825,377728,-3.4,0.0,68.75,11,0.0909,0.3636,0.1,131833,
11826,377728,-2.4,0.0,70.0,7,0.0,0.8571,0.1,131833,
11827,377728,10.8,1.0,85.71,6,0.1667,0.5,0.1,131833,
11828,377792,-8.6,0.0,70.59,36,0.0278,0.5833,0.1,131876,
11829,377792,-8.1,0.0,60.78,31,0.0645,0.4194,0.1,131876,
11830,377792,7.8,1.0,53.57,15,0.0667,0.3333,0.1,131876,
11831,377856,9.0,1.0,82.35,14,0.1429,0.5714,0.1,131925,
11832,377920,-4.8,0.0,86.36,19,0.1579,0.2632,0.1,131979,
11833,378048,-7.1,0.0,60.78,31,0.0,0.3871,0.1,132069,
11834,378112,7.7,1.0,91.3,21,0.3333,0.381,0.1,132121,
11835,378112,9.2,1.0,70.59,12,0.0,0.5833,0.1,132121,
11836,378176,-3.5,0.0,86.67,13,0.0769,0.3846,0.1,132166,
11837,378176,-7.7,0.0,52.94,27,0.1111,0.5185,0.1,132166,
11838,378240,-3.1,0.0,50.0,8,0.0,0.25,0.1,132214,
11839,378240,-6.2,0.0,61.76,21,0.0952,0.6667,0.1,132214,
11840,378304,3.8,1.0,84.44,38,0.1053,0.5789,0.1,132261,
11841,378304,4.7,1.0,68.18,30,0.0667,0.5333,0.1,132261,
11842,378368,6.3,1.0,87.1,27,0.037,0.4074,0.1,132311,
11843,378368,4.3,1.0,59.18,29,0.0345,0.5862,0.1,132311,
11844,378432,-7.9,0.0,78.26,36,0.0278,0.4167,0.1,132360,
11845,378496,7.8,1.0,86.96,20,0.0,0.45,0.1,132409,
11846,378496,-1.6,0.0,72.73,8,0.125,0.125,0.1,132409,
11847,378496,-3.0,0.0,64.29,9,0.2222,0.5556,0.1,132409,
11848,378560,-4.1,0.0,78.95,15,0.0667,0.5333,0.1,132456,
11849,378560,5.6,1.0,75.68,28,0.0357,0.4286,0.1,132456,
11850,378560,-8.5,0.0,88.24,45,0.0889,0.6,0.1,132456,
11851,378560,10.8,1.0,62.5,5,0.2,0.6,0.1,132456,
11852,378560,9.0,1.0,82.35,14,0.3571,0.5,0.1,132456,
11853,378560,-8.3,0.0,84.31,43,0.1395,0.4651,0.1,132456,
11854,378624,8.8,1.0,65.0,13,0.1538,0.4615,0.1,132501,
11855,378688,11.2,1.0,80.0,4,0.0,1.0,0.1,132551,
11856,378688,-5.5,0.0,65.71,23,0.1739,0.5217,0.1,132551,
11857,378816,-8.7,0.0,72.55,37,0.0541,0.5135,0.1,132643,
11858,378816,-1.5,0.0,60.0,3,0.0,0.0,0.1,132643,
11859,378880,-4.0,0.0,65.0,13,0.1538,0.3846,0.1,132694,
11860,378944,7.2,1.0,81.48,22,0.0455,0.5,0.1,132744,
11861,379008,-8.2,0.0,84.78,39,0.0769,0.4615,0.1,132794,
11862,379072,9.5,1.0,85.71,12,0.25,0.5833,0.1,132842,
11863,379072,-4.5,0.0,65.22,15,0.1333,0.5333,0.1,132842,
11864,379072,4.5,1.0,85.37,35,0.0857,0.3429,0.1,132842,
11865,379072,-2.0,0.0,62.5,5,0.2,0.4,0.1,132842,
11866,379200,5.1,1.0,70.73,29,0.1034,0.4138,0.1,132937,
11867,379264,-8.4,0.0,86.27,44,0.1364,0.4773,0.1,132990,
11868,379264,4.8,1.0,82.5,33,0.0606,0.5455,0.1,132990,
11869,379328,8.8,1.0,94.12,16,0.0625,0.5,0.1,133030,
11870,379328,-7.5,0.0,68.63,35,0.0857,0.4857,0.1,133030,
11871,379328,7.7,1.0,91.3,21,0.1905,0.5714,0.1,133030,
11872,379328,-7.6,0.0,50.98,26,0.0769,0.4615,0.1,133030,
11873,379328,7.3,1.0,92.0,23,0.1739,0.3478,0.1,133030,
11874,379392,5.0,1.0,77.5,31,0.0645,0.4839,0.1,133075,
11875,379392,-7.2,0.0,71.05,27,0.0741,0.3333,0.1,133075,
11876,379456,-7.2,0.0,62.75,32,0.0,0.4375,0.1,133128,
11877,379520,-1.9,0.0,71.43,5,0.6,0.4,0.1,133176,
11878,379520,-4.1,0.0,46.67,14,0.0,0.5,0.1,133176,
11879,379520,6.5,1.0,75.0,24,0.1667,0.5,0.1,133176,
11880,379520,11.2,1.0,80.0,4,0.0,0.75,0.1,133176,
11881,379520,-4.1,0.0,78.95,15,0.0,0.4,0.1,133176,
11882,379584,-8.0,0.0,78.43,40,0.05,0.45,0.1,133225,
11883,379584,3.4,1.0,77.55,38,0.1316,0.4737,0.1,133225,
11884,379584,9.3,1.0,75.0,12,0.0833,0.6667,0.1,133225,
11885,379584,-4.7,0.0,73.91,17,0.0,0.3529,0.1,133225,
11886,379648,5.5,1.0,78.38,29,0.1379,0.4138,0.1,133272,
11887,379776,3.7,1.0,75.0,36,0.1111,0.3333,0.1,133375,
11888,379840,5.2,1.0,76.92,30,0.1667,0.4667,0.1,133421,
11889,379904,-5.1,0.0,76.0,19,0.1053,0.4211,0.1,133469,
11890,379904,-9.0,0.0,78.43,40,0.025,0.425,0.1,133469,
11891,379904,-3.7,0.0,57.89,11,0.0909,0.5455,0.1,133469,
11892,379968,-7.9,0.0,76.47,39,0.0769,0.4103,0.1,133516,
11893,379968,-7.5,0.0,68.63,35,0.0571,0.4,0.1,133516,
11894,379968,-2.0,0.0,85.71,6,0.1667,0.3333,0.1,133516,
11895,379968,-8.1,0.0,80.39,41,0.0976,0.3902,0.1,133516,
11896,380032,2.9,1.0,87.76,43,0.1628,0.5116,0.1,133569,
11897,380032,10.1,1.0,81.82,9,0.2222,0.4444,0.1,133569,
11898,380032,-1.7,0.0,42.86,3,0.0,0.0,0.1,133569,
11899,380032,7.8,1.0,86.96,20,0.1,0.5,0.1,133569,
11900,380096,-6.9,0.0,56.86,29,0.1034,0.4138,0.1,133613,
11901,380096,10.5,1.0,77.78,7,0.1429,0.5714,0.1,133613,
11902,380160,-8.1,0.0,80.39,41,0.0976,0.4878,0.1,133660,
11903,380160,9.5,1.0,85.71,12,0.3333,0.4167,0.1,133660,
11904,380288,-3.3,0.0,73.33,11,0.0,0.2727,0.1,133763,
11905,380288,11.5,1.0,50.0,2,0.5,1.0,0.1,133763,
11906,380352,8.4,1.0,85.0,17,0.1176,0.5294,0.1,133810,
11907,380416,2.9,1.0,80.39,41,0.1463,0.5122,0.1,133863,
11908,380416,-6.5,0.0,49.02,25,0.08,0.52,0.1,133863,
11909,380416,4.8,1.0,78.05,32,0.2188,0.4375,0.1,133863,
11910,380480,10.4,1.0,88.89,8,0.125,0.625,0.1,133915,
11911,380480,6.7,1.0,68.75,22,0.0455,0.4545,0.1,133915,
11912,380544,-5.9,0.0,62.5,20,0.05,0.55,0.1,133966,
11913,380608,-8.1,0.0,86.67,39,0.1538,0.5128,0.1,134016,
11914,380608,-4.7,0.0,78.57,22,0.1818,0.5,0.1,134016,
11915,380608,10.3,1.0,80.0,8,0.0,0.75,0.1,134016,
11916,380608,9.9,1.0,83.33,10,0.2,0.5,0.1,134016,
11917,380672,8.5,1.0,71.43,15,0.1333,0.5333,0.1,134066,
11918,380672,11.4,1.0,75.0,3,0.0,1.0,0.1,134066,
11919,380672,3.0,1.0,82.0,41,0.0244,0.5366,0.1,134066,
11920,380736,-3.8,0.0,63.16,12,0.0833,0.5,0.1,134111,
11921,380736,-7.3,0.0,64.71,33,0.0303,0.4848,0.1,134111,
11922,380736,-6.9,0.0,56.86,29,0.0345,0.5517,0.1,134111,
11923,380736,-7.5,0.0,68.63,35,0.0571,0.5143,0.1,134111,
11924,380800,10.9,1.0,71.43,5,0.4,0.8,0.1,134159,
11925,380864,7.7,1.0,83.33,20,0.15,0.35,0.1,134209,
11926,380864,-8.7,0.0,72.55,37,0.0541,0.4324,0.1,134209,
11927,380992,9.0,1.0,82.35,14,0.0,0.6429,0.1,134311,
11928,380992,-5.8,0.0,70.0,21,0.0,0.5238,0.1,134311,
11929,380992,9.5,1.0,85.71,12,0.3333,0.5,0.1,134311,
11930,380992,-3.7,0.0,81.82,18,0.0556,0.5556,0.1,134311,
11931,380992,-8.7,0.0,72.55,37,0.0811,0.3243,0.1,134311,
11932,380992,3.9,1.0,70.83,34,0.0882,0.5,0.1,134311,
11933,381056,7.3,1.0,77.78,21,0.0476,0.7143,0.1,134363,
11934,381056,-7.9,0.0,76.47,39,0.1282,0.5385,0.1,134363,
11935,381120,-6.3,0.0,88.57,31,0.1935,0.5161,0.1,134409,
11936,381120,4.5,1.0,90.0,36,0.0833,0.4722,0.1,134409,
11937,381184,4.6,1.0,82.93,34,0.1471,0.5294,0.1,134459,
11938,381184,8.6,1.0,94.44,17,0.1176,0.5882,0.1,134459,
11939,381184,-3.8,0.0,93.75,15,0.0,0.4667,0.1,134459,
11940,381184,7.9,1.0,90.91,20,0.2,0.55,0.1,134459,
11941,381248,3.5,1.0,75.51,37,0.1081,0.4595,0.1,134498,
11942,381312,-1.6,0.0,80.0,4,0.0,0.25,0.1,134550,
11943,381312,-2.7,0.0,81.82,9,0.3333,0.6667,0.1,134550,
11944,381440,-8.5,0.0,68.63,35,0.1429,0.4857,0.1,134654,
11945,381504,9.6,1.0,78.57,11,0.1818,0.3636,0.1,134708,
11946,381504,8.3,1.0,72.73,16,0.0625,0.5625,0.1,134708,
11947,381504,10.6,1.0,87.5,7,0.4286,0.7143,0.1,134708,
11948,381504,-8.4,0.0,86.27,44,0.0682,0.4545,0.1,134708,
11949,381568,-1.6,0.0,80.0,4,0.75,0.5,0.1,134758,
11950,381568,8.9,1.0,77.78,14,0.1429,0.5714,0.1,134758,
11951,381632,-8.1,0.0,80.39,41,0.1951,0.3659,0.1,134802,
11952,381632,-9.1,0.0,78.72,37,0.0541,0.4865,0.1,134802,
11953,381632,10.6,1.0,87.5,7,0.0,0.8571,0.1,134802,
11954,381696,5.7,1.0,77.78,28,0.1786,0.3929,0.1,134852,
11955,381696,-6.7,0.0,76.47,26,0.0769,0.6923,0.1,134852,
11956,381760,9.7,1.0,71.43,10,0.3,0.7,0.1,134899,
11957,381760,-8.5,0.0,69.57,32,0.0625,0.2812,0.1,134899,
11958,381760,9.2,1.0,61.11,11,0.0909,0.5455,0.1,134899,
11959,381760,-7.9,0.0,76.47,39,0.1026,0.3846,0.1,134899,
11960,381760,-5.3,0.0,64.29,18,0.0,0.5556,0.1,134899,
11961,381824,-7.9,0.0,76.47,39,0.0769,0.3846,0.1,134943,
11962,381824,11.2,1.0,80.0,4,0.25,0.75,0.1,134943,
11963,381824,6.8,1.0,89.29,25,0.08,0.44,0.1,134943,
11964,381824,-5.5,0.0,71.43,20,0.25,0.35,0.1,134943,
11965,381824,9.2,1.0,81.25,13,0.0,0.5385,0.1,134943,
11966,381952,9.9,1.0,83.33,10,0.1,0.6,0.1,135049,
11967,381952,-9.0,0.0,76.6,36,0.1111,0.4444,0.1,135049,
11968,381952,-8.5,0.0,88.24,45,0.0,0.4444,0.1,135049,
11969,382016,8.6,1.0,66.67,14,0.2143,0.5714,0.1,135096,
11970,382016,-2.8,0.0,72.22,13,0.2308,0.4615,0.1,135096,
11971,382080,7.7,1.0,76.0,19,0.2632,0.4737,0.1,135145,
11972,382208,-1.3,0.0,50.0,2,0.0,0.5,0.1,135252,
11973,382208,-5.1,0.0,69.23,18,0.0556,0.3889,0.1,135252,
11974,382272,4.7,1.0,72.09,31,0.0968,0.4839,0.1,135299,
11975,382272,-7.8,0.0,74.51,38,0.0526,0.4737,0.1,135299,
11976,382272,10.3,1.0,80.0,8,0.5,0.875,0.1,135299,
11977,382272,-2.6,0.0,72.73,8,0.0,0.25,0.1,135299,
11978,382336,8.7,1.0,88.89,16,0.0625,0.625,0.1,135348,
11979,382336,-8.4,0.0,86.27,44,0.1591,0.5,0.1,135348,
11980,382336,3.9,1.0,95.24,40,0.1,0.55,0.1,135348,
11981,382400,6.4,1.0,72.73,24,0.0833,0.4583,0.1,135404,
11982,382400,-3.0,0.0,64.29,9,0.3333,0.2222,0.1,135404,
11983,382464,3.8,1.0,76.6,36,0.1111,0.4167,0.1,135457,
11984,382464,-2.9,0.0,69.23,9,0.3333,0.3333,0.1,135457,
11985,382528,9.1,1.0,87.5,14,0.0714,0.6429,0.1,135507,
11986,382528,-4.6,0.0,85.71,18,0.2222,0.5,0.1,135507,
11987,382528,9.9,1.0,83.33,10,0.1,0.6,0.1,135507,
11988,382528,-8.2,0.0,82.35,42,0.0952,0.5,0.1,135507,
11989,382592,-5.4,0.0,62.07,18,0.0556,0.5,0.1,135552,
11990,382592,7.0,1.0,70.0,21,0.0,0.5238,0.1,135552,
11991,382592,6.7,1.0,86.21,25,0.24,0.52,0.1,135552,
11992,382592,8.7,1.0,88.89,16,0.0,0.6875,0.1,135552,
11993,382656,10.2,1.0,90.0,9,0.3333,0.6667,0.1,135602,
11994,382656,-8.8,0.0,74.51,38,0.0526,0.4737,0.1,135602,
11995,382656,-1.7,0.0,66.67,4,0.0,0.0,0.1,135602,
11996,382720,5.5,1.0,88.57,31,0.0645,0.4194,0.1,135643,
11997,382720,-2.0,0.0,62.5,5,0.0,0.8,0.1,135643,
11998,382720,8.0,1.0,86.36,19,0.1579,0.6316,0.1,135643,
11999,382784,3.5,1.0,72.0,36,0.0833,0.5556,0.1,135685,
12000,382848,9.3,1.0,64.71,11,0.0909,0.8182,0.1,135737,
12001,382848,-1.9,0.0,71.43,5,0.2,0.2,0.1,135737,
12002,382848,4.3,1.0,69.57,32,0.0625,0.5,0.1,135737,
12003,382848,-3.2,0.0,78.57,11,0.0909,0.0909,0.1,135737,
12004,382848,-8.1,0.0,80.39,41,0.0488,0.5854,0.1,135737,
12005,382912,6.5,1.0,93.1,27,0.0741,0.5185,0.1,135788,
12006,382976,3.9,1.0,74.47,35,0.0571,0.5143,0.1,135834,
12007,383104,5.5,1.0,73.68,28,0.1429,0.4643,0.1,135927,
12008,383104,8.5,1.0,80.0,16,0.25,0.5625,0.1,135927,
12009,383168,6.0,1.0,79.41,27,0.1481,0.4444,0.1,135976,
12010,383168,8.5,1.0,71.43,15,0.1333,0.5333,0.1,135976,
12011,383168,6.9,1.0,79.31,23,0.087,0.4348,0.1,135976,
12012,383232,-2.0,0.0,76.92,10,0.1,0.5,0.1,136032,
12013,383232,-4.9,0.0,75.0,18,0.1667,0.5556,0.1,136032,
12014,383232,11.0,1.0,83.33,5,0.4,0.4,0.1,136032,
12015,383232,5.6,1.0,85.71,30,0.0,0.5667,0.1,136032,
12016,383232,-8.5,0.0,88.24,45,0.0667,0.4889,0.1,136032,
12017,383296,-1.9,0.0,71.43,5,0.0,0.2,0.1,136081,
12018,383296,8.6,1.0,84.21,16,0.0,0.5625,0.1,136081,
12019,383360,-2.3,0.0,60.0,6,0.5,0.5,0.1,136135,
12020,383360,-2.3,0.0,77.78,7,0.1429,0.5714,0.1,136135,
12021,383360,7.6,1.0,80.0,20,0.1,0.6,0.1,136135,
12022,383424,6.7,1.0,80.0,24,0.125,0.4583,0.1,136189,
12023,383424,-7.8,0.0,74.51,38,0.2105,0.3947,0.1,136189,
12024,383424,3.5,1.0,82.98,39,0.0256,0.4615,0.1,136189,
12025,383488,-6.7,0.0,66.67,24,0.125,0.4583,0.1,136241,
12026,383488,10.3,1.0,80.0,8,0.0,0.75,0.1,136241,
12027,383488,-5.0,0.0,53.57,15,0.0,0.4667,0.1,136241,
12028,383552,10.6,1.0,66.67,6,0.0,0.5,0.1,136291,
12029,383552,-7.6,0.0,70.59,36,0.0278,0.5278,0.1,136291,
12030,383552,7.5,1.0,91.67,22,0.0455,0.5,0.1,136291,
12031,383552,8.2,1.0,95.0,19,0.0,0.5263,0.1,136291,
12032,383552,8.9,1.0,68.42,13,0.2308,0.6923,0.1,136291,
12033,383552,-5.7,0.0,78.57,22,0.0909,0.4545,0.1,136291,
12034,383616,6.9,1.0,85.71,24,0.125,0.5417,0.1,136334,
12035,383616,8.5,1.0,80.0,16,0.125,0.75,0.1,136334,
12036,383680,-1.1,0.0,75.0,6,0.0,0.6667,0.1,136384,
12037,383744,-6.5,0.0,75.76,25,0.08,0.4,0.1,136435,
12038,383744,-8.1,0.0,78.72,37,0.1081,0.3514,0.1,136435,
12039,383744,-1.3,0.0,50.0,2,0.5,0.5,0.1,136435,
12040,383872,-7.9,0.0,76.47,39,0.0513,0.4359,0.1,136537,
12041,383872,-1.4,0.0,40.0,2,0.0,0.5,0.1,136537,
12042,383936,8.5,1.0,89.47,17,0.1765,0.4706,0.1,136589,
12043,383936,-3.1,0.0,78.95,15,0.2,0.5333,0.1,136589,
12044,383936,-0.7,0.0,66.67,4,0.25,0.5,0.1,136589,
12045,383936,-4.4,0.0,85.0,17,0.1176,0.3529,0.1,136589,
12046,384000,-7.2,0.0,62.75,32,0.0938,0.5938,0.1,136633,
12047,384064,9.4,1.0,80.0,12,0.0833,0.5,0.1,136682,
12048,384128,5.5,1.0,83.33,30,0.1,0.5,0.1,136733,
12049,384128,9.6,1.0,92.31,12,0.0,0.4167,0.1,136733,
12050,384192,9.2,1.0,93.33,14,0.0714,0.5,0.1,136782,
12051,384192,3.1,1.0,80.0,40,0.0,0.575,0.1,136782,
12052,384192,-2.8,0.0,75.0,9,0.2222,0.3333,0.1,136782,
12053,384256,-9.2,0.0,82.35,42,0.0952,0.3571,0.1,136827,
12054,384256,-1.5,0.0,60.0,3,0.0,0.3333,0.1,136827,
12055,384256,9.0,1.0,93.75,15,0.1333,0.7333,0.1,136827,
12056,384320,11.2,1.0,50.0,3,0.0,0.6667,0.1,136874,
12057,384320,-7.2,0.0,62.75,32,0.125,0.4375,0.1,136874,
12058,384320,7.2,1.0,81.48,22,0.2273,0.5,0.1,136874,
12059,384320,9.4,1.0,80.0,12,0.0,0.5,0.1,136874,
12060,384320,9.1,1.0,87.5,14,0.0,0.7143,0.1,136874,
12061,384384,-5.5,0.0,71.43,20,0.3,0.4,0.1,136919,
12062,384384,6.6,1.0,83.33,25,0.12,0.68,0.1,136919,
12063,384384,9.7,1.0,84.62,11,0.0909,0.5455,0.1,136919,
12064,384384,-9.7,0.0,92.16,47,0.0426,0.2979,0.1,136919,
12065,384448,-1.3,0.0,20.0,1,0.0,0.0,0.1,136970,
12066,384448,-4.8,0.0,70.0,21,0.0952,0.5714,0.1,136970,
12067,384576,11.1,1.0,66.67,4,0.25,1.0,0.1,137068,
12068,384576,6.5,1.0,75.0,24,0.125,0.5,0.1,137068,
12069,384640,-1.5,0.0,60.0,3,0.0,0.3333,0.1,137112,
12070,384640,8.3,1.0,90.0,18,0.0556,0.5,0.1,137112,
12071,384704,-2.9,0.0,83.33,10,0.2,0.6,0.1,137157,
12072,384704,9.7,1.0,84.62,11,0.2727,0.7273,0.1,137157,
12073,384768,-8.3,0.0,72.73,32,0.0625,0.4062,0.1,137201,
12074,384768,-7.5,0.0,65.96,31,0.1613,0.4194,0.1,137201,
12075,384768,5.6,1.0,85.71,30,0.0,0.5667,0.1,137201,
12076,384832,-2.7,0.0,81.82,9,0.0,0.2222,0.1,137250,
12077,384832,-4.5,0.0,80.95,17,0.0588,0.4706,0.1,137250,
12078,384832,-7.9,0.0,76.47,39,0.1538,0.5897,0.1,137250,
12079,384896,7.4,1.0,80.77,21,0.0476,0.4286,0.1,137291,
12080,384896,-6.3,0.0,60.0,21,0.1905,0.5238,0.1,137291,
12081,384896,5.1,1.0,70.73,29,0.069,0.6207,0.1,137291,
12082,385024,-5.8,0.0,75.86,22,0.0909,0.4091,0.1,137390,
12083,385088,-2.7,0.0,81.82,9,0.3333,0.5556,0.1,137438,
12084,385088,-7.2,0.0,62.75,32,0.0625,0.5938,0.1,137438,
12085,385152,9.8,1.0,64.29,9,0.4444,0.7778,0.1,137491,
12086,385152,-6.8,0.0,69.44,25,0.12,0.36,0.1,137491,
12087,385216,6.3,1.0,87.1,27,0.1481,0.5185,0.1,137539,
12088,385280,8.0,1.0,57.69,15,0.1333,0.6,0.1,137585,
12089,385280,-1.9,0.0,71.43,5,0.0,0.2,0.1,137585,
12090,385280,6.9,1.0,92.59,25,0.24,0.52,0.1,137585,
12091,385344,10.8,1.0,85.71,6,0.1667,0.6667,0.1,137630,
12092,385344,-2.3,0.0,77.78,7,0.1429,0.2857,0.1,137630,
12093,385472,-9.1,0.0,80.39,41,0.1707,0.561,0.1,137728,
12094,385472,-1.6,0.0,50.0,3,0.0,0.0,0.1,137728,
12095,385472,-4.6,0.0,81.48,22,0.0,0.4091,0.1,137728,
12096,385472,4.9,1.0,75.61,31,0.129,0.4839,0.1,137728,
12097,385536,-1.8,0.0,37.5,3,0.0,0.0,0.1,137774,
12098,385536,-7.0,0.0,58.82,30,0.1,0.4667,0.1,137774,
12099,385536,-1.3,0.0,60.0,6,0.0,0.0,0.1,137774,
12100,385600,9.1,1.0,87.5,14,0.0714,0.3571,0.1,137824,
12101,385600,6.2,1.0,73.53,25,0.16,0.52,0.1,137824,
12102,385600,-4.5,0.0,77.78,21,0.2381,0.381,0.1,137824,
12103,385600,-8.1,0.0,80.39,41,0.0976,0.5366,0.1,137824,
12104,385664,-8.7,0.0,66.67,32,0.0938,0.5,0.1,137873,
12105,385664,3.7,1.0,78.72,37,0.027,0.3514,0.1,137873,
12106,385664,10.1,1.0,66.67,8,0.125,0.75,0.1,137873,
12107,385728,9.7,1.0,71.43,10,0.1,0.7,0.1,137923,
12108,385728,-8.1,0.0,80.39,41,0.1463,0.4146,0.1,137923,
12109,385792,-8.2,0.0,82.35,42,0.0476,0.619,0.1,137972,
12110,385792,6.0,1.0,74.29,26,0.0,0.6923,0.1,137972,
12111,385792,-7.0,0.0,80.0,28,0.0357,0.5,0.1,137972,
12112,385792,8.6,1.0,59.09,13,0.1538,0.3846,0.1,137972,
12113,385856,-7.6,0.0,70.59,36,0.0833,0.4444,0.1,138016,
12114,385856,8.0,1.0,86.36,19,0.0,0.4737,0.1,138016,
12115,385920,-4.0,0.0,73.68,14,0.0,0.2857,0.1,138068,
12116,385920,-1.0,0.0,85.71,6,0.1667,0.5,0.1,138068,
12117,385984,5.2,1.0,72.5,29,0.1724,0.3103,0.1,138119,
12118,385984,7.6,1.0,73.08,19,0.0526,0.6842,0.1,138119,
12119,386048,3.2,1.0,81.63,40,0.1,0.45,0.1,138166,
12120,386048,5.3,1.0,88.89,32,0.0312,0.4375,0.1,138166,
12121,386112,-6.6,0.0,68.29,28,0.0714,0.5,0.1,138212,
12122,386112,-3.0,0.0,76.92,10,0.2,0.4,0.1,138212,
12123,386240,6.9,1.0,62.5,20,0.15,0.6,0.1,138298,
12124,386240,-3.5,0.0,86.67,13,0.0,0.4615,0.1,138298,
12125,386304,-0.8,0.0,57.14,4,0.0,0.5,0.1,138348,
12126,386304,10.0,1.0,75.0,9,0.5556,0.8889,0.1,138348,
12127,386304,4.6,1.0,78.57,33,0.0303,0.5455,0.1,138348,
12128,386368,11.2,1.0,50.0,3,0.0,0.6667,0.1,138392,
12129,386368,-9.3,0.0,84.31,43,0.1163,0.3256,0.1,138392,
12130,386368,9.8,1.0,76.92,10,0.2,0.7,0.1,138392,
12131,386368,-2.8,0.0,75.0,9,0.0,0.4444,0.1,138392,
12132,386432,9.2,1.0,93.33,14,0.2143,0.5714,0.1,138437,
12133,386432,-9.3,0.0,84.31,43,0.0465,0.4186,0.1,138437,
12134,386432,-2.3,0.0,45.45,5,0.2,0.2,0.1,138437,
12135,386496,-9.1,0.0,80.39,41,0.122,0.3902,0.1,138484,
12136,386496,9.5,1.0,85.71,12,0.1667,0.5833,0.1,138484,
12137,386496,-2.5,0.0,38.46,5,0.2,0.0,0.1,138484,
12138,386560,6.0,1.0,79.41,27,0.0741,0.5926,0.1,138535,
12139,386560,6.3,1.0,75.76,25,0.04,0.52,0.1,138535,
12140,386560,-2.9,0.0,69.23,9,0.0,0.3333,0.1,138535,
12141,386560,-2.6,0.0,90.0,9,0.1111,0.4444,0.1,138535,
12142,386624,8.4,1.0,76.19,16,0.25,0.5,0.1,138585,
12143,386624,-7.8,0.0,77.5,31,0.129,0.5484,0.1,138585,
12144,386624,-8.3,0.0,64.71,33,0.1212,0.4848,0.1,138585,
12145,386624,-1.4,0.0,75.0,3,0.0,0.3333,0.1,138585,
12146,386624,-8.1,0.0,60.87,28,0.0714,0.3214,0.1,138585,
12147,386688,5.0,1.0,91.89,34,0.1471,0.5294,0.1,138633,
12148,386688,-3.7,0.0,90.48,19,0.0526,0.2105,0.1,138633,
12149,386752,7.4,1.0,88.0,22,0.0909,0.4091,0.1,138689,
12150,386816,9.4,1.0,80.0,12,0.1667,0.8333,0.1,138741,
12151,386816,6.2,1.0,73.53,25,0.12,0.56,0.1,138741,
12152,386880,10.8,1.0,62.5,5,0.0,0.6,0.1,138795,
12153,386944,-5.0,0.0,82.76,24,0.1667,0.4583,0.1,138845,
12154,386944,7.3,1.0,71.43,20,0.1,0.5,0.1,138845,
12155,386944,8.8,1.0,83.33,15,0.0,0.5333,0.1,138845,
12156,387008,8.0,1.0,95.24,20,0.05,0.5,0.1,138893,
12157,387008,-7.4,0.0,47.06,24,0.0833,0.4167,0.1,138893,
12158,387072,8.8,1.0,65.0,13,0.1538,0.6923,0.1,138941,
12159,387200,8.3,1.0,90.0,18,0.2222,0.5,0.1,139051,
12160,387200,-8.9,0.0,76.47,39,0.0513,0.5128,0.1,139051,
12161,387200,11.0,1.0,83.33,5,0.2,0.6,0.1,139051,
12162,387264,4.0,1.0,76.09,35,0.0857,0.4857,0.1,139100,
12163,387264,-5.3,0.0,76.92,20,0.0,0.4,0.1,139100,
12164,387264,-7.9,0.0,76.47,39,0.0513,0.6154,0.1,139100,
12165,387264,9.4,1.0,92.86,13,0.1538,0.3846,0.1,139100,
12166,387264,4.5,1.0,65.22,30,0.1333,0.5333,0.1,139100,
12167,387264,-4.2,0.0,73.08,19,0.0,0.3684,0.1,139100,
12168,387264,8.0,1.0,78.26,18,0.1111,0.6111,0.1,139100,
12169,387264,-2.2,0.0,87.5,7,0.1429,0.2857,0.1,139100,
12170,387264,-1.5,0.0,60.0,3,0.0,0.3333,0.1,139100,
12171,387328,6.0,1.0,84.85,28,0.0714,0.5357,0.1,139147,
12172,387328,10.1,1.0,81.82,9,0.3333,0.6667,0.1,139147,
12173,387392,8.1,1.0,90.48,19,0.2632,0.5263,0.1,139202,
12174,387456,8.8,1.0,83.33,15,0.0667,0.6667,0.1,139249,
12175,387456,9.4,1.0,92.86,13,0.2308,0.6154,0.1,139249,
12176,387456,-7.6,0.0,70.59,36,0.0833,0.5,0.1,139249,
12177,387456,-3.5,0.0,80.95,17,0.0,0.7059,0.1,139249,
12178,387456,-2.1,0.0,71.43,10,0.1,0.5,0.1,139249,
12179,387520,-4.2,0.0,84.21,16,0.1875,0.375,0.1,139290,
12180,387520,-3.4,0.0,68.75,11,0.1818,0.4545,0.1,139290,
12181,387520,-8.6,0.0,70.59,36,0.0278,0.5,0.1,139290,
12182,387520,-7.7,0.0,72.55,37,0.0811,0.4054,0.1,139290,
12183,387584,-3.6,0.0,93.33,14,0.1429,0.3571,0.1,139342,
12184,387584,-1.7,0.0,66.67,4,0.0,0.0,0.1,139342,
12185,387584,9.2,1.0,81.25,13,0.2308,0.6923,0.1,139342,
12186,387648,9.4,1.0,80.0,12,0.1667,0.5,0.1,139384,
12187,387648,-7.7,0.0,72.55,37,0.0811,0.5405,0.1,139384,
12188,387648,8.7,1.0,88.89,16,0.1875,0.5,0.1,139384,
12189,387712,6.6,1.0,83.33,25,0.12,0.64,0.1,139435,
12190,387712,-5.8,0.0,74.29,26,0.0769,0.3846,0.1,139435,
12191,387712,3.7,1.0,71.43,35,0.1143,0.5143,0.1,139435,
12192,387776,8.4,1.0,76.19,16,0.0625,0.4375,0.1,139486,
12193,387840,-2.5,0.0,80.0,8,0.0,0.375,0.1,139539,
12194,387840,-4.8,0.0,70.83,17,0.1765,0.3529,0.1,139539,
12195,387840,-6.0,0.0,85.29,29,0.1379,0.5862,0.1,139539,
12196,387840,9.3,1.0,55.56,10,0.0,0.6,0.1,139539,
12197,387904,9.5,1.0,85.71,12,0.0833,0.4167,0.1,139583,
12198,387904,9.2,1.0,93.33,14,0.1429,0.4286,0.1,139583,
12199,387904,-1.8,0.0,83.33,5,0.4,0.2,0.1,139583,
12200,387904,-8.6,0.0,70.59,36,0.0833,0.4167,0.1,139583,
12201,387904,-2.4,0.0,54.55,6,0.0,0.5,0.1,139583,
12202,387968,8.1,1.0,90.48,19,0.0526,0.3684,0.1,139630,
12203,387968,7.8,1.0,79.17,19,0.2632,0.5263,0.1,139630,
12204,387968,-7.8,0.0,74.51,38,0.1053,0.4211,0.1,139630,
12205,387968,10.0,1.0,90.91,10,0.4,0.8,0.1,139630,
12206,388032,7.8,1.0,65.38,17,0.1176,0.4706,0.1,139679,
12207,388032,9.9,1.0,83.33,10,0.2,0.6,0.1,139679,
12208,388032,-8.2,0.0,62.75,32,0.0312,0.4688,0.1,139679,
12209,388032,-7.6,0.0,70.59,36,0.1389,0.4167,0.1,139679,
12210,388096,-1.4,0.0,75.0,3,0.0,0.3333,0.1,139729,
12211,388096,-9.0,0.0,78.43,40,0.075,0.4,0.1,139729,
12212,388096,11.0,1.0,83.33,5,0.8,1.0,0.1,139729,
12213,388096,7.6,1.0,80.0,20,0.15,0.55,0.1,139729,
12214,388160,10.8,1.0,85.71,6,0.3333,0.6667,0.1,139777,
12215,388160,4.0,1.0,84.09,37,0.1351,0.5135,0.1,139777,
12216,388160,6.5,1.0,86.67,26,0.1154,0.5,0.1,139777,
12217,388224,8.2,1.0,85.71,18,0.0556,0.5,0.1,139829,
12218,388288,9.8,1.0,76.92,10,0.2,0.7,0.1,139879,
12219,388288,-1.4,0.0,75.0,3,0.0,0.3333,0.1,139879,
12220,388352,-1.8,0.0,83.33,5,0.6,0.4,0.1,139925,
12221,388352,7.2,1.0,81.48,22,0.1818,0.5455,0.1,139925,
12222,388416,6.5,1.0,64.71,22,0.1364,0.6364,0.1,139971,
12223,388416,10.4,1.0,88.89,8,0.25,0.5,0.1,139971,
12224,388544,8.7,1.0,70.0,14,0.0714,0.7143,0.1,140071,
12225,388608,9.1,1.0,87.5,14,0.0,0.5,0.1,140121,
12226,388608,3.1,1.0,87.5,42,0.0714,0.5,0.1,140121,
12227,388672,-1.8,0.0,83.33,5,0.4,0.6,0.1,140173,
12228,388672,5.9,1.0,77.14,27,0.1111,0.4444,0.1,140173,
12229,388672,10.2,1.0,90.0,9,0.1111,0.4444,0.1,140173,
12230,388736,9.5,1.0,85.71,12,0.0833,0.6667,0.1,140222,
12231,388736,-8.2,0.0,62.75,32,0.0625,0.4688,0.1,140222,
12232,388800,8.5,1.0,80.0,16,0.0625,0.25,0.1,140273,
12233,388800,10.3,1.0,80.0,8,0.125,0.5,0.1,140273,
12234,388800,8.6,1.0,94.44,17,0.1176,0.5294,0.1,140273,
12235,388800,8.4,1.0,76.19,16,0.25,0.5,0.1,140273,
12236,388800,10.0,1.0,90.91,10,0.2,0.6,0.1,140273,
12237,388800,7.8,1.0,79.17,19,0.0,0.6842,0.1,140273,
12238,388864,8.5,1.0,80.0,16,0.0625,0.6875,0.1,140325,
12239,388864,9.0,1.0,72.22,13,0.0769,0.5385,0.1,140325,
12240,388864,-4.5,0.0,72.73,16,0.25,0.375,0.1,140325,
12241,388928,8.6,1.0,94.44,17,0.0588,0.5294,0.1,140371,
12242,388928,9.4,1.0,92.86,13,0.0769,1.0,0.1,140371,
12243,388928,6.7,1.0,86.21,25,0.16,0.52,0.1,140371,
12244,388992,6.1,1.0,87.5,28,0.1429,0.5714,0.1,140421,
12245,388992,-8.6,0.0,75.56,34,0.0882,0.3235,0.1,140421,
12246,389120,-3.4,0.0,80.0,12,0.1667,0.4167,0.1,140526,
12247,389184,4.3,1.0,90.24,37,0.1622,0.4595,0.1,140580,
12248,389184,7.1,1.0,85.19,23,0.1304,0.5217,0.1,140580,
12249,389184,6.7,1.0,80.0,24,0.125,0.625,0.1,140580,
12250,389184,3.2,1.0,78.0,39,0.1026,0.5385,0.1,140580,
12251,389248,6.4,1.0,83.87,26,0.0385,0.5769,0.1,140627,
12252,389312,-7.9,0.0,71.43,30,0.0667,0.4667,0.1,140674,
12253,389312,-8.3,0.0,64.71,33,0.0303,0.5455,0.1,140674,
12254,389376,8.0,1.0,78.26,18,0.2222,0.7222,0.1,140721,
12255,389376,-2.0,0.0,85.71,6,0.5,0.3333,0.1,140721,
12256,389376,10.0,1.0,90.91,10,0.2,0.7,0.1,140721,
12257,389440,10.4,1.0,70.0,7,0.1429,0.8571,0.1,140765,
12258,389440,8.0,1.0,70.83,17,0.1765,0.4706,0.1,140765,
12259,389440,5.5,1.0,60.98,25,0.16,0.64,0.1,140765,
12260,389504,9.4,1.0,80.0,12,0.1667,0.6667,0.1,140820,
12261,389504,-1.1,0.0,75.0,6,0.3333,0.3333,0.1,140820,
12262,389568,10.6,1.0,66.67,6,0.1667,0.3333,0.1,140873,
12263,389568,9.4,1.0,92.86,13,0.0769,0.9231,0.1,140873,
12264,389568,-6.0,0.0,75.0,27,0.1111,0.4074,0.1,140873,
12265,389568,11.3,1.0,60.0,3,0.0,0.6667,0.1,140873,
12266,389632,-1.4,0.0,40.0,2,0.5,0.5,0.1,140926,
12267,389632,-4.7,0.0,66.67,16,0.1875,0.4375,0.1,140926,
12268,389632,6.2,1.0,90.32,28,0.1071,0.4643,0.1,140926,
12269,389696,10.6,1.0,87.5,7,0.1429,0.5714,0.1,140974,
12270,389824,6.9,1.0,73.33,22,0.1818,0.4091,0.1,141076,
12271,389824,8.9,1.0,77.78,14,0.1429,0.7143,0.1,141076,
12272,389888,9.1,1.0,87.5,14,0.2857,0.3571,0.1,141130,
12273,389888,-3.5,0.0,75.0,12,0.0,0.5,0.1,141130,
12274,389952,-1.8,0.0,83.33,5,0.0,0.2,0.1,141183,
12275,389952,11.1,1.0,66.67,4,0.0,1.0,0.1,141183,
12276,389952,-2.3,0.0,77.78,7,0.0,0.2857,0.1,141183,
12277,389952,10.4,1.0,70.0,7,0.1429,0.7143,0.1,141183,
12278,389952,8.8,1.0,83.33,15,0.1333,0.5333,0.1,141183,
12279,389952,7.2,1.0,81.48,22,0.2727,0.5909,0.1,141183,
12280,390016,-1.9,0.0,50.0,4,0.25,0.25,0.1,141232,
12281,390144,-4.1,0.0,83.33,20,0.15,0.35,0.1,141336,
12282,390144,7.3,1.0,71.43,20,0.1,0.65,0.1,141336,
12283,390208,4.9,1.0,60.0,27,0.1481,0.4815,0.1,141385,
12284,390272,11.2,1.0,80.0,4,0.0,0.75,0.1,141433,
12285,390272,-8.0,0.0,78.43,40,0.075,0.5,0.1,141433,
12286,390336,9.4,1.0,92.86,13,0.1538,0.3846,0.1,141482,
12287,390336,-4.6,0.0,77.27,17,0.0,0.5882,0.1,141482,
12288,390336,4.0,1.0,88.37,38,0.1053,0.4474,0.1,141482,
12289,390400,10.6,1.0,66.67,6,0.3333,0.5,0.1,141534,
12290,390400,8.2,1.0,95.0,19,0.1053,0.5263,0.1,141534,
12291,390528,4.8,1.0,87.18,34,0.1765,0.4706,0.1,141633,
12292,390528,-9.1,0.0,80.39,41,0.0732,0.3902,0.1,141633,
12293,390528,-8.1,0.0,80.39,41,0.0244,0.3415,0.1,141633,
12294,390592,-7.5,0.0,68.63,35,0.1143,0.4857,0.1,141682,
12295,390656,-8.5,0.0,79.59,39,0.0513,0.5128,0.1,141732,
12296,390656,-2.6,0.0,46.15,6,0.0,0.1667,0.1,141732,
12297,390656,9.2,1.0,81.25,13,0.2308,0.3846,0.1,141732,
12298,390656,-8.6,0.0,70.59,36,0.0556,0.4167,0.1,141732,
12299,390656,5.6,1.0,80.56,29,0.2069,0.4138,0.1,141732,
12300,390656,10.9,1.0,71.43,5,0.0,0.6,0.1,141732,
12301,390720,-8.3,0.0,76.74,33,0.0606,0.3939,0.1,141776,
12302,390720,-7.2,0.0,70.45,31,0.0645,0.6452,0.1,141776,
12303,390720,-2.7,0.0,66.67,8,0.125,0.375,0.1,141776,
12304,390720,-8.6,0.0,70.59,36,0.0278,0.5278,0.1,141776,
12305,390784,-8.5,0.0,88.24,45,0.1111,0.5111,0.1,141822,
12306,390848,4.0,1.0,88.37,38,0.0789,0.4211,0.1,141874,
12307,390912,-7.4,0.0,66.67,34,0.0588,0.5882,0.1,141930,
12308,390912,6.2,1.0,63.89,23,0.0435,0.6957,0.1,141930,
12309,390976,3.6,1.0,80.85,38,0.0526,0.3158,0.1,141980,
12310,390976,7.8,1.0,79.17,19,0.0526,0.4737,0.1,141980,
12311,391040,5.4,1.0,91.43,32,0.0625,0.3438,0.1,142032,
12312,391040,9.1,1.0,87.5,14,0.2143,0.3571,0.1,142032,
12313,391104,6.5,1.0,86.67,26,0.1154,0.5,0.1,142088,
12314,391104,6.3,1.0,70.59,24,0.125,0.5833,0.1,142088,
12315,391104,5.8,1.0,75.0,27,0.037,0.5926,0.1,142088,
12316,391104,8.7,1.0,88.89,16,0.0,0.3125,0.1,142088,
12317,391104,-8.1,0.0,60.78,31,0.0968,0.3548,0.1,142088,
12318,391168,7.3,1.0,71.43,20,0.05,0.35,0.1,142140,
12319,391168,-7.9,0.0,76.47,39,0.1026,0.4103,0.1,142140,
12320,391168,10.4,1.0,88.89,8,0.25,0.5,0.1,142140,
12321,391232,-3.1,0.0,60.0,9,0.2222,0.4444,0.1,142193,
12322,391232,-9.5,0.0,88.24,45,0.2,0.3556,0.1,142193,
12323,391232,-3.0,0.0,76.92,10,0.1,0.3,0.1,142193,
12324,391296,7.5,1.0,76.92,20,0.2,0.55,0.1,142244,
12325,391296,6.8,1.0,89.29,25,0.08,0.32,0.1,142244,
12326,391296,7.0,1.0,88.89,24,0.0417,0.5417,0.1,142244,
12327,391360,10.6,1.0,87.5,7,0.2857,0.4286,0.1,142294,
12328,391360,9.7,1.0,84.62,11,0.1818,0.5455,0.1,142294,
12329,391360,-7.7,0.0,72.55,37,0.1351,0.5135,0.1,142294,
12330,391424,-4.0,0.0,86.96,20,0.05,0.45,0.1,142341,
12331,391424,6.4,1.0,83.87,26,0.1538,0.5385,0.1,142341,
12332,391424,4.1,1.0,70.21,33,0.0606,0.4848,0.1,142341,
12333,391424,-0.7,0.0,66.67,4,0.25,0.5,0.1,142341,
12334,391424,-8.3,0.0,84.31,43,0.1163,0.3721,0.1,142341,
12335,391488,-4.8,0.0,64.0,16,0.0625,0.5625,0.1,142387,
12336,391488,-1.7,0.0,66.67,4,0.25,0.25,0.1,142387,
12337,391552,-3.2,0.0,78.57,11,0.0909,0.4545,0.1,142432,
12338,391552,6.7,1.0,86.21,25,0.2,0.48,0.1,142432,
12339,391552,-4.6,0.0,58.06,18,0.0556,0.4444,0.1,142432,
12340,391552,11.0,1.0,83.33,5,0.4,0.6,0.1,142432,
12341,391552,-7.6,0.0,70.59,36,0.0278,0.3333,0.1,142432,
12342,391616,9.4,1.0,92.86,13,0.1538,0.6923,0.1,142480,
12343,391616,-0.5,0.0,60.0,3,0.0,0.6667,0.1,142480,
12344,391680,-6.2,0.0,80.56,29,0.1379,0.5517,0.1,142529,
12345,391680,-7.9,0.0,76.47,39,0.1538,0.3333,0.1,142529,
12346,391680,8.2,1.0,85.71,18,0.0,0.5556,0.1,142529,
12347,391680,8.3,1.0,90.0,18,0.0556,0.3333,0.1,142529,
12348,391680,11.4,1.0,75.0,3,0.0,0.6667,0.1,142529,
12349,391744,10.7,1.0,75.0,6,0.0,0.6667,0.1,142579,
12350,391808,11.2,1.0,50.0,3,0.3333,1.0,0.1,142626,
12351,391808,-3.7,0.0,76.47,13,0.1538,0.5385,0.1,142626,
12352,391808,8.9,1.0,88.24,15,0.0667,0.4667,0.1,142626,
12353,391808,3.0,1.0,89.58,43,0.0698,0.4419,0.1,142626,
12354,391872,10.1,1.0,81.82,9,0.3333,0.4444,0.1,142675,
12355,392000,-1.9,0.0,69.23,9,0.3333,0.5556,0.1,142776,
12356,392000,-7.7,0.0,72.55,37,0.2162,0.5135,0.1,142776,
12357,392064,-7.2,0.0,62.75,32,0.0312,0.5,0.1,142824,
12358,392064,3.5,1.0,91.11,41,0.1707,0.4146,0.1,142824,
12359,392064,7.8,1.0,95.45,21,0.0952,0.5238,0.1,142824,
12360,392064,8.0,1.0,86.36,19,0.0526,0.4737,0.1,142824,
12361,392064,6.0,1.0,84.85,28,0.0714,0.5714,0.1,142824,
12362,392064,-8.0,0.0,58.82,30,0.0667,0.5333,0.1,142824,
12363,392064,5.8,1.0,90.91,30,0.0333,0.4333,0.1,142824,
12364,392128,-8.0,0.0,78.43,40,0.025,0.4,0.1,142867,
12365,392128,-2.7,0.0,76.47,13,0.2308,0.3077,0.1,142867,
12366,392192,8.3,1.0,90.0,18,0.1667,0.5,0.1,142918,
12367,392192,-2.9,0.0,46.67,7,0.1429,0.4286,0.1,142918,
12368,392192,9.8,1.0,91.67,11,0.2727,0.5455,0.1,142918,
12369,392256,7.7,1.0,76.0,19,0.1053,0.2632,0.1,142972,
12370,392320,9.4,1.0,92.86,13,0.0,0.6923,0.1,143024,
12371,392320,-5.3,0.0,64.71,22,0.1818,0.3636,0.1,143024,
12372,392448,-8.8,0.0,74.51,38,0.0789,0.5789,0.1,143121,
12373,392448,4.9,1.0,80.0,32,0.1562,0.5938,0.1,143121,
12374,392448,10.4,1.0,70.0,7,0.0,0.7143,0.1,143121,
12375,392448,7.6,1.0,95.65,22,0.1364,0.3636,0.1,143121,
12376,392512,7.4,1.0,88.0,22,0.1364,0.4091,0.1,143172,
12377,392512,9.3,1.0,86.67,13,0.1538,0.4615,0.1,143172,
12378,392576,9.4,1.0,68.75,11,0.2727,0.6364,0.1,143223,
12379,392640,-2.2,0.0,66.67,6,0.0,0.3333,0.1,143275,
12380,392640,-5.4,0.0,72.73,24,0.1667,0.5,0.1,143275,
12381,392640,-3.6,0.0,85.71,18,0.1667,0.3333,0.1,143275,
12382,392640,5.1,1.0,89.19,33,0.1212,0.5152,0.1,143275,
12383,392704,7.6,1.0,80.0,20,0.15,0.55,0.1,143324,
12384,392768,-3.5,0.0,86.67,13,0.1538,0.4615,0.1,143372,
12385,392832,8.8,1.0,94.12,16,0.125,0.3125,0.1,143426,
12386,392832,-3.0,0.0,76.92,10,0.1,0.5,0.1,143426,
12387,392832,11.0,1.0,83.33,5,0.0,0.8,0.1,143426,
12388,392832,9.0,1.0,93.75,15,0.0,0.4667,0.1,143426,
12389,392896,-8.4,0.0,86.27,44,0.1591,0.4091,0.1,143475,
12390,392896,-2.7,0.0,53.85,7,0.1429,0.2857,0.1,143475,
12391,392960,9.5,1.0,85.71,12,0.0,0.5,0.1,143530,
12392,392960,-6.4,0.0,62.86,22,0.0,0.3636,0.1,143530,
12393,392960,-3.1,0.0,88.89,16,0.0625,0.5,0.1,143530,
12394,392960,-3.3,0.0,73.33,11,0.1818,0.2727,0.1,143530,
12395,393088,-1.4,0.0,75.0,3,0.0,0.0,0.1,143632,
12396,393152,5.5,1.0,78.38,29,0.069,0.5862,0.1,143685,
12397,393152,6.6,1.0,89.66,26,0.0385,0.5,0.1,143685,
12398,393152,-6.1,0.0,68.75,22,0.0455,0.6364,0.1,143685,
12399,393152,5.2,1.0,76.92,30,0.2,0.4667,0.1,143685,
12400,393216,-1.2,0.0,25.0,1,0.0,0.0,0.1,143734,
12401,393216,11.2,1.0,80.0,4,0.0,1.0,0.1,143734,
12402,393280,-3.5,0.0,86.67,13,0.1538,0.4615,0.1,143785,
12403,393280,7.3,1.0,77.78,21,0.1429,0.5714,0.1,143785,
12404,393408,-8.4,0.0,86.27,44,0.0909,0.3409,0.1,143891,
12405,393408,-3.6,0.0,85.71,18,0.1667,0.6111,0.1,143891,
12406,393472,5.7,1.0,82.86,29,0.069,0.4828,0.1,143940,
12407,393472,5.3,1.0,83.78,31,0.0645,0.5484,0.1,143940,
12408,393536,-5.7,0.0,66.67,20,0.05,0.4,0.1,143993,
12409,393536,8.2,1.0,85.71,18,0.1667,0.5556,0.1,143993,
12410,393600,-7.3,0.0,64.71,33,0.0909,0.6061,0.1,144044,
12411,393600,-7.3,0.0,64.71,33,0.0909,0.4242,0.1,144044,
12412,393664,-3.7,0.0,73.91,17,0.0588,0.3529,0.1,144096,
12413,393664,5.7,1.0,77.78,28,0.2143,0.4643,0.1,144096,
12414,393664,6.1,1.0,81.82,27,0.1481,0.4815,0.1,144096,
12415,393728,-2.5,0.0,80.0,8,0.125,0.375,0.1,144143,
12416,393728,-5.2,0.0,73.08,19,0.1053,0.4737,0.1,144143,
12417,393792,11.3,1.0,60.0,3,0.3333,0.6667,0.1,144194,
12418,393792,-8.2,0.0,82.35,42,0.0476,0.5,0.1,144194,
12419,393856,5.3,1.0,88.89,32,0.0312,0.5625,0.1,144248,
12420,393856,-2.2,0.0,66.67,6,0.1667,0.1667,0.1,144248,
12421,393920,-2.9,0.0,83.33,10,0.0,0.3,0.1,144297,
12422,393920,5.4,1.0,76.32,29,0.1034,0.6552,0.1,144297,
12423,393920,-8.9,0.0,76.47,39,0.0769,0.4103,0.1,144297,
12424,393984,5.4,1.0,86.11,31,0.1935,0.4839,0.1,144343,
12425,393984,9.7,1.0,84.62,11,0.1818,0.8182,0.1,144343,
12426,393984,10.0,1.0,75.0,9,0.1111,0.7778,0.1,144343,
12427,394048,-7.9,0.0,71.43,30,0.1333,0.4,0.1,144394,
12428,394112,8.5,1.0,89.47,17,0.1765,0.6471,0.1,144446,
12429,394112,4.8,1.0,92.11,35,0.1429,0.4571,0.1,144446,
12430,394112,-1.1,0.0,33.33,1,0.0,0.0,0.1,144446,
12431,394176,-4.4,0.0,76.19,16,0.0625,0.1875,0.1,144496,
12432,394176,-2.7,0.0,66.67,8,0.25,0.25,0.1,144496,
12433,394176,8.5,1.0,71.43,15,0.2667,0.6,0.1,144496,
12434,394176,-2.2,0.0,87.5,7,0.2857,0.4286,0.1,144496,
12435,394240,-9.4,0.0,86.27,44,0.1364,0.4091,0.1,144544,
12436,394304,-7.5,0.0,65.85,27,0.037,0.3704,0.1,144600,
12437,394368,-8.0,0.0,78.43,40,0.125,0.45,0.1,144651,
12438,394368,11.4,1.0,75.0,3,0.6667,1.0,0.1,144651,
12439,394368,4.6,1.0,78.57,33,0.0303,0.5152,0.1,144651,
12440,394368,-5.8,0.0,88.89,24,0.0833,0.5,0.1,144651,
12441,394368,-7.6,0.0,97.14,34,0.0294,0.3529,0.1,144651,
12442,394432,7.1,1.0,72.41,21,0.1429,0.4762,0.1,144700,
12443,394432,4.5,1.0,76.74,33,0.1515,0.6061,0.1,144700,
12444,394432,7.6,1.0,95.65,22,0.0,0.4091,0.1,144700,
12445,394496,-2.0,0.0,85.71,6,0.3333,0.1667,0.1,144752,
12446,394496,-2.4,0.0,54.55,6,0.0,0.3333,0.1,144752,
12447,394496,6.3,1.0,81.25,26,0.1154,0.7308,0.1,144752,
12448,394560,9.3,1.0,75.0,12,0.1667,0.75,0.1,144800,
12449,394624,-7.9,0.0,56.86,29,0.069,0.5517,0.1,144854,
12450,394624,-6.8,0.0,79.41,27,0.037,0.4074,0.1,144854,
12451,394688,-7.7,0.0,72.55,37,0.0,0.5135,0.1,144903,
12452,394688,-3.2,0.0,78.57,11,0.0909,0.1818,0.1,144903,
12453,394752,8.8,1.0,83.33,15,0.1333,0.4,0.1,144953,
12454,394752,-7.8,0.0,74.51,38,0.0789,0.5263,0.1,144953,
12455,394752,11.2,1.0,80.0,4,0.5,1.0,0.1,144953,
12456,394816,-2.2,0.0,66.67,10,0.2,0.4,0.1,145007,
12457,394880,-7.8,0.0,74.51,38,0.1579,0.4737,0.1,145062,
12458,394944,4.1,1.0,86.05,37,0.1081,0.4324,0.1,145121,
12459,394944,5.4,1.0,86.11,31,0.0645,0.5161,0.1,145121,
12460,395072,4.1,1.0,86.05,37,0.0541,0.5135,0.1,145223,
12461,395072,4.8,1.0,92.11,35,0.1714,0.3714,0.1,145223,
12462,395136,-9.0,0.0,78.43,40,0.075,0.575,0.1,145277,
12463,395136,-2.2,0.0,78.57,11,0.1818,0.5455,0.1,145277,
12464,395200,-3.5,0.0,58.33,14,0.1429,0.4286,0.1,145328,
12465,395200,6.0,1.0,74.29,26,0.0769,0.6923,0.1,145328,
12466,395200,-8.2,0.0,73.47,36,0.0833,0.4444,0.1,145328,
12467,395264,5.8,1.0,90.91,30,0.1667,0.5667,0.1,145371,
12468,395264,-4.9,0.0,75.0,18,0.0,0.3889,0.1,145371,
12469,395328,7.1,1.0,78.57,22,0.0909,0.3636,0.1,145423,
12470,395328,8.6,1.0,94.44,17,0.3529,0.5882,0.1,145423,
12471,395328,-8.0,0.0,78.43,40,0.075,0.575,0.1,145423,
12472,395328,9.6,1.0,92.31,12,0.0,0.5833,0.1,145423,
12473,395392,-9.5,0.0,88.24,45,0.0444,0.4667,0.1,145472,
12474,395392,9.3,1.0,75.0,12,0.0,0.6667,0.1,145472,
12475,395456,10.6,1.0,66.67,6,0.0,0.6667,0.1,145523,
12476,395456,9.4,1.0,92.86,13,0.0,0.4615,0.1,145523,
12477,395520,-8.3,0.0,84.31,43,0.1163,0.3256,0.1,145576,
12478,395584,4.5,1.0,76.74,33,0.1818,0.4848,0.1,145630,
12479,395584,8.6,1.0,84.21,16,0.0625,0.75,0.1,145630,
12480,395584,7.4,1.0,88.0,22,0.1364,0.3636,0.1,145630,
12481,395648,-3.5,0.0,86.67,13,0.0769,0.3846,0.1,145683,
12482,395712,-8.9,0.0,76.47,39,0.1282,0.4615,0.1,145733,
12483,395712,8.7,1.0,78.95,15,0.1333,0.6,0.1,145733,
12484,395712,-3.0,0.0,91.67,11,0.0909,0.6364,0.1,145733,
12485,395712,10.7,1.0,75.0,6,0.0,0.6667,0.1,145733,
12486,395776,9.8,1.0,76.92,10,0.1,0.7,0.1,145784,
12487,395776,-8.5,0.0,68.63,35,0.0571,0.4,0.1,145784,
12488,395776,-8.1,0.0,80.39,41,0.0732,0.6585,0.1,145784,
12489,395904,6.3,1.0,87.1,27,0.0741,0.4815,0.1,145885,
12490,395904,-9.7,0.0,92.16,47,0.0851,0.383,0.1,145885,
12491,395904,-3.5,0.0,90.0,18,0.0556,0.5,0.1,145885,
12492,395968,-2.1,0.0,75.0,6,0.1667,0.3333,0.1,145943,
12493,395968,-7.9,0.0,76.47,39,0.0513,0.4359,0.1,145943,
12494,396032,-4.5,0.0,90.0,18,0.0556,0.3889,0.1,145997,
12495,396032,-7.9,0.0,76.47,39,0.0256,0.4615,0.1,145997,
12496,396096,7.1,1.0,78.57,22,0.0909,0.5,0.1,146048,
12497,396096,-6.4,0.0,83.87,26,0.1923,0.2692,0.1,146048,
12498,396096,-5.5,0.0,75.76,25,0.16,0.48,0.1,146048,
12499,396096,8.2,1.0,85.71,18,0.0556,0.4444,0.1,146048,
12500,396160,-3.2,0.0,66.67,10,0.1,0.6,0.1,146096,
12501,396224,-8.4,0.0,86.27,44,0.0227,0.4773,0.1,146148,
12502,396224,-1.9,0.0,71.43,5,0.2,0.4,0.1,146148,
12503,396224,7.4,1.0,74.07,20,0.05,0.5,0.1,146148,
12504,396288,4.6,1.0,82.93,34,0.2059,0.5,0.1,146199,
12505,396352,7.7,1.0,83.33,20,0.0,0.65,0.1,146256,
12506,396416,-8.7,0.0,72.55,37,0.0811,0.5135,0.1,146311,
12507,396416,6.4,1.0,83.87,26,0.1538,0.6154,0.1,146311,
12508,396480,-1.6,0.0,80.0,4,0.25,0.25,0.1,146365,
12509,396480,-8.7,0.0,72.55,37,0.0811,0.4595,0.1,146365,
12510,396480,9.8,1.0,76.92,10,0.0,0.7,0.1,146365,
12511,396480,-9.0,0.0,66.0,33,0.0606,0.4545,0.1,146365,
12512,396544,9.9,1.0,83.33,10,0.2,0.6,0.1,146413,
12513,396608,4.3,1.0,85.71,36,0.0556,0.5,0.1,146468,
12514,396608,5.8,1.0,80.0,28,0.0357,0.4286,0.1,146468,
12515,396608,4.9,1.0,89.47,34,0.1765,0.3824,0.1,146468,
12516,396672,-8.2,0.0,82.35,42,0.119,0.5,0.1,146518,
12517,396672,10.4,1.0,88.89,8,0.125,0.625,0.1,146518,
12518,396736,-8.4,0.0,86.27,44,0.1364,0.3864,0.1,146577,
12519,396736,-8.3,0.0,68.89,31,0.0323,0.4839,0.1,146577,
12520,396736,-4.4,0.0,68.18,15,0.0,0.2667,0.1,146577,
12521,396736,10.8,1.0,85.71,6,0.3333,0.6667,0.1,146577,
12522,396800,10.1,1.0,66.67,8,0.0,0.625,0.1,146629,
12523,396800,-2.6,0.0,72.73,8,0.0,0.5,0.1,146629,
12524,396864,-8.2,0.0,82.35,42,0.0952,0.5,0.1,146681,
12525,396864,10.6,1.0,87.5,7,0.4286,0.7143,0.1,146681,
12526,396864,9.5,1.0,85.71,12,0.0,0.6667,0.1,146681,
12527,396928,7.4,1.0,74.07,20,0.15,0.5,0.1,146735,
12528,396928,4.7,1.0,89.74,35,0.1143,0.4857,0.1,146735,
12529,396928,10.6,1.0,87.5,7,0.4286,0.5714,0.1,146735,
12530,396992,10.4,1.0,88.89,8,0.25,0.75,0.1,146789,
12531,396992,3.1,1.0,76.47,39,0.2051,0.4872,0.1,146789,
12532,396992,8.4,1.0,85.0,17,0.1765,0.4706,0.1,146789,
12533,396992,9.4,1.0,92.86,13,0.3077,0.6154,0.1,146789,
12534,397056,6.2,1.0,90.32,28,0.1071,0.5357,0.1,146841,
12535,397056,3.4,1.0,81.25,39,0.1026,0.5128,0.1,146841,
12536,397120,8.0,1.0,86.36,19,0.2105,0.6842,0.1,146894,
12537,397184,-7.5,0.0,74.36,29,0.1034,0.3793,0.1,146947,
12538,397184,-2.5,0.0,80.0,8,0.0,0.25,0.1,146947,
12539,397248,-2.9,0.0,83.33,10,0.2,0.4,0.1,146998,
12540,397248,-4.9,0.0,73.33,22,0.0455,0.5,0.1,146998,
12541,397312,9.0,1.0,82.35,14,0.2143,0.5,0.1,147049,
12542,397312,6.6,1.0,89.66,26,0.1538,0.4231,0.1,147049,
12543,397312,2.8,1.0,89.8,44,0.0909,0.5227,0.1,147049,
12544,397376,-3.0,0.0,64.29,9,0.1111,0.4444,0.1,147101,
12545,397376,-8.5,0.0,68.63,35,0.0857,0.3429,0.1,147101,
12546,397440,-8.3,0.0,84.31,43,0.2093,0.4186,0.1,147152,
12547,397440,-8.7,0.0,81.82,36,0.0556,0.4722,0.1,147152,
12548,397504,7.1,1.0,85.19,23,0.1304,0.3043,0.1,147202,
12549,397504,5.3,1.0,94.29,33,0.0303,0.5455,0.1,147202,
12550,397504,9.4,1.0,92.86,13,0.2308,0.6923,0.1,147202,
12551,397632,10.2,1.0,90.0,9,0.1111,0.4444,0.1,147305,
12552,397632,9.5,1.0,85.71,12,0.25,0.5833,0.1,147305,
12553,397632,-8.3,0.0,84.31,43,0.0233,0.5581,0.1,147305,
12554,397632,5.9,1.0,87.88,29,0.1034,0.5862,0.1,147305,
12555,397632,-8.3,0.0,84.31,43,0.0233,0.5814,0.1,147305,
12556,397696,7.3,1.0,84.62,22,0.0,0.4545,0.1,147352,
12557,397696,8.6,1.0,84.21,16,0.125,0.4375,0.1,147352,
12558,397696,-6.7,0.0,75.0,30,0.1333,0.3333,0.1,147352,
12559,397696,5.8,1.0,90.91,30,0.0667,0.6,0.1,147352,
12560,397696,-3.4,0.0,80.0,12,0.0833,0.3333,0.1,147352,
12561,397760,10.0,1.0,90.91,10,0.1,0.6,0.1,147403,
12562,397760,9.6,1.0,78.57,11,0.1818,0.6364,0.1,147403,
12563,397760,-1.9,0.0,71.43,5,0.0,0.2,0.1,147403,
12564,397760,-2.6,0.0,58.33,7,0.2857,0.5714,0.1,147403,
12565,397824,7.2,1.0,96.0,24,0.125,0.375,0.1,147450,
12566,397824,-3.9,0.0,77.78,14,0.1429,0.3571,0.1,147450,
12567,397824,4.9,1.0,84.62,33,0.0,0.5758,0.1,147450,
12568,397888,-6.9,0.0,82.35,28,0.1429,0.5,0.1,147499,
12569,397888,4.3,1.0,77.27,34,0.0588,0.5882,0.1,147499,
12570,397952,6.4,1.0,96.55,28,0.1786,0.5,0.1,147553,
12571,398016,-1.6,0.0,50.0,3,0.0,0.3333,0.1,147605,
12572,398016,-8.1,0.0,80.39,41,0.0976,0.561,0.1,147605,
12573,398080,-1.9,0.0,71.43,5,0.0,0.6,0.1,147653,
12574,398080,-7.2,0.0,78.57,33,0.1212,0.5455,0.1,147653,
12575,398080,9.4,1.0,92.86,13,0.0769,0.7692,0.1,147653,
12576,398144,9.4,1.0,92.86,13,0.0,0.5385,0.1,147700,
12577,398208,-8.1,0.0,80.49,33,0.0303,0.3333,0.1,147752,
12578,398208,-5.9,0.0,67.74,21,0.0476,0.4762,0.1,147752,
12579,398272,9.8,1.0,76.92,10,0.2,0.4,0.1,147802,
12580,398272,4.9,1.0,80.0,32,0.0938,0.6875,0.1,147802,
12581,398272,-2.2,0.0,66.67,6,0.0,0.1667,0.1,147802,
12582,398272,-5.1,0.0,91.3,21,0.0476,0.381,0.1,147802,
12583,398400,3.3,1.0,83.33,40,0.025,0.5,0.1,147905,
12584,398400,-8.5,0.0,68.63,35,0.0857,0.5714,0.1,147905,
12585,398464,4.8,1.0,87.18,34,0.1176,0.5588,0.1,147955,
12586,398464,10.8,1.0,85.71,6,0.1667,0.8333,0.1,147955,
12587,398464,7.6,1.0,80.0,20,0.0,0.5,0.1,147955,
12588,398528,8.4,1.0,76.19,16,0.125,0.5625,0.1,148008,
12589,398528,9.2,1.0,81.25,13,0.0769,0.6154,0.1,148008,
12590,398528,-3.3,0.0,52.94,9,0.1111,0.5556,0.1,148008,
12591,398528,-8.1,0.0,80.39,41,0.0244,0.4146,0.1,148008,
12592,398592,9.7,1.0,84.62,11,0.0909,0.5455,0.1,148058,
12593,398656,7.3,1.0,92.0,23,0.0435,0.5217,0.1,148111,
12594,398656,-8.0,0.0,78.43,40,0.075,0.4,0.1,148111,
12595,398784,6.8,1.0,65.62,21,0.0476,0.619,0.1,148218,
12596,398848,-3.0,0.0,83.33,15,0.1333,0.3333,0.1,148270,
12597,398848,9.8,1.0,76.92,10,0.2,0.8,0.1,148270,
12598,398848,9.7,1.0,71.43,10,0.0,0.7,0.1,148270,
12599,398848,-9.3,0.0,84.31,43,0.0698,0.5349,0.1,148270,
12600,398912,-3.5,0.0,58.33,14,0.1429,0.3571,0.1,148318,
12601,398912,6.2,1.0,84.38,27,0.0,0.4074,0.1,148318,
12602,398912,-2.0,0.0,62.5,5,0.0,0.2,0.1,148318,
12603,398976,-1.8,0.0,57.14,4,0.5,0.25,0.1,148366,
12604,398976,-2.3,0.0,77.78,7,0.4286,0.5714,0.1,148366,
12605,398976,-2.7,0.0,66.67,8,0.25,0.375,0.1,148366,
12606,399104,-2.3,0.0,60.0,6,0.0,0.3333,0.1,148471,
12607,399104,7.6,1.0,80.0,20,0.25,0.75,0.1,148471,
12608,399104,-2.1,0.0,75.0,6,0.1667,0.3333,0.1,148471,
12609,399168,-8.8,0.0,74.51,38,0.1053,0.4474,0.1,148523,
12610,399168,-8.3,0.0,84.31,43,0.1395,0.5581,0.1,148523,
12611,399168,-2.1,0.0,75.0,6,0.0,0.3333,0.1,148523,
12612,399168,-7.7,0.0,72.55,37,0.0811,0.4595,0.1,148523,
12613,399232,5.3,1.0,88.89,32,0.0938,0.5,0.1,148573,
12614,399232,10.4,1.0,88.89,8,0.25,0.625,0.1,148573,
12615,399232,9.4,1.0,80.0,12,0.1667,0.75,0.1,148573,
12616,399296,10.8,1.0,85.71,6,0.0,0.5,0.1,148623,
12617,399360,7.3,1.0,84.62,22,0.0455,0.5,0.1,148680,
12618,399360,9.1,1.0,76.47,13,0.0769,0.6154,0.1,148680,
12619,399360,4.5,1.0,76.74,33,0.2121,0.4848,0.1,148680,
12620,399360,6.2,1.0,78.79,26,0.1154,0.4231,0.1,148680,
12621,399424,-4.8,0.0,95.24,20,0.05,0.35,0.1,148734,
12622,399552,-1.4,0.0,75.0,3,0.3333,0.3333,0.1,148841,
12623,399552,5.0,1.0,73.17,30,0.0667,0.7,0.1,148841,
12624,399552,-1.5,0.0,60.0,3,0.0,0.3333,0.1,148841,
12625,399616,-2.3,0.0,60.0,6,0.1667,0.5,0.1,148893,
12626,399616,-3.7,0.0,76.47,13,0.1538,0.3846,0.1,148893,
12627,399616,-4.7,0.0,81.82,18,0.1667,0.5,0.1,148893,
12628,399616,9.6,1.0,92.31,12,0.1667,0.8333,0.1,148893,
12629,399616,-2.0,0.0,85.71,6,0.3333,0.1667,0.1,148893,
12630,399680,9.9,1.0,83.33,10,0.1,0.5,0.1,148939,
12631,399744,6.3,1.0,87.1,27,0.0,0.4815,0.1,148991,
12632,399744,-8.1,0.0,80.39,41,0.0488,0.4878,0.1,148991,
12633,399808,10.5,1.0,77.78,7,0.1429,0.7143,0.1,149043,
12634,399808,4.0,1.0,92.86,39,0.1795,0.5385,0.1,149043,
12635,399872,-8.1,0.0,80.39,41,0.122,0.3659,0.1,149095,
12636,399936,5.5,1.0,83.33,30,0.1667,0.5667,0.1,149140,
12637,399936,5.3,1.0,88.89,32,0.1562,0.4688,0.1,149140,
12638,399936,3.6,1.0,84.78,39,0.0513,0.4872,0.1,149140,
12639,399936,9.8,1.0,91.67,11,0.3636,0.5455,0.1,149140,
12640,399936,-7.6,0.0,70.59,36,0.1389,0.3889,0.1,149140,
12641,399936,-3.4,0.0,80.0,12,0.0,0.5,0.1,149140,
12642,400000,9.7,1.0,84.62,11,0.3636,0.5455,0.1,149185,
12643,400000,-8.2,0.0,82.35,42,0.0714,0.3095,0.1,149185,
12644,400064,-8.6,0.0,90.2,46,0.0652,0.4348,0.1,149235,
12645,400064,6.3,1.0,65.71,23,0.2609,0.5652,0.1,149235,
12646,400128,4.0,1.0,88.37,38,0.0789,0.4737,0.1,149286,
12647,400128,4.2,1.0,79.55,35,0.0571,0.4857,0.1,149286,
12648,400192,10.5,1.0,77.78,7,0.1429,0.4286,0.1,149340,
12649,400192,-7.5,0.0,68.63,35,0.0286,0.4571,0.1,149340,
12650,400192,-0.4,0.0,75.0,3,0.3333,0.3333,0.1,149340,
12651,400192,-2.1,0.0,55.56,5,0.2,0.2,0.1,149340,
12652,400256,-8.0,0.0,82.5,33,0.2424,0.4545,0.1,149391,
12653,400256,-7.7,0.0,72.55,37,0.0811,0.5135,0.1,149391,
12654,400320,11.0,1.0,83.33,5,0.0,0.6,0.1,149445,
12655,400320,10.1,1.0,81.82,9,0.3333,1.0,0.1,149445,
12656,400384,10.0,1.0,75.0,9,0.0,0.6667,0.1,149497,
12657,400384,5.1,1.0,79.49,31,0.1613,0.5484,0.1,149497,
12658,400384,3.0,1.0,89.58,43,0.093,0.4884,0.1,149497,
12659,400448,9.6,1.0,78.57,11,0.3636,0.5455,0.1,149553,
12660,400448,-1.5,0.0,60.0,3,0.3333,0.3333,0.1,149553,
12661,400448,-2.0,0.0,62.5,5,0.0,0.6,0.1,149553,
12662,400512,-4.7,0.0,92.31,24,0.0833,0.4167,0.1,149605,
12663,400512,10.5,1.0,77.78,7,0.2857,0.4286,0.1,149605,
12664,400512,4.4,1.0,75.0,33,0.1818,0.5455,0.1,149605,
12665,400576,6.3,1.0,81.25,26,0.1923,0.4615,0.1,149655,
12666,400576,-7.1,0.0,72.09,31,0.129,0.5161,0.1,149655,
12667,400576,11.0,1.0,83.33,5,0.4,0.8,0.1,149655,
12668,400640,-1.4,0.0,75.0,3,0.3333,0.3333,0.1,149705,
12669,400640,-1.7,0.0,66.67,4,0.0,0.5,0.1,149705,
12670,400704,5.9,1.0,77.14,27,0.0741,0.5926,0.1,149756,
12671,400768,8.1,1.0,90.48,19,0.0526,0.8421,0.1,149807,
12672,400768,-7.2,0.0,62.75,32,0.0938,0.4062,0.1,149807,
12673,400768,9.6,1.0,92.31,12,0.0833,0.5833,0.1,149807,
12674,400832,3.7,1.0,95.35,41,0.0244,0.3415,0.1,149856,
12675,400832,-6.4,0.0,86.11,31,0.1613,0.3548,0.1,149856,
12676,400832,-1.5,0.0,60.0,3,0.6667,0.3333,0.1,149856,
12677,400896,6.9,1.0,85.71,24,0.0417,0.5417,0.1,149907,
12678,400896,9.6,1.0,78.57,11,0.0,0.5455,0.1,149907,
12679,400896,10.4,1.0,88.89,8,0.0,0.375,0.1,149907,
12680,400896,-8.3,0.0,84.31,43,0.2093,0.4651,0.1,149907,
12681,400960,8.2,1.0,77.27,17,0.0588,0.4706,0.1,149952,
12682,401024,-8.1,0.0,80.39,41,0.0976,0.439,0.1,150004,
12683,401024,-5.3,0.0,76.92,20,0.1,0.35,0.1,150004,
12684,401024,6.1,1.0,76.47,26,0.1154,0.3462,0.1,150004,
12685,401024,-8.6,0.0,90.2,46,0.0435,0.3696,0.1,150004,
12686,401024,-2.2,0.0,87.5,7,0.0,0.5714,0.1,150004,
12687,401024,7.7,1.0,91.3,21,0.0952,0.2857,0.1,150004,
12688,401024,-1.7,0.0,66.67,4,0.0,0.5,0.1,150004,
12689,401088,3.6,1.0,93.18,41,0.122,0.4634,0.1,150054,
12690,401088,-8.5,0.0,88.24,45,0.0889,0.3111,0.1,150054,
12691,401152,-3.1,0.0,60.0,9,0.1111,0.3333,0.1,150099,
12692,401152,8.8,1.0,83.33,15,0.2,0.5333,0.1,150099,
12693,401152,-8.0,0.0,58.82,30,0.0667,0.4,0.1,150099,
12694,401152,-1.8,0.0,83.33,5,0.6,0.4,0.1,150099,
12695,401216,3.0,1.0,85.71,42,0.0476,0.4286,0.1,150152,
12696,401216,-1.8,0.0,83.33,5,0.2,0.4,0.1,150152,
12697,401280,-2.6,0.0,70.59,12,0.3333,0.5,0.1,150207,
12698,401280,8.3,1.0,72.73,16,0.0625,0.4375,0.1,150207,
12699,401344,-3.1,0.0,71.43,10,0.0,0.5,0.1,150257,
12700,401408,9.1,1.0,87.5,14,0.2857,0.5,0.1,150308,
12701,401408,-4.5,0.0,90.0,18,0.0556,0.4444,0.1,150308,
12702,401408,-8.0,0.0,78.43,40,0.05,0.425,0.1,150308,
12703,401408,6.5,1.0,75.0,24,0.0833,0.4583,0.1,150308,
12704,401472,10.0,1.0,90.91,10,0.3,0.5,0.1,150360,
12705,401472,10.8,1.0,85.71,6,0.1667,0.5,0.1,150360,
12706,401472,-5.0,0.0,89.29,25,0.12,0.44,0.1,150360,
12707,401536,-8.8,0.0,74.51,38,0.0789,0.4737,0.1,150415,
12708,401536,10.0,1.0,90.91,10,0.2,0.9,0.1,150415,
12709,401536,9.5,1.0,73.33,11,0.1818,0.4545,0.1,150415,
12710,401536,5.9,1.0,82.35,28,0.1071,0.4286,0.1,150415,
12711,401600,-2.5,0.0,75.0,12,0.0,0.5833,0.1,150463,
12712,401600,9.3,1.0,86.67,13,0.2308,0.6923,0.1,150463,
12713,401600,5.3,1.0,74.36,29,0.0345,0.6207,0.1,150463,
12714,401728,-8.2,0.0,82.35,42,0.0238,0.5,0.1,150563,
12715,401728,6.8,1.0,89.29,25,0.08,0.6,0.1,150563,
12716,401728,-4.5,0.0,84.62,22,0.0455,0.5,0.1,150563,
12717,401856,8.0,1.0,86.36,19,0.0526,0.4211,0.1,150671,
12718,401856,7.8,1.0,79.17,19,0.1053,0.4737,0.1,150671,
12719,401856,-2.2,0.0,66.67,6,0.0,0.3333,0.1,150671,
12720,401856,10.8,1.0,85.71,6,0.0,0.6667,0.1,150671,
12721,401856,11.0,1.0,83.33,5,0.2,0.8,0.1,150671,
12722,401920,10.7,1.0,55.56,5,0.4,1.0,0.1,150722,
12723,401984,10.1,1.0,81.82,9,0.4444,0.8889,0.1,150774,
12724,401984,8.1,1.0,73.91,17,0.0,0.4706,0.1,150774,
12725,402048,9.2,1.0,81.25,13,0.1538,0.6154,0.1,150828,
12726,402048,-3.0,0.0,64.29,9,0.0,0.3333,0.1,150828,
12727,402048,11.2,1.0,80.0,4,0.5,1.0,0.1,150828,
12728,402112,10.2,1.0,90.0,9,0.2222,0.5556,0.1,150882,
12729,402112,7.3,1.0,77.78,21,0.1905,0.5238,0.1,150882,
12730,402112,-9.3,0.0,84.31,43,0.0465,0.5581,0.1,150882,
12731,402176,2.8,1.0,82.35,42,0.1905,0.5714,0.1,150932,
12732,402176,-7.3,0.0,64.71,33,0.1515,0.4848,0.1,150932,
12733,402176,8.2,1.0,95.0,19,0.1579,0.5263,0.1,150932,
12734,402176,6.5,1.0,69.7,23,0.087,0.6522,0.1,150932,
12735,402240,-2.4,0.0,70.0,7,0.0,0.2857,0.1,150982,
12736,402240,6.7,1.0,74.19,23,0.0435,0.5217,0.1,150982,
12737,402240,-7.8,0.0,74.51,38,0.1579,0.3684,0.1,150982,
12738,402304,-1.9,0.0,71.43,5,0.0,0.4,0.1,151036,
12739,402304,9.6,1.0,78.57,11,0.0909,0.8182,0.1,151036,
12740,402304,7.7,1.0,83.33,20,0.15,0.45,0.1,151036,
12741,402304,-2.6,0.0,72.73,8,0.125,0.25,0.1,151036,
12742,402368,-8.5,0.0,88.24,45,0.0222,0.3778,0.1,151084,
12743,402368,4.1,1.0,86.05,37,0.1081,0.4865,0.1,151084,
12744,402368,3.0,1.0,85.71,42,0.119,0.5238,0.1,151084,
12745,402432,10.1,1.0,53.85,7,0.4286,0.8571,0.1,151137,
12746,402432,8.6,1.0,84.21,16,0.25,0.5625,0.1,151137,
12747,402432,-8.2,0.0,82.35,42,0.0952,0.381,0.1,151137,
12748,402496,-1.5,0.0,60.0,3,0.3333,0.0,0.1,151190,
12749,402496,10.2,1.0,90.0,9,0.0,0.4444,0.1,151190,
12750,402560,-4.7,0.0,90.48,19,0.0,0.3158,0.1,151240,
12751,402624,6.3,1.0,93.33,28,0.0357,0.3929,0.1,151295,
12752,402624,10.6,1.0,87.5,7,0.0,0.8571,0.1,151295,
12753,402624,-8.5,0.0,88.24,45,0.0889,0.5111,0.1,151295,
12754,402624,7.0,1.0,88.89,24,0.0833,0.625,0.1,151295,
12755,402624,10.4,1.0,88.89,8,0.125,1.0,0.1,151295,
12756,402688,7.3,1.0,84.62,22,0.0909,0.5909,0.1,151348,
12757,402688,7.8,1.0,79.17,19,0.1579,0.6316,0.1,151348,
12758,402752,3.6,1.0,80.85,38,0.1842,0.5263,0.1,151405,
12759,402752,8.3,1.0,90.0,18,0.0,0.3889,0.1,151405,
12760,402816,6.8,1.0,89.29,25,0.16,0.52,0.1,151456,
12761,402816,11.0,1.0,83.33,5,0.2,0.8,0.1,151456,
12762,402816,-2.2,0.0,87.5,7,0.0,0.2857,0.1,151456,
12763,402816,8.4,1.0,85.0,17,0.1765,0.5294,0.1,151456,
12764,402880,9.8,1.0,91.67,11,0.0,0.5455,0.1,151508,
12765,402880,9.9,1.0,69.23,9,0.3333,0.7778,0.1,151508,
12766,402880,2.9,1.0,87.76,43,0.093,0.5349,0.1,151508,
12767,402880,10.2,1.0,90.0,9,0.2222,0.7778,0.1,151508,
12768,402880,8.8,1.0,83.33,15,0.0667,0.8,0.1,151508,
12769,402880,-5.1,0.0,51.72,15,0.0667,0.4,0.1,151508,
12770,402944,-2.2,0.0,87.5,7,0.0,0.2857,0.1,151559,
12771,402944,-0.4,0.0,75.0,3,0.0,0.3333,0.1,151559,
12772,402944,-1.6,0.0,50.0,3,0.3333,0.3333,0.1,151559,
12773,403072,-8.3,0.0,64.71,33,0.0303,0.4242,0.1,151664,
12774,403072,9.9,1.0,83.33,10,0.1,0.7,0.1,151664,
12775,403072,9.4,1.0,92.86,13,0.0769,0.6154,0.1,151664,
12776,403072,-8.4,0.0,66.67,34,0.0882,0.4118,0.1,151664,
12777,403072,-2.4,0.0,54.55,6,0.0,0.3333,0.1,151664,
12778,403136,6.1,1.0,93.55,29,0.1034,0.5172,0.1,151711,
12779,403136,11.0,1.0,83.33,5,0.4,0.8,0.1,151711,
12780,403136,-5.7,0.0,87.5,28,0.1429,0.5,0.1,151711,
12781,403136,8.7,1.0,88.89,16,0.0625,0.6875,0.1,151711,
12782,403200,3.7,1.0,78.72,37,0.1351,0.6486,0.1,151761,
12783,403200,5.8,1.0,90.91,30,0.1333,0.4333,0.1,151761,
12784,403200,8.4,1.0,85.0,17,0.2353,0.5882,0.1,151761,
12785,403200,5.9,1.0,82.35,28,0.0714,0.5357,0.1,151761,
12786,403200,9.6,1.0,92.31,12,0.0833,0.5,0.1,151761,
12787,403264,9.2,1.0,93.33,14,0.2143,0.4286,0.1,151811,
12788,403328,10.4,1.0,88.89,8,0.125,0.5,0.1,151864,
12789,403328,5.8,1.0,75.0,27,0.1852,0.4444,0.1,151864,
12790,403328,-1.8,0.0,83.33,5,0.0,0.4,0.1,151864,
12791,403392,-5.0,0.0,79.17,19,0.1579,0.4211,0.1,151917,
12792,403456,7.5,1.0,84.0,21,0.1905,0.5238,0.1,151970,
12793,403456,-6.0,0.0,76.67,23,0.2174,0.3478,0.1,151970,
12794,403456,9.3,1.0,86.67,13,0.0769,0.7692,0.1,151970,
12795,403456,-2.1,0.0,55.56,5,0.0,0.6,0.1,151970,
12796,403456,6.6,1.0,83.33,25,0.08,0.44,0.1,151970,
12797,403584,4.2,1.0,83.72,36,0.0833,0.4722,0.1,152069,
12798,403584,3.8,1.0,76.6,36,0.1667,0.4444,0.1,152069,
12799,403648,-3.2,0.0,75.0,15,0.1333,0.4,0.1,152120,
12800,403648,9.0,1.0,93.75,15,0.1333,0.4667,0.1,152120,
12801,403712,-7.4,0.0,66.67,34,0.1176,0.5,0.1,152170,
12802,403712,8.0,1.0,78.26,18,0.2778,0.7778,0.1,152170,
12803,403712,10.3,1.0,80.0,8,0.25,0.75,0.1,152170,
12804,403776,9.7,1.0,71.43,10,0.1,0.7,0.1,152222,
12805,404032,-4.4,0.0,68.18,15,0.0,0.4,0.1,152439,
12806,404032,9.0,1.0,82.35,14,0.3571,0.7143,0.1,152439,
12807,404032,10.4,1.0,88.89,8,0.375,0.875,0.1,152439,
12808,404032,2.9,1.0,87.76,43,0.1163,0.4651,0.1,152439,
12809,404032,8.5,1.0,71.43,15,0.1333,0.5333,0.1,152439,
12810,404032,-2.4,0.0,88.89,8,0.125,0.375,0.1,152439,
12811,404096,4.1,1.0,73.91,34,0.1765,0.5882,0.1,152485,
12812,404160,9.9,1.0,83.33,10,0.2,0.6,0.1,152531,
12813,404160,-8.0,0.0,78.43,40,0.1,0.5,0.1,152531,
12814,404160,8.1,1.0,90.48,19,0.1579,0.6316,0.1,152531,
12815,404224,4.2,1.0,88.1,37,0.0541,0.3784,0.1,152583,
12816,404224,-3.2,0.0,94.44,17,0.2353,0.4118,0.1,152583,
12817,404224,-7.7,0.0,72.55,37,0.0541,0.5946,0.1,152583,
12818,404288,10.0,1.0,90.91,10,0.0,0.7,0.1,152638,
12819,404288,5.0,1.0,77.5,31,0.0323,0.5484,0.1,152638,
12820,404352,3.4,1.0,89.13,41,0.122,0.5366,0.1,152686,
12821,404352,8.7,1.0,78.95,15,0.1333,0.4,0.1,152686,
12822,404416,5.4,1.0,67.5,27,0.037,0.5926,0.1,152735,
12823,404416,-2.0,0.0,53.33,8,0.125,0.625,0.1,152735,
12824,404480,-0.9,0.0,71.43,5,0.0,0.2,0.1,152784,
12825,404480,8.2,1.0,95.0,19,0.1579,0.5789,0.1,152784,
12826,404480,-6.8,0.0,64.86,24,0.125,0.5417,0.1,152784,
12827,404480,11.2,1.0,50.0,3,0.0,1.0,0.1,152784,
12828,404544,9.9,1.0,83.33,10,0.5,0.6,0.1,152836,
12829,404608,-0.8,0.0,83.33,5,0.2,0.4,0.1,152891,
12830,404608,7.8,1.0,95.45,21,0.0,0.619,0.1,152891,
12831,404608,-8.6,0.0,78.0,39,0.0256,0.4872,0.1,152891,
12832,404672,-3.7,0.0,57.89,11,0.0909,0.1818,0.1,152944,
12833,404736,10.4,1.0,88.89,8,0.375,0.75,0.1,152991,
12834,404800,7.9,1.0,82.61,19,0.2632,0.5789,0.1,153043,
12835,404800,6.6,1.0,77.42,24,0.0417,0.5833,0.1,153043,
12836,404864,-6.1,0.0,72.97,27,0.0741,0.4444,0.1,153090,
12837,404864,7.1,1.0,85.19,23,0.2174,0.4783,0.1,153090,
12838,404928,-7.0,0.0,87.18,34,0.1471,0.4118,0.1,153145,
12839,404992,-5.3,0.0,76.92,20,0.05,0.5,0.1,153200,
12840,404992,-1.8,0.0,83.33,5,0.0,0.4,0.1,153200,
12841,405056,9.1,1.0,87.5,14,0.0714,0.7857,0.1,153253,
12842,405056,7.0,1.0,88.89,24,0.1667,0.5417,0.1,153253,
12843,405056,9.0,1.0,93.75,15,0.1333,0.6,0.1,153253,
12844,405120,4.1,1.0,77.78,35,0.1429,0.5429,0.1,153301,
12845,405120,-2.7,0.0,81.82,9,0.0,0.4444,0.1,153301,
12846,405184,5.1,1.0,94.44,34,0.0588,0.5294,0.1,153356,
12847,405184,6.1,1.0,87.5,28,0.2143,0.5357,0.1,153356,
12848,405248,-8.2,0.0,82.35,42,0.0952,0.381,0.1,153401,
12849,405312,4.5,1.0,80.95,34,0.1471,0.5,0.1,153454,
12850,405312,8.6,1.0,94.44,17,0.0,0.5294,0.1,153454,
12851,405312,-8.2,0.0,82.35,42,0.1667,0.5,0.1,153454,
12852,405376,9.0,1.0,82.35,14,0.0714,0.3571,0.1,153507,
12853,405376,7.3,1.0,84.62,22,0.1364,0.4545,0.1,153507,
12854,405376,6.2,1.0,96.67,29,0.1724,0.4138,0.1,153507,
12855,405376,8.4,1.0,94.74,18,0.0556,0.3889,0.1,153507,
12856,405376,-9.5,0.0,83.33,40,0.075,0.5,0.1,153507,
12857,405440,3.1,1.0,76.47,39,0.1282,0.4872,0.1,153556,
12858,405440,-7.8,0.0,74.51,38,0.0526,0.5789,0.1,153556,
12859,405440,-2.0,0.0,85.71,6,0.0,0.3333,0.1,153556,
12860,405504,-5.5,0.0,65.52,19,0.1053,0.2105,0.1,153604,
12861,405504,6.8,1.0,89.29,25,0.16,0.68,0.1,153604,
12862,405504,9.0,1.0,93.75,15,0.0,0.6,0.1,153604,
12863,405568,9.8,1.0,91.67,11,0.1818,0.4545,0.1,153652,
12864,405632,-1.6,0.0,80.0,4,0.0,0.25,0.1,153705,
12865,405760,9.7,1.0,71.43,10,0.1,0.7,0.1,153813,
12866,405760,-3.5,0.0,80.95,17,0.0588,0.4118,0.1,153813,
12867,405760,10.2,1.0,90.0,9,0.1111,0.6667,0.1,153813,
12868,405824,10.7,1.0,75.0,6,0.1667,0.6667,0.1,153865,
12869,405824,8.4,1.0,76.19,16,0.0625,0.625,0.1,153865,
12870,405824,10.5,1.0,77.78,7,0.4286,0.7143,0.1,153865,
12871,405824,8.5,1.0,89.47,17,0.0588,0.4706,0.1,153865,
12872,405888,-8.6,0.0,70.59,36,0.1111,0.2222,0.1,153913,
12873,405888,-8.6,0.0,90.2,46,0.087,0.413,0.1,153913,
12874,405952,-1.9,0.0,50.0,4,0.0,0.5,0.1,153964,
12875,405952,3.3,1.0,83.33,40,0.025,0.45,0.1,153964,
12876,406016,8.7,1.0,88.89,16,0.0625,0.5625,0.1,154017,
12877,406080,5.8,1.0,96.88,31,0.1613,0.3871,0.1,154071,
12878,406080,-9.0,0.0,78.43,40,0.15,0.525,0.1,154071,
12879,406080,8.3,1.0,80.95,17,0.0588,0.5882,0.1,154071,
12880,406080,-3.6,0.0,61.11,11,0.2727,0.4545,0.1,154071,
12881,406080,-8.3,0.0,84.31,43,0.093,0.4186,0.1,154071,
12882,406144,10.0,1.0,90.91,10,0.1,0.5,0.1,154115,
12883,406144,-8.6,0.0,70.59,36,0.0833,0.5833,0.1,154115,
12884,406144,-1.6,0.0,80.0,4,0.25,0.25,0.1,154115,
12885,406144,-8.3,0.0,84.31,43,0.0698,0.4884,0.1,154115,
12886,406144,10.3,1.0,80.0,8,0.0,0.5,0.1,154115,
12887,406144,10.0,1.0,75.0,9,0.2222,0.5556,0.1,154115,
12888,406208,10.8,1.0,85.71,6,0.1667,0.8333,0.1,154168,
12889,406208,-8.2,0.0,82.35,42,0.0476,0.4524,0.1,154168,
12890,406208,11.0,1.0,83.33,5,0.4,0.6,0.1,154168,
12891,406272,3.2,1.0,78.0,39,0.2051,0.5897,0.1,154222,
12892,406336,6.0,1.0,84.85,28,0.1786,0.5,0.1,154274,
12893,406336,-7.7,0.0,72.55,37,0.0811,0.5135,0.1,154274,
12894,406336,2.9,1.0,80.39,41,0.1463,0.5366,0.1,154274,
12895,406400,-4.0,0.0,57.14,12,0.0,0.3333,0.1,154329,
12896,406400,-3.4,0.0,92.86,13,0.2308,0.2308,0.1,154329,
12897,406400,-7.4,0.0,66.67,34,0.1176,0.6471,0.1,154329,
12898,406400,4.7,1.0,76.19,32,0.0312,0.5938,0.1,154329,
12899,406464,-8.5,0.0,68.63,35,0.0,0.4857,0.1,154381,
12900,406464,-9.1,0.0,80.39,41,0.0488,0.439,0.1,154381,
12901,406464,6.5,1.0,86.67,26,0.0769,0.6154,0.1,154381,
12902,406464,-8.0,0.0,78.43,40,0.05,0.5,0.1,154381,
12903,406464,2.5,1.0,92.0,46,0.1522,0.4348,0.1,154381,
12904,406592,-6.1,0.0,80.0,24,0.0833,0.4583,0.1,154484,
12905,406656,9.8,1.0,76.92,10,0.3,0.7,0.1,154538,
12906,406656,4.1,1.0,70.21,33,0.1818,0.6364,0.1,154538,
12907,406720,4.3,1.0,85.71,36,0.0556,0.6111,0.1,154593,
12908,406784,6.9,1.0,85.71,24,0.1667,0.4167,0.1,154648,
12909,406784,-2.2,0.0,87.5,7,0.2857,0.1429,0.1,154648,
12910,406848,-9.0,0.0,78.43,40,0.075,0.4,0.1,154699,
12911,406848,10.9,1.0,71.43,5,0.0,0.8,0.1,154699,
12912,406976,7.3,1.0,92.0,23,0.1739,0.5217,0.1,154803,
12913,406976,6.9,1.0,73.33,22,0.1364,0.5455,0.1,154803,
12914,407040,7.3,1.0,84.62,22,0.0,0.5455,0.1,154857,
12915,407040,9.7,1.0,84.62,11,0.0,0.6364,0.1,154857,
12916,407104,10.8,1.0,85.71,6,0.0,1.0,0.1,154909,
12917,407104,-8.4,0.0,75.0,33,0.2121,0.303,0.1,154909,
12918,407104,9.3,1.0,86.67,13,0.1538,0.6154,0.1,154909,
12919,407104,10.3,1.0,80.0,8,0.0,0.875,0.1,154909,
12920,407104,4.3,1.0,81.4,35,0.0857,0.5429,0.1,154909,
12921,407232,-4.9,0.0,85.71,24,0.0,0.4583,0.1,155016,
12922,407232,-8.0,0.0,78.05,32,0.0625,0.3125,0.1,155016,
12923,407296,-7.4,0.0,66.67,34,0.0882,0.5,0.1,155067,
12924,407296,8.5,1.0,89.47,17,0.2353,0.4706,0.1,155067,
12925,407296,10.6,1.0,87.5,7,0.4286,0.7143,0.1,155067,
12926,407296,7.9,1.0,90.91,20,0.05,0.7,0.1,155067,
12927,407360,-6.9,0.0,82.35,28,0.0714,0.3929,0.1,155117,
12928,407360,-6.3,0.0,75.0,24,0.0833,0.5,0.1,155117,
12929,407360,-6.2,0.0,80.56,29,0.069,0.3448,0.1,155117,
12930,407424,-3.5,0.0,80.95,17,0.2353,0.3529,0.1,155169,
12931,407424,5.7,1.0,77.78,28,0.25,0.6071,0.1,155169,
12932,407424,-0.9,0.0,71.43,5,0.0,0.2,0.1,155169,
12933,407424,9.8,1.0,91.67,11,0.2727,0.5455,0.1,155169,
12934,407424,7.8,1.0,86.96,20,0.15,0.55,0.1,155169,
12935,407424,-4.1,0.0,78.95,15,0.1333,0.4,0.1,155169,
12936,407488,-4.5,0.0,80.95,17,0.1765,0.5294,0.1,155217,
12937,407488,7.9,1.0,90.91,20,0.2,0.45,0.1,155217,
12938,407488,-8.4,0.0,86.27,44,0.0909,0.6591,0.1,155217,
12939,407488,-1.8,0.0,75.0,9,0.1111,0.3333,0.1,155217,
12940,407552,10.7,1.0,75.0,6,0.3333,0.5,0.1,155271,
12941,407552,8.9,1.0,77.78,14,0.0714,0.7143,0.1,155271,
12942,407616,7.7,1.0,83.33,20,0.0,0.5,0.1,155323,
12943,407616,-8.3,0.0,64.71,33,0.0303,0.3333,0.1,155323,
12944,407680,-3.9,0.0,68.42,13,0.0,0.3077,0.1,155374,
12945,407680,7.2,1.0,96.0,24,0.0417,0.375,0.1,155374,
12946,407744,-1.9,0.0,71.43,5,0.0,0.2,0.1,155418,
12947,407744,-8.7,0.0,72.55,37,0.0811,0.5405,0.1,155418,
12948,407744,-7.8,0.0,74.51,38,0.0789,0.6053,0.1,155418,
12949,407744,7.4,1.0,88.0,22,0.0455,0.6818,0.1,155418,
12950,407744,9.3,1.0,86.67,13,0.1538,0.6923,0.1,155418,
12951,407808,9.9,1.0,83.33,10,0.1,0.7,0.1,155466,
12952,407936,4.8,1.0,92.11,35,0.1429,0.4286,0.1,155571,
12953,408000,-1.2,0.0,87.5,7,0.0,0.5714,0.1,155623,
12954,408000,9.5,1.0,85.71,12,0.25,0.8333,0.1,155623,
12955,408064,10.2,1.0,90.0,9,0.1111,0.5556,0.1,155672,
12956,408064,-9.4,0.0,86.27,44,0.0455,0.2955,0.1,155672,
12957,408192,8.0,1.0,95.24,20,0.3,0.55,0.1,155779,
12958,408192,9.0,1.0,82.35,14,0.0,0.5,0.1,155779,
12959,408192,10.0,1.0,90.91,10,0.2,0.7,0.1,155779,
12960,408192,10.4,1.0,88.89,8,0.0,0.625,0.1,155779,
12961,408192,7.3,1.0,71.43,20,0.2,0.35,0.1,155779,
12962,408256,-4.0,0.0,50.0,11,0.0,0.3636,0.1,155834,
12963,408256,10.4,1.0,54.55,6,0.3333,0.5,0.1,155834,
12964,408256,-5.9,0.0,87.88,29,0.1724,0.5517,0.1,155834,
12965,408256,-2.0,0.0,62.5,5,0.0,0.2,0.1,155834,
12966,408384,5.9,1.0,93.75,30,0.1333,0.5,0.1,155936,
12967,408384,10.5,1.0,77.78,7,0.1429,0.5714,0.1,155936,
12968,408384,8.9,1.0,77.78,14,0.2143,0.6429,0.1,155936,
12969,408384,9.9,1.0,83.33,10,0.1,0.5,0.1,155936,
12970,408448,2.9,1.0,80.39,41,0.0976,0.4146,0.1,155991,
12971,408448,9.1,1.0,76.47,13,0.2308,0.4615,0.1,155991,
12972,408448,-7.7,0.0,66.67,28,0.0357,0.4286,0.1,155991,
12973,408512,6.3,1.0,81.25,26,0.0769,0.6154,0.1,156045,
12974,408512,-2.5,0.0,86.67,13,0.1538,0.3846,0.1,156045,
12975,408576,10.4,1.0,88.89,8,0.375,0.625,0.1,156097,
12976,408576,-1.6,0.0,80.0,4,0.25,0.25,0.1,156097,
12977,408576,5.6,1.0,71.05,27,0.1481,0.6667,0.1,156097,
12978,408640,3.7,1.0,95.35,41,0.2439,0.5366,0.1,156147,
12979,408640,-8.2,0.0,82.35,42,0.2381,0.4286,0.1,156147,
12980,408640,-8.2,0.0,82.35,42,0.1905,0.4286,0.1,156147,
12981,408640,-4.2,0.0,84.21,16,0.0625,0.375,0.1,156147,
12982,408640,8.7,1.0,78.95,15,0.2667,0.5333,0.1,156147,
12983,408704,-3.5,0.0,86.67,13,0.1538,0.3846,0.1,156198,
12984,408704,5.3,1.0,83.78,31,0.129,0.5484,0.1,156198,
12985,408704,10.6,1.0,87.5,7,0.1429,0.5714,0.1,156198,
12986,408704,8.6,1.0,75.0,15,0.3333,0.6667,0.1,156198,
12987,408768,10.4,1.0,88.89,8,0.375,0.375,0.1,156249,
12988,408832,-9.9,0.0,96.08,49,0.0408,0.5102,0.1,156301,
12989,408832,4.7,1.0,94.74,36,0.1111,0.5,0.1,156301,
12990,408832,9.6,1.0,92.31,12,0.3333,0.5,0.1,156301,
12991,408896,-9.5,0.0,88.24,45,0.0667,0.4444,0.1,156356,
12992,408896,-1.4,0.0,70.0,7,0.2857,0.1429,0.1,156356,
12993,408896,-4.5,0.0,72.73,16,0.0625,0.3125,0.1,156356,
12994,408960,3.6,1.0,80.85,38,0.1842,0.5263,0.1,156407,
12995,408960,-1.8,0.0,57.14,4,0.25,0.25,0.1,156407,
12996,408960,7.4,1.0,95.83,23,0.2174,0.3478,0.1,156407,
12997,408960,-5.4,0.0,80.77,21,0.0476,0.5714,0.1,156407,
12998,408960,7.4,1.0,88.0,22,0.0909,0.5909,0.1,156407,
12999,409024,-4.4,0.0,76.19,16,0.0,0.4375,0.1,156458,
13000,409024,-9.1,0.0,80.39,41,0.0976,0.4146,0.1,156458,
13001,409088,-8.0,0.0,78.43,40,0.1,0.4,0.1,156511,
13002,409088,-2.3,0.0,77.78,7,0.0,0.2857,0.1,156511,
13003,409152,-4.8,0.0,59.38,19,0.1053,0.5263,0.1,156568,
13004,409152,8.5,1.0,89.47,17,0.0588,0.6471,0.1,156568,
13005,409216,9.6,1.0,92.31,12,0.1667,0.5,0.1,156621,
13006,409216,9.8,1.0,76.92,10,0.1,0.8,0.1,156621,
13007,409280,3.1,1.0,87.5,42,0.0714,0.4286,0.1,156674,
13008,409280,6.8,1.0,89.29,25,0.04,0.4,0.1,156674,
13009,409280,-7.6,0.0,70.59,36,0.1389,0.4722,0.1,156674,
13010,409280,10.8,1.0,85.71,6,0.0,0.6667,0.1,156674,
13011,409344,7.3,1.0,84.62,22,0.1364,0.6818,0.1,156725,
13012,409344,5.6,1.0,75.68,28,0.1071,0.5357,0.1,156725,
13013,409344,-4.9,0.0,68.0,17,0.0588,0.3529,0.1,156725,
13014,409408,3.0,1.0,89.58,43,0.1628,0.4651,0.1,156773,
13015,409408,-7.9,0.0,76.47,39,0.0769,0.4615,0.1,156773,
13016,409408,-1.8,0.0,75.0,9,0.1111,0.5556,0.1,156773,
13017,409472,9.6,1.0,92.31,12,0.0,0.6667,0.1,156828,
13018,409472,10.8,1.0,85.71,6,0.1667,0.6667,0.1,156828,
13019,409472,9.9,1.0,83.33,10,0.2,0.5,0.1,156828,
13020,409472,8.9,1.0,88.24,15,0.0667,0.5333,0.1,156828,
13021,409536,8.4,1.0,85.0,17,0.1765,0.4706,0.1,156879,
13022,409536,10.5,1.0,77.78,7,0.1429,0.7143,0.1,156879,
13023,409536,8.3,1.0,65.22,15,0.2,0.4,0.1,156879,
13024,409600,11.3,1.0,60.0,3,0.3333,0.6667,0.1,156932,
13025,409600,4.8,1.0,87.18,34,0.1471,0.3235,0.1,156932,
13026,409600,4.7,1.0,89.74,35,0.0286,0.5429,0.1,156932,
13027,409728,-8.9,0.0,76.47,39,0.1026,0.3333,0.1,157041,
13028,409728,-8.4,0.0,86.27,44,0.0682,0.4318,0.1,157041,
13029,409728,7.5,1.0,76.92,20,0.1,0.65,0.1,157041,
13030,409792,10.6,1.0,87.5,7,0.4286,0.8571,0.1,157093,
13031,409792,7.5,1.0,84.0,21,0.1429,0.7143,0.1,157093,
13032,409856,-7.9,0.0,76.47,39,0.1026,0.4615,0.1,157146,
13033,409920,7.6,1.0,95.65,22,0.1818,0.3636,0.1,157203,
13034,409920,10.4,1.0,88.89,8,0.375,0.625,0.1,157203,
13035,409984,10.8,1.0,85.71,6,0.1667,0.6667,0.1,157262,
13036,409984,-3.9,0.0,88.24,15,0.1333,0.5333,0.1,157262,
13037,410048,-2.3,0.0,85.71,12,0.0833,0.25,0.1,157313,
13038,410048,11.2,1.0,80.0,4,0.25,0.5,0.1,157313,
13039,410048,8.9,1.0,88.24,15,0.2667,0.6,0.1,157313,
13040,410048,-1.3,0.0,50.0,2,0.0,0.0,0.1,157313,
13041,410112,8.8,1.0,94.12,16,0.1875,0.375,0.1,157368,
13042,410112,10.1,1.0,81.82,9,0.3333,0.5556,0.1,157368,
13043,410176,7.3,1.0,92.0,23,0.1304,0.4348,0.1,157418,
13044,410176,4.2,1.0,71.74,33,0.0606,0.5455,0.1,157418,
13045,410240,7.5,1.0,91.67,22,0.0909,0.4091,0.1,157472,
13046,410240,10.0,1.0,90.91,10,0.2,0.8,0.1,157472,
13047,410240,-2.2,0.0,66.67,10,0.1,0.2,0.1,157472,
13048,410304,7.8,1.0,86.96,20,0.25,0.55,0.1,157525,
13049,410304,6.3,1.0,81.25,26,0.1923,0.5385,0.1,157525,
13050,410368,9.3,1.0,86.67,13,0.0769,0.6154,0.1,157570,
13051,410368,7.3,1.0,92.0,23,0.087,0.4348,0.1,157570,
13052,410368,-5.7,0.0,76.47,26,0.0385,0.4231,0.1,157570,
13053,410496,5.3,1.0,88.89,32,0.0938,0.4375,0.1,157678,
13054,410560,-8.1,0.0,80.39,41,0.0732,0.5366,0.1,157734,
13055,410560,-8.7,0.0,72.55,37,0.0811,0.3784,0.1,157734,
13056,410624,6.4,1.0,83.87,26,0.0,0.4615,0.1,157790,
13057,410624,-8.1,0.0,80.39,41,0.0732,0.439,0.1,157790,
13058,410688,-8.8,0.0,74.51,38,0.1579,0.3684,0.1,157848,
13059,410752,9.9,1.0,83.33,10,0.0,0.4,0.1,157905,
13060,410752,6.7,1.0,92.86,26,0.0769,0.5385,0.1,157905,
13061,410816,-6.2,0.0,85.71,30,0.1333,0.3333,0.1,157955,
13062,410816,3.4,1.0,81.25,39,0.1795,0.641,0.1,157955,
13063,410816,-5.2,0.0,95.65,22,0.1364,0.2727,0.1,157955,
13064,410880,8.8,1.0,94.12,16,0.125,0.4375,0.1,158007,
13065,410880,8.0,1.0,95.24,20,0.2,0.5,0.1,158007,
13066,410880,5.6,1.0,85.71,30,0.0667,0.4667,0.1,158007,
13067,410944,-4.7,0.0,73.91,17,0.0,0.2353,0.1,158062,
13068,410944,8.5,1.0,89.47,17,0.1765,0.6471,0.1,158062,
13069,411008,8.5,1.0,80.0,16,0.0625,0.5625,0.1,158115,
13070,411008,-7.7,0.0,72.55,37,0.0811,0.5135,0.1,158115,
13071,411008,5.8,1.0,90.91,30,0.1333,0.5,0.1,158115,
13072,411008,7.5,1.0,91.67,22,0.3182,0.5455,0.1,158115,
13073,411072,9.0,1.0,82.35,14,0.0,0.7143,0.1,158163,
13074,411136,9.2,1.0,93.33,14,0.0,0.7143,0.1,158211,
13075,411136,8.4,1.0,94.74,18,0.1111,0.6111,0.1,158211,
13076,411136,6.6,1.0,83.33,25,0.04,0.52,0.1,158211,
13077,411136,-7.9,0.0,71.43,30,0.1333,0.3667,0.1,158211,
13078,411200,9.7,1.0,84.62,11,0.3636,0.6364,0.1,158261,
13079,411200,10.4,1.0,88.89,8,0.125,0.625,0.1,158261,
13080,411200,8.9,1.0,88.24,15,0.2,0.4,0.1,158261,
13081,411328,6.0,1.0,90.62,29,0.1379,0.3103,0.1,158372,
13082,411392,-2.3,0.0,60.0,6,0.0,0.5,0.1,158427,
13083,411392,6.9,1.0,85.71,24,0.2083,0.375,0.1,158427,
13084,411456,4.8,1.0,78.05,32,0.0312,0.5625,0.1,158482,
13085,411456,-7.0,0.0,65.91,29,0.1034,0.4138,0.1,158482,
13086,411456,10.4,1.0,70.0,7,0.2857,0.7143,0.1,158482,
13087,411520,-1.8,0.0,57.14,4,0.25,0.25,0.1,158536,
13088,411520,10.6,1.0,66.67,6,0.1667,0.8333,0.1,158536,
13089,411584,-4.9,0.0,75.0,18,0.1111,0.3889,0.1,158592,
13090,411584,-1.9,0.0,71.43,5,0.0,0.4,0.1,158592,
13091,411648,3.7,1.0,82.61,38,0.1053,0.3947,0.1,158646,
13092,411648,10.2,1.0,90.0,9,0.2222,0.5556,0.1,158646,
13093,411648,-7.9,0.0,84.62,33,0.1212,0.5152,0.1,158646,
13094,411648,6.5,1.0,75.0,24,0.0,0.6667,0.1,158646,
13095,411648,-9.0,0.0,78.43,40,0.025,0.525,0.1,158646,
13096,411712,-2.3,0.0,77.78,7,0.0,0.4286,0.1,158700,
13097,411712,-7.7,0.0,72.55,37,0.0541,0.6486,0.1,158700,
13098,411776,5.2,1.0,91.67,33,0.0909,0.4242,0.1,158755,
13099,411840,-9.2,0.0,82.35,42,0.1429,0.4286,0.1,158814,
13100,411840,7.1,1.0,85.19,23,0.1304,0.3913,0.1,158814,
13101,411840,5.0,1.0,82.05,32,0.0625,0.5625,0.1,158814,
13102,411904,7.7,1.0,69.23,18,0.1111,0.6667,0.1,158871,
13103,411904,9.2,1.0,93.33,14,0.2143,0.7143,0.1,158871,
13104,411968,6.6,1.0,96.43,27,0.1481,0.6296,0.1,158923,
13105,411968,-8.5,0.0,88.24,45,0.0889,0.4444,0.1,158923,
13106,412032,8.8,1.0,83.33,15,0.2667,0.6,0.1,158979,
13107,412032,10.6,1.0,87.5,7,0.2857,0.4286,0.1,158979,
13108,412096,-4.6,0.0,85.71,18,0.1111,0.4444,0.1,159031,
13109,412096,8.4,1.0,85.0,17,0.0,0.5882,0.1,159031,
13110,412160,7.2,1.0,96.0,24,0.125,0.4583,0.1,159085,
13111,412160,-5.3,0.0,86.67,26,0.0769,0.3077,0.1,159085,
13112,412160,6.0,1.0,84.85,28,0.0714,0.6071,0.1,159085,
13113,412160,-7.8,0.0,74.51,38,0.1053,0.3947,0.1,159085,
13114,412224,-9.6,0.0,90.2,46,0.0435,0.3696,0.1,159130,
13115,412224,-8.4,0.0,86.27,44,0.1136,0.5909,0.1,159130,
13116,412224,-3.2,0.0,92.31,12,0.1667,0.3333,0.1,159130,
13117,412288,-1.8,0.0,57.14,4,0.0,0.5,0.1,159184,
13118,412288,5.1,1.0,89.19,33,0.2121,0.5455,0.1,159184,
13119,412288,-4.3,0.0,80.0,16,0.0,0.375,0.1,159184,
13120,412288,6.5,1.0,75.0,24,0.125,0.5,0.1,159184,
13121,412352,2.5,1.0,88.24,45,0.1111,0.4222,0.1,159236,
13122,412352,-8.4,0.0,86.27,44,0.0909,0.3182,0.1,159236,
13123,412352,5.2,1.0,91.67,33,0.1212,0.6364,0.1,159236,
13124,412480,-8.0,0.0,78.43,40,0.15,0.475,0.1,159342,
13125,412480,-3.6,0.0,81.25,13,0.0769,0.3077,0.1,159342,
13126,412480,9.0,1.0,93.75,15,0.2,0.7333,0.1,159342,
13127,412608,9.2,1.0,93.33,14,0.0,0.6429,0.1,159451,
13128,412608,8.7,1.0,78.95,15,0.2,0.6667,0.1,159451,
13129,412672,-2.3,0.0,77.78,7,0.4286,0.4286,0.1,159501,
13130,412672,-8.3,0.0,84.31,43,0.0465,0.3256,0.1,159501,
13131,412736,7.2,1.0,81.48,22,0.1818,0.5455,0.1,159556,
13132,412736,-9.4,0.0,86.27,44,0.1136,0.4773,0.1,159556,
13133,412736,5.1,1.0,84.21,32,0.0312,0.5,0.1,159556,
13134,412800,-6.0,0.0,76.67,23,0.0435,0.3913,0.1,159607,
13135,412800,5.3,1.0,88.89,32,0.0938,0.4688,0.1,159607,
13136,412800,9.9,1.0,69.23,9,0.6667,0.6667,0.1,159607,
13137,412864,-8.5,0.0,88.24,45,0.1556,0.5111,0.1,159651,
13138,412864,8.5,1.0,80.0,16,0.125,0.5625,0.1,159651,
13139,412928,5.4,1.0,86.11,31,0.0323,0.5806,0.1,159703,
13140,412992,5.4,1.0,97.06,33,0.1818,0.4242,0.1,159756,
13141,413056,9.4,1.0,92.86,13,0.2308,0.3846,0.1,159813,
13142,413056,7.0,1.0,88.89,24,0.0833,0.4583,0.1,159813,
13143,413056,-2.8,0.0,90.91,10,0.0,0.7,0.1,159813,
13144,413120,5.0,1.0,77.5,31,0.1613,0.5161,0.1,159860,
13145,413120,7.1,1.0,66.67,20,0.15,0.55,0.1,159860,
13146,413120,11.2,1.0,80.0,4,0.0,1.0,0.1,159860,
13147,413120,-7.9,0.0,76.47,39,0.1026,0.5128,0.1,159860,
13148,413120,9.4,1.0,92.86,13,0.1538,0.6154,0.1,159860,
13149,413184,-2.6,0.0,72.73,8,0.0,0.5,0.1,159911,
13150,413248,-3.1,0.0,71.43,10,0.1,0.5,0.1,159966,
13151,413248,8.8,1.0,83.33,15,0.2,0.6667,0.1,159966,
13152,413312,-8.6,0.0,90.2,46,0.1087,0.5435,0.1,160021,
13153,413312,-4.5,0.0,84.62,22,0.1364,0.4545,0.1,160021,
13154,413312,9.8,1.0,76.92,10,0.1,0.9,0.1,160021,
13155,413376,-3.3,0.0,89.47,17,0.1765,0.4706,0.1,160071,
13156,413376,7.6,1.0,95.65,22,0.1818,0.5909,0.1,160071,
13157,413504,10.6,1.0,87.5,7,0.4286,0.7143,0.1,160184,
13158,413504,7.1,1.0,92.31,24,0.2083,0.5417,0.1,160184,
13159,413504,6.6,1.0,89.66,26,0.1154,0.3846,0.1,160184,
13160,413568,-8.6,0.0,90.2,46,0.087,0.413,0.1,160236,
13161,413632,-7.9,0.0,76.47,39,0.1538,0.5385,0.1,160289,
13162,413632,9.0,1.0,93.75,15,0.3333,0.4,0.1,160289,
13163,413632,10.0,1.0,61.54,8,0.125,0.75,0.1,160289,
13164,413632,-8.3,0.0,84.31,43,0.0465,0.4884,0.1,160289,
13165,413696,7.2,1.0,81.48,22,0.0909,0.5,0.1,160340,
13166,413696,9.2,1.0,93.33,14,0.0714,0.5,0.1,160340,
13167,413696,4.7,1.0,89.74,35,0.1143,0.4571,0.1,160340,
13168,413760,-2.3,0.0,60.0,6,0.1667,0.3333,0.1,160394,
13169,413760,-0.9,0.0,71.43,5,0.0,0.4,0.1,160394,
13170,413760,7.7,1.0,91.3,21,0.1429,0.4286,0.1,160394,
13171,413760,10.0,1.0,90.91,10,0.0,0.8,0.1,160394,
13172,413824,4.6,1.0,82.93,34,0.0588,0.5882,0.1,160442,
13173,413824,6.2,1.0,78.79,26,0.0769,0.5769,0.1,160442,
13174,413824,7.7,1.0,76.0,19,0.1053,0.4737,0.1,160442,
13175,413824,4.3,1.0,69.57,32,0.0625,0.625,0.1,160442,
13176,413952,-5.0,0.0,86.96,20,0.1,0.45,0.1,160543,
13177,413952,-9.7,0.0,92.16,47,0.1702,0.4468,0.1,160543,
13178,414016,-1.8,0.0,83.33,5,0.2,0.4,0.1,160591,
13179,414016,5.3,1.0,74.36,29,0.1034,0.4483,0.1,160591,
13180,414080,-8.1,0.0,80.49,33,0.0606,0.3333,0.1,160641,
13181,414144,4.6,1.0,92.31,36,0.1111,0.4444,0.1,160697,
13182,414208,10.9,1.0,71.43,5,0.2,0.6,0.1,160747,
13183,414208,9.2,1.0,81.25,13,0.2308,0.5385,0.1,160747,
13184,414208,8.9,1.0,88.24,15,0.2667,0.4667,0.1,160747,
13185,414208,5.4,1.0,76.32,29,0.1034,0.5517,0.1,160747,
13186,414272,10.0,1.0,90.91,10,0.0,0.7,0.1,160799,
13187,414272,-8.6,0.0,90.2,46,0.0435,0.413,0.1,160799,
13188,414272,-2.4,0.0,88.89,8,0.0,0.375,0.1,160799,
13189,414336,2.8,1.0,86.0,43,0.1163,0.3721,0.1,160854,
13190,414336,7.9,1.0,55.56,15,0.0667,0.6667,0.1,160854,
13191,414336,5.3,1.0,88.89,32,0.125,0.5625,0.1,160854,
13192,414336,10.7,1.0,75.0,6,0.0,1.0,0.1,160854,
13193,414336,8.2,1.0,95.0,19,0.1053,0.5789,0.1,160854,
13194,414400,-8.7,0.0,92.16,47,0.1489,0.4255,0.1,160909,
13195,414400,7.2,1.0,81.48,22,0.0909,0.4545,0.1,160909,
13196,414400,7.7,1.0,83.33,20,0.0,0.5,0.1,160909,
13197,414528,-6.7,0.0,76.47,26,0.0769,0.5,0.1,161014,
13198,414528,6.8,1.0,89.29,25,0.0,0.68,0.1,161014,
13199,414528,5.4,1.0,81.08,30,0.1333,0.4667,0.1,161014,
13200,414592,4.5,1.0,90.0,36,0.0556,0.5,0.1,161064,
13201,414592,5.6,1.0,80.56,29,0.1034,0.4483,0.1,161064,
13202,414656,5.1,1.0,89.19,33,0.1818,0.5455,0.1,161118,
13203,414656,-1.4,0.0,70.0,7,0.1429,0.4286,0.1,161118,
13204,414720,9.5,1.0,73.33,11,0.2727,0.7273,0.1,161167,
13205,414720,8.5,1.0,89.47,17,0.0,0.4118,0.1,161167,
13206,414720,5.9,1.0,63.16,24,0.25,0.75,0.1,161167,
13207,414784,6.1,1.0,87.5,28,0.2143,0.4643,0.1,161219,
13208,414784,10.8,1.0,85.71,6,0.1667,0.5,0.1,161219,
13209,414848,-8.9,0.0,76.47,39,0.0256,0.5385,0.1,161270,
13210,414848,6.8,1.0,89.29,25,0.12,0.56,0.1,161270,
13211,414912,-8.0,0.0,58.82,30,0.0,0.5333,0.1,161324,
13212,414912,7.5,1.0,91.67,22,0.1818,0.5,0.1,161324,
13213,414976,-2.4,0.0,70.0,7,0.1429,0.2857,0.1,161373,
13214,414976,3.8,1.0,88.64,39,0.0769,0.4359,0.1,161373,
13215,414976,-8.3,0.0,84.31,43,0.1395,0.4651,0.1,161373,
13216,415040,9.2,1.0,81.25,13,0.2308,0.4615,0.1,161424,
13217,415104,-3.2,0.0,78.57,11,0.0,0.1818,0.1,161478,
13218,415104,-7.7,0.0,72.55,37,0.1622,0.4324,0.1,161478,
13219,415104,-3.7,0.0,81.82,18,0.1111,0.5556,0.1,161478,
13220,415168,-4.9,0.0,75.0,18,0.2222,0.3889,0.1,161529,
13221,415168,-8.3,0.0,84.31,43,0.0,0.3721,0.1,161529,
13222,415168,10.2,1.0,90.0,9,0.1111,0.7778,0.1,161529,
13223,415168,7.2,1.0,88.46,23,0.1304,0.4348,0.1,161529,
13224,415232,7.5,1.0,84.0,21,0.1429,0.4286,0.1,161577,
13225,415232,8.4,1.0,85.0,17,0.0588,0.5294,0.1,161577,
13226,415232,7.1,1.0,72.41,21,0.0952,0.5238,0.1,161577,
13227,415232,-6.3,0.0,80.65,25,0.04,0.52,0.1,161577,
13228,415296,8.9,1.0,88.24,15,0.0667,0.6,0.1,161629,
13229,415296,6.6,1.0,77.42,24,0.125,0.4583,0.1,161629,
13230,415360,9.7,1.0,84.62,11,0.0,0.5455,0.1,161682,
13231,415424,-4.7,0.0,73.91,17,0.1176,0.4118,0.1,161735,
13232,415488,-1.6,0.0,80.0,4,0.0,0.25,0.1,161783,
13233,415488,-8.2,0.0,82.35,42,0.0714,0.5952,0.1,161783,
13234,415552,-1.5,0.0,60.0,3,0.0,0.6667,0.1,161831,
13235,415552,-6.0,0.0,89.29,25,0.12,0.28,0.1,161831,
13236,415616,-2.8,0.0,63.16,12,0.0833,0.5,0.1,161885,
13237,415616,9.6,1.0,92.31,12,0.0833,0.3333,0.1,161885,
13238,415616,-2.0,0.0,62.5,5,0.0,0.2,0.1,161885,
13239,415680,-2.4,0.0,54.55,6,0.0,0.6667,0.1,161934,
13240,415680,9.3,1.0,86.67,13,0.2308,0.5385,0.1,161934,
13241,415680,-4.6,0.0,77.27,17,0.0588,0.2941,0.1,161934,
13242,415680,-1.2,0.0,87.5,7,0.0,0.2857,0.1,161934,
13243,415680,8.9,1.0,88.24,15,0.2,0.5333,0.1,161934,
13244,415744,-4.4,0.0,68.18,15,0.0667,0.3333,0.1,161985,
13245,415744,10.9,1.0,71.43,5,0.2,0.4,0.1,161985,
13246,415808,-3.2,0.0,75.0,15,0.2,0.4,0.1,162040,
13247,415808,10.7,1.0,75.0,6,0.0,0.6667,0.1,162040,
13248,415872,7.4,1.0,88.0,22,0.0909,0.5909,0.1,162090,
13249,415872,9.4,1.0,92.86,13,0.0769,0.8462,0.1,162090,
13250,415872,6.9,1.0,85.71,24,0.1667,0.6667,0.1,162090,
13251,415936,-8.0,0.0,78.43,40,0.075,0.425,0.1,162147,
13252,415936,-5.1,0.0,92.86,26,0.1538,0.3846,0.1,162147,
13253,416000,8.4,1.0,85.0,17,0.0,0.5882,0.1,162200,
13254,416000,5.8,1.0,80.0,28,0.1429,0.6786,0.1,162200,
13255,416000,3.1,1.0,80.0,40,0.075,0.45,0.1,162200,
13256,416064,11.4,1.0,75.0,3,0.0,1.0,0.1,162253,
13257,416064,9.5,1.0,85.71,12,0.0833,0.6667,0.1,162253,
13258,416064,11.0,1.0,83.33,5,0.2,0.8,0.1,162253,
13259,416064,7.0,1.0,88.89,24,0.125,0.5,0.1,162253,
13260,416064,7.2,1.0,88.46,23,0.2609,0.3913,0.1,162253,
13261,416128,-8.0,0.0,78.43,40,0.15,0.55,0.1,162307,
13262,416128,9.3,1.0,86.67,13,0.0769,0.3846,0.1,162307,
13263,416128,9.6,1.0,78.57,11,0.1818,0.5455,0.1,162307,
13264,416128,-1.8,0.0,57.14,4,0.25,0.25,0.1,162307,
13265,416192,-8.3,0.0,84.31,43,0.0698,0.3953,0.1,162354,
13266,416256,2.8,1.0,89.8,44,0.0909,0.4091,0.1,162403,
13267,416256,-1.8,0.0,61.54,8,0.125,0.5,0.1,162403,
13268,416320,-4.2,0.0,75.0,15,0.0667,0.3333,0.1,162456,
13269,416384,-8.2,0.0,82.35,42,0.119,0.4762,0.1,162510,
13270,416384,10.6,1.0,87.5,7,0.0,0.8571,0.1,162510,
13271,416384,-7.2,0.0,62.75,32,0.125,0.5,0.1,162510,
13272,416448,-8.6,0.0,92.68,38,0.0789,0.3947,0.1,162557,
13273,416448,7.0,1.0,82.14,23,0.087,0.5217,0.1,162557,
13274,416448,-0.6,0.0,80.0,4,0.5,0.25,0.1,162557,
13275,416448,10.5,1.0,77.78,7,0.1429,0.4286,0.1,162557,
13276,416512,5.8,1.0,80.0,28,0.1429,0.4286,0.1,162603,
13277,416512,-8.1,0.0,80.39,41,0.0488,0.4878,0.1,162603,
13278,416576,-7.8,0.0,74.51,38,0.0,0.5,0.1,162655,
13279,416640,-2.4,0.0,88.89,8,0.0,0.375,0.1,162712,
13280,416704,9.6,1.0,92.31,12,0.25,0.5,0.1,162766,
13281,416768,8.4,1.0,68.18,15,0.1333,0.6667,0.1,162816,
13282,416768,-8.1,0.0,60.78,31,0.0968,0.5161,0.1,162816,
13283,416832,11.0,1.0,83.33,5,0.0,0.8,0.1,162865,
13284,416832,-9.4,0.0,77.55,38,0.1579,0.5526,0.1,162865,
13285,416832,11.0,1.0,83.33,5,0.8,1.0,0.1,162865,
13286,416832,-1.7,0.0,66.67,4,0.0,0.5,0.1,162865,
13287,416896,-7.9,0.0,76.47,39,0.0256,0.5385,0.1,162909,
13288,416896,5.9,1.0,77.14,27,0.1111,0.5185,0.1,162909,
13289,416896,4.2,1.0,88.1,37,0.0811,0.4324,0.1,162909,
13290,416960,-3.5,0.0,86.67,13,0.2308,0.3846,0.1,162962,
13291,416960,-2.4,0.0,54.55,6,0.3333,0.5,0.1,162962,
13292,417024,10.0,1.0,90.91,10,0.1,0.4,0.1,163014,
13293,417088,-8.2,0.0,82.35,42,0.0952,0.4286,0.1,163066,
13294,417088,-8.3,0.0,84.31,43,0.0,0.4419,0.1,163066,
13295,417088,9.0,1.0,93.75,15,0.0667,0.6667,0.1,163066,
13296,417216,7.1,1.0,92.31,24,0.0833,0.4167,0.1,163170,
13297,417216,7.6,1.0,87.5,21,0.0476,0.5238,0.1,163170,
13298,417280,8.6,1.0,84.21,16,0.3125,0.5625,0.1,163224,
13299,417280,5.5,1.0,73.68,28,0.1071,0.6071,0.1,163224,
13300,417280,8.9,1.0,77.78,14,0.0714,0.2857,0.1,163224,
13301,417280,3.8,1.0,84.44,38,0.0263,0.5,0.1,163224,
13302,417280,9.8,1.0,91.67,11,0.2727,0.7273,0.1,163224,
13303,417408,10.6,1.0,87.5,7,0.4286,0.7143,0.1,163323,
13304,417408,7.5,1.0,84.0,21,0.1905,0.2857,0.1,163323,
13305,417408,-4.7,0.0,90.48,19,0.1053,0.4737,0.1,163323,
13306,417472,-8.5,0.0,68.63,35,0.1429,0.4571,0.1,163373,
13307,417472,11.6,1.0,66.67,2,0.5,1.0,0.1,163373,
13308,417536,-3.9,0.0,88.24,15,0.0667,0.4667,0.1,163426,
13309,417600,9.7,1.0,84.62,11,0.1818,0.6364,0.1,163482,
13310,417600,-7.9,0.0,76.47,39,0.0769,0.4872,0.1,163482,
13311,417600,11.2,1.0,80.0,4,0.0,0.75,0.1,163482,
13312,417600,10.0,1.0,75.0,9,0.0,0.4444,0.1,163482,
13313,417664,7.3,1.0,77.78,21,0.0952,0.7619,0.1,163532,
13314,417664,6.4,1.0,90.0,27,0.0741,0.4074,0.1,163532,
13315,417728,-2.6,0.0,90.0,9,0.0,0.4444,0.1,163585,
13316,417792,-2.9,0.0,77.78,14,0.1429,0.6429,0.1,163640,
13317,417792,11.1,1.0,66.67,4,0.25,0.75,0.1,163640,
13318,417792,9.3,1.0,86.67,13,0.3846,0.6923,0.1,163640,
13319,417792,11.6,1.0,66.67,2,0.0,1.0,0.1,163640,
13320,417856,-7.9,0.0,76.47,39,0.0769,0.5897,0.1,163693,
13321,417856,5.6,1.0,75.68,28,0.0714,0.5357,0.1,163693,
13322,417920,-2.5,0.0,63.64,7,0.2857,0.2857,0.1,163746,
13323,417920,3.3,1.0,83.33,40,0.1,0.575,0.1,163746,
13324,417984,11.0,1.0,83.33,5,0.0,1.0,0.1,163797,
13325,417984,2.2,1.0,94.12,48,0.125,0.4167,0.1,163797,
13326,418048,-8.1,0.0,80.39,41,0.0976,0.4878,0.1,163848,
13327,418048,-4.4,0.0,85.0,17,0.1176,0.3529,0.1,163848,
13328,418048,7.4,1.0,80.77,21,0.1429,0.619,0.1,163848,
13329,418112,7.6,1.0,87.5,21,0.0952,0.5238,0.1,163900,
13330,418112,11.0,1.0,83.33,5,0.2,0.8,0.1,163900,
13331,418112,-7.5,0.0,74.36,29,0.1034,0.5172,0.1,163900,
13332,418176,-9.1,0.0,80.39,41,0.1463,0.4146,0.1,163953,
13333,418176,-9.1,0.0,80.39,41,0.0732,0.5854,0.1,163953,
13334,418176,6.0,1.0,79.41,27,0.1481,0.4444,0.1,163953,
13335,418240,-7.8,0.0,74.51,38,0.1316,0.4474,0.1,164000,
13336,418240,7.6,1.0,87.5,21,0.2381,0.6667,0.1,164000,
13337,418240,3.8,1.0,76.6,36,0.1111,0.5,0.1,164000,
13338,418304,-1.4,0.0,75.0,3,0.3333,0.3333,0.1,164055,
13339,418368,-2.8,0.0,75.0,9,0.2222,0.3333,0.1,164108,
13340,418368,-8.7,0.0,72.55,37,0.0541,0.5676,0.1,164108,
13341,418368,2.9,1.0,87.76,43,0.0233,0.6047,0.1,164108,
13342,418368,-9.5,0.0,88.24,45,0.0667,0.4444,0.1,164108,
13343,418368,5.5,1.0,88.57,31,0.129,0.3548,0.1,164108,
13344,418432,3.4,1.0,93.33,42,0.1429,0.4762,0.1,164158,
13345,418432,4.3,1.0,77.27,34,0.1176,0.4412,0.1,164158,
13346,418496,-2.5,0.0,86.67,13,0.0769,0.2308,0.1,164210,
13347,418496,7.8,1.0,79.17,19,0.0526,0.6316,0.1,164210,
13348,418496,9.1,1.0,87.5,14,0.1429,0.6429,0.1,164210,
13349,418560,-6.4,0.0,67.65,23,0.1304,0.2609,0.1,164261,
13350,418624,-1.3,0.0,50.0,2,0.0,0.5,0.1,164316,
13351,418688,-4.0,0.0,65.0,13,0.0769,0.4615,0.1,164375,
13352,418688,5.6,1.0,80.56,29,0.069,0.4828,0.1,164375,
13353,418688,-3.1,0.0,71.43,10,0.0,0.3,0.1,164375,
13354,418752,7.4,1.0,67.86,19,0.1053,0.6842,0.1,164426,
13355,418752,9.8,1.0,76.92,10,0.2,0.7,0.1,164426,
13356,418752,-7.9,0.0,76.47,39,0.0769,0.4103,0.1,164426,
13357,418816,-3.2,0.0,78.57,11,0.0,0.2727,0.1,164481,
13358,418816,-3.2,0.0,92.31,12,0.0,0.25,0.1,164481,
13359,418816,4.2,1.0,83.72,36,0.0833,0.6389,0.1,164481,
13360,418880,10.6,1.0,87.5,7,0.4286,0.5714,0.1,164528,
13361,418880,-8.0,0.0,78.43,40,0.075,0.5,0.1,164528,
13362,418944,-8.5,0.0,88.24,45,0.0889,0.5111,0.1,164578,
13363,418944,7.9,1.0,75.0,18,0.2222,0.5556,0.1,164578,
13364,418944,-8.6,0.0,70.59,36,0.0833,0.5833,0.1,164578,
13365,419008,-8.7,0.0,92.16,47,0.0213,0.3191,0.1,164630,
13366,419008,6.9,1.0,85.71,24,0.0833,0.4167,0.1,164630,
13367,419008,3.8,1.0,84.44,38,0.0789,0.4474,0.1,164630,
13368,419072,11.4,1.0,75.0,3,0.0,0.6667,0.1,164680,
13369,419072,6.3,1.0,87.1,27,0.1481,0.6296,0.1,164680,
13370,419136,6.5,1.0,93.1,27,0.1852,0.4815,0.1,164732,
13371,419200,5.7,1.0,72.97,27,0.1852,0.6296,0.1,164788,
13372,419200,-2.5,0.0,80.0,8,0.125,0.625,0.1,164788,
13373,419200,-8.9,0.0,76.47,39,0.1026,0.5385,0.1,164788,
13374,419264,-2.1,0.0,55.56,5,0.0,0.4,0.1,164842,
13375,419264,-8.3,0.0,84.31,43,0.1163,0.6279,0.1,164842,
13376,419264,9.8,1.0,76.92,10,0.0,0.6,0.1,164842,
13377,419328,-2.0,0.0,85.71,6,0.0,0.5,0.1,164891,
13378,419392,7.4,1.0,74.07,20,0.05,0.6,0.1,164949,
13379,419392,8.6,1.0,94.44,17,0.0,0.7647,0.1,164949,
13380,419456,6.2,1.0,90.32,28,0.1786,0.6071,0.1,165003,
13381,419456,-7.9,0.0,76.47,39,0.1282,0.3846,0.1,165003,
13382,419456,-5.2,0.0,73.08,19,0.2105,0.4737,0.1,165003,
13383,419520,-8.5,0.0,68.63,35,0.0571,0.4857,0.1,165056,
13384,419520,10.6,1.0,66.67,6,0.1667,0.8333,0.1,165056,
13385,419584,4.3,1.0,81.4,35,0.1429,0.4571,0.1,165111,
13386,419584,5.3,1.0,88.89,32,0.1875,0.5938,0.1,165111,
13387,419584,-1.4,0.0,88.89,8,0.0,0.5,0.1,165111,
13388,419648,8.0,1.0,64.0,16,0.25,0.625,0.1,165167,
13389,419648,7.3,1.0,71.43,20,0.1,0.4,0.1,165167,
13390,419648,6.0,1.0,90.62,29,0.1034,0.5862,0.1,165167,
13391,419648,8.6,1.0,94.44,17,0.1765,0.5294,0.1,165167,
13392,419648,10.8,1.0,85.71,6,0.0,0.3333,0.1,165167,
13393,419648,11.0,1.0,83.33,5,0.0,0.4,0.1,165167,
13394,419776,9.8,1.0,91.67,11,0.1818,0.8182,0.1,165273,
13395,419776,-9.0,0.0,78.43,40,0.15,0.55,0.1,165273,
13396,419840,9.0,1.0,93.75,15,0.1333,0.4667,0.1,165325,
13397,419840,-2.1,0.0,75.0,6,0.0,0.6667,0.1,165325,
13398,419904,7.7,1.0,83.33,20,0.1,0.35,0.1,165375,
13399,419904,10.0,1.0,90.91,10,0.3,0.8,0.1,165375,
13400,419968,11.6,1.0,66.67,2,0.0,1.0,0.1,165428,
13401,419968,4.6,1.0,78.57,33,0.1818,0.6667,0.1,165428,
13402,419968,7.7,1.0,83.33,20,0.15,0.55,0.1,165428,
13403,419968,-2.8,0.0,63.16,12,0.0,0.4167,0.1,165428,
13404,419968,7.3,1.0,92.0,23,0.0435,0.5652,0.1,165428,
13405,420032,8.6,1.0,94.44,17,0.1176,0.4706,0.1,165480,
13406,420096,-4.9,0.0,73.33,22,0.1818,0.4545,0.1,165531,
13407,420160,-8.0,0.0,78.43,40,0.1,0.375,0.1,165589,
13408,420160,-5.7,0.0,92.31,24,0.2083,0.2083,0.1,165589,
13409,420160,-8.1,0.0,80.39,41,0.122,0.4634,0.1,165589,
13410,420160,10.7,1.0,75.0,6,0.3333,0.5,0.1,165589,
13411,420224,2.5,1.0,92.0,46,0.0652,0.6087,0.1,165646,
13412,420224,11.2,1.0,50.0,3,0.0,1.0,0.1,165646,
13413,420224,-6.3,0.0,80.65,25,0.16,0.36,0.1,165646,
13414,420288,4.8,1.0,78.05,32,0.0312,0.5938,0.1,165701,
13415,420352,-8.4,0.0,86.27,44,0.1818,0.5227,0.1,165753,
13416,420416,10.7,1.0,75.0,6,0.0,0.6667,0.1,165807,
13417,420416,8.3,1.0,80.95,17,0.0588,0.7647,0.1,165807,
13418,420416,-7.1,0.0,82.86,29,0.1724,0.3448,0.1,165807,
13419,420416,5.6,1.0,75.68,28,0.1786,0.5357,0.1,165807,
13420,420480,9.9,1.0,69.23,9,0.1111,0.6667,0.1,165856,
13421,420544,-2.3,0.0,77.78,7,0.2857,0.4286,0.1,165912,
13422,420544,7.1,1.0,72.41,21,0.1905,0.6667,0.1,165912,
13423,420544,9.4,1.0,92.86,13,0.0769,0.5385,0.1,165912,
13424,420608,6.4,1.0,83.87,26,0.0769,0.5385,0.1,165965,
13425,420608,8.4,1.0,94.74,18,0.1111,0.4444,0.1,165965,
13426,420608,-0.5,0.0,60.0,3,0.0,0.3333,0.1,165965,
13427,420672,-5.6,0.0,88.46,23,0.0,0.3913,0.1,166015,
13428,420672,6.6,1.0,77.42,24,0.125,0.5417,0.1,166015,
13429,420672,-5.3,0.0,91.67,22,0.0455,0.4545,0.1,166015,
13430,420800,-1.3,0.0,50.0,2,0.0,0.0,0.1,166125,
13431,420864,7.4,1.0,88.0,22,0.0909,0.6818,0.1,166178,
13432,420864,8.4,1.0,94.74,18,0.1111,0.7778,0.1,166178,
13433,420928,-1.4,0.0,75.0,3,0.3333,0.3333,0.1,166234,
13434,420928,3.9,1.0,86.36,38,0.1579,0.5,0.1,166234,
13435,420928,-1.1,0.0,75.0,6,0.1667,0.5,0.1,166234,
13436,420928,7.8,1.0,86.96,20,0.15,0.4,0.1,166234,
13437,420928,4.8,1.0,82.5,33,0.1212,0.5152,0.1,166234,
13438,420928,8.7,1.0,88.89,16,0.0625,0.5625,0.1,166234,
13439,421056,-8.5,0.0,88.24,45,0.1111,0.5556,0.1,166347,
13440,421056,9.4,1.0,92.86,13,0.0,0.4615,0.1,166347,
13441,421056,-8.6,0.0,70.59,36,0.0833,0.25,0.1,166347,
13442,421056,5.9,1.0,87.88,29,0.1034,0.4828,0.1,166347,
13443,421120,3.9,1.0,86.36,38,0.0789,0.5789,0.1,166402,
13444,421120,-8.7,0.0,92.16,47,0.0851,0.5532,0.1,166402,
13445,421184,3.8,1.0,76.6,36,0.0556,0.4722,0.1,166460,
13446,421184,7.4,1.0,88.0,22,0.0909,0.6818,0.1,166460,
13447,421184,7.0,1.0,88.89,24,0.125,0.625,0.1,166460,
13448,421184,11.5,1.0,50.0,2,0.0,1.0,0.1,166460,
13449,421248,-7.6,0.0,70.59,36,0.0833,0.4444,0.1,166510,
13450,421312,9.6,1.0,92.31,12,0.0833,0.4167,0.1,166565,
13451,421376,7.8,1.0,86.96,20,0.1,0.4,0.1,166621,
13452,421376,-9.6,0.0,90.2,46,0.087,0.3913,0.1,166621,
13453,421376,-9.2,0.0,82.35,42,0.0952,0.4524,0.1,166621,
13454,421440,-1.6,0.0,50.0,3,0.3333,0.0,0.1,166677,
13455,421440,-1.8,0.0,83.33,5,0.0,0.2,0.1,166677,
13456,421504,-6.8,0.0,90.62,29,0.0,0.3793,0.1,166732,
13457,421504,-1.6,0.0,80.0,4,0.5,0.25,0.1,166732,
13458,421504,-9.7,0.0,92.16,47,0.1064,0.4255,0.1,166732,
13459,421504,9.1,1.0,76.47,13,0.0,0.8462,0.1,166732,
13460,421568,10.8,1.0,62.5,5,0.4,1.0,0.1,166781,
13461,421632,6.7,1.0,68.75,22,0.0909,0.6364,0.1,166835,
13462,421632,7.6,1.0,87.5,21,0.0952,0.381,0.1,166835,
13463,421696,9.8,1.0,91.67,11,0.0,0.4545,0.1,166890,
13464,421696,4.9,1.0,89.47,34,0.0294,0.4118,0.1,166890,
13465,421760,8.2,1.0,85.71,18,0.0556,0.3889,0.1,166941,
13466,421760,3.7,1.0,90.91,40,0.125,0.475,0.1,166941,
13467,421760,7.6,1.0,87.5,21,0.0476,0.4762,0.1,166941,
13468,421760,3.6,1.0,80.85,38,0.1579,0.4737,0.1,166941,
13469,421760,-8.0,0.0,78.43,40,0.1,0.6,0.1,166941,
13470,421760,9.0,1.0,82.35,14,0.1429,0.4286,0.1,166941,
13471,421824,-3.3,0.0,89.47,17,0.2941,0.4706,0.1,166990,
13472,421824,8.6,1.0,75.0,15,0.0667,0.4667,0.1,166990,
13473,421824,10.2,1.0,90.0,9,0.1111,0.4444,0.1,166990,
13474,421888,6.5,1.0,93.1,27,0.2222,0.4815,0.1,167044,
13475,421888,10.8,1.0,85.71,6,0.6667,0.6667,0.1,167044,
13476,421888,11.1,1.0,66.67,4,0.0,0.75,0.1,167044,
13477,422016,8.8,1.0,94.12,16,0.0,0.5625,0.1,167155,
13478,422016,2.4,1.0,90.2,46,0.087,0.4565,0.1,167155,
13479,422080,6.8,1.0,76.67,23,0.0435,0.6087,0.1,167207,
13480,422080,-3.0,0.0,83.33,15,0.0667,0.5333,0.1,167207,
13481,422080,-8.4,0.0,86.27,44,0.0909,0.5,0.1,167207,
13482,422080,11.0,1.0,83.33,5,0.0,0.8,0.1,167207,
13483,422144,10.0,1.0,75.0,9,0.2222,0.6667,0.1,167258,
13484,422144,-2.3,0.0,85.71,12,0.0,0.5,0.1,167258,
13485,422144,8.2,1.0,95.0,19,0.0,0.4737,0.1,167258,
13486,422208,6.9,1.0,85.71,24,0.0417,0.5417,0.1,167314,
13487,422208,4.4,1.0,83.33,35,0.0571,0.5429,0.1,167314,
13488,422272,10.2,1.0,90.0,9,0.0,0.5556,0.1,167371,
13489,422336,10.4,1.0,88.89,8,0.0,0.75,0.1,167424,
13490,422336,10.1,1.0,81.82,9,0.2222,0.8889,0.1,167424,
13491,422336,9.8,1.0,91.67,11,0.0909,0.5455,0.1,167424,
13492,422336,-8.0,0.0,78.43,40,0.1,0.4,0.1,167424,
13493,422336,-5.0,0.0,95.45,21,0.0476,0.5238,0.1,167424,
13494,422336,-7.6,0.0,88.1,37,0.1081,0.3784,0.1,167424,
13495,422464,2.8,1.0,82.35,42,0.1429,0.5238,0.1,167528,
13496,422464,10.4,1.0,70.0,7,0.0,0.7143,0.1,167528,
13497,422464,8.4,1.0,76.19,16,0.125,0.625,0.1,167528,
13498,422528,-1.0,0.0,85.71,6,0.1667,0.5,0.1,167583,
13499,422528,-1.9,0.0,71.43,5,0.0,0.2,0.1,167583,
13500,422528,-6.5,0.0,70.59,24,0.125,0.4583,0.1,167583,
13501,422528,8.1,1.0,90.48,19,0.1053,0.4737,0.1,167583,
13502,422528,3.8,1.0,80.43,37,0.1892,0.7027,0.1,167583,
13503,422592,-3.2,0.0,92.31,12,0.25,0.4167,0.1,167637,
13504,422592,9.7,1.0,84.62,11,0.2727,0.5455,0.1,167637,
13505,422592,-8.3,0.0,85.37,35,0.1429,0.4571,0.1,167637,
13506,422656,7.7,1.0,91.3,21,0.1429,0.5238,0.1,167689,
13507,422656,-9.4,0.0,86.27,44,0.0909,0.4091,0.1,167689,
13508,422720,-2.6,0.0,90.0,9,0.2222,0.5556,0.1,167742,
13509,422720,2.7,1.0,88.0,44,0.1591,0.3864,0.1,167742,
13510,422720,9.7,1.0,84.62,11,0.0909,0.6364,0.1,167742,
13511,422784,10.2,1.0,90.0,9,0.1111,0.5556,0.1,167798,
13512,422784,-3.2,0.0,78.57,11,0.1818,0.4545,0.1,167798,
13513,422784,2.5,1.0,95.92,47,0.0426,0.5532,0.1,167798,
13514,422912,10.2,1.0,90.0,9,0.2222,0.5556,0.1,167902,
13515,422912,9.6,1.0,92.31,12,0.0833,0.4167,0.1,167902,
13516,422912,9.5,1.0,85.71,12,0.1667,0.4167,0.1,167902,
13517,422912,-6.2,0.0,80.56,29,0.1379,0.4483,0.1,167902,
13518,422976,8.4,1.0,94.74,18,0.2778,0.5,0.1,167953,
13519,422976,5.2,1.0,91.67,33,0.1818,0.5152,0.1,167953,
13520,422976,-9.2,0.0,73.47,36,0.1111,0.4722,0.1,167953,
13521,423040,5.9,1.0,87.88,29,0.1034,0.5172,0.1,168000,
13522,423104,-9.7,0.0,83.67,41,0.0732,0.6098,0.1,168053,
13523,423104,8.0,1.0,86.36,19,0.0526,0.4211,0.1,168053,
13524,423104,-9.3,0.0,95.92,47,0.0851,0.4894,0.1,168053,
13525,423104,9.7,1.0,71.43,10,0.2,0.7,0.1,168053,
13526,423168,9.7,1.0,84.62,11,0.0909,0.6364,0.1,168104,
13527,423168,7.1,1.0,92.31,24,0.125,0.7083,0.1,168104,
13528,423168,6.8,1.0,82.76,24,0.0833,0.5417,0.1,168104,
13529,423168,10.6,1.0,87.5,7,0.0,0.7143,0.1,168104,
13530,423232,-8.3,0.0,84.31,43,0.093,0.3721,0.1,168151,
13531,423296,4.9,1.0,89.47,34,0.0882,0.4412,0.1,168205,
13532,423296,-2.2,0.0,92.31,12,0.0,0.3333,0.1,168205,
13533,423360,5.6,1.0,85.71,30,0.1,0.5,0.1,168258,
13534,423360,3.0,1.0,85.71,42,0.0238,0.4286,0.1,168258,
13535,423360,-2.9,0.0,69.23,9,0.4444,0.4444,0.1,168258,
13536,423360,9.1,1.0,87.5,14,0.2143,0.6429,0.1,168258,
13537,423424,-9.3,0.0,84.31,43,0.0698,0.5814,0.1,168312,
13538,423424,3.0,1.0,78.43,40,0.125,0.55,0.1,168312,
13539,423488,7.9,1.0,61.54,16,0.0625,0.5625,0.1,168364,
13540,423488,-9.4,0.0,86.27,44,0.0682,0.3864,0.1,168364,
13541,423488,10.4,1.0,88.89,8,0.375,1.0,0.1,168364,
13542,423488,9.0,1.0,72.22,13,0.0,0.6923,0.1,168364,
13543,423552,11.4,1.0,75.0,3,0.3333,0.6667,0.1,168416,
13544,423552,7.5,1.0,70.37,19,0.1579,0.7368,0.1,168416,
13545,423616,4.6,1.0,87.5,35,0.0286,0.4286,0.1,168464,
13546,423616,6.4,1.0,72.73,24,0.0833,0.5,0.1,168464,
13547,423680,8.5,1.0,71.43,15,0.1333,0.5333,0.1,168517,
13548,423680,8.7,1.0,88.89,16,0.0625,0.375,0.1,168517,
13549,423808,9.2,1.0,81.25,13,0.0769,0.8462,0.1,168627,
13550,423808,-7.6,0.0,70.59,36,0.0556,0.5556,0.1,168627,
13551,423872,8.6,1.0,94.44,17,0.1176,0.6471,0.1,168683,
13552,423872,-1.8,0.0,83.33,5,0.0,0.4,0.1,168683,
13553,423872,-7.8,0.0,74.51,38,0.0526,0.3158,0.1,168683,
13554,423936,7.9,1.0,82.61,19,0.0526,0.5263,0.1,168737,
13555,424000,8.8,1.0,94.12,16,0.125,0.5,0.1,168797,
13556,424000,8.4,1.0,68.18,15,0.2667,0.7333,0.1,168797,
13557,424000,10.1,1.0,81.82,9,0.3333,0.5556,0.1,168797,
13558,424000,-3.0,0.0,53.33,8,0.0,0.375,0.1,168797,
13559,424000,4.8,1.0,87.18,34,0.0882,0.5882,0.1,168797,
13560,424000,6.1,1.0,81.82,27,0.1852,0.5556,0.1,168797,
13561,424064,2.4,1.0,90.2,46,0.1304,0.4565,0.1,168844,
13562,424128,-3.2,0.0,94.44,17,0.0,0.4118,0.1,168893,
13563,424128,-3.7,0.0,87.5,14,0.0714,0.4286,0.1,168893,
13564,424128,10.3,1.0,80.0,8,0.0,0.625,0.1,168893,
13565,424128,8.5,1.0,89.47,17,0.1176,0.5294,0.1,168893,
13566,424128,-8.2,0.0,74.42,32,0.0938,0.3438,0.1,168893,
13567,424128,7.7,1.0,91.3,21,0.0,0.4762,0.1,168893,
13568,424192,-1.7,0.0,66.67,4,0.0,0.5,0.1,168939,
13569,424192,-2.6,0.0,93.33,14,0.0714,0.4286,0.1,168939,
13570,424192,-1.8,0.0,37.5,3,0.6667,0.6667,0.1,168939,
13571,424256,8.2,1.0,85.71,18,0.2778,0.6667,0.1,168994,
13572,424256,9.0,1.0,82.35,14,0.1429,0.6429,0.1,168994,
13573,424256,6.9,1.0,92.59,25,0.16,0.56,0.1,168994,
13574,424256,-3.4,0.0,85.0,17,0.0,0.3529,0.1,168994,
13575,424320,-3.2,0.0,66.67,10,0.0,0.3,0.1,169045,
13576,424320,8.5,1.0,89.47,17,0.0588,0.2353,0.1,169045,
13577,424384,-1.8,0.0,83.33,5,0.4,0.2,0.1,169097,
13578,424448,5.3,1.0,88.89,32,0.125,0.5,0.1,169151,
13579,424512,7.1,1.0,78.57,22,0.1364,0.7273,0.1,169203,
13580,424576,9.4,1.0,80.0,12,0.0833,0.5833,0.1,169259,
13581,424576,-7.7,0.0,75.0,30,0.1,0.3333,0.1,169259,
13582,424640,-7.9,0.0,76.47,39,0.0256,0.4615,0.1,169315,
13583,424640,-2.2,0.0,87.5,7,0.2857,0.2857,0.1,169315,
13584,424704,-8.5,0.0,88.24,45,0.0667,0.4444,0.1,169365,
13585,424704,-7.3,0.0,78.38,29,0.1034,0.5517,0.1,169365,
13586,424704,8.5,1.0,89.47,17,0.0,0.4118,0.1,169365,
13587,424768,9.2,1.0,93.33,14,0.0,0.3571,0.1,169414,
13588,424832,10.6,1.0,66.67,6,0.0,0.5,0.1,169467,
13589,424832,7.2,1.0,88.46,23,0.0,0.4348,0.1,169467,
13590,424832,9.7,1.0,84.62,11,0.3636,0.7273,0.1,169467,
13591,424896,8.0,1.0,70.83,17,0.1765,0.7059,0.1,169518,
13592,424896,8.2,1.0,85.71,18,0.1111,0.6111,0.1,169518,
13593,424960,11.2,1.0,80.0,4,0.25,0.5,0.1,169574,
13594,424960,9.9,1.0,83.33,10,0.3,0.6,0.1,169574,
13595,425024,-1.4,0.0,40.0,2,0.0,0.5,0.1,169630,
13596,425024,5.5,1.0,88.57,31,0.0645,0.5806,0.1,169630,
13597,425024,-8.3,0.0,84.31,43,0.186,0.5116,0.1,169630,
13598,425024,-8.6,0.0,90.2,46,0.1087,0.5217,0.1,169630,
13599,425088,10.6,1.0,87.5,7,0.0,0.5714,0.1,169682,
13600,425088,4.8,1.0,78.05,32,0.0938,0.5938,0.1,169682,
13601,425216,4.1,1.0,90.48,38,0.1053,0.4211,0.1,169788,
13602,425280,10.4,1.0,70.0,7,0.0,0.4286,0.1,169839,
13603,425280,3.9,1.0,90.7,39,0.0256,0.5385,0.1,169839,
13604,425344,9.5,1.0,85.71,12,0.25,0.6667,0.1,169893,
13605,425408,-8.7,0.0,72.55,37,0.0541,0.3784,0.1,169949,
13606,425408,-6.8,0.0,90.62,29,0.0345,0.4828,0.1,169949,
13607,425472,7.2,1.0,96.0,24,0.2083,0.3333,0.1,169999,
13608,425472,3.3,1.0,72.55,37,0.0811,0.5135,0.1,169999,
13609,425536,3.5,1.0,86.96,40,0.1,0.375,0.1,170057,
13610,425600,8.2,1.0,85.71,18,0.0,0.3333,0.1,170116,
13611,425600,-6.0,0.0,65.79,25,0.24,0.48,0.1,170116,
13612,425600,8.6,1.0,84.21,16,0.375,0.5625,0.1,170116,
13613,425600,-7.8,0.0,74.51,38,0.0789,0.5263,0.1,170116,
13614,425664,10.4,1.0,88.89,8,0.25,0.625,0.1,170169,
13615,425664,-3.1,0.0,84.62,11,0.1818,0.3636,0.1,170169,
13616,425728,-2.4,0.0,70.0,7,0.1429,0.4286,0.1,170221,
13617,425792,9.4,1.0,92.86,13,0.0769,0.5385,0.1,170274,
13618,425792,9.9,1.0,83.33,10,0.1,0.9,0.1,170274,
13619,425792,7.2,1.0,81.48,22,0.1818,0.4091,0.1,170274,
13620,425792,6.6,1.0,83.33,25,0.08,0.52,0.1,170274,
13621,425856,-1.6,0.0,50.0,3,0.6667,0.6667,0.1,170325,
13622,425856,2.8,1.0,89.8,44,0.0909,0.5455,0.1,170325,
13623,425856,-8.5,0.0,68.63,35,0.0286,0.5429,0.1,170325,
13624,425920,7.4,1.0,88.0,22,0.0455,0.4545,0.1,170374,
13625,425920,-3.3,0.0,73.33,11,0.1818,0.1818,0.1,170374,
13626,425984,5.0,1.0,82.05,32,0.2188,0.5625,0.1,170423,
13627,425984,7.7,1.0,91.3,21,0.0952,0.4762,0.1,170423,
13628,425984,5.4,1.0,81.08,30,0.1,0.5,0.1,170423,
13629,425984,5.1,1.0,94.44,34,0.1176,0.5,0.1,170423,
13630,426048,-9.3,0.0,84.31,43,0.093,0.4419,0.1,170470,
13631,426112,5.8,1.0,90.91,30,0.1,0.4333,0.1,170527,
13632,426112,-3.2,0.0,75.0,15,0.2,0.4,0.1,170527,
13633,426112,6.0,1.0,84.85,28,0.1071,0.5714,0.1,170527,
13634,426112,6.3,1.0,87.1,27,0.0741,0.4444,0.1,170527,
13635,426112,-2.9,0.0,83.33,10,0.2,0.3,0.1,170527,
13636,426176,10.2,1.0,72.73,8,0.375,0.5,0.1,170580,
13637,426176,5.6,1.0,80.56,29,0.069,0.6552,0.1,170580,
13638,426176,11.4,1.0,75.0,3,0.6667,1.0,0.1,170580,
13639,426176,-2.2,0.0,66.67,6,0.1667,0.3333,0.1,170580,
13640,426240,3.9,1.0,82.22,37,0.1351,0.5135,0.1,170632,
13641,426240,-7.4,0.0,66.67,34,0.1176,0.4706,0.1,170632,
13642,426304,-2.7,0.0,81.82,9,0.1111,0.2222,0.1,170687,
13643,426368,-8.4,0.0,86.27,44,0.0909,0.5455,0.1,170742,
13644,426368,-8.6,0.0,70.59,36,0.0556,0.5278,0.1,170742,
13645,426368,4.0,1.0,84.09,37,0.0541,0.4595,0.1,170742,
13646,426432,3.7,1.0,78.72,37,0.1351,0.5405,0.1,170797,
13647,426432,-1.4,0.0,75.0,3,0.0,0.3333,0.1,170797,
13648,426432,-8.2,0.0,82.35,42,0.119,0.6429,0.1,170797,
13649,426496,7.7,1.0,83.33,20,0.2,0.45,0.1,170851,
13650,426560,-6.3,0.0,93.1,27,0.1852,0.3333,0.1,170908,
13651,426560,11.5,1.0,50.0,2,0.5,1.0,0.1,170908,
13652,426560,-2.0,0.0,85.71,6,0.0,0.0,0.1,170908,
13653,426560,-1.6,0.0,72.73,8,0.0,0.5,0.1,170908,
13654,426624,4.1,1.0,90.48,38,0.1842,0.4474,0.1,170962,
13655,426624,11.4,1.0,75.0,3,0.6667,0.6667,0.1,170962,
13656,426624,10.4,1.0,70.0,7,0.2857,0.7143,0.1,170962,
13657,426688,10.5,1.0,77.78,7,0.4286,0.5714,0.1,171019,
13658,426688,10.0,1.0,90.91,10,0.1,0.5,0.1,171019,
13659,426688,10.6,1.0,87.5,7,0.0,0.5714,0.1,171019,
13660,426688,-7.9,0.0,76.47,39,0.1026,0.5385,0.1,171019,
13661,426816,5.9,1.0,93.75,30,0.1667,0.5333,0.1,171132,
13662,426944,-6.3,0.0,86.67,26,0.0,0.4231,0.1,171247,
13663,426944,4.2,1.0,83.72,36,0.0833,0.4722,0.1,171247,
13664,427008,11.0,1.0,83.33,5,0.2,0.8,0.1,171304,
13665,427072,5.4,1.0,91.43,32,0.0938,0.5,0.1,171358,
13666,427072,3.2,1.0,93.48,43,0.0698,0.5581,0.1,171358,
13667,427072,-6.4,0.0,78.12,25,0.12,0.52,0.1,171358,
13668,427200,10.4,1.0,70.0,7,0.1429,0.4286,0.1,171466,
13669,427200,3.2,1.0,85.42,41,0.1707,0.439,0.1,171466,
13670,427264,-9.5,0.0,91.3,42,0.1905,0.5,0.1,171520,
13671,427264,5.0,1.0,77.5,31,0.2581,0.4839,0.1,171520,
13672,427264,-8.8,0.0,74.51,38,0.1316,0.4737,0.1,171520,
13673,427264,-8.6,0.0,90.2,46,0.1304,0.6522,0.1,171520,
13674,427264,7.1,1.0,92.31,24,0.125,0.5,0.1,171520,
13675,427328,11.0,1.0,83.33,5,0.0,1.0,0.1,171571,
13676,427328,8.2,1.0,85.71,18,0.1111,0.6111,0.1,171571,
13677,427328,-2.8,0.0,75.0,9,0.1111,0.3333,0.1,171571,
13678,427392,2.5,1.0,88.24,45,0.0444,0.4889,0.1,171629,
13679,427392,9.9,1.0,69.23,9,0.1111,0.5556,0.1,171629,
13680,427392,-2.5,0.0,63.64,7,0.2857,0.1429,0.1,171629,
13681,427392,-9.5,0.0,88.24,45,0.0889,0.4889,0.1,171629,
13682,427456,-9.5,0.0,88.24,45,0.1333,0.5111,0.1,171684,
13683,427456,7.3,1.0,84.62,22,0.3182,0.6818,0.1,171684,
13684,427456,8.1,1.0,81.82,18,0.0556,0.5,0.1,171684,
13685,427456,8.0,1.0,95.24,20,0.2,0.45,0.1,171684,
13686,427456,7.7,1.0,91.3,21,0.1429,0.4762,0.1,171684,
13687,427520,-8.7,0.0,72.55,37,0.1351,0.5405,0.1,171733,
13688,427520,-7.9,0.0,76.47,39,0.2308,0.5385,0.1,171733,
13689,427584,9.1,1.0,87.5,14,0.2857,0.5714,0.1,171789,
13690,427584,6.9,1.0,92.59,25,0.12,0.56,0.1,171789,
13691,427584,5.6,1.0,91.18,31,0.0968,0.4516,0.1,171789,
13692,427584,10.3,1.0,80.0,8,0.25,0.75,0.1,171789,
13693,427584,-8.4,0.0,83.33,35,0.0571,0.5143,0.1,171789,
13694,427584,-3.4,0.0,80.0,12,0.3333,0.4167,0.1,171789,
13695,427584,-8.8,0.0,72.34,34,0.1471,0.5,0.1,171789,
13696,427584,7.0,1.0,96.15,25,0.24,0.44,0.1,171789,
13697,427648,5.6,1.0,85.71,30,0.0333,0.6,0.1,171836,
13698,427712,-1.8,0.0,83.33,5,0.2,0.0,0.1,171893,
13699,427712,-1.5,0.0,80.0,8,0.375,0.625,0.1,171893,
13700,427776,4.8,1.0,82.5,33,0.0606,0.5758,0.1,171950,
13701,427776,-2.0,0.0,62.5,5,0.0,0.6,0.1,171950,
13702,427840,11.0,1.0,83.33,5,0.0,1.0,0.1,172002,
13703,427840,10.4,1.0,88.89,8,0.125,0.75,0.1,172002,
13704,427904,-2.5,0.0,80.0,8,0.25,0.125,0.1,172058,
13705,427968,4.5,1.0,80.95,34,0.0588,0.4706,0.1,172113,
13706,427968,-2.3,0.0,77.78,7,0.1429,0.2857,0.1,172113,
13707,428032,11.2,1.0,80.0,4,0.0,0.5,0.1,172170,
13708,428032,7.4,1.0,80.77,21,0.2381,0.5238,0.1,172170,
13709,428096,7.5,1.0,84.0,21,0.1429,0.7619,0.1,172225,
13710,428096,10.2,1.0,90.0,9,0.3333,0.4444,0.1,172225,
13711,428160,-2.8,0.0,82.35,14,0.2143,0.7143,0.1,172282,
13712,428160,10.4,1.0,88.89,8,0.0,0.5,0.1,172282,
13713,428224,-2.6,0.0,90.0,9,0.2222,0.6667,0.1,172338,
13714,428224,6.6,1.0,89.66,26,0.2692,0.5,0.1,172338,
13715,428288,-8.4,0.0,86.27,44,0.0455,0.4318,0.1,172392,
13716,428288,9.1,1.0,87.5,14,0.2143,0.5714,0.1,172392,
13717,428288,-1.6,0.0,50.0,3,0.0,0.6667,0.1,172392,
13718,428352,5.8,1.0,85.29,29,0.1034,0.6552,0.1,172443,
13719,428352,7.4,1.0,95.83,23,0.0,0.4783,0.1,172443,
13720,428416,4.4,1.0,87.8,36,0.1944,0.4167,0.1,172498,
13721,428416,-3.2,0.0,78.57,11,0.0909,0.1818,0.1,172498,
13722,428480,3.8,1.0,93.02,40,0.125,0.575,0.1,172549,
13723,428480,3.7,1.0,90.91,40,0.125,0.425,0.1,172549,
13724,428480,10.6,1.0,87.5,7,0.0,0.7143,0.1,172549,
13725,428480,10.6,1.0,87.5,7,0.0,0.5714,0.1,172549,
13726,428544,-5.8,0.0,75.86,22,0.1364,0.6818,0.1,172603,
13727,428544,6.7,1.0,86.21,25,0.16,0.44,0.1,172603,
13728,428544,9.2,1.0,81.25,13,0.1538,0.3846,0.1,172603,
13729,428544,-9.5,0.0,88.24,45,0.0444,0.5333,0.1,172603,
13730,428544,5.6,1.0,96.97,32,0.125,0.4375,0.1,172603,
13731,428672,11.1,1.0,66.67,4,0.0,1.0,0.1,172708,
13732,428672,-1.2,0.0,66.67,6,0.1667,0.5,0.1,172708,
13733,428736,5.1,1.0,94.44,34,0.0882,0.4118,0.1,172761,
13734,428736,4.5,1.0,85.37,35,0.0857,0.6571,0.1,172761,
13735,428800,-1.9,0.0,71.43,5,0.2,0.4,0.1,172817,
13736,428800,-8.3,0.0,84.31,43,0.1163,0.5581,0.1,172817,
13737,428800,-2.4,0.0,70.0,7,0.0,0.7143,0.1,172817,
13738,428864,-4.2,0.0,75.0,15,0.0667,0.4667,0.1,172872,
13739,428864,-8.3,0.0,84.31,43,0.093,0.3488,0.1,172872,
13740,428928,-2.1,0.0,75.0,6,0.1667,0.3333,0.1,172925,
13741,428928,-9.1,0.0,80.39,41,0.0244,0.4878,0.1,172925,
13742,428928,7.7,1.0,91.3,21,0.1429,0.2381,0.1,172925,
13743,428928,7.2,1.0,96.0,24,0.2083,0.4583,0.1,172925,
13744,428992,4.0,1.0,88.37,38,0.0789,0.4474,0.1,172975,
13745,428992,3.0,1.0,85.71,42,0.119,0.5476,0.1,172975,
13746,428992,3.7,1.0,86.67,39,0.0769,0.5385,0.1,172975,
13747,429056,11.7,1.0,33.33,1,0.0,1.0,0.1,173028,
13748,429056,-8.2,0.0,82.35,42,0.0952,0.6429,0.1,173028,
13749,429056,10.5,1.0,77.78,7,0.0,0.7143,0.1,173028,
13750,429056,-8.7,0.0,72.55,37,0.0541,0.4324,0.1,173028,
13751,429120,7.3,1.0,84.62,22,0.1364,0.5909,0.1,173080,
13752,429184,10.7,1.0,75.0,6,0.1667,0.5,0.1,173135,
13753,429184,-4.2,0.0,87.5,21,0.1905,0.3333,0.1,173135,
13754,429184,9.8,1.0,76.92,10,0.1,0.5,0.1,173135,
13755,429184,10.3,1.0,80.0,8,0.25,0.625,0.1,173135,
13756,429248,7.8,1.0,95.45,21,0.2857,0.619,0.1,173191,
13757,429312,11.2,1.0,80.0,4,0.25,0.75,0.1,173245,
13758,429376,-2.5,0.0,80.0,8,0.25,0.125,0.1,173302,
13759,429376,9.8,1.0,76.92,10,0.2,0.6,0.1,173302,
13760,429440,-9.7,0.0,92.16,47,0.1064,0.5106,0.1,173353,
13761,429504,-7.9,0.0,76.47,39,0.1026,0.5385,0.1,173410,
13762,429504,-7.2,0.0,85.71,30,0.1333,0.4333,0.1,173410,
13763,429504,8.0,1.0,86.36,19,0.1579,0.5263,0.1,173410,
13764,429568,4.8,1.0,87.18,34,0.1176,0.4118,0.1,173466,
13765,429632,9.0,1.0,82.35,14,0.2143,0.5,0.1,173523,
13766,429632,10.8,1.0,85.71,6,0.1667,0.6667,0.1,173523,
13767,429696,10.2,1.0,90.0,9,0.0,0.6667,0.1,173578,
13768,429696,-4.0,0.0,73.68,14,0.1429,0.3571,0.1,173578,
13769,429696,-8.4,0.0,86.27,44,0.1136,0.4091,0.1,173578,
13770,429696,8.5,1.0,89.47,17,0.1765,0.5882,0.1,173578,
13771,429760,-2.9,0.0,69.23,9,0.0,0.3333,0.1,173634,
13772,429760,10.1,1.0,81.82,9,0.1111,0.3333,0.1,173634,
13773,429760,-1.3,0.0,50.0,2,0.0,0.0,0.1,173634,
13774,429824,9.8,1.0,91.67,11,0.0909,0.3636,0.1,173688,
13775,429888,8.3,1.0,80.95,17,0.1765,0.5882,0.1,173745,
13776,429888,5.0,1.0,82.05,32,0.0938,0.5,0.1,173745,
13777,429888,-9.3,0.0,84.31,43,0.0698,0.3256,0.1,173745,
13778,429888,9.6,1.0,92.31,12,0.3333,0.6667,0.1,173745,
13779,429952,-8.5,0.0,88.24,45,0.1333,0.4667,0.1,173800,
13780,429952,-0.4,0.0,75.0,3,0.0,0.3333,0.1,173800,
13781,429952,6.4,1.0,90.0,27,0.037,0.6667,0.1,173800,
13782,429952,4.4,1.0,87.8,36,0.1944,0.5833,0.1,173800,
13783,429952,10.0,1.0,90.91,10,0.1,0.6,0.1,173800,
13784,430016,8.6,1.0,94.44,17,0.1765,0.8235,0.1,173852,
13785,430016,11.0,1.0,83.33,5,0.0,0.8,0.1,173852,
13786,430016,10.6,1.0,87.5,7,0.1429,0.8571,0.1,173852,
13787,430016,-3.0,0.0,76.92,10,0.0,0.6,0.1,173852,
13788,430080,5.0,1.0,82.05,32,0.1875,0.5625,0.1,173908,
13789,430080,-2.2,0.0,87.5,7,0.1429,0.1429,0.1,173908,
13790,430144,3.9,1.0,95.24,40,0.1,0.425,0.1,173965,
13791,430208,7.2,1.0,88.46,23,0.1304,0.3913,0.1,174023,
13792,430272,-8.3,0.0,84.31,43,0.0698,0.5581,0.1,174081,
13793,430272,9.4,1.0,92.86,13,0.2308,0.3846,0.1,174081,
13794,430272,7.1,1.0,72.41,21,0.0476,0.4286,0.1,174081,
13795,430272,3.7,1.0,86.67,39,0.1538,0.641,0.1,174081,
13796,430336,3.4,1.0,89.13,41,0.2195,0.3659,0.1,174136,
13797,430400,11.0,1.0,83.33,5,0.2,0.8,0.1,174191,
13798,430400,10.8,1.0,85.71,6,0.0,0.5,0.1,174191,
13799,430400,-1.9,0.0,71.43,5,0.0,0.4,0.1,174191,
13800,430400,7.5,1.0,84.0,21,0.1905,0.5238,0.1,174191,
13801,430464,-9.6,0.0,90.2,46,0.1087,0.4348,0.1,174245,
13802,430464,-8.4,0.0,86.27,44,0.1818,0.3864,0.1,174245,
13803,430464,9.8,1.0,91.67,11,0.0,0.5455,0.1,174245,
13804,430464,3.2,1.0,97.78,44,0.1364,0.4318,0.1,174245,
13805,430592,9.8,1.0,91.67,11,0.1818,0.4545,0.1,174358,
13806,430592,3.3,1.0,95.56,43,0.0698,0.5116,0.1,174358,
13807,430656,7.2,1.0,81.48,22,0.1364,0.4091,0.1,174412,
13808,430656,6.6,1.0,83.33,25,0.12,0.4,0.1,174412,
13809,430720,3.3,1.0,79.59,39,0.0769,0.5897,0.1,174468,
13810,430720,6.7,1.0,92.86,26,0.1154,0.5385,0.1,174468,
13811,430720,4.6,1.0,92.31,36,0.1111,0.6111,0.1,174468,
13812,430720,11.2,1.0,80.0,4,0.75,0.75,0.1,174468,
13813,430848,-2.8,0.0,61.54,8,0.125,0.5,0.1,174577,
13814,430848,-9.2,0.0,82.35,42,0.0952,0.4524,0.1,174577,
13815,430848,-8.3,0.0,84.31,43,0.1628,0.3721,0.1,174577,
13816,430912,-8.0,0.0,92.11,35,0.0286,0.4286,0.1,174632,
13817,430976,8.9,1.0,88.24,15,0.1333,0.6667,0.1,174684,
13818,430976,-4.2,0.0,84.21,16,0.0625,0.5,0.1,174684,
13819,430976,10.3,1.0,80.0,8,0.125,0.625,0.1,174684,
13820,431040,7.1,1.0,85.19,23,0.0,0.6522,0.1,174737,
13821,431040,-2.0,0.0,76.92,10,0.0,0.3,0.1,174737,
13822,431040,-8.5,0.0,68.63,35,0.2286,0.2857,0.1,174737,
13823,431040,-8.3,0.0,84.31,43,0.0465,0.4651,0.1,174737,
13824,431104,5.2,1.0,91.67,33,0.0606,0.4545,0.1,174792,
13825,431104,-9.0,0.0,78.43,40,0.05,0.275,0.1,174792,
13826,431168,3.6,1.0,88.89,40,0.05,0.525,0.1,174846,
13827,431232,8.1,1.0,90.48,19,0.2632,0.3684,0.1,174902,
13828,431232,7.7,1.0,91.3,21,0.2381,0.5714,0.1,174902,
13829,431232,-4.2,0.0,66.67,14,0.0,0.3571,0.1,174902,
13830,431296,2.8,1.0,82.35,42,0.1667,0.5238,0.1,174954,
13831,431296,11.4,1.0,75.0,3,0.0,0.6667,0.1,174954,
13832,431296,11.2,1.0,80.0,4,0.0,0.75,0.1,174954,
13833,431296,6.3,1.0,93.33,28,0.0714,0.5,0.1,174954,
13834,431424,-8.6,0.0,90.2,46,0.087,0.413,0.1,175064,
13835,431424,7.8,1.0,86.96,20,0.05,0.45,0.1,175064,
13836,431488,-8.8,0.0,94.12,48,0.1042,0.4375,0.1,175120,
13837,431488,8.5,1.0,89.47,17,0.2353,0.6471,0.1,175120,
13838,431552,-8.2,0.0,82.35,42,0.0238,0.5714,0.1,175174,
13839,431552,4.0,1.0,88.37,38,0.1579,0.5263,0.1,175174,
13840,431552,-3.9,0.0,88.24,15,0.0,0.4667,0.1,175174,
13841,431616,-2.8,0.0,90.91,10,0.0,0.5,0.1,175227,
13842,431680,9.0,1.0,82.35,14,0.0,0.7143,0.1,175279,
13843,431680,9.3,1.0,86.67,13,0.0769,0.4615,0.1,175279,
13844,431680,-1.7,0.0,66.67,4,0.0,0.5,0.1,175279,
13845,431744,8.3,1.0,80.95,17,0.2353,0.5294,0.1,175330,
13846,431744,7.5,1.0,70.37,19,0.0,0.5789,0.1,175330,
13847,431808,-3.5,0.0,86.67,13,0.1538,0.3077,0.1,175383,
13848,431808,3.8,1.0,84.44,38,0.1579,0.3684,0.1,175383,
13849,431808,9.3,1.0,86.67,13,0.1538,0.6923,0.1,175383,
13850,431872,8.0,1.0,86.36,19,0.0526,0.3684,0.1,175435,
13851,431872,-8.5,0.0,95.56,43,0.0698,0.4186,0.1,175435,
13852,431872,-5.5,0.0,75.76,25,0.0,0.44,0.1,175435,
13853,431936,-1.6,0.0,50.0,3,0.0,0.6667,0.1,175489,
13854,431936,5.8,1.0,80.0,28,0.1429,0.6786,0.1,175489,
13855,431936,3.8,1.0,93.02,40,0.075,0.5,0.1,175489,
13856,431936,-8.0,0.0,78.43,40,0.1,0.55,0.1,175489,
13857,432064,6.8,1.0,89.29,25,0.04,0.56,0.1,175598,
13858,432064,8.0,1.0,95.24,20,0.25,0.5,0.1,175598,
13859,432128,-5.0,0.0,82.76,24,0.0833,0.5417,0.1,175651,
13860,432128,7.0,1.0,88.89,24,0.125,0.5,0.1,175651,
13861,432192,8.8,1.0,73.68,14,0.1429,0.4286,0.1,175702,
13862,432256,-8.2,0.0,82.35,42,0.0714,0.4524,0.1,175757,
13863,432256,6.8,1.0,89.29,25,0.08,0.56,0.1,175757,
13864,432256,11.2,1.0,50.0,3,0.6667,0.6667,0.1,175757,
13865,432320,9.6,1.0,92.31,12,0.25,0.5833,0.1,175813,
13866,432384,5.1,1.0,89.19,33,0.2121,0.4242,0.1,175871,
13867,432384,9.9,1.0,83.33,10,0.1,0.6,0.1,175871,
13868,432384,-8.7,0.0,92.16,47,0.0851,0.383,0.1,175871,
13869,432448,-7.9,0.0,76.47,39,0.0769,0.3846,0.1,175923,
13870,432512,4.9,1.0,89.47,34,0.0588,0.3824,0.1,175976,
13871,432576,10.3,1.0,80.0,8,0.25,0.625,0.1,176028,
13872,432576,10.2,1.0,90.0,9,0.1111,0.6667,0.1,176028,
13873,432576,-2.7,0.0,81.82,9,0.2222,0.1111,0.1,176028,
13874,432576,7.3,1.0,92.0,23,0.1304,0.3478,0.1,176028,
13875,432640,10.8,1.0,44.44,4,0.0,0.75,0.1,176079,
13876,432640,9.3,1.0,86.67,13,0.0769,0.5385,0.1,176079,
13877,432640,11.2,1.0,80.0,4,0.5,1.0,0.1,176079,
13878,432704,8.2,1.0,77.27,17,0.0588,0.7647,0.1,176137,
13879,432704,6.6,1.0,89.66,26,0.1923,0.3846,0.1,176137,
13880,432704,7.3,1.0,92.0,23,0.1304,0.4783,0.1,176137,
13881,432704,2.3,1.0,92.16,47,0.0213,0.4468,0.1,176137,
13882,432704,4.8,1.0,82.5,33,0.1212,0.4545,0.1,176137,
13883,432768,-8.5,0.0,88.24,45,0.0667,0.4444,0.1,176192,
13884,432832,2.9,1.0,84.0,42,0.1429,0.4286,0.1,176248,
13885,432896,11.7,1.0,33.33,1,0.0,1.0,0.1,176303,
13886,432960,11.0,1.0,83.33,5,0.0,0.8,0.1,176355,
13887,432960,-8.6,0.0,90.2,46,0.0652,0.3696,0.1,176355,
13888,432960,6.4,1.0,90.0,27,0.1111,0.5926,0.1,176355,
13889,432960,-1.7,0.0,66.67,4,0.0,0.75,0.1,176355,
13890,432960,6.7,1.0,80.0,24,0.0833,0.5,0.1,176355,
13891,432960,4.7,1.0,85.0,34,0.0294,0.4706,0.1,176355,
13892,432960,3.4,1.0,93.33,42,0.0952,0.4762,0.1,176355,
13893,433024,9.8,1.0,91.67,11,0.0909,0.5455,0.1,176403,
13894,433024,9.9,1.0,83.33,10,0.2,0.7,0.1,176403,
13895,433024,11.2,1.0,80.0,4,0.0,0.75,0.1,176403,
13896,433024,6.8,1.0,96.3,26,0.1538,0.4615,0.1,176403,
13897,433024,-5.3,0.0,86.67,26,0.0769,0.5,0.1,176403,
13898,433088,7.0,1.0,82.14,23,0.1739,0.5652,0.1,176455,
13899,433088,11.0,1.0,83.33,5,0.0,1.0,0.1,176455,
13900,433088,7.8,1.0,79.17,19,0.1053,0.5789,0.1,176455,
13901,433088,9.3,1.0,86.67,13,0.0,0.5385,0.1,176455,
13902,433152,-8.6,0.0,90.2,46,0.0652,0.4348,0.1,176506,
13903,433216,-8.0,0.0,78.43,40,0.1,0.45,0.1,176559,
13904,433216,-8.9,0.0,96.08,49,0.0408,0.3673,0.1,176559,
13905,433344,10.0,1.0,90.91,10,0.2,0.7,0.1,176667,
13906,433344,-3.0,0.0,76.92,10,0.0,0.4,0.1,176667,
13907,433344,5.5,1.0,94.12,32,0.0312,0.5,0.1,176667,
13908,433344,-7.9,0.0,71.43,30,0.1667,0.4667,0.1,176667,
13909,433408,2.6,1.0,93.88,46,0.1304,0.4348,0.1,176720,
13910,433408,7.2,1.0,96.0,24,0.125,0.375,0.1,176720,
13911,433408,7.8,1.0,86.96,20,0.05,0.65,0.1,176720,
13912,433536,4.2,1.0,79.55,35,0.1143,0.5429,0.1,176832,
13913,433536,7.0,1.0,75.86,22,0.0909,0.5,0.1,176832,
13914,433600,-6.2,0.0,71.88,23,0.0435,0.4348,0.1,176890,
13915,433600,10.8,1.0,85.71,6,0.0,0.8333,0.1,176890,
13916,433600,-1.4,0.0,75.0,3,0.6667,0.3333,0.1,176890,
13917,433664,9.4,1.0,92.86,13,0.2308,0.4615,0.1,176941,
13918,433728,-2.9,0.0,77.78,14,0.0714,0.4286,0.1,177000,
13919,433728,-8.1,0.0,80.39,41,0.0244,0.5366,0.1,177000,
13920,433728,-7.2,0.0,92.31,36,0.1944,0.4167,0.1,177000,
13921,433728,6.4,1.0,90.0,27,0.1111,0.5926,0.1,177000,
13922,433792,-1.0,0.0,85.71,6,0.1667,0.5,0.1,177051,
13923,433792,7.9,1.0,90.91,20,0.1,0.45,0.1,177051,
13924,433856,-9.0,0.0,88.64,39,0.0769,0.4359,0.1,177105,
13925,433856,-8.0,0.0,78.43,40,0.15,0.425,0.1,177105,
13926,433920,-4.5,0.0,65.22,15,0.1333,0.5333,0.1,177156,
13927,433920,-7.0,0.0,58.82,30,0.1,0.4333,0.1,177156,
13928,433920,-3.0,0.0,76.92,10,0.1,0.5,0.1,177156,
13929,433920,7.4,1.0,95.83,23,0.0,0.4348,0.1,177156,
13930,433920,-2.3,0.0,73.33,11,0.1818,0.4545,0.1,177156,
13931,433984,9.9,1.0,83.33,10,0.4,0.6,0.1,177207,
13932,433984,-8.0,0.0,82.5,33,0.0303,0.3333,0.1,177207,
13933,433984,-2.8,0.0,75.0,9,0.0,0.5556,0.1,177207,
13934,433984,9.5,1.0,85.71,12,0.1667,0.75,0.1,177207,
13935,433984,-9.1,0.0,80.39,41,0.0244,0.3659,0.1,177207,
13936,434112,8.9,1.0,88.24,15,0.2667,0.6667,0.1,177315,
13937,434112,10.1,1.0,81.82,9,0.2222,0.8889,0.1,177315,
13938,434112,5.2,1.0,86.49,32,0.125,0.5625,0.1,177315,
13939,434112,-2.1,0.0,75.0,6,0.1667,0.5,0.1,177315,
13940,434112,7.9,1.0,90.91,20,0.2,0.6,0.1,177315,
13941,434112,-4.0,0.0,83.33,15,0.2,0.3333,0.1,177315,
13942,434176,8.6,1.0,84.21,16,0.25,0.6875,0.1,177368,
13943,434176,-1.7,0.0,66.67,4,0.25,0.25,0.1,177368,
13944,434176,5.1,1.0,79.49,31,0.129,0.6452,0.1,177368,
13945,434176,3.8,1.0,97.62,41,0.1463,0.4634,0.1,177368,
13946,434176,7.2,1.0,96.0,24,0.125,0.5,0.1,177368,
13947,434240,5.0,1.0,91.89,34,0.0294,0.5588,0.1,177421,
13948,434240,5.8,1.0,90.91,30,0.1,0.5667,0.1,177421,
13949,434304,-3.0,0.0,91.67,11,0.0,0.4545,0.1,177476,
13950,434304,-2.4,0.0,88.89,8,0.0,0.375,0.1,177476,
13951,434304,-4.1,0.0,70.0,14,0.0,0.5,0.1,177476,
13952,434368,-0.4,0.0,75.0,3,0.6667,0.3333,0.1,177528,
13953,434432,-5.1,0.0,76.0,19,0.1579,0.2632,0.1,177582,
13954,434496,8.4,1.0,68.18,15,0.1333,0.5333,0.1,177634,
13955,434496,-7.9,0.0,76.47,39,0.1026,0.4872,0.1,177634,
13956,434496,-8.1,0.0,80.39,41,0.122,0.4878,0.1,177634,
13957,434496,-2.3,0.0,77.78,7,0.0,0.7143,0.1,177634,
13958,434496,10.6,1.0,87.5,7,0.2857,0.4286,0.1,177634,
13959,434496,-3.4,0.0,92.86,13,0.0769,0.3846,0.1,177634,
13960,434560,-7.3,0.0,94.87,37,0.1622,0.3514,0.1,177689,
13961,434560,-1.6,0.0,50.0,3,0.0,0.6667,0.1,177689,
13962,434624,7.0,1.0,96.15,25,0.2,0.6,0.1,177744,
13963,434688,-7.9,0.0,76.47,39,0.0,0.359,0.1,177796,
13964,434688,-4.8,0.0,88.89,24,0.125,0.5,0.1,177796,
13965,434688,9.5,1.0,73.33,11,0.1818,0.7273,0.1,177796,
13966,434752,9.7,1.0,84.62,11,0.2727,0.4545,0.1,177847,
13967,434816,3.2,1.0,89.36,42,0.0476,0.381,0.1,177906,
13968,434816,-2.6,0.0,72.73,8,0.25,0.375,0.1,177906,
13969,434816,-5.3,0.0,93.1,27,0.1481,0.3704,0.1,177906,
13970,434880,9.8,1.0,91.67,11,0.2727,0.6364,0.1,177962,
13971,434944,6.2,1.0,90.32,28,0.1786,0.5,0.1,178017,
13972,434944,8.5,1.0,89.47,17,0.0588,0.4706,0.1,178017,
13973,434944,5.8,1.0,96.88,31,0.1613,0.4194,0.1,178017,
13974,434944,-2.6,0.0,93.33,14,0.3571,0.2857,0.1,178017,
13975,435008,-8.0,0.0,78.43,40,0.0,0.525,0.1,178068,
13976,435072,3.1,1.0,83.67,41,0.0976,0.6098,0.1,178124,
13977,435136,10.4,1.0,88.89,8,0.5,0.75,0.1,178179,
13978,435200,6.6,1.0,96.43,27,0.1852,0.5556,0.1,178235,
13979,435200,10.6,1.0,87.5,7,0.1429,0.8571,0.1,178235,
13980,435200,-3.3,0.0,85.71,12,0.0833,0.1667,0.1,178235,
13981,435200,4.9,1.0,84.62,33,0.0909,0.6061,0.1,178235,
13982,435264,8.6,1.0,94.44,17,0.0588,0.4706,0.1,178288,
13983,435328,11.2,1.0,80.0,4,0.25,0.75,0.1,178345,
13984,435328,-7.5,0.0,88.89,32,0.125,0.5,0.1,178345,
13985,435392,10.4,1.0,88.89,8,0.125,0.75,0.1,178397,
13986,435392,8.1,1.0,81.82,18,0.2222,0.6667,0.1,178397,
13987,435456,7.7,1.0,83.33,20,0.05,0.55,0.1,178449,
13988,435456,5.7,1.0,68.42,26,0.1923,0.6154,0.1,178449,
13989,435456,-8.3,0.0,84.31,43,0.0465,0.4419,0.1,178449,
13990,435520,-7.8,0.0,74.51,38,0.1842,0.4737,0.1,178502,
13991,435520,7.5,1.0,84.0,21,0.0952,0.619,0.1,178502,
13992,435520,-3.3,0.0,62.5,10,0.3,0.2,0.1,178502,
13993,435584,6.2,1.0,96.67,29,0.069,0.5517,0.1,178556,
13994,435584,-1.7,0.0,66.67,4,0.0,0.25,0.1,178556,
13995,435584,9.0,1.0,82.35,14,0.0714,0.5714,0.1,178556,
13996,435584,8.1,1.0,81.82,18,0.1667,0.6111,0.1,178556,
13997,435648,-7.5,0.0,68.63,35,0.1143,0.5429,0.1,178610,
13998,435648,4.1,1.0,95.12,39,0.1282,0.5897,0.1,178610,
13999,435712,10.6,1.0,87.5,7,0.1429,0.4286,0.1,178662,
14000,435712,5.0,1.0,91.89,34,0.0294,0.5294,0.1,178662,
14001,435712,-9.4,0.0,81.25,39,0.1026,0.359,0.1,178662,
14002,435776,7.8,1.0,95.45,21,0.0952,0.4762,0.1,178715,
14003,435776,9.2,1.0,93.33,14,0.0714,0.5,0.1,178715,
14004,435776,7.6,1.0,80.0,20,0.1,0.55,0.1,178715,
14005,435840,10.2,1.0,90.0,9,0.0,0.5556,0.1,178770,
14006,435840,-2.2,0.0,87.5,7,0.2857,0.4286,0.1,178770,
14007,435840,-4.4,0.0,76.19,16,0.125,0.375,0.1,178770,
14008,435904,-7.9,0.0,76.47,39,0.1026,0.4103,0.1,178824,
14009,435968,7.2,1.0,81.48,22,0.0,0.5,0.1,178884,
14010,436032,10.6,1.0,87.5,7,0.2857,0.7143,0.1,178942,
14011,436032,7.2,1.0,81.48,22,0.0909,0.5455,0.1,178942,
14012,436032,6.1,1.0,87.5,28,0.1071,0.5714,0.1,178942,
14013,436032,6.3,1.0,81.25,26,0.0769,0.5769,0.1,178942,
14014,436096,9.2,1.0,81.25,13,0.1538,0.5385,0.1,178997,
14015,436096,7.8,1.0,86.96,20,0.15,0.5,0.1,178997,
14016,436160,8.5,1.0,89.47,17,0.1176,0.7059,0.1,179053,
14017,436224,6.3,1.0,93.33,28,0.0714,0.5,0.1,179105,
14018,436288,-2.1,0.0,75.0,6,0.1667,0.5,0.1,179159,
14019,436288,10.6,1.0,87.5,7,0.0,0.8571,0.1,179159,
14020,436352,7.1,1.0,92.31,24,0.1667,0.5,0.1,179213,
14021,436352,9.2,1.0,93.33,14,0.0,0.7143,0.1,179213,
14022,436352,8.4,1.0,94.74,18,0.2222,0.4444,0.1,179213,
14023,436352,10.2,1.0,90.0,9,0.1111,0.6667,0.1,179213,
14024,436352,-7.9,0.0,76.47,39,0.0513,0.4359,0.1,179213,
14025,436352,8.2,1.0,77.27,17,0.1176,0.6471,0.1,179213,
14026,436416,10.4,1.0,88.89,8,0.0,0.375,0.1,179262,
14027,436544,-6.2,0.0,89.66,26,0.1923,0.2308,0.1,179380,
14028,436544,11.3,1.0,60.0,3,0.0,0.3333,0.1,179380,
14029,436608,9.1,1.0,87.5,14,0.0714,0.3571,0.1,179433,
14030,436608,-2.1,0.0,75.0,6,0.0,0.5,0.1,179433,
14031,436608,8.5,1.0,89.47,17,0.1765,0.5882,0.1,179433,
14032,436608,-7.8,0.0,74.51,38,0.1053,0.5,0.1,179433,
14033,436608,-3.9,0.0,77.78,14,0.0,0.4286,0.1,179433,
14034,436608,-5.2,0.0,89.66,26,0.1154,0.4615,0.1,179433,
14035,436672,6.8,1.0,96.3,26,0.1538,0.4231,0.1,179482,
14036,436672,-8.2,0.0,82.35,42,0.119,0.4286,0.1,179482,
14037,436736,3.7,1.0,86.67,39,0.0513,0.5897,0.1,179532,
14038,436800,-8.3,0.0,84.31,43,0.0465,0.5116,0.1,179590,
14039,436800,-2.6,0.0,58.33,7,0.2857,0.5714,0.1,179590,
14040,436864,-8.2,0.0,82.35,42,0.0714,0.4048,0.1,179644,
14041,436864,-3.5,0.0,90.0,18,0.2222,0.4444,0.1,179644,
14042,436864,5.7,1.0,72.97,27,0.037,0.5556,0.1,179644,
14043,436864,3.8,1.0,93.02,40,0.1,0.375,0.1,179644,
14044,436864,-9.1,0.0,82.61,38,0.1316,0.3947,0.1,179644,
14045,436864,6.3,1.0,87.1,27,0.0741,0.5556,0.1,179644,
14046,436992,-8.5,0.0,88.24,45,0.1111,0.4667,0.1,179754,
14047,437056,2.8,1.0,82.35,42,0.119,0.5476,0.1,179810,
14048,437056,8.5,1.0,89.47,17,0.2353,0.4706,0.1,179810,
14049,437120,-4.2,0.0,87.5,21,0.0952,0.5714,0.1,179868,
14050,437120,-3.0,0.0,91.67,11,0.0909,0.3636,0.1,179868,
14051,437120,-0.4,0.0,75.0,3,0.0,0.3333,0.1,179868,
14052,437120,-9.1,0.0,80.39,41,0.0,0.5122,0.1,179868,
14053,437120,-3.9,0.0,88.24,15,0.2,0.5333,0.1,179868,
14054,437184,8.4,1.0,85.0,17,0.1765,0.7059,0.1,179923,
14055,437184,5.5,1.0,78.38,29,0.1034,0.5862,0.1,179923,
14056,437184,9.0,1.0,93.75,15,0.1333,0.7333,0.1,179923,
14057,437184,10.4,1.0,88.89,8,0.125,0.5,0.1,179923,
14058,437248,9.2,1.0,93.33,14,0.2143,0.5714,0.1,179978,
14059,437248,8.6,1.0,94.44,17,0.2353,0.5294,0.1,179978,
14060,437248,8.0,1.0,86.36,19,0.0526,0.6316,0.1,179978,
14061,437312,9.2,1.0,93.33,14,0.0714,0.4286,0.1,180032,
14062,437376,-8.3,0.0,84.31,43,0.093,0.3721,0.1,180089,
14063,437376,6.5,1.0,86.67,26,0.1923,0.5385,0.1,180089,
14064,437440,-1.4,0.0,75.0,3,0.0,0.0,0.1,180143,
14065,437440,2.3,1.0,96.0,48,0.0625,0.5208,0.1,180143,
14066,437440,10.4,1.0,88.89,8,0.125,0.75,0.1,180143,
14067,437440,-7.8,0.0,74.51,38,0.0789,0.5263,0.1,180143,
14068,437440,-7.8,0.0,74.51,38,0.1316,0.3158,0.1,180143,
14069,437504,3.0,1.0,93.62,44,0.1818,0.4773,0.1,180197,
14070,437568,10.0,1.0,90.91,10,0.1,0.5,0.1,180255,
14071,437632,5.7,1.0,93.94,31,0.0968,0.3548,0.1,180308,
14072,437632,-4.2,0.0,75.0,15,0.0,0.3333,0.1,180308,
14073,437696,-8.7,0.0,92.16,47,0.1277,0.5532,0.1,180365,
14074,437696,8.0,1.0,95.24,20,0.2,0.65,0.1,180365,
14075,437696,-1.3,0.0,50.0,2,0.5,0.0,0.1,180365,
14076,437696,-4.7,0.0,85.19,23,0.1739,0.3913,0.1,180365,
14077,437696,7.2,1.0,88.46,23,0.087,0.5217,0.1,180365,
14078,437760,-8.3,0.0,84.31,43,0.2093,0.4186,0.1,180415,
14079,437760,-4.3,0.0,89.47,17,0.0588,0.4118,0.1,180415,
14080,437824,9.4,1.0,80.0,12,0.0833,0.6667,0.1,180469,
14081,437824,-9.4,0.0,86.27,44,0.0909,0.4318,0.1,180469,
14082,437888,5.6,1.0,85.71,30,0.0667,0.4667,0.1,180525,
14083,437888,6.0,1.0,79.41,27,0.1481,0.4815,0.1,180525,
14084,437888,4.0,1.0,97.56,40,0.1,0.35,0.1,180525,
14085,438016,4.4,1.0,75.0,33,0.1515,0.4545,0.1,180632,
14086,438016,10.6,1.0,87.5,7,0.0,0.7143,0.1,180632,
14087,438016,7.8,1.0,95.45,21,0.0952,0.4286,0.1,180632,
14088,438016,-2.0,0.0,91.67,11,0.4545,0.4545,0.1,180632,
14089,438016,8.7,1.0,88.89,16,0.0625,0.8125,0.1,180632,
14090,438080,10.1,1.0,81.82,9,0.2222,0.5556,0.1,180688,
14091,438144,-9.1,0.0,88.0,44,0.0909,0.3864,0.1,180743,
14092,438144,4.1,1.0,95.12,39,0.1282,0.5641,0.1,180743,
14093,438144,10.0,1.0,90.91,10,0.5,0.9,0.1,180743,
14094,438144,7.9,1.0,82.61,19,0.1579,0.6842,0.1,180743,
14095,438144,10.0,1.0,90.91,10,0.3,0.8,0.1,180743,
14096,438144,5.0,1.0,86.84,33,0.0909,0.4848,0.1,180743,
14097,438144,6.8,1.0,89.29,25,0.12,0.64,0.1,180743,
14098,438144,-2.1,0.0,75.0,6,0.3333,0.3333,0.1,180743,
14099,438208,-3.8,0.0,82.35,14,0.0,0.2857,0.1,180792,
14100,438336,-1.9,0.0,71.43,5,0.0,0.2,0.1,180910,
14101,438336,7.5,1.0,91.67,22,0.1818,0.7273,0.1,180910,
14102,438400,3.2,1.0,85.42,41,0.0732,0.5122,0.1,180965,
14103,438400,5.8,1.0,90.91,30,0.1333,0.4333,0.1,180965,
14104,438400,8.0,1.0,95.24,20,0.2,0.6,0.1,180965,
14105,438464,4.5,1.0,72.73,32,0.125,0.4375,0.1,181017,
14106,438464,8.4,1.0,94.74,18,0.1111,0.6667,0.1,181017,
14107,438528,-4.5,0.0,80.95,17,0.0588,0.4706,0.1,181074,
14108,438592,-4.4,0.0,74.07,20,0.0,0.5,0.1,181129,
14109,438656,7.4,1.0,95.83,23,0.1304,0.5217,0.1,181184,
14110,438720,9.1,1.0,87.5,14,0.2143,0.7143,0.1,181242,
14111,438720,-7.9,0.0,76.47,39,0.0,0.4103,0.1,181242,
14112,438848,-9.1,0.0,80.39,41,0.0732,0.3902,0.1,181356,
14113,438848,-2.5,0.0,63.64,7,0.1429,0.4286,0.1,181356,
14114,438848,10.1,1.0,81.82,9,0.0,0.5556,0.1,181356,
14115,438848,-2.6,0.0,81.25,13,0.2308,0.3077,0.1,181356,
14116,438848,5.7,1.0,64.1,25,0.16,0.48,0.1,181356,
14117,438912,3.4,1.0,93.33,42,0.1905,0.5714,0.1,181410,
14118,438912,8.4,1.0,94.74,18,0.0556,0.5556,0.1,181410,
14119,438976,4.5,1.0,90.0,36,0.1389,0.3889,0.1,181466,
14120,438976,9.4,1.0,80.0,12,0.3333,0.5833,0.1,181466,
14121,438976,7.0,1.0,82.14,23,0.087,0.4783,0.1,181466,
14122,439040,-4.1,0.0,88.89,16,0.0,0.4375,0.1,181518,
14123,439040,-2.6,0.0,90.0,9,0.1111,0.3333,0.1,181518,
14124,439040,2.7,1.0,84.31,43,0.093,0.3721,0.1,181518,
14125,439104,-6.7,0.0,93.55,29,0.1034,0.3103,0.1,181568,
14126,439104,9.1,1.0,76.47,13,0.0769,0.7692,0.1,181568,
14127,439104,-6.0,0.0,90.91,30,0.1,0.5,0.1,181568,
14128,439104,8.2,1.0,95.0,19,0.1053,0.6842,0.1,181568,
14129,439104,6.4,1.0,83.87,26,0.1154,0.6538,0.1,181568,
14130,439104,8.4,1.0,76.19,16,0.125,0.4375,0.1,181568,
14131,439168,7.8,1.0,86.96,20,0.15,0.45,0.1,181622,
14132,439168,9.6,1.0,92.31,12,0.3333,0.6667,0.1,181622,
14133,439168,-3.8,0.0,93.75,15,0.2667,0.2667,0.1,181622,
14134,439232,7.4,1.0,95.83,23,0.087,0.3478,0.1,181676,
14135,439232,7.1,1.0,78.57,22,0.0909,0.5909,0.1,181676,
14136,439296,8.5,1.0,89.47,17,0.1176,0.5882,0.1,181732,
14137,439424,9.3,1.0,86.67,13,0.2308,0.7692,0.1,181844,
14138,439424,8.4,1.0,85.0,17,0.1765,0.6471,0.1,181844,
14139,439424,-3.5,0.0,75.0,12,0.0833,0.25,0.1,181844,
14140,439424,7.0,1.0,88.89,24,0.125,0.4167,0.1,181844,
14141,439424,8.5,1.0,89.47,17,0.1765,0.5294,0.1,181844,
14142,439488,7.8,1.0,86.96,20,0.1,0.6,0.1,181894,
14143,439488,9.8,1.0,91.67,11,0.0,0.6364,0.1,181894,
14144,439552,-4.1,0.0,78.95,15,0.0,0.5333,0.1,181951,
14145,439616,3.3,1.0,91.3,42,0.119,0.4762,0.1,182013,
14146,439616,4.5,1.0,94.87,37,0.2162,0.4865,0.1,182013,
14147,439680,5.8,1.0,90.91,30,0.1667,0.4333,0.1,182071,
14148,439808,8.0,1.0,86.36,19,0.2632,0.6842,0.1,182184,
14149,439808,8.7,1.0,78.95,15,0.2,0.6667,0.1,182184,
14150,439808,-8.4,0.0,86.27,44,0.1591,0.4318,0.1,182184,
14151,439808,10.2,1.0,90.0,9,0.4444,1.0,0.1,182184,
14152,439808,4.3,1.0,90.24,37,0.2162,0.4865,0.1,182184,
14153,439808,10.1,1.0,81.82,9,0.1111,0.5556,0.1,182184,
14154,439808,-2.6,0.0,72.73,8,0.0,0.25,0.1,182184,
14155,439872,-7.7,0.0,72.55,37,0.0541,0.5405,0.1,182236,
14156,439872,8.1,1.0,90.48,19,0.1053,0.5263,0.1,182236,
14157,439872,-8.4,0.0,86.27,44,0.0909,0.3864,0.1,182236,
14158,439872,-7.0,0.0,78.05,32,0.0938,0.375,0.1,182236,
14159,439872,-9.7,0.0,92.16,47,0.0213,0.3404,0.1,182236,
14160,439872,6.8,1.0,96.3,26,0.0385,0.3462,0.1,182236,
14161,439872,-10.1,0.0,91.84,45,0.0667,0.4444,0.1,182236,
14162,439872,-8.0,0.0,78.43,40,0.1,0.55,0.1,182236,
14163,439872,-2.5,0.0,75.0,12,0.0,0.5833,0.1,182236,
14164,439936,-5.0,0.0,89.29,25,0.16,0.48,0.1,182284,
14165,439936,-4.0,0.0,94.12,16,0.0625,0.375,0.1,182284,
14166,439936,-2.0,0.0,91.67,11,0.1818,0.3636,0.1,182284,
14167,440000,8.9,1.0,88.24,15,0.0,0.5333,0.1,182339,
14168,440000,3.8,1.0,80.43,37,0.1351,0.4595,0.1,182339,
14169,440000,4.1,1.0,90.48,38,0.2105,0.5263,0.1,182339,
14170,440064,-8.2,0.0,82.35,42,0.0952,0.3571,0.1,182394,
14171,440192,-5.5,0.0,81.25,26,0.0769,0.4615,0.1,182507,
14172,440256,10.4,1.0,88.89,8,0.125,0.375,0.1,182560,
14173,440256,8.2,1.0,95.0,19,0.2105,0.3158,0.1,182560,
14174,440384,3.9,1.0,90.7,39,0.0256,0.4872,0.1,182673,
14175,440448,5.3,1.0,78.95,30,0.1333,0.5,0.1,182731,
14176,440448,9.2,1.0,81.25,13,0.0769,0.6154,0.1,182731,
14177,440448,10.5,1.0,77.78,7,0.0,0.8571,0.1,182731,
14178,440512,-2.6,0.0,90.0,9,0.0,0.4444,0.1,182789,
14179,440512,10.0,1.0,90.91,10,0.2,0.4,0.1,182789,
14180,440512,10.2,1.0,90.0,9,0.1111,0.4444,0.1,182789,
14181,440576,2.9,1.0,87.76,43,0.093,0.5814,0.1,182844,
14182,440640,-8.5,0.0,88.24,45,0.1111,0.4,0.1,182903,
14183,440640,7.8,1.0,95.45,21,0.0476,0.5714,0.1,182903,
14184,440640,-4.6,0.0,88.46,23,0.1739,0.6522,0.1,182903,
14185,440640,7.2,1.0,88.46,23,0.087,0.4348,0.1,182903,
14186,440704,7.7,1.0,83.33,20,0.1,0.5,0.1,182959,
14187,440768,5.3,1.0,88.89,32,0.0938,0.5312,0.1,183015,
14188,440768,8.2,1.0,85.71,18,0.2222,0.8333,0.1,183015,
14189,440768,-1.2,0.0,66.67,2,0.5,0.0,0.1,183015,
14190,440768,-6.6,0.0,96.67,29,0.2414,0.4483,0.1,183015,
14191,440832,3.0,1.0,89.58,43,0.0698,0.4884,0.1,183069,
14192,440832,9.9,1.0,69.23,9,0.2222,0.5556,0.1,183069,
14193,440896,10.6,1.0,87.5,7,0.2857,0.8571,0.1,183128,
14194,440896,8.2,1.0,85.71,18,0.0556,0.5556,0.1,183128,
14195,441024,8.4,1.0,94.74,18,0.1667,0.5,0.1,183235,
14196,441088,11.2,1.0,80.0,4,0.0,0.75,0.1,183293,
14197,441088,-2.3,0.0,77.78,7,0.0,0.0,0.1,183293,
14198,441088,8.8,1.0,94.12,16,0.0625,0.3125,0.1,183293,
14199,441152,8.9,1.0,77.78,14,0.1429,0.7143,0.1,183347,
14200,441152,9.4,1.0,92.86,13,0.0769,0.5385,0.1,183347,
14201,441152,-8.6,0.0,90.2,46,0.1087,0.413,0.1,183347,
14202,441152,8.5,1.0,80.0,16,0.0625,0.625,0.1,183347,
14203,441216,8.1,1.0,90.48,19,0.2105,0.5263,0.1,183403,
14204,441216,-1.1,0.0,55.56,5,0.0,0.4,0.1,183403,
14205,441216,5.8,1.0,85.29,29,0.2069,0.6207,0.1,183403,
14206,441280,-8.9,0.0,76.47,39,0.1282,0.3846,0.1,183458,
14207,441280,-2.8,0.0,75.0,9,0.0,0.3333,0.1,183458,
14208,441280,-7.3,0.0,94.12,32,0.1875,0.3125,0.1,183458,
14209,441344,6.8,1.0,96.3,26,0.0769,0.5,0.1,183516,
14210,441344,6.2,1.0,96.67,29,0.069,0.4483,0.1,183516,
14211,441408,5.1,1.0,89.19,33,0.0606,0.4242,0.1,183573,
14212,441408,-8.6,0.0,90.2,46,0.0435,0.4348,0.1,183573,
14213,441408,7.7,1.0,91.3,21,0.1905,0.4762,0.1,183573,
14214,441408,-2.2,0.0,87.5,7,0.2857,0.2857,0.1,183573,
14215,441408,8.7,1.0,88.89,16,0.0,0.5,0.1,183573,
14216,441472,9.7,1.0,84.62,11,0.3636,0.6364,0.1,183626,
14217,441472,5.9,1.0,67.57,25,0.08,0.56,0.1,183626,
14218,441472,9.1,1.0,87.5,14,0.1429,0.6429,0.1,183626,
14219,441536,4.2,1.0,92.68,38,0.0263,0.3947,0.1,183678,
14220,441536,10.8,1.0,85.71,6,0.1667,0.6667,0.1,183678,
14221,441600,6.7,1.0,92.86,26,0.2692,0.5385,0.1,183736,
14222,441664,-1.6,0.0,80.0,4,0.5,0.25,0.1,183794,
14223,441664,10.2,1.0,90.0,9,0.1111,0.4444,0.1,183794,
14224,441664,5.5,1.0,88.57,31,0.0323,0.5161,0.1,183794,
14225,441664,9.5,1.0,73.33,11,0.1818,0.6364,0.1,183794,
14226,441792,6.8,1.0,82.76,24,0.0833,0.625,0.1,183905,
14227,441792,4.9,1.0,84.62,33,0.1212,0.4848,0.1,183905,
14228,441792,4.2,1.0,88.1,37,0.1351,0.4595,0.1,183905,
14229,441856,9.1,1.0,87.5,14,0.1429,0.7143,0.1,183961,
14230,441856,4.2,1.0,79.55,35,0.2,0.4,0.1,183961,
14231,441856,-4.3,0.0,63.64,14,0.1429,0.5,0.1,183961,
14232,441856,6.8,1.0,76.67,23,0.1304,0.2609,0.1,183961,
14233,441920,6.0,1.0,90.62,29,0.1379,0.5172,0.1,184017,
14234,441920,-1.4,0.0,75.0,3,0.0,0.3333,0.1,184017,
14235,441920,2.6,1.0,90.0,45,0.2222,0.4222,0.1,184017,
14236,441920,-8.1,0.0,80.39,41,0.1463,0.3902,0.1,184017,
14237,442048,6.3,1.0,87.1,27,0.037,0.5185,0.1,184125,
14238,442048,10.8,1.0,85.71,6,0.0,0.5,0.1,184125,
14239,442048,5.8,1.0,85.29,29,0.0345,0.4483,0.1,184125,
14240,442048,4.6,1.0,97.37,37,0.0811,0.4054,0.1,184125,
14241,442048,9.4,1.0,92.86,13,0.3846,0.7692,0.1,184125,
14242,442048,-5.3,0.0,84.0,21,0.0952,0.4762,0.1,184125,
14243,442112,-9.0,0.0,78.43,40,0.125,0.45,0.1,184174,
14244,442112,-3.6,0.0,85.71,18,0.0556,0.5556,0.1,184174,
14245,442112,-2.4,0.0,88.89,8,0.0,0.125,0.1,184174,
14246,442112,-8.6,0.0,90.2,46,0.1087,0.5217,0.1,184174,
14247,442176,7.9,1.0,90.91,20,0.1,0.45,0.1,184227,
14248,442240,-3.1,0.0,84.62,11,0.3636,0.3636,0.1,184285,
14249,442368,8.4,1.0,85.0,17,0.1176,0.4706,0.1,184394,
14250,442368,-8.9,0.0,96.08,49,0.0612,0.4082,0.1,184394,
14251,442368,8.6,1.0,84.21,16,0.25,0.75,0.1,184394,
14252,442432,7.3,1.0,92.0,23,0.2174,0.6522,0.1,184452,
14253,442432,6.6,1.0,96.43,27,0.0741,0.5185,0.1,184452,
14254,442432,6.2,1.0,96.67,29,0.1724,0.4138,0.1,184452,
14255,442432,-2.1,0.0,75.0,6,0.1667,0.3333,0.1,184452,
14256,442496,11.0,1.0,83.33,5,0.2,0.6,0.1,184506,
14257,442496,-8.3,0.0,84.31,43,0.093,0.4419,0.1,184506,
14258,442496,8.5,1.0,80.0,16,0.1875,0.75,0.1,184506,
14259,442560,8.9,1.0,77.78,14,0.0714,0.6429,0.1,184563,
14260,442560,10.9,1.0,71.43,5,0.0,0.8,0.1,184563,
14261,442624,-4.4,0.0,94.74,18,0.1111,0.3889,0.1,184622,
14262,442688,8.4,1.0,94.74,18,0.1667,0.5,0.1,184679,
14263,442688,6.8,1.0,89.29,25,0.12,0.52,0.1,184679,
14264,442688,-8.5,0.0,88.24,45,0.0889,0.5778,0.1,184679,
14265,442688,9.8,1.0,76.92,10,0.4,0.7,0.1,184679,
14266,442688,9.6,1.0,92.31,12,0.0833,0.5833,0.1,184679,
14267,442752,-8.6,0.0,70.59,36,0.0833,0.4444,0.1,184736,
14268,442752,2.3,1.0,92.16,47,0.1064,0.5745,0.1,184736,
14269,442752,8.3,1.0,90.0,18,0.2222,0.5,0.1,184736,
14270,442816,8.6,1.0,94.44,17,0.0588,0.6471,0.1,184793,
14271,442816,8.2,1.0,95.0,19,0.2105,0.5789,0.1,184793,
14272,442816,-1.8,0.0,83.33,5,0.0,0.0,0.1,184793,
14273,442880,9.7,1.0,84.62,11,0.0909,0.4545,0.1,184844,
14274,442880,-3.8,0.0,82.35,14,0.1429,0.4286,0.1,184844,
14275,442880,6.0,1.0,84.85,28,0.1429,0.6071,0.1,184844,
14276,442944,6.9,1.0,85.71,24,0.25,0.6667,0.1,184896,
14277,442944,11.4,1.0,75.0,3,0.0,1.0,0.1,184896,
14278,442944,-3.4,0.0,92.86,13,0.0769,0.3846,0.1,184896,
14279,442944,7.6,1.0,73.08,19,0.3158,0.7368,0.1,184896,
14280,442944,3.1,1.0,83.67,41,0.0488,0.561,0.1,184896,
14281,442944,2.7,1.0,91.84,45,0.1333,0.5111,0.1,184896,
14282,442944,10.8,1.0,85.71,6,0.0,0.8333,0.1,184896,
14283,443008,9.6,1.0,78.57,11,0.2727,0.8182,0.1,184947,
14284,443072,8.3,1.0,90.0,18,0.1111,0.5,0.1,185005,
14285,443072,-8.4,0.0,86.27,44,0.0682,0.5455,0.1,185005,
14286,443072,-8.6,0.0,90.2,46,0.0435,0.4348,0.1,185005,
14287,443072,-1.7,0.0,66.67,4,0.25,0.25,0.1,185005,
14288,443072,-3.8,0.0,93.75,15,0.1333,0.4,0.1,185005,
14289,443136,5.9,1.0,93.75,30,0.1,0.5,0.1,185062,
14290,443136,-9.7,0.0,92.16,47,0.1277,0.4468,0.1,185062,
14291,443136,-8.1,0.0,80.39,41,0.122,0.4878,0.1,185062,
14292,443200,11.4,1.0,75.0,3,0.0,0.6667,0.1,185116,
14293,443328,9.4,1.0,92.86,13,0.0769,0.3846,0.1,185233,
14294,443328,-1.4,0.0,88.89,8,0.0,0.625,0.1,185233,
14295,443392,3.9,1.0,90.7,39,0.1538,0.4615,0.1,185290,
14296,443392,-3.5,0.0,80.95,17,0.1176,0.3529,0.1,185290,
14297,443456,10.2,1.0,90.0,9,0.0,0.5556,0.1,185349,
14298,443456,5.4,1.0,86.11,31,0.0323,0.5806,0.1,185349,
14299,443456,-8.4,0.0,86.27,44,0.0682,0.4545,0.1,185349,
14300,443456,7.8,1.0,79.17,19,0.1053,0.5789,0.1,185349,
14301,443520,8.7,1.0,88.89,16,0.125,0.5,0.1,185405,
14302,443520,9.2,1.0,93.33,14,0.0714,0.2857,0.1,185405,
14303,443520,7.8,1.0,95.45,21,0.3333,0.4762,0.1,185405,
14304,443520,11.2,1.0,80.0,4,0.5,0.75,0.1,185405,
14305,443520,6.8,1.0,82.76,24,0.125,0.6667,0.1,185405,
14306,443520,5.1,1.0,94.44,34,0.1471,0.3529,0.1,185405,
14307,443520,-1.4,0.0,88.89,8,0.0,0.375,0.1,185405,
14308,443520,-3.3,0.0,85.71,12,0.0833,0.3333,0.1,185405,
14309,443584,-7.4,0.0,86.11,31,0.1613,0.3548,0.1,185454,
14310,443648,-1.5,0.0,60.0,3,0.0,0.3333,0.1,185510,
14311,443712,8.0,1.0,95.24,20,0.05,0.5,0.1,185566,
14312,443776,9.7,1.0,84.62,11,0.1818,0.4545,0.1,185625,
14313,443776,10.1,1.0,81.82,9,0.1111,0.6667,0.1,185625,
14314,443776,9.0,1.0,93.75,15,0.2,0.5333,0.1,185625,
14315,443840,9.9,1.0,83.33,10,0.1,0.6,0.1,185682,
14316,443840,9.2,1.0,93.33,14,0.0714,0.5714,0.1,185682,
14317,443904,9.4,1.0,80.0,12,0.0833,0.5,0.1,185738,
14318,443904,-6.7,0.0,84.21,32,0.0625,0.3438,0.1,185738,
14319,443968,10.8,1.0,85.71,6,0.3333,0.6667,0.1,185793,
14320,443968,7.8,1.0,95.45,21,0.0952,0.5238,0.1,185793,
14321,443968,6.2,1.0,84.38,27,0.1481,0.5185,0.1,185793,
14322,443968,-4.0,0.0,94.12,16,0.1875,0.25,0.1,185793,
14323,444032,7.5,1.0,91.67,22,0.1818,0.5,0.1,185842,
14324,444032,7.3,1.0,92.0,23,0.087,0.5652,0.1,185842,
14325,444096,10.2,1.0,90.0,9,0.4444,0.5556,0.1,185902,
14326,444096,-8.6,0.0,75.56,34,0.0588,0.3824,0.1,185902,
14327,444160,-2.2,0.0,87.5,7,0.4286,0.0,0.1,185959,
14328,444160,-8.9,0.0,82.22,37,0.1351,0.4054,0.1,185959,
14329,444224,4.6,1.0,87.5,35,0.1143,0.5714,0.1,186012,
14330,444288,-4.0,0.0,73.68,14,0.0714,0.4286,0.1,186071,
14331,444288,-5.2,0.0,87.5,21,0.0476,0.5238,0.1,186071,
14332,444288,10.6,1.0,87.5,7,0.1429,0.8571,0.1,186071,
14333,444352,8.4,1.0,85.0,17,0.2941,0.7059,0.1,186128,
14334,444352,-2.1,0.0,84.62,11,0.0909,0.2727,0.1,186128,
14335,444352,7.9,1.0,90.91,20,0.15,0.6,0.1,186128,
14336,444352,8.0,1.0,95.24,20,0.2,0.4,0.1,186128,
14337,444416,3.2,1.0,89.36,42,0.0952,0.4762,0.1,186178,
14338,444416,-2.6,0.0,90.0,9,0.1111,0.3333,0.1,186178,
14339,444416,3.0,1.0,89.58,43,0.0233,0.5116,0.1,186178,
14340,444416,7.5,1.0,91.67,22,0.1364,0.4545,0.1,186178,
14341,444480,10.4,1.0,88.89,8,0.125,0.75,0.1,186234,
14342,444480,7.5,1.0,76.92,20,0.05,0.5,0.1,186234,
14343,444608,-1.3,0.0,50.0,2,0.5,0.0,0.1,186345,
14344,444608,9.9,1.0,83.33,10,0.0,0.9,0.1,186345,
14345,444608,-3.8,0.0,82.35,14,0.1429,0.4286,0.1,186345,
14346,444672,10.2,1.0,90.0,9,0.1111,0.7778,0.1,186400,
14347,444672,-8.6,0.0,90.2,46,0.1087,0.4565,0.1,186400,
14348,444736,-1.1,0.0,75.0,6,0.1667,0.5,0.1,186456,
14349,444800,-8.2,0.0,84.78,39,0.1026,0.3077,0.1,186511,
14350,444928,-2.3,0.0,77.78,7,0.1429,0.1429,0.1,186628,
14351,444928,9.8,1.0,91.67,11,0.2727,0.6364,0.1,186628,
14352,444992,10.4,1.0,88.89,8,0.125,0.5,0.1,186687,
14353,444992,-5.5,0.0,84.62,22,0.0455,0.4091,0.1,186687,
14354,444992,10.6,1.0,87.5,7,0.0,0.5714,0.1,186687,
14355,445056,8.6,1.0,94.44,17,0.0,0.5294,0.1,186744,
14356,445056,9.0,1.0,93.75,15,0.2,0.4667,0.1,186744,
14357,445056,-8.2,0.0,82.35,42,0.119,0.381,0.1,186744,
14358,445120,-4.8,0.0,95.24,20,0.1,0.6,0.1,186803,
14359,445120,-8.6,0.0,90.2,46,0.1087,0.5435,0.1,186803,
14360,445120,10.2,1.0,90.0,9,0.2222,0.6667,0.1,186803,
14361,445184,7.8,1.0,86.96,20,0.2,0.45,0.1,186857,
14362,445184,6.8,1.0,89.29,25,0.16,0.56,0.1,186857,
14363,445184,-8.1,0.0,80.39,41,0.122,0.3415,0.1,186857,
14364,445184,9.6,1.0,92.31,12,0.25,0.5,0.1,186857,
14365,445184,4.7,1.0,89.74,35,0.0571,0.5429,0.1,186857,
14366,445248,6.8,1.0,89.29,25,0.04,0.36,0.1,186908,
14367,445312,-9.4,0.0,86.27,44,0.0682,0.4773,0.1,186963,
14368,445312,-8.6,0.0,90.2,46,0.1304,0.3261,0.1,186963,
14369,445312,10.0,1.0,90.91,10,0.1,0.6,0.1,186963,
14370,445312,-7.6,0.0,76.92,30,0.2,0.4,0.1,186963,
14371,445376,-0.8,0.0,83.33,5,0.4,0.4,0.1,187013,
14372,445376,10.0,1.0,90.91,10,0.0,0.5,0.1,187013,
14373,445440,8.3,1.0,90.0,18,0.1111,0.5,0.1,187071,
14374,445440,7.7,1.0,91.3,21,0.1429,0.619,0.1,187071,
14375,445440,-8.7,0.0,92.16,47,0.1277,0.4468,0.1,187071,
14376,445440,4.5,1.0,94.87,37,0.027,0.4595,0.1,187071,
14377,445504,-8.5,0.0,88.24,45,0.1111,0.4889,0.1,187128,
14378,445568,11.4,1.0,75.0,3,0.6667,1.0,0.1,187185,
14379,445568,8.5,1.0,89.47,17,0.1765,0.6471,0.1,187185,
14380,445568,2.8,1.0,86.0,43,0.1163,0.4651,0.1,187185,
14381,445696,-8.5,0.0,88.24,45,0.0889,0.4667,0.1,187297,
14382,445760,5.6,1.0,85.71,30,0.1,0.4,0.1,187355,
14383,445760,-9.4,0.0,86.27,44,0.1364,0.2955,0.1,187355,
14384,445760,-7.1,0.0,82.86,29,0.1724,0.5517,0.1,187355,
14385,445760,-3.0,0.0,83.33,15,0.0667,0.3333,0.1,187355,
14386,445760,-2.1,0.0,75.0,6,0.1667,0.1667,0.1,187355,
14387,445824,3.1,1.0,83.67,41,0.0976,0.3902,0.1,187408,
14388,445824,5.1,1.0,94.44,34,0.0882,0.5882,0.1,187408,
14389,445824,-1.7,0.0,66.67,4,0.0,0.25,0.1,187408,
14390,445888,-7.5,0.0,88.89,32,0.1562,0.4375,0.1,187465,
14391,445888,3.8,1.0,93.02,40,0.1,0.475,0.1,187465,
14392,445888,-9.1,0.0,82.61,38,0.1316,0.4737,0.1,187465,
14393,445888,3.9,1.0,90.7,39,0.1538,0.4359,0.1,187465,
14394,445952,4.8,1.0,92.11,35,0.0857,0.5714,0.1,187519,
14395,445952,-3.8,0.0,93.75,15,0.1333,0.4667,0.1,187519,
14396,445952,-8.8,0.0,74.51,38,0.1316,0.4474,0.1,187519,
14397,445952,7.2,1.0,88.46,23,0.2174,0.4348,0.1,187519,
14398,446016,-5.5,0.0,92.0,23,0.087,0.3478,0.1,187574,
14399,446144,-2.2,0.0,66.67,6,0.1667,0.5,0.1,187690,
14400,446144,5.5,1.0,94.12,32,0.0625,0.4375,0.1,187690,
14401,446144,8.3,1.0,80.95,17,0.2353,0.4706,0.1,187690,
14402,446144,7.5,1.0,91.67,22,0.1364,0.4545,0.1,187690,
14403,446144,10.4,1.0,88.89,8,0.0,0.625,0.1,187690,
14404,446208,2.8,1.0,93.75,45,0.1333,0.4667,0.1,187746,
14405,446208,8.8,1.0,83.33,15,0.1333,0.4,0.1,187746,
14406,446272,3.8,1.0,88.64,39,0.1026,0.5385,0.1,187802,
14407,446272,5.6,1.0,80.56,29,0.0345,0.6552,0.1,187802,
14408,446336,8.6,1.0,94.44,17,0.0588,0.4706,0.1,187858,
14409,446336,-8.6,0.0,90.2,46,0.1087,0.4565,0.1,187858,
14410,446336,9.6,1.0,92.31,12,0.0,0.5833,0.1,187858,
14411,446336,8.6,1.0,84.21,16,0.125,0.625,0.1,187858,
14412,446400,8.8,1.0,94.12,16,0.25,0.625,0.1,187916,
14413,446400,-2.2,0.0,87.5,7,0.1429,0.4286,0.1,187916,
14414,446464,10.1,1.0,81.82,9,0.2222,0.5556,0.1,187969,
14415,446464,5.2,1.0,86.49,32,0.0938,0.4688,0.1,187969,
14416,446464,9.0,1.0,82.35,14,0.2143,0.5,0.1,187969,
14417,446464,10.2,1.0,90.0,9,0.2222,0.7778,0.1,187969,
14418,446528,8.2,1.0,85.71,18,0.1111,0.5556,0.1,188019,
14419,446528,6.6,1.0,89.66,26,0.0769,0.6154,0.1,188019,
14420,446592,-8.5,0.0,81.4,35,0.1143,0.4857,0.1,188078,
14421,446592,9.8,1.0,91.67,11,0.0909,0.8182,0.1,188078,
14422,446656,-8.3,0.0,84.31,43,0.1163,0.4651,0.1,188133,
14423,446656,7.8,1.0,86.96,20,0.1,0.5,0.1,188133,
14424,446656,7.6,1.0,80.0,20,0.05,0.6,0.1,188133,
14425,446720,8.6,1.0,75.0,15,0.1333,0.5333,0.1,188190,
14426,446720,-8.9,0.0,96.08,49,0.1224,0.4286,0.1,188190,
14427,446720,9.5,1.0,85.71,12,0.1667,0.5,0.1,188190,
14428,446720,9.6,1.0,92.31,12,0.25,0.75,0.1,188190,
14429,446784,-8.9,0.0,96.08,49,0.102,0.449,0.1,188245,
14430,446848,4.3,1.0,95.0,38,0.0263,0.5263,0.1,188303,
14431,446848,-6.1,0.0,86.21,25,0.08,0.2,0.1,188303,
14432,446848,3.9,1.0,82.22,37,0.0541,0.4054,0.1,188303,
14433,446912,-3.7,0.0,87.5,14,0.2143,0.5,0.1,188358,
14434,446912,-7.2,0.0,92.31,36,0.1944,0.4722,0.1,188358,
14435,446912,-3.5,0.0,86.67,13,0.0,0.6923,0.1,188358,
14436,446976,-2.2,0.0,87.5,7,0.1429,0.2857,0.1,188415,
14437,446976,9.7,1.0,84.62,11,0.1818,0.6364,0.1,188415,
14438,446976,6.6,1.0,89.66,26,0.1923,0.5769,0.1,188415,
14439,447040,-1.8,0.0,83.33,5,0.6,0.4,0.1,188469,
14440,447040,-9.4,0.0,89.13,41,0.0976,0.5122,0.1,188469,
14441,447104,9.9,1.0,83.33,10,0.3,0.6,0.1,188524,
14442,447104,8.9,1.0,88.24,15,0.1333,0.4,0.1,188524,
14443,447232,10.5,1.0,77.78,7,0.1429,0.4286,0.1,188640,
14444,447232,-6.0,0.0,89.29,25,0.04,0.32,0.1,188640,
14445,447296,8.1,1.0,90.48,19,0.0526,0.6842,0.1,188696,
14446,447296,6.9,1.0,73.33,22,0.1818,0.7273,0.1,188696,
14447,447296,9.1,1.0,87.5,14,0.0714,0.5714,0.1,188696,
14448,447360,4.9,1.0,89.47,34,0.2353,0.4412,0.1,188753,
14449,447360,9.1,1.0,87.5,14,0.2143,0.6429,0.1,188753,
14450,447424,-8.3,0.0,80.95,34,0.0588,0.6176,0.1,188807,
14451,447424,7.6,1.0,87.5,21,0.0,0.381,0.1,188807,
14452,447424,11.0,1.0,83.33,5,0.2,0.4,0.1,188807,
14453,447552,-8.0,0.0,78.43,40,0.1,0.525,0.1,188918,
14454,447552,8.8,1.0,94.12,16,0.0625,0.4375,0.1,188918,
14455,447552,4.5,1.0,94.87,37,0.0541,0.4324,0.1,188918,
14456,447552,7.2,1.0,96.0,24,0.125,0.625,0.1,188918,
14457,447616,8.6,1.0,94.44,17,0.1176,0.5294,0.1,188971,
14458,447680,8.9,1.0,77.78,14,0.1429,0.5,0.1,189026,
14459,447680,-8.5,0.0,88.24,45,0.0667,0.5333,0.1,189026,
14460,447680,10.1,1.0,81.82,9,0.4444,0.6667,0.1,189026,
14461,447744,6.4,1.0,83.87,26,0.2308,0.5769,0.1,189080,
14462,447744,4.7,1.0,94.74,36,0.1944,0.5278,0.1,189080,
14463,447744,8.5,1.0,89.47,17,0.1176,0.4118,0.1,189080,
14464,447808,-5.4,0.0,88.0,22,0.0909,0.3182,0.1,189137,
14465,447936,6.7,1.0,92.86,26,0.1538,0.5385,0.1,189250,
14466,447936,-3.8,0.0,82.35,14,0.0714,0.4286,0.1,189250,
14467,447936,11.2,1.0,80.0,4,0.25,0.75,0.1,189250,
14468,448000,-3.8,0.0,82.35,14,0.0714,0.2857,0.1,189304,
14469,448000,10.2,1.0,90.0,9,0.1111,0.8889,0.1,189304,
14470,448000,-2.2,0.0,66.67,6,0.0,0.6667,0.1,189304,
14471,448064,5.1,1.0,94.44,34,0.0882,0.3824,0.1,189359,
14472,448064,9.7,1.0,84.62,11,0.1818,0.6364,0.1,189359,
14473,448064,6.7,1.0,92.86,26,0.1154,0.5,0.1,189359,
14474,448128,-3.1,0.0,84.62,11,0.0909,0.4545,0.1,189409,
14475,448128,4.3,1.0,69.57,32,0.0938,0.5625,0.1,189409,
14476,448192,3.2,1.0,85.42,41,0.122,0.5854,0.1,189459,
14477,448256,-8.2,0.0,82.35,42,0.119,0.5,0.1,189515,
14478,448256,7.6,1.0,87.5,21,0.0952,0.619,0.1,189515,
14479,448256,11.2,1.0,80.0,4,0.0,0.75,0.1,189515,
14480,448320,5.8,1.0,85.29,29,0.1379,0.4828,0.1,189570,
14481,448320,-4.8,0.0,86.36,19,0.1579,0.2632,0.1,189570,
14482,448320,-2.5,0.0,80.0,8,0.0,0.125,0.1,189570,
14483,448384,5.3,1.0,94.29,33,0.0909,0.3636,0.1,189627,
14484,448384,10.2,1.0,90.0,9,0.1111,0.5556,0.1,189627,
14485,448448,5.8,1.0,90.91,30,0.1667,0.6333,0.1,189685,
14486,448448,-9.8,0.0,78.43,40,0.05,0.55,0.1,189685,
14487,448512,8.1,1.0,81.82,18,0.1667,0.7778,0.1,189738,
14488,448512,8.3,1.0,90.0,18,0.1667,0.4444,0.1,189738,
14489,448576,-9.6,0.0,90.2,46,0.0217,0.2826,0.1,189792,
14490,448640,-2.5,0.0,80.0,8,0.25,0.25,0.1,189850,
14491,448640,8.6,1.0,84.21,16,0.125,0.4375,0.1,189850,
14492,448640,9.2,1.0,93.33,14,0.2143,0.6429,0.1,189850,
14493,448704,-5.8,0.0,75.86,22,0.0455,0.4091,0.1,189904,
14494,448704,-9.2,0.0,82.35,42,0.0952,0.5,0.1,189904,
14495,448704,9.9,1.0,83.33,10,0.3,0.6,0.1,189904,
14496,448768,7.6,1.0,95.65,22,0.0455,0.6364,0.1,189961,
14497,448768,3.7,1.0,78.72,37,0.1081,0.7027,0.1,189961,
14498,448768,10.0,1.0,61.54,8,0.0,0.875,0.1,189961,
14499,448832,-8.5,0.0,88.24,45,0.1333,0.4222,0.1,190019,
14500,448832,9.9,1.0,83.33,10,0.1,0.6,0.1,190019,
14501,448832,8.5,1.0,80.0,16,0.1875,0.4375,0.1,190019,
14502,448832,-3.8,0.0,93.75,15,0.2,0.5333,0.1,190019,
14503,448896,8.6,1.0,94.44,17,0.0,0.5294,0.1,190071,
14504,448960,-6.8,0.0,97.22,35,0.0571,0.3714,0.1,190128,
14505,448960,-8.9,0.0,96.08,49,0.2041,0.4694,0.1,190128,
14506,449024,3.9,1.0,70.83,34,0.0882,0.4412,0.1,190180,
14507,449024,-5.0,0.0,86.96,20,0.0,0.55,0.1,190180,
14508,449024,-9.1,0.0,80.39,41,0.0244,0.5122,0.1,190180,
14509,449088,-2.4,0.0,80.0,12,0.0833,0.4167,0.1,190235,
14510,449152,7.9,1.0,82.61,19,0.2105,0.4211,0.1,190291,
14511,449216,-1.8,0.0,57.14,4,0.0,0.25,0.1,190347,
14512,449216,-2.5,0.0,50.0,6,0.1667,0.6667,0.1,190347,
14513,449216,9.8,1.0,76.92,10,0.0,0.5,0.1,190347,
14514,449216,10.0,1.0,90.91,10,0.0,0.6,0.1,190347,
14515,449344,-2.0,0.0,85.71,6,0.0,0.5,0.1,190462,
14516,449344,8.8,1.0,94.12,16,0.0625,0.5625,0.1,190462,
14517,449408,4.9,1.0,84.62,33,0.1212,0.4848,0.1,190520,
14518,449408,-8.3,0.0,84.31,43,0.1395,0.5814,0.1,190520,
14519,449472,3.2,1.0,81.63,40,0.125,0.575,0.1,190578,
14520,449472,8.2,1.0,95.0,19,0.1053,0.4737,0.1,190578,
14521,449472,-7.7,0.0,72.55,37,0.0541,0.6486,0.1,190578,
14522,449536,3.3,1.0,91.3,42,0.119,0.4524,0.1,190634,
14523,449536,6.6,1.0,77.42,24,0.0833,0.625,0.1,190634,
14524,449600,9.3,1.0,86.67,13,0.0,0.5385,0.1,190690,
14525,449600,2.9,1.0,87.76,43,0.1163,0.4419,0.1,190690,
14526,449600,7.6,1.0,87.5,21,0.1905,0.5714,0.1,190690,
14527,449664,-8.7,0.0,92.16,47,0.1064,0.5532,0.1,190747,
14528,449664,-8.8,0.0,94.12,48,0.0833,0.6042,0.1,190747,
14529,449728,9.6,1.0,78.57,11,0.0909,0.4545,0.1,190802,
14530,449728,10.2,1.0,90.0,9,0.5556,0.6667,0.1,190802,
14531,449728,3.1,1.0,91.49,43,0.0698,0.5116,0.1,190802,
14532,449792,9.6,1.0,92.31,12,0.0833,0.6667,0.1,190856,
14533,449792,-2.7,0.0,76.47,13,0.1538,0.4615,0.1,190856,
14534,449792,8.7,1.0,78.95,15,0.4,0.5333,0.1,190856,
14535,449856,-8.9,0.0,96.08,49,0.1224,0.4898,0.1,190914,
14536,449920,-7.1,0.0,88.24,30,0.1,0.3667,0.1,190974,
14537,449920,3.7,1.0,82.61,38,0.0263,0.4474,0.1,190974,
14538,449920,7.7,1.0,83.33,20,0.1,0.5,0.1,190974,
14539,449920,9.4,1.0,92.86,13,0.0769,0.4615,0.1,190974,
14540,449920,4.1,1.0,95.12,39,0.0769,0.3846,0.1,190974,
14541,449984,2.3,1.0,92.16,47,0.1489,0.5106,0.1,191031,
14542,449984,7.2,1.0,81.48,22,0.0455,0.6364,0.1,191031,
14543,449984,8.2,1.0,95.0,19,0.1579,0.4211,0.1,191031,
14544,449984,-9.5,0.0,88.24,45,0.0889,0.5111,0.1,191031,
14545,449984,6.8,1.0,96.3,26,0.1538,0.6154,0.1,191031,
14546,450048,-8.7,0.0,92.16,47,0.1702,0.4894,0.1,191087,
14547,450048,7.7,1.0,83.33,20,0.15,0.45,0.1,191087,
14548,450112,6.7,1.0,92.86,26,0.2308,0.5385,0.1,191145,
14549,450112,9.4,1.0,92.86,13,0.0,0.6923,0.1,191145,
14550,450112,-8.3,0.0,84.31,43,0.0233,0.4419,0.1,191145,
14551,450176,-2.0,0.0,85.71,6,0.0,0.6667,0.1,191202,
14552,450240,-1.8,0.0,75.0,9,0.1111,0.3333,0.1,191259,
14553,450240,10.6,1.0,87.5,7,0.1429,0.8571,0.1,191259,
14554,450240,-9.3,0.0,84.31,43,0.0465,0.5581,0.1,191259,
14555,450240,10.0,1.0,75.0,9,0.0,0.7778,0.1,191259,
14556,450240,-4.4,0.0,94.74,18,0.0,0.5556,0.1,191259,
14557,450304,-8.4,0.0,86.27,44,0.1136,0.3409,0.1,191312,
14558,450304,9.0,1.0,82.35,14,0.2143,0.5714,0.1,191312,
14559,450304,7.6,1.0,95.65,22,0.0455,0.6364,0.1,191312,
14560,450368,10.2,1.0,90.0,9,0.4444,0.6667,0.1,191366,
14561,450368,-9.8,0.0,94.12,48,0.0625,0.5208,0.1,191366,
14562,450432,-1.5,0.0,80.0,8,0.25,0.375,0.1,191424,
14563,450496,-1.2,0.0,87.5,7,0.2857,0.5714,0.1,191480,
14564,450496,6.5,1.0,93.1,27,0.1852,0.5556,0.1,191480,
14565,450496,9.1,1.0,87.5,14,0.0714,0.6429,0.1,191480,
14566,450496,9.2,1.0,93.33,14,0.1429,0.7143,0.1,191480,
14567,450560,5.1,1.0,84.21,32,0.125,0.6875,0.1,191535,
14568,450560,10.2,1.0,72.73,8,0.25,0.5,0.1,191535,
14569,450560,4.2,1.0,97.5,39,0.0513,0.3077,0.1,191535,
14570,450624,-8.0,0.0,78.43,40,0.05,0.425,0.1,191589,
14571,450624,7.4,1.0,88.0,22,0.1818,0.5455,0.1,191589,
14572,450688,-1.2,0.0,87.5,7,0.1429,0.4286,0.1,191646,
14573,450688,-8.7,0.0,92.16,47,0.1277,0.4468,0.1,191646,
14574,450752,5.3,1.0,88.89,32,0.0938,0.5312,0.1,191700,
14575,450752,8.6,1.0,94.44,17,0.1176,0.6471,0.1,191700,
14576,450752,2.7,1.0,88.0,44,0.0455,0.5,0.1,191700,
14577,450752,10.1,1.0,81.82,9,0.3333,0.5556,0.1,191700,
14578,450752,10.3,1.0,80.0,8,0.0,0.75,0.1,191700,
14579,450752,-6.4,0.0,83.87,26,0.0,0.5385,0.1,191700,
14580,450752,4.8,1.0,92.11,35,0.0571,0.5143,0.1,191700,
14581,450880,3.6,1.0,93.18,41,0.1951,0.4146,0.1,191803,
14582,450880,-2.5,0.0,86.67,13,0.0,0.3846,0.1,191803,
14583,450880,-4.8,0.0,96.15,25,0.08,0.36,0.1,191803,
14584,450880,-3.8,0.0,82.35,14,0.0714,0.3571,0.1,191803,
14585,450944,11.0,1.0,57.14,4,0.25,0.75,0.1,191854,
14586,450944,-2.7,0.0,81.82,9,0.1111,0.1111,0.1,191854,
14587,450944,6.1,1.0,93.55,29,0.0345,0.5172,0.1,191854,
14588,451008,9.0,1.0,82.35,14,0.0,0.5,0.1,191907,
14589,451008,-2.5,0.0,63.64,7,0.2857,0.2857,0.1,191907,
14590,451008,9.1,1.0,87.5,14,0.1429,0.7143,0.1,191907,
14591,451072,10.6,1.0,87.5,7,0.1429,0.7143,0.1,191962,
14592,451072,10.6,1.0,87.5,7,0.0,0.5714,0.1,191962,
14593,451072,5.4,1.0,91.43,32,0.0938,0.5625,0.1,191962,
14594,451072,8.8,1.0,83.33,15,0.1333,0.6667,0.1,191962,
14595,451072,5.1,1.0,94.44,34,0.0882,0.5294,0.1,191962,
14596,451200,-3.3,0.0,73.33,11,0.3636,0.4545,0.1,192075,
14597,451264,-1.8,0.0,83.33,5,0.0,0.6,0.1,192133,
14598,451264,-7.4,0.0,66.67,34,0.0882,0.4706,0.1,192133,
14599,451328,7.2,1.0,88.46,23,0.1739,0.6087,0.1,192188,
14600,451328,8.1,1.0,90.48,19,0.0526,0.3684,0.1,192188,
14601,451328,-2.3,0.0,62.5,10,0.3,0.6,0.1,192188,
14602,451328,10.1,1.0,81.82,9,0.4444,0.8889,0.1,192188,
14603,451328,6.3,1.0,87.1,27,0.1111,0.5185,0.1,192188,
14604,451392,-5.2,0.0,95.65,22,0.1364,0.2727,0.1,192237,
14605,451392,8.3,1.0,80.95,17,0.1765,0.6471,0.1,192237,
14606,451392,2.9,1.0,91.67,44,0.0227,0.4091,0.1,192237,
14607,451456,4.2,1.0,83.72,36,0.1111,0.5556,0.1,192293,
14608,451456,7.0,1.0,82.14,23,0.1739,0.6087,0.1,192293,
14609,451456,9.9,1.0,83.33,10,0.1,0.4,0.1,192293,
14610,451520,6.1,1.0,93.55,29,0.1379,0.3448,0.1,192347,
14611,451520,10.4,1.0,88.89,8,0.375,0.625,0.1,192347,
14612,451584,10.1,1.0,81.82,9,0.2222,0.7778,0.1,192403,
14613,451584,5.0,1.0,91.89,34,0.0882,0.5294,0.1,192403,
14614,451648,8.9,1.0,88.24,15,0.2667,0.3333,0.1,192461,
14615,451712,9.7,1.0,84.62,11,0.2727,0.6364,0.1,192517,
14616,451712,4.9,1.0,94.59,35,0.0571,0.6,0.1,192517,
14617,451712,3.0,1.0,89.58,43,0.186,0.4651,0.1,192517,
14618,451712,6.7,1.0,92.86,26,0.1154,0.5769,0.1,192517,
14619,451776,-2.7,0.0,87.5,14,0.2143,0.5714,0.1,192572,
14620,451776,9.8,1.0,91.67,11,0.0,0.6364,0.1,192572,
14621,451840,11.0,1.0,83.33,5,0.2,0.4,0.1,192631,
14622,451840,8.1,1.0,90.48,19,0.2105,0.5789,0.1,192631,
14623,451904,10.6,1.0,87.5,7,0.1429,0.8571,0.1,192687,
14624,451968,-1.6,0.0,72.73,8,0.125,0.375,0.1,192744,
14625,452032,8.0,1.0,95.24,20,0.2,0.65,0.1,192799,
14626,452032,7.2,1.0,88.46,23,0.2609,0.7391,0.1,192799,
14627,452096,9.0,1.0,93.75,15,0.2667,0.5333,0.1,192856,
14628,452096,-8.0,0.0,78.43,40,0.075,0.45,0.1,192856,
14629,452096,9.5,1.0,85.71,12,0.25,0.5,0.1,192856,
14630,452096,10.2,1.0,90.0,9,0.0,0.5556,0.1,192856,
14631,452096,9.1,1.0,87.5,14,0.0,0.7143,0.1,192856,
14632,452160,4.0,1.0,88.37,38,0.1316,0.3684,0.1,192913,
14633,452160,-1.4,0.0,75.0,3,0.3333,0.3333,0.1,192913,
14634,452224,7.6,1.0,95.65,22,0.1818,0.5,0.1,192969,
14635,452224,-2.5,0.0,63.64,7,0.0,0.2857,0.1,192969,
14636,452224,10.6,1.0,87.5,7,0.2857,0.7143,0.1,192969,
14637,452288,-3.4,0.0,85.0,17,0.1176,0.4118,0.1,193028,
14638,452288,10.6,1.0,87.5,7,0.1429,0.4286,0.1,193028,
14639,452288,-7.4,0.0,86.11,31,0.0968,0.4839,0.1,193028,
14640,452352,9.8,1.0,76.92,10,0.2,0.8,0.1,193083,
14641,452416,5.9,1.0,82.35,28,0.2143,0.4643,0.1,193140,
14642,452416,-9.3,0.0,84.31,43,0.0698,0.5116,0.1,193140,
14643,452416,9.0,1.0,93.75,15,0.0667,0.5333,0.1,193140,
14644,452480,11.1,1.0,66.67,4,0.0,0.5,0.1,193196,
14645,452480,7.8,1.0,79.17,19,0.1579,0.6842,0.1,193196,
14646,452480,-3.4,0.0,92.86,13,0.1538,0.3077,0.1,193196,
14647,452480,6.8,1.0,96.3,26,0.0,0.4231,0.1,193196,
14648,452480,7.8,1.0,86.96,20,0.1,0.35,0.1,193196,
14649,452608,5.3,1.0,94.29,33,0.0909,0.5152,0.1,193311,
14650,452608,-1.9,0.0,71.43,5,0.0,0.4,0.1,193311,
14651,452608,5.0,1.0,91.89,34,0.1471,0.3529,0.1,193311,
14652,452608,7.9,1.0,75.0,18,0.1111,0.6111,0.1,193311,
14653,452672,8.0,1.0,95.24,20,0.1,0.5,0.1,193367,
14654,452672,-1.6,0.0,90.0,9,0.0,0.4444,0.1,193367,
14655,452672,11.0,1.0,83.33,5,0.0,1.0,0.1,193367,
14656,452672,-1.4,0.0,75.0,3,0.0,0.3333,0.1,193367,
14657,452672,-8.1,0.0,80.39,41,0.0732,0.5854,0.1,193367,
14658,452672,-3.3,0.0,85.71,12,0.0,0.25,0.1,193367,
14659,452736,3.1,1.0,95.65,44,0.0682,0.4091,0.1,193420,
14660,452736,7.9,1.0,90.91,20,0.15,0.55,0.1,193420,
14661,452736,10.2,1.0,90.0,9,0.1111,0.4444,0.1,193420,
14662,452736,5.5,1.0,88.57,31,0.0968,0.5806,0.1,193420,
14663,452736,7.9,1.0,90.91,20,0.1,0.55,0.1,193420,
14664,452800,4.5,1.0,72.73,32,0.0625,0.5625,0.1,193475,
14665,452800,9.2,1.0,93.33,14,0.2143,0.5714,0.1,193475,
14666,452864,4.2,1.0,92.68,38,0.0526,0.4474,0.1,193527,
14667,452864,5.8,1.0,90.91,30,0.0667,0.5,0.1,193527,
14668,452864,-8.2,0.0,82.35,42,0.0714,0.5238,0.1,193527,
14669,452864,-8.5,0.0,88.24,45,0.0889,0.4889,0.1,193527,
14670,452928,8.2,1.0,85.71,18,0.1667,0.3889,0.1,193583,
14671,452928,5.9,1.0,82.35,28,0.0357,0.5714,0.1,193583,
14672,452928,-1.8,0.0,90.91,10,0.1,0.3,0.1,193583,
14673,452928,8.0,1.0,78.26,18,0.0,0.5556,0.1,193583,
14674,452992,7.2,1.0,88.46,23,0.1304,0.6522,0.1,193640,
14675,452992,10.2,1.0,72.73,8,0.25,0.625,0.1,193640,
14676,452992,7.6,1.0,80.0,20,0.1,0.65,0.1,193640,
14677,453120,6.8,1.0,82.76,24,0.0,0.5417,0.1,193755,
14678,453120,3.8,1.0,88.64,39,0.2308,0.4103,0.1,193755,
14679,453184,10.6,1.0,87.5,7,0.0,0.8571,0.1,193812,
14680,453248,4.5,1.0,94.87,37,0.0811,0.4595,0.1,193869,
14681,453248,8.8,1.0,83.33,15,0.0,0.6,0.1,193869,
14682,453248,9.9,1.0,83.33,10,0.0,0.4,0.1,193869,
14683,453248,7.8,1.0,95.45,21,0.0952,0.5238,0.1,193869,
14684,453248,-2.4,0.0,70.0,7,0.2857,0.2857,0.1,193869,
14685,453312,11.2,1.0,80.0,4,0.25,0.75,0.1,193921,
14686,453376,-8.5,0.0,88.24,45,0.1111,0.4667,0.1,193977,
14687,453376,-2.0,0.0,85.71,6,0.6667,0.3333,0.1,193977,
14688,453376,-9.1,0.0,80.39,41,0.122,0.3659,0.1,193977,
14689,453376,10.3,1.0,80.0,8,0.25,0.5,0.1,193977,
14690,453376,3.2,1.0,93.48,43,0.186,0.5349,0.1,193977,
14691,453440,8.5,1.0,80.0,16,0.25,0.75,0.1,194031,
14692,453440,9.6,1.0,92.31,12,0.0,0.5,0.1,194031,
14693,453440,9.9,1.0,83.33,10,0.2,0.5,0.1,194031,
14694,453440,6.8,1.0,96.3,26,0.0385,0.5385,0.1,194031,
14695,453504,-1.4,0.0,75.0,3,0.0,0.3333,0.1,194086,
14696,453568,7.6,1.0,95.65,22,0.1364,0.4091,0.1,194144,
14697,453568,3.5,1.0,79.17,38,0.1316,0.5,0.1,194144,
14698,453568,-2.5,0.0,80.0,8,0.125,0.375,0.1,194144,
14699,453568,8.0,1.0,95.24,20,0.2,0.4,0.1,194144,
14700,453632,5.2,1.0,91.67,33,0.0909,0.2424,0.1,194197,
14701,453632,4.3,1.0,95.0,38,0.1316,0.6316,0.1,194197,
14702,453696,-9.8,0.0,89.58,43,0.1395,0.3488,0.1,194252,
14703,453696,8.8,1.0,94.12,16,0.1875,0.5625,0.1,194252,
14704,453696,-1.8,0.0,83.33,5,0.4,0.6,0.1,194252,
14705,453760,3.2,1.0,89.36,42,0.1429,0.5952,0.1,194310,
14706,453824,8.9,1.0,88.24,15,0.2,0.4667,0.1,194369,
14707,453824,-0.4,0.0,75.0,3,0.3333,0.0,0.1,194369,
14708,453888,-5.0,0.0,86.96,20,0.05,0.35,0.1,194425,
14709,453952,7.7,1.0,91.3,21,0.0476,0.4286,0.1,194480,
14710,453952,8.7,1.0,88.89,16,0.1875,0.625,0.1,194480,
14711,453952,9.9,1.0,83.33,10,0.4,0.7,0.1,194480,
14712,453952,9.1,1.0,76.47,13,0.0769,0.3077,0.1,194480,
14713,453952,8.2,1.0,95.0,19,0.1053,0.4737,0.1,194480,
14714,453952,-3.7,0.0,87.5,14,0.0714,0.3571,0.1,194480,
14715,454016,7.5,1.0,91.67,22,0.1818,0.5909,0.1,194530,
14716,454016,-4.4,0.0,76.19,16,0.1875,0.4375,0.1,194530,
14717,454016,-4.3,0.0,89.47,17,0.1765,0.5882,0.1,194530,
14718,454016,8.7,1.0,88.89,16,0.1875,0.8125,0.1,194530,
14719,454016,9.8,1.0,91.67,11,0.0909,0.6364,0.1,194530,
14720,454080,-2.4,0.0,70.0,7,0.0,0.7143,0.1,194585,
14721,454144,-8.4,0.0,86.27,44,0.1136,0.4545,0.1,194643,
14722,454144,8.7,1.0,88.89,16,0.0625,0.5,0.1,194643,
14723,454144,4.6,1.0,92.31,36,0.1389,0.3889,0.1,194643,
14724,454144,11.2,1.0,80.0,4,0.0,0.75,0.1,194643,
14725,454208,-8.5,0.0,88.24,45,0.0667,0.3778,0.1,194699,
14726,454272,4.5,1.0,90.0,36,0.1111,0.4167,0.1,194757,
14727,454272,6.6,1.0,96.43,27,0.1852,0.6667,0.1,194757,
14728,454336,-9.6,0.0,90.2,46,0.0652,0.3696,0.1,194817,
14729,454400,-2.0,0.0,85.71,6,0.0,0.3333,0.1,194876,
14730,454400,8.7,1.0,88.89,16,0.25,0.5625,0.1,194876,
14731,454400,-2.7,0.0,81.82,9,0.2222,0.2222,0.1,194876,
14732,454400,-1.7,0.0,66.67,4,0.0,0.25,0.1,194876,
14733,454400,-3.0,0.0,76.92,10,0.1,0.6,0.1,194876,
14734,454464,9.0,1.0,93.75,15,0.0667,0.5333,0.1,194933,
14735,454528,-1.2,0.0,66.67,6,0.1667,0.6667,0.1,194991,
14736,454656,-3.0,0.0,76.92,10,0.3,0.6,0.1,195110,
14737,454720,9.9,1.0,83.33,10,0.1,0.3,0.1,195169,
14738,454720,4.0,1.0,88.37,38,0.1316,0.6316,0.1,195169,
14739,454848,4.5,1.0,85.37,35,0.0286,0.5429,0.1,195277,
14740,454912,5.4,1.0,91.43,32,0.1875,0.5625,0.1,195337,
14741,454976,5.9,1.0,87.88,29,0.2414,0.4828,0.1,195391,
14742,454976,-4.0,0.0,86.96,20,0.15,0.55,0.1,195391,
14743,454976,-8.3,0.0,84.31,43,0.093,0.4651,0.1,195391,
14744,455040,3.3,1.0,87.23,41,0.0732,0.4634,0.1,195447,
14745,455040,8.8,1.0,94.12,16,0.0,0.5,0.1,195447,
14746,455040,8.0,1.0,86.36,19,0.1053,0.4211,0.1,195447,
14747,455040,-3.7,0.0,87.5,14,0.2857,0.5,0.1,195447,
14748,455168,8.6,1.0,84.21,16,0.3125,0.6875,0.1,195562,
14749,455168,6.8,1.0,89.29,25,0.12,0.6,0.1,195562,
14750,455168,6.9,1.0,92.59,25,0.16,0.6,0.1,195562,
14751,455232,10.7,1.0,75.0,6,0.0,0.6667,0.1,195616,
14752,455232,4.8,1.0,82.5,33,0.0909,0.3939,0.1,195616,
14753,455296,-4.5,0.0,90.0,18,0.0556,0.3889,0.1,195677,
14754,455296,4.8,1.0,92.11,35,0.0286,0.4286,0.1,195677,
14755,455296,7.2,1.0,96.0,24,0.2083,0.5,0.1,195677,
14756,455296,8.8,1.0,94.12,16,0.0,0.375,0.1,195677,
14757,455360,-2.6,0.0,90.0,9,0.2222,0.2222,0.1,195733,
14758,455360,-8.5,0.0,88.24,45,0.1556,0.4667,0.1,195733,
14759,455360,8.6,1.0,84.21,16,0.125,0.6875,0.1,195733,
14760,455424,6.7,1.0,86.21,25,0.08,0.76,0.1,195782,
14761,455424,7.0,1.0,96.15,25,0.08,0.48,0.1,195782,
14762,455424,4.2,1.0,88.1,37,0.0541,0.5405,0.1,195782,
14763,455424,8.9,1.0,77.78,14,0.2143,0.7143,0.1,195782,
14764,455488,-1.5,0.0,60.0,3,0.0,0.6667,0.1,195840,
14765,455552,5.1,1.0,94.44,34,0.0882,0.4118,0.1,195894,
14766,455552,5.7,1.0,93.94,31,0.129,0.5484,0.1,195894,
14767,455552,-8.5,0.0,88.24,45,0.1111,0.3333,0.1,195894,
14768,455616,10.2,1.0,90.0,9,0.0,0.6667,0.1,195951,
14769,455616,8.6,1.0,94.44,17,0.1765,0.7059,0.1,195951,
14770,455616,-8.7,0.0,92.16,47,0.0851,0.4894,0.1,195951,
14771,455680,-4.1,0.0,70.0,14,0.2143,0.3571,0.1,196007,
14772,455680,-8.5,0.0,88.24,45,0.2,0.5111,0.1,196007,
14773,455680,-7.7,0.0,86.05,37,0.0811,0.2432,0.1,196007,
14774,455680,9.0,1.0,93.75,15,0.1333,0.6667,0.1,196007,
14775,455744,-5.9,0.0,82.35,28,0.1071,0.4286,0.1,196060,
14776,455744,-9.4,0.0,86.27,44,0.0909,0.4773,0.1,196060,
14777,455808,4.9,1.0,89.47,34,0.0882,0.4118,0.1,196119,
14778,455808,6.1,1.0,81.82,27,0.0741,0.6667,0.1,196119,
14779,455808,8.2,1.0,77.27,17,0.1176,0.6471,0.1,196119,
14780,455808,-9.2,0.0,93.18,41,0.0976,0.3902,0.1,196119,
14781,455808,4.8,1.0,92.11,35,0.1429,0.5143,0.1,196119,
14782,455872,-9.3,0.0,84.31,43,0.0233,0.4651,0.1,196173,
14783,455872,-7.2,0.0,82.93,34,0.1765,0.4706,0.1,196173,
14784,456000,-8.7,0.0,92.16,47,0.1702,0.5532,0.1,196283,
14785,456000,10.3,1.0,80.0,8,0.0,0.75,0.1,196283,
14786,456000,-8.1,0.0,80.39,41,0.0732,0.4146,0.1,196283,
14787,456064,-0.7,0.0,66.67,4,0.25,0.25,0.1,196335,
14788,456064,-1.4,0.0,75.0,3,0.0,0.3333,0.1,196335,
14789,456064,10.0,1.0,90.91,10,0.3,0.6,0.1,196335,
14790,456128,-3.6,0.0,70.59,12,0.0,0.3333,0.1,196390,
14791,456128,5.4,1.0,91.43,32,0.1875,0.5,0.1,196390,
14792,456192,10.8,1.0,85.71,6,0.3333,0.6667,0.1,196445,
14793,456192,-7.0,0.0,85.29,29,0.1034,0.3793,0.1,196445,
14794,456192,4.4,1.0,92.5,37,0.1081,0.3784,0.1,196445,
14795,456192,8.7,1.0,88.89,16,0.125,0.5625,0.1,196445,
14796,456256,10.9,1.0,71.43,5,0.2,0.4,0.1,196500,
14797,456256,3.6,1.0,88.89,40,0.05,0.475,0.1,196500,
14798,456320,9.5,1.0,85.71,12,0.0833,0.6667,0.1,196551,
14799,456320,5.9,1.0,93.75,30,0.2333,0.4333,0.1,196551,
14800,456320,2.9,1.0,84.0,42,0.1429,0.4524,0.1,196551,
14801,456384,2.9,1.0,95.74,45,0.1556,0.5556,0.1,196606,
14802,456384,6.1,1.0,93.55,29,0.069,0.3793,0.1,196606,
14803,456384,10.3,1.0,80.0,8,0.5,0.5,0.1,196606,
14804,456384,-9.7,0.0,92.16,47,0.1489,0.4255,0.1,196606,
14805,456448,5.9,1.0,93.75,30,0.0667,0.6667,0.1,196654,
14806,456512,10.6,1.0,87.5,7,0.1429,0.4286,0.1,196714,
14807,456576,-3.8,0.0,82.35,14,0.1429,0.5,0.1,196773,
14808,456576,4.6,1.0,87.5,35,0.0857,0.4571,0.1,196773,
14809,456640,10.8,1.0,85.71,6,0.3333,0.8333,0.1,196826,
14810,456640,9.2,1.0,93.33,14,0.2143,0.6429,0.1,196826,
14811,456704,9.6,1.0,78.57,11,0.0909,0.5455,0.1,196882,
14812,456832,10.6,1.0,66.67,6,0.1667,0.8333,0.1,196993,
14813,456896,-3.0,0.0,76.92,10,0.1,0.3,0.1,197051,
14814,456896,8.5,1.0,71.43,15,0.2,0.4667,0.1,197051,
14815,456960,6.3,1.0,93.33,28,0.0357,0.3929,0.1,197107,
14816,456960,8.3,1.0,80.95,17,0.1765,0.7647,0.1,197107,
14817,457024,10.8,1.0,85.71,6,0.0,1.0,0.1,197160,
14818,457024,9.1,1.0,87.5,14,0.3571,0.7143,0.1,197160,
14819,457024,-4.5,0.0,84.62,22,0.0909,0.6364,0.1,197160,
14820,457024,6.8,1.0,89.29,25,0.12,0.56,0.1,197160,
14821,457088,8.6,1.0,75.0,15,0.1333,0.7333,0.1,197216,
14822,457152,-3.5,0.0,64.71,11,0.0909,0.1818,0.1,197273,
14823,457152,5.5,1.0,88.57,31,0.0,0.4839,0.1,197273,
14824,457152,2.6,1.0,90.0,45,0.0667,0.3778,0.1,197273,
14825,457152,9.5,1.0,85.71,12,0.3333,0.5,0.1,197273,
14826,457216,5.6,1.0,91.18,31,0.0645,0.5161,0.1,197327,
14827,457216,-9.6,0.0,81.63,40,0.025,0.4,0.1,197327,
14828,457280,3.3,1.0,95.56,43,0.1163,0.6047,0.1,197380,
14829,457344,11.0,1.0,83.33,5,0.2,0.6,0.1,197441,
14830,457344,-6.1,0.0,80.0,24,0.125,0.4583,0.1,197441,
14831,457344,8.6,1.0,84.21,16,0.0625,0.4375,0.1,197441,
14832,457408,5.4,1.0,91.43,32,0.0625,0.4062,0.1,197497,
14833,457408,-8.7,0.0,92.16,47,0.0213,0.4255,0.1,197497,
14834,457408,-8.0,0.0,78.43,40,0.075,0.45,0.1,197497,
14835,457408,-8.7,0.0,92.16,47,0.0851,0.5319,0.1,197497,
14836,457472,4.7,1.0,89.74,35,0.1714,0.3714,0.1,197550,
14837,457472,11.2,1.0,80.0,4,0.0,1.0,0.1,197550,
14838,457536,4.1,1.0,90.48,38,0.1053,0.5526,0.1,197606,
14839,457600,7.4,1.0,95.83,23,0.3043,0.4783,0.1,197662,
14840,457600,-8.1,0.0,80.39,41,0.0488,0.5122,0.1,197662,
14841,457664,8.2,1.0,95.0,19,0.0526,0.5789,0.1,197718,
14842,457664,10.8,1.0,62.5,5,0.0,0.8,0.1,197718,
14843,457664,6.2,1.0,84.38,27,0.0,0.4815,0.1,197718,
14844,457664,5.2,1.0,86.49,32,0.0625,0.5938,0.1,197718,
14845,457728,11.3,1.0,60.0,3,0.0,0.6667,0.1,197774,
14846,457728,11.2,1.0,80.0,4,0.0,0.5,0.1,197774,
14847,457728,-2.8,0.0,75.0,9,0.1111,0.4444,0.1,197774,
14848,457792,-3.9,0.0,90.91,20,0.05,0.55,0.1,197831,
14849,457792,-8.5,0.0,88.24,45,0.0889,0.4889,0.1,197831,
14850,457856,10.6,1.0,87.5,7,0.1429,0.5714,0.1,197890,
14851,457856,10.2,1.0,90.0,9,0.2222,0.8889,0.1,197890,
14852,457856,11.4,1.0,75.0,3,0.3333,1.0,0.1,197890,
14853,457920,-5.7,0.0,85.19,23,0.1304,0.4783,0.1,197948,
14854,457984,9.6,1.0,92.31,12,0.1667,0.6667,0.1,198007,
14855,457984,-1.8,0.0,83.33,5,0.2,0.2,0.1,198007,
14856,458048,7.2,1.0,96.0,24,0.0833,0.375,0.1,198064,
14857,458112,7.3,1.0,92.0,23,0.2174,0.3913,0.1,198123,
14858,458112,11.0,1.0,83.33,5,0.2,0.6,0.1,198123,
14859,458176,3.4,1.0,85.11,40,0.075,0.475,0.1,198177,
14860,458176,8.6,1.0,75.0,15,0.2,0.7333,0.1,198177,
14861,458176,-2.2,0.0,87.5,7,0.2857,0.4286,0.1,198177,
14862,458240,-5.4,0.0,88.0,22,0.1364,0.3636,0.1,198232,
14863,458240,-8.9,0.0,96.08,49,0.1429,0.6327,0.1,198232,
14864,458240,3.1,1.0,91.49,43,0.1628,0.5581,0.1,198232,
14865,458304,6.1,1.0,93.55,29,0.069,0.3793,0.1,198287,
14866,458304,10.8,1.0,85.71,6,0.0,0.6667,0.1,198287,
14867,458304,-9.3,0.0,91.11,41,0.1707,0.3415,0.1,198287,
14868,458368,10.6,1.0,87.5,7,0.1429,0.5714,0.1,198346,
14869,458432,11.2,1.0,80.0,4,0.0,0.75,0.1,198404,
14870,458496,5.7,1.0,77.78,28,0.1429,0.3929,0.1,198458,
14871,458560,-8.6,0.0,90.2,46,0.0435,0.5,0.1,198513,
14872,458560,6.3,1.0,93.33,28,0.1786,0.5,0.1,198513,
14873,458560,-8.5,0.0,88.24,45,0.0222,0.4444,0.1,198513,
14874,458560,-8.3,0.0,84.31,43,0.0698,0.4651,0.1,198513,
14875,458624,3.8,1.0,93.02,40,0.125,0.5,0.1,198571,
14876,458688,8.6,1.0,84.21,16,0.3125,0.8125,0.1,198631,
14877,458688,-7.9,0.0,76.47,39,0.1795,0.5897,0.1,198631,
14878,458688,5.0,1.0,91.89,34,0.0588,0.5588,0.1,198631,
14879,458752,3.9,1.0,90.7,39,0.1026,0.5385,0.1,198686,
14880,458752,5.8,1.0,85.29,29,0.1379,0.7586,0.1,198686,
14881,458816,-8.5,0.0,88.24,45,0.0667,0.4,0.1,198740,
14882,458816,7.9,1.0,90.91,20,0.2,0.6,0.1,198740,
14883,458816,-8.7,0.0,92.16,47,0.1489,0.5106,0.1,198740,
14884,458880,-8.3,0.0,84.31,43,0.0698,0.5116,0.1,198798,
14885,458880,10.2,1.0,90.0,9,0.0,0.6667,0.1,198798,
14886,458944,-9.3,0.0,84.31,43,0.1163,0.3256,0.1,198858,
14887,458944,-9.6,0.0,90.2,46,0.087,0.3696,0.1,198858,
14888,459008,9.4,1.0,80.0,12,0.1667,0.4167,0.1,198915,
14889,459008,3.1,1.0,83.67,41,0.0244,0.5122,0.1,198915,
14890,459072,-8.5,0.0,88.24,45,0.1333,0.5556,0.1,198975,
14891,459072,-1.6,0.0,80.0,4,0.0,0.25,0.1,198975,
14892,459072,9.0,1.0,82.35,14,0.2143,0.5714,0.1,198975,
14893,459072,5.8,1.0,96.88,31,0.2581,0.5161,0.1,198975,
14894,459072,-2.1,0.0,75.0,6,0.0,0.5,0.1,198975,
14895,459136,-6.1,0.0,92.86,26,0.0385,0.2692,0.1,199030,
14896,459200,-6.3,0.0,94.12,32,0.0312,0.4062,0.1,199086,
14897,459200,8.3,1.0,80.95,17,0.1176,0.7647,0.1,199086,
14898,459200,10.6,1.0,87.5,7,0.4286,0.7143,0.1,199086,
14899,459264,-4.3,0.0,91.67,22,0.0909,0.4545,0.1,199141,
14900,459264,7.2,1.0,96.0,24,0.125,0.3333,0.1,199141,
14901,459328,4.2,1.0,92.68,38,0.0526,0.3684,0.1,199197,
14902,459328,7.9,1.0,90.91,20,0.2,0.4,0.1,199197,
14903,459328,-6.5,0.0,87.1,27,0.0,0.4074,0.1,199197,
14904,459328,10.1,1.0,81.82,9,0.2222,0.4444,0.1,199197,
14905,459392,-8.2,0.0,82.35,42,0.0,0.5,0.1,199251,
14906,459456,-8.2,0.0,82.35,42,0.0238,0.4524,0.1,199307,
14907,459456,-6.7,0.0,94.44,34,0.1471,0.4706,0.1,199307,
14908,459456,5.0,1.0,86.84,33,0.1515,0.4848,0.1,199307,
14909,459520,4.9,1.0,89.47,34,0.0588,0.5,0.1,199365,
14910,459520,-2.0,0.0,62.5,5,0.0,0.4,0.1,199365,
14911,459520,10.8,1.0,85.71,6,0.0,0.3333,0.1,199365,
14912,459520,6.3,1.0,87.1,27,0.1481,0.5926,0.1,199365,
14913,459584,-8.6,0.0,90.2,46,0.087,0.4348,0.1,199420,
14914,459648,5.3,1.0,78.95,30,0.0667,0.5,0.1,199478,
14915,459648,-9.6,0.0,90.2,46,0.0652,0.6087,0.1,199478,
14916,459648,-8.8,0.0,94.12,48,0.0208,0.4792,0.1,199478,
14917,459648,8.9,1.0,88.24,15,0.2,0.4667,0.1,199478,
14918,459712,6.5,1.0,86.67,26,0.1923,0.6154,0.1,199532,
14919,459776,5.0,1.0,91.89,34,0.2059,0.5,0.1,199589,
14920,459840,7.2,1.0,88.46,23,0.1304,0.5217,0.1,199646,
14921,459840,5.5,1.0,94.12,32,0.0938,0.5312,0.1,199646,
14922,459904,-1.4,0.0,75.0,3,0.3333,0.3333,0.1,199706,
14923,459968,9.9,1.0,83.33,10,0.1,0.7,0.1,199765,
14924,460032,-9.1,0.0,88.0,44,0.1364,0.2727,0.1,199824,
14925,460032,11.0,1.0,83.33,5,0.0,0.6,0.1,199824,
14926,460032,10.0,1.0,90.91,10,0.0,0.5,0.1,199824,
14927,460032,10.6,1.0,87.5,7,0.0,1.0,0.1,199824,
14928,460032,6.9,1.0,92.59,25,0.08,0.6,0.1,199824,
14929,460096,9.5,1.0,85.71,12,0.3333,0.5833,0.1,199883,
14930,460096,-1.4,0.0,88.89,8,0.25,0.375,0.1,199883,
14931,460160,-8.3,0.0,84.31,43,0.1163,0.4419,0.1,199942,
14932,460160,10.0,1.0,90.91,10,0.2,0.8,0.1,199942,
14933,460160,7.1,1.0,85.19,23,0.087,0.6087,0.1,199942,
14934,460224,9.0,1.0,93.75,15,0.2,0.5333,0.1,200001,
14935,460224,8.3,1.0,72.73,16,0.1875,0.5,0.1,200001,
14936,460224,7.5,1.0,91.67,22,0.1818,0.4545,0.1,200001,
14937,460288,9.2,1.0,93.33,14,0.2857,0.5,0.1,200059,
14938,460288,-9.4,0.0,86.27,44,0.0682,0.3864,0.1,200059,
14939,460288,7.6,1.0,95.65,22,0.1818,0.5,0.1,200059,
14940,460288,4.6,1.0,87.5,35,0.1429,0.4571,0.1,200059,
14941,460352,9.6,1.0,92.31,12,0.0833,0.5833,0.1,200111,
14942,460352,-1.4,0.0,75.0,3,0.0,0.3333,0.1,200111,
14943,460416,6.6,1.0,89.66,26,0.0,0.3846,0.1,200169,
14944,460416,6.2,1.0,73.53,25,0.08,0.56,0.1,200169,
14945,460480,5.7,1.0,88.24,30,0.0333,0.4,0.1,200225,
14946,460480,-0.4,0.0,75.0,3,0.0,0.3333,0.1,200225,
14947,460544,3.4,1.0,93.33,42,0.0714,0.4286,0.1,200283,
14948,460544,-9.0,0.0,93.02,40,0.075,0.45,0.1,200283,
14949,460544,8.3,1.0,90.0,18,0.3333,0.5556,0.1,200283,
14950,460544,-8.6,0.0,90.2,46,0.0217,0.413,0.1,200283,
14951,460608,2.7,1.0,91.84,45,0.1111,0.3556,0.1,200338,
14952,460672,10.0,1.0,90.91,10,0.2,0.6,0.1,200398,
14953,460672,-1.7,0.0,66.67,4,0.25,0.25,0.1,200398,
14954,460672,7.5,1.0,84.0,21,0.0476,0.5238,0.1,200398,
14955,460672,7.7,1.0,69.23,18,0.0,0.8333,0.1,200398,
14956,460736,8.8,1.0,94.12,16,0.0625,0.4375,0.1,200457,
14957,460800,5.0,1.0,86.84,33,0.0303,0.5152,0.1,200518,
14958,460800,5.0,1.0,97.22,35,0.1429,0.4,0.1,200518,
14959,460864,10.7,1.0,75.0,6,0.1667,0.6667,0.1,200576,
14960,460864,6.8,1.0,96.3,26,0.1538,0.6154,0.1,200576,
14961,460864,7.7,1.0,83.33,20,0.1,0.7,0.1,200576,
14962,460928,6.1,1.0,93.55,29,0.0345,0.5172,0.1,200632,
14963,460928,10.3,1.0,80.0,8,0.375,0.75,0.1,200632,
14964,460928,5.8,1.0,85.29,29,0.2759,0.4483,0.1,200632,
14965,460992,6.3,1.0,93.33,28,0.1429,0.5357,0.1,200686,
14966,460992,3.1,1.0,91.49,43,0.093,0.4884,0.1,200686,
14967,460992,9.4,1.0,80.0,12,0.25,0.6667,0.1,200686,
14968,460992,9.7,1.0,84.62,11,0.0909,0.5455,0.1,200686,
14969,461056,9.1,1.0,87.5,14,0.2143,0.2857,0.1,200741,
14970,461120,8.2,1.0,95.0,19,0.2105,0.5263,0.1,200801,
14971,461184,6.5,1.0,86.67,26,0.0385,0.3846,0.1,200860,
14972,461184,3.0,1.0,93.62,44,0.0455,0.3636,0.1,200860,
14973,461184,11.2,1.0,80.0,4,0.0,0.75,0.1,200860,
14974,461248,-1.7,0.0,66.67,4,0.25,0.25,0.1,200918,
14975,461248,8.0,1.0,95.24,20,0.2,0.55,0.1,200918,
14976,461312,6.6,1.0,89.66,26,0.2692,0.4231,0.1,200975,
14977,461312,-2.2,0.0,87.5,7,0.2857,0.2857,0.1,200975,
14978,461376,7.2,1.0,96.0,24,0.2083,0.375,0.1,201030,
14979,461376,-8.6,0.0,90.2,46,0.0652,0.5652,0.1,201030,
14980,461376,-3.9,0.0,88.24,15,0.0,0.2667,0.1,201030,
14981,461440,-8.6,0.0,90.2,46,0.087,0.4348,0.1,201088,
14982,461440,-1.5,0.0,60.0,3,0.0,0.3333,0.1,201088,
14983,461504,-2.1,0.0,75.0,6,0.1667,0.3333,0.1,201148,
14984,461504,-8.7,0.0,92.16,47,0.1064,0.4894,0.1,201148,
14985,461504,8.2,1.0,95.0,19,0.0,0.4737,0.1,201148,
14986,461504,9.2,1.0,81.25,13,0.2308,0.6154,0.1,201148,
14987,461504,2.4,1.0,94.0,47,0.0638,0.4043,0.1,201148,
14988,461568,8.6,1.0,84.21,16,0.1875,0.5625,0.1,201203,
14989,461568,8.8,1.0,94.12,16,0.1875,0.625,0.1,201203,
14990,461696,8.6,1.0,94.44,17,0.2941,0.4706,0.1,201321,
14991,461696,10.6,1.0,87.5,7,0.4286,0.7143,0.1,201321,
14992,461696,9.0,1.0,93.75,15,0.2667,0.4667,0.1,201321,
14993,461696,3.3,1.0,87.23,41,0.0488,0.5366,0.1,201321,
14994,461760,7.4,1.0,95.83,23,0.1304,0.4348,0.1,201379,
14995,461760,-8.0,0.0,73.81,31,0.0645,0.5161,0.1,201379,
14996,461760,-4.3,0.0,84.0,21,0.1429,0.4762,0.1,201379,
14997,461760,6.3,1.0,93.33,28,0.1429,0.4643,0.1,201379,
14998,461824,5.3,1.0,83.78,31,0.0968,0.3871,0.1,201433,
14999,461824,7.4,1.0,74.07,20,0.1,0.55,0.1,201433,
15000,461824,8.0,1.0,86.36,19,0.0526,0.6842,0.1,201433,
15001,461824,-8.4,0.0,86.27,44,0.0909,0.3864,0.1,201433,
15002,461888,6.5,1.0,93.1,27,0.1111,0.4815,0.1,201487,
15003,461888,10.4,1.0,88.89,8,0.125,0.625,0.1,201487,
15004,461888,5.0,1.0,91.89,34,0.0882,0.5882,0.1,201487,
15005,461952,-8.7,0.0,95.12,39,0.0769,0.5128,0.1,201539,
15006,461952,-7.6,0.0,97.5,39,0.0769,0.3846,0.1,201539,
15007,461952,-3.6,0.0,70.59,12,0.0833,0.3333,0.1,201539,
15008,462016,10.6,1.0,87.5,7,0.1429,0.7143,0.1,201596,
15009,462016,8.0,1.0,95.24,20,0.1,0.6,0.1,201596,
15010,462080,-8.7,0.0,92.16,47,0.0638,0.4681,0.1,201653,
15011,462144,-9.0,0.0,98.04,50,0.04,0.46,0.1,201712,
15012,462144,-8.6,0.0,90.2,46,0.087,0.4783,0.1,201712,
15013,462208,-9.7,0.0,92.16,47,0.0851,0.4681,0.1,201771,
15014,462272,5.6,1.0,96.97,32,0.0625,0.5312,0.1,201827,
15015,462272,9.4,1.0,92.86,13,0.2308,0.5385,0.1,201827,
15016,462336,8.7,1.0,88.89,16,0.25,0.6875,0.1,201885,
15017,462336,-8.7,0.0,92.16,47,0.1277,0.5319,0.1,201885,
15018,462336,5.1,1.0,94.44,34,0.1176,0.4412,0.1,201885,
15019,462336,-3.2,0.0,66.67,10,0.1,0.2,0.1,201885,
15020,462400,10.1,1.0,81.82,9,0.0,0.5556,0.1,201941,
15021,462400,10.4,1.0,88.89,8,0.0,0.625,0.1,201941,
15022,462464,7.6,1.0,95.65,22,0.1818,0.4545,0.1,201999,
15023,462464,-2.7,0.0,66.67,8,0.0,0.25,0.1,201999,
15024,462464,7.4,1.0,95.83,23,0.1739,0.4783,0.1,201999,
15025,462528,-2.7,0.0,87.5,14,0.0714,0.4286,0.1,202057,
15026,462528,10.2,1.0,90.0,9,0.4444,0.3333,0.1,202057,
15027,462592,10.5,1.0,77.78,7,0.1429,0.5714,0.1,202117,
15028,462592,9.3,1.0,75.0,12,0.0833,0.6667,0.1,202117,
15029,462592,-2.6,0.0,90.0,9,0.0,0.2222,0.1,202117,
15030,462656,8.6,1.0,84.21,16,0.1875,0.4375,0.1,202174,
15031,462656,-2.0,0.0,62.5,5,0.2,0.2,0.1,202174,
15032,462784,8.2,1.0,95.0,19,0.1053,0.4211,0.1,202290,
15033,462784,6.0,1.0,96.77,30,0.1667,0.5667,0.1,202290,
15034,462848,5.5,1.0,94.12,32,0.0625,0.4062,0.1,202349,
15035,462848,-5.2,0.0,87.5,21,0.0952,0.5714,0.1,202349,
15036,462848,7.4,1.0,88.0,22,0.2727,0.4091,0.1,202349,
15037,462848,-8.4,0.0,86.27,44,0.0909,0.5682,0.1,202349,
15038,462912,7.9,1.0,90.91,20,0.05,0.55,0.1,202402,
15039,462912,6.3,1.0,93.33,28,0.1429,0.5,0.1,202402,
15040,462912,-8.9,0.0,96.08,49,0.0816,0.5714,0.1,202402,
15041,462976,-8.9,0.0,96.08,49,0.1224,0.449,0.1,202455,
15042,462976,-3.1,0.0,84.62,11,0.0909,0.6364,0.1,202455,
15043,463040,4.6,1.0,92.31,36,0.1944,0.5,0.1,202508,
15044,463040,5.7,1.0,93.94,31,0.0323,0.3871,0.1,202508,
15045,463104,4.7,1.0,89.74,35,0.0857,0.5429,0.1,202564,
15046,463104,6.2,1.0,96.67,29,0.1034,0.3793,0.1,202564,
15047,463232,7.7,1.0,91.3,21,0.1905,0.381,0.1,202684,
15048,463232,5.6,1.0,91.18,31,0.0645,0.3871,0.1,202684,
15049,463232,3.9,1.0,95.24,40,0.025,0.35,0.1,202684,
15050,463232,7.9,1.0,90.91,20,0.1,0.3,0.1,202684,
15051,463232,2.4,1.0,94.0,47,0.0851,0.4255,0.1,202684,
15052,463296,7.3,1.0,92.0,23,0.2174,0.3913,0.1,202738,
15053,463296,10.9,1.0,71.43,5,0.2,0.6,0.1,202738,
15054,463296,-6.8,0.0,90.62,29,0.069,0.4138,0.1,202738,
15055,463360,7.8,1.0,95.45,21,0.2381,0.5238,0.1,202796,
15056,463424,9.3,1.0,86.67,13,0.0769,0.6923,0.1,202854,
15057,463424,-6.4,0.0,90.0,27,0.1111,0.4815,0.1,202854,
15058,463424,11.6,1.0,66.67,2,0.0,1.0,0.1,202854,
15059,463488,-6.5,0.0,75.76,25,0.12,0.64,0.1,202911,
15060,463488,8.4,1.0,94.74,18,0.0,0.5556,0.1,202911,
15061,463488,8.0,1.0,86.36,19,0.1579,0.5263,0.1,202911,
15062,463488,-1.4,0.0,88.89,8,0.25,0.25,0.1,202911,
15063,463488,7.0,1.0,88.89,24,0.125,0.4583,0.1,202911,
15064,463552,2.4,1.0,90.2,46,0.1739,0.3478,0.1,202968,
15065,463552,9.3,1.0,86.67,13,0.3077,0.5385,0.1,202968,
15066,463680,7.8,1.0,86.96,20,0.3,0.55,0.1,203085,
15067,463680,-8.8,0.0,94.12,48,0.0417,0.4792,0.1,203085,
15068,463680,3.1,1.0,95.65,44,0.1591,0.4318,0.1,203085,
15069,463680,-4.6,0.0,95.0,19,0.1053,0.3684,0.1,203085,
15070,463680,3.0,1.0,85.71,42,0.119,0.4762,0.1,203085,
15071,463744,7.8,1.0,95.45,21,0.1429,0.4762,0.1,203140,
15072,463744,8.3,1.0,80.95,17,0.0588,0.5294,0.1,203140,
15073,463744,8.3,1.0,90.0,18,0.1111,0.4444,0.1,203140,
15074,463808,9.6,1.0,92.31,12,0.1667,0.8333,0.1,203197,
15075,463808,6.9,1.0,79.31,23,0.2609,0.6087,0.1,203197,
15076,463808,-1.4,0.0,75.0,3,0.0,0.0,0.1,203197,
15077,463872,-1.7,0.0,66.67,4,0.5,0.5,0.1,203250,
15078,463872,10.4,1.0,88.89,8,0.125,0.5,0.1,203250,
15079,463872,9.7,1.0,84.62,11,0.0909,0.4545,0.1,203250,
15080,463872,7.5,1.0,91.67,22,0.0909,0.4545,0.1,203250,
15081,463936,10.4,1.0,88.89,8,0.125,0.5,0.1,203307,
15082,463936,2.5,1.0,88.24,45,0.0889,0.4444,0.1,203307,
15083,464000,10.4,1.0,88.89,8,0.25,0.75,0.1,203365,
15084,464000,8.6,1.0,94.44,17,0.1176,0.5882,0.1,203365,
15085,464000,9.2,1.0,81.25,13,0.1538,0.6154,0.1,203365,
15086,464064,-1.8,0.0,83.33,5,0.0,0.6,0.1,203423,
15087,464064,11.2,1.0,80.0,4,0.0,0.75,0.1,203423,
15088,464064,-5.0,0.0,95.45,21,0.0952,0.4762,0.1,203423,
15089,464128,8.2,1.0,95.0,19,0.2105,0.4737,0.1,203481,
15090,464128,-1.6,0.0,90.0,9,0.4444,0.5556,0.1,203481,
15091,464128,8.2,1.0,95.0,19,0.0526,0.3684,0.1,203481,
15092,464192,10.0,1.0,90.91,10,0.3,0.4,0.1,203537,
15093,464192,7.3,1.0,92.0,23,0.1739,0.6522,0.1,203537,
15094,464192,-8.9,0.0,96.08,49,0.0408,0.4286,0.1,203537,
15095,464192,9.8,1.0,91.67,11,0.0909,0.6364,0.1,203537,
15096,464256,-9.0,0.0,78.43,40,0.05,0.4,0.1,203592,
15097,464384,4.2,1.0,92.68,38,0.0789,0.4211,0.1,203711,
15098,464384,-1.3,0.0,50.0,2,0.5,0.5,0.1,203711,
15099,464384,-2.8,0.0,61.54,8,0.25,0.75,0.1,203711,
15100,464448,8.4,1.0,94.74,18,0.1111,0.6111,0.1,203767,
15101,464448,4.4,1.0,87.8,36,0.1111,0.5833,0.1,203767,
15102,464448,10.4,1.0,88.89,8,0.375,0.5,0.1,203767,
15103,464448,6.2,1.0,90.32,28,0.1429,0.5,0.1,203767,
15104,464512,7.7,1.0,91.3,21,0.1429,0.4286,0.1,203826,
15105,464512,8.2,1.0,95.0,19,0.1053,0.6316,0.1,203826,
15106,464576,-5.1,0.0,91.3,21,0.1429,0.2381,0.1,203885,
15107,464640,-4.8,0.0,88.89,24,0.0833,0.2917,0.1,203944,
15108,464704,-3.0,0.0,91.67,11,0.1818,0.3636,0.1,204004,
15109,464704,6.0,1.0,90.62,29,0.0345,0.5172,0.1,204004,
15110,464704,9.6,1.0,92.31,12,0.1667,0.5833,0.1,204004,
15111,464704,7.8,1.0,95.45,21,0.0476,0.5238,0.1,204004,
15112,464704,8.3,1.0,90.0,18,0.1111,0.5556,0.1,204004,
15113,464704,-8.7,0.0,92.16,47,0.1277,0.4468,0.1,204004,
15114,464768,-2.2,0.0,66.67,6,0.0,0.6667,0.1,204057,
15115,464768,6.5,1.0,93.1,27,0.1481,0.5926,0.1,204057,
15116,464768,-2.7,0.0,81.82,9,0.1111,0.4444,0.1,204057,
15117,464832,-6.4,0.0,86.11,31,0.0645,0.3871,0.1,204112,
15118,464832,-9.4,0.0,86.27,44,0.0,0.4773,0.1,204112,
15119,464832,9.0,1.0,93.75,15,0.2667,0.3333,0.1,204112,
15120,464896,-4.3,0.0,89.47,17,0.0588,0.4118,0.1,204166,
15121,464896,8.6,1.0,94.44,17,0.0588,0.3529,0.1,204166,
15122,464896,4.8,1.0,82.5,33,0.0606,0.5758,0.1,204166,
15123,464960,-9.4,0.0,86.27,44,0.0455,0.3864,0.1,204223,
15124,465024,-9.9,0.0,96.08,49,0.1429,0.2857,0.1,204281,
15125,465088,-5.2,0.0,80.0,20,0.2,0.5,0.1,204343,
15126,465088,9.5,1.0,85.71,12,0.25,0.6667,0.1,204343,
15127,465088,-8.4,0.0,86.27,44,0.0455,0.4545,0.1,204343,
15128,465088,9.1,1.0,87.5,14,0.2143,0.4286,0.1,204343,
15129,465088,4.8,1.0,87.18,34,0.0588,0.5,0.1,204343,
15130,465152,-8.5,0.0,88.24,45,0.1333,0.5111,0.1,204397,
15131,465152,-8.6,0.0,70.59,36,0.0556,0.4444,0.1,204397,
15132,465152,10.8,1.0,85.71,6,0.0,0.5,0.1,204397,
15133,465152,9.2,1.0,93.33,14,0.3571,0.7143,0.1,204397,
15134,465152,-6.3,0.0,86.67,26,0.0769,0.5385,0.1,204397,
15135,465216,5.7,1.0,93.94,31,0.0645,0.4194,0.1,204452,
15136,465280,-8.8,0.0,94.12,48,0.0625,0.4167,0.1,204510,
15137,465280,8.6,1.0,94.44,17,0.1176,0.4706,0.1,204510,
15138,465344,4.4,1.0,92.5,37,0.1892,0.4865,0.1,204567,
15139,465408,5.6,1.0,96.97,32,0.0938,0.4688,0.1,204628,
15140,465408,10.3,1.0,80.0,8,0.5,0.875,0.1,204628,
15141,465408,5.4,1.0,97.06,33,0.0909,0.4848,0.1,204628,
15142,465408,8.2,1.0,95.0,19,0.2105,0.4737,0.1,204628,
15143,465472,7.1,1.0,92.31,24,0.125,0.5,0.1,204681,
15144,465536,11.0,1.0,57.14,4,0.25,0.5,0.1,204739,
15145,465536,9.4,1.0,92.86,13,0.0,0.3846,0.1,204739,
15146,465536,-8.5,0.0,88.24,45,0.0222,0.5111,0.1,204739,
15147,465536,6.8,1.0,96.3,26,0.0769,0.5385,0.1,204739,
15148,465600,-8.1,0.0,80.39,41,0.0488,0.5122,0.1,204792,
15149,465600,10.0,1.0,90.91,10,0.0,0.6,0.1,204792,
15150,465600,-2.0,0.0,62.5,5,0.0,0.4,0.1,204792,
15151,465664,6.7,1.0,92.86,26,0.0385,0.4615,0.1,204847,
15152,465728,5.8,1.0,96.88,31,0.129,0.6129,0.1,204904,
15153,465728,5.9,1.0,93.75,30,0.2667,0.4667,0.1,204904,
15154,465728,10.5,1.0,77.78,7,0.0,0.7143,0.1,204904,
15155,465792,-2.3,0.0,85.71,12,0.0833,0.4167,0.1,204957,
15156,465792,8.2,1.0,95.0,19,0.1053,0.6316,0.1,204957,
15157,465792,-8.6,0.0,90.2,46,0.087,0.5217,0.1,204957,
15158,465792,8.1,1.0,90.48,19,0.1579,0.6316,0.1,204957,
15159,465792,11.4,1.0,75.0,3,0.3333,1.0,0.1,204957,
15160,465856,-4.8,0.0,75.86,22,0.2273,0.5455,0.1,205013,
15161,465856,-4.2,0.0,94.44,17,0.1765,0.4706,0.1,205013,
15162,465856,-2.0,0.0,85.71,6,0.3333,0.3333,0.1,205013,
15163,465856,-0.8,0.0,83.33,5,0.2,0.2,0.1,205013,
15164,465856,7.4,1.0,88.0,22,0.0909,0.5,0.1,205013,
15165,465920,-4.2,0.0,84.21,16,0.0625,0.5,0.1,205067,
15166,465920,9.1,1.0,76.47,13,0.0769,0.4615,0.1,205067,
15167,465984,9.6,1.0,92.31,12,0.0,0.5833,0.1,205123,
15168,465984,7.8,1.0,95.45,21,0.2381,0.381,0.1,205123,
15169,466048,11.2,1.0,80.0,4,0.25,0.75,0.1,205177,
15170,466048,-7.2,0.0,80.56,29,0.1034,0.4828,0.1,205177,
15171,466048,2.2,1.0,94.12,48,0.0417,0.4583,0.1,205177,
15172,466048,-0.4,0.0,75.0,3,0.3333,0.3333,0.1,205177,
15173,466112,-1.7,0.0,81.82,9,0.2222,0.3333,0.1,205233,
15174,466112,5.6,1.0,96.97,32,0.125,0.625,0.1,205233,
15175,466112,-2.5,0.0,63.64,7,0.1429,0.5714,0.1,205233,
15176,466176,10.2,1.0,90.0,9,0.0,0.6667,0.1,205290,
15177,466176,9.7,1.0,84.62,11,0.2727,0.6364,0.1,205290,
15178,466176,-4.1,0.0,91.3,21,0.0952,0.4762,0.1,205290,
15179,466176,6.7,1.0,92.86,26,0.1538,0.5385,0.1,205290,
15180,466240,6.6,1.0,96.43,27,0.1481,0.5556,0.1,205345,
15181,466240,5.3,1.0,94.29,33,0.0606,0.6667,0.1,205345,
15182,466240,7.0,1.0,82.14,23,0.087,0.6522,0.1,205345,
15183,466240,-2.2,0.0,87.5,7,0.4286,0.2857,0.1,205345,
15184,466432,10.2,1.0,90.0,9,0.0,0.5556,0.1,205523,
15185,466496,11.5,1.0,50.0,2,0.5,1.0,0.1,205582,
15186,466560,10.2,1.0,90.0,9,0.1111,0.6667,0.1,205637,
15187,466560,4.1,1.0,90.48,38,0.1316,0.5263,0.1,205637,
15188,466624,-2.4,0.0,88.89,8,0.25,0.5,0.1,205689,
15189,466624,9.8,1.0,91.67,11,0.2727,0.3636,0.1,205689,
15190,466624,10.4,1.0,88.89,8,0.375,0.625,0.1,205689,
15191,466624,-2.0,0.0,44.44,4,0.0,0.5,0.1,205689,
15192,466688,-8.5,0.0,81.4,35,0.0286,0.5429,0.1,205744,
15193,466688,2.5,1.0,92.0,46,0.1087,0.4565,0.1,205744,
15194,466688,-2.3,0.0,77.78,7,0.0,0.2857,0.1,205744,
15195,466752,-5.7,0.0,92.31,24,0.0417,0.5833,0.1,205800,
15196,466752,-4.1,0.0,88.89,16,0.125,0.375,0.1,205800,
15197,466752,9.0,1.0,93.75,15,0.0,0.6,0.1,205800,
15198,466752,8.5,1.0,89.47,17,0.1176,0.6471,0.1,205800,
15199,466752,-3.2,0.0,78.57,11,0.0909,0.1818,0.1,205800,
15200,466816,7.8,1.0,95.45,21,0.1429,0.619,0.1,205857,
15201,466816,7.6,1.0,87.5,21,0.0952,0.619,0.1,205857,
15202,466816,4.4,1.0,87.8,36,0.1944,0.5,0.1,205857,
15203,466816,-4.7,0.0,92.31,24,0.125,0.5,0.1,205857,
15204,466816,10.2,1.0,90.0,9,0.0,0.7778,0.1,205857,
15205,466880,9.6,1.0,92.31,12,0.0,0.5,0.1,205910,
15206,466880,7.1,1.0,85.19,23,0.0435,0.6087,0.1,205910,
15207,466944,8.1,1.0,81.82,18,0.0556,0.5556,0.1,205968,
15208,466944,-8.6,0.0,90.2,46,0.0435,0.3913,0.1,205968,
15209,467008,-2.9,0.0,83.33,10,0.1,0.2,0.1,206023,
15210,467072,5.8,1.0,90.91,30,0.0667,0.3667,0.1,206081,
15211,467072,11.2,1.0,80.0,4,0.0,0.75,0.1,206081,
15212,467072,7.8,1.0,95.45,21,0.1905,0.5238,0.1,206081,
15213,467072,10.3,1.0,80.0,8,0.0,0.5,0.1,206081,
15214,467072,5.6,1.0,85.71,30,0.0667,0.5667,0.1,206081,
15215,467136,-4.6,0.0,85.71,18,0.0,0.5,0.1,206135,
15216,467136,10.6,1.0,87.5,7,0.1429,0.5714,0.1,206135,
15217,467136,10.6,1.0,87.5,7,0.2857,0.7143,0.1,206135,
15218,467136,4.4,1.0,79.07,34,0.0882,0.5588,0.1,206135,
15219,467200,10.2,1.0,90.0,9,0.4444,0.7778,0.1,206191,
15220,467264,10.8,1.0,85.71,6,0.0,0.6667,0.1,206246,
15221,467264,11.0,1.0,83.33,5,0.0,0.6,0.1,206246,
15222,467264,5.3,1.0,94.29,33,0.0303,0.5152,0.1,206246,
15223,467264,8.2,1.0,95.0,19,0.1053,0.6842,0.1,206246,
15224,467328,9.8,1.0,91.67,11,0.0909,0.4545,0.1,206300,
15225,467328,-8.7,0.0,92.16,47,0.0638,0.4255,0.1,206300,
15226,467328,10.2,1.0,90.0,9,0.0,0.5556,0.1,206300,
15227,467328,-5.9,0.0,92.59,25,0.12,0.44,0.1,206300,
15228,467392,-2.5,0.0,80.0,8,0.0,0.5,0.1,206356,
15229,467392,11.4,1.0,75.0,3,0.0,0.6667,0.1,206356,
15230,467392,5.9,1.0,87.88,29,0.2414,0.4483,0.1,206356,
15231,467456,11.0,1.0,83.33,5,0.0,0.8,0.1,206413,
15232,467520,7.9,1.0,90.91,20,0.3,0.65,0.1,206472,
15233,467584,7.0,1.0,96.15,25,0.24,0.48,0.1,206529,
15234,467584,4.6,1.0,92.31,36,0.1389,0.5,0.1,206529,
15235,467584,4.8,1.0,92.11,35,0.0571,0.4286,0.1,206529,
15236,467648,3.9,1.0,82.22,37,0.1351,0.5676,0.1,206587,
15237,467648,-2.2,0.0,87.5,7,0.1429,0.1429,0.1,206587,
15238,467648,-5.7,0.0,78.57,22,0.1364,0.6364,0.1,206587,
15239,467648,7.7,1.0,91.3,21,0.2381,0.5238,0.1,206587,
15240,467648,-8.6,0.0,90.2,46,0.1087,0.4565,0.1,206587,
15241,467712,-8.7,0.0,92.16,47,0.1277,0.3404,0.1,206642,
15242,467776,-3.5,0.0,86.67,13,0.0769,0.3846,0.1,206701,
15243,467776,-8.7,0.0,92.16,47,0.0851,0.4043,0.1,206701,
15244,467776,-1.9,0.0,71.43,5,0.0,0.0,0.1,206701,
15245,467840,6.0,1.0,90.62,29,0.2069,0.6207,0.1,206756,
15246,467840,3.9,1.0,90.7,39,0.1026,0.4872,0.1,206756,
15247,467904,10.3,1.0,80.0,8,0.125,0.625,0.1,206811,
15248,467904,7.1,1.0,92.31,24,0.125,0.625,0.1,206811,
15249,467968,-4.0,0.0,83.33,15,0.2,0.3333,0.1,206867,
15250,467968,-7.6,0.0,70.59,36,0.0278,0.5833,0.1,206867,
15251,467968,-8.1,0.0,80.39,41,0.0,0.5366,0.1,206867,
15252,467968,8.0,1.0,78.26,18,0.1111,0.7778,0.1,206867,
15253,467968,-3.3,0.0,85.71,12,0.0833,0.25,0.1,206867,
15254,468032,-8.7,0.0,92.16,47,0.1915,0.4468,0.1,206920,
15255,468096,-8.6,0.0,90.2,46,0.1087,0.3696,0.1,206983,
15256,468160,6.3,1.0,87.1,27,0.037,0.4074,0.1,207040,
15257,468160,7.7,1.0,83.33,20,0.1,0.35,0.1,207040,
15258,468160,-9.2,0.0,82.35,42,0.0476,0.4286,0.1,207040,
15259,468160,-4.3,0.0,91.67,22,0.0,0.3636,0.1,207040,
15260,468224,7.4,1.0,95.83,23,0.0435,0.5217,0.1,207097,
15261,468224,9.0,1.0,82.35,14,0.1429,0.4286,0.1,207097,
15262,468224,9.8,1.0,76.92,10,0.1,0.5,0.1,207097,
15263,468224,10.5,1.0,77.78,7,0.0,0.8571,0.1,207097,
15264,468224,-7.4,0.0,87.8,36,0.1111,0.3333,0.1,207097,
15265,468224,11.1,1.0,66.67,4,0.0,0.5,0.1,207097,
15266,468352,11.0,1.0,83.33,5,0.4,1.0,0.1,207207,
15267,468352,-2.5,0.0,80.0,8,0.0,0.375,0.1,207207,
15268,468352,7.4,1.0,88.0,22,0.1818,0.4545,0.1,207207,
15269,468352,9.1,1.0,87.5,14,0.2143,0.6429,0.1,207207,
15270,468416,7.2,1.0,88.46,23,0.087,0.6087,0.1,207261,
15271,468416,8.7,1.0,88.89,16,0.125,0.375,0.1,207261,
15272,468416,-2.9,0.0,83.33,10,0.0,0.5,0.1,207261,
15273,468416,-7.5,0.0,88.89,32,0.1875,0.4688,0.1,207261,
15274,468480,-8.4,0.0,86.27,44,0.0682,0.3864,0.1,207315,
15275,468544,8.4,1.0,85.0,17,0.0588,0.5882,0.1,207374,
15276,468544,3.9,1.0,95.24,40,0.125,0.525,0.1,207374,
15277,468544,8.6,1.0,94.44,17,0.1176,0.5294,0.1,207374,
15278,468608,11.0,1.0,83.33,5,0.4,0.8,0.1,207433,
15279,468800,9.5,1.0,85.71,12,0.0,0.5833,0.1,207615,
15280,468800,10.8,1.0,85.71,6,0.0,0.8333,0.1,207615,
15281,468800,8.6,1.0,94.44,17,0.0,0.7059,0.1,207615,
15282,468800,-9.2,0.0,80.85,38,0.1053,0.3947,0.1,207615,
15283,468864,-5.9,0.0,85.71,24,0.0833,0.4167,0.1,207668,
15284,468864,6.7,1.0,92.86,26,0.0769,0.6154,0.1,207668,
15285,468928,10.2,1.0,72.73,8,0.0,0.625,0.1,207725,
15286,468992,7.0,1.0,96.15,25,0.04,0.52,0.1,207780,
15287,468992,9.8,1.0,76.92,10,0.1,0.7,0.1,207780,
15288,468992,6.0,1.0,90.62,29,0.1379,0.5172,0.1,207780,
15289,468992,10.6,1.0,87.5,7,0.2857,0.4286,0.1,207780,
15290,469056,6.1,1.0,87.5,28,0.0714,0.5714,0.1,207834,
15291,469120,-9.2,0.0,82.35,42,0.1429,0.5,0.1,207893,
15292,469120,-3.4,0.0,92.86,13,0.1538,0.4615,0.1,207893,
15293,469184,6.2,1.0,96.67,29,0.069,0.5862,0.1,207948,
15294,469184,8.4,1.0,76.19,16,0.0,0.5625,0.1,207948,
15295,469184,-1.6,0.0,90.0,9,0.2222,0.4444,0.1,207948,
15296,469184,9.0,1.0,93.75,15,0.0667,0.5333,0.1,207948,
15297,469184,8.4,1.0,94.74,18,0.2778,0.6111,0.1,207948,
15298,469184,7.0,1.0,96.15,25,0.12,0.48,0.1,207948,
15299,469248,8.0,1.0,95.24,20,0.2,0.5,0.1,208000,
15300,469248,-8.6,0.0,90.2,46,0.1087,0.5435,0.1,208000,
15301,469248,5.8,1.0,90.91,30,0.1667,0.6333,0.1,208000,
15302,469248,6.4,1.0,96.55,28,0.1071,0.4286,0.1,208000,
15303,469312,10.6,1.0,87.5,7,0.0,0.7143,0.1,208054,
15304,469376,11.6,1.0,66.67,2,0.0,1.0,0.1,208110,
15305,469376,-1.8,0.0,83.33,5,0.2,0.0,0.1,208110,
15306,469376,4.1,1.0,90.48,38,0.1579,0.5,0.1,208110,
15307,469376,8.2,1.0,95.0,19,0.1053,0.6842,0.1,208110,
15308,469440,-8.2,0.0,82.35,42,0.1429,0.4286,0.1,208168,
15309,469440,8.0,1.0,78.26,18,0.1667,0.6667,0.1,208168,
15310,469440,5.1,1.0,89.19,33,0.1212,0.4545,0.1,208168,
15311,469504,4.1,1.0,95.12,39,0.1282,0.4872,0.1,208225,
15312,469504,-9.8,0.0,94.12,48,0.0833,0.4375,0.1,208225,
15313,469504,9.0,1.0,82.35,14,0.0714,0.5714,0.1,208225,
15314,469568,5.2,1.0,97.14,34,0.0882,0.5588,0.1,208282,
15315,469568,6.2,1.0,96.67,29,0.069,0.5172,0.1,208282,
15316,469632,8.1,1.0,81.82,18,0.1111,0.6667,0.1,208338,
15317,469632,7.3,1.0,84.62,22,0.1364,0.4091,0.1,208338,
15318,469632,11.0,1.0,83.33,5,0.6,0.8,0.1,208338,
15319,469632,8.3,1.0,90.0,18,0.1111,0.5,0.1,208338,
15320,469696,4.5,1.0,76.74,33,0.0303,0.4848,0.1,208394,
15321,469696,-6.8,0.0,90.62,29,0.0345,0.5172,0.1,208394,
15322,469696,6.3,1.0,93.33,28,0.0714,0.5,0.1,208394,
15323,469760,3.2,1.0,93.48,43,0.093,0.4419,0.1,208449,
15324,469760,6.6,1.0,77.42,24,0.1667,0.625,0.1,208449,
15325,469760,5.2,1.0,91.67,33,0.0909,0.6364,0.1,208449,
15326,469760,9.2,1.0,93.33,14,0.2143,0.3571,0.1,208449,
15327,469824,-5.2,0.0,95.65,22,0.2273,0.3636,0.1,208500,
15328,469888,7.4,1.0,95.83,23,0.087,0.5217,0.1,208560,
15329,469888,6.5,1.0,93.1,27,0.1852,0.4444,0.1,208560,
15330,469952,2.5,1.0,92.0,46,0.0652,0.5652,0.1,208616,
15331,469952,7.9,1.0,90.91,20,0.1,0.5,0.1,208616,
15332,470080,-9.5,0.0,88.24,45,0.0889,0.5111,0.1,208733,
15333,470080,-1.9,0.0,71.43,5,0.0,0.6,0.1,208733,
15334,470144,11.2,1.0,80.0,4,0.25,1.0,0.1,208787,
15335,470144,4.5,1.0,90.0,36,0.1111,0.5556,0.1,208787,
15336,470144,-1.4,0.0,75.0,3,0.0,0.3333,0.1,208787,
15337,470144,10.3,1.0,80.0,8,0.0,0.375,0.1,208787,
15338,470208,10.2,1.0,90.0,9,0.3333,0.3333,0.1,208842,
15339,470208,10.2,1.0,90.0,9,0.1111,0.3333,0.1,208842,
15340,470272,9.4,1.0,92.86,13,0.0769,0.6154,0.1,208897,
15341,470272,5.8,1.0,90.91,30,0.0333,0.7,0.1,208897,
15342,470336,7.3,1.0,77.78,21,0.1905,0.5238,0.1,208958,
15343,470336,11.0,1.0,83.33,5,0.2,0.4,0.1,208958,
15344,470336,-4.8,0.0,95.24,20,0.15,0.25,0.1,208958,
15345,470336,10.5,1.0,77.78,7,0.0,1.0,0.1,208958,
15346,470464,-5.2,0.0,80.0,20,0.1,0.35,0.1,209070,
15347,470464,9.2,1.0,81.25,13,0.0769,0.6923,0.1,209070,
15348,470464,7.6,1.0,80.0,20,0.2,0.7,0.1,209070,
15349,470464,4.3,1.0,85.71,36,0.0833,0.5833,0.1,209070,
15350,470464,-8.7,0.0,92.16,47,0.1064,0.5532,0.1,209070,
15351,470528,8.2,1.0,95.0,19,0.0526,0.5789,0.1,209129,
15352,470656,-7.2,0.0,85.71,30,0.1667,0.3667,0.1,209247,
15353,470656,10.6,1.0,87.5,7,0.2857,0.5714,0.1,209247,
15354,470656,-2.0,0.0,62.5,5,0.2,0.6,0.1,209247,
15355,470656,8.5,1.0,80.0,16,0.0625,0.4375,0.1,209247,
15356,470784,-9.2,0.0,90.0,45,0.0667,0.4889,0.1,209362,
15357,470784,6.6,1.0,89.66,26,0.1154,0.4615,0.1,209362,
15358,470784,-5.4,0.0,88.0,22,0.1364,0.3636,0.1,209362,
15359,470784,-0.6,0.0,80.0,4,0.5,0.25,0.1,209362,
15360,470784,7.6,1.0,87.5,21,0.1905,0.381,0.1,209362,
15361,470848,-9.2,0.0,82.35,42,0.0714,0.5,0.1,209417,
15362,470912,4.6,1.0,78.57,33,0.0909,0.3939,0.1,209475,
15363,470912,7.9,1.0,82.61,19,0.1579,0.5789,0.1,209475,
15364,470912,6.0,1.0,84.85,28,0.1429,0.4286,0.1,209475,
15365,470976,6.1,1.0,93.55,29,0.2069,0.4828,0.1,209533,
15366,471040,4.3,1.0,90.24,37,0.1081,0.5676,0.1,209591,
15367,471104,7.8,1.0,95.45,21,0.2381,0.4762,0.1,209650,
15368,471104,4.4,1.0,92.5,37,0.1081,0.6216,0.1,209650,
15369,471104,6.2,1.0,96.67,29,0.0345,0.5172,0.1,209650,
15370,471104,6.5,1.0,93.1,27,0.1111,0.5556,0.1,209650,
15371,471104,2.8,1.0,89.8,44,0.0909,0.5455,0.1,209650,
15372,471104,8.0,1.0,95.24,20,0.1,0.5,0.1,209650,
15373,471168,7.6,1.0,95.65,22,0.0455,0.4545,0.1,209702,
15374,471232,7.2,1.0,96.0,24,0.1667,0.5833,0.1,209759,
15375,471232,9.8,1.0,91.67,11,0.0909,0.4545,0.1,209759,
15376,471232,-6.3,0.0,75.0,24,0.125,0.3333,0.1,209759,
15377,471232,-2.7,0.0,87.5,14,0.0,0.3571,0.1,209759,
15378,471232,5.5,1.0,94.12,32,0.0625,0.6562,0.1,209759,
15379,471296,10.2,1.0,90.0,9,0.0,0.7778,0.1,209809,
15380,471360,11.0,1.0,57.14,4,0.25,0.75,0.1,209866,
15381,471360,-6.5,0.0,93.33,28,0.0357,0.4286,0.1,209866,
15382,471360,8.3,1.0,90.0,18,0.0556,0.5,0.1,209866,
15383,471424,4.2,1.0,92.68,38,0.1053,0.5263,0.1,209923,
15384,471424,-4.3,0.0,80.0,16,0.0,0.4375,0.1,209923,
15385,471424,10.6,1.0,87.5,7,0.4286,0.8571,0.1,209923,
15386,471424,-9.2,0.0,82.35,42,0.0952,0.5476,0.1,209923,
15387,471424,7.8,1.0,86.96,20,0.2,0.55,0.1,209923,
15388,471488,-8.5,0.0,88.24,45,0.0,0.4889,0.1,209976,
15389,471488,6.4,1.0,83.87,26,0.0769,0.5,0.1,209976,
15390,471552,4.6,1.0,87.5,35,0.1143,0.5143,0.1,210032,
15391,471552,5.2,1.0,97.14,34,0.2059,0.4412,0.1,210032,
15392,471616,9.3,1.0,86.67,13,0.2308,0.5385,0.1,210090,
15393,471616,6.2,1.0,90.32,28,0.1786,0.6786,0.1,210090,
15394,471616,8.9,1.0,88.24,15,0.0,0.8,0.1,210090,
15395,471616,9.6,1.0,92.31,12,0.25,0.75,0.1,210090,
15396,471680,8.3,1.0,80.95,17,0.0588,0.5882,0.1,210146,
15397,471680,-8.1,0.0,80.39,41,0.0732,0.561,0.1,210146,
15398,471680,6.9,1.0,85.71,24,0.0417,0.5417,0.1,210146,
15399,471744,9.4,1.0,92.86,13,0.0769,0.7692,0.1,210203,
15400,471744,7.6,1.0,95.65,22,0.1364,0.6818,0.1,210203,
15401,471744,-3.8,0.0,82.35,14,0.0,0.4286,0.1,210203,
15402,471872,7.7,1.0,83.33,20,0.05,0.6,0.1,210314,
15403,471872,4.4,1.0,97.44,38,0.0526,0.3947,0.1,210314,
15404,471936,8.6,1.0,94.44,17,0.0,0.2353,0.1,210374,
15405,472000,4.4,1.0,97.44,38,0.1842,0.3684,0.1,210434,
15406,472000,-3.4,0.0,92.86,13,0.0,0.4615,0.1,210434,
15407,472000,5.7,1.0,82.86,29,0.069,0.4138,0.1,210434,
15408,472064,10.0,1.0,90.91,10,0.3,0.6,0.1,210489,
15409,472128,-4.4,0.0,94.74,18,0.1667,0.3333,0.1,210543,
15410,472128,-3.5,0.0,75.0,12,0.0,0.5,0.1,210543,
15411,472128,9.9,1.0,83.33,10,0.2,0.8,0.1,210543,
15412,472192,4.5,1.0,94.87,37,0.1351,0.4595,0.1,210597,
15413,472256,11.2,1.0,80.0,4,0.25,0.5,0.1,210658,
15414,472256,6.2,1.0,96.67,29,0.2414,0.5517,0.1,210658,
15415,472256,9.0,1.0,93.75,15,0.2,0.4667,0.1,210658,
15416,472320,-3.4,0.0,68.75,11,0.0909,0.2727,0.1,210713,
15417,472384,9.8,1.0,91.67,11,0.0909,0.5455,0.1,210770,
15418,472384,-8.2,0.0,82.35,42,0.1667,0.5,0.1,210770,
15419,472384,8.6,1.0,94.44,17,0.0,0.5294,0.1,210770,
15420,472384,-8.7,0.0,92.16,47,0.0851,0.4681,0.1,210770,
15421,472384,11.5,1.0,50.0,2,0.0,1.0,0.1,210770,
15422,472448,-8.1,0.0,80.39,41,0.1463,0.4878,0.1,210826,
15423,472448,-8.6,0.0,90.2,46,0.1087,0.5652,0.1,210826,
15424,472448,-2.8,0.0,90.91,10,0.1,0.6,0.1,210826,
15425,472448,-3.2,0.0,84.21,16,0.0625,0.625,0.1,210826,
15426,472512,-7.0,0.0,80.0,28,0.1429,0.5,0.1,210876,
15427,472512,8.8,1.0,94.12,16,0.125,0.4375,0.1,210876,
15428,472512,8.8,1.0,94.12,16,0.1875,0.625,0.1,210876,
15429,472576,-2.3,0.0,77.78,7,0.1429,0.1429,0.1,210933,
15430,472576,-8.4,0.0,89.13,41,0.122,0.5122,0.1,210933,
15431,472576,10.8,1.0,85.71,6,0.0,0.5,0.1,210933,
15432,472576,10.8,1.0,85.71,6,0.3333,0.5,0.1,210933,
15433,472576,8.3,1.0,80.95,17,0.0,0.6471,0.1,210933,
15434,472640,-8.9,0.0,96.08,49,0.102,0.5102,0.1,210987,
15435,472768,9.0,1.0,93.75,15,0.2,0.6667,0.1,211105,
15436,472768,-5.4,0.0,80.77,21,0.0,0.6667,0.1,211105,
15437,472832,5.1,1.0,89.19,33,0.1212,0.4848,0.1,211159,
15438,472896,-4.3,0.0,80.0,16,0.1875,0.3125,0.1,211218,
15439,472896,11.1,1.0,66.67,4,0.25,0.5,0.1,211218,
15440,472896,8.6,1.0,84.21,16,0.4375,0.625,0.1,211218,
15441,472960,7.7,1.0,91.3,21,0.1429,0.5714,0.1,211268,
15442,473024,7.7,1.0,91.3,21,0.2857,0.381,0.1,211327,
15443,473024,10.8,1.0,85.71,6,0.3333,0.8333,0.1,211327,
15444,473024,-8.7,0.0,92.16,47,0.0426,0.4681,0.1,211327,
15445,473024,5.4,1.0,91.43,32,0.1562,0.5625,0.1,211327,
15446,473088,11.4,1.0,75.0,3,0.0,0.6667,0.1,211382,
15447,473088,8.1,1.0,90.48,19,0.0526,0.5789,0.1,211382,
15448,473152,-2.0,0.0,91.67,11,0.0,0.4545,0.1,211438,
15449,473152,7.2,1.0,88.46,23,0.1304,0.3913,0.1,211438,
15450,473216,3.8,1.0,93.02,40,0.1,0.375,0.1,211494,
15451,473280,9.0,1.0,93.75,15,0.1333,0.4667,0.1,211552,
15452,473280,-6.2,0.0,91.18,31,0.129,0.3548,0.1,211552,
15453,473344,-9.3,0.0,84.31,43,0.1395,0.4419,0.1,211603,
15454,473344,6.4,1.0,83.87,26,0.0769,0.4615,0.1,211603,
15455,473408,9.0,1.0,93.75,15,0.4,0.4,0.1,211662,
15456,473408,9.7,1.0,84.62,11,0.1818,1.0,0.1,211662,
15457,473408,-8.4,0.0,86.27,44,0.1364,0.3636,0.1,211662,
15458,473408,-2.0,0.0,62.5,5,0.2,0.6,0.1,211662,
15459,473472,2.5,1.0,88.24,45,0.0444,0.5556,0.1,211719,
15460,473472,7.7,1.0,76.0,19,0.1053,0.6842,0.1,211719,
15461,473536,10.8,1.0,85.71,6,0.0,0.6667,0.1,211774,
15462,473600,9.0,1.0,93.75,15,0.1333,0.5333,0.1,211833,
15463,473600,10.4,1.0,88.89,8,0.125,0.75,0.1,211833,
15464,473600,8.9,1.0,88.24,15,0.0667,0.4667,0.1,211833,
15465,473600,-9.5,0.0,88.24,45,0.0667,0.3778,0.1,211833,
15466,473664,-0.6,0.0,80.0,4,0.5,0.5,0.1,211890,
15467,473664,4.0,1.0,92.86,39,0.1282,0.5897,0.1,211890,
15468,473728,7.2,1.0,88.46,23,0.087,0.4783,0.1,211950,
15469,473728,8.6,1.0,94.44,17,0.0,0.6471,0.1,211950,
15470,473728,-8.7,0.0,72.55,37,0.027,0.3784,0.1,211950,
15471,473792,9.7,1.0,84.62,11,0.1818,0.5455,0.1,212004,
15472,473792,10.6,1.0,87.5,7,0.0,0.7143,0.1,212004,
15473,473792,11.0,1.0,83.33,5,0.2,1.0,0.1,212004,
15474,473792,2.7,1.0,91.84,45,0.1111,0.5333,0.1,212004,
15475,473856,3.7,1.0,90.91,40,0.1,0.525,0.1,212060,
15476,473856,8.8,1.0,94.12,16,0.0,0.5,0.1,212060,
15477,473856,11.6,1.0,66.67,2,0.5,1.0,0.1,212060,
15478,473856,-5.5,0.0,92.0,23,0.1739,0.4783,0.1,212060,
15479,473856,10.2,1.0,90.0,9,0.0,0.5556,0.1,212060,
15480,473920,7.7,1.0,91.3,21,0.0952,0.2857,0.1,212113,
15481,473920,-2.1,0.0,75.0,6,0.1667,0.0,0.1,212113,
15482,473920,11.6,1.0,66.67,2,0.5,1.0,0.1,212113,
15483,473920,5.5,1.0,88.57,31,0.1935,0.4839,0.1,212113,
15484,473920,-3.5,0.0,90.0,18,0.1111,0.2778,0.1,212113,
15485,474048,-8.5,0.0,88.24,45,0.1111,0.5333,0.1,212225,
15486,474048,4.1,1.0,95.12,39,0.0513,0.5128,0.1,212225,
15487,474048,-9.0,0.0,98.04,50,0.12,0.4,0.1,212225,
15488,474112,6.4,1.0,90.0,27,0.1852,0.5926,0.1,212283,
15489,474112,6.6,1.0,89.66,26,0.1154,0.5769,0.1,212283,
15490,474112,-5.1,0.0,83.33,20,0.0,0.6,0.1,212283,
15491,474176,-1.8,0.0,75.0,9,0.1111,0.3333,0.1,212339,
15492,474176,8.8,1.0,83.33,15,0.0667,0.6667,0.1,212339,
15493,474176,4.3,1.0,95.0,38,0.1053,0.4737,0.1,212339,
15494,474176,10.6,1.0,66.67,6,0.0,0.6667,0.1,212339,
15495,474176,4.7,1.0,72.09,31,0.1613,0.6452,0.1,212339,
15496,474176,6.6,1.0,96.43,27,0.037,0.5185,0.1,212339,
15497,474240,6.8,1.0,89.29,25,0.04,0.64,0.1,212392,
15498,474304,-1.9,0.0,71.43,5,0.0,0.4,0.1,212449,
15499,474368,-8.2,0.0,82.35,42,0.119,0.5,0.1,212508,
15500,474368,-8.4,0.0,86.27,44,0.0455,0.3409,0.1,212508,
15501,474368,11.6,1.0,66.67,2,0.5,1.0,0.1,212508,
15502,474368,6.3,1.0,93.33,28,0.1071,0.5,0.1,212508,
15503,474432,8.2,1.0,95.0,19,0.1579,0.6842,0.1,212562,
15504,474432,-4.4,0.0,76.19,16,0.0625,0.5625,0.1,212562,
15505,474432,-8.9,0.0,76.47,39,0.1026,0.4103,0.1,212562,
15506,474496,-2.5,0.0,80.0,8,0.25,0.375,0.1,212620,
15507,474496,-8.3,0.0,84.31,43,0.1163,0.5581,0.1,212620,
15508,474496,-2.6,0.0,72.73,8,0.125,0.125,0.1,212620,
15509,474560,5.4,1.0,97.06,33,0.1515,0.5455,0.1,212677,
15510,474560,3.2,1.0,89.36,42,0.119,0.5238,0.1,212677,
15511,474560,10.3,1.0,80.0,8,0.25,0.375,0.1,212677,
15512,474560,10.3,1.0,80.0,8,0.375,0.75,0.1,212677,
15513,474560,-1.6,0.0,90.0,9,0.1111,0.4444,0.1,212677,
15514,474560,-9.5,0.0,91.3,42,0.1429,0.4762,0.1,212677,
15515,474560,-3.1,0.0,84.62,11,0.0909,0.5455,0.1,212677,
15516,474624,11.4,1.0,75.0,3,0.0,1.0,0.1,212729,
15517,474688,-8.8,0.0,94.12,48,0.0833,0.5417,0.1,212788,
15518,474816,7.5,1.0,91.67,22,0.0455,0.5455,0.1,212903,
15519,474816,9.2,1.0,93.33,14,0.0,0.6429,0.1,212903,
15520,474944,7.8,1.0,79.17,19,0.1579,0.6316,0.1,213021,
15521,474944,-1.9,0.0,83.33,10,0.1,0.5,0.1,213021,
15522,474944,-8.6,0.0,90.2,46,0.0652,0.5652,0.1,213021,
15523,474944,-0.8,0.0,83.33,5,0.0,0.4,0.1,213021,
15524,475008,5.8,1.0,90.91,30,0.2,0.3667,0.1,213075,
15525,475008,6.1,1.0,93.55,29,0.0,0.5172,0.1,213075,
15526,475072,5.8,1.0,96.88,31,0.0323,0.4194,0.1,213132,
15527,475072,6.4,1.0,90.0,27,0.0,0.7037,0.1,213132,
15528,475136,-3.4,0.0,80.0,12,0.0833,0.5833,0.1,213190,
15529,475136,-8.3,0.0,84.31,43,0.1163,0.5116,0.1,213190,
15530,475200,-1.8,0.0,90.91,10,0.0,0.5,0.1,213247,
15531,475200,-1.4,0.0,75.0,3,0.0,0.3333,0.1,213247,
15532,475264,-8.5,0.0,88.24,45,0.1778,0.5556,0.1,213304,
15533,475264,4.1,1.0,86.05,37,0.1351,0.5946,0.1,213304,
15534,475264,7.6,1.0,95.65,22,0.1818,0.6364,0.1,213304,
15535,475264,8.6,1.0,94.44,17,0.1176,0.6471,0.1,213304,
15536,475264,-8.7,0.0,92.16,47,0.0213,0.383,0.1,213304,
15537,475392,-0.6,0.0,50.0,3,0.3333,0.3333,0.1,213416,
15538,475392,9.0,1.0,93.75,15,0.0667,0.4,0.1,213416,
15539,475392,-2.8,0.0,75.0,9,0.1111,0.6667,0.1,213416,
15540,475392,-4.2,0.0,87.5,21,0.0952,0.3333,0.1,213416,
15541,475456,3.2,1.0,85.42,41,0.1463,0.6585,0.1,213471,
15542,475456,8.7,1.0,88.89,16,0.125,0.5625,0.1,213471,
15543,475520,11.0,1.0,83.33,5,0.0,1.0,0.1,213529,
15544,475520,8.8,1.0,94.12,16,0.0625,0.375,0.1,213529,
15545,475584,-8.6,0.0,90.2,46,0.1304,0.6087,0.1,213588,
15546,475584,-5.6,0.0,75.0,21,0.1429,0.381,0.1,213588,
15547,475648,6.7,1.0,92.86,26,0.2692,0.5385,0.1,213644,
15548,475648,11.6,1.0,66.67,2,0.5,1.0,0.1,213644,
15549,475648,5.9,1.0,93.75,30,0.1,0.4333,0.1,213644,
15550,475712,-9.6,0.0,90.2,46,0.0652,0.413,0.1,213701,
15551,475712,9.5,1.0,85.71,12,0.1667,0.5833,0.1,213701,
15552,475712,-3.9,0.0,77.78,14,0.1429,0.5714,0.1,213701,
15553,475776,8.4,1.0,94.74,18,0.1111,0.6111,0.1,213757,
15554,475776,5.6,1.0,91.18,31,0.0968,0.6452,0.1,213757,
15555,475840,10.1,1.0,81.82,9,0.1111,0.4444,0.1,213815,
15556,475904,10.2,1.0,90.0,9,0.0,0.4444,0.1,213874,
15557,475904,9.3,1.0,86.67,13,0.0769,0.6154,0.1,213874,
15558,475904,-1.8,0.0,90.91,10,0.2,0.4,0.1,213874,
15559,475904,11.6,1.0,66.67,2,0.0,1.0,0.1,213874,
15560,475968,5.9,1.0,93.75,30,0.0667,0.3667,0.1,213930,
15561,475968,7.4,1.0,88.0,22,0.0909,0.5909,0.1,213930,
15562,475968,6.7,1.0,92.86,26,0.1154,0.3846,0.1,213930,
15563,475968,-8.1,0.0,89.74,35,0.1714,0.4857,0.1,213930,
15564,475968,-5.1,0.0,86.21,25,0.04,0.48,0.1,213930,
15565,475968,6.4,1.0,90.0,27,0.0741,0.4815,0.1,213930,
15566,475968,4.5,1.0,94.87,37,0.1351,0.5946,0.1,213930,
15567,476032,-8.9,0.0,96.08,49,0.1429,0.4694,0.1,213982,
15568,476032,6.1,1.0,93.55,29,0.1379,0.5517,0.1,213982,
15569,476160,-8.5,0.0,88.24,45,0.0889,0.4222,0.1,214101,
15570,476160,6.3,1.0,87.1,27,0.0741,0.5556,0.1,214101,
15571,476224,9.6,1.0,92.31,12,0.25,0.5833,0.1,214156,
15572,476224,6.9,1.0,92.59,25,0.08,0.48,0.1,214156,
15573,476224,5.7,1.0,88.24,30,0.2333,0.5333,0.1,214156,
15574,476288,6.9,1.0,92.59,25,0.2,0.48,0.1,214213,
15575,476288,8.0,1.0,95.24,20,0.1,0.45,0.1,214213,
15576,476288,-6.9,0.0,82.35,28,0.1071,0.3571,0.1,214213,
15577,476352,6.3,1.0,93.33,28,0.0357,0.5714,0.1,214267,
15578,476416,6.9,1.0,92.59,25,0.04,0.52,0.1,214329,
15579,476416,6.6,1.0,89.66,26,0.1923,0.5769,0.1,214329,
15580,476480,10.6,1.0,87.5,7,0.0,0.7143,0.1,214391,
15581,476608,-3.8,0.0,86.36,19,0.2105,0.3684,0.1,214509,
15582,476608,-9.2,0.0,82.35,42,0.119,0.4524,0.1,214509,
15583,476672,9.6,1.0,92.31,12,0.0833,0.4167,0.1,214567,
15584,476672,7.8,1.0,95.45,21,0.1429,0.5238,0.1,214567,
15585,476736,10.8,1.0,85.71,6,0.1667,0.6667,0.1,214624,
15586,476736,-1.0,0.0,85.71,6,0.3333,0.3333,0.1,214624,
15587,476736,8.7,1.0,78.95,15,0.0667,0.4667,0.1,214624,
15588,476736,9.1,1.0,87.5,14,0.0714,0.3571,0.1,214624,
15589,476736,5.6,1.0,91.18,31,0.1613,0.4839,0.1,214624,
15590,476736,-3.0,0.0,94.12,16,0.1875,0.5,0.1,214624,
15591,476800,9.6,1.0,92.31,12,0.25,0.5833,0.1,214679,
15592,476800,-2.3,0.0,77.78,7,0.1429,0.5714,0.1,214679,
15593,476800,7.5,1.0,91.67,22,0.0909,0.5909,0.1,214679,
15594,476800,-2.2,0.0,87.5,7,0.1429,0.2857,0.1,214679,
15595,476800,-8.5,0.0,88.24,45,0.1111,0.3333,0.1,214679,
15596,476864,-8.2,0.0,82.35,42,0.0952,0.5,0.1,214732,
15597,476864,4.9,1.0,94.59,35,0.0571,0.6571,0.1,214732,
15598,476928,9.2,1.0,93.33,14,0.2143,0.7857,0.1,214792,
15599,476928,-8.4,0.0,86.27,44,0.0909,0.4545,0.1,214792,
15600,476928,4.0,1.0,92.86,39,0.0769,0.3333,0.1,214792,
15601,476992,-8.9,0.0,96.08,49,0.1224,0.4694,0.1,214849,
15602,476992,10.4,1.0,88.89,8,0.5,0.5,0.1,214849,
15603,477056,3.5,1.0,91.11,41,0.0732,0.3659,0.1,214901,
15604,477056,-8.3,0.0,84.31,43,0.1395,0.4884,0.1,214901,
15605,477120,6.7,1.0,86.21,25,0.12,0.52,0.1,214956,
15606,477120,4.1,1.0,90.48,38,0.0789,0.5263,0.1,214956,
15607,477120,-1.3,0.0,50.0,2,0.0,0.5,0.1,214956,
15608,477120,-0.8,0.0,83.33,5,0.0,0.4,0.1,214956,
15609,477184,5.2,1.0,86.49,32,0.0,0.5312,0.1,215014,
15610,477184,2.5,1.0,88.24,45,0.1111,0.4889,0.1,215014,
15611,477184,7.4,1.0,88.0,22,0.0455,0.6364,0.1,215014,
15612,477248,8.0,1.0,95.24,20,0.25,0.35,0.1,215074,
15613,477312,4.9,1.0,94.59,35,0.1429,0.5143,0.1,215130,
15614,477376,8.0,1.0,86.36,19,0.1579,0.5789,0.1,215186,
15615,477504,9.8,1.0,91.67,11,0.0,0.6364,0.1,215306,
15616,477504,9.6,1.0,92.31,12,0.25,0.75,0.1,215306,
15617,477504,7.1,1.0,85.19,23,0.087,0.6087,0.1,215306,
15618,477504,9.8,1.0,91.67,11,0.0,0.6364,0.1,215306,
15619,477504,-4.2,0.0,75.0,15,0.0667,0.4,0.1,215306,
15620,477504,-1.8,0.0,83.33,5,0.2,0.4,0.1,215306,
15621,477568,-3.4,0.0,80.0,12,0.0833,0.5,0.1,215361,
15622,477568,3.2,1.0,78.0,39,0.0769,0.5385,0.1,215361,
15623,477632,9.0,1.0,93.75,15,0.2667,0.5333,0.1,215420,
15624,477632,-2.2,0.0,87.5,7,0.0,0.2857,0.1,215420,
15625,477632,9.4,1.0,92.86,13,0.2308,0.3846,0.1,215420,
15626,477696,7.0,1.0,88.89,24,0.0833,0.5,0.1,215479,
15627,477696,10.4,1.0,88.89,8,0.125,0.625,0.1,215479,
15628,477696,7.1,1.0,92.31,24,0.0833,0.4167,0.1,215479,
15629,477696,10.8,1.0,85.71,6,0.1667,1.0,0.1,215479,
15630,477760,-3.3,0.0,73.33,11,0.0,0.2727,0.1,215533,
15631,477824,5.8,1.0,80.0,28,0.2143,0.5357,0.1,215594,
15632,477824,-8.7,0.0,92.16,47,0.1064,0.3617,0.1,215594,
15633,477888,9.0,1.0,93.75,15,0.0667,0.2667,0.1,215653,
15634,477888,5.4,1.0,91.43,32,0.0938,0.4062,0.1,215653,
15635,477888,8.8,1.0,94.12,16,0.0,0.4375,0.1,215653,
15636,477952,5.9,1.0,93.75,30,0.0667,0.4667,0.1,215711,
15637,478016,8.8,1.0,94.12,16,0.1875,0.5,0.1,215769,
15638,478080,9.2,1.0,81.25,13,0.3846,0.7692,0.1,215829,
15639,478080,8.6,1.0,94.44,17,0.0,0.4706,0.1,215829,
15640,478144,-6.6,0.0,90.32,28,0.1429,0.3929,0.1,215887,
15641,478208,7.8,1.0,95.45,21,0.2381,0.5238,0.1,215944,
15642,478208,10.8,1.0,85.71,6,0.5,0.8333,0.1,215944,
15643,478272,9.8,1.0,91.67,11,0.0,0.4545,0.1,216002,
15644,478272,-9.0,0.0,98.04,50,0.08,0.38,0.1,216002,
15645,478272,7.6,1.0,87.5,21,0.0952,0.5714,0.1,216002,
15646,478336,-8.6,0.0,90.2,46,0.1304,0.4565,0.1,216057,
15647,478336,-9.9,0.0,96.08,49,0.0816,0.2857,0.1,216057,
15648,478336,-4.6,0.0,95.0,19,0.2105,0.4211,0.1,216057,
15649,478400,6.2,1.0,96.67,29,0.1034,0.4828,0.1,216117,
15650,478400,-7.3,0.0,94.12,32,0.0,0.5,0.1,216117,
15651,478400,8.3,1.0,90.0,18,0.0556,0.6667,0.1,216117,
15652,478464,3.7,1.0,95.35,41,0.0488,0.6341,0.1,216175,
15653,478464,7.6,1.0,87.5,21,0.0476,0.7143,0.1,216175,
15654,478528,6.4,1.0,96.55,28,0.1429,0.4643,0.1,216234,
15655,478528,10.0,1.0,90.91,10,0.2,0.5,0.1,216234,
15656,478528,2.6,1.0,93.88,46,0.1304,0.587,0.1,216234,
15657,478528,-8.4,0.0,92.5,37,0.1081,0.4054,0.1,216234,
15658,478528,-8.6,0.0,90.2,46,0.1087,0.413,0.1,216234,
15659,478592,4.7,1.0,94.74,36,0.1944,0.5,0.1,216289,
15660,478592,6.7,1.0,86.21,25,0.08,0.36,0.1,216289,
15661,478656,-8.3,0.0,84.31,43,0.093,0.5116,0.1,216346,
15662,478656,-9.5,0.0,88.24,45,0.1556,0.4,0.1,216346,
15663,478720,-4.3,0.0,89.47,17,0.0588,0.4118,0.1,216406,
15664,478720,-9.4,0.0,86.27,44,0.0455,0.5455,0.1,216406,
15665,478784,8.5,1.0,89.47,17,0.1176,0.4706,0.1,216465,
15666,478784,6.2,1.0,90.32,28,0.1071,0.5357,0.1,216465,
15667,478784,-8.4,0.0,86.27,44,0.0909,0.3864,0.1,216465,
15668,478912,2.5,1.0,95.92,47,0.1064,0.5532,0.1,216583,
15669,478912,9.2,1.0,93.33,14,0.2857,0.5,0.1,216583,
15670,478912,-8.7,0.0,92.16,47,0.0638,0.383,0.1,216583,
15671,478912,8.3,1.0,90.0,18,0.3333,0.5556,0.1,216583,
15672,478976,8.0,1.0,95.24,20,0.1,0.55,0.1,216642,
15673,478976,9.5,1.0,85.71,12,0.25,0.5,0.1,216642,
15674,478976,-3.8,0.0,82.35,14,0.2143,0.3571,0.1,216642,
15675,478976,6.2,1.0,90.32,28,0.2143,0.4286,0.1,216642,
15676,479040,6.9,1.0,92.59,25,0.08,0.52,0.1,216697,
15677,479040,10.8,1.0,85.71,6,0.0,0.8333,0.1,216697,
15678,479104,10.4,1.0,88.89,8,0.125,0.625,0.1,216757,
15679,479104,7.3,1.0,92.0,23,0.087,0.4783,0.1,216757,
15680,479104,7.8,1.0,95.45,21,0.0,0.5238,0.1,216757,
15681,479168,-8.6,0.0,90.2,46,0.087,0.4783,0.1,216816,
15682,479168,-1.9,0.0,71.43,5,0.2,0.2,0.1,216816,
15683,479168,10.0,1.0,90.91,10,0.0,0.6,0.1,216816,
15684,479168,-9.7,0.0,92.16,47,0.1702,0.4255,0.1,216816,
15685,479168,-2.6,0.0,93.33,14,0.2857,0.5,0.1,216816,
15686,479168,-2.9,0.0,83.33,10,0.1,0.2,0.1,216816,
15687,479232,9.0,1.0,93.75,15,0.1333,0.6,0.1,216872,
15688,479232,-4.7,0.0,92.31,24,0.125,0.5833,0.1,216872,
15689,479232,5.2,1.0,97.14,34,0.1176,0.5588,0.1,216872,
15690,479232,-8.5,0.0,88.24,45,0.1778,0.4,0.1,216872,
15691,479296,-1.6,0.0,80.0,4,0.25,0.5,0.1,216928,
15692,479296,-9.1,0.0,80.39,41,0.0244,0.5122,0.1,216928,
15693,479296,11.0,1.0,83.33,5,0.4,0.8,0.1,216928,
15694,479360,5.8,1.0,85.29,29,0.069,0.5862,0.1,216988,
15695,479424,8.8,1.0,94.12,16,0.125,0.5,0.1,217046,
15696,479424,7.0,1.0,88.89,24,0.25,0.6667,0.1,217046,
15697,479424,8.3,1.0,90.0,18,0.1111,0.6667,0.1,217046,
15698,479424,7.8,1.0,79.17,19,0.2632,0.4737,0.1,217046,
15699,479488,5.1,1.0,94.44,34,0.1765,0.5882,0.1,217103,
15700,479488,-5.1,0.0,92.86,26,0.0769,0.4615,0.1,217103,
15701,479552,-1.8,0.0,83.33,5,0.2,0.0,0.1,217163,
15702,479552,9.1,1.0,87.5,14,0.0714,0.5714,0.1,217163,
15703,479552,2.7,1.0,91.84,45,0.0667,0.4444,0.1,217163,
15704,479616,-4.3,0.0,89.47,17,0.1176,0.2941,0.1,217222,
15705,479616,-8.6,0.0,90.2,46,0.1087,0.6087,0.1,217222,
15706,479616,8.2,1.0,95.0,19,0.0526,0.5263,0.1,217222,
15707,479616,7.4,1.0,88.0,22,0.3182,0.4545,0.1,217222,
15708,479616,10.2,1.0,90.0,9,0.0,0.6667,0.1,217222,
15709,479680,-2.2,0.0,87.5,7,0.0,0.2857,0.1,217279,
15710,479744,-2.2,0.0,87.5,7,0.0,0.5714,0.1,217335,
15711,479808,7.6,1.0,87.5,21,0.1429,0.4762,0.1,217395,
15712,479808,10.2,1.0,90.0,9,0.0,0.6667,0.1,217395,
15713,479808,9.8,1.0,91.67,11,0.0909,0.3636,0.1,217395,
15714,479872,-3.4,0.0,80.0,12,0.0,0.25,0.1,217449,
15715,479872,-4.4,0.0,94.74,18,0.1111,0.4444,0.1,217449,
15716,480000,4.8,1.0,97.3,36,0.0833,0.4722,0.1,217568,
15717,480000,11.0,1.0,83.33,5,0.4,0.8,0.1,217568,
15718,480064,-9.2,0.0,82.35,42,0.1667,0.4762,0.1,217624,
15719,480064,8.9,1.0,88.24,15,0.4,0.4,0.1,217624,
15720,480064,11.0,1.0,83.33,5,0.0,0.8,0.1,217624,
15721,480128,-2.8,0.0,90.91,10,0.3,0.5,0.1,217682,
15722,480192,-4.5,0.0,72.73,16,0.0,0.4375,0.1,217741,
15723,480192,10.8,1.0,85.71,6,0.1667,0.5,0.1,217741,
15724,480256,8.6,1.0,94.44,17,0.1176,0.5294,0.1,217797,
15725,480256,10.0,1.0,90.91,10,0.0,0.5,0.1,217797,
15726,480256,7.2,1.0,88.46,23,0.1304,0.4348,0.1,217797,
15727,480256,4.8,1.0,97.3,36,0.0833,0.4722,0.1,217797,
15728,480256,-3.6,0.0,93.33,14,0.0714,0.2857,0.1,217797,
15729,480320,9.4,1.0,92.86,13,0.0769,0.6154,0.1,217853,
15730,480320,6.7,1.0,92.86,26,0.1154,0.4231,0.1,217853,
15731,480384,8.7,1.0,88.89,16,0.0625,0.4375,0.1,217909,
15732,480384,8.2,1.0,95.0,19,0.0526,0.4737,0.1,217909,
15733,480384,-7.5,0.0,85.71,36,0.1389,0.3611,0.1,217909,
15734,480384,6.7,1.0,86.21,25,0.24,0.48,0.1,217909,
15735,480448,4.2,1.0,92.68,38,0.1053,0.3947,0.1,217964,
15736,480448,-9.8,0.0,94.12,48,0.1042,0.3958,0.1,217964,
15737,480448,8.5,1.0,89.47,17,0.1765,0.5294,0.1,217964,
15738,480448,6.5,1.0,86.67,26,0.1538,0.5385,0.1,217964,
15739,480576,10.6,1.0,87.5,7,0.0,0.8571,0.1,218082,
15740,480576,10.4,1.0,88.89,8,0.0,0.625,0.1,218082,
15741,480576,7.9,1.0,90.91,20,0.1,0.45,0.1,218082,
15742,480640,-9.6,0.0,90.2,46,0.0435,0.4348,0.1,218141,
15743,480704,6.5,1.0,86.67,26,0.0769,0.4231,0.1,218202,
15744,480704,8.9,1.0,88.24,15,0.1333,0.4667,0.1,218202,
15745,480704,-1.3,0.0,50.0,2,0.0,0.5,0.1,218202,
15746,480768,-8.5,0.0,88.24,45,0.1333,0.4222,0.1,218262,
15747,480768,-7.1,0.0,93.94,31,0.0323,0.3226,0.1,218262,
15748,480768,-8.8,0.0,94.12,48,0.0625,0.4167,0.1,218262,
15749,480768,-8.7,0.0,92.16,47,0.0638,0.4043,0.1,218262,
15750,480832,4.6,1.0,87.5,35,0.0857,0.4286,0.1,218319,
15751,480896,11.4,1.0,75.0,3,0.3333,1.0,0.1,218381,
15752,480896,10.2,1.0,90.0,9,0.2222,0.7778,0.1,218381,
15753,480960,5.8,1.0,96.88,31,0.0323,0.6452,0.1,218437,
15754,480960,10.4,1.0,88.89,8,0.125,0.75,0.1,218437,
15755,480960,-5.6,0.0,88.46,23,0.087,0.4348,0.1,218437,
15756,481024,-8.2,0.0,84.78,39,0.0769,0.5128,0.1,218496,
15757,481024,4.1,1.0,90.48,38,0.0789,0.4211,0.1,218496,
15758,481024,7.8,1.0,95.45,21,0.2381,0.4286,0.1,218496,
15759,481024,11.4,1.0,75.0,3,0.3333,0.6667,0.1,218496,
15760,481088,9.6,1.0,92.31,12,0.0833,0.5,0.1,218555,
15761,481088,11.0,1.0,83.33,5,0.2,1.0,0.1,218555,
15762,481152,6.0,1.0,96.77,30,0.1333,0.4667,0.1,218612,
15763,481216,9.4,1.0,80.0,12,0.0833,0.75,0.1,218669,
15764,481216,-4.5,0.0,92.0,23,0.0,0.5217,0.1,218669,
15765,481216,3.4,1.0,97.73,43,0.0465,0.5349,0.1,218669,
15766,481280,8.5,1.0,89.47,17,0.2941,0.5294,0.1,218730,
15767,481344,4.2,1.0,92.68,38,0.0789,0.4474,0.1,218791,
15768,481344,-1.6,0.0,80.0,4,0.0,0.25,0.1,218791,
15769,481472,11.4,1.0,75.0,3,0.3333,1.0,0.1,218908,
15770,481472,8.9,1.0,88.24,15,0.2667,0.3333,0.1,218908,
15771,481472,7.8,1.0,95.45,21,0.1905,0.5714,0.1,218908,
15772,481472,9.0,1.0,93.75,15,0.1333,0.6,0.1,218908,
15773,481472,-6.3,0.0,86.67,26,0.1154,0.2308,0.1,218908,
15774,481536,-8.4,0.0,86.27,44,0.0682,0.4091,0.1,218961,
15775,481536,4.2,1.0,92.68,38,0.0789,0.6053,0.1,218961,
15776,481536,-2.4,0.0,88.89,8,0.375,0.625,0.1,218961,
15777,481536,6.9,1.0,92.59,25,0.0,0.56,0.1,218961,
15778,481536,4.5,1.0,94.87,37,0.1351,0.4865,0.1,218961,
15779,481536,6.2,1.0,90.32,28,0.0714,0.4643,0.1,218961,
15780,481536,10.6,1.0,87.5,7,0.1429,0.8571,0.1,218961,
15781,481536,9.2,1.0,93.33,14,0.0714,0.6429,0.1,218961,
15782,481536,-5.7,0.0,87.5,28,0.0357,0.3214,0.1,218961,
15783,481600,8.4,1.0,94.74,18,0.1111,0.6667,0.1,219012,
15784,481600,8.2,1.0,95.0,19,0.1579,0.4737,0.1,219012,
15785,481728,-8.7,0.0,86.05,37,0.0811,0.4054,0.1,219128,
15786,481728,4.5,1.0,94.87,37,0.1351,0.5135,0.1,219128,
15787,481728,-9.5,0.0,88.24,45,0.0667,0.4444,0.1,219128,
15788,481728,10.0,1.0,90.91,10,0.4,0.8,0.1,219128,
15789,481728,11.0,1.0,83.33,5,0.2,1.0,0.1,219128,
15790,481792,-3.6,0.0,81.25,13,0.0769,0.5385,0.1,219184,
15791,481856,6.0,1.0,90.62,29,0.069,0.4828,0.1,219243,
15792,481856,-1.6,0.0,80.0,4,0.5,0.25,0.1,219243,
15793,481856,6.0,1.0,90.62,29,0.2414,0.5172,0.1,219243,
15794,481984,2.3,1.0,96.0,48,0.125,0.4167,0.1,219361,
15795,482048,6.2,1.0,96.67,29,0.1379,0.5172,0.1,219421,
15796,482112,5.3,1.0,94.29,33,0.0606,0.3939,0.1,219482,
15797,482112,10.3,1.0,80.0,8,0.25,0.625,0.1,219482,
15798,482176,10.8,1.0,85.71,6,0.0,0.8333,0.1,219541,
15799,482176,10.3,1.0,80.0,8,0.125,0.625,0.1,219541,
15800,482176,8.0,1.0,86.36,19,0.1579,0.5789,0.1,219541,
15801,482240,10.3,1.0,80.0,8,0.125,0.625,0.1,219600,
15802,482240,10.0,1.0,90.91,10,0.2,0.3,0.1,219600,
15803,482304,8.6,1.0,94.44,17,0.1176,0.5882,0.1,219660,
15804,482304,-2.4,0.0,88.89,8,0.125,0.5,0.1,219660,
15805,482304,8.0,1.0,95.24,20,0.1,0.5,0.1,219660,
15806,482368,-8.5,0.0,88.24,45,0.1111,0.4444,0.1,219718,
15807,482368,6.3,1.0,93.33,28,0.0714,0.3929,0.1,219718,
15808,482432,2.1,1.0,96.08,49,0.1224,0.551,0.1,219778,
15809,482496,5.5,1.0,94.12,32,0.1562,0.6562,0.1,219835,
15810,482496,-1.6,0.0,80.0,4,0.25,0.25,0.1,219835,
15811,482496,8.0,1.0,86.36,19,0.1053,0.5263,0.1,219835,
15812,482496,2.9,1.0,91.67,44,0.0682,0.4545,0.1,219835,
15813,482560,-9.2,0.0,82.35,42,0.0238,0.381,0.1,219890,
15814,482560,-3.8,0.0,93.75,15,0.0,0.3333,0.1,219890,
15815,482560,9.6,1.0,92.31,12,0.0833,0.5833,0.1,219890,
15816,482560,3.1,1.0,95.65,44,0.2045,0.5682,0.1,219890,
15817,482560,2.6,1.0,93.88,46,0.1087,0.4783,0.1,219890,
15818,482560,6.2,1.0,90.32,28,0.25,0.6429,0.1,219890,
15819,482624,-6.4,0.0,90.0,27,0.1481,0.2963,0.1,219946,
15820,482624,4.3,1.0,90.24,37,0.1892,0.5676,0.1,219946,
15821,482624,8.8,1.0,94.12,16,0.1875,0.5,0.1,219946,
15822,482624,-8.8,0.0,94.12,48,0.0625,0.4583,0.1,219946,
15823,482688,10.5,1.0,77.78,7,0.1429,0.4286,0.1,220000,
15824,482688,8.2,1.0,85.71,18,0.0556,0.6667,0.1,220000,
15825,482752,-8.8,0.0,94.12,48,0.0833,0.6042,0.1,220057,
15826,482752,8.4,1.0,94.74,18,0.2778,0.6111,0.1,220057,
15827,482752,-2.1,0.0,71.43,10,0.1,0.5,0.1,220057,
15828,482816,9.8,1.0,91.67,11,0.0,0.5455,0.1,220117,
15829,482816,-5.4,0.0,88.0,22,0.0909,0.3636,0.1,220117,
15830,482880,5.0,1.0,86.84,33,0.2424,0.3333,0.1,220174,
15831,482880,8.2,1.0,95.0,19,0.1579,0.4737,0.1,220174,
15832,482880,6.7,1.0,92.86,26,0.2692,0.7308,0.1,220174,
15833,482944,-7.3,0.0,90.0,36,0.1111,0.4722,0.1,220230,
15834,482944,3.8,1.0,93.02,40,0.1,0.525,0.1,220230,
15835,482944,-1.9,0.0,83.33,10,0.1,0.4,0.1,220230,
15836,483008,11.6,1.0,66.67,2,0.5,1.0,0.1,220290,
15837,483008,-1.8,0.0,57.14,4,0.0,0.25,0.1,220290,
15838,483008,8.8,1.0,83.33,15,0.2,0.6,0.1,220290,
15839,483008,11.0,1.0,83.33,5,0.4,0.8,0.1,220290,
15840,483136,5.9,1.0,87.88,29,0.1379,0.5172,0.1,220405,
15841,483136,-9.7,0.0,92.16,47,0.0851,0.617,0.1,220405,
15842,483200,11.6,1.0,66.67,2,0.0,1.0,0.1,220463,
15843,483200,7.9,1.0,90.91,20,0.0,0.5,0.1,220463,
15844,483264,3.1,1.0,91.49,43,0.0698,0.5116,0.1,220522,
15845,483264,10.2,1.0,90.0,9,0.1111,0.5556,0.1,220522,
15846,483328,4.5,1.0,90.0,36,0.1111,0.4167,0.1,220579,
15847,483392,4.0,1.0,92.86,39,0.1026,0.641,0.1,220636,
15848,483392,9.6,1.0,92.31,12,0.3333,0.5833,0.1,220636,
15849,483392,5.6,1.0,96.97,32,0.0,0.5,0.1,220636,
15850,483392,10.2,1.0,90.0,9,0.1111,0.6667,0.1,220636,
15851,483456,-8.6,0.0,90.2,46,0.0652,0.4783,0.1,220693,
15852,483456,-2.2,0.0,92.31,12,0.0833,0.1667,0.1,220693,
15853,483456,4.3,1.0,90.24,37,0.1081,0.4324,0.1,220693,
15854,483520,7.1,1.0,92.31,24,0.0,0.625,0.1,220752,
15855,483520,7.8,1.0,95.45,21,0.1429,0.4286,0.1,220752,
15856,483520,-9.5,0.0,88.24,45,0.0222,0.3778,0.1,220752,
15857,483520,9.1,1.0,87.5,14,0.1429,0.6429,0.1,220752,
15858,483584,9.0,1.0,93.75,15,0.0667,0.6667,0.1,220809,
15859,483584,-2.8,0.0,90.91,10,0.3,0.4,0.1,220809,
15860,483648,6.3,1.0,93.33,28,0.1071,0.5714,0.1,220869,
15861,483648,11.4,1.0,75.0,3,0.0,1.0,0.1,220869,
15862,483712,10.7,1.0,75.0,6,0.1667,0.6667,0.1,220926,
15863,483712,9.8,1.0,91.67,11,0.0,0.3636,0.1,220926,
15864,483776,5.1,1.0,94.44,34,0.1471,0.2647,0.1,220983,
15865,483776,-5.1,0.0,91.3,21,0.0952,0.4762,0.1,220983,
15866,483840,2.1,1.0,96.08,49,0.1224,0.5306,0.1,221043,
15867,483840,-1.7,0.0,66.67,4,0.25,0.5,0.1,221043,
15868,483904,-4.0,0.0,94.12,16,0.1875,0.4375,0.1,221102,
15869,483904,8.0,1.0,95.24,20,0.15,0.45,0.1,221102,
15870,483968,9.2,1.0,93.33,14,0.0714,0.5714,0.1,221158,
15871,484032,7.4,1.0,95.83,23,0.2609,0.6957,0.1,221213,
15872,484032,4.5,1.0,90.0,36,0.0833,0.5556,0.1,221213,
15873,484032,7.4,1.0,80.77,21,0.0952,0.5714,0.1,221213,
15874,484096,3.7,1.0,86.67,39,0.1026,0.4872,0.1,221270,
15875,484096,-5.1,0.0,83.33,20,0.1,0.35,0.1,221270,
15876,484096,-2.5,0.0,80.0,8,0.125,0.375,0.1,221270,
15877,484096,7.8,1.0,95.45,21,0.0476,0.619,0.1,221270,
15878,484096,10.8,1.0,85.71,6,0.1667,0.5,0.1,221270,
15879,484160,4.1,1.0,95.12,39,0.1026,0.4615,0.1,221328,
15880,484160,3.8,1.0,97.62,41,0.0732,0.5854,0.1,221328,
15881,484160,-8.8,0.0,94.12,48,0.1458,0.6042,0.1,221328,
15882,484160,-9.5,0.0,88.24,45,0.0889,0.4667,0.1,221328,
15883,484160,8.3,1.0,90.0,18,0.2222,0.5,0.1,221328,
15884,484160,5.4,1.0,76.32,29,0.069,0.4828,0.1,221328,
15885,484224,6.3,1.0,93.33,28,0.0714,0.5357,0.1,221383,
15886,484224,10.0,1.0,90.91,10,0.1,0.7,0.1,221383,
15887,484224,-8.5,0.0,88.24,45,0.0667,0.5333,0.1,221383,
15888,484288,6.0,1.0,84.85,28,0.1429,0.4286,0.1,221441,
15889,484288,7.9,1.0,90.91,20,0.3,0.55,0.1,221441,
15890,484352,-6.2,0.0,89.66,26,0.0769,0.5,0.1,221501,
15891,484480,11.0,1.0,83.33,5,0.2,0.6,0.1,221618,
15892,484544,8.7,1.0,88.89,16,0.1875,0.625,0.1,221677,
15893,484544,-2.9,0.0,83.33,10,0.0,0.2,0.1,221677,
15894,484544,2.9,1.0,95.74,45,0.1333,0.3778,0.1,221677,
15895,484544,5.7,1.0,88.24,30,0.1667,0.4667,0.1,221677,
15896,484672,5.1,1.0,84.21,32,0.0938,0.4062,0.1,221793,
15897,484736,2.5,1.0,88.24,45,0.1333,0.4222,0.1,221853,
15898,484800,2.5,1.0,88.24,45,0.1111,0.6,0.1,221914,
15899,484800,5.8,1.0,90.91,30,0.1333,0.5333,0.1,221914,
15900,484800,-4.9,0.0,85.71,24,0.125,0.2917,0.1,221914,
15901,484864,7.0,1.0,96.15,25,0.16,0.56,0.1,221970,
15902,484864,10.2,1.0,90.0,9,0.1111,0.3333,0.1,221970,
15903,484864,-5.5,0.0,92.0,23,0.0435,0.3913,0.1,221970,
15904,484928,9.6,1.0,92.31,12,0.0,0.75,0.1,222028,
15905,484928,5.0,1.0,91.89,34,0.0882,0.5,0.1,222028,
15906,484928,11.6,1.0,66.67,2,0.0,1.0,0.1,222028,
15907,484992,9.4,1.0,92.86,13,0.0769,0.6154,0.1,222087,
15908,484992,7.9,1.0,90.91,20,0.05,0.4,0.1,222087,
15909,484992,8.2,1.0,85.71,18,0.0556,0.5,0.1,222087,
15910,484992,7.4,1.0,95.83,23,0.087,0.6087,0.1,222087,
15911,484992,8.8,1.0,94.12,16,0.1875,0.4375,0.1,222087,
15912,485056,3.7,1.0,95.35,41,0.0488,0.4146,0.1,222143,
15913,485056,10.6,1.0,87.5,7,0.4286,0.5714,0.1,222143,
15914,485056,3.4,1.0,97.73,43,0.0465,0.4186,0.1,222143,
15915,485120,9.2,1.0,93.33,14,0.0,0.6429,0.1,222199,
15916,485120,4.9,1.0,94.59,35,0.0571,0.4571,0.1,222199,
15917,485184,7.2,1.0,88.46,23,0.1304,0.5217,0.1,222257,
15918,485184,-1.5,0.0,60.0,3,0.3333,0.0,0.1,222257,
15919,485248,-1.4,0.0,75.0,3,0.0,0.3333,0.1,222315,
15920,485248,8.7,1.0,88.89,16,0.1875,0.8125,0.1,222315,
15921,485248,-8.8,0.0,94.12,48,0.1042,0.4167,0.1,222315,
15922,485376,-3.4,0.0,94.74,18,0.1111,0.3889,0.1,222433,
15923,485440,7.2,1.0,96.0,24,0.2083,0.5417,0.1,222494,
15924,485440,9.4,1.0,92.86,13,0.1538,0.3077,0.1,222494,
15925,485440,3.0,1.0,97.83,45,0.0444,0.4889,0.1,222494,
15926,485568,7.7,1.0,91.3,21,0.0,0.6667,0.1,222611,
15927,485568,4.9,1.0,89.47,34,0.0882,0.5,0.1,222611,
15928,485632,11.0,1.0,83.33,5,0.2,0.4,0.1,222669,
15929,485696,10.0,1.0,90.91,10,0.4,0.5,0.1,222731,
15930,485696,-8.7,0.0,92.16,47,0.1277,0.2979,0.1,222731,
15931,485696,7.4,1.0,95.83,23,0.087,0.6957,0.1,222731,
15932,485696,4.6,1.0,97.37,37,0.1622,0.5135,0.1,222731,
15933,485760,10.6,1.0,87.5,7,0.1429,0.4286,0.1,222787,
15934,485760,8.4,1.0,85.0,17,0.2941,0.4118,0.1,222787,
15935,485760,10.2,1.0,90.0,9,0.2222,0.3333,0.1,222787,
15936,485760,-7.9,0.0,94.59,35,0.2,0.4,0.1,222787,
15937,485888,7.5,1.0,91.67,22,0.1364,0.5455,0.1,222903,
15938,485888,6.9,1.0,92.59,25,0.08,0.48,0.1,222903,
15939,485888,8.8,1.0,94.12,16,0.0625,0.375,0.1,222903,
15940,485888,-9.6,0.0,90.2,46,0.0652,0.3696,0.1,222903,
15941,485888,-4.6,0.0,85.71,18,0.0556,0.5556,0.1,222903,
15942,485888,6.1,1.0,93.55,29,0.0345,0.4828,0.1,222903,
15943,485888,9.4,1.0,92.86,13,0.0769,0.4615,0.1,222903,
15944,485888,10.8,1.0,85.71,6,0.0,0.8333,0.1,222903,
15945,485952,4.4,1.0,87.8,36,0.0833,0.5278,0.1,222956,
15946,486016,-8.2,0.0,92.31,36,0.0833,0.4444,0.1,223013,
15947,486016,-9.9,0.0,91.67,44,0.0909,0.4091,0.1,223013,
15948,486016,-8.5,0.0,88.24,45,0.1333,0.5111,0.1,223013,
15949,486080,5.9,1.0,93.75,30,0.0333,0.5667,0.1,223072,
15950,486080,8.7,1.0,88.89,16,0.125,0.5625,0.1,223072,
15951,486208,-9.6,0.0,90.2,46,0.1739,0.413,0.1,223188,
15952,486208,6.3,1.0,93.33,28,0.1071,0.5714,0.1,223188,
15953,486272,8.3,1.0,90.0,18,0.0556,0.6667,0.1,223248,
15954,486272,8.7,1.0,88.89,16,0.1875,0.75,0.1,223248,
15955,486272,-8.8,0.0,94.12,48,0.1458,0.5,0.1,223248,
15956,486272,5.7,1.0,93.94,31,0.0645,0.6774,0.1,223248,
15957,486272,8.5,1.0,89.47,17,0.1176,0.5294,0.1,223248,
15958,486336,4.2,1.0,92.68,38,0.1316,0.3684,0.1,223307,
15959,486336,5.8,1.0,90.91,30,0.1333,0.4333,0.1,223307,
15960,486336,11.2,1.0,80.0,4,0.25,0.5,0.1,223307,
15961,486400,-2.6,0.0,90.0,9,0.3333,0.2222,0.1,223365,
15962,486400,-8.4,0.0,86.27,44,0.0909,0.3864,0.1,223365,
15963,486464,9.6,1.0,78.57,11,0.1818,0.3636,0.1,223423,
15964,486464,4.8,1.0,92.11,35,0.0857,0.4857,0.1,223423,
15965,486464,6.7,1.0,92.86,26,0.1923,0.6538,0.1,223423,
15966,486464,4.5,1.0,85.37,35,0.1714,0.4571,0.1,223423,
15967,486528,9.8,1.0,91.67,11,0.3636,0.7273,0.1,223479,
15968,486592,9.7,1.0,84.62,11,0.0909,0.8182,0.1,223539,
15969,486592,11.2,1.0,80.0,4,0.0,0.75,0.1,223539,
15970,486656,-8.7,0.0,92.16,47,0.0426,0.4681,0.1,223596,
15971,486656,10.4,1.0,88.89,8,0.0,0.75,0.1,223596,
15972,486720,7.2,1.0,88.46,23,0.0435,0.4783,0.1,223657,
15973,486720,-2.7,0.0,87.5,14,0.1429,0.2857,0.1,223657,
15974,486720,-1.9,0.0,71.43,5,0.0,0.4,0.1,223657,
15975,486784,8.9,1.0,88.24,15,0.1333,0.6,0.1,223712,
15976,486784,-8.8,0.0,74.51,38,0.1053,0.3158,0.1,223712,
15977,486784,-10.2,0.0,90.0,45,0.1333,0.4222,0.1,223712,
15978,486848,9.9,1.0,83.33,10,0.2,0.5,0.1,223766,
15979,486848,10.6,1.0,87.5,7,0.1429,0.5714,0.1,223766,
15980,486912,9.1,1.0,87.5,14,0.1429,0.7143,0.1,223826,
15981,486912,5.8,1.0,96.88,31,0.2258,0.4516,0.1,223826,
15982,486912,8.3,1.0,90.0,18,0.1667,0.6111,0.1,223826,
15983,486912,2.4,1.0,94.0,47,0.1277,0.5532,0.1,223826,
15984,486976,6.0,1.0,90.62,29,0.069,0.4138,0.1,223884,
15985,486976,3.6,1.0,93.18,41,0.0732,0.5854,0.1,223884,
15986,486976,10.4,1.0,88.89,8,0.375,0.625,0.1,223884,
15987,486976,11.0,1.0,83.33,5,0.2,0.4,0.1,223884,
15988,487040,-9.4,0.0,86.27,44,0.1364,0.6136,0.1,223941,
15989,487040,2.8,1.0,93.75,45,0.0444,0.5556,0.1,223941,
15990,487104,8.5,1.0,89.47,17,0.2353,0.4706,0.1,223999,
15991,487104,6.6,1.0,89.66,26,0.1923,0.6538,0.1,223999,
15992,487104,5.3,1.0,94.29,33,0.0909,0.5758,0.1,223999,
15993,487168,4.9,1.0,94.59,35,0.1143,0.4857,0.1,224058,
15994,487232,-0.4,0.0,75.0,3,0.3333,0.3333,0.1,224114,
15995,487232,6.7,1.0,92.86,26,0.1154,0.5769,0.1,224114,
15996,487296,-4.0,0.0,95.45,21,0.1905,0.4762,0.1,224171,
15997,487296,-9.3,0.0,84.31,43,0.0465,0.4186,0.1,224171,
15998,487296,-7.6,0.0,91.67,33,0.0606,0.4545,0.1,224171,
15999,487360,-1.8,0.0,83.33,5,0.6,0.4,0.1,224230,
16000,487360,10.2,1.0,90.0,9,0.2222,0.7778,0.1,224230,
16001,487360,8.0,1.0,95.24,20,0.05,0.4,0.1,224230,
16002,487488,9.8,1.0,91.67,11,0.1818,0.5455,0.1,224346,
16003,487488,-8.7,0.0,92.16,47,0.1277,0.4468,0.1,224346,
16004,487552,-8.6,0.0,90.2,46,0.087,0.3696,0.1,224404,
16005,487552,8.8,1.0,94.12,16,0.125,0.5,0.1,224404,
16006,487616,10.8,1.0,85.71,6,0.3333,0.8333,0.1,224464,
16007,487616,9.6,1.0,92.31,12,0.25,0.5833,0.1,224464,
16008,487680,3.6,1.0,97.67,42,0.0714,0.4524,0.1,224522,
16009,487680,6.6,1.0,96.43,27,0.1852,0.4074,0.1,224522,
16010,487680,4.4,1.0,87.8,36,0.0556,0.6389,0.1,224522,
16011,487744,7.8,1.0,95.45,21,0.1429,0.5238,0.1,224582,
16012,487744,6.9,1.0,85.71,24,0.2083,0.6667,0.1,224582,
16013,487744,6.5,1.0,93.1,27,0.1481,0.6296,0.1,224582,
16014,487744,9.4,1.0,92.86,13,0.3077,0.6154,0.1,224582,
16015,487808,10.6,1.0,87.5,7,0.1429,0.5714,0.1,224639,
16016,487808,5.3,1.0,94.29,33,0.0909,0.4848,0.1,224639,
16017,487808,-3.4,0.0,92.86,13,0.0769,0.2308,0.1,224639,
16018,487808,-6.3,0.0,75.0,24,0.0833,0.375,0.1,224639,
16019,487808,-8.8,0.0,94.12,48,0.1042,0.3542,0.1,224639,
16020,487872,8.2,1.0,85.71,18,0.1667,0.4444,0.1,224691,
16021,487872,8.1,1.0,81.82,18,0.0556,0.3889,0.1,224691,
16022,487872,9.4,1.0,80.0,12,0.0833,0.75,0.1,224691,
16023,487872,7.4,1.0,88.0,22,0.0909,0.5455,0.1,224691,
16024,487872,9.4,1.0,92.86,13,0.3077,0.5385,0.1,224691,
16025,487936,-2.7,0.0,81.82,9,0.4444,0.1111,0.1,224746,
16026,487936,10.4,1.0,88.89,8,0.0,0.875,0.1,224746,
16027,488064,-8.9,0.0,96.08,49,0.102,0.551,0.1,224865,
16028,488064,6.8,1.0,89.29,25,0.12,0.6,0.1,224865,
16029,488128,4.8,1.0,92.11,35,0.0571,0.3714,0.1,224925,
16030,488128,11.0,1.0,57.14,4,0.0,0.5,0.1,224925,
16031,488192,9.4,1.0,92.86,13,0.3077,0.6154,0.1,224984,
16032,488192,11.2,1.0,80.0,4,0.5,1.0,0.1,224984,
16033,488192,9.6,1.0,92.31,12,0.0,0.6667,0.1,224984,
16034,488256,7.8,1.0,86.96,20,0.1,0.45,0.1,225041,
16035,488256,10.6,1.0,87.5,7,0.1429,0.7143,0.1,225041,
16036,488320,10.4,1.0,88.89,8,0.5,0.875,0.1,225100,
16037,488320,-1.8,0.0,83.33,5,0.2,0.6,0.1,225100,
16038,488384,7.0,1.0,88.89,24,0.0833,0.5417,0.1,225158,
16039,488448,9.6,1.0,92.31,12,0.0833,0.5,0.1,225219,
16040,488448,5.3,1.0,94.29,33,0.1212,0.4242,0.1,225219,
16041,488448,-8.4,0.0,86.27,44,0.0909,0.4773,0.1,225219,
16042,488448,10.2,1.0,90.0,9,0.1111,0.6667,0.1,225219,
16043,488448,-8.8,0.0,94.12,48,0.0833,0.4375,0.1,225219,
16044,488512,3.8,1.0,88.64,39,0.0256,0.4872,0.1,225275,
16045,488512,4.5,1.0,85.37,35,0.1429,0.5429,0.1,225275,
16046,488576,2.6,1.0,90.0,45,0.1556,0.5333,0.1,225335,
16047,488576,-3.5,0.0,86.67,13,0.2308,0.3077,0.1,225335,
16048,488576,10.0,1.0,90.91,10,0.0,0.4,0.1,225335,
16049,488576,9.8,1.0,91.67,11,0.0,0.7273,0.1,225335,
16050,488640,9.9,1.0,83.33,10,0.1,0.5,0.1,225393,
16051,488640,6.3,1.0,93.33,28,0.25,0.4286,0.1,225393,
16052,488704,-8.5,0.0,88.24,45,0.0667,0.5111,0.1,225453,
16053,488704,5.4,1.0,91.43,32,0.125,0.4062,0.1,225453,
16054,488704,9.8,1.0,91.67,11,0.0909,0.6364,0.1,225453,
16055,488704,-8.3,0.0,95.45,42,0.0952,0.3571,0.1,225453,
16056,488768,-1.6,0.0,80.0,4,0.0,0.25,0.1,225506,
16057,488768,10.6,1.0,87.5,7,0.1429,0.4286,0.1,225506,
16058,488768,4.9,1.0,89.47,34,0.0294,0.3529,0.1,225506,
16059,488832,7.4,1.0,95.83,23,0.0435,0.4783,0.1,225564,
16060,488832,6.4,1.0,96.55,28,0.1786,0.4643,0.1,225564,
16061,488896,11.6,1.0,66.67,2,0.5,1.0,0.1,225618,
16062,488896,9.8,1.0,91.67,11,0.0909,0.6364,0.1,225618,
16063,488896,4.2,1.0,92.68,38,0.1316,0.5263,0.1,225618,
16064,488960,5.1,1.0,89.19,33,0.1818,0.6061,0.1,225677,
16065,488960,-6.3,0.0,86.67,26,0.1538,0.5769,0.1,225677,
16066,488960,5.9,1.0,93.75,30,0.1,0.4667,0.1,225677,
16067,488960,6.3,1.0,93.33,28,0.0714,0.5714,0.1,225677,
16068,488960,8.8,1.0,94.12,16,0.0,0.4375,0.1,225677,
16069,488960,3.3,1.0,91.3,42,0.0714,0.5,0.1,225677,
16070,488960,-2.2,0.0,87.5,7,0.0,0.4286,0.1,225677,
16071,489024,3.6,1.0,93.18,41,0.0732,0.4634,0.1,225730,
16072,489088,10.2,1.0,90.0,9,0.0,0.6667,0.1,225789,
16073,489088,7.2,1.0,96.0,24,0.2917,0.4167,0.1,225789,
16074,489152,-9.9,0.0,96.08,49,0.0408,0.4286,0.1,225846,
16075,489152,7.3,1.0,92.0,23,0.1304,0.5217,0.1,225846,
16076,489152,10.8,1.0,85.71,6,0.3333,0.8333,0.1,225846,
16077,489152,-5.8,0.0,90.62,29,0.1724,0.5517,0.1,225846,
16078,489280,7.4,1.0,95.83,23,0.2609,0.6522,0.1,225963,
16079,489280,9.8,1.0,91.67,11,0.0909,0.4545,0.1,225963,
16080,489344,-5.3,0.0,91.67,22,0.1364,0.6818,0.1,226023,
16081,489344,3.6,1.0,88.89,40,0.175,0.55,0.1,226023,
16082,489344,7.8,1.0,86.96,20,0.0,0.65,0.1,226023,
16083,489408,-2.0,0.0,85.71,6,0.1667,0.0,0.1,226080,
16084,489408,9.3,1.0,86.67,13,0.2308,0.4615,0.1,226080,
16085,489408,10.0,1.0,90.91,10,0.0,0.6,0.1,226080,
16086,489408,9.6,1.0,92.31,12,0.1667,0.6667,0.1,226080,
16087,489472,8.2,1.0,77.27,17,0.0588,0.6471,0.1,226134,
16088,489472,7.2,1.0,88.46,23,0.0435,0.5652,0.1,226134,
16089,489472,5.5,1.0,78.38,29,0.1034,0.5172,0.1,226134,
16090,489536,-4.3,0.0,80.0,16,0.0,0.375,0.1,226191,
16091,489536,3.9,1.0,90.7,39,0.0513,0.4103,0.1,226191,
16092,489536,11.0,1.0,83.33,5,0.0,0.8,0.1,226191,
16093,489536,5.9,1.0,93.75,30,0.1,0.4667,0.1,226191,
16094,489600,7.8,1.0,95.45,21,0.0952,0.3333,0.1,226249,
16095,489600,7.5,1.0,91.67,22,0.1364,0.5,0.1,226249,
16096,489600,10.2,1.0,90.0,9,0.1111,0.4444,0.1,226249,
16097,489600,6.4,1.0,90.0,27,0.037,0.5556,0.1,226249,
16098,489664,4.5,1.0,90.0,36,0.1111,0.5,0.1,226306,
16099,489664,5.6,1.0,96.97,32,0.0625,0.4375,0.1,226306,
16100,489664,-10.3,0.0,88.24,45,0.0444,0.4444,0.1,226306,
16101,489664,-2.6,0.0,90.0,9,0.1111,0.4444,0.1,226306,
16102,489920,5.9,1.0,87.88,29,0.1724,0.4828,0.1,226547,
16103,489920,-2.6,0.0,90.0,9,0.3333,0.2222,0.1,226547,
16104,489920,-8.9,0.0,96.08,49,0.0816,0.4898,0.1,226547,
16105,489984,8.1,1.0,90.48,19,0.0526,0.4211,0.1,226599,
16106,489984,3.7,1.0,95.35,41,0.0732,0.4146,0.1,226599,
16107,490048,8.2,1.0,95.0,19,0.2632,0.5789,0.1,226656,
16108,490112,-8.9,0.0,96.08,49,0.102,0.3673,0.1,226715,
16109,490112,-2.4,0.0,88.89,8,0.5,0.5,0.1,226715,
16110,490176,10.6,1.0,87.5,7,0.4286,0.7143,0.1,226772,
16111,490176,-8.3,0.0,84.31,43,0.093,0.3953,0.1,226772,
16112,490240,7.4,1.0,88.0,22,0.0909,0.4091,0.1,226829,
16113,490240,6.2,1.0,96.67,29,0.1379,0.5172,0.1,226829,
16114,490304,5.7,1.0,93.94,31,0.0645,0.6774,0.1,226885,
16115,490368,9.4,1.0,92.86,13,0.3077,0.6923,0.1,226945,
16116,490368,7.4,1.0,95.83,23,0.0435,0.4348,0.1,226945,
16117,490368,9.8,1.0,91.67,11,0.0,0.7273,0.1,226945,
16118,490368,-3.3,0.0,80.0,16,0.25,0.5,0.1,226945,
16119,490432,8.4,1.0,85.0,17,0.2353,0.5294,0.1,226998,
16120,490432,9.7,1.0,84.62,11,0.0909,0.7273,0.1,226998,
16121,490496,7.5,1.0,91.67,22,0.0455,0.6364,0.1,227057,
16122,490496,7.5,1.0,91.67,22,0.0455,0.5455,0.1,227057,
16123,490496,-2.4,0.0,88.89,8,0.125,0.5,0.1,227057,
16124,490560,7.0,1.0,96.15,25,0.12,0.52,0.1,227113,
16125,490560,-7.5,0.0,94.29,33,0.1818,0.4848,0.1,227113,
16126,490560,8.6,1.0,94.44,17,0.1765,0.4706,0.1,227113,
16127,490624,7.2,1.0,88.46,23,0.2174,0.4783,0.1,227169,
16128,490624,8.3,1.0,90.0,18,0.1111,0.4444,0.1,227169,
16129,490624,8.2,1.0,95.0,19,0.0526,0.5263,0.1,227169,
16130,490624,-8.7,0.0,92.16,47,0.1064,0.5532,0.1,227169,
16131,490688,6.6,1.0,96.43,27,0.1111,0.5556,0.1,227226,
16132,490688,7.5,1.0,91.67,22,0.0455,0.4545,0.1,227226,
16133,490688,-6.8,0.0,84.85,28,0.1429,0.4286,0.1,227226,
16134,490752,8.1,1.0,90.48,19,0.0526,0.6316,0.1,227283,
16135,490816,5.4,1.0,86.11,31,0.0968,0.5161,0.1,227342,
16136,490880,10.6,1.0,87.5,7,0.4286,0.5714,0.1,227400,
16137,490880,3.8,1.0,93.02,40,0.1,0.525,0.1,227400,
16138,490944,6.8,1.0,89.29,25,0.16,0.44,0.1,227461,
16139,490944,5.5,1.0,94.12,32,0.1562,0.4688,0.1,227461,
16140,490944,-8.7,0.0,92.16,47,0.0638,0.4255,0.1,227461,
16141,491008,11.2,1.0,80.0,4,0.5,0.75,0.1,227516,
16142,491008,-7.2,0.0,85.71,30,0.0667,0.4667,0.1,227516,
16143,491008,-8.6,0.0,90.2,46,0.087,0.3478,0.1,227516,
16144,491072,-2.2,0.0,50.0,5,0.0,0.2,0.1,227576,
16145,491072,-5.7,0.0,85.19,23,0.1739,0.3478,0.1,227576,
16146,491072,7.8,1.0,86.96,20,0.2,0.55,0.1,227576,
16147,491072,4.7,1.0,89.74,35,0.1714,0.4857,0.1,227576,
16148,491072,8.8,1.0,94.12,16,0.1875,0.625,0.1,227576,
16149,491136,10.6,1.0,87.5,7,0.1429,0.8571,0.1,227625,
16150,491136,-1.4,0.0,75.0,3,0.0,0.3333,0.1,227625,
16151,491136,8.6,1.0,94.44,17,0.0,0.3529,0.1,227625,
16152,491200,4.7,1.0,89.74,35,0.1714,0.5714,0.1,227684,
16153,491264,4.7,1.0,94.74,36,0.1944,0.5278,0.1,227741,
16154,491264,6.2,1.0,90.32,28,0.0714,0.6071,0.1,227741,
16155,491264,9.4,1.0,92.86,13,0.0769,0.6154,0.1,227741,
16156,491264,7.0,1.0,88.89,24,0.0833,0.5417,0.1,227741,
16157,491328,10.0,1.0,90.91,10,0.1,0.7,0.1,227795,
16158,491392,-1.6,0.0,80.0,4,0.0,0.5,0.1,227857,
16159,491392,8.4,1.0,94.74,18,0.1667,0.6111,0.1,227857,
16160,491392,-0.7,0.0,66.67,4,0.0,0.25,0.1,227857,
16161,491392,8.7,1.0,88.89,16,0.1875,0.375,0.1,227857,
16162,491456,-9.4,0.0,86.27,44,0.0,0.5,0.1,227913,
16163,491456,9.9,1.0,83.33,10,0.2,0.5,0.1,227913,
16164,491520,6.6,1.0,89.66,26,0.1538,0.5,0.1,227968,
16165,491520,8.0,1.0,95.24,20,0.05,0.4,0.1,227968,
16166,491520,11.0,1.0,83.33,5,0.0,0.6,0.1,227968,
16167,491520,6.3,1.0,93.33,28,0.0714,0.5714,0.1,227968,
16168,491520,9.6,1.0,92.31,12,0.1667,0.6667,0.1,227968,
