=== Oracle gratuit       (cost=0.000) | seed=4 ===
Run: oracle_free__MiniGrid-DoorKey-8x8-v0__seed4__1777369290
  device=cuda, batch=1024, updates=488
  CSV → logs/oracle_free__MiniGrid-DoorKey-8x8-v0__seed4__1777369290.csv
  obs=(64, 64, 3), n_actions=8, query_action=7
  params=67,167,753
[   1/488] step=   1024 | ep=    2 | return= 0.860 | guided%= 16.1 | bc=0.0000 | cumQ=   142 | bc_coef=0.000 | sps=76
[  10/488] step=  10240 | ep=   56 | return= 0.753 | guided%= 19.7 | bc=0.0000 | cumQ=  1799 | bc_coef=0.000 | sps=316
[  20/488] step=  20480 | ep=  342 | return= 0.963 | guided%= 72.5 | bc=0.0000 | cumQ=  7296 | bc_coef=0.000 | sps=379
[  30/488] step=  30720 | ep=  822 | return= 0.974 | guided%= 84.6 | bc=0.0000 | cumQ= 15466 | bc_coef=0.000 | sps=403
[  40/488] step=  40960 | ep= 1353 | return= 0.974 | guided%= 88.6 | bc=0.0000 | cumQ= 24301 | bc_coef=0.000 | sps=416
[  50/488] step=  51200 | ep= 1920 | return= 0.977 | guided%= 91.9 | bc=0.0000 | cumQ= 33644 | bc_coef=0.000 | sps=423
[  60/488] step=  61440 | ep= 2492 | return= 0.977 | guided%= 93.5 | bc=0.0000 | cumQ= 43229 | bc_coef=0.000 | sps=427
[  70/488] step=  71680 | ep= 3078 | return= 0.977 | guided%= 93.9 | bc=0.0000 | cumQ= 52837 | bc_coef=0.000 | sps=431
[  80/488] step=  81920 | ep= 3642 | return= 0.976 | guided%= 91.9 | bc=0.0000 | cumQ= 62334 | bc_coef=0.000 | sps=434
[  90/488] step=  92160 | ep= 4221 | return= 0.976 | guided%= 93.4 | bc=0.0000 | cumQ= 71900 | bc_coef=0.000 | sps=436
[ 100/488] step= 102400 | ep= 4798 | return= 0.977 | guided%= 93.0 | bc=0.0000 | cumQ= 81438 | bc_coef=0.000 | sps=438
[ 110/488] step= 112640 | ep= 5364 | return= 0.976 | guided%= 94.1 | bc=0.0000 | cumQ= 91009 | bc_coef=0.000 | sps=440
[ 120/488] step= 122880 | ep= 5900 | return= 0.973 | guided%= 79.6 | bc=0.0000 | cumQ= 99893 | bc_coef=0.000 | sps=441
[ 130/488] step= 133120 | ep= 6439 | return= 0.975 | guided%= 87.3 | bc=0.0000 | cumQ=108558 | bc_coef=0.000 | sps=443
[ 140/488] step= 143360 | ep= 7018 | return= 0.977 | guided%= 92.8 | bc=0.0000 | cumQ=117938 | bc_coef=0.000 | sps=443
[ 150/488] step= 153600 | ep= 7589 | return= 0.977 | guided%= 93.6 | bc=0.0000 | cumQ=127549 | bc_coef=0.000 | sps=444
[ 160/488] step= 163840 | ep= 8169 | return= 0.976 | guided%= 94.2 | bc=0.0000 | cumQ=137201 | bc_coef=0.000 | sps=445
[ 170/488] step= 174080 | ep= 8739 | return= 0.976 | guided%= 93.9 | bc=0.0000 | cumQ=146834 | bc_coef=0.000 | sps=445
[ 180/488] step= 184320 | ep= 9319 | return= 0.977 | guided%= 93.8 | bc=0.0000 | cumQ=156456 | bc_coef=0.000 | sps=446
[ 190/488] step= 194560 | ep= 9883 | return= 0.975 | guided%= 94.3 | bc=0.0000 | cumQ=166117 | bc_coef=0.000 | sps=446
[ 200/488] step= 204800 | ep=10459 | return= 0.976 | guided%= 93.1 | bc=0.0000 | cumQ=175602 | bc_coef=0.000 | sps=447
[ 210/488] step= 215040 | ep=11026 | return= 0.975 | guided%= 89.3 | bc=0.0000 | cumQ=184973 | bc_coef=0.000 | sps=447
[ 220/488] step= 225280 | ep=11597 | return= 0.976 | guided%= 85.4 | bc=0.0000 | cumQ=194007 | bc_coef=0.000 | sps=447
[ 230/488] step= 235520 | ep=12162 | return= 0.976 | guided%= 88.2 | bc=0.0000 | cumQ=202620 | bc_coef=0.000 | sps=448
[ 240/488] step= 245760 | ep=12737 | return= 0.976 | guided%= 87.9 | bc=0.0000 | cumQ=211695 | bc_coef=0.000 | sps=448
[ 250/488] step= 256000 | ep=13304 | return= 0.976 | guided%= 84.9 | bc=0.0000 | cumQ=220550 | bc_coef=0.000 | sps=449
[ 260/488] step= 266240 | ep=13874 | return= 0.976 | guided%= 85.5 | bc=0.0000 | cumQ=229273 | bc_coef=0.000 | sps=449
[ 270/488] step= 276480 | ep=14459 | return= 0.977 | guided%= 79.0 | bc=0.0000 | cumQ=237681 | bc_coef=0.000 | sps=449
[ 280/488] step= 286720 | ep=15022 | return= 0.976 | guided%= 80.8 | bc=0.0000 | cumQ=246144 | bc_coef=0.000 | sps=449
[ 290/488] step= 296960 | ep=15598 | return= 0.977 | guided%= 81.1 | bc=0.0000 | cumQ=254637 | bc_coef=0.000 | sps=449
[ 300/488] step= 307200 | ep=16166 | return= 0.976 | guided%= 85.8 | bc=0.0000 | cumQ=263492 | bc_coef=0.000 | sps=450
[ 310/488] step= 317440 | ep=16742 | return= 0.976 | guided%= 88.6 | bc=0.0000 | cumQ=272584 | bc_coef=0.000 | sps=450
[ 320/488] step= 327680 | ep=17315 | return= 0.976 | guided%= 87.1 | bc=0.0000 | cumQ=281435 | bc_coef=0.000 | sps=450
[ 330/488] step= 337920 | ep=17898 | return= 0.976 | guided%= 91.2 | bc=0.0000 | cumQ=290505 | bc_coef=0.000 | sps=450
[ 340/488] step= 348160 | ep=18464 | return= 0.976 | guided%= 89.7 | bc=0.0000 | cumQ=299887 | bc_coef=0.000 | sps=450
[ 350/488] step= 358400 | ep=19039 | return= 0.977 | guided%= 85.0 | bc=0.0000 | cumQ=308865 | bc_coef=0.000 | sps=450
[ 360/488] step= 368640 | ep=19610 | return= 0.976 | guided%= 89.4 | bc=0.0000 | cumQ=317906 | bc_coef=0.000 | sps=450
[ 370/488] step= 378880 | ep=20192 | return= 0.977 | guided%= 86.4 | bc=0.0000 | cumQ=326884 | bc_coef=0.000 | sps=451
[ 380/488] step= 389120 | ep=20763 | return= 0.976 | guided%= 84.5 | bc=0.0000 | cumQ=335576 | bc_coef=0.000 | sps=451
[ 390/488] step= 399360 | ep=21329 | return= 0.976 | guided%= 83.3 | bc=0.0000 | cumQ=344162 | bc_coef=0.000 | sps=450
[ 400/488] step= 409600 | ep=21898 | return= 0.976 | guided%= 81.4 | bc=0.0000 | cumQ=352742 | bc_coef=0.000 | sps=451
[ 410/488] step= 419840 | ep=22478 | return= 0.977 | guided%= 83.2 | bc=0.0000 | cumQ=361354 | bc_coef=0.000 | sps=451
[ 420/488] step= 430080 | ep=23051 | return= 0.976 | guided%= 77.6 | bc=0.0000 | cumQ=369580 | bc_coef=0.000 | sps=451
[ 430/488] step= 440320 | ep=23627 | return= 0.976 | guided%= 81.8 | bc=0.0000 | cumQ=377836 | bc_coef=0.000 | sps=451
[ 440/488] step= 450560 | ep=24206 | return= 0.976 | guided%= 85.7 | bc=0.0000 | cumQ=386511 | bc_coef=0.000 | sps=451
[ 450/488] step= 460800 | ep=24779 | return= 0.976 | guided%= 83.7 | bc=0.0000 | cumQ=395271 | bc_coef=0.000 | sps=451
[ 460/488] step= 471040 | ep=25361 | return= 0.977 | guided%= 81.3 | bc=0.0000 | cumQ=403712 | bc_coef=0.000 | sps=451
[ 470/488] step= 481280 | ep=25938 | return= 0.976 | guided%= 83.6 | bc=0.0000 | cumQ=412150 | bc_coef=0.000 | sps=451
[ 480/488] step= 491520 | ep=26515 | return= 0.977 | guided%= 83.5 | bc=0.0000 | cumQ=420782 | bc_coef=0.000 | sps=451
Generating plots...
Plots → figures/oracle_free__MiniGrid-DoorKey-8x8-v0__seed4__1777369290.png
=== Oracle payant faible (cost=0.005) | seed=4 ===
Run: oracle_paid_0005__MiniGrid-DoorKey-8x8-v0__seed4__1777370446
  device=cuda, batch=1024, updates=488
  CSV → logs/oracle_paid_0005__MiniGrid-DoorKey-8x8-v0__seed4__1777370446.csv
  obs=(64, 64, 3), n_actions=8, query_action=7
  params=67,167,753
[   1/488] step=   1024 | ep=    2 | return= 0.775 | guided%= 16.1 | bc=0.0000 | cumQ=   142 | bc_coef=0.000 | sps=314
[  10/488] step=  10240 | ep=   28 | return= 0.371 | guided%= 11.9 | bc=0.0000 | cumQ=  1181 | bc_coef=0.000 | sps=456
[  20/488] step=  20480 | ep=  152 | return= 0.819 | guided%= 34.9 | bc=0.0000 | cumQ=  3720 | bc_coef=0.000 | sps=469
[  30/488] step=  30720 | ep=  579 | return= 0.899 | guided%= 68.0 | bc=0.0000 | cumQ= 10439 | bc_coef=0.000 | sps=467
[  40/488] step=  40960 | ep= 1090 | return= 0.911 | guided%= 63.8 | bc=0.0000 | cumQ= 17539 | bc_coef=0.000 | sps=465
[  50/488] step=  51200 | ep= 1598 | return= 0.914 | guided%= 63.1 | bc=0.0000 | cumQ= 24226 | bc_coef=0.000 | sps=463
[  60/488] step=  61440 | ep= 2150 | return= 0.912 | guided%= 68.3 | bc=0.0000 | cumQ= 31217 | bc_coef=0.000 | sps=462
[  70/488] step=  71680 | ep= 2695 | return= 0.918 | guided%= 62.0 | bc=0.0000 | cumQ= 37803 | bc_coef=0.000 | sps=462
[  80/488] step=  81920 | ep= 3242 | return= 0.917 | guided%= 60.2 | bc=0.0000 | cumQ= 44007 | bc_coef=0.000 | sps=462
[  90/488] step=  92160 | ep= 3796 | return= 0.917 | guided%= 62.6 | bc=0.0000 | cumQ= 50291 | bc_coef=0.000 | sps=461
[ 100/488] step= 102400 | ep= 4366 | return= 0.919 | guided%= 62.6 | bc=0.0000 | cumQ= 56817 | bc_coef=0.000 | sps=461
[ 110/488] step= 112640 | ep= 4942 | return= 0.927 | guided%= 57.2 | bc=0.0000 | cumQ= 62937 | bc_coef=0.000 | sps=461
[ 120/488] step= 122880 | ep= 5507 | return= 0.922 | guided%= 57.0 | bc=0.0000 | cumQ= 68926 | bc_coef=0.000 | sps=461
[ 130/488] step= 133120 | ep= 6056 | return= 0.924 | guided%= 54.6 | bc=0.0000 | cumQ= 74635 | bc_coef=0.000 | sps=461
[ 140/488] step= 143360 | ep= 6603 | return= 0.921 | guided%= 58.6 | bc=0.0000 | cumQ= 80421 | bc_coef=0.000 | sps=461
[ 150/488] step= 153600 | ep= 7159 | return= 0.925 | guided%= 55.0 | bc=0.0000 | cumQ= 85922 | bc_coef=0.000 | sps=461
[ 160/488] step= 163840 | ep= 7711 | return= 0.926 | guided%= 53.9 | bc=0.0000 | cumQ= 91550 | bc_coef=0.000 | sps=461
[ 170/488] step= 174080 | ep= 8273 | return= 0.921 | guided%= 57.5 | bc=0.0000 | cumQ= 97450 | bc_coef=0.000 | sps=461
[ 180/488] step= 184320 | ep= 8836 | return= 0.923 | guided%= 56.8 | bc=0.0000 | cumQ=103323 | bc_coef=0.000 | sps=461
[ 190/488] step= 194560 | ep= 9389 | return= 0.921 | guided%= 56.5 | bc=0.0000 | cumQ=108925 | bc_coef=0.000 | sps=461
[ 200/488] step= 204800 | ep= 9953 | return= 0.923 | guided%= 57.0 | bc=0.0000 | cumQ=114657 | bc_coef=0.000 | sps=461
[ 210/488] step= 215040 | ep=10520 | return= 0.925 | guided%= 53.6 | bc=0.0000 | cumQ=120373 | bc_coef=0.000 | sps=460
[ 220/488] step= 225280 | ep=11084 | return= 0.924 | guided%= 56.2 | bc=0.0000 | cumQ=126005 | bc_coef=0.000 | sps=460
[ 230/488] step= 235520 | ep=11642 | return= 0.926 | guided%= 54.2 | bc=0.0000 | cumQ=131635 | bc_coef=0.000 | sps=460
[ 240/488] step= 245760 | ep=12177 | return= 0.926 | guided%= 54.7 | bc=0.0000 | cumQ=136978 | bc_coef=0.000 | sps=460
[ 250/488] step= 256000 | ep=12750 | return= 0.928 | guided%= 55.1 | bc=0.0000 | cumQ=142755 | bc_coef=0.000 | sps=460
[ 260/488] step= 266240 | ep=13320 | return= 0.928 | guided%= 54.2 | bc=0.0000 | cumQ=148310 | bc_coef=0.000 | sps=460
[ 270/488] step= 276480 | ep=13875 | return= 0.926 | guided%= 52.9 | bc=0.0000 | cumQ=153744 | bc_coef=0.000 | sps=460
[ 280/488] step= 286720 | ep=14438 | return= 0.929 | guided%= 52.4 | bc=0.0000 | cumQ=159155 | bc_coef=0.000 | sps=460
[ 290/488] step= 296960 | ep=14997 | return= 0.925 | guided%= 56.2 | bc=0.0000 | cumQ=164850 | bc_coef=0.000 | sps=460
[ 300/488] step= 307200 | ep=15562 | return= 0.924 | guided%= 54.8 | bc=0.0000 | cumQ=170444 | bc_coef=0.000 | sps=460
[ 310/488] step= 317440 | ep=16120 | return= 0.928 | guided%= 52.8 | bc=0.0000 | cumQ=175971 | bc_coef=0.000 | sps=460
[ 320/488] step= 327680 | ep=16641 | return= 0.927 | guided%= 54.5 | bc=0.0000 | cumQ=181084 | bc_coef=0.000 | sps=460
[ 330/488] step= 337920 | ep=17204 | return= 0.926 | guided%= 53.7 | bc=0.0000 | cumQ=186688 | bc_coef=0.000 | sps=460
[ 340/488] step= 348160 | ep=17773 | return= 0.929 | guided%= 54.1 | bc=0.0000 | cumQ=192265 | bc_coef=0.000 | sps=461
[ 350/488] step= 358400 | ep=18326 | return= 0.923 | guided%= 57.3 | bc=0.0000 | cumQ=197891 | bc_coef=0.000 | sps=461
[ 360/488] step= 368640 | ep=18889 | return= 0.926 | guided%= 55.0 | bc=0.0000 | cumQ=203575 | bc_coef=0.000 | sps=460
[ 370/488] step= 378880 | ep=19451 | return= 0.926 | guided%= 56.1 | bc=0.0000 | cumQ=209226 | bc_coef=0.000 | sps=460
[ 380/488] step= 389120 | ep=20023 | return= 0.926 | guided%= 55.5 | bc=0.0000 | cumQ=214920 | bc_coef=0.000 | sps=460
[ 390/488] step= 399360 | ep=20593 | return= 0.928 | guided%= 54.3 | bc=0.0000 | cumQ=220538 | bc_coef=0.000 | sps=460
[ 400/488] step= 409600 | ep=21156 | return= 0.926 | guided%= 54.0 | bc=0.0000 | cumQ=226306 | bc_coef=0.000 | sps=460
[ 410/488] step= 419840 | ep=21726 | return= 0.926 | guided%= 54.2 | bc=0.0000 | cumQ=232117 | bc_coef=0.000 | sps=460
[ 420/488] step= 430080 | ep=22295 | return= 0.928 | guided%= 53.6 | bc=0.0000 | cumQ=237760 | bc_coef=0.000 | sps=460
[ 430/488] step= 440320 | ep=22868 | return= 0.929 | guided%= 53.8 | bc=0.0000 | cumQ=243393 | bc_coef=0.000 | sps=460
[ 440/488] step= 450560 | ep=23438 | return= 0.926 | guided%= 55.2 | bc=0.0000 | cumQ=249128 | bc_coef=0.000 | sps=460
[ 450/488] step= 460800 | ep=24013 | return= 0.926 | guided%= 56.8 | bc=0.0000 | cumQ=254829 | bc_coef=0.000 | sps=460
[ 460/488] step= 471040 | ep=24590 | return= 0.927 | guided%= 55.5 | bc=0.0000 | cumQ=260572 | bc_coef=0.000 | sps=460
[ 470/488] step= 481280 | ep=25168 | return= 0.927 | guided%= 56.2 | bc=0.0000 | cumQ=266319 | bc_coef=0.000 | sps=460
[ 480/488] step= 491520 | ep=25743 | return= 0.927 | guided%= 55.4 | bc=0.0000 | cumQ=271949 | bc_coef=0.000 | sps=460
Generating plots...
Plots → figures/oracle_paid_0005__MiniGrid-DoorKey-8x8-v0__seed4__1777370446.png
=== Oracle payant moyen  (cost=0.010) | seed=4 ===
Run: oracle_paid_001__MiniGrid-DoorKey-8x8-v0__seed4__1777371542
  device=cuda, batch=1024, updates=488
  CSV → logs/oracle_paid_001__MiniGrid-DoorKey-8x8-v0__seed4__1777371542.csv
  obs=(64, 64, 3), n_actions=8, query_action=7
  params=67,167,753
[   1/488] step=   1024 | ep=    2 | return= 0.690 | guided%= 16.1 | bc=0.0000 | cumQ=   142 | bc_coef=0.000 | sps=308
[  10/488] step=  10240 | ep=   81 | return= 0.585 | guided%= 23.8 | bc=0.0000 | cumQ=  2039 | bc_coef=0.000 | sps=462
[  20/488] step=  20480 | ep=  475 | return= 0.804 | guided%= 74.3 | bc=0.0000 | cumQ=  8866 | bc_coef=0.000 | sps=465
[  30/488] step=  30720 | ep=  984 | return= 0.812 | guided%= 83.2 | bc=0.0000 | cumQ= 17143 | bc_coef=0.000 | sps=464
[  40/488] step=  40960 | ep= 1508 | return= 0.830 | guided%= 76.8 | bc=0.0000 | cumQ= 25327 | bc_coef=0.000 | sps=463
[  50/488] step=  51200 | ep= 2059 | return= 0.853 | guided%= 64.5 | bc=0.0000 | cumQ= 32456 | bc_coef=0.000 | sps=463
[  60/488] step=  61440 | ep= 2619 | return= 0.864 | guided%= 63.0 | bc=0.0000 | cumQ= 39107 | bc_coef=0.000 | sps=463
[  70/488] step=  71680 | ep= 3177 | return= 0.869 | guided%= 57.8 | bc=0.0000 | cumQ= 45241 | bc_coef=0.000 | sps=463
[  80/488] step=  81920 | ep= 3734 | return= 0.867 | guided%= 57.8 | bc=0.0000 | cumQ= 51238 | bc_coef=0.000 | sps=463
[  90/488] step=  92160 | ep= 4294 | return= 0.873 | guided%= 55.0 | bc=0.0000 | cumQ= 56982 | bc_coef=0.000 | sps=463
[ 100/488] step= 102400 | ep= 4865 | return= 0.873 | guided%= 56.5 | bc=0.0000 | cumQ= 62789 | bc_coef=0.000 | sps=463
[ 110/488] step= 112640 | ep= 5411 | return= 0.863 | guided%= 57.9 | bc=0.0000 | cumQ= 68675 | bc_coef=0.000 | sps=464
[ 120/488] step= 122880 | ep= 5967 | return= 0.866 | guided%= 60.5 | bc=0.0000 | cumQ= 74768 | bc_coef=0.000 | sps=464
[ 130/488] step= 133120 | ep= 6527 | return= 0.872 | guided%= 56.8 | bc=0.0000 | cumQ= 80671 | bc_coef=0.000 | sps=464
[ 140/488] step= 143360 | ep= 7105 | return= 0.877 | guided%= 55.3 | bc=0.0000 | cumQ= 86432 | bc_coef=0.000 | sps=464
[ 150/488] step= 153600 | ep= 7668 | return= 0.873 | guided%= 57.2 | bc=0.0000 | cumQ= 92239 | bc_coef=0.000 | sps=464
[ 160/488] step= 163840 | ep= 8237 | return= 0.870 | guided%= 57.0 | bc=0.0000 | cumQ= 98050 | bc_coef=0.000 | sps=464
[ 170/488] step= 174080 | ep= 8799 | return= 0.869 | guided%= 58.5 | bc=0.0000 | cumQ=103780 | bc_coef=0.000 | sps=464
[ 180/488] step= 184320 | ep= 9373 | return= 0.875 | guided%= 56.6 | bc=0.0000 | cumQ=109672 | bc_coef=0.000 | sps=463
[ 190/488] step= 194560 | ep= 9927 | return= 0.873 | guided%= 55.3 | bc=0.0000 | cumQ=115439 | bc_coef=0.000 | sps=463
[ 200/488] step= 204800 | ep=10480 | return= 0.876 | guided%= 56.8 | bc=0.0000 | cumQ=121137 | bc_coef=0.000 | sps=463
[ 210/488] step= 215040 | ep=11051 | return= 0.873 | guided%= 57.4 | bc=0.0000 | cumQ=127079 | bc_coef=0.000 | sps=463
[ 220/488] step= 225280 | ep=11597 | return= 0.875 | guided%= 54.7 | bc=0.0000 | cumQ=132719 | bc_coef=0.000 | sps=463
[ 230/488] step= 235520 | ep=12137 | return= 0.877 | guided%= 53.0 | bc=0.0000 | cumQ=138121 | bc_coef=0.000 | sps=463
[ 240/488] step= 245760 | ep=12691 | return= 0.881 | guided%= 52.3 | bc=0.0000 | cumQ=143596 | bc_coef=0.000 | sps=463
[ 250/488] step= 256000 | ep=13256 | return= 0.877 | guided%= 53.9 | bc=0.0000 | cumQ=149155 | bc_coef=0.000 | sps=463
[ 260/488] step= 266240 | ep=13807 | return= 0.875 | guided%= 51.8 | bc=0.0000 | cumQ=154565 | bc_coef=0.000 | sps=463
[ 270/488] step= 276480 | ep=14365 | return= 0.876 | guided%= 52.9 | bc=0.0000 | cumQ=159963 | bc_coef=0.000 | sps=463
[ 280/488] step= 286720 | ep=14908 | return= 0.876 | guided%= 50.8 | bc=0.0000 | cumQ=165388 | bc_coef=0.000 | sps=463
[ 290/488] step= 296960 | ep=15468 | return= 0.877 | guided%= 54.2 | bc=0.0000 | cumQ=170931 | bc_coef=0.000 | sps=463
[ 300/488] step= 307200 | ep=16026 | return= 0.872 | guided%= 53.6 | bc=0.0000 | cumQ=176500 | bc_coef=0.000 | sps=463
[ 310/488] step= 317440 | ep=16577 | return= 0.879 | guided%= 52.0 | bc=0.0000 | cumQ=181822 | bc_coef=0.000 | sps=463
[ 320/488] step= 327680 | ep=17114 | return= 0.874 | guided%= 52.6 | bc=0.0000 | cumQ=187050 | bc_coef=0.000 | sps=463
[ 330/488] step= 337920 | ep=17647 | return= 0.885 | guided%= 47.3 | bc=0.0000 | cumQ=192004 | bc_coef=0.000 | sps=464
[ 340/488] step= 348160 | ep=18172 | return= 0.877 | guided%= 53.0 | bc=0.0000 | cumQ=197089 | bc_coef=0.000 | sps=464
[ 350/488] step= 358400 | ep=18725 | return= 0.876 | guided%= 54.0 | bc=0.0000 | cumQ=202692 | bc_coef=0.000 | sps=464
[ 360/488] step= 368640 | ep=19286 | return= 0.880 | guided%= 52.5 | bc=0.0000 | cumQ=208198 | bc_coef=0.000 | sps=464
[ 370/488] step= 378880 | ep=19853 | return= 0.878 | guided%= 54.9 | bc=0.0000 | cumQ=213835 | bc_coef=0.000 | sps=464
[ 380/488] step= 389120 | ep=20413 | return= 0.874 | guided%= 54.4 | bc=0.0000 | cumQ=219296 | bc_coef=0.000 | sps=464
[ 390/488] step= 399360 | ep=20971 | return= 0.878 | guided%= 52.4 | bc=0.0000 | cumQ=224773 | bc_coef=0.000 | sps=464
[ 400/488] step= 409600 | ep=21516 | return= 0.877 | guided%= 54.5 | bc=0.0000 | cumQ=230159 | bc_coef=0.000 | sps=464
[ 410/488] step= 419840 | ep=22069 | return= 0.875 | guided%= 53.7 | bc=0.0000 | cumQ=235577 | bc_coef=0.000 | sps=464
[ 420/488] step= 430080 | ep=22639 | return= 0.877 | guided%= 55.1 | bc=0.0000 | cumQ=241117 | bc_coef=0.000 | sps=464
[ 430/488] step= 440320 | ep=23191 | return= 0.877 | guided%= 54.1 | bc=0.0000 | cumQ=246483 | bc_coef=0.000 | sps=464
[ 440/488] step= 450560 | ep=23758 | return= 0.878 | guided%= 53.6 | bc=0.0000 | cumQ=252000 | bc_coef=0.000 | sps=464
[ 450/488] step= 460800 | ep=24323 | return= 0.873 | guided%= 54.8 | bc=0.0000 | cumQ=257606 | bc_coef=0.000 | sps=464
[ 460/488] step= 471040 | ep=24896 | return= 0.878 | guided%= 55.8 | bc=0.0000 | cumQ=263367 | bc_coef=0.000 | sps=464
[ 470/488] step= 481280 | ep=25469 | return= 0.882 | guided%= 52.8 | bc=0.0000 | cumQ=268985 | bc_coef=0.000 | sps=464
[ 480/488] step= 491520 | ep=26039 | return= 0.878 | guided%= 54.2 | bc=0.0000 | cumQ=274546 | bc_coef=0.000 | sps=464
Generating plots...
Plots → figures/oracle_paid_001__MiniGrid-DoorKey-8x8-v0__seed4__1777371542.png
=== Baseline PPO                      | seed=4 ===
Run: baseline__MiniGrid-DoorKey-8x8-v0__seed4__1777372628
  device=cuda, batch=1024, updates=488
  CSV → logs/baseline__MiniGrid-DoorKey-8x8-v0__seed4__1777372628.csv
  obs=(64, 64, 3), n_actions=7, query_action=6
  params=67,167,496
[   1/488] step=   1024 | ep=    0 | return=   nan | guided%=  nan | bc=0.0000 | cumQ=     0 | bc_coef=0.000 | sps=327
  *** First unguided success — episode 9 ***
[  10/488] step=  10240 | ep=    9 | return= 0.068 | guided%=  0.0 | bc=0.0000 | cumQ=     0 | bc_coef=0.000 | sps=475
[  20/488] step=  20480 | ep=   25 | return= 0.024 | guided%=  0.0 | bc=0.0000 | cumQ=     0 | bc_coef=0.000 | sps=489
[  30/488] step=  30720 | ep=   42 | return= 0.025 | guided%=  0.0 | bc=0.0000 | cumQ=     0 | bc_coef=0.000 | sps=493
[  40/488] step=  40960 | ep=   58 | return= 0.018 | guided%=  0.0 | bc=0.0000 | cumQ=     0 | bc_coef=0.000 | sps=496
[  50/488] step=  51200 | ep=   74 | return= 0.014 | guided%=  0.0 | bc=0.0000 | cumQ=     0 | bc_coef=0.000 | sps=498
[  60/488] step=  61440 | ep=   91 | return= 0.016 | guided%=  0.0 | bc=0.0000 | cumQ=     0 | bc_coef=0.000 | sps=499
[  70/488] step=  71680 | ep=  107 | return= 0.015 | guided%=  0.0 | bc=0.0000 | cumQ=     0 | bc_coef=0.000 | sps=500
[  80/488] step=  81920 | ep=  123 | return= 0.009 | guided%=  0.0 | bc=0.0000 | cumQ=     0 | bc_coef=0.000 | sps=500
[  90/488] step=  92160 | ep=  139 | return= 0.005 | guided%=  0.0 | bc=0.0000 | cumQ=     0 | bc_coef=0.000 | sps=500
[ 100/488] step= 102400 | ep=  155 | return= 0.005 | guided%=  0.0 | bc=0.0000 | cumQ=     0 | bc_coef=0.000 | sps=500
[ 110/488] step= 112640 | ep=  171 | return= 0.005 | guided%=  0.0 | bc=0.0000 | cumQ=     0 | bc_coef=0.000 | sps=501
[ 120/488] step= 122880 | ep=  187 | return= 0.000 | guided%=  0.0 | bc=0.0000 | cumQ=     0 | bc_coef=0.000 | sps=501
[ 130/488] step= 133120 | ep=  203 | return= 0.000 | guided%=  0.0 | bc=0.0000 | cumQ=     0 | bc_coef=0.000 | sps=501
[ 140/488] step= 143360 | ep=  219 | return= 0.000 | guided%=  0.0 | bc=0.0000 | cumQ=     0 | bc_coef=0.000 | sps=502
[ 150/488] step= 153600 | ep=  235 | return= 0.000 | guided%=  0.0 | bc=0.0000 | cumQ=     0 | bc_coef=0.000 | sps=502
[ 160/488] step= 163840 | ep=  251 | return= 0.000 | guided%=  0.0 | bc=0.0000 | cumQ=     0 | bc_coef=0.000 | sps=502
[ 170/488] step= 174080 | ep=  267 | return= 0.000 | guided%=  0.0 | bc=0.0000 | cumQ=     0 | bc_coef=0.000 | sps=502
[ 180/488] step= 184320 | ep=  283 | return= 0.000 | guided%=  0.0 | bc=0.0000 | cumQ=     0 | bc_coef=0.000 | sps=502
[ 190/488] step= 194560 | ep=  299 | return= 0.000 | guided%=  0.0 | bc=0.0000 | cumQ=     0 | bc_coef=0.000 | sps=502
[ 200/488] step= 204800 | ep=  315 | return= 0.000 | guided%=  0.0 | bc=0.0000 | cumQ=     0 | bc_coef=0.000 | sps=502
[ 210/488] step= 215040 | ep=  331 | return= 0.000 | guided%=  0.0 | bc=0.0000 | cumQ=     0 | bc_coef=0.000 | sps=502
[ 220/488] step= 225280 | ep=  347 | return= 0.000 | guided%=  0.0 | bc=0.0000 | cumQ=     0 | bc_coef=0.000 | sps=502
[ 230/488] step= 235520 | ep=  364 | return= 0.007 | guided%=  0.0 | bc=0.0000 | cumQ=     0 | bc_coef=0.000 | sps=502
[ 240/488] step= 245760 | ep=  380 | return= 0.007 | guided%=  0.0 | bc=0.0000 | cumQ=     0 | bc_coef=0.000 | sps=502
[ 250/488] step= 256000 | ep=  396 | return= 0.007 | guided%=  0.0 | bc=0.0000 | cumQ=     0 | bc_coef=0.000 | sps=502
[ 260/488] step= 266240 | ep=  412 | return= 0.007 | guided%=  0.0 | bc=0.0000 | cumQ=     0 | bc_coef=0.000 | sps=502
[ 270/488] step= 276480 | ep=  428 | return= 0.007 | guided%=  0.0 | bc=0.0000 | cumQ=     0 | bc_coef=0.000 | sps=502
[ 280/488] step= 286720 | ep=  444 | return= 0.007 | guided%=  0.0 | bc=0.0000 | cumQ=     0 | bc_coef=0.000 | sps=502
[ 290/488] step= 296960 | ep=  460 | return= 0.007 | guided%=  0.0 | bc=0.0000 | cumQ=     0 | bc_coef=0.000 | sps=503
[ 300/488] step= 307200 | ep=  476 | return= 0.000 | guided%=  0.0 | bc=0.0000 | cumQ=     0 | bc_coef=0.000 | sps=503
[ 310/488] step= 317440 | ep=  492 | return= 0.000 | guided%=  0.0 | bc=0.0000 | cumQ=     0 | bc_coef=0.000 | sps=503
[ 320/488] step= 327680 | ep=  508 | return= 0.000 | guided%=  0.0 | bc=0.0000 | cumQ=     0 | bc_coef=0.000 | sps=503
[ 330/488] step= 337920 | ep=  524 | return= 0.000 | guided%=  0.0 | bc=0.0000 | cumQ=     0 | bc_coef=0.000 | sps=503
[ 340/488] step= 348160 | ep=  540 | return= 0.000 | guided%=  0.0 | bc=0.0000 | cumQ=     0 | bc_coef=0.000 | sps=503
[ 350/488] step= 358400 | ep=  556 | return= 0.000 | guided%=  0.0 | bc=0.0000 | cumQ=     0 | bc_coef=0.000 | sps=503
[ 360/488] step= 368640 | ep=  572 | return= 0.000 | guided%=  0.0 | bc=0.0000 | cumQ=     0 | bc_coef=0.000 | sps=503
[ 370/488] step= 378880 | ep=  588 | return= 0.000 | guided%=  0.0 | bc=0.0000 | cumQ=     0 | bc_coef=0.000 | sps=503
[ 380/488] step= 389120 | ep=  604 | return= 0.000 | guided%=  0.0 | bc=0.0000 | cumQ=     0 | bc_coef=0.000 | sps=503
[ 390/488] step= 399360 | ep=  620 | return= 0.000 | guided%=  0.0 | bc=0.0000 | cumQ=     0 | bc_coef=0.000 | sps=503
[ 400/488] step= 409600 | ep=  636 | return= 0.000 | guided%=  0.0 | bc=0.0000 | cumQ=     0 | bc_coef=0.000 | sps=503
[ 410/488] step= 419840 | ep=  652 | return= 0.000 | guided%=  0.0 | bc=0.0000 | cumQ=     0 | bc_coef=0.000 | sps=503
[ 420/488] step= 430080 | ep=  668 | return= 0.000 | guided%=  0.0 | bc=0.0000 | cumQ=     0 | bc_coef=0.000 | sps=503
[ 430/488] step= 440320 | ep=  684 | return= 0.000 | guided%=  0.0 | bc=0.0000 | cumQ=     0 | bc_coef=0.000 | sps=503
[ 440/488] step= 450560 | ep=  700 | return= 0.000 | guided%=  0.0 | bc=0.0000 | cumQ=     0 | bc_coef=0.000 | sps=503
[ 450/488] step= 460800 | ep=  716 | return= 0.000 | guided%=  0.0 | bc=0.0000 | cumQ=     0 | bc_coef=0.000 | sps=503
[ 460/488] step= 471040 | ep=  732 | return= 0.000 | guided%=  0.0 | bc=0.0000 | cumQ=     0 | bc_coef=0.000 | sps=503
[ 470/488] step= 481280 | ep=  748 | return= 0.000 | guided%=  0.0 | bc=0.0000 | cumQ=     0 | bc_coef=0.000 | sps=503
[ 480/488] step= 491520 | ep=  764 | return= 0.000 | guided%=  0.0 | bc=0.0000 | cumQ=     0 | bc_coef=0.000 | sps=503
Generating plots...
Saved → figures/baseline__MiniGrid-DoorKey-8x8-v0__seed4__1777372628.png
Plots → figures/baseline__MiniGrid-DoorKey-8x8-v0__seed4__1777372628.png
=== Oracle gratuit       (cost=0.000) | seed=5 ===
Run: oracle_free__MiniGrid-DoorKey-8x8-v0__seed5__1777373629
  device=cuda, batch=1024, updates=488
  CSV → logs/oracle_free__MiniGrid-DoorKey-8x8-v0__seed5__1777373629.csv
  obs=(64, 64, 3), n_actions=8, query_action=7
  params=67,167,753
[   1/488] step=   1024 | ep=    0 | return=   nan | guided%=  nan | bc=0.0000 | cumQ=   114 | bc_coef=0.000 | sps=342
[  10/488] step=  10240 | ep=   33 | return= 0.578 | guided%= 15.3 | bc=0.0000 | cumQ=  1431 | bc_coef=0.000 | sps=470
[  20/488] step=  20480 | ep=  302 | return= 0.964 | guided%= 70.1 | bc=0.0000 | cumQ=  6435 | bc_coef=0.000 | sps=474
[  30/488] step=  30720 | ep=  818 | return= 0.975 | guided%= 81.2 | bc=0.0000 | cumQ= 14598 | bc_coef=0.000 | sps=469
[  40/488] step=  40960 | ep= 1365 | return= 0.975 | guided%= 89.5 | bc=0.0000 | cumQ= 23401 | bc_coef=0.000 | sps=466
[  50/488] step=  51200 | ep= 1915 | return= 0.976 | guided%= 91.2 | bc=0.0000 | cumQ= 32328 | bc_coef=0.000 | sps=464
[  60/488] step=  61440 | ep= 2492 | return= 0.977 | guided%= 90.2 | bc=0.0000 | cumQ= 41604 | bc_coef=0.000 | sps=463
[  70/488] step=  71680 | ep= 3045 | return= 0.976 | guided%= 88.9 | bc=0.0000 | cumQ= 50738 | bc_coef=0.000 | sps=462
[  80/488] step=  81920 | ep= 3601 | return= 0.977 | guided%= 87.2 | bc=0.0000 | cumQ= 59585 | bc_coef=0.000 | sps=461
[  90/488] step=  92160 | ep= 4153 | return= 0.975 | guided%= 86.1 | bc=0.0000 | cumQ= 68195 | bc_coef=0.000 | sps=461
[ 100/488] step= 102400 | ep= 4724 | return= 0.977 | guided%= 87.9 | bc=0.0000 | cumQ= 77202 | bc_coef=0.000 | sps=460
[ 110/488] step= 112640 | ep= 5306 | return= 0.976 | guided%= 89.1 | bc=0.0000 | cumQ= 86287 | bc_coef=0.000 | sps=460
[ 120/488] step= 122880 | ep= 5872 | return= 0.976 | guided%= 87.6 | bc=0.0000 | cumQ= 95220 | bc_coef=0.000 | sps=460
[ 130/488] step= 133120 | ep= 6429 | return= 0.976 | guided%= 82.7 | bc=0.0000 | cumQ=103752 | bc_coef=0.000 | sps=459
[ 140/488] step= 143360 | ep= 6992 | return= 0.976 | guided%= 85.2 | bc=0.0000 | cumQ=112304 | bc_coef=0.000 | sps=459
[ 150/488] step= 153600 | ep= 7556 | return= 0.976 | guided%= 85.7 | bc=0.0000 | cumQ=120927 | bc_coef=0.000 | sps=459
[ 160/488] step= 163840 | ep= 8132 | return= 0.976 | guided%= 88.1 | bc=0.0000 | cumQ=129859 | bc_coef=0.000 | sps=458
[ 170/488] step= 174080 | ep= 8703 | return= 0.975 | guided%= 87.6 | bc=0.0000 | cumQ=138832 | bc_coef=0.000 | sps=458
[ 180/488] step= 184320 | ep= 9268 | return= 0.977 | guided%= 87.5 | bc=0.0000 | cumQ=147813 | bc_coef=0.000 | sps=458
[ 190/488] step= 194560 | ep= 9838 | return= 0.976 | guided%= 88.4 | bc=0.0000 | cumQ=156920 | bc_coef=0.000 | sps=458
[ 200/488] step= 204800 | ep=10417 | return= 0.977 | guided%= 88.5 | bc=0.0000 | cumQ=166105 | bc_coef=0.000 | sps=457
[ 210/488] step= 215040 | ep=10980 | return= 0.976 | guided%= 85.1 | bc=0.0000 | cumQ=175024 | bc_coef=0.000 | sps=457
[ 220/488] step= 225280 | ep=11521 | return= 0.975 | guided%= 78.3 | bc=0.0000 | cumQ=183030 | bc_coef=0.000 | sps=457
[ 230/488] step= 235520 | ep=12076 | return= 0.975 | guided%= 85.1 | bc=0.0000 | cumQ=191464 | bc_coef=0.000 | sps=457
[ 240/488] step= 245760 | ep=12640 | return= 0.976 | guided%= 78.3 | bc=0.0000 | cumQ=200031 | bc_coef=0.000 | sps=457
[ 250/488] step= 256000 | ep=13215 | return= 0.976 | guided%= 77.6 | bc=0.0000 | cumQ=208080 | bc_coef=0.000 | sps=457
[ 260/488] step= 266240 | ep=13783 | return= 0.976 | guided%= 80.7 | bc=0.0000 | cumQ=216459 | bc_coef=0.000 | sps=457
[ 270/488] step= 276480 | ep=14367 | return= 0.977 | guided%= 78.8 | bc=0.0000 | cumQ=224630 | bc_coef=0.000 | sps=457
[ 280/488] step= 286720 | ep=14907 | return= 0.970 | guided%= 78.4 | bc=0.0000 | cumQ=232298 | bc_coef=0.000 | sps=457
[ 290/488] step= 296960 | ep=15481 | return= 0.976 | guided%= 82.5 | bc=0.0000 | cumQ=240509 | bc_coef=0.000 | sps=457
[ 300/488] step= 307200 | ep=16053 | return= 0.976 | guided%= 84.2 | bc=0.0000 | cumQ=249122 | bc_coef=0.000 | sps=457
[ 310/488] step= 317440 | ep=16632 | return= 0.977 | guided%= 85.2 | bc=0.0000 | cumQ=257808 | bc_coef=0.000 | sps=457
[ 320/488] step= 327680 | ep=17206 | return= 0.977 | guided%= 85.6 | bc=0.0000 | cumQ=266521 | bc_coef=0.000 | sps=457
[ 330/488] step= 337920 | ep=17779 | return= 0.976 | guided%= 87.8 | bc=0.0000 | cumQ=275592 | bc_coef=0.000 | sps=457
[ 340/488] step= 348160 | ep=18351 | return= 0.976 | guided%= 89.0 | bc=0.0000 | cumQ=284715 | bc_coef=0.000 | sps=457
[ 350/488] step= 358400 | ep=18926 | return= 0.977 | guided%= 88.6 | bc=0.0000 | cumQ=293847 | bc_coef=0.000 | sps=456
[ 360/488] step= 368640 | ep=19500 | return= 0.976 | guided%= 90.7 | bc=0.0000 | cumQ=303074 | bc_coef=0.000 | sps=456
[ 370/488] step= 378880 | ep=20079 | return= 0.977 | guided%= 88.3 | bc=0.0000 | cumQ=312272 | bc_coef=0.000 | sps=456
[ 380/488] step= 389120 | ep=20656 | return= 0.978 | guided%= 90.3 | bc=0.0000 | cumQ=321486 | bc_coef=0.000 | sps=456
[ 390/488] step= 399360 | ep=21224 | return= 0.976 | guided%= 90.0 | bc=0.0000 | cumQ=330735 | bc_coef=0.000 | sps=456
[ 400/488] step= 409600 | ep=21794 | return= 0.976 | guided%= 93.1 | bc=0.0000 | cumQ=340164 | bc_coef=0.000 | sps=456
[ 410/488] step= 419840 | ep=22371 | return= 0.977 | guided%= 90.4 | bc=0.0000 | cumQ=349582 | bc_coef=0.000 | sps=456
[ 420/488] step= 430080 | ep=22951 | return= 0.977 | guided%= 92.9 | bc=0.0000 | cumQ=358915 | bc_coef=0.000 | sps=456
[ 430/488] step= 440320 | ep=23524 | return= 0.977 | guided%= 93.4 | bc=0.0000 | cumQ=368424 | bc_coef=0.000 | sps=456
[ 440/488] step= 450560 | ep=24109 | return= 0.976 | guided%= 93.8 | bc=0.0000 | cumQ=378028 | bc_coef=0.000 | sps=456
[ 450/488] step= 460800 | ep=24683 | return= 0.976 | guided%= 94.2 | bc=0.0000 | cumQ=387668 | bc_coef=0.000 | sps=456
[ 460/488] step= 471040 | ep=25265 | return= 0.977 | guided%= 93.7 | bc=0.0000 | cumQ=397303 | bc_coef=0.000 | sps=456
[ 470/488] step= 481280 | ep=25841 | return= 0.976 | guided%= 91.7 | bc=0.0000 | cumQ=406849 | bc_coef=0.000 | sps=456
[ 480/488] step= 491520 | ep=26414 | return= 0.977 | guided%= 93.3 | bc=0.0000 | cumQ=416364 | bc_coef=0.000 | sps=456
Generating plots...
Plots → figures/oracle_free__MiniGrid-DoorKey-8x8-v0__seed5__1777373629.png
=== Oracle payant faible (cost=0.005) | seed=5 ===
Run: oracle_paid_0005__MiniGrid-DoorKey-8x8-v0__seed5__1777374735
  device=cuda, batch=1024, updates=488
  CSV → logs/oracle_paid_0005__MiniGrid-DoorKey-8x8-v0__seed5__1777374735.csv
  obs=(64, 64, 3), n_actions=8, query_action=7
  params=67,167,753
[   1/488] step=   1024 | ep=    0 | return=   nan | guided%=  nan | bc=0.0000 | cumQ=   114 | bc_coef=0.000 | sps=332
[  10/488] step=  10240 | ep=   18 | return= 0.153 | guided%= 10.0 | bc=0.0000 | cumQ=   888 | bc_coef=0.000 | sps=467
[  20/488] step=  20480 | ep=   40 | return= 0.102 | guided%=  8.1 | bc=0.0000 | cumQ=  1526 | bc_coef=0.000 | sps=479
[  30/488] step=  30720 | ep=   77 | return= 0.289 | guided%=  8.6 | bc=0.0000 | cumQ=  2362 | bc_coef=0.000 | sps=484
[  40/488] step=  40960 | ep=  252 | return= 0.874 | guided%= 35.4 | bc=0.0000 | cumQ=  4891 | bc_coef=0.000 | sps=484
[  50/488] step=  51200 | ep=  684 | return= 0.907 | guided%= 62.0 | bc=0.0000 | cumQ= 11047 | bc_coef=0.000 | sps=480
[  60/488] step=  61440 | ep= 1226 | return= 0.918 | guided%= 62.7 | bc=0.0000 | cumQ= 17682 | bc_coef=0.000 | sps=477
[  70/488] step=  71680 | ep= 1780 | return= 0.920 | guided%= 58.5 | bc=0.0000 | cumQ= 23865 | bc_coef=0.000 | sps=474
[  80/488] step=  81920 | ep= 2339 | return= 0.921 | guided%= 58.3 | bc=0.0000 | cumQ= 29908 | bc_coef=0.000 | sps=472
[  90/488] step=  92160 | ep= 2913 | return= 0.922 | guided%= 62.6 | bc=0.0000 | cumQ= 36112 | bc_coef=0.000 | sps=471
[ 100/488] step= 102400 | ep= 3479 | return= 0.922 | guided%= 58.5 | bc=0.0000 | cumQ= 42308 | bc_coef=0.000 | sps=469
[ 110/488] step= 112640 | ep= 4050 | return= 0.923 | guided%= 61.4 | bc=0.0000 | cumQ= 48522 | bc_coef=0.000 | sps=468
[ 120/488] step= 122880 | ep= 4621 | return= 0.922 | guided%= 60.9 | bc=0.0000 | cumQ= 54972 | bc_coef=0.000 | sps=467
[ 130/488] step= 133120 | ep= 5202 | return= 0.922 | guided%= 60.3 | bc=0.0000 | cumQ= 61078 | bc_coef=0.000 | sps=466
[ 140/488] step= 143360 | ep= 5772 | return= 0.922 | guided%= 59.8 | bc=0.0000 | cumQ= 67132 | bc_coef=0.000 | sps=465
[ 150/488] step= 153600 | ep= 6321 | return= 0.916 | guided%= 59.3 | bc=0.0000 | cumQ= 72963 | bc_coef=0.000 | sps=465
[ 160/488] step= 163840 | ep= 6898 | return= 0.926 | guided%= 56.2 | bc=0.0000 | cumQ= 78864 | bc_coef=0.000 | sps=464
[ 170/488] step= 174080 | ep= 7464 | return= 0.921 | guided%= 58.3 | bc=0.0000 | cumQ= 84779 | bc_coef=0.000 | sps=464
[ 180/488] step= 184320 | ep= 8040 | return= 0.925 | guided%= 57.0 | bc=0.0000 | cumQ= 90720 | bc_coef=0.000 | sps=463
[ 190/488] step= 194560 | ep= 8611 | return= 0.921 | guided%= 60.0 | bc=0.0000 | cumQ= 96662 | bc_coef=0.000 | sps=463
[ 200/488] step= 204800 | ep= 9187 | return= 0.928 | guided%= 56.9 | bc=0.0000 | cumQ=102724 | bc_coef=0.000 | sps=463
[ 210/488] step= 215040 | ep= 9735 | return= 0.925 | guided%= 51.4 | bc=0.0000 | cumQ=108340 | bc_coef=0.000 | sps=463
[ 220/488] step= 225280 | ep=10250 | return= 0.925 | guided%= 56.1 | bc=0.0000 | cumQ=113700 | bc_coef=0.000 | sps=462
[ 230/488] step= 235520 | ep=10802 | return= 0.927 | guided%= 56.7 | bc=0.0000 | cumQ=119344 | bc_coef=0.000 | sps=462
[ 240/488] step= 245760 | ep=11371 | return= 0.924 | guided%= 58.5 | bc=0.0000 | cumQ=125277 | bc_coef=0.000 | sps=462
[ 250/488] step= 256000 | ep=11931 | return= 0.923 | guided%= 59.0 | bc=0.0000 | cumQ=131150 | bc_coef=0.000 | sps=462
[ 260/488] step= 266240 | ep=12481 | return= 0.920 | guided%= 60.4 | bc=0.0000 | cumQ=137008 | bc_coef=0.000 | sps=462
[ 270/488] step= 276480 | ep=13048 | return= 0.924 | guided%= 57.7 | bc=0.0000 | cumQ=142814 | bc_coef=0.000 | sps=462
[ 280/488] step= 286720 | ep=13612 | return= 0.923 | guided%= 58.3 | bc=0.0000 | cumQ=148557 | bc_coef=0.000 | sps=462
[ 290/488] step= 296960 | ep=14193 | return= 0.925 | guided%= 57.5 | bc=0.0000 | cumQ=154461 | bc_coef=0.000 | sps=461
[ 300/488] step= 307200 | ep=14769 | return= 0.924 | guided%= 58.5 | bc=0.0000 | cumQ=160411 | bc_coef=0.000 | sps=461
[ 310/488] step= 317440 | ep=15338 | return= 0.925 | guided%= 56.9 | bc=0.0000 | cumQ=166142 | bc_coef=0.000 | sps=461
[ 320/488] step= 327680 | ep=15908 | return= 0.924 | guided%= 56.9 | bc=0.0000 | cumQ=172079 | bc_coef=0.000 | sps=461
[ 330/488] step= 337920 | ep=16477 | return= 0.926 | guided%= 55.6 | bc=0.0000 | cumQ=177948 | bc_coef=0.000 | sps=461
[ 340/488] step= 348160 | ep=17052 | return= 0.929 | guided%= 52.9 | bc=0.0000 | cumQ=183641 | bc_coef=0.000 | sps=461
[ 350/488] step= 358400 | ep=17614 | return= 0.926 | guided%= 54.9 | bc=0.0000 | cumQ=189323 | bc_coef=0.000 | sps=461
[ 360/488] step= 368640 | ep=18179 | return= 0.923 | guided%= 57.7 | bc=0.0000 | cumQ=195255 | bc_coef=0.000 | sps=461
[ 370/488] step= 378880 | ep=18748 | return= 0.926 | guided%= 57.1 | bc=0.0000 | cumQ=201150 | bc_coef=0.000 | sps=461
[ 380/488] step= 389120 | ep=19252 | return= 0.915 | guided%= 57.2 | bc=0.0000 | cumQ=206563 | bc_coef=0.000 | sps=461
[ 390/488] step= 399360 | ep=19826 | return= 0.924 | guided%= 57.2 | bc=0.0000 | cumQ=212514 | bc_coef=0.000 | sps=461
[ 400/488] step= 409600 | ep=20399 | return= 0.926 | guided%= 56.1 | bc=0.0000 | cumQ=218339 | bc_coef=0.000 | sps=461
[ 410/488] step= 419840 | ep=20952 | return= 0.922 | guided%= 55.6 | bc=0.0000 | cumQ=223979 | bc_coef=0.000 | sps=460
[ 420/488] step= 430080 | ep=21504 | return= 0.925 | guided%= 56.4 | bc=0.0000 | cumQ=229601 | bc_coef=0.000 | sps=460
[ 430/488] step= 440320 | ep=22073 | return= 0.923 | guided%= 58.5 | bc=0.0000 | cumQ=235427 | bc_coef=0.000 | sps=460
[ 440/488] step= 450560 | ep=22648 | return= 0.926 | guided%= 56.8 | bc=0.0000 | cumQ=241262 | bc_coef=0.000 | sps=460
[ 450/488] step= 460800 | ep=23220 | return= 0.926 | guided%= 57.3 | bc=0.0000 | cumQ=247155 | bc_coef=0.000 | sps=460
[ 460/488] step= 471040 | ep=23798 | return= 0.921 | guided%= 59.0 | bc=0.0000 | cumQ=253020 | bc_coef=0.000 | sps=460
[ 470/488] step= 481280 | ep=24375 | return= 0.927 | guided%= 53.8 | bc=0.0000 | cumQ=258776 | bc_coef=0.000 | sps=460
[ 480/488] step= 491520 | ep=24947 | return= 0.925 | guided%= 55.4 | bc=0.0000 | cumQ=264640 | bc_coef=0.000 | sps=460
Generating plots...
Plots → figures/oracle_paid_0005__MiniGrid-DoorKey-8x8-v0__seed5__1777374735.png
=== Oracle payant moyen  (cost=0.010) | seed=5 ===
Run: oracle_paid_001__MiniGrid-DoorKey-8x8-v0__seed5__1777375832
  device=cuda, batch=1024, updates=488
  CSV → logs/oracle_paid_001__MiniGrid-DoorKey-8x8-v0__seed5__1777375832.csv
  obs=(64, 64, 3), n_actions=8, query_action=7
  params=67,167,753
[   1/488] step=   1024 | ep=    0 | return=   nan | guided%=  nan | bc=0.0000 | cumQ=   114 | bc_coef=0.000 | sps=316
[  10/488] step=  10240 | ep=   19 | return= 0.052 | guided%=  8.6 | bc=0.0000 | cumQ=   731 | bc_coef=0.000 | sps=463
[  20/488] step=  20480 | ep=   35 | return=-0.015 | guided%=  5.4 | bc=0.0000 | cumQ=   816 | bc_coef=0.000 | sps=478
  *** First unguided success — episode 38 ***
[  30/488] step=  30720 | ep=   52 | return= 0.016 | guided%=  3.7 | bc=0.0000 | cumQ=   829 | bc_coef=0.000 | sps=485
[  40/488] step=  40960 | ep=   69 | return= 0.031 | guided%=  2.8 | bc=0.0000 | cumQ=   835 | bc_coef=0.000 | sps=489
[  50/488] step=  51200 | ep=   85 | return= 0.023 | guided%=  2.3 | bc=0.0000 | cumQ=   851 | bc_coef=0.000 | sps=490
[  60/488] step=  61440 | ep=  101 | return= 0.013 | guided%=  1.8 | bc=0.0000 | cumQ=   874 | bc_coef=0.000 | sps=492
[  70/488] step=  71680 | ep=  117 | return= 0.020 | guided%=  0.5 | bc=0.0000 | cumQ=   887 | bc_coef=0.000 | sps=495
[  80/488] step=  81920 | ep=  133 | return= 0.027 | guided%=  0.1 | bc=0.0000 | cumQ=   892 | bc_coef=0.000 | sps=496
[  90/488] step=  92160 | ep=  149 | return= 0.013 | guided%=  0.1 | bc=0.0000 | cumQ=   903 | bc_coef=0.000 | sps=497
[ 100/488] step= 102400 | ep=  167 | return= 0.028 | guided%=  0.1 | bc=0.0000 | cumQ=   904 | bc_coef=0.000 | sps=498
[ 110/488] step= 112640 | ep=  183 | return= 0.035 | guided%=  0.1 | bc=0.0000 | cumQ=   907 | bc_coef=0.000 | sps=498
[ 120/488] step= 122880 | ep=  198 | return= 0.035 | guided%=  0.1 | bc=0.0000 | cumQ=   913 | bc_coef=0.000 | sps=498
[ 130/488] step= 133120 | ep=  214 | return= 0.037 | guided%=  0.0 | bc=0.0000 | cumQ=   914 | bc_coef=0.000 | sps=498
[ 140/488] step= 143360 | ep=  232 | return= 0.051 | guided%=  0.0 | bc=0.0000 | cumQ=   915 | bc_coef=0.000 | sps=498
[ 150/488] step= 153600 | ep=  248 | return= 0.055 | guided%=  0.0 | bc=0.0000 | cumQ=   915 | bc_coef=0.000 | sps=498
[ 160/488] step= 163840 | ep=  264 | return= 0.034 | guided%=  0.0 | bc=0.0000 | cumQ=   917 | bc_coef=0.000 | sps=498
[ 170/488] step= 174080 | ep=  284 | return= 0.046 | guided%=  0.0 | bc=0.0000 | cumQ=   919 | bc_coef=0.000 | sps=498
[ 180/488] step= 184320 | ep=  301 | return= 0.055 | guided%=  0.0 | bc=0.0000 | cumQ=   922 | bc_coef=0.000 | sps=499
[ 190/488] step= 194560 | ep=  318 | return= 0.055 | guided%=  0.0 | bc=0.0000 | cumQ=   926 | bc_coef=0.000 | sps=499
[ 200/488] step= 204800 | ep=  336 | return= 0.080 | guided%=  0.0 | bc=0.0000 | cumQ=   932 | bc_coef=0.000 | sps=499
[ 210/488] step= 215040 | ep=  354 | return= 0.093 | guided%=  0.0 | bc=0.0000 | cumQ=   935 | bc_coef=0.000 | sps=499
[ 220/488] step= 225280 | ep=  372 | return= 0.085 | guided%=  0.0 | bc=0.0000 | cumQ=   939 | bc_coef=0.000 | sps=500
[ 230/488] step= 235520 | ep=  390 | return= 0.090 | guided%=  0.0 | bc=0.0000 | cumQ=   946 | bc_coef=0.000 | sps=500
[ 240/488] step= 245760 | ep=  407 | return= 0.086 | guided%=  0.0 | bc=0.0000 | cumQ=   951 | bc_coef=0.000 | sps=500
[ 250/488] step= 256000 | ep=  423 | return= 0.087 | guided%=  0.0 | bc=0.0000 | cumQ=   951 | bc_coef=0.000 | sps=500
[ 260/488] step= 266240 | ep=  440 | return= 0.076 | guided%=  0.0 | bc=0.0000 | cumQ=   951 | bc_coef=0.000 | sps=500
[ 270/488] step= 276480 | ep=  457 | return= 0.066 | guided%=  0.0 | bc=0.0000 | cumQ=   953 | bc_coef=0.000 | sps=500
[ 280/488] step= 286720 | ep=  473 | return= 0.063 | guided%=  0.0 | bc=0.0000 | cumQ=   962 | bc_coef=0.000 | sps=500
[ 290/488] step= 296960 | ep=  491 | return= 0.061 | guided%=  0.0 | bc=0.0000 | cumQ=   970 | bc_coef=0.000 | sps=500
[ 300/488] step= 307200 | ep=  507 | return= 0.053 | guided%=  0.0 | bc=0.0000 | cumQ=   970 | bc_coef=0.000 | sps=500
[ 310/488] step= 317440 | ep=  523 | return= 0.050 | guided%=  0.0 | bc=0.0000 | cumQ=   972 | bc_coef=0.000 | sps=500
[ 320/488] step= 327680 | ep=  540 | return= 0.039 | guided%=  0.0 | bc=0.0000 | cumQ=   974 | bc_coef=0.000 | sps=500
[ 330/488] step= 337920 | ep=  556 | return= 0.040 | guided%=  0.0 | bc=0.0000 | cumQ=   974 | bc_coef=0.000 | sps=500
[ 340/488] step= 348160 | ep=  573 | return= 0.039 | guided%=  0.0 | bc=0.0000 | cumQ=   975 | bc_coef=0.000 | sps=500
[ 350/488] step= 358400 | ep=  593 | return= 0.055 | guided%=  0.0 | bc=0.0000 | cumQ=   978 | bc_coef=0.000 | sps=500
[ 360/488] step= 368640 | ep=  609 | return= 0.055 | guided%=  0.0 | bc=0.0000 | cumQ=   979 | bc_coef=0.000 | sps=500
[ 370/488] step= 378880 | ep=  627 | return= 0.076 | guided%=  0.0 | bc=0.0000 | cumQ=   980 | bc_coef=0.000 | sps=500
[ 380/488] step= 389120 | ep=  643 | return= 0.078 | guided%=  0.0 | bc=0.0000 | cumQ=   980 | bc_coef=0.000 | sps=500
[ 390/488] step= 399360 | ep=  660 | return= 0.098 | guided%=  0.0 | bc=0.0000 | cumQ=   980 | bc_coef=0.000 | sps=500
[ 400/488] step= 409600 | ep=  676 | return= 0.086 | guided%=  0.0 | bc=0.0000 | cumQ=   980 | bc_coef=0.000 | sps=501
[ 410/488] step= 419840 | ep=  694 | return= 0.084 | guided%=  0.0 | bc=0.0000 | cumQ=   980 | bc_coef=0.000 | sps=501
[ 420/488] step= 430080 | ep=  711 | return= 0.095 | guided%=  0.0 | bc=0.0000 | cumQ=   980 | bc_coef=0.000 | sps=501
[ 430/488] step= 440320 | ep=  728 | return= 0.075 | guided%=  0.0 | bc=0.0000 | cumQ=   980 | bc_coef=0.000 | sps=501
[ 440/488] step= 450560 | ep=  745 | return= 0.076 | guided%=  0.0 | bc=0.0000 | cumQ=   980 | bc_coef=0.000 | sps=501
[ 450/488] step= 460800 | ep=  761 | return= 0.053 | guided%=  0.0 | bc=0.0000 | cumQ=   981 | bc_coef=0.000 | sps=501
[ 460/488] step= 471040 | ep=  778 | return= 0.055 | guided%=  0.0 | bc=0.0000 | cumQ=   982 | bc_coef=0.000 | sps=501
[ 470/488] step= 481280 | ep=  795 | return= 0.041 | guided%=  0.0 | bc=0.0000 | cumQ=   983 | bc_coef=0.000 | sps=501
[ 480/488] step= 491520 | ep=  812 | return= 0.039 | guided%=  0.0 | bc=0.0000 | cumQ=   983 | bc_coef=0.000 | sps=501
Generating plots...
Saved → figures/oracle_paid_001__MiniGrid-DoorKey-8x8-v0__seed5__1777375832.png
Plots → figures/oracle_paid_001__MiniGrid-DoorKey-8x8-v0__seed5__1777375832.png
=== Baseline PPO                      | seed=5 ===
Run: baseline__MiniGrid-DoorKey-8x8-v0__seed5__1777376839
  device=cuda, batch=1024, updates=488
  CSV → logs/baseline__MiniGrid-DoorKey-8x8-v0__seed5__1777376839.csv
  obs=(64, 64, 3), n_actions=7, query_action=6
  params=67,167,496
[   1/488] step=   1024 | ep=    0 | return=   nan | guided%=  nan | bc=0.0000 | cumQ=     0 | bc_coef=0.000 | sps=333
[  10/488] step=  10240 | ep=    8 | return= 0.000 | guided%=  0.0 | bc=0.0000 | cumQ=     0 | bc_coef=0.000 | sps=481
  *** First unguided success — episode 25 ***
[  20/488] step=  20480 | ep=   25 | return= 0.014 | guided%=  0.0 | bc=0.0000 | cumQ=     0 | bc_coef=0.000 | sps=494
[  30/488] step=  30720 | ep=   41 | return= 0.009 | guided%=  0.0 | bc=0.0000 | cumQ=     0 | bc_coef=0.000 | sps=498
[  40/488] step=  40960 | ep=   57 | return= 0.006 | guided%=  0.0 | bc=0.0000 | cumQ=     0 | bc_coef=0.000 | sps=501
[  50/488] step=  51200 | ep=   75 | return= 0.021 | guided%=  0.0 | bc=0.0000 | cumQ=     0 | bc_coef=0.000 | sps=502
[  60/488] step=  61440 | ep=   91 | return= 0.017 | guided%=  0.0 | bc=0.0000 | cumQ=     0 | bc_coef=0.000 | sps=503
[  70/488] step=  71680 | ep=  108 | return= 0.022 | guided%=  0.0 | bc=0.0000 | cumQ=     0 | bc_coef=0.000 | sps=504
[  80/488] step=  81920 | ep=  124 | return= 0.022 | guided%=  0.0 | bc=0.0000 | cumQ=     0 | bc_coef=0.000 | sps=504
[  90/488] step=  92160 | ep=  140 | return= 0.018 | guided%=  0.0 | bc=0.0000 | cumQ=     0 | bc_coef=0.000 | sps=504
[ 100/488] step= 102400 | ep=  157 | return= 0.024 | guided%=  0.0 | bc=0.0000 | cumQ=     0 | bc_coef=0.000 | sps=505
[ 110/488] step= 112640 | ep=  173 | return= 0.012 | guided%=  0.0 | bc=0.0000 | cumQ=     0 | bc_coef=0.000 | sps=505
[ 120/488] step= 122880 | ep=  189 | return= 0.012 | guided%=  0.0 | bc=0.0000 | cumQ=     0 | bc_coef=0.000 | sps=506
[ 130/488] step= 133120 | ep=  206 | return= 0.013 | guided%=  0.0 | bc=0.0000 | cumQ=     0 | bc_coef=0.000 | sps=506
[ 140/488] step= 143360 | ep=  222 | return= 0.015 | guided%=  0.0 | bc=0.0000 | cumQ=     0 | bc_coef=0.000 | sps=506
[ 150/488] step= 153600 | ep=  238 | return= 0.016 | guided%=  0.0 | bc=0.0000 | cumQ=     0 | bc_coef=0.000 | sps=506
[ 160/488] step= 163840 | ep=  254 | return= 0.019 | guided%=  0.0 | bc=0.0000 | cumQ=     0 | bc_coef=0.000 | sps=506
[ 170/488] step= 174080 | ep=  270 | return= 0.013 | guided%=  0.0 | bc=0.0000 | cumQ=     0 | bc_coef=0.000 | sps=506
[ 180/488] step= 184320 | ep=  286 | return= 0.013 | guided%=  0.0 | bc=0.0000 | cumQ=     0 | bc_coef=0.000 | sps=507
[ 190/488] step= 194560 | ep=  302 | return= 0.009 | guided%=  0.0 | bc=0.0000 | cumQ=     0 | bc_coef=0.000 | sps=507
[ 200/488] step= 204800 | ep=  318 | return= 0.009 | guided%=  0.0 | bc=0.0000 | cumQ=     0 | bc_coef=0.000 | sps=507
[ 210/488] step= 215040 | ep=  334 | return= 0.008 | guided%=  0.0 | bc=0.0000 | cumQ=     0 | bc_coef=0.000 | sps=507
[ 220/488] step= 225280 | ep=  350 | return= 0.003 | guided%=  0.0 | bc=0.0000 | cumQ=     0 | bc_coef=0.000 | sps=507
[ 230/488] step= 235520 | ep=  367 | return= 0.006 | guided%=  0.0 | bc=0.0000 | cumQ=     0 | bc_coef=0.000 | sps=507
[ 240/488] step= 245760 | ep=  384 | return= 0.015 | guided%=  0.0 | bc=0.0000 | cumQ=     0 | bc_coef=0.000 | sps=507
[ 250/488] step= 256000 | ep=  400 | return= 0.012 | guided%=  0.0 | bc=0.0000 | cumQ=     0 | bc_coef=0.000 | sps=507
[ 260/488] step= 266240 | ep=  416 | return= 0.020 | guided%=  0.0 | bc=0.0000 | cumQ=     0 | bc_coef=0.000 | sps=507
[ 270/488] step= 276480 | ep=  432 | return= 0.028 | guided%=  0.0 | bc=0.0000 | cumQ=     0 | bc_coef=0.000 | sps=508
[ 280/488] step= 286720 | ep=  448 | return= 0.028 | guided%=  0.0 | bc=0.0000 | cumQ=     0 | bc_coef=0.000 | sps=508
[ 290/488] step= 296960 | ep=  465 | return= 0.028 | guided%=  0.0 | bc=0.0000 | cumQ=     0 | bc_coef=0.000 | sps=508
[ 300/488] step= 307200 | ep=  481 | return= 0.019 | guided%=  0.0 | bc=0.0000 | cumQ=     0 | bc_coef=0.000 | sps=508
[ 310/488] step= 317440 | ep=  497 | return= 0.019 | guided%=  0.0 | bc=0.0000 | cumQ=     0 | bc_coef=0.000 | sps=508
[ 320/488] step= 327680 | ep=  513 | return= 0.012 | guided%=  0.0 | bc=0.0000 | cumQ=     0 | bc_coef=0.000 | sps=509
[ 330/488] step= 337920 | ep=  529 | return= 0.018 | guided%=  0.0 | bc=0.0000 | cumQ=     0 | bc_coef=0.000 | sps=509
[ 340/488] step= 348160 | ep=  545 | return= 0.010 | guided%=  0.0 | bc=0.0000 | cumQ=     0 | bc_coef=0.000 | sps=509
[ 350/488] step= 358400 | ep=  561 | return= 0.010 | guided%=  0.0 | bc=0.0000 | cumQ=     0 | bc_coef=0.000 | sps=509
[ 360/488] step= 368640 | ep=  578 | return= 0.014 | guided%=  0.0 | bc=0.0000 | cumQ=     0 | bc_coef=0.000 | sps=509
[ 370/488] step= 378880 | ep=  594 | return= 0.014 | guided%=  0.0 | bc=0.0000 | cumQ=     0 | bc_coef=0.000 | sps=509
[ 380/488] step= 389120 | ep=  610 | return= 0.013 | guided%=  0.0 | bc=0.0000 | cumQ=     0 | bc_coef=0.000 | sps=510
[ 390/488] step= 399360 | ep=  626 | return= 0.012 | guided%=  0.0 | bc=0.0000 | cumQ=     0 | bc_coef=0.000 | sps=510
[ 400/488] step= 409600 | ep=  642 | return= 0.016 | guided%=  0.0 | bc=0.0000 | cumQ=     0 | bc_coef=0.000 | sps=510
[ 410/488] step= 419840 | ep=  658 | return= 0.016 | guided%=  0.0 | bc=0.0000 | cumQ=     0 | bc_coef=0.000 | sps=510
[ 420/488] step= 430080 | ep=  676 | return= 0.026 | guided%=  0.0 | bc=0.0000 | cumQ=     0 | bc_coef=0.000 | sps=510
[ 430/488] step= 440320 | ep=  692 | return= 0.028 | guided%=  0.0 | bc=0.0000 | cumQ=     0 | bc_coef=0.000 | sps=510
[ 440/488] step= 450560 | ep=  708 | return= 0.033 | guided%=  0.0 | bc=0.0000 | cumQ=     0 | bc_coef=0.000 | sps=510
[ 450/488] step= 460800 | ep=  727 | return= 0.046 | guided%=  0.0 | bc=0.0000 | cumQ=     0 | bc_coef=0.000 | sps=511
[ 460/488] step= 471040 | ep=  745 | return= 0.053 | guided%=  0.0 | bc=0.0000 | cumQ=     0 | bc_coef=0.000 | sps=511
[ 470/488] step= 481280 | ep=  761 | return= 0.053 | guided%=  0.0 | bc=0.0000 | cumQ=     0 | bc_coef=0.000 | sps=511
[ 480/488] step= 491520 | ep=  778 | return= 0.043 | guided%=  0.0 | bc=0.0000 | cumQ=     0 | bc_coef=0.000 | sps=511
Generating plots...
Saved → figures/baseline__MiniGrid-DoorKey-8x8-v0__seed5__1777376839.png
Plots → figures/baseline__MiniGrid-DoorKey-8x8-v0__seed5__1777376839.png
=== Oracle gratuit       (cost=0.000) | seed=6 ===
Run: oracle_free__MiniGrid-DoorKey-8x8-v0__seed6__1777377828
  device=cuda, batch=1024, updates=488
  CSV → logs/oracle_free__MiniGrid-DoorKey-8x8-v0__seed6__1777377828.csv
  obs=(64, 64, 3), n_actions=8, query_action=7
  params=67,167,753
[   1/488] step=   1024 | ep=    2 | return= 0.866 | guided%= 17.8 | bc=0.0000 | cumQ=   149 | bc_coef=0.000 | sps=305
[  10/488] step=  10240 | ep=   82 | return= 0.832 | guided%= 28.9 | bc=0.0000 | cumQ=  2364 | bc_coef=0.000 | sps=455
[  20/488] step=  20480 | ep=  481 | return= 0.972 | guided%= 79.0 | bc=0.0000 | cumQ=  9415 | bc_coef=0.000 | sps=458
[  30/488] step=  30720 | ep= 1014 | return= 0.976 | guided%= 90.3 | bc=0.0000 | cumQ= 18297 | bc_coef=0.000 | sps=457
[  40/488] step=  40960 | ep= 1580 | return= 0.977 | guided%= 92.4 | bc=0.0000 | cumQ= 27795 | bc_coef=0.000 | sps=455
[  50/488] step=  51200 | ep= 2146 | return= 0.976 | guided%= 92.2 | bc=0.0000 | cumQ= 37242 | bc_coef=0.000 | sps=454
[  60/488] step=  61440 | ep= 2682 | return= 0.975 | guided%= 93.6 | bc=0.0000 | cumQ= 46643 | bc_coef=0.000 | sps=453
[  70/488] step=  71680 | ep= 3223 | return= 0.967 | guided%= 94.2 | bc=0.0000 | cumQ= 56272 | bc_coef=0.000 | sps=453
[  80/488] step=  81920 | ep= 3789 | return= 0.976 | guided%= 94.0 | bc=0.0000 | cumQ= 65905 | bc_coef=0.000 | sps=453
[  90/488] step=  92160 | ep= 4370 | return= 0.977 | guided%= 94.1 | bc=0.0000 | cumQ= 75557 | bc_coef=0.000 | sps=453
[ 100/488] step= 102400 | ep= 4954 | return= 0.977 | guided%= 94.1 | bc=0.0000 | cumQ= 85209 | bc_coef=0.000 | sps=453
[ 110/488] step= 112640 | ep= 5535 | return= 0.977 | guided%= 94.1 | bc=0.0000 | cumQ= 94870 | bc_coef=0.000 | sps=452
[ 120/488] step= 122880 | ep= 5992 | return= 0.970 | guided%= 79.2 | bc=0.0000 | cumQ=102761 | bc_coef=0.000 | sps=453
[ 130/488] step= 133120 | ep= 6533 | return= 0.977 | guided%= 88.8 | bc=0.0000 | cumQ=111501 | bc_coef=0.000 | sps=453
[ 140/488] step= 143360 | ep= 7105 | return= 0.976 | guided%= 85.7 | bc=0.0000 | cumQ=120802 | bc_coef=0.000 | sps=453
[ 150/488] step= 153600 | ep= 7677 | return= 0.977 | guided%= 92.2 | bc=0.0000 | cumQ=129993 | bc_coef=0.000 | sps=453
[ 160/488] step= 163840 | ep= 8249 | return= 0.976 | guided%= 91.3 | bc=0.0000 | cumQ=139240 | bc_coef=0.000 | sps=453
[ 170/488] step= 174080 | ep= 8817 | return= 0.976 | guided%= 94.1 | bc=0.0000 | cumQ=148678 | bc_coef=0.000 | sps=453
[ 180/488] step= 184320 | ep= 9381 | return= 0.975 | guided%= 89.2 | bc=0.0000 | cumQ=158056 | bc_coef=0.000 | sps=453
[ 190/488] step= 194560 | ep= 9950 | return= 0.976 | guided%= 92.3 | bc=0.0000 | cumQ=167549 | bc_coef=0.000 | sps=453
[ 200/488] step= 204800 | ep=10514 | return= 0.975 | guided%= 85.6 | bc=0.0000 | cumQ=176576 | bc_coef=0.000 | sps=453
[ 210/488] step= 215040 | ep=11092 | return= 0.976 | guided%= 89.7 | bc=0.0000 | cumQ=185708 | bc_coef=0.000 | sps=453
[ 220/488] step= 225280 | ep=11663 | return= 0.976 | guided%= 91.2 | bc=0.0000 | cumQ=195095 | bc_coef=0.000 | sps=453
[ 230/488] step= 235520 | ep=12227 | return= 0.976 | guided%= 85.4 | bc=0.0000 | cumQ=203990 | bc_coef=0.000 | sps=453
[ 240/488] step= 245760 | ep=12804 | return= 0.977 | guided%= 88.3 | bc=0.0000 | cumQ=212932 | bc_coef=0.000 | sps=453
[ 250/488] step= 256000 | ep=13381 | return= 0.976 | guided%= 84.9 | bc=0.0000 | cumQ=221683 | bc_coef=0.000 | sps=453
[ 260/488] step= 266240 | ep=13954 | return= 0.977 | guided%= 86.0 | bc=0.0000 | cumQ=230506 | bc_coef=0.000 | sps=453
[ 270/488] step= 276480 | ep=14537 | return= 0.976 | guided%= 84.6 | bc=0.0000 | cumQ=239174 | bc_coef=0.000 | sps=453
[ 280/488] step= 286720 | ep=15108 | return= 0.976 | guided%= 86.0 | bc=0.0000 | cumQ=248003 | bc_coef=0.000 | sps=452
[ 290/488] step= 296960 | ep=15684 | return= 0.976 | guided%= 85.3 | bc=0.0000 | cumQ=256691 | bc_coef=0.000 | sps=452
[ 300/488] step= 307200 | ep=16257 | return= 0.976 | guided%= 91.0 | bc=0.0000 | cumQ=265799 | bc_coef=0.000 | sps=452
[ 310/488] step= 317440 | ep=16833 | return= 0.976 | guided%= 90.7 | bc=0.0000 | cumQ=275124 | bc_coef=0.000 | sps=452
[ 320/488] step= 327680 | ep=17405 | return= 0.976 | guided%= 86.7 | bc=0.0000 | cumQ=284148 | bc_coef=0.000 | sps=452
[ 330/488] step= 337920 | ep=17982 | return= 0.976 | guided%= 85.4 | bc=0.0000 | cumQ=293000 | bc_coef=0.000 | sps=452
[ 340/488] step= 348160 | ep=18545 | return= 0.976 | guided%= 85.5 | bc=0.0000 | cumQ=301855 | bc_coef=0.000 | sps=452
[ 350/488] step= 358400 | ep=19123 | return= 0.977 | guided%= 87.4 | bc=0.0000 | cumQ=310785 | bc_coef=0.000 | sps=452
[ 360/488] step= 368640 | ep=19696 | return= 0.976 | guided%= 87.8 | bc=0.0000 | cumQ=319747 | bc_coef=0.000 | sps=452
[ 370/488] step= 378880 | ep=20276 | return= 0.977 | guided%= 85.6 | bc=0.0000 | cumQ=328649 | bc_coef=0.000 | sps=452
[ 380/488] step= 389120 | ep=20856 | return= 0.976 | guided%= 86.3 | bc=0.0000 | cumQ=337500 | bc_coef=0.000 | sps=452
[ 390/488] step= 399360 | ep=21418 | return= 0.976 | guided%= 89.9 | bc=0.0000 | cumQ=346463 | bc_coef=0.000 | sps=452
[ 400/488] step= 409600 | ep=21994 | return= 0.976 | guided%= 90.9 | bc=0.0000 | cumQ=355695 | bc_coef=0.000 | sps=452
[ 410/488] step= 419840 | ep=22575 | return= 0.977 | guided%= 90.0 | bc=0.0000 | cumQ=364883 | bc_coef=0.000 | sps=452
[ 420/488] step= 430080 | ep=23149 | return= 0.976 | guided%= 88.1 | bc=0.0000 | cumQ=374023 | bc_coef=0.000 | sps=452
[ 430/488] step= 440320 | ep=23729 | return= 0.976 | guided%= 88.6 | bc=0.0000 | cumQ=383192 | bc_coef=0.000 | sps=452
[ 440/488] step= 450560 | ep=24312 | return= 0.976 | guided%= 88.7 | bc=0.0000 | cumQ=392298 | bc_coef=0.000 | sps=452
[ 450/488] step= 460800 | ep=24885 | return= 0.976 | guided%= 88.0 | bc=0.0000 | cumQ=401311 | bc_coef=0.000 | sps=452
[ 460/488] step= 471040 | ep=25465 | return= 0.977 | guided%= 87.7 | bc=0.0000 | cumQ=410269 | bc_coef=0.000 | sps=452
[ 470/488] step= 481280 | ep=26039 | return= 0.976 | guided%= 91.1 | bc=0.0000 | cumQ=419430 | bc_coef=0.000 | sps=452
[ 480/488] step= 491520 | ep=26619 | return= 0.976 | guided%= 89.0 | bc=0.0000 | cumQ=428621 | bc_coef=0.000 | sps=452
Generating plots...
Plots → figures/oracle_free__MiniGrid-DoorKey-8x8-v0__seed6__1777377828.png
=== Oracle payant faible (cost=0.005) | seed=6 ===
Run: oracle_paid_0005__MiniGrid-DoorKey-8x8-v0__seed6__1777378943
  device=cuda, batch=1024, updates=488
  CSV → logs/oracle_paid_0005__MiniGrid-DoorKey-8x8-v0__seed6__1777378943.csv
  obs=(64, 64, 3), n_actions=8, query_action=7
  params=67,167,753
[   1/488] step=   1024 | ep=    2 | return= 0.781 | guided%= 17.8 | bc=0.0000 | cumQ=   149 | bc_coef=0.000 | sps=338
[  10/488] step=  10240 | ep=  110 | return= 0.786 | guided%= 32.3 | bc=0.0000 | cumQ=  2412 | bc_coef=0.000 | sps=463
[  20/488] step=  20480 | ep=  542 | return= 0.888 | guided%= 81.8 | bc=0.0000 | cumQ=  9847 | bc_coef=0.000 | sps=462
[  30/488] step=  30720 | ep= 1066 | return= 0.889 | guided%= 84.2 | bc=0.0000 | cumQ= 18526 | bc_coef=0.000 | sps=460
[  40/488] step=  40960 | ep= 1611 | return= 0.903 | guided%= 80.7 | bc=0.0000 | cumQ= 27215 | bc_coef=0.000 | sps=458
[  50/488] step=  51200 | ep= 2158 | return= 0.910 | guided%= 69.1 | bc=0.0000 | cumQ= 34695 | bc_coef=0.000 | sps=458
[  60/488] step=  61440 | ep= 2706 | return= 0.913 | guided%= 68.7 | bc=0.0000 | cumQ= 41622 | bc_coef=0.000 | sps=458
[  70/488] step=  71680 | ep= 3273 | return= 0.910 | guided%= 70.8 | bc=0.0000 | cumQ= 48827 | bc_coef=0.000 | sps=457
[  80/488] step=  81920 | ep= 3837 | return= 0.917 | guided%= 65.3 | bc=0.0000 | cumQ= 55810 | bc_coef=0.000 | sps=457
[  90/488] step=  92160 | ep= 4404 | return= 0.915 | guided%= 64.8 | bc=0.0000 | cumQ= 62527 | bc_coef=0.000 | sps=457
[ 100/488] step= 102400 | ep= 4978 | return= 0.920 | guided%= 64.2 | bc=0.0000 | cumQ= 69200 | bc_coef=0.000 | sps=457
[ 110/488] step= 112640 | ep= 5514 | return= 0.913 | guided%= 66.2 | bc=0.0000 | cumQ= 75763 | bc_coef=0.000 | sps=457
[ 120/488] step= 122880 | ep= 6079 | return= 0.916 | guided%= 64.7 | bc=0.0000 | cumQ= 82562 | bc_coef=0.000 | sps=457
[ 130/488] step= 133120 | ep= 6650 | return= 0.918 | guided%= 64.9 | bc=0.0000 | cumQ= 89206 | bc_coef=0.000 | sps=457
[ 140/488] step= 143360 | ep= 7222 | return= 0.913 | guided%= 69.1 | bc=0.0000 | cumQ= 96233 | bc_coef=0.000 | sps=457
[ 150/488] step= 153600 | ep= 7796 | return= 0.916 | guided%= 67.7 | bc=0.0000 | cumQ=103266 | bc_coef=0.000 | sps=457
[ 160/488] step= 163840 | ep= 8348 | return= 0.909 | guided%= 71.8 | bc=0.0000 | cumQ=110464 | bc_coef=0.000 | sps=457
[ 170/488] step= 174080 | ep= 8910 | return= 0.912 | guided%= 66.4 | bc=0.0000 | cumQ=117374 | bc_coef=0.000 | sps=457
[ 180/488] step= 184320 | ep= 9454 | return= 0.911 | guided%= 68.6 | bc=0.0000 | cumQ=124158 | bc_coef=0.000 | sps=457
[ 190/488] step= 194560 | ep=10018 | return= 0.915 | guided%= 68.3 | bc=0.0000 | cumQ=131022 | bc_coef=0.000 | sps=457
[ 200/488] step= 204800 | ep=10590 | return= 0.915 | guided%= 67.1 | bc=0.0000 | cumQ=138030 | bc_coef=0.000 | sps=457
[ 210/488] step= 215040 | ep=11173 | return= 0.916 | guided%= 66.7 | bc=0.0000 | cumQ=144812 | bc_coef=0.000 | sps=456
[ 220/488] step= 225280 | ep=11745 | return= 0.916 | guided%= 65.4 | bc=0.0000 | cumQ=151616 | bc_coef=0.000 | sps=456
[ 230/488] step= 235520 | ep=12320 | return= 0.919 | guided%= 64.9 | bc=0.0000 | cumQ=158368 | bc_coef=0.000 | sps=456
[ 240/488] step= 245760 | ep=12900 | return= 0.917 | guided%= 65.9 | bc=0.0000 | cumQ=165115 | bc_coef=0.000 | sps=456
[ 250/488] step= 256000 | ep=13473 | return= 0.916 | guided%= 65.0 | bc=0.0000 | cumQ=171970 | bc_coef=0.000 | sps=456
[ 260/488] step= 266240 | ep=14016 | return= 0.915 | guided%= 66.5 | bc=0.0000 | cumQ=178559 | bc_coef=0.000 | sps=457
[ 270/488] step= 276480 | ep=14572 | return= 0.915 | guided%= 64.6 | bc=0.0000 | cumQ=184999 | bc_coef=0.000 | sps=457
[ 280/488] step= 286720 | ep=15133 | return= 0.916 | guided%= 64.2 | bc=0.0000 | cumQ=191754 | bc_coef=0.000 | sps=457
[ 290/488] step= 296960 | ep=15703 | return= 0.917 | guided%= 63.7 | bc=0.0000 | cumQ=198469 | bc_coef=0.000 | sps=457
[ 300/488] step= 307200 | ep=16272 | return= 0.920 | guided%= 61.6 | bc=0.0000 | cumQ=204907 | bc_coef=0.000 | sps=457
[ 310/488] step= 317440 | ep=16844 | return= 0.916 | guided%= 63.7 | bc=0.0000 | cumQ=211393 | bc_coef=0.000 | sps=457
[ 320/488] step= 327680 | ep=17409 | return= 0.922 | guided%= 59.3 | bc=0.0000 | cumQ=217692 | bc_coef=0.000 | sps=457
[ 330/488] step= 337920 | ep=17973 | return= 0.920 | guided%= 59.9 | bc=0.0000 | cumQ=223837 | bc_coef=0.000 | sps=457
[ 340/488] step= 348160 | ep=18528 | return= 0.919 | guided%= 60.3 | bc=0.0000 | cumQ=230069 | bc_coef=0.000 | sps=457
[ 350/488] step= 358400 | ep=19104 | return= 0.921 | guided%= 60.0 | bc=0.0000 | cumQ=236168 | bc_coef=0.000 | sps=457
[ 360/488] step= 368640 | ep=19676 | return= 0.925 | guided%= 58.6 | bc=0.0000 | cumQ=242249 | bc_coef=0.000 | sps=457
[ 370/488] step= 378880 | ep=20253 | return= 0.923 | guided%= 58.0 | bc=0.0000 | cumQ=248202 | bc_coef=0.000 | sps=457
[ 380/488] step= 389120 | ep=20824 | return= 0.926 | guided%= 56.3 | bc=0.0000 | cumQ=254090 | bc_coef=0.000 | sps=457
[ 390/488] step= 399360 | ep=21384 | return= 0.923 | guided%= 58.2 | bc=0.0000 | cumQ=260073 | bc_coef=0.000 | sps=457
[ 400/488] step= 409600 | ep=21955 | return= 0.925 | guided%= 57.8 | bc=0.0000 | cumQ=266151 | bc_coef=0.000 | sps=457
[ 410/488] step= 419840 | ep=22534 | return= 0.927 | guided%= 57.8 | bc=0.0000 | cumQ=272256 | bc_coef=0.000 | sps=457
[ 420/488] step= 430080 | ep=23106 | return= 0.923 | guided%= 58.4 | bc=0.0000 | cumQ=278249 | bc_coef=0.000 | sps=457
[ 430/488] step= 440320 | ep=23685 | return= 0.925 | guided%= 58.4 | bc=0.0000 | cumQ=284308 | bc_coef=0.000 | sps=457
[ 440/488] step= 450560 | ep=24265 | return= 0.925 | guided%= 56.7 | bc=0.0000 | cumQ=290382 | bc_coef=0.000 | sps=457
[ 450/488] step= 460800 | ep=24836 | return= 0.923 | guided%= 59.3 | bc=0.0000 | cumQ=296402 | bc_coef=0.000 | sps=457
[ 460/488] step= 471040 | ep=25412 | return= 0.925 | guided%= 56.8 | bc=0.0000 | cumQ=302503 | bc_coef=0.000 | sps=458
[ 470/488] step= 481280 | ep=25989 | return= 0.924 | guided%= 58.7 | bc=0.0000 | cumQ=308557 | bc_coef=0.000 | sps=458
[ 480/488] step= 491520 | ep=26564 | return= 0.926 | guided%= 58.2 | bc=0.0000 | cumQ=314582 | bc_coef=0.000 | sps=458
Generating plots...
Plots → figures/oracle_paid_0005__MiniGrid-DoorKey-8x8-v0__seed6__1777378943.png
=== Oracle payant moyen  (cost=0.010) | seed=6 ===
Run: oracle_paid_001__MiniGrid-DoorKey-8x8-v0__seed6__1777380045
  device=cuda, batch=1024, updates=488
  CSV → logs/oracle_paid_001__MiniGrid-DoorKey-8x8-v0__seed6__1777380045.csv
  obs=(64, 64, 3), n_actions=8, query_action=7
  params=67,167,753
[   1/488] step=   1024 | ep=    2 | return= 0.696 | guided%= 17.8 | bc=0.0000 | cumQ=   149 | bc_coef=0.000 | sps=330
[  10/488] step=  10240 | ep=   40 | return= 0.322 | guided%= 17.0 | bc=0.0000 | cumQ=  1559 | bc_coef=0.000 | sps=460
[  20/488] step=  20480 | ep=   82 | return= 0.356 | guided%= 18.0 | bc=0.0000 | cumQ=  2574 | bc_coef=0.000 | sps=473
[  30/488] step=  30720 | ep=  141 | return= 0.504 | guided%= 20.1 | bc=0.0000 | cumQ=  3695 | bc_coef=0.000 | sps=478
[  40/488] step=  40960 | ep=  223 | return= 0.596 | guided%= 27.4 | bc=0.0000 | cumQ=  5232 | bc_coef=0.000 | sps=480
[  50/488] step=  51200 | ep=  387 | return= 0.762 | guided%= 46.2 | bc=0.0000 | cumQ=  8042 | bc_coef=0.000 | sps=480
[  60/488] step=  61440 | ep=  755 | return= 0.831 | guided%= 67.4 | bc=0.0000 | cumQ= 13609 | bc_coef=0.000 | sps=478
[  70/488] step=  71680 | ep= 1238 | return= 0.844 | guided%= 67.4 | bc=0.0000 | cumQ= 19988 | bc_coef=0.000 | sps=475
[  80/488] step=  81920 | ep= 1754 | return= 0.859 | guided%= 61.1 | bc=0.0000 | cumQ= 26176 | bc_coef=0.000 | sps=473
[  90/488] step=  92160 | ep= 2257 | return= 0.866 | guided%= 54.7 | bc=0.0000 | cumQ= 31615 | bc_coef=0.000 | sps=472
[ 100/488] step= 102400 | ep= 2760 | return= 0.862 | guided%= 57.2 | bc=0.0000 | cumQ= 37156 | bc_coef=0.000 | sps=471
[ 110/488] step= 112640 | ep= 3283 | return= 0.864 | guided%= 56.9 | bc=0.0000 | cumQ= 42847 | bc_coef=0.000 | sps=470
[ 120/488] step= 122880 | ep= 3793 | return= 0.864 | guided%= 57.5 | bc=0.0000 | cumQ= 48407 | bc_coef=0.000 | sps=469
[ 130/488] step= 133120 | ep= 4345 | return= 0.874 | guided%= 55.3 | bc=0.0000 | cumQ= 54281 | bc_coef=0.000 | sps=469
[ 140/488] step= 143360 | ep= 4876 | return= 0.865 | guided%= 56.2 | bc=0.0000 | cumQ= 59784 | bc_coef=0.000 | sps=468
[ 150/488] step= 153600 | ep= 5425 | return= 0.876 | guided%= 52.7 | bc=0.0000 | cumQ= 65300 | bc_coef=0.000 | sps=468
[ 160/488] step= 163840 | ep= 5904 | return= 0.871 | guided%= 49.8 | bc=0.0000 | cumQ= 70120 | bc_coef=0.000 | sps=467
[ 170/488] step= 174080 | ep= 6429 | return= 0.875 | guided%= 51.9 | bc=0.0000 | cumQ= 75331 | bc_coef=0.000 | sps=467
[ 180/488] step= 184320 | ep= 6958 | return= 0.881 | guided%= 48.2 | bc=0.0000 | cumQ= 80436 | bc_coef=0.000 | sps=467
[ 190/488] step= 194560 | ep= 7454 | return= 0.874 | guided%= 48.9 | bc=0.0000 | cumQ= 85349 | bc_coef=0.000 | sps=467
[ 200/488] step= 204800 | ep= 7937 | return= 0.879 | guided%= 46.3 | bc=0.0000 | cumQ= 90004 | bc_coef=0.000 | sps=467
[ 210/488] step= 215040 | ep= 8433 | return= 0.880 | guided%= 47.5 | bc=0.0000 | cumQ= 94781 | bc_coef=0.000 | sps=466
[ 220/488] step= 225280 | ep= 8958 | return= 0.874 | guided%= 50.3 | bc=0.0000 | cumQ= 99790 | bc_coef=0.000 | sps=466
[ 230/488] step= 235520 | ep= 9464 | return= 0.874 | guided%= 47.3 | bc=0.0000 | cumQ=104641 | bc_coef=0.000 | sps=466
[ 240/488] step= 245760 | ep= 9945 | return= 0.872 | guided%= 50.3 | bc=0.0000 | cumQ=109290 | bc_coef=0.000 | sps=466
[ 250/488] step= 256000 | ep=10460 | return= 0.875 | guided%= 51.8 | bc=0.0000 | cumQ=114292 | bc_coef=0.000 | sps=466
[ 260/488] step= 266240 | ep=11005 | return= 0.878 | guided%= 50.4 | bc=0.0000 | cumQ=119532 | bc_coef=0.000 | sps=466
[ 270/488] step= 276480 | ep=11549 | return= 0.879 | guided%= 50.8 | bc=0.0000 | cumQ=124760 | bc_coef=0.000 | sps=466
[ 280/488] step= 286720 | ep=12075 | return= 0.879 | guided%= 48.8 | bc=0.0000 | cumQ=129926 | bc_coef=0.000 | sps=465
[ 290/488] step= 296960 | ep=12619 | return= 0.882 | guided%= 49.7 | bc=0.0000 | cumQ=135108 | bc_coef=0.000 | sps=465
[ 300/488] step= 307200 | ep=13172 | return= 0.875 | guided%= 54.1 | bc=0.0000 | cumQ=140456 | bc_coef=0.000 | sps=465
[ 310/488] step= 317440 | ep=13726 | return= 0.874 | guided%= 54.4 | bc=0.0000 | cumQ=145782 | bc_coef=0.000 | sps=465
[ 320/488] step= 327680 | ep=14283 | return= 0.881 | guided%= 53.1 | bc=0.0000 | cumQ=151082 | bc_coef=0.000 | sps=465
[ 330/488] step= 337920 | ep=14842 | return= 0.874 | guided%= 54.2 | bc=0.0000 | cumQ=156505 | bc_coef=0.000 | sps=465
[ 340/488] step= 348160 | ep=15396 | return= 0.879 | guided%= 52.8 | bc=0.0000 | cumQ=161809 | bc_coef=0.000 | sps=465
[ 350/488] step= 358400 | ep=15941 | return= 0.877 | guided%= 51.1 | bc=0.0000 | cumQ=167090 | bc_coef=0.000 | sps=465
[ 360/488] step= 368640 | ep=16488 | return= 0.884 | guided%= 50.0 | bc=0.0000 | cumQ=172171 | bc_coef=0.000 | sps=464
[ 370/488] step= 378880 | ep=17034 | return= 0.881 | guided%= 50.6 | bc=0.0000 | cumQ=177353 | bc_coef=0.000 | sps=464
[ 380/488] step= 389120 | ep=17586 | return= 0.885 | guided%= 51.0 | bc=0.0000 | cumQ=182640 | bc_coef=0.000 | sps=464
[ 390/488] step= 399360 | ep=18135 | return= 0.876 | guided%= 51.5 | bc=0.0000 | cumQ=187961 | bc_coef=0.000 | sps=464
[ 400/488] step= 409600 | ep=18674 | return= 0.883 | guided%= 51.2 | bc=0.0000 | cumQ=193178 | bc_coef=0.000 | sps=464
[ 410/488] step= 419840 | ep=19228 | return= 0.882 | guided%= 51.2 | bc=0.0000 | cumQ=198412 | bc_coef=0.000 | sps=464
[ 420/488] step= 430080 | ep=19784 | return= 0.881 | guided%= 50.3 | bc=0.0000 | cumQ=203633 | bc_coef=0.000 | sps=464
[ 430/488] step= 440320 | ep=20338 | return= 0.878 | guided%= 52.2 | bc=0.0000 | cumQ=208862 | bc_coef=0.000 | sps=464
[ 440/488] step= 450560 | ep=20897 | return= 0.877 | guided%= 51.5 | bc=0.0000 | cumQ=214174 | bc_coef=0.000 | sps=464
[ 450/488] step= 460800 | ep=21441 | return= 0.880 | guided%= 51.3 | bc=0.0000 | cumQ=219461 | bc_coef=0.000 | sps=464
[ 460/488] step= 471040 | ep=22001 | return= 0.882 | guided%= 51.3 | bc=0.0000 | cumQ=224824 | bc_coef=0.000 | sps=464
[ 470/488] step= 481280 | ep=22567 | return= 0.881 | guided%= 51.9 | bc=0.0000 | cumQ=230210 | bc_coef=0.000 | sps=464
[ 480/488] step= 491520 | ep=23131 | return= 0.879 | guided%= 53.1 | bc=0.0000 | cumQ=235667 | bc_coef=0.000 | sps=464
Generating plots...
Plots → figures/oracle_paid_001__MiniGrid-DoorKey-8x8-v0__seed6__1777380045.png
=== Baseline PPO                      | seed=6 ===
Run: baseline__MiniGrid-DoorKey-8x8-v0__seed6__1777381135
  device=cuda, batch=1024, updates=488
  CSV → logs/baseline__MiniGrid-DoorKey-8x8-v0__seed6__1777381135.csv
  obs=(64, 64, 3), n_actions=7, query_action=6
  params=67,167,496
[   1/488] step=   1024 | ep=    0 | return=   nan | guided%=  nan | bc=0.0000 | cumQ=     0 | bc_coef=0.000 | sps=326
  *** First unguided success — episode 1 ***
[  10/488] step=  10240 | ep=    9 | return= 0.028 | guided%=  0.0 | bc=0.0000 | cumQ=     0 | bc_coef=0.000 | sps=475
[  20/488] step=  20480 | ep=   25 | return= 0.010 | guided%=  0.0 | bc=0.0000 | cumQ=     0 | bc_coef=0.000 | sps=488
[  30/488] step=  30720 | ep=   41 | return= 0.006 | guided%=  0.0 | bc=0.0000 | cumQ=     0 | bc_coef=0.000 | sps=491
[  40/488] step=  40960 | ep=   57 | return= 0.004 | guided%=  0.0 | bc=0.0000 | cumQ=     0 | bc_coef=0.000 | sps=493
[  50/488] step=  51200 | ep=   73 | return= 0.003 | guided%=  0.0 | bc=0.0000 | cumQ=     0 | bc_coef=0.000 | sps=495
[  60/488] step=  61440 | ep=   89 | return= 0.003 | guided%=  0.0 | bc=0.0000 | cumQ=     0 | bc_coef=0.000 | sps=495
[  70/488] step=  71680 | ep=  105 | return= 0.000 | guided%=  0.0 | bc=0.0000 | cumQ=     0 | bc_coef=0.000 | sps=497
[  80/488] step=  81920 | ep=  121 | return= 0.000 | guided%=  0.0 | bc=0.0000 | cumQ=     0 | bc_coef=0.000 | sps=497
[  90/488] step=  92160 | ep=  137 | return= 0.000 | guided%=  0.0 | bc=0.0000 | cumQ=     0 | bc_coef=0.000 | sps=497
[ 100/488] step= 102400 | ep=  153 | return= 0.000 | guided%=  0.0 | bc=0.0000 | cumQ=     0 | bc_coef=0.000 | sps=498
[ 110/488] step= 112640 | ep=  169 | return= 0.000 | guided%=  0.0 | bc=0.0000 | cumQ=     0 | bc_coef=0.000 | sps=498
[ 120/488] step= 122880 | ep=  185 | return= 0.000 | guided%=  0.0 | bc=0.0000 | cumQ=     0 | bc_coef=0.000 | sps=498
[ 130/488] step= 133120 | ep=  201 | return= 0.000 | guided%=  0.0 | bc=0.0000 | cumQ=     0 | bc_coef=0.000 | sps=499
[ 140/488] step= 143360 | ep=  217 | return= 0.000 | guided%=  0.0 | bc=0.0000 | cumQ=     0 | bc_coef=0.000 | sps=499
[ 150/488] step= 153600 | ep=  233 | return= 0.000 | guided%=  0.0 | bc=0.0000 | cumQ=     0 | bc_coef=0.000 | sps=499
[ 160/488] step= 163840 | ep=  249 | return= 0.000 | guided%=  0.0 | bc=0.0000 | cumQ=     0 | bc_coef=0.000 | sps=499
[ 170/488] step= 174080 | ep=  265 | return= 0.000 | guided%=  0.0 | bc=0.0000 | cumQ=     0 | bc_coef=0.000 | sps=499
[ 180/488] step= 184320 | ep=  281 | return= 0.000 | guided%=  0.0 | bc=0.0000 | cumQ=     0 | bc_coef=0.000 | sps=499
[ 190/488] step= 194560 | ep=  297 | return= 0.000 | guided%=  0.0 | bc=0.0000 | cumQ=     0 | bc_coef=0.000 | sps=500
[ 200/488] step= 204800 | ep=  313 | return= 0.000 | guided%=  0.0 | bc=0.0000 | cumQ=     0 | bc_coef=0.000 | sps=500
[ 210/488] step= 215040 | ep=  329 | return= 0.000 | guided%=  0.0 | bc=0.0000 | cumQ=     0 | bc_coef=0.000 | sps=500
[ 220/488] step= 225280 | ep=  345 | return= 0.000 | guided%=  0.0 | bc=0.0000 | cumQ=     0 | bc_coef=0.000 | sps=500
[ 230/488] step= 235520 | ep=  361 | return= 0.000 | guided%=  0.0 | bc=0.0000 | cumQ=     0 | bc_coef=0.000 | sps=500
[ 240/488] step= 245760 | ep=  377 | return= 0.000 | guided%=  0.0 | bc=0.0000 | cumQ=     0 | bc_coef=0.000 | sps=501
[ 250/488] step= 256000 | ep=  393 | return= 0.000 | guided%=  0.0 | bc=0.0000 | cumQ=     0 | bc_coef=0.000 | sps=501
[ 260/488] step= 266240 | ep=  409 | return= 0.000 | guided%=  0.0 | bc=0.0000 | cumQ=     0 | bc_coef=0.000 | sps=501
[ 270/488] step= 276480 | ep=  426 | return= 0.002 | guided%=  0.0 | bc=0.0000 | cumQ=     0 | bc_coef=0.000 | sps=501
[ 280/488] step= 286720 | ep=  442 | return= 0.002 | guided%=  0.0 | bc=0.0000 | cumQ=     0 | bc_coef=0.000 | sps=502
[ 290/488] step= 296960 | ep=  458 | return= 0.002 | guided%=  0.0 | bc=0.0000 | cumQ=     0 | bc_coef=0.000 | sps=502
[ 300/488] step= 307200 | ep=  474 | return= 0.002 | guided%=  0.0 | bc=0.0000 | cumQ=     0 | bc_coef=0.000 | sps=502
[ 310/488] step= 317440 | ep=  491 | return= 0.007 | guided%=  0.0 | bc=0.0000 | cumQ=     0 | bc_coef=0.000 | sps=502
[ 320/488] step= 327680 | ep=  507 | return= 0.007 | guided%=  0.0 | bc=0.0000 | cumQ=     0 | bc_coef=0.000 | sps=502
[ 330/488] step= 337920 | ep=  522 | return= 0.005 | guided%=  0.0 | bc=0.0000 | cumQ=     0 | bc_coef=0.000 | sps=503
[ 340/488] step= 348160 | ep=  538 | return= 0.005 | guided%=  0.0 | bc=0.0000 | cumQ=     0 | bc_coef=0.000 | sps=503
[ 350/488] step= 358400 | ep=  554 | return= 0.005 | guided%=  0.0 | bc=0.0000 | cumQ=     0 | bc_coef=0.000 | sps=503
[ 360/488] step= 368640 | ep=  570 | return= 0.005 | guided%=  0.0 | bc=0.0000 | cumQ=     0 | bc_coef=0.000 | sps=503
[ 370/488] step= 378880 | ep=  586 | return= 0.005 | guided%=  0.0 | bc=0.0000 | cumQ=     0 | bc_coef=0.000 | sps=503
[ 380/488] step= 389120 | ep=  602 | return= 0.002 | guided%=  0.0 | bc=0.0000 | cumQ=     0 | bc_coef=0.000 | sps=503
[ 390/488] step= 399360 | ep=  618 | return= 0.002 | guided%=  0.0 | bc=0.0000 | cumQ=     0 | bc_coef=0.000 | sps=503
[ 400/488] step= 409600 | ep=  635 | return= 0.009 | guided%=  0.0 | bc=0.0000 | cumQ=     0 | bc_coef=0.000 | sps=504
[ 410/488] step= 419840 | ep=  651 | return= 0.009 | guided%=  0.0 | bc=0.0000 | cumQ=     0 | bc_coef=0.000 | sps=504
[ 420/488] step= 430080 | ep=  667 | return= 0.009 | guided%=  0.0 | bc=0.0000 | cumQ=     0 | bc_coef=0.000 | sps=504
[ 430/488] step= 440320 | ep=  683 | return= 0.009 | guided%=  0.0 | bc=0.0000 | cumQ=     0 | bc_coef=0.000 | sps=504
[ 440/488] step= 450560 | ep=  699 | return= 0.008 | guided%=  0.0 | bc=0.0000 | cumQ=     0 | bc_coef=0.000 | sps=504
[ 450/488] step= 460800 | ep=  715 | return= 0.008 | guided%=  0.0 | bc=0.0000 | cumQ=     0 | bc_coef=0.000 | sps=504
[ 460/488] step= 471040 | ep=  731 | return= 0.008 | guided%=  0.0 | bc=0.0000 | cumQ=     0 | bc_coef=0.000 | sps=504
[ 470/488] step= 481280 | ep=  747 | return= 0.000 | guided%=  0.0 | bc=0.0000 | cumQ=     0 | bc_coef=0.000 | sps=504
[ 480/488] step= 491520 | ep=  764 | return= 0.003 | guided%=  0.0 | bc=0.0000 | cumQ=     0 | bc_coef=0.000 | sps=504
Generating plots...
Saved → figures/baseline__MiniGrid-DoorKey-8x8-v0__seed6__1777381135.png
Plots → figures/baseline__MiniGrid-DoorKey-8x8-v0__seed6__1777381135.png
=== Oracle gratuit       (cost=0.000) | seed=7 ===
Run: oracle_free__MiniGrid-DoorKey-8x8-v0__seed7__1777382138
  device=cuda, batch=1024, updates=488
  CSV → logs/oracle_free__MiniGrid-DoorKey-8x8-v0__seed7__1777382138.csv
  obs=(64, 64, 3), n_actions=8, query_action=7
  params=67,167,753
[   1/488] step=   1024 | ep=    1 | return= 0.848 | guided%= 12.0 | bc=0.0000 | cumQ=   118 | bc_coef=0.000 | sps=323
[  10/488] step=  10240 | ep=   73 | return= 0.808 | guided%= 25.1 | bc=0.0000 | cumQ=  2076 | bc_coef=0.000 | sps=463
[  20/488] step=  20480 | ep=  456 | return= 0.973 | guided%= 82.1 | bc=0.0000 | cumQ=  8710 | bc_coef=0.000 | sps=466
[  30/488] step=  30720 | ep= 1009 | return= 0.976 | guided%= 92.4 | bc=0.0000 | cumQ= 18001 | bc_coef=0.000 | sps=462
[  40/488] step=  40960 | ep= 1573 | return= 0.977 | guided%= 90.3 | bc=0.0000 | cumQ= 27319 | bc_coef=0.000 | sps=460
[  50/488] step=  51200 | ep= 2149 | return= 0.976 | guided%= 93.3 | bc=0.0000 | cumQ= 36878 | bc_coef=0.000 | sps=459
[  60/488] step=  61440 | ep= 2727 | return= 0.976 | guided%= 93.9 | bc=0.0000 | cumQ= 46446 | bc_coef=0.000 | sps=458
[  70/488] step=  71680 | ep= 3303 | return= 0.976 | guided%= 93.2 | bc=0.0000 | cumQ= 56039 | bc_coef=0.000 | sps=458
[  80/488] step=  81920 | ep= 3853 | return= 0.977 | guided%= 93.8 | bc=0.0000 | cumQ= 65495 | bc_coef=0.000 | sps=458
[  90/488] step=  92160 | ep= 4411 | return= 0.977 | guided%= 93.7 | bc=0.0000 | cumQ= 75150 | bc_coef=0.000 | sps=457
[ 100/488] step= 102400 | ep= 4950 | return= 0.977 | guided%= 92.3 | bc=0.0000 | cumQ= 84084 | bc_coef=0.000 | sps=458
[ 110/488] step= 112640 | ep= 5526 | return= 0.976 | guided%= 94.1 | bc=0.0000 | cumQ= 93718 | bc_coef=0.000 | sps=457
[ 120/488] step= 122880 | ep= 6100 | return= 0.977 | guided%= 93.9 | bc=0.0000 | cumQ=103365 | bc_coef=0.000 | sps=457
[ 130/488] step= 133120 | ep= 6680 | return= 0.978 | guided%= 93.9 | bc=0.0000 | cumQ=113024 | bc_coef=0.000 | sps=457
[ 140/488] step= 143360 | ep= 7249 | return= 0.976 | guided%= 94.3 | bc=0.0000 | cumQ=122690 | bc_coef=0.000 | sps=457
[ 150/488] step= 153600 | ep= 7828 | return= 0.976 | guided%= 94.2 | bc=0.0000 | cumQ=132352 | bc_coef=0.000 | sps=457
[ 160/488] step= 163840 | ep= 8401 | return= 0.977 | guided%= 94.1 | bc=0.0000 | cumQ=142016 | bc_coef=0.000 | sps=456
[ 170/488] step= 174080 | ep= 8980 | return= 0.976 | guided%= 94.2 | bc=0.0000 | cumQ=151675 | bc_coef=0.000 | sps=456
[ 180/488] step= 184320 | ep= 9543 | return= 0.976 | guided%= 92.8 | bc=0.0000 | cumQ=161104 | bc_coef=0.000 | sps=456
[ 190/488] step= 194560 | ep=10117 | return= 0.976 | guided%= 93.5 | bc=0.0000 | cumQ=170728 | bc_coef=0.000 | sps=456
[ 200/488] step= 204800 | ep=10694 | return= 0.977 | guided%= 94.1 | bc=0.0000 | cumQ=180378 | bc_coef=0.000 | sps=456
[ 210/488] step= 215040 | ep=11272 | return= 0.976 | guided%= 94.0 | bc=0.0000 | cumQ=190021 | bc_coef=0.000 | sps=456
[ 220/488] step= 225280 | ep=11846 | return= 0.976 | guided%= 94.3 | bc=0.0000 | cumQ=199677 | bc_coef=0.000 | sps=456
[ 230/488] step= 235520 | ep=12424 | return= 0.977 | guided%= 94.2 | bc=0.0000 | cumQ=209334 | bc_coef=0.000 | sps=456
[ 240/488] step= 245760 | ep=12978 | return= 0.970 | guided%= 94.3 | bc=0.0000 | cumQ=218996 | bc_coef=0.000 | sps=456
[ 250/488] step= 256000 | ep=13559 | return= 0.977 | guided%= 93.8 | bc=0.0000 | cumQ=228644 | bc_coef=0.000 | sps=456
[ 260/488] step= 266240 | ep=14138 | return= 0.977 | guided%= 93.9 | bc=0.0000 | cumQ=238284 | bc_coef=0.000 | sps=456
[ 270/488] step= 276480 | ep=14716 | return= 0.976 | guided%= 94.2 | bc=0.0000 | cumQ=247933 | bc_coef=0.000 | sps=456
[ 280/488] step= 286720 | ep=15288 | return= 0.976 | guided%= 93.9 | bc=0.0000 | cumQ=257577 | bc_coef=0.000 | sps=456
[ 290/488] step= 296960 | ep=15868 | return= 0.977 | guided%= 93.9 | bc=0.0000 | cumQ=267192 | bc_coef=0.000 | sps=456
[ 300/488] step= 307200 | ep=16441 | return= 0.977 | guided%= 94.0 | bc=0.0000 | cumQ=276845 | bc_coef=0.000 | sps=456
[ 310/488] step= 317440 | ep=17020 | return= 0.977 | guided%= 94.1 | bc=0.0000 | cumQ=286502 | bc_coef=0.000 | sps=456
[ 320/488] step= 327680 | ep=17596 | return= 0.977 | guided%= 94.1 | bc=0.0000 | cumQ=296165 | bc_coef=0.000 | sps=456
[ 330/488] step= 337920 | ep=18165 | return= 0.976 | guided%= 94.3 | bc=0.0000 | cumQ=305833 | bc_coef=0.000 | sps=456
[ 340/488] step= 348160 | ep=18730 | return= 0.977 | guided%= 94.0 | bc=0.0000 | cumQ=315499 | bc_coef=0.000 | sps=456
[ 350/488] step= 358400 | ep=19312 | return= 0.976 | guided%= 94.1 | bc=0.0000 | cumQ=325140 | bc_coef=0.000 | sps=456
[ 360/488] step= 368640 | ep=19857 | return= 0.977 | guided%= 93.8 | bc=0.0000 | cumQ=334813 | bc_coef=0.000 | sps=456
[ 370/488] step= 378880 | ep=20429 | return= 0.977 | guided%= 93.9 | bc=0.0000 | cumQ=344475 | bc_coef=0.000 | sps=456
[ 380/488] step= 389120 | ep=21002 | return= 0.976 | guided%= 94.1 | bc=0.0000 | cumQ=354130 | bc_coef=0.000 | sps=456
[ 390/488] step= 399360 | ep=21572 | return= 0.977 | guided%= 94.2 | bc=0.0000 | cumQ=363794 | bc_coef=0.000 | sps=455
[ 400/488] step= 409600 | ep=22149 | return= 0.977 | guided%= 94.1 | bc=0.0000 | cumQ=373455 | bc_coef=0.000 | sps=455
[ 410/488] step= 419840 | ep=22726 | return= 0.976 | guided%= 94.1 | bc=0.0000 | cumQ=383111 | bc_coef=0.000 | sps=456
[ 420/488] step= 430080 | ep=23304 | return= 0.977 | guided%= 94.1 | bc=0.0000 | cumQ=392769 | bc_coef=0.000 | sps=456
[ 430/488] step= 440320 | ep=23883 | return= 0.976 | guided%= 94.2 | bc=0.0000 | cumQ=402428 | bc_coef=0.000 | sps=456
[ 440/488] step= 450560 | ep=24461 | return= 0.976 | guided%= 94.3 | bc=0.0000 | cumQ=412088 | bc_coef=0.000 | sps=456
[ 450/488] step= 460800 | ep=25039 | return= 0.976 | guided%= 94.2 | bc=0.0000 | cumQ=421748 | bc_coef=0.000 | sps=456
[ 460/488] step= 471040 | ep=25614 | return= 0.977 | guided%= 94.1 | bc=0.0000 | cumQ=431412 | bc_coef=0.000 | sps=456
[ 470/488] step= 481280 | ep=26187 | return= 0.976 | guided%= 94.2 | bc=0.0000 | cumQ=441078 | bc_coef=0.000 | sps=456
[ 480/488] step= 491520 | ep=26766 | return= 0.976 | guided%= 94.3 | bc=0.0000 | cumQ=450739 | bc_coef=0.000 | sps=456
Generating plots...
Plots → figures/oracle_free__MiniGrid-DoorKey-8x8-v0__seed7__1777382138.png
=== Oracle payant faible (cost=0.005) | seed=7 ===
Run: oracle_paid_0005__MiniGrid-DoorKey-8x8-v0__seed7__1777383243
  device=cuda, batch=1024, updates=488
  CSV → logs/oracle_paid_0005__MiniGrid-DoorKey-8x8-v0__seed7__1777383243.csv
  obs=(64, 64, 3), n_actions=8, query_action=7
  params=67,167,753
[   1/488] step=   1024 | ep=    1 | return= 0.783 | guided%= 12.0 | bc=0.0000 | cumQ=   118 | bc_coef=0.000 | sps=324
[  10/488] step=  10240 | ep=   51 | return= 0.586 | guided%= 20.5 | bc=0.0000 | cumQ=  1810 | bc_coef=0.000 | sps=466
[  20/488] step=  20480 | ep=  384 | return= 0.886 | guided%= 79.4 | bc=0.0000 | cumQ=  7616 | bc_coef=0.000 | sps=469
[  30/488] step=  30720 | ep=  891 | return= 0.895 | guided%= 82.1 | bc=0.0000 | cumQ= 15855 | bc_coef=0.000 | sps=466
[  40/488] step=  40960 | ep= 1424 | return= 0.902 | guided%= 78.9 | bc=0.0000 | cumQ= 24142 | bc_coef=0.000 | sps=464
[  50/488] step=  51200 | ep= 1972 | return= 0.907 | guided%= 75.1 | bc=0.0000 | cumQ= 31817 | bc_coef=0.000 | sps=463
[  60/488] step=  61440 | ep= 2542 | return= 0.916 | guided%= 71.6 | bc=0.0000 | cumQ= 39238 | bc_coef=0.000 | sps=461
[  70/488] step=  71680 | ep= 3096 | return= 0.916 | guided%= 65.6 | bc=0.0000 | cumQ= 46299 | bc_coef=0.000 | sps=461
[  80/488] step=  81920 | ep= 3646 | return= 0.908 | guided%= 74.6 | bc=0.0000 | cumQ= 53682 | bc_coef=0.000 | sps=461
[  90/488] step=  92160 | ep= 4203 | return= 0.898 | guided%= 74.9 | bc=0.0000 | cumQ= 61589 | bc_coef=0.000 | sps=460
[ 100/488] step= 102400 | ep= 4752 | return= 0.906 | guided%= 74.1 | bc=0.0000 | cumQ= 69373 | bc_coef=0.000 | sps=460
[ 110/488] step= 112640 | ep= 5317 | return= 0.910 | guided%= 70.2 | bc=0.0000 | cumQ= 76693 | bc_coef=0.000 | sps=460
[ 120/488] step= 122880 | ep= 5888 | return= 0.913 | guided%= 69.0 | bc=0.0000 | cumQ= 83766 | bc_coef=0.000 | sps=459
[ 130/488] step= 133120 | ep= 6424 | return= 0.915 | guided%= 66.5 | bc=0.0000 | cumQ= 90781 | bc_coef=0.000 | sps=459
[ 140/488] step= 143360 | ep= 7001 | return= 0.916 | guided%= 67.1 | bc=0.0000 | cumQ= 97710 | bc_coef=0.000 | sps=459
[ 150/488] step= 153600 | ep= 7564 | return= 0.912 | guided%= 70.4 | bc=0.0000 | cumQ=105079 | bc_coef=0.000 | sps=459
[ 160/488] step= 163840 | ep= 8134 | return= 0.915 | guided%= 69.3 | bc=0.0000 | cumQ=112233 | bc_coef=0.000 | sps=459
[ 170/488] step= 174080 | ep= 8702 | return= 0.916 | guided%= 66.7 | bc=0.0000 | cumQ=119368 | bc_coef=0.000 | sps=460
[ 180/488] step= 184320 | ep= 9275 | return= 0.915 | guided%= 67.9 | bc=0.0000 | cumQ=126381 | bc_coef=0.000 | sps=460
[ 190/488] step= 194560 | ep= 9844 | return= 0.915 | guided%= 66.9 | bc=0.0000 | cumQ=133410 | bc_coef=0.000 | sps=460
[ 200/488] step= 204800 | ep=10380 | return= 0.897 | guided%= 66.6 | bc=0.0000 | cumQ=140130 | bc_coef=0.000 | sps=460
[ 210/488] step= 215040 | ep=10945 | return= 0.918 | guided%= 64.2 | bc=0.0000 | cumQ=146694 | bc_coef=0.000 | sps=460
[ 220/488] step= 225280 | ep=11516 | return= 0.916 | guided%= 66.1 | bc=0.0000 | cumQ=153592 | bc_coef=0.000 | sps=460
[ 230/488] step= 235520 | ep=12084 | return= 0.914 | guided%= 65.5 | bc=0.0000 | cumQ=160339 | bc_coef=0.000 | sps=460
[ 240/488] step= 245760 | ep=12664 | return= 0.921 | guided%= 62.0 | bc=0.0000 | cumQ=166912 | bc_coef=0.000 | sps=460
[ 250/488] step= 256000 | ep=13244 | return= 0.916 | guided%= 64.2 | bc=0.0000 | cumQ=173466 | bc_coef=0.000 | sps=460
[ 260/488] step= 266240 | ep=13822 | return= 0.921 | guided%= 61.6 | bc=0.0000 | cumQ=179860 | bc_coef=0.000 | sps=460
[ 270/488] step= 276480 | ep=14398 | return= 0.927 | guided%= 55.8 | bc=0.0000 | cumQ=185851 | bc_coef=0.000 | sps=461
[ 280/488] step= 286720 | ep=14960 | return= 0.921 | guided%= 58.9 | bc=0.0000 | cumQ=191823 | bc_coef=0.000 | sps=461
[ 290/488] step= 296960 | ep=15529 | return= 0.926 | guided%= 56.4 | bc=0.0000 | cumQ=197773 | bc_coef=0.000 | sps=461
[ 300/488] step= 307200 | ep=16096 | return= 0.927 | guided%= 56.2 | bc=0.0000 | cumQ=203746 | bc_coef=0.000 | sps=461
[ 310/488] step= 317440 | ep=16667 | return= 0.927 | guided%= 56.5 | bc=0.0000 | cumQ=209688 | bc_coef=0.000 | sps=461
[ 320/488] step= 327680 | ep=17232 | return= 0.924 | guided%= 56.4 | bc=0.0000 | cumQ=215515 | bc_coef=0.000 | sps=461
[ 330/488] step= 337920 | ep=17798 | return= 0.926 | guided%= 55.6 | bc=0.0000 | cumQ=221350 | bc_coef=0.000 | sps=461
[ 340/488] step= 348160 | ep=18357 | return= 0.924 | guided%= 56.1 | bc=0.0000 | cumQ=227199 | bc_coef=0.000 | sps=461
[ 350/488] step= 358400 | ep=18925 | return= 0.927 | guided%= 56.3 | bc=0.0000 | cumQ=233122 | bc_coef=0.000 | sps=461
[ 360/488] step= 368640 | ep=19495 | return= 0.923 | guided%= 57.6 | bc=0.0000 | cumQ=239009 | bc_coef=0.000 | sps=462
[ 370/488] step= 378880 | ep=20075 | return= 0.925 | guided%= 58.6 | bc=0.0000 | cumQ=245022 | bc_coef=0.000 | sps=462
[ 380/488] step= 389120 | ep=20647 | return= 0.924 | guided%= 58.8 | bc=0.0000 | cumQ=251095 | bc_coef=0.000 | sps=462
[ 390/488] step= 399360 | ep=21214 | return= 0.925 | guided%= 58.1 | bc=0.0000 | cumQ=257075 | bc_coef=0.000 | sps=462
[ 400/488] step= 409600 | ep=21781 | return= 0.923 | guided%= 57.8 | bc=0.0000 | cumQ=263033 | bc_coef=0.000 | sps=462
[ 410/488] step= 419840 | ep=22350 | return= 0.925 | guided%= 56.2 | bc=0.0000 | cumQ=268820 | bc_coef=0.000 | sps=462
[ 420/488] step= 430080 | ep=22926 | return= 0.926 | guided%= 54.9 | bc=0.0000 | cumQ=274604 | bc_coef=0.000 | sps=462
[ 430/488] step= 440320 | ep=23497 | return= 0.924 | guided%= 56.5 | bc=0.0000 | cumQ=280414 | bc_coef=0.000 | sps=462
[ 440/488] step= 450560 | ep=24070 | return= 0.928 | guided%= 56.1 | bc=0.0000 | cumQ=286260 | bc_coef=0.000 | sps=462
[ 450/488] step= 460800 | ep=24644 | return= 0.922 | guided%= 58.1 | bc=0.0000 | cumQ=292119 | bc_coef=0.000 | sps=462
[ 460/488] step= 471040 | ep=25217 | return= 0.926 | guided%= 57.0 | bc=0.0000 | cumQ=297974 | bc_coef=0.000 | sps=462
[ 470/488] step= 481280 | ep=25785 | return= 0.923 | guided%= 56.6 | bc=0.0000 | cumQ=303806 | bc_coef=0.000 | sps=462
[ 480/488] step= 491520 | ep=26358 | return= 0.924 | guided%= 56.1 | bc=0.0000 | cumQ=309589 | bc_coef=0.000 | sps=462
Generating plots...
Plots → figures/oracle_paid_0005__MiniGrid-DoorKey-8x8-v0__seed7__1777383243.png
=== Oracle payant moyen  (cost=0.010) | seed=7 ===
Run: oracle_paid_001__MiniGrid-DoorKey-8x8-v0__seed7__1777384334
  device=cuda, batch=1024, updates=488
  CSV → logs/oracle_paid_001__MiniGrid-DoorKey-8x8-v0__seed7__1777384334.csv
  obs=(64, 64, 3), n_actions=8, query_action=7
  params=67,167,753
[   1/488] step=   1024 | ep=    1 | return= 0.718 | guided%= 12.0 | bc=0.0000 | cumQ=   118 | bc_coef=0.000 | sps=319
[  10/488] step=  10240 | ep=   48 | return= 0.404 | guided%= 17.5 | bc=0.0000 | cumQ=  1569 | bc_coef=0.000 | sps=464
[  20/488] step=  20480 | ep=  343 | return= 0.790 | guided%= 74.3 | bc=0.0000 | cumQ=  6795 | bc_coef=0.000 | sps=470
[  30/488] step=  30720 | ep=  859 | return= 0.830 | guided%= 74.9 | bc=0.0000 | cumQ= 14773 | bc_coef=0.000 | sps=468
[  40/488] step=  40960 | ep= 1403 | return= 0.849 | guided%= 66.1 | bc=0.0000 | cumQ= 21918 | bc_coef=0.000 | sps=467
[  50/488] step=  51200 | ep= 1962 | return= 0.867 | guided%= 61.1 | bc=0.0000 | cumQ= 28309 | bc_coef=0.000 | sps=467
[  60/488] step=  61440 | ep= 2529 | return= 0.872 | guided%= 59.8 | bc=0.0000 | cumQ= 34356 | bc_coef=0.000 | sps=467
[  70/488] step=  71680 | ep= 3095 | return= 0.870 | guided%= 58.4 | bc=0.0000 | cumQ= 40374 | bc_coef=0.000 | sps=467
[  80/488] step=  81920 | ep= 3653 | return= 0.868 | guided%= 56.9 | bc=0.0000 | cumQ= 46334 | bc_coef=0.000 | sps=466
[  90/488] step=  92160 | ep= 4173 | return= 0.872 | guided%= 48.7 | bc=0.0000 | cumQ= 51690 | bc_coef=0.000 | sps=467
[ 100/488] step= 102400 | ep= 4714 | return= 0.879 | guided%= 54.3 | bc=0.0000 | cumQ= 57289 | bc_coef=0.000 | sps=467
[ 110/488] step= 112640 | ep= 5276 | return= 0.876 | guided%= 55.7 | bc=0.0000 | cumQ= 62996 | bc_coef=0.000 | sps=467
[ 120/488] step= 122880 | ep= 5816 | return= 0.870 | guided%= 57.2 | bc=0.0000 | cumQ= 68480 | bc_coef=0.000 | sps=467
[ 130/488] step= 133120 | ep= 6363 | return= 0.871 | guided%= 53.7 | bc=0.0000 | cumQ= 74096 | bc_coef=0.000 | sps=467
[ 140/488] step= 143360 | ep= 6930 | return= 0.874 | guided%= 56.6 | bc=0.0000 | cumQ= 79960 | bc_coef=0.000 | sps=467
[ 150/488] step= 153600 | ep= 7490 | return= 0.867 | guided%= 57.9 | bc=0.0000 | cumQ= 85829 | bc_coef=0.000 | sps=467
[ 160/488] step= 163840 | ep= 8060 | return= 0.876 | guided%= 55.4 | bc=0.0000 | cumQ= 91697 | bc_coef=0.000 | sps=467
[ 170/488] step= 174080 | ep= 8627 | return= 0.879 | guided%= 54.6 | bc=0.0000 | cumQ= 97381 | bc_coef=0.000 | sps=467
[ 180/488] step= 184320 | ep= 9179 | return= 0.873 | guided%= 54.5 | bc=0.0000 | cumQ=102876 | bc_coef=0.000 | sps=467
[ 190/488] step= 194560 | ep= 9740 | return= 0.874 | guided%= 54.6 | bc=0.0000 | cumQ=108556 | bc_coef=0.000 | sps=467
[ 200/488] step= 204800 | ep=10299 | return= 0.874 | guided%= 55.1 | bc=0.0000 | cumQ=114253 | bc_coef=0.000 | sps=466
[ 210/488] step= 215040 | ep=10856 | return= 0.880 | guided%= 53.6 | bc=0.0000 | cumQ=119754 | bc_coef=0.000 | sps=466
[ 220/488] step= 225280 | ep=11410 | return= 0.878 | guided%= 50.9 | bc=0.0000 | cumQ=125187 | bc_coef=0.000 | sps=466
[ 230/488] step= 235520 | ep=11919 | return= 0.874 | guided%= 52.9 | bc=0.0000 | cumQ=130074 | bc_coef=0.000 | sps=467
[ 240/488] step= 245760 | ep=12454 | return= 0.877 | guided%= 52.1 | bc=0.0000 | cumQ=135328 | bc_coef=0.000 | sps=467
[ 250/488] step= 256000 | ep=13009 | return= 0.877 | guided%= 53.1 | bc=0.0000 | cumQ=140702 | bc_coef=0.000 | sps=467
[ 260/488] step= 266240 | ep=13566 | return= 0.884 | guided%= 50.5 | bc=0.0000 | cumQ=146198 | bc_coef=0.000 | sps=467
[ 270/488] step= 276480 | ep=14112 | return= 0.876 | guided%= 53.2 | bc=0.0000 | cumQ=151615 | bc_coef=0.000 | sps=467
[ 280/488] step= 286720 | ep=14675 | return= 0.878 | guided%= 52.6 | bc=0.0000 | cumQ=157148 | bc_coef=0.000 | sps=467
[ 290/488] step= 296960 | ep=15201 | return= 0.872 | guided%= 52.1 | bc=0.0000 | cumQ=162507 | bc_coef=0.000 | sps=467
[ 300/488] step= 307200 | ep=15741 | return= 0.870 | guided%= 54.2 | bc=0.0000 | cumQ=167970 | bc_coef=0.000 | sps=467
[ 310/488] step= 317440 | ep=16304 | return= 0.868 | guided%= 56.5 | bc=0.0000 | cumQ=173589 | bc_coef=0.000 | sps=466
[ 320/488] step= 327680 | ep=16849 | return= 0.870 | guided%= 55.3 | bc=0.0000 | cumQ=179154 | bc_coef=0.000 | sps=466
[ 330/488] step= 337920 | ep=17411 | return= 0.876 | guided%= 53.7 | bc=0.0000 | cumQ=184757 | bc_coef=0.000 | sps=466
[ 340/488] step= 348160 | ep=17943 | return= 0.869 | guided%= 53.5 | bc=0.0000 | cumQ=190068 | bc_coef=0.000 | sps=466
[ 350/488] step= 358400 | ep=18460 | return= 0.873 | guided%= 53.4 | bc=0.0000 | cumQ=195323 | bc_coef=0.000 | sps=466
[ 360/488] step= 368640 | ep=19022 | return= 0.878 | guided%= 54.9 | bc=0.0000 | cumQ=200899 | bc_coef=0.000 | sps=466
[ 370/488] step= 378880 | ep=19579 | return= 0.873 | guided%= 55.9 | bc=0.0000 | cumQ=206534 | bc_coef=0.000 | sps=466
[ 380/488] step= 389120 | ep=20146 | return= 0.876 | guided%= 52.8 | bc=0.0000 | cumQ=212136 | bc_coef=0.000 | sps=466
[ 390/488] step= 399360 | ep=20702 | return= 0.878 | guided%= 55.3 | bc=0.0000 | cumQ=217624 | bc_coef=0.000 | sps=466
[ 400/488] step= 409600 | ep=21260 | return= 0.879 | guided%= 52.5 | bc=0.0000 | cumQ=223191 | bc_coef=0.000 | sps=466
[ 410/488] step= 419840 | ep=21810 | return= 0.875 | guided%= 51.9 | bc=0.0000 | cumQ=228688 | bc_coef=0.000 | sps=466
[ 420/488] step= 430080 | ep=22368 | return= 0.879 | guided%= 52.1 | bc=0.0000 | cumQ=234142 | bc_coef=0.000 | sps=466
[ 430/488] step= 440320 | ep=22926 | return= 0.878 | guided%= 52.6 | bc=0.0000 | cumQ=239629 | bc_coef=0.000 | sps=466
[ 440/488] step= 450560 | ep=23489 | return= 0.877 | guided%= 53.0 | bc=0.0000 | cumQ=245127 | bc_coef=0.000 | sps=466
[ 450/488] step= 460800 | ep=24054 | return= 0.879 | guided%= 53.8 | bc=0.0000 | cumQ=250671 | bc_coef=0.000 | sps=466
[ 460/488] step= 471040 | ep=24624 | return= 0.878 | guided%= 54.6 | bc=0.0000 | cumQ=256342 | bc_coef=0.000 | sps=466
[ 470/488] step= 481280 | ep=25197 | return= 0.877 | guided%= 57.0 | bc=0.0000 | cumQ=262285 | bc_coef=0.000 | sps=466
[ 480/488] step= 491520 | ep=25768 | return= 0.879 | guided%= 54.0 | bc=0.0000 | cumQ=267989 | bc_coef=0.000 | sps=466
Generating plots...
Plots → figures/oracle_paid_001__MiniGrid-DoorKey-8x8-v0__seed7__1777384334.png
=== Baseline PPO                      | seed=7 ===
Run: baseline__MiniGrid-DoorKey-8x8-v0__seed7__1777385415
  device=cuda, batch=1024, updates=488
  CSV → logs/baseline__MiniGrid-DoorKey-8x8-v0__seed7__1777385415.csv
  obs=(64, 64, 3), n_actions=7, query_action=6
  params=67,167,496
[   1/488] step=   1024 | ep=    0 | return=   nan | guided%=  nan | bc=0.0000 | cumQ=     0 | bc_coef=0.000 | sps=329
[  10/488] step=  10240 | ep=    8 | return= 0.000 | guided%=  0.0 | bc=0.0000 | cumQ=     0 | bc_coef=0.000 | sps=478
  *** First unguided success — episode 17 ***
[  20/488] step=  20480 | ep=   25 | return= 0.023 | guided%=  0.0 | bc=0.0000 | cumQ=     0 | bc_coef=0.000 | sps=491
[  30/488] step=  30720 | ep=   42 | return= 0.024 | guided%=  0.0 | bc=0.0000 | cumQ=     0 | bc_coef=0.000 | sps=495
[  40/488] step=  40960 | ep=   58 | return= 0.017 | guided%=  0.0 | bc=0.0000 | cumQ=     0 | bc_coef=0.000 | sps=497
[  50/488] step=  51200 | ep=   74 | return= 0.013 | guided%=  0.0 | bc=0.0000 | cumQ=     0 | bc_coef=0.000 | sps=499
[  60/488] step=  61440 | ep=   90 | return= 0.011 | guided%=  0.0 | bc=0.0000 | cumQ=     0 | bc_coef=0.000 | sps=500
[  70/488] step=  71680 | ep=  106 | return= 0.010 | guided%=  0.0 | bc=0.0000 | cumQ=     0 | bc_coef=0.000 | sps=500
[  80/488] step=  81920 | ep=  122 | return= 0.004 | guided%=  0.0 | bc=0.0000 | cumQ=     0 | bc_coef=0.000 | sps=500
[  90/488] step=  92160 | ep=  138 | return= 0.004 | guided%=  0.0 | bc=0.0000 | cumQ=     0 | bc_coef=0.000 | sps=500
[ 100/488] step= 102400 | ep=  154 | return= 0.003 | guided%=  0.0 | bc=0.0000 | cumQ=     0 | bc_coef=0.000 | sps=501
[ 110/488] step= 112640 | ep=  170 | return= 0.003 | guided%=  0.0 | bc=0.0000 | cumQ=     0 | bc_coef=0.000 | sps=501
[ 120/488] step= 122880 | ep=  186 | return= 0.003 | guided%=  0.0 | bc=0.0000 | cumQ=     0 | bc_coef=0.000 | sps=501
[ 130/488] step= 133120 | ep=  202 | return= 0.003 | guided%=  0.0 | bc=0.0000 | cumQ=     0 | bc_coef=0.000 | sps=501
[ 140/488] step= 143360 | ep=  218 | return= 0.003 | guided%=  0.0 | bc=0.0000 | cumQ=     0 | bc_coef=0.000 | sps=501
[ 150/488] step= 153600 | ep=  234 | return= 0.003 | guided%=  0.0 | bc=0.0000 | cumQ=     0 | bc_coef=0.000 | sps=502
[ 160/488] step= 163840 | ep=  250 | return= 0.003 | guided%=  0.0 | bc=0.0000 | cumQ=     0 | bc_coef=0.000 | sps=502
[ 170/488] step= 174080 | ep=  267 | return= 0.008 | guided%=  0.0 | bc=0.0000 | cumQ=     0 | bc_coef=0.000 | sps=501
[ 180/488] step= 184320 | ep=  283 | return= 0.008 | guided%=  0.0 | bc=0.0000 | cumQ=     0 | bc_coef=0.000 | sps=502
[ 190/488] step= 194560 | ep=  301 | return= 0.014 | guided%=  0.0 | bc=0.0000 | cumQ=     0 | bc_coef=0.000 | sps=502
[ 200/488] step= 204800 | ep=  317 | return= 0.014 | guided%=  0.0 | bc=0.0000 | cumQ=     0 | bc_coef=0.000 | sps=502
[ 210/488] step= 215040 | ep=  333 | return= 0.014 | guided%=  0.0 | bc=0.0000 | cumQ=     0 | bc_coef=0.000 | sps=502
[ 220/488] step= 225280 | ep=  348 | return= 0.014 | guided%=  0.0 | bc=0.0000 | cumQ=     0 | bc_coef=0.000 | sps=503
[ 230/488] step= 235520 | ep=  364 | return= 0.014 | guided%=  0.0 | bc=0.0000 | cumQ=     0 | bc_coef=0.000 | sps=503
[ 240/488] step= 245760 | ep=  380 | return= 0.006 | guided%=  0.0 | bc=0.0000 | cumQ=     0 | bc_coef=0.000 | sps=503
[ 250/488] step= 256000 | ep=  396 | return= 0.000 | guided%=  0.0 | bc=0.0000 | cumQ=     0 | bc_coef=0.000 | sps=503
[ 260/488] step= 266240 | ep=  414 | return= 0.018 | guided%=  0.0 | bc=0.0000 | cumQ=     0 | bc_coef=0.000 | sps=503
[ 270/488] step= 276480 | ep=  430 | return= 0.018 | guided%=  0.0 | bc=0.0000 | cumQ=     0 | bc_coef=0.000 | sps=503
[ 280/488] step= 286720 | ep=  446 | return= 0.018 | guided%=  0.0 | bc=0.0000 | cumQ=     0 | bc_coef=0.000 | sps=503
[ 290/488] step= 296960 | ep=  462 | return= 0.018 | guided%=  0.0 | bc=0.0000 | cumQ=     0 | bc_coef=0.000 | sps=503
[ 300/488] step= 307200 | ep=  478 | return= 0.020 | guided%=  0.0 | bc=0.0000 | cumQ=     0 | bc_coef=0.000 | sps=503
[ 310/488] step= 317440 | ep=  494 | return= 0.020 | guided%=  0.0 | bc=0.0000 | cumQ=     0 | bc_coef=0.000 | sps=503
[ 320/488] step= 327680 | ep=  510 | return= 0.002 | guided%=  0.0 | bc=0.0000 | cumQ=     0 | bc_coef=0.000 | sps=503
[ 330/488] step= 337920 | ep=  526 | return= 0.002 | guided%=  0.0 | bc=0.0000 | cumQ=     0 | bc_coef=0.000 | sps=503
[ 340/488] step= 348160 | ep=  542 | return= 0.002 | guided%=  0.0 | bc=0.0000 | cumQ=     0 | bc_coef=0.000 | sps=503
[ 350/488] step= 358400 | ep=  558 | return= 0.002 | guided%=  0.0 | bc=0.0000 | cumQ=     0 | bc_coef=0.000 | sps=503
[ 360/488] step= 368640 | ep=  574 | return= 0.002 | guided%=  0.0 | bc=0.0000 | cumQ=     0 | bc_coef=0.000 | sps=503
[ 370/488] step= 378880 | ep=  590 | return= 0.000 | guided%=  0.0 | bc=0.0000 | cumQ=     0 | bc_coef=0.000 | sps=504
[ 380/488] step= 389120 | ep=  606 | return= 0.000 | guided%=  0.0 | bc=0.0000 | cumQ=     0 | bc_coef=0.000 | sps=504
[ 390/488] step= 399360 | ep=  622 | return= 0.000 | guided%=  0.0 | bc=0.0000 | cumQ=     0 | bc_coef=0.000 | sps=504
[ 400/488] step= 409600 | ep=  638 | return= 0.000 | guided%=  0.0 | bc=0.0000 | cumQ=     0 | bc_coef=0.000 | sps=504
[ 410/488] step= 419840 | ep=  656 | return= 0.012 | guided%=  0.0 | bc=0.0000 | cumQ=     0 | bc_coef=0.000 | sps=504
[ 420/488] step= 430080 | ep=  672 | return= 0.016 | guided%=  0.0 | bc=0.0000 | cumQ=     0 | bc_coef=0.000 | sps=504
[ 430/488] step= 440320 | ep=  688 | return= 0.020 | guided%=  0.0 | bc=0.0000 | cumQ=     0 | bc_coef=0.000 | sps=504
[ 440/488] step= 450560 | ep=  704 | return= 0.020 | guided%=  0.0 | bc=0.0000 | cumQ=     0 | bc_coef=0.000 | sps=504
[ 450/488] step= 460800 | ep=  720 | return= 0.020 | guided%=  0.0 | bc=0.0000 | cumQ=     0 | bc_coef=0.000 | sps=504
[ 460/488] step= 471040 | ep=  736 | return= 0.020 | guided%=  0.0 | bc=0.0000 | cumQ=     0 | bc_coef=0.000 | sps=504
[ 470/488] step= 481280 | ep=  754 | return= 0.015 | guided%=  0.0 | bc=0.0000 | cumQ=     0 | bc_coef=0.000 | sps=504
[ 480/488] step= 491520 | ep=  770 | return= 0.011 | guided%=  0.0 | bc=0.0000 | cumQ=     0 | bc_coef=0.000 | sps=504
Generating plots...
Saved → figures/baseline__MiniGrid-DoorKey-8x8-v0__seed7__1777385415.png
Plots → figures/baseline__MiniGrid-DoorKey-8x8-v0__seed7__1777385415.png
=== Oracle gratuit       (cost=0.000) | seed=8 ===
Run: oracle_free__MiniGrid-DoorKey-8x8-v0__seed8__1777386415
  device=cuda, batch=1024, updates=488
  CSV → logs/oracle_free__MiniGrid-DoorKey-8x8-v0__seed8__1777386415.csv
  obs=(64, 64, 3), n_actions=8, query_action=7
  params=67,167,753
[   1/488] step=   1024 | ep=    0 | return=   nan | guided%=  nan | bc=0.0000 | cumQ=   111 | bc_coef=0.000 | sps=339
[  10/488] step=  10240 | ep=   79 | return= 0.824 | guided%= 26.0 | bc=0.0000 | cumQ=  2033 | bc_coef=0.000 | sps=468
[  20/488] step=  20480 | ep=  482 | return= 0.972 | guided%= 81.9 | bc=0.0000 | cumQ=  9097 | bc_coef=0.000 | sps=469
[  30/488] step=  30720 | ep= 1003 | return= 0.973 | guided%= 90.2 | bc=0.0000 | cumQ= 17921 | bc_coef=0.000 | sps=467
[  40/488] step=  40960 | ep= 1560 | return= 0.976 | guided%= 91.2 | bc=0.0000 | cumQ= 27205 | bc_coef=0.000 | sps=465
[  50/488] step=  51200 | ep= 2137 | return= 0.977 | guided%= 94.1 | bc=0.0000 | cumQ= 36734 | bc_coef=0.000 | sps=463
[  60/488] step=  61440 | ep= 2712 | return= 0.976 | guided%= 93.7 | bc=0.0000 | cumQ= 46333 | bc_coef=0.000 | sps=462
[  70/488] step=  71680 | ep= 3255 | return= 0.975 | guided%= 88.4 | bc=0.0000 | cumQ= 55266 | bc_coef=0.000 | sps=462
[  80/488] step=  81920 | ep= 3815 | return= 0.976 | guided%= 93.4 | bc=0.0000 | cumQ= 64677 | bc_coef=0.000 | sps=461
[  90/488] step=  92160 | ep= 4395 | return= 0.977 | guided%= 93.7 | bc=0.0000 | cumQ= 74277 | bc_coef=0.000 | sps=460
[ 100/488] step= 102400 | ep= 4930 | return= 0.975 | guided%= 87.2 | bc=0.0000 | cumQ= 82905 | bc_coef=0.000 | sps=460
[ 110/488] step= 112640 | ep= 5485 | return= 0.975 | guided%= 89.1 | bc=0.0000 | cumQ= 91975 | bc_coef=0.000 | sps=460
[ 120/488] step= 122880 | ep= 6039 | return= 0.976 | guided%= 88.1 | bc=0.0000 | cumQ=101046 | bc_coef=0.000 | sps=460
[ 130/488] step= 133120 | ep= 6598 | return= 0.977 | guided%= 87.6 | bc=0.0000 | cumQ=110070 | bc_coef=0.000 | sps=460
[ 140/488] step= 143360 | ep= 7169 | return= 0.976 | guided%= 82.9 | bc=0.0000 | cumQ=118668 | bc_coef=0.000 | sps=459
[ 150/488] step= 153600 | ep= 7742 | return= 0.976 | guided%= 88.5 | bc=0.0000 | cumQ=127638 | bc_coef=0.000 | sps=459
[ 160/488] step= 163840 | ep= 8308 | return= 0.976 | guided%= 81.0 | bc=0.0000 | cumQ=136270 | bc_coef=0.000 | sps=459
[ 170/488] step= 174080 | ep= 8869 | return= 0.976 | guided%= 83.9 | bc=0.0000 | cumQ=144827 | bc_coef=0.000 | sps=459
[ 180/488] step= 184320 | ep= 9441 | return= 0.976 | guided%= 93.3 | bc=0.0000 | cumQ=154112 | bc_coef=0.000 | sps=459
[ 190/488] step= 194560 | ep=10009 | return= 0.977 | guided%= 91.4 | bc=0.0000 | cumQ=163521 | bc_coef=0.000 | sps=458
[ 200/488] step= 204800 | ep=10548 | return= 0.975 | guided%= 82.7 | bc=0.0000 | cumQ=172069 | bc_coef=0.000 | sps=458
[ 210/488] step= 215040 | ep=11107 | return= 0.976 | guided%= 86.9 | bc=0.0000 | cumQ=180792 | bc_coef=0.000 | sps=458
[ 220/488] step= 225280 | ep=11679 | return= 0.977 | guided%= 84.7 | bc=0.0000 | cumQ=189574 | bc_coef=0.000 | sps=458
[ 230/488] step= 235520 | ep=12231 | return= 0.975 | guided%= 77.7 | bc=0.0000 | cumQ=198007 | bc_coef=0.000 | sps=458
[ 240/488] step= 245760 | ep=12803 | return= 0.977 | guided%= 85.7 | bc=0.0000 | cumQ=206849 | bc_coef=0.000 | sps=458
[ 250/488] step= 256000 | ep=13371 | return= 0.976 | guided%= 88.5 | bc=0.0000 | cumQ=215914 | bc_coef=0.000 | sps=458
[ 260/488] step= 266240 | ep=13931 | return= 0.975 | guided%= 81.5 | bc=0.0000 | cumQ=224616 | bc_coef=0.000 | sps=458
[ 270/488] step= 276480 | ep=14493 | return= 0.975 | guided%= 77.7 | bc=0.0000 | cumQ=232918 | bc_coef=0.000 | sps=458
[ 280/488] step= 286720 | ep=15054 | return= 0.976 | guided%= 84.8 | bc=0.0000 | cumQ=241424 | bc_coef=0.000 | sps=458
[ 290/488] step= 296960 | ep=15631 | return= 0.977 | guided%= 84.6 | bc=0.0000 | cumQ=250195 | bc_coef=0.000 | sps=458
[ 300/488] step= 307200 | ep=16192 | return= 0.976 | guided%= 86.0 | bc=0.0000 | cumQ=258812 | bc_coef=0.000 | sps=458
[ 310/488] step= 317440 | ep=16751 | return= 0.976 | guided%= 82.7 | bc=0.0000 | cumQ=267555 | bc_coef=0.000 | sps=458
[ 320/488] step= 327680 | ep=17313 | return= 0.974 | guided%= 81.3 | bc=0.0000 | cumQ=276133 | bc_coef=0.000 | sps=457
[ 330/488] step= 337920 | ep=17867 | return= 0.975 | guided%= 85.4 | bc=0.0000 | cumQ=284793 | bc_coef=0.000 | sps=457
[ 340/488] step= 348160 | ep=18395 | return= 0.974 | guided%= 85.8 | bc=0.0000 | cumQ=293592 | bc_coef=0.000 | sps=457
[ 350/488] step= 358400 | ep=18946 | return= 0.977 | guided%= 87.8 | bc=0.0000 | cumQ=302496 | bc_coef=0.000 | sps=457
[ 360/488] step= 368640 | ep=19504 | return= 0.975 | guided%= 86.0 | bc=0.0000 | cumQ=311489 | bc_coef=0.000 | sps=457
[ 370/488] step= 378880 | ep=20058 | return= 0.976 | guided%= 88.2 | bc=0.0000 | cumQ=320441 | bc_coef=0.000 | sps=457
[ 380/488] step= 389120 | ep=20624 | return= 0.977 | guided%= 93.2 | bc=0.0000 | cumQ=329936 | bc_coef=0.000 | sps=457
[ 390/488] step= 399360 | ep=21197 | return= 0.976 | guided%= 93.0 | bc=0.0000 | cumQ=339504 | bc_coef=0.000 | sps=457
[ 400/488] step= 409600 | ep=21771 | return= 0.976 | guided%= 93.0 | bc=0.0000 | cumQ=349042 | bc_coef=0.000 | sps=457
[ 410/488] step= 419840 | ep=22350 | return= 0.977 | guided%= 93.6 | bc=0.0000 | cumQ=358649 | bc_coef=0.000 | sps=457
[ 420/488] step= 430080 | ep=22926 | return= 0.976 | guided%= 93.2 | bc=0.0000 | cumQ=368213 | bc_coef=0.000 | sps=457
[ 430/488] step= 440320 | ep=23501 | return= 0.977 | guided%= 91.8 | bc=0.0000 | cumQ=377650 | bc_coef=0.000 | sps=457
[ 440/488] step= 450560 | ep=24076 | return= 0.977 | guided%= 92.5 | bc=0.0000 | cumQ=387072 | bc_coef=0.000 | sps=457
[ 450/488] step= 460800 | ep=24653 | return= 0.976 | guided%= 94.0 | bc=0.0000 | cumQ=396658 | bc_coef=0.000 | sps=457
[ 460/488] step= 471040 | ep=25228 | return= 0.976 | guided%= 92.1 | bc=0.0000 | cumQ=406171 | bc_coef=0.000 | sps=457
[ 470/488] step= 481280 | ep=25803 | return= 0.976 | guided%= 92.7 | bc=0.0000 | cumQ=415669 | bc_coef=0.000 | sps=457
[ 480/488] step= 491520 | ep=26374 | return= 0.977 | guided%= 92.9 | bc=0.0000 | cumQ=425219 | bc_coef=0.000 | sps=457
Generating plots...
Plots → figures/oracle_free__MiniGrid-DoorKey-8x8-v0__seed8__1777386415.png
=== Oracle payant faible (cost=0.005) | seed=8 ===
Run: oracle_paid_0005__MiniGrid-DoorKey-8x8-v0__seed8__1777387518
  device=cuda, batch=1024, updates=488
  CSV → logs/oracle_paid_0005__MiniGrid-DoorKey-8x8-v0__seed8__1777387518.csv
  obs=(64, 64, 3), n_actions=8, query_action=7
  params=67,167,753
[   1/488] step=   1024 | ep=    0 | return=   nan | guided%=  nan | bc=0.0000 | cumQ=   111 | bc_coef=0.000 | sps=330
[  10/488] step=  10240 | ep=   65 | return= 0.639 | guided%= 26.0 | bc=0.0000 | cumQ=  1986 | bc_coef=0.000 | sps=466
[  20/488] step=  20480 | ep=  442 | return= 0.889 | guided%= 73.8 | bc=0.0000 | cumQ=  8406 | bc_coef=0.000 | sps=469
[  30/488] step=  30720 | ep=  942 | return= 0.894 | guided%= 81.8 | bc=0.0000 | cumQ= 16623 | bc_coef=0.000 | sps=468
[  40/488] step=  40960 | ep= 1468 | return= 0.896 | guided%= 86.2 | bc=0.0000 | cumQ= 25242 | bc_coef=0.000 | sps=466
[  50/488] step=  51200 | ep= 2023 | return= 0.896 | guided%= 88.0 | bc=0.0000 | cumQ= 34194 | bc_coef=0.000 | sps=464
[  60/488] step=  61440 | ep= 2586 | return= 0.904 | guided%= 83.2 | bc=0.0000 | cumQ= 42816 | bc_coef=0.000 | sps=464
[  70/488] step=  71680 | ep= 3156 | return= 0.907 | guided%= 76.5 | bc=0.0000 | cumQ= 50969 | bc_coef=0.000 | sps=463
[  80/488] step=  81920 | ep= 3728 | return= 0.904 | guided%= 80.0 | bc=0.0000 | cumQ= 59246 | bc_coef=0.000 | sps=463
[  90/488] step=  92160 | ep= 4308 | return= 0.909 | guided%= 78.9 | bc=0.0000 | cumQ= 67509 | bc_coef=0.000 | sps=462
[ 100/488] step= 102400 | ep= 4876 | return= 0.913 | guided%= 70.2 | bc=0.0000 | cumQ= 75230 | bc_coef=0.000 | sps=462
[ 110/488] step= 112640 | ep= 5416 | return= 0.913 | guided%= 68.3 | bc=0.0000 | cumQ= 82082 | bc_coef=0.000 | sps=462
[ 120/488] step= 122880 | ep= 5972 | return= 0.916 | guided%= 66.1 | bc=0.0000 | cumQ= 88900 | bc_coef=0.000 | sps=462
[ 130/488] step= 133120 | ep= 6518 | return= 0.918 | guided%= 64.9 | bc=0.0000 | cumQ= 95429 | bc_coef=0.000 | sps=462
[ 140/488] step= 143360 | ep= 7062 | return= 0.917 | guided%= 64.6 | bc=0.0000 | cumQ=101732 | bc_coef=0.000 | sps=462
[ 150/488] step= 153600 | ep= 7626 | return= 0.915 | guided%= 67.5 | bc=0.0000 | cumQ=108421 | bc_coef=0.000 | sps=462
[ 160/488] step= 163840 | ep= 8199 | return= 0.919 | guided%= 64.2 | bc=0.0000 | cumQ=115084 | bc_coef=0.000 | sps=462
[ 170/488] step= 174080 | ep= 8766 | return= 0.921 | guided%= 61.8 | bc=0.0000 | cumQ=121545 | bc_coef=0.000 | sps=462
[ 180/488] step= 184320 | ep= 9334 | return= 0.917 | guided%= 65.4 | bc=0.0000 | cumQ=128140 | bc_coef=0.000 | sps=462
[ 190/488] step= 194560 | ep= 9893 | return= 0.917 | guided%= 64.3 | bc=0.0000 | cumQ=134848 | bc_coef=0.000 | sps=462
[ 200/488] step= 204800 | ep=10467 | return= 0.920 | guided%= 62.1 | bc=0.0000 | cumQ=141448 | bc_coef=0.000 | sps=462
[ 210/488] step= 215040 | ep=11019 | return= 0.920 | guided%= 64.1 | bc=0.0000 | cumQ=147648 | bc_coef=0.000 | sps=462
[ 220/488] step= 225280 | ep=11591 | return= 0.923 | guided%= 61.3 | bc=0.0000 | cumQ=154262 | bc_coef=0.000 | sps=462
[ 230/488] step= 235520 | ep=12167 | return= 0.916 | guided%= 64.7 | bc=0.0000 | cumQ=160795 | bc_coef=0.000 | sps=462
[ 240/488] step= 245760 | ep=12748 | return= 0.922 | guided%= 61.4 | bc=0.0000 | cumQ=167244 | bc_coef=0.000 | sps=462
[ 250/488] step= 256000 | ep=13323 | return= 0.916 | guided%= 66.8 | bc=0.0000 | cumQ=173851 | bc_coef=0.000 | sps=462
[ 260/488] step= 266240 | ep=13901 | return= 0.919 | guided%= 65.0 | bc=0.0000 | cumQ=180652 | bc_coef=0.000 | sps=462
[ 270/488] step= 276480 | ep=14482 | return= 0.922 | guided%= 63.9 | bc=0.0000 | cumQ=187257 | bc_coef=0.000 | sps=462
[ 280/488] step= 286720 | ep=15045 | return= 0.915 | guided%= 64.5 | bc=0.0000 | cumQ=194035 | bc_coef=0.000 | sps=462
[ 290/488] step= 296960 | ep=15621 | return= 0.919 | guided%= 63.0 | bc=0.0000 | cumQ=200534 | bc_coef=0.000 | sps=462
[ 300/488] step= 307200 | ep=16196 | return= 0.921 | guided%= 61.4 | bc=0.0000 | cumQ=206978 | bc_coef=0.000 | sps=462
[ 310/488] step= 317440 | ep=16759 | return= 0.920 | guided%= 61.1 | bc=0.0000 | cumQ=213200 | bc_coef=0.000 | sps=462
[ 320/488] step= 327680 | ep=17330 | return= 0.920 | guided%= 61.5 | bc=0.0000 | cumQ=219617 | bc_coef=0.000 | sps=462
[ 330/488] step= 337920 | ep=17896 | return= 0.918 | guided%= 62.1 | bc=0.0000 | cumQ=225972 | bc_coef=0.000 | sps=462
[ 340/488] step= 348160 | ep=18455 | return= 0.921 | guided%= 60.8 | bc=0.0000 | cumQ=232347 | bc_coef=0.000 | sps=462
[ 350/488] step= 358400 | ep=19027 | return= 0.921 | guided%= 62.3 | bc=0.0000 | cumQ=238725 | bc_coef=0.000 | sps=462
[ 360/488] step= 368640 | ep=19595 | return= 0.917 | guided%= 61.6 | bc=0.0000 | cumQ=245139 | bc_coef=0.000 | sps=462
[ 370/488] step= 378880 | ep=20164 | return= 0.919 | guided%= 61.1 | bc=0.0000 | cumQ=251426 | bc_coef=0.000 | sps=462
[ 380/488] step= 389120 | ep=20728 | return= 0.921 | guided%= 60.3 | bc=0.0000 | cumQ=257751 | bc_coef=0.000 | sps=462
[ 390/488] step= 399360 | ep=21288 | return= 0.921 | guided%= 60.9 | bc=0.0000 | cumQ=263954 | bc_coef=0.000 | sps=462
[ 400/488] step= 409600 | ep=21844 | return= 0.917 | guided%= 62.5 | bc=0.0000 | cumQ=270314 | bc_coef=0.000 | sps=462
[ 410/488] step= 419840 | ep=22416 | return= 0.923 | guided%= 60.5 | bc=0.0000 | cumQ=276450 | bc_coef=0.000 | sps=462
[ 420/488] step= 430080 | ep=22981 | return= 0.920 | guided%= 62.3 | bc=0.0000 | cumQ=282674 | bc_coef=0.000 | sps=462
[ 430/488] step= 440320 | ep=23552 | return= 0.923 | guided%= 60.1 | bc=0.0000 | cumQ=288948 | bc_coef=0.000 | sps=462
[ 440/488] step= 450560 | ep=24124 | return= 0.922 | guided%= 59.7 | bc=0.0000 | cumQ=295265 | bc_coef=0.000 | sps=462
[ 450/488] step= 460800 | ep=24699 | return= 0.923 | guided%= 60.7 | bc=0.0000 | cumQ=301572 | bc_coef=0.000 | sps=462
[ 460/488] step= 471040 | ep=25269 | return= 0.923 | guided%= 60.4 | bc=0.0000 | cumQ=307888 | bc_coef=0.000 | sps=462
[ 470/488] step= 481280 | ep=25837 | return= 0.921 | guided%= 59.9 | bc=0.0000 | cumQ=314158 | bc_coef=0.000 | sps=462
[ 480/488] step= 491520 | ep=26404 | return= 0.922 | guided%= 60.3 | bc=0.0000 | cumQ=320510 | bc_coef=0.000 | sps=462
Generating plots...
Plots → figures/oracle_paid_0005__MiniGrid-DoorKey-8x8-v0__seed8__1777387518.png
=== Oracle payant moyen  (cost=0.010) | seed=8 ===
Run: oracle_paid_001__MiniGrid-DoorKey-8x8-v0__seed8__1777388609
  device=cuda, batch=1024, updates=488
  CSV → logs/oracle_paid_001__MiniGrid-DoorKey-8x8-v0__seed8__1777388609.csv
  obs=(64, 64, 3), n_actions=8, query_action=7
  params=67,167,753
[   1/488] step=   1024 | ep=    0 | return=   nan | guided%=  nan | bc=0.0000 | cumQ=   111 | bc_coef=0.000 | sps=332
[  10/488] step=  10240 | ep=   18 | return= 0.005 | guided%=  8.5 | bc=0.0000 | cumQ=   688 | bc_coef=0.000 | sps=466
[  20/488] step=  20480 | ep=   39 | return= 0.096 | guided%=  5.0 | bc=0.0000 | cumQ=   878 | bc_coef=0.000 | sps=480
[  30/488] step=  30720 | ep=   58 | return= 0.089 | guided%=  4.1 | bc=0.0000 | cumQ=  1043 | bc_coef=0.000 | sps=487
  *** First unguided success — episode 64 ***
[  40/488] step=  40960 | ep=   81 | return= 0.154 | guided%=  3.3 | bc=0.0000 | cumQ=  1155 | bc_coef=0.000 | sps=491
[  50/488] step=  51200 | ep=  110 | return= 0.210 | guided%=  2.8 | bc=0.0000 | cumQ=  1563 | bc_coef=0.000 | sps=492
[  60/488] step=  61440 | ep=  164 | return= 0.440 | guided%=  5.5 | bc=0.0000 | cumQ=  2311 | bc_coef=0.000 | sps=493
[  70/488] step=  71680 | ep=  247 | return= 0.665 | guided%= 11.3 | bc=0.0000 | cumQ=  3446 | bc_coef=0.000 | sps=492
[  80/488] step=  81920 | ep=  494 | return= 0.840 | guided%= 42.4 | bc=0.0000 | cumQ=  6512 | bc_coef=0.000 | sps=490
[  90/488] step=  92160 | ep=  955 | return= 0.858 | guided%= 54.6 | bc=0.0000 | cumQ= 11660 | bc_coef=0.000 | sps=486
[ 100/488] step= 102400 | ep= 1477 | return= 0.867 | guided%= 56.4 | bc=0.0000 | cumQ= 17443 | bc_coef=0.000 | sps=483
[ 110/488] step= 112640 | ep= 2001 | return= 0.872 | guided%= 50.0 | bc=0.0000 | cumQ= 22803 | bc_coef=0.000 | sps=481
[ 120/488] step= 122880 | ep= 2550 | return= 0.876 | guided%= 56.2 | bc=0.0000 | cumQ= 28369 | bc_coef=0.000 | sps=479
[ 130/488] step= 133120 | ep= 3108 | return= 0.873 | guided%= 56.7 | bc=0.0000 | cumQ= 34113 | bc_coef=0.000 | sps=477
[ 140/488] step= 143360 | ep= 3671 | return= 0.872 | guided%= 57.3 | bc=0.0000 | cumQ= 39927 | bc_coef=0.000 | sps=476
[ 150/488] step= 153600 | ep= 4242 | return= 0.877 | guided%= 55.0 | bc=0.0000 | cumQ= 45735 | bc_coef=0.000 | sps=474
[ 160/488] step= 163840 | ep= 4788 | return= 0.881 | guided%= 50.1 | bc=0.0000 | cumQ= 51132 | bc_coef=0.000 | sps=473
[ 170/488] step= 174080 | ep= 5322 | return= 0.871 | guided%= 52.4 | bc=0.0000 | cumQ= 56373 | bc_coef=0.000 | sps=473
[ 180/488] step= 184320 | ep= 5868 | return= 0.874 | guided%= 53.9 | bc=0.0000 | cumQ= 61840 | bc_coef=0.000 | sps=472
[ 190/488] step= 194560 | ep= 6408 | return= 0.874 | guided%= 51.5 | bc=0.0000 | cumQ= 67210 | bc_coef=0.000 | sps=471
[ 200/488] step= 204800 | ep= 6965 | return= 0.876 | guided%= 53.8 | bc=0.0000 | cumQ= 72548 | bc_coef=0.000 | sps=471
[ 210/488] step= 215040 | ep= 7522 | return= 0.865 | guided%= 57.2 | bc=0.0000 | cumQ= 78262 | bc_coef=0.000 | sps=470
[ 220/488] step= 225280 | ep= 8091 | return= 0.881 | guided%= 53.6 | bc=0.0000 | cumQ= 83946 | bc_coef=0.000 | sps=469
[ 230/488] step= 235520 | ep= 8631 | return= 0.876 | guided%= 53.9 | bc=0.0000 | cumQ= 89320 | bc_coef=0.000 | sps=469
[ 240/488] step= 245760 | ep= 9194 | return= 0.874 | guided%= 55.5 | bc=0.0000 | cumQ= 94894 | bc_coef=0.000 | sps=469
[ 250/488] step= 256000 | ep= 9751 | return= 0.876 | guided%= 54.4 | bc=0.0000 | cumQ=100493 | bc_coef=0.000 | sps=468
[ 260/488] step= 266240 | ep=10293 | return= 0.880 | guided%= 51.3 | bc=0.0000 | cumQ=105835 | bc_coef=0.000 | sps=468
[ 270/488] step= 276480 | ep=10857 | return= 0.883 | guided%= 52.1 | bc=0.0000 | cumQ=111260 | bc_coef=0.000 | sps=467
[ 280/488] step= 286720 | ep=11404 | return= 0.876 | guided%= 50.9 | bc=0.0000 | cumQ=116607 | bc_coef=0.000 | sps=467
[ 290/488] step= 296960 | ep=11945 | return= 0.872 | guided%= 54.0 | bc=0.0000 | cumQ=121830 | bc_coef=0.000 | sps=467
[ 300/488] step= 307200 | ep=12498 | return= 0.878 | guided%= 52.0 | bc=0.0000 | cumQ=127180 | bc_coef=0.000 | sps=467
[ 310/488] step= 317440 | ep=13046 | return= 0.873 | guided%= 54.7 | bc=0.0000 | cumQ=132503 | bc_coef=0.000 | sps=466
[ 320/488] step= 327680 | ep=13605 | return= 0.881 | guided%= 51.6 | bc=0.0000 | cumQ=137783 | bc_coef=0.000 | sps=466
[ 330/488] step= 337920 | ep=14163 | return= 0.879 | guided%= 51.8 | bc=0.0000 | cumQ=143265 | bc_coef=0.000 | sps=466
[ 340/488] step= 348160 | ep=14720 | return= 0.877 | guided%= 52.6 | bc=0.0000 | cumQ=148577 | bc_coef=0.000 | sps=466
[ 350/488] step= 358400 | ep=15271 | return= 0.880 | guided%= 50.9 | bc=0.0000 | cumQ=153868 | bc_coef=0.000 | sps=466
[ 360/488] step= 368640 | ep=15819 | return= 0.884 | guided%= 49.7 | bc=0.0000 | cumQ=159014 | bc_coef=0.000 | sps=465
[ 370/488] step= 378880 | ep=16358 | return= 0.879 | guided%= 51.5 | bc=0.0000 | cumQ=164106 | bc_coef=0.000 | sps=465
[ 380/488] step= 389120 | ep=16910 | return= 0.881 | guided%= 50.9 | bc=0.0000 | cumQ=169314 | bc_coef=0.000 | sps=465
[ 390/488] step= 399360 | ep=17468 | return= 0.883 | guided%= 51.2 | bc=0.0000 | cumQ=174611 | bc_coef=0.000 | sps=465
[ 400/488] step= 409600 | ep=18026 | return= 0.879 | guided%= 51.8 | bc=0.0000 | cumQ=179901 | bc_coef=0.000 | sps=465
[ 410/488] step= 419840 | ep=18569 | return= 0.880 | guided%= 51.1 | bc=0.0000 | cumQ=185282 | bc_coef=0.000 | sps=465
[ 420/488] step= 430080 | ep=19133 | return= 0.885 | guided%= 50.8 | bc=0.0000 | cumQ=190534 | bc_coef=0.000 | sps=465
[ 430/488] step= 440320 | ep=19686 | return= 0.877 | guided%= 52.7 | bc=0.0000 | cumQ=195783 | bc_coef=0.000 | sps=465
[ 440/488] step= 450560 | ep=20240 | return= 0.879 | guided%= 50.3 | bc=0.0000 | cumQ=200940 | bc_coef=0.000 | sps=464
[ 450/488] step= 460800 | ep=20802 | return= 0.882 | guided%= 52.5 | bc=0.0000 | cumQ=206227 | bc_coef=0.000 | sps=464
[ 460/488] step= 471040 | ep=21359 | return= 0.881 | guided%= 54.2 | bc=0.0000 | cumQ=211627 | bc_coef=0.000 | sps=464
[ 470/488] step= 481280 | ep=21921 | return= 0.876 | guided%= 53.1 | bc=0.0000 | cumQ=217002 | bc_coef=0.000 | sps=464
[ 480/488] step= 491520 | ep=22495 | return= 0.881 | guided%= 53.2 | bc=0.0000 | cumQ=222411 | bc_coef=0.000 | sps=464
Generating plots...
Saved → figures/oracle_paid_001__MiniGrid-DoorKey-8x8-v0__seed8__1777388609.png
Plots → figures/oracle_paid_001__MiniGrid-DoorKey-8x8-v0__seed8__1777388609.png
=== Baseline PPO                      | seed=8 ===
Run: baseline__MiniGrid-DoorKey-8x8-v0__seed8__1777389698
  device=cuda, batch=1024, updates=488
  CSV → logs/baseline__MiniGrid-DoorKey-8x8-v0__seed8__1777389698.csv
  obs=(64, 64, 3), n_actions=7, query_action=6
  params=67,167,496
[   1/488] step=   1024 | ep=    0 | return=   nan | guided%=  nan | bc=0.0000 | cumQ=     0 | bc_coef=0.000 | sps=335
  *** First unguided success — episode 1 ***
[  10/488] step=  10240 | ep=    9 | return= 0.068 | guided%=  0.0 | bc=0.0000 | cumQ=     0 | bc_coef=0.000 | sps=475
[  20/488] step=  20480 | ep=   25 | return= 0.024 | guided%=  0.0 | bc=0.0000 | cumQ=     0 | bc_coef=0.000 | sps=485
[  30/488] step=  30720 | ep=   41 | return= 0.015 | guided%=  0.0 | bc=0.0000 | cumQ=     0 | bc_coef=0.000 | sps=489
[  40/488] step=  40960 | ep=   57 | return= 0.011 | guided%=  0.0 | bc=0.0000 | cumQ=     0 | bc_coef=0.000 | sps=491
[  50/488] step=  51200 | ep=   73 | return= 0.008 | guided%=  0.0 | bc=0.0000 | cumQ=     0 | bc_coef=0.000 | sps=493
[  60/488] step=  61440 | ep=   89 | return= 0.007 | guided%=  0.0 | bc=0.0000 | cumQ=     0 | bc_coef=0.000 | sps=494
[  70/488] step=  71680 | ep=  105 | return= 0.000 | guided%=  0.0 | bc=0.0000 | cumQ=     0 | bc_coef=0.000 | sps=495
[  80/488] step=  81920 | ep=  121 | return= 0.000 | guided%=  0.0 | bc=0.0000 | cumQ=     0 | bc_coef=0.000 | sps=495
[  90/488] step=  92160 | ep=  137 | return= 0.000 | guided%=  0.0 | bc=0.0000 | cumQ=     0 | bc_coef=0.000 | sps=495
[ 100/488] step= 102400 | ep=  153 | return= 0.000 | guided%=  0.0 | bc=0.0000 | cumQ=     0 | bc_coef=0.000 | sps=495
[ 110/488] step= 112640 | ep=  169 | return= 0.000 | guided%=  0.0 | bc=0.0000 | cumQ=     0 | bc_coef=0.000 | sps=495
[ 120/488] step= 122880 | ep=  185 | return= 0.002 | guided%=  0.0 | bc=0.0000 | cumQ=     0 | bc_coef=0.000 | sps=495
[ 130/488] step= 133120 | ep=  201 | return= 0.002 | guided%=  0.0 | bc=0.0000 | cumQ=     0 | bc_coef=0.000 | sps=496
[ 140/488] step= 143360 | ep=  217 | return= 0.002 | guided%=  0.0 | bc=0.0000 | cumQ=     0 | bc_coef=0.000 | sps=496
[ 150/488] step= 153600 | ep=  233 | return= 0.002 | guided%=  0.0 | bc=0.0000 | cumQ=     0 | bc_coef=0.000 | sps=496
[ 160/488] step= 163840 | ep=  249 | return= 0.002 | guided%=  0.0 | bc=0.0000 | cumQ=     0 | bc_coef=0.000 | sps=496
[ 170/488] step= 174080 | ep=  265 | return= 0.002 | guided%=  0.0 | bc=0.0000 | cumQ=     0 | bc_coef=0.000 | sps=495
[ 180/488] step= 184320 | ep=  281 | return= 0.002 | guided%=  0.0 | bc=0.0000 | cumQ=     0 | bc_coef=0.000 | sps=495
[ 190/488] step= 194560 | ep=  297 | return= 0.000 | guided%=  0.0 | bc=0.0000 | cumQ=     0 | bc_coef=0.000 | sps=496
[ 200/488] step= 204800 | ep=  313 | return= 0.000 | guided%=  0.0 | bc=0.0000 | cumQ=     0 | bc_coef=0.000 | sps=496
[ 210/488] step= 215040 | ep=  330 | return= 0.007 | guided%=  0.0 | bc=0.0000 | cumQ=     0 | bc_coef=0.000 | sps=496
[ 220/488] step= 225280 | ep=  346 | return= 0.007 | guided%=  0.0 | bc=0.0000 | cumQ=     0 | bc_coef=0.000 | sps=496
[ 230/488] step= 235520 | ep=  362 | return= 0.007 | guided%=  0.0 | bc=0.0000 | cumQ=     0 | bc_coef=0.000 | sps=495
[ 240/488] step= 245760 | ep=  378 | return= 0.007 | guided%=  0.0 | bc=0.0000 | cumQ=     0 | bc_coef=0.000 | sps=496
[ 250/488] step= 256000 | ep=  394 | return= 0.007 | guided%=  0.0 | bc=0.0000 | cumQ=     0 | bc_coef=0.000 | sps=496
[ 260/488] step= 266240 | ep=  410 | return= 0.007 | guided%=  0.0 | bc=0.0000 | cumQ=     0 | bc_coef=0.000 | sps=495
[ 270/488] step= 276480 | ep=  426 | return= 0.007 | guided%=  0.0 | bc=0.0000 | cumQ=     0 | bc_coef=0.000 | sps=495
[ 280/488] step= 286720 | ep=  442 | return= 0.000 | guided%=  0.0 | bc=0.0000 | cumQ=     0 | bc_coef=0.000 | sps=495
[ 290/488] step= 296960 | ep=  458 | return= 0.000 | guided%=  0.0 | bc=0.0000 | cumQ=     0 | bc_coef=0.000 | sps=495
[ 300/488] step= 307200 | ep=  474 | return= 0.000 | guided%=  0.0 | bc=0.0000 | cumQ=     0 | bc_coef=0.000 | sps=495
[ 310/488] step= 317440 | ep=  490 | return= 0.000 | guided%=  0.0 | bc=0.0000 | cumQ=     0 | bc_coef=0.000 | sps=495
[ 320/488] step= 327680 | ep=  506 | return= 0.000 | guided%=  0.0 | bc=0.0000 | cumQ=     0 | bc_coef=0.000 | sps=495
[ 330/488] step= 337920 | ep=  522 | return= 0.000 | guided%=  0.0 | bc=0.0000 | cumQ=     0 | bc_coef=0.000 | sps=495
[ 340/488] step= 348160 | ep=  538 | return= 0.000 | guided%=  0.0 | bc=0.0000 | cumQ=     0 | bc_coef=0.000 | sps=495
[ 350/488] step= 358400 | ep=  554 | return= 0.000 | guided%=  0.0 | bc=0.0000 | cumQ=     0 | bc_coef=0.000 | sps=495
[ 360/488] step= 368640 | ep=  570 | return= 0.000 | guided%=  0.0 | bc=0.0000 | cumQ=     0 | bc_coef=0.000 | sps=495
[ 370/488] step= 378880 | ep=  586 | return= 0.000 | guided%=  0.0 | bc=0.0000 | cumQ=     0 | bc_coef=0.000 | sps=495
[ 380/488] step= 389120 | ep=  602 | return= 0.000 | guided%=  0.0 | bc=0.0000 | cumQ=     0 | bc_coef=0.000 | sps=495
[ 390/488] step= 399360 | ep=  618 | return= 0.000 | guided%=  0.0 | bc=0.0000 | cumQ=     0 | bc_coef=0.000 | sps=495
[ 400/488] step= 409600 | ep=  634 | return= 0.000 | guided%=  0.0 | bc=0.0000 | cumQ=     0 | bc_coef=0.000 | sps=495
[ 410/488] step= 419840 | ep=  650 | return= 0.000 | guided%=  0.0 | bc=0.0000 | cumQ=     0 | bc_coef=0.000 | sps=495
[ 420/488] step= 430080 | ep=  666 | return= 0.000 | guided%=  0.0 | bc=0.0000 | cumQ=     0 | bc_coef=0.000 | sps=495
[ 430/488] step= 440320 | ep=  682 | return= 0.000 | guided%=  0.0 | bc=0.0000 | cumQ=     0 | bc_coef=0.000 | sps=495
[ 440/488] step= 450560 | ep=  698 | return= 0.000 | guided%=  0.0 | bc=0.0000 | cumQ=     0 | bc_coef=0.000 | sps=495
[ 450/488] step= 460800 | ep=  714 | return= 0.000 | guided%=  0.0 | bc=0.0000 | cumQ=     0 | bc_coef=0.000 | sps=495
[ 460/488] step= 471040 | ep=  730 | return= 0.000 | guided%=  0.0 | bc=0.0000 | cumQ=     0 | bc_coef=0.000 | sps=495
[ 470/488] step= 481280 | ep=  746 | return= 0.000 | guided%=  0.0 | bc=0.0000 | cumQ=     0 | bc_coef=0.000 | sps=495
[ 480/488] step= 491520 | ep=  762 | return= 0.000 | guided%=  0.0 | bc=0.0000 | cumQ=     0 | bc_coef=0.000 | sps=495
Generating plots...
Saved → figures/baseline__MiniGrid-DoorKey-8x8-v0__seed8__1777389698.png
Plots → figures/baseline__MiniGrid-DoorKey-8x8-v0__seed8__1777389698.png
Tous les runs terminés.
