episode,global_step,ep_return,success,guided_pct,queries_per_ep,agreement_rate,oracle_correct_rate,oracle_cost,cum_queries,first_unguided_success
1,384,-0.5,0.0,16.67,1,0.0,0.0,0.1,45,
2,640,-1.9,0.0,10.0,1,0.0,0.0,0.1,68,
3,768,-2.2,0.0,16.67,2,0.0,0.5,0.1,78,
4,896,-2.3,0.0,7.14,1,0.0,0.0,0.1,93,
5,960,-2.4,0.0,6.67,1,0.0,0.0,0.1,99,
6,960,-2.7,0.0,26.67,4,0.0,0.25,0.1,99,
7,1024,10.3,1.0,6.25,1,0.0,0.0,0.1,107,
8,1088,-2.7,0.0,11.76,2,0.5,0.0,0.1,116,
9,1152,-2.7,0.0,5.56,1,0.0,0.0,0.1,124,
10,1152,-2.8,0.0,11.11,2,0.0,0.5,0.1,124,
11,1280,-2.3,0.0,25.0,5,0.0,0.2,0.1,134,
12,1344,-3.1,0.0,9.52,2,0.0,0.0,0.1,139,
13,1408,-3.3,0.0,13.64,3,0.3333,0.0,0.1,146,
14,1408,-3.2,0.0,9.09,2,0.5,0.0,0.1,146,
15,1536,-3.3,0.0,4.17,1,0.0,0.0,0.1,160,
16,1728,-3.7,0.0,7.41,2,0.0,0.0,0.1,176,
17,1728,-2.7,0.0,7.41,2,0.0,0.0,0.1,176,
18,1792,-4.0,0.0,14.29,4,0.0,0.25,0.1,182,
19,1792,-2.8,0.0,7.14,2,0.5,0.0,0.1,182,
20,1856,-4.1,0.0,13.79,4,0.0,0.0,0.1,192,
21,2112,8.5,1.0,6.06,2,0.5,0.0,0.1,213,
22,2176,-1.9,0.0,20.0,2,0.0,0.0,0.1,221,
23,2240,-4.7,0.0,11.43,4,0.0,0.25,0.1,228,
24,2240,-4.8,0.0,14.29,5,0.0,0.2,0.1,228,
25,2304,7.9,1.0,13.89,5,0.0,0.2,0.1,233,
26,2304,-4.0,0.0,16.67,6,0.1667,0.3333,0.1,233,
27,2432,-3.8,0.0,5.26,2,0.0,0.0,0.1,246,
28,2432,-5.1,0.0,13.16,5,0.0,0.2,0.1,246,
29,2496,-1.3,0.0,20.0,1,0.0,0.0,0.1,253,
30,2496,-5.2,0.0,12.82,5,0.0,0.2,0.1,253,
31,2560,-4.0,0.0,5.0,2,0.0,0.0,0.1,261,
32,2752,-5.4,0.0,6.98,3,0.3333,0.0,0.1,284,
33,2880,-2.9,0.0,14.29,4,0.25,0.0,0.1,297,
34,2944,-4.8,0.0,8.7,4,0.0,0.25,0.1,301,
35,3008,-4.8,0.0,6.38,3,0.0,0.0,0.1,305,
36,3072,6.9,1.0,6.25,3,0.0,0.3333,0.1,312,
37,3072,-2.6,0.0,26.67,4,0.25,0.25,0.1,312,
38,3136,-4.8,0.0,10.81,4,0.0,0.5,0.1,320,
39,3136,-6.2,0.0,10.2,5,0.0,0.2,0.1,320,
40,3200,-5.3,0.0,6.0,3,0.6667,0.6667,0.1,330,
41,3200,-5.6,0.0,12.0,6,0.1667,0.0,0.1,330,
42,3200,-5.3,0.0,6.0,3,0.0,0.0,0.1,330,
43,3200,-5.5,0.0,10.0,5,0.2,0.6,0.1,330,
44,3200,-5.5,0.0,10.0,5,0.0,0.2,0.1,330,
45,3200,-5.3,0.0,6.0,3,0.3333,0.3333,0.1,330,
46,3200,-4.6,0.0,12.0,6,0.0,0.0,0.1,330,
47,3200,-5.6,0.0,12.0,6,0.0,0.6667,0.1,330,
48,3200,-5.2,0.0,4.0,2,0.0,0.5,0.1,330,
49,3200,-5.3,0.0,6.0,3,0.0,0.3333,0.1,330,
50,3200,-5.4,0.0,8.0,4,0.0,0.25,0.1,330,
51,3200,-4.5,0.0,10.0,5,0.0,0.2,0.1,330,
52,3200,-5.5,0.0,10.0,5,0.0,0.0,0.1,330,
53,3200,-4.9,0.0,18.0,9,0.1111,0.1111,0.1,330,
54,3200,-5.7,0.0,14.0,7,0.1429,0.2857,0.1,330,
55,3200,-4.9,0.0,18.0,9,0.4444,0.4444,0.1,330,
56,3200,-5.3,0.0,6.0,3,0.0,0.3333,0.1,330,
57,3200,-5.3,0.0,6.0,3,0.6667,0.3333,0.1,330,
58,3200,-4.5,0.0,10.0,5,0.2,0.2,0.1,330,
59,3200,-5.5,0.0,10.0,5,0.2,0.4,0.1,330,
60,3200,-5.5,0.0,10.0,5,0.2,0.0,0.1,330,
61,3200,-5.9,0.0,18.0,9,0.1111,0.1111,0.1,330,
62,3200,-4.6,0.0,12.0,6,0.3333,0.3333,0.1,330,
63,3200,-6.1,0.0,6.0,3,0.0,0.0,0.1,330,
64,3200,-5.8,0.0,16.0,8,0.0,0.375,0.1,330,
65,3200,-5.4,0.0,8.0,4,0.0,0.5,0.1,330,
66,3200,-4.5,0.0,10.0,5,0.0,0.2,0.1,330,
67,3200,-5.5,0.0,10.0,5,0.0,0.2,0.1,330,
68,3200,-5.5,0.0,10.0,5,0.2,0.0,0.1,330,
69,3200,-4.7,0.0,14.0,7,0.1429,0.1429,0.1,330,
70,3328,9.2,1.0,16.0,4,0.0,0.75,0.1,338,
71,3520,-4.3,0.0,9.09,3,0.3333,0.6667,0.1,356,
72,3648,-5.6,0.0,11.76,6,0.0,0.6667,0.1,368,
73,3712,-1.7,0.0,25.0,2,0.0,0.5,0.1,375,
74,3776,-1.8,0.0,10.0,1,0.0,0.0,0.1,388,
75,3840,10.8,1.0,30.0,3,0.0,0.6667,0.1,394,
76,3904,-5.4,0.0,7.84,4,0.0,0.0,0.1,403,
77,3904,-5.4,0.0,4.44,2,0.0,0.5,0.1,403,
78,4160,-5.3,0.0,5.88,3,0.0,0.0,0.1,425,
79,4224,-5.3,0.0,5.88,3,0.0,0.3333,0.1,433,
80,4224,-5.2,0.0,23.53,12,0.1667,0.25,0.1,433,
81,4352,-2.7,0.0,11.11,2,0.0,0.0,0.1,453,
82,4416,-2.7,0.0,5.26,1,0.0,0.0,0.1,463,
83,4416,-5.5,0.0,9.8,5,0.0,0.2,0.1,463,
84,4416,-5.5,0.0,9.8,5,0.2,0.2,0.1,463,
85,4416,-2.7,0.0,5.26,1,0.0,0.0,0.1,463,
86,4480,-1.7,0.0,11.11,1,0.0,0.0,0.1,466,
87,4544,-4.5,0.0,9.8,5,0.0,0.4,0.1,473,
88,4544,-2.0,0.0,9.52,2,0.0,0.5,0.1,473,
89,4544,-4.2,0.0,6.06,2,0.0,0.0,0.1,473,
90,4544,-3.0,0.0,9.52,2,0.0,0.0,0.1,473,
91,4608,-5.6,0.0,11.76,6,0.1667,0.5,0.1,478,
92,4672,-5.5,0.0,9.8,5,0.0,0.4,0.1,488,
93,4672,-4.6,0.0,18.18,6,0.0,0.1667,0.1,488,
94,4736,-2.5,0.0,16.67,4,0.0,0.5,0.1,492,
95,4864,-3.5,0.0,7.69,2,0.0,0.5,0.1,508,
96,4864,-5.3,0.0,16.67,8,0.25,0.125,0.1,508,
97,4928,-3.6,0.0,7.41,2,0.0,0.5,0.1,513,
98,4992,-1.8,0.0,10.0,1,0.0,0.0,0.1,521,
99,4992,-5.3,0.0,5.88,3,0.3333,0.3333,0.1,521,
100,5056,-5.3,0.0,5.88,3,0.0,0.3333,0.1,528,
101,5120,-3.2,0.0,9.38,3,0.0,0.0,0.1,535,
102,5120,-5.4,0.0,7.84,4,0.25,0.25,0.1,535,
103,5184,-4.2,0.0,6.06,2,0.0,0.0,0.1,542,
104,5248,-4.2,0.0,9.38,3,0.0,0.3333,0.1,549,
105,5312,-2.1,0.0,7.69,1,0.0,0.0,0.1,556,
106,5440,-5.4,0.0,23.68,9,0.0,0.1111,0.1,570,
107,5504,-5.2,0.0,3.92,2,0.0,0.0,0.1,573,
108,5504,-6.1,0.0,21.57,11,0.1818,0.1818,0.1,573,
109,5568,-5.2,0.0,3.92,2,0.5,0.5,0.1,580,
110,5568,-4.8,0.0,15.69,8,0.125,0.0,0.1,580,
111,5696,-4.4,0.0,7.84,4,0.25,0.0,0.1,590,
112,5696,-4.7,0.0,2.56,1,1.0,0.0,0.1,590,
113,5760,-6.0,0.0,19.61,10,0.0,0.1,0.1,594,
114,5760,-5.6,0.0,11.76,6,0.0,0.0,0.1,594,
115,6016,11.5,1.0,20.0,1,0.0,1.0,0.1,614,
116,6016,-5.4,0.0,7.84,4,0.25,0.25,0.1,614,
117,6016,-5.7,0.0,4.17,2,0.0,0.0,0.1,614,
118,6016,-4.7,0.0,13.64,6,0.1667,0.1667,0.1,614,
119,6144,-3.2,0.0,8.7,2,0.0,0.0,0.1,627,
120,6144,7.1,1.0,6.38,3,0.3333,0.6667,0.1,627,
121,6144,-5.7,0.0,13.73,7,0.4286,0.1429,0.1,627,
122,6464,-5.9,0.0,17.65,9,0.0,0.3333,0.1,659,
123,6464,-5.6,0.0,11.76,6,0.3333,0.1667,0.1,659,
124,6464,-5.4,0.0,7.84,4,0.25,0.0,0.1,659,
125,6464,-4.8,0.0,15.69,8,0.25,0.25,0.1,659,
126,6464,-5.3,0.0,5.88,3,0.6667,0.0,0.1,659,
127,6464,-5.6,0.0,11.76,6,0.1667,0.3333,0.1,659,
128,6464,-5.5,0.0,9.8,5,0.0,0.2,0.1,659,
129,6464,-5.4,0.0,7.84,4,0.25,0.75,0.1,659,
130,6464,-4.6,0.0,11.76,6,0.0,0.3333,0.1,659,
131,6464,-4.6,0.0,11.76,6,0.0,0.1667,0.1,659,
132,6464,-5.8,0.0,15.69,8,0.0,0.0,0.1,659,
133,6464,-4.3,0.0,5.88,3,0.0,0.0,0.1,659,
134,6464,-5.3,0.0,5.88,3,0.0,0.0,0.1,659,
135,6464,-4.2,0.0,3.92,2,0.0,0.5,0.1,659,
136,6464,-5.6,0.0,11.76,6,0.1667,0.3333,0.1,659,
137,6464,-5.5,0.0,9.8,5,0.0,0.0,0.1,659,
138,6464,-5.7,0.0,13.73,7,0.0,0.2857,0.1,659,
139,6528,-3.0,0.0,4.55,1,0.0,0.0,0.1,663,
140,6592,-6.0,0.0,19.61,10,0.0,0.1,0.1,667,
141,6720,-3.3,0.0,4.0,1,0.0,0.0,0.1,677,
142,6784,-2.2,0.0,8.7,2,0.5,0.5,0.1,682,
143,6784,-5.6,0.0,11.76,6,0.0,0.1667,0.1,682,
144,6848,-2.1,0.0,7.69,1,0.0,0.0,0.1,690,
145,6848,-4.4,0.0,2.78,1,0.0,0.0,0.1,690,
146,6912,-3.8,0.0,3.33,1,0.0,0.0,0.1,701,
147,6912,-4.1,0.0,13.33,4,0.0,0.0,0.1,701,
148,6912,-4.5,0.0,9.8,5,0.4,0.2,0.1,701,
149,6976,-5.2,0.0,3.92,2,0.0,0.0,0.1,708,
150,6976,-5.5,0.0,11.63,5,0.0,0.2,0.1,708,
151,6976,-6.0,0.0,6.0,3,0.3333,0.0,0.1,708,
152,6976,-3.7,0.0,7.14,2,0.0,0.0,0.1,708,
153,7040,-4.8,0.0,5.13,2,0.0,0.5,0.1,716,
154,7104,-5.4,0.0,7.84,4,0.0,0.5,0.1,723,
155,7104,-4.5,0.0,14.29,6,0.0,0.0,0.1,723,
156,7168,-5.2,0.0,3.92,2,0.5,0.0,0.1,730,
157,7360,-4.9,0.0,16.67,6,0.0,0.1667,0.1,744,
158,7424,-5.9,0.0,17.65,9,0.0,0.1111,0.1,750,
159,7488,-5.6,0.0,11.76,6,0.1667,0.5,0.1,757,
160,7488,-1.0,0.0,8.33,1,0.0,0.0,0.1,757,
161,7616,-1.8,0.0,16.67,3,0.0,0.6667,0.1,766,
162,7680,-4.4,0.0,7.84,4,0.25,0.0,0.1,773,
163,7680,-5.6,0.0,11.76,6,0.1667,0.0,0.1,773,
164,7680,-5.5,0.0,9.8,5,0.4,0.0,0.1,773,
165,7808,-4.2,0.0,3.92,2,0.0,0.0,0.1,783,
166,7808,-5.5,0.0,9.8,5,0.0,0.0,0.1,783,
167,7808,-2.3,0.0,14.29,2,0.0,0.0,0.1,783,
168,7872,-5.5,0.0,9.8,5,0.2,0.2,0.1,789,
169,7936,-5.4,0.0,7.84,4,0.25,0.25,0.1,792,
170,8000,-2.7,0.0,3.45,1,0.0,0.0,0.1,799,
171,8000,-4.7,0.0,13.73,7,0.2857,0.4286,0.1,799,
172,8128,-5.4,0.0,7.84,4,0.75,0.5,0.1,816,
173,8128,-4.6,0.0,11.76,6,0.0,0.5,0.1,816,
174,8128,-3.6,0.0,11.54,3,0.3333,0.0,0.1,816,
175,8192,-5.3,0.0,5.88,3,0.0,0.3333,0.1,826,
176,8320,-3.2,0.0,13.64,3,0.3333,0.6667,0.1,831,
177,8384,-4.4,0.0,23.33,7,0.0,0.1429,0.1,839,
178,8512,-2.5,0.0,12.5,2,0.0,0.5,0.1,851,
179,8512,-5.2,0.0,3.92,2,0.0,0.0,0.1,851,
180,8704,-5.4,0.0,17.5,7,0.0,0.1429,0.1,868,
181,8704,-5.5,0.0,9.8,5,0.0,0.4,0.1,868,
182,8704,-1.6,0.0,11.76,2,0.0,0.0,0.1,868,
183,8768,-5.4,0.0,7.84,4,0.25,0.25,0.1,871,
184,8768,-5.2,0.0,3.92,2,0.5,0.0,0.1,871,
185,8832,-5.4,0.0,7.84,4,0.0,0.0,0.1,878,
186,8832,-4.2,0.0,3.92,2,0.0,0.5,0.1,878,
187,8960,-6.0,0.0,19.61,10,0.1,0.3,0.1,895,
188,9024,-5.9,0.0,17.65,9,0.0,0.3333,0.1,906,
189,9024,-2.4,0.0,6.25,1,0.0,0.0,0.1,906,
190,9024,-5.2,0.0,3.92,2,1.0,0.5,0.1,906,
191,9088,-4.0,0.0,4.88,2,0.0,0.0,0.1,913,
192,9152,-4.0,0.0,3.12,1,0.0,0.0,0.1,921,
193,9152,-5.3,0.0,9.52,4,0.0,0.25,0.1,921,
194,9216,8.5,1.0,9.09,3,0.0,0.0,0.1,928,
195,9280,-5.8,0.0,15.69,8,0.0,0.125,0.1,936,
196,9280,-5.8,0.0,15.69,8,0.0,0.375,0.1,936,
197,9280,-5.5,0.0,9.09,4,0.0,0.0,0.1,936,
198,9280,-4.6,0.0,11.76,6,0.0,0.3333,0.1,936,
199,9344,-4.7,0.0,11.11,5,0.0,0.2,0.1,940,
200,9408,-4.8,0.0,15.69,8,0.0,0.125,0.1,948,
201,9536,-4.2,0.0,9.38,3,0.0,0.0,0.1,961,
202,9600,11.6,1.0,0.0,0,,,0.1,967,202
203,9664,-3.2,0.0,8.7,2,0.0,0.0,0.1,972,
204,9728,-4.4,0.0,7.84,4,0.0,0.0,0.1,979,
205,9728,-5.4,0.0,7.84,4,0.25,0.0,0.1,979,
206,9728,-5.4,0.0,7.84,4,0.0,0.25,0.1,979,
207,9728,-5.2,0.0,3.92,2,0.0,0.0,0.1,979,
208,9728,-4.9,0.0,17.65,9,0.1111,0.3333,0.1,979,
209,9728,-5.4,0.0,7.84,4,0.0,0.0,0.1,979,
210,9728,-5.4,0.0,7.84,4,0.25,0.0,0.1,979,
211,9728,-5.8,0.0,15.69,8,0.0,0.5,0.1,979,
212,9728,-5.5,0.0,9.8,5,0.0,0.2,0.1,979,
213,9728,-4.7,0.0,13.73,7,0.2857,0.4286,0.1,979,
214,9792,-5.1,0.0,1.96,1,0.0,0.0,0.1,981,
215,9856,-5.6,0.0,11.76,6,0.0,0.3333,0.1,983,
216,9920,-5.7,0.0,2.04,1,0.0,0.0,0.1,990,
217,9984,-3.1,0.0,6.25,2,0.0,0.0,0.1,996,
218,10048,-3.5,0.0,16.67,4,0.0,0.25,0.1,1003,
219,10048,-4.7,0.0,13.73,7,0.1429,0.1429,0.1,1003,
220,10112,-6.0,0.0,19.61,10,0.1,0.0,0.1,1012,
221,10112,-5.8,0.0,15.69,8,0.25,0.25,0.1,1012,
222,10176,-4.4,0.0,7.84,4,0.0,0.25,0.1,1015,
223,10176,-2.5,0.0,20.0,3,0.0,0.3333,0.1,1015,
224,10240,-4.2,0.0,3.92,2,0.0,0.5,0.1,1022,
225,10240,-5.7,0.0,13.73,7,0.0,0.1429,0.1,1022,
226,10240,-5.5,0.0,9.8,5,0.0,0.2,0.1,1022,
227,10240,-5.9,0.0,17.65,9,0.2222,0.3333,0.1,1022,
228,10304,-4.2,0.0,3.92,2,0.5,0.5,0.1,1030,
229,10368,-5.6,0.0,6.52,3,0.0,0.0,0.1,1038,
230,10368,-4.9,0.0,20.0,7,0.1429,0.2857,0.1,1038,
231,10432,-5.5,0.0,9.8,5,0.0,0.4,0.1,1042,
232,10560,-2.8,0.0,10.71,3,0.3333,0.3333,0.1,1056,
233,10624,-4.7,0.0,11.11,4,0.0,0.25,0.1,1065,
234,10624,-6.2,0.0,7.84,4,0.25,0.25,0.1,1065,
235,10752,-2.9,0.0,15.79,3,0.0,0.0,0.1,1089,
236,10816,-3.7,0.0,7.14,2,0.0,0.5,0.1,1093,
237,10880,-3.7,0.0,20.0,5,0.0,0.2,0.1,1101,
238,10944,-4.3,0.0,5.88,3,0.0,0.3333,0.1,1106,
239,10944,-5.3,0.0,5.88,3,0.3333,0.0,0.1,1106,
240,10944,-5.5,0.0,9.8,5,0.0,0.2,0.1,1106,
241,11008,-3.6,0.0,7.41,2,0.0,0.0,0.1,1112,
242,11008,-2.3,0.0,6.67,1,0.0,0.0,0.1,1112,
243,11072,-5.2,0.0,3.92,2,0.0,0.5,0.1,1119,
244,11072,-4.3,0.0,5.88,3,0.0,0.0,0.1,1119,
245,11072,-4.4,0.0,7.84,4,0.0,0.5,0.1,1119,
246,11136,-5.6,0.0,11.76,6,0.1667,0.0,0.1,1124,
247,11200,-4.2,0.0,6.06,2,0.0,0.0,0.1,1130,
248,11264,-5.2,0.0,3.92,2,0.0,0.0,0.1,1134,
249,11264,-2.6,0.0,5.56,1,0.0,0.0,0.1,1134,
250,11392,-5.5,0.0,9.8,5,0.0,0.2,0.1,1147,
251,11392,-4.7,0.0,13.73,7,0.0,0.2857,0.1,1147,
252,11584,-3.7,0.0,3.45,1,0.0,0.0,0.1,1158,
253,11648,-1.8,0.0,10.0,1,0.0,0.0,0.1,1165,
254,11648,-4.9,0.0,17.65,9,0.2222,0.3333,0.1,1165,
255,11776,-5.3,0.0,5.88,3,0.0,0.3333,0.1,1182,
256,11968,-6.5,0.0,13.73,7,0.0,0.5714,0.1,1201,
257,11968,-4.4,0.0,7.84,4,0.25,0.0,0.1,1201,
258,11968,-5.4,0.0,7.84,4,0.25,0.25,0.1,1201,
259,12032,-5.5,0.0,9.8,5,0.0,0.2,0.1,1209,
260,12096,-5.4,0.0,7.84,4,0.25,0.5,0.1,1218,
261,12096,-5.2,0.0,3.92,2,0.0,0.5,0.1,1218,
262,12096,-5.2,0.0,21.62,8,0.0,0.375,0.1,1218,
263,12096,-3.9,0.0,10.34,3,0.3333,0.6667,0.1,1218,
264,12224,-5.3,0.0,5.88,3,0.0,0.0,0.1,1233,
265,12288,-4.8,0.0,15.69,8,0.0,0.375,0.1,1242,
266,12288,-2.5,0.0,5.88,1,0.0,0.0,0.1,1242,
267,12288,-4.4,0.0,7.84,4,0.0,0.25,0.1,1242,
268,12416,-4.4,0.0,15.62,5,0.2,0.0,0.1,1255,
269,12416,-4.5,0.0,9.8,5,0.0,0.4,0.1,1255,
270,12416,-5.4,0.0,7.84,4,0.25,0.25,0.1,1255,
271,12480,-3.2,0.0,4.17,1,0.0,0.0,0.1,1260,
272,12480,-4.6,0.0,13.95,6,0.0,0.0,0.1,1260,
273,12544,-6.1,0.0,10.2,5,0.2,0.2,0.1,1272,
274,12544,7.9,1.0,10.53,4,0.0,0.25,0.1,1272,
275,12544,-4.6,0.0,8.33,3,0.0,0.3333,0.1,1272,
276,12544,-5.5,0.0,9.8,5,0.2,0.4,0.1,1272,
277,12608,6.8,1.0,17.78,8,0.5,0.25,0.1,1279,
278,12608,-5.6,0.0,11.76,6,0.3333,0.1667,0.1,1279,
279,12608,-4.8,0.0,7.89,3,0.0,0.0,0.1,1279,
280,12736,-1.6,0.0,28.57,2,0.0,0.0,0.1,1293,
281,12736,-5.6,0.0,4.26,2,0.0,0.0,0.1,1293,
282,12800,-2.1,0.0,27.27,3,0.3333,0.3333,0.1,1300,
283,12864,-5.6,0.0,11.76,6,0.0,0.0,0.1,1309,
284,12928,-5.2,0.0,3.92,2,0.0,0.0,0.1,1312,
285,12992,-4.4,0.0,7.84,4,0.5,0.5,0.1,1315,
286,12992,-5.2,0.0,3.92,2,0.5,0.0,0.1,1315,
287,12992,-5.7,0.0,13.73,7,0.0,0.4286,0.1,1315,
288,12992,-5.3,0.0,5.88,3,0.0,0.0,0.1,1315,
289,12992,-4.4,0.0,7.84,4,0.25,0.0,0.1,1315,
290,13056,-5.4,0.0,7.84,4,0.25,0.0,0.1,1318,
291,13056,11.4,1.0,0.0,0,,,0.1,1318,
292,13056,-3.3,0.0,13.04,3,0.0,0.3333,0.1,1318,
293,13120,-4.9,0.0,7.69,3,0.0,0.3333,0.1,1325,
294,13120,-4.5,0.0,9.8,5,0.0,0.0,0.1,1325,
295,13184,-1.8,0.0,10.0,1,0.0,0.0,0.1,1327,
296,13184,-5.3,0.0,5.88,3,0.3333,0.0,0.1,1327,
297,13248,-4.5,0.0,9.8,5,0.0,0.2,0.1,1329,
298,13312,-4.8,0.0,15.69,8,0.125,0.25,0.1,1334,
299,13440,-5.2,0.0,3.92,2,0.0,0.0,0.1,1354,
300,13440,-3.1,0.0,9.09,2,0.0,0.5,0.1,1354,
301,13504,-5.6,0.0,11.76,6,0.0,0.0,0.1,1362,
302,13504,-5.5,0.0,9.8,5,0.2,0.0,0.1,1362,
303,13504,-2.5,0.0,5.88,1,0.0,0.0,0.1,1362,
304,13568,-5.2,0.0,4.65,2,0.5,0.0,0.1,1365,
305,13568,-4.6,0.0,11.76,6,0.1667,0.1667,0.1,1365,
306,13632,-5.6,0.0,11.76,6,0.0,0.0,0.1,1374,
307,13696,-5.5,0.0,9.8,5,0.0,0.4,0.1,1379,
308,13824,-5.6,0.0,11.36,5,0.0,0.2,0.1,1396,
309,13824,-3.1,0.0,9.09,2,0.0,0.0,0.1,1396,
310,13824,-5.0,0.0,19.61,10,0.1,0.2,0.1,1396,
311,13888,-4.4,0.0,23.33,7,0.1429,0.0,0.1,1400,
312,13888,-5.4,0.0,7.84,4,0.25,0.0,0.1,1400,
313,14016,-5.7,0.0,13.73,7,0.0,0.1429,0.1,1407,
314,14080,-3.5,0.0,16.67,4,0.0,0.25,0.1,1410,
315,14144,-5.0,0.0,19.61,10,0.1,0.3,0.1,1415,
316,14144,-2.9,0.0,6.67,2,0.5,0.0,0.1,1415,
317,14144,9.6,1.0,0.0,0,,,0.1,1415,
318,14208,-5.7,0.0,13.73,7,0.2857,0.1429,0.1,1419,
319,14208,-5.3,0.0,5.88,3,0.0,0.3333,0.1,1419,
320,14272,-3.0,0.0,15.0,3,0.0,0.6667,0.1,1424,
321,14336,8.5,1.0,12.5,4,0.0,0.5,0.1,1432,
322,14336,-5.9,0.0,17.65,9,0.0,0.0,0.1,1432,
323,14336,-4.5,0.0,9.8,5,0.2,0.4,0.1,1432,
324,14336,-5.7,0.0,13.73,7,0.4286,0.4286,0.1,1432,
325,14400,-3.8,0.0,6.9,2,0.5,0.0,0.1,1438,
326,14400,-5.5,0.0,9.8,5,0.4,0.2,0.1,1438,
327,14464,-2.5,0.0,3.7,1,0.0,0.0,0.1,1442,
328,14528,-5.9,0.0,17.65,9,0.1111,0.1111,0.1,1449,
329,14528,-4.4,0.0,7.84,4,0.25,0.25,0.1,1449,
330,14592,-4.7,0.0,8.7,4,0.0,0.0,0.1,1455,
331,14656,-5.5,0.0,14.29,6,0.0,0.1667,0.1,1459,
332,14656,-4.5,0.0,9.8,5,0.2,0.2,0.1,1459,
333,14656,-4.6,0.0,11.76,6,0.3333,0.6667,0.1,1459,
334,14912,9.8,1.0,9.52,2,0.0,0.5,0.1,1481,
335,14912,-5.2,0.0,3.92,2,0.0,1.0,0.1,1481,
336,14912,-1.6,0.0,28.57,2,0.0,0.0,0.1,1481,
337,14976,-3.1,0.0,4.35,1,0.0,0.0,0.1,1487,
338,14976,-4.6,0.0,5.41,2,0.0,0.5,0.1,1487,
339,15040,-5.6,0.0,11.76,6,0.1667,0.3333,0.1,1494,
340,15104,-2.4,0.0,21.43,3,0.0,0.0,0.1,1502,
341,15104,-4.3,0.0,5.88,2,0.0,0.5,0.1,1502,
342,15232,-3.7,0.0,7.14,2,0.0,0.0,0.1,1512,
343,15232,-4.3,0.0,5.88,3,0.3333,0.6667,0.1,1512,
344,15296,-4.1,0.0,10.0,4,0.25,0.25,0.1,1517,
345,15360,-5.7,0.0,13.73,7,0.0,0.1429,0.1,1526,
346,15360,-4.1,0.0,1.96,1,0.0,1.0,0.1,1526,
347,15360,-5.2,0.0,3.92,2,0.0,0.5,0.1,1526,
348,15552,-5.4,0.0,7.84,4,0.0,0.0,0.1,1550,
349,15552,-2.7,0.0,11.11,2,0.0,0.0,0.1,1550,
350,15616,-2.8,0.0,3.33,1,0.0,0.0,0.1,1556,
351,15680,-5.5,0.0,9.8,5,0.0,0.0,0.1,1560,
352,15744,9.1,1.0,15.38,4,0.0,0.5,0.1,1565,
353,15744,-4.1,0.0,1.96,1,0.0,0.0,0.1,1565,
354,15744,-4.1,0.0,1.96,1,1.0,1.0,0.1,1565,
355,15808,-4.6,0.0,6.52,3,0.0,0.3333,0.1,1567,
356,15872,-5.6,0.0,11.76,6,0.1667,0.3333,0.1,1573,
357,15872,-5.4,0.0,4.44,2,0.0,0.0,0.1,1573,
358,16000,-5.4,0.0,9.3,4,0.0,0.5,0.1,1591,
359,16064,8.9,1.0,10.34,3,0.0,0.3333,0.1,1597,
360,16064,-5.7,0.0,4.17,2,0.5,0.0,0.1,1597,
361,16064,-5.1,0.0,1.96,1,0.0,0.0,0.1,1597,
362,16192,-1.7,0.0,11.11,1,0.0,0.0,0.1,1611,
363,16192,-2.6,0.0,11.76,2,0.0,0.0,0.1,1611,
364,16256,-5.4,0.0,7.84,4,0.0,0.0,0.1,1616,
365,16256,-4.5,0.0,4.35,2,0.0,0.0,0.1,1616,
366,16256,-5.6,0.0,11.76,6,0.1667,0.3333,0.1,1616,
367,16320,-5.6,0.0,11.76,6,0.1667,0.3333,0.1,1618,
368,16320,-5.4,0.0,7.84,4,0.0,0.75,0.1,1618,
369,16320,-5.3,0.0,5.88,3,0.3333,0.3333,0.1,1618,
370,16384,-2.5,0.0,12.5,2,0.0,0.0,0.1,1626,
371,16384,-5.7,0.0,13.73,7,0.2857,0.2857,0.1,1626,
372,16384,-5.3,0.0,5.88,3,0.0,0.3333,0.1,1626,
373,16448,-5.3,0.0,5.88,3,0.3333,0.3333,0.1,1635,
374,16448,-5.8,0.0,15.69,8,0.25,0.25,0.1,1635,
375,16576,-4.5,0.0,8.57,3,0.0,0.3333,0.1,1650,
376,16576,-5.8,0.0,10.87,5,0.2,0.2,0.1,1650,
377,16704,-5.4,0.0,7.84,4,0.25,0.25,0.1,1660,
378,16704,-5.0,0.0,16.22,6,0.0,0.1667,0.1,1660,
379,16768,-4.3,0.0,5.88,3,0.0,0.0,0.1,1667,
380,16768,-5.4,0.0,7.84,4,0.25,0.0,0.1,1667,
381,16832,-5.6,0.0,11.76,6,0.1667,0.0,0.1,1673,
382,16960,-5.1,0.0,15.79,6,0.1667,0.0,0.1,1684,
383,17024,10.4,1.0,13.33,2,0.0,1.0,0.1,1691,
384,17088,-5.6,0.0,11.76,6,0.1667,0.1667,0.1,1696,
385,17088,-5.7,0.0,13.73,7,0.1429,0.2857,0.1,1696,
386,17088,-5.2,0.0,3.92,2,0.5,0.5,0.1,1696,
387,17152,-4.3,0.0,5.88,3,0.0,0.6667,0.1,1701,
388,17152,-5.2,0.0,3.92,2,1.0,0.5,0.1,1701,
389,17280,-4.3,0.0,5.88,3,0.0,1.0,0.1,1716,
390,17280,-4.3,0.0,12.5,4,0.0,0.25,0.1,1716,
391,17344,-1.4,0.0,16.67,1,0.0,0.0,0.1,1725,
392,17408,8.5,1.0,24.14,7,0.0,0.5714,0.1,1732,
393,17408,-5.6,0.0,11.76,6,0.1667,0.3333,0.1,1732,
394,17408,-4.8,0.0,15.69,8,0.125,0.375,0.1,1732,
395,17408,-1.8,0.0,10.53,2,0.0,0.5,0.1,1732,
396,17408,-5.6,0.0,11.76,6,0.0,0.1667,0.1,1732,
397,17472,-4.0,0.0,22.22,6,0.3333,0.1667,0.1,1742,
398,17472,-2.8,0.0,10.53,2,0.0,0.0,0.1,1742,
399,17536,9.1,1.0,11.11,3,0.3333,0.3333,0.1,1751,
400,17536,-2.1,0.0,7.69,1,0.0,0.0,0.1,1751,
401,17536,-6.0,0.0,19.61,10,0.0,0.3,0.1,1751,
402,17600,-5.7,0.0,13.73,7,0.1429,0.2857,0.1,1756,
403,17600,-3.3,0.0,4.0,1,0.0,0.0,0.1,1756,
404,17600,-5.0,0.0,19.61,10,0.1,0.2,0.1,1756,
405,17664,-4.9,0.0,17.65,9,0.0,0.1111,0.1,1763,
406,17728,-1.3,0.0,20.0,1,0.0,0.0,0.1,1771,
407,17792,-5.7,0.0,13.73,7,0.0,0.1429,0.1,1774,
408,17792,-3.0,0.0,4.55,1,0.0,0.0,0.1,1774,
409,17856,-4.4,0.0,7.84,4,0.0,0.5,0.1,1777,
410,17920,-4.0,0.0,3.12,1,0.0,0.0,0.1,1784,
411,17920,-2.6,0.0,11.76,2,0.0,0.0,0.1,1784,
412,17920,-5.2,0.0,3.92,2,0.0,0.5,0.1,1784,
413,17920,-4.5,0.0,8.57,3,0.0,0.0,0.1,1784,
414,17920,-5.6,0.0,15.69,8,0.0,0.25,0.1,1784,
415,17920,-5.9,0.0,17.65,9,0.1111,0.2222,0.1,1784,
416,17984,10.7,1.0,7.69,1,0.0,1.0,0.1,1788,
417,18112,-3.3,0.0,12.5,4,0.0,0.25,0.1,1804,
418,18176,-4.0,0.0,0.0,0,,,0.1,1813,
419,18176,-4.4,0.0,7.84,4,0.25,0.0,0.1,1813,
420,18176,-5.5,0.0,9.8,5,0.0,0.2,0.1,1813,
421,18240,-5.4,0.0,7.84,4,0.0,0.5,0.1,1818,
422,18240,-4.1,0.0,1.96,1,0.0,0.0,0.1,1818,
423,18304,-4.0,0.0,6.45,2,0.0,0.0,0.1,1822,
424,18304,-5.3,0.0,5.88,3,0.0,0.3333,0.1,1822,
425,18368,-3.5,0.0,11.76,4,0.0,0.0,0.1,1828,
426,18368,-5.4,0.0,7.84,4,0.0,0.5,0.1,1828,
427,18368,-3.5,0.0,12.0,3,0.0,0.0,0.1,1828,
428,18432,-6.3,0.0,16.67,8,0.0,0.375,0.1,1835,
429,18432,-2.4,0.0,13.33,2,0.0,0.0,0.1,1835,
430,18496,-2.9,0.0,15.79,3,0.0,0.0,0.1,1842,
431,18496,-5.4,0.0,7.84,4,0.25,0.25,0.1,1842,
432,18560,-5.2,0.0,3.92,2,0.0,0.0,0.1,1850,
433,18560,-2.6,0.0,18.75,3,0.0,0.3333,0.1,1850,
434,18624,-5.5,0.0,9.8,5,0.0,0.2,0.1,1852,
435,18688,-2.5,0.0,5.88,1,0.0,0.0,0.1,1859,
436,18688,-2.1,0.0,16.67,2,0.5,0.0,0.1,1859,
437,18816,-4.1,0.0,6.25,2,0.0,0.0,0.1,1871,
438,18816,-5.7,0.0,13.73,7,0.1429,0.2857,0.1,1871,
439,18816,-5.1,0.0,10.0,4,0.0,0.25,0.1,1871,
440,18944,11.4,1.0,16.67,1,1.0,1.0,0.1,1887,
441,19008,-4.3,0.0,5.88,3,0.3333,0.3333,0.1,1897,
442,19008,-5.3,0.0,5.88,3,0.0,0.3333,0.1,1897,
443,19008,-3.1,0.0,9.09,2,0.0,0.5,0.1,1897,
444,19072,-4.9,0.0,10.64,5,0.0,0.2,0.1,1908,
445,19072,-5.1,0.0,7.32,3,0.0,0.0,0.1,1908,
446,19136,-6.1,0.0,21.57,11,0.0,0.1818,0.1,1920,
447,19136,-4.2,0.0,9.38,3,0.3333,0.0,0.1,1920,
448,19328,-2.5,0.0,27.27,6,0.3333,0.1667,0.1,1947,
449,19456,-3.1,0.0,4.35,1,0.0,0.0,0.1,1957,
450,19520,-6.3,0.0,12.0,6,0.0,0.3333,0.1,1964,
451,19520,-4.9,0.0,10.53,4,0.25,0.25,0.1,1964,
452,19520,-5.6,0.0,11.76,6,0.1667,0.0,0.1,1964,
453,19584,-5.5,0.0,9.8,5,0.0,0.0,0.1,1974,
454,19648,-4.5,0.0,9.8,5,0.2,0.4,0.1,1978,
455,19648,-5.3,0.0,5.88,3,0.0,0.0,0.1,1978,
456,19712,-5.7,0.0,13.73,7,0.0,0.4286,0.1,1984,
457,19840,-3.0,0.0,4.55,1,0.0,0.0,0.1,1998,
458,19840,-5.6,0.0,11.76,6,0.1667,0.3333,0.1,1998,
459,19840,-5.5,0.0,9.8,5,0.0,0.4,0.1,1998,
460,19968,-4.9,0.0,10.53,4,0.25,0.5,0.1,2011,
461,19968,-3.4,0.0,8.0,2,0.0,0.0,0.1,2011,
462,19968,-5.5,0.0,9.8,5,0.0,0.4,0.1,2011,
463,20096,-2.1,0.0,16.67,2,0.0,0.0,0.1,2022,
464,20224,8.7,1.0,9.68,3,0.0,0.0,0.1,2038,
465,20224,-4.6,0.0,8.33,3,0.0,0.3333,0.1,2038,
466,20288,-5.1,0.0,1.96,1,1.0,0.0,0.1,2041,
467,20352,-4.1,0.0,9.68,3,0.0,0.3333,0.1,2046,
468,20352,-5.4,0.0,7.84,4,0.0,0.25,0.1,2046,
469,20416,-5.9,0.0,17.65,9,0.2222,0.3333,0.1,2055,
470,20416,-3.6,0.0,3.57,1,0.0,0.0,0.1,2055,
471,20416,-3.7,0.0,11.11,3,0.0,0.0,0.1,2055,
472,20480,-2.3,0.0,14.29,2,0.0,0.0,0.1,2061,
473,20544,-5.3,0.0,5.88,3,0.0,0.0,0.1,2066,
474,20544,-3.0,0.0,4.55,1,0.0,0.0,0.1,2066,
475,20544,6.4,1.0,16.33,8,0.25,0.25,0.1,2066,
476,20608,-6.1,0.0,21.57,11,0.1818,0.1818,0.1,2071,
477,20608,-3.6,0.0,16.0,4,0.0,0.0,0.1,2071,
478,20672,-4.4,0.0,7.84,4,0.25,0.25,0.1,2078,
479,20672,-4.4,0.0,7.84,4,0.25,0.5,0.1,2078,
480,20672,-5.4,0.0,7.84,4,0.0,0.0,0.1,2078,
481,20672,9.9,1.0,15.79,3,0.0,0.3333,0.1,2078,
482,20736,-4.9,0.0,13.04,6,0.0,0.1667,0.1,2087,
483,20736,-5.6,0.0,11.76,6,0.5,0.0,0.1,2087,
484,20800,-4.5,0.0,9.8,5,0.0,0.4,0.1,2091,
485,20864,-5.7,0.0,8.7,4,0.0,0.25,0.1,2099,
486,20864,-5.2,0.0,3.92,2,0.0,0.5,0.1,2099,
487,20928,-4.6,0.0,11.76,6,0.1667,0.3333,0.1,2105,
488,20992,-5.3,0.0,5.88,3,0.0,0.6667,0.1,2112,
489,20992,-4.9,0.0,6.12,3,0.0,0.0,0.1,2112,
490,20992,-6.0,0.0,10.42,5,0.2,0.0,0.1,2112,
491,21056,-4.2,0.0,3.92,2,0.5,0.0,0.1,2120,
492,21120,8.2,1.0,14.71,5,0.0,0.2,0.1,2125,
493,21120,-5.4,0.0,14.63,6,0.0,0.1667,0.1,2125,
494,21120,-4.9,0.0,16.67,6,0.1667,0.0,0.1,2125,
495,21184,-2.1,0.0,16.67,2,0.0,0.0,0.1,2131,
496,21184,-5.4,0.0,7.84,4,0.0,0.25,0.1,2131,
497,21184,-3.2,0.0,4.17,1,0.0,0.0,0.1,2131,
498,21376,-5.6,0.0,11.76,6,0.0,0.3333,0.1,2144,
499,21440,-5.6,0.0,11.76,6,0.0,0.1667,0.1,2150,
500,21440,-6.3,0.0,9.8,5,0.0,0.6,0.1,2150,
501,21440,-5.3,0.0,5.88,3,0.0,0.3333,0.1,2150,
502,21504,-5.8,0.0,15.69,8,0.125,0.125,0.1,2158,
503,21568,-4.6,0.0,11.76,6,0.1667,0.1667,0.1,2165,
504,21568,-5.4,0.0,7.84,4,0.5,0.75,0.1,2165,
505,21632,-2.1,0.0,7.69,1,0.0,0.0,0.1,2174,
506,21632,-4.5,0.0,9.8,5,0.0,0.2,0.1,2174,
507,21696,-5.4,0.0,7.84,4,0.0,0.5,0.1,2176,
508,21760,-5.5,0.0,9.8,5,0.0,0.0,0.1,2182,
509,21760,-3.8,0.0,10.71,3,0.0,0.0,0.1,2182,
510,21824,10.1,1.0,11.11,2,0.5,0.5,0.1,2187,
511,21824,-5.6,0.0,11.76,6,0.1667,0.1667,0.1,2187,
512,21888,-1.4,0.0,40.0,2,0.0,0.0,0.1,2190,
513,21952,-5.3,0.0,5.88,3,0.3333,0.3333,0.1,2198,
514,22016,-3.0,0.0,9.52,2,0.0,0.0,0.1,2207,
515,22016,-6.1,0.0,20.0,9,0.3333,0.4444,0.1,2207,
516,22016,-2.5,0.0,20.0,3,0.0,0.3333,0.1,2207,
517,22080,-5.5,0.0,9.8,5,0.2,0.4,0.1,2215,
518,22080,-4.9,0.0,17.65,9,0.1111,0.2222,0.1,2215,
519,22208,-2.4,0.0,6.25,1,0.0,0.0,0.1,2221,
520,22272,-3.3,0.0,8.33,2,0.0,0.0,0.1,2232,
521,22272,-5.5,0.0,9.8,5,0.0,0.0,0.1,2232,
522,22272,-3.8,0.0,10.71,3,0.0,0.3333,0.1,2232,
523,22272,-5.4,0.0,7.84,4,0.25,0.25,0.1,2232,
524,22336,-5.5,0.0,9.8,5,0.2,0.2,0.1,2240,
525,22336,-3.6,0.0,3.57,1,0.0,0.0,0.1,2240,
526,22336,-4.3,0.0,5.88,3,0.0,0.6667,0.1,2240,
527,22336,-3.4,0.0,8.0,2,0.5,0.0,0.1,2240,
528,22528,-4.4,0.0,8.82,3,0.0,0.0,0.1,2262,
529,22720,-1.5,0.0,14.29,1,0.0,0.0,0.1,2280,
530,22784,-2.3,0.0,23.08,3,0.0,0.0,0.1,2288,
531,22784,-2.9,0.0,10.0,2,0.0,0.0,0.1,2288,
532,22784,-5.4,0.0,7.84,4,0.25,0.0,0.1,2288,
533,22784,-4.8,0.0,15.69,8,0.125,0.25,0.1,2288,
534,22784,-5.4,0.0,7.84,4,0.0,0.0,0.1,2288,
535,22784,-4.3,0.0,9.09,3,0.0,0.0,0.1,2288,
536,22848,-3.7,0.0,3.45,1,0.0,0.0,0.1,2295,
537,22912,-5.7,0.0,13.73,7,0.2857,0.4286,0.1,2300,
538,22976,-3.4,0.0,8.0,2,0.0,0.5,0.1,2313,
539,22976,-5.6,0.0,11.76,6,0.0,0.3333,0.1,2313,
540,23040,-5.0,0.0,6.0,3,0.3333,0.0,0.1,2318,
541,23104,-5.6,0.0,11.76,6,0.1667,0.0,0.1,2322,
542,23104,-4.3,0.0,5.88,3,0.3333,0.0,0.1,2322,
543,23168,-6.6,0.0,18.0,9,0.0,0.3333,0.1,2331,
544,23232,-5.8,0.0,15.69,8,0.0,0.125,0.1,2339,
545,23360,-2.9,0.0,29.41,5,0.0,0.0,0.1,2350,
546,23360,-5.1,0.0,1.96,1,0.0,0.0,0.1,2350,
547,23488,-4.4,0.0,7.84,4,0.0,0.0,0.1,2361,
548,23488,-3.8,0.0,5.13,2,0.0,0.0,0.1,2361,
549,23488,-3.6,0.0,5.41,2,0.0,0.0,0.1,2361,
550,23488,-5.8,0.0,15.69,8,0.0,0.5,0.1,2361,
551,23552,-2.8,0.0,5.0,1,0.0,0.0,0.1,2370,
552,23552,-4.3,0.0,5.88,3,0.0,0.0,0.1,2370,
553,23552,-4.4,0.0,11.9,5,0.0,0.2,0.1,2370,
554,23552,-3.0,0.0,21.05,4,0.25,0.25,0.1,2370,
555,23616,-2.6,0.0,20.83,5,0.2,0.0,0.1,2379,
556,23616,-4.1,0.0,1.96,1,0.0,0.0,0.1,2379,
557,23616,-2.9,0.0,10.0,2,0.0,0.0,0.1,2379,
558,23680,-4.6,0.0,11.76,6,0.0,0.1667,0.1,2384,
559,23680,-5.9,0.0,17.65,9,0.0,0.4444,0.1,2384,
560,23744,8.0,1.0,13.89,5,0.2,0.2,0.1,2386,
561,23808,-5.6,0.0,11.76,6,0.1667,0.1667,0.1,2389,
562,23808,-5.7,0.0,13.73,7,0.1429,0.0,0.1,2389,
563,23872,-4.6,0.0,8.33,3,0.0,0.3333,0.1,2397,
564,23872,-5.7,0.0,13.73,7,0.1429,0.2857,0.1,2397,
565,23872,-5.3,0.0,5.88,3,0.0,0.3333,0.1,2397,
566,23936,-2.3,0.0,6.67,1,0.0,0.0,0.1,2404,
567,23936,-5.0,0.0,19.61,10,0.1,0.2,0.1,2404,
568,24064,-2.8,0.0,10.53,2,0.5,0.0,0.1,2414,
569,24128,-1.6,0.0,12.5,1,0.0,0.0,0.1,2421,
570,24128,-5.5,0.0,9.8,5,0.0,0.2,0.1,2421,
571,24192,-5.3,0.0,6.98,3,0.0,0.0,0.1,2430,
572,24192,-4.3,0.0,5.88,3,0.0,0.3333,0.1,2430,
573,24192,-3.3,0.0,18.18,4,0.0,0.25,0.1,2430,
574,24256,-5.6,0.0,11.76,6,0.0,0.3333,0.1,2433,
575,24384,-5.5,0.0,9.8,5,0.0,0.2,0.1,2445,
576,24384,-5.6,0.0,11.76,6,0.0,0.3333,0.1,2445,
577,24448,-4.6,0.0,11.76,6,0.0,0.5,0.1,2448,
578,24448,-5.6,0.0,11.76,6,0.0,0.1667,0.1,2448,
579,24512,-3.1,0.0,4.35,1,0.0,0.0,0.1,2452,
580,24576,-5.9,0.0,13.04,6,0.1667,0.1667,0.1,2459,
581,24704,-5.4,0.0,7.84,4,0.25,0.25,0.1,2473,
582,24832,-3.5,0.0,21.74,5,0.0,0.4,0.1,2485,
583,24896,-1.8,0.0,10.0,1,0.0,0.0,0.1,2491,
584,24896,-5.4,0.0,7.84,4,0.0,0.0,0.1,2491,
585,24960,-5.1,0.0,1.96,1,0.0,0.0,0.1,2497,
586,25024,-5.2,0.0,3.92,2,0.0,0.0,0.1,2501,
587,25024,-5.1,0.0,1.96,1,0.0,0.0,0.1,2501,
588,25088,-5.6,0.0,11.76,6,0.0,0.1667,0.1,2509,
589,25088,-4.6,0.0,11.76,6,0.0,0.3333,0.1,2509,
590,25152,-4.5,0.0,9.09,4,0.25,0.5,0.1,2515,
591,25152,-5.1,0.0,1.96,1,0.0,0.0,0.1,2515,
592,25280,-5.0,0.0,0.0,0,,,0.1,2529,
593,25280,-4.6,0.0,11.76,6,0.0,0.3333,0.1,2529,
594,25280,-5.3,0.0,5.88,3,0.3333,0.3333,0.1,2529,
595,25344,-5.8,0.0,15.69,8,0.0,0.25,0.1,2537,
596,25344,-3.5,0.0,7.69,2,0.0,0.5,0.1,2537,
597,25344,-3.4,0.0,8.0,2,0.5,0.0,0.1,2537,
598,25472,-5.3,0.0,5.88,3,0.3333,0.0,0.1,2550,
599,25472,-4.1,0.0,17.24,5,0.0,0.6,0.1,2550,
600,25536,-4.5,0.0,9.8,5,0.2,0.4,0.1,2555,
601,25600,-4.8,0.0,15.69,8,0.0,0.125,0.1,2558,
602,25728,-4.2,0.0,2.27,1,0.0,0.0,0.1,2569,
603,25792,9.8,1.0,4.55,1,1.0,1.0,0.1,2572,
604,25792,-5.4,0.0,7.84,4,0.0,0.0,0.1,2572,
605,25856,-1.2,0.0,7.14,1,0.0,0.0,0.1,2583,
606,25856,-6.0,0.0,8.16,4,0.0,0.0,0.1,2583,
607,25984,-5.0,0.0,13.16,5,0.0,0.2,0.1,2598,
608,26048,-5.6,0.0,11.76,6,0.0,0.3333,0.1,2605,
609,26048,-6.4,0.0,11.76,6,0.0,0.3333,0.1,2605,
610,26048,-5.4,0.0,7.84,4,0.0,0.25,0.1,2605,
611,26048,-4.7,0.0,13.73,7,0.1429,0.2857,0.1,2605,
612,26048,-5.3,0.0,5.88,3,0.6667,0.3333,0.1,2605,
613,26112,-3.7,0.0,20.0,5,0.0,0.0,0.1,2607,
614,26176,-4.0,0.0,6.45,2,0.0,0.5,0.1,2619,
615,26176,8.1,1.0,14.29,5,0.0,0.2,0.1,2619,
616,26240,-5.3,0.0,5.88,3,0.0,0.0,0.1,2622,
617,26240,-3.3,0.0,12.5,4,0.0,0.0,0.1,2622,
618,26304,-1.9,0.0,9.09,1,0.0,0.0,0.1,2631,
619,26368,-5.2,0.0,3.92,2,0.0,0.0,0.1,2639,
620,26368,-5.6,0.0,11.76,6,0.0,0.1667,0.1,2639,
621,26368,-2.9,0.0,4.76,1,0.0,0.0,0.1,2639,
622,26432,-4.4,0.0,7.84,4,0.0,0.25,0.1,2651,
623,26496,-5.2,0.0,3.92,2,0.0,0.0,0.1,2661,
624,26560,-1.7,0.0,25.0,2,0.0,0.0,0.1,2664,
625,26624,-5.6,0.0,11.76,6,0.1667,0.1667,0.1,2670,
626,26688,-2.9,0.0,4.76,1,0.0,0.0,0.1,2675,
627,26752,-4.4,0.0,7.84,4,0.0,0.25,0.1,2679,
628,26752,-5.8,0.0,15.69,8,0.0,0.375,0.1,2679,
629,26752,-4.5,0.0,9.8,5,0.4,0.0,0.1,2679,
630,26752,-4.8,0.0,15.69,8,0.125,0.125,0.1,2679,
631,26816,-2.6,0.0,11.76,2,0.0,0.0,0.1,2682,
632,26816,-5.1,0.0,1.96,1,1.0,0.0,0.1,2682,
633,26816,-5.4,0.0,7.84,4,0.25,0.75,0.1,2682,
634,26816,-4.9,0.0,17.65,9,0.3333,0.1111,0.1,2682,
635,26880,-5.3,0.0,5.88,3,0.0,0.3333,0.1,2687,
636,26880,7.3,1.0,9.09,4,0.0,0.0,0.1,2687,
637,26944,-5.4,0.0,7.84,4,0.0,0.5,0.1,2691,
638,27008,10.0,1.0,40.0,6,0.3333,0.3333,0.1,2696,
639,27008,-5.1,0.0,10.0,4,0.0,0.0,0.1,2696,
640,27008,-1.7,0.0,11.11,2,0.0,0.0,0.1,2696,
641,27072,10.5,1.0,6.67,1,0.0,0.0,0.1,2698,
642,27072,-5.8,0.0,15.69,8,0.125,0.25,0.1,2698,
643,27072,-4.6,0.0,11.76,6,0.0,0.3333,0.1,2698,
644,27136,-4.4,0.0,7.84,4,0.25,0.75,0.1,2702,
645,27136,-5.7,0.0,13.73,7,0.1429,0.1429,0.1,2702,
646,27136,-5.9,0.0,17.65,9,0.0,0.2222,0.1,2702,
647,27200,-5.5,0.0,9.8,5,0.0,0.0,0.1,2710,
648,27328,8.0,1.0,7.89,3,0.0,0.0,0.1,2721,
649,27392,-5.6,0.0,11.76,6,0.0,0.0,0.1,2722,
650,27392,-5.2,0.0,3.92,2,0.0,0.0,0.1,2722,
651,27456,-5.4,0.0,7.84,4,0.5,0.0,0.1,2729,
652,27520,-2.0,0.0,8.33,1,0.0,0.0,0.1,2733,
653,27648,-4.3,0.0,9.09,3,0.0,0.0,0.1,2749,
654,27648,-2.8,0.0,10.53,2,0.0,0.5,0.1,2749,
655,27648,-3.1,0.0,4.35,1,0.0,0.0,0.1,2749,
656,27648,-5.3,0.0,5.88,3,0.0,0.3333,0.1,2749,
657,27648,-1.7,0.0,11.11,1,0.0,0.0,0.1,2749,
658,27712,-5.4,0.0,7.84,4,0.0,0.25,0.1,2754,
659,27776,-5.2,0.0,4.65,2,0.0,0.0,0.1,2762,
660,27840,-5.2,0.0,3.92,2,0.0,0.0,0.1,2765,
661,27904,-2.7,0.0,17.65,3,0.0,0.3333,0.1,2770,
662,27968,-5.5,0.0,9.8,5,0.0,0.0,0.1,2774,
663,28032,-2.1,0.0,27.27,3,0.0,0.0,0.1,2776,
664,28096,-5.5,0.0,9.8,5,0.2,0.2,0.1,2782,
665,28160,-2.2,0.0,4.17,1,0.0,0.0,0.1,2786,
666,28160,-5.5,0.0,9.8,5,0.2,0.4,0.1,2786,
667,28352,-5.5,0.0,9.8,5,0.2,0.0,0.1,2804,
668,28352,-5.6,0.0,11.76,6,0.0,0.1667,0.1,2804,
669,28416,-5.3,0.0,5.88,3,0.0,0.6667,0.1,2806,
670,28416,-5.0,0.0,16.22,6,0.1667,0.1667,0.1,2806,
671,28416,-5.1,0.0,1.96,1,0.0,1.0,0.1,2806,
672,28480,-3.0,0.0,4.55,1,0.0,0.0,0.1,2809,
673,28544,-3.5,0.0,3.7,1,0.0,0.0,0.1,2814,
674,28544,-5.7,0.0,13.73,7,0.1429,0.0,0.1,2814,
675,28544,-4.3,0.0,5.88,3,0.0,0.6667,0.1,2814,
676,28544,-4.1,0.0,1.96,1,0.0,1.0,0.1,2814,
677,28608,-5.2,0.0,3.92,2,0.0,0.0,0.1,2819,
678,28608,-5.9,0.0,17.65,9,0.2222,0.2222,0.1,2819,
679,28736,-5.2,0.0,3.92,2,0.5,0.5,0.1,2829,
680,28736,-2.9,0.0,4.76,1,0.0,0.0,0.1,2829,
681,28736,-4.5,0.0,9.8,5,0.2,0.2,0.1,2829,
682,28736,-2.3,0.0,14.29,2,0.0,0.0,0.1,2829,
683,28800,10.2,1.0,5.56,1,0.0,0.0,0.1,2835,
684,28800,-5.9,0.0,10.64,5,0.2,0.0,0.1,2835,
685,28800,-2.9,0.0,14.29,4,0.25,0.25,0.1,2835,
686,28864,-2.7,0.0,5.26,1,0.0,0.0,0.1,2838,
687,28992,-2.0,0.0,9.52,2,0.0,0.0,0.1,2853,
688,29056,-2.8,0.0,5.0,1,0.0,0.0,0.1,2854,
689,29056,-5.4,0.0,7.84,4,0.0,0.5,0.1,2854,
690,29120,-4.3,0.0,5.88,3,0.0,0.3333,0.1,2860,
691,29248,-1.0,0.0,8.33,1,0.0,0.0,0.1,2872,
692,29248,-5.4,0.0,7.84,4,0.25,0.0,0.1,2872,
693,29312,-5.4,0.0,7.84,4,0.0,0.75,0.1,2876,
694,29312,-4.3,0.0,5.88,2,0.5,0.0,0.1,2876,
695,29312,-4.5,0.0,9.8,5,0.0,0.2,0.1,2876,
696,29440,-5.5,0.0,9.8,5,0.0,0.4,0.1,2889,
697,29504,-5.2,0.0,3.92,2,0.0,0.5,0.1,2892,
698,29504,-5.6,0.0,11.76,6,0.3333,0.6667,0.1,2892,
699,29568,-2.6,0.0,18.75,3,0.0,0.3333,0.1,2895,
700,29568,-5.4,0.0,7.84,4,0.0,0.25,0.1,2895,
701,29632,-5.3,0.0,5.88,3,0.0,0.6667,0.1,2902,
702,29632,-5.1,0.0,1.96,1,0.0,0.0,0.1,2902,
703,29632,-4.0,0.0,13.16,5,0.0,0.2,0.1,2902,
704,29632,-4.4,0.0,7.84,4,0.0,0.25,0.1,2902,
705,29632,-3.1,0.0,4.35,1,0.0,0.0,0.1,2902,
706,29696,-5.4,0.0,4.44,2,0.0,0.0,0.1,2907,
707,29760,-5.8,0.0,15.69,8,0.125,0.0,0.1,2908,
708,29760,10.6,1.0,7.14,1,0.0,1.0,0.1,2908,
709,29824,-5.4,0.0,7.84,4,0.0,0.5,0.1,2910,
710,29824,-4.6,0.0,2.08,1,0.0,0.0,0.1,2910,
711,29952,9.8,1.0,4.55,1,0.0,0.0,0.1,2920,
712,29952,-4.2,0.0,3.92,2,0.0,0.0,0.1,2920,
713,30016,-5.6,0.0,11.76,6,0.0,0.3333,0.1,2926,
714,30016,-5.5,0.0,9.8,5,0.2,0.2,0.1,2926,
715,30080,-4.3,0.0,5.88,3,0.0,0.0,0.1,2929,
716,30080,-4.3,0.0,5.88,2,0.5,0.0,0.1,2929,
717,30144,-5.2,0.0,3.92,2,0.0,0.0,0.1,2936,
718,30144,-5.8,0.0,8.51,4,0.0,0.5,0.1,2936,
719,30144,-5.2,0.0,3.92,2,0.0,0.5,0.1,2936,
720,30208,-4.1,0.0,17.24,5,0.2,0.0,0.1,2942,
721,30208,-2.7,0.0,5.26,1,0.0,0.0,0.1,2942,
722,30208,-4.7,0.0,13.73,7,0.1429,0.2857,0.1,2942,
723,30272,-4.4,0.0,7.84,4,0.0,0.0,0.1,2948,
724,30272,-6.2,0.0,7.84,4,0.0,0.25,0.1,2948,
725,30336,-5.6,0.0,11.76,6,0.3333,0.0,0.1,2955,
726,30336,-3.3,0.0,4.0,1,0.0,0.0,0.1,2955,
727,30400,-4.6,0.0,6.52,3,0.0,0.3333,0.1,2962,
728,30400,-5.7,0.0,13.73,7,0.1429,0.2857,0.1,2962,
729,30464,7.5,1.0,4.55,2,0.0,0.5,0.1,2971,
730,30464,7.1,1.0,8.7,4,0.0,0.5,0.1,2971,
731,30656,-4.3,0.0,5.88,3,0.0,0.0,0.1,2993,
732,30720,-1.6,0.0,28.57,2,0.0,0.5,0.1,3001,
733,30720,-4.5,0.0,5.56,2,0.0,0.5,0.1,3001,
734,30848,-4.2,0.0,6.06,2,0.0,0.0,0.1,3015,
735,30912,-5.7,0.0,13.73,7,0.0,0.2857,0.1,3022,
736,30976,-5.3,0.0,5.88,3,0.0,0.6667,0.1,3028,
737,31168,-2.7,0.0,11.11,2,0.0,0.0,0.1,3047,
738,31232,-2.3,0.0,14.29,2,0.0,0.0,0.1,3054,
739,31232,-5.6,0.0,11.76,6,0.0,0.1667,0.1,3054,
740,31296,-4.4,0.0,4.44,2,0.0,0.0,0.1,3064,
741,31296,-3.8,0.0,19.23,5,0.0,0.4,0.1,3064,
742,31296,-5.5,0.0,9.8,5,0.2,0.0,0.1,3064,
743,31360,-5.0,0.0,0.0,0,,,0.1,3068,
744,31424,-4.9,0.0,2.44,1,0.0,0.0,0.1,3076,
745,31424,-4.2,0.0,3.92,2,0.0,0.5,0.1,3076,
746,31424,-5.7,0.0,13.64,6,0.0,0.1667,0.1,3076,
747,31552,-4.2,0.0,16.67,5,0.0,0.2,0.1,3084,
748,31616,-4.4,0.0,7.84,4,0.5,0.0,0.1,3090,
749,31680,-5.3,0.0,5.88,3,0.0,0.0,0.1,3095,
750,31808,-3.8,0.0,19.23,5,0.4,0.0,0.1,3104,
751,31808,-5.6,0.0,11.76,6,0.3333,0.3333,0.1,3104,
752,31808,-5.3,0.0,5.88,3,0.0,0.0,0.1,3104,
753,31872,-5.7,0.0,13.73,7,0.1429,0.2857,0.1,3107,
754,32000,-5.4,0.0,7.84,4,0.0,0.25,0.1,3114,
755,32000,-5.4,0.0,7.84,4,0.0,0.25,0.1,3114,
756,32064,-5.5,0.0,9.8,5,0.0,0.0,0.1,3120,
757,32064,-5.5,0.0,9.8,5,0.0,0.4,0.1,3120,
758,32128,-2.1,0.0,27.27,3,0.0,0.3333,0.1,3126,
759,32192,-5.3,0.0,12.2,5,0.4,0.4,0.1,3134,
760,32192,-5.9,0.0,8.33,4,0.0,0.25,0.1,3134,
761,32192,-4.6,0.0,5.41,2,0.0,0.5,0.1,3134,
762,32192,-5.3,0.0,9.52,4,0.0,0.0,0.1,3134,
763,32256,-2.8,0.0,10.71,3,0.3333,0.3333,0.1,3141,
764,32320,-4.2,0.0,3.92,2,0.5,0.5,0.1,3150,
765,32320,-4.2,0.0,16.67,5,0.0,0.2,0.1,3150,
766,32320,-2.5,0.0,5.88,1,0.0,0.0,0.1,3150,
767,32320,-5.2,0.0,3.92,2,0.5,1.0,0.1,3150,
768,32448,-2.9,0.0,10.0,2,0.0,0.5,0.1,3166,
769,32512,-4.3,0.0,5.88,3,0.3333,0.0,0.1,3172,
770,32512,-4.9,0.0,13.51,5,0.2,0.0,0.1,3172,
771,32512,-5.4,0.0,7.84,4,0.0,0.0,0.1,3172,
772,32576,-1.5,0.0,14.29,1,0.0,0.0,0.1,3178,
773,32576,-5.6,0.0,6.52,3,0.0,0.0,0.1,3178,
774,32576,-5.5,0.0,9.8,5,0.0,0.2,0.1,3178,
775,32576,-4.3,0.0,5.88,3,0.0,0.0,0.1,3178,
776,32576,-4.4,0.0,9.3,4,0.25,0.0,0.1,3178,
777,32576,-4.5,0.0,9.8,5,0.2,0.6,0.1,3178,
778,32704,-5.5,0.0,9.8,5,0.0,0.6,0.1,3190,
779,32704,-5.6,0.0,13.95,6,0.0,0.0,0.1,3190,
780,32768,-1.2,0.0,36.36,4,0.0,0.25,0.1,3198,
781,32768,-2.0,0.0,8.33,1,0.0,0.0,0.1,3198,
782,32768,-5.6,0.0,11.76,6,0.0,0.3333,0.1,3198,
783,32832,-4.0,0.0,13.79,4,0.25,0.25,0.1,3205,
784,32832,-5.7,0.0,13.73,7,0.1429,0.4286,0.1,3205,
785,32832,-1.9,0.0,20.0,2,0.0,0.0,0.1,3205,
786,32896,-4.4,0.0,7.84,4,0.0,0.25,0.1,3207,
787,32896,-4.7,0.0,13.73,7,0.0,0.2857,0.1,3207,
788,32960,-5.5,0.0,9.8,5,0.0,0.2,0.1,3211,
789,32960,-1.4,0.0,16.67,1,0.0,0.0,0.1,3211,
790,33024,-5.1,0.0,1.96,1,0.0,1.0,0.1,3217,
791,33024,-5.5,0.0,9.8,5,0.2,0.0,0.1,3217,
792,33088,-5.4,0.0,6.82,3,0.0,0.3333,0.1,3220,
793,33152,-3.8,0.0,6.9,2,0.0,0.5,0.1,3224,
794,33216,-4.0,0.0,17.86,5,0.0,0.0,0.1,3229,
795,33216,-5.3,0.0,5.88,3,0.0,0.3333,0.1,3229,
796,33280,-4.3,0.0,5.88,3,0.0,0.6667,0.1,3232,
797,33344,-4.1,0.0,6.25,2,0.0,0.0,0.1,3235,
798,33344,-5.3,0.0,5.88,3,0.0,0.0,0.1,3235,
799,33344,-5.2,0.0,3.92,2,0.0,0.0,0.1,3235,
800,33408,-4.2,0.0,3.92,2,0.0,0.5,0.1,3241,
801,33472,-4.3,0.0,5.88,3,0.3333,0.6667,0.1,3246,
802,33472,-4.5,0.0,9.8,5,0.4,0.2,0.1,3246,
803,33472,-4.5,0.0,9.8,5,0.0,0.2,0.1,3246,
804,33600,-5.5,0.0,9.8,5,0.0,0.4,0.1,3258,
805,33664,-5.5,0.0,9.8,5,0.0,0.4,0.1,3263,
806,33728,-5.5,0.0,9.8,5,0.0,0.2,0.1,3268,
807,33728,-2.3,0.0,8.33,2,0.0,0.0,0.1,3268,
808,33920,-5.2,0.0,3.92,2,0.0,0.0,0.1,3284,
809,33984,-5.4,0.0,7.84,4,0.0,0.25,0.1,3287,
810,33984,-5.4,0.0,7.84,4,0.0,0.0,0.1,3287,
811,34048,-2.4,0.0,6.25,1,0.0,0.0,0.1,3294,
812,34112,-2.8,0.0,10.53,2,0.0,0.0,0.1,3300,
813,34112,-3.1,0.0,6.25,2,0.0,0.0,0.1,3300,
814,34112,-5.4,0.0,7.84,4,0.25,0.25,0.1,3300,
815,34176,-5.6,0.0,11.76,6,0.1667,0.3333,0.1,3303,
816,34432,-2.4,0.0,13.33,2,0.0,0.5,0.1,3317,
817,34496,-5.3,0.0,5.88,3,0.0,0.6667,0.1,3321,
818,34496,-4.0,0.0,10.0,3,0.0,0.0,0.1,3321,
819,34560,-6.1,0.0,14.89,7,0.1429,0.2857,0.1,3328,
820,34560,-5.6,0.0,13.95,6,0.1667,0.1667,0.1,3328,
821,34560,-5.2,0.0,3.92,2,0.5,0.0,0.1,3328,
822,34624,-5.3,0.0,5.88,3,0.0,0.0,0.1,3331,
823,34624,-4.2,0.0,2.94,1,0.0,0.0,0.1,3331,
824,34688,-5.8,0.0,15.69,8,0.0,0.375,0.1,3337,
825,34688,-5.8,0.0,8.51,4,0.25,0.0,0.1,3337,
826,34752,-3.6,0.0,3.57,1,0.0,0.0,0.1,3343,
827,34752,-2.6,0.0,5.56,1,0.0,0.0,0.1,3343,
828,34752,-2.2,0.0,4.17,1,0.0,0.0,0.1,3343,
829,34752,-3.8,0.0,3.33,1,0.0,0.0,0.1,3343,
830,34816,8.7,1.0,6.25,2,0.5,0.5,0.1,3344,
831,34880,-5.5,0.0,9.8,5,0.0,0.2,0.1,3349,
832,34944,-4.6,0.0,5.41,2,0.0,0.0,0.1,3360,
833,34944,-5.2,0.0,9.76,4,0.0,0.25,0.1,3360,
834,34944,-2.5,0.0,12.5,2,0.0,0.0,0.1,3360,
835,34944,-2.4,0.0,21.43,3,0.3333,0.3333,0.1,3360,
836,35072,-4.3,0.0,5.88,3,0.0,0.6667,0.1,3370,
837,35072,-4.3,0.0,5.88,3,0.0,0.3333,0.1,3370,
838,35136,-4.6,0.0,11.76,6,0.0,0.3333,0.1,3376,
839,35200,-3.8,0.0,10.71,3,0.0,0.0,0.1,3380,
840,35264,-5.5,0.0,9.8,5,0.0,0.0,0.1,3383,
841,35456,-5.4,0.0,7.84,4,0.0,0.25,0.1,3397,
842,35456,-5.4,0.0,7.84,4,0.0,0.0,0.1,3397,
843,35520,-5.0,0.0,19.61,10,0.2,0.2,0.1,3403,
844,35584,-5.3,0.0,5.88,3,0.0,0.6667,0.1,3406,
845,35584,-5.4,0.0,7.84,4,0.5,0.0,0.1,3406,
846,35584,-4.4,0.0,7.84,4,0.0,0.75,0.1,3406,
847,35584,-3.5,0.0,12.0,3,0.0,0.0,0.1,3406,
848,35648,-3.9,0.0,6.67,2,0.0,0.0,0.1,3409,
849,35648,-5.7,0.0,2.04,1,0.0,0.0,0.1,3409,
850,35712,-2.7,0.0,11.11,2,0.5,0.0,0.1,3414,
851,35776,-2.7,0.0,11.11,2,0.0,0.0,0.1,3417,
852,35776,-5.4,0.0,7.84,4,0.0,0.0,0.1,3417,
853,35776,-5.3,0.0,5.88,3,0.0,0.0,0.1,3417,
854,35840,-4.6,0.0,11.76,6,0.1667,0.1667,0.1,3421,
855,35840,-5.4,0.0,7.84,4,0.0,0.5,0.1,3421,
856,35840,-5.5,0.0,9.8,5,0.4,0.2,0.1,3421,
857,35968,-4.3,0.0,5.88,3,0.0,0.6667,0.1,3428,
858,35968,-4.7,0.0,4.17,2,0.0,0.0,0.1,3428,
859,35968,-5.2,0.0,3.92,2,0.5,0.0,0.1,3428,
860,36032,-5.4,0.0,7.84,4,0.0,0.0,0.1,3430,
861,36032,-4.6,0.0,11.76,6,0.1667,0.3333,0.1,3430,
862,36096,7.3,1.0,11.63,5,0.2,0.2,0.1,3436,
863,36096,-5.7,0.0,13.73,7,0.0,0.2857,0.1,3436,
864,36096,-5.0,0.0,0.0,0,,,0.1,3436,
865,36224,-4.3,0.0,5.88,3,0.0,0.0,0.1,3448,
866,36224,-6.2,0.0,12.24,6,0.0,0.0,0.1,3448,
867,36288,-3.8,0.0,10.71,3,0.3333,0.6667,0.1,3458,
868,36288,-5.7,0.0,13.73,7,0.0,0.1429,0.1,3458,
869,36352,-1.0,0.0,18.18,2,0.0,0.0,0.1,3462,
870,36416,-3.3,0.0,8.33,2,0.0,0.0,0.1,3467,
871,36416,-4.5,0.0,9.8,5,0.0,0.8,0.1,3467,
872,36416,10.6,1.0,7.14,1,0.0,0.0,0.1,3467,
873,36480,-5.4,0.0,7.84,4,0.0,0.25,0.1,3474,
874,36480,-1.7,0.0,25.0,2,0.0,0.0,0.1,3474,
875,36480,-5.8,0.0,4.08,2,0.0,0.0,0.1,3474,
876,36544,-2.2,0.0,15.38,2,0.0,0.5,0.1,3481,
877,36544,-5.4,0.0,4.44,2,0.0,0.0,0.1,3481,
878,36544,-5.4,0.0,7.84,4,0.5,0.0,0.1,3481,
879,36608,-5.3,0.0,5.88,3,0.0,0.6667,0.1,3486,
880,36736,-4.1,0.0,1.96,1,0.0,1.0,0.1,3494,
881,36736,-5.2,0.0,3.92,2,0.5,0.0,0.1,3494,
882,36928,-1.9,0.0,9.09,1,0.0,0.0,0.1,3508,
883,36992,-5.4,0.0,7.84,4,0.25,0.5,0.1,3514,
884,36992,-4.6,0.0,11.43,4,0.0,0.25,0.1,3514,
885,37120,-2.1,0.0,4.35,1,0.0,0.0,0.1,3526,
886,37248,-3.6,0.0,11.54,3,0.0,0.3333,0.1,3535,
887,37248,-5.3,0.0,5.88,3,0.0,0.0,0.1,3535,
888,37312,-6.1,0.0,8.0,4,0.0,0.25,0.1,3538,
889,37376,-5.3,0.0,5.88,3,0.0,0.3333,0.1,3540,
890,37376,-5.2,0.0,3.92,2,0.5,0.0,0.1,3540,
891,37440,-5.6,0.0,11.76,6,0.1667,0.3333,0.1,3542,
892,37504,-2.6,0.0,11.76,2,0.0,0.0,0.1,3546,
893,37568,-3.6,0.0,3.57,1,0.0,0.0,0.1,3550,
894,37696,-3.7,0.0,11.11,3,0.0,0.3333,0.1,3559,
895,37696,-4.4,0.0,7.84,4,0.25,0.0,0.1,3559,
896,37696,-3.1,0.0,13.33,4,0.0,0.5,0.1,3559,
897,37760,-5.2,0.0,3.92,2,0.0,0.5,0.1,3564,
898,37824,-5.2,0.0,3.92,2,0.0,0.5,0.1,3570,
899,37824,-4.4,0.0,7.84,4,0.25,0.5,0.1,3570,
900,37824,-4.1,0.0,21.43,6,0.1667,0.1667,0.1,3570,
901,37888,-3.4,0.0,8.0,2,0.0,0.5,0.1,3575,
902,37888,-5.3,0.0,5.88,3,0.0,0.0,0.1,3575,
903,37952,-2.3,0.0,6.67,1,0.0,0.0,0.1,3580,
904,37952,-4.2,0.0,3.92,2,0.5,0.0,0.1,3580,
905,37952,-4.1,0.0,3.03,1,0.0,0.0,0.1,3580,
906,37952,-4.2,0.0,3.92,2,0.0,0.0,0.1,3580,
907,38016,-3.1,0.0,4.35,1,0.0,0.0,0.1,3586,
908,38016,-5.0,0.0,0.0,0,,,0.1,3586,
909,38016,-5.4,0.0,7.84,4,0.25,0.25,0.1,3586,
910,38016,-5.2,0.0,3.92,2,0.0,0.0,0.1,3586,
911,38080,-5.4,0.0,7.84,4,0.0,0.25,0.1,3588,
912,38144,-2.2,0.0,25.0,3,0.0,0.3333,0.1,3595,
913,38208,-4.2,0.0,3.92,2,0.0,0.0,0.1,3597,
914,38208,-4.5,0.0,9.8,5,0.2,0.0,0.1,3597,
915,38208,-4.6,0.0,11.76,6,0.0,0.1667,0.1,3597,
916,38208,-5.7,0.0,4.17,2,0.0,0.5,0.1,3597,
917,38208,-5.1,0.0,1.96,1,0.0,0.0,0.1,3597,
918,38272,-5.8,0.0,2.0,1,0.0,0.0,0.1,3601,
919,38336,-2.8,0.0,23.53,4,0.0,0.25,0.1,3610,
920,38336,-5.5,0.0,9.8,5,0.4,0.2,0.1,3610,
921,38464,-5.3,0.0,5.88,3,0.0,0.0,0.1,3616,
922,38528,-4.2,0.0,3.92,2,0.0,0.0,0.1,3619,
923,38592,-4.6,0.0,5.41,2,0.0,0.0,0.1,3623,
924,38592,-1.9,0.0,20.0,2,0.0,0.0,0.1,3623,
925,38720,-5.4,0.0,7.84,4,0.5,0.0,0.1,3632,
926,38720,-4.5,0.0,9.8,5,0.0,0.0,0.1,3632,
927,38784,-5.9,0.0,4.0,2,0.5,0.0,0.1,3636,
928,38784,-4.6,0.0,5.41,2,0.0,0.0,0.1,3636,
929,38848,-5.9,0.0,1.96,1,0.0,0.0,0.1,3642,
930,38848,-4.8,0.0,15.91,7,0.0,0.2857,0.1,3642,
931,38848,-5.4,0.0,7.84,4,0.0,0.0,0.1,3642,
932,39040,-4.2,0.0,3.92,2,0.0,1.0,0.1,3654,
933,39104,-5.4,0.0,7.84,4,0.25,0.5,0.1,3659,
934,39104,-2.6,0.0,5.56,1,0.0,0.0,0.1,3659,
935,39104,-5.6,0.0,11.76,6,0.0,0.1667,0.1,3659,
936,39168,-4.4,0.0,9.3,4,0.0,0.0,0.1,3663,
937,39168,9.2,1.0,3.57,1,1.0,0.0,0.1,3663,
938,39232,-5.9,0.0,17.65,9,0.0,0.1111,0.1,3668,
939,39296,-5.4,0.0,9.3,4,0.25,0.0,0.1,3673,
940,39296,-4.1,0.0,2.33,1,0.0,0.0,0.1,3673,
941,39296,-6.1,0.0,8.0,4,0.0,0.0,0.1,3673,
942,39360,-3.0,0.0,9.52,2,0.0,0.0,0.1,3677,
943,39360,-5.3,0.0,5.88,3,0.0,0.0,0.1,3677,
944,39360,-5.5,0.0,9.8,5,0.0,0.2,0.1,3677,
945,39424,8.8,1.0,10.0,3,0.3333,0.3333,0.1,3679,
946,39552,-5.4,0.0,7.84,4,0.0,0.25,0.1,3688,
947,39616,9.5,1.0,18.18,4,0.25,0.5,0.1,3693,
948,39616,-5.2,0.0,3.92,2,0.0,0.0,0.1,3693,
949,39744,-4.4,0.0,7.84,4,0.0,0.5,0.1,3701,
950,39744,-5.2,0.0,3.92,2,0.0,0.5,0.1,3701,
951,39744,-5.2,0.0,3.92,2,0.5,0.0,0.1,3701,
952,39872,-3.4,0.0,8.0,2,0.0,0.0,0.1,3709,
953,39872,-5.3,0.0,5.88,3,0.0,0.0,0.1,3709,
954,39936,-1.8,0.0,10.0,1,0.0,0.0,0.1,3718,
955,40000,-5.4,0.0,7.84,4,0.0,0.0,0.1,3721,
956,40000,-5.5,0.0,9.8,5,0.0,0.0,0.1,3721,
957,40064,-2.7,0.0,5.26,1,0.0,0.0,0.1,3723,
958,40192,-5.6,0.0,11.76,6,0.1667,0.3333,0.1,3730,
959,40192,-3.1,0.0,4.35,1,0.0,0.0,0.1,3730,
960,40256,-5.1,0.0,1.96,1,0.0,0.0,0.1,3735,
961,40256,-3.5,0.0,3.7,1,0.0,0.0,0.1,3735,
962,40256,-4.6,0.0,2.63,1,0.0,0.0,0.1,3735,
963,40384,-5.3,0.0,5.88,3,0.3333,0.0,0.1,3746,
964,40384,-3.9,0.0,5.0,2,0.0,0.0,0.1,3746,
965,40512,-5.1,0.0,1.96,1,0.0,0.0,0.1,3758,
966,40576,-3.7,0.0,7.14,2,0.0,0.0,0.1,3764,
967,40576,-3.2,0.0,4.17,1,0.0,0.0,0.1,3764,
968,40576,-4.2,0.0,3.92,2,0.0,0.0,0.1,3764,
969,40640,-2.9,0.0,15.79,3,0.0,0.0,0.1,3767,
970,40704,-4.7,0.0,13.73,7,0.0,0.2857,0.1,3774,
971,40768,-4.9,0.0,5.0,2,0.5,0.0,0.1,3779,
972,40832,-4.7,0.0,13.73,7,0.0,0.4286,0.1,3783,
973,40960,-4.7,0.0,13.73,7,0.0,0.4286,0.1,3791,
974,40960,-5.2,0.0,3.92,2,0.5,0.0,0.1,3791,
975,40960,-4.3,0.0,6.98,3,0.0,0.3333,0.1,3791,
976,40960,-4.4,0.0,7.84,4,0.0,0.25,0.1,3791,
977,41024,-5.1,0.0,1.96,1,0.0,1.0,0.1,3794,
978,41024,-3.6,0.0,11.54,3,0.0,0.0,0.1,3794,
979,41088,-4.3,0.0,5.88,3,0.0,0.0,0.1,3800,
980,41088,-4.8,0.0,5.13,2,0.0,0.0,0.1,3800,
981,41088,-5.6,0.0,2.08,1,0.0,0.0,0.1,3800,
982,41088,-4.6,0.0,11.43,4,0.25,0.25,0.1,3800,
983,41152,-5.4,0.0,7.84,4,0.0,0.0,0.1,3802,
984,41152,-5.7,0.0,13.73,7,0.1429,0.1429,0.1,3802,
985,41216,-4.5,0.0,9.8,5,0.2,0.2,0.1,3805,
986,41216,-5.3,0.0,5.88,3,0.0,0.6667,0.1,3805,
987,41280,-5.1,0.0,1.96,1,0.0,1.0,0.1,3810,
988,41280,-5.1,0.0,1.96,1,0.0,1.0,0.1,3810,
989,41344,-5.5,0.0,9.8,5,0.0,0.4,0.1,3816,
990,41408,-4.7,0.0,13.73,7,0.1429,0.4286,0.1,3822,
991,41472,-5.4,0.0,7.84,4,0.25,0.25,0.1,3829,
992,41472,-5.0,0.0,0.0,0,,,0.1,3829,
993,41472,-2.8,0.0,10.53,2,0.0,0.0,0.1,3829,
994,41472,-2.8,0.0,5.0,1,0.0,0.0,0.1,3829,
995,41536,10.2,1.0,5.56,1,0.0,1.0,0.1,3834,
996,41600,9.8,1.0,9.52,2,0.0,0.5,0.1,3841,
997,41600,-3.3,0.0,4.0,1,0.0,0.0,0.1,3841,
998,41600,-5.3,0.0,5.88,3,0.0,0.0,0.1,3841,
999,41600,-5.2,0.0,3.92,2,0.0,0.0,0.1,3841,
1000,41728,-4.2,0.0,3.92,2,0.5,0.0,0.1,3848,
1001,41856,-5.3,0.0,5.88,3,0.3333,0.3333,0.1,3862,
1002,41856,-0.3,0.0,20.0,1,0.0,0.0,0.1,3862,
1003,41920,-2.2,0.0,7.14,1,0.0,0.0,0.1,3874,
1004,41920,-3.2,0.0,4.17,1,0.0,0.0,0.1,3874,
1005,41920,-4.3,0.0,5.88,2,0.0,0.0,0.1,3874,
1006,41984,-4.4,0.0,7.84,4,0.0,0.0,0.1,3877,
1007,41984,-2.4,0.0,6.25,1,0.0,0.0,0.1,3877,
1008,42048,-5.2,0.0,3.92,2,0.0,0.0,0.1,3882,
1009,42048,-3.9,0.0,3.23,1,0.0,0.0,0.1,3882,
1010,42048,-3.3,0.0,13.04,3,0.0,0.0,0.1,3882,
1011,42112,-4.4,0.0,2.17,1,0.0,0.0,0.1,3891,
1012,42112,-5.4,0.0,7.84,4,0.0,0.0,0.1,3891,
1013,42176,-5.7,0.0,6.38,3,0.3333,0.0,0.1,3895,
1014,42240,-3.6,0.0,5.41,2,0.0,0.0,0.1,3903,
1015,42368,-5.4,0.0,7.84,4,0.25,0.0,0.1,3913,
1016,42368,-5.5,0.0,9.8,5,0.0,0.0,0.1,3913,
1017,42368,-5.0,0.0,0.0,0,,,0.1,3913,
1018,42496,-5.3,0.0,5.88,3,0.0,0.6667,0.1,3925,
1019,42496,-2.9,0.0,4.76,1,0.0,0.0,0.1,3925,
1020,42560,-5.5,0.0,9.8,5,0.2,0.2,0.1,3928,
1021,42560,-4.2,0.0,3.92,2,0.0,0.5,0.1,3928,
1022,42624,-2.1,0.0,16.67,2,0.0,0.0,0.1,3930,
1023,42624,-5.2,0.0,3.92,2,0.0,0.5,0.1,3930,
1024,42624,-5.3,0.0,5.88,3,0.0,0.3333,0.1,3930,
1025,42752,-5.9,0.0,18.18,8,0.125,0.125,0.1,3940,
1026,42816,-3.4,0.0,12.5,3,0.0,0.0,0.1,3946,
1027,42816,-5.3,0.0,5.88,3,0.3333,0.3333,0.1,3946,
1028,42816,5.9,1.0,24.0,12,0.0833,0.3333,0.1,3946,
1029,42880,-5.2,0.0,3.92,2,0.0,0.5,0.1,3953,
1030,43008,8.8,1.0,3.12,1,1.0,0.0,0.1,3965,
1031,43008,-3.5,0.0,16.67,4,0.0,0.25,0.1,3965,
1032,43008,-1.6,0.0,11.76,2,0.0,0.0,0.1,3965,
1033,43008,-5.8,0.0,15.69,8,0.0,0.25,0.1,3965,
1034,43008,-5.2,0.0,3.92,2,0.0,0.0,0.1,3965,
1035,43136,-4.9,0.0,2.44,1,0.0,0.0,0.1,3974,
1036,43136,-4.3,0.0,5.88,3,0.0,0.0,0.1,3974,
1037,43264,-5.7,0.0,13.73,7,0.0,0.4286,0.1,3983,
1038,43264,-3.6,0.0,11.54,3,0.0,0.0,0.1,3983,
1039,43456,-5.5,0.0,9.8,5,0.2,0.0,0.1,3999,
1040,43456,-5.1,0.0,4.76,2,0.0,0.5,0.1,3999,
1041,43520,-4.2,0.0,3.92,2,0.0,1.0,0.1,4004,
1042,43584,-3.7,0.0,15.38,4,0.0,0.5,0.1,4009,
1043,43648,-2.4,0.0,6.25,1,0.0,0.0,0.1,4013,
1044,43776,-3.8,0.0,14.81,4,0.0,0.5,0.1,4021,
1045,43840,-5.0,0.0,0.0,0,,,0.1,4023,
1046,43840,-4.2,0.0,3.92,2,0.5,0.0,0.1,4023,
1047,43904,-4.4,0.0,7.84,4,0.0,0.75,0.1,4030,
1048,43904,-2.9,0.0,4.76,1,0.0,0.0,0.1,4030,
1049,43968,-4.6,0.0,11.76,6,0.1667,0.3333,0.1,4034,
1050,44032,-2.9,0.0,3.23,1,0.0,0.0,0.1,4040,
1051,44096,-5.5,0.0,6.67,3,0.0,0.3333,0.1,4051,
1052,44096,-5.5,0.0,9.8,5,0.2,0.2,0.1,4051,
1053,44096,-4.7,0.0,8.11,3,0.0,0.0,0.1,4051,
1054,44224,-5.3,0.0,5.88,3,0.0,0.0,0.1,4060,
1055,44224,-4.1,0.0,1.96,1,0.0,0.0,0.1,4060,
1056,44288,-4.6,0.0,11.76,6,0.1667,0.3333,0.1,4067,
1057,44352,-4.3,0.0,5.88,3,0.0,0.0,0.1,4072,
1058,44352,-4.8,0.0,15.69,8,0.0,0.25,0.1,4072,
1059,44352,-5.6,0.0,11.76,6,0.1667,0.3333,0.1,4072,
1060,44352,-1.5,0.0,14.29,1,0.0,0.0,0.1,4072,
1061,44352,-5.6,0.0,8.89,4,0.0,0.25,0.1,4072,
1062,44352,-5.5,0.0,9.8,5,0.0,0.0,0.1,4072,
1063,44416,-5.5,0.0,9.8,5,0.0,0.0,0.1,4075,
1064,44416,-4.8,0.0,7.89,3,0.3333,0.0,0.1,4075,
1065,44480,-3.1,0.0,9.68,3,0.0,0.3333,0.1,4080,
1066,44480,-4.6,0.0,11.76,6,0.1667,0.0,0.1,4080,
1067,44544,-1.9,0.0,9.09,1,0.0,0.0,0.1,4086,
1068,44544,-5.3,0.0,5.88,3,0.0,0.0,0.1,4086,
1069,44608,-4.5,0.0,9.8,5,0.2,0.2,0.1,4093,
1070,44672,-4.7,0.0,13.73,7,0.0,0.2857,0.1,4098,
1071,44736,-5.5,0.0,9.8,5,0.4,0.2,0.1,4102,
1072,44736,-5.4,0.0,7.84,4,0.0,0.0,0.1,4102,
1073,44736,7.1,1.0,11.11,5,0.0,0.0,0.1,4102,
1074,44800,-4.0,0.0,3.12,1,0.0,0.0,0.1,4109,
1075,44864,-4.1,0.0,6.25,2,0.5,0.0,0.1,4116,
1076,44864,-4.2,0.0,3.92,2,0.0,0.5,0.1,4116,
1077,44864,-4.8,0.0,15.69,8,0.375,0.5,0.1,4116,
1078,44864,-5.0,0.0,0.0,0,,,0.1,4116,
1079,44928,-2.3,0.0,23.08,3,0.0,0.0,0.1,4122,
1080,44992,-4.1,0.0,15.79,6,0.1667,0.1667,0.1,4128,
1081,45056,-2.8,0.0,16.67,3,0.3333,0.0,0.1,4133,
1082,45184,-5.2,0.0,3.92,2,0.0,0.5,0.1,4138,
1083,45248,-4.4,0.0,7.84,4,0.25,0.5,0.1,4147,
1084,45312,-4.7,0.0,13.73,7,0.0,0.4286,0.1,4153,
1085,45376,-4.4,0.0,7.84,4,0.25,0.25,0.1,4160,
1086,45376,7.6,1.0,21.62,8,0.25,0.0,0.1,4160,
1087,45376,-4.3,0.0,5.88,3,0.0,0.0,0.1,4160,
1088,45440,-5.2,0.0,3.92,2,0.0,0.0,0.1,4165,
1089,45504,-4.6,0.0,11.76,6,0.0,0.0,0.1,4171,
1090,45632,-4.4,0.0,7.84,4,0.0,0.5,0.1,4179,
1091,45632,-4.5,0.0,9.8,5,0.0,0.0,0.1,4179,
1092,45632,-4.5,0.0,9.8,5,0.0,0.0,0.1,4179,
1093,45696,-4.2,0.0,7.14,3,0.0,0.3333,0.1,4184,
1094,45696,-1.3,0.0,20.0,1,0.0,0.0,0.1,4184,
1095,45760,-4.6,0.0,11.43,4,0.0,0.75,0.1,4188,
1096,45760,-4.4,0.0,7.84,4,0.0,0.25,0.1,4188,
1097,45888,-5.5,0.0,9.8,5,0.2,0.0,0.1,4197,
1098,45888,-5.3,0.0,5.88,3,0.0,0.0,0.1,4197,
1099,46080,-5.5,0.0,9.8,5,0.2,0.0,0.1,4214,
1100,46080,-5.2,0.0,3.92,2,0.0,0.5,0.1,4214,
1101,46144,-5.0,0.0,8.16,4,0.25,0.0,0.1,4220,
1102,46144,-5.6,0.0,11.76,6,0.0,0.5,0.1,4220,
1103,46144,-2.9,0.0,6.67,2,0.0,0.0,0.1,4220,
1104,46208,-3.9,0.0,6.67,2,0.0,0.5,0.1,4233,
1105,46208,-3.0,0.0,15.0,3,0.0,0.0,0.1,4233,
1106,46208,-5.6,0.0,6.52,3,0.0,0.0,0.1,4233,
1107,46208,-3.6,0.0,3.57,1,0.0,0.0,0.1,4233,
1108,46272,-5.7,0.0,2.04,1,0.0,0.0,0.1,4236,
1109,46272,-4.5,0.0,9.8,5,0.0,0.2,0.1,4236,
1110,46272,-5.3,0.0,5.88,3,0.3333,0.0,0.1,4236,
1111,46336,-5.4,0.0,11.9,5,0.0,0.2,0.1,4243,
1112,46400,-3.3,0.0,8.33,2,0.0,0.0,0.1,4246,
1113,46400,-5.3,0.0,5.88,3,0.0,0.0,0.1,4246,
1114,46528,-5.3,0.0,5.88,3,0.0,0.6667,0.1,4254,
1115,46592,-5.6,0.0,13.95,6,0.0,0.5,0.1,4258,
1116,46720,-5.6,0.0,11.76,6,0.0,0.1667,0.1,4265,
1117,46720,-4.3,0.0,5.88,3,0.3333,0.3333,0.1,4265,
1118,46720,-4.5,0.0,14.29,6,0.3333,0.1667,0.1,4265,
1119,46784,-3.9,0.0,6.67,2,0.0,0.0,0.1,4270,
1120,46848,-4.3,0.0,5.88,3,0.0,0.6667,0.1,4271,
1121,46912,9.6,1.0,4.17,1,0.0,0.0,0.1,4279,
1122,46912,-3.8,0.0,3.33,1,0.0,0.0,0.1,4279,
1123,47040,-4.3,0.0,5.88,3,0.0,0.0,0.1,4288,
1124,47232,-5.0,0.0,4.88,2,0.0,0.5,0.1,4309,
1125,47232,-4.3,0.0,5.88,3,0.3333,0.3333,0.1,4309,
1126,47232,-5.9,0.0,15.56,7,0.2857,0.0,0.1,4309,
1127,47296,-2.7,0.0,17.65,3,0.3333,0.0,0.1,4314,
1128,47296,-2.4,0.0,6.25,1,0.0,0.0,0.1,4314,
1129,47360,-5.3,0.0,5.88,3,0.0,0.3333,0.1,4318,
1130,47360,-5.1,0.0,1.96,1,1.0,0.0,0.1,4318,
1131,47424,-3.6,0.0,7.41,2,0.0,0.0,0.1,4325,
1132,47424,-4.7,0.0,8.11,3,0.0,0.3333,0.1,4325,
1133,47488,-3.6,0.0,16.0,4,0.25,0.0,0.1,4327,
1134,47488,-5.1,0.0,1.96,1,0.0,0.0,0.1,4327,
1135,47616,-5.4,0.0,7.84,4,0.0,0.25,0.1,4338,
1136,47616,-5.5,0.0,9.8,5,0.0,0.2,0.1,4338,
1137,47616,-4.7,0.0,13.73,7,0.1429,0.4286,0.1,4338,
1138,47616,-5.1,0.0,1.96,1,0.0,0.0,0.1,4338,
1139,47616,-5.2,0.0,3.92,2,0.5,0.0,0.1,4338,
1140,47616,6.7,1.0,10.2,5,0.0,0.2,0.1,4338,
1141,47680,-5.6,0.0,6.52,3,0.0,0.0,0.1,4346,
1142,47680,-3.4,0.0,12.5,3,0.0,0.3333,0.1,4346,
1143,47680,-5.2,0.0,3.92,2,0.0,0.0,0.1,4346,
1144,47744,-5.1,0.0,1.96,1,1.0,0.0,0.1,4350,
1145,47744,-2.4,0.0,6.25,1,0.0,0.0,0.1,4350,
1146,47744,-3.7,0.0,3.45,1,0.0,0.0,0.1,4350,
1147,47808,-4.6,0.0,11.76,6,0.1667,0.5,0.1,4356,
1148,47808,-4.5,0.0,9.8,5,0.2,0.2,0.1,4356,
1149,47872,-5.2,0.0,7.14,3,0.0,0.0,0.1,4362,
1150,47936,-5.7,0.0,13.73,7,0.1429,0.1429,0.1,4368,
1151,48000,-5.8,0.0,15.69,8,0.125,0.125,0.1,4374,
1152,48000,-4.7,0.0,13.73,7,0.1429,0.4286,0.1,4374,
1153,48064,-5.3,0.0,5.88,3,0.0,0.3333,0.1,4376,
1154,48064,8.8,1.0,6.45,2,0.0,0.0,0.1,4376,
1155,48128,-5.3,0.0,5.88,3,0.0,0.3333,0.1,4385,
1156,48128,-5.2,0.0,3.92,2,0.0,0.5,0.1,4385,
1157,48512,-5.8,0.0,15.69,8,0.0,0.125,0.1,4408,
1158,48512,-6.0,0.0,8.16,4,0.25,0.25,0.1,4408,
1159,48576,-4.9,0.0,13.51,5,0.4,0.2,0.1,4413,
1160,48576,-5.5,0.0,9.8,5,0.0,0.2,0.1,4413,
1161,48576,-5.4,0.0,23.68,9,0.0,0.1111,0.1,4413,
1162,48640,-3.9,0.0,10.34,3,0.0,0.0,0.1,4415,
1163,48704,-5.4,0.0,7.84,4,0.0,0.0,0.1,4418,
1164,48768,-3.6,0.0,7.41,2,0.0,0.0,0.1,4422,
1165,48768,-4.3,0.0,5.88,3,0.3333,0.3333,0.1,4422,
1166,48768,-5.9,0.0,6.12,3,0.0,0.3333,0.1,4422,
1167,48896,-4.3,0.0,5.88,3,0.0,0.3333,0.1,4433,
1168,48896,-5.3,0.0,5.88,3,0.3333,0.0,0.1,4433,
1169,48896,-2.3,0.0,8.33,2,0.0,0.0,0.1,4433,
1170,48960,-4.2,0.0,3.92,2,0.0,0.5,0.1,4443,
1171,49024,-2.8,0.0,5.0,1,0.0,0.0,0.1,4449,
1172,49024,-5.4,0.0,7.84,4,0.25,0.0,0.1,4449,
1173,49024,-5.3,0.0,9.8,5,0.0,0.2,0.1,4449,
1174,49088,9.7,1.0,4.35,1,0.0,0.0,0.1,4453,
1175,49088,-5.3,0.0,2.22,1,0.0,0.0,0.1,4453,
1176,49280,-0.4,0.0,16.67,1,0.0,0.0,0.1,4465,
1177,49280,-3.9,0.0,3.23,1,0.0,0.0,0.1,4465,
1178,49344,-5.5,0.0,9.8,5,0.0,0.4,0.1,4473,
1179,49408,9.9,1.0,10.0,2,0.0,0.0,0.1,4478,
1180,49408,-3.6,0.0,16.0,4,0.25,0.25,0.1,4478,
1181,49408,-5.5,0.0,9.8,5,0.0,0.4,0.1,4478,
1182,49472,-5.5,0.0,9.8,5,0.0,0.0,0.1,4487,
1183,49536,-3.6,0.0,3.57,1,0.0,0.0,0.1,4493,
1184,49536,-5.2,0.0,3.92,2,0.5,0.0,0.1,4493,
1185,49536,-4.6,0.0,11.76,6,0.1667,0.6667,0.1,4493,
1186,49600,-5.3,0.0,5.88,3,0.0,0.3333,0.1,4497,
1187,49664,-4.1,0.0,1.96,1,0.0,1.0,0.1,4501,
1188,49664,-5.3,0.0,5.88,3,0.0,0.3333,0.1,4501,
1189,49792,-5.4,0.0,7.84,4,0.0,0.25,0.1,4516,
1190,49792,-2.7,0.0,11.11,2,0.0,0.5,0.1,4516,
1191,49792,-3.9,0.0,10.34,3,0.3333,0.6667,0.1,4516,
1192,49856,-5.4,0.0,7.84,4,0.25,0.0,0.1,4521,
1193,49984,-5.6,0.0,2.08,1,0.0,0.0,0.1,4528,
1194,49984,-5.5,0.0,9.8,5,0.0,0.0,0.1,4528,
1195,49984,-4.6,0.0,11.76,6,0.0,0.1667,0.1,4528,
1196,50048,-2.4,0.0,12.5,3,0.0,0.0,0.1,4534,
1197,50112,-3.4,0.0,12.5,3,0.0,0.3333,0.1,4540,
1198,50112,-4.9,0.0,7.69,3,0.0,0.0,0.1,4540,
1199,50112,-4.8,0.0,15.69,8,0.0,0.5,0.1,4540,
1200,50176,-4.3,0.0,5.88,3,0.0,0.6667,0.1,4545,
1201,50368,-3.6,0.0,3.57,1,0.0,0.0,0.1,4558,
1202,50368,-5.4,0.0,14.63,6,0.3333,0.0,0.1,4558,
1203,50432,-4.9,0.0,6.12,3,0.0,0.0,0.1,4566,
1204,50432,-1.6,0.0,28.57,2,0.5,0.0,0.1,4566,
1205,50496,-5.4,0.0,7.84,4,0.0,0.0,0.1,4572,
1206,50496,-4.8,0.0,7.89,3,0.6667,0.0,0.1,4572,
1207,50496,-5.0,0.0,0.0,0,,,0.1,4572,
1208,50496,-5.2,0.0,3.92,2,0.5,0.0,0.1,4572,
1209,50560,-2.5,0.0,5.88,1,0.0,0.0,0.1,4580,
1210,50624,-5.3,0.0,5.88,3,0.0,0.3333,0.1,4588,
1211,50624,-3.5,0.0,12.0,3,0.3333,0.3333,0.1,4588,
1212,50688,-5.8,0.0,15.69,8,0.625,0.0,0.1,4600,
1213,50688,-5.2,0.0,3.92,2,0.5,0.0,0.1,4600,
1214,50688,-5.1,0.0,8.0,4,0.0,0.0,0.1,4600,
1215,50752,-5.4,0.0,7.84,4,0.0,0.25,0.1,4606,
1216,50880,-6.4,0.0,14.0,7,0.0,0.2857,0.1,4616,
1217,50880,-5.7,0.0,13.73,7,0.0,0.1429,0.1,4616,
1218,50880,-5.2,0.0,3.92,2,0.5,0.5,0.1,4616,
1219,50880,-3.5,0.0,12.0,3,0.0,0.0,0.1,4616,
1220,50880,-5.4,0.0,7.84,4,0.0,0.25,0.1,4616,
1221,50880,-5.4,0.0,7.84,4,0.0,0.75,0.1,4616,
1222,50944,-5.5,0.0,9.8,5,0.0,0.2,0.1,4618,
1223,50944,-5.5,0.0,9.8,5,0.2,0.2,0.1,4618,
1224,51008,-5.6,0.0,4.26,2,0.5,0.0,0.1,4622,
1225,51008,-1.6,0.0,12.5,1,0.0,0.0,0.1,4622,
1226,51072,-5.4,0.0,7.84,4,0.0,0.5,0.1,4626,
1227,51072,-4.5,0.0,11.76,4,0.0,0.0,0.1,4626,
1228,51136,-2.8,0.0,5.0,1,0.0,0.0,0.1,4628,
1229,51136,-5.0,0.0,0.0,0,,,0.1,4628,
1230,51200,-2.2,0.0,13.64,3,0.0,0.0,0.1,4637,
1231,51200,-3.4,0.0,3.85,1,0.0,0.0,0.1,4637,
1232,51264,-5.2,0.0,3.92,2,0.0,0.5,0.1,4643,
1233,51264,-4.9,0.0,7.69,3,0.0,0.0,0.1,4643,
1234,51328,-3.2,0.0,9.38,3,0.0,0.0,0.1,4649,
1235,51328,-5.2,0.0,3.92,2,0.0,0.5,0.1,4649,
1236,51392,-4.9,0.0,16.67,6,0.0,0.3333,0.1,4656,
1237,51392,-2.3,0.0,14.29,2,0.0,0.0,0.1,4656,
1238,51392,-4.6,0.0,11.76,6,0.0,0.1667,0.1,4656,
1239,51392,-1.5,0.0,12.5,2,0.0,0.0,0.1,4656,
1240,51648,-5.6,0.0,8.89,4,0.0,0.0,0.1,4680,
1241,51712,-1.7,0.0,42.86,3,0.3333,0.3333,0.1,4688,
1242,51776,-4.5,0.0,9.8,5,0.2,0.0,0.1,4694,
1243,51840,-4.9,0.0,17.65,9,0.0,0.5556,0.1,4697,
1244,51840,-2.6,0.0,5.56,1,0.0,0.0,0.1,4697,
1245,51968,-4.4,0.0,7.84,4,0.0,0.25,0.1,4712,
1246,52032,-5.0,0.0,0.0,0,,,0.1,4716,
1247,52096,-4.5,0.0,5.56,2,0.0,0.5,0.1,4723,
1248,52160,-3.6,0.0,11.54,3,0.0,0.0,0.1,4730,
1249,52160,-5.0,0.0,0.0,0,,,0.1,4730,
1250,52224,-5.5,0.0,9.8,5,0.0,0.6,0.1,4741,
1251,52288,-5.5,0.0,9.8,5,0.0,0.2,0.1,4744,
1252,52288,-4.2,0.0,3.92,2,0.0,0.5,0.1,4744,
1253,52288,9.2,1.0,38.1,8,0.0,0.0,0.1,4744,
1254,52352,-4.5,0.0,9.8,5,0.2,0.2,0.1,4744,
1255,52480,-2.2,0.0,4.17,1,0.0,0.0,0.1,4762,
1256,52480,-4.8,0.0,7.89,3,0.0,0.3333,0.1,4762,
1257,52608,-3.6,0.0,16.0,4,0.5,0.0,0.1,4774,
1258,52608,-4.1,0.0,1.96,1,0.0,0.0,0.1,4774,
1259,52608,-4.9,0.0,10.53,4,0.5,0.0,0.1,4774,
1260,52672,-5.5,0.0,9.8,5,0.0,0.6,0.1,4779,
1261,52672,6.8,1.0,3.92,2,0.0,0.0,0.1,4779,
1262,52672,7.5,1.0,15.0,6,0.1667,0.3333,0.1,4779,
1263,52672,-3.3,0.0,18.18,4,0.0,0.0,0.1,4779,
1264,52672,-5.5,0.0,9.8,5,0.0,0.2,0.1,4779,
1265,52800,-4.2,0.0,16.67,5,0.0,0.0,0.1,4791,
1266,52800,-4.3,0.0,5.88,3,0.3333,0.0,0.1,4791,
1267,52800,-5.0,0.0,0.0,0,,,0.1,4791,
1268,52864,-3.8,0.0,10.71,3,0.0,0.0,0.1,4796,
1269,52864,-4.6,0.0,11.76,6,0.3333,0.0,0.1,4796,
1270,52928,-5.7,0.0,13.73,7,0.2857,0.1429,0.1,4803,
1271,52928,-5.8,0.0,15.69,8,0.125,0.125,0.1,4803,
1272,53056,-3.6,0.0,5.41,2,0.0,0.0,0.1,4814,
1273,53056,-4.4,0.0,7.84,4,0.25,0.5,0.1,4814,
1274,53120,-5.8,0.0,4.08,2,0.0,0.0,0.1,4826,
1275,53248,-5.6,0.0,11.76,6,0.0,0.3333,0.1,4842,
1276,53376,-5.3,0.0,5.88,3,0.0,0.3333,0.1,4850,
1277,53376,-4.5,0.0,9.8,5,0.0,0.0,0.1,4850,
1278,53440,-4.4,0.0,6.82,3,0.0,0.6667,0.1,4854,
1279,53504,9.6,1.0,13.64,3,0.3333,0.6667,0.1,4859,
1280,53632,-5.5,0.0,9.8,5,0.2,0.0,0.1,4865,
1281,53696,-4.1,0.0,1.96,1,1.0,0.0,0.1,4869,
1282,53696,-5.2,0.0,3.92,2,0.0,0.0,0.1,4869,
1283,53696,-3.8,0.0,6.9,2,0.0,0.0,0.1,4869,
1284,53760,-4.2,0.0,3.92,2,0.0,0.0,0.1,4871,
1285,53824,-5.4,0.0,7.84,4,0.0,0.5,0.1,4875,
1286,53888,-5.9,0.0,17.65,9,0.0,0.3333,0.1,4881,
1287,53952,-5.7,0.0,4.17,2,0.0,0.0,0.1,4886,
1288,53952,-5.8,0.0,10.87,5,0.0,0.2,0.1,4886,
1289,53952,-5.5,0.0,9.8,5,0.0,0.2,0.1,4886,
1290,54016,-4.5,0.0,8.57,3,0.0,0.3333,0.1,4890,
1291,54016,-5.4,0.0,7.84,4,0.0,0.5,0.1,4890,
1292,54016,-1.8,0.0,10.53,2,0.0,0.0,0.1,4890,
1293,54080,-5.1,0.0,17.39,8,0.0,0.0,0.1,4894,
1294,54144,-4.8,0.0,15.69,8,0.25,0.25,0.1,4899,
1295,54144,-4.5,0.0,9.8,5,0.4,0.2,0.1,4899,
1296,54144,-5.1,0.0,1.96,1,0.0,0.0,0.1,4899,
1297,54144,-4.8,0.0,15.69,8,0.0,0.0,0.1,4899,
1298,54272,-4.5,0.0,15.15,5,0.2,0.4,0.1,4906,
1299,54272,-5.8,0.0,4.08,2,0.0,0.0,0.1,4906,
1300,54336,-5.2,0.0,3.92,2,0.0,0.0,0.1,4910,
1301,54400,11.5,1.0,0.0,0,,,0.1,4917,
1302,54400,-2.7,0.0,11.11,2,0.0,0.0,0.1,4917,
1303,54400,-2.0,0.0,8.33,1,0.0,0.0,0.1,4917,
1304,54464,-4.5,0.0,9.8,5,0.0,0.2,0.1,4924,
1305,54464,-5.9,0.0,8.33,4,0.0,0.0,0.1,4924,
1306,54464,-5.2,0.0,3.92,2,0.0,1.0,0.1,4924,
1307,54592,-5.3,0.0,5.88,3,0.6667,0.3333,0.1,4934,
1308,54592,-4.4,0.0,7.84,4,0.0,0.5,0.1,4934,
1309,54656,-5.5,0.0,9.8,5,0.0,0.0,0.1,4936,
1310,54656,-5.4,0.0,7.84,4,0.25,0.5,0.1,4936,
1311,54656,-5.6,0.0,11.76,6,0.1667,0.1667,0.1,4936,
1312,54720,-4.5,0.0,15.15,5,0.0,0.4,0.1,4940,
1313,54784,-4.4,0.0,12.12,4,0.0,0.25,0.1,4949,
1314,54784,-2.5,0.0,5.88,1,0.0,0.0,0.1,4949,
1315,54784,10.3,1.0,12.5,2,0.5,0.0,0.1,4949,
1316,54912,-5.3,0.0,5.88,3,0.0,0.3333,0.1,4961,
1317,54912,-1.6,0.0,12.5,1,0.0,0.0,0.1,4961,
1318,54976,6.9,1.0,20.93,9,0.0,0.4444,0.1,4970,
1319,54976,-5.1,0.0,1.96,1,1.0,0.0,0.1,4970,
1320,54976,-3.2,0.0,4.17,1,0.0,0.0,0.1,4970,
1321,55104,-5.4,0.0,7.84,4,0.25,0.25,0.1,4980,
1322,55168,-3.5,0.0,5.56,2,0.0,0.0,0.1,4988,
1323,55168,-3.1,0.0,4.35,1,0.0,0.0,0.1,4988,
1324,55232,-5.3,0.0,5.88,3,0.0,0.0,0.1,4993,
1325,55296,-4.5,0.0,9.8,5,0.2,0.2,0.1,4998,
1326,55296,-4.8,0.0,5.13,2,0.0,0.5,0.1,4998,
1327,55360,-2.1,0.0,16.67,2,0.0,0.0,0.1,5005,
1328,55424,-5.2,0.0,3.92,2,0.0,1.0,0.1,5013,
1329,55552,-5.4,0.0,7.84,4,0.25,0.5,0.1,5021,
1330,55552,-5.5,0.0,9.8,5,0.4,0.2,0.1,5021,
1331,55552,-5.7,0.0,13.73,7,0.1429,0.2857,0.1,5021,
1332,55616,-5.5,0.0,9.8,5,0.0,0.4,0.1,5024,
1333,55744,-5.2,0.0,3.92,2,0.0,0.0,0.1,5033,
1334,55744,-3.9,0.0,23.08,6,0.0,0.0,0.1,5033,
1335,55744,-4.8,0.0,15.69,8,0.0,0.0,0.1,5033,
1336,55872,-5.3,0.0,5.88,3,0.3333,0.0,0.1,5046,
1337,55872,-6.0,0.0,3.92,2,0.0,0.0,0.1,5046,
1338,55936,-5.3,0.0,5.88,3,0.0,0.3333,0.1,5052,
1339,55936,-5.2,0.0,3.92,2,0.0,0.0,0.1,5052,
1340,55936,-5.4,0.0,7.84,4,0.0,0.0,0.1,5052,
1341,55936,-5.5,0.0,9.8,5,0.0,0.2,0.1,5052,
1342,56000,-3.1,0.0,14.29,3,0.0,0.0,0.1,5057,
1343,56064,-5.6,0.0,11.76,6,0.0,0.3333,0.1,5061,
1344,56128,-2.4,0.0,13.33,2,0.0,0.5,0.1,5066,
1345,56128,-5.2,0.0,3.92,2,1.0,0.0,0.1,5066,
1346,56128,-4.3,0.0,9.09,3,0.0,0.0,0.1,5066,
1347,56128,9.7,1.0,4.35,1,0.0,0.0,0.1,5066,
1348,56192,-5.7,0.0,13.73,7,0.0,0.1429,0.1,5068,
1349,56192,-5.6,0.0,11.76,6,0.0,0.3333,0.1,5068,
1350,56256,-2.9,0.0,10.0,2,0.0,0.0,0.1,5074,
1351,56320,-5.8,0.0,15.69,8,0.25,0.0,0.1,5079,
1352,56320,-4.4,0.0,7.84,4,0.0,0.75,0.1,5079,
1353,56384,-5.6,0.0,11.76,6,0.1667,0.5,0.1,5084,
1354,56384,-3.4,0.0,8.0,2,0.0,0.5,0.1,5084,
1355,56448,-2.0,0.0,18.18,2,0.5,0.0,0.1,5091,
1356,56448,8.2,1.0,14.71,5,0.2,0.2,0.1,5091,
1357,56640,-5.2,0.0,7.14,3,0.3333,0.0,0.1,5107,
1358,56640,-4.2,0.0,3.92,2,0.0,0.0,0.1,5107,
1359,56640,-4.8,0.0,5.13,2,0.0,0.0,0.1,5107,
1360,56640,-5.5,0.0,9.8,5,0.0,0.2,0.1,5107,
1361,56640,-1.0,0.0,8.33,1,0.0,0.0,0.1,5107,
1362,56704,-5.3,0.0,6.98,3,0.0,0.3333,0.1,5117,
1363,56704,-3.1,0.0,9.09,2,0.0,0.5,0.1,5117,
1364,56704,-4.4,0.0,5.71,2,0.0,0.5,0.1,5117,
1365,56704,-3.9,0.0,3.23,1,0.0,0.0,0.1,5117,
1366,56768,-5.3,0.0,5.88,3,0.0,0.3333,0.1,5121,
1367,56768,-3.0,0.0,21.05,4,0.0,0.0,0.1,5121,
1368,56960,-4.4,0.0,7.84,4,0.25,0.0,0.1,5130,
1369,57024,-4.6,0.0,11.43,4,0.0,0.25,0.1,5140,
1370,57024,-5.7,0.0,11.11,5,0.0,0.2,0.1,5140,
1371,57088,-5.3,0.0,5.88,3,0.0,0.6667,0.1,5143,
1372,57152,-5.4,0.0,7.84,4,0.0,0.0,0.1,5149,
1373,57216,-4.2,0.0,3.92,2,0.0,0.5,0.1,5153,
1374,57280,-3.0,0.0,9.52,2,0.5,0.5,0.1,5160,
1375,57280,-6.0,0.0,19.61,10,0.0,0.3,0.1,5160,
1376,57408,7.2,1.0,4.26,2,0.0,0.0,0.1,5171,
1377,57408,-5.4,0.0,7.84,4,0.25,0.25,0.1,5171,
1378,57408,-5.2,0.0,3.92,2,0.0,0.0,0.1,5171,
1379,57472,8.0,1.0,17.14,6,0.0,0.6667,0.1,5175,
1380,57472,10.9,1.0,0.0,0,,,0.1,5175,
1381,57536,-4.3,0.0,5.88,3,0.0,0.3333,0.1,5184,
1382,57536,10.3,1.0,5.88,1,0.0,1.0,0.1,5184,
1383,57600,-5.4,0.0,7.84,4,0.5,0.0,0.1,5188,
1384,57664,-3.6,0.0,7.41,2,0.0,0.0,0.1,5196,
1385,57664,-5.9,0.0,4.0,2,0.0,0.5,0.1,5196,
1386,57664,-2.3,0.0,4.0,1,0.0,0.0,0.1,5196,
1387,57664,-4.5,0.0,9.8,5,0.2,0.0,0.1,5196,
1388,57664,-3.4,0.0,12.5,3,0.0,0.0,0.1,5196,
1389,57728,-2.3,0.0,6.67,1,0.0,0.0,0.1,5201,
1390,57728,-5.4,0.0,7.84,4,0.0,0.0,0.1,5201,
1391,57792,-3.8,0.0,6.9,2,0.0,0.0,0.1,5209,
1392,57856,-5.4,0.0,7.84,4,0.0,0.25,0.1,5212,
1393,57856,-3.7,0.0,20.0,5,0.0,0.2,0.1,5212,
1394,57920,-5.0,0.0,16.22,6,0.1667,0.0,0.1,5216,
1395,57920,-5.2,0.0,3.92,2,0.0,0.0,0.1,5216,
1396,58048,-4.3,0.0,5.88,3,0.3333,0.0,0.1,5230,
1397,58176,-4.6,0.0,11.76,6,0.0,0.6667,0.1,5246,
1398,58176,-5.2,0.0,3.92,2,0.0,0.5,0.1,5246,
1399,58240,11.0,1.0,0.0,0,,,0.1,5249,
1400,58240,-4.6,0.0,5.41,2,0.0,0.0,0.1,5249,
1401,58240,-5.2,0.0,3.92,2,0.0,0.5,0.1,5249,
1402,58240,-4.4,0.0,7.84,4,0.0,0.25,0.1,5249,
1403,58368,-3.5,0.0,3.7,1,0.0,0.0,0.1,5259,
1404,58368,-5.0,0.0,0.0,0,,,0.1,5259,
1405,58432,-5.4,0.0,7.84,4,0.0,0.0,0.1,5262,
1406,58560,-2.2,0.0,19.05,4,0.0,0.0,0.1,5273,
1407,58560,-2.4,0.0,8.0,2,0.0,0.0,0.1,5273,
1408,58560,-4.3,0.0,5.88,3,0.0,0.3333,0.1,5273,
1409,58624,-5.9,0.0,17.65,9,0.0,0.4444,0.1,5284,
1410,58624,-0.4,0.0,16.67,1,0.0,0.0,0.1,5284,
1411,58688,-4.5,0.0,9.8,5,0.2,0.0,0.1,5287,
1412,58816,-5.1,0.0,1.96,1,0.0,1.0,0.1,5294,
1413,58880,-4.2,0.0,3.92,2,0.5,0.0,0.1,5299,
1414,58944,-3.4,0.0,12.5,3,0.3333,0.3333,0.1,5305,
1415,58944,-2.7,0.0,5.26,1,0.0,0.0,0.1,5305,
1416,59008,-5.3,0.0,5.88,3,0.3333,0.0,0.1,5315,
1417,59008,-5.3,0.0,5.88,3,0.3333,0.3333,0.1,5315,
1418,59008,-3.0,0.0,9.52,2,0.0,0.0,0.1,5315,
1419,59136,9.0,1.0,6.9,2,0.0,0.0,0.1,5323,
1420,59200,-5.5,0.0,9.8,5,0.0,0.2,0.1,5328,
1421,59200,-5.6,0.0,8.89,4,0.0,0.25,0.1,5328,
1422,59264,-5.3,0.0,5.88,3,0.0,0.3333,0.1,5336,
1423,59264,-2.4,0.0,21.43,3,0.0,0.3333,0.1,5336,
1424,59264,-0.3,0.0,20.0,1,0.0,0.0,0.1,5336,
1425,59264,-5.3,0.0,15.0,6,0.0,0.0,0.1,5336,
1426,59392,-5.5,0.0,9.8,5,0.2,0.2,0.1,5346,
1427,59392,-3.9,0.0,6.67,2,0.0,0.0,0.1,5346,
1428,59392,-5.2,0.0,3.92,2,0.0,0.0,0.1,5346,
1429,59392,-5.6,0.0,11.76,6,0.1667,0.1667,0.1,5346,
1430,59456,-5.5,0.0,9.8,5,0.0,0.2,0.1,5354,
1431,59456,-4.4,0.0,7.84,4,0.25,0.5,0.1,5354,
1432,59584,-4.6,0.0,11.76,6,0.0,0.0,0.1,5366,
1433,59648,-5.1,0.0,1.96,1,0.0,1.0,0.1,5373,
1434,59648,-4.3,0.0,5.88,3,0.0,0.6667,0.1,5373,
1435,59712,-5.7,0.0,13.73,7,0.1429,0.2857,0.1,5382,
1436,59776,-6.2,0.0,14.58,7,0.1429,0.4286,0.1,5385,
1437,59904,-4.3,0.0,5.88,3,0.0,0.3333,0.1,5392,
1438,59904,-5.4,0.0,7.84,4,0.0,0.25,0.1,5392,
1439,59904,-5.6,0.0,11.76,6,0.1667,0.5,0.1,5392,
1440,59904,-4.2,0.0,3.92,2,0.5,0.5,0.1,5392,
1441,59968,-5.8,0.0,15.69,8,0.0,0.625,0.1,5398,
1442,60032,-4.5,0.0,9.8,5,0.0,0.2,0.1,5403,
1443,60096,-3.1,0.0,9.09,2,0.0,0.0,0.1,5407,
1444,60096,-3.3,0.0,13.04,3,0.0,0.0,0.1,5407,
1445,60224,-4.8,0.0,20.59,7,0.1429,0.1429,0.1,5415,
1446,60288,-2.3,0.0,14.29,2,0.0,0.0,0.1,5424,
1447,60288,-5.3,0.0,5.88,3,0.3333,0.0,0.1,5424,
1448,60288,-5.4,0.0,7.84,4,0.0,0.25,0.1,5424,
1449,60352,-5.3,0.0,6.98,3,0.0,0.0,0.1,5429,
1450,60352,-5.6,0.0,11.76,6,0.1667,0.1667,0.1,5429,
1451,60416,-5.6,0.0,11.76,6,0.1667,0.3333,0.1,5434,
1452,60416,-4.4,0.0,5.71,2,0.0,0.0,0.1,5434,
1453,60480,-1.8,0.0,22.22,2,0.0,0.0,0.1,5440,
1454,60480,-4.7,0.0,14.29,5,0.0,0.0,0.1,5440,
1455,60544,-4.4,0.0,7.84,4,0.25,0.25,0.1,5446,
1456,60672,-5.0,0.0,13.16,5,0.0,0.2,0.1,5457,
1457,60672,-4.6,0.0,11.76,6,0.0,0.5,0.1,5457,
1458,60672,-5.5,0.0,9.8,5,0.4,0.0,0.1,5457,
1459,60736,-5.1,0.0,1.96,1,1.0,0.0,0.1,5463,
1460,60800,-5.4,0.0,7.84,4,0.25,0.0,0.1,5466,
1461,60800,-2.2,0.0,7.14,1,0.0,0.0,0.1,5466,
1462,60864,-2.2,0.0,15.38,2,0.0,0.0,0.1,5471,
1463,60928,-6.0,0.0,3.92,2,0.0,0.0,0.1,5472,
1464,60928,-4.4,0.0,7.84,4,0.0,0.0,0.1,5472,
1465,60928,-5.5,0.0,9.8,5,0.2,0.4,0.1,5472,
1466,60928,-4.3,0.0,5.88,3,0.0,0.0,0.1,5472,
1467,60992,-5.4,0.0,7.84,4,0.0,0.0,0.1,5479,
1468,61056,-5.3,0.0,5.88,3,0.0,0.3333,0.1,5484,
1469,61120,-5.5,0.0,9.8,5,0.0,0.4,0.1,5488,
1470,61120,-5.2,0.0,3.92,2,0.0,0.5,0.1,5488,
1471,61184,-5.7,0.0,6.38,3,0.3333,0.0,0.1,5495,
1472,61184,-5.5,0.0,9.8,5,0.2,0.6,0.1,5495,
1473,61184,-4.8,0.0,13.89,5,0.0,0.2,0.1,5495,
1474,61184,-5.2,0.0,3.92,2,0.0,0.0,0.1,5495,
1475,61440,-3.3,0.0,5.88,2,0.5,0.0,0.1,5511,
1476,61504,-5.4,0.0,7.84,4,0.0,0.5,0.1,5513,
1477,61568,-4.8,0.0,7.89,3,0.0,0.3333,0.1,5515,
1478,61632,-6.2,0.0,7.84,4,0.5,0.0,0.1,5521,
1479,61696,-5.8,0.0,15.69,8,0.125,0.25,0.1,5530,
1480,61696,-3.0,0.0,6.45,2,0.0,0.5,0.1,5530,
1481,61696,-2.1,0.0,9.09,2,0.0,0.0,0.1,5530,
1482,61824,-5.3,0.0,5.88,3,0.0,0.6667,0.1,5540,
1483,61824,-4.8,0.0,15.69,8,0.25,0.25,0.1,5540,
1484,61824,-5.2,0.0,3.92,2,0.5,0.0,0.1,5540,
1485,61888,-4.1,0.0,1.96,1,0.0,1.0,0.1,5545,
1486,62080,-4.3,0.0,5.88,3,0.0,0.3333,0.1,5559,
1487,62080,-1.4,0.0,6.25,1,0.0,0.0,0.1,5559,
1488,62144,-1.7,0.0,11.11,1,0.0,0.0,0.1,5563,
1489,62208,-5.6,0.0,11.76,6,0.5,0.1667,0.1,5568,
1490,62208,-3.7,0.0,7.14,2,0.0,0.5,0.1,5568,
1491,62272,-5.6,0.0,11.76,6,0.3333,0.3333,0.1,5574,
1492,62272,-5.4,0.0,7.84,4,0.0,0.25,0.1,5574,
1493,62272,-5.1,0.0,1.96,1,0.0,1.0,0.1,5574,
1494,62400,10.8,1.0,18.18,2,0.0,0.5,0.1,5585,
1495,62400,-3.5,0.0,7.69,2,0.0,0.5,0.1,5585,
1496,62464,-5.3,0.0,5.88,3,0.3333,0.0,0.1,5593,
1497,62464,-1.8,0.0,10.0,1,0.0,0.0,0.1,5593,
1498,62464,-5.5,0.0,9.8,5,0.2,0.0,0.1,5593,
1499,62464,-4.5,0.0,11.76,4,0.0,0.25,0.1,5593,
1500,62528,-5.2,0.0,3.92,2,0.5,0.0,0.1,5601,
1501,62528,11.5,1.0,0.0,0,,,0.1,5601,
1502,62528,-5.3,0.0,5.88,3,0.0,0.3333,0.1,5601,
1503,62528,-5.4,0.0,7.84,4,0.25,0.25,0.1,5601,
1504,62592,-4.3,0.0,9.09,3,0.0,0.3333,0.1,5608,
1505,62656,-5.1,0.0,1.96,1,0.0,1.0,0.1,5615,
1506,62656,-4.2,0.0,3.92,2,0.0,0.0,0.1,5615,
1507,62656,-5.3,0.0,5.88,3,0.6667,0.0,0.1,5615,
1508,62720,-5.5,0.0,9.8,5,0.0,0.2,0.1,5622,
1509,62720,-5.5,0.0,9.8,5,0.4,0.0,0.1,5622,
1510,62848,-4.4,0.0,7.84,4,0.0,0.0,0.1,5633,
1511,62848,-2.8,0.0,16.67,3,0.0,0.0,0.1,5633,
1512,62912,-5.3,0.0,5.88,3,0.0,0.3333,0.1,5638,
1513,62912,-5.3,0.0,5.88,3,0.0,0.3333,0.1,5638,
1514,63040,-1.8,0.0,10.0,1,0.0,0.0,0.1,5651,
1515,63040,-5.3,0.0,4.55,2,0.0,0.0,0.1,5651,
1516,63040,-5.6,0.0,11.76,6,0.1667,0.5,0.1,5651,
1517,63104,-5.3,0.0,6.98,3,0.0,0.3333,0.1,5657,
1518,63168,-5.5,0.0,9.8,5,0.2,0.6,0.1,5664,
1519,63168,-4.2,0.0,3.92,2,0.0,0.5,0.1,5664,
1520,63232,-1.8,0.0,22.22,2,0.0,0.5,0.1,5673,
1521,63232,-4.5,0.0,9.8,5,0.0,0.2,0.1,5673,
1522,63232,-2.6,0.0,5.56,1,0.0,0.0,0.1,5673,
1523,63296,-2.3,0.0,14.29,2,0.0,0.0,0.1,5682,
1524,63360,-5.1,0.0,1.96,1,1.0,1.0,0.1,5693,
1525,63360,-5.4,0.0,7.84,4,0.0,0.5,0.1,5693,
1526,63360,-3.3,0.0,5.88,2,0.0,0.0,0.1,5693,
1527,63424,-4.9,0.0,2.44,1,0.0,0.0,0.1,5697,
1528,63488,-5.0,0.0,16.22,6,0.0,0.0,0.1,5705,
1529,63552,-5.5,0.0,9.8,5,0.2,0.2,0.1,5711,
1530,63616,-4.4,0.0,7.84,4,0.0,0.25,0.1,5715,
1531,63616,-5.2,0.0,7.14,3,0.0,0.0,0.1,5715,
1532,63616,9.8,1.0,9.52,2,0.0,0.5,0.1,5715,
1533,63616,-5.2,0.0,4.65,2,0.0,0.0,0.1,5715,
1534,63680,-5.7,0.0,13.73,7,0.2857,0.0,0.1,5720,
1535,63744,-4.5,0.0,9.8,5,0.4,0.4,0.1,5723,
1536,63744,-3.9,0.0,10.34,3,0.3333,0.3333,0.1,5723,
1537,63808,-5.4,0.0,7.84,4,0.0,0.25,0.1,5726,
1538,63936,-5.5,0.0,9.8,5,0.2,0.6,0.1,5730,
1539,63936,-5.8,0.0,15.69,8,0.125,0.375,0.1,5730,
1540,63936,-4.3,0.0,5.88,3,0.0,0.3333,0.1,5730,
1541,64064,-5.5,0.0,9.8,5,0.0,0.4,0.1,5740,
1542,64064,-5.3,0.0,15.0,6,0.1667,0.0,0.1,5740,
1543,64128,-3.2,0.0,4.17,1,0.0,0.0,0.1,5747,
1544,64128,-6.2,0.0,10.0,5,0.0,0.2,0.1,5747,
1545,64192,-5.7,0.0,13.73,7,0.0,0.1429,0.1,5753,
1546,64192,-4.2,0.0,6.06,2,0.5,0.0,0.1,5753,
1547,64192,-5.5,0.0,9.8,5,0.2,0.2,0.1,5753,
1548,64256,-4.6,0.0,11.76,6,0.1667,0.1667,0.1,5760,
1549,64256,-2.2,0.0,7.14,1,0.0,0.0,0.1,5760,
1550,64320,-2.1,0.0,7.69,1,0.0,0.0,0.1,5765,
1551,64384,-4.1,0.0,1.96,1,0.0,0.0,0.1,5769,
1552,64448,-5.3,0.0,5.88,3,0.0,0.3333,0.1,5772,
1553,64448,-5.6,0.0,11.76,6,0.0,0.1667,0.1,5772,
1554,64448,-5.3,0.0,5.88,3,0.6667,0.3333,0.1,5772,
1555,64448,10.7,1.0,7.69,1,0.0,1.0,0.1,5772,
1556,64512,9.7,1.0,20.0,4,0.0,0.75,0.1,5776,
1557,64640,-3.4,0.0,8.0,2,0.0,0.0,0.1,5786,
1558,64640,11.0,1.0,0.0,0,,,0.1,5786,
1559,64704,-5.4,0.0,7.84,4,0.0,0.5,0.1,5794,
1560,64768,-2.6,0.0,11.76,2,0.0,0.5,0.1,5800,
1561,64896,8.9,1.0,14.29,4,0.5,0.0,0.1,5810,
1562,64896,-4.8,0.0,15.69,8,0.125,0.25,0.1,5810,
1563,64960,-5.4,0.0,7.84,4,0.0,0.5,0.1,5815,
1564,65024,-2.7,0.0,3.45,1,0.0,0.0,0.1,5822,
1565,65024,-2.0,0.0,8.33,1,0.0,0.0,0.1,5822,
1566,65088,-4.8,0.0,15.69,8,0.375,0.0,0.1,5824,
1567,65088,-5.3,0.0,5.88,3,0.0,0.0,0.1,5824,
1568,65152,-4.5,0.0,5.56,2,0.0,0.0,0.1,5832,
1569,65216,11.3,1.0,14.29,1,1.0,1.0,0.1,5841,
1570,65280,10.6,1.0,15.38,2,0.0,0.5,0.1,5847,
1571,65280,-1.5,0.0,12.5,2,0.0,0.5,0.1,5847,
1572,65280,-2.8,0.0,3.33,1,0.0,0.0,0.1,5847,
1573,65408,-5.3,0.0,2.22,1,0.0,0.0,0.1,5865,
1574,65408,-4.3,0.0,6.98,3,0.0,0.0,0.1,5865,
1575,65472,-3.9,0.0,10.34,3,0.0,0.0,0.1,5875,
1576,65472,-5.5,0.0,9.8,5,0.0,0.2,0.1,5875,
1577,65472,-4.6,0.0,11.76,6,0.1667,0.3333,0.1,5875,
1578,65536,-4.3,0.0,5.88,3,0.3333,0.3333,0.1,5880,
1579,65536,-4.5,0.0,9.8,5,0.4,0.0,0.1,5880,
1580,65600,-3.2,0.0,8.7,2,0.0,0.5,0.1,5886,
1581,65728,-5.5,0.0,9.8,5,0.2,0.2,0.1,5896,
1582,65728,-4.5,0.0,9.8,5,0.2,0.4,0.1,5896,
1583,65728,-4.2,0.0,3.92,2,0.0,1.0,0.1,5896,
1584,65728,-5.3,0.0,5.88,3,0.0,0.3333,0.1,5896,
1585,65792,-5.8,0.0,15.69,8,0.25,0.25,0.1,5900,
1586,65792,-5.5,0.0,9.8,5,0.4,0.0,0.1,5900,
1587,65792,-4.5,0.0,9.8,5,0.2,0.2,0.1,5900,
1588,65792,-5.5,0.0,4.35,2,0.0,0.0,0.1,5900,
1589,65856,-4.2,0.0,6.06,2,0.0,0.0,0.1,5908,
1590,65920,-5.3,0.0,5.88,3,0.3333,0.0,0.1,5913,
1591,65984,-5.6,0.0,11.76,6,0.0,0.3333,0.1,5919,
1592,65984,-5.0,0.0,0.0,0,,,0.1,5919,
1593,66176,-2.3,0.0,14.29,2,0.0,0.5,0.1,5931,
1594,66176,-5.4,0.0,7.84,4,0.25,0.0,0.1,5931,
1595,66176,-5.7,0.0,13.73,7,0.1429,0.2857,0.1,5931,
1596,66240,-2.4,0.0,13.33,2,0.0,0.0,0.1,5937,
1597,66304,-4.6,0.0,11.76,6,0.3333,0.5,0.1,5941,
1598,66304,-4.4,0.0,7.84,4,0.0,0.0,0.1,5941,
1599,66432,-3.8,0.0,10.71,3,0.0,0.0,0.1,5955,
1600,66432,-5.5,0.0,9.8,5,0.2,0.2,0.1,5955,
1601,66432,-1.9,0.0,9.09,1,0.0,0.0,0.1,5955,
1602,66432,-4.7,0.0,2.56,1,0.0,0.0,0.1,5955,
1603,66496,-4.7,0.0,13.73,7,0.1429,0.1429,0.1,5960,
1604,66496,-4.1,0.0,10.0,4,0.25,0.0,0.1,5960,
1605,66496,-2.6,0.0,11.76,2,0.0,0.0,0.1,5960,
1606,66496,-5.9,0.0,17.65,9,0.2222,0.1111,0.1,5960,
1607,66560,-5.5,0.0,9.8,5,0.4,0.0,0.1,5963,
1608,66560,-1.4,0.0,16.67,1,0.0,0.0,0.1,5963,
1609,66624,-4.6,0.0,11.76,6,0.1667,0.0,0.1,5968,
1610,66688,-5.3,0.0,5.88,3,0.0,0.3333,0.1,5974,
1611,66688,-4.3,0.0,5.88,2,0.0,0.0,0.1,5974,
1612,66688,-4.6,0.0,11.43,4,0.25,0.0,0.1,5974,
1613,66752,-2.1,0.0,7.69,1,0.0,0.0,0.1,5977,
1614,66816,-5.5,0.0,9.8,5,0.0,0.4,0.1,5982,
1615,66880,-5.5,0.0,9.8,5,0.2,0.4,0.1,5986,
1616,66880,-5.5,0.0,9.8,5,0.4,0.0,0.1,5986,
1617,66880,-3.1,0.0,9.09,2,0.0,0.0,0.1,5986,
1618,66944,-2.5,0.0,5.88,1,0.0,0.0,0.1,5992,
1619,67008,-1.8,0.0,10.53,2,0.0,0.0,0.1,5998,
1620,67008,-5.5,0.0,9.8,5,0.0,0.2,0.1,5998,
1621,67072,-4.3,0.0,5.88,3,0.3333,0.0,0.1,6004,
1622,67136,-1.5,0.0,14.29,1,0.0,0.0,0.1,6011,
1623,67328,-5.2,0.0,3.92,2,0.0,0.0,0.1,6031,
1624,67328,-1.5,0.0,14.29,1,0.0,0.0,0.1,6031,
1625,67328,-5.8,0.0,15.69,8,0.125,0.125,0.1,6031,
1626,67392,-5.4,0.0,7.84,4,0.25,0.25,0.1,6034,
1627,67456,-4.4,0.0,7.84,4,0.0,0.0,0.1,6038,
1628,67456,-5.2,0.0,23.53,12,0.25,0.0833,0.1,6038,
1629,67456,-5.4,0.0,7.84,4,0.0,0.5,0.1,6038,
1630,67520,-3.8,0.0,10.71,3,0.0,0.0,0.1,6044,
1631,67520,-4.7,0.0,2.56,1,0.0,0.0,0.1,6044,
1632,67584,-2.3,0.0,4.0,1,0.0,0.0,0.1,6048,
1633,67584,-4.8,0.0,2.5,1,0.0,0.0,0.1,6048,
1634,67584,-5.3,0.0,5.88,3,0.6667,0.3333,0.1,6048,
1635,67648,-5.4,0.0,7.84,4,0.0,0.0,0.1,6053,
1636,67648,-1.7,0.0,5.26,1,0.0,0.0,0.1,6053,
1637,67712,-5.5,0.0,9.8,5,0.0,0.4,0.1,6055,
1638,67712,-5.4,0.0,7.84,4,0.25,0.5,0.1,6055,
1639,67776,-2.8,0.0,5.0,1,0.0,0.0,0.1,6059,
1640,67904,-5.3,0.0,5.88,3,0.0,0.0,0.1,6069,
1641,67904,-3.0,0.0,9.52,2,0.0,0.0,0.1,6069,
1642,67968,-5.6,0.0,11.76,6,0.0,0.1667,0.1,6073,
1643,67968,-2.6,0.0,18.75,3,0.0,0.6667,0.1,6073,
1644,68160,-5.1,0.0,1.96,1,0.0,1.0,0.1,6087,
1645,68160,-4.7,0.0,8.11,3,0.0,0.3333,0.1,6087,
1646,68160,-4.1,0.0,9.68,3,0.0,0.0,0.1,6087,
1647,68160,-5.5,0.0,9.8,5,0.2,0.0,0.1,6087,
1648,68224,-5.3,0.0,5.88,3,0.0,0.3333,0.1,6091,
1649,68224,-4.1,0.0,6.25,2,0.0,0.0,0.1,6091,
1650,68224,6.9,1.0,6.12,3,0.0,0.3333,0.1,6091,
1651,68352,-1.2,0.0,7.14,1,0.0,0.0,0.1,6100,
1652,68352,-5.3,0.0,9.8,5,0.0,0.4,0.1,6100,
1653,68416,-5.5,0.0,14.29,6,0.0,0.0,0.1,6105,
1654,68416,-5.3,0.0,5.88,3,0.3333,0.0,0.1,6105,
1655,68480,-5.2,0.0,7.14,3,0.3333,0.3333,0.1,6109,
1656,68480,-5.4,0.0,7.84,4,0.0,0.0,0.1,6109,
1657,68544,-2.3,0.0,8.33,2,0.0,0.0,0.1,6117,
1658,68544,-3.7,0.0,3.45,1,0.0,0.0,0.1,6117,
1659,68544,-4.6,0.0,11.76,6,0.0,0.3333,0.1,6117,
1660,68672,8.1,1.0,14.29,5,0.0,0.8,0.1,6122,
1661,68672,-5.2,0.0,3.92,2,0.0,0.0,0.1,6122,
1662,68736,-5.5,0.0,9.8,5,0.2,0.0,0.1,6127,
1663,68736,-5.0,0.0,0.0,0,,,0.1,6127,
1664,68736,-1.6,0.0,5.56,1,0.0,0.0,0.1,6127,
1665,68800,-2.5,0.0,5.88,1,0.0,0.0,0.1,6131,
1666,68800,-4.3,0.0,5.88,3,0.0,0.6667,0.1,6131,
1667,68800,-5.7,0.0,13.73,7,0.0,0.8571,0.1,6131,
1668,68864,-3.1,0.0,14.29,3,0.0,0.3333,0.1,6136,
1669,68864,-5.0,0.0,0.0,0,,,0.1,6136,
1670,68864,-4.2,0.0,9.38,3,0.0,0.6667,0.1,6136,
1671,68864,8.6,1.0,6.06,2,0.0,0.0,0.1,6136,
1672,68992,-4.4,0.0,7.84,4,0.25,0.0,0.1,6149,
1673,69056,-5.6,0.0,11.76,6,0.0,0.1667,0.1,6154,
1674,69056,-4.2,0.0,12.5,5,0.0,0.2,0.1,6154,
1675,69056,-4.8,0.0,10.81,4,0.0,0.25,0.1,6154,
1676,69120,-2.0,0.0,8.33,1,0.0,0.0,0.1,6163,
1677,69120,-3.2,0.0,4.17,1,0.0,0.0,0.1,6163,
1678,69248,-2.8,0.0,10.71,3,0.3333,0.0,0.1,6174,
1679,69248,-5.6,0.0,11.76,6,0.1667,0.3333,0.1,6174,
1680,69312,-5.6,0.0,8.89,4,0.25,0.0,0.1,6181,
1681,69376,-2.7,0.0,5.26,1,0.0,0.0,0.1,6185,
1682,69504,-5.2,0.0,3.92,2,0.0,0.0,0.1,6195,
1683,69568,-5.7,0.0,13.73,7,0.0,0.1429,0.1,6199,
1684,69568,-4.7,0.0,13.73,7,0.2857,0.2857,0.1,6199,
1685,69632,-2.7,0.0,17.65,3,0.0,0.3333,0.1,6203,
1686,69696,-3.3,0.0,13.04,3,0.0,0.3333,0.1,6210,
1687,69696,-4.3,0.0,5.88,3,0.0,0.3333,0.1,6210,
1688,69760,-5.3,0.0,5.88,3,0.0,0.3333,0.1,6215,
1689,69760,-4.4,0.0,7.84,4,0.0,0.5,0.1,6215,
1690,69824,-3.0,0.0,15.0,3,0.0,0.3333,0.1,6224,
1691,69824,-5.1,0.0,1.96,1,0.0,0.0,0.1,6224,
1692,69824,-2.0,0.0,9.52,2,0.0,0.0,0.1,6224,
1693,69888,-5.5,0.0,9.8,5,0.2,0.2,0.1,6230,
1694,69952,10.7,1.0,7.69,1,0.0,1.0,0.1,6236,
1695,69952,-2.5,0.0,5.88,1,0.0,0.0,0.1,6236,
1696,70016,-3.9,0.0,5.0,2,0.0,0.0,0.1,6245,
1697,70080,8.8,1.0,10.0,3,0.0,0.6667,0.1,6248,
1698,70144,-5.5,0.0,9.8,5,0.0,0.0,0.1,6251,
1699,70144,-2.8,0.0,5.0,1,0.0,0.0,0.1,6251,
1700,70144,-4.6,0.0,11.76,6,0.0,0.0,0.1,6251,
1701,70208,10.2,1.0,5.56,1,0.0,0.0,0.1,6254,
1702,70272,-2.7,0.0,5.26,1,0.0,0.0,0.1,6261,
1703,70272,-5.2,0.0,3.92,2,0.0,0.5,0.1,6261,
1704,70336,-3.3,0.0,13.04,3,0.0,0.3333,0.1,6267,
1705,70336,-5.2,0.0,3.92,2,0.0,0.0,0.1,6267,
1706,70400,-5.3,0.0,5.88,3,0.3333,0.0,0.1,6273,
1707,70464,-2.9,0.0,4.76,1,0.0,0.0,0.1,6283,
1708,70528,-4.5,0.0,11.76,4,0.0,0.25,0.1,6292,
1709,70592,-4.5,0.0,9.8,5,0.0,0.0,0.1,6300,
1710,70592,-5.3,0.0,5.88,3,0.3333,0.0,0.1,6300,
1711,70592,-5.5,0.0,9.8,5,0.0,0.2,0.1,6300,
1712,70656,-5.2,0.0,3.92,2,0.0,0.0,0.1,6307,
1713,70720,-2.3,0.0,14.29,2,0.0,0.5,0.1,6313,
1714,70784,-5.5,0.0,9.8,5,0.0,0.2,0.1,6315,
1715,70848,-4.6,0.0,11.76,6,0.3333,0.1667,0.1,6325,
1716,70912,-5.4,0.0,7.84,4,0.0,0.25,0.1,6329,
1717,70912,-5.5,0.0,9.8,5,0.4,0.2,0.1,6329,
1718,70976,-5.6,0.0,11.76,6,0.0,0.1667,0.1,6335,
1719,71040,9.3,1.0,7.69,2,0.0,0.5,0.1,6340,
1720,71040,-2.5,0.0,20.0,3,0.0,0.0,0.1,6340,
1721,71040,-4.4,0.0,7.84,4,0.0,0.5,0.1,6340,
1722,71168,-5.5,0.0,9.8,5,0.0,0.4,0.1,6353,
1723,71168,-5.6,0.0,11.76,6,0.0,0.1667,0.1,6353,
1724,71232,-4.5,0.0,9.8,5,0.0,0.4,0.1,6359,
1725,71232,-5.3,0.0,5.88,3,0.3333,0.3333,0.1,6359,
1726,71296,-2.2,0.0,4.17,1,0.0,0.0,0.1,6365,
1727,71424,-5.5,0.0,4.35,2,0.0,0.0,0.1,6379,
1728,71424,-5.6,0.0,11.76,6,0.0,0.1667,0.1,6379,
1729,71424,-3.1,0.0,4.35,1,0.0,0.0,0.1,6379,
1730,71424,-5.3,0.0,5.88,3,0.0,0.0,0.1,6379,
1731,71488,-5.3,0.0,5.88,3,0.0,0.6667,0.1,6381,
1732,71488,-5.3,0.0,5.88,3,0.3333,0.0,0.1,6381,
1733,71616,-4.5,0.0,2.7,1,0.0,0.0,0.1,6391,
1734,71616,-5.6,0.0,8.89,4,0.0,0.25,0.1,6391,
1735,71680,-5.2,0.0,3.92,2,0.0,0.5,0.1,6395,
1736,71680,-4.8,0.0,15.69,8,0.125,0.375,0.1,6395,
1737,71680,7.1,1.0,11.11,5,0.0,0.2,0.1,6395,
1738,71680,-5.4,0.0,4.44,2,0.0,0.5,0.1,6395,
1739,71744,-4.8,0.0,7.89,3,0.3333,0.0,0.1,6398,
1740,71744,10.2,1.0,18.75,3,0.0,0.0,0.1,6398,
1741,71808,-5.4,0.0,11.76,6,0.0,0.3333,0.1,6404,
1742,71872,8.8,1.0,6.45,2,0.0,0.0,0.1,6408,
1743,71936,-4.6,0.0,11.76,6,0.0,0.3333,0.1,6415,
1744,71936,-5.3,0.0,5.88,3,0.0,0.3333,0.1,6415,
1745,72000,-4.1,0.0,1.96,1,0.0,0.0,0.1,6418,
1746,72000,-5.3,0.0,5.88,3,0.3333,0.0,0.1,6418,
1747,72064,-5.9,0.0,17.65,9,0.1111,0.5556,0.1,6422,
1748,72128,-5.3,0.0,5.88,3,0.3333,0.0,0.1,6426,
1749,72256,-2.0,0.0,8.33,1,0.0,0.0,0.1,6434,
1750,72256,-5.7,0.0,13.73,7,0.1429,0.1429,0.1,6434,
1751,72320,-2.7,0.0,7.14,2,0.0,0.5,0.1,6438,
1752,72320,-5.7,0.0,13.73,7,0.2857,0.2857,0.1,6438,
1753,72384,-3.3,0.0,4.0,1,0.0,0.0,0.1,6443,
1754,72512,-4.5,0.0,9.8,5,0.2,0.0,0.1,6453,
1755,72512,-4.6,0.0,11.36,5,0.0,0.2,0.1,6453,
1756,72704,-3.0,0.0,15.0,3,0.0,0.3333,0.1,6464,
1757,72768,-4.5,0.0,9.8,5,0.2,0.2,0.1,6469,
1758,72832,-5.7,0.0,13.73,7,0.1429,0.4286,0.1,6477,
1759,72832,-5.3,0.0,5.88,3,0.3333,0.0,0.1,6477,
1760,72832,-5.1,0.0,7.32,3,0.0,0.0,0.1,6477,
1761,72832,-3.3,0.0,4.0,1,0.0,0.0,0.1,6477,
1762,72896,-4.4,0.0,7.84,4,0.0,0.0,0.1,6482,
1763,72896,-2.6,0.0,11.76,2,0.0,0.5,0.1,6482,
1764,72960,-5.4,0.0,7.84,4,0.25,0.5,0.1,6485,
1765,73024,-2.0,0.0,4.55,1,0.0,0.0,0.1,6490,
1766,73024,-5.5,0.0,9.8,5,0.0,0.2,0.1,6490,
1767,73024,-2.5,0.0,5.88,1,0.0,0.0,0.1,6490,
1768,73088,-5.2,0.0,3.92,2,0.0,0.0,0.1,6494,
1769,73088,-4.7,0.0,2.56,1,0.0,0.0,0.1,6494,
1770,73088,-5.5,0.0,9.8,5,0.0,0.2,0.1,6494,
1771,73152,-4.4,0.0,5.71,2,0.0,0.0,0.1,6499,
1772,73152,-2.0,0.0,8.33,1,0.0,0.0,0.1,6499,
1773,73216,-3.3,0.0,4.0,1,0.0,0.0,0.1,6504,
1774,73216,9.4,1.0,12.5,3,0.0,0.0,0.1,6504,
1775,73216,-4.4,0.0,8.82,3,0.0,0.3333,0.1,6504,
1776,73216,-5.3,0.0,5.88,3,0.0,0.3333,0.1,6504,
1777,73280,-4.1,0.0,1.96,1,0.0,1.0,0.1,6507,
1778,73344,-2.6,0.0,11.76,2,0.0,0.0,0.1,6511,
1779,73344,8.3,1.0,2.7,1,0.0,0.0,0.1,6511,
1780,73408,-5.4,0.0,11.76,6,0.0,0.1667,0.1,6520,
1781,73408,-4.2,0.0,3.92,2,0.0,0.0,0.1,6520,
1782,73408,-5.2,0.0,3.92,2,0.0,0.5,0.1,6520,
1783,73536,-4.9,0.0,17.65,9,0.1111,0.4444,0.1,6530,
1784,73536,-5.5,0.0,9.8,5,0.0,0.6,0.1,6530,
1785,73536,-2.9,0.0,14.29,4,0.0,0.5,0.1,6530,
1786,73536,-1.8,0.0,10.0,1,0.0,0.0,0.1,6530,
1787,73600,-5.7,0.0,13.73,7,0.1429,0.0,0.1,6532,
1788,73600,-4.6,0.0,11.76,6,0.1667,0.6667,0.1,6532,
1789,73664,-5.3,0.0,5.88,3,0.0,0.0,0.1,6536,
1790,73664,8.3,1.0,0.0,0,,,0.1,6536,
1791,73728,-5.4,0.0,7.84,4,0.0,0.25,0.1,6540,
1792,73728,-3.2,0.0,8.7,2,0.0,0.5,0.1,6540,
1793,73792,-3.6,0.0,7.41,2,0.0,0.0,0.1,6546,
1794,73792,7.6,1.0,4.65,2,0.0,0.5,0.1,6546,
1795,73856,-5.3,0.0,5.88,3,0.3333,0.0,0.1,6550,
1796,73856,-5.4,0.0,7.84,4,0.5,0.25,0.1,6550,
1797,73920,-5.5,0.0,9.8,5,0.0,0.4,0.1,6555,
1798,74048,11.1,1.0,0.0,0,,,0.1,6565,
1799,74112,-5.1,0.0,1.96,1,0.0,1.0,0.1,6570,
1800,74176,-5.3,0.0,5.88,3,0.0,0.3333,0.1,6573,
1801,74240,-2.0,0.0,18.18,2,0.0,0.0,0.1,6577,
1802,74304,-5.2,0.0,3.92,2,0.0,0.5,0.1,6583,
1803,74368,9.9,1.0,22.22,4,0.25,0.5,0.1,6586,
1804,74432,-5.5,0.0,9.8,5,0.0,0.2,0.1,6590,
1805,74432,-5.1,0.0,1.96,1,0.0,1.0,0.1,6590,
1806,74496,-1.8,0.0,16.67,3,0.3333,0.0,0.1,6598,
1807,74560,-2.5,0.0,12.5,2,0.0,0.0,0.1,6605,
1808,74560,-5.6,0.0,11.76,6,0.0,0.3333,0.1,6605,
1809,74688,-5.7,0.0,13.73,7,0.0,0.2857,0.1,6615,
1810,74688,8.4,1.0,8.82,3,0.3333,0.3333,0.1,6615,
1811,74688,-5.3,0.0,5.88,3,0.0,0.0,0.1,6615,
1812,74688,-5.1,0.0,1.96,1,1.0,0.0,0.1,6615,
1813,74752,-4.6,0.0,11.76,6,0.1667,0.3333,0.1,6617,
1814,74752,-2.5,0.0,5.88,1,0.0,0.0,0.1,6617,
1815,74880,-3.5,0.0,7.69,2,0.0,0.5,0.1,6624,
1816,74944,-4.1,0.0,1.96,1,0.0,0.0,0.1,6627,
1817,74944,-5.0,0.0,0.0,0,,,0.1,6627,
1818,74944,-5.5,0.0,9.8,5,0.0,0.6,0.1,6627,
1819,75008,-5.4,0.0,7.84,4,0.25,0.5,0.1,6632,
1820,75072,-4.3,0.0,6.98,3,0.0,0.3333,0.1,6637,
1821,75136,-4.4,0.0,7.84,4,0.25,0.5,0.1,6643,
1822,75200,-4.6,0.0,11.76,6,0.0,0.3333,0.1,6647,
1823,75200,8.3,1.0,8.57,3,0.0,0.0,0.1,6647,
1824,75264,-4.3,0.0,5.88,3,0.0,0.0,0.1,6650,
1825,75264,-5.3,0.0,5.88,3,0.0,0.0,0.1,6650,
1826,75328,-4.3,0.0,5.88,2,0.0,0.0,0.1,6656,
1827,75392,-5.3,0.0,5.88,3,0.0,0.0,0.1,6661,
1828,75456,7.8,1.0,7.5,3,0.0,0.0,0.1,6665,
1829,75456,-3.3,0.0,4.0,1,0.0,0.0,0.1,6665,
1830,75584,-5.1,0.0,1.96,1,1.0,0.0,0.1,6674,
1831,75648,-4.9,0.0,10.53,4,0.0,0.5,0.1,6679,
1832,75776,11.6,1.0,0.0,0,,,0.1,6694,
1833,75776,-4.7,0.0,8.11,3,0.0,0.0,0.1,6694,
1834,75776,-5.1,0.0,1.96,1,0.0,0.0,0.1,6694,
1835,75776,-2.9,0.0,10.34,3,0.0,0.3333,0.1,6694,
1836,75968,-3.8,0.0,3.33,1,0.0,0.0,0.1,6708,
1837,75968,-4.2,0.0,2.94,1,0.0,0.0,0.1,6708,
1838,75968,-5.1,0.0,1.96,1,0.0,0.0,0.1,6708,
1839,76032,-2.1,0.0,40.0,4,0.0,0.0,0.1,6717,
1840,76032,-2.8,0.0,6.9,2,0.0,0.0,0.1,6717,
1841,76032,-4.5,0.0,9.8,5,0.0,0.2,0.1,6717,
1842,76096,-5.1,0.0,1.96,1,0.0,1.0,0.1,6723,
1843,76096,-4.6,0.0,11.76,6,0.0,0.1667,0.1,6723,
1844,76096,-5.1,0.0,1.96,1,0.0,0.0,0.1,6723,
1845,76096,-5.3,0.0,5.88,3,0.0,1.0,0.1,6723,
1846,76160,6.9,1.0,13.04,6,0.0,0.3333,0.1,6725,
1847,76224,-3.3,0.0,8.33,2,0.0,0.0,0.1,6730,
1848,76288,-5.6,0.0,11.76,6,0.0,0.1667,0.1,6734,
1849,76288,-5.1,0.0,1.96,1,0.0,0.0,0.1,6734,
1850,76288,-5.1,0.0,1.96,1,0.0,0.0,0.1,6734,
1851,76352,6.4,1.0,11.76,6,0.1667,0.0,0.1,6738,
1852,76352,-5.0,0.0,0.0,0,,,0.1,6738,
1853,76352,-4.2,0.0,3.92,2,0.0,1.0,0.1,6738,
1854,76416,-5.7,0.0,13.73,7,0.0,0.2857,0.1,6744,
1855,76544,-3.6,0.0,16.0,4,0.0,0.0,0.1,6754,
1856,76544,-5.3,0.0,5.88,3,0.3333,0.6667,0.1,6754,
1857,76608,-4.1,0.0,1.96,1,0.0,0.0,0.1,6759,
1858,76672,-5.1,0.0,1.96,1,0.0,1.0,0.1,6764,
1859,76672,-3.1,0.0,9.09,2,0.5,0.0,0.1,6764,
1860,76736,-4.7,0.0,8.11,3,0.0,0.0,0.1,6769,
1861,76800,-5.4,0.0,7.84,4,0.0,0.5,0.1,6773,
1862,76800,-5.6,0.0,11.76,6,0.1667,0.3333,0.1,6773,
1863,76864,-5.3,0.0,5.88,3,0.0,0.3333,0.1,6777,
1864,76864,-5.8,0.0,15.69,8,0.25,0.625,0.1,6777,
1865,76928,-5.3,0.0,5.88,3,0.0,0.3333,0.1,6782,
1866,76928,-4.0,0.0,17.86,5,0.0,0.0,0.1,6782,
1867,76992,-2.7,0.0,7.14,2,0.0,0.5,0.1,6785,
1868,76992,-5.4,0.0,7.84,4,0.5,0.0,0.1,6785,
1869,76992,-4.2,0.0,3.92,2,0.0,0.0,0.1,6785,
1870,77056,-5.2,0.0,3.92,2,0.0,1.0,0.1,6788,
1871,77120,-4.1,0.0,6.25,2,0.0,0.0,0.1,6794,
1872,77120,-5.4,0.0,7.84,4,0.25,0.5,0.1,6794,
1873,77120,-1.1,0.0,7.69,1,0.0,0.0,0.1,6794,
1874,77184,-3.3,0.0,18.18,4,0.0,0.5,0.1,6802,
1875,77184,-2.4,0.0,21.43,3,0.0,0.3333,0.1,6802,
1876,77248,10.0,1.0,5.0,1,1.0,0.0,0.1,6804,
1877,77312,-4.0,0.0,6.45,2,0.0,0.5,0.1,6809,
1878,77376,-5.6,0.0,11.76,6,0.3333,0.1667,0.1,6813,
1879,77504,-4.3,0.0,5.88,3,0.0,0.0,0.1,6824,
1880,77504,-2.0,0.0,9.52,2,0.0,0.0,0.1,6824,
1881,77568,-5.3,0.0,5.88,3,0.0,0.0,0.1,6829,
1882,77696,9.6,1.0,13.64,3,0.3333,0.3333,0.1,6835,
1883,77696,-5.3,0.0,5.88,3,0.0,0.0,0.1,6835,
1884,77696,-4.6,0.0,11.76,6,0.0,0.3333,0.1,6835,
1885,77760,-5.4,0.0,7.84,4,0.0,0.5,0.1,6840,
1886,77824,-2.1,0.0,4.35,1,0.0,0.0,0.1,6842,
1887,77824,-5.4,0.0,7.84,4,0.25,0.0,0.1,6842,
1888,77824,-5.3,0.0,5.88,3,1.0,0.0,0.1,6842,
1889,77952,-4.1,0.0,1.96,1,0.0,0.0,0.1,6851,
1890,77952,-5.2,0.0,3.92,2,0.0,0.0,0.1,6851,
1891,77952,-5.4,0.0,7.84,4,0.25,0.25,0.1,6851,
1892,77952,-2.2,0.0,15.38,2,0.0,0.0,0.1,6851,
1893,78016,-5.5,0.0,9.8,5,0.0,0.6,0.1,6856,
1894,78016,-4.2,0.0,16.67,5,0.0,0.4,0.1,6856,
1895,78016,-5.0,0.0,0.0,0,,,0.1,6856,
1896,78080,-3.4,0.0,12.5,3,0.0,0.0,0.1,6864,
1897,78144,-4.1,0.0,3.03,1,0.0,0.0,0.1,6868,
1898,78144,-5.3,0.0,5.88,3,0.0,0.3333,0.1,6868,
1899,78144,-4.9,0.0,13.51,5,0.0,0.0,0.1,6868,
1900,78208,-4.5,0.0,9.8,5,0.2,0.0,0.1,6872,
1901,78208,-3.2,0.0,8.7,2,0.0,0.0,0.1,6872,
1902,78208,-5.0,0.0,0.0,0,,,0.1,6872,
1903,78208,7.6,1.0,4.65,2,0.5,0.0,0.1,6872,
1904,78272,-3.4,0.0,8.0,2,0.0,0.5,0.1,6875,
1905,78272,-5.4,0.0,7.84,4,0.25,0.25,0.1,6875,
1906,78464,-2.3,0.0,13.04,3,0.0,0.0,0.1,6884,
1907,78464,-3.7,0.0,8.11,3,0.3333,0.3333,0.1,6884,
1908,78464,-5.2,0.0,3.92,2,0.0,0.5,0.1,6884,
1909,78528,-3.7,0.0,5.26,2,0.0,0.0,0.1,6889,
1910,78528,-5.4,0.0,7.84,4,0.5,0.25,0.1,6889,
1911,78720,-2.4,0.0,6.25,1,0.0,0.0,0.1,6904,
1912,78848,-5.5,0.0,9.8,5,0.0,0.2,0.1,6912,
1913,78912,-5.4,0.0,7.84,4,0.0,0.0,0.1,6918,
1914,78912,-1.9,0.0,9.09,1,0.0,0.0,0.1,6918,
1915,78976,10.8,1.0,8.33,1,0.0,0.0,0.1,6920,
1916,79040,11.3,1.0,0.0,0,,,0.1,6922,
1917,79040,-5.2,0.0,3.92,2,0.0,0.0,0.1,6922,
1918,79040,-4.3,0.0,5.88,3,0.0,0.0,0.1,6922,
1919,79104,-2.4,0.0,6.25,1,0.0,0.0,0.1,6926,
1920,79104,-3.1,0.0,9.09,2,0.0,0.5,0.1,6926,
1921,79168,-4.1,0.0,6.25,2,0.5,0.0,0.1,6936,
1922,79168,-5.8,0.0,4.08,2,0.0,0.5,0.1,6936,
1923,79232,-2.8,0.0,10.53,2,0.0,0.0,0.1,6943,
1924,79232,-5.4,0.0,7.84,4,0.25,0.25,0.1,6943,
1925,79232,-4.6,0.0,11.76,6,0.1667,0.5,0.1,6943,
1926,79296,-3.9,0.0,6.67,2,0.0,0.0,0.1,6947,
1927,79296,-5.6,0.0,11.76,6,0.0,0.5,0.1,6947,
1928,79360,-5.7,0.0,8.7,4,0.25,0.5,0.1,6951,
1929,79360,-4.7,0.0,13.73,7,0.1429,0.2857,0.1,6951,
1930,79424,-3.5,0.0,7.69,2,0.0,0.5,0.1,6955,
1931,79488,-4.4,0.0,7.84,4,0.0,0.5,0.1,6963,
1932,79488,-4.4,0.0,8.82,3,0.3333,0.3333,0.1,6963,
1933,79552,-3.4,0.0,8.0,2,0.5,0.0,0.1,6967,
1934,79616,-5.2,0.0,3.92,2,0.0,0.5,0.1,6968,
1935,79616,-5.6,0.0,11.76,6,0.1667,0.1667,0.1,6968,
1936,79808,-4.1,0.0,1.96,1,0.0,0.0,0.1,6983,
1937,79872,-4.4,0.0,7.84,4,0.0,0.0,0.1,6988,
1938,79872,-2.9,0.0,4.76,1,0.0,0.0,0.1,6988,
1939,79936,-2.1,0.0,27.27,3,0.0,0.3333,0.1,6996,
1940,79936,-5.4,0.0,7.84,4,0.25,0.5,0.1,6996,
1941,80000,7.2,1.0,6.52,3,0.0,0.3333,0.1,6999,
1942,80000,8.9,1.0,3.23,1,0.0,0.0,0.1,6999,
1943,80064,-5.3,0.0,5.88,3,0.0,0.6667,0.1,7001,
1944,80064,-5.3,0.0,5.88,3,0.3333,0.0,0.1,7001,
1945,80128,-5.2,0.0,3.92,2,0.0,1.0,0.1,7010,
1946,80128,-3.9,0.0,6.67,2,0.5,0.0,0.1,7010,
1947,80128,-5.2,0.0,3.92,2,0.0,0.0,0.1,7010,
1948,80192,-5.3,0.0,5.88,3,0.0,0.0,0.1,7013,
1949,80192,-5.4,0.0,7.84,4,0.0,0.75,0.1,7013,
1950,80256,-2.6,0.0,18.75,3,0.0,0.0,0.1,7019,
1951,80256,-2.1,0.0,14.29,3,0.3333,0.3333,0.1,7019,
1952,80256,-4.4,0.0,7.84,4,0.0,0.0,0.1,7019,
1953,80256,-4.3,0.0,5.88,3,0.0,0.0,0.1,7019,
1954,80384,-4.3,0.0,21.05,8,0.0,0.25,0.1,7026,
1955,80384,6.6,1.0,10.0,5,0.4,0.2,0.1,7026,
1956,80384,-5.3,0.0,5.88,3,0.0,0.6667,0.1,7026,
1957,80384,10.4,1.0,6.25,1,0.0,0.0,0.1,7026,
1958,80448,-5.1,0.0,1.96,1,0.0,0.0,0.1,7032,
1959,80512,-5.5,0.0,9.8,5,0.0,0.0,0.1,7044,
1960,80512,-4.5,0.0,4.35,2,0.0,0.5,0.1,7044,
1961,80768,-5.2,0.0,3.92,2,0.5,0.5,0.1,7063,
1962,80768,-5.0,0.0,0.0,0,,,0.1,7063,
1963,80832,11.0,1.0,0.0,0,,,0.1,7067,
1964,80896,-2.7,0.0,11.11,3,0.0,0.3333,0.1,7070,
1965,80960,-5.5,0.0,9.8,5,0.0,0.2,0.1,7075,
1966,81024,9.0,1.0,14.81,4,0.0,0.5,0.1,7080,
1967,81088,-5.1,0.0,1.96,1,0.0,1.0,0.1,7090,
1968,81088,-5.5,0.0,4.35,2,0.0,0.0,0.1,7090,
1969,81088,-3.9,0.0,3.23,1,0.0,0.0,0.1,7090,
1970,81088,-5.4,0.0,7.84,4,0.0,0.0,0.1,7090,
1971,81088,-5.6,0.0,11.76,6,0.0,0.3333,0.1,7090,
1972,81152,-4.1,0.0,6.25,2,0.5,0.0,0.1,7098,
1973,81216,-4.3,0.0,5.88,3,0.0,0.0,0.1,7100,
1974,81216,9.0,1.0,3.33,1,0.0,1.0,0.1,7100,
1975,81216,-4.3,0.0,5.88,3,0.6667,0.0,0.1,7100,
1976,81280,-5.3,0.0,5.88,3,0.0,0.3333,0.1,7106,
1977,81280,-1.4,0.0,6.25,1,0.0,0.0,0.1,7106,
1978,81344,-2.4,0.0,13.33,2,0.0,0.5,0.1,7110,
1979,81408,-5.5,0.0,9.8,5,0.0,0.2,0.1,7114,
1980,81408,-4.5,0.0,9.8,5,0.2,0.2,0.1,7114,
1981,81472,-4.4,0.0,7.84,4,0.0,0.5,0.1,7117,
1982,81536,-5.5,0.0,9.8,5,0.0,0.0,0.1,7123,
1983,81536,-5.9,0.0,8.33,4,0.25,0.25,0.1,7123,
1984,81536,-4.4,0.0,7.84,4,0.25,0.25,0.1,7123,
1985,81664,-3.3,0.0,4.0,1,0.0,0.0,0.1,7127,
1986,81728,-5.4,0.0,7.84,4,0.75,0.0,0.1,7132,
1987,81728,-5.6,0.0,11.76,6,0.0,0.1667,0.1,7132,
1988,81856,-3.8,0.0,3.33,1,0.0,0.0,0.1,7141,
1989,81920,-4.1,0.0,9.68,3,0.0,0.3333,0.1,7146,
1990,81984,-5.3,0.0,5.88,3,0.0,0.3333,0.1,7147,
1991,82112,-5.4,0.0,7.84,4,0.0,0.5,0.1,7152,
1992,82176,-4.4,0.0,7.84,4,0.25,0.0,0.1,7156,
1993,82240,-5.5,0.0,9.8,5,0.0,0.0,0.1,7160,
1994,82240,11.6,1.0,0.0,0,,,0.1,7160,
1995,82304,-4.0,0.0,0.0,0,,,0.1,7165,
1996,82304,-6.3,0.0,9.8,5,0.2,0.2,0.1,7165,
1997,82304,-5.5,0.0,9.8,5,0.2,0.4,0.1,7165,
1998,82368,10.5,1.0,6.67,1,0.0,1.0,0.1,7168,
1999,82432,-3.4,0.0,2.78,1,0.0,0.0,0.1,7178,
2000,82432,-2.7,0.0,11.11,2,0.0,0.5,0.1,7178,
2001,82432,-5.9,0.0,4.0,2,0.0,0.5,0.1,7178,
2002,82432,-4.0,0.0,0.0,0,,,0.1,7178,
2003,82496,-3.2,0.0,4.17,1,0.0,0.0,0.1,7180,
2004,82560,-2.9,0.0,4.76,1,0.0,0.0,0.1,7184,
2005,82624,-3.2,0.0,4.17,1,0.0,0.0,0.1,7189,
2006,82624,-5.3,0.0,5.88,3,0.0,0.3333,0.1,7189,
2007,82624,-4.2,0.0,4.65,2,0.0,0.0,0.1,7189,
2008,82624,-2.9,0.0,15.79,3,0.3333,0.6667,0.1,7189,
2009,82688,-5.5,0.0,9.8,5,0.0,0.0,0.1,7195,
2010,82688,-4.3,0.0,5.88,2,0.0,0.0,0.1,7195,
2011,82752,-5.3,0.0,5.88,3,0.3333,0.0,0.1,7201,
2012,82752,-5.5,0.0,9.8,5,0.0,0.2,0.1,7201,
2013,82752,-2.1,0.0,4.35,1,0.0,0.0,0.1,7201,
2014,82816,-1.6,0.0,12.5,1,0.0,0.0,0.1,7205,
2015,82816,-4.5,0.0,9.8,5,0.2,0.0,0.1,7205,
2016,82816,-3.1,0.0,4.35,1,0.0,0.0,0.1,7205,
2017,82880,-5.5,0.0,9.8,5,0.2,0.2,0.1,7209,
2018,82880,-5.5,0.0,9.8,5,0.2,0.2,0.1,7209,
2019,83072,-5.9,0.0,4.0,2,0.0,0.0,0.1,7231,
2020,83072,-4.0,0.0,6.45,2,0.0,0.0,0.1,7231,
2021,83072,-5.4,0.0,7.84,4,0.25,0.75,0.1,7231,
2022,83136,9.9,1.0,22.22,4,0.0,0.5,0.1,7234,
2023,83264,-5.5,0.0,9.8,5,0.0,0.2,0.1,7241,
2024,83264,-5.3,0.0,5.88,3,0.6667,0.0,0.1,7241,
2025,83328,-4.8,0.0,17.14,6,0.0,0.0,0.1,7245,
2026,83328,-5.6,0.0,6.52,3,0.3333,0.3333,0.1,7245,
2027,83328,-5.4,0.0,7.84,4,0.0,0.25,0.1,7245,
2028,83328,-2.3,0.0,6.67,1,0.0,0.0,0.1,7245,
2029,83392,-4.9,0.0,7.69,3,0.0,0.0,0.1,7249,
2030,83392,-4.3,0.0,5.88,3,0.0,0.0,0.1,7249,
2031,83456,-4.1,0.0,1.96,1,0.0,1.0,0.1,7253,
2032,83456,-4.7,0.0,13.73,7,0.0,0.4286,0.1,7253,
2033,83520,-2.4,0.0,6.25,1,0.0,0.0,0.1,7260,
2034,83520,-5.2,0.0,3.92,2,0.5,0.0,0.1,7260,
2035,83520,-5.3,0.0,5.88,3,0.0,0.0,0.1,7260,
2036,83520,-5.6,0.0,11.76,6,0.0,0.3333,0.1,7260,
2037,83648,-4.4,0.0,7.84,4,0.25,0.5,0.1,7266,
2038,83648,-5.2,0.0,3.92,2,0.5,0.0,0.1,7266,
2039,83712,-3.1,0.0,4.35,1,0.0,0.0,0.1,7270,
2040,83712,-4.7,0.0,13.73,7,0.1429,0.1429,0.1,7270,
2041,83776,-5.5,0.0,9.8,5,0.0,0.2,0.1,7274,
2042,83840,-2.6,0.0,16.0,4,0.25,0.25,0.1,7280,
2043,84032,-5.3,0.0,5.88,3,0.0,0.0,0.1,7295,
2044,84032,-4.7,0.0,13.73,7,0.1429,0.7143,0.1,7295,
2045,84096,-1.3,0.0,20.0,1,0.0,0.0,0.1,7303,
2046,84096,-5.5,0.0,4.35,2,0.0,0.0,0.1,7303,
2047,84096,-5.3,0.0,5.88,3,0.3333,0.0,0.1,7303,
2048,84224,-1.7,0.0,11.11,1,0.0,0.0,0.1,7310,
2049,84224,-2.2,0.0,7.14,1,0.0,0.0,0.1,7310,
2050,84288,-5.2,0.0,3.92,2,0.0,0.5,0.1,7313,
2051,84352,-5.3,0.0,5.88,3,0.0,0.3333,0.1,7316,
2052,84352,-4.4,0.0,7.84,4,0.25,0.25,0.1,7316,
2053,84416,10.5,1.0,14.29,2,0.0,0.0,0.1,7321,
2054,84480,9.2,1.0,7.41,2,0.0,0.5,0.1,7324,
2055,84480,-5.3,0.0,5.88,3,0.0,0.3333,0.1,7324,
2056,84480,-5.2,0.0,3.92,2,0.0,0.5,0.1,7324,
2057,84608,-2.6,0.0,5.56,1,0.0,0.0,0.1,7333,
2058,84672,-4.1,0.0,13.33,4,0.0,0.5,0.1,7338,
2059,84736,-4.5,0.0,5.56,2,0.0,0.5,0.1,7348,
2060,84736,-5.2,0.0,3.92,2,0.5,0.0,0.1,7348,
2061,84736,-1.5,0.0,12.5,2,0.5,0.0,0.1,7348,
2062,84736,-4.6,0.0,8.33,3,0.3333,0.3333,0.1,7348,
2063,84800,-5.5,0.0,9.8,5,0.0,0.6,0.1,7352,
2064,84800,-5.3,0.0,5.88,3,0.0,0.3333,0.1,7352,
2065,84800,-5.8,0.0,6.25,3,0.0,0.0,0.1,7352,
2066,84800,-2.0,0.0,18.18,2,0.0,0.0,0.1,7352,
2067,84800,-5.3,0.0,5.88,3,0.0,0.0,0.1,7352,
2068,84928,-4.4,0.0,5.71,2,0.0,0.0,0.1,7361,
2069,84928,-5.6,0.0,11.76,6,0.0,0.1667,0.1,7361,
2070,84928,-1.9,0.0,9.09,1,0.0,0.0,0.1,7361,
2071,84992,-5.4,0.0,7.84,4,0.0,0.0,0.1,7363,
2072,85056,-2.4,0.0,6.25,1,0.0,0.0,0.1,7367,
2073,85120,-3.3,0.0,4.0,1,0.0,0.0,0.1,7376,
2074,85120,-4.1,0.0,1.96,1,1.0,0.0,0.1,7376,
2075,85184,8.3,1.0,2.7,1,0.0,1.0,0.1,7378,
2076,85184,-3.5,0.0,7.69,2,0.0,0.5,0.1,7378,
2077,85312,-5.4,0.0,4.44,2,0.0,0.0,0.1,7383,
2078,85376,-5.6,0.0,11.76,6,0.1667,0.1667,0.1,7386,
2079,85440,-5.5,0.0,9.8,5,0.0,0.0,0.1,7387,
2080,85568,-4.5,0.0,9.8,5,0.0,0.8,0.1,7393,
2081,85568,-5.3,0.0,5.88,3,0.0,0.3333,0.1,7393,
2082,85632,-4.5,0.0,5.56,2,0.0,0.5,0.1,7396,
2083,85696,-5.2,0.0,3.92,2,0.0,0.5,0.1,7401,
2084,85760,-2.3,0.0,6.67,1,0.0,0.0,0.1,7408,
2085,85824,-5.1,0.0,1.96,1,0.0,0.0,0.1,7414,
2086,85824,-2.5,0.0,12.5,2,0.0,0.0,0.1,7414,
2087,85824,-2.5,0.0,12.5,2,0.0,0.0,0.1,7414,
2088,85824,-3.9,0.0,3.23,1,0.0,0.0,0.1,7414,
2089,85888,-5.2,0.0,3.92,2,0.0,0.5,0.1,7417,
2090,85888,-4.6,0.0,11.76,6,0.3333,0.1667,0.1,7417,
2091,85888,-5.3,0.0,5.88,3,0.3333,0.0,0.1,7417,
2092,85888,-4.7,0.0,13.73,7,0.0,0.1429,0.1,7417,
2093,85952,-5.4,0.0,7.84,4,0.0,0.0,0.1,7423,
2094,85952,-1.6,0.0,5.56,1,0.0,0.0,0.1,7423,
2095,86016,-5.2,0.0,3.92,2,0.0,0.0,0.1,7427,
2096,86080,-5.4,0.0,7.84,4,0.0,0.25,0.1,7434,
2097,86080,-5.4,0.0,7.84,4,0.25,0.5,0.1,7434,
2098,86144,-5.2,0.0,3.92,2,0.0,0.5,0.1,7436,
2099,86144,-4.3,0.0,5.88,3,0.0,0.3333,0.1,7436,
2100,86272,-5.9,0.0,10.64,5,0.0,0.4,0.1,7446,
2101,86336,-5.1,0.0,1.96,1,0.0,0.0,0.1,7452,
2102,86336,-4.2,0.0,3.92,2,0.5,0.0,0.1,7452,
2103,86336,-4.4,0.0,7.84,4,0.0,0.5,0.1,7452,
2104,86400,-4.5,0.0,5.56,2,0.5,0.5,0.1,7462,
2105,86400,-1.9,0.0,20.0,2,0.0,0.5,0.1,7462,
2106,86400,-2.9,0.0,10.0,2,0.0,0.0,0.1,7462,
2107,86400,-5.2,0.0,3.92,2,0.0,0.0,0.1,7462,
2108,86464,-3.9,0.0,18.52,5,0.0,0.2,0.1,7467,
2109,86528,-4.6,0.0,11.76,6,0.0,0.0,0.1,7471,
2110,86528,-4.9,0.0,7.69,3,0.0,0.0,0.1,7471,
2111,86592,-4.2,0.0,3.92,2,0.0,0.0,0.1,7476,
2112,86592,-4.1,0.0,1.96,1,0.0,1.0,0.1,7476,
2113,86592,-4.2,0.0,6.06,2,0.0,0.5,0.1,7476,
2114,86656,-5.3,0.0,5.88,3,0.0,0.0,0.1,7482,
2115,86656,-3.6,0.0,7.41,2,0.0,0.5,0.1,7482,
2116,86656,-4.4,0.0,7.84,4,0.25,0.5,0.1,7482,
2117,86720,-5.4,0.0,7.84,4,0.0,0.25,0.1,7488,
2118,86720,-3.6,0.0,3.57,1,0.0,0.0,0.1,7488,
2119,86784,-5.7,0.0,13.73,7,0.0,0.2857,0.1,7491,
2120,86912,-5.4,0.0,7.84,4,0.0,0.25,0.1,7505,
2121,86976,-4.3,0.0,2.86,1,0.0,0.0,0.1,7510,
2122,86976,-5.1,0.0,1.96,1,0.0,0.0,0.1,7510,
2123,87040,-4.4,0.0,5.71,2,0.0,0.0,0.1,7514,
2124,87040,-1.3,0.0,20.0,1,0.0,0.0,0.1,7514,
2125,87232,-1.1,0.0,33.33,1,0.0,0.0,0.1,7533,
2126,87232,-2.1,0.0,9.09,2,0.0,0.5,0.1,7533,
2127,87296,-4.9,0.0,5.0,2,0.0,0.5,0.1,7538,
2128,87360,-5.2,0.0,3.92,2,0.0,0.0,0.1,7541,
2129,87424,-5.4,0.0,6.82,3,0.0,0.3333,0.1,7544,
2130,87488,-5.3,0.0,5.88,3,0.0,0.0,0.1,7550,
2131,87552,-5.3,0.0,5.88,3,0.0,0.3333,0.1,7556,
2132,87552,-4.0,0.0,6.45,2,0.0,0.0,0.1,7556,
2133,87616,-5.4,0.0,7.84,4,0.25,0.5,0.1,7560,
2134,87616,-5.2,0.0,3.92,2,0.0,0.0,0.1,7560,
2135,87616,-4.2,0.0,16.67,5,0.0,0.6,0.1,7560,
2136,87680,-3.8,0.0,10.71,3,0.0,0.3333,0.1,7568,
2137,87680,-2.3,0.0,6.67,1,0.0,0.0,0.1,7568,
2138,87680,-4.8,0.0,15.69,8,0.25,0.125,0.1,7568,
2139,87744,-4.0,0.0,10.0,3,0.0,0.0,0.1,7575,
2140,87744,9.9,1.0,15.79,3,0.0,1.0,0.1,7575,
2141,87744,-3.5,0.0,7.69,2,0.0,0.5,0.1,7575,
2142,87744,-4.4,0.0,7.84,4,0.25,0.25,0.1,7575,
2143,87744,-5.3,0.0,5.88,3,0.0,0.0,0.1,7575,
2144,87744,-3.3,0.0,4.0,1,0.0,0.0,0.1,7575,
2145,87872,-3.0,0.0,15.0,3,0.0,0.0,0.1,7583,
2146,87872,-1.8,0.0,5.0,1,0.0,0.0,0.1,7583,
2147,87936,-4.0,0.0,3.12,1,0.0,0.0,0.1,7586,
2148,87936,-5.3,0.0,5.88,3,0.0,0.0,0.1,7586,
2149,88000,-4.6,0.0,11.76,6,0.1667,0.1667,0.1,7591,
2150,88064,6.9,1.0,8.33,4,0.0,0.25,0.1,7596,
2151,88064,-3.4,0.0,3.85,1,0.0,0.0,0.1,7596,
2152,88128,-3.6,0.0,7.41,2,0.0,0.0,0.1,7604,
2153,88192,-5.2,0.0,3.92,2,0.0,0.0,0.1,7610,
2154,88256,-2.4,0.0,8.0,2,0.5,0.0,0.1,7619,
2155,88320,-5.4,0.0,7.84,4,0.5,0.25,0.1,7624,
2156,88384,-3.9,0.0,3.23,1,0.0,0.0,0.1,7631,
2157,88384,-5.4,0.0,7.84,4,0.0,0.0,0.1,7631,
2158,88448,-2.1,0.0,7.69,1,0.0,0.0,0.1,7635,
2159,88448,-4.1,0.0,1.96,1,0.0,0.0,0.1,7635,
2160,88448,-3.7,0.0,15.38,4,0.25,0.0,0.1,7635,
2161,88448,-5.4,0.0,7.84,4,0.25,0.25,0.1,7635,
2162,88512,-3.3,0.0,9.09,3,0.0,0.3333,0.1,7640,
2163,88576,-4.4,0.0,7.84,4,0.25,0.0,0.1,7641,
2164,88640,-5.3,0.0,5.88,3,0.0,0.3333,0.1,7643,
2165,88704,-5.7,0.0,13.73,7,0.1429,0.2857,0.1,7645,
2166,88768,-4.6,0.0,11.43,4,0.0,0.25,0.1,7649,
2167,88768,-0.9,0.0,9.09,1,0.0,0.0,0.1,7649,
2168,88832,-4.1,0.0,1.96,1,1.0,0.0,0.1,7658,
2169,88832,-2.3,0.0,6.67,1,0.0,0.0,0.1,7658,
2170,88896,-5.3,0.0,5.88,3,0.3333,0.6667,0.1,7664,
2171,88960,-1.4,0.0,16.67,1,0.0,0.0,0.1,7668,
2172,89024,-5.3,0.0,9.52,4,0.0,0.0,0.1,7675,
2173,89088,6.6,1.0,10.0,5,0.2,0.4,0.1,7678,
2174,89088,-5.3,0.0,5.88,3,0.0,0.6667,0.1,7678,
2175,89088,-5.5,0.0,9.8,5,0.0,0.0,0.1,7678,
2176,89152,-6.5,0.0,16.0,8,0.0,0.125,0.1,7684,
2177,89152,9.8,1.0,0.0,0,,,0.1,7684,
2178,89152,-5.7,0.0,13.73,7,0.0,0.2857,0.1,7684,
2179,89152,-5.1,0.0,10.0,4,0.0,0.25,0.1,7684,
2180,89216,-5.4,0.0,2.17,1,0.0,0.0,0.1,7689,
2181,89216,-4.4,0.0,7.84,4,0.0,0.25,0.1,7689,
2182,89216,-2.0,0.0,8.33,1,0.0,0.0,0.1,7689,
2183,89280,-5.6,0.0,11.76,6,0.0,0.1667,0.1,7693,
2184,89344,-5.6,0.0,11.76,6,0.0,0.3333,0.1,7700,
2185,89408,-3.5,0.0,3.7,1,0.0,0.0,0.1,7707,
2186,89408,-4.2,0.0,9.38,3,0.0,0.6667,0.1,7707,
2187,89408,-5.2,0.0,3.92,2,0.5,0.5,0.1,7707,
2188,89472,-3.4,0.0,5.71,2,0.0,0.0,0.1,7712,
2189,89600,-5.2,0.0,3.92,2,0.0,0.0,0.1,7717,
2190,89600,-4.4,0.0,7.84,4,0.0,0.5,0.1,7717,
2191,89728,-5.5,0.0,9.8,5,0.0,0.6,0.1,7724,
2192,89856,-5.2,0.0,2.27,1,0.0,0.0,0.1,7733,
2193,89856,-4.7,0.0,11.11,4,0.0,0.0,0.1,7733,
2194,89920,-5.4,0.0,7.84,4,0.25,0.0,0.1,7738,
2195,89920,-6.2,0.0,7.84,4,0.0,0.5,0.1,7738,
2196,89984,-2.7,0.0,3.45,1,0.0,0.0,0.1,7742,
2197,90112,-2.4,0.0,6.25,1,0.0,0.0,0.1,7757,
2198,90112,-2.6,0.0,7.41,2,0.0,0.0,0.1,7757,
2199,90176,-5.4,0.0,7.84,4,0.25,0.0,0.1,7761,
2200,90240,-2.2,0.0,15.38,2,0.0,0.0,0.1,7764,
2201,90240,-5.9,0.0,17.65,9,0.0,0.3333,0.1,7764,
2202,90240,-5.2,0.0,3.92,2,0.0,0.5,0.1,7764,
2203,90432,-2.4,0.0,6.25,1,0.0,0.0,0.1,7776,
2204,90496,-5.6,0.0,11.76,6,0.0,0.0,0.1,7783,
2205,90496,-4.5,0.0,6.67,3,0.0,0.0,0.1,7783,
2206,90496,11.2,1.0,0.0,0,,,0.1,7783,
2207,90560,-4.5,0.0,9.8,5,0.2,0.4,0.1,7789,
2208,90560,-3.0,0.0,4.55,1,0.0,0.0,0.1,7789,
2209,90560,-2.9,0.0,4.76,1,0.0,0.0,0.1,7789,
2210,90624,-5.6,0.0,8.89,4,0.0,0.25,0.1,7795,
2211,90688,-5.3,0.0,5.88,3,0.0,0.6667,0.1,7802,
2212,90752,-5.4,0.0,7.84,4,0.25,0.0,0.1,7804,
2213,90816,-4.6,0.0,6.52,3,0.0,0.3333,0.1,7811,
2214,90816,-4.4,0.0,6.82,3,0.0,0.3333,0.1,7811,
2215,90816,-5.4,0.0,7.84,4,0.5,0.0,0.1,7811,
2216,90880,-4.4,0.0,7.84,4,0.25,0.0,0.1,7812,
2217,90944,-5.2,0.0,3.92,2,0.0,0.0,0.1,7817,
2218,91008,-5.2,0.0,3.92,2,0.0,0.5,0.1,7822,
2219,91008,-5.4,0.0,7.84,4,0.0,0.25,0.1,7822,
2220,91008,-5.2,0.0,3.92,2,0.0,0.0,0.1,7822,
2221,91008,-5.8,0.0,15.69,8,0.0,0.25,0.1,7822,
2222,91008,-5.2,0.0,3.92,2,0.0,1.0,0.1,7822,
2223,91200,-4.5,0.0,9.8,5,0.0,0.2,0.1,7840,
2224,91200,-5.8,0.0,15.69,8,0.125,0.25,0.1,7840,
2225,91264,-2.4,0.0,6.25,1,0.0,0.0,0.1,7843,
2226,91328,-4.4,0.0,7.84,4,0.0,0.0,0.1,7848,
2227,91392,-2.0,0.0,8.33,1,0.0,0.0,0.1,7852,
2228,91456,-5.2,0.0,3.92,2,0.5,0.0,0.1,7856,
2229,91520,-5.3,0.0,5.88,3,0.0,0.0,0.1,7862,
2230,91584,-2.4,0.0,6.25,1,0.0,0.0,0.1,7869,
2231,91584,-4.4,0.0,2.78,1,0.0,0.0,0.1,7869,
2232,91584,-4.6,0.0,11.76,6,0.1667,0.5,0.1,7869,
2233,91648,-4.2,0.0,3.92,2,0.0,0.5,0.1,7873,
2234,91648,-1.1,0.0,7.69,1,0.0,0.0,0.1,7873,
2235,91712,-4.1,0.0,1.96,1,0.0,1.0,0.1,7879,
2236,91712,-4.2,0.0,3.92,2,0.5,0.0,0.1,7879,
2237,91712,-5.4,0.0,7.84,4,0.0,0.25,0.1,7879,
2238,91776,-4.2,0.0,3.92,2,0.0,0.5,0.1,7882,
2239,91840,-2.9,0.0,4.76,1,0.0,0.0,0.1,7889,
2240,91840,-4.8,0.0,8.51,4,0.0,0.25,0.1,7889,
2241,91904,-3.2,0.0,12.9,4,0.0,0.25,0.1,7897,
2242,91904,-3.6,0.0,7.41,2,0.0,0.0,0.1,7897,
2243,91904,-5.3,0.0,5.88,3,0.0,0.0,0.1,7897,
2244,91968,-2.3,0.0,6.67,1,0.0,0.0,0.1,7903,
2245,91968,-5.4,0.0,7.84,4,0.0,0.25,0.1,7903,
2246,92032,-5.1,0.0,1.96,1,0.0,0.0,0.1,7908,
2247,92032,-5.6,0.0,11.76,6,0.0,0.1667,0.1,7908,
2248,92096,-5.8,0.0,6.25,3,0.0,0.0,0.1,7910,
2249,92096,-4.3,0.0,5.88,3,0.3333,0.3333,0.1,7910,
2250,92160,-4.7,0.0,13.73,7,0.0,0.2857,0.1,7913,
2251,92224,-2.6,0.0,18.75,3,0.0,0.0,0.1,7917,
2252,92224,-5.3,0.0,5.88,3,0.0,0.0,0.1,7917,
2253,92288,-2.1,0.0,20.0,4,0.25,0.0,0.1,7919,
2254,92288,7.8,1.0,13.16,5,0.0,0.2,0.1,7919,
2255,92352,-5.6,0.0,11.76,6,0.0,0.8333,0.1,7924,
2256,92352,-5.3,0.0,5.88,3,0.0,0.0,0.1,7924,
2257,92416,-4.6,0.0,11.76,6,0.0,0.3333,0.1,7926,
2258,92416,-4.2,0.0,3.92,2,0.0,0.0,0.1,7926,
2259,92416,-5.3,0.0,5.88,3,0.3333,0.0,0.1,7926,
2260,92480,-5.5,0.0,9.8,5,0.0,0.0,0.1,7933,
2261,92480,-5.0,0.0,16.22,6,0.1667,0.1667,0.1,7933,
2262,92480,-4.2,0.0,3.92,2,0.0,0.0,0.1,7933,
2263,92608,-4.5,0.0,9.8,5,0.0,0.2,0.1,7940,
2264,92672,-4.3,0.0,5.88,3,0.0,0.3333,0.1,7947,
2265,92736,-4.2,0.0,3.92,2,0.0,0.5,0.1,7952,
2266,92864,-5.3,0.0,5.88,3,0.0,0.0,0.1,7962,
2267,92864,-5.7,0.0,13.73,7,0.0,0.2857,0.1,7962,
2268,92864,-2.7,0.0,5.26,1,0.0,0.0,0.1,7962,
2269,92928,-4.6,0.0,5.41,2,0.0,0.5,0.1,7971,
2270,92992,-1.8,0.0,22.22,2,0.0,0.0,0.1,7975,
2271,92992,-6.0,0.0,19.61,10,0.0,0.0,0.1,7975,
2272,93120,-5.5,0.0,9.8,5,0.4,0.2,0.1,7985,
2273,93120,-2.4,0.0,6.25,1,0.0,0.0,0.1,7985,
2274,93184,-4.6,0.0,2.08,1,0.0,0.0,0.1,7989,
2275,93248,8.2,1.0,2.63,1,0.0,1.0,0.1,7994,
2276,93248,-5.5,0.0,9.8,5,0.0,0.4,0.1,7994,
2277,93248,-3.7,0.0,3.45,1,0.0,0.0,0.1,7994,
2278,93376,9.6,1.0,8.7,2,0.0,0.0,0.1,7999,
2279,93504,-2.4,0.0,3.85,1,0.0,0.0,0.1,8009,
2280,93504,-4.4,0.0,7.84,4,0.0,0.0,0.1,8009,
2281,93504,9.8,1.0,9.52,2,0.0,0.5,0.1,8009,
2282,93504,-5.3,0.0,5.88,3,0.0,0.3333,0.1,8009,
2283,93568,-2.6,0.0,11.76,2,0.0,0.0,0.1,8012,
2284,93696,-4.7,0.0,13.73,7,0.4286,0.2857,0.1,8019,
2285,93760,-4.4,0.0,7.84,4,0.0,0.25,0.1,8023,
2286,93760,-5.4,0.0,7.84,4,0.0,0.25,0.1,8023,
2287,93824,-4.3,0.0,5.88,2,0.5,0.0,0.1,8026,
2288,93824,-4.2,0.0,3.92,2,0.0,0.0,0.1,8026,
2289,93952,-5.1,0.0,1.96,1,0.0,1.0,0.1,8032,
2290,93952,-3.6,0.0,7.41,2,0.0,0.0,0.1,8032,
2291,94016,-5.1,0.0,1.96,1,0.0,0.0,0.1,8036,
2292,94080,-4.5,0.0,9.8,5,0.2,0.2,0.1,8039,
2293,94080,-5.4,0.0,6.82,3,0.3333,0.0,0.1,8039,
2294,94144,-3.3,0.0,8.33,2,0.0,0.0,0.1,8044,
2295,94144,-3.2,0.0,9.38,3,0.0,0.6667,0.1,8044,
2296,94144,-4.2,0.0,6.06,2,0.0,0.0,0.1,8044,
2297,94144,-4.3,0.0,5.88,3,0.0,0.0,0.1,8044,
2298,94208,-5.6,0.0,11.76,6,0.1667,0.1667,0.1,8047,
2299,94208,-5.1,0.0,4.76,2,0.0,0.0,0.1,8047,
2300,94272,-5.5,0.0,9.8,5,0.0,0.0,0.1,8051,
2301,94272,-4.4,0.0,7.84,4,0.0,0.25,0.1,8051,
2302,94272,-5.6,0.0,11.76,6,0.1667,0.1667,0.1,8051,
2303,94400,-3.0,0.0,4.55,1,0.0,0.0,0.1,8060,
2304,94400,-5.0,0.0,16.22,6,0.1667,0.1667,0.1,8060,
2305,94464,-5.5,0.0,9.8,5,0.0,0.0,0.1,8066,
2306,94464,-3.2,0.0,4.17,1,0.0,0.0,0.1,8066,
2307,94464,9.6,1.0,0.0,0,,,0.1,8066,
2308,94464,11.6,1.0,0.0,0,,,0.1,8066,
2309,94464,-3.2,0.0,2.94,1,0.0,0.0,0.1,8066,
2310,94528,11.7,1.0,0.0,0,,,0.1,8071,
2311,94528,-1.3,0.0,20.0,1,0.0,0.0,0.1,8071,
2312,94528,-2.0,0.0,4.55,1,0.0,0.0,0.1,8071,
2313,94592,-5.3,0.0,5.88,3,0.0,0.6667,0.1,8075,
2314,94656,-1.7,0.0,11.11,1,0.0,0.0,0.1,8081,
2315,94720,-5.1,0.0,1.96,1,0.0,0.0,0.1,8087,
2316,94720,-1.2,0.0,7.14,1,0.0,0.0,0.1,8087,
2317,94720,-3.4,0.0,8.0,2,0.0,0.0,0.1,8087,
2318,94784,-5.8,0.0,2.0,1,0.0,0.0,0.1,8090,
2319,94848,-5.4,0.0,7.84,4,0.0,0.0,0.1,8097,
2320,94848,-2.4,0.0,3.85,1,0.0,0.0,0.1,8097,
2321,94848,-5.4,0.0,7.84,4,0.5,0.0,0.1,8097,
2322,94976,-2.5,0.0,12.5,2,0.0,0.0,0.1,8105,
2323,94976,-4.2,0.0,3.92,2,0.0,0.5,0.1,8105,
2324,94976,-4.4,0.0,7.84,4,0.0,0.5,0.1,8105,
2325,94976,-5.0,0.0,0.0,0,,,0.1,8105,
2326,95040,-3.5,0.0,7.69,2,0.0,0.0,0.1,8108,
2327,95040,-5.4,0.0,7.84,4,0.0,0.5,0.1,8108,
2328,95104,-4.7,0.0,13.73,7,0.0,0.1429,0.1,8111,
2329,95168,-0.9,0.0,9.09,1,0.0,0.0,0.1,8118,
2330,95168,-5.3,0.0,5.88,3,0.0,0.3333,0.1,8118,
2331,95168,-1.3,0.0,20.0,1,0.0,0.0,0.1,8118,
2332,95168,-5.3,0.0,5.88,3,0.0,0.0,0.1,8118,
2333,95232,-4.3,0.0,5.88,3,0.3333,0.0,0.1,8121,
2334,95232,-4.1,0.0,1.96,1,0.0,0.0,0.1,8121,
2335,95424,-1.5,0.0,14.29,1,0.0,0.0,0.1,8132,
2336,95488,-4.6,0.0,11.76,6,0.0,0.3333,0.1,8135,
2337,95488,-4.0,0.0,6.45,2,0.0,0.0,0.1,8135,
2338,95552,-5.7,0.0,13.73,7,0.0,0.4286,0.1,8138,
2339,95616,9.9,1.0,22.22,4,0.0,0.25,0.1,8142,
2340,95616,-4.7,0.0,13.73,7,0.0,0.2857,0.1,8142,
2341,95616,-4.1,0.0,1.96,1,0.0,1.0,0.1,8142,
2342,95680,-4.1,0.0,1.96,1,0.0,0.0,0.1,8146,
2343,95680,-3.8,0.0,3.33,1,0.0,0.0,0.1,8146,
2344,95680,-5.3,0.0,5.88,3,0.0,0.3333,0.1,8146,
2345,95680,-4.2,0.0,6.06,2,0.0,0.0,0.1,8146,
2346,95744,-5.2,0.0,3.92,2,0.0,0.5,0.1,8147,
2347,95744,-5.1,0.0,1.96,1,0.0,0.0,0.1,8147,
2348,95872,-3.0,0.0,4.55,1,0.0,0.0,0.1,8156,
2349,95936,-4.4,0.0,7.84,4,0.0,0.25,0.1,8158,
2350,96000,-1.1,0.0,7.69,1,0.0,0.0,0.1,8161,
2351,96000,-4.3,0.0,5.88,3,0.0,0.3333,0.1,8161,
2352,96000,-5.8,0.0,4.08,2,0.0,0.0,0.1,8161,
2353,96064,-3.7,0.0,3.45,1,0.0,0.0,0.1,8166,
2354,96128,10.0,1.0,5.0,1,0.0,0.0,0.1,8171,
2355,96128,-4.4,0.0,7.84,4,0.0,0.5,0.1,8171,
2356,96256,-4.2,0.0,3.92,2,0.0,0.0,0.1,8178,
2357,96320,-5.8,0.0,6.25,3,0.0,0.0,0.1,8186,
2358,96320,11.1,1.0,11.11,1,0.0,0.0,0.1,8186,
2359,96320,-2.8,0.0,5.0,1,0.0,0.0,0.1,8186,
2360,96384,-2.4,0.0,3.85,1,0.0,0.0,0.1,8194,
2361,96384,-1.6,0.0,12.5,1,0.0,0.0,0.1,8194,
2362,96448,-4.2,0.0,2.94,1,0.0,0.0,0.1,8199,
2363,96448,-3.0,0.0,4.55,1,0.0,0.0,0.1,8199,
2364,96512,10.0,1.0,5.0,1,0.0,0.0,0.1,8204,
2365,96512,-4.4,0.0,7.84,4,0.0,0.5,0.1,8204,
2366,96512,-4.3,0.0,5.88,3,0.0,0.0,0.1,8204,
2367,96512,-2.9,0.0,6.67,2,0.0,0.5,0.1,8204,
2368,96576,-2.4,0.0,8.0,2,0.0,0.0,0.1,8211,
2369,96768,-4.2,0.0,3.92,2,0.5,0.0,0.1,8217,
2370,96768,-5.1,0.0,1.96,1,0.0,0.0,0.1,8217,
2371,96768,-5.3,0.0,5.88,3,0.0,0.3333,0.1,8217,
2372,96768,-5.2,0.0,9.76,4,0.25,0.0,0.1,8217,
2373,96960,-5.1,0.0,1.96,1,0.0,1.0,0.1,8225,
2374,96960,-5.8,0.0,8.51,4,0.25,0.0,0.1,8225,
2375,97024,-1.6,0.0,12.5,1,0.0,0.0,0.1,8230,
2376,97024,-5.7,0.0,13.73,7,0.2857,0.0,0.1,8230,
2377,97088,-2.0,0.0,4.55,1,0.0,0.0,0.1,8236,
2378,97088,-3.5,0.0,7.69,2,0.0,0.0,0.1,8236,
2379,97088,-5.6,0.0,11.76,6,0.1667,0.3333,0.1,8236,
2380,97088,-4.4,0.0,5.71,2,0.0,0.0,0.1,8236,
2381,97152,-2.2,0.0,15.38,2,0.0,0.0,0.1,8240,
2382,97280,-2.7,0.0,5.26,1,0.0,0.0,0.1,8252,
2383,97280,-6.0,0.0,3.92,2,0.0,0.0,0.1,8252,
2384,97280,-2.6,0.0,5.56,1,0.0,0.0,0.1,8252,
2385,97344,-4.5,0.0,9.8,5,0.2,0.2,0.1,8255,
2386,97408,-5.4,0.0,7.84,4,0.25,0.0,0.1,8260,
2387,97408,-2.1,0.0,7.69,1,0.0,0.0,0.1,8260,
2388,97408,-5.2,0.0,3.92,2,0.5,0.0,0.1,8260,
2389,97472,-3.7,0.0,3.45,1,0.0,0.0,0.1,8268,
2390,97536,-4.3,0.0,5.88,3,0.0,0.0,0.1,8269,
2391,97600,-1.7,0.0,25.0,2,0.0,0.0,0.1,8272,
2392,97600,-4.9,0.0,2.44,1,0.0,0.0,0.1,8272,
2393,97664,-3.3,0.0,8.33,2,0.5,0.5,0.1,8280,
2394,97664,-4.5,0.0,4.35,2,0.0,0.0,0.1,8280,
2395,97664,-5.1,0.0,1.96,1,0.0,0.0,0.1,8280,
2396,97664,-5.3,0.0,5.88,3,0.0,0.6667,0.1,8280,
2397,97728,-5.3,0.0,5.88,3,0.0,0.6667,0.1,8285,
2398,97728,-5.4,0.0,7.84,4,0.0,0.75,0.1,8285,
2399,97792,-4.2,0.0,6.06,2,0.5,0.0,0.1,8289,
2400,97792,-5.2,0.0,3.92,2,0.5,0.0,0.1,8289,
2401,97792,-4.4,0.0,7.84,4,0.25,0.0,0.1,8289,
2402,97792,-5.9,0.0,10.64,5,0.0,0.2,0.1,8289,
2403,97792,-5.1,0.0,1.96,1,0.0,1.0,0.1,8289,
2404,97856,-4.4,0.0,8.82,3,0.3333,0.0,0.1,8296,
2405,97856,-4.8,0.0,13.89,5,0.0,0.0,0.1,8296,
2406,97920,-4.4,0.0,7.84,4,0.25,0.5,0.1,8297,
2407,97984,-5.3,0.0,5.88,3,0.3333,0.6667,0.1,8304,
2408,98048,-6.0,0.0,10.42,5,0.0,0.0,0.1,8307,
2409,98304,-2.7,0.0,11.11,2,0.0,0.5,0.1,8316,
2410,98368,-4.4,0.0,7.84,4,0.0,0.0,0.1,8320,
2411,98432,-5.2,0.0,3.92,2,0.0,0.0,0.1,8327,
2412,98432,-5.1,0.0,2.33,1,0.0,0.0,0.1,8327,
2413,98432,-2.0,0.0,9.52,2,0.0,0.0,0.1,8327,
2414,98432,-5.1,0.0,1.96,1,0.0,0.0,0.1,8327,
2415,98432,-5.2,0.0,3.92,2,0.0,0.5,0.1,8327,
2416,98432,-3.5,0.0,7.69,2,0.0,0.5,0.1,8327,
2417,98496,-5.2,0.0,3.92,2,0.0,0.0,0.1,8331,
2418,98496,-1.7,0.0,5.26,1,0.0,0.0,0.1,8331,
2419,98624,-2.8,0.0,5.0,1,0.0,0.0,0.1,8336,
2420,98688,-2.4,0.0,6.25,1,0.0,0.0,0.1,8341,
2421,98752,-5.3,0.0,5.88,3,0.0,0.0,0.1,8344,
2422,98752,-5.2,0.0,3.92,2,0.0,0.0,0.1,8344,
2423,98816,-3.9,0.0,10.34,3,0.3333,0.6667,0.1,8346,
2424,98880,-1.3,0.0,6.67,1,0.0,0.0,0.1,8353,
2425,98880,-5.3,0.0,5.88,3,0.0,0.3333,0.1,8353,
2426,98880,-5.2,0.0,3.92,2,0.0,0.0,0.1,8353,
2427,99008,-5.0,0.0,0.0,0,,,0.1,8360,
2428,99136,-3.3,0.0,13.04,3,0.0,0.3333,0.1,8367,
2429,99136,-3.2,0.0,13.64,3,0.0,0.0,0.1,8367,
2430,99200,-5.3,0.0,5.88,3,0.3333,0.3333,0.1,8370,
2431,99264,-5.1,0.0,1.96,1,0.0,0.0,0.1,8372,
2432,99264,-5.1,0.0,1.96,1,0.0,0.0,0.1,8372,
2433,99264,-5.6,0.0,11.76,6,0.0,0.1667,0.1,8372,
2434,99520,-5.2,0.0,3.92,2,0.0,0.0,0.1,8390,
2435,99520,-4.5,0.0,8.57,3,0.0,0.6667,0.1,8390,
2436,99584,-4.1,0.0,1.96,1,0.0,0.0,0.1,8395,
2437,99584,-4.8,0.0,5.13,2,0.0,0.0,0.1,8395,
2438,99584,-5.4,0.0,7.84,4,0.0,0.5,0.1,8395,
2439,99648,-4.5,0.0,9.8,5,0.2,0.4,0.1,8398,
2440,99648,-5.4,0.0,7.84,4,0.0,0.0,0.1,8398,
2441,99712,-5.6,0.0,11.76,6,0.3333,0.0,0.1,8401,
2442,99712,-5.2,0.0,3.92,2,0.5,0.5,0.1,8401,
2443,99712,-5.0,0.0,13.16,5,0.0,0.0,0.1,8401,
2444,99776,-5.5,0.0,9.8,5,0.0,0.0,0.1,8405,
2445,99776,-4.7,0.0,13.73,7,0.0,0.4286,0.1,8405,
2446,99776,-4.9,0.0,17.65,9,0.0,0.0,0.1,8405,
2447,99840,-1.7,0.0,11.11,1,0.0,0.0,0.1,8409,
2448,99840,-4.5,0.0,11.63,5,0.0,0.4,0.1,8409,
2449,99904,-3.1,0.0,4.35,1,0.0,0.0,0.1,8413,
2450,99904,-3.1,0.0,9.09,2,0.0,0.0,0.1,8413,
2451,100032,-4.9,0.0,2.44,1,0.0,0.0,0.1,8422,
2452,100032,-5.7,0.0,13.73,7,0.0,0.4286,0.1,8422,
2453,100032,-5.0,0.0,0.0,0,,,0.1,8422,
2454,100032,-1.2,0.0,25.0,1,0.0,0.0,0.1,8422,
2455,100032,-4.3,0.0,2.86,1,0.0,0.0,0.1,8422,
2456,100032,-5.1,0.0,1.96,1,0.0,1.0,0.1,8422,
2457,100096,-5.8,0.0,6.25,3,0.0,0.0,0.1,8430,
2458,100224,-1.7,0.0,11.11,1,0.0,0.0,0.1,8439,
2459,100224,-2.0,0.0,18.18,2,0.0,0.5,0.1,8439,
2460,100224,-5.3,0.0,5.88,3,0.0,0.3333,0.1,8439,
2461,100288,-5.3,0.0,5.88,3,0.0,0.6667,0.1,8444,
2462,100480,-4.2,0.0,7.14,3,0.0,0.0,0.1,8454,
2463,100608,-4.4,0.0,5.71,2,0.0,0.5,0.1,8457,
2464,100608,-2.4,0.0,13.33,2,0.0,0.0,0.1,8457,
2465,100672,-4.4,0.0,7.84,4,0.25,0.0,0.1,8461,
2466,100672,-1.1,0.0,7.69,1,0.0,0.0,0.1,8461,
2467,100672,-5.3,0.0,5.88,3,0.0,0.3333,0.1,8461,
2468,100672,-2.5,0.0,5.88,1,0.0,0.0,0.1,8461,
2469,100736,-5.3,0.0,5.88,3,0.3333,0.0,0.1,8464,
2470,100800,-2.3,0.0,6.67,1,0.0,0.0,0.1,8467,
2471,100800,-5.5,0.0,9.8,5,0.0,0.2,0.1,8467,
2472,100864,-4.7,0.0,8.11,3,0.0,0.0,0.1,8473,
2473,100864,-5.2,0.0,3.92,2,0.0,0.0,0.1,8473,
2474,100864,-5.1,0.0,1.96,1,0.0,1.0,0.1,8473,
2475,100928,-0.9,0.0,9.09,1,0.0,0.0,0.1,8476,
2476,100928,-4.2,0.0,3.92,2,0.0,0.5,0.1,8476,
2477,100928,-5.6,0.0,11.76,6,0.0,0.1667,0.1,8476,
2478,100992,-4.4,0.0,7.84,4,0.0,0.0,0.1,8478,
2479,101056,-5.5,0.0,9.8,5,0.2,0.2,0.1,8481,
2480,101056,-4.3,0.0,5.88,3,0.0,0.0,0.1,8481,
2481,101056,-4.3,0.0,5.88,3,0.0,0.3333,0.1,8481,
2482,101120,-5.2,0.0,3.92,2,0.0,0.5,0.1,8485,
2483,101120,-5.1,0.0,1.96,1,0.0,0.0,0.1,8485,
2484,101120,-2.0,0.0,4.55,1,0.0,0.0,0.1,8485,
2485,101120,-5.1,0.0,4.76,2,0.0,0.5,0.1,8485,
2486,101248,-5.4,0.0,7.84,4,0.0,1.0,0.1,8488,
2487,101312,-5.1,0.0,1.96,1,1.0,0.0,0.1,8491,
2488,101440,-5.1,0.0,10.0,4,0.0,0.25,0.1,8504,
2489,101568,-5.2,0.0,3.92,2,0.0,0.5,0.1,8511,
2490,101632,-4.9,0.0,7.69,3,0.3333,0.3333,0.1,8515,
2491,101632,-3.3,0.0,8.33,2,0.0,0.0,0.1,8515,
2492,101696,-5.2,0.0,3.92,2,0.5,0.5,0.1,8516,
2493,101696,-5.1,0.0,1.96,1,0.0,0.0,0.1,8516,
2494,101696,-4.0,0.0,0.0,0,,,0.1,8516,
2495,101696,-5.3,0.0,5.88,3,0.0,0.3333,0.1,8516,
2496,101760,-1.9,0.0,9.09,1,0.0,0.0,0.1,8523,
2497,101888,-3.6,0.0,8.33,3,0.0,0.0,0.1,8532,
2498,101888,9.5,1.0,0.0,0,,,0.1,8532,
2499,101888,-5.2,0.0,3.92,2,0.5,0.0,0.1,8532,
2500,101952,-5.0,0.0,0.0,0,,,0.1,8539,
2501,101952,-2.7,0.0,25.0,4,0.0,0.25,0.1,8539,
2502,102016,-5.4,0.0,7.84,4,0.0,0.25,0.1,8541,
2503,102016,-4.1,0.0,1.96,1,0.0,0.0,0.1,8541,
2504,102080,-5.1,0.0,1.96,1,0.0,1.0,0.1,8549,
2505,102080,-3.2,0.0,13.64,3,0.0,0.0,0.1,8549,
2506,102144,-5.3,0.0,5.88,3,0.0,0.3333,0.1,8550,
2507,102144,-5.2,0.0,3.92,2,0.0,0.5,0.1,8550,
2508,102272,-5.1,0.0,1.96,1,0.0,0.0,0.1,8556,
2509,102272,-4.3,0.0,2.86,1,0.0,0.0,0.1,8556,
2510,102400,-2.3,0.0,6.67,1,0.0,0.0,0.1,8566,
2511,102400,-3.6,0.0,3.57,1,0.0,0.0,0.1,8566,
2512,102400,-5.1,0.0,1.96,1,0.0,0.0,0.1,8566,
2513,102400,-4.2,0.0,2.94,1,0.0,0.0,0.1,8566,
2514,102464,-5.6,0.0,11.76,6,0.1667,0.0,0.1,8571,
2515,102464,-2.0,0.0,8.33,1,0.0,0.0,0.1,8571,
2516,102528,-5.5,0.0,9.8,5,0.0,0.6,0.1,8574,
2517,102528,-3.2,0.0,4.17,1,0.0,0.0,0.1,8574,
2518,102528,-5.4,0.0,7.84,4,0.0,0.25,0.1,8574,
2519,102784,-5.1,0.0,1.96,1,0.0,0.0,0.1,8588,
2520,102784,-2.2,0.0,7.14,1,0.0,0.0,0.1,8588,
2521,102848,-5.2,0.0,3.92,2,0.0,0.5,0.1,8593,
2522,102976,-5.5,0.0,9.8,5,0.2,0.2,0.1,8600,
2523,102976,-4.6,0.0,11.76,6,0.0,0.1667,0.1,8600,
2524,103040,-5.0,0.0,7.5,3,0.3333,0.0,0.1,8606,
2525,103040,-5.6,0.0,11.76,6,0.1667,0.0,0.1,8606,
2526,103040,-4.4,0.0,7.84,4,0.0,0.25,0.1,8606,
2527,103104,-1.8,0.0,10.0,1,0.0,0.0,0.1,8611,
2528,103104,10.2,1.0,5.56,1,0.0,0.0,0.1,8611,
2529,103168,-4.3,0.0,5.88,3,0.0,0.3333,0.1,8615,
2530,103168,-5.2,0.0,3.92,2,0.0,0.0,0.1,8615,
2531,103232,9.7,1.0,4.35,1,0.0,0.0,0.1,8616,
2532,103232,8.2,1.0,0.0,0,,,0.1,8616,
2533,103296,-4.3,0.0,5.88,3,0.0,0.3333,0.1,8620,
2534,103296,-5.1,0.0,1.96,1,0.0,0.0,0.1,8620,
2535,103296,-5.5,0.0,9.8,5,0.2,0.2,0.1,8620,
2536,103296,-4.3,0.0,5.88,3,0.0,0.6667,0.1,8620,
2537,103296,-4.2,0.0,3.92,2,0.5,0.0,0.1,8620,
2538,103296,-5.0,0.0,4.88,2,0.0,0.5,0.1,8620,
2539,103424,7.3,1.0,11.63,5,0.0,0.4,0.1,8625,
2540,103488,-2.5,0.0,20.0,3,0.0,0.3333,0.1,8630,
2541,103488,-1.6,0.0,12.5,1,0.0,0.0,0.1,8630,
2542,103552,10.1,1.0,25.0,4,0.5,0.5,0.1,8637,
2543,103552,-5.0,0.0,0.0,0,,,0.1,8637,
2544,103552,-1.4,0.0,16.67,1,0.0,0.0,0.1,8637,
2545,103616,10.7,1.0,7.69,1,0.0,1.0,0.1,8640,
2546,103616,11.5,1.0,0.0,0,,,0.1,8640,
2547,103744,-1.3,0.0,20.0,1,0.0,0.0,0.1,8647,
2548,103744,-5.3,0.0,2.22,1,0.0,0.0,0.1,8647,
2549,103808,-3.9,0.0,6.67,2,0.0,0.0,0.1,8651,
2550,103872,-4.2,0.0,3.92,2,0.0,0.0,0.1,8654,
2551,103936,10.9,1.0,9.09,1,1.0,1.0,0.1,8656,
2552,103936,-5.2,0.0,3.92,2,0.0,0.5,0.1,8656,
2553,104064,-5.7,0.0,13.73,7,0.0,0.1429,0.1,8665,
2554,104064,-5.2,0.0,3.92,2,0.0,1.0,0.1,8665,
2555,104128,-5.2,0.0,3.92,2,0.0,1.0,0.1,8670,
2556,104128,10.7,1.0,7.69,1,1.0,1.0,0.1,8670,
2557,104128,-5.1,0.0,1.96,1,0.0,1.0,0.1,8670,
2558,104192,-4.0,0.0,0.0,0,,,0.1,8677,
2559,104192,-4.8,0.0,5.13,2,0.0,0.0,0.1,8677,
2560,104192,-5.3,0.0,5.88,3,0.3333,0.3333,0.1,8677,
2561,104192,-1.3,0.0,14.29,2,0.0,0.0,0.1,8677,
2562,104256,-3.7,0.0,3.45,1,0.0,0.0,0.1,8682,
2563,104320,9.8,1.0,9.52,2,0.0,0.5,0.1,8687,
2564,104320,-5.4,0.0,7.84,4,0.0,0.75,0.1,8687,
2565,104320,-4.3,0.0,5.88,3,0.0,0.6667,0.1,8687,
2566,104384,-4.5,0.0,9.8,5,0.0,0.4,0.1,8689,
2567,104384,-4.2,0.0,3.92,2,0.0,1.0,0.1,8689,
2568,104384,-5.2,0.0,3.92,2,0.0,0.0,0.1,8689,
2569,104384,-5.1,0.0,1.96,1,0.0,1.0,0.1,8689,
2570,104448,-2.1,0.0,9.09,2,0.0,0.5,0.1,8693,
2571,104512,-4.4,0.0,7.84,4,0.25,0.25,0.1,8697,
2572,104576,-2.5,0.0,12.5,2,0.0,0.0,0.1,8699,
2573,104576,-5.8,0.0,15.69,8,0.0,0.375,0.1,8699,
2574,104704,-3.4,0.0,22.73,5,0.2,0.4,0.1,8707,
2575,104832,-4.4,0.0,7.84,4,0.5,0.0,0.1,8711,
2576,104832,-3.1,0.0,14.29,3,0.3333,0.3333,0.1,8711,
2577,104896,-5.2,0.0,3.92,2,0.0,0.0,0.1,8714,
2578,104896,-5.6,0.0,11.76,6,0.0,0.1667,0.1,8714,
2579,104960,-5.3,0.0,5.88,3,0.0,0.0,0.1,8719,
2580,104960,-5.3,0.0,5.88,3,0.6667,0.3333,0.1,8719,
2581,105152,-4.0,0.0,6.45,2,0.0,0.0,0.1,8732,
2582,105152,-5.2,0.0,3.92,2,0.5,0.0,0.1,8732,
2583,105216,-5.0,0.0,0.0,0,,,0.1,8736,
2584,105216,-4.7,0.0,4.17,2,0.5,0.0,0.1,8736,
2585,105280,-4.2,0.0,3.92,2,0.5,0.0,0.1,8740,
2586,105280,-5.3,0.0,5.88,3,0.0,0.3333,0.1,8740,
2587,105344,-5.2,0.0,3.92,2,0.0,0.0,0.1,8742,
2588,105344,-3.7,0.0,7.14,2,0.0,0.0,0.1,8742,
2589,105344,-5.3,0.0,5.88,3,0.0,0.0,0.1,8742,
2590,105408,-5.2,0.0,3.92,2,0.0,0.0,0.1,8745,
2591,105472,-5.4,0.0,2.17,1,0.0,0.0,0.1,8747,
2592,105536,-1.7,0.0,11.11,1,0.0,0.0,0.1,8750,
2593,105536,-5.3,0.0,5.88,3,0.0,0.6667,0.1,8750,
2594,105536,-4.1,0.0,1.96,1,0.0,1.0,0.1,8750,
2595,105664,-5.0,0.0,0.0,0,,,0.1,8756,
2596,105664,-5.3,0.0,5.88,3,0.3333,0.3333,0.1,8756,
2597,105664,-5.4,0.0,7.84,4,0.5,0.0,0.1,8756,
2598,105728,-5.3,0.0,5.88,3,0.0,0.3333,0.1,8758,
2599,105920,-4.0,0.0,4.88,2,0.0,0.5,0.1,8769,
2600,105984,-3.1,0.0,9.09,2,0.0,0.0,0.1,8773,
2601,106048,-5.2,0.0,3.92,2,0.0,0.0,0.1,8778,
2602,106048,8.9,1.0,3.23,1,1.0,1.0,0.1,8778,
2603,106112,-5.3,0.0,5.88,3,0.0,0.0,0.1,8779,
2604,106240,-3.8,0.0,6.9,2,0.0,0.0,0.1,8788,
2605,106304,-5.2,0.0,3.92,2,0.0,0.5,0.1,8791,
2606,106304,-5.9,0.0,1.96,1,0.0,0.0,0.1,8791,
2607,106368,-5.4,0.0,7.84,4,0.0,0.25,0.1,8797,
2608,106368,-5.1,0.0,1.96,1,0.0,0.0,0.1,8797,
2609,106368,-4.2,0.0,2.94,1,0.0,0.0,0.1,8797,
2610,106432,-3.4,0.0,8.0,2,0.0,0.0,0.1,8801,
2611,106560,-5.3,0.0,5.88,3,0.0,0.0,0.1,8806,
2612,106560,-4.7,0.0,5.26,2,0.0,0.0,0.1,8806,
2613,106560,-5.0,0.0,0.0,0,,,0.1,8806,
2614,106624,-5.3,0.0,4.55,2,0.0,0.0,0.1,8809,
2615,106752,-4.0,0.0,0.0,0,,,0.1,8817,
2616,106816,-3.8,0.0,6.9,2,0.0,0.0,0.1,8824,
2617,106816,7.6,1.0,15.38,6,0.3333,0.6667,0.1,8824,
2618,106816,-5.3,0.0,5.88,3,0.0,0.0,0.1,8824,
2619,106880,-5.1,0.0,1.96,1,0.0,0.0,0.1,8830,
2620,106880,-5.1,0.0,1.96,1,0.0,0.0,0.1,8830,
2621,106880,-2.3,0.0,4.0,1,0.0,0.0,0.1,8830,
2622,106944,-4.2,0.0,4.65,2,0.0,0.0,0.1,8835,
2623,107008,-4.4,0.0,7.84,4,0.0,0.0,0.1,8842,
2624,107008,-5.3,0.0,5.88,3,0.0,0.3333,0.1,8842,
2625,107072,-4.8,0.0,5.13,2,0.0,0.5,0.1,8850,
2626,107136,-5.0,0.0,0.0,0,,,0.1,8850,
2627,107200,-4.5,0.0,9.8,5,0.0,0.2,0.1,8853,
2628,107200,-5.0,0.0,0.0,0,,,0.1,8853,
2629,107264,-4.0,0.0,10.0,3,0.3333,0.3333,0.1,8856,
2630,107328,-4.4,0.0,7.84,4,0.0,0.0,0.1,8858,
2631,107392,-5.3,0.0,5.88,3,0.3333,0.0,0.1,8865,
2632,107392,-4.4,0.0,5.71,2,0.0,0.0,0.1,8865,
2633,107392,-5.4,0.0,7.84,4,0.0,0.0,0.1,8865,
2634,107392,-1.4,0.0,16.67,1,0.0,0.0,0.1,8865,
2635,107456,-5.2,0.0,3.92,2,0.0,0.0,0.1,8870,
2636,107456,10.8,1.0,30.0,3,0.0,0.3333,0.1,8870,
2637,107456,-5.5,0.0,9.8,5,0.0,0.2,0.1,8870,
2638,107520,-4.5,0.0,9.8,5,0.2,0.0,0.1,8872,
2639,107584,-5.5,0.0,9.8,5,0.0,0.8,0.1,8874,
2640,107584,-5.2,0.0,3.92,2,0.5,0.0,0.1,8874,
2641,107648,-5.4,0.0,7.84,4,0.0,0.5,0.1,8879,
2642,107648,-5.3,0.0,5.88,3,0.0,0.3333,0.1,8879,
2643,107648,-5.8,0.0,15.69,8,0.125,0.25,0.1,8879,
2644,107712,-5.3,0.0,5.88,3,0.3333,0.3333,0.1,8881,
2645,107776,-1.3,0.0,14.29,2,0.0,0.5,0.1,8888,
2646,107776,-5.2,0.0,3.92,2,0.0,0.0,0.1,8888,
2647,107776,-4.4,0.0,5.71,2,0.0,0.5,0.1,8888,
2648,107968,-5.4,0.0,7.84,4,0.0,0.5,0.1,8903,
2649,108096,-4.0,0.0,0.0,0,,,0.1,8911,
2650,108096,-4.4,0.0,2.17,1,0.0,0.0,0.1,8911,
2651,108160,-5.3,0.0,5.88,3,0.0,0.0,0.1,8917,
2652,108160,-5.2,0.0,3.92,2,0.5,0.5,0.1,8917,
2653,108288,-5.2,0.0,4.65,2,0.0,0.5,0.1,8928,
2654,108416,-5.7,0.0,2.04,1,0.0,0.0,0.1,8936,
2655,108416,-4.4,0.0,2.78,1,0.0,0.0,0.1,8936,
2656,108480,-1.9,0.0,9.09,1,0.0,0.0,0.1,8941,
2657,108480,-5.4,0.0,7.84,4,0.0,0.25,0.1,8941,
2658,108480,-5.4,0.0,6.82,3,0.0,0.3333,0.1,8941,
2659,108480,-4.3,0.0,5.88,3,0.0,0.0,0.1,8941,
2660,108608,-4.2,0.0,9.38,3,0.0,0.0,0.1,8946,
2661,108608,-4.4,0.0,7.84,4,0.0,0.5,0.1,8946,
2662,108608,-5.2,0.0,3.92,2,0.0,0.0,0.1,8946,
2663,108672,6.4,1.0,11.76,6,0.0,0.0,0.1,8948,
2664,108736,-4.2,0.0,3.92,2,0.5,0.0,0.1,8953,
2665,108736,-2.9,0.0,10.0,2,0.0,0.5,0.1,8953,
2666,108800,-4.5,0.0,9.8,5,0.4,0.2,0.1,8955,
2667,108864,-5.0,0.0,10.26,4,0.0,0.25,0.1,8963,
2668,108928,-5.6,0.0,11.76,6,0.0,0.5,0.1,8967,
2669,108928,-5.1,0.0,1.96,1,0.0,0.0,0.1,8967,
2670,108992,-4.2,0.0,3.92,2,0.0,0.5,0.1,8969,
2671,109120,-3.7,0.0,3.45,1,0.0,0.0,0.1,8976,
2672,109184,-5.5,0.0,9.8,5,0.2,0.2,0.1,8979,
2673,109248,-5.3,0.0,5.88,3,0.0,0.6667,0.1,8986,
2674,109248,-3.4,0.0,17.39,4,0.25,0.25,0.1,8986,
2675,109312,-1.1,0.0,27.27,3,0.3333,0.0,0.1,8989,
2676,109312,-4.4,0.0,7.84,4,0.25,0.0,0.1,8989,
2677,109312,-5.2,0.0,3.92,2,0.0,0.5,0.1,8989,
2678,109504,-4.7,0.0,13.73,7,0.1429,0.0,0.1,9002,
2679,109568,-3.9,0.0,6.67,2,0.0,0.5,0.1,9008,
2680,109568,-5.0,0.0,13.16,5,0.0,0.4,0.1,9008,
2681,109568,-4.2,0.0,3.92,2,0.5,0.0,0.1,9008,
2682,109568,-5.3,0.0,5.88,3,0.0,0.6667,0.1,9008,
2683,109632,-4.5,0.0,9.8,5,0.0,0.0,0.1,9014,
2684,109632,10.7,1.0,7.69,1,0.0,0.0,0.1,9014,
2685,109632,-5.1,0.0,1.96,1,1.0,0.0,0.1,9014,
2686,109632,-4.5,0.0,8.57,3,0.3333,0.0,0.1,9014,
2687,109696,-5.6,0.0,11.76,6,0.0,0.5,0.1,9021,
2688,109696,-1.4,0.0,16.67,1,0.0,0.0,0.1,9021,
2689,109760,-4.5,0.0,5.56,2,0.0,0.0,0.1,9027,
2690,109824,-2.9,0.0,15.79,3,0.3333,0.3333,0.1,9031,
2691,109824,-4.5,0.0,9.8,5,0.0,0.2,0.1,9031,
2692,109824,11.3,1.0,0.0,0,,,0.1,9031,
2693,109824,-4.2,0.0,3.92,2,0.5,0.0,0.1,9031,
2694,109888,-5.2,0.0,3.92,2,0.0,0.0,0.1,9035,
2695,109888,-1.1,0.0,33.33,1,0.0,0.0,0.1,9035,
2696,110016,-4.5,0.0,9.8,5,0.0,0.0,0.1,9045,
2697,110080,-5.3,0.0,5.88,3,0.0,0.6667,0.1,9051,
2698,110080,-2.5,0.0,5.88,1,0.0,0.0,0.1,9051,
2699,110080,-4.3,0.0,5.88,3,0.0,0.0,0.1,9051,
2700,110144,-4.1,0.0,1.96,1,0.0,0.0,0.1,9055,
2701,110144,-2.5,0.0,20.0,3,0.0,0.3333,0.1,9055,
2702,110144,-4.6,0.0,11.76,6,0.1667,0.3333,0.1,9055,
2703,110208,-5.2,0.0,3.92,2,0.0,0.5,0.1,9058,
2704,110272,-3.8,0.0,2.5,1,0.0,0.0,0.1,9063,
2705,110272,-5.6,0.0,8.89,4,0.0,0.0,0.1,9063,
2706,110272,-5.3,0.0,5.88,3,0.0,0.3333,0.1,9063,
2707,110336,-3.8,0.0,3.33,1,0.0,0.0,0.1,9065,
2708,110336,-4.3,0.0,5.88,3,0.0,1.0,0.1,9065,
2709,110464,-5.3,0.0,5.88,3,0.3333,0.0,0.1,9072,
2710,110464,-4.5,0.0,4.35,2,0.0,0.5,0.1,9072,
2711,110464,-5.0,0.0,0.0,0,,,0.1,9072,
2712,110528,-1.9,0.0,20.0,2,0.0,0.0,0.1,9074,
2713,110592,-5.5,0.0,4.35,2,0.0,0.0,0.1,9076,
2714,110592,-4.1,0.0,1.96,1,0.0,0.0,0.1,9076,
2715,110656,-5.1,0.0,1.96,1,0.0,0.0,0.1,9080,
2716,110656,6.7,1.0,8.0,4,0.0,0.75,0.1,9080,
2717,110656,-5.1,0.0,1.96,1,0.0,0.0,0.1,9080,
2718,110656,6.8,1.0,10.42,5,0.0,0.4,0.1,9080,
2719,110784,-1.9,0.0,9.09,1,0.0,0.0,0.1,9086,
2720,110784,-3.3,0.0,8.33,2,0.0,0.0,0.1,9086,
2721,110848,-1.9,0.0,9.09,1,0.0,0.0,0.1,9093,
2722,110848,-4.6,0.0,11.76,6,0.0,0.6667,0.1,9093,
2723,110912,-5.4,0.0,7.84,4,0.0,0.25,0.1,9097,
2724,111040,-4.6,0.0,8.33,3,0.0,0.3333,0.1,9103,
2725,111040,-4.5,0.0,9.8,5,0.0,0.2,0.1,9103,
2726,111104,-4.9,0.0,2.44,1,0.0,0.0,0.1,9109,
2727,111168,-3.2,0.0,4.17,1,0.0,0.0,0.1,9120,
2728,111168,-3.2,0.0,4.17,1,0.0,0.0,0.1,9120,
2729,111168,-3.1,0.0,4.35,1,0.0,0.0,0.1,9120,
2730,111168,-2.3,0.0,14.29,2,0.0,0.0,0.1,9120,
2731,111232,-5.0,0.0,0.0,0,,,0.1,9128,
2732,111296,-6.1,0.0,10.2,5,0.0,0.2,0.1,9134,
2733,111360,-5.1,0.0,1.96,1,1.0,0.0,0.1,9135,
2734,111360,-4.3,0.0,5.88,3,0.3333,0.3333,0.1,9135,
2735,111424,-6.3,0.0,9.8,5,0.0,0.6,0.1,9139,
2736,111552,-4.3,0.0,5.88,3,0.0,0.3333,0.1,9145,
2737,111552,-1.3,0.0,6.67,1,0.0,0.0,0.1,9145,
2738,111616,-5.6,0.0,6.52,3,0.0,0.0,0.1,9146,
2739,111680,-5.4,0.0,7.84,4,0.0,0.25,0.1,9150,
2740,111744,-5.2,0.0,3.92,2,0.0,0.0,0.1,9154,
2741,111744,-5.4,0.0,7.84,4,0.0,0.5,0.1,9154,
2742,111744,-5.2,0.0,3.92,2,0.0,0.0,0.1,9154,
2743,111744,-3.9,0.0,6.67,2,0.0,0.0,0.1,9154,
2744,111744,-3.3,0.0,8.33,2,0.0,0.0,0.1,9154,
2745,111872,-5.0,0.0,19.61,10,0.0,0.2,0.1,9163,
2746,111936,-4.1,0.0,3.03,1,0.0,0.0,0.1,9165,
2747,112000,-5.1,0.0,2.33,1,0.0,0.0,0.1,9172,
2748,112000,-4.4,0.0,7.84,4,0.0,0.5,0.1,9172,
2749,112064,-3.6,0.0,3.57,1,0.0,0.0,0.1,9176,
2750,112128,-3.4,0.0,3.85,1,0.0,0.0,0.1,9179,
2751,112128,-4.6,0.0,11.76,6,0.0,0.3333,0.1,9179,
2752,112128,-0.2,0.0,25.0,1,0.0,0.0,0.1,9179,
2753,112192,-2.9,0.0,4.76,1,0.0,0.0,0.1,9184,
2754,112192,-4.5,0.0,9.8,5,0.4,0.2,0.1,9184,
2755,112192,-5.4,0.0,7.84,4,0.0,0.5,0.1,9184,
2756,112320,-5.0,0.0,7.5,3,0.0,0.0,0.1,9187,
2757,112384,-3.0,0.0,22.22,6,0.1667,0.1667,0.1,9190,
2758,112384,-5.2,0.0,3.92,2,0.0,0.0,0.1,9190,
2759,112384,-3.5,0.0,12.0,3,0.0,0.3333,0.1,9190,
2760,112576,-3.0,0.0,4.55,1,0.0,0.0,0.1,9200,
2761,112576,-4.3,0.0,5.88,3,0.0,1.0,0.1,9200,
2762,112768,-5.0,0.0,0.0,0,,,0.1,9206,
2763,112832,-6.0,0.0,3.92,2,0.5,0.0,0.1,9211,
2764,112832,-5.2,0.0,3.92,2,0.0,0.5,0.1,9211,
2765,112832,-5.1,0.0,1.96,1,0.0,1.0,0.1,9211,
2766,112832,-5.4,0.0,7.84,4,0.0,0.25,0.1,9211,
2767,112896,-5.2,0.0,3.92,2,0.0,0.5,0.1,9214,
2768,112896,-4.2,0.0,3.92,2,0.0,0.5,0.1,9214,
2769,113024,-2.4,0.0,6.25,1,0.0,0.0,0.1,9220,
2770,113024,-4.2,0.0,2.94,1,0.0,0.0,0.1,9220,
2771,113088,-4.5,0.0,9.8,5,0.2,0.0,0.1,9224,
2772,113088,-5.1,0.0,10.0,4,0.0,0.25,0.1,9224,
2773,113088,-5.6,0.0,11.76,6,0.3333,0.1667,0.1,9224,
2774,113088,-1.9,0.0,9.09,1,0.0,0.0,0.1,9224,
2775,113152,-5.0,0.0,0.0,0,,,0.1,9224,
2776,113216,-4.9,0.0,5.0,2,0.5,0.0,0.1,9229,
2777,113216,-4.1,0.0,6.25,2,0.0,0.0,0.1,9229,
2778,113280,-5.2,0.0,3.92,2,0.0,1.0,0.1,9235,
2779,113344,-5.1,0.0,1.96,1,0.0,0.0,0.1,9238,
2780,113344,-5.2,0.0,3.92,2,0.0,0.5,0.1,9238,
2781,113408,-5.7,0.0,13.73,7,0.0,0.0,0.1,9244,
2782,113408,-2.8,0.0,10.53,2,0.0,0.0,0.1,9244,
2783,113408,-5.2,0.0,3.92,2,0.0,0.0,0.1,9244,
2784,113472,-2.9,0.0,4.76,1,0.0,0.0,0.1,9249,
2785,113472,-4.0,0.0,10.0,3,0.0,0.3333,0.1,9249,
2786,113536,-5.0,0.0,0.0,0,,,0.1,9251,
2787,113600,-5.1,0.0,1.96,1,0.0,1.0,0.1,9254,
2788,113600,-4.3,0.0,5.88,3,0.0,0.6667,0.1,9254,
2789,113728,-5.1,0.0,1.96,1,0.0,0.0,0.1,9262,
2790,113728,-5.2,0.0,7.14,3,0.0,0.0,0.1,9262,
2791,113728,-5.1,0.0,1.96,1,0.0,0.0,0.1,9262,
2792,113856,-5.0,0.0,0.0,0,,,0.1,9268,
2793,113920,-1.6,0.0,12.5,1,0.0,0.0,0.1,9270,
2794,113920,-4.1,0.0,1.96,1,0.0,0.0,0.1,9270,
2795,113920,6.8,1.0,17.78,8,0.0,0.5,0.1,9270,
2796,113920,-4.4,0.0,7.84,4,0.0,0.5,0.1,9270,
2797,114048,-5.4,0.0,7.84,4,0.25,0.25,0.1,9273,
2798,114176,-5.4,0.0,7.84,4,0.0,0.5,0.1,9280,
2799,114176,-1.8,0.0,10.0,1,0.0,0.0,0.1,9280,
2800,114240,-2.1,0.0,16.67,2,0.0,0.0,0.1,9285,
2801,114304,10.7,1.0,0.0,0,,,0.1,9289,
2802,114304,-2.7,0.0,11.11,2,0.0,0.0,0.1,9289,
2803,114304,-4.9,0.0,5.0,2,0.0,0.0,0.1,9289,
2804,114304,8.6,1.0,0.0,0,,,0.1,9289,
2805,114368,-5.1,0.0,1.96,1,0.0,0.0,0.1,9291,
2806,114432,-5.3,0.0,5.88,3,0.6667,0.0,0.1,9295,
2807,114432,-5.2,0.0,3.92,2,0.5,0.0,0.1,9295,
2808,114496,-5.1,0.0,1.96,1,0.0,0.0,0.1,9295,
2809,114560,-6.1,0.0,8.0,4,0.0,0.25,0.1,9302,
2810,114560,-5.2,0.0,3.92,2,0.0,0.5,0.1,9302,
2811,114624,8.0,1.0,7.89,3,0.0,0.0,0.1,9306,
2812,114624,-5.1,0.0,1.96,1,0.0,1.0,0.1,9306,
2813,114688,-4.2,0.0,3.92,2,0.0,0.0,0.1,9311,
2814,114688,-4.5,0.0,5.56,2,0.0,0.0,0.1,9311,
2815,114816,-4.0,0.0,6.45,2,0.0,0.0,0.1,9319,
2816,114816,-5.4,0.0,7.84,4,0.0,0.25,0.1,9319,
2817,114816,-4.9,0.0,2.44,1,0.0,0.0,0.1,9319,
2818,114816,-1.6,0.0,12.5,1,0.0,0.0,0.1,9319,
2819,114880,-5.5,0.0,9.8,5,0.2,0.2,0.1,9322,
2820,114880,-1.5,0.0,12.5,2,0.0,0.0,0.1,9322,
2821,114944,-5.4,0.0,7.84,4,0.0,0.75,0.1,9327,
2822,115008,-4.2,0.0,3.92,2,0.0,0.0,0.1,9331,
2823,115008,-5.1,0.0,1.96,1,0.0,0.0,0.1,9331,
2824,115008,-5.0,0.0,0.0,0,,,0.1,9331,
2825,115008,-5.2,0.0,3.92,2,0.0,0.0,0.1,9331,
2826,115072,-2.7,0.0,3.45,1,0.0,0.0,0.1,9335,
2827,115200,-4.2,0.0,3.92,2,0.0,0.0,0.1,9340,
2828,115264,-3.0,0.0,9.52,2,0.0,0.0,0.1,9343,
2829,115264,-5.5,0.0,9.8,5,0.2,0.2,0.1,9343,
2830,115328,-1.4,0.0,6.25,1,0.0,0.0,0.1,9345,
2831,115392,-5.0,0.0,0.0,0,,,0.1,9346,
2832,115392,-5.0,0.0,0.0,0,,,0.1,9346,
2833,115392,8.2,1.0,0.0,0,,,0.1,9346,
2834,115456,-1.4,0.0,13.33,2,0.0,0.0,0.1,9348,
2835,115520,-4.4,0.0,12.12,4,0.0,0.0,0.1,9355,
2836,115520,-2.7,0.0,5.26,1,0.0,0.0,0.1,9355,
2837,115584,-5.0,0.0,0.0,0,,,0.1,9359,
2838,115648,-5.1,0.0,1.96,1,0.0,0.0,0.1,9362,
2839,115648,-2.7,0.0,5.26,1,0.0,0.0,0.1,9362,
2840,115712,-4.4,0.0,4.44,2,0.0,0.0,0.1,9366,
2841,115712,-3.1,0.0,9.09,2,0.0,0.0,0.1,9366,
2842,115840,-5.1,0.0,1.96,1,0.0,0.0,0.1,9374,
2843,115840,-3.8,0.0,5.13,2,0.0,0.0,0.1,9374,
2844,115840,-5.3,0.0,5.88,3,0.0,1.0,0.1,9374,
2845,115904,-4.4,0.0,2.78,1,0.0,0.0,0.1,9378,
2846,115968,-4.1,0.0,6.25,2,0.0,0.0,0.1,9382,
2847,116032,-4.3,0.0,5.88,3,0.0,0.6667,0.1,9386,
2848,116096,-4.4,0.0,8.82,3,0.0,0.0,0.1,9392,
2849,116096,-5.5,0.0,9.8,5,0.0,0.6,0.1,9392,
2850,116096,-5.2,0.0,3.92,2,1.0,0.0,0.1,9392,
2851,116096,-5.7,0.0,13.64,6,0.0,0.1667,0.1,9392,
2852,116160,-5.0,0.0,0.0,0,,,0.1,9394,
2853,116288,-5.2,0.0,3.92,2,0.0,0.0,0.1,9400,
2854,116288,-4.0,0.0,2.38,1,0.0,0.0,0.1,9400,
2855,116288,-5.2,0.0,3.92,2,0.5,0.5,0.1,9400,
2856,116352,-5.2,0.0,3.92,2,0.5,0.0,0.1,9404,
2857,116352,-5.0,0.0,0.0,0,,,0.1,9404,
2858,116352,-5.5,0.0,9.8,5,0.2,0.0,0.1,9404,
2859,116352,-5.4,0.0,7.84,4,0.0,0.25,0.1,9404,
2860,116480,-5.5,0.0,9.8,5,0.0,0.2,0.1,9411,
2861,116608,-5.2,0.0,3.92,2,0.0,0.0,0.1,9417,
2862,116672,-4.4,0.0,2.78,1,0.0,0.0,0.1,9421,
2863,116736,-5.4,0.0,7.84,4,0.0,0.0,0.1,9423,
2864,116864,-2.7,0.0,11.11,2,0.0,0.5,0.1,9432,
2865,116928,-2.4,0.0,6.25,1,0.0,0.0,0.1,9437,
2866,116992,-4.5,0.0,9.8,5,0.2,0.0,0.1,9442,
2867,116992,-5.7,0.0,13.73,7,0.0,0.1429,0.1,9442,
2868,116992,-5.2,0.0,3.92,2,0.0,0.0,0.1,9442,
2869,117184,-4.1,0.0,1.96,1,0.0,0.0,0.1,9453,
2870,117312,9.3,1.0,0.0,0,,,0.1,9459,
2871,117312,-4.1,0.0,1.96,1,0.0,0.0,0.1,9459,
2872,117376,-4.2,0.0,2.27,1,0.0,0.0,0.1,9461,
2873,117440,-5.0,0.0,0.0,0,,,0.1,9470,
2874,117440,-5.2,0.0,3.92,2,0.0,0.0,0.1,9470,
2875,117440,-4.6,0.0,2.63,1,0.0,0.0,0.1,9470,
2876,117440,-3.1,0.0,9.68,3,0.0,0.6667,0.1,9470,
2877,117440,-3.1,0.0,41.18,7,0.1429,0.0,0.1,9470,
2878,117504,-3.1,0.0,9.09,2,0.0,0.0,0.1,9479,
2879,117504,-5.2,0.0,3.92,2,0.5,0.0,0.1,9479,
2880,117504,-5.6,0.0,16.67,7,0.2857,0.1429,0.1,9479,
2881,117632,6.9,1.0,10.64,5,0.0,0.2,0.1,9485,
2882,117696,-5.9,0.0,10.64,5,0.0,0.2,0.1,9490,
2883,117696,-4.1,0.0,1.96,1,0.0,0.0,0.1,9490,
2884,117696,-3.3,0.0,4.0,1,0.0,0.0,0.1,9490,
2885,117824,-5.4,0.0,7.84,4,0.0,0.5,0.1,9493,
2886,117888,-5.4,0.0,7.84,4,0.0,0.0,0.1,9497,
2887,117952,-5.8,0.0,4.08,2,0.0,0.0,0.1,9500,
2888,117952,-5.2,0.0,3.92,2,0.0,0.5,0.1,9500,
2889,118016,-5.2,0.0,10.0,5,0.0,0.0,0.1,9508,
2890,118016,-2.4,0.0,6.25,1,0.0,0.0,0.1,9508,
2891,118016,-1.6,0.0,12.5,1,0.0,0.0,0.1,9508,
2892,118080,7.5,1.0,15.0,6,0.0,0.5,0.1,9513,
2893,118080,-4.5,0.0,9.8,5,0.0,0.0,0.1,9513,
2894,118080,-5.9,0.0,8.33,4,0.0,0.25,0.1,9513,
2895,118144,-4.1,0.0,1.96,1,0.0,1.0,0.1,9515,
2896,118144,-4.6,0.0,11.76,6,0.1667,0.5,0.1,9515,
2897,118208,-4.4,0.0,7.84,4,0.0,0.0,0.1,9517,
2898,118272,-5.3,0.0,5.88,3,0.3333,0.3333,0.1,9523,
2899,118272,-2.5,0.0,20.0,3,0.0,0.0,0.1,9523,
2900,118272,-5.6,0.0,4.26,2,0.0,0.5,0.1,9523,
2901,118272,-5.3,0.0,5.88,3,0.0,0.0,0.1,9523,
2902,118336,-5.4,0.0,7.84,4,0.0,0.25,0.1,9527,
2903,118400,-3.9,0.0,5.0,2,0.5,0.0,0.1,9532,
2904,118464,-5.3,0.0,5.88,3,0.0,0.3333,0.1,9536,
2905,118528,-5.3,0.0,5.88,3,0.3333,0.0,0.1,9540,
2906,118528,-2.2,0.0,4.17,1,0.0,0.0,0.1,9540,
2907,118592,-4.2,0.0,6.06,2,0.5,0.0,0.1,9543,
2908,118592,-5.0,0.0,0.0,0,,,0.1,9543,
2909,118656,-5.4,0.0,7.84,4,0.0,0.0,0.1,9546,
2910,118656,-5.6,0.0,11.76,6,0.0,0.1667,0.1,9546,
2911,118656,-5.3,0.0,5.88,3,0.3333,0.0,0.1,9546,
2912,118848,-5.0,0.0,0.0,0,,,0.1,9556,
2913,118848,7.5,1.0,6.98,3,0.0,0.0,0.1,9556,
2914,118912,-5.0,0.0,0.0,0,,,0.1,9560,
2915,118912,-5.4,0.0,7.84,4,0.0,0.0,0.1,9560,
2916,118976,-5.4,0.0,7.84,4,0.25,0.0,0.1,9567,
2917,118976,-2.5,0.0,12.5,2,0.0,0.0,0.1,9567,
2918,118976,-2.8,0.0,5.0,1,0.0,0.0,0.1,9567,
2919,119040,-5.0,0.0,6.0,3,0.0,0.0,0.1,9569,
2920,119104,-2.9,0.0,10.0,2,0.0,0.0,0.1,9574,
2921,119104,-4.2,0.0,3.92,2,0.0,0.5,0.1,9574,
2922,119168,-3.1,0.0,4.35,1,0.0,0.0,0.1,9576,
2923,119232,-5.1,0.0,1.96,1,0.0,0.0,0.1,9578,
2924,119232,10.5,1.0,6.67,1,0.0,0.0,0.1,9578,
2925,119296,-5.2,0.0,3.92,2,0.0,0.0,0.1,9579,
2926,119360,-5.0,0.0,0.0,0,,,0.1,9582,
2927,119424,-2.4,0.0,13.33,2,0.0,0.0,0.1,9584,
2928,119424,-5.5,0.0,9.8,5,0.0,0.6,0.1,9584,
2929,119488,-3.3,0.0,8.33,2,0.5,0.0,0.1,9586,
2930,119552,-4.0,0.0,3.12,1,0.0,0.0,0.1,9591,
2931,119552,-4.7,0.0,13.73,7,0.1429,0.4286,0.1,9591,
2932,119552,-5.2,0.0,3.92,2,0.0,0.5,0.1,9591,
2933,119552,-2.8,0.0,5.0,1,0.0,0.0,0.1,9591,
2934,119552,-4.2,0.0,3.92,2,0.0,0.0,0.1,9591,
2935,119616,-5.2,0.0,3.92,2,0.0,0.0,0.1,9595,
2936,119616,-5.0,0.0,0.0,0,,,0.1,9595,
2937,119616,-5.0,0.0,0.0,0,,,0.1,9595,
2938,119872,-5.3,0.0,5.88,3,0.0,0.3333,0.1,9614,
2939,119872,8.5,1.0,5.88,2,0.0,0.5,0.1,9614,
2940,119936,-5.4,0.0,7.84,4,0.0,0.5,0.1,9620,
2941,120000,-1.3,0.0,14.29,2,0.0,0.0,0.1,9624,
2942,120000,-4.3,0.0,5.88,3,0.3333,0.0,0.1,9624,
2943,120128,-5.0,0.0,0.0,0,,,0.1,9630,
2944,120192,-5.5,0.0,9.8,5,0.2,0.2,0.1,9634,
2945,120256,-4.3,0.0,5.88,3,0.3333,0.3333,0.1,9636,
2946,120256,-2.9,0.0,4.76,1,0.0,0.0,0.1,9636,
2947,120320,-3.0,0.0,17.86,5,0.0,0.0,0.1,9639,
2948,120448,-4.3,0.0,5.88,3,0.3333,0.3333,0.1,9650,
2949,120512,-4.1,0.0,12.82,5,0.2,0.0,0.1,9654,
2950,120576,-5.4,0.0,7.84,4,0.0,0.25,0.1,9658,
2951,120576,-4.0,0.0,6.45,2,0.0,0.0,0.1,9658,
2952,120640,-5.3,0.0,5.88,3,0.0,0.0,0.1,9659,
2953,120704,-5.3,0.0,5.88,3,0.0,0.0,0.1,9665,
2954,120704,-4.1,0.0,1.96,1,0.0,1.0,0.1,9665,
2955,120704,-5.4,0.0,7.84,4,0.25,0.0,0.1,9665,
2956,120704,-2.1,0.0,7.69,1,0.0,0.0,0.1,9665,
2957,120704,-4.2,0.0,3.92,2,0.0,0.5,0.1,9665,
2958,120704,-5.2,0.0,3.92,2,0.0,0.0,0.1,9665,
2959,120768,-5.2,0.0,3.92,2,0.0,0.0,0.1,9670,
2960,120896,-5.1,0.0,1.96,1,0.0,0.0,0.1,9681,
2961,120896,-3.0,0.0,4.55,1,0.0,0.0,0.1,9681,
2962,121024,-5.1,0.0,4.76,2,0.0,0.0,0.1,9690,
2963,121088,-2.7,0.0,5.26,1,0.0,0.0,0.1,9693,
2964,121152,-5.2,0.0,3.92,2,0.5,0.0,0.1,9694,
2965,121280,-5.3,0.0,5.88,3,0.0,0.3333,0.1,9699,
2966,121280,-5.5,0.0,9.8,5,0.0,0.4,0.1,9699,
2967,121280,-5.2,0.0,17.02,8,0.125,0.25,0.1,9699,
2968,121344,-4.3,0.0,5.88,3,0.0,0.3333,0.1,9703,
2969,121344,-5.0,0.0,0.0,0,,,0.1,9703,
2970,121344,-5.3,0.0,5.88,3,0.3333,0.0,0.1,9703,
2971,121408,-5.8,0.0,8.51,4,0.0,0.25,0.1,9707,
2972,121408,-5.1,0.0,1.96,1,0.0,1.0,0.1,9707,
2973,121408,-4.2,0.0,6.06,2,0.0,0.5,0.1,9707,
2974,121408,-4.0,0.0,0.0,0,,,0.1,9707,
2975,121472,-4.1,0.0,1.96,1,0.0,0.0,0.1,9711,
2976,121536,-4.2,0.0,3.92,2,0.0,1.0,0.1,9714,
2977,121536,-5.4,0.0,4.44,2,0.0,0.0,0.1,9714,
2978,121536,-5.3,0.0,9.52,4,0.0,0.0,0.1,9714,
2979,121600,-1.3,0.0,20.0,1,0.0,0.0,0.1,9719,
2980,121728,-4.1,0.0,3.03,1,0.0,0.0,0.1,9725,
2981,121792,-5.5,0.0,9.8,5,0.2,0.0,0.1,9730,
2982,121792,-5.2,0.0,4.65,2,0.0,0.5,0.1,9730,
2983,121856,-3.0,0.0,4.55,1,0.0,0.0,0.1,9737,
2984,121856,-5.4,0.0,2.17,1,0.0,0.0,0.1,9737,
2985,121856,-4.8,0.0,7.89,3,0.0,0.0,0.1,9737,
2986,121856,-5.3,0.0,5.88,3,0.0,0.0,0.1,9737,
2987,121920,-5.1,0.0,1.96,1,0.0,0.0,0.1,9741,
2988,121920,-5.2,0.0,3.92,2,0.5,0.0,0.1,9741,
2989,121984,-4.9,0.0,10.53,4,0.25,0.5,0.1,9745,
2990,122048,-0.5,0.0,14.29,1,0.0,0.0,0.1,9748,
2991,122112,-3.3,0.0,4.0,1,0.0,0.0,0.1,9751,
2992,122112,-4.1,0.0,10.0,4,0.0,0.0,0.1,9751,
2993,122112,-4.5,0.0,9.8,5,0.2,0.4,0.1,9751,
2994,122176,-5.0,0.0,4.88,2,0.0,0.0,0.1,9754,
2995,122240,-2.4,0.0,13.33,2,0.5,0.0,0.1,9759,
2996,122240,-5.3,0.0,5.88,3,0.0,0.0,0.1,9759,
2997,122240,-4.2,0.0,3.92,2,0.5,0.0,0.1,9759,
2998,122240,-5.1,0.0,1.96,1,0.0,0.0,0.1,9759,
2999,122368,-5.0,0.0,0.0,0,,,0.1,9763,
3000,122432,-1.3,0.0,6.67,1,0.0,0.0,0.1,9766,
3001,122432,-5.3,0.0,5.88,3,0.0,0.3333,0.1,9766,
3002,122496,-5.5,0.0,9.8,5,0.0,0.0,0.1,9769,
3003,122496,-5.3,0.0,5.88,3,0.6667,0.0,0.1,9769,
3004,122560,-2.6,0.0,5.56,1,0.0,0.0,0.1,9773,
3005,122624,-2.9,0.0,6.67,2,0.0,0.5,0.1,9781,
3006,122624,-4.5,0.0,9.8,5,0.0,0.0,0.1,9781,
3007,122688,-5.3,0.0,5.88,3,0.0,0.0,0.1,9781,
3008,122752,-5.0,0.0,10.26,4,0.0,0.25,0.1,9782,
3009,122816,-3.7,0.0,15.38,4,0.0,0.25,0.1,9784,
3010,122816,-5.1,0.0,1.96,1,0.0,0.0,0.1,9784,
3011,122816,-4.5,0.0,9.8,5,0.2,0.2,0.1,9784,
3012,122880,-5.2,0.0,3.92,2,0.0,0.5,0.1,9787,
3013,122880,-5.4,0.0,7.84,4,0.0,0.25,0.1,9787,
3014,123200,-3.2,0.0,13.64,3,0.0,0.0,0.1,9807,
3015,123200,-5.3,0.0,5.88,3,0.0,0.3333,0.1,9807,
3016,123264,-5.4,0.0,7.84,4,0.25,0.75,0.1,9809,
3017,123264,-5.3,0.0,5.88,3,0.0,0.3333,0.1,9809,
3018,123328,-4.0,0.0,6.45,2,0.0,0.0,0.1,9816,
3019,123392,-5.2,0.0,3.92,2,0.0,1.0,0.1,9820,
3020,123456,-5.2,0.0,3.92,2,0.0,0.5,0.1,9820,
3021,123520,-4.0,0.0,0.0,0,,,0.1,9826,
3022,123520,-2.3,0.0,6.67,1,0.0,0.0,0.1,9826,
3023,123584,-4.2,0.0,3.92,2,0.0,0.0,0.1,9830,
3024,123584,-4.6,0.0,4.26,2,0.0,0.0,0.1,9830,
3025,123584,8.6,1.0,0.0,0,,,0.1,9830,
3026,123648,-1.7,0.0,11.11,2,0.5,0.0,0.1,9837,
3027,123648,-3.5,0.0,8.57,3,0.3333,0.0,0.1,9837,
3028,123648,-2.0,0.0,4.55,1,0.0,0.0,0.1,9837,
3029,123648,-5.5,0.0,4.35,2,0.0,0.5,0.1,9837,
3030,123648,-2.1,0.0,7.69,1,0.0,0.0,0.1,9837,
3031,123712,-3.5,0.0,12.0,3,0.0,0.0,0.1,9845,
3032,123840,-3.4,0.0,8.0,2,0.0,0.0,0.1,9854,
3033,123840,-4.6,0.0,11.76,6,0.0,0.1667,0.1,9854,
3034,123904,-5.2,0.0,3.92,2,0.0,0.0,0.1,9856,
3035,123968,-5.2,0.0,3.92,2,0.0,0.5,0.1,9859,
3036,123968,-5.4,0.0,7.84,4,0.0,0.5,0.1,9859,
3037,123968,-4.2,0.0,3.92,2,0.0,0.0,0.1,9859,
3038,123968,-5.4,0.0,7.84,4,0.25,0.25,0.1,9859,
3039,123968,8.8,1.0,0.0,0,,,0.1,9859,
3040,124032,-4.3,0.0,2.86,1,0.0,0.0,0.1,9863,
3041,124032,-5.1,0.0,1.96,1,0.0,0.0,0.1,9863,
3042,124160,-4.5,0.0,9.8,5,0.4,0.0,0.1,9873,
3043,124160,-4.4,0.0,7.84,4,0.25,0.25,0.1,9873,
3044,124224,-4.4,0.0,2.78,1,0.0,0.0,0.1,9875,
3045,124288,-4.5,0.0,9.8,5,0.2,0.2,0.1,9879,
3046,124352,-5.1,0.0,1.96,1,1.0,0.0,0.1,9880,
3047,124416,-5.6,0.0,2.08,1,0.0,0.0,0.1,9884,
3048,124416,-4.2,0.0,7.14,3,0.0,0.0,0.1,9884,
3049,124544,-4.2,0.0,3.92,2,0.0,0.5,0.1,9890,
3050,124608,-1.8,0.0,10.0,1,0.0,0.0,0.1,9899,
3051,124608,-2.5,0.0,12.5,2,0.0,0.0,0.1,9899,
3052,124608,10.0,1.0,0.0,0,,,0.1,9899,
3053,124672,-5.3,0.0,5.88,3,0.3333,0.0,0.1,9903,
3054,124672,-5.1,0.0,1.96,1,0.0,0.0,0.1,9903,
3055,124800,-5.3,0.0,5.88,3,0.3333,0.3333,0.1,9910,
3056,124800,-5.3,0.0,5.88,3,0.0,0.0,0.1,9910,
3057,124800,-4.1,0.0,1.96,1,0.0,0.0,0.1,9910,
3058,124864,8.0,1.0,7.89,3,0.0,0.3333,0.1,9914,
3059,125056,-3.6,0.0,3.57,1,0.0,0.0,0.1,9929,
3060,125056,-2.1,0.0,7.69,1,0.0,0.0,0.1,9929,
3061,125120,-5.7,0.0,13.73,7,0.1429,0.1429,0.1,9932,
3062,125120,-5.3,0.0,5.88,3,0.0,0.3333,0.1,9932,
3063,125120,-5.1,0.0,1.96,1,0.0,1.0,0.1,9932,
3064,125184,-4.2,0.0,3.92,2,0.5,0.5,0.1,9940,
3065,125184,-5.1,0.0,10.0,4,0.0,0.5,0.1,9940,
3066,125248,-5.0,0.0,0.0,0,,,0.1,9943,
3067,125312,-5.6,0.0,11.76,6,0.0,0.3333,0.1,9945,
3068,125376,-5.2,0.0,3.92,2,0.0,0.0,0.1,9948,
3069,125376,-4.6,0.0,11.76,6,0.3333,0.1667,0.1,9948,
3070,125440,-4.8,0.0,15.69,8,0.125,0.125,0.1,9952,
3071,125504,-4.3,0.0,5.88,3,0.0,0.0,0.1,9954,
3072,125504,-5.1,0.0,1.96,1,0.0,0.0,0.1,9954,
3073,125632,-5.6,0.0,11.76,6,0.0,0.1667,0.1,9964,
3074,125632,-3.9,0.0,3.23,1,0.0,0.0,0.1,9964,
3075,125696,-5.5,0.0,9.8,5,0.0,0.2,0.1,9969,
3076,125696,-4.2,0.0,2.94,1,0.0,0.0,0.1,9969,
3077,125760,-5.2,0.0,3.92,2,0.0,0.5,0.1,9970,
3078,125888,-3.8,0.0,2.5,1,0.0,0.0,0.1,9980,
3079,125888,-5.2,0.0,3.92,2,0.0,0.5,0.1,9980,
3080,125888,-2.6,0.0,11.76,2,0.0,0.5,0.1,9980,
3081,125952,-5.1,0.0,1.96,1,0.0,1.0,0.1,9984,
3082,126016,-5.3,0.0,5.88,3,0.0,0.3333,0.1,9987,
3083,126080,-5.4,0.0,7.84,4,0.0,0.25,0.1,9991,
3084,126080,6.4,1.0,11.76,6,0.0,0.3333,0.1,9991,
3085,126144,-5.2,0.0,3.92,2,0.0,0.0,0.1,9994,
3086,126144,-5.2,0.0,3.92,2,0.0,0.5,0.1,9994,
3087,126208,6.8,1.0,12.77,6,0.0,0.3333,0.1,9996,
3088,126272,-1.6,0.0,5.56,1,0.0,0.0,0.1,9999,
3089,126464,-5.3,0.0,5.88,3,0.0,0.3333,0.1,10011,
3090,126464,-3.9,0.0,10.34,3,0.3333,0.3333,0.1,10011,
3091,126528,-3.8,0.0,5.13,2,0.0,0.0,0.1,10015,
3092,126592,-5.5,0.0,17.07,7,0.0,0.0,0.1,10021,
3093,126592,7.1,1.0,11.11,5,0.2,0.2,0.1,10021,
3094,126656,-2.9,0.0,4.76,1,0.0,0.0,0.1,10027,
3095,126656,-5.0,0.0,0.0,0,,,0.1,10027,
3096,126656,-0.6,0.0,12.5,1,0.0,0.0,0.1,10027,
3097,126720,-4.0,0.0,3.12,1,0.0,0.0,0.1,10033,
3098,126720,-5.3,0.0,5.88,3,0.0,0.3333,0.1,10033,
3099,126784,-5.0,0.0,0.0,0,,,0.1,10036,
3100,126848,-5.4,0.0,7.84,4,0.0,0.0,0.1,10039,
3101,126848,-4.4,0.0,7.84,4,0.0,0.5,0.1,10039,
3102,126912,-5.5,0.0,9.8,5,0.0,0.4,0.1,10040,
3103,126912,-4.4,0.0,7.84,4,0.25,0.5,0.1,10040,
3104,126912,-5.0,0.0,0.0,0,,,0.1,10040,
3105,126912,-5.5,0.0,9.8,5,0.0,0.6,0.1,10040,
3106,126976,-3.2,0.0,4.17,1,0.0,0.0,0.1,10044,
3107,126976,-5.9,0.0,6.12,3,0.0,0.0,0.1,10044,
3108,127104,-4.7,0.0,5.26,2,0.0,0.0,0.1,10050,
3109,127104,-5.2,0.0,3.92,2,0.5,0.0,0.1,10050,
3110,127104,6.5,1.0,14.29,7,0.0,0.2857,0.1,10050,
3111,127168,-1.5,0.0,14.29,1,0.0,0.0,0.1,10052,
3112,127168,-5.5,0.0,9.8,5,0.2,0.0,0.1,10052,
3113,127232,-3.7,0.0,3.45,1,0.0,0.0,0.1,10058,
3114,127232,-2.4,0.0,13.33,2,0.0,0.5,0.1,10058,
3115,127232,-3.1,0.0,3.03,1,0.0,0.0,0.1,10058,
3116,127232,-5.4,0.0,7.84,4,0.0,0.0,0.1,10058,
3117,127232,-4.6,0.0,11.76,6,0.1667,0.1667,0.1,10058,
3118,127296,-3.7,0.0,7.14,2,0.0,0.0,0.1,10065,
3119,127296,11.5,1.0,0.0,0,,,0.1,10065,
3120,127296,-5.1,0.0,1.96,1,0.0,0.0,0.1,10065,
3121,127424,-3.5,0.0,8.57,3,0.0,0.0,0.1,10072,
3122,127424,-4.2,0.0,3.92,2,0.0,0.0,0.1,10072,
3123,127424,-5.3,0.0,5.88,3,0.0,0.3333,0.1,10072,
3124,127488,-5.6,0.0,8.89,4,0.0,0.0,0.1,10077,
3125,127488,-5.1,0.0,4.76,2,0.0,0.0,0.1,10077,
3126,127488,-2.0,0.0,8.33,1,0.0,0.0,0.1,10077,
3127,127552,-5.0,0.0,0.0,0,,,0.1,10080,
3128,127616,-4.2,0.0,6.06,2,0.0,0.0,0.1,10083,
3129,127616,-5.4,0.0,7.84,4,0.25,0.0,0.1,10083,
3130,127680,-5.3,0.0,5.88,3,0.0,0.0,0.1,10094,
3131,127680,-5.8,0.0,4.08,2,0.0,0.0,0.1,10094,
3132,127680,-4.1,0.0,1.96,1,0.0,1.0,0.1,10094,
3133,127680,-4.2,0.0,9.38,3,0.0,0.3333,0.1,10094,
3134,127680,-2.5,0.0,12.5,2,0.0,0.0,0.1,10094,
3135,127808,-1.9,0.0,20.0,2,0.0,0.5,0.1,10102,
3136,127808,-4.3,0.0,9.09,3,0.0,0.3333,0.1,10102,
3137,127872,-5.4,0.0,7.84,4,0.0,0.75,0.1,10105,
3138,127936,-1.8,0.0,10.0,1,0.0,0.0,0.1,10111,
3139,128064,-4.0,0.0,10.0,3,0.0,0.0,0.1,10119,
3140,128064,-5.1,0.0,1.96,1,1.0,0.0,0.1,10119,
3141,128128,-5.3,0.0,5.88,3,0.3333,0.3333,0.1,10123,
3142,128192,8.9,1.0,3.23,1,0.0,1.0,0.1,10127,
3143,128320,-6.0,0.0,3.92,2,0.0,0.0,0.1,10138,
3144,128320,-5.0,0.0,0.0,0,,,0.1,10138,
3145,128320,-2.6,0.0,11.76,2,0.0,0.0,0.1,10138,
3146,128384,-5.3,0.0,5.88,3,0.0,0.0,0.1,10139,
3147,128448,-5.1,0.0,1.96,1,0.0,1.0,0.1,10143,
3148,128512,-5.4,0.0,7.84,4,0.25,0.0,0.1,10147,
3149,128640,-5.3,0.0,5.88,3,0.0,0.3333,0.1,10157,
3150,128640,-4.0,0.0,22.22,6,0.0,0.1667,0.1,10157,
3151,128704,-3.7,0.0,3.45,1,0.0,0.0,0.1,10166,
3152,128704,-1.6,0.0,11.76,2,0.0,0.0,0.1,10166,
3153,128768,-4.2,0.0,6.06,2,0.0,0.5,0.1,10169,
3154,128832,-2.8,0.0,10.53,2,0.0,0.0,0.1,10172,
3155,128896,-5.2,0.0,3.92,2,0.5,0.5,0.1,10175,
3156,128960,-5.6,0.0,6.52,3,0.0,0.3333,0.1,10183,
3157,128960,-5.2,0.0,3.92,2,0.5,0.0,0.1,10183,
3158,128960,-2.8,0.0,5.0,1,0.0,0.0,0.1,10183,
3159,129024,-5.2,0.0,3.92,2,0.0,0.5,0.1,10186,
3160,129152,-5.2,0.0,3.92,2,0.0,0.0,0.1,10191,
3161,129152,-4.2,0.0,3.92,2,0.0,0.5,0.1,10191,
3162,129152,-5.2,0.0,3.92,2,0.5,0.0,0.1,10191,
3163,129216,-5.3,0.0,5.88,3,0.0,0.3333,0.1,10195,
3164,129216,-4.6,0.0,8.33,3,0.0,0.3333,0.1,10195,
3165,129280,-2.2,0.0,15.38,2,0.0,0.0,0.1,10197,
3166,129344,-4.2,0.0,3.92,2,0.0,1.0,0.1,10201,
3167,129344,-5.3,0.0,2.22,1,0.0,0.0,0.1,10201,
3168,129344,-4.4,0.0,7.84,4,0.0,0.25,0.1,10201,
3169,129408,-2.5,0.0,5.88,1,0.0,0.0,0.1,10207,
3170,129472,-4.6,0.0,5.41,2,0.0,0.5,0.1,10212,
3171,129536,-2.4,0.0,3.85,1,0.0,0.0,0.1,10219,
3172,129600,-2.4,0.0,13.33,2,0.0,0.0,0.1,10224,
3173,129728,7.8,1.0,13.16,5,0.0,0.4,0.1,10235,
3174,129728,-5.3,0.0,5.88,3,0.0,0.3333,0.1,10235,
3175,129728,-4.4,0.0,9.3,4,0.25,0.25,0.1,10235,
3176,129792,-5.8,0.0,15.69,8,0.125,0.125,0.1,10237,
3177,129792,-3.6,0.0,7.41,2,0.0,0.0,0.1,10237,
3178,129856,-5.2,0.0,3.92,2,0.0,0.0,0.1,10241,
3179,129856,-5.3,0.0,5.88,3,0.3333,0.0,0.1,10241,
3180,129920,-4.2,0.0,3.92,2,0.0,0.5,0.1,10242,
3181,129984,-3.9,0.0,7.69,3,0.0,0.3333,0.1,10249,
3182,130048,-4.2,0.0,3.92,2,0.0,0.0,0.1,10254,
3183,130048,-4.1,0.0,7.32,3,0.3333,0.0,0.1,10254,
3184,130112,-5.6,0.0,15.69,8,0.125,0.25,0.1,10258,
3185,130176,-5.4,0.0,11.9,5,0.0,0.0,0.1,10262,
3186,130176,-4.5,0.0,9.8,5,0.0,0.4,0.1,10262,
3187,130240,-5.1,0.0,1.96,1,0.0,0.0,0.1,10267,
3188,130240,-0.9,0.0,9.09,1,0.0,0.0,0.1,10267,
3189,130304,-5.2,0.0,9.76,4,0.0,0.25,0.1,10272,
3190,130368,-4.3,0.0,5.88,3,0.0,0.3333,0.1,10272,
3191,130368,-4.3,0.0,5.88,3,0.3333,0.6667,0.1,10272,
3192,130432,-5.2,0.0,3.92,2,0.0,0.5,0.1,10276,
3193,130496,-4.3,0.0,5.88,3,0.0,0.3333,0.1,10279,
3194,130496,-5.3,0.0,5.88,3,0.0,0.6667,0.1,10279,
3195,130496,-5.2,0.0,3.92,2,0.0,0.0,0.1,10279,
3196,130496,-5.1,0.0,1.96,1,0.0,0.0,0.1,10279,
3197,130560,-5.4,0.0,7.84,4,0.0,0.25,0.1,10283,
3198,130624,-3.4,0.0,8.0,2,0.0,0.0,0.1,10286,
3199,130688,-5.2,0.0,3.92,2,0.0,0.5,0.1,10290,
3200,130688,-2.2,0.0,15.38,2,0.0,0.0,0.1,10290,
3201,130688,-4.8,0.0,4.08,2,0.5,0.0,0.1,10290,
3202,130688,-4.4,0.0,7.84,4,0.25,0.5,0.1,10290,
3203,130752,-5.2,0.0,3.92,2,0.0,0.0,0.1,10295,
3204,130880,-1.9,0.0,9.09,1,0.0,0.0,0.1,10300,
3205,130944,-4.3,0.0,5.88,3,0.0,0.0,0.1,10301,
3206,130944,-4.1,0.0,1.96,1,0.0,1.0,0.1,10301,
3207,130944,-5.3,0.0,5.88,3,0.0,1.0,0.1,10301,
3208,131072,-5.2,0.0,3.92,2,0.0,0.5,0.1,10309,
3209,131072,-4.3,0.0,5.88,3,0.0,0.3333,0.1,10309,
3210,131136,-4.4,0.0,5.71,2,0.0,0.5,0.1,10312,
3211,131136,-5.8,0.0,8.51,4,0.0,0.25,0.1,10312,
3212,131136,-5.0,0.0,13.16,5,0.2,0.0,0.1,10312,
3213,131200,-0.8,0.0,10.0,1,0.0,0.0,0.1,10316,
3214,131200,-5.5,0.0,9.8,5,0.2,0.0,0.1,10316,
3215,131264,-3.3,0.0,8.33,2,0.0,0.0,0.1,10322,
3216,131264,-3.1,0.0,9.09,2,0.0,0.0,0.1,10322,
3217,131328,-5.3,0.0,5.88,3,0.3333,0.3333,0.1,10325,
3218,131328,-3.1,0.0,3.03,1,0.0,0.0,0.1,10325,
3219,131392,-3.2,0.0,13.64,3,0.3333,0.0,0.1,10331,
3220,131456,-5.4,0.0,11.76,6,0.0,0.1667,0.1,10334,
3221,131584,-5.3,0.0,5.88,3,0.3333,0.0,0.1,10342,
3222,131584,-4.6,0.0,11.76,6,0.0,0.5,0.1,10342,
3223,131584,-4.1,0.0,3.03,1,0.0,0.0,0.1,10342,
3224,131584,-2.9,0.0,10.34,3,0.0,0.3333,0.1,10342,
3225,131648,-3.5,0.0,3.7,1,0.0,0.0,0.1,10345,
3226,131648,-5.4,0.0,7.84,4,0.0,0.5,0.1,10345,
3227,131776,-4.2,0.0,3.92,2,0.0,0.5,0.1,10352,
3228,131904,-4.9,0.0,4.0,2,0.5,0.0,0.1,10361,
3229,131904,-2.0,0.0,8.33,1,0.0,0.0,0.1,10361,
3230,131904,-5.0,0.0,0.0,0,,,0.1,10361,
3231,132032,-5.3,0.0,5.88,3,0.0,0.0,0.1,10371,
3232,132096,-5.4,0.0,6.82,3,0.0,0.3333,0.1,10374,
3233,132096,-5.6,0.0,11.76,6,0.1667,0.3333,0.1,10374,
3234,132160,-4.7,0.0,5.26,2,0.0,0.0,0.1,10377,
3235,132224,-4.9,0.0,1.96,1,0.0,0.0,0.1,10381,
3236,132224,-5.2,0.0,3.92,2,0.0,0.0,0.1,10381,
3237,132224,-5.3,0.0,5.88,3,0.0,0.3333,0.1,10381,
3238,132352,-5.3,0.0,6.98,3,0.0,0.0,0.1,10389,
3239,132416,-5.3,0.0,5.88,3,0.3333,0.0,0.1,10392,
3240,132416,-5.4,0.0,7.84,4,0.0,0.25,0.1,10392,
3241,132416,-4.7,0.0,13.73,7,0.1429,0.0,0.1,10392,
3242,132480,-4.2,0.0,6.06,2,0.0,0.5,0.1,10397,
3243,132480,-3.7,0.0,7.14,2,0.0,0.5,0.1,10397,
3244,132480,-3.6,0.0,3.57,1,0.0,0.0,0.1,10397,
3245,132480,-5.5,0.0,9.8,5,0.4,0.4,0.1,10397,
3246,132544,-4.2,0.0,9.38,3,0.0,0.3333,0.1,10401,
3247,132544,-1.3,0.0,20.0,1,0.0,0.0,0.1,10401,
3248,132608,-4.9,0.0,5.0,2,0.0,0.0,0.1,10405,
3249,132608,-4.8,0.0,13.89,5,0.2,0.2,0.1,10405,
3250,132608,-6.2,0.0,7.84,4,0.0,0.0,0.1,10405,
3251,132608,-5.3,0.0,5.88,3,0.0,0.0,0.1,10405,
3252,132608,-5.3,0.0,5.88,3,0.0,0.3333,0.1,10405,
3253,132672,-5.1,0.0,1.96,1,0.0,1.0,0.1,10406,
3254,132800,-4.2,0.0,2.94,1,0.0,0.0,0.1,10412,
3255,132800,-2.3,0.0,14.29,2,0.0,0.0,0.1,10412,
3256,132928,-4.6,0.0,2.63,1,0.0,0.0,0.1,10417,
3257,132928,-1.9,0.0,9.09,1,0.0,0.0,0.1,10417,
3258,132992,11.1,1.0,11.11,1,0.0,0.0,0.1,10422,
3259,133056,-5.4,0.0,7.84,4,0.0,0.25,0.1,10424,
3260,133056,-5.2,0.0,3.92,2,0.5,0.0,0.1,10424,
3261,133120,-3.4,0.0,8.82,3,0.0,0.0,0.1,10430,
3262,133120,-2.9,0.0,3.23,1,0.0,0.0,0.1,10430,
3263,133312,-5.2,0.0,3.92,2,0.0,0.0,0.1,10444,
3264,133376,-5.4,0.0,7.84,4,0.5,0.0,0.1,10448,
3265,133376,-2.8,0.0,10.71,3,0.0,0.0,0.1,10448,
3266,133376,-3.7,0.0,5.26,2,0.0,0.5,0.1,10448,
3267,133440,-4.2,0.0,3.92,2,0.0,0.5,0.1,10452,
3268,133504,-5.3,0.0,6.98,3,0.3333,0.3333,0.1,10457,
3269,133504,-5.0,0.0,0.0,0,,,0.1,10457,
3270,133504,-5.5,0.0,9.8,5,0.0,0.4,0.1,10457,
3271,133632,-5.9,0.0,1.96,1,0.0,0.0,0.1,10467,
3272,133696,-2.7,0.0,17.65,3,0.0,0.0,0.1,10472,
3273,133696,-5.1,0.0,1.96,1,1.0,0.0,0.1,10472,
3274,133760,-5.3,0.0,5.88,3,0.0,0.6667,0.1,10473,
3275,133760,-5.1,0.0,1.96,1,0.0,0.0,0.1,10473,
3276,133888,11.8,1.0,0.0,0,,,0.1,10479,
3277,133888,-5.0,0.0,4.88,2,0.0,0.0,0.1,10479,
3278,133952,-5.2,0.0,3.92,2,0.0,0.5,0.1,10483,
3279,133952,-5.0,0.0,0.0,0,,,0.1,10483,
3280,133952,-4.0,0.0,7.5,3,0.0,0.3333,0.1,10483,
3281,134080,8.1,1.0,5.26,2,0.0,0.5,0.1,10493,
3282,134144,-5.0,0.0,0.0,0,,,0.1,10495,
3283,134208,-3.7,0.0,3.45,1,0.0,0.0,0.1,10497,
3284,134208,-6.1,0.0,12.5,6,0.1667,0.3333,0.1,10497,
3285,134208,-4.5,0.0,9.8,5,0.0,0.4,0.1,10497,
3286,134336,-5.4,0.0,7.84,4,0.0,0.25,0.1,10500,
3287,134336,-5.3,0.0,5.88,3,0.0,0.0,0.1,10500,
3288,134400,9.1,1.0,3.45,1,0.0,0.0,0.1,10501,
3289,134464,-5.4,0.0,7.84,4,0.25,0.0,0.1,10504,
3290,134464,-5.6,0.0,11.76,6,0.0,0.1667,0.1,10504,
3291,134528,-5.6,0.0,6.52,3,0.0,0.0,0.1,10507,
3292,134528,-5.4,0.0,7.84,4,0.0,0.5,0.1,10507,
3293,134592,-5.0,0.0,0.0,0,,,0.1,10510,
3294,134592,-4.5,0.0,2.7,1,0.0,0.0,0.1,10510,
3295,134592,-5.2,0.0,3.92,2,0.0,0.5,0.1,10510,
3296,134720,-4.5,0.0,9.8,5,0.2,0.4,0.1,10517,
3297,134720,-4.3,0.0,9.09,3,0.3333,0.0,0.1,10517,
3298,134720,-4.2,0.0,9.38,3,0.0,0.0,0.1,10517,
3299,134848,-4.2,0.0,3.92,2,0.0,0.5,0.1,10530,
3300,134848,-5.8,0.0,2.0,1,0.0,0.0,0.1,10530,
3301,134848,-5.2,0.0,3.92,2,0.0,0.5,0.1,10530,
3302,134848,-3.7,0.0,11.11,3,0.0,0.3333,0.1,10530,
3303,134912,-2.5,0.0,12.5,2,0.0,0.0,0.1,10535,
3304,134976,-4.6,0.0,5.41,2,0.0,0.0,0.1,10540,
3305,135040,-5.3,0.0,5.88,3,0.0,0.6667,0.1,10544,
3306,135168,-4.3,0.0,9.52,4,0.25,0.25,0.1,10553,
3307,135168,-4.0,0.0,3.12,1,0.0,0.0,0.1,10553,
3308,135168,-4.6,0.0,11.76,6,0.1667,0.5,0.1,10553,
3309,135168,-1.3,0.0,20.0,1,0.0,0.0,0.1,10553,
3310,135168,-5.1,0.0,1.96,1,0.0,0.0,0.1,10553,
3311,135232,10.1,1.0,0.0,0,,,0.1,10555,
3312,135296,-6.2,0.0,10.0,5,0.2,0.0,0.1,10561,
3313,135296,-5.1,0.0,1.96,1,0.0,1.0,0.1,10561,
3314,135360,-5.1,0.0,1.96,1,1.0,0.0,0.1,10563,
3315,135424,-5.1,0.0,1.96,1,0.0,0.0,0.1,10568,
3316,135616,7.0,1.0,4.08,2,0.0,0.0,0.1,10577,
3317,135616,11.7,1.0,0.0,0,,,0.1,10577,
3318,135680,-5.1,0.0,1.96,1,0.0,0.0,0.1,10579,
3319,135680,-5.1,0.0,1.96,1,0.0,0.0,0.1,10579,
3320,135744,-5.0,0.0,0.0,0,,,0.1,10585,
3321,135744,-5.3,0.0,5.88,3,0.0,0.3333,0.1,10585,
3322,135744,-1.8,0.0,22.22,2,0.0,0.0,0.1,10585,
3323,135808,-4.7,0.0,13.73,7,0.0,0.2857,0.1,10589,
3324,135872,-4.4,0.0,7.84,4,0.0,0.25,0.1,10593,
3325,135872,-3.5,0.0,2.7,1,0.0,0.0,0.1,10593,
3326,135872,-5.0,0.0,0.0,0,,,0.1,10593,
3327,135872,-4.2,0.0,2.94,1,0.0,0.0,0.1,10593,
3328,135936,-0.3,0.0,20.0,1,0.0,0.0,0.1,10598,
3329,136000,-1.3,0.0,20.0,1,0.0,0.0,0.1,10602,
3330,136064,-5.2,0.0,3.92,2,0.0,0.0,0.1,10605,
3331,136064,8.9,1.0,10.34,3,0.0,0.3333,0.1,10605,
3332,136064,-5.1,0.0,1.96,1,0.0,1.0,0.1,10605,
3333,136128,-3.5,0.0,12.0,3,0.0,0.3333,0.1,10608,
3334,136128,-5.8,0.0,2.0,1,0.0,0.0,0.1,10608,
3335,136192,10.0,1.0,0.0,0,,,0.1,10612,
3336,136192,-4.1,0.0,1.96,1,0.0,0.0,0.1,10612,
3337,136192,-2.7,0.0,7.14,2,0.5,0.5,0.1,10612,
3338,136256,-5.0,0.0,0.0,0,,,0.1,10616,
3339,136320,-4.2,0.0,3.92,2,0.0,0.5,0.1,10620,
3340,136320,-5.2,0.0,3.92,2,0.0,0.0,0.1,10620,
3341,136384,-4.1,0.0,6.25,2,0.0,0.0,0.1,10627,
3342,136512,6.7,1.0,12.5,6,0.0,0.3333,0.1,10635,
3343,136512,-3.8,0.0,10.71,3,0.0,0.3333,0.1,10635,
3344,136576,-4.3,0.0,5.88,3,0.0,0.3333,0.1,10640,
3345,136576,-5.7,0.0,4.17,2,0.0,0.0,0.1,10640,
3346,136640,-4.5,0.0,9.8,5,0.0,0.4,0.1,10642,
3347,136640,-5.2,0.0,3.92,2,0.0,0.0,0.1,10642,
3348,136640,-4.5,0.0,9.8,5,0.0,0.2,0.1,10642,
3349,136768,-4.2,0.0,3.92,2,0.0,0.0,0.1,10650,
3350,136832,-1.6,0.0,12.5,1,0.0,0.0,0.1,10656,
3351,136896,-5.2,0.0,3.92,2,0.0,0.0,0.1,10656,
3352,136896,8.7,1.0,6.25,2,0.0,0.0,0.1,10656,
3353,137024,-5.2,0.0,3.92,2,0.0,0.5,0.1,10666,
3354,137024,-5.8,0.0,10.87,5,0.0,0.2,0.1,10666,
3355,137024,-5.1,0.0,1.96,1,0.0,1.0,0.1,10666,
3356,137088,-4.0,0.0,10.0,3,0.0,0.0,0.1,10670,
3357,137088,-1.5,0.0,14.29,1,0.0,0.0,0.1,10670,
3358,137152,-4.1,0.0,1.96,1,0.0,1.0,0.1,10671,
3359,137152,-4.5,0.0,4.35,2,0.0,0.0,0.1,10671,
3360,137216,-5.3,0.0,5.88,3,0.0,0.0,0.1,10672,
3361,137216,-4.2,0.0,3.92,2,0.0,0.5,0.1,10672,
3362,137344,-4.8,0.0,5.13,2,0.0,0.0,0.1,10680,
3363,137408,-4.6,0.0,11.76,6,0.1667,0.1667,0.1,10685,
3364,137408,-2.0,0.0,4.55,1,0.0,0.0,0.1,10685,
3365,137408,-1.5,0.0,5.88,1,0.0,0.0,0.1,10685,
3366,137472,-5.7,0.0,6.38,3,0.0,0.3333,0.1,10688,
3367,137472,-4.5,0.0,9.8,5,0.2,0.4,0.1,10688,
3368,137536,11.3,1.0,0.0,0,,,0.1,10690,
3369,137600,-2.4,0.0,13.33,2,0.0,0.5,0.1,10694,
3370,137600,-4.8,0.0,15.69,8,0.0,0.125,0.1,10694,
3371,137728,-4.2,0.0,3.92,2,0.0,0.5,0.1,10702,
3372,137792,-3.0,0.0,3.12,1,0.0,0.0,0.1,10709,
3373,137792,-5.1,0.0,1.96,1,0.0,0.0,0.1,10709,
3374,137792,-3.8,0.0,3.33,1,0.0,0.0,0.1,10709,
3375,137792,-2.9,0.0,10.34,3,0.0,0.0,0.1,10709,
3376,137856,-2.1,0.0,7.69,1,0.0,0.0,0.1,10711,
3377,137856,-5.2,0.0,3.92,2,0.5,0.0,0.1,10711,
3378,137856,-5.1,0.0,1.96,1,0.0,1.0,0.1,10711,
3379,137856,-5.4,0.0,7.84,4,0.0,0.25,0.1,10711,
3380,137920,11.8,1.0,0.0,0,,,0.1,10717,
3381,137984,-3.7,0.0,3.45,1,0.0,0.0,0.1,10722,
3382,137984,-5.1,0.0,1.96,1,0.0,0.0,0.1,10722,
3383,137984,-4.4,0.0,12.12,4,0.0,0.25,0.1,10722,
3384,137984,-5.5,0.0,9.8,5,0.0,0.2,0.1,10722,
3385,138112,-3.4,0.0,2.78,1,0.0,0.0,0.1,10727,
3386,138176,-4.7,0.0,13.73,7,0.0,0.1429,0.1,10732,
3387,138176,-5.1,0.0,2.33,1,0.0,0.0,0.1,10732,
3388,138240,-5.2,0.0,3.92,2,0.0,0.0,0.1,10736,
3389,138240,-0.9,0.0,20.0,2,0.0,0.0,0.1,10736,
3390,138304,-5.3,0.0,5.88,3,0.0,0.3333,0.1,10739,
3391,138368,10.1,1.0,0.0,0,,,0.1,10742,
3392,138368,-3.0,0.0,9.52,2,0.0,0.0,0.1,10742,
3393,138432,-4.4,0.0,7.84,4,0.25,0.25,0.1,10748,
3394,138432,10.2,1.0,0.0,0,,,0.1,10748,
3395,138432,-5.1,0.0,1.96,1,0.0,0.0,0.1,10748,
3396,138432,-6.1,0.0,8.0,4,0.25,0.0,0.1,10748,
3397,138432,-5.0,0.0,0.0,0,,,0.1,10748,
3398,138432,7.6,1.0,7.14,3,0.0,1.0,0.1,10748,
3399,138560,-4.2,0.0,3.92,2,0.5,0.5,0.1,10756,
3400,138560,-4.6,0.0,5.41,2,0.0,0.5,0.1,10756,
3401,138560,-4.0,0.0,10.0,3,0.0,0.0,0.1,10756,
3402,138560,-4.0,0.0,0.0,0,,,0.1,10756,
3403,138688,10.8,1.0,0.0,0,,,0.1,10763,
3404,138816,-4.3,0.0,2.86,1,0.0,0.0,0.1,10772,
3405,138880,-5.9,0.0,10.64,5,0.2,0.8,0.1,10774,
3406,138880,-4.3,0.0,5.88,3,0.0,0.3333,0.1,10774,
3407,138944,-5.2,0.0,3.92,2,0.0,0.0,0.1,10778,
3408,139008,-4.0,0.0,10.0,3,0.3333,0.0,0.1,10784,
3409,139008,-5.1,0.0,1.96,1,1.0,0.0,0.1,10784,
3410,139008,-3.3,0.0,5.88,2,0.0,0.0,0.1,10784,
3411,139072,-5.6,0.0,4.26,2,0.0,0.0,0.1,10788,
3412,139136,-5.6,0.0,11.76,6,0.0,0.0,0.1,10789,
3413,139200,10.8,1.0,8.33,1,0.0,1.0,0.1,10794,
3414,139328,-5.3,0.0,5.88,3,0.0,1.0,0.1,10803,
3415,139328,-5.4,0.0,7.84,4,0.25,0.0,0.1,10803,
3416,139392,-3.0,0.0,4.55,1,0.0,0.0,0.1,10808,
3417,139392,-5.2,0.0,3.92,2,0.0,0.5,0.1,10808,
3418,139392,-4.8,0.0,5.13,2,0.0,0.0,0.1,10808,
3419,139456,-4.4,0.0,7.84,4,0.25,0.5,0.1,10812,
3420,139456,-5.4,0.0,7.84,4,0.0,0.25,0.1,10812,
3421,139520,7.1,1.0,2.04,1,0.0,0.0,0.1,10814,
3422,139520,-5.5,0.0,9.8,5,0.0,0.2,0.1,10814,
3423,139648,-1.3,0.0,20.0,1,0.0,0.0,0.1,10821,
3424,139648,-2.5,0.0,5.88,1,0.0,0.0,0.1,10821,
3425,139712,-3.5,0.0,5.56,2,0.0,0.5,0.1,10823,
3426,139776,-5.4,0.0,7.84,4,0.25,0.0,0.1,10828,
3427,139776,-5.3,0.0,5.88,3,0.0,0.3333,0.1,10828,
3428,139840,-5.7,0.0,13.73,7,0.0,0.4286,0.1,10830,
3429,139968,-3.2,0.0,2.94,1,0.0,0.0,0.1,10839,
3430,139968,-5.2,0.0,2.27,1,0.0,0.0,0.1,10839,
3431,140032,-5.2,0.0,3.92,2,0.0,0.0,0.1,10842,
3432,140032,-3.8,0.0,19.23,5,0.0,0.0,0.1,10842,
3433,140160,-4.2,0.0,3.92,2,0.0,0.0,0.1,10855,
3434,140160,-2.6,0.0,7.41,2,0.0,0.0,0.1,10855,
3435,140288,10.5,1.0,23.08,3,0.3333,1.0,0.1,10861,
3436,140352,-1.7,0.0,11.11,1,0.0,0.0,0.1,10864,
3437,140416,-5.1,0.0,1.96,1,0.0,1.0,0.1,10867,
3438,140416,-4.1,0.0,9.68,3,0.3333,0.0,0.1,10867,
3439,140416,-2.7,0.0,3.45,1,0.0,0.0,0.1,10867,
3440,140480,-4.6,0.0,8.89,4,0.0,0.25,0.1,10873,
3441,140480,-4.1,0.0,21.43,6,0.1667,0.3333,0.1,10873,
3442,140480,-3.0,0.0,4.55,1,0.0,0.0,0.1,10873,
3443,140480,-5.5,0.0,9.8,5,0.4,0.2,0.1,10873,
3444,140608,-3.4,0.0,8.0,2,0.0,0.5,0.1,10883,
3445,140608,-5.1,0.0,2.33,1,0.0,0.0,0.1,10883,
3446,140608,-5.4,0.0,7.84,4,0.0,0.25,0.1,10883,
3447,140608,-3.6,0.0,7.41,2,0.0,0.5,0.1,10883,
3448,140608,-2.8,0.0,10.53,2,0.0,0.0,0.1,10883,
3449,140672,-5.5,0.0,9.8,5,0.0,0.2,0.1,10888,
3450,140672,-5.1,0.0,1.96,1,0.0,0.0,0.1,10888,
3451,140736,-5.8,0.0,10.87,5,0.2,0.2,0.1,10892,
3452,140736,-5.1,0.0,1.96,1,0.0,1.0,0.1,10892,
3453,140736,-5.1,0.0,1.96,1,0.0,0.0,0.1,10892,
3454,140800,-5.4,0.0,7.84,4,0.0,0.0,0.1,10895,
3455,141056,-5.2,0.0,3.92,2,0.5,0.0,0.1,10904,
3456,141056,-6.1,0.0,8.0,4,0.25,0.0,0.1,10904,
3457,141056,-5.4,0.0,7.84,4,0.0,0.5,0.1,10904,
3458,141120,-5.6,0.0,11.76,6,0.0,0.5,0.1,10910,
3459,141120,-3.0,0.0,4.55,1,0.0,0.0,0.1,10910,
3460,141184,-5.3,0.0,5.88,3,0.0,0.3333,0.1,10911,
3461,141248,-5.2,0.0,3.92,2,0.0,0.0,0.1,10917,
3462,141248,-2.8,0.0,10.53,2,0.0,0.0,0.1,10917,
3463,141248,-0.7,0.0,25.0,2,0.0,0.0,0.1,10917,
3464,141248,-5.3,0.0,5.88,3,0.0,0.0,0.1,10917,
3465,141248,-5.6,0.0,11.76,6,0.0,0.1667,0.1,10917,
3466,141312,-4.4,0.0,2.78,1,0.0,0.0,0.1,10921,
3467,141376,-5.2,0.0,3.92,2,0.0,0.0,0.1,10925,
3468,141440,-1.8,0.0,23.53,4,0.25,0.0,0.1,10930,
3469,141440,-5.4,0.0,7.84,4,0.5,0.0,0.1,10930,
3470,141440,-3.8,0.0,10.71,3,0.0,0.3333,0.1,10930,
3471,141440,-4.4,0.0,7.84,4,0.5,0.25,0.1,10930,
3472,141504,-4.2,0.0,3.92,2,0.0,1.0,0.1,10933,
3473,141504,-5.1,0.0,1.96,1,0.0,0.0,0.1,10933,
3474,141568,-5.1,0.0,1.96,1,0.0,0.0,0.1,10939,
3475,141632,-4.4,0.0,7.84,4,0.0,0.25,0.1,10941,
3476,141696,-5.1,0.0,1.96,1,0.0,0.0,0.1,10945,
3477,141696,-3.8,0.0,5.13,2,0.0,0.5,0.1,10945,
3478,141696,-5.5,0.0,9.8,5,0.0,0.4,0.1,10945,
3479,141696,-5.1,0.0,1.96,1,0.0,1.0,0.1,10945,
3480,141760,11.3,1.0,0.0,0,,,0.1,10946,
3481,141760,-3.5,0.0,2.7,1,0.0,0.0,0.1,10946,
3482,141824,-1.9,0.0,9.09,1,0.0,0.0,0.1,10948,
3483,141824,-5.1,0.0,1.96,1,0.0,0.0,0.1,10948,
3484,141824,-4.4,0.0,7.84,4,0.0,0.0,0.1,10948,
3485,141888,-4.3,0.0,2.86,1,0.0,0.0,0.1,10951,
3486,141952,-2.1,0.0,26.32,5,0.0,0.2,0.1,10954,
3487,142016,-1.7,0.0,11.11,1,0.0,0.0,0.1,10961,
3488,142016,-4.2,0.0,2.94,1,0.0,0.0,0.1,10961,
3489,142080,-2.4,0.0,8.0,2,0.0,0.5,0.1,10964,
3490,142080,-5.0,0.0,0.0,0,,,0.1,10964,
3491,142144,-5.1,0.0,1.96,1,0.0,0.0,0.1,10968,
3492,142144,-4.6,0.0,5.41,2,0.0,0.0,0.1,10968,
3493,142208,-2.9,0.0,18.52,5,0.0,0.2,0.1,10975,
3494,142208,-4.2,0.0,3.92,2,0.0,0.0,0.1,10975,
3495,142272,-4.1,0.0,1.96,1,0.0,1.0,0.1,10977,
3496,142336,-4.5,0.0,2.13,1,0.0,0.0,0.1,10979,
3497,142400,10.3,1.0,0.0,0,,,0.1,10984,
3498,142400,-5.2,0.0,3.92,2,0.0,0.0,0.1,10984,
3499,142656,-5.4,0.0,7.84,4,0.0,0.0,0.1,10995,
3500,142720,-5.2,0.0,3.92,2,0.0,0.0,0.1,11002,
3501,142720,-5.1,0.0,4.76,2,0.5,0.0,0.1,11002,
3502,142784,-4.4,0.0,7.84,4,0.0,0.0,0.1,11006,
3503,142784,-5.2,0.0,3.92,2,0.0,0.0,0.1,11006,
3504,142784,-2.3,0.0,6.67,1,0.0,0.0,0.1,11006,
3505,142848,-1.9,0.0,9.09,1,0.0,0.0,0.1,11010,
3506,142848,-4.6,0.0,14.71,5,0.2,0.2,0.1,11010,
3507,142912,-2.7,0.0,3.45,1,0.0,0.0,0.1,11014,
3508,142976,-3.8,0.0,3.33,1,0.0,0.0,0.1,11019,
3509,143040,-2.6,0.0,5.56,1,0.0,0.0,0.1,11020,
3510,143104,-4.0,0.0,3.12,1,0.0,0.0,0.1,11023,
3511,143168,-3.2,0.0,8.7,2,0.0,0.0,0.1,11029,
3512,143232,-5.3,0.0,5.88,3,0.3333,0.3333,0.1,11033,
3513,143232,-5.8,0.0,15.91,7,0.0,0.2857,0.1,11033,
3514,143232,-5.1,0.0,1.96,1,1.0,0.0,0.1,11033,
3515,143296,-4.1,0.0,4.76,2,0.0,0.5,0.1,11035,
3516,143360,-5.2,0.0,4.65,2,0.5,0.0,0.1,11044,
3517,143360,-3.6,0.0,20.83,5,0.0,0.2,0.1,11044,
3518,143424,-5.1,0.0,1.96,1,0.0,0.0,0.1,11051,
3519,143424,-4.4,0.0,7.84,4,0.25,0.0,0.1,11051,
3520,143552,-3.8,0.0,3.33,1,0.0,0.0,0.1,11056,
3521,143552,-4.3,0.0,5.88,3,0.0,0.3333,0.1,11056,
3522,143552,-4.1,0.0,6.25,2,0.0,0.0,0.1,11056,
3523,143616,-4.7,0.0,5.26,2,0.0,0.0,0.1,11060,
3524,143680,10.4,1.0,13.33,2,0.5,0.5,0.1,11064,
3525,143680,-5.1,0.0,1.96,1,0.0,0.0,0.1,11064,
3526,143680,-5.3,0.0,5.88,3,0.0,0.3333,0.1,11064,
3527,143744,-5.4,0.0,7.84,4,0.5,0.25,0.1,11070,
3528,143744,-5.3,0.0,5.88,3,0.3333,0.3333,0.1,11070,
3529,143808,-4.1,0.0,6.25,2,0.0,0.0,0.1,11074,
3530,143808,-3.1,0.0,9.09,2,0.0,0.0,0.1,11074,
3531,143872,-5.3,0.0,5.88,3,0.0,0.0,0.1,11077,
3532,143872,-4.3,0.0,5.88,3,0.0,0.3333,0.1,11077,
3533,143872,-4.4,0.0,7.84,4,0.0,0.5,0.1,11077,
3534,143936,-5.1,0.0,1.96,1,0.0,0.0,0.1,11080,
3535,143936,-2.6,0.0,18.75,3,0.3333,0.3333,0.1,11080,
3536,144000,-3.9,0.0,6.67,2,0.0,0.0,0.1,11086,
3537,144000,-2.8,0.0,5.0,1,0.0,0.0,0.1,11086,
3538,144000,-5.0,0.0,0.0,0,,,0.1,11086,
3539,144064,-5.3,0.0,5.88,3,0.3333,0.3333,0.1,11089,
3540,144064,-4.9,0.0,5.0,2,0.0,0.5,0.1,11089,
3541,144128,-3.5,0.0,3.7,1,0.0,0.0,0.1,11092,
3542,144192,-5.8,0.0,10.87,5,0.0,0.2,0.1,11095,
3543,144384,-4.0,0.0,0.0,0,,,0.1,11114,
3544,144384,8.4,1.0,5.71,2,0.0,0.5,0.1,11114,
3545,144512,-4.4,0.0,7.84,4,0.25,1.0,0.1,11124,
3546,144512,-5.2,0.0,3.92,2,0.5,0.0,0.1,11124,
3547,144576,-5.3,0.0,5.88,3,0.0,0.3333,0.1,11128,
3548,144640,-4.5,0.0,9.8,5,0.4,0.2,0.1,11130,
3549,144704,-2.1,0.0,4.35,1,0.0,0.0,0.1,11131,
3550,144704,-5.4,0.0,7.84,4,0.0,0.25,0.1,11131,
3551,144704,-5.2,0.0,3.92,2,0.0,0.0,0.1,11131,
3552,144704,-4.3,0.0,5.88,3,0.0,0.3333,0.1,11131,
3553,144832,-4.2,0.0,3.92,2,0.0,0.5,0.1,11142,
3554,144832,-2.8,0.0,5.0,1,0.0,0.0,0.1,11142,
3555,144832,11.5,1.0,20.0,1,0.0,0.0,0.1,11142,
3556,144896,-3.2,0.0,6.06,2,0.0,0.5,0.1,11149,
3557,144896,-4.8,0.0,13.33,6,0.0,0.1667,0.1,11149,
3558,144896,-3.2,0.0,9.38,3,0.0,0.6667,0.1,11149,
3559,144960,-5.4,0.0,7.84,4,0.0,0.0,0.1,11154,
3560,144960,9.3,1.0,3.7,1,0.0,0.0,0.1,11154,
3561,144960,-4.2,0.0,3.92,2,0.0,0.5,0.1,11154,
3562,144960,-5.4,0.0,7.84,4,0.0,0.5,0.1,11154,
3563,145024,-1.8,0.0,10.0,1,0.0,0.0,0.1,11157,
3564,145024,-4.3,0.0,5.88,3,0.0,0.6667,0.1,11157,
3565,145088,-4.4,0.0,7.84,4,0.25,0.5,0.1,11165,
3566,145088,-3.3,0.0,8.33,2,0.0,0.0,0.1,11165,
3567,145088,-3.8,0.0,3.33,1,0.0,0.0,0.1,11165,
3568,145152,7.7,1.0,12.82,5,0.2,0.2,0.1,11171,
3569,145152,10.1,1.0,0.0,0,,,0.1,11171,
3570,145216,-5.3,0.0,5.88,3,0.0,0.3333,0.1,11172,
3571,145280,-5.2,0.0,3.92,2,0.0,0.0,0.1,11175,
3572,145344,-5.2,0.0,3.92,2,0.0,0.5,0.1,11178,
3573,145344,-3.1,0.0,9.09,2,0.0,0.0,0.1,11178,
3574,145408,-5.1,0.0,8.0,4,0.25,0.0,0.1,11181,
3575,145408,-4.6,0.0,5.41,2,0.0,0.0,0.1,11181,
3576,145472,-4.3,0.0,5.88,3,0.0,0.0,0.1,11185,
3577,145536,-4.0,0.0,13.79,4,0.0,0.5,0.1,11189,
3578,145536,-5.2,0.0,3.92,2,0.0,0.0,0.1,11189,
3579,145600,-4.1,0.0,1.96,1,0.0,0.0,0.1,11191,
3580,145664,-3.8,0.0,19.23,5,0.0,0.4,0.1,11194,
3581,145728,-1.4,0.0,16.67,1,0.0,0.0,0.1,11200,
3582,145792,-2.6,0.0,7.41,2,0.0,0.0,0.1,11206,
3583,145792,-3.9,0.0,6.67,2,0.0,0.0,0.1,11206,
3584,145856,-2.2,0.0,7.14,1,0.0,0.0,0.1,11211,
3585,146048,-1.7,0.0,5.26,1,0.0,0.0,0.1,11223,
3586,146048,-5.1,0.0,1.96,1,0.0,0.0,0.1,11223,
3587,146048,-5.1,0.0,1.96,1,0.0,0.0,0.1,11223,
3588,146112,-5.7,0.0,13.73,7,0.0,0.4286,0.1,11225,
3589,146176,-4.3,0.0,4.55,2,0.0,0.0,0.1,11235,
3590,146240,-5.3,0.0,5.88,3,0.0,0.6667,0.1,11237,
3591,146304,-3.6,0.0,3.57,1,0.0,0.0,0.1,11243,
3592,146304,-5.0,0.0,7.5,3,0.0,0.3333,0.1,11243,
3593,146304,-3.4,0.0,8.0,2,0.5,0.5,0.1,11243,
3594,146368,-5.1,0.0,1.96,1,0.0,0.0,0.1,11245,
3595,146432,-4.5,0.0,8.57,3,0.3333,0.0,0.1,11252,
3596,146432,-2.6,0.0,5.56,1,0.0,0.0,0.1,11252,
3597,146496,-5.0,0.0,0.0,0,,,0.1,11254,
3598,146560,-5.5,0.0,9.8,5,0.2,0.4,0.1,11259,
3599,146624,-4.5,0.0,9.8,5,0.4,0.2,0.1,11264,
3600,146624,-4.3,0.0,2.86,1,0.0,0.0,0.1,11264,
3601,146688,-5.0,0.0,0.0,0,,,0.1,11271,
3602,146688,-5.5,0.0,9.8,5,0.0,0.0,0.1,11271,
3603,146752,-4.2,0.0,4.65,2,0.0,0.5,0.1,11274,
3604,146816,-5.3,0.0,6.98,3,0.0,0.3333,0.1,11277,
3605,146816,-4.4,0.0,7.84,4,0.0,0.5,0.1,11277,
3606,146880,-4.4,0.0,7.84,4,0.0,0.0,0.1,11283,
3607,146944,-5.3,0.0,5.88,3,0.0,0.3333,0.1,11288,
3608,146944,-5.3,0.0,5.88,3,0.0,0.3333,0.1,11288,
3609,147008,-5.3,0.0,5.88,3,0.0,0.3333,0.1,11292,
3610,147072,-5.4,0.0,7.84,4,0.0,0.0,0.1,11294,
3611,147072,-4.4,0.0,7.84,4,0.0,0.5,0.1,11294,
3612,147136,-5.6,0.0,11.76,6,0.1667,0.0,0.1,11299,
3613,147200,-4.2,0.0,3.92,2,0.0,0.5,0.1,11304,
3614,147200,-1.8,0.0,16.67,3,0.0,0.0,0.1,11304,
3615,147264,9.1,1.0,3.45,1,1.0,1.0,0.1,11307,
3616,147264,-4.1,0.0,1.96,1,1.0,0.0,0.1,11307,
3617,147264,7.5,1.0,15.0,6,0.1667,0.0,0.1,11307,
3618,147328,-2.7,0.0,5.26,1,0.0,0.0,0.1,11309,
3619,147328,-2.5,0.0,5.88,1,0.0,0.0,0.1,11309,
3620,147392,-5.6,0.0,11.76,6,0.3333,0.3333,0.1,11313,
3621,147392,-4.6,0.0,2.63,1,0.0,0.0,0.1,11313,
3622,147456,-1.3,0.0,6.67,1,0.0,0.0,0.1,11319,
3623,147520,8.7,1.0,3.03,1,0.0,1.0,0.1,11322,
3624,147584,-4.8,0.0,5.13,2,0.0,0.0,0.1,11330,
3625,147648,-4.8,0.0,5.13,2,0.0,0.0,0.1,11335,
3626,147776,10.6,1.0,7.14,1,0.0,1.0,0.1,11343,
3627,147776,-2.4,0.0,8.0,2,0.0,0.0,0.1,11343,
3628,147840,-3.8,0.0,10.81,4,0.0,0.0,0.1,11349,
3629,147840,-5.8,0.0,15.91,7,0.0,0.4286,0.1,11349,
3630,147840,-4.6,0.0,11.76,6,0.1667,0.1667,0.1,11349,
3631,147904,-5.1,0.0,1.96,1,0.0,0.0,0.1,11352,
3632,147968,-5.3,0.0,5.88,3,0.0,0.3333,0.1,11355,
3633,147968,-5.2,0.0,3.92,2,0.5,0.0,0.1,11355,
3634,148096,-5.1,0.0,1.96,1,1.0,0.0,0.1,11359,
3635,148096,-4.1,0.0,1.96,1,0.0,0.0,0.1,11359,
3636,148096,-6.0,0.0,6.0,3,0.0,0.0,0.1,11359,
3637,148160,-4.5,0.0,9.8,5,0.0,0.0,0.1,11364,
3638,148160,-3.6,0.0,7.41,2,0.0,0.0,0.1,11364,
3639,148160,-4.5,0.0,9.8,5,0.0,0.2,0.1,11364,
3640,148160,-3.8,0.0,6.9,2,0.0,0.0,0.1,11364,
3641,148224,-5.0,0.0,0.0,0,,,0.1,11368,
3642,148224,-5.2,0.0,3.92,2,0.5,0.0,0.1,11368,
3643,148288,-5.2,0.0,3.92,2,0.0,0.5,0.1,11372,
3644,148352,-3.5,0.0,3.7,1,0.0,0.0,0.1,11375,
3645,148352,-2.8,0.0,5.0,1,0.0,0.0,0.1,11375,
3646,148352,-5.7,0.0,13.73,7,0.0,0.4286,0.1,11375,
3647,148352,-4.4,0.0,7.84,4,0.0,0.25,0.1,11375,
3648,148352,-5.1,0.0,10.0,4,0.0,0.0,0.1,11375,
3649,148416,-5.2,0.0,3.92,2,0.0,1.0,0.1,11377,
3650,148480,-4.5,0.0,9.8,5,0.0,0.4,0.1,11379,
3651,148480,-4.0,0.0,4.88,2,0.0,0.0,0.1,11379,
3652,148544,-3.4,0.0,8.82,3,0.0,0.3333,0.1,11386,
3653,148608,-5.2,0.0,3.92,2,1.0,0.0,0.1,11390,
3654,148672,-3.4,0.0,3.85,1,0.0,0.0,0.1,11393,
3655,148736,-3.3,0.0,8.33,2,0.0,0.0,0.1,11400,
3656,148736,-2.2,0.0,7.14,1,0.0,0.0,0.1,11400,
3657,148800,-4.2,0.0,3.92,2,0.0,0.5,0.1,11402,
3658,148800,-5.0,0.0,0.0,0,,,0.1,11402,
3659,148864,-5.0,0.0,0.0,0,,,0.1,11403,
3660,148928,-4.2,0.0,3.92,2,0.0,0.0,0.1,11405,
3661,148992,-3.2,0.0,8.7,2,0.0,0.0,0.1,11410,
3662,148992,-5.3,0.0,5.88,3,0.0,0.0,0.1,11410,
3663,149056,-1.8,0.0,10.0,1,0.0,0.0,0.1,11416,
3664,149056,-5.8,0.0,15.69,8,0.25,0.125,0.1,11416,
3665,149056,-5.2,0.0,9.76,4,0.0,0.5,0.1,11416,
3666,149120,-2.3,0.0,6.67,1,0.0,0.0,0.1,11420,
3667,149120,8.8,1.0,10.0,3,0.0,0.3333,0.1,11420,
3668,149312,-3.8,0.0,6.9,2,0.5,0.0,0.1,11429,
3669,149312,-5.9,0.0,17.65,9,0.0,0.0,0.1,11429,
3670,149312,-4.4,0.0,7.84,4,0.0,0.25,0.1,11429,
3671,149376,-2.6,0.0,5.56,1,0.0,0.0,0.1,11432,
3672,149440,-1.2,0.0,7.14,1,0.0,0.0,0.1,11441,
3673,149440,-1.5,0.0,5.88,1,0.0,0.0,0.1,11441,
3674,149568,-5.2,0.0,3.92,2,0.0,0.5,0.1,11450,
3675,149568,-5.6,0.0,11.76,6,0.0,0.1667,0.1,11450,
3676,149632,-3.5,0.0,7.69,2,0.0,0.0,0.1,11455,
3677,149632,-4.7,0.0,8.11,3,0.0,0.0,0.1,11455,
3678,149696,-5.0,0.0,10.42,5,0.2,0.2,0.1,11461,
3679,149760,-3.5,0.0,2.7,1,0.0,0.0,0.1,11466,
3680,149824,-5.1,0.0,1.96,1,0.0,0.0,0.1,11469,
3681,149952,-5.0,0.0,0.0,0,,,0.1,11476,
3682,149952,-5.3,0.0,5.88,3,0.0,0.0,0.1,11476,
3683,150016,-4.1,0.0,1.96,1,0.0,1.0,0.1,11479,
3684,150080,-5.2,0.0,3.92,2,0.0,0.0,0.1,11482,
3685,150080,-2.7,0.0,5.26,1,0.0,0.0,0.1,11482,
3686,150080,-4.6,0.0,11.76,6,0.0,0.5,0.1,11482,
3687,150144,-5.4,0.0,4.44,2,0.0,0.0,0.1,11488,
3688,150208,-4.5,0.0,9.8,5,0.0,0.8,0.1,11491,
3689,150208,-4.5,0.0,9.8,5,0.0,0.4,0.1,11491,
3690,150208,-5.8,0.0,13.33,6,0.1667,0.0,0.1,11491,
3691,150336,-5.2,0.0,3.92,2,0.0,0.5,0.1,11500,
3692,150400,-5.2,0.0,3.92,2,0.0,0.5,0.1,11503,
3693,150400,-4.6,0.0,2.63,1,0.0,0.0,0.1,11503,
3694,150464,-3.9,0.0,3.23,1,0.0,0.0,0.1,11508,
3695,150528,-4.2,0.0,3.92,2,0.5,0.5,0.1,11511,
3696,150528,-3.8,0.0,24.0,6,0.0,0.3333,0.1,11511,
3697,150592,-4.4,0.0,7.84,4,0.0,0.75,0.1,11516,
3698,150656,-5.2,0.0,3.92,2,0.0,0.5,0.1,11517,
3699,150656,-3.7,0.0,3.45,1,0.0,0.0,0.1,11517,
3700,150784,-3.2,0.0,8.7,2,0.0,0.0,0.1,11529,
3701,150784,-2.7,0.0,5.26,1,0.0,0.0,0.1,11529,
3702,150848,-5.4,0.0,9.3,4,0.0,0.75,0.1,11531,
3703,150848,-5.5,0.0,9.8,5,0.4,0.4,0.1,11531,
3704,150912,-5.4,0.0,7.84,4,0.0,0.25,0.1,11537,
3705,150912,-4.3,0.0,5.88,2,0.0,0.0,0.1,11537,
3706,150976,-1.8,0.0,10.0,1,0.0,0.0,0.1,11542,
3707,150976,-3.8,0.0,3.33,1,0.0,0.0,0.1,11542,
3708,151040,-4.7,0.0,5.26,2,0.0,0.0,0.1,11545,
3709,151040,-5.6,0.0,11.76,6,0.3333,0.0,0.1,11545,
3710,151040,-4.2,0.0,3.92,2,0.0,0.5,0.1,11545,
3711,151104,-5.8,0.0,15.69,8,0.0,0.375,0.1,11549,
3712,151104,-5.2,0.0,3.92,2,0.0,0.5,0.1,11549,
3713,151168,-5.2,0.0,3.92,2,0.5,0.0,0.1,11552,
3714,151168,-4.7,0.0,8.11,3,0.0,0.0,0.1,11552,
3715,151232,10.3,1.0,12.5,2,0.0,0.5,0.1,11559,
3716,151232,-4.3,0.0,2.86,1,0.0,0.0,0.1,11559,
3717,151232,-1.9,0.0,9.09,1,0.0,0.0,0.1,11559,
3718,151360,-5.1,0.0,1.96,1,0.0,0.0,0.1,11565,
3719,151360,-5.5,0.0,9.8,5,0.0,0.4,0.1,11565,
3720,151424,-4.2,0.0,3.92,2,0.0,0.0,0.1,11573,
3721,151424,-5.0,0.0,0.0,0,,,0.1,11573,
3722,151424,6.8,1.0,8.16,4,0.0,0.5,0.1,11573,
3723,151424,7.1,1.0,4.17,2,0.0,0.5,0.1,11573,
3724,151424,-5.1,0.0,1.96,1,0.0,0.0,0.1,11573,
3725,151488,-5.3,0.0,6.98,3,0.0,0.0,0.1,11579,
3726,151488,-4.0,0.0,3.12,1,0.0,0.0,0.1,11579,
3727,151488,-4.2,0.0,3.92,2,0.0,0.0,0.1,11579,
3728,151616,-5.6,0.0,11.76,6,0.0,0.1667,0.1,11586,
3729,151616,-5.3,0.0,5.88,3,0.3333,0.0,0.1,11586,
3730,151616,-5.3,0.0,5.88,3,0.0,0.3333,0.1,11586,
3731,151680,-5.8,0.0,2.0,1,0.0,0.0,0.1,11591,
3732,151744,-3.3,0.0,8.33,2,0.0,0.5,0.1,11597,
3733,151744,-2.9,0.0,10.0,2,0.0,0.5,0.1,11597,
3734,151872,-4.0,0.0,7.5,3,0.0,0.0,0.1,11604,
3735,151936,-5.1,0.0,1.96,1,0.0,0.0,0.1,11606,
3736,152064,-2.9,0.0,10.34,3,0.0,0.3333,0.1,11617,
3737,152064,-3.5,0.0,7.69,2,0.0,0.0,0.1,11617,
3738,152128,-6.0,0.0,10.42,5,0.2,0.0,0.1,11622,
3739,152256,-4.9,0.0,7.69,3,0.0,0.3333,0.1,11627,
3740,152256,-4.2,0.0,3.92,2,0.5,0.0,0.1,11627,
3741,152320,-5.2,0.0,3.92,2,0.0,1.0,0.1,11632,
3742,152384,-4.4,0.0,7.84,4,0.0,0.0,0.1,11636,
3743,152384,-4.3,0.0,5.88,3,0.0,0.3333,0.1,11636,
3744,152384,-4.3,0.0,2.86,1,0.0,0.0,0.1,11636,
3745,152384,-4.4,0.0,2.78,1,0.0,0.0,0.1,11636,
3746,152448,-3.0,0.0,4.55,1,0.0,0.0,0.1,11641,
3747,152448,-3.7,0.0,7.14,2,0.0,0.0,0.1,11641,
3748,152512,9.0,1.0,3.33,1,1.0,1.0,0.1,11643,
3749,152512,-4.0,0.0,6.45,2,0.5,0.0,0.1,11643,
3750,152512,-2.5,0.0,5.88,1,0.0,0.0,0.1,11643,
3751,152576,-5.3,0.0,5.88,3,0.0,0.3333,0.1,11647,
3752,152640,-5.5,0.0,2.13,1,0.0,0.0,0.1,11651,
3753,152640,-5.3,0.0,5.88,3,0.3333,0.3333,0.1,11651,
3754,152704,-5.3,0.0,5.88,3,0.0,0.3333,0.1,11656,
3755,152704,-2.1,0.0,16.67,2,0.0,0.0,0.1,11656,
3756,152768,-3.0,0.0,4.55,1,0.0,0.0,0.1,11666,
3757,152768,-2.7,0.0,11.11,2,0.0,0.5,0.1,11666,
3758,152768,-5.9,0.0,6.12,3,0.0,0.3333,0.1,11666,
3759,152832,-5.6,0.0,11.76,6,0.0,0.0,0.1,11669,
3760,152960,-5.2,0.0,3.92,2,0.0,0.5,0.1,11672,
3761,153024,-4.4,0.0,5.71,2,0.0,0.0,0.1,11678,
3762,153024,-3.4,0.0,8.0,2,0.0,0.5,0.1,11678,
3763,153088,-4.5,0.0,9.8,5,0.0,0.2,0.1,11680,
3764,153216,-5.4,0.0,7.84,4,0.0,0.0,0.1,11691,
3765,153216,-5.2,0.0,3.92,2,0.0,0.0,0.1,11691,
3766,153280,10.7,1.0,0.0,0,,,0.1,11694,
3767,153280,-5.2,0.0,3.92,2,0.5,0.5,0.1,11694,
3768,153344,-2.8,0.0,5.0,1,0.0,0.0,0.1,11697,
3769,153344,-4.7,0.0,13.73,7,0.1429,0.5714,0.1,11697,
3770,153344,8.2,1.0,2.63,1,1.0,1.0,0.1,11697,
3771,153344,-4.3,0.0,5.88,3,0.0,0.6667,0.1,11697,
3772,153536,-4.1,0.0,6.25,2,0.5,0.0,0.1,11711,
3773,153664,-5.1,0.0,1.96,1,0.0,1.0,0.1,11719,
3774,153664,-5.5,0.0,6.67,3,0.0,0.0,0.1,11719,
3775,153728,-3.2,0.0,6.06,2,0.0,0.0,0.1,11725,
3776,153728,-3.1,0.0,4.35,1,0.0,0.0,0.1,11725,
3777,153728,-1.3,0.0,6.67,1,0.0,0.0,0.1,11725,
3778,153728,-2.3,0.0,6.67,1,0.0,0.0,0.1,11725,
3779,153728,-1.6,0.0,28.57,2,0.0,0.0,0.1,11725,
3780,153728,-5.1,0.0,10.0,4,0.5,0.0,0.1,11725,
3781,153920,-5.4,0.0,7.84,4,0.0,0.0,0.1,11736,
3782,153920,-3.4,0.0,8.0,2,0.0,0.5,0.1,11736,
3783,154112,-4.6,0.0,11.76,6,0.1667,0.5,0.1,11744,
3784,154112,-5.2,0.0,3.92,2,0.0,0.0,0.1,11744,
3785,154176,7.1,1.0,4.17,2,0.0,1.0,0.1,11746,
3786,154176,-5.2,0.0,3.92,2,0.0,0.0,0.1,11746,
3787,154176,-2.7,0.0,5.26,1,0.0,0.0,0.1,11746,
3788,154240,-5.6,0.0,8.89,4,0.0,0.25,0.1,11752,
3789,154240,-4.4,0.0,7.84,4,0.0,0.25,0.1,11752,
3790,154240,-5.3,0.0,5.88,3,0.3333,0.0,0.1,11752,
3791,154240,-1.6,0.0,12.5,1,0.0,0.0,0.1,11752,
3792,154304,-4.3,0.0,5.88,3,0.0,0.3333,0.1,11756,
3793,154304,-5.3,0.0,4.55,2,0.0,0.5,0.1,11756,
3794,154304,-4.6,0.0,11.76,6,0.1667,0.1667,0.1,11756,
3795,154304,-6.2,0.0,10.0,5,0.0,0.0,0.1,11756,
3796,154368,-5.2,0.0,7.14,3,0.0,0.3333,0.1,11758,
3797,154432,-5.2,0.0,3.92,2,0.5,0.5,0.1,11759,
3798,154496,-5.2,0.0,3.92,2,0.5,0.0,0.1,11763,
3799,154496,-5.2,0.0,3.92,2,0.0,0.5,0.1,11763,
3800,154496,-5.1,0.0,1.96,1,0.0,0.0,0.1,11763,
3801,154560,-3.8,0.0,13.89,5,0.0,0.2,0.1,11767,
3802,154560,6.9,1.0,6.12,3,0.0,0.6667,0.1,11767,
3803,154688,-5.5,0.0,9.8,5,0.2,0.2,0.1,11773,
3804,154688,-5.3,0.0,5.88,3,0.0,0.0,0.1,11773,
3805,154752,-5.0,0.0,4.88,2,0.0,0.0,0.1,11777,
3806,154752,-5.3,0.0,5.88,3,0.0,0.0,0.1,11777,
3807,154880,-5.0,0.0,0.0,0,,,0.1,11784,
3808,155008,-5.1,0.0,1.96,1,0.0,0.0,0.1,11792,
3809,155008,-2.2,0.0,7.14,1,0.0,0.0,0.1,11792,
3810,155008,-1.9,0.0,9.09,1,0.0,0.0,0.1,11792,
3811,155008,-4.7,0.0,13.73,7,0.0,0.4286,0.1,11792,
3812,155008,-3.6,0.0,11.54,3,0.3333,0.3333,0.1,11792,
3813,155136,9.8,1.0,4.55,1,0.0,0.0,0.1,11798,
3814,155136,-4.5,0.0,9.8,5,0.2,0.0,0.1,11798,
3815,155200,-3.9,0.0,6.67,2,0.5,0.5,0.1,11803,
3816,155200,-4.3,0.0,6.98,3,0.0,0.0,0.1,11803,
3817,155264,-2.4,0.0,6.25,1,0.0,0.0,0.1,11808,
3818,155264,-5.7,0.0,11.11,5,0.0,0.0,0.1,11808,
3819,155328,-4.1,0.0,1.96,1,1.0,0.0,0.1,11812,
3820,155392,-2.6,0.0,5.56,1,0.0,0.0,0.1,11817,
3821,155392,-2.2,0.0,7.14,1,0.0,0.0,0.1,11817,
3822,155520,-2.9,0.0,4.76,1,0.0,0.0,0.1,11821,
3823,155520,-2.6,0.0,3.57,1,0.0,0.0,0.1,11821,
3824,155648,-5.4,0.0,7.84,4,0.25,0.0,0.1,11831,
3825,155648,-5.4,0.0,7.84,4,0.0,0.25,0.1,11831,
3826,155712,-4.2,0.0,3.92,2,0.0,0.0,0.1,11834,
3827,155776,-5.2,0.0,3.92,2,0.0,0.5,0.1,11836,
3828,155776,-5.0,0.0,0.0,0,,,0.1,11836,
3829,155776,9.8,1.0,4.55,1,0.0,0.0,0.1,11836,
3830,155776,9.4,1.0,12.5,3,0.3333,0.0,0.1,11836,
3831,155776,-5.8,0.0,15.69,8,0.0,0.125,0.1,11836,
3832,155840,-5.6,0.0,11.76,6,0.1667,0.1667,0.1,11839,
3833,155904,-4.3,0.0,5.88,3,0.0,0.0,0.1,11843,
3834,155904,10.9,1.0,9.09,1,0.0,1.0,0.1,11843,
3835,155904,-4.2,0.0,3.92,2,0.0,0.0,0.1,11843,
3836,155904,-3.5,0.0,3.7,1,0.0,0.0,0.1,11843,
3837,155968,-5.2,0.0,3.92,2,0.0,0.0,0.1,11845,
3838,155968,-4.0,0.0,3.12,1,0.0,0.0,0.1,11845,
3839,155968,-5.2,0.0,3.92,2,0.0,0.0,0.1,11845,
3840,156032,-4.4,0.0,7.84,4,0.0,0.25,0.1,11850,
3841,156096,-4.0,0.0,0.0,0,,,0.1,11857,
3842,156160,-2.6,0.0,5.56,1,0.0,0.0,0.1,11861,
3843,156224,-3.5,0.0,7.69,2,0.0,0.0,0.1,11865,
3844,156224,-3.7,0.0,11.11,3,0.0,0.0,0.1,11865,
3845,156288,-5.5,0.0,9.8,5,0.0,0.0,0.1,11868,
3846,156288,-4.5,0.0,9.8,5,0.0,0.8,0.1,11868,
3847,156352,-5.1,0.0,1.96,1,0.0,0.0,0.1,11873,
3848,156416,-0.8,0.0,10.0,1,0.0,0.0,0.1,11876,
3849,156416,-5.4,0.0,9.3,4,0.0,0.0,0.1,11876,
3850,156480,-5.1,0.0,1.96,1,0.0,0.0,0.1,11881,
3851,156480,-5.1,0.0,1.96,1,0.0,0.0,0.1,11881,
3852,156480,-4.5,0.0,5.56,2,0.5,0.5,0.1,11881,
3853,156544,-1.1,0.0,16.67,2,0.0,0.0,0.1,11884,
3854,156608,-5.3,0.0,5.88,3,0.0,0.0,0.1,11889,
3855,156608,-5.2,0.0,3.92,2,0.0,0.5,0.1,11889,
3856,156608,-5.3,0.0,5.88,3,0.3333,0.0,0.1,11889,
3857,156736,-2.7,0.0,5.26,1,0.0,0.0,0.1,11895,
3858,156800,7.0,1.0,6.25,3,0.3333,0.3333,0.1,11900,
3859,156800,-3.8,0.0,10.71,3,0.0,0.3333,0.1,11900,
3860,156800,-3.4,0.0,2.78,1,0.0,0.0,0.1,11900,
3861,156800,-4.1,0.0,1.96,1,1.0,0.0,0.1,11900,
3862,156800,-3.2,0.0,4.17,1,0.0,0.0,0.1,11900,
3863,156864,-3.9,0.0,5.0,2,0.0,0.0,0.1,11904,
3864,156864,-2.3,0.0,4.0,1,0.0,0.0,0.1,11904,
3865,156928,-5.1,0.0,1.96,1,0.0,1.0,0.1,11907,
3866,156992,-4.4,0.0,7.84,4,0.25,0.25,0.1,11910,
3867,156992,-4.3,0.0,5.88,3,0.0,0.0,0.1,11910,
3868,156992,-3.4,0.0,8.0,2,0.5,0.0,0.1,11910,
3869,157184,-5.1,0.0,1.96,1,0.0,0.0,0.1,11919,
3870,157248,-2.2,0.0,15.38,2,0.0,0.0,0.1,11925,
3871,157248,-2.8,0.0,5.0,1,0.0,0.0,0.1,11925,
3872,157312,7.1,1.0,11.11,5,0.0,0.2,0.1,11930,
3873,157376,6.7,1.0,5.88,3,0.0,0.6667,0.1,11933,
3874,157440,-2.7,0.0,5.26,1,0.0,0.0,0.1,11936,
3875,157504,-4.2,0.0,3.92,2,0.0,0.0,0.1,11941,
3876,157568,-2.9,0.0,15.79,3,0.0,0.0,0.1,11944,
3877,157568,-5.0,0.0,0.0,0,,,0.1,11944,
3878,157568,-5.3,0.0,5.88,3,0.0,1.0,0.1,11944,
3879,157824,-4.0,0.0,0.0,0,,,0.1,11958,
3880,157824,9.0,1.0,3.33,1,0.0,0.0,0.1,11958,
3881,157824,-5.8,0.0,4.08,2,0.0,0.0,0.1,11958,
3882,157888,-3.3,0.0,4.0,1,0.0,0.0,0.1,11963,
3883,157888,-4.7,0.0,14.29,5,0.2,0.4,0.1,11963,
3884,157888,-2.8,0.0,10.71,3,0.3333,0.3333,0.1,11963,
3885,157952,-5.3,0.0,5.88,3,0.0,0.3333,0.1,11968,
3886,158016,-5.3,0.0,5.88,3,0.0,0.6667,0.1,11970,
3887,158016,-5.1,0.0,1.96,1,0.0,0.0,0.1,11970,
3888,158080,-5.7,0.0,4.17,2,0.0,0.0,0.1,11974,
3889,158144,-4.2,0.0,3.92,2,0.0,0.0,0.1,11976,
3890,158144,11.6,1.0,0.0,0,,,0.1,11976,
3891,158208,-4.3,0.0,5.88,2,0.0,0.0,0.1,11982,
3892,158208,-5.8,0.0,8.51,4,0.0,0.0,0.1,11982,
3893,158272,-5.2,0.0,3.92,2,0.0,0.0,0.1,11985,
3894,158272,-4.3,0.0,5.88,3,0.0,0.3333,0.1,11985,
3895,158336,-2.7,0.0,7.14,2,0.0,0.5,0.1,11988,
3896,158400,-4.9,0.0,7.69,3,0.3333,0.3333,0.1,11994,
3897,158400,-4.3,0.0,5.88,3,0.3333,0.0,0.1,11994,
3898,158400,-5.1,0.0,1.96,1,0.0,0.0,0.1,11994,
3899,158400,-4.2,0.0,12.9,4,0.0,0.0,0.1,11994,
3900,158592,-5.4,0.0,4.44,2,0.0,0.0,0.1,12003,
3901,158592,-4.6,0.0,11.76,6,0.1667,0.0,0.1,12003,
3902,158592,11.3,1.0,14.29,1,0.0,1.0,0.1,12003,
3903,158656,-4.3,0.0,5.88,3,0.0,0.0,0.1,12006,
3904,158784,-5.2,0.0,3.92,2,0.0,0.0,0.1,12013,
3905,158784,-4.0,0.0,6.45,2,0.0,0.0,0.1,12013,
3906,158848,-2.4,0.0,13.33,2,0.0,0.0,0.1,12019,
3907,158848,-4.3,0.0,2.86,1,0.0,0.0,0.1,12019,
3908,158912,-4.2,0.0,3.92,2,0.0,0.5,0.1,12022,
3909,158912,-2.4,0.0,13.33,2,0.0,0.0,0.1,12022,
3910,158976,-4.1,0.0,6.25,2,0.0,0.0,0.1,12025,
3911,159040,-6.2,0.0,7.84,4,0.0,0.75,0.1,12028,
3912,159040,-5.0,0.0,0.0,0,,,0.1,12028,
3913,159040,-5.1,0.0,1.96,1,0.0,0.0,0.1,12028,
3914,159104,-5.1,0.0,1.96,1,1.0,0.0,0.1,12031,
3915,159168,-5.2,0.0,3.92,2,0.0,0.5,0.1,12031,
3916,159168,-5.9,0.0,17.65,9,0.0,0.2222,0.1,12031,
3917,159232,-5.0,0.0,0.0,0,,,0.1,12037,
3918,159232,-2.8,0.0,10.53,2,0.0,0.0,0.1,12037,
3919,159232,-5.2,0.0,3.92,2,0.0,0.0,0.1,12037,
3920,159232,-4.5,0.0,2.7,1,0.0,0.0,0.1,12037,
3921,159360,-3.2,0.0,8.7,2,0.5,0.5,0.1,12045,
3922,159360,-4.1,0.0,9.68,3,0.0,0.0,0.1,12045,
3923,159424,-4.0,0.0,0.0,0,,,0.1,12053,
3924,159488,-5.1,0.0,1.96,1,0.0,0.0,0.1,12055,
3925,159552,-4.8,0.0,15.69,8,0.25,0.125,0.1,12061,
3926,159552,-3.5,0.0,15.15,5,0.0,0.2,0.1,12061,
3927,159744,-5.1,0.0,1.96,1,0.0,0.0,0.1,12072,
3928,159744,-4.4,0.0,7.84,4,0.0,0.0,0.1,12072,
3929,159744,-5.3,0.0,5.88,3,0.0,0.3333,0.1,12072,
3930,159872,-1.9,0.0,9.09,1,0.0,0.0,0.1,12082,
3931,159872,-2.2,0.0,7.14,1,0.0,0.0,0.1,12082,
3932,159872,-5.6,0.0,11.76,6,0.0,0.1667,0.1,12082,
3933,159872,-2.8,0.0,6.9,2,0.0,0.0,0.1,12082,
3934,159872,-4.5,0.0,9.8,5,0.0,0.4,0.1,12082,
3935,160000,-4.3,0.0,5.88,2,0.0,0.0,0.1,12089,
3936,160000,-4.4,0.0,7.84,4,0.0,0.75,0.1,12089,
3937,160064,-5.2,0.0,3.92,2,0.5,0.0,0.1,12092,
3938,160064,10.7,1.0,7.69,1,1.0,0.0,0.1,12092,
3939,160064,-5.4,0.0,7.84,4,0.25,0.0,0.1,12092,
3940,160064,-4.4,0.0,7.84,4,0.0,0.0,0.1,12092,
3941,160064,-5.1,0.0,1.96,1,0.0,0.0,0.1,12092,
3942,160128,-4.0,0.0,6.45,2,0.0,0.0,0.1,12095,
3943,160128,-4.3,0.0,12.2,5,0.0,0.2,0.1,12095,
3944,160128,-5.2,0.0,3.92,2,0.0,0.5,0.1,12095,
3945,160256,-5.1,0.0,1.96,1,1.0,1.0,0.1,12098,
3946,160256,-4.3,0.0,5.88,3,0.0,0.3333,0.1,12098,
3947,160256,-4.3,0.0,5.88,3,0.3333,0.0,0.1,12098,
3948,160320,-3.2,0.0,4.17,1,0.0,0.0,0.1,12107,
3949,160320,-4.2,0.0,9.38,3,0.0,0.3333,0.1,12107,
3950,160320,-3.9,0.0,6.67,2,0.0,0.0,0.1,12107,
3951,160384,-5.3,0.0,4.55,2,0.0,0.0,0.1,12108,
3952,160448,-6.1,0.0,8.0,4,0.0,0.25,0.1,12113,
3953,160448,-5.4,0.0,7.84,4,0.25,0.0,0.1,12113,
3954,160448,-4.3,0.0,5.88,2,0.0,0.0,0.1,12113,
3955,160512,-4.1,0.0,1.96,1,1.0,0.0,0.1,12115,
3956,160576,-5.2,0.0,3.92,2,0.0,0.0,0.1,12123,
3957,160576,-4.5,0.0,2.7,1,0.0,0.0,0.1,12123,
3958,160640,-4.3,0.0,2.86,1,0.0,0.0,0.1,12127,
3959,160704,-2.9,0.0,10.0,2,0.0,0.0,0.1,12133,
3960,160704,10.9,1.0,20.0,2,0.0,0.5,0.1,12133,
3961,160768,-2.0,0.0,4.55,1,0.0,0.0,0.1,12137,
3962,160832,-5.3,0.0,5.88,3,0.0,0.3333,0.1,12142,
3963,160832,-5.4,0.0,7.84,4,0.0,0.0,0.1,12142,
3964,161088,-2.1,0.0,7.69,1,0.0,0.0,0.1,12160,
3965,161088,-5.2,0.0,3.92,2,0.0,0.0,0.1,12160,
3966,161152,-5.2,0.0,3.92,2,0.0,0.0,0.1,12161,
3967,161344,-5.0,0.0,0.0,0,,,0.1,12173,
3968,161344,-2.2,0.0,7.14,1,0.0,0.0,0.1,12173,
3969,161344,-0.9,0.0,20.0,2,0.0,0.0,0.1,12173,
3970,161408,-3.5,0.0,7.69,2,0.0,0.0,0.1,12175,
3971,161472,-4.1,0.0,1.96,1,0.0,0.0,0.1,12180,
3972,161536,9.9,1.0,10.0,2,0.0,0.0,0.1,12181,
3973,161600,7.1,1.0,8.7,4,0.25,0.25,0.1,12186,
3974,161600,-4.3,0.0,5.88,3,0.0,0.0,0.1,12186,
3975,161664,-3.2,0.0,4.17,1,0.0,0.0,0.1,12190,
3976,161664,-5.4,0.0,7.84,4,0.25,0.0,0.1,12190,
3977,161664,-4.4,0.0,7.84,4,0.0,0.25,0.1,12190,
3978,161728,-5.0,0.0,2.38,1,0.0,0.0,0.1,12195,
3979,161792,-3.5,0.0,7.69,2,0.0,0.5,0.1,12198,
3980,161792,-4.3,0.0,2.86,1,0.0,0.0,0.1,12198,
3981,161856,-5.2,0.0,3.92,2,0.5,0.0,0.1,12206,
3982,161856,-4.4,0.0,7.84,4,0.25,0.25,0.1,12206,
3983,161856,-5.1,0.0,1.96,1,0.0,1.0,0.1,12206,
3984,161856,-2.4,0.0,8.0,2,0.0,0.0,0.1,12206,
3985,161856,-1.4,0.0,6.25,1,0.0,0.0,0.1,12206,
3986,161856,-3.0,0.0,9.52,2,0.5,0.5,0.1,12206,
3987,161856,-3.1,0.0,20.0,4,0.0,0.25,0.1,12206,
3988,161984,7.1,1.0,11.11,5,0.0,0.0,0.1,12218,
3989,162048,-4.3,0.0,5.88,3,0.0,0.0,0.1,12221,
3990,162048,-4.2,0.0,9.38,3,0.0,0.3333,0.1,12221,
3991,162112,-5.2,0.0,3.92,2,0.0,0.5,0.1,12223,
3992,162112,-5.1,0.0,1.96,1,0.0,1.0,0.1,12223,
3993,162176,-4.8,0.0,13.89,5,0.2,0.2,0.1,12228,
3994,162176,-5.3,0.0,5.88,3,0.0,0.0,0.1,12228,
3995,162176,-5.3,0.0,5.88,3,0.3333,0.3333,0.1,12228,
3996,162304,-5.3,0.0,5.88,3,0.0,0.3333,0.1,12233,
3997,162304,-5.6,0.0,11.76,6,0.0,0.0,0.1,12233,
3998,162432,-5.6,0.0,8.89,4,0.0,0.25,0.1,12238,
3999,162432,-5.2,0.0,3.92,2,0.0,0.5,0.1,12238,
4000,162496,-5.3,0.0,5.88,3,0.3333,0.3333,0.1,12240,
4001,162496,-5.3,0.0,5.88,3,0.0,0.6667,0.1,12240,
4002,162496,-4.3,0.0,5.88,3,0.0,0.3333,0.1,12240,
4003,162624,-4.5,0.0,9.8,5,0.2,0.2,0.1,12247,
4004,162624,-1.6,0.0,18.75,3,0.0,0.0,0.1,12247,
4005,162688,-4.4,0.0,5.71,2,0.0,0.0,0.1,12252,
4006,162688,-5.3,0.0,4.55,2,0.0,0.0,0.1,12252,
4007,162752,-4.3,0.0,5.88,3,0.0,0.0,0.1,12257,
4008,162880,-4.1,0.0,6.25,2,0.0,0.0,0.1,12266,
4009,162880,-1.5,0.0,14.29,1,0.0,0.0,0.1,12266,
4010,162944,-3.3,0.0,2.86,1,0.0,0.0,0.1,12268,
4011,163008,-5.2,0.0,3.92,2,0.0,0.0,0.1,12273,
4012,163008,-0.9,0.0,33.33,3,0.0,0.3333,0.1,12273,
4013,163008,-5.3,0.0,5.88,3,0.3333,0.3333,0.1,12273,
4014,163136,-4.0,0.0,3.12,1,0.0,0.0,0.1,12277,
4015,163136,-5.3,0.0,5.88,3,0.0,0.3333,0.1,12277,
4016,163136,-4.3,0.0,5.88,3,0.3333,0.3333,0.1,12277,
4017,163136,-5.0,0.0,0.0,0,,,0.1,12277,
4018,163200,-5.2,0.0,4.65,2,0.0,0.0,0.1,12279,
4019,163264,9.5,1.0,4.0,1,0.0,0.0,0.1,12281,
4020,163264,-5.2,0.0,3.92,2,0.0,0.5,0.1,12281,
4021,163328,-5.2,0.0,3.92,2,0.0,0.0,0.1,12287,
4022,163328,-5.4,0.0,7.84,4,0.0,0.0,0.1,12287,
4023,163328,-4.4,0.0,7.84,4,0.0,0.25,0.1,12287,
4024,163328,-5.2,0.0,3.92,2,0.5,0.0,0.1,12287,
4025,163392,-5.2,0.0,3.92,2,0.0,0.0,0.1,12291,
4026,163392,8.9,1.0,0.0,0,,,0.1,12291,
4027,163456,8.9,1.0,0.0,0,,,0.1,12293,
4028,163584,-5.2,0.0,3.92,2,0.0,0.5,0.1,12301,
4029,163584,11.4,1.0,0.0,0,,,0.1,12301,
4030,163584,-5.0,0.0,0.0,0,,,0.1,12301,
4031,163584,-4.3,0.0,5.88,3,0.0,0.3333,0.1,12301,
4032,163648,11.5,1.0,0.0,0,,,0.1,12304,
4033,163648,-3.8,0.0,10.71,3,0.3333,0.0,0.1,12304,
4034,163648,-4.3,0.0,5.88,3,0.3333,0.3333,0.1,12304,
4035,163840,-4.7,0.0,13.73,7,0.1429,0.4286,0.1,12313,
4036,163904,-4.2,0.0,3.92,2,0.0,1.0,0.1,12317,
4037,163968,-4.6,0.0,11.43,4,0.0,0.0,0.1,12321,
4038,164032,-4.2,0.0,3.92,2,0.0,1.0,0.1,12326,
4039,164096,-3.9,0.0,6.67,2,0.0,0.0,0.1,12331,
4040,164160,-3.4,0.0,3.85,1,0.0,0.0,0.1,12336,
4041,164288,-1.9,0.0,10.0,2,0.0,0.5,0.1,12342,
4042,164352,-5.1,0.0,1.96,1,0.0,0.0,0.1,12345,
4043,164416,-2.9,0.0,10.0,2,0.0,0.0,0.1,12349,
4044,164416,-4.2,0.0,3.92,2,0.0,0.0,0.1,12349,
4045,164544,-3.2,0.0,4.17,1,0.0,0.0,0.1,12357,
4046,164544,-4.1,0.0,6.25,2,0.0,0.0,0.1,12357,
4047,164608,-5.1,0.0,1.96,1,0.0,0.0,0.1,12358,
4048,164608,10.2,1.0,0.0,0,,,0.1,12358,
4049,164608,-4.3,0.0,5.88,3,0.0,0.0,0.1,12358,
4050,164672,-2.9,0.0,4.76,1,0.0,0.0,0.1,12363,
4051,164736,-4.7,0.0,8.7,4,0.0,0.0,0.1,12368,
4052,164736,-3.6,0.0,7.41,2,0.5,0.0,0.1,12368,
4053,164736,-5.7,0.0,13.73,7,0.0,0.4286,0.1,12368,
4054,164800,-5.6,0.0,11.76,6,0.1667,0.1667,0.1,12371,
4055,164864,-3.9,0.0,3.23,1,0.0,0.0,0.1,12373,
4056,164864,-4.3,0.0,5.88,3,0.6667,0.3333,0.1,12373,
4057,164928,-5.2,0.0,3.92,2,0.0,0.0,0.1,12375,
4058,164928,-5.2,0.0,3.92,2,0.5,0.0,0.1,12375,
4059,164928,-5.6,0.0,2.08,1,0.0,0.0,0.1,12375,
4060,164992,-3.0,0.0,9.52,2,0.0,0.5,0.1,12380,
4061,165056,-1.5,0.0,14.29,1,0.0,0.0,0.1,12385,
4062,165056,-5.1,0.0,1.96,1,0.0,0.0,0.1,12385,
4063,165056,-4.7,0.0,5.26,2,0.5,0.5,0.1,12385,
4064,165120,-5.0,0.0,0.0,0,,,0.1,12392,
4065,165120,-4.8,0.0,15.69,8,0.25,0.125,0.1,12392,
4066,165120,-4.6,0.0,2.63,1,0.0,0.0,0.1,12392,
4067,165120,-5.2,0.0,3.92,2,0.0,0.0,0.1,12392,
4068,165120,-5.5,0.0,9.8,5,0.2,0.4,0.1,12392,
4069,165120,-5.2,0.0,3.92,2,0.0,0.0,0.1,12392,
4070,165248,-5.2,0.0,3.92,2,0.0,0.0,0.1,12398,
4071,165312,-5.2,0.0,3.92,2,0.0,0.5,0.1,12402,
4072,165312,-3.7,0.0,11.11,3,0.0,0.0,0.1,12402,
4073,165312,-1.8,0.0,5.0,1,0.0,0.0,0.1,12402,
4074,165312,-2.5,0.0,12.5,2,0.0,0.5,0.1,12402,
4075,165312,-4.1,0.0,1.96,1,0.0,0.0,0.1,12402,
4076,165376,-4.9,0.0,17.65,9,0.2222,0.4444,0.1,12406,
4077,165376,-4.1,0.0,3.03,1,0.0,0.0,0.1,12406,
4078,165376,-4.5,0.0,9.8,5,0.2,0.2,0.1,12406,
4079,165440,-5.3,0.0,5.88,3,0.3333,0.3333,0.1,12409,
4080,165440,-5.2,0.0,3.92,2,0.0,0.5,0.1,12409,
4081,165568,6.9,1.0,8.33,4,0.0,0.25,0.1,12412,
4082,165568,-4.2,0.0,3.92,2,0.0,0.0,0.1,12412,
4083,165568,-5.4,0.0,7.84,4,0.25,0.0,0.1,12412,
4084,165632,-4.5,0.0,5.56,2,0.0,0.5,0.1,12417,
4085,165696,-1.5,0.0,20.0,3,0.3333,0.0,0.1,12419,
4086,165760,-2.7,0.0,15.38,4,0.0,0.25,0.1,12421,
4087,165888,-2.8,0.0,5.0,1,0.0,0.0,0.1,12431,
4088,165888,-2.8,0.0,5.0,1,0.0,0.0,0.1,12431,
4089,165888,-5.4,0.0,7.84,4,0.0,0.0,0.1,12431,
4090,165952,-5.1,0.0,1.96,1,0.0,1.0,0.1,12434,
4091,166016,-1.5,0.0,12.5,2,0.5,0.0,0.1,12439,
4092,166016,-5.2,0.0,3.92,2,0.5,0.5,0.1,12439,
4093,166080,-2.1,0.0,16.67,2,0.0,0.0,0.1,12442,
4094,166080,-5.4,0.0,9.3,4,0.0,0.5,0.1,12442,
4095,166144,-4.5,0.0,9.8,5,0.2,0.2,0.1,12444,
4096,166208,-5.1,0.0,1.96,1,0.0,0.0,0.1,12450,
4097,166272,-2.0,0.0,9.52,2,0.0,0.0,0.1,12458,
4098,166336,7.7,1.0,2.33,1,0.0,0.0,0.1,12459,
4099,166400,-4.4,0.0,7.84,4,0.0,0.25,0.1,12465,
4100,166400,-5.5,0.0,9.8,5,0.0,0.4,0.1,12465,
4101,166464,-4.0,0.0,0.0,0,,,0.1,12467,
4102,166592,-5.2,0.0,3.92,2,0.0,0.0,0.1,12474,
4103,166656,-5.3,0.0,5.88,3,0.0,0.0,0.1,12476,
4104,166656,-3.1,0.0,14.29,3,0.0,0.0,0.1,12476,
4105,166656,-2.2,0.0,4.17,1,0.0,0.0,0.1,12476,
4106,166720,-3.5,0.0,7.69,2,0.0,0.5,0.1,12482,
4107,166720,-5.1,0.0,1.96,1,0.0,0.0,0.1,12482,
4108,166848,-4.2,0.0,3.92,2,0.5,0.5,0.1,12487,
4109,166848,-3.4,0.0,8.0,2,0.5,0.0,0.1,12487,
4110,166848,-5.0,0.0,0.0,0,,,0.1,12487,
4111,166912,-4.8,0.0,5.13,2,0.0,0.0,0.1,12491,
4112,166912,-5.0,0.0,0.0,0,,,0.1,12491,
4113,166912,-5.2,0.0,3.92,2,0.0,0.0,0.1,12491,
4114,166976,-1.7,0.0,11.11,1,0.0,0.0,0.1,12494,
4115,167040,-4.2,0.0,2.94,1,0.0,0.0,0.1,12495,
4116,167104,-5.0,0.0,2.38,1,0.0,0.0,0.1,12500,
4117,167104,-4.7,0.0,13.73,7,0.0,0.2857,0.1,12500,
4118,167168,-5.0,0.0,0.0,0,,,0.1,12506,
4119,167168,-0.9,0.0,9.09,1,0.0,0.0,0.1,12506,
4120,167168,-4.2,0.0,6.06,2,0.0,0.0,0.1,12506,
4121,167232,-5.0,0.0,0.0,0,,,0.1,12507,
4122,167360,-4.1,0.0,13.33,4,0.0,0.0,0.1,12515,
4123,167424,-4.1,0.0,9.68,3,0.0,0.3333,0.1,12525,
4124,167424,-3.4,0.0,12.12,4,0.25,0.0,0.1,12525,
4125,167424,-5.0,0.0,0.0,0,,,0.1,12525,
4126,167424,-3.1,0.0,4.35,1,0.0,0.0,0.1,12525,
4127,167488,7.9,1.0,10.53,4,0.25,0.5,0.1,12528,
4128,167616,-4.2,0.0,3.92,2,0.0,0.5,0.1,12531,
4129,167744,-5.3,0.0,12.2,5,0.2,0.0,0.1,12538,
4130,167808,-3.8,0.0,3.33,1,0.0,0.0,0.1,12542,
4131,167808,-5.2,0.0,3.92,2,0.0,0.0,0.1,12542,
4132,167808,10.3,1.0,28.57,4,0.0,0.5,0.1,12542,
4133,167808,-5.4,0.0,7.84,4,0.0,0.5,0.1,12542,
4134,167872,-2.7,0.0,5.26,1,0.0,0.0,0.1,12545,
4135,167936,-5.3,0.0,5.88,3,0.3333,0.0,0.1,12547,
4136,168000,-4.2,0.0,3.92,2,0.5,0.0,0.1,12547,
4137,168000,-5.5,0.0,9.8,5,0.2,0.2,0.1,12547,
4138,168064,-5.0,0.0,0.0,0,,,0.1,12547,
4139,168128,-4.2,0.0,3.92,2,0.0,0.0,0.1,12553,
4140,168192,-4.2,0.0,3.92,2,0.0,0.0,0.1,12556,
4141,168192,-5.1,0.0,1.96,1,0.0,0.0,0.1,12556,
4142,168320,-1.9,0.0,4.76,1,0.0,0.0,0.1,12564,
4143,168384,-1.4,0.0,16.67,1,0.0,0.0,0.1,12568,
4144,168384,-4.3,0.0,5.88,3,0.0,0.3333,0.1,12568,
4145,168384,-5.0,0.0,0.0,0,,,0.1,12568,
4146,168384,-4.4,0.0,7.84,4,0.25,0.0,0.1,12568,
4147,168384,-5.2,0.0,3.92,2,0.0,0.0,0.1,12568,
4148,168512,-2.0,0.0,8.33,1,0.0,0.0,0.1,12572,
4149,168576,-5.2,0.0,3.92,2,0.0,0.5,0.1,12573,
4150,168576,-5.3,0.0,5.88,3,0.0,0.6667,0.1,12573,
4151,168640,-5.2,0.0,3.92,2,0.5,0.0,0.1,12575,
4152,168640,-4.6,0.0,2.63,1,0.0,0.0,0.1,12575,
4153,168640,-5.3,0.0,5.88,3,0.0,0.6667,0.1,12575,
4154,168640,-3.9,0.0,6.67,2,0.0,0.0,0.1,12575,
4155,168640,-4.0,0.0,0.0,0,,,0.1,12575,
4156,168704,-3.7,0.0,7.14,2,0.0,0.0,0.1,12578,
4157,168768,-4.8,0.0,5.13,2,0.0,0.0,0.1,12583,
4158,168768,-3.4,0.0,8.0,2,0.5,0.5,0.1,12583,
4159,168832,-5.2,0.0,3.92,2,0.0,0.5,0.1,12588,
4160,168832,-5.1,0.0,1.96,1,0.0,1.0,0.1,12588,
4161,168832,-5.1,0.0,1.96,1,0.0,0.0,0.1,12588,
4162,168832,10.4,1.0,6.25,1,0.0,0.0,0.1,12588,
4163,168832,-3.1,0.0,9.09,2,0.0,0.0,0.1,12588,
4164,168896,-4.0,0.0,6.45,2,0.0,0.5,0.1,12595,
4165,168896,-4.7,0.0,6.38,3,0.0,0.0,0.1,12595,
4166,168896,-5.3,0.0,5.88,3,0.0,0.3333,0.1,12595,
4167,168896,-0.6,0.0,12.5,1,0.0,0.0,0.1,12595,
4168,168960,-4.3,0.0,5.88,3,0.0,0.0,0.1,12596,
4169,169024,-5.4,0.0,4.44,2,0.0,0.5,0.1,12602,
4170,169024,-4.3,0.0,5.88,3,0.0,0.3333,0.1,12602,
4171,169024,8.7,1.0,9.68,3,0.3333,0.6667,0.1,12602,
4172,169152,-4.3,0.0,5.88,3,0.0,0.3333,0.1,12609,
4173,169280,-4.6,0.0,11.76,6,0.0,0.1667,0.1,12616,
4174,169280,-4.2,0.0,3.92,2,0.0,0.0,0.1,12616,
4175,169344,-4.1,0.0,1.96,1,0.0,1.0,0.1,12621,
4176,169344,10.5,1.0,0.0,0,,,0.1,12621,
4177,169344,-4.1,0.0,1.96,1,0.0,0.0,0.1,12621,
4178,169472,-5.2,0.0,2.27,1,0.0,0.0,0.1,12627,
4179,169600,-4.4,0.0,8.82,3,0.0,0.3333,0.1,12633,
4180,169600,-4.4,0.0,7.84,4,0.0,0.0,0.1,12633,
4181,169664,-3.3,0.0,12.5,4,0.0,0.0,0.1,12637,
4182,169664,-5.3,0.0,5.88,3,0.0,0.6667,0.1,12637,
4183,169664,-2.9,0.0,10.0,2,0.0,0.5,0.1,12637,
4184,169856,-2.8,0.0,5.0,1,0.0,0.0,0.1,12648,
4185,169856,-4.3,0.0,5.88,3,0.0,0.3333,0.1,12648,
4186,169920,-5.3,0.0,5.88,3,0.0,0.3333,0.1,12652,
4187,169984,-1.9,0.0,22.22,4,0.0,0.25,0.1,12654,
4188,169984,-5.2,0.0,3.92,2,0.5,0.5,0.1,12654,
4189,170048,-2.7,0.0,5.26,1,0.0,0.0,0.1,12658,
4190,170048,-4.3,0.0,2.86,1,0.0,0.0,0.1,12658,
4191,170112,-5.5,0.0,9.8,5,0.0,0.2,0.1,12660,
4192,170112,-5.0,0.0,0.0,0,,,0.1,12660,
4193,170112,-5.0,0.0,0.0,0,,,0.1,12660,
4194,170176,11.8,1.0,0.0,0,,,0.1,12663,
4195,170304,-5.8,0.0,2.0,1,0.0,0.0,0.1,12668,
4196,170368,-5.1,0.0,1.96,1,0.0,0.0,0.1,12672,
4197,170432,-2.0,0.0,8.33,1,0.0,0.0,0.1,12680,
4198,170432,-4.2,0.0,3.92,2,0.5,0.5,0.1,12680,
4199,170432,-4.2,0.0,3.92,2,0.0,0.0,0.1,12680,
4200,170496,-5.3,0.0,5.88,3,0.3333,0.3333,0.1,12684,
4201,170560,-2.0,0.0,18.18,2,0.5,0.0,0.1,12689,
4202,170624,-3.5,0.0,12.0,3,0.3333,0.3333,0.1,12693,
4203,170624,-4.1,0.0,1.96,1,0.0,1.0,0.1,12693,
4204,170688,-5.0,0.0,0.0,0,,,0.1,12698,
4205,170688,-5.2,0.0,12.5,5,0.0,0.0,0.1,12698,
4206,170688,-3.9,0.0,10.34,3,0.0,0.6667,0.1,12698,
4207,170688,-5.1,0.0,1.96,1,1.0,0.0,0.1,12698,
4208,170752,-5.0,0.0,2.38,1,0.0,0.0,0.1,12703,
4209,170752,-5.5,0.0,9.8,5,0.0,0.2,0.1,12703,
4210,170752,-4.4,0.0,8.82,3,0.0,0.0,0.1,12703,
4211,170816,-1.8,0.0,10.0,1,0.0,0.0,0.1,12705,
4212,170880,-5.0,0.0,2.38,1,0.0,0.0,0.1,12709,
4213,170944,-4.1,0.0,6.25,2,0.0,0.5,0.1,12715,
4214,171072,-5.1,0.0,1.96,1,0.0,0.0,0.1,12721,
4215,171072,-4.2,0.0,3.92,2,0.0,1.0,0.1,12721,
4216,171136,-5.2,0.0,3.92,2,0.0,0.5,0.1,12724,
4217,171136,-4.8,0.0,5.13,2,0.0,0.0,0.1,12724,
4218,171136,9.0,1.0,10.71,3,0.6667,0.3333,0.1,12724,
4219,171200,-5.0,0.0,0.0,0,,,0.1,12725,
4220,171200,-5.9,0.0,10.64,5,0.0,0.2,0.1,12725,
4221,171264,-5.3,0.0,5.88,3,0.0,0.3333,0.1,12727,
4222,171264,-2.5,0.0,7.69,2,0.5,0.0,0.1,12727,
4223,171328,-2.7,0.0,5.26,1,0.0,0.0,0.1,12733,
4224,171392,-2.4,0.0,13.33,2,0.0,0.0,0.1,12736,
4225,171456,-4.2,0.0,4.65,2,0.5,0.0,0.1,12739,
4226,171584,-5.4,0.0,6.82,3,0.3333,0.3333,0.1,12750,
4227,171648,-5.1,0.0,1.96,1,1.0,0.0,0.1,12755,
4228,171648,-5.5,0.0,9.8,5,0.0,0.4,0.1,12755,
4229,171648,-1.7,0.0,25.0,2,0.0,0.0,0.1,12755,
4230,171648,-4.4,0.0,2.78,1,0.0,0.0,0.1,12755,
4231,171648,-5.7,0.0,13.73,7,0.1429,0.2857,0.1,12755,
4232,171648,-2.9,0.0,10.0,2,0.5,0.5,0.1,12755,
4233,171776,-5.5,0.0,9.8,5,0.0,0.6,0.1,12762,
4234,171776,-5.2,0.0,4.65,2,0.0,0.5,0.1,12762,
4235,171840,11.1,1.0,0.0,0,,,0.1,12766,
4236,171840,-1.6,0.0,11.76,2,0.0,0.0,0.1,12766,
4237,171904,-5.0,0.0,0.0,0,,,0.1,12771,
4238,171904,-5.0,0.0,0.0,0,,,0.1,12771,
4239,171904,-4.7,0.0,11.11,4,0.0,0.0,0.1,12771,
4240,171904,-4.3,0.0,5.88,3,0.0,0.0,0.1,12771,
4241,171904,-5.2,0.0,3.92,2,0.0,0.0,0.1,12771,
4242,171968,-2.8,0.0,3.33,1,0.0,0.0,0.1,12776,
4243,172032,-4.7,0.0,4.17,2,0.0,0.0,0.1,12783,
4244,172032,-5.4,0.0,7.84,4,0.25,0.0,0.1,12783,
4245,172096,-5.3,0.0,5.88,3,0.0,0.0,0.1,12784,
4246,172096,-4.5,0.0,9.8,5,0.2,0.2,0.1,12784,
4247,172160,-4.2,0.0,3.92,2,0.5,0.0,0.1,12789,
4248,172160,-5.1,0.0,1.96,1,0.0,1.0,0.1,12789,
4249,172160,-5.1,0.0,1.96,1,0.0,0.0,0.1,12789,
4250,172224,-3.6,0.0,3.57,1,0.0,0.0,0.1,12793,
4251,172288,-5.1,0.0,1.96,1,1.0,1.0,0.1,12797,
4252,172288,-2.9,0.0,22.22,4,0.0,0.75,0.1,12797,
4253,172352,8.3,1.0,18.75,6,0.1667,0.6667,0.1,12803,
4254,172352,-5.5,0.0,6.67,3,0.0,0.3333,0.1,12803,
4255,172352,-3.9,0.0,10.53,4,0.0,0.25,0.1,12803,
4256,172416,-4.4,0.0,7.84,4,0.0,0.75,0.1,12806,
4257,172544,-4.5,0.0,9.8,5,0.0,0.4,0.1,12817,
4258,172544,-2.9,0.0,6.67,2,0.0,0.0,0.1,12817,
4259,172544,6.4,1.0,11.76,6,0.0,0.1667,0.1,12817,
4260,172608,-4.3,0.0,5.88,3,0.0,0.3333,0.1,12820,
4261,172736,-4.0,0.0,3.12,1,0.0,0.0,0.1,12829,
4262,172928,-5.2,0.0,3.92,2,0.0,0.5,0.1,12840,
4263,172928,-5.5,0.0,4.35,2,0.0,0.0,0.1,12840,
4264,172928,-4.4,0.0,7.84,4,0.0,0.25,0.1,12840,
4265,172928,-2.0,0.0,18.18,2,0.5,0.0,0.1,12840,
4266,172992,-3.0,0.0,9.52,2,0.0,0.0,0.1,12843,
4267,173120,-4.0,0.0,0.0,0,,,0.1,12851,
4268,173120,-4.5,0.0,2.7,1,0.0,0.0,0.1,12851,
4269,173184,-5.3,0.0,12.2,5,0.2,0.2,0.1,12855,
4270,173248,-3.3,0.0,5.88,2,0.0,0.0,0.1,12857,
4271,173312,-1.6,0.0,50.0,3,0.0,0.3333,0.1,12863,
4272,173312,-5.3,0.0,5.88,3,0.0,0.6667,0.1,12863,
4273,173376,-5.2,0.0,3.92,2,0.0,0.0,0.1,12864,
4274,173376,-5.3,0.0,5.88,3,0.3333,0.0,0.1,12864,
4275,173632,-5.2,0.0,2.27,1,0.0,0.0,0.1,12877,
4276,173632,-4.1,0.0,9.68,3,0.0,0.3333,0.1,12877,
4277,173696,-4.2,0.0,3.92,2,0.5,0.0,0.1,12881,
4278,173696,-2.6,0.0,5.56,1,0.0,0.0,0.1,12881,
4279,173760,-5.0,0.0,13.16,5,0.0,0.2,0.1,12887,
4280,173760,-5.4,0.0,7.84,4,0.0,0.0,0.1,12887,
4281,173824,-4.0,0.0,6.45,2,0.0,0.0,0.1,12891,
4282,173824,-1.8,0.0,5.0,1,0.0,0.0,0.1,12891,
4283,173888,-5.2,0.0,3.92,2,0.0,0.5,0.1,12895,
4284,173952,-5.3,0.0,5.88,3,0.0,0.0,0.1,12900,
4285,173952,-4.5,0.0,9.8,5,0.6,0.2,0.1,12900,
4286,173952,-4.5,0.0,9.8,5,0.2,0.4,0.1,12900,
4287,173952,7.3,1.0,11.63,5,0.2,0.8,0.1,12900,
4288,173952,-4.8,0.0,6.25,3,0.0,0.3333,0.1,12900,
4289,174016,-5.1,0.0,2.33,1,0.0,0.0,0.1,12904,
4290,174016,-5.1,0.0,1.96,1,0.0,0.0,0.1,12904,
4291,174080,-4.6,0.0,4.26,2,0.0,0.0,0.1,12907,
4292,174144,-3.8,0.0,10.71,3,0.0,0.3333,0.1,12911,
4293,174208,-5.1,0.0,1.96,1,0.0,0.0,0.1,12913,
4294,174208,-1.7,0.0,11.11,1,0.0,0.0,0.1,12913,
4295,174336,7.9,1.0,0.0,0,,,0.1,12917,
4296,174400,-3.1,0.0,4.35,1,0.0,0.0,0.1,12919,
4297,174400,-5.3,0.0,5.88,3,0.0,0.6667,0.1,12919,
4298,174464,-4.2,0.0,7.14,3,0.0,0.0,0.1,12924,
4299,174528,11.2,1.0,12.5,1,0.0,0.0,0.1,12926,
4300,174528,-4.5,0.0,9.8,5,0.0,0.2,0.1,12926,
4301,174592,-1.8,0.0,10.0,1,0.0,0.0,0.1,12930,
4302,174656,-4.2,0.0,3.92,2,0.0,0.5,0.1,12932,
4303,174656,-4.2,0.0,9.38,3,0.0,0.0,0.1,12932,
4304,174720,-5.5,0.0,9.8,5,0.4,0.4,0.1,12934,
4305,174720,-6.0,0.0,8.16,4,0.0,0.25,0.1,12934,
4306,174784,-2.6,0.0,5.56,1,0.0,0.0,0.1,12940,
4307,174848,-5.2,0.0,2.27,1,0.0,0.0,0.1,12945,
4308,174912,-5.6,0.0,6.52,3,0.0,0.0,0.1,12946,
4309,174912,-5.3,0.0,5.88,3,0.0,0.0,0.1,12946,
4310,174912,-4.2,0.0,3.92,2,0.0,0.5,0.1,12946,
4311,174912,-5.2,0.0,3.92,2,0.0,0.5,0.1,12946,
4312,174976,-4.4,0.0,5.71,2,0.0,0.0,0.1,12950,
4313,174976,-3.3,0.0,4.0,1,0.0,0.0,0.1,12950,
4314,175040,-5.2,0.0,3.92,2,0.0,0.0,0.1,12954,
4315,175104,-4.2,0.0,3.92,2,0.0,0.0,0.1,12957,
4316,175168,-5.0,0.0,0.0,0,,,0.1,12961,
4317,175168,-4.1,0.0,1.96,1,0.0,1.0,0.1,12961,
4318,175168,-4.1,0.0,2.33,1,0.0,0.0,0.1,12961,
4319,175168,-4.0,0.0,0.0,0,,,0.1,12961,
4320,175168,-4.6,0.0,11.76,6,0.0,0.3333,0.1,12961,
4321,175168,-5.2,0.0,3.92,2,0.0,0.0,0.1,12961,
4322,175168,8.9,1.0,10.34,3,0.3333,0.6667,0.1,12961,
4323,175232,-5.3,0.0,2.22,1,0.0,0.0,0.1,12966,
4324,175296,-5.5,0.0,4.35,2,0.0,0.0,0.1,12970,
4325,175296,-5.2,0.0,3.92,2,0.0,0.5,0.1,12970,
4326,175360,-5.8,0.0,15.69,8,0.0,0.125,0.1,12972,
4327,175360,-5.2,0.0,3.92,2,0.0,0.5,0.1,12972,
4328,175424,-5.4,0.0,7.84,4,0.0,0.0,0.1,12973,
4329,175424,-4.1,0.0,1.96,1,0.0,0.0,0.1,12973,
4330,175424,-5.2,0.0,3.92,2,0.5,0.5,0.1,12973,
4331,175552,-5.1,0.0,1.96,1,0.0,1.0,0.1,12981,
4332,175552,-5.5,0.0,9.8,5,0.0,0.2,0.1,12981,
4333,175680,-3.9,0.0,3.23,1,0.0,0.0,0.1,12988,
4334,175808,-4.2,0.0,3.92,2,0.0,0.5,0.1,12992,
4335,175936,-3.7,0.0,3.45,1,0.0,0.0,0.1,13001,
4336,176064,-4.0,0.0,13.79,4,0.0,0.25,0.1,13007,
4337,176192,-2.8,0.0,5.0,1,0.0,0.0,0.1,13013,
4338,176192,-5.3,0.0,5.88,3,0.0,0.0,0.1,13013,
4339,176192,-5.1,0.0,1.96,1,0.0,1.0,0.1,13013,
4340,176256,-5.3,0.0,5.88,3,0.0,0.6667,0.1,13016,
4341,176384,-5.5,0.0,9.8,5,0.2,0.0,0.1,13025,
4342,176384,-4.2,0.0,3.92,2,0.5,0.0,0.1,13025,
4343,176448,-1.8,0.0,5.0,1,0.0,0.0,0.1,13031,
4344,176448,-5.1,0.0,1.96,1,0.0,0.0,0.1,13031,
4345,176448,-3.3,0.0,8.33,2,0.0,0.0,0.1,13031,
4346,176512,-4.3,0.0,5.88,3,0.0,0.0,0.1,13035,
4347,176512,-4.0,0.0,6.45,2,0.0,0.0,0.1,13035,
4348,176576,-4.4,0.0,7.84,4,0.0,0.25,0.1,13036,
4349,176576,-3.4,0.0,3.85,1,0.0,0.0,0.1,13036,
4350,176640,-1.9,0.0,9.09,1,0.0,0.0,0.1,13039,
4351,176640,9.8,1.0,0.0,0,,,0.1,13039,
4352,176640,-5.3,0.0,5.88,3,0.0,0.0,0.1,13039,
4353,176704,-3.1,0.0,14.29,3,0.3333,0.0,0.1,13043,
4354,176704,-3.0,0.0,15.0,3,0.0,0.3333,0.1,13043,
4355,176960,-4.3,0.0,5.88,3,0.3333,0.0,0.1,13060,
4356,177024,-5.4,0.0,7.84,4,0.25,0.0,0.1,13066,
4357,177024,-5.2,0.0,3.92,2,0.0,0.5,0.1,13066,
4358,177024,-4.6,0.0,2.63,1,0.0,0.0,0.1,13066,
4359,177088,-4.2,0.0,9.38,3,0.0,0.0,0.1,13071,
4360,177088,-4.5,0.0,9.8,5,0.2,0.4,0.1,13071,
4361,177088,-2.2,0.0,7.14,1,0.0,0.0,0.1,13071,
4362,177088,-5.1,0.0,1.96,1,0.0,0.0,0.1,13071,
4363,177152,-4.0,0.0,0.0,0,,,0.1,13076,
4364,177216,-5.2,0.0,3.92,2,0.0,0.0,0.1,13077,
4365,177216,-5.0,0.0,0.0,0,,,0.1,13077,
4366,177216,-4.3,0.0,5.88,3,0.3333,0.0,0.1,13077,
4367,177216,-2.6,0.0,3.57,1,0.0,0.0,0.1,13077,
4368,177216,-5.9,0.0,17.65,9,0.2222,0.4444,0.1,13077,
4369,177280,-5.0,0.0,0.0,0,,,0.1,13081,
4370,177280,-4.2,0.0,6.06,2,0.0,0.0,0.1,13081,
4371,177408,-1.2,0.0,7.14,1,0.0,0.0,0.1,13087,
4372,177408,-5.3,0.0,5.88,3,0.0,0.0,0.1,13087,
4373,177472,-5.4,0.0,7.84,4,0.0,0.25,0.1,13090,
4374,177600,-5.1,0.0,1.96,1,0.0,0.0,0.1,13096,
4375,177664,-5.1,0.0,1.96,1,1.0,0.0,0.1,13099,
4376,177664,-5.4,0.0,7.84,4,0.25,0.0,0.1,13099,
4377,177728,-5.4,0.0,7.84,4,0.25,0.25,0.1,13102,
4378,177728,-1.7,0.0,11.11,1,0.0,0.0,0.1,13102,
4379,177792,-4.0,0.0,0.0,0,,,0.1,13105,
4380,177792,-3.0,0.0,6.45,2,0.0,0.0,0.1,13105,
4381,177856,-4.9,0.0,15.56,7,0.2857,0.2857,0.1,13107,
4382,177920,-5.2,0.0,3.92,2,0.0,0.0,0.1,13111,
4383,177920,-5.2,0.0,3.92,2,0.5,0.5,0.1,13111,
4384,177920,-5.3,0.0,6.98,3,0.3333,0.3333,0.1,13111,
4385,177984,-4.3,0.0,5.88,3,0.0,1.0,0.1,13111,
4386,177984,-5.2,0.0,3.92,2,0.0,0.0,0.1,13111,
4387,178048,-5.4,0.0,7.84,4,0.0,0.25,0.1,13113,
4388,178112,-5.1,0.0,1.96,1,0.0,0.0,0.1,13116,
4389,178112,-2.2,0.0,7.14,1,0.0,0.0,0.1,13116,
4390,178176,-5.3,0.0,5.88,3,0.0,0.0,0.1,13118,
4391,178176,-2.2,0.0,7.14,1,0.0,0.0,0.1,13118,
4392,178240,-2.4,0.0,6.25,1,0.0,0.0,0.1,13121,
4393,178240,-4.2,0.0,3.92,2,0.0,1.0,0.1,13121,
4394,178240,-4.0,0.0,3.12,1,0.0,0.0,0.1,13121,
4395,178304,-4.1,0.0,3.03,1,0.0,0.0,0.1,13125,
4396,178304,-5.2,0.0,10.0,5,0.2,0.2,0.1,13125,
4397,178368,-5.8,0.0,6.25,3,0.0,0.0,0.1,13132,
4398,178368,-5.5,0.0,2.13,1,0.0,0.0,0.1,13132,
4399,178368,-2.1,0.0,9.09,2,0.0,0.5,0.1,13132,
4400,178368,11.4,1.0,16.67,1,1.0,1.0,0.1,13132,
4401,178368,-2.7,0.0,11.11,2,0.0,0.5,0.1,13132,
4402,178432,-5.3,0.0,5.88,3,0.0,0.0,0.1,13135,
4403,178432,-5.4,0.0,9.3,4,0.25,0.0,0.1,13135,
4404,178432,-4.1,0.0,1.96,1,0.0,0.0,0.1,13135,
4405,178432,-5.3,0.0,5.88,3,0.0,0.3333,0.1,13135,
4406,178496,-5.4,0.0,7.84,4,0.0,0.5,0.1,13136,
4407,178560,-5.2,0.0,3.92,2,0.0,0.0,0.1,13138,
4408,178688,-5.3,0.0,5.88,3,0.0,0.0,0.1,13146,
4409,178688,-4.4,0.0,5.71,2,0.0,0.0,0.1,13146,
4410,178688,-4.6,0.0,2.63,1,0.0,0.0,0.1,13146,
4411,178816,-4.1,0.0,1.96,1,0.0,1.0,0.1,13156,
4412,178816,-5.1,0.0,1.96,1,0.0,0.0,0.1,13156,
4413,178816,-0.9,0.0,9.09,1,0.0,0.0,0.1,13156,
4414,179008,-3.3,0.0,4.0,1,0.0,0.0,0.1,13165,
4415,179136,-2.0,0.0,8.33,1,0.0,0.0,0.1,13174,
4416,179200,7.6,1.0,9.76,4,0.0,1.0,0.1,13176,
4417,179264,-1.1,0.0,7.69,1,0.0,0.0,0.1,13179,
4418,179328,10.4,1.0,0.0,0,,,0.1,13182,
4419,179328,-4.3,0.0,5.88,3,0.3333,0.0,0.1,13182,
4420,179392,-4.1,0.0,4.76,2,0.0,0.0,0.1,13186,
4421,179456,-1.5,0.0,5.88,1,0.0,0.0,0.1,13191,
4422,179456,-3.5,0.0,8.57,3,0.0,0.0,0.1,13191,
4423,179520,-4.0,0.0,3.12,1,0.0,0.0,0.1,13195,
4424,179648,-5.4,0.0,7.84,4,0.0,0.25,0.1,13198,
4425,179648,-5.4,0.0,7.84,4,0.5,0.75,0.1,13198,
4426,179712,-4.1,0.0,1.96,1,0.0,0.0,0.1,13200,
4427,179712,-5.2,0.0,3.92,2,0.0,0.0,0.1,13200,
4428,179776,-2.5,0.0,5.88,1,0.0,0.0,0.1,13205,
4429,179776,-5.5,0.0,9.8,5,0.2,0.4,0.1,13205,
4430,179776,-1.8,0.0,5.0,1,0.0,0.0,0.1,13205,
4431,179840,-5.4,0.0,7.84,4,0.0,0.25,0.1,13207,
4432,179840,-2.4,0.0,6.25,1,0.0,0.0,0.1,13207,
4433,179904,-4.3,0.0,5.88,3,0.3333,0.3333,0.1,13208,
4434,179904,-5.0,0.0,0.0,0,,,0.1,13208,
4435,179904,-5.1,0.0,1.96,1,0.0,0.0,0.1,13208,
4436,179968,-5.0,0.0,0.0,0,,,0.1,13214,
4437,179968,-3.5,0.0,16.67,4,0.25,0.25,0.1,13214,
4438,179968,-3.5,0.0,12.0,3,0.3333,0.3333,0.1,13214,
4439,180096,-3.8,0.0,6.9,2,0.0,0.0,0.1,13218,
4440,180160,-4.9,0.0,5.0,2,0.0,0.0,0.1,13222,
4441,180288,-4.4,0.0,2.78,1,0.0,0.0,0.1,13229,
4442,180288,-5.1,0.0,1.96,1,0.0,0.0,0.1,13229,
4443,180288,-5.1,0.0,1.96,1,0.0,0.0,0.1,13229,
4444,180288,-4.4,0.0,7.84,4,0.0,0.25,0.1,13229,
4445,180352,-4.3,0.0,5.88,3,0.3333,0.0,0.1,13231,
4446,180352,-5.2,0.0,3.92,2,0.5,0.0,0.1,13231,
4447,180352,-5.2,0.0,3.92,2,0.0,0.0,0.1,13231,
4448,180352,-5.2,0.0,3.92,2,0.0,0.0,0.1,13231,
4449,180416,-4.8,0.0,5.13,2,0.5,0.5,0.1,13236,
4450,180480,-4.5,0.0,9.8,5,0.2,0.0,0.1,13238,
4451,180480,-1.8,0.0,10.0,1,0.0,0.0,0.1,13238,
4452,180480,-4.6,0.0,2.63,1,0.0,0.0,0.1,13238,
4453,180544,-4.0,0.0,0.0,0,,,0.1,13239,
4454,180672,-1.9,0.0,9.09,1,0.0,0.0,0.1,13246,
4455,180672,-5.1,0.0,1.96,1,0.0,1.0,0.1,13246,
4456,180800,-4.6,0.0,5.41,2,0.0,0.0,0.1,13253,
4457,180800,-2.3,0.0,4.0,1,0.0,0.0,0.1,13253,
4458,180864,-4.8,0.0,5.13,2,0.0,0.0,0.1,13258,
4459,180928,-3.3,0.0,2.86,1,0.0,0.0,0.1,13262,
4460,180928,-5.2,0.0,3.92,2,0.0,0.5,0.1,13262,
4461,180928,-5.5,0.0,2.13,1,0.0,0.0,0.1,13262,
4462,180928,-4.6,0.0,11.76,6,0.1667,0.1667,0.1,13262,
4463,180992,-4.3,0.0,5.88,3,0.3333,0.0,0.1,13263,
4464,180992,-5.6,0.0,11.76,6,0.1667,0.3333,0.1,13263,
4465,181056,-4.3,0.0,5.88,3,0.0,0.0,0.1,13266,
4466,181056,-5.1,0.0,1.96,1,0.0,1.0,0.1,13266,
4467,181120,-5.2,0.0,3.92,2,0.0,0.0,0.1,13271,
4468,181120,-5.5,0.0,2.13,1,0.0,0.0,0.1,13271,
4469,181184,-1.9,0.0,9.09,1,0.0,0.0,0.1,13278,
4470,181184,-5.3,0.0,5.88,3,0.3333,0.0,0.1,13278,
4471,181248,-4.8,0.0,2.5,1,0.0,0.0,0.1,13283,
4472,181376,-2.0,0.0,18.18,2,0.0,0.0,0.1,13291,
4473,181440,-2.6,0.0,5.56,1,0.0,0.0,0.1,13294,
4474,181440,-5.1,0.0,1.96,1,0.0,0.0,0.1,13294,
4475,181440,-4.4,0.0,7.84,4,0.5,0.25,0.1,13294,
4476,181504,-4.5,0.0,8.57,3,0.0,0.3333,0.1,13298,
4477,181504,8.6,1.0,9.38,3,0.0,1.0,0.1,13298,
4478,181504,-1.7,0.0,11.11,1,0.0,0.0,0.1,13298,
4479,181504,-4.3,0.0,5.88,3,0.0,0.0,0.1,13298,
4480,181568,-5.0,0.0,0.0,0,,,0.1,13301,
4481,181568,-5.0,0.0,0.0,0,,,0.1,13301,
4482,181632,-4.1,0.0,1.96,1,0.0,0.0,0.1,13304,
4483,181696,-5.1,0.0,1.96,1,0.0,0.0,0.1,13307,
4484,181824,-2.9,0.0,4.76,1,0.0,0.0,0.1,13314,
4485,181824,-5.1,0.0,1.96,1,0.0,0.0,0.1,13314,
4486,181888,-1.9,0.0,20.0,2,0.0,0.5,0.1,13320,
4487,181888,-5.7,0.0,4.17,2,0.0,0.0,0.1,13320,
4488,181952,-1.6,0.0,12.5,1,0.0,0.0,0.1,13327,
4489,182016,-4.8,0.0,2.5,1,0.0,0.0,0.1,13332,
4490,182016,7.6,1.0,9.76,4,0.0,0.25,0.1,13332,
4491,182080,-3.6,0.0,3.57,1,0.0,0.0,0.1,13339,
4492,182080,-4.3,0.0,5.88,2,0.0,0.5,0.1,13339,
4493,182080,-1.5,0.0,33.33,2,0.5,0.0,0.1,13339,
4494,182080,-5.2,0.0,3.92,2,0.0,0.0,0.1,13339,
4495,182144,-2.5,0.0,5.88,1,0.0,0.0,0.1,13343,
4496,182208,-2.2,0.0,15.38,2,0.0,0.0,0.1,13346,
4497,182272,-5.3,0.0,5.88,3,0.3333,0.3333,0.1,13349,
4498,182400,-1.6,0.0,12.5,1,0.0,0.0,0.1,13357,
4499,182400,-5.4,0.0,7.84,4,0.25,0.0,0.1,13357,
4500,182592,-3.0,0.0,3.12,1,0.0,0.0,0.1,13366,
4501,182592,-5.3,0.0,5.88,3,0.0,0.3333,0.1,13366,
4502,182592,-5.4,0.0,7.84,4,0.0,0.5,0.1,13366,
4503,182656,11.2,1.0,0.0,0,,,0.1,13371,
4504,182720,-3.7,0.0,3.45,1,0.0,0.0,0.1,13376,
4505,182720,-4.6,0.0,2.63,1,0.0,0.0,0.1,13376,
4506,182784,-5.1,0.0,1.96,1,0.0,0.0,0.1,13381,
4507,182784,-2.1,0.0,7.69,1,0.0,0.0,0.1,13381,
4508,182848,-3.8,0.0,3.33,1,0.0,0.0,0.1,13390,
4509,182848,-5.0,0.0,10.26,4,0.0,0.25,0.1,13390,
4510,182912,-5.0,0.0,0.0,0,,,0.1,13396,
4511,182912,-4.2,0.0,6.06,2,0.5,0.0,0.1,13396,
4512,182912,-4.3,0.0,5.88,3,0.3333,0.6667,0.1,13396,
4513,182976,-2.8,0.0,10.71,3,0.0,0.0,0.1,13399,
4514,182976,-5.2,0.0,3.92,2,0.0,0.0,0.1,13399,
4515,182976,-4.3,0.0,5.88,3,0.0,0.3333,0.1,13399,
4516,183040,-5.4,0.0,7.84,4,0.0,0.0,0.1,13402,
4517,183040,-2.6,0.0,5.56,1,0.0,0.0,0.1,13402,
4518,183040,-5.3,0.0,5.88,3,0.0,0.0,0.1,13402,
4519,183040,-4.0,0.0,0.0,0,,,0.1,13402,
4520,183104,-4.5,0.0,9.8,5,0.2,0.2,0.1,13405,
4521,183104,-4.5,0.0,5.56,2,0.0,0.5,0.1,13405,
4522,183104,-6.6,0.0,18.0,9,0.2222,0.2222,0.1,13405,
4523,183168,-5.0,0.0,0.0,0,,,0.1,13408,
4524,183232,-3.5,0.0,3.7,1,0.0,0.0,0.1,13413,
4525,183232,-5.3,0.0,5.88,3,0.3333,0.0,0.1,13413,
4526,183232,-5.2,0.0,3.92,2,0.5,0.0,0.1,13413,
4527,183296,-1.6,0.0,18.75,3,0.0,0.3333,0.1,13419,
4528,183296,-4.8,0.0,10.81,4,0.0,0.25,0.1,13419,
4529,183360,-5.2,0.0,3.92,2,0.0,0.5,0.1,13421,
4530,183360,-1.4,0.0,13.33,2,0.0,0.0,0.1,13421,
4531,183424,-5.1,0.0,1.96,1,0.0,0.0,0.1,13424,
4532,183424,-4.8,0.0,6.25,3,0.0,0.3333,0.1,13424,
4533,183552,-4.7,0.0,13.73,7,0.1429,0.5714,0.1,13436,
4534,183616,-4.4,0.0,7.84,4,0.0,0.75,0.1,13440,
4535,183616,-5.5,0.0,9.8,5,0.2,0.4,0.1,13440,
4536,183680,-2.5,0.0,5.88,1,0.0,0.0,0.1,13442,
4537,183680,-5.8,0.0,15.69,8,0.25,0.375,0.1,13442,
4538,183744,-5.2,0.0,3.92,2,0.0,0.0,0.1,13446,
4539,183744,10.0,1.0,16.67,3,0.0,0.6667,0.1,13446,
4540,183744,-2.5,0.0,12.5,2,0.0,0.0,0.1,13446,
4541,183808,-4.2,0.0,12.9,4,0.0,0.0,0.1,13449,
4542,183936,-2.1,0.0,40.0,4,0.0,0.25,0.1,13456,
4543,183936,-5.2,0.0,3.92,2,0.5,0.5,0.1,13456,
4544,184000,-1.8,0.0,5.0,1,0.0,0.0,0.1,13463,
4545,184064,-2.8,0.0,5.0,1,0.0,0.0,0.1,13467,
4546,184128,-3.3,0.0,13.04,3,0.0,0.3333,0.1,13472,
4547,184128,10.1,1.0,11.11,2,0.0,0.5,0.1,13472,
4548,184192,-2.3,0.0,6.67,1,0.0,0.0,0.1,13478,
4549,184192,-4.5,0.0,9.8,5,0.4,0.2,0.1,13478,
4550,184192,-2.2,0.0,7.14,1,0.0,0.0,0.1,13478,
4551,184192,-5.7,0.0,6.38,3,0.0,0.6667,0.1,13478,
4552,184256,-5.0,0.0,0.0,0,,,0.1,13481,
4553,184256,-4.4,0.0,7.84,4,0.25,0.5,0.1,13481,
4554,184320,-4.2,0.0,3.92,2,0.5,0.0,0.1,13482,
4555,184320,10.8,1.0,8.33,1,0.0,0.0,0.1,13482,
4556,184384,-6.0,0.0,3.92,2,0.0,0.5,0.1,13487,
4557,184384,-5.6,0.0,11.76,6,0.3333,0.5,0.1,13487,
4558,184448,11.7,1.0,33.33,1,1.0,1.0,0.1,13491,
4559,184512,-0.6,0.0,12.5,1,0.0,0.0,0.1,13492,
4560,184576,-3.4,0.0,3.85,1,0.0,0.0,0.1,13496,
4561,184640,-3.2,0.0,4.17,1,0.0,0.0,0.1,13499,
4562,184704,-4.2,0.0,3.92,2,0.5,0.0,0.1,13503,
4563,184704,-4.6,0.0,11.76,6,0.1667,0.1667,0.1,13503,
4564,184768,-5.0,0.0,0.0,0,,,0.1,13507,
4565,184768,7.9,1.0,5.0,2,0.0,0.0,0.1,13507,
4566,184768,-5.2,0.0,3.92,2,0.0,0.0,0.1,13507,
4567,184768,-5.5,0.0,9.8,5,0.0,0.0,0.1,13507,
4568,184832,-5.0,0.0,0.0,0,,,0.1,13512,
4569,184832,-3.1,0.0,4.35,1,0.0,0.0,0.1,13512,
4570,184832,-2.4,0.0,8.0,2,0.5,0.0,0.1,13512,
4571,184832,-5.2,0.0,3.92,2,0.0,0.0,0.1,13512,
4572,184896,-3.7,0.0,3.45,1,0.0,0.0,0.1,13519,
4573,184896,-5.2,0.0,3.92,2,0.0,0.5,0.1,13519,
4574,185024,-2.7,0.0,3.45,1,0.0,0.0,0.1,13523,
4575,185088,-5.2,0.0,3.92,2,0.0,0.5,0.1,13526,
4576,185216,-2.2,0.0,7.14,1,0.0,0.0,0.1,13539,
4577,185216,-6.0,0.0,8.16,4,0.0,0.25,0.1,13539,
4578,185280,-5.6,0.0,8.89,4,0.0,0.0,0.1,13541,
4579,185280,-5.1,0.0,1.96,1,0.0,0.0,0.1,13541,
4580,185280,-5.1,0.0,1.96,1,0.0,0.0,0.1,13541,
4581,185344,-5.3,0.0,5.88,3,0.0,0.3333,0.1,13543,
4582,185344,-6.1,0.0,5.88,3,0.0,0.6667,0.1,13543,
4583,185408,11.1,1.0,0.0,0,,,0.1,13546,
4584,185408,-4.2,0.0,3.92,2,0.0,0.5,0.1,13546,
4585,185408,7.6,1.0,15.38,6,0.0,0.3333,0.1,13546,
4586,185408,-4.5,0.0,5.56,2,0.0,0.5,0.1,13546,
4587,185472,-4.3,0.0,2.86,1,0.0,0.0,0.1,13550,
4588,185600,-4.0,0.0,13.79,4,0.25,0.25,0.1,13560,
4589,185600,-4.3,0.0,6.98,3,0.0,0.0,0.1,13560,
4590,185664,-1.0,0.0,8.33,1,0.0,0.0,0.1,13568,
4591,185664,-4.2,0.0,9.38,3,0.3333,0.0,0.1,13568,
4592,185728,8.5,1.0,9.09,3,0.0,0.3333,0.1,13569,
4593,185728,11.5,1.0,20.0,1,0.0,1.0,0.1,13569,
4594,185792,-4.4,0.0,4.44,2,0.0,0.0,0.1,13577,
4595,185792,-2.3,0.0,6.67,1,0.0,0.0,0.1,13577,
4596,185856,-4.7,0.0,13.73,7,0.0,0.4286,0.1,13580,
4597,185984,-3.2,0.0,4.17,1,0.0,0.0,0.1,13588,
4598,186048,-2.8,0.0,3.33,1,0.0,0.0,0.1,13594,
4599,186048,-5.1,0.0,1.96,1,0.0,0.0,0.1,13594,
4600,186048,-5.5,0.0,4.35,2,0.0,0.0,0.1,13594,
4601,186112,-3.4,0.0,12.5,3,0.3333,0.0,0.1,13600,
4602,186112,9.4,1.0,17.39,4,0.0,0.0,0.1,13600,
4603,186112,-2.9,0.0,6.67,2,0.0,0.0,0.1,13600,
4604,186112,-4.5,0.0,9.8,5,0.2,0.0,0.1,13600,
4605,186176,-4.7,0.0,5.26,2,0.0,0.0,0.1,13604,
4606,186240,-4.2,0.0,3.92,2,0.0,0.0,0.1,13610,
4607,186240,-5.0,0.0,0.0,0,,,0.1,13610,
4608,186240,-2.1,0.0,7.69,1,0.0,0.0,0.1,13610,
4609,186304,-5.1,0.0,1.96,1,0.0,0.0,0.1,13612,
4610,186304,-5.2,0.0,3.92,2,0.0,0.0,0.1,13612,
4611,186304,-5.1,0.0,1.96,1,0.0,0.0,0.1,13612,
4612,186432,-3.6,0.0,5.41,2,0.0,0.0,0.1,13619,
4613,186624,-1.7,0.0,11.11,1,0.0,0.0,0.1,13624,
4614,186624,-5.4,0.0,7.84,4,0.25,0.0,0.1,13624,
4615,186688,-5.4,0.0,4.44,2,0.0,0.5,0.1,13629,
4616,186688,-4.7,0.0,13.73,7,0.1429,0.2857,0.1,13629,
4617,186688,-5.2,0.0,3.92,2,0.0,0.5,0.1,13629,
4618,186816,-4.1,0.0,6.25,2,0.0,0.0,0.1,13636,
4619,186816,-5.6,0.0,2.08,1,0.0,0.0,0.1,13636,
4620,186816,-2.4,0.0,6.25,1,0.0,0.0,0.1,13636,
4621,186944,-4.6,0.0,11.76,6,0.0,0.1667,0.1,13638,
4622,186944,-5.4,0.0,7.84,4,0.0,0.25,0.1,13638,
4623,187008,7.2,1.0,11.36,5,0.2,0.2,0.1,13642,
4624,187072,-5.0,0.0,7.5,3,0.3333,0.0,0.1,13644,
4625,187200,-5.6,0.0,11.76,6,0.0,0.3333,0.1,13654,
4626,187200,-3.8,0.0,3.33,1,0.0,0.0,0.1,13654,
4627,187200,-5.1,0.0,1.96,1,0.0,1.0,0.1,13654,
4628,187200,10.4,1.0,0.0,0,,,0.1,13654,
4629,187392,-4.0,0.0,0.0,0,,,0.1,13659,
4630,187456,-4.1,0.0,1.96,1,0.0,0.0,0.1,13664,
4631,187456,-2.8,0.0,10.71,3,0.0,0.3333,0.1,13664,
4632,187456,-4.7,0.0,13.73,7,0.0,0.1429,0.1,13664,
4633,187520,-2.6,0.0,3.57,1,0.0,0.0,0.1,13669,
4634,187520,-5.0,0.0,0.0,0,,,0.1,13669,
4635,187584,-4.2,0.0,3.92,2,0.0,0.0,0.1,13674,
4636,187648,-5.3,0.0,5.88,3,0.0,0.3333,0.1,13679,
4637,187648,-3.4,0.0,2.78,1,0.0,0.0,0.1,13679,
4638,187648,-5.5,0.0,4.35,2,0.0,0.5,0.1,13679,
4639,187648,-5.5,0.0,9.8,5,0.0,0.6,0.1,13679,
4640,187712,-3.4,0.0,3.85,1,0.0,0.0,0.1,13683,
4641,187712,-4.4,0.0,2.17,1,0.0,0.0,0.1,13683,
4642,187840,7.4,1.0,0.0,0,,,0.1,13689,
4643,187904,-2.3,0.0,6.67,1,0.0,0.0,0.1,13699,
4644,187904,-5.9,0.0,8.33,4,0.0,0.25,0.1,13699,
4645,187904,-5.8,0.0,8.51,4,0.0,0.0,0.1,13699,
4646,187968,-4.3,0.0,5.88,3,0.6667,0.3333,0.1,13700,
4647,188032,-4.2,0.0,4.65,2,0.0,0.0,0.1,13709,
4648,188032,-4.1,0.0,2.33,1,0.0,0.0,0.1,13709,
4649,188032,-5.2,0.0,3.92,2,0.0,0.5,0.1,13709,
4650,188096,-1.9,0.0,10.0,2,0.0,0.5,0.1,13715,
4651,188096,-5.3,0.0,5.88,3,0.0,0.0,0.1,13715,
4652,188160,11.0,1.0,22.22,2,0.0,0.0,0.1,13719,
4653,188224,-3.9,0.0,3.23,1,0.0,0.0,0.1,13725,
4654,188288,-2.7,0.0,5.26,1,0.0,0.0,0.1,13728,
4655,188288,-5.6,0.0,11.76,6,0.0,0.0,0.1,13728,
4656,188288,-4.1,0.0,6.25,2,0.5,0.5,0.1,13728,
4657,188352,-2.6,0.0,5.56,1,0.0,0.0,0.1,13733,
4658,188352,-4.3,0.0,5.88,3,0.3333,0.3333,0.1,13733,
4659,188480,-4.5,0.0,9.8,5,0.0,0.2,0.1,13740,
4660,188480,-2.4,0.0,6.25,1,0.0,0.0,0.1,13740,
4661,188480,-4.0,0.0,0.0,0,,,0.1,13740,
4662,188544,-2.1,0.0,7.69,1,0.0,0.0,0.1,13742,
4663,188544,11.2,1.0,12.5,1,0.0,0.0,0.1,13742,
4664,188608,-5.2,0.0,3.92,2,0.0,0.5,0.1,13745,
4665,188672,-2.3,0.0,6.67,1,0.0,0.0,0.1,13747,
4666,188672,-3.1,0.0,6.25,2,0.0,0.0,0.1,13747,
4667,188672,-4.5,0.0,9.8,5,0.0,0.2,0.1,13747,
4668,188672,-5.1,0.0,1.96,1,1.0,0.0,0.1,13747,
4669,188736,-2.8,0.0,5.0,1,0.0,0.0,0.1,13754,
4670,188736,-4.1,0.0,1.96,1,0.0,1.0,0.1,13754,
4671,188736,-5.4,0.0,9.3,4,0.0,0.0,0.1,13754,
4672,188800,-5.2,0.0,7.14,3,0.0,0.3333,0.1,13758,
4673,188864,-1.8,0.0,22.22,2,0.0,0.0,0.1,13762,
4674,188864,-5.2,0.0,3.92,2,0.0,0.0,0.1,13762,
4675,188864,-4.3,0.0,5.88,3,0.3333,0.6667,0.1,13762,
4676,188928,-5.1,0.0,1.96,1,0.0,0.0,0.1,13763,
4677,188992,-5.6,0.0,11.76,6,0.0,0.3333,0.1,13766,
4678,189056,-2.7,0.0,5.26,1,0.0,0.0,0.1,13771,
4679,189056,-4.2,0.0,3.92,2,0.5,0.0,0.1,13771,
4680,189120,-4.1,0.0,1.96,1,0.0,0.0,0.1,13774,
4681,189312,-3.4,0.0,3.85,1,0.0,0.0,0.1,13788,
4682,189312,-5.5,0.0,9.8,5,0.2,0.2,0.1,13788,
4683,189312,-6.1,0.0,8.0,4,0.0,0.0,0.1,13788,
4684,189376,-5.9,0.0,1.96,1,0.0,0.0,0.1,13792,
4685,189376,-1.7,0.0,11.11,1,0.0,0.0,0.1,13792,
4686,189440,-1.1,0.0,16.67,2,0.0,0.0,0.1,13793,
4687,189440,-4.4,0.0,7.84,4,0.0,0.0,0.1,13793,
4688,189504,-1.3,0.0,6.67,1,0.0,0.0,0.1,13797,
4689,189504,-4.4,0.0,7.84,4,0.0,0.75,0.1,13797,
4690,189568,-4.2,0.0,6.06,2,0.0,0.5,0.1,13803,
4691,189568,-5.0,0.0,0.0,0,,,0.1,13803,
4692,189568,-1.8,0.0,22.22,2,0.0,0.5,0.1,13803,
4693,189568,-5.1,0.0,1.96,1,0.0,0.0,0.1,13803,
4694,189568,-5.1,0.0,1.96,1,0.0,0.0,0.1,13803,
4695,189632,-6.0,0.0,20.45,9,0.0,0.4444,0.1,13805,
4696,189696,-5.3,0.0,5.88,3,0.3333,0.0,0.1,13808,
4697,189824,-2.5,0.0,5.88,1,0.0,0.0,0.1,13820,
4698,189888,9.7,1.0,0.0,0,,,0.1,13824,
4699,189888,-5.5,0.0,9.8,5,0.2,0.6,0.1,13824,
4700,189888,-5.5,0.0,6.67,3,0.0,0.3333,0.1,13824,
4701,189952,-4.9,0.0,17.65,9,0.0,0.3333,0.1,13828,
4702,189952,-4.3,0.0,5.88,3,0.3333,0.0,0.1,13828,
4703,189952,-3.8,0.0,3.33,1,0.0,0.0,0.1,13828,
4704,189952,6.8,1.0,3.92,2,0.0,1.0,0.1,13828,
4705,190016,10.3,1.0,0.0,0,,,0.1,13830,
4706,190080,-4.4,0.0,7.84,4,0.0,0.5,0.1,13834,
4707,190080,-2.5,0.0,3.7,1,0.0,0.0,0.1,13834,
4708,190144,-5.4,0.0,2.17,1,0.0,0.0,0.1,13838,
4709,190208,-5.6,0.0,11.76,6,0.0,0.0,0.1,13845,
4710,190272,-0.8,0.0,10.0,1,0.0,0.0,0.1,13847,
4711,190272,-4.4,0.0,5.71,2,0.0,0.0,0.1,13847,
4712,190336,-3.3,0.0,4.0,1,0.0,0.0,0.1,13853,
4713,190400,-4.4,0.0,5.71,2,0.0,0.5,0.1,13860,
4714,190464,-6.0,0.0,3.92,2,0.0,0.0,0.1,13863,
4715,190464,-5.1,0.0,1.96,1,0.0,0.0,0.1,13863,
4716,190656,-4.2,0.0,3.92,2,0.0,0.5,0.1,13874,
4717,190720,10.0,1.0,16.67,3,0.0,0.0,0.1,13879,
4718,190720,-3.5,0.0,7.69,2,0.0,0.5,0.1,13879,
4719,190784,-3.8,0.0,3.33,1,0.0,0.0,0.1,13884,
4720,190784,-4.3,0.0,5.88,3,0.0,0.0,0.1,13884,
4721,190784,-5.5,0.0,9.8,5,0.2,0.2,0.1,13884,
4722,190848,-1.7,0.0,11.11,1,0.0,0.0,0.1,13888,
4723,190912,-3.1,0.0,9.09,2,0.0,0.0,0.1,13893,
4724,190912,-5.2,0.0,3.92,2,0.0,0.5,0.1,13893,
4725,190912,-5.7,0.0,13.73,7,0.0,0.5714,0.1,13893,
4726,190912,-3.9,0.0,10.53,4,0.25,0.0,0.1,13893,
4727,190912,-5.0,0.0,0.0,0,,,0.1,13893,
4728,191040,11.7,1.0,0.0,0,,,0.1,13900,
4729,191104,-2.3,0.0,6.67,1,0.0,0.0,0.1,13905,
4730,191168,-5.3,0.0,5.88,3,0.0,0.3333,0.1,13909,
4731,191168,-4.5,0.0,9.8,5,0.0,0.2,0.1,13909,
4732,191168,-5.3,0.0,5.88,3,0.0,0.3333,0.1,13909,
4733,191232,-5.2,0.0,3.92,2,0.0,0.5,0.1,13911,
4734,191296,-4.2,0.0,2.27,1,0.0,0.0,0.1,13916,
4735,191360,-5.1,0.0,1.96,1,1.0,0.0,0.1,13920,
4736,191360,-4.2,0.0,3.92,2,0.0,0.0,0.1,13920,
4737,191360,-3.1,0.0,4.35,1,0.0,0.0,0.1,13920,
4738,191488,7.9,1.0,13.51,5,0.0,0.2,0.1,13931,
4739,191488,-4.2,0.0,9.38,3,0.0,0.0,0.1,13931,
4740,191488,-5.2,0.0,3.92,2,0.5,0.5,0.1,13931,
4741,191552,-5.5,0.0,9.8,5,0.0,0.2,0.1,13935,
4742,191552,-5.0,0.0,0.0,0,,,0.1,13935,
4743,191616,-3.5,0.0,7.69,2,0.0,0.0,0.1,13941,
4744,191616,-2.6,0.0,7.41,2,0.0,0.0,0.1,13941,
4745,191680,-3.0,0.0,4.55,1,0.0,0.0,0.1,13944,
4746,191744,-3.7,0.0,7.14,2,0.0,0.0,0.1,13950,
4747,191744,-4.2,0.0,3.92,2,0.0,0.0,0.1,13950,
4748,191808,-4.3,0.0,5.88,3,0.0,0.0,0.1,13954,
4749,191808,-3.0,0.0,4.55,1,0.0,0.0,0.1,13954,
4750,191872,-4.5,0.0,9.8,5,0.2,0.0,0.1,13958,
4751,191872,-2.5,0.0,20.0,3,0.0,0.0,0.1,13958,
4752,191872,-0.8,0.0,10.0,1,0.0,0.0,0.1,13958,
4753,191872,9.1,1.0,7.14,2,0.0,0.0,0.1,13958,
4754,191936,-4.2,0.0,3.92,2,0.5,0.0,0.1,13961,
4755,191936,-5.3,0.0,5.88,3,0.0,0.3333,0.1,13961,
4756,191936,-5.4,0.0,7.84,4,0.0,0.5,0.1,13961,
4757,191936,-5.6,0.0,2.08,1,0.0,0.0,0.1,13961,
4758,192000,-4.0,0.0,3.12,1,0.0,0.0,0.1,13966,
4759,192000,-5.5,0.0,9.8,5,0.0,0.6,0.1,13966,
4760,192064,-4.2,0.0,6.06,2,0.0,0.0,0.1,13967,
4761,192128,-2.6,0.0,18.75,3,0.0,0.0,0.1,13973,
4762,192192,-4.3,0.0,5.88,3,0.3333,0.3333,0.1,13981,
4763,192320,-5.4,0.0,9.3,4,0.25,0.0,0.1,13988,
4764,192320,-4.2,0.0,3.92,2,0.0,0.5,0.1,13988,
4765,192320,11.0,1.0,0.0,0,,,0.1,13988,
4766,192320,-4.2,0.0,12.9,4,0.25,0.0,0.1,13988,
4767,192384,-2.9,0.0,6.67,2,0.0,0.0,0.1,13994,
4768,192384,9.7,1.0,4.35,1,0.0,0.0,0.1,13994,
4769,192512,6.9,1.0,13.04,6,0.1667,0.1667,0.1,14001,
4770,192512,-5.9,0.0,4.0,2,0.0,0.0,0.1,14001,
4771,192576,-5.0,0.0,0.0,0,,,0.1,14004,
4772,192576,-5.1,0.0,1.96,1,0.0,1.0,0.1,14004,
4773,192640,-5.1,0.0,1.96,1,0.0,0.0,0.1,14008,
4774,192640,-5.3,0.0,5.88,3,0.6667,0.3333,0.1,14008,
4775,192640,-1.9,0.0,9.09,1,0.0,0.0,0.1,14008,
4776,192704,-2.1,0.0,7.69,1,0.0,0.0,0.1,14014,
4777,192704,-2.9,0.0,4.76,1,0.0,0.0,0.1,14014,
4778,192704,-5.7,0.0,13.73,7,0.1429,0.4286,0.1,14014,
4779,192768,6.9,1.0,13.04,6,0.1667,0.5,0.1,14019,
4780,192768,-5.7,0.0,13.73,7,0.1429,0.1429,0.1,14019,
4781,192832,-5.6,0.0,11.76,6,0.1667,0.1667,0.1,14023,
4782,192832,-0.7,0.0,25.0,2,0.0,0.0,0.1,14023,
4783,192832,-5.6,0.0,11.76,6,0.3333,0.3333,0.1,14023,
4784,192960,-2.6,0.0,5.56,1,0.0,0.0,0.1,14029,
4785,192960,-3.1,0.0,9.09,2,0.0,0.0,0.1,14029,
4786,192960,-5.0,0.0,0.0,0,,,0.1,14029,
4787,193088,-3.5,0.0,12.0,3,0.3333,0.3333,0.1,14037,
4788,193152,-4.1,0.0,1.96,1,0.0,1.0,0.1,14041,
4789,193152,-4.3,0.0,2.86,1,0.0,0.0,0.1,14041,
4790,193216,-6.0,0.0,12.77,6,0.0,0.3333,0.1,14047,
4791,193280,-5.2,0.0,3.92,2,0.0,0.5,0.1,14052,
4792,193344,-3.6,0.0,11.54,3,0.3333,0.0,0.1,14056,
4793,193344,-4.3,0.0,5.88,3,0.0,0.3333,0.1,14056,
4794,193344,-4.2,0.0,2.94,1,0.0,0.0,0.1,14056,
4795,193408,-1.9,0.0,9.09,1,0.0,0.0,0.1,14061,
4796,193472,-3.9,0.0,6.67,2,0.0,0.0,0.1,14066,
4797,193600,-5.4,0.0,4.44,2,0.0,0.0,0.1,14077,
4798,193600,-3.7,0.0,11.11,3,0.0,0.0,0.1,14077,
4799,193728,-5.1,0.0,1.96,1,0.0,1.0,0.1,14081,
4800,193728,-4.5,0.0,8.57,3,0.0,0.0,0.1,14081,
4801,193792,-4.9,0.0,10.53,4,0.0,0.0,0.1,14086,
4802,193856,-3.9,0.0,6.67,2,0.5,0.0,0.1,14093,
4803,193856,-5.8,0.0,10.87,5,0.0,0.6,0.1,14093,
4804,193856,-3.3,0.0,13.04,3,0.3333,0.3333,0.1,14093,
4805,193920,-4.7,0.0,5.26,2,0.0,0.0,0.1,14099,
4806,193920,-4.2,0.0,3.92,2,0.0,0.5,0.1,14099,
4807,193920,-5.8,0.0,4.08,2,0.0,0.0,0.1,14099,
4808,193984,-5.1,0.0,1.96,1,0.0,0.0,0.1,14103,
4809,194048,-5.0,0.0,0.0,0,,,0.1,14105,
4810,194048,-5.1,0.0,20.0,9,0.1111,0.2222,0.1,14105,
4811,194112,-3.3,0.0,4.0,1,0.0,0.0,0.1,14107,
4812,194112,11.7,1.0,0.0,0,,,0.1,14107,
4813,194112,-4.1,0.0,1.96,1,0.0,1.0,0.1,14107,
4814,194176,-5.0,0.0,0.0,0,,,0.1,14114,
4815,194176,-5.5,0.0,9.09,4,0.0,0.0,0.1,14114,
4816,194304,9.5,1.0,8.33,2,0.5,0.5,0.1,14118,
4817,194304,-4.1,0.0,1.96,1,0.0,0.0,0.1,14118,
4818,194368,-2.0,0.0,8.33,1,0.0,0.0,0.1,14122,
4819,194432,-3.6,0.0,7.41,2,0.0,0.0,0.1,14127,
4820,194432,-5.6,0.0,11.76,6,0.0,0.1667,0.1,14127,
4821,194432,-2.8,0.0,5.0,1,0.0,0.0,0.1,14127,
4822,194560,-5.7,0.0,13.73,7,0.0,0.1429,0.1,14142,
4823,194624,-3.9,0.0,5.0,2,0.0,0.0,0.1,14145,
4824,194688,-4.0,0.0,3.12,1,0.0,0.0,0.1,14149,
4825,194752,-5.5,0.0,11.63,5,0.0,0.2,0.1,14154,
4826,194752,-5.3,0.0,4.55,2,0.0,0.0,0.1,14154,
4827,194816,8.7,1.0,9.68,3,0.0,0.6667,0.1,14157,
4828,194816,-2.9,0.0,3.23,1,0.0,0.0,0.1,14157,
4829,194880,-5.5,0.0,9.8,5,0.0,0.2,0.1,14159,
4830,194944,-4.6,0.0,8.33,3,0.0,0.0,0.1,14161,
4831,194944,10.7,1.0,7.69,1,1.0,1.0,0.1,14161,
4832,195008,-4.3,0.0,5.88,3,0.0,0.0,0.1,14162,
4833,195008,-5.3,0.0,5.88,3,0.3333,0.3333,0.1,14162,
4834,195072,-5.4,0.0,7.84,4,0.0,0.25,0.1,14163,
4835,195072,6.9,1.0,8.33,4,0.0,0.5,0.1,14163,
4836,195136,-5.3,0.0,5.88,3,0.3333,0.3333,0.1,14164,
4837,195136,-5.3,0.0,5.88,3,0.0,0.0,0.1,14164,
4838,195200,-4.2,0.0,9.38,3,0.3333,0.0,0.1,14170,
4839,195200,-5.4,0.0,6.82,3,0.0,0.3333,0.1,14170,
4840,195200,-5.2,0.0,3.92,2,0.0,0.0,0.1,14170,
4841,195328,7.2,1.0,4.26,2,0.0,0.5,0.1,14182,
4842,195328,-2.8,0.0,10.53,2,0.0,0.0,0.1,14182,
4843,195328,-2.7,0.0,5.26,1,0.0,0.0,0.1,14182,
4844,195328,6.7,1.0,14.89,7,0.1429,0.1429,0.1,14182,
4845,195328,-3.4,0.0,8.0,2,0.0,0.0,0.1,14182,
4846,195392,-4.4,0.0,7.84,4,0.0,0.25,0.1,14186,
4847,195456,-2.4,0.0,6.25,1,0.0,0.0,0.1,14189,
4848,195456,-5.3,0.0,9.8,5,0.0,0.0,0.1,14189,
4849,195520,-3.0,0.0,9.52,2,0.0,0.0,0.1,14198,
4850,195584,-4.5,0.0,9.8,5,0.0,0.2,0.1,14200,
4851,195584,-5.0,0.0,4.88,2,0.0,0.0,0.1,14200,
4852,195648,7.5,1.0,15.0,6,0.0,0.5,0.1,14205,
4853,195648,-5.7,0.0,8.7,4,0.0,0.25,0.1,14205,
4854,195648,-2.5,0.0,12.5,2,0.0,0.0,0.1,14205,
4855,195712,-3.7,0.0,2.56,1,0.0,0.0,0.1,14214,
4856,195712,-3.8,0.0,10.71,3,0.0,0.0,0.1,14214,
4857,195776,-4.0,0.0,0.0,0,,,0.1,14215,
4858,195840,-5.4,0.0,4.44,2,0.0,0.0,0.1,14221,
4859,195840,-5.3,0.0,5.88,3,0.0,0.3333,0.1,14221,
4860,195840,-3.6,0.0,3.57,1,0.0,0.0,0.1,14221,
4861,195840,-4.4,0.0,7.84,4,0.0,0.25,0.1,14221,
4862,195904,-3.9,0.0,10.34,3,0.0,0.0,0.1,14227,
4863,195904,-2.6,0.0,11.76,2,0.0,0.5,0.1,14227,
4864,195904,-4.1,0.0,1.96,1,0.0,0.0,0.1,14227,
4865,195968,-3.5,0.0,7.69,2,0.0,0.0,0.1,14232,
4866,195968,-3.2,0.0,4.17,1,0.0,0.0,0.1,14232,
4867,196032,-5.3,0.0,5.88,3,0.0,0.0,0.1,14236,
4868,196096,-2.1,0.0,16.67,2,0.5,0.0,0.1,14240,
4869,196096,-5.4,0.0,7.84,4,0.0,0.25,0.1,14240,
4870,196096,-5.2,0.0,4.65,2,0.0,0.0,0.1,14240,
4871,196224,-4.0,0.0,3.12,1,0.0,0.0,0.1,14247,
4872,196224,-4.0,0.0,0.0,0,,,0.1,14247,
4873,196416,-3.9,0.0,3.23,1,0.0,0.0,0.1,14260,
4874,196416,-2.5,0.0,5.88,1,0.0,0.0,0.1,14260,
4875,196544,-4.5,0.0,9.8,5,0.2,0.2,0.1,14272,
4876,196544,-1.9,0.0,9.09,1,0.0,0.0,0.1,14272,
4877,196544,-1.9,0.0,4.76,1,0.0,0.0,0.1,14272,
4878,196544,-1.3,0.0,20.0,1,0.0,0.0,0.1,14272,
4879,196544,7.3,1.0,17.07,7,0.1429,0.4286,0.1,14272,
4880,196608,-3.4,0.0,12.5,3,0.0,0.3333,0.1,14276,
4881,196608,-1.8,0.0,10.0,1,0.0,0.0,0.1,14276,
4882,196608,10.5,1.0,14.29,2,0.0,0.5,0.1,14276,
4883,196608,-5.1,0.0,1.96,1,1.0,0.0,0.1,14276,
4884,196608,-5.2,0.0,3.92,2,0.0,0.5,0.1,14276,
4885,196672,-5.2,0.0,3.92,2,0.0,0.0,0.1,14279,
4886,196736,-4.5,0.0,2.7,1,0.0,0.0,0.1,14283,
4887,196736,-4.4,0.0,7.84,4,0.0,0.25,0.1,14283,
4888,196864,-4.8,0.0,2.5,1,0.0,0.0,0.1,14297,
4889,196864,-3.7,0.0,11.11,3,0.0,0.6667,0.1,14297,
4890,196864,-5.9,0.0,17.65,9,0.0,0.1111,0.1,14297,
4891,196864,-1.0,0.0,8.33,1,0.0,0.0,0.1,14297,
4892,196992,-4.3,0.0,5.88,3,0.3333,0.0,0.1,14305,
4893,196992,-3.9,0.0,3.23,1,0.0,0.0,0.1,14305,
4894,197056,-5.3,0.0,5.88,3,0.0,0.3333,0.1,14308,
4895,197120,-2.8,0.0,23.53,4,0.0,0.0,0.1,14314,
4896,197120,-3.1,0.0,3.03,1,0.0,0.0,0.1,14314,
4897,197120,-4.1,0.0,1.96,1,0.0,0.0,0.1,14314,
4898,197120,-5.2,0.0,3.92,2,0.0,0.0,0.1,14314,
4899,197120,-4.8,0.0,2.5,1,0.0,0.0,0.1,14314,
4900,197184,-3.4,0.0,8.0,2,0.0,0.0,0.1,14318,
4901,197184,-2.7,0.0,5.26,1,0.0,0.0,0.1,14318,
4902,197184,-5.1,0.0,1.96,1,0.0,0.0,0.1,14318,
4903,197248,-5.2,0.0,3.92,2,0.5,0.0,0.1,14322,
4904,197248,-3.0,0.0,4.55,1,0.0,0.0,0.1,14322,
4905,197312,-3.7,0.0,8.11,3,0.0,0.6667,0.1,14327,
4906,197376,-3.5,0.0,3.7,1,0.0,0.0,0.1,14331,
4907,197376,-2.1,0.0,16.67,2,0.0,0.0,0.1,14331,
4908,197440,-1.1,0.0,33.33,1,0.0,0.0,0.1,14338,
4909,197440,11.6,1.0,0.0,0,,,0.1,14338,
4910,197504,-5.0,0.0,16.22,6,0.0,0.3333,0.1,14344,
4911,197504,-1.4,0.0,16.67,1,0.0,0.0,0.1,14344,
4912,197504,-3.0,0.0,15.0,3,0.3333,0.3333,0.1,14344,
4913,197504,-3.1,0.0,13.33,4,0.0,0.0,0.1,14344,
4914,197760,-4.1,0.0,6.25,2,0.0,0.0,0.1,14354,
4915,197760,-3.8,0.0,6.9,2,0.0,0.0,0.1,14354,
4916,197952,-4.1,0.0,1.96,1,0.0,0.0,0.1,14365,
4917,197952,-4.8,0.0,5.13,2,0.0,0.0,0.1,14365,
4918,198016,-5.3,0.0,5.88,3,0.3333,0.3333,0.1,14369,
4919,198016,-4.5,0.0,9.8,5,0.0,0.4,0.1,14369,
4920,198016,-3.2,0.0,25.0,5,0.0,0.4,0.1,14369,
4921,198080,-1.3,0.0,6.67,1,0.0,0.0,0.1,14373,
4922,198080,-5.1,0.0,1.96,1,0.0,0.0,0.1,14373,
4923,198144,-4.6,0.0,11.76,6,0.0,0.1667,0.1,14375,
4924,198208,-5.0,0.0,0.0,0,,,0.1,14379,
4925,198336,-5.4,0.0,7.84,4,0.25,0.0,0.1,14387,
4926,198400,-2.9,0.0,10.0,2,0.0,0.0,0.1,14393,
4927,198464,-5.6,0.0,6.52,3,0.0,0.3333,0.1,14400,
4928,198464,-4.5,0.0,2.7,1,0.0,0.0,0.1,14400,
4929,198464,-4.3,0.0,4.55,2,0.5,0.0,0.1,14400,
4930,198464,-3.7,0.0,8.11,3,0.3333,0.3333,0.1,14400,
4931,198464,-4.2,0.0,3.92,2,0.0,0.0,0.1,14400,
4932,198464,-5.1,0.0,1.96,1,0.0,0.0,0.1,14400,
4933,198528,-2.9,0.0,4.76,1,0.0,0.0,0.1,14403,
4934,198528,8.7,1.0,9.68,3,0.3333,0.6667,0.1,14403,
4935,198592,-5.2,0.0,3.92,2,0.0,0.0,0.1,14408,
4936,198592,-5.5,0.0,9.8,5,0.2,0.2,0.1,14408,
4937,198592,-1.7,0.0,11.11,1,0.0,0.0,0.1,14408,
4938,198592,-5.1,0.0,1.96,1,0.0,0.0,0.1,14408,
4939,198656,-5.4,0.0,7.84,4,0.0,0.0,0.1,14410,
4940,198720,-5.0,0.0,0.0,0,,,0.1,14414,
4941,198784,-3.7,0.0,20.0,5,0.2,0.4,0.1,14420,
4942,198784,-4.2,0.0,2.94,1,0.0,0.0,0.1,14420,
4943,198784,-2.4,0.0,6.25,1,0.0,0.0,0.1,14420,
4944,198848,-3.4,0.0,5.71,2,0.0,0.0,0.1,14427,
4945,198912,11.3,1.0,0.0,0,,,0.1,14431,
4946,198912,-6.0,0.0,19.61,10,0.1,0.1,0.1,14431,
4947,199040,-4.0,0.0,0.0,0,,,0.1,14438,
4948,199104,-4.2,0.0,3.92,2,0.0,0.5,0.1,14444,
4949,199104,-5.1,0.0,1.96,1,0.0,0.0,0.1,14444,
4950,199168,-5.2,0.0,3.92,2,0.5,0.5,0.1,14448,
4951,199168,-3.6,0.0,2.63,1,0.0,0.0,0.1,14448,
4952,199168,-4.3,0.0,5.88,3,0.0,0.0,0.1,14448,
4953,199168,9.7,1.0,9.09,2,0.0,0.5,0.1,14448,
4954,199296,-2.0,0.0,18.18,2,0.0,0.5,0.1,14457,
4955,199360,-2.1,0.0,7.69,1,0.0,0.0,0.1,14462,
4956,199424,8.9,1.0,6.67,2,0.0,1.0,0.1,14469,
4957,199424,-3.5,0.0,2.7,1,0.0,0.0,0.1,14469,
4958,199552,-3.1,0.0,3.03,1,0.0,0.0,0.1,14480,
4959,199680,-5.1,0.0,1.96,1,0.0,0.0,0.1,14487,
4960,199680,-5.3,0.0,5.88,3,0.0,0.3333,0.1,14487,
4961,199808,-4.5,0.0,9.8,5,0.0,0.2,0.1,14495,
4962,199808,-5.3,0.0,5.88,3,0.0,0.0,0.1,14495,
4963,199808,-5.1,0.0,1.96,1,0.0,0.0,0.1,14495,
4964,199808,-5.3,0.0,5.88,3,0.3333,0.6667,0.1,14495,
4965,199872,-4.7,0.0,13.73,7,0.1429,0.1429,0.1,14496,
4966,199872,11.4,1.0,0.0,0,,,0.1,14496,
4967,199872,-6.0,0.0,19.61,10,0.1,0.1,0.1,14496,
4968,199936,-5.2,0.0,3.92,2,0.0,0.5,0.1,14497,
4969,200128,-6.3,0.0,9.8,5,0.0,0.6,0.1,14505,
4970,200128,-5.1,0.0,1.96,1,0.0,0.0,0.1,14505,
4971,200128,-5.3,0.0,5.88,3,0.0,0.3333,0.1,14505,
4972,200128,-5.1,0.0,1.96,1,0.0,0.0,0.1,14505,
4973,200192,-2.8,0.0,16.67,3,0.3333,0.0,0.1,14512,
4974,200192,-5.2,0.0,14.58,7,0.0,0.4286,0.1,14512,
4975,200192,-6.0,0.0,6.0,3,0.3333,0.0,0.1,14512,
4976,200256,-2.6,0.0,5.56,1,0.0,0.0,0.1,14515,
4977,200256,-5.1,0.0,1.96,1,0.0,0.0,0.1,14515,
4978,200256,-5.0,0.0,10.42,5,0.2,0.2,0.1,14515,
4979,200384,-2.3,0.0,6.67,1,0.0,0.0,0.1,14524,
4980,200384,-3.6,0.0,3.57,1,0.0,0.0,0.1,14524,
4981,200448,-4.0,0.0,6.45,2,0.0,0.0,0.1,14527,
4982,200512,-4.7,0.0,2.56,1,0.0,0.0,0.1,14534,
4983,200512,-5.3,0.0,5.88,3,0.0,0.0,0.1,14534,
4984,200576,-4.1,0.0,1.96,1,0.0,0.0,0.1,14538,
4985,200640,-4.4,0.0,7.84,4,0.0,0.0,0.1,14543,
4986,200640,-5.2,0.0,3.92,2,0.0,0.0,0.1,14543,
4987,200640,-4.5,0.0,11.76,4,0.0,0.0,0.1,14543,
4988,200704,-3.0,0.0,9.52,2,0.0,0.0,0.1,14548,
4989,200704,-4.6,0.0,11.76,6,0.1667,0.1667,0.1,14548,
4990,200704,-4.7,0.0,2.56,1,0.0,0.0,0.1,14548,
4991,200768,-3.6,0.0,16.0,4,0.0,0.0,0.1,14552,
4992,200768,-5.6,0.0,11.76,6,0.0,0.0,0.1,14552,
4993,200768,-4.1,0.0,1.96,1,1.0,0.0,0.1,14552,
4994,200768,-5.0,0.0,0.0,0,,,0.1,14552,
4995,200832,-4.0,0.0,3.12,1,0.0,0.0,0.1,14557,
4996,201024,-2.8,0.0,3.33,1,0.0,0.0,0.1,14569,
4997,201024,-4.2,0.0,12.5,5,0.0,0.6,0.1,14569,
4998,201152,7.3,1.0,14.29,6,0.0,0.1667,0.1,14577,
4999,201152,10.0,1.0,5.0,1,0.0,1.0,0.1,14577,
5000,201216,-2.4,0.0,6.25,1,0.0,0.0,0.1,14579,
5001,201216,-4.7,0.0,13.73,7,0.0,0.2857,0.1,14579,
5002,201216,-4.3,0.0,5.88,3,0.0,0.3333,0.1,14579,
5003,201216,10.4,1.0,13.33,2,0.0,0.0,0.1,14579,
5004,201280,-5.1,0.0,1.96,1,0.0,0.0,0.1,14584,
5005,201280,-4.3,0.0,9.09,3,0.0,0.0,0.1,14584,
5006,201344,-4.2,0.0,9.76,4,0.25,0.25,0.1,14594,
5007,201344,-4.5,0.0,9.8,5,0.0,0.4,0.1,14594,
5008,201344,-4.6,0.0,8.89,4,0.0,0.0,0.1,14594,
5009,201344,-5.2,0.0,3.92,2,0.0,0.5,0.1,14594,
5010,201408,-4.4,0.0,5.71,2,0.5,0.5,0.1,14596,
5011,201408,-5.4,0.0,7.84,4,0.25,0.25,0.1,14596,
5012,201472,-2.7,0.0,5.26,1,0.0,0.0,0.1,14597,
5013,201472,9.7,1.0,20.0,4,0.0,0.25,0.1,14597,
5014,201536,-2.1,0.0,16.67,2,0.0,0.5,0.1,14601,
5015,201536,-3.7,0.0,20.0,5,0.0,0.0,0.1,14601,
5016,201600,-4.5,0.0,9.8,5,0.0,0.0,0.1,14603,
5017,201728,-2.7,0.0,3.45,1,0.0,0.0,0.1,14611,
5018,201728,-5.7,0.0,8.7,4,0.0,0.0,0.1,14611,
5019,201728,-2.3,0.0,6.67,1,0.0,0.0,0.1,14611,
5020,201728,-5.1,0.0,1.96,1,0.0,0.0,0.1,14611,
5021,201792,-2.6,0.0,5.56,1,0.0,0.0,0.1,14618,
5022,201792,-5.1,0.0,1.96,1,0.0,0.0,0.1,14618,
5023,201856,-5.3,0.0,5.88,3,0.3333,0.6667,0.1,14624,
5024,201856,-5.2,0.0,3.92,2,0.0,0.5,0.1,14624,
5025,201856,-2.0,0.0,9.52,2,0.0,0.0,0.1,14624,
5026,201920,-3.7,0.0,7.14,2,0.0,0.0,0.1,14630,
5027,201920,-4.1,0.0,1.96,1,0.0,0.0,0.1,14630,
5028,202048,-5.2,0.0,3.92,2,0.5,0.5,0.1,14641,
5029,202112,-4.2,0.0,3.92,2,0.0,0.5,0.1,14649,
5030,202112,-3.5,0.0,3.7,1,0.0,0.0,0.1,14649,
5031,202176,-5.2,0.0,3.92,2,0.5,1.0,0.1,14654,
5032,202176,-2.7,0.0,11.11,2,0.0,0.0,0.1,14654,
5033,202176,-4.0,0.0,0.0,0,,,0.1,14654,
5034,202240,-4.0,0.0,6.45,2,0.0,0.5,0.1,14658,
5035,202240,-1.2,0.0,7.14,1,0.0,0.0,0.1,14658,
5036,202304,-2.1,0.0,16.67,2,0.0,0.5,0.1,14662,
5037,202432,-5.7,0.0,13.73,7,0.0,0.2857,0.1,14671,
5038,202496,-2.8,0.0,5.0,1,0.0,0.0,0.1,14673,
5039,202496,7.8,1.0,4.88,2,0.0,1.0,0.1,14673,
5040,202560,-5.2,0.0,3.92,2,0.0,0.0,0.1,14678,
5041,202816,-5.5,0.0,9.8,5,0.0,0.4,0.1,14694,
5042,202816,-5.7,0.0,6.38,3,0.0,0.6667,0.1,14694,
5043,202816,-3.0,0.0,9.52,2,0.0,0.0,0.1,14694,
5044,202880,-3.4,0.0,2.78,1,0.0,0.0,0.1,14700,
5045,202880,-2.4,0.0,6.25,1,0.0,0.0,0.1,14700,
5046,202944,-2.8,0.0,10.53,2,0.0,0.0,0.1,14707,
5047,202944,-6.3,0.0,9.8,5,0.2,0.0,0.1,14707,
5048,202944,-5.2,0.0,3.92,2,0.0,0.5,0.1,14707,
5049,203008,-2.9,0.0,22.22,4,0.0,0.0,0.1,14712,
5050,203072,-5.0,0.0,19.61,10,0.0,0.0,0.1,14716,
5051,203072,-4.2,0.0,3.92,2,0.0,0.5,0.1,14716,
5052,203072,-5.2,0.0,3.92,2,0.5,0.5,0.1,14716,
5053,203136,-3.6,0.0,3.57,1,0.0,0.0,0.1,14723,
5054,203136,-3.8,0.0,6.9,2,0.0,0.0,0.1,14723,
5055,203136,-5.8,0.0,10.87,5,0.0,0.2,0.1,14723,
5056,203200,-4.8,0.0,2.5,1,0.0,0.0,0.1,14730,
5057,203200,-4.0,0.0,10.26,4,0.0,0.25,0.1,14730,
5058,203264,-4.3,0.0,9.09,3,0.0,0.0,0.1,14733,
5059,203328,-3.5,0.0,12.0,3,0.0,0.0,0.1,14738,
5060,203392,-5.5,0.0,9.8,5,0.2,0.0,0.1,14744,
5061,203392,-5.3,0.0,5.88,3,0.0,0.0,0.1,14744,
5062,203392,-4.1,0.0,1.96,1,1.0,0.0,0.1,14744,
5063,203456,-5.2,0.0,7.14,3,0.0,0.6667,0.1,14750,
5064,203456,-2.8,0.0,5.0,1,0.0,0.0,0.1,14750,
5065,203456,-3.3,0.0,8.33,2,0.0,0.0,0.1,14750,
5066,203520,-4.1,0.0,3.03,1,0.0,0.0,0.1,14756,
5067,203520,-1.5,0.0,12.5,2,0.0,0.0,0.1,14756,
5068,203520,-5.3,0.0,2.22,1,0.0,0.0,0.1,14756,
5069,203584,-1.8,0.0,10.0,1,0.0,0.0,0.1,14764,
5070,203648,11.2,1.0,28.57,2,0.0,0.0,0.1,14767,
5071,203648,7.3,1.0,6.67,3,0.3333,0.6667,0.1,14767,
5072,203648,-2.1,0.0,7.69,1,0.0,0.0,0.1,14767,
5073,203648,-4.4,0.0,7.84,4,0.25,0.25,0.1,14767,
5074,203712,-5.2,0.0,3.92,2,0.0,0.5,0.1,14772,
5075,203712,-3.3,0.0,4.0,1,0.0,0.0,0.1,14772,
5076,203712,-2.3,0.0,8.33,2,0.0,0.5,0.1,14772,
5077,203776,-5.3,0.0,5.88,3,0.3333,0.0,0.1,14775,
5078,203840,-5.1,0.0,15.79,6,0.3333,0.3333,0.1,14781,
5079,203904,-2.5,0.0,5.88,1,0.0,0.0,0.1,14786,
5080,203968,-5.6,0.0,11.76,6,0.5,0.3333,0.1,14792,
5081,203968,-5.3,0.0,5.88,3,0.0,0.3333,0.1,14792,
5082,203968,-4.2,0.0,2.27,1,0.0,0.0,0.1,14792,
5083,204032,-2.0,0.0,8.33,1,0.0,0.0,0.1,14796,
5084,204096,-1.7,0.0,11.11,1,0.0,0.0,0.1,14799,
5085,204096,-4.1,0.0,1.96,1,0.0,0.0,0.1,14799,
5086,204160,-4.8,0.0,10.87,5,0.0,0.2,0.1,14803,
5087,204160,-4.9,0.0,16.67,6,0.0,0.1667,0.1,14803,
5088,204224,-2.8,0.0,5.0,1,0.0,0.0,0.1,14807,
5089,204288,-5.7,0.0,13.73,7,0.0,0.1429,0.1,14811,
5090,204352,-1.3,0.0,6.67,1,0.0,0.0,0.1,14817,
5091,204416,11.3,1.0,14.29,1,1.0,1.0,0.1,14823,
5092,204416,-3.8,0.0,6.9,2,0.0,0.0,0.1,14823,
5093,204416,-3.2,0.0,6.06,2,0.0,0.5,0.1,14823,
5094,204416,7.6,1.0,9.76,4,0.0,0.0,0.1,14823,
5095,204480,-5.6,0.0,11.76,6,0.0,0.1667,0.1,14827,
5096,204480,-5.5,0.0,9.8,5,0.2,0.2,0.1,14827,
5097,204544,-4.2,0.0,3.92,2,0.5,0.0,0.1,14832,
5098,204608,-2.5,0.0,7.69,2,0.0,0.0,0.1,14836,
5099,204608,10.6,1.0,7.14,1,0.0,0.0,0.1,14836,
5100,204608,-5.5,0.0,9.8,5,0.0,0.2,0.1,14836,
5101,204608,-5.8,0.0,15.69,8,0.125,0.25,0.1,14836,
5102,204736,-5.3,0.0,5.88,3,0.0,0.0,0.1,14842,
5103,204800,-5.8,0.0,6.25,3,0.0,0.6667,0.1,14851,
5104,204800,-1.7,0.0,11.11,1,0.0,0.0,0.1,14851,
5105,204800,-3.0,0.0,15.0,3,0.0,0.0,0.1,14851,
5106,204800,-4.2,0.0,3.92,2,0.0,0.0,0.1,14851,
5107,204800,-5.0,0.0,2.38,1,0.0,0.0,0.1,14851,
5108,204864,-5.7,0.0,4.17,2,0.0,0.0,0.1,14855,
5109,204864,-5.2,0.0,3.92,2,0.0,0.5,0.1,14855,
5110,204864,-2.3,0.0,13.04,3,0.3333,0.3333,0.1,14855,
5111,204864,-2.9,0.0,3.23,1,0.0,0.0,0.1,14855,
5112,204928,-5.1,0.0,8.0,4,0.0,0.0,0.1,14859,
5113,205120,-4.0,0.0,6.45,2,0.0,0.0,0.1,14873,
5114,205120,-2.9,0.0,10.0,2,0.0,0.0,0.1,14873,
5115,205120,-6.1,0.0,12.5,6,0.0,0.0,0.1,14873,
5116,205184,-3.1,0.0,4.35,1,0.0,0.0,0.1,14878,
5117,205184,-0.8,0.0,22.22,2,0.0,0.0,0.1,14878,
5118,205184,-5.2,0.0,3.92,2,0.0,0.5,0.1,14878,
5119,205312,-3.4,0.0,3.85,1,0.0,0.0,0.1,14887,
5120,205376,-5.1,0.0,10.0,4,0.5,0.0,0.1,14893,
5121,205440,-5.2,0.0,3.92,2,0.0,0.5,0.1,14899,
5122,205440,-3.8,0.0,3.33,1,0.0,0.0,0.1,14899,
5123,205440,-3.5,0.0,5.56,2,0.0,0.0,0.1,14899,
5124,205504,-1.4,0.0,6.25,1,0.0,0.0,0.1,14904,
5125,205504,-4.7,0.0,13.73,7,0.1429,0.1429,0.1,14904,
5126,205504,-5.6,0.0,11.76,6,0.1667,0.1667,0.1,14904,
5127,205696,9.3,1.0,0.0,0,,,0.1,14916,
5128,205696,-4.4,0.0,7.84,4,0.0,0.0,0.1,14916,
5129,205760,-5.2,0.0,3.92,2,0.5,0.5,0.1,14922,
5130,205760,-5.1,0.0,10.0,4,0.0,0.5,0.1,14922,
5131,205760,-5.0,0.0,2.38,1,0.0,0.0,0.1,14922,
5132,205760,-4.2,0.0,6.06,2,0.0,0.0,0.1,14922,
5133,205824,-2.6,0.0,11.76,2,0.0,0.0,0.1,14928,
5134,205824,-4.4,0.0,8.82,3,0.0,0.3333,0.1,14928,
5135,205888,-2.8,0.0,5.0,1,0.0,0.0,0.1,14933,
5136,205888,-2.9,0.0,29.41,5,0.0,0.6,0.1,14933,
5137,205888,-3.2,0.0,4.17,1,0.0,0.0,0.1,14933,
5138,205952,10.7,1.0,16.67,2,0.0,0.0,0.1,14940,
5139,206080,10.6,1.0,7.14,1,0.0,0.0,0.1,14951,
5140,206080,-2.7,0.0,5.26,1,0.0,0.0,0.1,14951,
5141,206080,-0.7,0.0,11.11,1,0.0,0.0,0.1,14951,
5142,206144,-3.9,0.0,10.34,3,0.0,0.0,0.1,14956,
5143,206144,-5.2,0.0,3.92,2,0.0,0.0,0.1,14956,
5144,206208,-4.2,0.0,2.94,1,0.0,0.0,0.1,14960,
5145,206272,-4.8,0.0,15.69,8,0.125,0.375,0.1,14963,
5146,206336,-4.2,0.0,3.92,2,0.5,0.0,0.1,14966,
5147,206336,-3.3,0.0,36.84,7,0.1429,0.1429,0.1,14966,
5148,206336,-5.1,0.0,1.96,1,0.0,0.0,0.1,14966,
5149,206336,8.2,1.0,5.41,2,0.0,0.0,0.1,14966,
5150,206400,-2.6,0.0,18.75,3,0.0,0.0,0.1,14973,
5151,206400,-5.2,0.0,3.92,2,0.0,0.5,0.1,14973,
5152,206400,-5.7,0.0,4.17,2,0.0,0.0,0.1,14973,
5153,206656,-5.1,0.0,1.96,1,0.0,0.0,0.1,14991,
5154,206720,-5.6,0.0,11.76,6,0.0,0.1667,0.1,14995,
5155,206720,-5.3,0.0,5.88,3,0.0,0.0,0.1,14995,
5156,206720,-5.6,0.0,4.26,2,0.0,0.0,0.1,14995,
5157,206720,-5.3,0.0,5.88,3,0.0,0.3333,0.1,14995,
5158,206784,-4.0,0.0,4.88,2,0.0,0.0,0.1,15003,
5159,206848,-4.4,0.0,7.84,4,0.25,0.25,0.1,15008,
5160,206848,-3.1,0.0,14.29,3,0.0,0.3333,0.1,15008,
5161,206912,-4.4,0.0,7.84,4,0.0,0.5,0.1,15016,
5162,206912,-4.6,0.0,11.36,5,0.2,0.0,0.1,15016,
5163,207040,-5.9,0.0,17.65,9,0.2222,0.1111,0.1,15026,
5164,207040,-5.2,0.0,9.76,4,0.0,0.25,0.1,15026,
5165,207168,-5.2,0.0,10.0,5,0.0,0.0,0.1,15036,
5166,207168,-2.5,0.0,20.0,3,0.0,0.0,0.1,15036,
5167,207168,8.7,1.0,6.25,2,0.0,0.0,0.1,15036,
5168,207232,-3.0,0.0,4.55,1,0.0,0.0,0.1,15040,
5169,207296,-3.4,0.0,8.82,3,0.0,0.0,0.1,15044,
5170,207360,-2.6,0.0,11.76,2,0.0,0.5,0.1,15049,
5171,207360,11.3,1.0,0.0,0,,,0.1,15049,
5172,207360,-6.0,0.0,15.22,7,0.0,0.4286,0.1,15049,
5173,207360,-4.3,0.0,5.88,3,0.0,0.0,0.1,15049,
5174,207424,-4.3,0.0,5.88,3,0.0,0.6667,0.1,15051,
5175,207488,-2.6,0.0,3.57,1,0.0,0.0,0.1,15054,
5176,207552,-2.1,0.0,7.69,1,0.0,0.0,0.1,15058,
5177,207680,-5.2,0.0,3.92,2,0.0,0.5,0.1,15066,
5178,207680,-5.5,0.0,9.09,4,0.0,0.0,0.1,15066,
5179,207680,-5.5,0.0,9.8,5,0.2,0.0,0.1,15066,
5180,207744,-5.9,0.0,6.12,3,0.3333,0.0,0.1,15073,
5181,207744,-5.2,0.0,3.92,2,0.0,0.0,0.1,15073,
5182,207744,-2.7,0.0,3.45,1,0.0,0.0,0.1,15073,
5183,207808,-5.2,0.0,3.92,2,1.0,0.0,0.1,15077,
5184,207808,8.7,1.0,13.33,4,0.0,0.25,0.1,15077,
5185,207872,-5.7,0.0,4.17,2,0.0,0.5,0.1,15086,
5186,207872,-5.4,0.0,7.84,4,0.0,0.0,0.1,15086,
5187,207936,-2.9,0.0,22.22,4,0.0,0.0,0.1,15089,
5188,208000,-1.5,0.0,5.88,1,0.0,0.0,0.1,15096,
5189,208000,-3.8,0.0,6.9,2,0.0,0.5,0.1,15096,
5190,208064,-5.8,0.0,15.69,8,0.0,0.25,0.1,15098,
5191,208064,-5.4,0.0,7.84,4,0.0,0.25,0.1,15098,
5192,208064,-5.7,0.0,13.73,7,0.0,0.2857,0.1,15098,
5193,208128,-4.4,0.0,7.84,4,0.25,0.0,0.1,15100,
5194,208128,-5.5,0.0,9.8,5,0.4,0.6,0.1,15100,
5195,208192,-5.2,0.0,7.14,3,0.3333,0.0,0.1,15107,
5196,208192,-4.9,0.0,7.69,3,0.3333,0.6667,0.1,15107,
5197,208192,-5.1,0.0,1.96,1,0.0,1.0,0.1,15107,
5198,208192,-2.4,0.0,6.25,1,0.0,0.0,0.1,15107,
5199,208256,-3.0,0.0,9.52,2,0.0,0.0,0.1,15111,
5200,208256,-3.9,0.0,6.67,2,0.0,0.5,0.1,15111,
5201,208320,-3.9,0.0,6.67,2,0.0,0.0,0.1,15115,
5202,208384,-1.7,0.0,25.0,2,0.0,0.5,0.1,15119,
5203,208384,-3.2,0.0,9.38,3,0.0,0.0,0.1,15119,
5204,208448,-5.5,0.0,9.8,5,0.4,0.2,0.1,15123,
5205,208512,-5.4,0.0,9.3,4,0.0,0.0,0.1,15129,
5206,208512,-4.9,0.0,5.0,2,0.0,0.0,0.1,15129,
5207,208576,-3.7,0.0,3.45,1,0.0,0.0,0.1,15133,
5208,208576,-4.3,0.0,5.88,3,0.0,0.3333,0.1,15133,
5209,208704,-5.1,0.0,1.96,1,0.0,0.0,0.1,15140,
5210,208704,-4.4,0.0,2.78,1,0.0,0.0,0.1,15140,
5211,208704,-5.2,0.0,3.92,2,0.0,0.5,0.1,15140,
5212,208704,-4.3,0.0,5.88,3,0.3333,0.3333,0.1,15140,
5213,208832,-2.0,0.0,4.55,1,0.0,0.0,0.1,15149,
5214,209024,-5.2,0.0,3.92,2,0.0,1.0,0.1,15162,
5215,209024,-5.8,0.0,10.87,5,0.4,0.8,0.1,15162,
5216,209024,-2.0,0.0,8.33,1,0.0,0.0,0.1,15162,
5217,209024,-5.6,0.0,11.76,6,0.1667,0.1667,0.1,15162,
5218,209024,-5.4,0.0,7.84,4,0.25,0.25,0.1,15162,
5219,209088,-5.4,0.0,7.84,4,0.0,0.5,0.1,15172,
5220,209088,-4.6,0.0,5.41,2,0.5,0.0,0.1,15172,
5221,209088,-2.1,0.0,7.69,1,0.0,0.0,0.1,15172,
5222,209088,-1.2,0.0,25.0,1,0.0,0.0,0.1,15172,
5223,209152,-4.2,0.0,6.06,2,0.0,0.0,0.1,15177,
5224,209152,-5.3,0.0,5.88,3,0.0,0.3333,0.1,15177,
5225,209216,-3.2,0.0,8.7,2,0.0,0.0,0.1,15183,
5226,209216,11.0,1.0,0.0,0,,,0.1,15183,
5227,209216,-1.2,0.0,15.38,2,0.0,0.0,0.1,15183,
5228,209344,-4.3,0.0,5.88,3,0.3333,0.0,0.1,15189,
5229,209344,-5.4,0.0,7.84,4,0.25,0.0,0.1,15189,
5230,209408,-5.9,0.0,10.64,5,0.0,0.2,0.1,15197,
5231,209408,-2.8,0.0,10.53,2,0.0,0.5,0.1,15197,
5232,209408,-4.0,0.0,0.0,0,,,0.1,15197,
5233,209600,-5.2,0.0,3.92,2,0.0,0.0,0.1,15213,
5234,209600,-3.7,0.0,3.45,1,0.0,0.0,0.1,15213,
5235,209600,-5.4,0.0,7.84,4,0.25,0.5,0.1,15213,
5236,209664,-3.3,0.0,8.33,2,0.0,0.0,0.1,15220,
5237,209664,-3.8,0.0,10.71,3,0.0,0.3333,0.1,15220,
5238,209856,-2.0,0.0,18.18,2,0.0,0.5,0.1,15231,
5239,209920,-4.5,0.0,9.8,5,0.0,0.2,0.1,15234,
5240,209920,-3.4,0.0,12.5,3,0.0,0.0,0.1,15234,
5241,209984,-5.4,0.0,2.17,1,0.0,0.0,0.1,15237,
5242,209984,-4.1,0.0,1.96,1,0.0,0.0,0.1,15237,
5243,210048,-4.6,0.0,5.41,2,0.0,0.0,0.1,15244,
5244,210048,-3.6,0.0,5.41,2,0.0,0.0,0.1,15244,
5245,210112,-5.4,0.0,7.84,4,0.0,0.5,0.1,15250,
5246,210112,-4.1,0.0,13.33,4,0.0,0.0,0.1,15250,
5247,210176,-5.5,0.0,2.13,1,0.0,0.0,0.1,15253,
5248,210240,-5.7,0.0,4.17,2,0.0,0.0,0.1,15255,
5249,210304,-4.9,0.0,16.67,6,0.1667,0.1667,0.1,15260,
5250,210368,8.4,1.0,2.78,1,0.0,0.0,0.1,15265,
5251,210496,-5.3,0.0,5.88,3,0.0,0.3333,0.1,15275,
5252,210496,7.3,1.0,33.33,12,0.25,0.25,0.1,15275,
5253,210560,-4.5,0.0,9.8,5,0.4,0.2,0.1,15279,
5254,210560,-6.2,0.0,10.0,5,0.0,0.4,0.1,15279,
5255,210624,-4.1,0.0,4.76,2,0.5,0.0,0.1,15281,
5256,210624,-4.3,0.0,5.88,3,0.0,0.6667,0.1,15281,
5257,210624,-4.5,0.0,9.8,5,0.2,0.4,0.1,15281,
5258,210624,-4.5,0.0,9.8,5,0.2,0.2,0.1,15281,
5259,210688,-3.5,0.0,8.57,3,0.3333,0.3333,0.1,15285,
5260,210752,-2.1,0.0,7.69,1,0.0,0.0,0.1,15293,
5261,210752,-2.5,0.0,3.7,1,0.0,0.0,0.1,15293,
5262,210752,-4.3,0.0,5.88,3,0.3333,1.0,0.1,15293,
5263,210816,-3.5,0.0,3.7,1,0.0,0.0,0.1,15296,
5264,210816,-5.7,0.0,13.73,7,0.1429,0.2857,0.1,15296,
5265,210880,-2.4,0.0,12.5,3,0.0,0.0,0.1,15300,
5266,210944,-3.7,0.0,11.11,3,0.0,0.0,0.1,15307,
5267,210944,-5.0,0.0,0.0,0,,,0.1,15307,
5268,210944,-1.9,0.0,9.09,1,0.0,0.0,0.1,15307,
5269,210944,-3.5,0.0,3.7,1,0.0,0.0,0.1,15307,
5270,211008,-5.0,0.0,0.0,0,,,0.1,15313,
5271,211072,-4.4,0.0,7.84,4,0.0,0.25,0.1,15317,
5272,211072,-5.3,0.0,5.88,3,0.0,0.6667,0.1,15317,
5273,211200,-3.4,0.0,8.82,3,0.0,0.0,0.1,15325,
5274,211264,-0.9,0.0,9.09,1,0.0,0.0,0.1,15331,
5275,211264,-5.2,0.0,3.92,2,0.0,0.0,0.1,15331,
5276,211328,-3.9,0.0,6.67,2,0.0,0.0,0.1,15337,
5277,211328,-2.0,0.0,18.18,2,0.0,0.0,0.1,15337,
5278,211328,-5.4,0.0,7.84,4,0.25,0.25,0.1,15337,
5279,211328,-5.3,0.0,5.88,3,0.0,0.0,0.1,15337,
5280,211392,-5.1,0.0,1.96,1,0.0,0.0,0.1,15340,
5281,211456,-5.3,0.0,5.88,3,0.3333,0.0,0.1,15347,
5282,211520,-2.5,0.0,12.5,2,0.0,0.5,0.1,15353,
5283,211520,-4.9,0.0,7.69,3,0.3333,0.3333,0.1,15353,
5284,211584,-5.1,0.0,1.96,1,0.0,0.0,0.1,15358,
5285,211648,-1.9,0.0,33.33,3,0.0,0.0,0.1,15364,
5286,211648,-1.7,0.0,11.11,2,0.0,0.0,0.1,15364,
5287,211648,-3.5,0.0,7.69,2,0.5,0.0,0.1,15364,
5288,211712,-3.8,0.0,6.9,2,0.0,0.5,0.1,15369,
5289,211776,-4.2,0.0,3.92,2,0.0,0.0,0.1,15375,
5290,211840,-3.9,0.0,14.29,4,0.0,0.25,0.1,15378,
5291,211840,-4.4,0.0,7.84,4,0.0,0.5,0.1,15378,
5292,211840,-5.2,0.0,3.92,2,0.0,0.5,0.1,15378,
5293,211904,-4.4,0.0,2.78,1,0.0,0.0,0.1,15384,
5294,211904,-2.4,0.0,13.33,2,0.0,0.0,0.1,15384,
5295,211968,-4.5,0.0,9.8,5,0.0,0.2,0.1,15389,
5296,211968,-5.8,0.0,15.69,8,0.125,0.375,0.1,15389,
5297,211968,-5.4,0.0,7.84,4,0.0,0.75,0.1,15389,
5298,211968,-5.2,0.0,3.92,2,0.0,0.5,0.1,15389,
5299,212032,-1.2,0.0,66.67,2,0.0,0.0,0.1,15393,
5300,212032,-3.8,0.0,3.33,1,0.0,0.0,0.1,15393,
5301,212096,-4.1,0.0,4.76,2,0.0,0.0,0.1,15400,
5302,212096,-3.9,0.0,6.67,2,0.0,0.0,0.1,15400,
5303,212224,-4.2,0.0,16.67,5,0.0,0.2,0.1,15412,
5304,212288,-4.7,0.0,13.73,7,0.2857,0.0,0.1,15416,
5305,212288,-4.0,0.0,0.0,0,,,0.1,15416,
5306,212352,-5.0,0.0,0.0,0,,,0.1,15422,
5307,212352,-5.2,0.0,3.92,2,0.0,0.0,0.1,15422,
5308,212352,-4.2,0.0,3.92,2,0.5,0.5,0.1,15422,
5309,212416,-2.2,0.0,7.14,1,0.0,0.0,0.1,15426,
5310,212416,-5.2,0.0,3.92,2,0.0,0.0,0.1,15426,
5311,212480,-4.3,0.0,5.88,3,0.0,0.3333,0.1,15431,
5312,212480,-1.6,0.0,5.56,1,0.0,0.0,0.1,15431,
5313,212544,-3.3,0.0,4.0,1,0.0,0.0,0.1,15437,
5314,212608,-5.5,0.0,9.8,5,0.4,0.4,0.1,15440,
5315,212672,-4.0,0.0,10.0,3,0.3333,0.0,0.1,15446,
5316,212672,-5.5,0.0,9.8,5,0.0,0.6,0.1,15446,
5317,212800,11.2,1.0,0.0,0,,,0.1,15453,
5318,212864,-4.3,0.0,5.88,3,0.0,0.0,0.1,15455,
5319,212864,-5.3,0.0,5.88,3,0.0,0.6667,0.1,15455,
5320,212928,-5.4,0.0,7.84,4,0.25,0.5,0.1,15459,
5321,212928,-5.1,0.0,1.96,1,1.0,0.0,0.1,15459,
5322,212992,-2.6,0.0,11.76,2,0.0,0.0,0.1,15467,
5323,212992,-1.9,0.0,9.09,1,0.0,0.0,0.1,15467,
5324,212992,-4.0,0.0,6.45,2,0.0,0.0,0.1,15467,
5325,213184,-3.9,0.0,6.67,2,0.0,0.0,0.1,15479,
5326,213184,-4.4,0.0,7.84,4,0.0,0.5,0.1,15479,
5327,213248,9.3,1.0,12.0,3,0.0,0.3333,0.1,15480,
5328,213248,-5.3,0.0,5.88,3,0.0,1.0,0.1,15480,
5329,213312,-5.5,0.0,9.8,5,0.6,0.0,0.1,15487,
5330,213376,-5.1,0.0,1.96,1,0.0,0.0,0.1,15494,
5331,213376,-2.5,0.0,12.0,3,0.0,0.3333,0.1,15494,
5332,213504,-2.7,0.0,11.11,2,0.0,0.0,0.1,15501,
5333,213568,-3.3,0.0,4.0,1,0.0,0.0,0.1,15506,
5334,213632,-5.4,0.0,7.84,4,0.0,0.25,0.1,15513,
5335,213632,-4.1,0.0,6.25,2,0.0,0.5,0.1,15513,
5336,213632,-1.4,0.0,13.33,2,0.5,0.5,0.1,15513,
5337,213696,-3.6,0.0,11.54,3,0.0,0.3333,0.1,15521,
5338,213696,-3.3,0.0,4.0,1,0.0,0.0,0.1,15521,
5339,213696,-5.2,0.0,22.22,10,0.0,0.4,0.1,15521,
5340,213824,-1.8,0.0,22.22,2,0.0,0.0,0.1,15527,
5341,213824,-5.1,0.0,1.96,1,0.0,0.0,0.1,15527,
5342,213888,-4.7,0.0,13.73,7,0.1429,0.4286,0.1,15528,
5343,213888,-5.1,0.0,1.96,1,0.0,1.0,0.1,15528,
5344,213888,-5.6,0.0,11.76,6,0.0,0.3333,0.1,15528,
5345,213952,-5.3,0.0,5.88,3,0.0,0.3333,0.1,15532,
5346,214016,11.5,1.0,0.0,0,,,0.1,15537,
5347,214016,-5.2,0.0,3.92,2,0.0,0.0,0.1,15537,
5348,214016,-5.3,0.0,5.88,3,0.0,0.0,0.1,15537,
5349,214080,-5.3,0.0,5.88,3,0.6667,0.0,0.1,15542,
5350,214144,-4.1,0.0,1.96,1,0.0,0.0,0.1,15545,
5351,214208,-4.5,0.0,4.35,2,0.0,0.5,0.1,15553,
5352,214208,-4.2,0.0,3.92,2,0.0,0.5,0.1,15553,
5353,214208,-5.2,0.0,3.92,2,0.5,0.0,0.1,15553,
5354,214272,-0.7,0.0,11.11,1,0.0,0.0,0.1,15558,
5355,214272,-3.8,0.0,24.0,6,0.1667,0.1667,0.1,15558,
5356,214272,-2.4,0.0,6.25,1,0.0,0.0,0.1,15558,
5357,214336,-5.1,0.0,1.96,1,1.0,0.0,0.1,15560,
5358,214400,-1.7,0.0,11.11,1,0.0,0.0,0.1,15570,
5359,214400,-3.2,0.0,4.17,1,0.0,0.0,0.1,15570,
5360,214464,-5.3,0.0,5.88,3,0.0,0.3333,0.1,15574,
5361,214528,-2.2,0.0,7.14,1,0.0,0.0,0.1,15579,
5362,214592,-5.3,0.0,5.88,3,0.0,0.6667,0.1,15585,
5363,214592,-4.5,0.0,9.8,5,0.0,0.0,0.1,15585,
5364,214592,-3.4,0.0,5.71,2,0.0,0.0,0.1,15585,
5365,214592,-5.4,0.0,4.44,2,0.0,0.0,0.1,15585,
5366,214592,-4.4,0.0,7.84,4,0.25,0.0,0.1,15585,
5367,214592,7.6,1.0,9.76,4,0.0,0.0,0.1,15585,
5368,214656,-2.4,0.0,6.25,1,0.0,0.0,0.1,15591,
5369,214656,10.9,1.0,20.0,2,0.0,1.0,0.1,15591,
5370,214656,-5.1,0.0,1.96,1,0.0,0.0,0.1,15591,
5371,214720,-3.7,0.0,11.11,3,0.0,0.0,0.1,15597,
5372,214720,-5.4,0.0,7.84,4,0.0,0.25,0.1,15597,
5373,214784,-5.1,0.0,1.96,1,0.0,0.0,0.1,15605,
5374,214912,-5.3,0.0,5.88,3,0.3333,0.0,0.1,15614,
5375,214912,-5.2,0.0,3.92,2,0.5,0.0,0.1,15614,
5376,214976,-4.8,0.0,5.13,2,0.0,0.0,0.1,15621,
5377,214976,-4.1,0.0,9.68,3,0.0,0.3333,0.1,15621,
5378,214976,10.4,1.0,0.0,0,,,0.1,15621,
5379,215040,-6.0,0.0,6.0,3,0.0,0.3333,0.1,15623,
5380,215040,11.1,1.0,25.0,2,0.5,1.0,0.1,15623,
5381,215104,-5.4,0.0,7.84,4,0.0,0.5,0.1,15629,
5382,215104,-3.6,0.0,3.57,1,0.0,0.0,0.1,15629,
5383,215104,10.2,1.0,5.56,1,0.0,0.0,0.1,15629,
5384,215168,-5.6,0.0,11.76,6,0.0,0.1667,0.1,15634,
5385,215168,-4.6,0.0,13.95,6,0.0,0.3333,0.1,15634,
5386,215168,-1.4,0.0,6.25,1,0.0,0.0,0.1,15634,
5387,215232,-4.2,0.0,3.92,2,0.0,0.5,0.1,15638,
5388,215232,-5.5,0.0,9.8,5,0.0,0.4,0.1,15638,
5389,215232,-3.1,0.0,14.29,3,0.3333,0.0,0.1,15638,
5390,215232,-1.8,0.0,10.0,1,0.0,0.0,0.1,15638,
5391,215232,11.1,1.0,0.0,0,,,0.1,15638,
5392,215296,-4.5,0.0,9.8,5,0.2,0.4,0.1,15641,
5393,215360,-5.5,0.0,9.8,5,0.0,0.2,0.1,15643,
5394,215552,-4.1,0.0,1.96,1,0.0,0.0,0.1,15653,
5395,215616,-5.6,0.0,11.76,6,0.1667,0.0,0.1,15657,
5396,215616,-2.1,0.0,7.69,1,0.0,0.0,0.1,15657,
5397,215680,-1.5,0.0,14.29,1,0.0,0.0,0.1,15664,
5398,215680,-2.3,0.0,6.67,1,0.0,0.0,0.1,15664,
5399,215680,-5.3,0.0,5.88,3,0.0,0.3333,0.1,15664,
5400,215744,-5.3,0.0,5.88,3,0.0,0.0,0.1,15670,
5401,215744,-2.8,0.0,14.81,4,0.0,0.25,0.1,15670,
5402,215744,-3.6,0.0,7.41,2,0.0,0.0,0.1,15670,
5403,215808,-5.4,0.0,7.84,4,0.0,0.25,0.1,15675,
5404,215808,-4.1,0.0,3.03,1,0.0,0.0,0.1,15675,
5405,215872,-4.5,0.0,9.8,5,0.4,0.2,0.1,15680,
5406,215936,6.6,1.0,17.02,8,0.25,0.25,0.1,15684,
5407,215936,-4.4,0.0,5.71,2,0.5,0.0,0.1,15684,
5408,215936,-3.7,0.0,3.45,1,0.0,0.0,0.1,15684,
5409,216000,-2.3,0.0,18.18,4,0.0,0.0,0.1,15689,
5410,216064,-5.5,0.0,9.8,5,0.4,0.0,0.1,15692,
5411,216128,-1.6,0.0,12.5,1,0.0,0.0,0.1,15700,
5412,216128,-5.1,0.0,1.96,1,0.0,0.0,0.1,15700,
5413,216192,-5.1,0.0,1.96,1,0.0,0.0,0.1,15706,
5414,216192,-2.2,0.0,7.14,1,0.0,0.0,0.1,15706,
5415,216256,11.6,1.0,0.0,0,,,0.1,15711,
5416,216256,-4.5,0.0,9.8,5,0.2,0.0,0.1,15711,
5417,216320,-2.9,0.0,6.67,2,0.5,0.5,0.1,15717,
5418,216320,-1.8,0.0,5.0,1,0.0,0.0,0.1,15717,
5419,216320,-3.5,0.0,15.15,5,0.2,0.2,0.1,15717,
5420,216448,-5.5,0.0,9.8,5,0.4,0.0,0.1,15723,
5421,216448,-3.3,0.0,5.88,2,0.0,0.0,0.1,15723,
5422,216448,-5.8,0.0,15.69,8,0.0,0.5,0.1,15723,
5423,216512,10.6,1.0,25.0,3,0.0,0.0,0.1,15728,
5424,216576,-3.1,0.0,4.35,1,0.0,0.0,0.1,15734,
5425,216576,-6.1,0.0,12.5,6,0.0,0.0,0.1,15734,
5426,216576,-3.3,0.0,4.0,1,0.0,0.0,0.1,15734,
5427,216640,-3.5,0.0,11.76,4,0.25,0.25,0.1,15741,
5428,216640,-4.6,0.0,11.76,6,0.1667,0.1667,0.1,15741,
5429,216640,-4.7,0.0,13.73,7,0.0,0.2857,0.1,15741,
5430,216640,-3.3,0.0,12.5,4,0.25,0.25,0.1,15741,
5431,216704,-1.6,0.0,18.75,3,0.0,0.0,0.1,15745,
5432,216704,-4.1,0.0,6.25,2,0.0,0.0,0.1,15745,
5433,216768,-4.8,0.0,5.13,2,0.0,0.0,0.1,15750,
5434,216768,-1.3,0.0,6.67,1,0.0,0.0,0.1,15750,
5435,216832,-2.7,0.0,3.45,1,0.0,0.0,0.1,15754,
5436,216832,-5.4,0.0,7.84,4,0.0,0.0,0.1,15754,
5437,216832,-1.9,0.0,20.0,2,0.0,0.0,0.1,15754,
5438,216896,-4.1,0.0,7.32,3,0.3333,0.6667,0.1,15764,
5439,216896,-4.1,0.0,4.76,2,0.0,0.0,0.1,15764,
5440,216896,-3.2,0.0,4.17,1,0.0,0.0,0.1,15764,
5441,216896,-0.9,0.0,9.09,1,0.0,0.0,0.1,15764,
5442,216960,-3.6,0.0,7.41,2,0.0,0.0,0.1,15771,
5443,216960,-2.0,0.0,18.18,2,0.0,0.0,0.1,15771,
5444,217088,-4.0,0.0,2.38,1,0.0,0.0,0.1,15778,
5445,217088,-5.1,0.0,1.96,1,0.0,0.0,0.1,15778,
5446,217152,-5.3,0.0,5.88,3,0.0,0.3333,0.1,15788,
5447,217152,-4.3,0.0,12.5,4,0.0,0.0,0.1,15788,
5448,217152,-3.9,0.0,6.67,2,0.0,0.0,0.1,15788,
5449,217152,-2.9,0.0,4.76,1,0.0,0.0,0.1,15788,
5450,217216,8.6,1.0,9.38,3,0.0,0.0,0.1,15791,
5451,217280,-3.4,0.0,12.5,3,0.0,0.6667,0.1,15797,
5452,217344,-4.2,0.0,6.06,2,0.0,0.5,0.1,15802,
5453,217344,7.0,1.0,8.51,4,0.0,0.25,0.1,15802,
5454,217472,-5.2,0.0,3.92,2,0.5,0.0,0.1,15807,
5455,217536,10.0,1.0,10.53,2,0.0,0.5,0.1,15809,
5456,217600,-2.6,0.0,5.56,1,0.0,0.0,0.1,15816,
5457,217664,-2.6,0.0,18.75,3,0.0,0.3333,0.1,15820,
5458,217728,-3.7,0.0,7.14,2,0.0,0.0,0.1,15826,
5459,217856,-5.4,0.0,7.84,4,0.0,0.25,0.1,15839,
5460,217856,-5.2,0.0,3.92,2,0.0,0.5,0.1,15839,
5461,217920,-5.8,0.0,13.33,6,0.1667,0.3333,0.1,15846,
5462,217920,-5.3,0.0,5.88,3,0.0,0.0,0.1,15846,
5463,217920,-5.1,0.0,4.76,2,0.0,0.5,0.1,15846,
5464,217920,-5.2,0.0,3.92,2,0.0,0.0,0.1,15846,
5465,217984,-4.5,0.0,9.8,5,0.0,0.2,0.1,15849,
5466,218048,-2.3,0.0,4.0,1,0.0,0.0,0.1,15856,
5467,218112,-3.9,0.0,3.23,1,0.0,0.0,0.1,15861,
5468,218176,-5.3,0.0,5.88,3,0.0,0.3333,0.1,15862,
5469,218176,-5.5,0.0,9.8,5,0.0,0.4,0.1,15862,
5470,218240,-5.2,0.0,7.84,4,0.0,0.0,0.1,15870,
5471,218240,-2.6,0.0,5.56,1,0.0,0.0,0.1,15870,
5472,218304,-3.0,0.0,4.55,1,0.0,0.0,0.1,15881,
5473,218304,-2.6,0.0,5.56,1,0.0,0.0,0.1,15881,
5474,218368,-2.3,0.0,8.33,2,0.0,0.0,0.1,15885,
5475,218368,-5.2,0.0,3.92,2,0.0,0.0,0.1,15885,
5476,218432,-4.8,0.0,15.69,8,0.125,0.25,0.1,15889,
5477,218432,-4.4,0.0,7.84,4,0.25,0.5,0.1,15889,
5478,218688,-4.3,0.0,12.5,4,0.0,0.25,0.1,15910,
5479,218752,8.0,1.0,5.13,2,0.0,0.0,0.1,15911,
5480,218816,-5.3,0.0,5.88,3,0.0,0.3333,0.1,15916,
5481,218880,-4.4,0.0,5.71,2,0.0,0.0,0.1,15920,
5482,218880,-2.5,0.0,20.0,3,0.0,0.0,0.1,15920,
5483,218880,-5.7,0.0,13.73,7,0.0,0.1429,0.1,15920,
5484,218880,-3.5,0.0,7.69,2,0.0,0.5,0.1,15920,
5485,218944,-5.3,0.0,5.88,3,0.3333,0.0,0.1,15925,
5486,218944,-4.7,0.0,13.73,7,0.0,0.2857,0.1,15925,
5487,219008,-4.3,0.0,5.88,3,0.0,0.3333,0.1,15929,
5488,219136,-4.3,0.0,5.88,3,0.0,0.0,0.1,15938,
5489,219136,-2.2,0.0,15.38,2,0.5,0.0,0.1,15938,
5490,219136,-2.0,0.0,8.33,1,0.0,0.0,0.1,15938,
5491,219136,-3.4,0.0,12.5,3,0.3333,0.3333,0.1,15938,
5492,219200,-5.6,0.0,2.08,1,0.0,0.0,0.1,15945,
5493,219200,-2.1,0.0,14.29,3,0.3333,0.0,0.1,15945,
5494,219200,-5.4,0.0,7.84,4,0.0,0.5,0.1,15945,
5495,219264,-5.1,0.0,1.96,1,0.0,1.0,0.1,15952,
5496,219328,-5.5,0.0,13.73,7,0.0,0.2857,0.1,15956,
5497,219392,-3.6,0.0,18.18,6,0.0,0.1667,0.1,15962,
5498,219520,11.5,1.0,0.0,0,,,0.1,15967,
5499,219584,-5.5,0.0,9.8,5,0.0,0.4,0.1,15972,
5500,219584,-5.2,0.0,3.92,2,0.0,0.0,0.1,15972,
5501,219584,-1.7,0.0,11.11,1,0.0,0.0,0.1,15972,
5502,219712,-2.7,0.0,11.11,3,0.0,0.0,0.1,15979,
5503,219712,-5.3,0.0,5.88,3,0.0,0.3333,0.1,15979,
5504,219776,-3.3,0.0,2.86,1,0.0,0.0,0.1,15988,
5505,219776,-3.7,0.0,3.45,1,0.0,0.0,0.1,15988,
5506,219776,-5.2,0.0,3.92,2,0.5,0.0,0.1,15988,
5507,219840,-3.9,0.0,6.67,2,0.0,0.0,0.1,15995,
5508,219840,-5.3,0.0,5.88,3,0.0,0.0,0.1,15995,
5509,219840,-5.9,0.0,15.56,7,0.0,0.4286,0.1,15995,
5510,219840,-5.0,0.0,0.0,0,,,0.1,15995,
5511,219840,-1.4,0.0,6.25,1,0.0,0.0,0.1,15995,
5512,219840,-6.1,0.0,10.2,5,0.0,0.0,0.1,15995,
5513,219840,-5.5,0.0,9.8,5,0.0,0.0,0.1,15995,
5514,219904,-4.5,0.0,8.57,3,0.0,0.0,0.1,16007,
5515,219904,-5.9,0.0,17.65,9,0.2222,0.1111,0.1,16007,
5516,219968,-4.4,0.0,7.84,4,0.0,0.25,0.1,16013,
5517,219968,-2.1,0.0,7.69,1,0.0,0.0,0.1,16013,
5518,220032,-4.2,0.0,3.92,2,0.5,0.0,0.1,16019,
5519,220032,-5.2,0.0,3.92,2,0.0,0.5,0.1,16019,
5520,220096,-6.1,0.0,5.88,3,0.0,0.0,0.1,16022,
5521,220096,-5.4,0.0,7.84,4,0.0,0.5,0.1,16022,
5522,220160,-5.2,0.0,3.92,2,0.0,0.0,0.1,16027,
5523,220160,-5.1,0.0,1.96,1,0.0,0.0,0.1,16027,
5524,220160,-4.2,0.0,12.9,4,0.5,0.0,0.1,16027,
5525,220160,-5.4,0.0,7.84,4,0.0,0.25,0.1,16027,
5526,220224,-1.6,0.0,28.57,2,0.0,0.0,0.1,16032,
5527,220224,-1.5,0.0,14.29,1,0.0,0.0,0.1,16032,
5528,220224,-5.1,0.0,1.96,1,0.0,0.0,0.1,16032,
5529,220288,-3.0,0.0,9.52,2,0.5,0.0,0.1,16041,
5530,220288,-4.6,0.0,11.43,4,0.0,0.25,0.1,16041,
5531,220352,-4.4,0.0,7.84,4,0.0,0.5,0.1,16048,
5532,220416,7.4,1.0,11.9,5,0.0,0.4,0.1,16053,
5533,220416,-4.4,0.0,7.84,4,0.0,0.25,0.1,16053,
5534,220416,-5.1,0.0,1.96,1,0.0,0.0,0.1,16053,
5535,220416,-4.7,0.0,13.73,7,0.0,0.1429,0.1,16053,
5536,220480,-1.9,0.0,33.33,3,0.3333,0.3333,0.1,16064,
5537,220480,-4.1,0.0,6.25,2,0.5,0.0,0.1,16064,
5538,220480,-1.3,0.0,20.0,1,0.0,0.0,0.1,16064,
5539,220480,-4.8,0.0,2.5,1,0.0,0.0,0.1,16064,
5540,220544,-1.0,0.0,18.18,2,0.5,0.0,0.1,16067,
5541,220608,-4.3,0.0,5.88,3,0.0,0.0,0.1,16071,
5542,220608,-5.3,0.0,5.88,3,0.0,0.0,0.1,16071,
5543,220672,-1.8,0.0,10.0,1,0.0,0.0,0.1,16074,
5544,220736,11.1,1.0,25.0,2,0.5,0.0,0.1,16076,
5545,220736,-4.6,0.0,11.76,6,0.1667,0.3333,0.1,16076,
5546,220864,-4.1,0.0,9.68,3,0.0,0.3333,0.1,16089,
5547,220864,-4.4,0.0,12.12,4,0.25,0.25,0.1,16089,
5548,220928,-2.0,0.0,9.52,2,0.0,0.0,0.1,16094,
5549,220992,-3.0,0.0,4.55,1,0.0,0.0,0.1,16098,
5550,221056,-4.5,0.0,6.67,3,0.0,0.0,0.1,16107,
5551,221056,-2.2,0.0,15.38,2,0.0,0.0,0.1,16107,
5552,221056,-2.7,0.0,5.26,1,0.0,0.0,0.1,16107,
5553,221056,-2.4,0.0,13.33,2,0.0,0.5,0.1,16107,
5554,221120,-4.5,0.0,9.8,5,0.2,0.2,0.1,16109,
5555,221248,-3.0,0.0,4.55,1,0.0,0.0,0.1,16122,
5556,221312,-4.5,0.0,11.76,4,0.0,0.25,0.1,16126,
5557,221376,-4.4,0.0,7.84,4,0.0,0.25,0.1,16134,
5558,221376,-3.7,0.0,15.38,4,0.25,0.5,0.1,16134,
5559,221376,-4.4,0.0,12.12,4,0.25,0.25,0.1,16134,
5560,221504,-4.3,0.0,5.88,3,0.3333,0.3333,0.1,16144,
5561,221504,-3.6,0.0,11.54,3,0.0,0.0,0.1,16144,
5562,221504,-5.4,0.0,7.84,4,0.25,0.0,0.1,16144,
5563,221568,-5.4,0.0,7.84,4,0.25,0.25,0.1,16146,
5564,221632,-4.4,0.0,15.62,5,0.0,0.0,0.1,16153,
5565,221632,9.1,1.0,15.38,4,0.0,0.25,0.1,16153,
5566,221632,-4.8,0.0,15.69,8,0.0,0.125,0.1,16153,
5567,221696,-2.8,0.0,10.53,2,0.0,0.0,0.1,16159,
5568,221696,-5.4,0.0,7.84,4,0.25,0.5,0.1,16159,
5569,221696,-3.3,0.0,18.18,4,0.0,0.25,0.1,16159,
5570,221760,9.3,1.0,12.0,3,0.0,0.3333,0.1,16164,
5571,221760,-4.8,0.0,2.5,1,0.0,0.0,0.1,16164,
5572,221824,-1.6,0.0,12.5,1,0.0,0.0,0.1,16172,
5573,221824,-3.0,0.0,4.55,1,0.0,0.0,0.1,16172,
5574,221824,-2.3,0.0,14.29,2,0.0,0.5,0.1,16172,
5575,221824,9.8,1.0,9.52,2,0.5,0.5,0.1,16172,
5576,221888,-5.1,0.0,4.76,2,0.0,0.0,0.1,16173,
5577,221952,-4.3,0.0,5.88,3,0.0,0.0,0.1,16176,
5578,221952,-1.7,0.0,11.11,1,0.0,0.0,0.1,16176,
5579,222016,-4.3,0.0,9.09,3,0.0,0.0,0.1,16185,
5580,222016,-2.6,0.0,7.41,2,0.0,0.0,0.1,16185,
5581,222080,-3.9,0.0,3.23,1,0.0,0.0,0.1,16190,
5582,222144,-3.5,0.0,3.7,1,0.0,0.0,0.1,16194,
5583,222144,-5.6,0.0,11.76,6,0.3333,0.3333,0.1,16194,
5584,222144,-2.5,0.0,5.88,1,0.0,0.0,0.1,16194,
5585,222144,-5.2,0.0,3.92,2,0.0,0.5,0.1,16194,
5586,222144,-5.5,0.0,9.8,5,0.0,0.0,0.1,16194,
5587,222208,-3.8,0.0,14.81,4,0.0,0.5,0.1,16199,
5588,222208,-4.1,0.0,1.96,1,0.0,0.0,0.1,16199,
5589,222336,-3.1,0.0,4.35,1,0.0,0.0,0.1,16208,
5590,222336,-6.0,0.0,8.16,4,0.0,0.25,0.1,16208,
5591,222336,-2.7,0.0,5.26,1,0.0,0.0,0.1,16208,
5592,222400,-2.2,0.0,7.14,1,0.0,0.0,0.1,16210,
5593,222400,-5.4,0.0,7.84,4,0.0,0.25,0.1,16210,
5594,222464,-5.3,0.0,12.2,5,0.0,0.4,0.1,16218,
5595,222464,-2.5,0.0,5.88,1,0.0,0.0,0.1,16218,
5596,222464,-4.4,0.0,5.71,2,0.0,0.0,0.1,16218,
5597,222528,-3.8,0.0,5.13,2,0.0,0.0,0.1,16226,
5598,222592,-5.1,0.0,1.96,1,0.0,0.0,0.1,16228,
5599,222656,-4.2,0.0,9.38,3,0.0,0.0,0.1,16235,
5600,222656,-4.8,0.0,15.69,8,0.125,0.25,0.1,16235,
5601,222720,-2.1,0.0,7.69,1,0.0,0.0,0.1,16241,
5602,222720,-1.6,0.0,12.5,1,0.0,0.0,0.1,16241,
5603,222784,-5.4,0.0,7.84,4,0.25,0.0,0.1,16243,
5604,222976,-4.9,0.0,7.69,3,0.0,0.3333,0.1,16261,
5605,222976,-6.0,0.0,19.61,10,0.2,0.2,0.1,16261,
5606,223040,-2.8,0.0,10.53,2,0.0,0.0,0.1,16266,
5607,223040,-4.2,0.0,3.92,2,0.0,0.5,0.1,16266,
5608,223104,-5.4,0.0,7.84,4,0.0,0.5,0.1,16268,
5609,223104,-4.4,0.0,7.84,4,0.0,0.25,0.1,16268,
5610,223104,-2.8,0.0,5.0,1,0.0,0.0,0.1,16268,
5611,223168,-2.2,0.0,15.38,2,0.0,0.0,0.1,16273,
5612,223232,-6.1,0.0,21.57,11,0.0909,0.0909,0.1,16279,
5613,223360,-2.3,0.0,8.33,2,0.0,0.0,0.1,16288,
5614,223360,-2.3,0.0,14.29,2,0.0,0.0,0.1,16288,
5615,223424,-5.3,0.0,5.88,3,0.3333,0.3333,0.1,16292,
5616,223424,-2.8,0.0,5.0,1,0.0,0.0,0.1,16292,
5617,223424,-2.8,0.0,5.0,1,0.0,0.0,0.1,16292,
5618,223424,-4.5,0.0,9.8,5,0.0,0.2,0.1,16292,
5619,223488,-1.9,0.0,10.0,2,0.0,0.5,0.1,16296,
5620,223552,-4.8,0.0,5.13,2,0.0,0.5,0.1,16302,
5621,223616,-5.2,0.0,3.92,2,0.0,0.0,0.1,16307,
5622,223616,-3.3,0.0,8.33,2,0.0,0.0,0.1,16307,
5623,223680,-4.9,0.0,17.65,9,0.1111,0.5556,0.1,16312,
5624,223680,-5.0,0.0,0.0,0,,,0.1,16312,
5625,223808,-5.5,0.0,9.8,5,0.0,0.2,0.1,16318,
5626,223872,-5.3,0.0,5.88,3,0.0,0.3333,0.1,16322,
5627,223872,-4.5,0.0,11.76,4,0.25,0.25,0.1,16322,
5628,223936,-5.9,0.0,17.65,9,0.1111,0.0,0.1,16326,
5629,223936,-1.1,0.0,7.69,1,0.0,0.0,0.1,16326,
5630,224000,-5.3,0.0,5.88,3,0.0,0.0,0.1,16330,
5631,224000,-4.1,0.0,1.96,1,0.0,0.0,0.1,16330,
5632,224064,7.1,1.0,6.38,3,0.3333,0.3333,0.1,16337,
5633,224064,-3.0,0.0,9.52,2,0.0,0.0,0.1,16337,
5634,224128,-4.4,0.0,7.84,4,0.0,0.0,0.1,16340,
5635,224128,-4.6,0.0,5.41,2,0.0,0.5,0.1,16340,
5636,224128,-3.2,0.0,13.64,3,0.0,0.0,0.1,16340,
5637,224128,-1.9,0.0,9.09,1,0.0,0.0,0.1,16340,
5638,224192,-0.9,0.0,9.09,1,0.0,0.0,0.1,16344,
5639,224192,6.9,1.0,6.12,3,0.0,0.6667,0.1,16344,
5640,224192,-4.4,0.0,15.62,5,0.0,0.0,0.1,16344,
5641,224256,-5.1,0.0,1.96,1,0.0,0.0,0.1,16350,
5642,224384,-3.7,0.0,11.11,3,0.0,0.0,0.1,16361,
5643,224512,-4.0,0.0,10.0,3,0.0,0.0,0.1,16377,
5644,224512,-2.8,0.0,5.0,1,0.0,0.0,0.1,16377,
5645,224512,-4.1,0.0,3.03,1,0.0,0.0,0.1,16377,
5646,224512,-4.3,0.0,5.88,3,0.6667,0.0,0.1,16377,
5647,224576,-5.3,0.0,2.22,1,0.0,0.0,0.1,16385,
5648,224576,-4.5,0.0,9.09,4,0.25,0.25,0.1,16385,
5649,224576,-4.9,0.0,2.44,1,0.0,0.0,0.1,16385,
5650,224640,-2.3,0.0,6.67,1,0.0,0.0,0.1,16387,
5651,224640,-5.3,0.0,5.88,3,0.0,0.3333,0.1,16387,
5652,224640,-5.5,0.0,2.13,1,0.0,0.0,0.1,16387,
5653,224704,-5.2,0.0,7.14,3,0.0,0.0,0.1,16395,
5654,224704,-2.1,0.0,16.67,2,0.0,0.0,0.1,16395,
5655,224704,11.8,1.0,0.0,0,,,0.1,16395,
5656,224704,-2.2,0.0,15.38,2,0.5,0.0,0.1,16395,
5657,224768,-4.4,0.0,7.84,4,0.25,0.0,0.1,16399,
5658,224768,-4.4,0.0,7.84,4,0.0,0.75,0.1,16399,
5659,224832,-5.6,0.0,11.76,6,0.3333,0.0,0.1,16404,
5660,224832,-2.0,0.0,8.33,1,0.0,0.0,0.1,16404,
5661,224896,-4.2,0.0,4.65,2,0.0,0.0,0.1,16410,
5662,224896,-3.3,0.0,8.33,2,0.0,0.0,0.1,16410,
5663,224896,-1.1,0.0,16.67,2,0.0,0.0,0.1,16410,
5664,224896,-4.9,0.0,10.53,4,0.0,0.25,0.1,16410,
5665,224896,-4.4,0.0,7.84,4,0.25,0.25,0.1,16410,
5666,224896,-2.6,0.0,18.75,3,0.3333,0.3333,0.1,16410,
5667,224896,-4.2,0.0,3.92,2,0.5,0.0,0.1,16410,
5668,224960,-5.5,0.0,9.8,5,0.6,0.0,0.1,16414,
5669,225024,11.6,1.0,0.0,0,,,0.1,16418,
5670,225024,-2.8,0.0,6.9,2,0.0,0.0,0.1,16418,
5671,225088,11.4,1.0,0.0,0,,,0.1,16420,
5672,225088,-4.3,0.0,5.88,3,0.0,0.0,0.1,16420,
5673,225088,9.7,1.0,20.0,4,0.0,0.5,0.1,16420,
5674,225152,-3.2,0.0,4.17,1,0.0,0.0,0.1,16426,
5675,225152,-2.6,0.0,5.56,1,0.0,0.0,0.1,16426,
5676,225216,-2.6,0.0,11.76,2,0.5,0.0,0.1,16433,
5677,225216,-6.1,0.0,5.88,3,0.3333,0.0,0.1,16433,
5678,225216,-2.6,0.0,11.54,3,0.3333,0.0,0.1,16433,
5679,225280,-5.4,0.0,7.84,4,0.25,0.5,0.1,16437,
5680,225280,-4.0,0.0,10.0,3,0.0,0.0,0.1,16437,
5681,225280,-1.8,0.0,10.0,1,0.0,0.0,0.1,16437,
5682,225408,-5.2,0.0,4.65,2,0.0,0.5,0.1,16448,
5683,225408,-5.4,0.0,7.84,4,0.0,0.25,0.1,16448,
5684,225600,-4.5,0.0,9.8,5,0.0,0.0,0.1,16459,
5685,225600,-5.2,0.0,3.92,2,0.5,0.0,0.1,16459,
5686,225664,-4.6,0.0,11.43,4,0.25,0.0,0.1,16464,
5687,225664,-5.2,0.0,3.92,2,0.0,0.0,0.1,16464,
5688,225664,-3.3,0.0,8.33,2,0.0,0.0,0.1,16464,
5689,225728,-5.7,0.0,13.73,7,0.0,0.0,0.1,16467,
5690,225728,-5.0,0.0,4.88,2,0.0,0.0,0.1,16467,
5691,225728,-3.5,0.0,3.7,1,0.0,0.0,0.1,16467,
5692,225792,-2.7,0.0,5.26,1,0.0,0.0,0.1,16471,
5693,225792,-4.7,0.0,13.73,7,0.1429,0.5714,0.1,16471,
5694,225792,-2.8,0.0,10.53,2,0.0,0.0,0.1,16471,
5695,225856,-2.8,0.0,5.0,1,0.0,0.0,0.1,16477,
5696,225920,-4.9,0.0,7.69,3,0.3333,0.3333,0.1,16483,
5697,225984,-2.2,0.0,8.7,2,0.0,0.5,0.1,16484,
5698,226048,-5.2,0.0,3.92,2,0.0,0.0,0.1,16488,
5699,226112,-0.5,0.0,14.29,1,0.0,0.0,0.1,16491,
5700,226240,-4.6,0.0,11.76,6,0.1667,0.3333,0.1,16503,
5701,226240,-5.2,0.0,3.92,2,0.0,0.5,0.1,16503,
5702,226240,-4.1,0.0,6.25,2,0.0,0.0,0.1,16503,
5703,226304,-4.5,0.0,9.8,5,0.2,0.2,0.1,16507,
5704,226304,-4.1,0.0,1.96,1,0.0,0.0,0.1,16507,
5705,226304,-4.1,0.0,3.03,1,0.0,0.0,0.1,16507,
5706,226368,-5.5,0.0,9.8,5,0.0,0.4,0.1,16511,
5707,226368,-2.3,0.0,8.33,2,0.5,0.5,0.1,16511,
5708,226496,-3.4,0.0,8.0,2,0.5,0.0,0.1,16515,
5709,226560,-4.7,0.0,2.56,1,0.0,0.0,0.1,16522,
5710,226560,-2.3,0.0,6.67,1,0.0,0.0,0.1,16522,
5711,226624,-4.7,0.0,2.56,1,0.0,0.0,0.1,16524,
5712,226624,-1.1,0.0,7.69,1,0.0,0.0,0.1,16524,
5713,226688,-4.2,0.0,3.92,2,0.0,0.0,0.1,16529,
5714,226688,-1.8,0.0,5.0,1,0.0,0.0,0.1,16529,
5715,226880,-3.3,0.0,4.0,1,0.0,0.0,0.1,16544,
5716,226880,-5.1,0.0,1.96,1,0.0,0.0,0.1,16544,
5717,226944,-4.1,0.0,1.96,1,0.0,1.0,0.1,16552,
5718,226944,-3.8,0.0,6.9,2,0.5,0.0,0.1,16552,
5719,226944,8.7,1.0,6.25,2,0.5,1.0,0.1,16552,
5720,227008,-3.0,0.0,15.0,3,0.3333,0.3333,0.1,16560,
5721,227008,-2.8,0.0,16.67,3,0.0,0.0,0.1,16560,
5722,227072,-5.5,0.0,9.09,4,0.0,0.0,0.1,16567,
5723,227072,-6.4,0.0,16.33,8,0.0,0.25,0.1,16567,
5724,227072,-5.1,0.0,4.76,2,0.0,0.5,0.1,16567,
5725,227136,-2.1,0.0,7.69,1,0.0,0.0,0.1,16574,
5726,227200,-4.8,0.0,5.13,2,0.0,0.0,0.1,16580,
5727,227200,-4.8,0.0,5.13,2,0.0,0.5,0.1,16580,
5728,227200,8.1,1.0,11.11,4,0.25,0.25,0.1,16580,
5729,227264,-4.3,0.0,9.09,3,0.0,0.0,0.1,16582,
5730,227328,-3.6,0.0,2.63,1,0.0,0.0,0.1,16587,
5731,227392,-3.0,0.0,9.52,2,0.0,0.0,0.1,16593,
5732,227456,-1.9,0.0,22.22,4,0.5,0.25,0.1,16595,
5733,227456,-5.6,0.0,11.76,6,0.0,0.0,0.1,16595,
5734,227712,-5.6,0.0,2.08,1,0.0,0.0,0.1,16607,
5735,227776,-5.1,0.0,1.96,1,0.0,0.0,0.1,16609,
5736,227776,-3.3,0.0,13.04,3,0.0,0.0,0.1,16609,
5737,227776,-5.1,0.0,1.96,1,0.0,0.0,0.1,16609,
5738,227968,-6.0,0.0,19.61,10,0.1,0.0,0.1,16617,
5739,227968,-5.6,0.0,6.52,3,0.0,0.0,0.1,16617,
5740,228032,-3.6,0.0,3.57,1,0.0,0.0,0.1,16621,
5741,228032,-4.4,0.0,7.84,4,0.5,0.25,0.1,16621,
5742,228032,-5.1,0.0,1.96,1,0.0,0.0,0.1,16621,
5743,228096,-4.5,0.0,9.8,5,0.0,0.8,0.1,16628,
5744,228096,-5.3,0.0,2.22,1,0.0,0.0,0.1,16628,
5745,228160,-4.3,0.0,5.88,3,0.0,0.3333,0.1,16636,
5746,228160,-6.0,0.0,3.92,2,0.5,0.5,0.1,16636,
5747,228160,-5.6,0.0,11.76,6,0.0,0.1667,0.1,16636,
5748,228224,-5.3,0.0,5.88,3,0.3333,0.3333,0.1,16640,
5749,228224,-2.8,0.0,6.9,2,0.0,0.0,0.1,16640,
5750,228288,-5.4,0.0,7.84,4,0.0,0.25,0.1,16644,
5751,228352,-5.8,0.0,4.08,2,0.0,0.0,0.1,16651,
5752,228352,-5.5,0.0,9.8,5,0.0,0.2,0.1,16651,
5753,228352,-3.0,0.0,4.55,1,0.0,0.0,0.1,16651,
5754,228352,-5.3,0.0,5.88,3,0.3333,0.0,0.1,16651,
5755,228352,-1.8,0.0,5.0,1,0.0,0.0,0.1,16651,
5756,228416,-5.4,0.0,7.84,4,0.0,0.25,0.1,16655,
5757,228416,-3.9,0.0,18.52,5,0.0,0.2,0.1,16655,
5758,228480,-5.2,0.0,3.92,2,0.0,0.5,0.1,16661,
5759,228480,-4.1,0.0,3.03,1,0.0,0.0,0.1,16661,
5760,228480,-1.7,0.0,25.0,2,0.0,0.5,0.1,16661,
5761,228544,-5.1,0.0,1.96,1,0.0,0.0,0.1,16662,
5762,228544,-4.7,0.0,13.73,7,0.1429,0.1429,0.1,16662,
5763,228672,-3.0,0.0,6.45,2,0.0,0.5,0.1,16670,
5764,228672,-5.5,0.0,9.8,5,0.2,0.0,0.1,16670,
5765,228736,-1.9,0.0,9.09,1,0.0,0.0,0.1,16672,
5766,228800,-1.4,0.0,6.25,1,0.0,0.0,0.1,16675,
5767,228864,-3.3,0.0,16.13,5,0.0,0.2,0.1,16685,
5768,228864,-2.5,0.0,28.57,4,0.25,0.25,0.1,16685,
5769,228864,-4.5,0.0,9.8,5,0.2,0.0,0.1,16685,
5770,228864,-2.0,0.0,8.33,1,0.0,0.0,0.1,16685,
5771,228864,-5.0,0.0,4.88,2,0.5,0.0,0.1,16685,
5772,228928,-5.3,0.0,5.88,3,0.6667,0.3333,0.1,16690,
5773,228928,-0.7,0.0,11.11,1,0.0,0.0,0.1,16690,
5774,228928,-5.2,0.0,3.92,2,0.0,0.5,0.1,16690,
5775,228992,-5.2,0.0,3.92,2,0.0,0.0,0.1,16693,
5776,228992,-4.2,0.0,3.92,2,0.0,0.0,0.1,16693,
5777,228992,-4.2,0.0,6.06,2,0.0,0.0,0.1,16693,
5778,229056,-5.1,0.0,1.96,1,0.0,0.0,0.1,16698,
5779,229056,-4.3,0.0,5.88,3,0.0,0.3333,0.1,16698,
5780,229120,10.9,1.0,20.0,2,0.5,1.0,0.1,16702,
5781,229120,-2.9,0.0,6.67,2,0.0,0.0,0.1,16702,
5782,229184,-5.2,0.0,3.92,2,0.0,0.5,0.1,16708,
5783,229248,-4.5,0.0,9.8,5,0.2,0.0,0.1,16713,
5784,229312,-2.4,0.0,13.33,2,0.0,0.0,0.1,16716,
5785,229312,-2.5,0.0,5.88,1,0.0,0.0,0.1,16716,
5786,229376,-5.7,0.0,13.73,7,0.2857,0.2857,0.1,16720,
5787,229440,-2.1,0.0,16.67,2,0.0,0.0,0.1,16723,
5788,229440,-4.7,0.0,5.26,2,0.0,0.0,0.1,16723,
5789,229504,-1.8,0.0,22.22,2,0.5,0.0,0.1,16729,
5790,229504,-5.3,0.0,5.88,3,0.0,0.3333,0.1,16729,
5791,229504,-5.5,0.0,6.67,3,0.0,0.3333,0.1,16729,
5792,229568,-2.0,0.0,4.55,1,0.0,0.0,0.1,16732,
5793,229568,-3.3,0.0,8.33,2,0.0,0.0,0.1,16732,
5794,229632,-2.5,0.0,5.88,1,0.0,0.0,0.1,16741,
5795,229632,-2.0,0.0,8.33,1,0.0,0.0,0.1,16741,
5796,229632,-2.8,0.0,10.53,2,0.0,0.0,0.1,16741,
5797,229696,-3.3,0.0,4.0,1,0.0,0.0,0.1,16749,
5798,229760,-4.5,0.0,9.8,5,0.0,0.2,0.1,16756,
5799,229824,-5.3,0.0,5.88,3,0.0,0.3333,0.1,16761,
5800,229824,-5.6,0.0,11.76,6,0.1667,0.5,0.1,16761,
5801,229888,-5.1,0.0,1.96,1,0.0,0.0,0.1,16766,
5802,229952,-3.4,0.0,8.82,3,0.0,0.0,0.1,16773,
5803,230016,-1.6,0.0,12.5,1,0.0,0.0,0.1,16778,
5804,230016,-1.4,0.0,16.67,1,0.0,0.0,0.1,16778,
5805,230144,-4.6,0.0,6.52,3,0.0,0.0,0.1,16784,
5806,230144,10.2,1.0,5.56,1,0.0,0.0,0.1,16784,
5807,230208,-5.2,0.0,3.92,2,0.0,0.5,0.1,16786,
5808,230208,-5.0,0.0,0.0,0,,,0.1,16786,
5809,230272,-3.0,0.0,4.55,1,0.0,0.0,0.1,16795,
5810,230272,11.0,1.0,0.0,0,,,0.1,16795,
5811,230272,-5.4,0.0,6.82,3,0.0,0.0,0.1,16795,
5812,230272,-2.3,0.0,4.0,1,0.0,0.0,0.1,16795,
5813,230272,-4.5,0.0,9.8,5,0.0,0.4,0.1,16795,
5814,230272,-1.3,0.0,6.67,1,0.0,0.0,0.1,16795,
5815,230336,-0.8,0.0,10.0,1,0.0,0.0,0.1,16803,
5816,230336,-5.4,0.0,7.84,4,0.25,1.0,0.1,16803,
5817,230336,-4.9,0.0,27.27,9,0.1111,0.3333,0.1,16803,
5818,230336,-5.3,0.0,5.88,3,0.6667,0.3333,0.1,16803,
5819,230336,6.5,1.0,12.0,6,0.0,0.5,0.1,16803,
5820,230400,-2.8,0.0,5.0,1,0.0,0.0,0.1,16811,
5821,230464,-5.4,0.0,7.84,4,0.25,0.25,0.1,16819,
5822,230464,8.4,1.0,12.12,4,0.0,0.0,0.1,16819,
5823,230528,-5.2,0.0,3.92,2,0.0,0.5,0.1,16825,
5824,230592,-3.1,0.0,4.35,1,0.0,0.0,0.1,16831,
5825,230592,-2.8,0.0,5.0,1,0.0,0.0,0.1,16831,
5826,230592,-5.1,0.0,1.96,1,0.0,0.0,0.1,16831,
5827,230592,-4.9,0.0,6.12,3,0.0,0.0,0.1,16831,
5828,230656,-5.2,0.0,3.92,2,0.0,1.0,0.1,16835,
5829,230656,-2.1,0.0,7.69,1,0.0,0.0,0.1,16835,
5830,230720,-3.8,0.0,10.71,3,0.0,0.0,0.1,16841,
5831,230720,-4.4,0.0,2.78,1,0.0,0.0,0.1,16841,
5832,230720,7.4,1.0,17.5,7,0.0,0.2857,0.1,16841,
5833,230784,-2.0,0.0,8.33,1,0.0,0.0,0.1,16847,
5834,230848,-3.0,0.0,4.55,1,0.0,0.0,0.1,16852,
5835,230912,-5.8,0.0,2.0,1,0.0,0.0,0.1,16857,
5836,230912,-2.6,0.0,5.56,1,0.0,0.0,0.1,16857,
5837,230912,-3.4,0.0,22.73,5,0.0,0.2,0.1,16857,
5838,230976,-1.9,0.0,9.09,1,0.0,0.0,0.1,16859,
5839,230976,11.0,1.0,22.22,2,0.0,0.0,0.1,16859,
5840,230976,7.6,1.0,15.38,6,0.1667,0.1667,0.1,16859,
5841,231040,-4.5,0.0,9.8,5,0.0,0.4,0.1,16861,
5842,231104,-3.8,0.0,14.81,4,0.0,0.25,0.1,16864,
5843,231168,-2.2,0.0,7.14,1,0.0,0.0,0.1,16866,
5844,231232,-3.8,0.0,5.13,2,0.0,0.5,0.1,16872,
5845,231296,-5.2,0.0,3.92,2,0.5,0.5,0.1,16876,
5846,231360,-4.4,0.0,2.78,1,0.0,0.0,0.1,16882,
5847,231360,-0.9,0.0,9.09,1,0.0,0.0,0.1,16882,
5848,231424,-1.1,0.0,7.69,1,0.0,0.0,0.1,16888,
5849,231424,-4.5,0.0,9.8,5,0.2,0.0,0.1,16888,
5850,231424,8.6,1.0,12.9,4,0.0,0.25,0.1,16888,
5851,231488,-5.8,0.0,10.87,5,0.0,0.0,0.1,16894,
5852,231488,-5.0,0.0,4.88,2,0.0,0.0,0.1,16894,
5853,231552,-2.8,0.0,5.0,1,0.0,0.0,0.1,16902,
5854,231552,-5.4,0.0,7.84,4,0.25,0.0,0.1,16902,
5855,231552,-3.0,0.0,9.52,2,0.0,0.0,0.1,16902,
5856,231552,-2.7,0.0,5.26,1,0.0,0.0,0.1,16902,
5857,231616,-4.5,0.0,9.8,5,0.2,0.2,0.1,16907,
5858,231616,-5.3,0.0,5.88,3,0.3333,0.0,0.1,16907,
5859,231616,-5.7,0.0,2.04,1,0.0,0.0,0.1,16907,
5860,231744,-3.1,0.0,9.09,2,0.0,0.0,0.1,16922,
5861,231744,-5.4,0.0,9.3,4,0.25,0.25,0.1,16922,
5862,231808,-3.4,0.0,12.5,3,0.0,0.3333,0.1,16931,
5863,231808,-3.0,0.0,15.0,3,0.0,0.3333,0.1,16931,
5864,231808,-3.8,0.0,19.23,5,0.0,0.6,0.1,16931,
5865,231872,-1.4,0.0,13.33,2,0.0,0.0,0.1,16935,
5866,231872,-2.5,0.0,12.5,2,0.5,0.0,0.1,16935,
5867,231872,-3.5,0.0,3.7,1,0.0,0.0,0.1,16935,
5868,231936,-2.8,0.0,16.67,3,0.0,0.3333,0.1,16938,
5869,232000,10.2,1.0,26.67,4,0.0,0.25,0.1,16943,
5870,232064,-4.2,0.0,3.92,2,0.0,0.0,0.1,16950,
5871,232128,-5.0,0.0,15.22,7,0.1429,0.1429,0.1,16954,
5872,232128,-3.3,0.0,8.33,2,0.0,0.0,0.1,16954,
5873,232128,-5.5,0.0,9.8,5,0.0,0.2,0.1,16954,
5874,232128,-5.3,0.0,5.88,3,0.6667,0.0,0.1,16954,
5875,232192,-5.0,0.0,0.0,0,,,0.1,16960,
5876,232192,-2.9,0.0,10.0,2,0.0,0.0,0.1,16960,
5877,232256,-4.7,0.0,13.73,7,0.0,0.1429,0.1,16968,
5878,232256,-4.0,0.0,10.0,3,0.0,0.0,0.1,16968,
5879,232256,-5.0,0.0,2.38,1,0.0,0.0,0.1,16968,
5880,232256,-2.8,0.0,5.0,1,0.0,0.0,0.1,16968,
5881,232320,-2.2,0.0,25.0,3,0.0,0.0,0.1,16975,
5882,232320,-1.2,0.0,7.14,1,0.0,0.0,0.1,16975,
5883,232320,-4.3,0.0,5.88,3,0.0,0.3333,0.1,16975,
5884,232320,-3.4,0.0,8.0,2,0.0,0.0,0.1,16975,
5885,232320,-2.3,0.0,6.67,1,0.0,0.0,0.1,16975,
5886,232448,-4.2,0.0,12.9,4,0.25,0.25,0.1,16986,
5887,232448,-2.3,0.0,6.67,1,0.0,0.0,0.1,16986,
5888,232512,-4.2,0.0,3.92,2,0.0,0.0,0.1,16991,
5889,232512,-3.0,0.0,4.55,1,0.0,0.0,0.1,16991,
5890,232576,-1.9,0.0,9.09,1,0.0,0.0,0.1,16997,
5891,232576,-2.7,0.0,15.38,4,0.25,0.25,0.1,16997,
5892,232768,-4.7,0.0,13.73,7,0.1429,0.2857,0.1,17009,
5893,232832,-4.4,0.0,12.12,4,0.0,0.0,0.1,17015,
5894,232832,11.3,1.0,0.0,0,,,0.1,17015,
5895,232896,-5.2,0.0,3.92,2,0.0,0.0,0.1,17024,
5896,232896,-2.1,0.0,4.35,1,0.0,0.0,0.1,17024,
5897,232896,-4.6,0.0,11.76,6,0.3333,0.1667,0.1,17024,
5898,232896,-5.0,0.0,4.88,2,0.0,0.0,0.1,17024,
5899,232960,6.9,1.0,6.12,3,0.0,1.0,0.1,17033,
5900,233024,-1.0,0.0,8.33,1,0.0,0.0,0.1,17037,
5901,233024,-2.5,0.0,21.74,5,0.2,0.2,0.1,17037,
5902,233088,6.6,1.0,14.58,7,0.1429,0.5714,0.1,17041,
5903,233152,-2.6,0.0,5.56,1,0.0,0.0,0.1,17046,
5904,233152,-4.4,0.0,7.84,4,0.0,0.25,0.1,17046,
5905,233216,-2.3,0.0,14.29,2,0.0,0.0,0.1,17053,
5906,233216,-3.9,0.0,10.34,3,0.3333,0.3333,0.1,17053,
5907,233216,-4.7,0.0,2.56,1,0.0,0.0,0.1,17053,
5908,233216,-3.5,0.0,7.69,2,0.0,0.0,0.1,17053,
5909,233216,-5.5,0.0,9.8,5,0.2,0.0,0.1,17053,
5910,233344,10.2,1.0,11.76,2,0.0,0.5,0.1,17058,
5911,233344,-4.4,0.0,12.12,4,0.25,0.25,0.1,17058,
5912,233344,-3.5,0.0,16.67,4,0.0,0.25,0.1,17058,
5913,233472,-5.1,0.0,1.96,1,0.0,0.0,0.1,17061,
5914,233536,-5.0,0.0,19.61,10,0.0,0.3,0.1,17063,
5915,233536,-2.5,0.0,5.88,1,0.0,0.0,0.1,17063,
5916,233600,-5.4,0.0,7.84,4,0.5,0.0,0.1,17069,
5917,233600,-5.3,0.0,5.88,3,0.0,0.0,0.1,17069,
5918,233664,-3.9,0.0,10.34,3,0.3333,0.0,0.1,17075,
5919,233728,-6.0,0.0,3.92,2,0.0,0.0,0.1,17082,
5920,233728,-3.0,0.0,4.55,1,0.0,0.0,0.1,17082,
5921,233792,-3.7,0.0,11.11,4,0.0,0.0,0.1,17090,
5922,233792,-1.2,0.0,25.0,1,0.0,0.0,0.1,17090,
5923,233792,-3.3,0.0,8.33,2,0.5,0.0,0.1,17090,
5924,233856,-4.4,0.0,7.84,4,0.0,0.0,0.1,17093,
5925,233856,-3.2,0.0,19.05,4,0.0,0.25,0.1,17093,
5926,233856,-5.5,0.0,9.8,5,0.2,0.0,0.1,17093,
5927,233920,-5.3,0.0,5.88,3,0.6667,0.3333,0.1,17097,
5928,233984,-2.2,0.0,7.14,1,0.0,0.0,0.1,17101,
5929,233984,-3.7,0.0,3.45,1,0.0,0.0,0.1,17101,
5930,233984,-4.2,0.0,2.94,1,0.0,0.0,0.1,17101,
5931,234048,-1.4,0.0,6.25,1,0.0,0.0,0.1,17107,
5932,234112,-2.4,0.0,13.33,2,0.5,0.5,0.1,17118,
5933,234112,-1.9,0.0,20.0,2,0.0,0.0,0.1,17118,
5934,234240,-4.2,0.0,3.92,2,0.0,0.5,0.1,17125,
5935,234240,-2.7,0.0,5.26,1,0.0,0.0,0.1,17125,
5936,234240,-3.1,0.0,9.09,2,0.5,0.5,0.1,17125,
5937,234240,-5.1,0.0,1.96,1,1.0,1.0,0.1,17125,
5938,234240,10.7,1.0,0.0,0,,,0.1,17125,
5939,234240,-1.5,0.0,14.29,1,0.0,0.0,0.1,17125,
5940,234240,-2.9,0.0,10.0,2,0.0,0.0,0.1,17125,
5941,234304,-2.5,0.0,5.88,1,0.0,0.0,0.1,17130,
5942,234304,-1.8,0.0,22.22,2,0.0,0.0,0.1,17130,
5943,234368,7.7,1.0,2.33,1,0.0,1.0,0.1,17132,
5944,234432,-4.4,0.0,2.78,1,0.0,0.0,0.1,17140,
5945,234432,-1.3,0.0,14.29,2,0.0,0.0,0.1,17140,
5946,234432,-4.4,0.0,7.84,4,0.0,0.25,0.1,17140,
5947,234560,-4.5,0.0,9.8,5,0.0,0.4,0.1,17150,
5948,234560,10.3,1.0,38.46,5,0.2,0.2,0.1,17150,
5949,234560,-2.0,0.0,18.18,2,0.5,0.0,0.1,17150,
5950,234624,-2.1,0.0,7.69,1,0.0,0.0,0.1,17156,
5951,234688,-4.4,0.0,7.84,4,0.25,0.0,0.1,17158,
5952,234688,8.4,1.0,5.71,2,0.0,0.5,0.1,17158,
5953,234688,-4.7,0.0,2.56,1,0.0,0.0,0.1,17158,
5954,234752,-3.9,0.0,10.53,4,0.0,0.5,0.1,17166,
5955,234752,-4.4,0.0,5.71,2,0.0,0.0,0.1,17166,
5956,234752,-1.9,0.0,20.0,2,0.0,0.5,0.1,17166,
5957,234752,-3.7,0.0,20.0,5,0.0,0.0,0.1,17166,
5958,234816,-5.8,0.0,6.25,3,0.0,0.0,0.1,17171,
5959,234816,-4.2,0.0,3.92,2,0.0,0.5,0.1,17171,
5960,234816,11.3,1.0,14.29,1,0.0,0.0,0.1,17171,
5961,234816,-5.4,0.0,4.44,2,0.0,0.0,0.1,17171,
5962,234816,-3.2,0.0,8.7,2,0.0,0.0,0.1,17171,
5963,234880,-5.2,0.0,3.92,2,0.0,0.5,0.1,17177,
5964,234880,-6.0,0.0,3.92,2,0.5,0.0,0.1,17177,
5965,234880,-2.8,0.0,5.0,1,0.0,0.0,0.1,17177,
5966,234944,11.5,1.0,0.0,0,,,0.1,17182,
5967,234944,-2.8,0.0,5.0,1,0.0,0.0,0.1,17182,
5968,235008,-5.4,0.0,7.84,4,0.0,0.0,0.1,17187,
5969,235008,10.5,1.0,6.67,1,1.0,1.0,0.1,17187,
5970,235008,10.2,1.0,5.56,1,0.0,1.0,0.1,17187,
5971,235008,-4.7,0.0,11.11,5,0.0,0.2,0.1,17187,
5972,235072,-4.3,0.0,5.88,2,0.0,0.0,0.1,17192,
5973,235072,-5.5,0.0,9.09,4,0.25,0.0,0.1,17192,
5974,235072,-5.6,0.0,6.52,3,0.0,0.0,0.1,17192,
5975,235136,-5.3,0.0,5.88,3,0.0,0.3333,0.1,17196,
5976,235136,-3.8,0.0,3.33,1,0.0,0.0,0.1,17196,
5977,235136,-5.3,0.0,5.88,3,0.0,0.3333,0.1,17196,
5978,235200,-1.6,0.0,12.5,1,0.0,0.0,0.1,17200,
5979,235328,-5.2,0.0,3.92,2,0.0,0.0,0.1,17207,
5980,235456,-5.0,0.0,0.0,0,,,0.1,17220,
5981,235456,-4.8,0.0,2.5,1,0.0,0.0,0.1,17220,
5982,235520,-1.7,0.0,11.11,1,0.0,0.0,0.1,17227,
5983,235520,-2.8,0.0,10.53,2,0.0,0.0,0.1,17227,
5984,235584,-5.3,0.0,5.88,3,0.0,0.0,0.1,17233,
5985,235584,-2.4,0.0,21.43,3,0.0,0.0,0.1,17233,
5986,235648,-2.2,0.0,7.14,1,0.0,0.0,0.1,17237,
5987,235648,-2.6,0.0,11.76,2,0.0,0.0,0.1,17237,
5988,235712,-4.9,0.0,7.69,3,0.0,0.3333,0.1,17242,
5989,235776,-5.2,0.0,12.5,5,0.2,0.4,0.1,17247,
5990,235840,-2.6,0.0,11.76,2,0.0,0.5,0.1,17256,
5991,235840,-5.4,0.0,7.84,4,0.25,0.25,0.1,17256,
5992,235840,-2.0,0.0,18.18,2,0.0,0.5,0.1,17256,
5993,235840,-5.2,0.0,3.92,2,0.5,0.0,0.1,17256,
5994,235840,-3.3,0.0,4.0,1,0.0,0.0,0.1,17256,
5995,235904,-2.3,0.0,14.29,2,0.0,0.0,0.1,17257,
5996,235968,-5.1,0.0,7.32,3,0.3333,0.0,0.1,17263,
5997,235968,-3.3,0.0,8.33,2,0.0,0.0,0.1,17263,
5998,236032,-6.4,0.0,11.76,6,0.1667,0.3333,0.1,17269,
5999,236096,-5.3,0.0,2.22,1,0.0,0.0,0.1,17274,
6000,236096,-4.5,0.0,9.8,5,0.0,0.4,0.1,17274,
6001,236096,-2.9,0.0,4.76,1,0.0,0.0,0.1,17274,
6002,236160,-5.7,0.0,13.73,7,0.1429,0.5714,0.1,17277,
6003,236160,-3.0,0.0,15.0,3,0.3333,0.3333,0.1,17277,
6004,236160,-5.7,0.0,13.73,7,0.0,0.1429,0.1,17277,
6005,236224,-2.6,0.0,11.76,2,0.0,0.0,0.1,17281,
6006,236224,9.7,1.0,9.09,2,0.0,0.5,0.1,17281,
6007,236224,9.5,1.0,4.0,1,0.0,0.0,0.1,17281,
6008,236288,-2.7,0.0,5.26,1,0.0,0.0,0.1,17286,
6009,236288,-3.7,0.0,2.56,1,0.0,0.0,0.1,17286,
6010,236416,-4.3,0.0,5.88,2,0.0,0.0,0.1,17297,
6011,236480,-1.5,0.0,33.33,2,0.0,0.0,0.1,17305,
6012,236544,-3.0,0.0,4.55,1,0.0,0.0,0.1,17307,
6013,236608,-3.9,0.0,14.29,4,0.0,0.5,0.1,17310,
6014,236736,-4.9,0.0,7.69,3,0.3333,0.0,0.1,17318,
6015,236736,-3.7,0.0,3.45,1,0.0,0.0,0.1,17318,
6016,236864,-4.2,0.0,9.38,3,0.0,0.3333,0.1,17328,
6017,236864,-5.7,0.0,6.38,3,0.0,0.0,0.1,17328,
6018,236864,-5.4,0.0,7.84,4,0.25,0.25,0.1,17328,
6019,236928,-4.4,0.0,6.82,3,0.0,0.0,0.1,17333,
6020,236928,-5.4,0.0,11.9,5,0.2,0.0,0.1,17333,
6021,236992,-1.8,0.0,5.0,1,0.0,0.0,0.1,17340,
6022,236992,-3.1,0.0,4.35,1,0.0,0.0,0.1,17340,
6023,237184,-5.1,0.0,1.96,1,0.0,0.0,0.1,17354,
6024,237184,-2.0,0.0,9.52,2,0.0,0.0,0.1,17354,
6025,237248,-5.7,0.0,13.73,7,0.1429,0.2857,0.1,17359,
6026,237248,-5.8,0.0,15.69,8,0.125,0.25,0.1,17359,
6027,237248,-2.9,0.0,29.41,5,0.0,0.0,0.1,17359,
6028,237248,-5.1,0.0,1.96,1,0.0,0.0,0.1,17359,
6029,237312,-4.8,0.0,2.5,1,0.0,0.0,0.1,17367,
6030,237440,-2.7,0.0,5.26,1,0.0,0.0,0.1,17374,
6031,237440,-3.4,0.0,8.0,2,0.0,0.5,0.1,17374,
6032,237440,7.8,1.0,13.16,5,0.0,0.4,0.1,17374,
6033,237504,-5.4,0.0,7.84,4,0.25,0.25,0.1,17378,
6034,237504,-2.7,0.0,5.26,1,0.0,0.0,0.1,17378,
6035,237504,-4.8,0.0,15.69,8,0.25,0.375,0.1,17378,
6036,237504,-5.0,0.0,0.0,0,,,0.1,17378,
6037,237504,-3.4,0.0,3.85,1,0.0,0.0,0.1,17378,
6038,237504,-4.0,0.0,3.12,1,0.0,0.0,0.1,17378,
6039,237568,-6.4,0.0,11.76,6,0.0,0.1667,0.1,17383,
6040,237632,-3.9,0.0,3.23,1,0.0,0.0,0.1,17388,
6041,237696,-4.4,0.0,7.84,4,0.0,0.5,0.1,17391,
6042,237696,-5.1,0.0,1.96,1,0.0,0.0,0.1,17391,
6043,237824,-3.7,0.0,7.14,2,0.5,0.5,0.1,17408,
6044,237824,-5.6,0.0,11.76,6,0.0,0.1667,0.1,17408,
6045,237824,-2.3,0.0,23.08,3,0.3333,0.3333,0.1,17408,
6046,237824,-1.8,0.0,10.0,1,0.0,0.0,0.1,17408,
6047,237888,-4.3,0.0,9.09,3,0.3333,0.0,0.1,17415,
6048,237888,11.5,1.0,20.0,1,0.0,1.0,0.1,17415,
6049,237888,-5.7,0.0,13.64,6,0.0,0.0,0.1,17415,
6050,237952,-5.3,0.0,5.88,3,0.0,0.0,0.1,17419,
6051,238080,-5.2,0.0,3.92,2,0.0,1.0,0.1,17431,
6052,238080,-3.8,0.0,3.33,1,0.0,0.0,0.1,17431,
6053,238080,-5.2,0.0,3.92,2,0.0,0.0,0.1,17431,
6054,238144,-4.2,0.0,3.92,2,0.0,0.5,0.1,17437,
6055,238208,9.6,1.0,8.7,2,0.0,0.0,0.1,17440,
6056,238208,-3.9,0.0,3.23,1,0.0,0.0,0.1,17440,
6057,238208,-2.0,0.0,8.33,1,0.0,0.0,0.1,17440,
6058,238208,-4.8,0.0,15.69,8,0.125,0.0,0.1,17440,
6059,238272,-5.3,0.0,5.88,3,0.3333,0.0,0.1,17445,
6060,238272,-4.8,0.0,15.69,8,0.25,0.125,0.1,17445,
6061,238336,-4.6,0.0,11.76,6,0.1667,0.5,0.1,17450,
6062,238336,-4.5,0.0,8.57,3,0.0,0.0,0.1,17450,
6063,238400,-1.7,0.0,11.11,1,0.0,0.0,0.1,17456,
6064,238400,-4.2,0.0,2.94,1,0.0,0.0,0.1,17456,
6065,238400,-1.6,0.0,11.76,2,0.0,0.5,0.1,17456,
6066,238464,-5.5,0.0,9.8,5,0.2,0.0,0.1,17462,
6067,238464,-6.3,0.0,14.29,7,0.1429,0.2857,0.1,17462,
6068,238464,-5.1,0.0,20.0,9,0.1111,0.1111,0.1,17462,
6069,238656,-2.4,0.0,6.25,1,0.0,0.0,0.1,17473,
6070,238656,-2.7,0.0,11.11,2,0.0,0.0,0.1,17473,
6071,238720,-2.8,0.0,6.9,2,0.0,0.5,0.1,17479,
6072,238720,-5.4,0.0,7.84,4,0.0,0.5,0.1,17479,
6073,238720,-4.0,0.0,6.45,2,0.0,0.0,0.1,17479,
6074,238720,-4.3,0.0,2.22,1,0.0,0.0,0.1,17479,
6075,238784,-5.4,0.0,6.82,3,0.0,0.0,0.1,17482,
6076,238784,-3.9,0.0,6.67,2,0.0,0.0,0.1,17482,
6077,238784,-5.2,0.0,3.92,2,0.0,0.5,0.1,17482,
6078,238848,-5.1,0.0,1.96,1,0.0,1.0,0.1,17486,
6079,238848,-1.6,0.0,12.5,1,0.0,0.0,0.1,17486,
6080,238912,-5.1,0.0,5.88,3,0.0,0.0,0.1,17489,
6081,238912,-1.6,0.0,12.5,1,0.0,0.0,0.1,17489,
6082,238976,-5.4,0.0,23.68,9,0.1111,0.0,0.1,17493,
6083,239040,-2.1,0.0,7.69,1,0.0,0.0,0.1,17498,
6084,239104,-4.6,0.0,11.43,4,0.25,0.25,0.1,17503,
6085,239104,-5.4,0.0,7.84,4,0.25,0.25,0.1,17503,
6086,239168,-2.5,0.0,5.88,1,0.0,0.0,0.1,17508,
6087,239168,-5.0,0.0,0.0,0,,,0.1,17508,
6088,239232,-5.3,0.0,5.88,3,0.0,0.3333,0.1,17518,
6089,239232,-4.2,0.0,12.9,4,0.0,0.0,0.1,17518,
6090,239360,-5.3,0.0,5.88,3,0.0,0.0,0.1,17525,
6091,239424,-4.4,0.0,8.82,3,0.0,0.3333,0.1,17531,
6092,239424,-4.1,0.0,1.96,1,0.0,1.0,0.1,17531,
6093,239424,-3.5,0.0,12.0,3,0.3333,0.3333,0.1,17531,
6094,239488,-2.9,0.0,4.76,1,0.0,0.0,0.1,17538,
6095,239488,-1.7,0.0,11.11,1,0.0,0.0,0.1,17538,
6096,239552,-5.4,0.0,2.17,1,0.0,0.0,0.1,17544,
6097,239552,-5.0,0.0,0.0,0,,,0.1,17544,
6098,239616,-2.7,0.0,11.11,2,0.0,0.0,0.1,17550,
6099,239680,-3.3,0.0,4.0,1,0.0,0.0,0.1,17557,
6100,239680,-5.2,0.0,3.92,2,0.0,0.5,0.1,17557,
6101,239680,-3.9,0.0,3.23,1,0.0,0.0,0.1,17557,
6102,239744,-4.2,0.0,3.92,2,0.0,1.0,0.1,17562,
6103,239808,-2.5,0.0,20.0,3,0.0,0.0,0.1,17567,
6104,239808,-4.1,0.0,9.68,3,0.0,0.3333,0.1,17567,
6105,239872,-4.0,0.0,10.0,3,0.0,0.0,0.1,17574,
6106,239872,-1.3,0.0,20.0,1,0.0,0.0,0.1,17574,
6107,239936,-5.1,0.0,15.79,6,0.1667,0.0,0.1,17583,
6108,239936,-2.4,0.0,6.25,1,0.0,0.0,0.1,17583,
6109,240000,-4.9,0.0,7.69,3,0.3333,0.0,0.1,17589,
6110,240064,-2.8,0.0,5.0,1,0.0,0.0,0.1,17593,
6111,240064,7.3,1.0,9.09,4,0.0,0.25,0.1,17593,
6112,240128,-2.3,0.0,18.18,4,0.25,0.0,0.1,17599,
6113,240128,8.7,1.0,13.33,4,0.0,0.75,0.1,17599,
6114,240192,-4.5,0.0,9.8,5,0.0,0.4,0.1,17606,
6115,240192,-1.9,0.0,9.09,1,0.0,0.0,0.1,17606,
6116,240192,-4.5,0.0,9.8,5,0.4,0.2,0.1,17606,
6117,240256,-2.0,0.0,15.0,3,0.3333,0.6667,0.1,17614,
6118,240256,-2.7,0.0,17.65,3,0.0,0.0,0.1,17614,
6119,240256,-4.5,0.0,9.8,5,0.2,0.2,0.1,17614,
6120,240256,-4.6,0.0,5.41,2,0.0,0.0,0.1,17614,
6121,240448,-5.3,0.0,5.88,3,0.0,0.0,0.1,17627,
6122,240512,-4.5,0.0,9.8,5,0.0,0.2,0.1,17632,
6123,240576,-2.9,0.0,6.67,2,0.0,0.5,0.1,17634,
6124,240704,-1.7,0.0,25.0,2,0.0,0.0,0.1,17644,
6125,240704,-4.6,0.0,8.33,3,0.3333,0.3333,0.1,17644,
6126,240704,-3.5,0.0,7.69,2,0.0,0.0,0.1,17644,
6127,240704,-4.4,0.0,7.84,4,0.0,0.25,0.1,17644,
6128,240704,-5.2,0.0,3.92,2,0.5,0.0,0.1,17644,
6129,240768,-5.2,0.0,3.92,2,0.5,0.5,0.1,17652,
6130,240768,-3.3,0.0,23.81,5,0.2,0.2,0.1,17652,
6131,240768,-5.7,0.0,13.73,7,0.1429,0.2857,0.1,17652,
6132,240768,-4.0,0.0,3.12,1,0.0,0.0,0.1,17652,
6133,240768,-4.7,0.0,13.73,7,0.0,0.2857,0.1,17652,
6134,240768,-2.8,0.0,10.53,2,0.0,0.5,0.1,17652,
6135,240832,-3.3,0.0,13.04,3,0.0,0.0,0.1,17657,
6136,240960,8.3,1.0,11.76,4,0.25,0.25,0.1,17662,
6137,240960,-4.1,0.0,2.33,1,0.0,0.0,0.1,17662,
6138,240960,-5.0,0.0,0.0,0,,,0.1,17662,
6139,241024,-3.9,0.0,6.67,2,0.0,0.5,0.1,17669,
6140,241024,-4.1,0.0,17.24,5,0.2,0.4,0.1,17669,
6141,241088,-4.4,0.0,7.84,4,0.5,0.25,0.1,17671,
6142,241088,-4.8,0.0,10.81,4,0.25,0.25,0.1,17671,
6143,241152,-5.5,0.0,9.8,5,0.0,0.4,0.1,17677,
6144,241152,-4.8,0.0,15.69,8,0.0,0.625,0.1,17677,
6145,241152,-2.0,0.0,30.0,3,0.3333,0.0,0.1,17677,
6146,241216,8.0,1.0,2.5,1,0.0,0.0,0.1,17683,
6147,241216,-1.6,0.0,12.5,1,0.0,0.0,0.1,17683,
6148,241216,-1.3,0.0,6.67,1,0.0,0.0,0.1,17683,
6149,241280,-4.0,0.0,7.5,3,0.0,0.0,0.1,17690,
6150,241344,-4.2,0.0,3.92,2,0.0,0.0,0.1,17698,
6151,241344,-0.7,0.0,11.11,1,0.0,0.0,0.1,17698,
6152,241408,-1.8,0.0,10.0,1,0.0,0.0,0.1,17704,
6153,241408,-4.9,0.0,5.0,2,0.0,0.0,0.1,17704,
6154,241472,-4.6,0.0,5.41,2,0.0,0.0,0.1,17712,
6155,241472,-5.2,0.0,3.92,2,0.5,0.0,0.1,17712,
6156,241472,-1.0,0.0,8.33,1,0.0,0.0,0.1,17712,
6157,241536,-5.4,0.0,9.3,4,0.0,0.25,0.1,17717,
6158,241536,-5.1,0.0,21.57,11,0.0909,0.2727,0.1,17717,
6159,241536,-5.7,0.0,13.73,7,0.1429,0.4286,0.1,17717,
6160,241600,-3.8,0.0,3.33,1,0.0,0.0,0.1,17721,
6161,241600,-5.3,0.0,5.88,3,0.0,0.3333,0.1,17721,
6162,241664,-4.4,0.0,7.84,4,0.25,0.0,0.1,17732,
6163,241664,-1.8,0.0,10.0,1,0.0,0.0,0.1,17732,
6164,241664,-2.3,0.0,14.29,2,0.0,0.0,0.1,17732,
6165,241728,-4.5,0.0,9.8,5,0.0,0.0,0.1,17737,
6166,241728,-5.1,0.0,1.96,1,0.0,0.0,0.1,17737,
6167,241728,-1.8,0.0,16.67,3,0.0,0.0,0.1,17737,
6168,241792,-2.5,0.0,5.88,1,0.0,0.0,0.1,17748,
6169,241792,-3.4,0.0,8.0,2,0.0,0.0,0.1,17748,
6170,241792,9.5,1.0,8.33,2,0.0,0.5,0.1,17748,
6171,241920,-2.1,0.0,27.27,3,0.0,0.0,0.1,17754,
6172,241984,-2.0,0.0,18.18,2,0.0,0.5,0.1,17756,
6173,242112,-0.8,0.0,22.22,2,0.0,0.5,0.1,17769,
6174,242112,-2.9,0.0,4.76,1,0.0,0.0,0.1,17769,
6175,242112,-2.9,0.0,22.22,4,0.0,0.25,0.1,17769,
6176,242112,-2.3,0.0,23.81,5,0.2,0.4,0.1,17769,
6177,242176,-3.5,0.0,11.76,4,0.0,0.0,0.1,17773,
6178,242240,-2.1,0.0,7.69,1,0.0,0.0,0.1,17782,
6179,242240,-2.7,0.0,11.11,2,0.0,0.0,0.1,17782,
6180,242240,-5.3,0.0,4.55,2,0.0,0.0,0.1,17782,
6181,242304,-5.3,0.0,2.22,1,0.0,0.0,0.1,17788,
6182,242496,11.7,1.0,0.0,0,,,0.1,17801,
6183,242496,-4.8,0.0,15.69,8,0.0,0.125,0.1,17801,
6184,242496,-5.2,0.0,3.92,2,0.5,0.0,0.1,17801,
6185,242560,-2.2,0.0,15.38,2,0.0,0.0,0.1,17803,
6186,242560,8.8,1.0,13.79,4,0.0,0.0,0.1,17803,
6187,242624,-5.2,0.0,7.14,3,0.0,0.0,0.1,17811,
6188,242624,-3.4,0.0,17.39,4,0.0,0.25,0.1,17811,
6189,242752,-5.0,0.0,0.0,0,,,0.1,17822,
6190,242816,9.2,1.0,11.54,3,0.0,0.6667,0.1,17824,
6191,242880,-4.3,0.0,12.2,5,0.2,0.0,0.1,17828,
6192,242880,-5.6,0.0,11.76,6,0.3333,0.3333,0.1,17828,
6193,242944,-5.5,0.0,9.8,5,0.0,0.2,0.1,17831,
6194,242944,-5.3,0.0,5.88,3,0.0,0.0,0.1,17831,
6195,243008,-2.3,0.0,14.29,2,0.0,0.0,0.1,17837,
6196,243008,-5.2,0.0,3.92,2,0.0,0.5,0.1,17837,
6197,243008,-5.9,0.0,4.0,2,0.0,0.0,0.1,17837,
6198,243072,-4.7,0.0,8.11,3,0.0,0.0,0.1,17841,
6199,243072,-5.2,0.0,3.92,2,0.0,1.0,0.1,17841,
6200,243136,-2.4,0.0,6.25,1,0.0,0.0,0.1,17849,
6201,243136,-6.6,0.0,18.0,9,0.1111,0.2222,0.1,17849,
6202,243136,-5.3,0.0,5.88,3,0.0,0.6667,0.1,17849,
6203,243136,-5.4,0.0,7.84,4,0.25,0.25,0.1,17849,
6204,243136,-3.2,0.0,4.17,1,0.0,0.0,0.1,17849,
6205,243264,-2.9,0.0,10.34,3,0.0,0.0,0.1,17861,
6206,243264,-4.4,0.0,2.78,1,0.0,0.0,0.1,17861,
6207,243264,9.2,1.0,16.0,4,0.25,0.25,0.1,17861,
6208,243264,-3.5,0.0,16.67,4,0.0,0.0,0.1,17861,
6209,243328,-2.8,0.0,6.9,2,0.0,0.0,0.1,17864,
6210,243328,-4.4,0.0,7.84,4,0.0,0.25,0.1,17864,
6211,243328,-4.1,0.0,1.96,1,0.0,0.0,0.1,17864,
6212,243392,-2.9,0.0,10.34,3,0.0,0.0,0.1,17870,
6213,243392,-5.1,0.0,1.96,1,0.0,0.0,0.1,17870,
6214,243392,-4.5,0.0,9.8,5,0.2,0.4,0.1,17870,
6215,243456,-4.4,0.0,7.84,4,0.0,0.25,0.1,17878,
6216,243520,-2.8,0.0,5.0,1,0.0,0.0,0.1,17883,
6217,243520,-5.2,0.0,3.92,2,0.0,0.0,0.1,17883,
6218,243584,-2.1,0.0,16.67,2,0.0,0.0,0.1,17885,
6219,243584,-4.0,0.0,17.86,5,0.0,0.4,0.1,17885,
6220,243712,-5.2,0.0,3.92,2,0.0,0.0,0.1,17897,
6221,243712,-1.7,0.0,11.11,1,0.0,0.0,0.1,17897,
6222,243712,-2.1,0.0,9.09,2,0.0,0.0,0.1,17897,
6223,243968,11.1,1.0,11.11,1,0.0,1.0,0.1,17914,
6224,244032,-1.8,0.0,10.0,1,0.0,0.0,0.1,17919,
6225,244032,-5.1,0.0,1.96,1,0.0,1.0,0.1,17919,
6226,244096,-5.1,0.0,1.96,1,0.0,1.0,0.1,17924,
6227,244096,-3.4,0.0,8.0,2,0.0,0.5,0.1,17924,
6228,244224,-3.4,0.0,8.0,2,0.0,0.0,0.1,17935,
6229,244224,-5.2,0.0,3.92,2,0.5,1.0,0.1,17935,
6230,244288,-5.3,0.0,5.88,3,0.0,0.3333,0.1,17939,
6231,244288,-5.1,0.0,7.32,3,0.3333,0.3333,0.1,17939,
6232,244352,-5.5,0.0,9.8,5,0.0,0.4,0.1,17941,
6233,244416,-4.5,0.0,9.8,5,0.0,0.4,0.1,17945,
6234,244416,10.9,1.0,9.09,1,0.0,0.0,0.1,17945,
6235,244480,-1.5,0.0,14.29,1,0.0,0.0,0.1,17948,
6236,244480,-5.5,0.0,9.8,5,0.4,0.2,0.1,17948,
6237,244480,-4.3,0.0,5.88,3,0.0,0.0,0.1,17948,
6238,244544,-4.5,0.0,2.7,1,0.0,0.0,0.1,17955,
6239,244544,-5.0,0.0,4.88,2,0.0,0.0,0.1,17955,
6240,244544,-5.9,0.0,8.33,4,0.0,0.25,0.1,17955,
6241,244544,-4.3,0.0,2.22,1,0.0,0.0,0.1,17955,
6242,244608,-6.0,0.0,19.61,10,0.0,0.2,0.1,17962,
6243,244608,-2.8,0.0,5.0,1,0.0,0.0,0.1,17962,
6244,244608,10.1,1.0,25.0,4,0.0,0.0,0.1,17962,
6245,244608,-5.6,0.0,11.76,6,0.3333,0.3333,0.1,17962,
6246,244672,-2.6,0.0,11.54,3,0.0,0.0,0.1,17968,
6247,244672,-3.3,0.0,4.0,1,0.0,0.0,0.1,17968,
6248,244672,-3.0,0.0,9.52,2,0.0,0.5,0.1,17968,
6249,244672,-1.9,0.0,33.33,3,0.0,0.0,0.1,17968,
6250,244736,-5.6,0.0,11.76,6,0.0,0.3333,0.1,17972,
6251,244800,-3.9,0.0,14.29,4,0.0,0.0,0.1,17980,
6252,244800,-5.5,0.0,9.8,5,0.0,0.0,0.1,17980,
6253,244864,-3.4,0.0,2.78,1,0.0,0.0,0.1,17985,
6254,244864,-5.0,0.0,0.0,0,,,0.1,17985,
6255,244928,-2.0,0.0,9.52,2,0.0,0.0,0.1,17992,
6256,244928,-2.8,0.0,10.71,3,0.0,0.0,0.1,17992,
6257,244928,-4.0,0.0,3.12,1,0.0,0.0,0.1,17992,
6258,244928,-2.2,0.0,15.38,2,0.0,0.0,0.1,17992,
6259,244992,-5.3,0.0,5.88,3,0.3333,0.0,0.1,17997,
6260,244992,-1.5,0.0,12.5,2,0.0,0.0,0.1,17997,
6261,245056,-5.1,0.0,1.96,1,0.0,0.0,0.1,18001,
6262,245056,-2.1,0.0,14.29,3,0.0,0.0,0.1,18001,
6263,245056,-5.2,0.0,3.92,2,0.0,0.5,0.1,18001,
6264,245120,-1.8,0.0,37.5,3,0.3333,0.0,0.1,18004,
6265,245120,-3.2,0.0,20.69,6,0.1667,0.5,0.1,18004,
6266,245184,-3.4,0.0,5.71,2,0.0,0.0,0.1,18012,
6267,245248,-6.1,0.0,5.88,3,0.0,0.0,0.1,18018,
6268,245248,-3.7,0.0,25.0,6,0.1667,0.0,0.1,18018,
6269,245376,-1.7,0.0,25.0,2,0.0,0.0,0.1,18025,
6270,245376,-4.4,0.0,7.84,4,0.0,0.0,0.1,18025,
6271,245376,-5.4,0.0,7.84,4,0.0,0.25,0.1,18025,
6272,245504,-4.2,0.0,3.92,2,0.0,0.5,0.1,18033,
6273,245632,-2.2,0.0,7.14,1,0.0,0.0,0.1,18042,
6274,245696,-4.9,0.0,2.44,1,0.0,0.0,0.1,18051,
6275,245760,-4.2,0.0,3.92,2,0.0,0.0,0.1,18055,
6276,245760,-4.6,0.0,11.76,6,0.0,0.1667,0.1,18055,
6277,245824,-5.1,0.0,1.96,1,1.0,0.0,0.1,18068,
6278,245824,9.5,1.0,18.18,4,0.25,0.25,0.1,18068,
6279,245888,-2.8,0.0,10.53,2,0.0,0.5,0.1,18077,
6280,245888,-5.4,0.0,2.17,1,0.0,0.0,0.1,18077,
6281,245888,-5.3,0.0,5.88,3,0.0,0.0,0.1,18077,
6282,245888,-4.8,0.0,2.5,1,0.0,0.0,0.1,18077,
6283,245952,-3.6,0.0,20.83,5,0.2,0.0,0.1,18083,
6284,246016,-5.2,0.0,3.92,2,0.0,0.5,0.1,18090,
6285,246016,-4.7,0.0,11.11,5,0.2,0.2,0.1,18090,
6286,246144,-5.2,0.0,3.92,2,0.0,0.5,0.1,18098,
6287,246208,-4.9,0.0,4.0,2,0.0,0.0,0.1,18106,
6288,246272,-4.1,0.0,9.68,3,0.0,0.3333,0.1,18114,
6289,246400,-5.1,0.0,1.96,1,0.0,0.0,0.1,18124,
6290,246400,-2.7,0.0,11.11,2,0.5,0.0,0.1,18124,
6291,246400,-5.4,0.0,7.84,4,0.25,0.0,0.1,18124,
6292,246528,-5.5,0.0,9.8,5,0.0,0.2,0.1,18131,
6293,246528,-3.4,0.0,17.39,4,0.25,0.5,0.1,18131,
6294,246528,-5.2,0.0,3.92,2,0.5,0.5,0.1,18131,
6295,246528,-4.3,0.0,5.88,3,0.0,0.3333,0.1,18131,
6296,246656,-2.0,0.0,18.18,2,0.0,0.0,0.1,18136,
6297,246656,-4.3,0.0,5.88,3,0.0,0.0,0.1,18136,
6298,246720,-3.6,0.0,3.57,1,0.0,0.0,0.1,18144,
6299,246720,-4.6,0.0,11.76,6,0.1667,0.5,0.1,18144,
6300,246784,-4.3,0.0,5.88,3,0.0,0.0,0.1,18153,
6301,246784,-2.8,0.0,16.67,3,0.0,0.0,0.1,18153,
6302,246784,-5.0,0.0,10.26,4,0.0,0.0,0.1,18153,
6303,246784,-5.2,0.0,3.92,2,0.5,0.5,0.1,18153,
6304,246848,-4.6,0.0,5.41,2,0.0,0.0,0.1,18159,
6305,246912,-4.0,0.0,6.45,2,0.5,0.0,0.1,18166,
6306,246912,-4.6,0.0,5.41,2,0.0,0.0,0.1,18166,
6307,246912,-4.2,0.0,9.38,3,0.0,0.0,0.1,18166,
6308,246912,-2.8,0.0,10.53,2,0.0,0.0,0.1,18166,
6309,246976,-2.5,0.0,5.88,1,0.0,0.0,0.1,18174,
6310,247168,-5.3,0.0,9.52,4,0.0,0.25,0.1,18188,
6311,247296,-5.6,0.0,2.08,1,0.0,0.0,0.1,18198,
6312,247296,6.2,1.0,22.92,11,0.0,0.5455,0.1,18198,
6313,247296,-5.2,0.0,3.92,2,0.5,0.5,0.1,18198,
6314,247360,-4.7,0.0,5.26,2,0.0,0.5,0.1,18204,
6315,247360,-1.2,0.0,15.38,2,0.0,0.0,0.1,18204,
6316,247360,-4.9,0.0,10.64,5,0.2,0.0,0.1,18204,
6317,247424,-5.6,0.0,8.89,4,0.25,0.0,0.1,18211,
6318,247424,-3.5,0.0,12.0,3,0.0,0.0,0.1,18211,
6319,247488,-2.3,0.0,23.81,5,0.2,0.2,0.1,18220,
6320,247488,-6.1,0.0,14.89,7,0.0,0.2857,0.1,18220,
6321,247488,-2.5,0.0,5.88,1,0.0,0.0,0.1,18220,
6322,247488,-5.6,0.0,11.36,5,0.2,0.2,0.1,18220,
6323,247488,-2.1,0.0,16.67,2,0.5,0.0,0.1,18220,
6324,247552,-2.1,0.0,7.69,1,0.0,0.0,0.1,18229,
6325,247552,-4.8,0.0,5.13,2,0.0,0.0,0.1,18229,
6326,247552,-2.6,0.0,5.56,1,0.0,0.0,0.1,18229,
6327,247616,-4.2,0.0,9.76,4,0.25,0.25,0.1,18235,
6328,247616,-4.9,0.0,7.69,3,0.0,0.3333,0.1,18235,
6329,247680,-3.2,0.0,8.7,2,0.0,0.5,0.1,18241,
6330,247680,-5.7,0.0,4.17,2,0.5,0.0,0.1,18241,
6331,247744,9.9,1.0,15.79,3,0.3333,0.3333,0.1,18246,
6332,247808,-5.4,0.0,7.84,4,0.0,0.25,0.1,18255,
6333,247808,-5.9,0.0,17.65,9,0.1111,0.2222,0.1,18255,
6334,247808,-5.6,0.0,4.26,2,0.5,0.0,0.1,18255,
6335,247808,-5.2,0.0,7.14,3,0.0,0.0,0.1,18255,
6336,247872,-5.6,0.0,11.36,5,0.2,0.0,0.1,18263,
6337,247872,-5.3,0.0,5.88,3,0.0,0.3333,0.1,18263,
6338,247872,-4.7,0.0,21.21,7,0.1429,0.2857,0.1,18263,
6339,247872,-5.6,0.0,6.52,3,0.0,0.0,0.1,18263,
6340,247872,-5.6,0.0,11.76,6,0.3333,0.5,0.1,18263,
6341,247872,8.8,1.0,3.12,1,1.0,0.0,0.1,18263,
6342,247936,7.9,1.0,5.0,2,0.5,0.5,0.1,18269,
6343,247936,-5.3,0.0,5.88,3,0.3333,0.3333,0.1,18269,
6344,247936,-5.5,0.0,9.8,5,0.0,0.2,0.1,18269,
6345,248000,-2.6,0.0,11.76,2,0.0,0.0,0.1,18271,
6346,248064,-3.2,0.0,4.17,1,0.0,0.0,0.1,18274,
6347,248064,-4.3,0.0,5.88,3,0.0,0.0,0.1,18274,
6348,248192,-1.3,0.0,20.0,1,0.0,0.0,0.1,18281,
6349,248256,-5.4,0.0,7.84,4,0.0,0.5,0.1,18289,
6350,248256,-2.5,0.0,5.88,1,0.0,0.0,0.1,18289,
6351,248256,-1.0,0.0,8.33,1,0.0,0.0,0.1,18289,
6352,248320,-3.2,0.0,4.17,1,0.0,0.0,0.1,18298,
6353,248384,-2.5,0.0,12.5,2,0.0,0.0,0.1,18309,
6354,248384,11.0,1.0,0.0,0,,,0.1,18309,
6355,248384,-3.2,0.0,12.9,4,0.25,0.25,0.1,18309,
6356,248384,-5.6,0.0,25.53,12,0.0,0.1667,0.1,18309,
6357,248448,-5.8,0.0,6.25,3,0.0,0.0,0.1,18318,
6358,248448,-5.2,0.0,3.92,2,0.5,0.5,0.1,18318,
6359,248512,-2.7,0.0,17.65,3,0.0,0.6667,0.1,18321,
6360,248512,-5.2,0.0,3.92,2,0.5,0.0,0.1,18321,
6361,248512,11.6,1.0,25.0,1,0.0,1.0,0.1,18321,
6362,248576,10.7,1.0,27.27,3,0.0,0.3333,0.1,18328,
6363,248576,-4.1,0.0,21.43,6,0.1667,0.1667,0.1,18328,
6364,248640,-2.2,0.0,15.38,2,0.0,0.0,0.1,18333,
6365,248768,-6.5,0.0,13.73,7,0.2857,0.0,0.1,18345,
6366,248832,-3.6,0.0,20.83,5,0.0,0.0,0.1,18352,
6367,248832,-5.9,0.0,18.18,8,0.125,0.125,0.1,18352,
6368,248896,-4.3,0.0,2.86,1,0.0,0.0,0.1,18358,
6369,248896,-2.2,0.0,15.38,2,0.0,0.0,0.1,18358,
6370,248960,-1.0,0.0,18.18,2,0.0,0.0,0.1,18365,
6371,249024,-2.6,0.0,5.56,1,0.0,0.0,0.1,18376,
6372,249024,-4.3,0.0,5.88,3,0.6667,0.0,0.1,18376,
6373,249024,-2.8,0.0,10.53,2,0.0,0.0,0.1,18376,
6374,249024,-1.7,0.0,5.26,1,0.0,0.0,0.1,18376,
6375,249088,-2.8,0.0,16.67,3,0.0,0.0,0.1,18383,
6376,249088,11.7,1.0,0.0,0,,,0.1,18383,
6377,249152,-4.3,0.0,5.88,3,0.0,0.3333,0.1,18390,
6378,249152,-5.2,0.0,3.92,2,0.5,0.0,0.1,18390,
6379,249152,-5.4,0.0,7.84,4,0.0,0.0,0.1,18390,
6380,249152,-3.5,0.0,7.69,2,0.5,0.0,0.1,18390,
6381,249152,-2.0,0.0,8.33,1,0.0,0.0,0.1,18390,
6382,249280,-1.2,0.0,25.0,1,0.0,0.0,0.1,18401,
6383,249280,-3.8,0.0,6.9,2,0.0,0.5,0.1,18401,
6384,249280,-2.0,0.0,8.33,1,0.0,0.0,0.1,18401,
6385,249280,-4.2,0.0,3.92,2,0.0,0.0,0.1,18401,
6386,249344,-2.0,0.0,8.33,1,0.0,0.0,0.1,18412,
6387,249344,-4.0,0.0,13.16,5,0.0,0.2,0.1,18412,
6388,249472,-2.3,0.0,6.67,1,0.0,0.0,0.1,18431,
6389,249472,-3.8,0.0,3.33,1,0.0,0.0,0.1,18431,
6390,249472,-5.3,0.0,9.52,4,0.0,0.25,0.1,18431,
6391,249472,-0.5,0.0,14.29,1,0.0,0.0,0.1,18431,
6392,249472,7.8,1.0,7.5,3,0.0,0.3333,0.1,18431,
6393,249536,-4.4,0.0,8.82,3,0.3333,0.0,0.1,18440,
6394,249536,-2.5,0.0,20.0,3,0.0,0.0,0.1,18440,
6395,249536,-6.0,0.0,19.61,10,0.0,0.2,0.1,18440,
6396,249600,-2.7,0.0,5.26,1,0.0,0.0,0.1,18451,
6397,249728,-2.7,0.0,3.45,1,0.0,0.0,0.1,18459,
6398,249728,-4.3,0.0,2.86,1,0.0,0.0,0.1,18459,
6399,249728,7.1,1.0,4.17,2,0.0,0.0,0.1,18459,
6400,249792,-3.1,0.0,14.29,3,0.0,0.0,0.1,18465,
6401,249792,-5.7,0.0,13.73,7,0.2857,0.4286,0.1,18465,
6402,249856,-2.9,0.0,3.23,1,0.0,0.0,0.1,18469,
6403,249920,-3.3,0.0,20.0,6,0.1667,0.3333,0.1,18475,
6404,249984,-3.6,0.0,5.41,2,0.0,0.0,0.1,18483,
6405,250048,-4.5,0.0,9.8,5,0.2,0.6,0.1,18490,
6406,250048,10.1,1.0,5.26,1,0.0,0.0,0.1,18490,
6407,250112,-4.9,0.0,1.96,1,0.0,0.0,0.1,18501,
6408,250112,-5.3,0.0,14.29,7,0.0,0.2857,0.1,18501,
6409,250112,-2.4,0.0,13.33,2,0.0,0.0,0.1,18501,
6410,250176,-5.3,0.0,5.88,3,0.3333,0.3333,0.1,18506,
6411,250176,11.0,1.0,0.0,0,,,0.1,18506,
6412,250176,-3.8,0.0,10.71,3,0.0,0.0,0.1,18506,
6413,250240,7.6,1.0,25.0,9,0.2222,0.2222,0.1,18511,
6414,250240,-1.7,0.0,17.65,3,0.3333,0.6667,0.1,18511,
6415,250368,-2.1,0.0,7.69,1,0.0,0.0,0.1,18524,
6416,250368,9.4,1.0,8.0,2,0.0,0.5,0.1,18524,
6417,250432,-3.2,0.0,13.64,3,0.3333,0.0,0.1,18530,
6418,250432,-2.1,0.0,20.0,4,0.25,0.25,0.1,18530,
6419,250496,-2.0,0.0,8.33,1,0.0,0.0,0.1,18535,
6420,250560,-5.1,0.0,12.82,5,0.0,0.0,0.1,18541,
6421,250560,-5.3,0.0,5.88,3,0.0,0.3333,0.1,18541,
6422,250560,-5.4,0.0,7.84,4,0.0,0.0,0.1,18541,
6423,250624,-3.6,0.0,8.33,3,0.3333,0.0,0.1,18550,
6424,250624,-1.7,0.0,17.65,3,0.0,0.0,0.1,18550,
6425,250624,-4.7,0.0,13.73,7,0.2857,0.2857,0.1,18550,
6426,250688,-4.3,0.0,4.55,2,0.0,0.0,0.1,18560,
6427,250752,-2.0,0.0,15.0,3,0.3333,0.3333,0.1,18565,
6428,250752,-5.4,0.0,27.45,14,0.1429,0.1429,0.1,18565,
6429,250752,-5.6,0.0,11.76,6,0.0,0.1667,0.1,18565,
6430,250816,-6.2,0.0,23.53,12,0.0833,0.1667,0.1,18571,
6431,250816,-2.1,0.0,7.69,1,0.0,0.0,0.1,18571,
6432,250816,-3.3,0.0,8.33,2,0.0,0.0,0.1,18571,
6433,250816,-4.5,0.0,9.8,5,0.0,0.4,0.1,18571,
6434,250880,-6.2,0.0,19.57,9,0.1111,0.1111,0.1,18577,
6435,250880,-2.6,0.0,5.56,1,0.0,0.0,0.1,18577,
6436,250880,-4.8,0.0,15.69,8,0.125,0.0,0.1,18577,
6437,250944,-5.6,0.0,11.76,6,0.0,0.6667,0.1,18586,
6438,250944,-1.9,0.0,9.09,1,0.0,0.0,0.1,18586,
6439,250944,-2.4,0.0,3.85,1,0.0,0.0,0.1,18586,
6440,251008,-2.3,0.0,6.67,1,0.0,0.0,0.1,18594,
6441,251008,-4.5,0.0,9.8,5,0.0,0.6,0.1,18594,
6442,251008,-5.4,0.0,6.82,3,0.0,0.0,0.1,18594,
6443,251072,-4.4,0.0,7.84,4,0.0,0.25,0.1,18598,
6444,251072,-2.8,0.0,14.81,4,0.25,0.0,0.1,18598,
6445,251136,8.1,1.0,14.29,5,0.2,0.2,0.1,18604,
6446,251200,-1.6,0.0,28.57,2,0.0,0.0,0.1,18611,
6447,251264,-1.7,0.0,11.11,2,0.0,0.0,0.1,18620,
6448,251264,-3.9,0.0,3.23,1,0.0,0.0,0.1,18620,
6449,251264,-5.7,0.0,16.28,7,0.1429,0.1429,0.1,18620,
6450,251328,-3.9,0.0,10.34,3,0.3333,0.0,0.1,18624,
6451,251328,-2.7,0.0,11.11,2,0.0,0.0,0.1,18624,
6452,251328,-3.6,0.0,3.57,1,0.0,0.0,0.1,18624,
6453,251456,-2.7,0.0,11.11,3,0.0,0.3333,0.1,18633,
6454,251456,-4.7,0.0,5.26,2,0.0,0.0,0.1,18633,
6455,251520,-4.7,0.0,8.11,3,0.0,0.3333,0.1,18637,
6456,251520,-5.3,0.0,5.88,3,0.0,0.0,0.1,18637,
6457,251584,-1.8,0.0,10.0,1,0.0,0.0,0.1,18648,
6458,251584,-2.4,0.0,13.33,2,0.0,0.0,0.1,18648,
6459,251584,-3.0,0.0,21.05,4,0.0,0.0,0.1,18648,
6460,251584,-4.4,0.0,20.51,8,0.0,0.0,0.1,18648,
6461,251648,-2.0,0.0,18.18,2,0.5,0.5,0.1,18653,
6462,251648,-5.5,0.0,9.8,5,0.0,0.0,0.1,18653,
6463,251712,-4.4,0.0,7.84,4,0.25,0.25,0.1,18664,
6464,251712,-3.1,0.0,3.03,1,0.0,0.0,0.1,18664,
6465,251776,9.3,1.0,12.0,3,0.0,0.3333,0.1,18669,
6466,251776,-1.8,0.0,5.0,1,0.0,0.0,0.1,18669,
6467,251840,-3.8,0.0,10.81,4,0.25,0.25,0.1,18675,
6468,251904,-5.9,0.0,13.04,6,0.0,0.0,0.1,18682,
6469,251904,-4.2,0.0,9.38,3,0.0,0.0,0.1,18682,
6470,251904,-5.6,0.0,11.76,6,0.0,0.3333,0.1,18682,
6471,251968,-2.9,0.0,4.76,1,0.0,0.0,0.1,18691,
6472,251968,-1.8,0.0,10.0,1,0.0,0.0,0.1,18691,
6473,252032,-2.8,0.0,10.53,2,0.0,0.0,0.1,18701,
6474,252096,-1.6,0.0,5.56,1,0.0,0.0,0.1,18709,
6475,252160,-1.2,0.0,7.14,1,0.0,0.0,0.1,18718,
6476,252160,-4.9,0.0,17.65,9,0.0,0.4444,0.1,18718,
6477,252288,-2.1,0.0,16.67,2,0.0,0.0,0.1,18737,
6478,252352,-4.3,0.0,5.88,3,0.3333,0.3333,0.1,18748,
6479,252352,-3.7,0.0,7.14,2,0.0,0.0,0.1,18748,
6480,252416,-2.7,0.0,3.45,1,0.0,0.0,0.1,18755,
6481,252416,-4.5,0.0,9.8,5,0.0,0.4,0.1,18755,
6482,252416,-1.2,0.0,15.38,2,0.0,0.0,0.1,18755,
6483,252544,-2.5,0.0,3.7,1,0.0,0.0,0.1,18763,
6484,252544,-5.8,0.0,15.69,8,0.25,0.625,0.1,18763,
6485,252608,-4.6,0.0,11.76,6,0.0,0.1667,0.1,18768,
6486,252672,-2.0,0.0,8.33,1,0.0,0.0,0.1,18773,
6487,252672,8.6,1.0,12.9,4,0.0,0.25,0.1,18773,
6488,252736,-2.6,0.0,18.75,3,0.0,0.3333,0.1,18779,
6489,252736,-5.1,0.0,1.96,1,0.0,1.0,0.1,18779,
6490,252864,-4.1,0.0,2.33,1,0.0,0.0,0.1,18790,
6491,252928,-2.0,0.0,8.33,1,0.0,0.0,0.1,18797,
6492,252992,-0.5,0.0,14.29,1,0.0,0.0,0.1,18806,
6493,252992,-1.4,0.0,16.67,1,0.0,0.0,0.1,18806,
6494,252992,-3.6,0.0,11.54,3,0.0,0.3333,0.1,18806,
6495,253056,-2.0,0.0,4.55,1,0.0,0.0,0.1,18813,
6496,253056,-1.9,0.0,9.09,1,0.0,0.0,0.1,18813,
6497,253056,-5.9,0.0,17.65,9,0.1111,0.7778,0.1,18813,
6498,253056,-6.0,0.0,3.92,2,0.0,0.0,0.1,18813,
6499,253120,11.8,1.0,0.0,0,,,0.1,18817,
6500,253120,-3.1,0.0,6.25,2,0.0,0.0,0.1,18817,
6501,253120,-5.5,0.0,11.63,5,0.0,0.0,0.1,18817,
6502,253184,-4.8,0.0,15.69,8,0.0,0.5,0.1,18823,
6503,253248,-3.3,0.0,12.5,4,0.0,0.0,0.1,18831,
6504,253312,-5.0,0.0,19.61,10,0.2,0.2,0.1,18831,
6505,253376,-5.0,0.0,22.86,8,0.0,0.125,0.1,18836,
6506,253376,-5.2,0.0,3.92,2,0.5,0.0,0.1,18836,
6507,253440,-5.2,0.0,3.92,2,0.0,0.5,0.1,18841,
6508,253440,-3.3,0.0,13.04,3,0.0,0.0,0.1,18841,
6509,253504,-5.6,0.0,11.76,6,0.0,0.1667,0.1,18846,
6510,253632,-3.2,0.0,8.7,2,0.0,0.0,0.1,18863,
6511,253632,-1.6,0.0,12.5,1,0.0,0.0,0.1,18863,
6512,253696,-5.2,0.0,3.92,2,0.0,0.5,0.1,18868,
6513,253696,-4.7,0.0,13.73,7,0.1429,0.1429,0.1,18868,
6514,253824,-4.8,0.0,10.81,4,0.0,0.5,0.1,18879,
6515,253824,-4.4,0.0,7.84,4,0.0,0.5,0.1,18879,
6516,253824,-1.3,0.0,20.0,1,0.0,0.0,0.1,18879,
6517,253888,9.1,1.0,20.0,5,0.0,0.4,0.1,18885,
6518,253888,-4.9,0.0,16.67,6,0.1667,0.3333,0.1,18885,
6519,253888,-4.2,0.0,3.92,2,0.0,0.5,0.1,18885,
6520,254016,-5.6,0.0,11.76,6,0.0,0.3333,0.1,18889,
6521,254016,-4.6,0.0,11.76,6,0.5,0.3333,0.1,18889,
6522,254016,-4.6,0.0,4.26,2,0.5,0.5,0.1,18889,
6523,254080,-1.5,0.0,12.5,2,0.0,0.5,0.1,18899,
6524,254080,-5.0,0.0,10.26,4,0.0,0.0,0.1,18899,
6525,254080,-6.1,0.0,21.57,11,0.0909,0.2727,0.1,18899,
6526,254080,-3.4,0.0,3.85,1,0.0,0.0,0.1,18899,
6527,254080,-4.0,0.0,3.12,1,0.0,0.0,0.1,18899,
6528,254080,-5.3,0.0,25.49,13,0.2308,0.0769,0.1,18899,
6529,254080,-5.5,0.0,11.63,5,0.0,0.2,0.1,18899,
6530,254144,-5.7,0.0,13.73,7,0.0,0.2857,0.1,18907,
6531,254144,-5.1,0.0,1.96,1,0.0,0.0,0.1,18907,
6532,254144,-2.6,0.0,5.56,1,0.0,0.0,0.1,18907,
6533,254144,-4.0,0.0,3.12,1,0.0,0.0,0.1,18907,
6534,254144,-5.7,0.0,13.73,7,0.0,0.1429,0.1,18907,
6535,254272,-4.0,0.0,13.79,4,0.0,0.25,0.1,18918,
6536,254272,-4.8,0.0,5.13,2,0.0,0.5,0.1,18918,
6537,254272,-5.2,0.0,3.92,2,0.0,0.5,0.1,18918,
6538,254272,-3.5,0.0,2.7,1,0.0,0.0,0.1,18918,
6539,254272,-5.6,0.0,11.76,6,0.0,0.1667,0.1,18918,
6540,254272,-3.3,0.0,4.0,1,0.0,0.0,0.1,18918,
6541,254336,-5.3,0.0,5.88,3,0.0,0.0,0.1,18926,
6542,254336,-1.2,0.0,25.0,1,0.0,0.0,0.1,18926,
6543,254464,-1.8,0.0,10.0,1,0.0,0.0,0.1,18939,
6544,254464,-5.1,0.0,7.32,3,0.0,0.0,0.1,18939,
6545,254528,-5.1,0.0,1.96,1,0.0,0.0,0.1,18945,
6546,254528,-3.1,0.0,4.35,1,0.0,0.0,0.1,18945,
6547,254528,-0.5,0.0,14.29,1,0.0,0.0,0.1,18945,
6548,254528,-5.8,0.0,15.69,8,0.0,0.125,0.1,18945,
6549,254592,-4.2,0.0,2.94,1,0.0,0.0,0.1,18955,
6550,254592,-1.3,0.0,20.0,1,0.0,0.0,0.1,18955,
6551,254592,-1.3,0.0,20.0,1,0.0,0.0,0.1,18955,
6552,254592,-4.1,0.0,13.33,4,0.0,0.0,0.1,18955,
6553,254656,-3.4,0.0,12.5,3,0.0,0.6667,0.1,18962,
6554,254720,-5.0,0.0,19.61,10,0.1,0.3,0.1,18969,
6555,254784,-5.3,0.0,5.88,3,0.0,0.3333,0.1,18973,
6556,254848,6.2,1.0,18.0,9,0.1111,0.2222,0.1,18977,
6557,254848,-2.4,0.0,8.0,2,0.5,0.5,0.1,18977,
6558,254848,-4.6,0.0,11.76,6,0.5,0.1667,0.1,18977,
6559,254976,-5.1,0.0,1.96,1,0.0,1.0,0.1,18988,
6560,254976,-4.0,0.0,6.45,2,0.0,0.0,0.1,18988,
6561,254976,-2.2,0.0,7.14,1,0.0,0.0,0.1,18988,
6562,255040,-1.4,0.0,40.0,2,0.5,0.0,0.1,18995,
6563,255040,-4.7,0.0,13.73,7,0.0,0.4286,0.1,18995,
6564,255104,-2.4,0.0,13.33,2,0.0,0.0,0.1,19005,
6565,255104,-3.8,0.0,14.81,4,0.0,0.25,0.1,19005,
6566,255104,11.0,1.0,10.0,1,0.0,0.0,0.1,19005,
6567,255104,-3.5,0.0,2.7,1,0.0,0.0,0.1,19005,
6568,255168,-5.2,0.0,3.92,2,0.0,0.0,0.1,19010,
6569,255232,-4.7,0.0,13.73,7,0.1429,0.0,0.1,19015,
6570,255232,-2.7,0.0,5.26,1,0.0,0.0,0.1,19015,
6571,255296,-3.8,0.0,6.9,2,0.0,0.0,0.1,19020,
6572,255360,-2.2,0.0,15.38,2,0.0,0.0,0.1,19024,
6573,255360,8.7,1.0,13.33,4,0.25,0.25,0.1,19024,
6574,255424,-4.6,0.0,5.41,2,0.0,0.5,0.1,19033,
6575,255552,-2.8,0.0,5.0,1,0.0,0.0,0.1,19043,
6576,255616,-1.9,0.0,20.0,2,0.0,0.0,0.1,19052,
6577,255616,-3.6,0.0,16.0,4,0.0,0.25,0.1,19052,
6578,255616,-4.5,0.0,9.8,5,0.0,0.2,0.1,19052,
6579,255616,-3.1,0.0,4.35,1,0.0,0.0,0.1,19052,
6580,255680,-0.9,0.0,33.33,3,0.3333,0.3333,0.1,19055,
6581,255680,-3.2,0.0,12.9,4,0.25,0.25,0.1,19055,
6582,255744,-5.4,0.0,9.3,4,0.0,0.25,0.1,19061,
6583,255744,10.9,1.0,0.0,0,,,0.1,19061,
6584,255744,-3.2,0.0,8.7,2,0.0,0.0,0.1,19061,
6585,255744,-3.1,0.0,4.35,1,0.0,0.0,0.1,19061,
6586,255808,-4.7,0.0,13.73,7,0.0,0.1429,0.1,19064,
6587,255872,-3.7,0.0,11.11,3,0.3333,0.3333,0.1,19069,
6588,255936,-3.7,0.0,7.14,2,0.0,0.0,0.1,19073,
6589,256000,-3.6,0.0,5.41,2,0.0,0.5,0.1,19077,
6590,256000,-4.3,0.0,5.88,3,0.0,0.3333,0.1,19077,
6591,256064,-4.0,0.0,10.0,3,0.0,0.0,0.1,19082,
6592,256064,-5.0,0.0,13.16,5,0.0,0.2,0.1,19082,
6593,256064,-3.6,0.0,7.41,2,0.0,0.5,0.1,19082,
6594,256128,-3.5,0.0,16.67,4,0.0,0.25,0.1,19087,
6595,256128,-2.1,0.0,4.35,1,0.0,0.0,0.1,19087,
6596,256128,-5.2,0.0,3.92,2,0.0,0.0,0.1,19087,
6597,256192,-4.4,0.0,2.78,1,0.0,0.0,0.1,19096,
6598,256192,-3.4,0.0,3.85,1,0.0,0.0,0.1,19096,
6599,256320,-2.4,0.0,13.33,2,0.0,0.0,0.1,19102,
6600,256320,-2.8,0.0,10.53,2,0.0,0.0,0.1,19102,
6601,256320,-4.7,0.0,13.73,7,0.1429,0.1429,0.1,19102,
6602,256384,-5.2,0.0,3.92,2,0.0,0.5,0.1,19109,
6603,256448,-5.5,0.0,9.8,5,0.0,0.0,0.1,19115,
6604,256448,-2.1,0.0,7.69,1,0.0,0.0,0.1,19115,
6605,256448,-4.8,0.0,6.25,3,0.3333,0.3333,0.1,19115,
6606,256448,-2.8,0.0,6.9,2,0.0,0.0,0.1,19115,
6607,256576,-5.6,0.0,11.76,6,0.0,0.1667,0.1,19125,
6608,256576,-2.1,0.0,7.69,1,0.0,0.0,0.1,19125,
6609,256640,-5.5,0.0,9.09,4,0.25,0.25,0.1,19133,
6610,256704,-2.4,0.0,13.33,2,0.0,0.0,0.1,19141,
6611,256704,8.1,1.0,8.11,3,0.0,0.3333,0.1,19141,
6612,256704,-2.0,0.0,18.18,2,0.5,0.0,0.1,19141,
6613,256832,-2.6,0.0,5.56,1,0.0,0.0,0.1,19155,
6614,256832,-1.6,0.0,12.5,1,0.0,0.0,0.1,19155,
6615,256896,-3.4,0.0,3.85,1,0.0,0.0,0.1,19163,
6616,256960,-4.2,0.0,3.92,2,0.0,0.5,0.1,19169,
6617,256960,-5.6,0.0,6.52,3,0.3333,0.0,0.1,19169,
6618,257024,-6.3,0.0,12.0,6,0.1667,0.1667,0.1,19178,
6619,257024,-1.7,0.0,11.11,2,0.0,0.0,0.1,19178,
6620,257024,-3.3,0.0,13.04,3,0.0,0.3333,0.1,19178,
6621,257088,-3.0,0.0,4.55,1,0.0,0.0,0.1,19188,
6622,257088,-2.9,0.0,4.76,1,0.0,0.0,0.1,19188,
6623,257152,-3.1,0.0,9.09,2,0.0,0.0,0.1,19198,
6624,257152,-5.6,0.0,11.76,6,0.0,0.3333,0.1,19198,
6625,257152,-4.6,0.0,11.76,6,0.1667,0.3333,0.1,19198,
6626,257152,-4.4,0.0,2.78,1,0.0,0.0,0.1,19198,
6627,257216,-6.2,0.0,12.24,6,0.0,0.3333,0.1,19207,
6628,257216,-5.4,0.0,14.63,6,0.3333,0.1667,0.1,19207,
6629,257216,-2.4,0.0,6.25,1,0.0,0.0,0.1,19207,
6630,257280,-5.0,0.0,6.0,3,0.0,0.6667,0.1,19211,
6631,257344,-5.7,0.0,11.11,5,0.2,0.2,0.1,19219,
6632,257344,-4.5,0.0,9.8,5,0.0,0.2,0.1,19219,
6633,257344,-6.3,0.0,9.8,5,0.0,0.0,0.1,19219,
6634,257408,-2.6,0.0,26.09,6,0.3333,0.5,0.1,19224,
6635,257472,-2.7,0.0,11.11,2,0.0,0.0,0.1,19231,
6636,257536,-6.2,0.0,23.53,12,0.0,0.0833,0.1,19235,
6637,257536,-3.6,0.0,8.33,3,0.0,0.3333,0.1,19235,
6638,257536,-1.4,0.0,16.67,1,0.0,0.0,0.1,19235,
6639,257600,10.5,1.0,33.33,4,0.0,0.25,0.1,19241,
6640,257600,10.4,1.0,13.33,2,0.0,0.5,0.1,19241,
6641,257600,-3.3,0.0,4.0,1,0.0,0.0,0.1,19241,
6642,257664,-5.4,0.0,18.75,9,0.1111,0.3333,0.1,19251,
6643,257664,-4.7,0.0,11.11,4,0.0,0.25,0.1,19251,
6644,257664,-4.9,0.0,5.0,2,0.0,0.0,0.1,19251,
6645,257792,-5.3,0.0,5.88,3,0.0,0.3333,0.1,19259,
6646,257792,-4.6,0.0,11.76,6,0.1667,0.3333,0.1,19259,
6647,257792,-1.1,0.0,7.69,1,0.0,0.0,0.1,19259,
6648,257856,-3.4,0.0,5.71,2,0.0,0.0,0.1,19267,
6649,257856,11.2,1.0,12.5,1,0.0,0.0,0.1,19267,
6650,257920,-1.5,0.0,14.29,1,0.0,0.0,0.1,19275,
6651,257920,-1.8,0.0,22.22,2,0.0,0.0,0.1,19275,
6652,257920,-5.6,0.0,11.36,5,0.2,0.0,0.1,19275,
6653,257984,-4.1,0.0,17.24,5,0.0,0.2,0.1,19286,
6654,257984,-3.8,0.0,10.71,3,0.3333,0.3333,0.1,19286,
6655,258048,-2.2,0.0,7.14,1,0.0,0.0,0.1,19290,
6656,258048,-5.5,0.0,16.0,8,0.0,0.125,0.1,19290,
6657,258048,-5.9,0.0,17.65,9,0.1111,0.2222,0.1,19290,
6658,258112,-4.4,0.0,7.84,4,0.0,0.0,0.1,19295,
6659,258176,-5.4,0.0,9.3,4,0.0,0.0,0.1,19302,
6660,258176,-3.3,0.0,4.0,1,0.0,0.0,0.1,19302,
6661,258240,-4.2,0.0,16.67,5,0.0,0.2,0.1,19304,
6662,258240,-5.7,0.0,13.73,7,0.1429,0.1429,0.1,19304,
6663,258304,-4.9,0.0,10.64,5,0.2,0.0,0.1,19310,
6664,258304,-2.5,0.0,5.88,1,0.0,0.0,0.1,19310,
6665,258304,-5.1,0.0,1.96,1,0.0,0.0,0.1,19310,
6666,258304,-4.3,0.0,5.88,3,0.3333,0.0,0.1,19310,
6667,258368,-2.6,0.0,5.56,1,0.0,0.0,0.1,19316,
6668,258432,9.8,1.0,15.0,3,0.3333,0.0,0.1,19323,
6669,258432,-5.1,0.0,1.96,1,1.0,0.0,0.1,19323,
6670,258496,-2.1,0.0,4.35,1,0.0,0.0,0.1,19328,
6671,258496,-3.5,0.0,7.69,2,0.5,0.0,0.1,19328,
6672,258624,-2.7,0.0,5.26,1,0.0,0.0,0.1,19338,
6673,258624,-4.8,0.0,5.13,2,0.0,0.5,0.1,19338,
6674,258624,-1.7,0.0,11.11,1,0.0,0.0,0.1,19338,
6675,258688,-1.5,0.0,12.5,2,0.0,0.0,0.1,19343,
6676,258688,-5.1,0.0,7.32,3,0.0,0.3333,0.1,19343,
6677,258688,8.0,1.0,13.89,5,0.2,0.6,0.1,19343,
6678,258688,-2.2,0.0,15.38,2,0.5,0.0,0.1,19343,
6679,258752,-0.8,0.0,10.0,1,0.0,0.0,0.1,19350,
6680,258752,-4.0,0.0,3.12,1,0.0,0.0,0.1,19350,
6681,258880,-5.7,0.0,13.73,7,0.1429,0.4286,0.1,19362,
6682,258880,-1.6,0.0,18.75,3,0.0,0.0,0.1,19362,
6683,258880,-5.5,0.0,9.8,5,0.2,0.8,0.1,19362,
6684,259008,-5.5,0.0,6.67,3,0.0,0.6667,0.1,19373,
6685,259008,-3.5,0.0,21.74,5,0.0,0.4,0.1,19373,
6686,259072,-4.4,0.0,7.84,4,0.0,0.5,0.1,19378,
6687,259136,-2.0,0.0,21.05,4,0.0,0.25,0.1,19383,
6688,259200,-2.7,0.0,5.26,1,0.0,0.0,0.1,19388,
6689,259264,-1.5,0.0,20.0,3,0.0,0.0,0.1,19393,
6690,259328,-5.6,0.0,11.76,6,0.5,0.0,0.1,19398,
6691,259328,-4.5,0.0,5.56,2,0.0,0.0,0.1,19398,
6692,259328,-4.4,0.0,7.84,4,0.25,0.25,0.1,19398,
6693,259392,-2.9,0.0,4.76,1,0.0,0.0,0.1,19408,
6694,259392,-3.3,0.0,13.04,3,0.3333,0.3333,0.1,19408,
6695,259392,-3.4,0.0,8.0,2,0.0,0.0,0.1,19408,
6696,259392,11.7,1.0,0.0,0,,,0.1,19408,
6697,259392,-3.8,0.0,7.89,3,0.0,0.3333,0.1,19408,
6698,259456,-3.4,0.0,3.85,1,0.0,0.0,0.1,19413,
6699,259456,-2.7,0.0,11.11,2,0.0,0.5,0.1,19413,
6700,259520,-2.9,0.0,4.76,1,0.0,0.0,0.1,19420,
6701,259520,6.7,1.0,12.5,6,0.1667,0.1667,0.1,19420,
6702,259520,-1.8,0.0,10.0,1,0.0,0.0,0.1,19420,
6703,259520,-4.6,0.0,2.63,1,0.0,0.0,0.1,19420,
6704,259584,-4.4,0.0,11.9,5,0.0,0.0,0.1,19429,
6705,259648,-2.7,0.0,11.11,2,0.0,0.0,0.1,19439,
6706,259648,-2.2,0.0,7.14,1,0.0,0.0,0.1,19439,
6707,259648,-3.0,0.0,4.55,1,0.0,0.0,0.1,19439,
6708,259712,-3.2,0.0,6.06,2,0.0,0.0,0.1,19444,
6709,259712,8.8,1.0,10.0,3,0.0,0.3333,0.1,19444,
6710,259712,-5.6,0.0,11.76,6,0.0,0.5,0.1,19444,
6711,259712,-5.1,0.0,1.96,1,0.0,0.0,0.1,19444,
6712,259712,-4.5,0.0,9.8,5,0.2,0.4,0.1,19444,
6713,259776,-2.0,0.0,8.33,1,0.0,0.0,0.1,19450,
6714,259776,-4.4,0.0,5.71,2,0.5,0.5,0.1,19450,
6715,259840,-4.2,0.0,3.92,2,0.0,0.0,0.1,19452,
6716,259840,-2.6,0.0,5.56,1,0.0,0.0,0.1,19452,
6717,259904,-1.7,0.0,11.11,1,0.0,0.0,0.1,19459,
6718,259904,-3.9,0.0,16.67,6,0.0,0.3333,0.1,19459,
6719,259968,-1.5,0.0,14.29,1,0.0,0.0,0.1,19465,
6720,259968,-5.7,0.0,13.73,7,0.2857,0.2857,0.1,19465,
6721,259968,-5.7,0.0,13.73,7,0.0,0.0,0.1,19465,
6722,260032,-3.0,0.0,4.55,1,0.0,0.0,0.1,19467,
6723,260032,-3.6,0.0,5.41,2,0.0,0.0,0.1,19467,
6724,260160,-6.3,0.0,14.29,7,0.1429,0.1429,0.1,19484,
6725,260160,-1.0,0.0,8.33,1,0.0,0.0,0.1,19484,
6726,260224,-1.6,0.0,12.5,1,0.0,0.0,0.1,19490,
6727,260288,-1.5,0.0,12.5,2,0.0,0.0,0.1,19502,
6728,260288,-2.1,0.0,16.67,2,0.0,0.0,0.1,19502,
6729,260288,-2.1,0.0,27.27,3,0.0,0.0,0.1,19502,
6730,260352,-4.6,0.0,11.76,6,0.1667,0.3333,0.1,19509,
6731,260352,-4.0,0.0,10.0,3,0.0,0.0,0.1,19509,
6732,260352,11.6,1.0,0.0,0,,,0.1,19509,
6733,260416,-5.3,0.0,5.88,3,0.0,0.0,0.1,19517,
6734,260416,-2.9,0.0,3.23,1,0.0,0.0,0.1,19517,
6735,260480,-5.5,0.0,9.8,5,0.0,0.2,0.1,19524,
6736,260480,-2.5,0.0,5.88,1,0.0,0.0,0.1,19524,
6737,260544,-5.1,0.0,21.57,11,0.1818,0.0909,0.1,19530,
6738,260608,-5.3,0.0,5.88,3,0.0,0.6667,0.1,19537,
6739,260736,-1.1,0.0,7.69,1,0.0,0.0,0.1,19550,
6740,260736,-2.6,0.0,11.76,2,0.0,0.0,0.1,19550,
6741,260736,10.2,1.0,18.75,3,0.0,0.3333,0.1,19550,
6742,260800,-3.2,0.0,8.7,2,0.0,0.0,0.1,19553,
6743,260800,-5.2,0.0,3.92,2,0.5,0.0,0.1,19553,
6744,260864,-3.1,0.0,14.29,3,0.3333,0.0,0.1,19560,
6745,260864,-4.8,0.0,15.69,8,0.25,0.0,0.1,19560,
6746,260928,-4.2,0.0,3.92,2,0.0,0.0,0.1,19569,
6747,260928,-1.8,0.0,22.22,2,0.0,0.5,0.1,19569,
6748,260992,-3.9,0.0,3.23,1,0.0,0.0,0.1,19573,
6749,260992,-3.8,0.0,13.89,5,0.4,0.2,0.1,19573,
6750,261120,-3.3,0.0,18.18,4,0.0,0.25,0.1,19583,
6751,261184,-5.8,0.0,15.69,8,0.125,0.25,0.1,19591,
6752,261248,-4.1,0.0,1.96,1,0.0,1.0,0.1,19602,
6753,261248,7.9,1.0,13.51,5,0.0,0.4,0.1,19602,
6754,261248,-5.4,0.0,4.44,2,0.0,0.0,0.1,19602,
6755,261248,-3.6,0.0,3.57,1,0.0,0.0,0.1,19602,
6756,261312,-3.6,0.0,16.0,4,0.0,0.0,0.1,19612,
6757,261312,-3.6,0.0,3.57,1,0.0,0.0,0.1,19612,
6758,261312,-5.3,0.0,5.88,3,0.3333,0.0,0.1,19612,
6759,261376,-3.2,0.0,4.17,1,0.0,0.0,0.1,19619,
6760,261440,-4.1,0.0,6.25,2,0.5,0.5,0.1,19629,
6761,261440,-6.6,0.0,15.69,8,0.125,0.125,0.1,19629,
6762,261504,-2.2,0.0,25.0,3,0.0,0.0,0.1,19632,
6763,261504,-5.4,0.0,7.84,4,0.0,0.5,0.1,19632,
6764,261568,-6.0,0.0,19.61,10,0.2,0.2,0.1,19639,
6765,261568,-5.3,0.0,5.88,3,0.0,0.3333,0.1,19639,
6766,261760,-4.7,0.0,13.73,7,0.2857,0.2857,0.1,19650,
6767,261888,-5.1,0.0,1.96,1,0.0,0.0,0.1,19662,
6768,261888,-5.5,0.0,9.8,5,0.0,0.0,0.1,19662,
6769,261888,-4.7,0.0,5.26,2,0.0,0.5,0.1,19662,
6770,261952,-4.2,0.0,3.92,2,0.0,0.5,0.1,19666,
6771,261952,-4.1,0.0,10.0,4,0.0,0.0,0.1,19666,
6772,261952,7.8,1.0,22.86,8,0.125,0.25,0.1,19666,
6773,261952,-2.2,0.0,19.05,4,0.0,0.25,0.1,19666,
6774,261952,-5.4,0.0,7.84,4,0.25,0.0,0.1,19666,
6775,262016,-3.4,0.0,12.5,3,0.0,0.0,0.1,19673,
6776,262016,-2.9,0.0,15.79,3,0.0,0.3333,0.1,19673,
6777,262016,-2.0,0.0,18.18,2,0.0,0.0,0.1,19673,
6778,262016,-4.5,0.0,9.8,5,0.4,0.0,0.1,19673,
6779,262080,8.5,1.0,9.09,3,0.0,0.3333,0.1,19676,
6780,262080,-3.1,0.0,6.25,2,0.5,0.0,0.1,19676,
6781,262080,-2.6,0.0,5.56,1,0.0,0.0,0.1,19676,
6782,262144,-4.6,0.0,11.76,6,0.1667,0.1667,0.1,19683,
6783,262144,-3.4,0.0,35.0,7,0.1429,0.1429,0.1,19683,
6784,262272,-3.5,0.0,16.67,4,0.0,0.0,0.1,19697,
6785,262272,-3.7,0.0,11.11,3,0.0,0.0,0.1,19697,
6786,262336,-3.1,0.0,9.09,2,0.0,0.0,0.1,19705,
6787,262336,-4.4,0.0,7.84,4,0.0,0.25,0.1,19705,
6788,262336,-5.5,0.0,18.37,9,0.1111,0.4444,0.1,19705,
6789,262336,11.6,1.0,25.0,1,0.0,0.0,0.1,19705,
6790,262336,-3.0,0.0,9.52,2,0.0,0.0,0.1,19705,
6791,262400,-2.4,0.0,8.0,2,0.0,0.0,0.1,19709,
6792,262400,-1.5,0.0,14.29,1,0.0,0.0,0.1,19709,
6793,262464,-5.9,0.0,6.12,3,0.3333,0.0,0.1,19712,
6794,262528,-3.3,0.0,18.18,4,0.0,0.0,0.1,19718,
6795,262528,-5.0,0.0,7.5,3,0.0,0.0,0.1,19718,
6796,262528,11.4,1.0,0.0,0,,,0.1,19718,
6797,262592,-1.8,0.0,10.0,1,0.0,0.0,0.1,19725,
6798,262592,11.2,1.0,0.0,0,,,0.1,19725,
6799,262656,-3.6,0.0,11.54,3,0.0,0.3333,0.1,19730,
6800,262656,-4.6,0.0,11.76,6,0.0,0.3333,0.1,19730,
6801,262720,-2.2,0.0,15.38,2,0.0,0.0,0.1,19734,
6802,262720,-2.9,0.0,10.0,2,0.0,0.5,0.1,19734,
6803,262784,-2.6,0.0,35.71,5,0.2,0.0,0.1,19741,
6804,262848,-2.4,0.0,8.0,2,0.0,0.0,0.1,19744,
6805,262912,-1.8,0.0,10.0,1,0.0,0.0,0.1,19748,
6806,262912,-4.6,0.0,11.76,6,0.1667,0.5,0.1,19748,
6807,262912,-5.2,0.0,3.92,2,0.0,0.5,0.1,19748,
6808,263040,-6.0,0.0,3.92,2,0.0,0.0,0.1,19760,
6809,263040,-5.5,0.0,9.8,5,0.2,0.4,0.1,19760,
6810,263040,-1.3,0.0,14.29,2,0.5,0.0,0.1,19760,
6811,263040,-2.4,0.0,6.25,1,0.0,0.0,0.1,19760,
6812,263104,-2.8,0.0,16.67,3,0.3333,0.0,0.1,19764,
6813,263104,-4.1,0.0,1.96,1,0.0,0.0,0.1,19764,
6814,263168,7.9,1.0,10.53,4,0.25,0.25,0.1,19769,
6815,263168,-5.4,0.0,4.44,2,0.0,0.0,0.1,19769,
6816,263168,-5.4,0.0,7.84,4,0.0,0.25,0.1,19769,
6817,263232,-2.8,0.0,5.0,1,0.0,0.0,0.1,19780,
6818,263232,-0.5,0.0,14.29,1,0.0,0.0,0.1,19780,
6819,263232,-6.0,0.0,10.42,5,0.0,0.4,0.1,19780,
6820,263232,-4.8,0.0,15.69,8,0.0,0.5,0.1,19780,
6821,263296,-4.6,0.0,8.89,4,0.25,0.25,0.1,19788,
6822,263360,-4.2,0.0,6.06,2,0.5,0.5,0.1,19791,
6823,263360,-5.7,0.0,4.17,2,0.0,0.0,0.1,19791,
6824,263424,-5.4,0.0,7.84,4,0.0,0.0,0.1,19797,
6825,263424,10.7,1.0,7.69,1,0.0,0.0,0.1,19797,
6826,263424,-3.2,0.0,6.06,2,0.0,0.0,0.1,19797,
6827,263424,-1.3,0.0,20.0,1,0.0,0.0,0.1,19797,
6828,263488,-5.6,0.0,11.76,6,0.0,0.0,0.1,19804,
6829,263488,-4.4,0.0,5.71,2,0.0,0.0,0.1,19804,
6830,263552,-6.1,0.0,8.0,4,0.0,0.0,0.1,19812,
6831,263552,-2.7,0.0,11.11,2,0.5,0.0,0.1,19812,
6832,263552,-6.5,0.0,13.73,7,0.1429,0.5714,0.1,19812,
6833,263552,-1.7,0.0,25.0,2,0.0,0.0,0.1,19812,
6834,263616,-1.6,0.0,11.76,2,0.0,0.0,0.1,19820,
6835,263616,-4.6,0.0,11.76,6,0.1667,0.1667,0.1,19820,
6836,263680,-5.5,0.0,9.09,4,0.0,0.0,0.1,19828,
6837,263680,-5.4,0.0,7.84,4,0.25,0.0,0.1,19828,
6838,263744,-2.4,0.0,6.25,1,0.0,0.0,0.1,19836,
6839,263744,-3.1,0.0,9.09,2,0.0,0.5,0.1,19836,
6840,263744,-4.4,0.0,7.84,4,0.25,0.25,0.1,19836,
6841,263744,-0.6,0.0,12.5,1,0.0,0.0,0.1,19836,
6842,263808,-3.2,0.0,8.7,2,0.0,0.0,0.1,19842,
6843,263872,-1.9,0.0,4.76,1,0.0,0.0,0.1,19846,
6844,263936,-2.0,0.0,30.0,3,0.0,0.3333,0.1,19853,
6845,263936,-1.8,0.0,22.22,2,0.0,0.0,0.1,19853,
6846,264000,-4.0,0.0,2.38,1,0.0,0.0,0.1,19859,
6847,264000,-2.5,0.0,5.88,1,0.0,0.0,0.1,19859,
6848,264064,-3.0,0.0,4.55,1,0.0,0.0,0.1,19866,
6849,264064,-1.8,0.0,10.0,1,0.0,0.0,0.1,19866,
6850,264064,-5.4,0.0,4.44,2,0.0,0.0,0.1,19866,
6851,264128,-4.2,0.0,2.94,1,0.0,0.0,0.1,19870,
6852,264192,-3.5,0.0,5.56,2,0.0,0.0,0.1,19878,
6853,264192,-0.5,0.0,14.29,1,0.0,0.0,0.1,19878,
6854,264192,-2.8,0.0,6.9,2,0.0,0.0,0.1,19878,
6855,264320,-4.6,0.0,8.33,3,0.0,0.3333,0.1,19889,
6856,264384,-2.3,0.0,6.67,1,0.0,0.0,0.1,19895,
6857,264384,-2.0,0.0,18.18,2,0.0,0.5,0.1,19895,
6858,264384,-2.7,0.0,11.11,2,0.0,0.0,0.1,19895,
6859,264448,-3.8,0.0,7.89,3,0.0,0.0,0.1,19900,
6860,264448,-5.4,0.0,4.44,2,0.5,0.0,0.1,19900,
6861,264512,-4.4,0.0,8.82,3,0.0,0.0,0.1,19905,
6862,264512,-5.0,0.0,0.0,0,,,0.1,19905,
6863,264576,11.1,1.0,11.11,1,0.0,0.0,0.1,19911,
6864,264576,-2.9,0.0,4.76,1,0.0,0.0,0.1,19911,
6865,264576,10.1,1.0,17.65,3,0.0,0.0,0.1,19911,
6866,264640,-5.2,0.0,23.53,12,0.1667,0.25,0.1,19917,
6867,264640,-1.5,0.0,14.29,1,0.0,0.0,0.1,19917,
6868,264640,8.3,1.0,2.7,1,0.0,0.0,0.1,19917,
6869,264704,-4.8,0.0,15.69,8,0.125,0.125,0.1,19923,
6870,264704,9.2,1.0,26.09,6,0.0,0.3333,0.1,19923,
6871,264768,-3.9,0.0,16.67,6,0.1667,0.6667,0.1,19928,
6872,264768,-5.2,0.0,23.53,12,0.0833,0.4167,0.1,19928,
6873,264768,-5.3,0.0,5.88,3,0.0,0.6667,0.1,19928,
6874,264768,-2.7,0.0,5.26,1,0.0,0.0,0.1,19928,
6875,264832,-5.6,0.0,11.76,6,0.0,0.0,0.1,19933,
6876,264896,9.9,1.0,4.76,1,1.0,1.0,0.1,19938,
6877,264896,-1.6,0.0,12.5,1,0.0,0.0,0.1,19938,
6878,264896,-3.1,0.0,4.35,1,0.0,0.0,0.1,19938,
6879,264896,-5.4,0.0,9.3,4,0.25,0.0,0.1,19938,
6880,264960,-4.4,0.0,2.78,1,0.0,0.0,0.1,19944,
6881,264960,10.0,1.0,5.0,1,0.0,0.0,0.1,19944,
6882,264960,-1.7,0.0,5.26,1,0.0,0.0,0.1,19944,
6883,265024,-4.4,0.0,2.78,1,0.0,0.0,0.1,19948,
6884,265024,-5.4,0.0,7.84,4,0.0,0.25,0.1,19948,
6885,265088,-2.9,0.0,6.67,2,0.5,0.0,0.1,19954,
6886,265152,10.2,1.0,11.76,2,0.0,0.0,0.1,19961,
6887,265152,11.3,1.0,0.0,0,,,0.1,19961,
6888,265152,11.8,1.0,0.0,0,,,0.1,19961,
6889,265216,-5.8,0.0,4.08,2,0.0,0.0,0.1,19970,
6890,265216,-3.5,0.0,3.7,1,0.0,0.0,0.1,19970,
6891,265280,-1.6,0.0,12.5,1,0.0,0.0,0.1,19977,
6892,265344,-4.2,0.0,2.94,1,0.0,0.0,0.1,19982,
6893,265408,10.9,1.0,0.0,0,,,0.1,19989,
6894,265408,-2.0,0.0,30.0,3,0.3333,0.3333,0.1,19989,
6895,265408,-3.4,0.0,3.85,1,0.0,0.0,0.1,19989,
6896,265472,-2.2,0.0,4.17,1,0.0,0.0,0.1,19994,
6897,265472,-3.4,0.0,2.78,1,0.0,0.0,0.1,19994,
6898,265536,-4.8,0.0,20.59,7,0.1429,0.2857,0.1,19999,
6899,265536,-2.1,0.0,4.35,1,0.0,0.0,0.1,19999,
6900,265600,10.4,1.0,6.25,1,0.0,0.0,0.1,20005,
6901,265600,-5.4,0.0,7.84,4,0.0,0.25,0.1,20005,
6902,265664,9.2,1.0,0.0,0,,,0.1,20012,
6903,265664,-2.3,0.0,6.67,1,0.0,0.0,0.1,20012,
6904,265664,-4.6,0.0,11.76,6,0.0,0.5,0.1,20012,
6905,265664,-1.7,0.0,25.0,2,0.0,0.0,0.1,20012,
6906,265728,10.9,1.0,9.09,1,0.0,0.0,0.1,20018,
6907,265728,-5.6,0.0,16.67,7,0.0,0.0,0.1,20018,
6908,265792,-4.5,0.0,8.57,3,0.0,0.3333,0.1,20026,
6909,265792,-3.1,0.0,4.35,1,0.0,0.0,0.1,20026,
6910,265792,-5.3,0.0,5.88,3,0.0,0.3333,0.1,20026,
6911,265856,-3.5,0.0,8.57,3,0.0,0.0,0.1,20035,
6912,265856,-3.8,0.0,19.23,5,0.0,0.4,0.1,20035,
6913,265856,-6.5,0.0,29.41,15,0.0667,0.1333,0.1,20035,
6914,265856,-3.6,0.0,8.33,3,0.0,0.0,0.1,20035,
6915,265920,-2.7,0.0,17.65,3,0.0,0.0,0.1,20042,
6916,265920,-2.4,0.0,6.25,1,0.0,0.0,0.1,20042,
6917,265920,-2.9,0.0,15.79,3,0.0,0.3333,0.1,20042,
6918,265984,-2.1,0.0,16.67,2,0.0,0.0,0.1,20045,
6919,266048,-2.4,0.0,13.33,2,0.0,0.0,0.1,20048,
6920,266048,-3.6,0.0,20.83,5,0.0,0.4,0.1,20048,
6921,266112,-2.9,0.0,15.79,3,0.0,0.3333,0.1,20052,
6922,266112,-4.2,0.0,3.92,2,0.0,0.0,0.1,20052,
6923,266176,-5.1,0.0,1.96,1,0.0,1.0,0.1,20058,
6924,266176,-5.1,0.0,1.96,1,0.0,0.0,0.1,20058,
6925,266176,-1.3,0.0,20.0,1,0.0,0.0,0.1,20058,
6926,266240,-3.8,0.0,6.9,2,0.0,0.0,0.1,20065,
6927,266240,-1.2,0.0,7.14,1,0.0,0.0,0.1,20065,
6928,266240,-5.3,0.0,4.55,2,0.0,0.0,0.1,20065,
6929,266304,-4.8,0.0,15.69,8,0.125,0.5,0.1,20069,
6930,266304,9.9,1.0,29.41,5,0.2,0.4,0.1,20069,
6931,266304,-5.0,0.0,0.0,0,,,0.1,20069,
6932,266368,-5.7,0.0,13.73,7,0.1429,0.2857,0.1,20075,
6933,266368,-2.9,0.0,15.79,3,0.0,0.3333,0.1,20075,
6934,266432,-5.2,0.0,7.14,3,0.0,0.0,0.1,20081,
6935,266432,-5.0,0.0,10.26,4,0.0,0.0,0.1,20081,
6936,266432,-1.7,0.0,11.11,1,0.0,0.0,0.1,20081,
6937,266496,-2.2,0.0,15.38,2,0.5,0.0,0.1,20088,
6938,266560,-2.6,0.0,5.56,1,0.0,0.0,0.1,20097,
6939,266624,-2.0,0.0,18.18,2,0.0,0.0,0.1,20108,
6940,266688,-4.9,0.0,2.44,1,0.0,0.0,0.1,20111,
6941,266752,-0.9,0.0,9.09,1,0.0,0.0,0.1,20116,
6942,266816,-2.6,0.0,5.56,1,0.0,0.0,0.1,20122,
6943,266816,9.3,1.0,7.69,2,0.0,0.0,0.1,20122,
6944,266816,-2.5,0.0,27.27,6,0.0,0.5,0.1,20122,
6945,266880,-4.1,0.0,1.96,1,0.0,0.0,0.1,20125,
6946,266944,-2.3,0.0,6.67,1,0.0,0.0,0.1,20130,
6947,266944,-2.5,0.0,12.5,2,0.0,0.5,0.1,20130,
6948,267008,-2.1,0.0,7.69,1,0.0,0.0,0.1,20136,
6949,267008,-2.0,0.0,8.33,1,0.0,0.0,0.1,20136,
6950,267072,-2.5,0.0,12.5,2,0.0,0.5,0.1,20143,
6951,267072,-2.8,0.0,5.0,1,0.0,0.0,0.1,20143,
6952,267072,-3.2,0.0,4.17,1,0.0,0.0,0.1,20143,
6953,267072,-2.2,0.0,7.14,1,0.0,0.0,0.1,20143,
6954,267136,-5.9,0.0,17.65,9,0.1111,0.2222,0.1,20150,
6955,267136,-3.2,0.0,4.17,1,0.0,0.0,0.1,20150,
6956,267200,-1.2,0.0,15.38,2,0.0,0.0,0.1,20153,
6957,267200,7.3,1.0,9.09,4,0.25,0.0,0.1,20153,
6958,267264,-3.3,0.0,8.33,2,0.0,0.0,0.1,20158,
6959,267264,-4.7,0.0,13.73,7,0.2857,0.5714,0.1,20158,
6960,267328,-3.0,0.0,4.55,1,0.0,0.0,0.1,20166,
6961,267328,-3.8,0.0,10.71,3,0.3333,0.3333,0.1,20166,
6962,267328,-5.3,0.0,4.55,2,0.0,0.0,0.1,20166,
6963,267392,-4.7,0.0,5.26,2,0.5,0.0,0.1,20171,
6964,267392,-5.0,0.0,19.61,10,0.0,0.4,0.1,20171,
6965,267392,-2.6,0.0,11.76,2,0.0,0.0,0.1,20171,
6966,267456,-2.4,0.0,6.25,1,0.0,0.0,0.1,20176,
6967,267456,-2.7,0.0,11.11,2,0.0,0.0,0.1,20176,
6968,267456,-5.0,0.0,0.0,0,,,0.1,20176,
6969,267520,-1.5,0.0,14.29,1,0.0,0.0,0.1,20180,
6970,267584,-2.5,0.0,3.7,1,0.0,0.0,0.1,20188,
6971,267584,-1.2,0.0,25.0,1,0.0,0.0,0.1,20188,
6972,267584,-2.7,0.0,11.11,2,0.0,0.5,0.1,20188,
6973,267648,-2.5,0.0,12.5,2,0.5,0.0,0.1,20194,
6974,267648,-2.4,0.0,12.5,3,0.0,0.0,0.1,20194,
6975,267712,-5.6,0.0,11.76,6,0.3333,0.1667,0.1,20201,
6976,267712,-4.9,0.0,17.65,9,0.0,0.4444,0.1,20201,
6977,267712,-5.1,0.0,4.76,2,0.0,0.0,0.1,20201,
6978,267712,-5.2,0.0,25.0,11,0.0,0.2727,0.1,20201,
6979,267712,-2.4,0.0,21.43,3,0.0,0.0,0.1,20201,
6980,267712,-3.3,0.0,4.0,1,0.0,0.0,0.1,20201,
6981,267776,-1.4,0.0,16.67,1,0.0,0.0,0.1,20207,
6982,267776,-3.3,0.0,8.33,2,0.0,0.5,0.1,20207,
6983,267840,-5.4,0.0,7.84,4,0.0,0.0,0.1,20211,
6984,267840,-4.5,0.0,9.8,5,0.2,0.2,0.1,20211,
6985,267840,-6.2,0.0,10.0,5,0.0,0.0,0.1,20211,
6986,267904,-1.2,0.0,25.0,1,0.0,0.0,0.1,20216,
6987,267904,9.2,1.0,7.41,2,0.0,0.0,0.1,20216,
6988,267968,-3.9,0.0,7.69,3,0.3333,0.0,0.1,20219,
6989,267968,-3.0,0.0,4.55,1,0.0,0.0,0.1,20219,
6990,267968,-1.4,0.0,16.67,1,0.0,0.0,0.1,20219,
6991,268032,-5.5,0.0,9.8,5,0.2,0.2,0.1,20222,
6992,268032,-4.4,0.0,7.84,4,0.0,0.0,0.1,20222,
6993,268096,-2.6,0.0,5.56,1,0.0,0.0,0.1,20229,
6994,268096,-2.5,0.0,12.5,2,0.0,0.5,0.1,20229,
6995,268160,-5.0,0.0,0.0,0,,,0.1,20230,
6996,268224,-5.1,0.0,1.96,1,0.0,0.0,0.1,20237,
6997,268288,7.4,1.0,14.63,6,0.0,0.0,0.1,20242,
6998,268288,-3.0,0.0,9.52,2,0.5,0.5,0.1,20242,
6999,268416,-4.2,0.0,2.94,1,0.0,0.0,0.1,20249,
7000,268416,-1.7,0.0,25.0,2,0.0,0.0,0.1,20249,
7001,268480,8.7,1.0,3.03,1,0.0,0.0,0.1,20251,
7002,268480,-2.4,0.0,6.25,1,0.0,0.0,0.1,20251,
7003,268544,-5.5,0.0,9.8,5,0.0,0.2,0.1,20253,
7004,268544,-1.4,0.0,13.33,2,0.0,0.0,0.1,20253,
7005,268672,-5.1,0.0,21.57,11,0.0,0.6364,0.1,20262,
7006,268736,-3.5,0.0,3.7,1,0.0,0.0,0.1,20266,
7007,268736,-3.1,0.0,9.09,2,0.0,0.0,0.1,20266,
7008,268736,-2.8,0.0,5.0,1,0.0,0.0,0.1,20266,
7009,268736,-4.5,0.0,9.8,5,0.2,0.4,0.1,20266,
7010,268736,9.5,1.0,13.04,3,0.0,0.0,0.1,20266,
7011,268800,-1.8,0.0,10.0,1,0.0,0.0,0.1,20274,
7012,268800,-2.3,0.0,6.67,1,0.0,0.0,0.1,20274,
7013,268864,-5.5,0.0,9.8,5,0.2,0.2,0.1,20278,
7014,268864,-4.1,0.0,6.25,2,0.5,0.5,0.1,20278,
7015,268864,10.3,1.0,0.0,0,,,0.1,20278,
7016,268928,-2.6,0.0,5.56,1,0.0,0.0,0.1,20286,
7017,268928,-5.4,0.0,7.84,4,0.0,0.25,0.1,20286,
7018,268928,-3.6,0.0,7.41,2,0.5,0.5,0.1,20286,
7019,268928,11.2,1.0,12.5,1,0.0,0.0,0.1,20286,
7020,268928,-3.5,0.0,12.0,3,0.0,0.6667,0.1,20286,
7021,268928,-0.9,0.0,20.0,2,0.0,0.5,0.1,20286,
7022,268928,-1.3,0.0,6.67,1,0.0,0.0,0.1,20286,
7023,268992,-5.0,0.0,0.0,0,,,0.1,20291,
7024,269056,-2.9,0.0,4.76,1,0.0,0.0,0.1,20297,
7025,269056,-2.4,0.0,8.0,2,0.0,0.0,0.1,20297,
7026,269056,-4.4,0.0,7.84,4,0.0,0.25,0.1,20297,
7027,269056,-5.5,0.0,9.8,5,0.0,0.6,0.1,20297,
7028,269056,-3.7,0.0,7.14,2,0.0,0.5,0.1,20297,
7029,269120,-3.5,0.0,3.7,1,0.0,0.0,0.1,20301,
7030,269120,-1.3,0.0,14.29,2,0.0,0.0,0.1,20301,
7031,269120,-4.1,0.0,1.96,1,0.0,0.0,0.1,20301,
7032,269184,-4.7,0.0,11.11,4,0.0,0.0,0.1,20306,
7033,269184,-2.8,0.0,10.53,2,0.0,0.5,0.1,20306,
7034,269248,-3.2,0.0,4.17,1,0.0,0.0,0.1,20313,
7035,269248,-3.1,0.0,3.03,1,0.0,0.0,0.1,20313,
7036,269312,-5.0,0.0,4.88,2,0.0,0.0,0.1,20321,
7037,269312,-1.4,0.0,16.67,1,0.0,0.0,0.1,20321,
7038,269376,-1.8,0.0,10.0,1,0.0,0.0,0.1,20329,
7039,269568,-5.5,0.0,9.8,5,0.0,0.2,0.1,20350,
7040,269568,-3.3,0.0,8.33,2,0.5,0.0,0.1,20350,
7041,269696,-5.1,0.0,1.96,1,0.0,0.0,0.1,20357,
7042,269696,-2.4,0.0,13.33,2,0.0,0.0,0.1,20357,
7043,269696,-3.7,0.0,3.45,1,0.0,0.0,0.1,20357,
7044,269696,9.0,1.0,24.0,6,0.1667,0.3333,0.1,20357,
7045,269760,-5.5,0.0,13.73,7,0.0,0.1429,0.1,20359,
7046,269760,-4.2,0.0,2.94,1,0.0,0.0,0.1,20359,
7047,269824,-2.3,0.0,14.29,2,0.0,0.0,0.1,20364,
7048,269824,-4.6,0.0,11.36,5,0.2,0.2,0.1,20364,
7049,269888,-1.8,0.0,22.22,2,0.0,0.0,0.1,20368,
7050,269888,-3.1,0.0,4.35,1,0.0,0.0,0.1,20368,
7051,269888,-2.5,0.0,12.5,2,0.0,0.0,0.1,20368,
7052,269952,-2.4,0.0,6.25,1,0.0,0.0,0.1,20372,
7053,269952,-4.8,0.0,17.14,6,0.1667,0.3333,0.1,20372,
7054,270016,-2.0,0.0,8.33,1,0.0,0.0,0.1,20377,
7055,270016,-4.3,0.0,5.88,3,0.3333,0.0,0.1,20377,
7056,270016,-2.2,0.0,7.14,1,0.0,0.0,0.1,20377,
7057,270016,-3.4,0.0,12.12,4,0.0,0.5,0.1,20377,
7058,270080,-5.0,0.0,0.0,0,,,0.1,20383,
7059,270080,-4.7,0.0,5.26,2,0.5,0.0,0.1,20383,
7060,270144,-5.4,0.0,9.3,4,0.0,0.0,0.1,20392,
7061,270144,-2.4,0.0,6.25,1,0.0,0.0,0.1,20392,
7062,270208,-2.2,0.0,8.7,2,0.0,0.0,0.1,20398,
7063,270208,-4.4,0.0,5.71,2,0.5,0.5,0.1,20398,
7064,270272,-2.7,0.0,17.65,3,0.0,0.0,0.1,20406,
7065,270336,-2.6,0.0,3.57,1,0.0,0.0,0.1,20412,
7066,270336,-5.1,0.0,1.96,1,0.0,1.0,0.1,20412,
7067,270336,-4.0,0.0,0.0,0,,,0.1,20412,
7068,270336,-2.6,0.0,11.54,3,0.3333,0.0,0.1,20412,
7069,270400,-2.1,0.0,7.69,1,0.0,0.0,0.1,20421,
7070,270400,-4.8,0.0,15.69,8,0.125,0.125,0.1,20421,
7071,270464,-2.5,0.0,7.69,2,0.0,0.0,0.1,20426,
7072,270464,-5.3,0.0,5.88,3,0.3333,0.3333,0.1,20426,
7073,270464,11.1,1.0,11.11,1,0.0,0.0,0.1,20426,
7074,270528,-3.3,0.0,13.04,3,0.0,0.0,0.1,20435,
7075,270528,-4.6,0.0,11.43,4,0.0,0.25,0.1,20435,
7076,270720,-2.4,0.0,6.25,1,0.0,0.0,0.1,20444,
7077,270720,-2.3,0.0,23.81,5,0.2,0.2,0.1,20444,
7078,270784,-2.0,0.0,8.33,1,0.0,0.0,0.1,20455,
7079,270784,-1.8,0.0,10.0,1,0.0,0.0,0.1,20455,
7080,270784,-3.7,0.0,15.38,4,0.0,0.0,0.1,20455,
7081,270784,-2.4,0.0,6.25,1,0.0,0.0,0.1,20455,
7082,270784,-4.2,0.0,3.92,2,0.0,0.0,0.1,20455,
7083,270848,-3.8,0.0,3.33,1,0.0,0.0,0.1,20460,
7084,270912,-4.3,0.0,12.5,4,0.0,0.25,0.1,20463,
7085,270976,-4.2,0.0,3.92,2,0.0,0.0,0.1,20473,
7086,270976,-3.4,0.0,3.85,1,0.0,0.0,0.1,20473,
7087,270976,-4.2,0.0,9.38,3,0.0,0.3333,0.1,20473,
7088,270976,-2.7,0.0,11.11,2,0.0,0.0,0.1,20473,
7089,270976,-5.2,0.0,3.92,2,0.0,0.0,0.1,20473,
7090,271040,10.4,1.0,6.25,1,0.0,1.0,0.1,20480,
7091,271040,-4.4,0.0,7.84,4,0.0,0.25,0.1,20480,
7092,271040,-3.9,0.0,3.23,1,0.0,0.0,0.1,20480,
7093,271040,-1.9,0.0,9.09,1,0.0,0.0,0.1,20480,
7094,271040,-3.2,0.0,2.94,1,0.0,0.0,0.1,20480,
7095,271104,-4.7,0.0,13.73,7,0.0,0.2857,0.1,20488,
7096,271104,-1.3,0.0,20.0,1,0.0,0.0,0.1,20488,
7097,271104,-1.8,0.0,10.0,1,0.0,0.0,0.1,20488,
7098,271104,-3.3,0.0,23.81,5,0.0,0.2,0.1,20488,
7099,271168,-1.5,0.0,14.29,1,0.0,0.0,0.1,20494,
7100,271296,-4.7,0.0,13.73,7,0.1429,0.0,0.1,20506,
7101,271296,-1.2,0.0,25.0,1,0.0,0.0,0.1,20506,
7102,271360,-1.9,0.0,4.76,1,0.0,0.0,0.1,20512,
7103,271360,8.0,1.0,7.89,3,0.0,0.0,0.1,20512,
7104,271360,-5.3,0.0,5.88,3,0.3333,0.0,0.1,20512,
7105,271424,-3.6,0.0,7.41,2,0.0,0.5,0.1,20518,
7106,271424,-2.4,0.0,6.25,1,0.0,0.0,0.1,20518,
7107,271424,11.5,1.0,0.0,0,,,0.1,20518,
7108,271424,-0.8,0.0,10.0,1,0.0,0.0,0.1,20518,
7109,271488,-2.7,0.0,11.11,2,0.0,0.5,0.1,20529,
7110,271488,-3.6,0.0,3.57,1,0.0,0.0,0.1,20529,
7111,271488,-2.9,0.0,6.67,2,0.5,0.0,0.1,20529,
7112,271552,-2.0,0.0,18.18,2,0.0,0.0,0.1,20533,
7113,271616,-1.7,0.0,11.11,2,0.0,0.5,0.1,20541,
7114,271616,-2.7,0.0,11.11,2,0.0,0.0,0.1,20541,
7115,271680,-1.4,0.0,16.67,1,0.0,0.0,0.1,20549,
7116,271680,-2.6,0.0,5.56,1,0.0,0.0,0.1,20549,
7117,271744,8.5,1.0,12.5,4,0.0,0.25,0.1,20557,
7118,271744,-3.8,0.0,19.23,5,0.2,0.2,0.1,20557,
7119,271744,-1.3,0.0,20.0,1,0.0,0.0,0.1,20557,
7120,271744,-4.3,0.0,5.88,3,0.3333,0.0,0.1,20557,
7121,271744,-5.2,0.0,3.92,2,0.0,0.0,0.1,20557,
7122,271808,-4.8,0.0,15.69,8,0.25,0.25,0.1,20566,
7123,271808,-3.0,0.0,15.0,3,0.0,0.0,0.1,20566,
7124,271808,-3.1,0.0,9.09,2,0.0,0.0,0.1,20566,
7125,271872,-1.7,0.0,11.11,1,0.0,0.0,0.1,20573,
7126,271872,-2.9,0.0,3.23,1,0.0,0.0,0.1,20573,
7127,271936,-3.3,0.0,4.0,1,0.0,0.0,0.1,20581,
7128,272000,-2.2,0.0,15.38,2,0.0,0.0,0.1,20588,
7129,272000,-5.6,0.0,11.76,6,0.0,0.3333,0.1,20588,
7130,272000,-5.2,0.0,3.92,2,0.0,0.0,0.1,20588,
7131,272064,-5.7,0.0,13.73,7,0.1429,0.2857,0.1,20594,
7132,272064,-2.0,0.0,15.0,3,0.0,0.3333,0.1,20594,
7133,272128,-5.0,0.0,10.42,5,0.0,0.4,0.1,20600,
7134,272192,-4.7,0.0,13.73,7,0.2857,0.2857,0.1,20605,
7135,272256,-4.0,0.0,0.0,0,,,0.1,20612,
7136,272256,-2.3,0.0,23.08,3,0.0,0.0,0.1,20612,
7137,272256,-2.2,0.0,7.14,1,0.0,0.0,0.1,20612,
7138,272320,-5.8,0.0,15.69,8,0.25,0.375,0.1,20614,
7139,272320,-5.6,0.0,11.76,6,0.0,0.3333,0.1,20614,
7140,272384,-2.3,0.0,18.18,4,0.25,0.0,0.1,20621,
7141,272448,-2.2,0.0,8.7,2,0.0,0.0,0.1,20628,
7142,272448,-5.0,0.0,0.0,0,,,0.1,20628,
7143,272448,-1.6,0.0,11.76,2,0.0,0.0,0.1,20628,
7144,272512,-4.9,0.0,17.65,9,0.1111,0.2222,0.1,20634,
7145,272512,-2.1,0.0,4.35,1,0.0,0.0,0.1,20634,
7146,272512,-2.2,0.0,4.17,1,0.0,0.0,0.1,20634,
7147,272576,-2.1,0.0,7.69,1,0.0,0.0,0.1,20640,
7148,272640,-1.7,0.0,25.0,2,0.0,0.5,0.1,20646,
7149,272640,-2.3,0.0,14.29,2,0.0,0.5,0.1,20646,
7150,272640,-3.7,0.0,25.0,6,0.3333,0.3333,0.1,20646,
7151,272640,8.8,1.0,13.79,4,0.0,0.25,0.1,20646,
7152,272704,-2.3,0.0,33.33,4,0.0,0.25,0.1,20648,
7153,272768,-2.8,0.0,10.53,2,0.0,0.5,0.1,20654,
7154,272768,-3.4,0.0,3.85,1,0.0,0.0,0.1,20654,
7155,272768,-2.4,0.0,21.43,3,0.0,0.3333,0.1,20654,
7156,272768,-2.4,0.0,6.25,1,0.0,0.0,0.1,20654,
7157,272832,-5.2,0.0,4.65,2,0.5,0.0,0.1,20661,
7158,272896,-1.7,0.0,11.11,1,0.0,0.0,0.1,20666,
7159,272896,-1.7,0.0,5.26,1,0.0,0.0,0.1,20666,
7160,272960,-4.1,0.0,9.68,3,0.3333,0.0,0.1,20672,
7161,273024,-5.2,0.0,17.02,8,0.25,0.375,0.1,20679,
7162,273088,-2.2,0.0,15.38,2,0.5,0.0,0.1,20687,
7163,273088,-2.3,0.0,14.29,2,0.0,0.0,0.1,20687,
7164,273088,-4.3,0.0,5.88,3,0.0,0.3333,0.1,20687,
7165,273152,-5.2,0.0,3.92,2,0.0,0.5,0.1,20696,
7166,273152,-3.6,0.0,20.83,5,0.0,0.2,0.1,20696,
7167,273152,-2.0,0.0,9.52,2,0.0,0.5,0.1,20696,
7168,273152,-2.9,0.0,23.08,6,0.0,0.1667,0.1,20696,
7169,273216,-5.6,0.0,11.76,6,0.1667,0.1667,0.1,20701,
7170,273216,8.5,1.0,5.88,2,0.0,0.0,0.1,20701,
7171,273216,-5.5,0.0,9.8,5,0.0,0.4,0.1,20701,
7172,273408,-3.8,0.0,10.81,4,0.0,0.5,0.1,20720,
7173,273408,-5.5,0.0,9.8,5,0.2,0.0,0.1,20720,
7174,273408,-3.4,0.0,3.85,1,0.0,0.0,0.1,20720,
7175,273408,9.5,1.0,8.33,2,0.5,1.0,0.1,20720,
7176,273408,-6.3,0.0,12.0,6,0.0,0.3333,0.1,20720,
7177,273472,-2.0,0.0,18.18,2,0.0,0.5,0.1,20725,
7178,273472,-4.9,0.0,17.65,9,0.1111,0.0,0.1,20725,
7179,273536,-2.6,0.0,18.75,3,0.0,0.0,0.1,20733,
7180,273536,-3.8,0.0,6.9,2,0.0,0.0,0.1,20733,
7181,273536,-5.7,0.0,13.73,7,0.1429,0.2857,0.1,20733,
7182,273600,-5.0,0.0,0.0,0,,,0.1,20740,
7183,273600,-2.3,0.0,6.67,1,0.0,0.0,0.1,20740,
7184,273664,-3.4,0.0,8.0,2,0.0,0.0,0.1,20746,
7185,273728,-5.9,0.0,10.64,5,0.2,0.2,0.1,20756,
7186,273856,-1.7,0.0,11.11,2,0.0,0.5,0.1,20766,
7187,273920,-2.7,0.0,11.11,2,0.0,0.5,0.1,20775,
7188,273920,9.4,1.0,28.57,6,0.3333,0.3333,0.1,20775,
7189,273920,-2.2,0.0,15.38,2,0.0,0.5,0.1,20775,
7190,273984,-4.0,0.0,6.45,2,0.5,0.0,0.1,20781,
7191,274048,-2.1,0.0,9.09,2,0.0,0.0,0.1,20785,
7192,274048,-4.8,0.0,15.69,8,0.125,0.25,0.1,20785,
7193,274048,-1.4,0.0,16.67,1,0.0,0.0,0.1,20785,
7194,274112,-3.1,0.0,4.35,1,0.0,0.0,0.1,20789,
7195,274112,9.2,1.0,11.54,3,0.0,0.6667,0.1,20789,
7196,274176,-2.8,0.0,10.53,2,0.0,0.0,0.1,20794,
7197,274176,10.7,1.0,40.0,4,0.0,0.5,0.1,20794,
7198,274176,-2.5,0.0,12.5,2,0.0,0.0,0.1,20794,
7199,274176,-4.9,0.0,17.65,9,0.1111,0.5556,0.1,20794,
7200,274240,-5.6,0.0,8.89,4,0.0,0.5,0.1,20799,
7201,274240,-5.4,0.0,7.84,4,0.5,0.25,0.1,20799,
7202,274368,-5.1,0.0,1.96,1,1.0,1.0,0.1,20808,
7203,274368,-5.2,0.0,3.92,2,0.0,0.0,0.1,20808,
7204,274432,-1.4,0.0,6.25,1,0.0,0.0,0.1,20812,
7205,274496,-4.9,0.0,10.53,4,0.0,0.0,0.1,20816,
7206,274688,-5.0,0.0,0.0,0,,,0.1,20827,
7207,274688,-5.6,0.0,11.76,6,0.1667,0.1667,0.1,20827,
7208,274752,-4.1,0.0,1.96,1,0.0,0.0,0.1,20833,
7209,274752,-3.9,0.0,3.23,1,0.0,0.0,0.1,20833,
7210,274752,-4.9,0.0,17.65,9,0.3333,0.2222,0.1,20833,
7211,274752,-1.7,0.0,11.11,1,0.0,0.0,0.1,20833,
7212,274752,-2.8,0.0,6.9,2,0.5,0.0,0.1,20833,
7213,274816,-3.6,0.0,16.0,4,0.0,0.25,0.1,20839,
7214,274816,-4.4,0.0,8.82,3,0.3333,0.0,0.1,20839,
7215,274880,7.5,1.0,12.2,5,0.0,0.2,0.1,20849,
7216,274880,-3.1,0.0,14.29,3,0.0,0.3333,0.1,20849,
7217,274880,-2.3,0.0,6.67,1,0.0,0.0,0.1,20849,
7218,274880,-5.0,0.0,0.0,0,,,0.1,20849,
7219,274880,-3.8,0.0,6.9,2,0.5,0.5,0.1,20849,
7220,274944,-2.1,0.0,4.35,1,0.0,0.0,0.1,20858,
7221,274944,9.2,1.0,7.41,2,0.5,0.5,0.1,20858,
7222,274944,-2.8,0.0,6.9,2,0.0,0.0,0.1,20858,
7223,275008,-4.6,0.0,14.71,5,0.0,0.2,0.1,20863,
7224,275008,-4.8,0.0,2.5,1,0.0,0.0,0.1,20863,
7225,275008,-5.3,0.0,5.88,3,0.0,0.3333,0.1,20863,
7226,275072,-4.2,0.0,3.92,2,0.0,0.5,0.1,20872,
7227,275072,-4.3,0.0,5.88,3,0.0,0.3333,0.1,20872,
7228,275072,10.8,1.0,18.18,2,0.5,0.5,0.1,20872,
7229,275072,-1.9,0.0,20.0,2,0.0,0.5,0.1,20872,
7230,275072,-4.0,0.0,7.5,3,0.0,0.0,0.1,20872,
7231,275200,-2.4,0.0,6.25,1,0.0,0.0,0.1,20880,
7232,275264,-5.3,0.0,5.88,3,0.3333,0.0,0.1,20888,
7233,275264,-0.3,0.0,20.0,1,0.0,0.0,0.1,20888,
7234,275264,-4.5,0.0,9.8,5,0.0,0.8,0.1,20888,
7235,275392,11.0,1.0,10.0,1,0.0,0.0,0.1,20890,
7236,275456,-3.2,0.0,4.17,1,0.0,0.0,0.1,20900,
7237,275456,-1.8,0.0,10.0,1,0.0,0.0,0.1,20900,
7238,275456,-4.5,0.0,5.56,2,0.0,0.0,0.1,20900,
7239,275520,-3.4,0.0,3.85,1,0.0,0.0,0.1,20906,
7240,275520,-5.3,0.0,5.88,3,0.0,0.3333,0.1,20906,
7241,275520,-4.3,0.0,9.09,3,0.0,0.6667,0.1,20906,
7242,275584,-0.9,0.0,9.09,1,0.0,0.0,0.1,20913,
7243,275584,-5.3,0.0,5.88,3,0.0,0.6667,0.1,20913,
7244,275648,-3.6,0.0,7.41,2,0.0,0.5,0.1,20920,
7245,275648,-3.4,0.0,3.85,1,0.0,0.0,0.1,20920,
7246,275648,-4.3,0.0,9.09,3,0.0,0.3333,0.1,20920,
7247,275648,-5.4,0.0,7.84,4,0.25,0.25,0.1,20920,
7248,275712,-2.2,0.0,15.38,2,0.0,0.0,0.1,20926,
7249,275712,-6.1,0.0,21.57,11,0.0909,0.0,0.1,20926,
7250,275712,-3.8,0.0,17.14,6,0.1667,0.1667,0.1,20926,
7251,275712,10.8,1.0,0.0,0,,,0.1,20926,
7252,275776,-4.4,0.0,7.84,4,0.0,0.5,0.1,20929,
7253,275840,-3.7,0.0,11.11,3,0.3333,0.0,0.1,20938,
7254,275840,-2.3,0.0,33.33,4,0.0,0.0,0.1,20938,
7255,275840,8.9,1.0,14.29,4,0.0,0.5,0.1,20938,
7256,275840,-2.2,0.0,7.14,1,0.0,0.0,0.1,20938,
7257,275840,-2.1,0.0,7.69,1,0.0,0.0,0.1,20938,
7258,275968,-5.1,0.0,25.71,9,0.0,0.4444,0.1,20953,
7259,275968,11.3,1.0,0.0,0,,,0.1,20953,
7260,275968,-2.3,0.0,14.29,2,0.0,0.0,0.1,20953,
7261,276032,-4.3,0.0,5.88,3,0.0,0.3333,0.1,20958,
7262,276032,-1.7,0.0,5.26,1,0.0,0.0,0.1,20958,
7263,276032,-4.8,0.0,7.89,3,0.3333,0.6667,0.1,20958,
7264,276096,11.2,1.0,50.0,3,0.0,0.6667,0.1,20967,
7265,276160,-1.9,0.0,9.09,1,0.0,0.0,0.1,20972,
7266,276160,-4.2,0.0,3.92,2,0.5,0.0,0.1,20972,
7267,276224,-1.4,0.0,16.67,1,0.0,0.0,0.1,20979,
7268,276224,-3.3,0.0,5.88,2,0.0,0.0,0.1,20979,
7269,276224,-3.0,0.0,9.52,2,0.0,0.0,0.1,20979,
7270,276352,-5.0,0.0,0.0,0,,,0.1,20991,
7271,276352,6.7,1.0,10.2,5,0.2,0.6,0.1,20991,
7272,276416,-4.0,0.0,3.12,1,0.0,0.0,0.1,20994,
7273,276416,-4.3,0.0,5.88,3,0.0,1.0,0.1,20994,
7274,276416,-2.9,0.0,4.76,1,0.0,0.0,0.1,20994,
7275,276416,-5.7,0.0,13.73,7,0.2857,0.1429,0.1,20994,
7276,276416,7.4,1.0,0.0,0,,,0.1,20994,
7277,276480,-1.5,0.0,14.29,1,0.0,0.0,0.1,21004,
7278,276480,-2.2,0.0,15.38,2,0.0,0.0,0.1,21004,
7279,276480,9.3,1.0,0.0,0,,,0.1,21004,
7280,276544,-1.2,0.0,15.38,2,0.0,0.5,0.1,21008,
7281,276672,-5.6,0.0,11.76,6,0.0,0.1667,0.1,21018,
7282,276672,-4.7,0.0,13.73,7,0.0,0.2857,0.1,21018,
7283,276736,-4.3,0.0,2.86,1,0.0,0.0,0.1,21027,
7284,276800,-1.6,0.0,11.76,2,0.0,0.5,0.1,21032,
7285,276864,-4.3,0.0,5.88,3,0.0,0.3333,0.1,21039,
7286,276864,-3.8,0.0,10.71,3,0.0,0.0,0.1,21039,
7287,276864,-1.2,0.0,15.38,2,0.0,0.0,0.1,21039,
7288,276928,-2.6,0.0,11.76,2,0.0,0.5,0.1,21043,
7289,276992,-0.7,0.0,25.0,2,0.0,0.5,0.1,21051,
7290,276992,-2.2,0.0,19.05,4,0.25,0.0,0.1,21051,
7291,276992,-3.1,0.0,9.68,3,0.0,0.0,0.1,21051,
7292,277056,-2.5,0.0,12.5,2,0.0,0.5,0.1,21056,
7293,277056,9.9,1.0,4.76,1,0.0,0.0,0.1,21056,
7294,277056,-4.9,0.0,13.51,5,0.0,0.2,0.1,21056,
7295,277120,-2.6,0.0,5.56,1,0.0,0.0,0.1,21065,
7296,277120,-4.0,0.0,13.79,4,0.25,0.25,0.1,21065,
7297,277184,-6.3,0.0,14.29,7,0.4286,0.2857,0.1,21069,
7298,277248,-2.2,0.0,7.14,1,0.0,0.0,0.1,21072,
7299,277248,-3.5,0.0,3.7,1,0.0,0.0,0.1,21072,
7300,277312,-5.1,0.0,10.0,4,0.0,0.5,0.1,21077,
7301,277376,-4.2,0.0,3.92,2,0.0,0.0,0.1,21084,
7302,277376,-1.1,0.0,33.33,1,0.0,0.0,0.1,21084,
7303,277376,-3.2,0.0,4.17,1,0.0,0.0,0.1,21084,
7304,277440,5.9,1.0,21.57,11,0.0909,0.4545,0.1,21087,
7305,277440,-4.2,0.0,3.92,2,0.0,0.0,0.1,21087,
7306,277504,-5.3,0.0,5.88,3,0.3333,0.6667,0.1,21090,
7307,277504,-5.2,0.0,3.92,2,0.5,0.5,0.1,21090,
7308,277632,-0.9,0.0,9.09,1,0.0,0.0,0.1,21099,
7309,277696,-4.1,0.0,15.79,6,0.1667,0.3333,0.1,21105,
7310,277760,-5.4,0.0,6.82,3,0.0,0.3333,0.1,21111,
7311,277760,-3.4,0.0,5.71,2,0.0,0.0,0.1,21111,
7312,277760,-0.9,0.0,9.09,1,0.0,0.0,0.1,21111,
7313,277824,10.3,1.0,20.0,3,0.3333,0.3333,0.1,21117,
7314,277824,-1.1,0.0,7.69,1,0.0,0.0,0.1,21117,
7315,277824,-4.9,0.0,2.44,1,0.0,0.0,0.1,21117,
7316,277888,-1.5,0.0,14.29,1,0.0,0.0,0.1,21124,
7317,277888,-5.0,0.0,19.44,7,0.1429,0.4286,0.1,21124,
7318,277952,-2.6,0.0,5.56,1,0.0,0.0,0.1,21129,
7319,278016,-2.5,0.0,12.0,3,0.0,0.0,0.1,21135,
7320,278016,-5.0,0.0,0.0,0,,,0.1,21135,
7321,278016,-4.9,0.0,17.65,9,0.1111,0.3333,0.1,21135,
7322,278016,-5.5,0.0,9.8,5,0.2,0.4,0.1,21135,
7323,278016,-4.0,0.0,13.79,4,0.0,0.0,0.1,21135,
7324,278080,-4.9,0.0,2.44,1,0.0,0.0,0.1,21148,
7325,278080,-2.1,0.0,7.69,1,0.0,0.0,0.1,21148,
7326,278080,-0.9,0.0,9.09,1,0.0,0.0,0.1,21148,
7327,278080,-1.9,0.0,20.0,2,0.0,0.0,0.1,21148,
7328,278080,-1.9,0.0,9.09,1,0.0,0.0,0.1,21148,
7329,278080,-1.3,0.0,6.67,1,0.0,0.0,0.1,21148,
7330,278080,-5.9,0.0,10.64,5,0.0,0.2,0.1,21148,
7331,278080,-4.9,0.0,5.0,2,0.0,0.5,0.1,21148,
7332,278144,-5.1,0.0,1.96,1,0.0,1.0,0.1,21155,
7333,278144,-3.5,0.0,3.7,1,0.0,0.0,0.1,21155,
7334,278144,-1.5,0.0,5.88,1,0.0,0.0,0.1,21155,
7335,278208,8.0,1.0,10.81,4,0.0,0.25,0.1,21160,
7336,278272,-5.6,0.0,11.76,6,0.0,0.0,0.1,21164,
7337,278272,-1.5,0.0,14.29,1,0.0,0.0,0.1,21164,
7338,278272,-3.8,0.0,10.71,3,0.0,0.0,0.1,21164,
7339,278400,11.0,1.0,22.22,2,0.0,0.0,0.1,21175,
7340,278464,-4.5,0.0,5.56,2,0.0,0.0,0.1,21181,
7341,278528,-5.5,0.0,9.8,5,0.0,0.6,0.1,21189,
7342,278528,-5.3,0.0,15.0,6,0.1667,0.3333,0.1,21189,
7343,278528,-3.4,0.0,3.85,1,0.0,0.0,0.1,21189,
7344,278528,-1.1,0.0,16.67,2,0.0,0.5,0.1,21189,
7345,278528,-1.7,0.0,11.11,2,0.0,0.0,0.1,21189,
7346,278592,-1.7,0.0,11.11,1,0.0,0.0,0.1,21195,
7347,278592,-4.4,0.0,8.82,3,0.0,0.0,0.1,21195,
7348,278656,11.2,1.0,0.0,0,,,0.1,21203,
7349,278656,-2.2,0.0,7.14,1,0.0,0.0,0.1,21203,
7350,278656,-5.4,0.0,7.84,4,0.25,0.0,0.1,21203,
7351,278656,11.1,1.0,11.11,1,0.0,0.0,0.1,21203,
7352,278720,-1.9,0.0,20.0,2,0.0,0.0,0.1,21209,
7353,278720,-2.7,0.0,5.26,1,0.0,0.0,0.1,21209,
7354,278720,-1.5,0.0,5.88,1,0.0,0.0,0.1,21209,
7355,278784,-2.5,0.0,5.88,1,0.0,0.0,0.1,21214,
7356,278848,-2.3,0.0,14.29,2,0.0,0.0,0.1,21223,
7357,278848,-5.7,0.0,13.73,7,0.2857,0.2857,0.1,21223,
7358,278848,-4.7,0.0,17.65,6,0.0,0.1667,0.1,21223,
7359,278848,-1.7,0.0,11.11,1,0.0,0.0,0.1,21223,
7360,278912,-5.2,0.0,3.92,2,0.5,0.0,0.1,21228,
7361,278912,-5.2,0.0,21.62,8,0.0,0.0,0.1,21228,
7362,278912,-5.5,0.0,9.8,5,0.2,0.0,0.1,21228,
7363,278912,10.8,1.0,8.33,1,0.0,0.0,0.1,21228,
7364,278976,7.3,1.0,6.67,3,0.0,0.3333,0.1,21233,
7365,278976,-0.9,0.0,9.09,1,0.0,0.0,0.1,21233,
7366,279040,-4.2,0.0,3.92,2,0.0,0.5,0.1,21240,
7367,279104,-4.4,0.0,7.84,4,0.0,0.25,0.1,21246,
7368,279104,-4.3,0.0,12.5,4,0.0,0.25,0.1,21246,
7369,279104,-1.5,0.0,14.29,1,0.0,0.0,0.1,21246,
7370,279168,-2.5,0.0,5.88,1,0.0,0.0,0.1,21255,
7371,279168,-2.4,0.0,6.25,1,0.0,0.0,0.1,21255,
7372,279232,-4.9,0.0,10.64,5,0.0,0.2,0.1,21261,
7373,279232,-5.6,0.0,11.76,6,0.3333,0.1667,0.1,21261,
7374,279296,-3.3,0.0,13.04,3,0.0,0.3333,0.1,21269,
7375,279296,-5.1,0.0,12.5,6,0.1667,0.1667,0.1,21269,
7376,279296,-1.8,0.0,5.0,1,0.0,0.0,0.1,21269,
7377,279360,-1.5,0.0,14.29,1,0.0,0.0,0.1,21273,
7378,279424,-2.0,0.0,8.33,1,0.0,0.0,0.1,21278,
7379,279424,-1.5,0.0,14.29,1,0.0,0.0,0.1,21278,
7380,279488,-5.9,0.0,6.12,3,0.3333,0.3333,0.1,21288,
7381,279488,-2.1,0.0,40.0,4,0.0,0.0,0.1,21288,
7382,279488,-3.9,0.0,3.23,1,0.0,0.0,0.1,21288,
7383,279488,-1.2,0.0,25.0,1,0.0,0.0,0.1,21288,
7384,279488,-5.3,0.0,5.88,3,0.0,0.0,0.1,21288,
7385,279552,-5.3,0.0,4.55,2,0.0,0.0,0.1,21298,
7386,279552,-5.0,0.0,2.38,1,0.0,0.0,0.1,21298,
7387,279552,-3.6,0.0,3.57,1,0.0,0.0,0.1,21298,
7388,279552,-1.8,0.0,22.22,2,0.0,0.5,0.1,21298,
7389,279616,-2.3,0.0,6.67,1,0.0,0.0,0.1,21305,
7390,279680,-5.3,0.0,5.88,3,0.0,0.3333,0.1,21317,
7391,279680,-2.1,0.0,7.69,1,0.0,0.0,0.1,21317,
7392,279680,-4.6,0.0,11.76,6,0.0,0.1667,0.1,21317,
7393,279744,-6.3,0.0,25.49,13,0.0769,0.0769,0.1,21321,
7394,279872,-1.8,0.0,10.53,2,0.0,0.5,0.1,21330,
7395,279872,-3.3,0.0,4.0,1,0.0,0.0,0.1,21330,
7396,279872,-0.3,0.0,20.0,1,0.0,0.0,0.1,21330,
7397,279872,10.8,1.0,0.0,0,,,0.1,21330,
7398,279936,11.2,1.0,0.0,0,,,0.1,21339,
7399,279936,-4.8,0.0,15.69,8,0.125,0.125,0.1,21339,
7400,279936,-3.9,0.0,6.67,2,0.0,0.0,0.1,21339,
7401,279936,11.4,1.0,0.0,0,,,0.1,21339,
7402,280000,-3.3,0.0,18.18,4,0.0,0.25,0.1,21340,
7403,280128,-4.2,0.0,9.38,3,0.0,0.3333,0.1,21353,
7404,280256,-4.2,0.0,3.92,2,0.0,0.0,0.1,21363,
7405,280256,-5.5,0.0,9.8,5,0.0,0.2,0.1,21363,
7406,280320,-1.9,0.0,15.79,3,0.0,0.3333,0.1,21370,
7407,280320,10.5,1.0,14.29,2,0.0,0.0,0.1,21370,
7408,280320,-4.9,0.0,10.53,4,0.0,0.0,0.1,21370,
7409,280384,-2.0,0.0,18.18,2,0.0,0.5,0.1,21377,
7410,280384,-3.8,0.0,6.9,2,0.0,0.5,0.1,21377,
7411,280384,-5.2,0.0,3.92,2,0.0,0.0,0.1,21377,
7412,280384,-3.4,0.0,3.85,1,0.0,0.0,0.1,21377,
7413,280448,-1.8,0.0,37.5,3,0.3333,0.0,0.1,21382,
7414,280448,-2.8,0.0,10.53,2,0.0,0.5,0.1,21382,
7415,280512,-6.0,0.0,19.61,10,0.1,0.3,0.1,21387,
7416,280512,-3.1,0.0,9.09,2,0.5,0.0,0.1,21387,
7417,280576,-2.6,0.0,18.75,3,0.0,0.0,0.1,21394,
7418,280576,-3.6,0.0,7.41,2,0.0,0.0,0.1,21394,
7419,280576,-5.6,0.0,11.76,6,0.0,0.0,0.1,21394,
7420,280576,-0.3,0.0,20.0,1,0.0,0.0,0.1,21394,
7421,280640,-1.9,0.0,9.09,1,0.0,0.0,0.1,21402,
7422,280704,-2.8,0.0,16.67,3,0.3333,0.0,0.1,21408,
7423,280832,-5.1,0.0,4.76,2,0.0,0.0,0.1,21415,
7424,280832,-3.5,0.0,5.56,2,0.0,0.5,0.1,21415,
7425,280896,-1.4,0.0,16.67,1,0.0,0.0,0.1,21423,
7426,280896,-2.7,0.0,5.26,1,0.0,0.0,0.1,21423,
7427,280960,-1.8,0.0,22.22,2,0.0,0.5,0.1,21433,
7428,281024,-2.7,0.0,11.11,2,0.0,0.5,0.1,21442,
7429,281088,-1.2,0.0,25.0,1,0.0,0.0,0.1,21447,
7430,281152,-2.0,0.0,18.18,2,0.0,0.0,0.1,21457,
7431,281152,-3.9,0.0,2.44,1,0.0,0.0,0.1,21457,
7432,281152,-5.3,0.0,5.88,3,0.6667,0.0,0.1,21457,
7433,281216,-4.1,0.0,12.82,5,0.0,0.0,0.1,21465,
7434,281216,-1.4,0.0,16.67,1,0.0,0.0,0.1,21465,
7435,281280,-6.0,0.0,19.61,10,0.2,0.1,0.1,21473,
7436,281280,-3.9,0.0,28.0,7,0.1429,0.2857,0.1,21473,
7437,281280,-1.1,0.0,7.69,1,0.0,0.0,0.1,21473,
7438,281280,-4.5,0.0,9.8,5,0.2,0.0,0.1,21473,
7439,281280,-6.3,0.0,16.67,8,0.0,0.25,0.1,21473,
7440,281280,-3.8,0.0,14.81,4,0.25,0.0,0.1,21473,
7441,281344,-2.2,0.0,13.64,3,0.0,0.3333,0.1,21480,
7442,281344,-5.6,0.0,11.76,6,0.1667,0.1667,0.1,21480,
7443,281344,-4.4,0.0,7.84,4,0.25,0.25,0.1,21480,
7444,281344,-6.1,0.0,21.57,11,0.1818,0.0,0.1,21480,
7445,281408,-2.5,0.0,5.88,1,0.0,0.0,0.1,21486,
7446,281408,-2.4,0.0,6.25,1,0.0,0.0,0.1,21486,
7447,281472,-4.9,0.0,2.44,1,0.0,0.0,0.1,21496,
7448,281472,-3.5,0.0,16.67,4,0.0,0.25,0.1,21496,
7449,281536,-3.0,0.0,4.55,1,0.0,0.0,0.1,21503,
7450,281536,-3.5,0.0,18.75,6,0.0,0.0,0.1,21503,
7451,281536,-3.7,0.0,7.14,2,0.0,0.0,0.1,21503,
7452,281600,-4.7,0.0,11.11,4,0.0,0.0,0.1,21512,
7453,281664,-4.4,0.0,7.84,4,0.0,0.25,0.1,21518,
7454,281664,-4.7,0.0,17.65,6,0.1667,0.3333,0.1,21518,
7455,281664,-3.1,0.0,14.29,3,0.0,0.0,0.1,21518,
7456,281664,-6.1,0.0,10.2,5,0.2,0.0,0.1,21518,
7457,281728,-5.0,0.0,0.0,0,,,0.1,21526,
7458,281728,-3.5,0.0,3.7,1,0.0,0.0,0.1,21526,
7459,281792,-3.2,0.0,8.7,2,0.5,0.0,0.1,21535,
7460,281792,-4.6,0.0,11.76,6,0.1667,0.0,0.1,21535,
7461,281856,-1.9,0.0,9.09,1,0.0,0.0,0.1,21538,
7462,281856,-4.1,0.0,9.68,3,0.0,0.3333,0.1,21538,
7463,281856,-2.8,0.0,5.0,1,0.0,0.0,0.1,21538,
7464,281856,-5.4,0.0,7.84,4,0.0,0.0,0.1,21538,
7465,281984,11.2,1.0,0.0,0,,,0.1,21549,
7466,281984,-4.5,0.0,9.8,5,0.2,0.2,0.1,21549,
7467,281984,-2.2,0.0,15.38,2,0.0,0.0,0.1,21549,
7468,281984,-4.4,0.0,12.12,4,0.25,0.0,0.1,21549,
7469,282048,-2.2,0.0,25.0,3,0.0,0.0,0.1,21554,
7470,282048,-4.3,0.0,5.88,3,0.3333,1.0,0.1,21554,
7471,282112,-2.3,0.0,14.29,2,0.0,0.0,0.1,21558,
7472,282176,-5.3,0.0,5.88,3,0.3333,0.3333,0.1,21566,
7473,282176,-6.6,0.0,15.69,8,0.125,0.125,0.1,21566,
7474,282176,-2.7,0.0,17.65,3,0.0,0.0,0.1,21566,
7475,282176,-5.7,0.0,4.17,2,0.0,0.0,0.1,21566,
7476,282176,-4.3,0.0,5.88,3,0.0,0.0,0.1,21566,
7477,282176,-5.3,0.0,2.22,1,0.0,0.0,0.1,21566,
7478,282240,-3.9,0.0,10.34,3,0.0,0.0,0.1,21572,
7479,282304,10.3,1.0,5.88,1,0.0,1.0,0.1,21575,
7480,282368,-2.3,0.0,14.29,2,0.0,0.0,0.1,21580,
7481,282432,-4.7,0.0,13.73,7,0.0,0.2857,0.1,21591,
7482,282432,-5.5,0.0,9.8,5,0.6,0.2,0.1,21591,
7483,282432,-1.7,0.0,11.11,1,0.0,0.0,0.1,21591,
7484,282432,-0.9,0.0,9.09,1,0.0,0.0,0.1,21591,
7485,282496,-1.5,0.0,14.29,1,0.0,0.0,0.1,21598,
7486,282560,-2.8,0.0,10.53,2,0.0,0.0,0.1,21604,
7487,282560,-5.3,0.0,5.88,3,0.0,0.6667,0.1,21604,
7488,282560,-1.5,0.0,14.29,1,0.0,0.0,0.1,21604,
7489,282560,-2.3,0.0,14.29,2,0.0,0.0,0.1,21604,
7490,282688,-1.6,0.0,12.5,1,0.0,0.0,0.1,21613,
7491,282688,-6.1,0.0,5.88,3,0.0,0.3333,0.1,21613,
7492,282688,-2.4,0.0,6.25,1,0.0,0.0,0.1,21613,
7493,282752,-3.1,0.0,9.09,2,0.0,0.0,0.1,21619,
7494,282752,-5.3,0.0,5.88,3,0.0,0.3333,0.1,21619,
7495,282752,-4.1,0.0,1.96,1,0.0,0.0,0.1,21619,
7496,282752,-4.3,0.0,2.86,1,0.0,0.0,0.1,21619,
7497,282752,-2.3,0.0,6.67,1,0.0,0.0,0.1,21619,
7498,282816,-1.5,0.0,5.88,1,0.0,0.0,0.1,21625,
7499,282880,-2.3,0.0,13.04,3,0.3333,0.3333,0.1,21635,
7500,282880,-5.8,0.0,15.69,8,0.125,0.375,0.1,21635,
7501,282944,-0.9,0.0,9.09,1,0.0,0.0,0.1,21642,
7502,282944,-2.1,0.0,16.67,2,0.0,0.0,0.1,21642,
7503,283008,-3.8,0.0,14.81,4,0.0,0.0,0.1,21650,
7504,283008,-3.4,0.0,3.85,1,0.0,0.0,0.1,21650,
7505,283072,-4.7,0.0,2.56,1,0.0,0.0,0.1,21658,
7506,283072,11.6,1.0,0.0,0,,,0.1,21658,
7507,283072,-3.8,0.0,10.71,3,0.0,0.0,0.1,21658,
7508,283136,-5.3,0.0,9.8,5,0.0,0.4,0.1,21664,
7509,283136,-3.7,0.0,15.38,4,0.0,0.0,0.1,21664,
7510,283200,-1.6,0.0,12.5,1,0.0,0.0,0.1,21668,
7511,283264,-3.6,0.0,5.41,2,0.0,0.0,0.1,21676,
7512,283264,-1.5,0.0,14.29,1,0.0,0.0,0.1,21676,
7513,283264,-1.9,0.0,9.09,1,0.0,0.0,0.1,21676,
7514,283328,-5.4,0.0,9.3,4,0.0,0.25,0.1,21687,
7515,283328,-3.1,0.0,4.35,1,0.0,0.0,0.1,21687,
7516,283328,-3.9,0.0,14.29,4,0.0,0.25,0.1,21687,
7517,283392,-2.3,0.0,6.67,1,0.0,0.0,0.1,21690,
7518,283392,-4.7,0.0,14.29,5,0.0,0.2,0.1,21690,
7519,283456,-2.2,0.0,7.14,1,0.0,0.0,0.1,21699,
7520,283520,-5.5,0.0,9.8,5,0.0,0.4,0.1,21704,
7521,283584,-2.1,0.0,7.69,1,0.0,0.0,0.1,21709,
7522,283584,-1.8,0.0,10.0,1,0.0,0.0,0.1,21709,
7523,283648,-5.3,0.0,6.98,3,0.0,0.0,0.1,21718,
7524,283648,-4.7,0.0,13.73,7,0.1429,0.2857,0.1,21718,
7525,283648,-2.4,0.0,21.43,3,0.0,0.6667,0.1,21718,
7526,283712,-3.2,0.0,4.17,1,0.0,0.0,0.1,21727,
7527,283776,-3.0,0.0,9.52,2,0.0,0.5,0.1,21735,
7528,283776,-3.5,0.0,3.7,1,0.0,0.0,0.1,21735,
7529,283840,-4.3,0.0,5.88,3,0.0,0.6667,0.1,21744,
7530,283904,-1.4,0.0,16.67,1,0.0,0.0,0.1,21748,
7531,283904,-5.6,0.0,11.76,6,0.0,0.1667,0.1,21748,
7532,283968,-2.2,0.0,7.14,1,0.0,0.0,0.1,21757,
7533,283968,-4.4,0.0,2.78,1,0.0,0.0,0.1,21757,
7534,283968,-4.6,0.0,11.76,6,0.0,0.0,0.1,21757,
7535,284032,-1.2,0.0,25.0,1,0.0,0.0,0.1,21763,
7536,284160,-3.7,0.0,17.65,6,0.0,0.0,0.1,21779,
7537,284160,-4.5,0.0,11.76,4,0.0,0.0,0.1,21779,
7538,284160,-1.3,0.0,14.29,2,0.0,0.0,0.1,21779,
7539,284224,-2.9,0.0,10.0,2,0.0,0.0,0.1,21789,
7540,284224,-4.7,0.0,8.11,3,0.0,0.3333,0.1,21789,
7541,284224,-1.6,0.0,12.5,1,0.0,0.0,0.1,21789,
7542,284224,-5.7,0.0,13.73,7,0.4286,0.0,0.1,21789,
7543,284288,-4.7,0.0,13.73,7,0.0,0.2857,0.1,21798,
7544,284288,-2.8,0.0,10.53,2,0.0,0.0,0.1,21798,
7545,284288,-2.3,0.0,14.29,2,0.0,0.5,0.1,21798,
7546,284288,-1.3,0.0,20.0,1,0.0,0.0,0.1,21798,
7547,284352,-5.3,0.0,4.55,2,0.0,0.0,0.1,21804,
7548,284352,-3.6,0.0,11.54,3,0.3333,0.3333,0.1,21804,
7549,284352,-3.1,0.0,14.29,3,0.0,0.0,0.1,21804,
7550,284416,-4.1,0.0,17.24,5,0.0,0.2,0.1,21809,
7551,284416,-6.0,0.0,8.16,4,0.0,0.25,0.1,21809,
7552,284480,-5.3,0.0,2.22,1,0.0,0.0,0.1,21816,
7553,284480,-4.1,0.0,12.82,5,0.2,0.0,0.1,21816,
7554,284544,-5.1,0.0,18.92,7,0.2857,0.1429,0.1,21820,
7555,284544,-5.8,0.0,15.69,8,0.125,0.125,0.1,21820,
7556,284544,-5.8,0.0,15.69,8,0.375,0.125,0.1,21820,
7557,284544,-4.6,0.0,21.88,7,0.1429,0.2857,0.1,21820,
7558,284608,-4.5,0.0,17.07,7,0.1429,0.1429,0.1,21827,
7559,284608,-5.9,0.0,17.65,9,0.0,0.2222,0.1,21827,
7560,284672,-4.7,0.0,8.11,3,0.0,0.0,0.1,21831,
7561,284736,-4.5,0.0,5.56,2,0.0,0.0,0.1,21839,
7562,284800,-1.8,0.0,22.22,2,0.0,0.0,0.1,21849,
7563,284800,-4.6,0.0,11.76,6,0.0,0.5,0.1,21849,
7564,284800,-1.0,0.0,8.33,1,0.0,0.0,0.1,21849,
7565,284864,-2.3,0.0,6.67,1,0.0,0.0,0.1,21853,
7566,284928,-3.5,0.0,11.76,4,0.0,0.0,0.1,21856,
7567,284928,-4.8,0.0,15.69,8,0.125,0.375,0.1,21856,
7568,284992,-2.1,0.0,7.69,1,0.0,0.0,0.1,21865,
7569,284992,-1.9,0.0,9.09,1,0.0,0.0,0.1,21865,
7570,284992,-1.7,0.0,25.0,4,0.0,0.25,0.1,21865,
7571,285056,-4.6,0.0,11.76,6,0.3333,0.5,0.1,21870,
7572,285120,-5.5,0.0,9.8,5,0.0,0.4,0.1,21874,
7573,285120,-2.1,0.0,16.67,2,0.0,0.5,0.1,21874,
7574,285184,-3.8,0.0,3.33,1,0.0,0.0,0.1,21882,
7575,285184,-4.6,0.0,2.63,1,0.0,0.0,0.1,21882,
7576,285184,-1.6,0.0,12.5,1,0.0,0.0,0.1,21882,
7577,285248,-2.3,0.0,23.08,3,0.0,0.0,0.1,21889,
7578,285248,10.3,1.0,20.0,3,0.3333,0.6667,0.1,21889,
7579,285248,-2.1,0.0,16.67,2,0.0,0.0,0.1,21889,
7580,285312,-2.6,0.0,5.56,1,0.0,0.0,0.1,21891,
7581,285376,6.2,1.0,18.0,9,0.1111,0.1111,0.1,21900,
7582,285376,-3.2,0.0,13.64,3,0.0,0.3333,0.1,21900,
7583,285376,-3.5,0.0,11.76,4,0.0,0.25,0.1,21900,
7584,285440,-3.6,0.0,11.54,3,0.0,0.3333,0.1,21907,
7585,285440,-4.5,0.0,9.8,5,0.0,0.4,0.1,21907,
7586,285440,-4.0,0.0,19.44,7,0.1429,0.1429,0.1,21907,
7587,285440,-3.4,0.0,8.0,2,0.0,0.0,0.1,21907,
7588,285440,-4.2,0.0,2.94,1,0.0,0.0,0.1,21907,
7589,285568,-5.1,0.0,4.76,2,0.0,0.0,0.1,21918,
7590,285632,-4.2,0.0,12.9,4,0.0,0.0,0.1,21929,
7591,285632,-4.5,0.0,9.8,5,0.0,0.4,0.1,21929,
7592,285632,-1.5,0.0,14.29,1,0.0,0.0,0.1,21929,
7593,285632,-4.9,0.0,2.44,1,0.0,0.0,0.1,21929,
7594,285696,-5.5,0.0,29.41,15,0.0667,0.2,0.1,21934,
7595,285696,7.9,1.0,13.51,5,0.2,0.2,0.1,21934,
7596,285696,-1.6,0.0,12.5,1,0.0,0.0,0.1,21934,
7597,285696,-4.3,0.0,9.09,3,0.3333,0.0,0.1,21934,
7598,285760,-2.4,0.0,6.25,1,0.0,0.0,0.1,21937,
7599,285824,-4.7,0.0,13.73,7,0.0,0.2857,0.1,21942,
7600,285824,-3.5,0.0,2.7,1,0.0,0.0,0.1,21942,
7601,285888,-4.0,0.0,6.45,2,0.0,0.0,0.1,21946,
7602,285952,-2.6,0.0,7.41,2,0.0,0.0,0.1,21950,
7603,285952,-4.2,0.0,3.92,2,1.0,0.0,0.1,21950,
7604,286080,-4.2,0.0,29.63,8,0.0,0.25,0.1,21958,
7605,286144,9.0,1.0,6.9,2,0.0,0.0,0.1,21965,
7606,286144,-2.8,0.0,10.53,2,0.5,0.0,0.1,21965,
7607,286144,-5.8,0.0,15.69,8,0.0,0.25,0.1,21965,
7608,286208,-2.8,0.0,5.0,1,0.0,0.0,0.1,21971,
7609,286208,-2.1,0.0,7.69,1,0.0,0.0,0.1,21971,
7610,286208,-3.6,0.0,11.54,3,0.0,0.0,0.1,21971,
7611,286272,-2.8,0.0,16.67,3,0.0,0.0,0.1,21978,
7612,286272,-1.7,0.0,25.0,4,0.25,0.25,0.1,21978,
7613,286272,-3.0,0.0,4.55,1,0.0,0.0,0.1,21978,
7614,286336,-5.3,0.0,5.88,3,0.0,0.3333,0.1,21982,
7615,286336,-2.2,0.0,7.14,1,0.0,0.0,0.1,21982,
7616,286400,-2.0,0.0,18.18,2,0.5,0.5,0.1,21987,
7617,286400,-5.3,0.0,5.88,3,0.3333,0.0,0.1,21987,
7618,286464,-3.4,0.0,3.85,1,0.0,0.0,0.1,21996,
7619,286464,-1.2,0.0,25.0,1,0.0,0.0,0.1,21996,
7620,286528,7.0,1.0,13.33,6,0.1667,0.0,0.1,22001,
7621,286528,-3.8,0.0,17.14,6,0.0,0.0,0.1,22001,
7622,286592,-5.5,0.0,9.8,5,0.0,0.2,0.1,22004,
7623,286592,-2.7,0.0,5.26,1,0.0,0.0,0.1,22004,
7624,286592,-4.9,0.0,17.65,9,0.0,0.6667,0.1,22004,
7625,286656,-1.7,0.0,11.11,1,0.0,0.0,0.1,22010,
7626,286656,-2.4,0.0,6.25,1,0.0,0.0,0.1,22010,
7627,286656,-5.2,0.0,3.92,2,0.0,0.5,0.1,22010,
7628,286656,-3.4,0.0,3.85,1,0.0,0.0,0.1,22010,
7629,286656,-2.2,0.0,15.38,2,0.0,0.0,0.1,22010,
7630,286720,-3.1,0.0,4.35,1,0.0,0.0,0.1,22017,
7631,286720,-4.4,0.0,27.03,10,0.2,0.1,0.1,22017,
7632,286720,-1.3,0.0,20.0,1,0.0,0.0,0.1,22017,
7633,286784,-3.2,0.0,2.94,1,0.0,0.0,0.1,22027,
7634,286784,9.9,1.0,4.76,1,0.0,0.0,0.1,22027,
7635,286784,-2.5,0.0,12.0,3,0.0,0.0,0.1,22027,
7636,286848,-2.6,0.0,3.57,1,0.0,0.0,0.1,22036,
7637,286848,-2.8,0.0,10.53,2,0.0,0.0,0.1,22036,
7638,286848,-4.4,0.0,2.78,1,0.0,0.0,0.1,22036,
7639,286848,-4.7,0.0,13.73,7,0.2857,0.1429,0.1,22036,
7640,286912,-5.2,0.0,3.92,2,0.0,0.5,0.1,22041,
7641,286912,-4.7,0.0,5.26,2,0.0,0.5,0.1,22041,
7642,286912,-2.4,0.0,6.25,1,0.0,0.0,0.1,22041,
7643,287040,-0.8,0.0,10.0,1,0.0,0.0,0.1,22050,
7644,287104,-3.4,0.0,3.85,1,0.0,0.0,0.1,22056,
7645,287168,-3.3,0.0,13.04,3,0.3333,0.0,0.1,22064,
7646,287168,-4.1,0.0,17.24,5,0.4,0.4,0.1,22064,
7647,287168,-4.3,0.0,5.88,2,0.0,0.5,0.1,22064,
7648,287232,-1.8,0.0,5.0,1,0.0,0.0,0.1,22069,
7649,287232,11.5,1.0,20.0,1,1.0,1.0,0.1,22069,
7650,287232,-4.8,0.0,7.89,3,0.3333,0.0,0.1,22069,
7651,287360,-1.9,0.0,20.0,2,0.0,0.5,0.1,22082,
7652,287360,-1.9,0.0,9.09,1,0.0,0.0,0.1,22082,
7653,287360,-2.3,0.0,14.29,2,0.0,0.0,0.1,22082,
7654,287360,-2.0,0.0,18.18,2,0.5,0.0,0.1,22082,
7655,287424,-5.1,0.0,8.0,4,0.0,0.25,0.1,22087,
7656,287424,-4.3,0.0,5.88,3,0.0,0.0,0.1,22087,
7657,287424,-2.1,0.0,16.67,2,0.0,0.0,0.1,22087,
7658,287488,-5.4,0.0,7.84,4,0.25,0.25,0.1,22094,
7659,287488,-1.9,0.0,9.09,1,0.0,0.0,0.1,22094,
7660,287552,-2.2,0.0,7.14,1,0.0,0.0,0.1,22100,
7661,287616,-4.4,0.0,8.82,3,0.0,0.0,0.1,22105,
7662,287616,-1.2,0.0,25.0,1,0.0,0.0,0.1,22105,
7663,287616,8.6,1.0,2.94,1,0.0,1.0,0.1,22105,
7664,287680,-3.0,0.0,9.52,2,0.0,0.0,0.1,22111,
7665,287680,-5.2,0.0,3.92,2,0.0,0.0,0.1,22111,
7666,287744,-2.6,0.0,5.56,1,0.0,0.0,0.1,22123,
7667,287744,-4.3,0.0,20.0,6,0.0,0.5,0.1,22123,
7668,287744,-5.2,0.0,10.0,5,0.2,0.4,0.1,22123,
7669,287744,-2.1,0.0,7.69,1,0.0,0.0,0.1,22123,
7670,287744,-1.6,0.0,12.5,1,0.0,0.0,0.1,22123,
7671,287808,-3.6,0.0,18.18,6,0.0,0.3333,0.1,22133,
7672,287808,-4.0,0.0,0.0,0,,,0.1,22133,
7673,287808,9.3,1.0,12.0,3,0.3333,0.0,0.1,22133,
7674,287808,-5.8,0.0,8.51,4,0.25,0.0,0.1,22133,
7675,287808,-1.8,0.0,10.0,1,0.0,0.0,0.1,22133,
7676,287808,-3.5,0.0,7.69,2,0.0,0.0,0.1,22133,
7677,287872,-5.0,0.0,10.26,4,0.0,0.5,0.1,22142,
7678,287872,-5.0,0.0,0.0,0,,,0.1,22142,
7679,287872,-3.5,0.0,3.7,1,0.0,0.0,0.1,22142,
7680,287872,-4.4,0.0,12.12,4,0.25,0.25,0.1,22142,
7681,288000,-1.8,0.0,10.0,1,0.0,0.0,0.1,22155,
7682,288064,9.7,1.0,0.0,0,,,0.1,22160,
7683,288128,-0.2,0.0,25.0,1,0.0,0.0,0.1,22167,
7684,288128,7.8,1.0,7.5,3,0.0,0.0,0.1,22167,
7685,288128,-2.0,0.0,4.55,1,0.0,0.0,0.1,22167,
7686,288192,-4.2,0.0,12.5,5,0.2,0.0,0.1,22172,
7687,288192,-2.2,0.0,25.0,3,0.0,0.3333,0.1,22172,
7688,288256,-4.8,0.0,2.5,1,0.0,0.0,0.1,22176,
7689,288256,-5.0,0.0,0.0,0,,,0.1,22176,
7690,288320,-3.5,0.0,3.7,1,0.0,0.0,0.1,22184,
7691,288384,-4.6,0.0,11.76,6,0.1667,0.0,0.1,22191,
7692,288448,-2.6,0.0,11.76,2,0.0,0.0,0.1,22199,
7693,288448,-2.8,0.0,5.0,1,0.0,0.0,0.1,22199,
7694,288512,-3.2,0.0,16.67,5,0.0,0.2,0.1,22204,
7695,288512,-4.0,0.0,3.12,1,0.0,0.0,0.1,22204,
7696,288512,-5.6,0.0,11.76,6,0.0,0.1667,0.1,22204,
7697,288576,-2.1,0.0,16.67,2,0.5,0.0,0.1,22209,
7698,288576,-2.4,0.0,30.77,4,0.0,0.0,0.1,22209,
7699,288768,-1.6,0.0,12.5,1,0.0,0.0,0.1,22228,
7700,288768,-2.3,0.0,6.67,1,0.0,0.0,0.1,22228,
7701,288832,-4.5,0.0,22.58,7,0.0,0.1429,0.1,22231,
7702,288832,-1.5,0.0,5.88,1,0.0,0.0,0.1,22231,
7703,288896,-5.3,0.0,5.88,3,0.0,0.0,0.1,22237,
7704,288896,-2.6,0.0,5.56,1,0.0,0.0,0.1,22237,
7705,288896,9.8,1.0,4.55,1,0.0,1.0,0.1,22237,
7706,288960,-1.8,0.0,23.53,4,0.25,0.0,0.1,22242,
7707,289088,-2.6,0.0,26.09,6,0.0,0.1667,0.1,22250,
7708,289088,-3.0,0.0,15.0,3,0.0,0.0,0.1,22250,
7709,289152,-3.8,0.0,10.71,3,0.0,0.0,0.1,22253,
7710,289152,-3.7,0.0,5.26,2,0.0,0.5,0.1,22253,
7711,289152,-3.2,0.0,13.64,3,0.3333,0.0,0.1,22253,
7712,289216,-5.2,0.0,12.5,5,0.0,0.0,0.1,22263,
7713,289216,-5.2,0.0,3.92,2,0.0,1.0,0.1,22263,
7714,289216,-1.5,0.0,14.29,1,0.0,0.0,0.1,22263,
7715,289216,-5.6,0.0,4.26,2,0.0,0.5,0.1,22263,
7716,289280,-3.2,0.0,8.7,2,0.5,0.5,0.1,22272,
7717,289280,-2.7,0.0,5.26,1,0.0,0.0,0.1,22272,
7718,289280,-2.9,0.0,10.0,2,0.0,0.0,0.1,22272,
7719,289280,-2.5,0.0,12.5,2,0.0,0.5,0.1,22272,
7720,289344,-3.7,0.0,5.26,2,0.0,0.0,0.1,22280,
7721,289344,-2.7,0.0,5.26,1,0.0,0.0,0.1,22280,
7722,289408,-3.9,0.0,6.67,2,0.0,0.5,0.1,22284,
7723,289408,-5.8,0.0,15.69,8,0.0,0.0,0.1,22284,
7724,289472,-5.0,0.0,4.88,2,0.0,0.0,0.1,22290,
7725,289536,-4.9,0.0,17.65,9,0.1111,0.1111,0.1,22295,
7726,289536,-4.7,0.0,13.73,7,0.0,0.2857,0.1,22295,
7727,289536,8.3,1.0,5.56,2,0.0,0.0,0.1,22295,
7728,289536,-4.7,0.0,13.73,7,0.1429,0.2857,0.1,22295,
7729,289600,-5.3,0.0,17.95,7,0.1429,0.2857,0.1,22301,
7730,289600,-5.6,0.0,11.76,6,0.0,0.1667,0.1,22301,
7731,289600,-0.6,0.0,12.5,1,0.0,0.0,0.1,22301,
7732,289600,-3.9,0.0,10.34,3,0.0,0.0,0.1,22301,
7733,289600,-2.4,0.0,6.25,1,0.0,0.0,0.1,22301,
7734,289600,-4.0,0.0,6.45,2,0.5,0.0,0.1,22301,
7735,289664,-2.9,0.0,10.0,2,0.0,0.0,0.1,22306,
7736,289664,-4.9,0.0,10.53,4,0.25,0.25,0.1,22306,
7737,289664,-5.2,0.0,15.38,6,0.1667,0.1667,0.1,22306,
7738,289728,-5.7,0.0,11.11,5,0.2,0.6,0.1,22311,
7739,289792,-5.2,0.0,4.65,2,0.0,0.5,0.1,22317,
7740,289792,-4.3,0.0,5.88,3,0.3333,0.0,0.1,22317,
7741,289792,-3.5,0.0,2.7,1,0.0,0.0,0.1,22317,
7742,289792,-1.5,0.0,14.29,1,0.0,0.0,0.1,22317,
7743,289856,-4.2,0.0,12.9,4,0.0,0.25,0.1,22324,
7744,289920,-3.7,0.0,11.11,3,0.0,0.0,0.1,22330,
7745,289984,-3.2,0.0,8.7,2,0.0,0.0,0.1,22337,
7746,289984,-3.8,0.0,7.89,3,0.3333,0.0,0.1,22337,
7747,289984,-2.6,0.0,5.56,1,0.0,0.0,0.1,22337,
7748,290048,10.7,1.0,16.67,2,0.0,0.5,0.1,22342,
7749,290048,-5.4,0.0,7.84,4,0.25,0.25,0.1,22342,
7750,290048,-5.6,0.0,11.76,6,0.0,0.5,0.1,22342,
7751,290048,-2.7,0.0,11.11,2,0.0,0.5,0.1,22342,
7752,290112,-5.5,0.0,9.8,5,0.0,0.2,0.1,22349,
7753,290112,-1.7,0.0,11.11,1,0.0,0.0,0.1,22349,
7754,290176,10.8,1.0,0.0,0,,,0.1,22356,
7755,290176,-3.7,0.0,15.38,4,0.0,0.25,0.1,22356,
7756,290304,-2.8,0.0,6.9,2,0.5,0.0,0.1,22363,
7757,290432,-5.5,0.0,2.13,1,0.0,0.0,0.1,22376,
7758,290432,-1.3,0.0,20.0,1,0.0,0.0,0.1,22376,
7759,290560,-1.6,0.0,12.5,1,0.0,0.0,0.1,22387,
7760,290560,-2.7,0.0,11.11,2,0.0,0.0,0.1,22387,
7761,290560,-5.8,0.0,13.33,6,0.0,0.1667,0.1,22387,
7762,290560,-2.2,0.0,13.64,3,0.3333,0.0,0.1,22387,
7763,290624,-2.8,0.0,31.25,5,0.2,0.2,0.1,22390,
7764,290688,-2.6,0.0,11.76,2,0.0,0.0,0.1,22393,
7765,290752,10.2,1.0,5.56,1,1.0,0.0,0.1,22401,
7766,290816,-2.9,0.0,4.76,1,0.0,0.0,0.1,22406,
7767,290816,-3.2,0.0,4.17,1,0.0,0.0,0.1,22406,
7768,290880,-3.6,0.0,11.54,3,0.0,0.0,0.1,22413,
7769,290880,-5.1,0.0,1.96,1,0.0,1.0,0.1,22413,
7770,290880,-2.6,0.0,11.76,2,0.0,0.0,0.1,22413,
7771,290944,-2.9,0.0,10.0,2,0.0,0.0,0.1,22421,
7772,290944,-4.0,0.0,10.26,4,0.25,0.5,0.1,22421,
7773,290944,-2.3,0.0,23.08,3,0.0,0.0,0.1,22421,
7774,290944,-2.8,0.0,5.0,1,0.0,0.0,0.1,22421,
7775,290944,-4.8,0.0,15.69,8,0.0,0.125,0.1,22421,
7776,291008,-3.0,0.0,17.86,5,0.0,0.2,0.1,22426,
7777,291008,-2.7,0.0,5.26,1,0.0,0.0,0.1,22426,
7778,291072,-4.7,0.0,13.73,7,0.1429,0.1429,0.1,22433,
7779,291072,-4.1,0.0,1.96,1,0.0,0.0,0.1,22433,
7780,291136,8.8,1.0,10.0,3,0.0,0.0,0.1,22437,
7781,291136,-4.4,0.0,7.84,4,0.0,0.25,0.1,22437,
7782,291136,-3.3,0.0,8.33,2,0.0,0.0,0.1,22437,
7783,291200,-4.8,0.0,10.81,4,0.0,0.25,0.1,22442,
7784,291264,-1.4,0.0,16.67,1,0.0,0.0,0.1,22448,
7785,291328,-0.4,0.0,16.67,1,0.0,0.0,0.1,22456,
7786,291328,-2.0,0.0,27.78,5,0.2,0.2,0.1,22456,
7787,291392,-1.3,0.0,20.0,1,0.0,0.0,0.1,22463,
7788,291392,-4.2,0.0,3.92,2,0.0,0.0,0.1,22463,
7789,291392,-4.9,0.0,7.69,3,0.0,0.0,0.1,22463,
7790,291392,-4.1,0.0,3.03,1,0.0,0.0,0.1,22463,
7791,291392,-5.1,0.0,15.79,6,0.0,0.0,0.1,22463,
7792,291392,-4.8,0.0,15.69,8,0.0,0.5,0.1,22463,
7793,291456,-4.5,0.0,5.56,2,0.0,0.0,0.1,22469,
7794,291456,-1.4,0.0,16.67,1,0.0,0.0,0.1,22469,
7795,291456,-2.9,0.0,6.67,2,0.5,0.0,0.1,22469,
7796,291456,-5.3,0.0,5.88,3,0.0,0.0,0.1,22469,
7797,291520,-1.7,0.0,5.26,1,0.0,0.0,0.1,22476,
7798,291520,-2.9,0.0,18.52,5,0.4,0.4,0.1,22476,
7799,291584,-4.3,0.0,5.88,3,0.0,0.3333,0.1,22479,
7800,291584,-1.5,0.0,14.29,1,0.0,0.0,0.1,22479,
7801,291712,-2.2,0.0,25.0,3,0.0,0.3333,0.1,22494,
7802,291712,-2.5,0.0,28.57,4,0.25,0.25,0.1,22494,
7803,291712,-2.0,0.0,8.33,1,0.0,0.0,0.1,22494,
7804,291776,-5.0,0.0,4.88,2,0.0,0.0,0.1,22503,
7805,291776,-6.1,0.0,5.88,3,0.3333,0.3333,0.1,22503,
7806,291840,-3.6,0.0,3.57,1,0.0,0.0,0.1,22508,
7807,291840,-5.3,0.0,5.88,3,0.0,0.6667,0.1,22508,
7808,291904,-1.3,0.0,20.0,1,0.0,0.0,0.1,22513,
7809,291968,-4.1,0.0,10.0,4,0.25,0.0,0.1,22518,
7810,291968,-5.7,0.0,16.28,7,0.1429,0.1429,0.1,22518,
7811,292032,-5.2,0.0,3.92,2,0.0,0.5,0.1,22523,
7812,292032,-3.4,0.0,8.0,2,0.0,0.5,0.1,22523,
7813,292160,-2.8,0.0,10.53,2,0.0,0.0,0.1,22537,
7814,292160,-2.4,0.0,6.25,1,0.0,0.0,0.1,22537,
7815,292160,-3.3,0.0,4.0,1,0.0,0.0,0.1,22537,
7816,292160,-3.5,0.0,3.7,1,0.0,0.0,0.1,22537,
7817,292160,-2.3,0.0,23.08,3,0.0,0.0,0.1,22537,
7818,292160,-5.2,0.0,3.92,2,0.0,0.5,0.1,22537,
7819,292224,6.9,1.0,13.04,6,0.1667,0.1667,0.1,22543,
7820,292224,-2.2,0.0,25.0,3,0.3333,0.0,0.1,22543,
7821,292224,-4.3,0.0,2.86,1,0.0,0.0,0.1,22543,
7822,292224,-2.7,0.0,5.26,1,0.0,0.0,0.1,22543,
7823,292288,-2.2,0.0,7.14,1,0.0,0.0,0.1,22555,
7824,292288,-1.9,0.0,9.09,1,0.0,0.0,0.1,22555,
7825,292288,-3.7,0.0,11.11,3,0.0,0.0,0.1,22555,
7826,292288,-2.4,0.0,6.25,1,0.0,0.0,0.1,22555,
7827,292352,-5.5,0.0,9.8,5,0.0,0.2,0.1,22561,
7828,292352,-4.5,0.0,11.63,5,0.2,0.2,0.1,22561,
7829,292416,10.5,1.0,14.29,2,0.0,0.0,0.1,22566,
7830,292416,-3.8,0.0,6.9,2,0.0,0.5,0.1,22566,
7831,292416,-1.6,0.0,12.5,1,0.0,0.0,0.1,22566,
7832,292416,-5.0,0.0,13.16,5,0.2,0.6,0.1,22566,
7833,292480,-4.2,0.0,20.69,6,0.1667,0.3333,0.1,22571,
7834,292480,7.8,1.0,10.26,4,0.0,0.5,0.1,22571,
7835,292608,-3.6,0.0,7.41,2,0.0,0.0,0.1,22578,
7836,292608,-2.8,0.0,5.0,1,0.0,0.0,0.1,22578,
7837,292608,10.1,1.0,11.11,2,0.5,0.5,0.1,22578,
7838,292800,-5.9,0.0,8.33,4,0.25,0.0,0.1,22591,
7839,292800,-1.6,0.0,12.5,1,0.0,0.0,0.1,22591,
7840,292800,-5.3,0.0,5.88,3,0.6667,0.0,0.1,22591,
7841,292800,-5.7,0.0,2.04,1,0.0,0.0,0.1,22591,
7842,292800,-4.4,0.0,7.84,4,0.25,0.0,0.1,22591,
7843,292800,-3.2,0.0,13.64,3,0.0,0.0,0.1,22591,
7844,292864,-4.1,0.0,1.96,1,0.0,0.0,0.1,22593,
7845,292928,-3.8,0.0,29.17,7,0.1429,0.1429,0.1,22600,
7846,292928,-0.6,0.0,12.5,1,0.0,0.0,0.1,22600,
7847,292928,-1.1,0.0,16.67,2,0.5,0.0,0.1,22600,
7848,292992,-2.3,0.0,6.67,1,0.0,0.0,0.1,22605,
7849,292992,-3.4,0.0,8.0,2,0.0,0.0,0.1,22605,
7850,292992,10.0,1.0,10.53,2,0.0,0.0,0.1,22605,
7851,293056,-4.7,0.0,6.38,3,0.0,0.0,0.1,22611,
7852,293056,-5.4,0.0,7.84,4,0.0,0.25,0.1,22611,
7853,293056,-4.8,0.0,13.33,6,0.0,0.5,0.1,22611,
7854,293056,-1.2,0.0,7.14,1,0.0,0.0,0.1,22611,
7855,293120,-2.8,0.0,5.0,1,0.0,0.0,0.1,22620,
7856,293120,-1.9,0.0,9.09,1,0.0,0.0,0.1,22620,
7857,293120,-3.6,0.0,11.54,3,0.3333,0.3333,0.1,22620,
7858,293120,-4.7,0.0,13.73,7,0.0,0.1429,0.1,22620,
7859,293184,-5.4,0.0,7.84,4,0.0,0.0,0.1,22625,
7860,293184,-3.3,0.0,13.04,3,0.0,0.3333,0.1,22625,
7861,293184,-2.8,0.0,10.53,2,0.0,0.0,0.1,22625,
7862,293184,-1.7,0.0,11.11,1,0.0,0.0,0.1,22625,
7863,293248,-2.4,0.0,21.43,3,0.0,0.3333,0.1,22631,
7864,293312,-5.5,0.0,9.8,5,0.0,0.2,0.1,22637,
7865,293376,-2.7,0.0,11.11,2,0.0,0.0,0.1,22643,
7866,293440,-3.6,0.0,7.41,2,0.5,0.0,0.1,22645,
7867,293504,10.9,1.0,9.09,1,0.0,1.0,0.1,22651,
7868,293504,-3.2,0.0,4.17,1,0.0,0.0,0.1,22651,
7869,293504,-1.9,0.0,4.76,1,0.0,0.0,0.1,22651,
7870,293568,-3.1,0.0,14.29,3,0.0,0.3333,0.1,22655,
7871,293632,-2.9,0.0,4.76,1,0.0,0.0,0.1,22661,
7872,293632,-2.7,0.0,11.11,2,0.0,0.0,0.1,22661,
7873,293696,-1.3,0.0,14.29,2,0.0,0.0,0.1,22664,
7874,293696,-2.2,0.0,15.38,2,0.0,0.0,0.1,22664,
7875,293760,-3.2,0.0,4.17,1,0.0,0.0,0.1,22672,
7876,293760,-2.1,0.0,7.69,1,0.0,0.0,0.1,22672,
7877,293760,-3.2,0.0,4.17,1,0.0,0.0,0.1,22672,
7878,293760,-1.8,0.0,22.22,2,0.5,0.5,0.1,22672,
7879,293824,-5.2,0.0,3.92,2,0.0,0.5,0.1,22672,
7880,293888,-3.3,0.0,4.0,1,0.0,0.0,0.1,22679,
7881,293952,-4.5,0.0,9.8,5,0.2,0.2,0.1,22684,
7882,294016,-2.4,0.0,6.25,1,0.0,0.0,0.1,22694,
7883,294016,-3.1,0.0,9.68,3,0.3333,0.3333,0.1,22694,
7884,294016,-5.6,0.0,11.76,6,0.0,0.1667,0.1,22694,
7885,294016,-1.4,0.0,13.33,2,0.0,0.0,0.1,22694,
7886,294080,-5.3,0.0,5.88,3,0.0,0.6667,0.1,22697,
7887,294144,-5.3,0.0,5.88,3,0.0,0.0,0.1,22702,
7888,294144,-3.4,0.0,3.85,1,0.0,0.0,0.1,22702,
7889,294144,9.4,1.0,28.57,6,0.0,0.3333,0.1,22702,
7890,294208,-1.6,0.0,12.5,1,0.0,0.0,0.1,22707,
7891,294208,-5.5,0.0,9.8,5,0.0,0.2,0.1,22707,
7892,294208,-3.5,0.0,12.0,3,0.0,0.6667,0.1,22707,
7893,294272,-1.1,0.0,7.69,1,0.0,0.0,0.1,22713,
7894,294272,-4.4,0.0,7.84,4,0.0,0.75,0.1,22713,
7895,294272,-3.8,0.0,6.9,2,0.0,0.0,0.1,22713,
7896,294400,-3.1,0.0,14.29,3,0.0,0.3333,0.1,22725,
7897,294400,-4.1,0.0,1.96,1,0.0,0.0,0.1,22725,
7898,294464,-5.3,0.0,5.88,3,0.3333,0.0,0.1,22729,
7899,294528,-2.8,0.0,5.0,1,0.0,0.0,0.1,22739,
7900,294528,-5.4,0.0,6.82,3,0.0,0.0,0.1,22739,
7901,294592,-4.7,0.0,5.26,2,0.0,0.0,0.1,22749,
7902,294592,6.7,1.0,10.2,5,0.0,0.2,0.1,22749,
7903,294656,-4.6,0.0,11.76,6,0.1667,0.3333,0.1,22754,
7904,294656,-3.6,0.0,20.83,5,0.4,0.8,0.1,22754,
7905,294656,-5.4,0.0,7.84,4,0.0,0.25,0.1,22754,
7906,294720,-3.8,0.0,3.33,1,0.0,0.0,0.1,22763,
7907,294720,-0.6,0.0,12.5,1,0.0,0.0,0.1,22763,
7908,294720,-2.7,0.0,5.26,1,0.0,0.0,0.1,22763,
7909,294784,-3.3,0.0,5.88,2,0.0,0.5,0.1,22766,
7910,294784,-4.4,0.0,7.84,4,0.5,0.25,0.1,22766,
7911,294848,-3.1,0.0,14.29,3,0.0,0.3333,0.1,22772,
7912,294848,-2.8,0.0,5.0,1,0.0,0.0,0.1,22772,
7913,294848,8.6,1.0,16.67,5,0.0,0.2,0.1,22772,
7914,294912,-3.1,0.0,3.03,1,0.0,0.0,0.1,22775,
7915,294976,-1.7,0.0,11.11,2,0.0,0.0,0.1,22778,
7916,295040,-5.3,0.0,6.98,3,0.0,0.0,0.1,22784,
7917,295040,-5.1,0.0,1.96,1,0.0,0.0,0.1,22784,
7918,295104,-5.2,0.0,3.92,2,0.0,0.0,0.1,22789,
7919,295104,-4.5,0.0,14.29,6,0.0,0.1667,0.1,22789,
7920,295104,7.8,1.0,26.47,9,0.2222,0.1111,0.1,22789,
7921,295168,-4.2,0.0,6.06,2,0.0,0.0,0.1,22792,
7922,295232,-3.1,0.0,20.0,4,0.0,0.25,0.1,22797,
7923,295232,8.7,1.0,3.03,1,1.0,1.0,0.1,22797,
7924,295232,-3.3,0.0,4.0,1,0.0,0.0,0.1,22797,
7925,295296,-3.2,0.0,13.64,3,0.0,0.0,0.1,22804,
7926,295296,-2.4,0.0,6.25,1,0.0,0.0,0.1,22804,
7927,295296,-2.6,0.0,5.56,1,0.0,0.0,0.1,22804,
7928,295360,-1.0,0.0,18.18,2,0.0,0.0,0.1,22811,
7929,295360,-4.2,0.0,2.94,1,0.0,0.0,0.1,22811,
7930,295360,-1.6,0.0,12.5,1,0.0,0.0,0.1,22811,
7931,295424,-5.5,0.0,9.8,5,0.0,0.0,0.1,22817,
7932,295424,-5.1,0.0,1.96,1,0.0,0.0,0.1,22817,
7933,295488,-2.6,0.0,11.76,2,0.0,0.0,0.1,22827,
7934,295488,-2.9,0.0,4.76,1,0.0,0.0,0.1,22827,
7935,295552,10.5,1.0,6.67,1,0.0,0.0,0.1,22830,
7936,295552,-1.7,0.0,11.11,1,0.0,0.0,0.1,22830,
7937,295616,-5.1,0.0,1.96,1,0.0,0.0,0.1,22839,
7938,295616,-2.6,0.0,5.56,1,0.0,0.0,0.1,22839,
7939,295616,-3.1,0.0,13.33,4,0.0,0.0,0.1,22839,
7940,295680,-2.1,0.0,16.67,2,0.0,0.5,0.1,22847,
7941,295744,8.9,1.0,18.52,5,0.2,0.2,0.1,22853,
7942,295744,-1.9,0.0,9.09,1,0.0,0.0,0.1,22853,
7943,295872,-5.4,0.0,9.3,4,0.0,0.25,0.1,22868,
7944,295872,-2.7,0.0,3.45,1,0.0,0.0,0.1,22868,
7945,295872,10.3,1.0,0.0,0,,,0.1,22868,
7946,295872,-2.6,0.0,11.76,2,0.5,0.0,0.1,22868,
7947,295936,-1.8,0.0,10.0,1,0.0,0.0,0.1,22875,
7948,295936,-4.4,0.0,8.82,3,0.0,0.3333,0.1,22875,
7949,296000,-0.4,0.0,40.0,2,0.0,0.0,0.1,22880,
7950,296000,-5.7,0.0,6.38,3,0.0,0.0,0.1,22880,
7951,296064,-5.5,0.0,9.8,5,0.2,0.2,0.1,22886,
7952,296064,-2.4,0.0,12.5,3,0.0,0.0,0.1,22886,
7953,296128,-1.7,0.0,25.0,2,0.5,0.0,0.1,22892,
7954,296128,-4.6,0.0,5.41,2,0.0,0.0,0.1,22892,
7955,296192,-2.2,0.0,15.38,2,0.0,0.0,0.1,22899,
7956,296192,7.8,1.0,13.16,5,0.4,0.2,0.1,22899,
7957,296192,-1.9,0.0,9.09,1,0.0,0.0,0.1,22899,
7958,296256,-5.1,0.0,1.96,1,0.0,0.0,0.1,22903,
7959,296320,-2.6,0.0,11.76,2,0.0,0.5,0.1,22907,
7960,296320,8.5,1.0,12.5,4,0.0,0.25,0.1,22907,
7961,296320,-4.9,0.0,17.65,9,0.0,0.2222,0.1,22907,
7962,296384,-4.4,0.0,7.84,4,0.0,0.0,0.1,22908,
7963,296448,8.1,1.0,5.26,2,0.5,0.5,0.1,22910,
7964,296448,-5.5,0.0,9.8,5,0.0,0.2,0.1,22910,
7965,296448,-4.7,0.0,17.65,6,0.0,0.1667,0.1,22910,
7966,296448,11.7,1.0,0.0,0,,,0.1,22910,
7967,296448,-5.3,0.0,5.88,3,0.0,0.0,0.1,22910,
7968,296512,-4.2,0.0,16.67,5,0.2,0.2,0.1,22919,
7969,296512,-3.2,0.0,13.64,3,0.0,0.0,0.1,22919,
7970,296512,-4.5,0.0,5.56,2,0.0,0.0,0.1,22919,
7971,296576,-5.8,0.0,2.0,1,0.0,0.0,0.1,22928,
7972,296576,-5.6,0.0,11.76,6,0.0,0.1667,0.1,22928,
7973,296640,-2.0,0.0,8.33,1,0.0,0.0,0.1,22938,
7974,296640,-1.8,0.0,5.0,1,0.0,0.0,0.1,22938,
7975,296640,9.4,1.0,8.0,2,0.0,1.0,0.1,22938,
7976,296640,-3.2,0.0,8.7,2,0.0,0.0,0.1,22938,
7977,296640,-2.0,0.0,9.52,2,0.5,0.5,0.1,22938,
7978,296704,-1.3,0.0,20.0,1,0.0,0.0,0.1,22945,
7979,296704,-2.0,0.0,15.0,3,0.0,0.3333,0.1,22945,
7980,296768,-4.0,0.0,3.12,1,0.0,0.0,0.1,22955,
7981,296768,-4.5,0.0,9.8,5,0.0,0.4,0.1,22955,
7982,296768,-4.0,0.0,6.45,2,0.0,0.0,0.1,22955,
7983,296832,-1.2,0.0,7.14,1,0.0,0.0,0.1,22961,
7984,296832,-6.0,0.0,10.42,5,0.2,0.2,0.1,22961,
7985,296832,-4.4,0.0,12.12,4,0.25,0.25,0.1,22961,
7986,296832,10.6,1.0,25.0,3,0.0,0.3333,0.1,22961,
7987,296896,-5.3,0.0,5.88,3,0.0,0.3333,0.1,22968,
7988,296896,-2.5,0.0,20.0,3,0.0,0.3333,0.1,22968,
7989,296960,-4.4,0.0,2.78,1,0.0,0.0,0.1,22973,
7990,297024,-0.2,0.0,25.0,1,0.0,0.0,0.1,22981,
7991,297024,-3.8,0.0,3.33,1,0.0,0.0,0.1,22981,
7992,297024,-3.6,0.0,5.41,2,0.0,0.0,0.1,22981,
7993,297088,-2.5,0.0,5.88,1,0.0,0.0,0.1,22988,
7994,297088,-2.9,0.0,4.76,1,0.0,0.0,0.1,22988,
7995,297152,-3.3,0.0,8.33,2,0.0,0.5,0.1,22992,
7996,297152,-3.1,0.0,9.09,2,0.0,0.0,0.1,22992,
7997,297216,-1.8,0.0,10.0,1,0.0,0.0,0.1,22996,
7998,297280,-2.2,0.0,25.0,3,0.0,0.3333,0.1,23002,
7999,297280,-4.2,0.0,9.38,3,0.3333,0.0,0.1,23002,
8000,297280,-1.5,0.0,14.29,1,0.0,0.0,0.1,23002,
8001,297280,-4.1,0.0,1.96,1,0.0,1.0,0.1,23002,
8002,297344,-2.4,0.0,21.43,3,0.0,0.0,0.1,23009,
8003,297344,-2.4,0.0,21.43,3,0.0,0.0,0.1,23009,
8004,297344,-5.2,0.0,3.92,2,0.0,0.0,0.1,23009,
8005,297408,-1.9,0.0,9.09,1,0.0,0.0,0.1,23023,
8006,297408,-3.9,0.0,6.67,2,0.0,0.5,0.1,23023,
8007,297408,-1.8,0.0,22.22,2,0.5,0.5,0.1,23023,
8008,297408,-1.8,0.0,10.0,1,0.0,0.0,0.1,23023,
8009,297408,11.1,1.0,11.11,1,0.0,1.0,0.1,23023,
8010,297408,-4.3,0.0,5.88,3,0.0,0.0,0.1,23023,
8011,297472,-4.6,0.0,11.76,6,0.0,0.3333,0.1,23030,
8012,297472,-3.3,0.0,5.88,2,0.0,0.0,0.1,23030,
8013,297472,-4.4,0.0,12.12,4,0.0,0.5,0.1,23030,
8014,297536,-3.4,0.0,3.85,1,0.0,0.0,0.1,23037,
8015,297536,-2.4,0.0,21.43,3,0.3333,0.0,0.1,23037,
8016,297536,-2.0,0.0,4.55,1,0.0,0.0,0.1,23037,
8017,297536,9.7,1.0,20.0,4,0.0,0.0,0.1,23037,
8018,297664,-3.5,0.0,15.15,5,0.2,0.0,0.1,23051,
8019,297664,-3.0,0.0,9.52,2,0.0,0.5,0.1,23051,
8020,297664,-4.3,0.0,5.88,3,0.0,0.3333,0.1,23051,
8021,297728,-3.3,0.0,18.18,4,0.0,0.25,0.1,23058,
8022,297792,-4.6,0.0,11.76,6,0.0,0.6667,0.1,23066,
8023,297856,-1.6,0.0,28.57,2,0.0,0.0,0.1,23072,
8024,297856,-1.7,0.0,25.0,2,0.0,0.0,0.1,23072,
8025,297920,-1.7,0.0,11.11,1,0.0,0.0,0.1,23081,
8026,297920,-0.9,0.0,33.33,3,0.3333,0.0,0.1,23081,
8027,297920,-1.5,0.0,14.29,1,0.0,0.0,0.1,23081,
8028,297984,-4.4,0.0,12.12,4,0.0,0.0,0.1,23090,
8029,298048,-1.6,0.0,12.5,1,0.0,0.0,0.1,23098,
8030,298048,-2.1,0.0,9.09,2,0.0,0.0,0.1,23098,
8031,298048,-4.9,0.0,7.69,3,0.0,0.0,0.1,23098,
8032,298048,-2.0,0.0,15.0,3,0.0,0.0,0.1,23098,
8033,298112,-2.4,0.0,13.33,2,0.0,0.0,0.1,23107,
8034,298112,-1.4,0.0,13.33,2,0.0,0.0,0.1,23107,
8035,298112,-1.9,0.0,9.09,1,0.0,0.0,0.1,23107,
8036,298112,-5.8,0.0,15.69,8,0.0,0.25,0.1,23107,
8037,298112,-2.0,0.0,30.0,3,0.0,0.3333,0.1,23107,
8038,298112,-5.6,0.0,11.76,6,0.1667,0.3333,0.1,23107,
8039,298112,-5.1,0.0,4.76,2,0.5,0.0,0.1,23107,
8040,298176,-3.6,0.0,20.83,5,0.0,0.0,0.1,23114,
8041,298240,-3.6,0.0,3.57,1,0.0,0.0,0.1,23122,
8042,298304,-5.4,0.0,14.0,7,0.0,0.0,0.1,23132,
8043,298304,-2.1,0.0,16.67,2,0.0,0.0,0.1,23132,
8044,298304,-3.4,0.0,3.85,1,0.0,0.0,0.1,23132,
8045,298368,-2.1,0.0,7.69,1,0.0,0.0,0.1,23140,
8046,298368,-1.9,0.0,10.0,2,0.0,0.0,0.1,23140,
8047,298432,-3.3,0.0,4.0,1,0.0,0.0,0.1,23148,
8048,298432,-3.2,0.0,8.7,2,0.0,0.0,0.1,23148,
8049,298496,-2.7,0.0,17.65,3,0.0,0.0,0.1,23152,
8050,298496,-5.4,0.0,7.84,4,0.0,0.25,0.1,23152,
8051,298560,-2.3,0.0,14.29,2,0.5,0.5,0.1,23159,
8052,298560,-0.5,0.0,14.29,1,0.0,0.0,0.1,23159,
8053,298752,7.9,1.0,20.0,7,0.0,0.5714,0.1,23177,
8054,298816,-4.5,0.0,5.56,2,0.5,0.0,0.1,23190,
8055,298816,-1.9,0.0,9.09,1,0.0,0.0,0.1,23190,
8056,298880,-1.1,0.0,16.67,2,0.0,0.0,0.1,23197,
8057,298880,-1.7,0.0,11.11,1,0.0,0.0,0.1,23197,
8058,298880,-2.1,0.0,16.67,2,0.0,0.0,0.1,23197,
8059,298880,-5.0,0.0,19.61,10,0.0,0.2,0.1,23197,
8060,298944,-3.6,0.0,11.43,4,0.0,0.0,0.1,23206,
8061,299008,-4.4,0.0,19.35,6,0.1667,0.3333,0.1,23215,
8062,299008,-5.1,0.0,20.0,9,0.2222,0.2222,0.1,23215,
8063,299136,-2.7,0.0,5.26,1,0.0,0.0,0.1,23221,
8064,299136,9.5,1.0,4.0,1,0.0,0.0,0.1,23221,
8065,299136,-5.0,0.0,0.0,0,,,0.1,23221,
8066,299136,-1.5,0.0,12.5,2,0.0,0.0,0.1,23221,
8067,299200,-2.6,0.0,20.83,5,0.2,0.4,0.1,23230,
8068,299200,-2.6,0.0,5.56,1,0.0,0.0,0.1,23230,
8069,299264,-0.2,0.0,25.0,1,0.0,0.0,0.1,23235,
8070,299264,-5.4,0.0,7.84,4,0.5,0.25,0.1,23235,
8071,299328,-4.1,0.0,6.25,2,0.5,0.0,0.1,23244,
8072,299328,-2.1,0.0,4.35,1,0.0,0.0,0.1,23244,
8073,299328,-4.9,0.0,17.65,9,0.0,0.1111,0.1,23244,
8074,299392,-2.6,0.0,18.75,3,0.0,0.0,0.1,23252,
8075,299456,-5.5,0.0,9.8,5,0.0,0.2,0.1,23264,
8076,299456,-4.8,0.0,7.89,3,0.0,0.3333,0.1,23264,
8077,299456,-5.2,0.0,3.92,2,0.0,0.0,0.1,23264,
8078,299520,-3.6,0.0,11.43,4,0.0,0.25,0.1,23271,
8079,299584,-2.9,0.0,10.0,2,0.5,0.0,0.1,23283,
8080,299584,-5.1,0.0,4.76,2,0.0,0.5,0.1,23283,
8081,299584,-4.3,0.0,9.09,3,0.0,0.0,0.1,23283,
8082,299584,-3.6,0.0,3.57,1,0.0,0.0,0.1,23283,
8083,299584,-3.4,0.0,3.85,1,0.0,0.0,0.1,23283,
8084,299584,-5.9,0.0,17.65,9,0.1111,0.3333,0.1,23283,
8085,299648,10.6,1.0,15.38,2,0.0,0.5,0.1,23288,
8086,299712,-4.1,0.0,1.96,1,0.0,0.0,0.1,23291,
8087,299712,-4.8,0.0,15.69,8,0.25,0.5,0.1,23291,
8088,299776,-2.0,0.0,8.33,1,0.0,0.0,0.1,23299,
8089,299776,-3.2,0.0,13.64,3,0.0,0.3333,0.1,23299,
8090,299776,-3.5,0.0,7.69,2,0.0,0.0,0.1,23299,
8091,299840,-4.8,0.0,15.69,8,0.0,0.25,0.1,23305,
8092,299840,-4.1,0.0,9.68,3,0.0,0.3333,0.1,23305,
8093,299904,-2.0,0.0,8.33,1,0.0,0.0,0.1,23316,
8094,299904,-5.5,0.0,9.8,5,0.0,0.2,0.1,23316,
8095,299904,10.6,1.0,25.0,3,0.3333,0.6667,0.1,23316,
8096,299968,-3.1,0.0,4.35,1,0.0,0.0,0.1,23328,
8097,300032,-4.6,0.0,13.95,6,0.1667,0.0,0.1,23338,
8098,300032,-3.6,0.0,16.0,4,0.0,0.25,0.1,23338,
8099,300096,-3.0,0.0,15.0,3,0.0,0.0,0.1,23347,
8100,300096,-4.4,0.0,15.62,5,0.0,0.2,0.1,23347,
8101,300096,-3.8,0.0,19.23,5,0.0,0.0,0.1,23347,
8102,300160,-1.9,0.0,20.0,2,0.0,0.0,0.1,23353,
8103,300160,-5.5,0.0,9.8,5,0.2,0.2,0.1,23353,
8104,300160,-3.1,0.0,13.33,4,0.5,0.25,0.1,23353,
8105,300224,-5.6,0.0,6.52,3,0.0,0.0,0.1,23361,
8106,300288,-5.9,0.0,1.96,1,0.0,0.0,0.1,23368,
8107,300352,-4.6,0.0,11.76,6,0.1667,0.0,0.1,23371,
8108,300352,-3.8,0.0,10.71,3,0.0,0.0,0.1,23371,
8109,300416,-3.4,0.0,17.39,4,0.0,0.25,0.1,23379,
8110,300416,-2.2,0.0,15.38,2,0.0,0.0,0.1,23379,
8111,300480,-1.6,0.0,5.56,1,0.0,0.0,0.1,23389,
8112,300480,-4.9,0.0,17.65,9,0.0,0.1111,0.1,23389,
8113,300480,-1.4,0.0,16.67,1,0.0,0.0,0.1,23389,
8114,300544,-2.5,0.0,7.69,2,0.0,0.0,0.1,23395,
8115,300544,-1.7,0.0,25.0,2,0.5,0.0,0.1,23395,
8116,300544,-2.6,0.0,5.56,1,0.0,0.0,0.1,23395,
8117,300544,-2.4,0.0,13.33,2,0.0,0.0,0.1,23395,
8118,300672,-5.0,0.0,19.61,10,0.2,0.3,0.1,23403,
8119,300672,-1.2,0.0,15.38,2,0.0,0.0,0.1,23403,
8120,300672,-4.4,0.0,7.84,4,0.0,0.5,0.1,23403,
8121,300672,-4.9,0.0,17.65,9,0.0,0.2222,0.1,23403,
8122,300736,-2.6,0.0,11.76,2,0.0,0.5,0.1,23410,
8123,300736,-4.7,0.0,21.95,9,0.1111,0.3333,0.1,23410,
8124,300864,-3.9,0.0,3.23,1,0.0,0.0,0.1,23422,
8125,300864,-2.6,0.0,11.76,2,0.5,0.5,0.1,23422,
8126,300864,-3.4,0.0,12.5,3,0.0,0.0,0.1,23422,
8127,300928,-4.3,0.0,5.88,3,0.0,0.3333,0.1,23428,
8128,300992,6.2,1.0,15.69,8,0.125,0.125,0.1,23438,
8129,300992,-4.6,0.0,11.43,4,0.0,0.25,0.1,23438,
8130,300992,-3.0,0.0,4.55,1,0.0,0.0,0.1,23438,
8131,300992,-2.7,0.0,11.11,2,0.0,0.0,0.1,23438,
8132,301120,-5.4,0.0,2.17,1,0.0,0.0,0.1,23453,
8133,301120,-2.6,0.0,18.75,3,0.0,0.0,0.1,23453,
8134,301120,-3.9,0.0,10.34,3,0.3333,0.3333,0.1,23453,
8135,301120,-3.3,0.0,8.33,2,0.0,0.0,0.1,23453,
8136,301184,-6.5,0.0,29.41,15,0.1333,0.4,0.1,23461,
8137,301184,-4.1,0.0,6.25,2,0.0,0.0,0.1,23461,
8138,301184,-0.9,0.0,9.09,1,0.0,0.0,0.1,23461,
8139,301248,-0.9,0.0,9.09,1,0.0,0.0,0.1,23474,
8140,301248,-2.1,0.0,7.69,1,0.0,0.0,0.1,23474,
8141,301248,-3.2,0.0,8.7,2,0.5,0.5,0.1,23474,
8142,301248,-4.5,0.0,18.75,6,0.1667,0.3333,0.1,23474,
8143,301248,-5.1,0.0,1.96,1,0.0,0.0,0.1,23474,
8144,301248,-2.6,0.0,18.75,3,0.0,0.0,0.1,23474,
8145,301312,-5.3,0.0,25.49,13,0.0769,0.2308,0.1,23482,
8146,301312,-6.4,0.0,27.45,14,0.0,0.2857,0.1,23482,
8147,301312,-2.0,0.0,8.33,1,0.0,0.0,0.1,23482,
8148,301376,-1.4,0.0,16.67,1,0.0,0.0,0.1,23487,
8149,301440,-3.1,0.0,20.0,4,0.0,0.0,0.1,23491,
8150,301504,-1.6,0.0,12.5,1,0.0,0.0,0.1,23498,
8151,301504,-1.8,0.0,10.0,1,0.0,0.0,0.1,23498,
8152,301504,-1.3,0.0,20.0,1,0.0,0.0,0.1,23498,
8153,301568,-2.6,0.0,11.76,2,0.0,0.0,0.1,23505,
8154,301568,-4.7,0.0,13.73,7,0.1429,0.2857,0.1,23505,
8155,301632,-2.0,0.0,8.33,1,0.0,0.0,0.1,23511,
8156,301696,-1.7,0.0,11.11,1,0.0,0.0,0.1,23519,
8157,301696,-2.8,0.0,10.53,2,0.0,0.5,0.1,23519,
8158,301760,-2.0,0.0,30.0,3,0.3333,0.3333,0.1,23528,
8159,301760,-5.3,0.0,12.2,5,0.2,0.2,0.1,23528,
8160,301760,-5.6,0.0,11.76,6,0.1667,0.1667,0.1,23528,
8161,301760,-3.1,0.0,17.24,5,0.0,0.4,0.1,23528,
8162,301824,-1.5,0.0,5.88,1,0.0,0.0,0.1,23533,
8163,301824,-5.4,0.0,7.84,4,0.0,0.0,0.1,23533,
8164,301952,-3.0,0.0,15.0,3,0.0,0.0,0.1,23542,
8165,302016,-2.3,0.0,14.29,2,0.0,0.5,0.1,23546,
8166,302080,-3.9,0.0,6.67,2,0.5,0.0,0.1,23553,
8167,302080,-3.6,0.0,7.41,2,0.5,0.0,0.1,23553,
8168,302144,-1.8,0.0,22.22,2,0.0,0.0,0.1,23563,
8169,302144,-2.2,0.0,15.38,2,0.0,0.0,0.1,23563,
8170,302144,-4.3,0.0,5.88,3,0.3333,0.3333,0.1,23563,
8171,302144,-2.4,0.0,21.43,3,0.3333,0.0,0.1,23563,
8172,302144,-5.4,0.0,7.84,4,0.25,0.25,0.1,23563,
8173,302144,-1.9,0.0,33.33,3,0.0,0.0,0.1,23563,
8174,302208,-1.7,0.0,25.0,2,0.0,0.0,0.1,23568,
8175,302208,-2.8,0.0,5.0,1,0.0,0.0,0.1,23568,
8176,302272,-2.2,0.0,7.14,1,0.0,0.0,0.1,23576,
8177,302272,-1.2,0.0,25.0,1,0.0,0.0,0.1,23576,
8178,302336,-2.5,0.0,5.88,1,0.0,0.0,0.1,23587,
8179,302464,-1.9,0.0,10.0,2,0.0,0.0,0.1,23595,
8180,302464,-3.3,0.0,13.04,3,0.3333,0.3333,0.1,23595,
8181,302464,-4.4,0.0,12.12,4,0.0,0.5,0.1,23595,
8182,302464,-5.5,0.0,9.8,5,0.2,0.2,0.1,23595,
8183,302528,-3.6,0.0,11.43,4,0.25,0.0,0.1,23604,
8184,302528,-5.1,0.0,21.57,11,0.0909,0.1818,0.1,23604,
8185,302528,-4.4,0.0,12.12,4,0.0,0.5,0.1,23604,
8186,302528,-2.6,0.0,11.76,2,0.0,0.0,0.1,23604,
8187,302528,-2.4,0.0,6.25,1,0.0,0.0,0.1,23604,
8188,302592,-5.4,0.0,6.82,3,0.0,0.3333,0.1,23611,
8189,302592,-1.7,0.0,25.0,2,0.0,0.0,0.1,23611,
8190,302592,-6.1,0.0,5.88,3,0.0,0.0,0.1,23611,
8191,302592,-2.2,0.0,19.05,4,0.25,0.0,0.1,23611,
8192,302720,-5.3,0.0,5.88,3,0.0,0.3333,0.1,23622,
8193,302720,-2.1,0.0,9.09,2,0.0,0.0,0.1,23622,
8194,302720,-3.7,0.0,20.0,5,0.2,0.4,0.1,23622,
8195,302720,-5.0,0.0,0.0,0,,,0.1,23622,
8196,302720,-1.2,0.0,7.14,1,0.0,0.0,0.1,23622,
8197,302720,-5.4,0.0,7.84,4,0.0,0.5,0.1,23622,
8198,302784,-6.4,0.0,18.75,9,0.1111,0.4444,0.1,23629,
8199,302784,-1.7,0.0,17.65,3,0.0,0.0,0.1,23629,
8200,302784,-4.3,0.0,2.86,1,0.0,0.0,0.1,23629,
8201,302848,-4.7,0.0,13.73,7,0.4286,0.1429,0.1,23636,
8202,302848,-5.7,0.0,8.7,4,0.0,0.25,0.1,23636,
8203,302848,-6.1,0.0,5.88,3,0.0,0.0,0.1,23636,
8204,302912,-1.1,0.0,7.69,1,0.0,0.0,0.1,23642,
8205,302976,-2.8,0.0,10.71,3,0.0,0.0,0.1,23650,
8206,302976,-3.0,0.0,9.52,2,0.0,0.5,0.1,23650,
8207,302976,-2.9,0.0,15.79,3,0.3333,0.0,0.1,23650,
8208,302976,-0.8,0.0,10.0,1,0.0,0.0,0.1,23650,
8209,302976,-6.1,0.0,21.57,11,0.0909,0.0909,0.1,23650,
8210,303040,-4.7,0.0,17.65,6,0.0,0.5,0.1,23655,
8211,303040,-0.7,0.0,11.11,1,0.0,0.0,0.1,23655,
8212,303104,-1.4,0.0,16.67,1,0.0,0.0,0.1,23667,
8213,303104,-2.3,0.0,6.67,1,0.0,0.0,0.1,23667,
8214,303104,-1.2,0.0,25.0,1,0.0,0.0,0.1,23667,
8215,303104,-0.7,0.0,11.11,1,0.0,0.0,0.1,23667,
8216,303168,-1.9,0.0,9.09,1,0.0,0.0,0.1,23675,
8217,303168,-4.2,0.0,16.67,5,0.2,0.0,0.1,23675,
8218,303168,-1.5,0.0,14.29,1,0.0,0.0,0.1,23675,
8219,303168,-5.3,0.0,5.88,3,0.0,0.0,0.1,23675,
8220,303232,-4.5,0.0,8.57,3,0.0,0.3333,0.1,23680,
8221,303232,11.3,1.0,14.29,1,1.0,1.0,0.1,23680,
8222,303232,-1.5,0.0,5.88,1,0.0,0.0,0.1,23680,
8223,303232,-5.1,0.0,1.96,1,1.0,0.0,0.1,23680,
8224,303296,-4.4,0.0,7.84,4,0.0,0.25,0.1,23682,
8225,303360,-2.7,0.0,5.26,1,0.0,0.0,0.1,23691,
8226,303360,-2.5,0.0,12.0,3,0.0,0.0,0.1,23691,
8227,303360,-5.3,0.0,5.88,3,0.0,0.3333,0.1,23691,
8228,303360,-5.1,0.0,4.76,2,0.0,0.0,0.1,23691,
8229,303360,-1.0,0.0,8.33,1,0.0,0.0,0.1,23691,
8230,303424,-2.2,0.0,7.14,1,0.0,0.0,0.1,23694,
8231,303424,-5.1,0.0,1.96,1,1.0,0.0,0.1,23694,
8232,303488,-1.7,0.0,25.0,2,0.0,0.5,0.1,23699,
8233,303552,-3.2,0.0,19.05,4,0.0,0.0,0.1,23707,
8234,303552,-3.0,0.0,15.0,3,0.0,0.0,0.1,23707,
8235,303616,11.8,1.0,0.0,0,,,0.1,23709,
8236,303680,-4.5,0.0,2.13,1,0.0,0.0,0.1,23715,
8237,303680,-2.3,0.0,6.67,1,0.0,0.0,0.1,23715,
8238,303744,-4.7,0.0,2.56,1,0.0,0.0,0.1,23721,
8239,303744,10.4,1.0,6.25,1,1.0,0.0,0.1,23721,
8240,303808,11.3,1.0,14.29,1,0.0,0.0,0.1,23732,
8241,303808,11.6,1.0,25.0,1,1.0,1.0,0.1,23732,
8242,303808,-2.2,0.0,15.38,2,0.0,0.5,0.1,23732,
8243,303808,-1.9,0.0,9.09,1,0.0,0.0,0.1,23732,
8244,303808,-5.2,0.0,3.92,2,0.0,0.0,0.1,23732,
8245,303872,-6.4,0.0,14.0,7,0.1429,0.0,0.1,23737,
8246,303936,10.5,1.0,6.67,1,0.0,1.0,0.1,23748,
8247,303936,-2.7,0.0,5.26,1,0.0,0.0,0.1,23748,
8248,303936,-2.3,0.0,6.67,1,0.0,0.0,0.1,23748,
8249,303936,-3.0,0.0,4.55,1,0.0,0.0,0.1,23748,
8250,304000,-2.3,0.0,14.29,2,0.0,0.0,0.1,23755,
8251,304000,-3.3,0.0,18.18,4,0.25,0.25,0.1,23755,
8252,304000,-5.7,0.0,13.73,7,0.0,0.1429,0.1,23755,
8253,304064,-2.3,0.0,14.29,2,0.0,0.0,0.1,23765,
8254,304064,-2.8,0.0,5.0,1,0.0,0.0,0.1,23765,
8255,304064,-3.0,0.0,9.52,2,0.0,0.0,0.1,23765,
8256,304064,-3.5,0.0,5.56,2,0.0,0.0,0.1,23765,
8257,304128,-2.5,0.0,12.5,2,0.0,0.0,0.1,23768,
8258,304192,-2.2,0.0,15.38,2,0.5,0.5,0.1,23777,
8259,304192,-3.1,0.0,9.09,2,0.0,0.0,0.1,23777,
8260,304192,-1.3,0.0,20.0,1,0.0,0.0,0.1,23777,
8261,304256,-2.0,0.0,4.55,1,0.0,0.0,0.1,23782,
8262,304256,-3.6,0.0,3.57,1,0.0,0.0,0.1,23782,
8263,304256,11.2,1.0,28.57,2,0.0,0.0,0.1,23782,
8264,304320,-2.7,0.0,5.26,1,0.0,0.0,0.1,23786,
8265,304384,-2.7,0.0,5.26,1,0.0,0.0,0.1,23794,
8266,304448,-1.8,0.0,10.0,1,0.0,0.0,0.1,23798,
8267,304512,-5.9,0.0,17.65,9,0.2222,0.2222,0.1,23803,
8268,304512,-2.0,0.0,8.33,1,0.0,0.0,0.1,23803,
8269,304512,-4.1,0.0,13.33,4,0.0,0.0,0.1,23803,
8270,304576,-4.7,0.0,11.11,4,0.0,0.25,0.1,23809,
8271,304576,-4.4,0.0,7.84,4,0.0,0.25,0.1,23809,
8272,304704,-5.0,0.0,7.5,3,0.0,0.0,0.1,23819,
8273,304704,-2.5,0.0,12.5,2,0.0,0.0,0.1,23819,
8274,304704,-1.7,0.0,25.0,2,0.0,0.0,0.1,23819,
8275,304768,-5.8,0.0,15.69,8,0.0,0.5,0.1,23828,
8276,304768,-4.5,0.0,8.57,3,0.0,0.0,0.1,23828,
8277,304768,-5.2,0.0,3.92,2,0.0,0.0,0.1,23828,
8278,304768,-0.9,0.0,9.09,1,0.0,0.0,0.1,23828,
8279,304768,-5.7,0.0,21.95,9,0.2222,0.1111,0.1,23828,
8280,304832,-2.2,0.0,7.14,1,0.0,0.0,0.1,23834,
8281,304896,-1.6,0.0,11.76,2,0.0,0.0,0.1,23839,
8282,304896,9.4,1.0,35.0,7,0.1429,0.7143,0.1,23839,
8283,304896,-2.2,0.0,8.7,2,0.0,0.5,0.1,23839,
8284,304960,11.4,1.0,16.67,1,1.0,1.0,0.1,23847,
8285,304960,-2.4,0.0,6.25,1,0.0,0.0,0.1,23847,
8286,304960,-4.9,0.0,13.51,5,0.0,0.2,0.1,23847,
8287,305024,-5.2,0.0,3.92,2,0.5,0.0,0.1,23851,
8288,305024,-4.8,0.0,5.13,2,0.0,0.0,0.1,23851,
8289,305088,-5.3,0.0,5.88,3,0.0,0.3333,0.1,23854,
8290,305088,-3.9,0.0,10.34,3,0.0,0.0,0.1,23854,
8291,305216,-2.0,0.0,18.18,2,0.0,0.0,0.1,23865,
8292,305216,-2.7,0.0,11.11,2,0.0,0.0,0.1,23865,
8293,305216,-5.4,0.0,7.84,4,0.0,0.25,0.1,23865,
8294,305280,-2.5,0.0,12.5,2,0.5,0.5,0.1,23877,
8295,305280,-3.2,0.0,16.67,5,0.0,0.2,0.1,23877,
8296,305280,-2.7,0.0,5.26,1,0.0,0.0,0.1,23877,
8297,305280,7.9,1.0,20.0,7,0.0,0.4286,0.1,23877,
8298,305280,-2.9,0.0,10.0,2,0.0,0.0,0.1,23877,
8299,305408,-3.3,0.0,12.5,4,0.0,0.25,0.1,23889,
8300,305408,-5.9,0.0,17.65,9,0.0,0.0,0.1,23889,
8301,305472,-4.7,0.0,14.29,5,0.2,0.0,0.1,23899,
8302,305472,-1.8,0.0,10.0,1,0.0,0.0,0.1,23899,
8303,305472,-2.4,0.0,13.33,2,0.0,0.0,0.1,23899,
8304,305472,-2.2,0.0,8.7,2,0.0,0.0,0.1,23899,
8305,305472,-5.4,0.0,7.84,4,0.0,0.25,0.1,23899,
8306,305472,-1.9,0.0,9.09,1,0.0,0.0,0.1,23899,
8307,305600,11.2,1.0,50.0,3,0.3333,0.6667,0.1,23907,
8308,305664,-1.9,0.0,20.0,2,0.5,0.5,0.1,23912,
8309,305728,-5.2,0.0,3.92,2,0.0,0.0,0.1,23916,
8310,305728,-3.2,0.0,4.17,1,0.0,0.0,0.1,23916,
8311,305728,-3.0,0.0,4.55,1,0.0,0.0,0.1,23916,
8312,305728,-2.3,0.0,6.67,1,0.0,0.0,0.1,23916,
8313,305792,-3.5,0.0,7.69,2,0.0,0.0,0.1,23921,
8314,305792,-2.7,0.0,5.26,1,0.0,0.0,0.1,23921,
8315,305856,-2.9,0.0,22.22,4,0.25,0.25,0.1,23929,
8316,305856,-4.2,0.0,6.06,2,0.0,0.0,0.1,23929,
8317,305856,9.3,1.0,12.0,3,0.0,0.6667,0.1,23929,
8318,305856,-5.4,0.0,11.9,5,0.2,0.4,0.1,23929,
8319,305920,-3.5,0.0,3.7,1,0.0,0.0,0.1,23938,
8320,305920,-1.8,0.0,10.0,1,0.0,0.0,0.1,23938,
8321,305920,-1.9,0.0,9.09,1,0.0,0.0,0.1,23938,
8322,305920,-4.6,0.0,11.43,4,0.0,0.0,0.1,23938,
8323,305984,-1.4,0.0,16.67,1,0.0,0.0,0.1,23942,
8324,306048,-4.3,0.0,6.98,3,0.0,0.0,0.1,23946,
8325,306112,-1.5,0.0,14.29,1,0.0,0.0,0.1,23959,
8326,306112,-5.1,0.0,1.96,1,0.0,0.0,0.1,23959,
8327,306112,-4.3,0.0,12.5,4,0.25,0.25,0.1,23959,
8328,306112,-4.3,0.0,5.88,2,0.5,0.0,0.1,23959,
8329,306176,-2.2,0.0,7.14,1,0.0,0.0,0.1,23970,
8330,306176,-3.5,0.0,7.69,2,0.0,0.0,0.1,23970,
8331,306176,-5.4,0.0,7.84,4,0.0,0.25,0.1,23970,
8332,306176,-3.2,0.0,13.64,3,0.0,0.0,0.1,23970,
8333,306176,-4.5,0.0,11.76,4,0.25,0.5,0.1,23970,
8334,306176,-2.7,0.0,5.26,1,0.0,0.0,0.1,23970,
8335,306240,-5.4,0.0,7.84,4,0.0,0.25,0.1,23977,
8336,306240,9.2,1.0,26.09,6,0.3333,0.6667,0.1,23977,
8337,306240,-1.4,0.0,16.67,1,0.0,0.0,0.1,23977,
8338,306304,-2.8,0.0,5.0,1,0.0,0.0,0.1,23985,
8339,306304,-5.0,0.0,0.0,0,,,0.1,23985,
8340,306368,-2.8,0.0,5.0,1,0.0,0.0,0.1,23990,
8341,306432,-4.5,0.0,9.8,5,0.0,0.2,0.1,23995,
8342,306496,-4.6,0.0,11.76,6,0.0,0.3333,0.1,24001,
8343,306496,11.4,1.0,16.67,1,1.0,1.0,0.1,24001,
8344,306496,-3.0,0.0,21.05,4,0.25,0.25,0.1,24001,
8345,306496,-3.5,0.0,8.57,3,0.0,0.0,0.1,24001,
8346,306496,-5.3,0.0,5.88,3,0.3333,0.0,0.1,24001,
8347,306496,10.5,1.0,33.33,4,0.0,0.0,0.1,24001,
8348,306560,-2.6,0.0,5.56,1,0.0,0.0,0.1,24009,
8349,306560,-3.5,0.0,12.0,3,0.0,0.0,0.1,24009,
8350,306624,-1.7,0.0,11.11,1,0.0,0.0,0.1,24014,
8351,306624,-4.6,0.0,11.43,4,0.0,0.0,0.1,24014,
8352,306624,9.6,1.0,19.05,4,0.25,0.75,0.1,24014,
8353,306624,-2.7,0.0,11.11,2,0.0,0.5,0.1,24014,
8354,306624,-4.9,0.0,17.65,9,0.1111,0.0,0.1,24014,
8355,306688,-2.0,0.0,8.33,1,0.0,0.0,0.1,24020,
8356,306752,-2.8,0.0,10.71,3,0.0,0.3333,0.1,24032,
8357,306752,-5.4,0.0,7.84,4,0.5,0.5,0.1,24032,
8358,306816,-4.7,0.0,13.73,7,0.1429,0.2857,0.1,24036,
8359,306880,11.3,1.0,33.33,2,0.0,0.5,0.1,24042,
8360,306880,-1.4,0.0,16.67,1,0.0,0.0,0.1,24042,
8361,306944,-4.5,0.0,8.57,3,0.0,0.0,0.1,24050,
8362,306944,-4.8,0.0,5.13,2,0.0,0.0,0.1,24050,
8363,306944,-6.0,0.0,8.16,4,0.25,0.25,0.1,24050,
8364,307008,-1.2,0.0,15.38,2,0.0,0.0,0.1,24056,
8365,307072,-1.6,0.0,28.57,2,0.5,0.5,0.1,24063,
8366,307072,-5.5,0.0,9.8,5,0.0,0.2,0.1,24063,
8367,307136,-2.8,0.0,5.0,1,0.0,0.0,0.1,24066,
8368,307200,-4.6,0.0,11.76,6,0.0,0.3333,0.1,24073,
8369,307200,-3.3,0.0,18.18,4,0.0,0.25,0.1,24073,
8370,307200,-3.3,0.0,16.13,5,0.2,0.2,0.1,24073,
8371,307264,-1.7,0.0,11.11,1,0.0,0.0,0.1,24082,
8372,307264,-2.6,0.0,3.57,1,0.0,0.0,0.1,24082,
8373,307264,-1.8,0.0,10.0,1,0.0,0.0,0.1,24082,
8374,307328,-2.1,0.0,7.69,1,0.0,0.0,0.1,24096,
8375,307328,-2.7,0.0,5.26,1,0.0,0.0,0.1,24096,
8376,307328,-2.0,0.0,8.33,1,0.0,0.0,0.1,24096,
8377,307392,-3.4,0.0,3.85,1,0.0,0.0,0.1,24101,
8378,307456,-1.8,0.0,10.53,2,0.5,0.0,0.1,24108,
8379,307584,-1.9,0.0,20.0,2,0.0,0.0,0.1,24120,
8380,307584,-3.4,0.0,17.39,4,0.0,0.0,0.1,24120,
8381,307648,-3.4,0.0,17.39,4,0.0,0.0,0.1,24129,
8382,307648,-4.1,0.0,13.33,4,0.25,0.25,0.1,24129,
8383,307648,-2.0,0.0,8.33,1,0.0,0.0,0.1,24129,
8384,307712,-3.8,0.0,10.71,3,0.0,0.3333,0.1,24135,
8385,307712,7.7,1.0,25.71,9,0.0,0.4444,0.1,24135,
8386,307712,-1.9,0.0,9.09,1,0.0,0.0,0.1,24135,
8387,307776,11.3,1.0,0.0,0,,,0.1,24140,
8388,307776,-4.6,0.0,8.33,3,0.0,0.0,0.1,24140,
8389,307840,-1.6,0.0,12.5,1,0.0,0.0,0.1,24144,
8390,307904,-2.6,0.0,5.56,1,0.0,0.0,0.1,24151,
8391,307904,-4.0,0.0,6.45,2,0.0,0.5,0.1,24151,
8392,307968,-4.3,0.0,5.88,3,0.0,0.0,0.1,24157,
8393,307968,-1.9,0.0,9.09,1,0.0,0.0,0.1,24157,
8394,307968,-3.2,0.0,19.05,4,0.25,0.0,0.1,24157,
8395,308032,-3.8,0.0,3.33,1,0.0,0.0,0.1,24168,
8396,308032,-4.4,0.0,2.78,1,0.0,0.0,0.1,24168,
8397,308032,-3.1,0.0,6.25,2,0.0,0.0,0.1,24168,
8398,308032,-2.3,0.0,6.67,1,0.0,0.0,0.1,24168,
8399,308032,-5.0,0.0,0.0,0,,,0.1,24168,
8400,308032,-2.6,0.0,26.67,4,0.25,0.25,0.1,24168,
8401,308160,-4.1,0.0,1.96,1,0.0,0.0,0.1,24173,
8402,308160,-4.2,0.0,3.92,2,0.0,0.0,0.1,24173,
8403,308160,-5.5,0.0,9.8,5,0.4,0.2,0.1,24173,
8404,308160,-3.2,0.0,31.58,6,0.0,0.3333,0.1,24173,
8405,308224,-2.2,0.0,15.38,2,0.0,0.0,0.1,24177,
8406,308288,-3.7,0.0,5.26,2,0.0,0.0,0.1,24184,
8407,308288,-4.1,0.0,9.68,3,0.0,0.0,0.1,24184,
8408,308352,-5.3,0.0,5.88,3,0.3333,0.0,0.1,24190,
8409,308352,-2.0,0.0,8.33,1,0.0,0.0,0.1,24190,
8410,308352,-1.9,0.0,9.09,1,0.0,0.0,0.1,24190,
8411,308480,-5.6,0.0,4.26,2,0.0,0.0,0.1,24204,
8412,308480,-4.3,0.0,12.5,4,0.0,0.25,0.1,24204,
8413,308544,-1.6,0.0,12.5,1,0.0,0.0,0.1,24210,
8414,308544,-4.3,0.0,5.88,3,0.3333,0.3333,0.1,24210,
8415,308608,-2.9,0.0,10.0,2,0.0,0.0,0.1,24215,
8416,308672,-4.9,0.0,17.65,9,0.0,0.3333,0.1,24220,
8417,308672,-1.8,0.0,10.0,1,0.0,0.0,0.1,24220,
8418,308672,-2.3,0.0,14.29,2,0.0,0.0,0.1,24220,
8419,308736,-4.8,0.0,15.69,8,0.0,0.375,0.1,24225,
8420,308800,-3.4,0.0,3.85,1,0.0,0.0,0.1,24237,
8421,308800,-4.4,0.0,8.82,3,0.3333,0.3333,0.1,24237,
8422,308800,-3.3,0.0,8.33,2,0.5,0.0,0.1,24237,
8423,308800,-3.4,0.0,8.0,2,0.5,0.5,0.1,24237,
8424,308800,-1.9,0.0,4.76,1,0.0,0.0,0.1,24237,
8425,308800,-5.7,0.0,8.7,4,0.0,0.25,0.1,24237,
8426,308864,-1.6,0.0,50.0,3,0.3333,0.3333,0.1,24243,
8427,308864,-1.2,0.0,7.14,1,0.0,0.0,0.1,24243,
8428,308864,-4.2,0.0,16.67,5,0.0,0.2,0.1,24243,
8429,308928,-4.2,0.0,7.14,3,0.0,0.0,0.1,24249,
8430,308928,-1.8,0.0,22.22,2,0.0,0.5,0.1,24249,
8431,308928,-2.8,0.0,5.0,1,0.0,0.0,0.1,24249,
8432,308992,-2.5,0.0,5.88,1,0.0,0.0,0.1,24255,
8433,308992,-3.8,0.0,10.71,3,0.0,0.3333,0.1,24255,
8434,308992,-3.0,0.0,4.55,1,0.0,0.0,0.1,24255,
8435,308992,-3.3,0.0,23.81,5,0.0,0.4,0.1,24255,
8436,309056,-5.4,0.0,7.84,4,0.25,0.25,0.1,24261,
8437,309120,-1.2,0.0,25.0,1,0.0,0.0,0.1,24274,
8438,309120,-3.1,0.0,9.09,2,0.0,0.0,0.1,24274,
8439,309120,-3.1,0.0,9.09,2,0.0,0.0,0.1,24274,
8440,309120,-2.2,0.0,7.14,1,0.0,0.0,0.1,24274,
8441,309184,-4.2,0.0,3.92,2,0.5,0.0,0.1,24282,
8442,309248,-4.8,0.0,13.33,6,0.1667,0.3333,0.1,24292,
8443,309248,-2.6,0.0,35.71,5,0.2,0.4,0.1,24292,
8444,309248,-2.9,0.0,15.79,3,0.3333,0.3333,0.1,24292,
8445,309312,-1.9,0.0,20.0,2,0.0,0.0,0.1,24299,
8446,309312,-3.0,0.0,9.52,2,0.5,0.5,0.1,24299,
8447,309376,-4.6,0.0,8.89,4,0.0,0.0,0.1,24309,
8448,309376,-3.4,0.0,12.5,3,0.0,0.3333,0.1,24309,
8449,309376,-1.6,0.0,28.57,2,0.0,0.0,0.1,24309,
8450,309440,-4.6,0.0,11.76,6,0.0,0.5,0.1,24317,
8451,309440,11.0,1.0,10.0,1,0.0,0.0,0.1,24317,
8452,309440,-4.9,0.0,17.65,9,0.0,0.4444,0.1,24317,
8453,309440,-5.4,0.0,7.84,4,0.0,0.0,0.1,24317,
8454,309440,-4.2,0.0,3.92,2,0.5,1.0,0.1,24317,
8455,309440,-4.3,0.0,2.86,1,0.0,0.0,0.1,24317,
8456,309440,-2.1,0.0,16.67,2,0.0,0.0,0.1,24317,
8457,309504,-5.3,0.0,5.88,3,0.0,0.3333,0.1,24321,
8458,309504,-4.7,0.0,17.65,6,0.0,0.0,0.1,24321,
8459,309504,-1.9,0.0,9.09,1,0.0,0.0,0.1,24321,
8460,309568,-5.0,0.0,19.61,10,0.1,0.5,0.1,24328,
8461,309568,-1.8,0.0,22.22,2,0.0,0.0,0.1,24328,
8462,309696,-2.9,0.0,4.76,1,0.0,0.0,0.1,24338,
8463,309696,-2.7,0.0,5.26,1,0.0,0.0,0.1,24338,
8464,309696,-6.1,0.0,12.5,6,0.0,0.1667,0.1,24338,
8465,309760,-5.3,0.0,5.88,3,0.0,0.0,0.1,24340,
8466,309760,-0.8,0.0,10.0,1,0.0,0.0,0.1,24340,
8467,309760,-2.2,0.0,25.0,3,0.3333,0.0,0.1,24340,
8468,309760,-5.4,0.0,7.84,4,0.25,0.25,0.1,24340,
8469,309824,-5.2,0.0,3.92,2,0.0,0.5,0.1,24347,
8470,309888,-2.2,0.0,15.38,2,0.5,0.5,0.1,24354,
8471,309888,-1.5,0.0,14.29,1,0.0,0.0,0.1,24354,
8472,309888,-3.8,0.0,6.9,2,0.5,0.0,0.1,24354,
8473,309952,-4.4,0.0,8.82,3,0.0,0.0,0.1,24363,
8474,309952,-3.9,0.0,14.29,4,0.0,0.25,0.1,24363,
8475,309952,-1.1,0.0,16.67,2,0.0,0.0,0.1,24363,
8476,310016,-2.6,0.0,11.76,2,0.0,0.0,0.1,24369,
8477,310016,-2.0,0.0,8.33,1,0.0,0.0,0.1,24369,
8478,310016,-4.7,0.0,13.73,7,0.0,0.2857,0.1,24369,
8479,310016,11.1,1.0,11.11,1,0.0,0.0,0.1,24369,
8480,310080,-5.9,0.0,17.65,9,0.0,0.4444,0.1,24376,
8481,310080,-2.9,0.0,29.41,5,0.0,0.2,0.1,24376,
8482,310080,-2.1,0.0,7.69,1,0.0,0.0,0.1,24376,
8483,310080,-3.1,0.0,13.33,4,0.0,0.0,0.1,24376,
8484,310144,-2.4,0.0,6.25,1,0.0,0.0,0.1,24386,
8485,310144,-2.8,0.0,5.0,1,0.0,0.0,0.1,24386,
8486,310144,-5.3,0.0,5.88,3,0.0,0.0,0.1,24386,
8487,310208,-3.8,0.0,3.33,1,0.0,0.0,0.1,24393,
8488,310272,-1.1,0.0,7.69,1,0.0,0.0,0.1,24399,
8489,310400,-2.3,0.0,6.67,1,0.0,0.0,0.1,24410,
8490,310464,9.6,1.0,38.89,7,0.2857,0.4286,0.1,24415,
8491,310464,-2.5,0.0,12.5,2,0.0,0.0,0.1,24415,
8492,310464,-2.8,0.0,10.71,3,0.0,0.0,0.1,24415,
8493,310528,-1.2,0.0,25.0,3,0.0,0.0,0.1,24418,
8494,310592,-1.7,0.0,25.0,2,0.5,0.5,0.1,24426,
8495,310592,-2.5,0.0,12.5,2,0.0,0.0,0.1,24426,
8496,310592,-2.2,0.0,8.7,2,0.0,0.5,0.1,24426,
8497,310656,-2.2,0.0,7.14,1,0.0,0.0,0.1,24433,
8498,310720,-2.1,0.0,7.69,1,0.0,0.0,0.1,24441,
8499,310720,-3.1,0.0,14.29,3,0.0,0.0,0.1,24441,
8500,310720,-2.3,0.0,6.67,1,0.0,0.0,0.1,24441,
8501,310784,-4.7,0.0,13.64,6,0.0,0.3333,0.1,24449,
8502,310784,-3.1,0.0,9.68,3,0.0,0.3333,0.1,24449,
8503,310848,-4.5,0.0,33.33,12,0.0833,0.4167,0.1,24455,
8504,310912,-2.0,0.0,8.33,1,0.0,0.0,0.1,24465,
8505,310976,-4.6,0.0,11.76,6,0.3333,0.3333,0.1,24468,
8506,310976,9.5,1.0,18.18,4,0.0,0.25,0.1,24468,
8507,311168,-5.5,0.0,13.73,7,0.4286,0.0,0.1,24481,
8508,311168,-3.2,0.0,8.7,2,0.0,0.0,0.1,24481,
8509,311232,-6.3,0.0,12.0,6,0.1667,0.5,0.1,24488,
8510,311232,-4.3,0.0,9.52,4,0.0,0.25,0.1,24488,
8511,311232,-0.8,0.0,10.0,1,0.0,0.0,0.1,24488,
8512,311232,-3.9,0.0,6.67,2,0.0,0.5,0.1,24488,
8513,311296,-5.7,0.0,13.73,7,0.2857,0.1429,0.1,24493,
8514,311296,-3.2,0.0,8.7,2,0.0,0.0,0.1,24493,
8515,311360,-2.2,0.0,7.14,1,0.0,0.0,0.1,24499,
8516,311360,-2.2,0.0,7.14,1,0.0,0.0,0.1,24499,
8517,311424,-5.2,0.0,3.92,2,0.5,0.5,0.1,24506,
8518,311424,-1.8,0.0,10.0,1,0.0,0.0,0.1,24506,
8519,311424,-4.4,0.0,7.84,4,0.25,0.25,0.1,24506,
8520,311424,-4.5,0.0,17.07,7,0.0,0.1429,0.1,24506,
8521,311488,-4.3,0.0,9.09,3,0.0,0.0,0.1,24512,
8522,311488,7.7,1.0,4.76,2,0.5,0.5,0.1,24512,
8523,311488,-1.6,0.0,12.5,1,0.0,0.0,0.1,24512,
8524,311488,-3.9,0.0,3.23,1,0.0,0.0,0.1,24512,
8525,311552,-2.5,0.0,16.67,4,0.0,0.0,0.1,24517,
8526,311552,-5.1,0.0,1.96,1,0.0,0.0,0.1,24517,
8527,311616,-0.3,0.0,20.0,1,0.0,0.0,0.1,24525,
8528,311616,-1.4,0.0,40.0,2,0.5,0.5,0.1,24525,
8529,311616,-4.2,0.0,6.06,2,0.0,0.5,0.1,24525,
8530,311616,-4.5,0.0,11.76,4,0.0,0.0,0.1,24525,
8531,311680,-3.4,0.0,3.85,1,0.0,0.0,0.1,24533,
8532,311744,-2.4,0.0,6.25,1,0.0,0.0,0.1,24539,
8533,311744,-2.7,0.0,11.11,2,0.0,0.0,0.1,24539,
8534,311872,-1.4,0.0,16.67,1,0.0,0.0,0.1,24557,
8535,311872,-1.9,0.0,9.09,1,0.0,0.0,0.1,24557,
8536,311872,-4.3,0.0,5.88,3,0.3333,0.3333,0.1,24557,
8537,311872,-2.9,0.0,10.0,2,0.0,0.0,0.1,24557,
8538,311872,-1.8,0.0,10.0,1,0.0,0.0,0.1,24557,
8539,311936,-1.6,0.0,12.5,1,0.0,0.0,0.1,24569,
8540,311936,-2.5,0.0,12.5,2,0.0,0.0,0.1,24569,
8541,312000,-5.0,0.0,19.44,7,0.0,0.1429,0.1,24575,
8542,312000,-4.3,0.0,5.88,3,0.0,0.0,0.1,24575,
8543,312000,-2.1,0.0,7.69,1,0.0,0.0,0.1,24575,
8544,312064,-6.3,0.0,21.74,10,0.2,0.1,0.1,24582,
8545,312064,11.2,1.0,12.5,1,0.0,1.0,0.1,24582,
8546,312064,-3.6,0.0,3.57,1,0.0,0.0,0.1,24582,
8547,312064,-5.1,0.0,1.96,1,0.0,0.0,0.1,24582,
8548,312128,-4.0,0.0,6.45,2,0.0,0.0,0.1,24593,
8549,312128,-6.0,0.0,19.61,10,0.1,0.2,0.1,24593,
8550,312128,8.6,1.0,12.9,4,0.25,0.25,0.1,24593,
8551,312128,-2.2,0.0,7.14,1,0.0,0.0,0.1,24593,
8552,312128,-5.0,0.0,4.88,2,0.0,0.0,0.1,24593,
8553,312192,-4.3,0.0,5.88,3,0.0,0.3333,0.1,24599,
8554,312256,-5.2,0.0,3.92,2,0.0,0.0,0.1,24607,
8555,312256,-3.0,0.0,4.55,1,0.0,0.0,0.1,24607,
8556,312256,10.8,1.0,30.0,3,0.0,0.3333,0.1,24607,
8557,312320,-2.5,0.0,28.57,4,0.0,0.25,0.1,24611,
8558,312384,-1.6,0.0,12.5,1,0.0,0.0,0.1,24616,
8559,312512,-4.3,0.0,5.88,3,0.0,0.0,0.1,24625,
8560,312512,-1.7,0.0,11.11,1,0.0,0.0,0.1,24625,
8561,312512,-5.7,0.0,4.17,2,0.0,0.0,0.1,24625,
8562,312512,-2.6,0.0,11.76,2,0.0,0.0,0.1,24625,
8563,312576,-4.2,0.0,2.94,1,0.0,0.0,0.1,24631,
8564,312576,-2.7,0.0,5.26,1,0.0,0.0,0.1,24631,
8565,312640,-1.8,0.0,22.22,2,0.5,0.5,0.1,24641,
8566,312640,-5.7,0.0,13.73,7,0.1429,0.1429,0.1,24641,
8567,312640,-3.0,0.0,43.75,7,0.2857,0.1429,0.1,24641,
8568,312704,-2.8,0.0,16.67,3,0.0,0.0,0.1,24645,
8569,312768,-2.3,0.0,14.29,2,0.0,0.5,0.1,24651,
8570,312768,10.2,1.0,11.76,2,0.0,0.0,0.1,24651,
8571,312768,-0.6,0.0,12.5,1,0.0,0.0,0.1,24651,
8572,312768,-5.5,0.0,6.67,3,0.0,0.3333,0.1,24651,
8573,312832,-5.0,0.0,17.78,8,0.0,0.375,0.1,24658,
8574,312832,-1.8,0.0,10.0,1,0.0,0.0,0.1,24658,
8575,312896,-5.8,0.0,2.0,1,0.0,0.0,0.1,24667,
8576,312896,-5.7,0.0,2.04,1,0.0,0.0,0.1,24667,
8577,312896,7.9,1.0,13.51,5,0.0,0.4,0.1,24667,
8578,313024,-3.0,0.0,4.55,1,0.0,0.0,0.1,24686,
8579,313024,-2.2,0.0,7.14,1,0.0,0.0,0.1,24686,
8580,313088,-0.9,0.0,33.33,3,0.0,0.0,0.1,24696,
8581,313088,-1.9,0.0,9.09,1,0.0,0.0,0.1,24696,
8582,313088,-2.4,0.0,6.25,1,0.0,0.0,0.1,24696,
8583,313088,-2.8,0.0,10.53,2,0.0,0.0,0.1,24696,
8584,313152,-5.3,0.0,5.88,3,0.0,0.0,0.1,24701,
8585,313152,8.7,1.0,21.43,6,0.0,0.3333,0.1,24701,
8586,313152,-2.9,0.0,10.0,2,0.0,0.0,0.1,24701,
8587,313216,-5.6,0.0,11.76,6,0.0,0.1667,0.1,24710,
8588,313216,-5.0,0.0,19.61,10,0.1,0.1,0.1,24710,
8589,313216,-1.7,0.0,17.65,3,0.0,0.0,0.1,24710,
8590,313216,-1.8,0.0,10.53,2,0.5,0.0,0.1,24710,
8591,313216,-1.8,0.0,10.0,1,0.0,0.0,0.1,24710,
8592,313280,11.3,1.0,0.0,0,,,0.1,24718,
8593,313280,-5.1,0.0,1.96,1,0.0,0.0,0.1,24718,
8594,313280,-4.4,0.0,7.84,4,0.25,0.0,0.1,24718,
8595,313280,-5.0,0.0,7.5,3,0.3333,0.3333,0.1,24718,
8596,313280,-3.5,0.0,7.69,2,0.5,0.5,0.1,24718,
8597,313344,-3.7,0.0,3.45,1,0.0,0.0,0.1,24724,
8598,313344,-5.3,0.0,5.88,3,0.3333,0.3333,0.1,24724,
8599,313344,-5.0,0.0,19.61,10,0.2,0.1,0.1,24724,
8600,313344,-6.0,0.0,3.92,2,0.0,0.5,0.1,24724,
8601,313472,-0.7,0.0,11.11,1,0.0,0.0,0.1,24734,
8602,313472,-5.5,0.0,9.8,5,0.0,0.2,0.1,24734,
8603,313536,-5.5,0.0,11.63,5,0.0,0.4,0.1,24740,
8604,313600,-1.3,0.0,6.67,1,0.0,0.0,0.1,24748,
8605,313664,-1.9,0.0,22.22,4,0.0,0.0,0.1,24756,
8606,313664,-1.5,0.0,5.88,1,0.0,0.0,0.1,24756,
8607,313728,11.2,1.0,12.5,1,1.0,1.0,0.1,24761,
8608,313728,-5.8,0.0,15.69,8,0.125,0.375,0.1,24761,
8609,313728,-4.8,0.0,30.77,12,0.1667,0.25,0.1,24761,
8610,313792,-4.2,0.0,9.38,3,0.0,0.3333,0.1,24767,
8611,313856,-2.6,0.0,5.56,1,0.0,0.0,0.1,24775,
8612,313856,11.3,1.0,0.0,0,,,0.1,24775,
8613,313920,-5.9,0.0,17.65,9,0.1111,0.3333,0.1,24782,
8614,313984,-5.6,0.0,11.76,6,0.0,0.1667,0.1,24788,
8615,313984,-4.7,0.0,2.56,1,0.0,0.0,0.1,24788,
8616,314048,-6.0,0.0,20.45,9,0.1111,0.1111,0.1,24795,
8617,314048,-2.3,0.0,6.67,1,0.0,0.0,0.1,24795,
8618,314112,-1.4,0.0,16.67,1,0.0,0.0,0.1,24801,
8619,314112,-1.2,0.0,15.38,2,0.5,0.5,0.1,24801,
8620,314112,8.6,1.0,9.38,3,0.0,0.3333,0.1,24801,
8621,314112,-3.7,0.0,3.45,1,0.0,0.0,0.1,24801,
8622,314176,-2.4,0.0,13.33,2,0.0,0.0,0.1,24805,
8623,314240,-0.7,0.0,11.11,1,0.0,0.0,0.1,24814,
8624,314240,-5.4,0.0,7.84,4,0.0,0.75,0.1,24814,
8625,314240,-2.7,0.0,5.26,1,0.0,0.0,0.1,24814,
8626,314240,-2.0,0.0,9.52,2,0.0,0.0,0.1,24814,
8627,314304,-3.0,0.0,4.55,1,0.0,0.0,0.1,24829,
8628,314304,8.6,1.0,25.0,7,0.2857,0.2857,0.1,24829,
8629,314304,-2.4,0.0,13.33,2,0.0,0.0,0.1,24829,
8630,314304,-3.2,0.0,8.7,2,0.0,0.5,0.1,24829,
8631,314368,-1.8,0.0,10.0,1,0.0,0.0,0.1,24843,
8632,314368,-5.3,0.0,17.95,7,0.1429,0.4286,0.1,24843,
8633,314368,-3.5,0.0,3.7,1,0.0,0.0,0.1,24843,
8634,314368,-1.1,0.0,7.69,1,0.0,0.0,0.1,24843,
8635,314496,-3.6,0.0,7.41,2,0.0,0.0,0.1,24856,
8636,314496,-2.7,0.0,5.26,1,0.0,0.0,0.1,24856,
8637,314560,11.7,1.0,0.0,0,,,0.1,24864,
8638,314560,-2.3,0.0,14.29,2,0.0,0.0,0.1,24864,
8639,314560,-1.6,0.0,12.5,1,0.0,0.0,0.1,24864,
8640,314560,-2.5,0.0,16.67,4,0.25,0.25,0.1,24864,
8641,314560,-4.8,0.0,7.89,3,0.3333,0.0,0.1,24864,
8642,314624,7.4,1.0,20.51,8,0.0,0.5,0.1,24867,
8643,314624,-3.8,0.0,10.71,3,0.3333,0.0,0.1,24867,
8644,314624,-3.0,0.0,15.0,3,0.0,0.0,0.1,24867,
8645,314688,-2.2,0.0,15.38,2,0.0,0.0,0.1,24875,
8646,314688,-1.5,0.0,33.33,2,0.0,0.5,0.1,24875,
8647,314688,-4.7,0.0,13.73,7,0.1429,0.1429,0.1,24875,
8648,314752,-5.2,0.0,4.65,2,0.0,0.0,0.1,24885,
8649,314752,-2.4,0.0,3.85,1,0.0,0.0,0.1,24885,
8650,314752,-5.2,0.0,3.92,2,0.0,0.0,0.1,24885,
8651,314752,-3.4,0.0,3.85,1,0.0,0.0,0.1,24885,
8652,314816,-2.9,0.0,15.79,3,0.0,0.0,0.1,24894,
8653,314816,-4.6,0.0,14.71,5,0.0,0.0,0.1,24894,
8654,314880,-1.8,0.0,10.0,1,0.0,0.0,0.1,24907,
8655,314880,-2.1,0.0,9.09,2,0.0,0.0,0.1,24907,
8656,314880,-3.7,0.0,20.0,5,0.0,0.0,0.1,24907,
8657,314880,-3.0,0.0,4.55,1,0.0,0.0,0.1,24907,
8658,314944,-1.0,0.0,18.18,2,0.5,0.0,0.1,24911,
8659,314944,-1.2,0.0,25.0,1,0.0,0.0,0.1,24911,
8660,315008,-0.5,0.0,14.29,1,0.0,0.0,0.1,24918,
8661,315008,-5.9,0.0,17.65,9,0.1111,0.4444,0.1,24918,
8662,315072,-0.6,0.0,12.5,1,0.0,0.0,0.1,24926,
8663,315136,-5.6,0.0,8.89,4,0.0,0.0,0.1,24933,
8664,315136,-2.7,0.0,11.11,2,0.0,0.0,0.1,24933,
8665,315136,-4.0,0.0,10.0,3,0.0,0.3333,0.1,24933,
8666,315136,11.3,1.0,0.0,0,,,0.1,24933,
8667,315200,-4.6,0.0,11.76,6,0.0,0.5,0.1,24937,
8668,315200,-2.9,0.0,10.0,2,0.0,0.0,0.1,24937,
8669,315200,-2.3,0.0,14.29,2,0.0,0.0,0.1,24937,
8670,315264,-4.2,0.0,3.92,2,0.5,0.5,0.1,24941,
8671,315264,-5.7,0.0,2.04,1,0.0,0.0,0.1,24941,
8672,315328,-2.9,0.0,4.76,1,0.0,0.0,0.1,24947,
8673,315328,-0.5,0.0,33.33,2,0.0,0.0,0.1,24947,
8674,315328,-5.4,0.0,7.84,4,0.0,0.5,0.1,24947,
8675,315392,-4.5,0.0,6.67,3,0.3333,0.6667,0.1,24957,
8676,315456,10.4,1.0,0.0,0,,,0.1,24967,
8677,315456,-5.9,0.0,6.12,3,0.0,0.0,0.1,24967,
8678,315520,-3.1,0.0,4.35,1,0.0,0.0,0.1,24973,
8679,315648,-2.0,0.0,8.33,1,0.0,0.0,0.1,24982,
8680,315648,-1.9,0.0,9.09,1,0.0,0.0,0.1,24982,
8681,315648,-0.6,0.0,12.5,1,0.0,0.0,0.1,24982,
8682,315712,-5.3,0.0,21.74,10,0.0,0.4,0.1,24993,
8683,315712,-2.5,0.0,12.5,2,0.0,0.0,0.1,24993,
8684,315712,-3.0,0.0,9.52,2,0.0,0.0,0.1,24993,
8685,315776,-3.8,0.0,3.33,1,0.0,0.0,0.1,25000,
8686,315840,-2.4,0.0,6.25,1,0.0,0.0,0.1,25012,
8687,315840,9.2,1.0,7.41,2,0.0,0.5,0.1,25012,
8688,315840,8.1,1.0,25.0,8,0.25,0.625,0.1,25012,
8689,315904,-1.9,0.0,10.0,2,0.0,0.5,0.1,25017,
8690,315904,-3.9,0.0,23.53,8,0.0,0.25,0.1,25017,
8691,315968,-2.9,0.0,15.79,3,0.0,0.0,0.1,25025,
8692,315968,-2.3,0.0,14.29,2,0.0,0.0,0.1,25025,
8693,315968,-3.7,0.0,11.11,3,0.0,0.0,0.1,25025,
8694,316032,-5.0,0.0,19.61,10,0.2,0.4,0.1,25032,
8695,316032,-1.9,0.0,9.09,1,0.0,0.0,0.1,25032,
8696,316096,-1.3,0.0,20.0,1,0.0,0.0,0.1,25039,
8697,316096,-3.2,0.0,4.17,1,0.0,0.0,0.1,25039,
8698,316160,-2.0,0.0,4.55,1,0.0,0.0,0.1,25044,
8699,316160,-3.1,0.0,9.09,2,0.0,0.5,0.1,25044,
8700,316224,6.3,1.0,20.83,10,0.2,0.1,0.1,25047,
8701,316288,-2.2,0.0,13.64,3,0.0,0.0,0.1,25059,
8702,316352,-4.9,0.0,17.65,9,0.0,0.4444,0.1,25062,
8703,316416,-2.1,0.0,16.67,2,0.0,0.0,0.1,25073,
8704,316416,-2.0,0.0,8.33,1,0.0,0.0,0.1,25073,
8705,316416,-3.0,0.0,4.55,1,0.0,0.0,0.1,25073,
8706,316416,-5.8,0.0,15.69,8,0.0,0.0,0.1,25073,
8707,316416,-5.2,0.0,3.92,2,0.5,0.5,0.1,25073,
8708,316416,-2.9,0.0,15.79,3,0.3333,0.0,0.1,25073,
8709,316480,-2.9,0.0,6.67,2,0.5,0.5,0.1,25081,
8710,316480,-4.5,0.0,9.8,5,0.0,0.2,0.1,25081,
8711,316480,-5.4,0.0,7.84,4,0.25,0.0,0.1,25081,
8712,316480,8.7,1.0,17.24,5,0.2,0.4,0.1,25081,
8713,316544,-5.1,0.0,1.96,1,0.0,1.0,0.1,25086,
8714,316544,-0.9,0.0,9.09,1,0.0,0.0,0.1,25086,
8715,316544,-4.4,0.0,7.84,4,0.0,0.5,0.1,25086,
8716,316544,11.1,1.0,0.0,0,,,0.1,25086,
8717,316544,-3.2,0.0,13.64,3,0.3333,0.3333,0.1,25086,
8718,316608,-2.9,0.0,10.0,2,0.0,0.5,0.1,25092,
8719,316608,-5.0,0.0,19.61,10,0.2,0.1,0.1,25092,
8720,316736,-2.3,0.0,8.33,2,0.0,0.5,0.1,25108,
8721,316736,-2.0,0.0,21.05,4,0.0,0.0,0.1,25108,
8722,316800,-4.3,0.0,2.86,1,0.0,0.0,0.1,25114,
8723,316800,-2.3,0.0,6.67,1,0.0,0.0,0.1,25114,
8724,316864,-4.6,0.0,5.41,2,0.0,0.0,0.1,25121,
8725,316928,-4.5,0.0,20.0,8,0.125,0.25,0.1,25131,
8726,316928,-1.0,0.0,8.33,1,0.0,0.0,0.1,25131,
8727,316992,-3.5,0.0,5.56,2,0.5,0.0,0.1,25139,
8728,316992,11.5,1.0,0.0,0,,,0.1,25139,
8729,317056,8.9,1.0,23.08,6,0.1667,0.3333,0.1,25148,
8730,317056,-2.5,0.0,12.5,2,0.5,0.5,0.1,25148,
8731,317120,-3.0,0.0,15.0,3,0.0,0.3333,0.1,25155,
8732,317120,-3.2,0.0,6.06,2,0.0,0.5,0.1,25155,
8733,317120,-3.2,0.0,13.64,3,0.0,0.0,0.1,25155,
8734,317184,-1.3,0.0,20.0,1,0.0,0.0,0.1,25162,
8735,317184,-2.6,0.0,7.41,2,0.0,0.0,0.1,25162,
8736,317184,-3.7,0.0,8.11,3,0.0,0.3333,0.1,25162,
8737,317248,-1.0,0.0,8.33,1,0.0,0.0,0.1,25166,
8738,317312,-1.0,0.0,8.33,1,0.0,0.0,0.1,25173,
8739,317312,-2.3,0.0,6.67,1,0.0,0.0,0.1,25173,
8740,317312,-3.4,0.0,8.0,2,0.0,0.0,0.1,25173,
8741,317376,-6.1,0.0,21.57,11,0.2727,0.0,0.1,25183,
8742,317376,-4.8,0.0,15.69,8,0.25,0.0,0.1,25183,
8743,317376,-6.3,0.0,14.29,7,0.1429,0.1429,0.1,25183,
8744,317376,-2.3,0.0,6.67,1,0.0,0.0,0.1,25183,
8745,317376,-1.9,0.0,4.76,1,0.0,0.0,0.1,25183,
8746,317376,-5.1,0.0,1.96,1,0.0,1.0,0.1,25183,
8747,317376,-3.1,0.0,4.35,1,0.0,0.0,0.1,25183,
8748,317440,-5.3,0.0,25.49,13,0.0,0.3846,0.1,25190,
8749,317440,-2.7,0.0,30.43,7,0.1429,0.1429,0.1,25190,
8750,317440,-3.0,0.0,21.05,4,0.0,0.0,0.1,25190,
8751,317568,-5.3,0.0,5.88,3,0.0,0.6667,0.1,25206,
8752,317568,-1.5,0.0,14.29,1,0.0,0.0,0.1,25206,
8753,317568,-2.6,0.0,5.56,1,0.0,0.0,0.1,25206,
8754,317568,-2.8,0.0,23.53,4,0.25,0.25,0.1,25206,
8755,317568,-2.4,0.0,6.25,1,0.0,0.0,0.1,25206,
8756,317632,-1.1,0.0,7.69,1,0.0,0.0,0.1,25215,
8757,317632,-3.2,0.0,4.17,1,0.0,0.0,0.1,25215,
8758,317632,-1.7,0.0,11.11,1,0.0,0.0,0.1,25215,
8759,317632,-4.5,0.0,9.8,5,0.0,0.2,0.1,25215,
8760,317696,-3.6,0.0,7.41,2,0.0,0.0,0.1,25221,
8761,317696,-3.2,0.0,4.17,1,0.0,0.0,0.1,25221,
8762,317760,-2.0,0.0,8.33,1,0.0,0.0,0.1,25228,
8763,317760,-4.4,0.0,7.84,4,0.0,0.25,0.1,25228,
8764,317760,-2.8,0.0,10.53,2,0.0,0.5,0.1,25228,
8765,317824,-2.2,0.0,15.38,2,0.0,0.0,0.1,25234,
8766,317824,-2.0,0.0,8.33,1,0.0,0.0,0.1,25234,
8767,317888,-5.3,0.0,12.2,5,0.2,0.0,0.1,25240,
8768,317888,11.7,1.0,0.0,0,,,0.1,25240,
8769,317888,-0.9,0.0,20.0,2,0.0,0.0,0.1,25240,
8770,317888,10.1,1.0,33.33,5,0.2,0.4,0.1,25240,
8771,317888,-5.7,0.0,6.38,3,0.0,0.3333,0.1,25240,
8772,317888,-6.0,0.0,12.77,6,0.0,0.0,0.1,25240,
8773,317952,6.8,1.0,29.27,12,0.0,0.1667,0.1,25243,
8774,318016,-3.8,0.0,3.33,1,0.0,0.0,0.1,25245,
8775,318016,10.7,1.0,7.69,1,0.0,1.0,0.1,25245,
8776,318016,-5.5,0.0,9.8,5,0.2,0.0,0.1,25245,
8777,318080,-1.4,0.0,16.67,1,0.0,0.0,0.1,25255,
8778,318080,-2.3,0.0,14.29,2,0.0,0.0,0.1,25255,
8779,318080,-2.2,0.0,7.14,1,0.0,0.0,0.1,25255,
8780,318144,-3.8,0.0,6.9,2,0.0,0.0,0.1,25264,
8781,318144,-3.5,0.0,7.69,2,0.5,0.5,0.1,25264,
8782,318144,-0.6,0.0,12.5,1,0.0,0.0,0.1,25264,
8783,318208,-2.2,0.0,15.38,2,0.0,0.0,0.1,25269,
8784,318272,-2.2,0.0,7.14,1,0.0,0.0,0.1,25277,
8785,318272,-3.4,0.0,3.85,1,0.0,0.0,0.1,25277,
8786,318400,-5.7,0.0,13.73,7,0.1429,0.2857,0.1,25288,
8787,318400,-1.9,0.0,20.0,2,0.0,0.5,0.1,25288,
8788,318400,-4.6,0.0,11.76,6,0.0,0.6667,0.1,25288,
8789,318400,-1.9,0.0,9.09,1,0.0,0.0,0.1,25288,
8790,318464,-5.8,0.0,15.69,8,0.25,0.375,0.1,25293,
8791,318464,-3.6,0.0,7.41,2,0.0,0.0,0.1,25293,
8792,318528,-1.7,0.0,11.11,2,0.0,0.0,0.1,25301,
8793,318528,-1.9,0.0,20.0,2,0.0,0.0,0.1,25301,
8794,318528,-4.6,0.0,11.76,6,0.0,0.3333,0.1,25301,
8795,318528,-2.6,0.0,11.76,2,0.0,0.0,0.1,25301,
8796,318528,-2.6,0.0,5.56,1,0.0,0.0,0.1,25301,
8797,318592,-5.7,0.0,22.45,11,0.0909,0.3636,0.1,25309,
8798,318592,-1.9,0.0,9.09,1,0.0,0.0,0.1,25309,
8799,318656,-2.4,0.0,6.25,1,0.0,0.0,0.1,25318,
8800,318656,-1.1,0.0,7.69,1,0.0,0.0,0.1,25318,
8801,318656,-2.9,0.0,10.0,2,0.0,0.0,0.1,25318,
8802,318720,-1.8,0.0,22.22,2,0.5,0.5,0.1,25328,
8803,318720,11.1,1.0,0.0,0,,,0.1,25328,
8804,318720,-3.2,0.0,12.9,4,0.0,0.0,0.1,25328,
8805,318784,9.7,1.0,4.35,1,0.0,1.0,0.1,25335,
8806,318784,10.9,1.0,20.0,2,0.0,0.5,0.1,25335,
8807,318912,-5.1,0.0,1.96,1,1.0,0.0,0.1,25350,
8808,318912,-3.7,0.0,5.26,2,0.0,0.0,0.1,25350,
8809,318976,-5.3,0.0,5.88,3,0.0,0.0,0.1,25354,
8810,318976,-3.0,0.0,4.55,1,0.0,0.0,0.1,25354,
8811,319040,10.1,1.0,25.0,4,0.0,0.75,0.1,25361,
8812,319104,-1.9,0.0,9.09,1,0.0,0.0,0.1,25365,
8813,319232,-5.1,0.0,1.96,1,0.0,0.0,0.1,25382,
8814,319232,-2.6,0.0,5.56,1,0.0,0.0,0.1,25382,
8815,319296,-2.1,0.0,9.09,2,0.0,0.0,0.1,25390,
8816,319296,-4.7,0.0,8.11,3,0.0,0.3333,0.1,25390,
8817,319360,-2.3,0.0,14.29,2,0.0,0.5,0.1,25392,
8818,319424,-5.1,0.0,7.32,3,0.0,0.3333,0.1,25402,
8819,319424,-2.5,0.0,12.5,2,0.5,0.0,0.1,25402,
8820,319424,-1.9,0.0,20.0,2,0.0,0.0,0.1,25402,
8821,319424,-3.5,0.0,12.0,3,0.0,0.0,0.1,25402,
8822,319488,-2.8,0.0,10.53,2,0.0,0.0,0.1,25410,
8823,319488,-3.9,0.0,6.67,2,0.5,0.5,0.1,25410,
8824,319552,6.9,1.0,36.84,14,0.2857,0.2857,0.1,25419,
8825,319552,-1.6,0.0,5.56,1,0.0,0.0,0.1,25419,
8826,319552,-2.1,0.0,7.69,1,0.0,0.0,0.1,25419,
8827,319552,-2.2,0.0,15.38,2,0.0,0.0,0.1,25419,
8828,319552,-3.4,0.0,8.0,2,0.0,0.5,0.1,25419,
8829,319616,-2.5,0.0,5.88,1,0.0,0.0,0.1,25430,
8830,319616,-2.5,0.0,5.88,1,0.0,0.0,0.1,25430,
8831,319616,-1.4,0.0,16.67,1,0.0,0.0,0.1,25430,
8832,319616,-3.7,0.0,3.45,1,0.0,0.0,0.1,25430,
8833,319680,-5.9,0.0,17.65,9,0.1111,0.1111,0.1,25435,
8834,319680,-6.2,0.0,23.53,12,0.1667,0.3333,0.1,25435,
8835,319680,-5.8,0.0,15.69,8,0.0,0.375,0.1,25435,
8836,319680,-5.8,0.0,15.69,8,0.25,0.375,0.1,25435,
8837,319680,-3.2,0.0,16.67,5,0.2,0.2,0.1,25435,
8838,319680,-3.7,0.0,7.14,2,0.0,0.0,0.1,25435,
8839,319744,-1.9,0.0,9.09,1,0.0,0.0,0.1,25441,
8840,319808,-4.8,0.0,15.69,8,0.0,0.25,0.1,25451,
8841,319808,-5.2,0.0,3.92,2,0.0,0.0,0.1,25451,
8842,319808,-5.2,0.0,7.14,3,0.0,0.0,0.1,25451,
8843,319872,-4.1,0.0,9.68,3,0.0,0.3333,0.1,25461,
8844,319872,-3.0,0.0,4.55,1,0.0,0.0,0.1,25461,
8845,319872,-2.3,0.0,33.33,4,0.0,0.0,0.1,25461,
8846,319872,11.3,1.0,14.29,1,0.0,1.0,0.1,25461,
8847,319936,11.6,1.0,25.0,1,1.0,1.0,0.1,25464,
8848,319936,-2.8,0.0,5.0,1,0.0,0.0,0.1,25464,
8849,320064,-3.0,0.0,15.0,3,0.0,0.0,0.1,25475,
8850,320128,11.2,1.0,12.5,1,0.0,0.0,0.1,25477,
8851,320128,-2.3,0.0,13.04,3,0.3333,0.0,0.1,25477,
8852,320192,-2.0,0.0,18.18,2,0.5,0.5,0.1,25488,
8853,320192,-2.8,0.0,10.53,2,0.0,0.0,0.1,25488,
8854,320192,-1.7,0.0,25.0,2,0.0,0.0,0.1,25488,
8855,320256,-4.3,0.0,12.5,4,0.0,0.0,0.1,25498,
8856,320256,-1.9,0.0,9.09,1,0.0,0.0,0.1,25498,
8857,320320,7.3,1.0,14.29,6,0.1667,0.1667,0.1,25503,
8858,320448,-2.7,0.0,11.11,2,0.0,0.0,0.1,25523,
8859,320448,-4.7,0.0,8.11,3,0.0,0.3333,0.1,25523,
8860,320448,-2.2,0.0,15.38,2,0.0,0.0,0.1,25523,
8861,320512,-1.4,0.0,6.25,1,0.0,0.0,0.1,25529,
8862,320512,-1.8,0.0,10.0,1,0.0,0.0,0.1,25529,
8863,320576,-2.6,0.0,5.56,1,0.0,0.0,0.1,25538,
8864,320576,-5.9,0.0,4.0,2,0.0,0.5,0.1,25538,
8865,320576,6.7,1.0,10.2,5,0.2,0.2,0.1,25538,
8866,320576,-3.4,0.0,3.85,1,0.0,0.0,0.1,25538,
8867,320576,-5.0,0.0,7.5,3,0.0,0.3333,0.1,25538,
8868,320576,-4.6,0.0,11.76,6,0.0,0.3333,0.1,25538,
8869,320576,-4.6,0.0,11.76,6,0.0,0.3333,0.1,25538,
8870,320640,-3.5,0.0,8.57,3,0.6667,0.0,0.1,25545,
8871,320640,9.6,1.0,13.64,3,0.0,0.3333,0.1,25545,
8872,320640,-4.9,0.0,17.65,9,0.0,0.1111,0.1,25545,
8873,320640,-1.6,0.0,28.57,2,0.0,0.0,0.1,25545,
8874,320704,11.2,1.0,12.5,1,0.0,0.0,0.1,25549,
8875,320704,-5.4,0.0,7.84,4,0.0,0.0,0.1,25549,
8876,320768,-3.1,0.0,14.29,3,0.0,0.3333,0.1,25557,
8877,320768,-4.9,0.0,4.0,2,0.0,0.0,0.1,25557,
8878,320768,-1.8,0.0,10.0,1,0.0,0.0,0.1,25557,
8879,320832,-2.4,0.0,21.43,3,0.0,0.0,0.1,25569,
8880,320832,-5.4,0.0,7.84,4,0.0,0.5,0.1,25569,
8881,320832,-4.6,0.0,11.76,6,0.0,0.3333,0.1,25569,
8882,320896,-2.2,0.0,4.17,1,0.0,0.0,0.1,25578,
8883,320896,-2.0,0.0,9.52,2,0.0,0.0,0.1,25578,
8884,320960,-2.5,0.0,38.46,5,0.2,0.0,0.1,25586,
8885,320960,-3.0,0.0,15.0,3,0.0,0.3333,0.1,25586,
8886,321024,-1.3,0.0,20.0,1,0.0,0.0,0.1,25596,
8887,321024,-2.6,0.0,5.56,1,0.0,0.0,0.1,25596,
8888,321088,-4.9,0.0,13.51,5,0.0,0.0,0.1,25602,
8889,321088,-0.9,0.0,50.0,4,0.25,0.25,0.1,25602,
8890,321088,-2.6,0.0,5.56,1,0.0,0.0,0.1,25602,
8891,321088,-4.3,0.0,4.55,2,0.0,0.0,0.1,25602,
8892,321152,-5.2,0.0,3.92,2,0.0,0.0,0.1,25613,
8893,321152,-1.9,0.0,4.76,1,0.0,0.0,0.1,25613,
8894,321216,-1.4,0.0,16.67,1,0.0,0.0,0.1,25621,
8895,321280,-5.0,0.0,19.61,10,0.1,0.3,0.1,25634,
8896,321280,-5.0,0.0,2.38,1,0.0,0.0,0.1,25634,
8897,321280,-3.8,0.0,14.81,4,0.0,0.0,0.1,25634,
8898,321344,-2.7,0.0,7.14,2,0.0,0.0,0.1,25643,
8899,321344,-2.2,0.0,7.14,1,0.0,0.0,0.1,25643,
8900,321344,-1.9,0.0,10.0,2,0.5,0.0,0.1,25643,
8901,321408,-5.6,0.0,11.76,6,0.0,0.1667,0.1,25648,
8902,321408,-2.0,0.0,8.33,1,0.0,0.0,0.1,25648,
8903,321472,-4.4,0.0,32.14,9,0.0,0.1111,0.1,25659,
8904,321536,-3.1,0.0,26.32,5,0.2,0.2,0.1,25671,
8905,321536,10.9,1.0,0.0,0,,,0.1,25671,
8906,321600,-3.1,0.0,13.33,4,0.0,0.0,0.1,25680,
8907,321600,11.0,1.0,37.5,3,0.3333,0.6667,0.1,25680,
8908,321600,-3.1,0.0,6.25,2,0.0,0.0,0.1,25680,
8909,321600,-3.4,0.0,19.35,6,0.0,0.1667,0.1,25680,
8910,321600,-4.4,0.0,23.33,7,0.2857,0.0,0.1,25680,
8911,321664,-3.9,0.0,10.34,3,0.0,0.0,0.1,25689,
8912,321664,-2.3,0.0,23.08,3,0.3333,0.0,0.1,25689,
8913,321664,-1.7,0.0,11.11,1,0.0,0.0,0.1,25689,
8914,321728,-1.7,0.0,5.26,1,0.0,0.0,0.1,25698,
8915,321792,-3.3,0.0,4.0,1,0.0,0.0,0.1,25705,
8916,321792,-5.3,0.0,5.88,3,0.3333,0.0,0.1,25705,
8917,321792,-5.3,0.0,5.88,3,0.0,0.3333,0.1,25705,
8918,321792,-4.8,0.0,15.69,8,0.125,0.5,0.1,25705,
8919,321856,-4.4,0.0,7.84,4,0.0,0.0,0.1,25711,
8920,321856,-1.8,0.0,10.0,1,0.0,0.0,0.1,25711,
8921,321920,-2.3,0.0,6.67,1,0.0,0.0,0.1,25721,
8922,321920,-6.0,0.0,19.61,10,0.2,0.2,0.1,25721,
8923,321920,-2.9,0.0,15.79,3,0.3333,0.3333,0.1,25721,
8924,321920,11.5,1.0,0.0,0,,,0.1,25721,
8925,321984,-1.6,0.0,11.76,2,0.0,0.0,0.1,25731,
8926,321984,-2.0,0.0,18.18,2,0.0,0.0,0.1,25731,
8927,321984,-2.9,0.0,4.76,1,0.0,0.0,0.1,25731,
8928,321984,-1.8,0.0,10.0,1,0.0,0.0,0.1,25731,
8929,321984,-2.3,0.0,14.29,2,0.0,0.5,0.1,25731,
8930,321984,-3.0,0.0,22.22,6,0.0,0.3333,0.1,25731,
8931,322048,-4.9,0.0,20.93,9,0.2222,0.1111,0.1,25735,
8932,322112,-2.5,0.0,21.74,5,0.2,0.0,0.1,25739,
8933,322176,-3.6,0.0,16.0,4,0.0,0.0,0.1,25751,
8934,322176,-5.8,0.0,15.69,8,0.0,0.0,0.1,25751,
8935,322176,-2.5,0.0,16.67,4,0.0,0.0,0.1,25751,
8936,322240,-2.5,0.0,7.69,2,0.5,0.0,0.1,25759,
8937,322240,-4.8,0.0,7.89,3,0.0,0.0,0.1,25759,
8938,322240,-5.4,0.0,7.84,4,0.0,0.25,0.1,25759,
8939,322304,-4.2,0.0,9.38,3,0.0,0.0,0.1,25768,
8940,322368,-6.5,0.0,26.09,12,0.25,0.1667,0.1,25773,
8941,322368,-2.6,0.0,18.75,3,0.0,0.3333,0.1,25773,
8942,322432,-0.5,0.0,14.29,1,0.0,0.0,0.1,25777,
8943,322432,11.1,1.0,0.0,0,,,0.1,25777,
8944,322432,7.7,1.0,10.0,4,0.0,0.5,0.1,25777,
8945,322496,-4.0,0.0,6.45,2,0.5,0.0,0.1,25784,
8946,322496,-2.2,0.0,7.14,1,0.0,0.0,0.1,25784,
8947,322560,-3.2,0.0,13.64,3,0.0,0.3333,0.1,25791,
8948,322560,-2.4,0.0,13.33,2,0.0,0.5,0.1,25791,
8949,322560,-1.8,0.0,10.0,1,0.0,0.0,0.1,25791,
8950,322624,-2.0,0.0,30.0,3,0.3333,0.3333,0.1,25795,
8951,322688,-2.7,0.0,3.45,1,0.0,0.0,0.1,25810,
8952,322688,-1.2,0.0,15.38,2,0.0,0.0,0.1,25810,
8953,322688,-2.8,0.0,24.0,6,0.0,0.1667,0.1,25810,
8954,322688,-1.5,0.0,14.29,1,0.0,0.0,0.1,25810,
8955,322688,-2.9,0.0,10.0,2,0.0,0.0,0.1,25810,
8956,322688,-4.2,0.0,6.06,2,0.0,0.0,0.1,25810,
8957,322816,8.9,1.0,0.0,0,,,0.1,25824,
8958,322816,-4.2,0.0,20.69,6,0.1667,0.0,0.1,25824,
8959,322816,10.1,1.0,5.26,1,0.0,0.0,0.1,25824,
8960,322880,-4.4,0.0,7.84,4,0.5,0.25,0.1,25834,
8961,322880,-2.3,0.0,18.18,4,0.0,0.25,0.1,25834,
8962,322880,-2.6,0.0,7.41,2,0.0,0.0,0.1,25834,
8963,322944,-5.2,0.0,15.38,6,0.0,0.0,0.1,25842,
8964,322944,-2.6,0.0,11.54,3,0.3333,0.0,0.1,25842,
8965,323008,-5.9,0.0,17.65,9,0.1111,0.3333,0.1,25851,
8966,323008,10.2,1.0,26.67,4,0.0,0.25,0.1,25851,
8967,323072,-2.5,0.0,5.88,1,0.0,0.0,0.1,25856,
8968,323072,-2.6,0.0,11.76,2,0.5,0.0,0.1,25856,
8969,323136,-4.8,0.0,15.69,8,0.125,0.125,0.1,25863,
8970,323136,-3.0,0.0,9.52,2,0.0,0.0,0.1,25863,
8971,323136,-4.2,0.0,6.06,2,0.0,0.5,0.1,25863,
8972,323200,-1.0,0.0,8.33,1,0.0,0.0,0.1,25872,
8973,323200,-2.3,0.0,8.33,2,0.0,0.0,0.1,25872,
8974,323200,-2.6,0.0,11.54,3,0.0,0.3333,0.1,25872,
8975,323328,-1.6,0.0,5.56,1,0.0,0.0,0.1,25886,
8976,323392,-2.2,0.0,7.14,1,0.0,0.0,0.1,25890,
8977,323392,-3.5,0.0,7.69,2,0.0,0.5,0.1,25890,
8978,323456,-2.4,0.0,13.33,2,0.0,0.0,0.1,25896,
8979,323456,-1.0,0.0,8.33,1,0.0,0.0,0.1,25896,
8980,323456,-3.0,0.0,26.92,7,0.0,0.4286,0.1,25896,
8981,323520,-3.0,0.0,9.52,2,0.0,0.5,0.1,25904,
8982,323584,8.2,1.0,30.0,9,0.3333,0.3333,0.1,25908,
8983,323648,-2.3,0.0,6.67,1,0.0,0.0,0.1,25913,
8984,323648,-1.9,0.0,20.0,2,0.0,0.0,0.1,25913,
8985,323712,-4.9,0.0,17.65,9,0.2222,0.2222,0.1,25922,
8986,323712,-4.3,0.0,9.52,4,0.0,0.25,0.1,25922,
8987,323712,-3.5,0.0,27.27,6,0.0,0.1667,0.1,25922,
8988,323776,-2.2,0.0,7.14,1,0.0,0.0,0.1,25927,
8989,323840,-4.2,0.0,3.92,2,0.5,0.0,0.1,25933,
8990,323840,-0.9,0.0,20.0,2,0.0,0.0,0.1,25933,
8991,323840,-5.6,0.0,11.76,6,0.0,0.3333,0.1,25933,
8992,323840,-5.6,0.0,11.76,6,0.0,0.0,0.1,25933,
8993,323904,-1.9,0.0,10.0,2,0.5,0.0,0.1,25941,
8994,323968,-3.3,0.0,18.18,4,0.5,0.5,0.1,25949,
8995,324032,-2.6,0.0,5.56,1,0.0,0.0,0.1,25958,
8996,324032,-4.1,0.0,6.25,2,0.0,0.5,0.1,25958,
8997,324032,-5.3,0.0,25.49,13,0.0,0.2308,0.1,25958,
8998,324032,-1.8,0.0,16.67,3,0.0,0.0,0.1,25958,
8999,324096,-2.4,0.0,13.33,2,0.0,0.0,0.1,25965,
9000,324096,-3.4,0.0,12.5,3,0.0,0.3333,0.1,25965,
9001,324160,-5.7,0.0,13.73,7,0.1429,0.4286,0.1,25974,
9002,324160,-1.8,0.0,23.53,4,0.0,0.0,0.1,25974,
9003,324160,-5.2,0.0,25.0,11,0.0909,0.0,0.1,25974,
9004,324160,-4.0,0.0,17.86,5,0.0,0.0,0.1,25974,
9005,324224,-1.8,0.0,10.0,1,0.0,0.0,0.1,25982,
9006,324288,-3.5,0.0,12.0,3,0.3333,0.0,0.1,25988,
9007,324416,-1.4,0.0,16.67,1,0.0,0.0,0.1,26000,
9008,324480,-0.7,0.0,42.86,3,0.3333,0.3333,0.1,26008,
9009,324480,-2.0,0.0,30.0,3,0.3333,0.3333,0.1,26008,
9010,324480,-4.0,0.0,10.0,3,0.0,0.0,0.1,26008,
9011,324480,-5.8,0.0,13.33,6,0.0,0.0,0.1,26008,
9012,324480,-5.0,0.0,16.22,6,0.0,0.1667,0.1,26008,
9013,324544,-4.3,0.0,5.88,3,0.0,0.0,0.1,26011,
9014,324608,-2.1,0.0,7.69,1,0.0,0.0,0.1,26021,
9015,324672,-3.9,0.0,3.23,1,0.0,0.0,0.1,26029,
9016,324672,-5.2,0.0,3.92,2,0.5,0.0,0.1,26029,
9017,324736,-1.2,0.0,25.0,1,0.0,0.0,0.1,26038,
9018,324736,-3.3,0.0,4.0,1,0.0,0.0,0.1,26038,
9019,324800,-2.3,0.0,6.67,1,0.0,0.0,0.1,26040,
9020,324864,-2.3,0.0,6.67,1,0.0,0.0,0.1,26047,
9021,324864,-2.8,0.0,10.53,2,0.0,0.0,0.1,26047,
9022,324864,-5.1,0.0,1.96,1,0.0,0.0,0.1,26047,
9023,324928,-3.2,0.0,12.9,4,0.0,0.0,0.1,26058,
9024,324928,-4.9,0.0,17.65,9,0.1111,0.2222,0.1,26058,
9025,324928,-3.5,0.0,3.7,1,0.0,0.0,0.1,26058,
9026,324992,-2.2,0.0,7.14,1,0.0,0.0,0.1,26070,
9027,324992,-3.2,0.0,9.38,3,0.0,0.0,0.1,26070,
9028,324992,-4.9,0.0,2.44,1,0.0,0.0,0.1,26070,
9029,324992,-2.5,0.0,12.0,3,0.0,0.0,0.1,26070,
9030,324992,-3.4,0.0,8.82,3,0.0,0.0,0.1,26070,
9031,325056,-2.1,0.0,9.09,2,0.5,0.5,0.1,26075,
9032,325056,-5.4,0.0,7.84,4,0.0,0.5,0.1,26075,
9033,325056,10.7,1.0,7.69,1,0.0,1.0,0.1,26075,
9034,325120,-4.6,0.0,11.76,6,0.0,0.0,0.1,26084,
9035,325120,-3.4,0.0,3.85,1,0.0,0.0,0.1,26084,
9036,325120,-3.9,0.0,3.23,1,0.0,0.0,0.1,26084,
9037,325184,-3.7,0.0,7.14,2,0.0,0.5,0.1,26094,
9038,325184,-4.7,0.0,13.73,7,0.0,0.2857,0.1,26094,
9039,325184,-4.1,0.0,1.96,1,0.0,0.0,0.1,26094,
9040,325184,-2.2,0.0,7.14,1,0.0,0.0,0.1,26094,
9041,325184,-5.0,0.0,19.61,10,0.2,0.5,0.1,26094,
9042,325248,-4.9,0.0,17.65,9,0.0,0.1111,0.1,26101,
9043,325248,-2.5,0.0,5.88,1,0.0,0.0,0.1,26101,
9044,325248,-1.6,0.0,12.5,1,0.0,0.0,0.1,26101,
9045,325248,-2.9,0.0,10.0,2,0.0,0.0,0.1,26101,
9046,325248,-1.9,0.0,20.0,2,0.0,0.0,0.1,26101,
9047,325312,6.7,1.0,12.5,6,0.1667,0.3333,0.1,26105,
9048,325440,-5.4,0.0,7.84,4,0.0,0.5,0.1,26120,
9049,325504,-1.4,0.0,40.0,2,0.0,0.0,0.1,26128,
9050,325504,-2.9,0.0,4.76,1,0.0,0.0,0.1,26128,
9051,325504,-4.4,0.0,7.84,4,0.0,0.25,0.1,26128,
9052,325504,-1.4,0.0,40.0,2,0.0,0.0,0.1,26128,
9053,325504,-2.7,0.0,17.65,3,0.0,0.0,0.1,26128,
9054,325568,-1.4,0.0,16.67,1,0.0,0.0,0.1,26136,
9055,325568,-1.8,0.0,22.22,2,0.0,0.0,0.1,26136,
9056,325568,-1.6,0.0,12.5,1,0.0,0.0,0.1,26136,
9057,325632,-3.6,0.0,3.57,1,0.0,0.0,0.1,26146,
9058,325696,-1.0,0.0,30.0,3,0.3333,0.3333,0.1,26153,
9059,325696,-5.2,0.0,3.92,2,0.0,0.5,0.1,26153,
9060,325696,-4.8,0.0,15.69,8,0.125,0.25,0.1,26153,
9061,325696,-0.5,0.0,14.29,1,0.0,0.0,0.1,26153,
9062,325760,-2.4,0.0,3.85,1,0.0,0.0,0.1,26163,
9063,325760,-4.1,0.0,25.93,7,0.0,0.1429,0.1,26163,
9064,325760,8.3,1.0,18.75,6,0.1667,0.3333,0.1,26163,
9065,325824,9.8,1.0,9.52,2,0.5,0.5,0.1,26169,
9066,325824,-1.7,0.0,11.11,1,0.0,0.0,0.1,26169,
9067,325824,-2.3,0.0,6.67,1,0.0,0.0,0.1,26169,
9068,325888,-1.8,0.0,10.0,1,0.0,0.0,0.1,26176,
9069,325952,-4.4,0.0,7.84,4,0.25,0.5,0.1,26185,
9070,325952,-5.1,0.0,1.96,1,0.0,1.0,0.1,26185,
9071,325952,-1.3,0.0,20.0,1,0.0,0.0,0.1,26185,
9072,326016,-3.8,0.0,2.5,1,0.0,0.0,0.1,26192,
9073,326016,-6.6,0.0,18.0,9,0.1111,0.4444,0.1,26192,
9074,326016,-2.3,0.0,6.67,1,0.0,0.0,0.1,26192,
9075,326080,-4.3,0.0,5.88,3,0.0,0.6667,0.1,26197,
9076,326144,-1.8,0.0,10.0,1,0.0,0.0,0.1,26205,
9077,326144,-1.7,0.0,11.11,1,0.0,0.0,0.1,26205,
9078,326208,-2.8,0.0,10.53,2,0.0,0.0,0.1,26212,
9079,326272,-5.8,0.0,15.69,8,0.125,0.375,0.1,26219,
9080,326272,9.0,1.0,10.71,3,0.3333,0.0,0.1,26219,
9081,326336,-2.1,0.0,7.69,1,0.0,0.0,0.1,26225,
9082,326336,-0.2,0.0,25.0,1,0.0,0.0,0.1,26225,
9083,326336,-2.0,0.0,30.0,3,0.3333,0.0,0.1,26225,
9084,326336,-5.6,0.0,11.76,6,0.0,0.1667,0.1,26225,
9085,326400,-1.7,0.0,11.11,1,0.0,0.0,0.1,26240,
9086,326400,-1.6,0.0,28.57,2,0.5,0.0,0.1,26240,
9087,326400,-2.9,0.0,10.0,2,0.0,0.0,0.1,26240,
9088,326400,-1.4,0.0,16.67,1,0.0,0.0,0.1,26240,
9089,326400,-1.3,0.0,6.67,1,0.0,0.0,0.1,26240,
9090,326400,-6.3,0.0,16.67,8,0.125,0.0,0.1,26240,
9091,326464,-4.3,0.0,27.78,10,0.0,0.2,0.1,26247,
9092,326464,-5.3,0.0,5.88,3,0.0,0.6667,0.1,26247,
9093,326528,-2.8,0.0,31.25,5,0.0,0.0,0.1,26255,
9094,326528,-3.3,0.0,12.5,4,0.0,0.25,0.1,26255,
9095,326528,-2.1,0.0,7.69,1,0.0,0.0,0.1,26255,
9096,326592,7.9,1.0,10.53,4,0.0,0.5,0.1,26263,
9097,326656,-2.0,0.0,9.52,2,0.0,0.5,0.1,26269,
9098,326656,-1.2,0.0,25.0,1,0.0,0.0,0.1,26269,
9099,326720,-1.4,0.0,16.67,1,0.0,0.0,0.1,26281,
9100,326720,-2.1,0.0,16.67,2,0.0,0.0,0.1,26281,
9101,326720,-3.0,0.0,13.79,4,0.0,0.25,0.1,26281,
9102,326720,-2.6,0.0,16.0,4,0.25,0.0,0.1,26281,
9103,326720,-2.7,0.0,5.26,1,0.0,0.0,0.1,26281,
9104,326720,-3.7,0.0,11.11,3,0.0,0.3333,0.1,26281,
9105,326720,-5.3,0.0,5.88,3,0.3333,0.0,0.1,26281,
9106,326784,-1.8,0.0,10.0,1,0.0,0.0,0.1,26288,
9107,326784,-4.9,0.0,17.65,9,0.1111,0.1111,0.1,26288,
9108,326848,-2.4,0.0,30.77,4,0.0,0.25,0.1,26294,
9109,326848,-3.4,0.0,8.0,2,0.0,0.0,0.1,26294,
9110,326912,-1.6,0.0,12.5,1,0.0,0.0,0.1,26303,
9111,326912,-3.0,0.0,9.52,2,0.5,0.0,0.1,26303,
9112,326976,-2.6,0.0,5.56,1,0.0,0.0,0.1,26310,
9113,326976,-5.0,0.0,0.0,0,,,0.1,26310,
9114,326976,-5.9,0.0,17.65,9,0.1111,0.3333,0.1,26310,
9115,327040,-5.4,0.0,14.0,7,0.1429,0.0,0.1,26318,
9116,327040,-1.6,0.0,50.0,3,0.6667,0.3333,0.1,26318,
9117,327040,-1.5,0.0,12.5,2,0.0,0.0,0.1,26318,
9118,327104,-4.2,0.0,2.94,1,0.0,0.0,0.1,26327,
9119,327168,11.3,1.0,33.33,2,0.5,0.5,0.1,26332,
9120,327232,-4.0,0.0,7.5,3,0.0,0.3333,0.1,26339,
9121,327232,-2.6,0.0,11.76,2,0.0,0.0,0.1,26339,
9122,327232,-4.1,0.0,6.25,2,0.0,0.0,0.1,26339,
9123,327296,-5.1,0.0,21.57,11,0.0,0.1818,0.1,26345,
9124,327360,-2.1,0.0,7.69,1,0.0,0.0,0.1,26357,
9125,327360,-4.4,0.0,27.59,8,0.125,0.125,0.1,26357,
9126,327488,-1.8,0.0,10.0,1,0.0,0.0,0.1,26365,
9127,327552,6.7,1.0,28.57,12,0.0,0.25,0.1,26372,
9128,327552,-2.1,0.0,7.69,1,0.0,0.0,0.1,26372,
9129,327552,11.3,1.0,0.0,0,,,0.1,26372,
9130,327552,-2.3,0.0,23.08,3,0.3333,0.3333,0.1,26372,
9131,327616,-3.1,0.0,20.0,4,0.0,0.0,0.1,26380,
9132,327616,-2.2,0.0,7.14,1,0.0,0.0,0.1,26380,
9133,327616,-1.7,0.0,11.11,1,0.0,0.0,0.1,26380,
9134,327680,-4.1,0.0,9.68,3,0.0,0.3333,0.1,26388,
9135,327744,-4.9,0.0,17.65,9,0.0,0.2222,0.1,26393,
9136,327808,-5.5,0.0,9.8,5,0.0,0.4,0.1,26398,
9137,327808,-4.8,0.0,2.5,1,0.0,0.0,0.1,26398,
9138,327872,-1.8,0.0,10.0,1,0.0,0.0,0.1,26409,
9139,327872,-2.6,0.0,5.56,1,0.0,0.0,0.1,26409,
9140,327872,-2.1,0.0,9.09,2,0.0,0.5,0.1,26409,
9141,327936,-2.0,0.0,21.05,4,0.0,0.0,0.1,26414,
9142,327936,-5.0,0.0,0.0,0,,,0.1,26414,
9143,328000,6.4,1.0,11.76,6,0.1667,0.3333,0.1,26425,
9144,328000,-3.8,0.0,24.0,6,0.0,0.3333,0.1,26425,
9145,328000,11.0,1.0,10.0,1,0.0,0.0,0.1,26425,
9146,328064,-5.2,0.0,23.53,12,0.3333,0.5833,0.1,26431,
9147,328064,-2.4,0.0,13.33,2,0.5,0.5,0.1,26431,
9148,328128,-5.0,0.0,16.22,6,0.0,0.1667,0.1,26438,
9149,328192,11.7,1.0,0.0,0,,,0.1,26449,
9150,328192,11.7,1.0,0.0,0,,,0.1,26449,
9151,328192,-4.6,0.0,11.76,6,0.1667,0.3333,0.1,26449,
9152,328192,-3.0,0.0,9.52,2,0.0,0.5,0.1,26449,
9153,328192,-3.8,0.0,5.13,2,0.0,0.0,0.1,26449,
9154,328192,-4.4,0.0,7.84,4,0.0,0.25,0.1,26449,
9155,328192,-2.9,0.0,14.29,4,0.0,0.0,0.1,26449,
9156,328192,-0.5,0.0,14.29,1,0.0,0.0,0.1,26449,
9157,328192,-2.1,0.0,26.32,5,0.2,0.0,0.1,26449,
9158,328256,-5.3,0.0,5.88,3,0.0,0.3333,0.1,26455,
9159,328256,-4.2,0.0,3.92,2,0.0,0.0,0.1,26455,
9160,328384,-4.4,0.0,7.84,4,0.0,0.5,0.1,26466,
9161,328384,-1.7,0.0,25.0,2,0.0,0.0,0.1,26466,
9162,328384,-4.3,0.0,12.2,5,0.0,0.2,0.1,26466,
9163,328448,-2.5,0.0,5.88,1,0.0,0.0,0.1,26474,
9164,328448,-3.2,0.0,25.0,5,0.0,0.2,0.1,26474,
9165,328448,-1.9,0.0,20.0,2,0.5,0.0,0.1,26474,
9166,328448,-5.0,0.0,19.61,10,0.2,0.2,0.1,26474,
9167,328512,-4.8,0.0,20.59,7,0.1429,0.1429,0.1,26482,
9168,328640,-1.7,0.0,11.11,1,0.0,0.0,0.1,26493,
9169,328640,-1.5,0.0,5.88,1,0.0,0.0,0.1,26493,
9170,328704,-3.1,0.0,13.33,4,0.0,0.25,0.1,26498,
9171,328704,-1.3,0.0,20.0,1,0.0,0.0,0.1,26498,
9172,328768,-3.5,0.0,3.7,1,0.0,0.0,0.1,26503,
9173,328768,-2.0,0.0,8.33,1,0.0,0.0,0.1,26503,
9174,328768,-3.6,0.0,8.33,3,0.3333,0.3333,0.1,26503,
9175,328832,-1.8,0.0,10.0,1,0.0,0.0,0.1,26512,
9176,328832,-5.6,0.0,11.76,6,0.1667,0.3333,0.1,26512,
9177,328832,-3.5,0.0,12.0,3,0.0,0.0,0.1,26512,
9178,328896,-1.9,0.0,9.09,1,0.0,0.0,0.1,26521,
9179,328896,-3.1,0.0,9.68,3,0.0,0.3333,0.1,26521,
9180,328896,-2.0,0.0,4.55,1,0.0,0.0,0.1,26521,
9181,328896,10.0,1.0,5.0,1,0.0,0.0,0.1,26521,
9182,328896,-4.6,0.0,14.71,5,0.0,0.0,0.1,26521,
9183,328896,-1.4,0.0,21.43,3,0.3333,0.6667,0.1,26521,
9184,328960,-3.0,0.0,9.52,2,0.0,0.0,0.1,26528,
9185,328960,-2.0,0.0,8.33,1,0.0,0.0,0.1,26528,
9186,328960,8.4,1.0,15.62,5,0.0,0.2,0.1,26528,
9187,329024,-2.3,0.0,23.08,3,0.0,0.0,0.1,26537,
9188,329024,-5.0,0.0,19.61,10,0.1,0.1,0.1,26537,
9189,329088,-2.2,0.0,25.0,5,0.2,0.4,0.1,26545,
9190,329088,11.2,1.0,28.57,2,0.5,0.0,0.1,26545,
9191,329088,10.5,1.0,14.29,2,0.0,0.5,0.1,26545,
9192,329088,-5.3,0.0,5.88,3,0.0,0.3333,0.1,26545,
9193,329152,-4.5,0.0,11.76,4,0.25,0.5,0.1,26553,
9194,329152,-4.5,0.0,11.76,4,0.0,0.25,0.1,26553,
9195,329152,-5.6,0.0,11.76,6,0.0,0.1667,0.1,26553,
9196,329216,-1.5,0.0,14.29,1,0.0,0.0,0.1,26561,
9197,329216,-1.3,0.0,20.0,1,0.0,0.0,0.1,26561,
9198,329216,-5.1,0.0,1.96,1,0.0,0.0,0.1,26561,
9199,329216,-2.4,0.0,13.33,2,0.5,0.0,0.1,26561,
9200,329280,-2.5,0.0,5.88,1,0.0,0.0,0.1,26567,
9201,329280,-2.2,0.0,7.14,1,0.0,0.0,0.1,26567,
9202,329280,-1.1,0.0,7.69,1,0.0,0.0,0.1,26567,
9203,329408,-3.5,0.0,16.67,4,0.0,0.0,0.1,26580,
9204,329472,-2.5,0.0,12.0,3,0.0,0.3333,0.1,26586,
9205,329472,-5.5,0.0,9.8,5,0.4,0.2,0.1,26586,
9206,329472,-0.8,0.0,10.0,1,0.0,0.0,0.1,26586,
9207,329472,-1.9,0.0,33.33,3,0.3333,0.6667,0.1,26586,
9208,329536,-4.2,0.0,3.92,2,0.0,0.0,0.1,26590,
9209,329536,-5.4,0.0,7.84,4,0.0,0.25,0.1,26590,
9210,329536,-2.0,0.0,30.0,3,0.0,0.0,0.1,26590,
9211,329600,10.3,1.0,5.88,1,0.0,0.0,0.1,26596,
9212,329600,-1.9,0.0,9.09,1,0.0,0.0,0.1,26596,
9213,329600,10.9,1.0,0.0,0,,,0.1,26596,
9214,329600,-5.1,0.0,1.96,1,0.0,0.0,0.1,26596,
9215,329664,-3.2,0.0,6.06,2,0.0,0.0,0.1,26606,
9216,329664,-5.0,0.0,19.61,10,0.1,0.4,0.1,26606,
9217,329664,-4.0,0.0,26.92,7,0.0,0.2857,0.1,26606,
9218,329664,-2.3,0.0,6.67,1,0.0,0.0,0.1,26606,
9219,329664,-2.0,0.0,8.33,1,0.0,0.0,0.1,26606,
9220,329664,-1.6,0.0,12.5,1,0.0,0.0,0.1,26606,
9221,329664,-4.6,0.0,11.76,6,0.1667,0.1667,0.1,26606,
9222,329728,-2.0,0.0,8.33,1,0.0,0.0,0.1,26618,
9223,329728,-3.2,0.0,4.17,1,0.0,0.0,0.1,26618,
9224,329728,-1.8,0.0,5.0,1,0.0,0.0,0.1,26618,
9225,329728,-5.9,0.0,8.33,4,0.0,0.0,0.1,26618,
9226,329792,8.1,1.0,14.29,5,0.0,0.0,0.1,26624,
9227,329792,-5.7,0.0,13.73,7,0.1429,0.1429,0.1,26624,
9228,329792,-4.6,0.0,11.76,6,0.0,0.0,0.1,26624,
9229,329792,-2.2,0.0,7.14,1,0.0,0.0,0.1,26624,
9230,329792,-3.7,0.0,11.11,3,0.0,0.0,0.1,26624,
9231,329856,-4.5,0.0,11.76,4,0.0,0.0,0.1,26630,
9232,329856,-5.2,0.0,3.92,2,0.0,0.0,0.1,26630,
9233,329920,-1.8,0.0,10.0,1,0.0,0.0,0.1,26638,
9234,329984,-4.9,0.0,17.65,9,0.1111,0.5556,0.1,26649,
9235,329984,-1.7,0.0,25.0,2,0.0,0.0,0.1,26649,
9236,329984,-1.9,0.0,9.09,1,0.0,0.0,0.1,26649,
9237,330048,-4.2,0.0,15.38,6,0.0,0.0,0.1,26656,
9238,330048,-5.2,0.0,4.65,2,0.5,0.0,0.1,26656,
9239,330112,-2.4,0.0,6.25,1,0.0,0.0,0.1,26663,
9240,330112,-2.4,0.0,13.33,2,0.0,0.0,0.1,26663,
9241,330112,-0.6,0.0,28.57,2,0.0,0.0,0.1,26663,
9242,330112,-2.8,0.0,5.0,1,0.0,0.0,0.1,26663,
9243,330176,-3.7,0.0,30.43,7,0.0,0.2857,0.1,26669,
9244,330240,-3.0,0.0,21.05,4,0.25,0.0,0.1,26671,
9245,330368,-1.2,0.0,25.0,1,0.0,0.0,0.1,26684,
9246,330368,-3.0,0.0,4.55,1,0.0,0.0,0.1,26684,
9247,330432,-2.3,0.0,6.67,1,0.0,0.0,0.1,26693,
9248,330432,-1.2,0.0,7.14,1,0.0,0.0,0.1,26693,
9249,330432,-4.3,0.0,4.55,2,0.0,0.0,0.1,26693,
9250,330496,-2.1,0.0,7.69,1,0.0,0.0,0.1,26700,
9251,330496,-5.0,0.0,0.0,0,,,0.1,26700,
9252,330496,-3.6,0.0,7.41,2,0.0,0.0,0.1,26700,
9253,330496,-2.2,0.0,7.14,1,0.0,0.0,0.1,26700,
9254,330560,-5.1,0.0,18.92,7,0.0,0.1429,0.1,26709,
9255,330560,-2.4,0.0,17.39,4,0.0,0.0,0.1,26709,
9256,330560,-2.0,0.0,8.33,1,0.0,0.0,0.1,26709,
9257,330624,-2.3,0.0,14.29,2,0.0,0.0,0.1,26715,
9258,330624,-4.5,0.0,2.7,1,0.0,0.0,0.1,26715,
9259,330624,-1.0,0.0,8.33,1,0.0,0.0,0.1,26715,
9260,330688,-2.3,0.0,6.67,1,0.0,0.0,0.1,26721,
9261,330688,-2.2,0.0,7.14,1,0.0,0.0,0.1,26721,
9262,330688,-1.7,0.0,11.11,1,0.0,0.0,0.1,26721,
9263,330688,-2.8,0.0,10.53,2,0.5,0.5,0.1,26721,
9264,330752,-4.5,0.0,5.56,2,0.0,0.5,0.1,26731,
9265,330752,-2.9,0.0,23.08,6,0.0,0.0,0.1,26731,
9266,330752,-5.1,0.0,7.32,3,0.0,0.0,0.1,26731,
9267,330752,-1.4,0.0,40.0,2,0.5,0.5,0.1,26731,
9268,330752,-1.8,0.0,10.0,1,0.0,0.0,0.1,26731,
9269,330752,-3.9,0.0,18.52,5,0.0,0.2,0.1,26731,
9270,330816,9.0,1.0,19.23,5,0.0,0.0,0.1,26737,
9271,330816,-1.7,0.0,11.11,2,0.0,0.0,0.1,26737,
9272,330880,-4.8,0.0,7.89,3,0.0,0.3333,0.1,26740,
9273,330880,-3.8,0.0,10.71,3,0.0,0.3333,0.1,26740,
9274,330944,10.2,1.0,5.56,1,0.0,0.0,0.1,26747,
9275,330944,-3.5,0.0,7.69,2,0.0,0.0,0.1,26747,
9276,331008,-2.7,0.0,5.26,1,0.0,0.0,0.1,26753,
9277,331008,-3.2,0.0,19.05,4,0.25,0.5,0.1,26753,
9278,331008,11.7,1.0,0.0,0,,,0.1,26753,
9279,331072,-2.1,0.0,7.69,1,0.0,0.0,0.1,26762,
9280,331136,-4.8,0.0,5.13,2,0.0,0.5,0.1,26769,
9281,331136,-2.9,0.0,4.76,1,0.0,0.0,0.1,26769,
9282,331200,-3.4,0.0,3.85,1,0.0,0.0,0.1,26776,
9283,331200,-1.8,0.0,16.67,3,0.0,0.0,0.1,26776,
9284,331264,-2.8,0.0,5.0,1,0.0,0.0,0.1,26785,
9285,331264,-3.5,0.0,5.56,2,0.0,0.0,0.1,26785,
9286,331264,-1.8,0.0,16.67,3,0.3333,0.3333,0.1,26785,
9287,331264,-1.2,0.0,25.0,1,0.0,0.0,0.1,26785,
9288,331328,-2.9,0.0,4.76,1,0.0,0.0,0.1,26797,
9289,331328,-1.6,0.0,28.57,2,0.0,0.5,0.1,26797,
9290,331328,-2.0,0.0,8.33,1,0.0,0.0,0.1,26797,
9291,331328,-1.4,0.0,16.67,1,0.0,0.0,0.1,26797,
9292,331328,-1.9,0.0,9.09,1,0.0,0.0,0.1,26797,
9293,331392,-2.2,0.0,7.14,1,0.0,0.0,0.1,26805,
9294,331392,-6.1,0.0,8.0,4,0.0,0.0,0.1,26805,
9295,331456,-1.9,0.0,9.09,1,0.0,0.0,0.1,26813,
9296,331456,-2.6,0.0,11.76,2,0.0,0.0,0.1,26813,
9297,331456,-1.9,0.0,10.0,2,0.0,0.5,0.1,26813,
9298,331520,-2.2,0.0,25.0,3,0.0,0.3333,0.1,26821,
9299,331584,-3.7,0.0,11.11,3,0.0,0.0,0.1,26830,
9300,331584,-2.8,0.0,3.33,1,0.0,0.0,0.1,26830,
9301,331648,-5.3,0.0,5.88,3,0.0,0.3333,0.1,26837,
9302,331712,-2.4,0.0,6.25,1,0.0,0.0,0.1,26846,
9303,331712,-3.6,0.0,3.57,1,0.0,0.0,0.1,26846,
9304,331840,-1.7,0.0,11.11,2,0.0,0.0,0.1,26857,
9305,331840,-5.7,0.0,4.17,2,0.0,0.5,0.1,26857,
9306,331840,-2.0,0.0,18.18,2,0.0,0.0,0.1,26857,
9307,331904,-1.7,0.0,5.26,1,0.0,0.0,0.1,26861,
9308,331968,-3.3,0.0,13.04,3,0.3333,0.3333,0.1,26869,
9309,331968,-2.0,0.0,18.18,2,0.0,0.0,0.1,26869,
9310,332032,-3.1,0.0,20.0,4,0.0,0.5,0.1,26880,
9311,332032,-3.0,0.0,9.52,2,0.5,0.0,0.1,26880,
9312,332032,-2.1,0.0,7.69,1,0.0,0.0,0.1,26880,
9313,332032,-2.5,0.0,12.5,2,0.0,0.0,0.1,26880,
9314,332032,-4.2,0.0,15.38,6,0.0,0.0,0.1,26880,
9315,332032,-4.8,0.0,7.89,3,0.0,0.3333,0.1,26880,
9316,332032,-3.3,0.0,13.04,3,0.0,0.0,0.1,26880,
9317,332096,-1.1,0.0,7.69,1,0.0,0.0,0.1,26887,
9318,332160,-3.7,0.0,7.14,2,0.0,0.5,0.1,26895,
9319,332224,10.4,1.0,13.33,2,0.0,0.5,0.1,26903,
9320,332224,-4.8,0.0,5.13,2,0.0,0.0,0.1,26903,
9321,332224,-2.5,0.0,5.88,1,0.0,0.0,0.1,26903,
9322,332224,7.6,1.0,15.38,6,0.1667,0.5,0.1,26903,
9323,332288,-1.2,0.0,25.0,1,0.0,0.0,0.1,26907,
9324,332288,7.0,1.0,21.43,9,0.0,0.1111,0.1,26907,
9325,332352,-3.8,0.0,3.33,1,0.0,0.0,0.1,26914,
9326,332352,-1.7,0.0,25.0,4,0.25,0.25,0.1,26914,
9327,332416,-2.7,0.0,20.0,5,0.2,0.4,0.1,26921,
9328,332480,-4.8,0.0,15.69,8,0.125,0.25,0.1,26928,
9329,332480,-2.6,0.0,5.56,1,0.0,0.0,0.1,26928,
9330,332480,-4.6,0.0,11.76,6,0.0,0.1667,0.1,26928,
9331,332480,-4.9,0.0,17.65,9,0.0,0.0,0.1,26928,
9332,332480,-1.9,0.0,20.0,2,0.0,0.0,0.1,26928,
9333,332480,-2.1,0.0,9.09,2,0.5,0.5,0.1,26928,
9334,332480,-3.7,0.0,3.45,1,0.0,0.0,0.1,26928,
9335,332480,-5.6,0.0,11.76,6,0.3333,0.1667,0.1,26928,
9336,332544,-1.1,0.0,7.69,1,0.0,0.0,0.1,26936,
9337,332544,-1.8,0.0,37.5,3,0.0,0.3333,0.1,26936,
9338,332608,-2.3,0.0,6.67,1,0.0,0.0,0.1,26943,
9339,332672,-4.2,0.0,20.69,6,0.3333,0.0,0.1,26953,
9340,332672,-1.8,0.0,10.53,2,0.0,0.0,0.1,26953,
9341,332672,-6.1,0.0,21.57,11,0.0909,0.3636,0.1,26953,
9342,332672,-0.3,0.0,20.0,1,0.0,0.0,0.1,26953,
9343,332672,-2.9,0.0,4.76,1,0.0,0.0,0.1,26953,
9344,332736,-4.1,0.0,4.76,2,0.0,0.5,0.1,26964,
9345,332736,-3.6,0.0,3.57,1,0.0,0.0,0.1,26964,
9346,332736,-4.7,0.0,13.73,7,0.1429,0.4286,0.1,26964,
9347,332736,-2.5,0.0,28.57,4,0.0,0.5,0.1,26964,
9348,332800,10.8,1.0,8.33,1,0.0,0.0,0.1,26968,
9349,332800,11.1,1.0,11.11,1,0.0,0.0,0.1,26968,
9350,332800,-2.3,0.0,8.33,2,0.0,0.0,0.1,26968,
9351,332800,-1.6,0.0,12.5,1,0.0,0.0,0.1,26968,
9352,332800,-2.8,0.0,10.53,2,0.0,0.0,0.1,26968,
9353,332864,-6.3,0.0,9.8,5,0.0,0.4,0.1,26980,
9354,332864,-4.3,0.0,2.86,1,0.0,0.0,0.1,26980,
9355,332928,-4.6,0.0,25.64,10,0.0,0.0,0.1,26985,
9356,332928,-5.5,0.0,9.8,5,0.0,0.2,0.1,26985,
9357,332928,10.9,1.0,9.09,1,0.0,0.0,0.1,26985,
9358,332928,-5.4,0.0,7.84,4,0.25,0.25,0.1,26985,
9359,332992,-3.3,0.0,13.04,3,0.0,0.0,0.1,26993,
9360,332992,-3.8,0.0,19.23,5,0.0,0.2,0.1,26993,
9361,333056,-2.2,0.0,7.14,1,0.0,0.0,0.1,27000,
9362,333056,-2.7,0.0,5.26,1,0.0,0.0,0.1,27000,
9363,333056,-0.4,0.0,40.0,2,0.5,0.5,0.1,27000,
9364,333120,-4.4,0.0,5.71,2,0.0,0.0,0.1,27005,
9365,333184,-1.9,0.0,9.09,1,0.0,0.0,0.1,27011,
9366,333184,6.0,1.0,22.0,11,0.0,0.1818,0.1,27011,
9367,333248,11.7,1.0,0.0,0,,,0.1,27017,
9368,333312,-1.1,0.0,16.67,2,0.0,0.0,0.1,27027,
9369,333312,-2.2,0.0,7.14,1,0.0,0.0,0.1,27027,
9370,333312,-1.3,0.0,20.0,1,0.0,0.0,0.1,27027,
9371,333376,11.6,1.0,0.0,0,,,0.1,27036,
9372,333376,-2.9,0.0,4.76,1,0.0,0.0,0.1,27036,
9373,333376,-1.6,0.0,12.5,1,0.0,0.0,0.1,27036,
9374,333376,-1.7,0.0,11.11,1,0.0,0.0,0.1,27036,
9375,333504,-2.1,0.0,7.69,1,0.0,0.0,0.1,27056,
9376,333568,-3.3,0.0,8.33,2,0.0,0.0,0.1,27064,
9377,333632,8.1,1.0,11.11,4,0.0,0.25,0.1,27068,
9378,333696,-2.7,0.0,11.11,2,0.0,0.0,0.1,27080,
9379,333696,-2.2,0.0,7.14,1,0.0,0.0,0.1,27080,
9380,333760,-3.2,0.0,4.17,1,0.0,0.0,0.1,27094,
9381,333760,-4.7,0.0,13.73,7,0.2857,0.4286,0.1,27094,
9382,333760,-3.6,0.0,11.54,3,0.0,0.0,0.1,27094,
9383,333760,-4.2,0.0,2.94,1,0.0,0.0,0.1,27094,
9384,333760,-5.3,0.0,5.88,3,0.0,0.3333,0.1,27094,
9385,333824,-2.9,0.0,22.22,4,0.25,0.25,0.1,27104,
9386,333824,-3.1,0.0,17.24,5,0.0,0.0,0.1,27104,
9387,333824,-5.8,0.0,15.69,8,0.0,0.25,0.1,27104,
9388,333824,-3.0,0.0,9.52,2,0.0,0.5,0.1,27104,
9389,333824,-1.7,0.0,5.26,1,0.0,0.0,0.1,27104,
9390,333824,8.1,1.0,21.21,7,0.0,0.2857,0.1,27104,
9391,333888,-3.4,0.0,22.73,5,0.2,0.4,0.1,27113,
9392,334016,-2.8,0.0,10.53,2,0.0,0.0,0.1,27123,
9393,334016,-2.8,0.0,5.0,1,0.0,0.0,0.1,27123,
9394,334016,-6.4,0.0,47.06,24,0.1667,0.3333,0.1,27123,
9395,334016,9.0,1.0,29.17,7,0.0,0.1429,0.1,27123,
9396,334016,-5.1,0.0,1.96,1,0.0,0.0,0.1,27123,
9397,334080,-2.3,0.0,6.67,1,0.0,0.0,0.1,27128,
9398,334080,-2.2,0.0,15.38,2,0.0,0.0,0.1,27128,
9399,334080,-2.1,0.0,27.27,3,0.3333,0.0,0.1,27128,
9400,334208,-2.0,0.0,30.0,3,0.0,0.3333,0.1,27152,
9401,334208,-1.6,0.0,12.5,1,0.0,0.0,0.1,27152,
9402,334208,-5.4,0.0,9.3,4,0.0,0.25,0.1,27152,
9403,334208,-3.6,0.0,7.41,2,0.0,0.0,0.1,27152,
9404,334272,-3.3,0.0,4.0,1,0.0,0.0,0.1,27156,
9405,334272,-5.3,0.0,5.88,3,0.3333,0.3333,0.1,27156,
9406,334400,-3.3,0.0,13.04,3,0.0,0.3333,0.1,27177,
9407,334400,-3.9,0.0,28.0,7,0.0,0.0,0.1,27177,
9408,334400,-2.3,0.0,13.04,3,0.0,0.3333,0.1,27177,
9409,334400,-4.8,0.0,7.89,3,0.0,0.6667,0.1,27177,
9410,334464,-2.7,0.0,17.65,3,0.0,0.0,0.1,27185,
9411,334464,-2.1,0.0,27.27,3,0.0,0.3333,0.1,27185,
9412,334464,-5.3,0.0,5.88,3,0.0,0.0,0.1,27185,
9413,334528,-2.8,0.0,16.67,3,0.3333,0.0,0.1,27194,
9414,334528,-4.0,0.0,3.12,1,0.0,0.0,0.1,27194,
9415,334528,-4.8,0.0,20.59,7,0.1429,0.1429,0.1,27194,
9416,334592,-2.0,0.0,8.33,1,0.0,0.0,0.1,27198,
9417,334656,-4.2,0.0,12.9,4,0.0,0.0,0.1,27206,
9418,334656,-4.2,0.0,3.92,2,0.0,0.0,0.1,27206,
9419,334656,-6.5,0.0,29.41,15,0.1333,0.2667,0.1,27206,
9420,334720,-4.7,0.0,13.73,7,0.1429,0.2857,0.1,27210,
9421,334784,-5.3,0.0,17.95,7,0.1429,0.1429,0.1,27216,
9422,334784,-1.8,0.0,22.22,2,0.0,0.5,0.1,27216,
9423,334848,-2.2,0.0,15.38,2,0.0,0.0,0.1,27227,
9424,334848,-3.6,0.0,25.81,8,0.125,0.125,0.1,27227,
9425,334848,-3.5,0.0,16.67,4,0.25,0.25,0.1,27227,
9426,334912,-5.5,0.0,6.67,3,0.0,0.3333,0.1,27234,
9427,334912,-4.9,0.0,10.53,4,0.75,0.0,0.1,27234,
9428,334976,-3.4,0.0,8.0,2,0.0,0.0,0.1,27243,
9429,335040,-1.8,0.0,10.0,1,0.0,0.0,0.1,27247,
9430,335104,-2.3,0.0,14.29,2,0.5,0.5,0.1,27258,
9431,335104,-2.8,0.0,5.0,1,0.0,0.0,0.1,27258,
9432,335104,-1.5,0.0,14.29,1,0.0,0.0,0.1,27258,
9433,335104,-2.3,0.0,14.29,2,0.0,0.5,0.1,27258,
9434,335104,-5.7,0.0,25.0,12,0.1667,0.1667,0.1,27258,
9435,335168,-1.4,0.0,16.67,1,0.0,0.0,0.1,27265,
9436,335168,-5.2,0.0,3.92,2,0.0,0.0,0.1,27265,
9437,335232,-4.0,0.0,3.12,1,0.0,0.0,0.1,27270,
9438,335296,-2.3,0.0,14.29,2,0.0,0.5,0.1,27282,
9439,335296,-2.7,0.0,25.0,6,0.1667,0.0,0.1,27282,
9440,335296,-1.1,0.0,7.69,1,0.0,0.0,0.1,27282,
9441,335296,-3.4,0.0,3.85,1,0.0,0.0,0.1,27282,
9442,335296,-1.8,0.0,10.0,1,0.0,0.0,0.1,27282,
9443,335424,-1.7,0.0,5.26,1,0.0,0.0,0.1,27302,
9444,335424,11.3,1.0,60.0,3,0.6667,0.3333,0.1,27302,
9445,335488,-3.7,0.0,11.11,3,0.0,0.0,0.1,27306,
9446,335488,-4.5,0.0,9.8,5,0.4,0.6,0.1,27306,
9447,335616,-3.5,0.0,12.0,3,0.0,0.0,0.1,27315,
9448,335616,-3.6,0.0,7.41,2,0.0,0.0,0.1,27315,
9449,335616,-5.6,0.0,20.41,10,0.0,0.7,0.1,27315,
9450,335616,-4.6,0.0,8.33,3,0.0,0.0,0.1,27315,
9451,335680,-5.2,0.0,9.76,4,0.25,0.0,0.1,27323,
9452,335680,11.5,1.0,0.0,0,,,0.1,27323,
9453,335744,-3.9,0.0,3.23,1,0.0,0.0,0.1,27333,
9454,335744,-2.2,0.0,7.14,1,0.0,0.0,0.1,27333,
9455,335744,7.2,1.0,16.67,7,0.2857,0.2857,0.1,27333,
9456,335744,-4.9,0.0,5.0,2,0.0,0.0,0.1,27333,
9457,335872,-2.0,0.0,8.33,1,0.0,0.0,0.1,27349,
9458,335936,-2.1,0.0,16.67,2,0.0,0.0,0.1,27358,
9459,335936,-4.4,0.0,7.84,4,0.0,0.25,0.1,27358,
9460,336000,-1.3,0.0,20.0,1,0.0,0.0,0.1,27364,
9461,336000,-5.6,0.0,11.76,6,0.0,0.5,0.1,27364,
9462,336000,-2.3,0.0,6.67,1,0.0,0.0,0.1,27364,
9463,336000,-5.5,0.0,9.8,5,0.0,0.2,0.1,27364,
9464,336000,-2.5,0.0,5.88,1,0.0,0.0,0.1,27364,
9465,336064,-4.8,0.0,15.69,8,0.0,0.125,0.1,27368,
9466,336128,-4.7,0.0,11.11,4,0.0,0.5,0.1,27376,
9467,336128,-4.2,0.0,6.06,2,0.0,0.0,0.1,27376,
9468,336128,-4.2,0.0,20.69,6,0.0,0.1667,0.1,27376,
9469,336128,-3.5,0.0,12.0,3,0.0,0.3333,0.1,27376,
9470,336192,-5.2,0.0,3.92,2,0.0,0.0,0.1,27383,
9471,336192,-4.5,0.0,9.8,5,0.2,0.6,0.1,27383,
9472,336256,-4.1,0.0,17.24,5,0.0,0.2,0.1,27391,
9473,336256,-1.4,0.0,16.67,1,0.0,0.0,0.1,27391,
9474,336256,-4.0,0.0,6.45,2,0.0,0.0,0.1,27391,
9475,336320,-4.1,0.0,17.24,5,0.0,0.4,0.1,27401,
9476,336384,-1.6,0.0,26.67,4,0.75,0.0,0.1,27411,
9477,336384,-2.8,0.0,14.81,4,0.0,0.5,0.1,27411,
9478,336384,-2.1,0.0,9.09,2,0.5,0.0,0.1,27411,
9479,336448,8.2,1.0,5.41,2,0.0,0.0,0.1,27415,
9480,336512,-1.6,0.0,12.5,1,0.0,0.0,0.1,27425,
9481,336512,-4.0,0.0,6.45,2,0.0,0.0,0.1,27425,
9482,336512,-2.4,0.0,6.25,1,0.0,0.0,0.1,27425,
9483,336512,-2.7,0.0,5.26,1,0.0,0.0,0.1,27425,
9484,336512,6.2,1.0,25.53,12,0.0833,0.4167,0.1,27425,
9485,336576,-5.1,0.0,21.57,11,0.0,0.0909,0.1,27433,
9486,336640,-2.0,0.0,9.52,2,0.0,0.0,0.1,27440,
9487,336704,-4.0,0.0,10.0,3,0.3333,0.0,0.1,27444,
9488,336768,-2.6,0.0,5.56,1,0.0,0.0,0.1,27452,
9489,336768,-1.6,0.0,12.5,1,0.0,0.0,0.1,27452,
9490,336768,-2.5,0.0,12.5,2,0.0,0.0,0.1,27452,
9491,336768,-2.7,0.0,15.38,4,0.5,0.5,0.1,27452,
9492,336832,-3.7,0.0,36.36,8,0.0,0.0,0.1,27457,
9493,336896,-6.0,0.0,8.16,4,0.0,0.25,0.1,27462,
9494,336960,-5.4,0.0,7.84,4,0.0,0.25,0.1,27472,
9495,336960,-3.3,0.0,9.09,3,0.0,0.0,0.1,27472,
9496,336960,-5.3,0.0,24.44,11,0.0,0.4545,0.1,27472,
9497,337024,8.9,1.0,6.67,2,0.0,0.0,0.1,27482,
9498,337024,-3.7,0.0,3.45,1,0.0,0.0,0.1,27482,
9499,337024,-3.9,0.0,7.69,3,0.0,0.3333,0.1,27482,
9500,337024,-3.0,0.0,9.52,2,0.5,0.0,0.1,27482,
9501,337024,-1.9,0.0,20.0,2,0.0,0.0,0.1,27482,
9502,337088,-4.1,0.0,1.96,1,0.0,0.0,0.1,27487,
9503,337088,-0.8,0.0,10.0,1,0.0,0.0,0.1,27487,
9504,337088,-4.5,0.0,9.8,5,0.0,0.2,0.1,27487,
9505,337088,-3.6,0.0,3.57,1,0.0,0.0,0.1,27487,
9506,337088,-1.7,0.0,11.11,1,0.0,0.0,0.1,27487,
9507,337088,-5.0,0.0,0.0,0,,,0.1,27487,
9508,337152,-3.0,0.0,4.55,1,0.0,0.0,0.1,27493,
9509,337152,-1.2,0.0,7.14,1,0.0,0.0,0.1,27493,
9510,337216,-1.8,0.0,5.0,1,0.0,0.0,0.1,27499,
9511,337216,-2.0,0.0,18.18,2,0.0,0.5,0.1,27499,
9512,337216,-5.5,0.0,18.37,9,0.2222,0.5556,0.1,27499,
9513,337280,-2.6,0.0,5.56,1,0.0,0.0,0.1,27506,
9514,337280,-5.5,0.0,9.8,5,0.0,0.8,0.1,27506,
9515,337280,10.7,1.0,0.0,0,,,0.1,27506,
9516,337280,6.9,1.0,18.18,8,0.0,0.125,0.1,27506,
9517,337280,-4.6,0.0,11.76,6,0.0,0.6667,0.1,27506,
9518,337408,-2.0,0.0,9.52,2,0.0,0.0,0.1,27522,
9519,337408,-2.0,0.0,8.33,1,0.0,0.0,0.1,27522,
9520,337408,-3.2,0.0,31.58,6,0.1667,0.1667,0.1,27522,
9521,337536,-1.6,0.0,12.5,1,0.0,0.0,0.1,27533,
9522,337536,11.5,1.0,0.0,0,,,0.1,27533,
9523,337536,-3.0,0.0,10.0,3,0.3333,0.3333,0.1,27533,
9524,337600,-1.4,0.0,16.67,1,0.0,0.0,0.1,27544,
9525,337600,-0.6,0.0,12.5,1,0.0,0.0,0.1,27544,
9526,337664,-5.7,0.0,8.7,4,0.0,0.0,0.1,27553,
9527,337664,-2.2,0.0,7.14,1,0.0,0.0,0.1,27553,
9528,337664,-3.6,0.0,11.54,3,0.0,0.0,0.1,27553,
9529,337664,-4.6,0.0,11.76,6,0.3333,0.0,0.1,27553,
9530,337728,-2.0,0.0,18.18,2,0.0,0.0,0.1,27559,
9531,337792,-2.7,0.0,25.0,4,0.0,0.25,0.1,27563,
9532,337856,-4.7,0.0,13.73,7,0.0,0.2857,0.1,27571,
9533,337856,-3.5,0.0,3.7,1,0.0,0.0,0.1,27571,
9534,337920,-1.7,0.0,25.0,2,0.0,0.0,0.1,27574,
9535,337984,-2.5,0.0,12.5,2,0.0,0.0,0.1,27583,
9536,337984,-2.5,0.0,5.88,1,0.0,0.0,0.1,27583,
9537,337984,-2.0,0.0,8.33,1,0.0,0.0,0.1,27583,
9538,338048,10.3,1.0,12.5,2,0.0,0.0,0.1,27590,
9539,338048,-2.3,0.0,8.33,2,0.0,0.0,0.1,27590,
9540,338048,-4.9,0.0,10.53,4,0.25,0.25,0.1,27590,
9541,338112,-4.3,0.0,5.88,2,0.0,0.0,0.1,27597,
9542,338112,-4.1,0.0,9.68,3,0.0,0.3333,0.1,27597,
9543,338112,-5.5,0.0,9.8,5,0.2,0.0,0.1,27597,
9544,338176,-5.3,0.0,5.88,3,0.0,0.0,0.1,27604,
9545,338176,-1.3,0.0,20.0,1,0.0,0.0,0.1,27604,
9546,338176,-1.0,0.0,30.0,3,0.0,0.0,0.1,27604,
9547,338176,11.2,1.0,12.5,1,1.0,1.0,0.1,27604,
9548,338240,-2.7,0.0,11.11,2,0.0,0.0,0.1,27617,
9549,338240,-3.6,0.0,7.41,2,0.0,0.0,0.1,27617,
9550,338240,-1.3,0.0,6.67,1,0.0,0.0,0.1,27617,
9551,338240,-5.1,0.0,10.2,5,0.0,0.2,0.1,27617,
9552,338240,-1.8,0.0,10.0,1,0.0,0.0,0.1,27617,
9553,338240,-3.2,0.0,8.7,2,0.5,0.5,0.1,27617,
9554,338304,-5.9,0.0,18.18,8,0.25,0.5,0.1,27629,
9555,338304,-6.2,0.0,14.58,7,0.0,0.1429,0.1,27629,
9556,338368,11.8,1.0,0.0,0,,,0.1,27641,
9557,338368,-2.2,0.0,15.38,2,0.0,0.5,0.1,27641,
9558,338368,9.8,1.0,15.0,3,0.3333,0.6667,0.1,27641,
9559,338368,-4.0,0.0,3.12,1,0.0,0.0,0.1,27641,
9560,338432,-3.0,0.0,9.52,2,0.0,0.0,0.1,27651,
9561,338432,-3.2,0.0,8.7,2,0.0,0.0,0.1,27651,
9562,338432,-3.7,0.0,3.45,1,0.0,0.0,0.1,27651,
9563,338496,-2.1,0.0,9.09,2,0.0,0.0,0.1,27660,
9564,338496,9.5,1.0,18.18,4,0.0,0.25,0.1,27660,
9565,338496,-1.5,0.0,14.29,1,0.0,0.0,0.1,27660,
9566,338560,-2.3,0.0,4.0,1,0.0,0.0,0.1,27668,
9567,338560,-5.4,0.0,27.45,14,0.0714,0.5,0.1,27668,
9568,338624,-2.3,0.0,6.67,1,0.0,0.0,0.1,27679,
9569,338624,-4.4,0.0,12.12,4,0.25,0.25,0.1,27679,
9570,338624,-1.7,0.0,17.65,3,0.0,0.3333,0.1,27679,
9571,338624,-4.7,0.0,11.11,5,0.0,0.2,0.1,27679,
9572,338688,11.5,1.0,0.0,0,,,0.1,27682,
9573,338752,-6.6,0.0,20.41,10,0.1,0.4,0.1,27689,
9574,338816,-1.5,0.0,33.33,2,0.5,0.5,0.1,27693,
9575,338944,-3.0,0.0,15.0,3,0.0,0.3333,0.1,27702,
9576,339008,-2.8,0.0,16.67,3,0.0,0.0,0.1,27712,
9577,339008,-2.3,0.0,23.81,5,0.0,0.0,0.1,27712,
9578,339008,-2.4,0.0,6.25,1,0.0,0.0,0.1,27712,
9579,339008,-3.5,0.0,12.0,3,0.0,0.0,0.1,27712,
9580,339008,-4.9,0.0,17.65,9,0.0,0.2222,0.1,27712,
9581,339072,-1.6,0.0,28.57,2,0.0,0.0,0.1,27717,
9582,339136,-2.6,0.0,5.56,1,0.0,0.0,0.1,27725,
9583,339136,-1.6,0.0,12.5,1,0.0,0.0,0.1,27725,
9584,339136,-1.0,0.0,8.33,1,0.0,0.0,0.1,27725,
9585,339136,-2.1,0.0,9.09,2,0.0,0.0,0.1,27725,
9586,339200,-6.5,0.0,16.0,8,0.125,0.25,0.1,27729,
9587,339200,-3.2,0.0,2.94,1,0.0,0.0,0.1,27729,
9588,339200,-4.3,0.0,12.5,4,0.25,0.25,0.1,27729,
9589,339264,-5.2,0.0,3.92,2,0.0,0.0,0.1,27739,
9590,339264,-4.1,0.0,1.96,1,0.0,0.0,0.1,27739,
9591,339264,-2.9,0.0,22.22,4,0.0,0.25,0.1,27739,
9592,339264,-1.5,0.0,14.29,1,0.0,0.0,0.1,27739,
9593,339264,-3.5,0.0,31.03,9,0.1111,0.3333,0.1,27739,
9594,339264,-2.1,0.0,16.67,2,0.0,0.0,0.1,27739,
9595,339328,-1.5,0.0,33.33,2,0.0,0.0,0.1,27748,
9596,339328,9.7,1.0,20.0,4,0.0,0.0,0.1,27748,
9597,339328,-3.4,0.0,15.62,5,0.2,0.2,0.1,27748,
9598,339392,-4.1,0.0,3.03,1,0.0,0.0,0.1,27752,
9599,339392,-5.4,0.0,7.84,4,0.0,0.25,0.1,27752,
9600,339456,-2.1,0.0,14.29,3,0.3333,0.0,0.1,27760,
9601,339456,-2.3,0.0,6.67,1,0.0,0.0,0.1,27760,
9602,339456,-5.4,0.0,27.45,14,0.0714,0.2857,0.1,27760,
9603,339520,-3.2,0.0,4.17,1,0.0,0.0,0.1,27767,
9604,339520,-4.8,0.0,5.13,2,0.0,0.0,0.1,27767,
9605,339520,-2.7,0.0,5.26,1,0.0,0.0,0.1,27767,
9606,339520,-5.5,0.0,9.8,5,0.0,0.2,0.1,27767,
9607,339584,-3.6,0.0,11.54,3,0.0,0.0,0.1,27772,
9608,339648,-4.6,0.0,11.76,6,0.0,0.1667,0.1,27780,
9609,339712,-1.7,0.0,5.26,1,0.0,0.0,0.1,27788,
9610,339776,-1.4,0.0,16.67,1,0.0,0.0,0.1,27800,
9611,339776,10.9,1.0,0.0,0,,,0.1,27800,
9612,339776,-3.2,0.0,4.17,1,0.0,0.0,0.1,27800,
9613,339776,-5.0,0.0,12.77,6,0.3333,0.1667,0.1,27800,
9614,339840,-2.6,0.0,5.56,1,0.0,0.0,0.1,27809,
9615,339904,-3.3,0.0,13.04,3,0.0,0.3333,0.1,27821,
9616,339904,-0.8,0.0,10.0,1,0.0,0.0,0.1,27821,
9617,339968,-5.3,0.0,5.88,3,0.3333,0.0,0.1,27825,
9618,339968,-1.6,0.0,12.5,1,0.0,0.0,0.1,27825,
9619,339968,7.1,1.0,16.28,7,0.0,0.4286,0.1,27825,
9620,340032,8.8,1.0,13.79,4,0.25,0.25,0.1,27834,
9621,340032,-2.0,0.0,8.33,1,0.0,0.0,0.1,27834,
9622,340032,-2.5,0.0,12.5,2,0.5,0.0,0.1,27834,
9623,340032,9.5,1.0,0.0,0,,,0.1,27834,
9624,340032,-1.7,0.0,11.11,1,0.0,0.0,0.1,27834,
9625,340032,-3.7,0.0,7.14,2,0.0,0.0,0.1,27834,
9626,340096,-2.3,0.0,23.08,3,0.0,0.3333,0.1,27838,
9627,340096,-5.1,0.0,1.96,1,0.0,0.0,0.1,27838,
9628,340160,-4.5,0.0,2.7,1,0.0,0.0,0.1,27845,
9629,340224,-2.0,0.0,18.18,2,0.5,0.5,0.1,27853,
9630,340224,-3.0,0.0,27.78,5,0.0,0.0,0.1,27853,
9631,340224,-1.3,0.0,20.0,1,0.0,0.0,0.1,27853,
9632,340288,-1.5,0.0,12.5,2,0.5,0.0,0.1,27861,
9633,340288,-2.9,0.0,10.0,2,0.0,0.0,0.1,27861,
9634,340288,-3.0,0.0,15.0,3,0.0,0.0,0.1,27861,
9635,340288,-4.1,0.0,13.33,4,0.0,0.25,0.1,27861,
9636,340352,-2.4,0.0,6.25,1,0.0,0.0,0.1,27872,
9637,340480,-3.8,0.0,6.9,2,0.0,0.0,0.1,27885,
9638,340544,-5.4,0.0,27.45,14,0.0714,0.1429,0.1,27891,
9639,340544,-2.0,0.0,8.33,1,0.0,0.0,0.1,27891,
9640,340544,-4.6,0.0,11.76,6,0.1667,0.1667,0.1,27891,
9641,340544,-4.2,0.0,12.9,4,0.0,0.5,0.1,27891,
9642,340608,-2.1,0.0,7.69,1,0.0,0.0,0.1,27896,
9643,340672,10.2,1.0,18.75,3,0.0,0.0,0.1,27900,
9644,340672,-1.8,0.0,10.0,1,0.0,0.0,0.1,27900,
9645,340672,-3.9,0.0,6.67,2,0.0,0.5,0.1,27900,
9646,340736,-2.8,0.0,5.0,1,0.0,0.0,0.1,27904,
9647,340800,-3.1,0.0,26.32,5,0.0,0.2,0.1,27912,
9648,340800,-2.7,0.0,17.65,3,0.0,0.3333,0.1,27912,
9649,340800,-2.3,0.0,14.29,2,0.0,0.0,0.1,27912,
9650,340864,-4.7,0.0,11.11,4,0.0,0.25,0.1,27918,
9651,340864,11.8,1.0,0.0,0,,,0.1,27918,
9652,340864,-5.4,0.0,7.84,4,0.5,0.25,0.1,27918,
9653,340864,-4.6,0.0,13.95,6,0.3333,0.1667,0.1,27918,
9654,340992,-3.3,0.0,16.13,5,0.2,0.4,0.1,27935,
9655,340992,-3.6,0.0,26.09,6,0.1667,0.5,0.1,27935,
9656,341056,-5.5,0.0,17.07,7,0.4286,0.0,0.1,27940,
9657,341056,-2.7,0.0,7.14,2,0.0,0.0,0.1,27940,
9658,341120,-5.5,0.0,11.63,5,0.0,0.2,0.1,27945,
9659,341120,-3.0,0.0,9.52,2,0.5,0.0,0.1,27945,
9660,341120,-1.1,0.0,7.69,1,0.0,0.0,0.1,27945,
9661,341184,-2.1,0.0,9.09,2,0.0,0.0,0.1,27953,
9662,341184,-2.5,0.0,7.69,2,0.0,0.5,0.1,27953,
9663,341248,-1.9,0.0,9.09,1,0.0,0.0,0.1,27960,
9664,341312,-1.9,0.0,22.22,4,0.25,0.0,0.1,27968,
9665,341312,-4.4,0.0,7.84,4,0.0,0.0,0.1,27968,
9666,341312,-1.8,0.0,22.22,2,0.0,0.0,0.1,27968,
9667,341376,-5.2,0.0,4.65,2,0.0,0.0,0.1,27973,
9668,341440,-3.4,0.0,22.73,5,0.0,0.0,0.1,27980,
9669,341440,-5.0,0.0,0.0,0,,,0.1,27980,
9670,341440,-5.6,0.0,11.76,6,0.0,0.1667,0.1,27980,
9671,341440,-2.7,0.0,11.11,2,0.5,0.5,0.1,27980,
9672,341440,-2.3,0.0,6.67,1,0.0,0.0,0.1,27980,
9673,341504,-4.8,0.0,15.69,8,0.125,0.25,0.1,27985,
9674,341504,-4.7,0.0,13.73,7,0.1429,0.0,0.1,27985,
9675,341504,-3.6,0.0,8.33,3,0.0,0.0,0.1,27985,
9676,341504,-6.4,0.0,27.45,14,0.0,0.2857,0.1,27985,
9677,341504,-4.7,0.0,13.73,7,0.1429,0.0,0.1,27985,
9678,341568,-3.4,0.0,8.82,3,0.0,0.0,0.1,27991,
9679,341568,-3.4,0.0,5.71,2,0.0,0.0,0.1,27991,
9680,341568,9.6,1.0,8.7,2,0.0,0.0,0.1,27991,
9681,341568,-2.0,0.0,8.33,1,0.0,0.0,0.1,27991,
9682,341632,-1.6,0.0,26.67,4,0.0,0.0,0.1,27994,
9683,341632,10.4,1.0,30.77,4,0.0,0.75,0.1,27994,
9684,341696,-2.4,0.0,3.85,1,0.0,0.0,0.1,28002,
9685,341696,-1.6,0.0,12.5,1,0.0,0.0,0.1,28002,
9686,341760,-3.9,0.0,14.29,4,0.0,0.0,0.1,28009,
9687,341760,-5.1,0.0,7.32,3,0.0,0.3333,0.1,28009,
9688,341824,-1.9,0.0,9.09,1,0.0,0.0,0.1,28018,
9689,341888,11.6,1.0,0.0,0,,,0.1,28024,
9690,341888,-2.9,0.0,14.29,4,0.25,0.0,0.1,28024,
9691,341952,-3.8,0.0,7.89,3,0.0,0.3333,0.1,28029,
9692,342016,-3.2,0.0,8.7,2,0.0,0.0,0.1,28035,
9693,342016,-2.7,0.0,11.11,3,0.0,0.3333,0.1,28035,
9694,342144,-2.1,0.0,4.35,1,0.0,0.0,0.1,28045,
9695,342208,-4.0,0.0,6.45,2,0.5,0.0,0.1,28056,
9696,342208,-4.8,0.0,10.81,4,0.0,0.0,0.1,28056,
9697,342208,-2.7,0.0,25.0,4,0.5,0.5,0.1,28056,
9698,342208,11.3,1.0,0.0,0,,,0.1,28056,
9699,342336,-2.0,0.0,8.33,1,0.0,0.0,0.1,28068,
9700,342336,-4.4,0.0,12.12,4,0.0,0.25,0.1,28068,
9701,342400,-5.6,0.0,31.37,16,0.0625,0.1875,0.1,28074,
9702,342400,-5.4,0.0,7.84,4,0.0,0.0,0.1,28074,
9703,342400,-5.1,0.0,1.96,1,0.0,0.0,0.1,28074,
9704,342464,-0.6,0.0,12.5,1,0.0,0.0,0.1,28079,
9705,342464,-5.1,0.0,1.96,1,0.0,0.0,0.1,28079,
9706,342464,-4.6,0.0,11.76,6,0.1667,0.0,0.1,28079,
9707,342528,-3.8,0.0,17.14,6,0.1667,0.0,0.1,28082,
9708,342528,-4.4,0.0,7.84,4,0.0,0.5,0.1,28082,
9709,342592,-5.2,0.0,3.92,2,0.0,0.0,0.1,28087,
9710,342592,-2.5,0.0,5.88,1,0.0,0.0,0.1,28087,
9711,342656,-2.8,0.0,16.67,3,0.3333,0.0,0.1,28097,
9712,342656,-2.3,0.0,14.29,2,0.0,0.0,0.1,28097,
9713,342720,-2.3,0.0,6.67,1,0.0,0.0,0.1,28106,
9714,342784,-2.2,0.0,13.64,3,0.0,0.0,0.1,28114,
9715,342784,-3.6,0.0,3.57,1,0.0,0.0,0.1,28114,
9716,342848,-4.4,0.0,2.78,1,0.0,0.0,0.1,28123,
9717,342848,-5.3,0.0,4.55,2,0.0,0.5,0.1,28123,
9718,342848,8.9,1.0,14.29,4,0.75,0.25,0.1,28123,
9719,342848,-3.8,0.0,6.9,2,0.0,0.0,0.1,28123,
9720,342848,-1.5,0.0,14.29,1,0.0,0.0,0.1,28123,
9721,342912,-3.2,0.0,8.7,2,0.0,0.0,0.1,28131,
9722,342912,-2.3,0.0,4.0,1,0.0,0.0,0.1,28131,
9723,343040,-4.4,0.0,8.82,3,0.0,0.3333,0.1,28137,
9724,343040,9.6,1.0,13.64,3,0.3333,0.3333,0.1,28137,
9725,343104,-3.8,0.0,10.71,3,0.0,0.0,0.1,28145,
9726,343104,10.6,1.0,7.14,1,0.0,0.0,0.1,28145,
9727,343104,-3.7,0.0,7.14,2,0.0,0.0,0.1,28145,
9728,343168,-1.4,0.0,40.0,2,0.5,0.0,0.1,28151,
9729,343232,8.9,1.0,18.52,5,0.2,0.4,0.1,28158,
9730,343232,-4.6,0.0,11.76,6,0.0,0.3333,0.1,28158,
9731,343232,-4.0,0.0,0.0,0,,,0.1,28158,
9732,343232,10.8,1.0,0.0,0,,,0.1,28158,
9733,343296,10.9,1.0,9.09,1,0.0,1.0,0.1,28161,
9734,343296,-4.4,0.0,7.84,4,0.25,0.25,0.1,28161,
9735,343296,-1.7,0.0,17.65,3,0.0,0.3333,0.1,28161,
9736,343296,11.0,1.0,10.0,1,0.0,0.0,0.1,28161,
9737,343296,-5.0,0.0,0.0,0,,,0.1,28161,
9738,343360,-0.6,0.0,12.5,1,0.0,0.0,0.1,28166,
9739,343360,-3.8,0.0,17.14,6,0.1667,0.1667,0.1,28166,
9740,343424,-0.7,0.0,11.11,1,0.0,0.0,0.1,28172,
9741,343488,-4.5,0.0,18.75,6,0.1667,0.1667,0.1,28179,
9742,343488,-5.3,0.0,5.88,3,0.0,0.3333,0.1,28179,
9743,343552,-4.4,0.0,12.12,4,0.0,0.0,0.1,28187,
9744,343552,-3.1,0.0,13.33,4,0.25,0.0,0.1,28187,
9745,343616,-5.6,0.0,11.76,6,0.1667,0.1667,0.1,28196,
9746,343616,-2.1,0.0,26.32,5,0.2,0.0,0.1,28196,
9747,343616,-4.4,0.0,9.3,4,0.25,0.25,0.1,28196,
9748,343616,-4.8,0.0,10.81,4,0.0,0.0,0.1,28196,
9749,343680,-1.5,0.0,14.29,1,0.0,0.0,0.1,28212,
9750,343680,-2.5,0.0,12.5,2,0.0,0.0,0.1,28212,
9751,343680,-5.5,0.0,6.67,3,0.0,0.0,0.1,28212,
9752,343744,11.2,1.0,28.57,2,1.0,1.0,0.1,28221,
9753,343808,-3.1,0.0,13.33,4,0.0,0.5,0.1,28231,
9754,343808,-4.6,0.0,11.76,6,0.1667,0.3333,0.1,28231,
9755,343872,-3.0,0.0,9.52,2,0.0,0.5,0.1,28241,
9756,343872,-5.1,0.0,5.88,3,0.3333,0.0,0.1,28241,
9757,343872,-3.7,0.0,11.11,3,0.0,0.0,0.1,28241,
9758,343872,-1.2,0.0,25.0,1,0.0,0.0,0.1,28241,
9759,343936,-1.8,0.0,10.0,1,0.0,0.0,0.1,28247,
9760,343936,-1.0,0.0,18.18,2,0.0,0.0,0.1,28247,
9761,343936,-2.1,0.0,7.69,1,0.0,0.0,0.1,28247,
9762,343936,7.0,1.0,15.91,7,0.0,0.4286,0.1,28247,
9763,344000,-1.7,0.0,17.65,3,0.0,0.3333,0.1,28252,
9764,344064,-2.7,0.0,5.26,1,0.0,0.0,0.1,28257,
9765,344064,-3.8,0.0,2.5,1,0.0,0.0,0.1,28257,
9766,344064,-2.9,0.0,10.0,2,0.0,0.5,0.1,28257,
9767,344128,-4.3,0.0,5.88,3,0.3333,0.0,0.1,28267,
9768,344128,-1.5,0.0,12.5,2,0.0,0.5,0.1,28267,
9769,344128,-4.5,0.0,9.8,5,0.0,0.0,0.1,28267,
9770,344128,-2.2,0.0,15.38,2,0.0,0.0,0.1,28267,
9771,344192,-1.2,0.0,25.0,1,0.0,0.0,0.1,28274,
9772,344192,-2.0,0.0,30.0,3,0.0,0.3333,0.1,28274,
9773,344256,10.2,1.0,5.56,1,1.0,1.0,0.1,28279,
9774,344320,-5.2,0.0,4.65,2,0.0,0.0,0.1,28292,
9775,344320,-2.6,0.0,18.75,3,0.0,0.3333,0.1,28292,
9776,344320,-5.3,0.0,25.49,13,0.0,0.1538,0.1,28292,
9777,344320,-1.9,0.0,20.0,2,0.0,0.5,0.1,28292,
9778,344384,-2.4,0.0,6.25,1,0.0,0.0,0.1,28302,
9779,344448,-2.6,0.0,7.41,2,0.0,0.5,0.1,28308,
9780,344512,11.1,1.0,25.0,2,0.5,0.5,0.1,28314,
9781,344512,-2.4,0.0,6.25,1,0.0,0.0,0.1,28314,
9782,344512,10.6,1.0,7.14,1,0.0,1.0,0.1,28314,
9783,344512,-1.8,0.0,10.0,1,0.0,0.0,0.1,28314,
9784,344576,-2.7,0.0,15.38,4,0.0,0.5,0.1,28322,
9785,344576,-2.3,0.0,14.29,2,0.0,0.0,0.1,28322,
9786,344576,-3.9,0.0,5.0,2,0.0,0.0,0.1,28322,
9787,344576,-1.9,0.0,20.0,2,0.0,0.0,0.1,28322,
9788,344576,-5.7,0.0,6.38,3,0.3333,0.3333,0.1,28322,
9789,344576,-1.9,0.0,9.09,1,0.0,0.0,0.1,28322,
9790,344640,-2.0,0.0,8.33,1,0.0,0.0,0.1,28331,
9791,344640,-0.7,0.0,25.0,2,0.5,0.5,0.1,28331,
9792,344704,-5.7,0.0,13.73,7,0.0,0.2857,0.1,28338,
9793,344704,11.5,1.0,0.0,0,,,0.1,28338,
9794,344704,7.3,1.0,37.14,13,0.0,0.3077,0.1,28338,
9795,344704,-4.2,0.0,3.92,2,0.0,0.0,0.1,28338,
9796,344768,-5.1,0.0,1.96,1,0.0,0.0,0.1,28339,
9797,344832,11.7,1.0,0.0,0,,,0.1,28346,
9798,344832,-0.6,0.0,12.5,1,0.0,0.0,0.1,28346,
9799,344832,-2.2,0.0,7.14,1,0.0,0.0,0.1,28346,
9800,344896,-4.5,0.0,14.29,6,0.1667,0.1667,0.1,28352,
9801,344896,-4.0,0.0,13.79,4,0.0,0.0,0.1,28352,
9802,344896,-4.3,0.0,24.14,7,0.0,0.1429,0.1,28352,
9803,344896,-3.1,0.0,14.29,3,0.0,0.0,0.1,28352,
9804,344960,-3.6,0.0,11.54,3,0.0,0.6667,0.1,28365,
9805,344960,-2.3,0.0,14.29,2,0.0,0.0,0.1,28365,
9806,344960,-2.6,0.0,11.76,2,0.0,0.0,0.1,28365,
9807,344960,-1.7,0.0,11.11,1,0.0,0.0,0.1,28365,
9808,344960,-5.3,0.0,5.88,3,0.0,0.0,0.1,28365,
9809,345024,-1.2,0.0,7.14,1,0.0,0.0,0.1,28369,
9810,345088,-5.0,0.0,19.61,10,0.0,0.2,0.1,28378,
9811,345088,-1.7,0.0,25.0,2,0.0,0.0,0.1,28378,
9812,345152,-1.4,0.0,6.25,1,0.0,0.0,0.1,28387,
9813,345152,-5.1,0.0,1.96,1,0.0,0.0,0.1,28387,
9814,345152,11.5,1.0,0.0,0,,,0.1,28387,
9815,345152,-2.8,0.0,23.53,4,0.0,0.0,0.1,28387,
9816,345152,11.3,1.0,14.29,1,1.0,1.0,0.1,28387,
9817,345152,-1.7,0.0,11.11,1,0.0,0.0,0.1,28387,
9818,345216,7.8,1.0,34.38,11,0.0,0.0909,0.1,28393,
9819,345280,-4.6,0.0,21.88,7,0.1429,0.0,0.1,28405,
9820,345280,-1.3,0.0,20.0,1,0.0,0.0,0.1,28405,
9821,345280,-1.7,0.0,5.26,1,0.0,0.0,0.1,28405,
9822,345280,-2.1,0.0,7.69,1,0.0,0.0,0.1,28405,
9823,345280,-5.2,0.0,3.92,2,0.0,0.5,0.1,28405,
9824,345280,-2.1,0.0,16.67,2,0.0,0.0,0.1,28405,
9825,345344,7.5,1.0,17.95,7,0.0,0.0,0.1,28410,
9826,345408,11.0,1.0,22.22,2,0.0,1.0,0.1,28417,
9827,345408,7.0,1.0,6.25,3,0.0,0.3333,0.1,28417,
9828,345472,-2.5,0.0,20.0,3,0.3333,0.0,0.1,28424,
9829,345472,-4.7,0.0,13.73,7,0.1429,0.2857,0.1,28424,
9830,345472,-0.3,0.0,20.0,1,0.0,0.0,0.1,28424,
9831,345600,-1.2,0.0,7.14,1,0.0,0.0,0.1,28443,
9832,345600,-5.1,0.0,21.57,11,0.0,0.3636,0.1,28443,
9833,345600,11.6,1.0,0.0,0,,,0.1,28443,
9834,345600,-2.8,0.0,10.71,3,0.0,0.3333,0.1,28443,
9835,345600,-1.8,0.0,10.0,1,0.0,0.0,0.1,28443,
9836,345600,-1.7,0.0,25.0,2,0.0,0.0,0.1,28443,
9837,345664,-3.8,0.0,14.81,4,0.0,0.25,0.1,28451,
9838,345664,7.6,1.0,0.0,0,,,0.1,28451,
9839,345664,-2.5,0.0,5.88,1,0.0,0.0,0.1,28451,
9840,345728,-5.0,0.0,0.0,0,,,0.1,28458,
9841,345728,-5.0,0.0,19.61,10,0.4,0.3,0.1,28458,
9842,345792,-5.3,0.0,5.88,3,0.3333,0.0,0.1,28465,
9843,345792,-1.3,0.0,20.0,1,0.0,0.0,0.1,28465,
9844,345856,-1.4,0.0,6.25,1,0.0,0.0,0.1,28473,
9845,345856,-2.2,0.0,7.14,1,0.0,0.0,0.1,28473,
9846,345856,-1.8,0.0,22.22,2,0.0,0.0,0.1,28473,
9847,345856,-4.5,0.0,9.8,5,0.4,0.0,0.1,28473,
9848,345920,-2.0,0.0,18.18,2,0.0,0.0,0.1,28483,
9849,345920,-4.8,0.0,13.89,5,0.2,0.2,0.1,28483,
9850,345984,-4.6,0.0,5.41,2,0.0,0.0,0.1,28496,
9851,345984,-3.5,0.0,11.76,4,0.0,0.25,0.1,28496,
9852,345984,-2.9,0.0,10.0,2,0.0,0.0,0.1,28496,
9853,346048,-2.2,0.0,7.14,1,0.0,0.0,0.1,28505,
9854,346048,10.5,1.0,14.29,2,0.5,1.0,0.1,28505,
9855,346048,-0.5,0.0,14.29,1,0.0,0.0,0.1,28505,
9856,346048,9.4,1.0,12.5,3,0.0,1.0,0.1,28505,
9857,346176,8.6,1.0,34.62,9,0.2222,0.5556,0.1,28523,
9858,346176,-2.4,0.0,21.43,3,0.0,0.0,0.1,28523,
9859,346304,11.0,1.0,22.22,2,0.0,0.0,0.1,28534,
9860,346304,10.6,1.0,15.38,2,0.0,0.5,0.1,28534,
9861,346368,-3.6,0.0,14.71,5,0.0,0.2,0.1,28540,
9862,346368,-3.2,0.0,8.7,2,0.0,0.5,0.1,28540,
9863,346432,9.8,1.0,15.0,3,0.3333,0.3333,0.1,28548,
9864,346432,-3.3,0.0,8.33,2,0.0,0.0,0.1,28548,
9865,346496,-1.3,0.0,20.0,1,0.0,0.0,0.1,28554,
9866,346496,-5.1,0.0,1.96,1,0.0,0.0,0.1,28554,
9867,346560,-3.8,0.0,10.81,4,0.0,0.25,0.1,28562,
9868,346560,-1.2,0.0,36.36,4,0.0,0.25,0.1,28562,
9869,346624,-6.5,0.0,29.41,15,0.0667,0.3333,0.1,28571,
9870,346688,8.6,1.0,12.9,4,0.5,0.5,0.1,28577,
9871,346688,-6.3,0.0,9.8,5,0.0,0.2,0.1,28577,
9872,346688,-2.1,0.0,7.69,1,0.0,0.0,0.1,28577,
9873,346752,-4.0,0.0,0.0,0,,,0.1,28592,
9874,346752,-4.9,0.0,10.64,5,0.0,0.4,0.1,28592,
9875,346816,-2.0,0.0,8.33,1,0.0,0.0,0.1,28606,
9876,346816,-2.3,0.0,6.67,1,0.0,0.0,0.1,28606,
9877,346816,-3.1,0.0,13.33,4,0.5,0.0,0.1,28606,
9878,346816,-2.0,0.0,8.33,1,0.0,0.0,0.1,28606,
9879,346880,-2.3,0.0,14.29,2,0.0,0.0,0.1,28614,
9880,346880,-4.2,0.0,16.67,5,0.0,0.2,0.1,28614,
9881,346880,-3.0,0.0,64.29,9,0.2222,0.1111,0.1,28614,
9882,346944,-2.1,0.0,16.67,2,0.0,0.0,0.1,28623,
9883,346944,-4.2,0.0,9.38,3,0.0,0.0,0.1,28623,
9884,346944,-0.6,0.0,12.5,1,0.0,0.0,0.1,28623,
9885,346944,-4.7,0.0,13.73,7,0.1429,0.4286,0.1,28623,
9886,347072,-2.7,0.0,30.43,7,0.2857,0.2857,0.1,28645,
9887,347136,-3.2,0.0,8.7,2,0.0,0.5,0.1,28654,
9888,347136,-5.1,0.0,12.82,5,0.0,0.0,0.1,28654,
9889,347136,-3.2,0.0,12.9,4,0.25,0.0,0.1,28654,
9890,347136,-0.7,0.0,11.11,1,0.0,0.0,0.1,28654,
9891,347136,10.8,1.0,8.33,1,0.0,0.0,0.1,28654,
9892,347200,-2.6,0.0,5.56,1,0.0,0.0,0.1,28662,
9893,347200,-1.5,0.0,14.29,1,0.0,0.0,0.1,28662,
9894,347200,-3.3,0.0,4.0,1,0.0,0.0,0.1,28662,
9895,347264,-3.3,0.0,16.13,5,0.0,0.2,0.1,28668,
9896,347328,-2.9,0.0,10.0,2,0.0,0.5,0.1,28679,
9897,347328,-2.5,0.0,7.69,2,0.5,0.0,0.1,28679,
9898,347328,-4.0,0.0,10.0,3,0.0,0.0,0.1,28679,
9899,347392,-5.3,0.0,4.55,2,0.0,0.0,0.1,28692,
9900,347392,-1.8,0.0,22.22,2,0.0,0.0,0.1,28692,
9901,347392,10.2,1.0,11.76,2,0.0,0.5,0.1,28692,
9902,347392,-4.8,0.0,15.69,8,0.0,0.25,0.1,28692,
9903,347392,11.1,1.0,0.0,0,,,0.1,28692,
9904,347392,8.6,1.0,25.0,7,0.1429,0.0,0.1,28692,
9905,347392,-5.0,0.0,7.5,3,0.0,0.0,0.1,28692,
9906,347520,-4.4,0.0,7.84,4,0.0,0.5,0.1,28707,
9907,347520,-1.8,0.0,10.53,2,0.0,0.0,0.1,28707,
9908,347520,11.3,1.0,14.29,1,0.0,0.0,0.1,28707,
9909,347520,-1.1,0.0,33.33,1,0.0,0.0,0.1,28707,
9910,347584,-3.4,0.0,8.0,2,0.0,0.5,0.1,28716,
9911,347584,-0.9,0.0,20.0,2,0.5,0.0,0.1,28716,
9912,347584,-5.1,0.0,21.57,11,0.1818,0.1818,0.1,28716,
9913,347584,-4.6,0.0,11.76,6,0.1667,0.1667,0.1,28716,
9914,347648,-1.1,0.0,16.67,2,0.5,0.0,0.1,28718,
9915,347648,-1.1,0.0,7.69,1,0.0,0.0,0.1,28718,
9916,347712,-0.7,0.0,25.0,2,0.0,0.0,0.1,28731,
9917,347712,-0.7,0.0,11.11,1,0.0,0.0,0.1,28731,
9918,347712,-4.4,0.0,2.78,1,0.0,0.0,0.1,28731,
9919,347712,-2.1,0.0,16.67,2,0.5,0.0,0.1,28731,
9920,347776,-1.4,0.0,16.67,1,0.0,0.0,0.1,28736,
9921,347776,-3.7,0.0,2.56,1,0.0,0.0,0.1,28736,
9922,347840,-5.2,0.0,3.92,2,0.0,0.5,0.1,28746,
9923,347840,-2.8,0.0,16.67,3,0.0,0.3333,0.1,28746,
9924,347840,-1.3,0.0,20.0,1,0.0,0.0,0.1,28746,
9925,347840,-5.1,0.0,4.76,2,0.0,0.0,0.1,28746,
9926,347840,-6.1,0.0,8.0,4,0.0,0.25,0.1,28746,
9927,347840,-3.9,0.0,13.51,5,0.0,0.4,0.1,28746,
9928,347904,-2.6,0.0,11.76,2,0.0,0.0,0.1,28757,
9929,347904,-3.3,0.0,13.04,3,0.3333,0.0,0.1,28757,
9930,348032,-2.4,0.0,21.43,3,0.0,0.0,0.1,28772,
9931,348032,-1.1,0.0,7.69,1,0.0,0.0,0.1,28772,
9932,348096,-2.1,0.0,16.67,2,0.0,0.0,0.1,28779,
9933,348160,-4.9,0.0,20.0,7,0.4286,0.1429,0.1,28790,
9934,348224,-2.2,0.0,15.38,2,0.0,0.0,0.1,28798,
9935,348224,-5.1,0.0,1.96,1,0.0,0.0,0.1,28798,
9936,348288,-1.5,0.0,14.29,1,0.0,0.0,0.1,28809,
9937,348288,-5.2,0.0,3.92,2,0.0,0.0,0.1,28809,
9938,348288,-5.1,0.0,10.0,4,0.0,0.25,0.1,28809,
9939,348288,-2.7,0.0,11.11,2,0.0,0.0,0.1,28809,
9940,348352,-5.8,0.0,15.69,8,0.0,0.0,0.1,28817,
9941,348352,-2.3,0.0,6.67,1,0.0,0.0,0.1,28817,
9942,348416,-1.9,0.0,9.09,1,0.0,0.0,0.1,28825,
9943,348480,-4.3,0.0,53.33,16,0.0625,0.1875,0.1,28833,
9944,348480,-5.7,0.0,19.05,8,0.0,0.25,0.1,28833,
9945,348544,-4.8,0.0,15.69,8,0.0,0.25,0.1,28842,
9946,348544,-1.3,0.0,6.67,1,0.0,0.0,0.1,28842,
9947,348544,-3.0,0.0,4.55,1,0.0,0.0,0.1,28842,
9948,348544,7.5,1.0,6.98,3,0.3333,0.3333,0.1,28842,
9949,348608,-3.6,0.0,7.41,2,0.0,0.0,0.1,28852,
9950,348608,-1.4,0.0,16.67,1,0.0,0.0,0.1,28852,
9951,348608,-5.4,0.0,27.45,14,0.2143,0.3571,0.1,28852,
9952,348608,-2.3,0.0,23.81,5,0.4,0.0,0.1,28852,
9953,348672,-3.1,0.0,9.68,3,0.0,0.0,0.1,28860,
9954,348672,-5.2,0.0,17.02,8,0.0,0.25,0.1,28860,
9955,348736,-1.8,0.0,16.67,3,0.0,0.6667,0.1,28866,
9956,348800,-1.1,0.0,16.67,2,0.0,0.0,0.1,28872,
9957,348800,-1.3,0.0,20.0,1,0.0,0.0,0.1,28872,
9958,348864,-5.7,0.0,13.73,7,0.0,0.4286,0.1,28881,
9959,348864,-1.2,0.0,25.0,3,0.3333,0.3333,0.1,28881,
9960,348864,-5.7,0.0,13.73,7,0.2857,0.2857,0.1,28881,
9961,348864,-2.5,0.0,16.67,4,0.0,0.0,0.1,28881,
9962,348864,11.2,1.0,0.0,0,,,0.1,28881,
9963,348928,10.1,1.0,17.65,3,0.0,0.0,0.1,28884,
9964,348928,-4.6,0.0,25.81,8,0.0,0.125,0.1,28884,
9965,348992,-4.7,0.0,17.65,6,0.3333,0.1667,0.1,28894,
9966,348992,-5.0,0.0,10.26,4,0.25,0.25,0.1,28894,
9967,349120,-6.0,0.0,19.61,10,0.3,0.3,0.1,28912,
9968,349120,-2.9,0.0,10.0,2,0.0,0.0,0.1,28912,
9969,349120,-4.5,0.0,8.57,3,0.0,0.0,0.1,28912,
9970,349184,-5.1,0.0,21.57,11,0.2727,0.0,0.1,28918,
9971,349184,-1.9,0.0,4.76,1,0.0,0.0,0.1,28918,
9972,349248,-2.7,0.0,25.0,4,0.25,0.25,0.1,28928,
9973,349248,-1.5,0.0,14.29,1,0.0,0.0,0.1,28928,
9974,349376,10.9,1.0,0.0,0,,,0.1,28939,
9975,349376,-1.9,0.0,9.09,1,0.0,0.0,0.1,28939,
9976,349440,-1.5,0.0,14.29,1,0.0,0.0,0.1,28948,
9977,349440,-2.7,0.0,15.38,4,0.25,0.0,0.1,28948,
9978,349440,-3.7,0.0,15.38,4,0.0,0.0,0.1,28948,
9979,349440,-1.7,0.0,25.0,2,0.0,0.0,0.1,28948,
9980,349440,-2.1,0.0,7.69,1,0.0,0.0,0.1,28948,
9981,349504,-1.9,0.0,15.79,3,0.0,0.3333,0.1,28954,
9982,349504,-4.5,0.0,2.7,1,0.0,0.0,0.1,28954,
9983,349504,7.1,1.0,25.0,10,0.0,0.3,0.1,28954,
9984,349568,-2.2,0.0,7.14,1,0.0,0.0,0.1,28961,
9985,349568,-4.3,0.0,33.33,9,0.1111,0.1111,0.1,28961,
9986,349632,11.6,1.0,25.0,1,0.0,0.0,0.1,28969,
9987,349632,-2.8,0.0,5.0,1,0.0,0.0,0.1,28969,
9988,349632,-4.2,0.0,3.92,2,0.0,0.5,0.1,28969,
9989,349696,-1.2,0.0,15.38,2,0.0,0.0,0.1,28977,
9990,349760,-4.4,0.0,7.84,4,0.0,0.5,0.1,28985,
9991,349760,11.3,1.0,0.0,0,,,0.1,28985,
9992,349760,-6.0,0.0,10.42,5,0.0,0.4,0.1,28985,
9993,349760,-2.4,0.0,6.25,1,0.0,0.0,0.1,28985,
9994,349760,-2.7,0.0,5.26,1,0.0,0.0,0.1,28985,
9995,349824,-2.4,0.0,13.33,2,0.0,0.5,0.1,28995,
9996,349824,8.6,1.0,16.67,5,0.2,0.2,0.1,28995,
9997,349824,-4.4,0.0,14.63,6,0.3333,0.0,0.1,28995,
9998,349888,-1.6,0.0,12.5,1,0.0,0.0,0.1,29003,
9999,349888,-6.0,0.0,19.61,10,0.2,0.1,0.1,29003,
10000,349888,-4.5,0.0,11.76,4,0.0,0.0,0.1,29003,
10001,349952,-1.4,0.0,6.25,1,0.0,0.0,0.1,29017,
10002,349952,-2.2,0.0,19.05,4,0.0,0.75,0.1,29017,
10003,349952,-4.9,0.0,13.51,5,0.0,0.2,0.1,29017,
10004,350080,-5.3,0.0,9.52,4,0.0,0.0,0.1,29034,
10005,350080,-1.9,0.0,20.0,2,0.0,0.0,0.1,29034,
10006,350080,-2.3,0.0,4.0,1,0.0,0.0,0.1,29034,
10007,350144,-1.8,0.0,37.5,3,0.0,0.3333,0.1,29039,
10008,350208,-2.3,0.0,33.33,4,0.25,0.25,0.1,29048,
10009,350208,-0.9,0.0,9.09,1,0.0,0.0,0.1,29048,
10010,350208,-1.5,0.0,14.29,1,0.0,0.0,0.1,29048,
10011,350272,-2.8,0.0,23.53,4,0.0,0.0,0.1,29057,
10012,350272,-1.6,0.0,12.5,1,0.0,0.0,0.1,29057,
10013,350400,-2.6,0.0,5.56,1,0.0,0.0,0.1,29070,
10014,350400,-5.9,0.0,15.56,7,0.0,0.1429,0.1,29070,
10015,350464,-0.9,0.0,20.0,2,0.0,0.0,0.1,29077,
10016,350464,-3.9,0.0,10.34,3,0.3333,0.6667,0.1,29077,
10017,350464,-1.6,0.0,18.75,3,0.0,0.3333,0.1,29077,
10018,350528,10.7,1.0,0.0,0,,,0.1,29085,
10019,350592,-6.3,0.0,16.67,8,0.25,0.375,0.1,29099,
10020,350592,-4.7,0.0,17.65,6,0.0,0.3333,0.1,29099,
10021,350592,-4.4,0.0,2.78,1,0.0,0.0,0.1,29099,
10022,350592,-5.6,0.0,4.26,2,0.0,0.0,0.1,29099,
10023,350592,-5.8,0.0,13.33,6,0.3333,0.0,0.1,29099,
10024,350592,-4.0,0.0,17.86,5,0.0,0.0,0.1,29099,
10025,350656,-5.3,0.0,5.88,3,0.0,0.3333,0.1,29105,
10026,350656,-5.9,0.0,17.65,9,0.3333,0.3333,0.1,29105,
10027,350656,-6.5,0.0,29.41,15,0.1333,0.2667,0.1,29105,
10028,350720,-2.6,0.0,35.71,5,0.0,0.4,0.1,29116,
10029,350720,-1.4,0.0,6.25,1,0.0,0.0,0.1,29116,
10030,350720,-2.3,0.0,6.67,1,0.0,0.0,0.1,29116,
10031,350784,-2.9,0.0,10.0,2,0.0,0.5,0.1,29123,
10032,350784,-1.9,0.0,9.09,1,0.0,0.0,0.1,29123,
10033,350784,-1.2,0.0,7.14,1,0.0,0.0,0.1,29123,
10034,350784,11.3,1.0,0.0,0,,,0.1,29123,
10035,350784,-5.1,0.0,1.96,1,0.0,1.0,0.1,29123,
10036,350848,-2.2,0.0,7.14,1,0.0,0.0,0.1,29125,
10037,350912,-5.8,0.0,15.69,8,0.25,0.0,0.1,29130,
10038,350912,-5.7,0.0,25.0,10,0.0,0.2,0.1,29130,
10039,350912,9.6,1.0,8.7,2,0.0,0.0,0.1,29130,
10040,350912,-1.4,0.0,16.67,1,0.0,0.0,0.1,29130,
10041,350912,-4.1,0.0,1.96,1,0.0,0.0,0.1,29130,
10042,350976,-4.2,0.0,20.69,6,0.0,0.1667,0.1,29135,
10043,350976,-5.3,0.0,5.88,3,0.0,0.0,0.1,29135,
10044,351040,9.5,1.0,30.0,6,0.3333,0.1667,0.1,29148,
10045,351104,-4.8,0.0,15.69,8,0.125,0.25,0.1,29157,
10046,351104,-4.6,0.0,6.52,3,0.0,0.0,0.1,29157,
10047,351104,-3.9,0.0,6.67,2,0.0,0.5,0.1,29157,
10048,351104,-3.2,0.0,4.17,1,0.0,0.0,0.1,29157,
10049,351104,-4.3,0.0,2.86,1,0.0,0.0,0.1,29157,
10050,351168,-4.2,0.0,3.92,2,0.5,0.5,0.1,29167,
10051,351168,-1.8,0.0,23.53,4,0.0,0.25,0.1,29167,
10052,351168,-2.0,0.0,18.18,2,0.0,0.0,0.1,29167,
10053,351232,-1.7,0.0,25.0,2,0.5,0.0,0.1,29177,
10054,351232,-2.7,0.0,11.11,2,0.0,0.0,0.1,29177,
10055,351232,-2.1,0.0,7.69,1,0.0,0.0,0.1,29177,
10056,351232,-2.9,0.0,10.0,2,0.0,0.0,0.1,29177,
10057,351232,-1.7,0.0,11.11,1,0.0,0.0,0.1,29177,
10058,351296,-4.6,0.0,11.76,6,0.1667,0.1667,0.1,29189,
10059,351296,-1.8,0.0,10.0,1,0.0,0.0,0.1,29189,
10060,351360,-1.2,0.0,25.0,3,0.0,0.3333,0.1,29198,
10061,351360,11.3,1.0,33.33,2,0.0,0.5,0.1,29198,
10062,351360,-0.5,0.0,33.33,2,0.5,0.5,0.1,29198,
10063,351424,-1.6,0.0,12.5,1,0.0,0.0,0.1,29206,
10064,351424,-1.6,0.0,12.5,1,0.0,0.0,0.1,29206,
10065,351488,-2.7,0.0,20.0,5,0.0,0.2,0.1,29213,
10066,351488,-1.4,0.0,16.67,1,0.0,0.0,0.1,29213,
10067,351488,-3.9,0.0,13.51,5,0.0,0.2,0.1,29213,
10068,351552,-2.3,0.0,6.67,1,0.0,0.0,0.1,29224,
10069,351552,-2.1,0.0,14.29,3,0.0,0.3333,0.1,29224,
10070,351552,-5.2,0.0,3.92,2,0.0,0.0,0.1,29224,
10071,351616,-0.9,0.0,9.09,1,0.0,0.0,0.1,29228,
10072,351680,-3.2,0.0,25.0,7,0.1429,0.2857,0.1,29236,
10073,351680,-2.5,0.0,12.5,2,0.0,0.5,0.1,29236,
10074,351744,-1.7,0.0,11.11,1,0.0,0.0,0.1,29245,
10075,351744,-1.7,0.0,11.11,1,0.0,0.0,0.1,29245,
10076,351744,-2.4,0.0,13.33,2,0.0,0.0,0.1,29245,
10077,351808,-5.2,0.0,3.92,2,0.0,0.5,0.1,29255,
10078,351808,-4.9,0.0,17.65,9,0.1111,0.1111,0.1,29255,
10079,351808,-1.9,0.0,9.09,1,0.0,0.0,0.1,29255,
10080,351808,-5.2,0.0,3.92,2,0.0,0.0,0.1,29255,
10081,351872,-2.8,0.0,16.67,3,0.3333,0.0,0.1,29261,
10082,351936,-4.0,0.0,26.92,7,0.1429,0.2857,0.1,29270,
10083,351936,-1.6,0.0,12.5,1,0.0,0.0,0.1,29270,
10084,351936,-3.3,0.0,13.04,3,0.0,0.3333,0.1,29270,
10085,352000,9.9,1.0,29.41,5,0.2,0.6,0.1,29275,
10086,352000,-1.0,0.0,8.33,1,0.0,0.0,0.1,29275,
10087,352064,-2.6,0.0,26.67,4,0.25,0.25,0.1,29282,
10088,352064,-2.8,0.0,5.0,1,0.0,0.0,0.1,29282,
10089,352128,-4.3,0.0,5.88,3,0.0,0.0,0.1,29295,
10090,352128,-2.9,0.0,4.76,1,0.0,0.0,0.1,29295,
10091,352128,-4.9,0.0,17.65,9,0.0,0.5556,0.1,29295,
10092,352128,-1.9,0.0,4.76,1,0.0,0.0,0.1,29295,
10093,352128,-3.0,0.0,4.55,1,0.0,0.0,0.1,29295,
10094,352128,-0.8,0.0,10.0,1,0.0,0.0,0.1,29295,
10095,352128,-2.0,0.0,9.52,2,0.5,0.0,0.1,29295,
10096,352192,-2.3,0.0,6.67,1,0.0,0.0,0.1,29306,
10097,352192,9.7,1.0,14.29,3,0.0,0.3333,0.1,29306,
10098,352192,-1.9,0.0,22.22,4,0.0,0.5,0.1,29306,
10099,352192,-1.4,0.0,16.67,1,0.0,0.0,0.1,29306,
10100,352256,-2.0,0.0,9.52,2,0.0,0.0,0.1,29316,
10101,352256,-1.3,0.0,20.0,1,0.0,0.0,0.1,29316,
10102,352256,-5.6,0.0,11.76,6,0.0,0.3333,0.1,29316,
10103,352320,7.6,1.0,4.65,2,0.0,0.0,0.1,29324,
10104,352320,-2.7,0.0,3.45,1,0.0,0.0,0.1,29324,
10105,352320,-1.6,0.0,5.56,1,0.0,0.0,0.1,29324,
10106,352320,-1.8,0.0,10.53,2,0.0,0.0,0.1,29324,
10107,352384,-5.1,0.0,1.96,1,0.0,0.0,0.1,29331,
10108,352384,7.7,1.0,10.0,4,0.25,0.5,0.1,29331,
10109,352448,8.4,1.0,27.59,8,0.125,0.375,0.1,29338,
10110,352512,-2.0,0.0,8.33,1,0.0,0.0,0.1,29346,
10111,352640,-2.3,0.0,23.08,3,0.0,0.0,0.1,29367,
10112,352640,-1.6,0.0,28.57,2,0.5,0.5,0.1,29367,
10113,352640,-1.7,0.0,11.11,2,0.0,0.0,0.1,29367,
10114,352640,-1.6,0.0,12.5,1,0.0,0.0,0.1,29367,
10115,352640,-2.2,0.0,7.14,1,0.0,0.0,0.1,29367,
10116,352704,-4.6,0.0,11.76,6,0.0,0.0,0.1,29371,
10117,352704,-4.6,0.0,18.18,6,0.0,0.5,0.1,29371,
10118,352704,-0.9,0.0,9.09,1,0.0,0.0,0.1,29371,
10119,352768,-5.4,0.0,27.45,14,0.2143,0.1429,0.1,29376,
10120,352832,-1.1,0.0,33.33,1,0.0,0.0,0.1,29385,
10121,352896,-5.1,0.0,21.57,11,0.0,0.2727,0.1,29389,
10122,352896,-3.6,0.0,3.57,1,0.0,0.0,0.1,29389,
10123,352960,-0.7,0.0,11.11,1,0.0,0.0,0.1,29400,
10124,352960,-2.7,0.0,11.11,2,0.0,0.0,0.1,29400,
10125,352960,-3.4,0.0,22.73,5,0.2,0.2,0.1,29400,
10126,353024,6.2,1.0,31.11,14,0.0714,0.2857,0.1,29409,
10127,353024,9.7,1.0,14.29,3,0.0,0.6667,0.1,29409,
10128,353024,-4.4,0.0,7.84,4,0.25,0.0,0.1,29409,
10129,353088,-1.5,0.0,33.33,2,0.0,0.0,0.1,29417,
10130,353152,-2.8,0.0,10.53,2,0.0,0.0,0.1,29424,
10131,353152,-3.6,0.0,3.57,1,0.0,0.0,0.1,29424,
10132,353216,-5.5,0.0,9.8,5,0.0,0.0,0.1,29431,
10133,353216,-2.5,0.0,20.0,3,0.0,0.0,0.1,29431,
10134,353216,-2.5,0.0,20.0,3,0.0,0.3333,0.1,29431,
10135,353280,-3.8,0.0,6.9,2,0.0,0.0,0.1,29434,
10136,353280,-1.7,0.0,11.11,1,0.0,0.0,0.1,29434,
10137,353344,-4.2,0.0,6.06,2,0.0,0.0,0.1,29441,
10138,353408,-0.9,0.0,9.09,1,0.0,0.0,0.1,29449,
10139,353408,-1.3,0.0,20.0,1,0.0,0.0,0.1,29449,
10140,353408,-1.7,0.0,25.0,2,0.0,0.0,0.1,29449,
10141,353408,-1.5,0.0,12.5,2,0.0,0.0,0.1,29449,
10142,353408,-2.1,0.0,20.0,4,0.0,0.0,0.1,29449,
10143,353408,-2.2,0.0,7.14,1,0.0,0.0,0.1,29449,
10144,353472,-2.1,0.0,27.27,3,0.0,0.0,0.1,29459,
10145,353472,-5.6,0.0,11.76,6,0.0,0.1667,0.1,29459,
10146,353472,-1.3,0.0,50.0,2,0.5,0.5,0.1,29459,
10147,353472,-1.5,0.0,14.29,1,0.0,0.0,0.1,29459,
10148,353472,-2.6,0.0,5.56,1,0.0,0.0,0.1,29459,
10149,353472,-2.8,0.0,5.0,1,0.0,0.0,0.1,29459,
10150,353472,-4.5,0.0,9.8,5,0.0,0.6,0.1,29459,
10151,353536,-3.7,0.0,3.45,1,0.0,0.0,0.1,29468,
10152,353536,-3.4,0.0,3.85,1,0.0,0.0,0.1,29468,
10153,353536,-3.3,0.0,18.18,4,0.0,0.0,0.1,29468,
10154,353600,-1.9,0.0,33.33,3,0.3333,0.0,0.1,29479,
10155,353600,-3.2,0.0,8.7,2,0.0,0.0,0.1,29479,
10156,353664,-1.9,0.0,9.09,1,0.0,0.0,0.1,29491,
10157,353664,-2.1,0.0,4.35,1,0.0,0.0,0.1,29491,
10158,353664,-5.8,0.0,15.69,8,0.0,0.25,0.1,29491,
10159,353728,-4.3,0.0,21.05,8,0.125,0.125,0.1,29499,
10160,353728,-1.7,0.0,11.11,1,0.0,0.0,0.1,29499,
10161,353728,-3.4,0.0,17.39,4,0.0,0.5,0.1,29499,
10162,353792,-3.4,0.0,17.39,4,0.0,0.25,0.1,29508,
10163,353792,10.2,1.0,5.56,1,1.0,1.0,0.1,29508,
10164,353792,-1.1,0.0,16.67,2,0.0,0.5,0.1,29508,
10165,353856,-4.6,0.0,11.76,6,0.0,0.0,0.1,29515,
10166,353856,-5.6,0.0,11.76,6,0.0,0.5,0.1,29515,
10167,353920,-1.5,0.0,14.29,1,0.0,0.0,0.1,29527,
10168,353920,11.4,1.0,0.0,0,,,0.1,29527,
10169,353984,-4.8,0.0,20.59,7,0.1429,0.1429,0.1,29538,
10170,354048,10.9,1.0,0.0,0,,,0.1,29547,
10171,354176,-2.8,0.0,10.53,2,0.0,0.0,0.1,29560,
10172,354176,-1.9,0.0,20.0,2,0.5,0.0,0.1,29560,
10173,354176,-3.5,0.0,16.67,4,0.0,0.25,0.1,29560,
10174,354240,-2.0,0.0,8.33,1,0.0,0.0,0.1,29569,
10175,354240,-2.3,0.0,18.18,4,0.25,0.25,0.1,29569,
10176,354304,-3.5,0.0,15.15,5,0.0,0.4,0.1,29576,
10177,354304,-1.9,0.0,9.09,1,0.0,0.0,0.1,29576,
10178,354368,-2.4,0.0,13.33,2,0.0,0.0,0.1,29587,
10179,354368,-1.3,0.0,6.67,1,0.0,0.0,0.1,29587,
10180,354368,7.5,1.0,31.43,11,0.1818,0.0909,0.1,29587,
10181,354368,10.2,1.0,11.76,2,0.0,0.0,0.1,29587,
10182,354496,-1.8,0.0,10.0,1,0.0,0.0,0.1,29601,
10183,354496,-5.3,0.0,5.88,3,0.0,0.0,0.1,29601,
10184,354496,-5.4,0.0,27.45,14,0.0714,0.0,0.1,29601,
10185,354560,-6.1,0.0,14.89,7,0.0,0.0,0.1,29606,
10186,354560,-5.1,0.0,1.96,1,0.0,1.0,0.1,29606,
10187,354560,-4.0,0.0,13.16,5,0.0,0.0,0.1,29606,
10188,354624,-4.4,0.0,7.84,4,0.0,0.5,0.1,29616,
10189,354624,-4.5,0.0,17.07,7,0.1429,0.1429,0.1,29616,
10190,354624,-6.0,0.0,19.61,10,0.0,0.2,0.1,29616,
10191,354688,-2.3,0.0,14.29,2,0.5,0.0,0.1,29626,
10192,354752,-5.3,0.0,5.88,3,0.0,0.0,0.1,29632,
10193,354752,-3.4,0.0,8.0,2,0.0,0.0,0.1,29632,
10194,354816,-3.0,0.0,15.0,3,0.0,0.0,0.1,29637,
10195,354816,-5.3,0.0,5.88,3,0.0,0.3333,0.1,29637,
10196,354880,-4.8,0.0,18.6,8,0.375,0.0,0.1,29645,
10197,354880,-4.3,0.0,5.88,3,0.0,0.0,0.1,29645,
10198,354880,-3.1,0.0,4.35,1,0.0,0.0,0.1,29645,
10199,354880,-3.1,0.0,9.09,2,0.0,0.0,0.1,29645,
10200,354944,-3.3,0.0,18.18,4,0.0,0.0,0.1,29649,
10201,355008,-4.7,0.0,19.05,8,0.125,0.375,0.1,29657,
10202,355008,9.8,1.0,9.52,2,0.5,0.5,0.1,29657,
10203,355008,-4.4,0.0,7.84,4,0.0,0.0,0.1,29657,
10204,355072,-1.9,0.0,4.76,1,0.0,0.0,0.1,29663,
10205,355072,-2.2,0.0,7.14,1,0.0,0.0,0.1,29663,
10206,355072,-3.4,0.0,12.12,4,0.0,0.25,0.1,29663,
10207,355136,-1.8,0.0,22.22,2,0.5,0.5,0.1,29672,
10208,355136,-3.7,0.0,15.38,4,0.0,0.25,0.1,29672,
10209,355136,-1.3,0.0,20.0,1,0.0,0.0,0.1,29672,
10210,355136,-3.2,0.0,13.64,3,0.0,0.0,0.1,29672,
10211,355200,-3.2,0.0,13.64,3,0.0,0.3333,0.1,29680,
10212,355200,-5.4,0.0,7.84,4,0.0,0.25,0.1,29680,
10213,355200,-2.5,0.0,12.5,2,0.0,0.0,0.1,29680,
10214,355264,-1.2,0.0,25.0,3,0.0,0.0,0.1,29689,
10215,355264,-2.8,0.0,5.0,1,0.0,0.0,0.1,29689,
10216,355264,9.4,1.0,28.57,6,0.0,0.6667,0.1,29689,
10217,355264,-1.2,0.0,7.14,1,0.0,0.0,0.1,29689,
10218,355328,-5.3,0.0,5.88,3,0.0,0.3333,0.1,29695,
10219,355328,-2.0,0.0,8.33,1,0.0,0.0,0.1,29695,
10220,355328,-3.4,0.0,12.12,4,0.0,0.0,0.1,29695,
10221,355328,-4.7,0.0,13.73,7,0.0,0.1429,0.1,29695,
10222,355392,-1.8,0.0,22.22,2,0.5,0.0,0.1,29704,
10223,355392,-1.0,0.0,8.33,1,0.0,0.0,0.1,29704,
10224,355456,-3.6,0.0,11.54,3,0.0,0.0,0.1,29710,
10225,355456,-1.4,0.0,16.67,1,0.0,0.0,0.1,29710,
10226,355456,-0.7,0.0,25.0,2,0.0,0.5,0.1,29710,
10227,355520,-1.7,0.0,25.0,2,0.5,0.5,0.1,29719,
10228,355520,-6.2,0.0,14.58,7,0.1429,0.2857,0.1,29719,
10229,355584,-1.2,0.0,25.0,1,0.0,0.0,0.1,29733,
10230,355584,-5.9,0.0,1.96,1,0.0,0.0,0.1,29733,
10231,355584,-3.4,0.0,22.73,5,0.2,0.2,0.1,29733,
10232,355712,-3.4,0.0,3.85,1,0.0,0.0,0.1,29745,
10233,355712,-1.5,0.0,14.29,1,0.0,0.0,0.1,29745,
10234,355776,-1.0,0.0,18.18,2,0.5,0.5,0.1,29750,
10235,355840,-2.0,0.0,8.33,1,0.0,0.0,0.1,29759,
10236,355840,-3.3,0.0,13.04,3,0.0,0.3333,0.1,29759,
10237,355904,-2.2,0.0,7.14,1,0.0,0.0,0.1,29762,
10238,355904,-4.5,0.0,9.8,5,0.0,0.4,0.1,29762,
10239,355904,-5.4,0.0,7.84,4,0.25,0.25,0.1,29762,
10240,356032,-4.2,0.0,2.94,1,0.0,0.0,0.1,29774,
10241,356032,-2.7,0.0,11.11,2,0.0,0.0,0.1,29774,
10242,356032,-2.0,0.0,4.55,1,0.0,0.0,0.1,29774,
10243,356032,-3.2,0.0,8.7,2,0.0,0.5,0.1,29774,
10244,356096,-3.9,0.0,13.51,5,0.0,0.2,0.1,29781,
10245,356096,-4.9,0.0,23.81,10,0.1,0.2,0.1,29781,
10246,356096,-3.0,0.0,21.05,4,0.5,0.25,0.1,29781,
10247,356160,-1.3,0.0,6.67,1,0.0,0.0,0.1,29795,
10248,356160,-3.6,0.0,11.54,3,0.0,0.0,0.1,29795,
10249,356160,-1.9,0.0,9.09,1,0.0,0.0,0.1,29795,
10250,356160,-2.6,0.0,26.67,4,0.0,0.0,0.1,29795,
10251,356160,-3.9,0.0,6.67,2,0.0,0.0,0.1,29795,
10252,356160,-5.6,0.0,11.76,6,0.1667,0.1667,0.1,29795,
10253,356224,-2.5,0.0,5.88,1,0.0,0.0,0.1,29801,
10254,356224,7.5,1.0,15.0,6,0.0,0.3333,0.1,29801,
10255,356288,-1.8,0.0,22.22,2,0.0,0.0,0.1,29813,
10256,356288,-1.4,0.0,16.67,1,0.0,0.0,0.1,29813,
10257,356288,-5.3,0.0,4.55,2,0.0,0.0,0.1,29813,
10258,356288,-3.2,0.0,4.17,1,0.0,0.0,0.1,29813,
10259,356352,-2.5,0.0,5.88,1,0.0,0.0,0.1,29826,
10260,356352,-2.1,0.0,16.67,2,0.0,0.0,0.1,29826,
10261,356352,8.4,1.0,15.62,5,0.0,0.4,0.1,29826,
10262,356352,-2.1,0.0,16.67,2,0.0,0.0,0.1,29826,
10263,356352,-2.4,0.0,8.0,2,0.0,0.0,0.1,29826,
10264,356416,-6.1,0.0,14.89,7,0.1429,0.0,0.1,29838,
10265,356416,-4.2,0.0,25.0,7,0.2857,0.1429,0.1,29838,
10266,356480,-5.2,0.0,23.53,12,0.0833,0.4167,0.1,29850,
10267,356480,-2.3,0.0,6.67,1,0.0,0.0,0.1,29850,
10268,356608,-1.8,0.0,16.67,3,0.0,0.3333,0.1,29866,
10269,356608,-2.6,0.0,11.76,2,0.0,0.0,0.1,29866,
10270,356608,-5.5,0.0,9.8,5,0.2,0.2,0.1,29866,
10271,356672,-5.8,0.0,15.69,8,0.0,0.25,0.1,29874,
10272,356672,-1.8,0.0,37.5,3,0.3333,0.0,0.1,29874,
10273,356672,-3.1,0.0,14.29,3,0.3333,0.3333,0.1,29874,
10274,356736,-5.6,0.0,11.76,6,0.1667,0.0,0.1,29878,
10275,356736,11.2,1.0,12.5,1,0.0,0.0,0.1,29878,
10276,356800,-2.2,0.0,25.0,3,0.0,0.3333,0.1,29886,
10277,356800,-2.0,0.0,8.33,1,0.0,0.0,0.1,29886,
10278,356864,-5.3,0.0,12.2,5,0.0,0.4,0.1,29893,
10279,356864,-5.1,0.0,21.57,11,0.0,0.2727,0.1,29893,
10280,356864,-1.9,0.0,29.41,5,0.4,0.0,0.1,29893,
10281,356864,-4.7,0.0,8.7,4,0.0,0.0,0.1,29893,
10282,356928,-5.5,0.0,29.41,15,0.1333,0.2667,0.1,29903,
10283,356928,-3.0,0.0,17.86,5,0.2,0.4,0.1,29903,
10284,356928,-4.2,0.0,9.76,4,0.0,0.0,0.1,29903,
10285,356928,-1.0,0.0,8.33,1,0.0,0.0,0.1,29903,
10286,356928,-4.6,0.0,22.5,9,0.1111,0.1111,0.1,29903,
10287,356928,-2.4,0.0,21.43,3,0.0,0.0,0.1,29903,
10288,356992,10.7,1.0,7.69,1,1.0,1.0,0.1,29909,
10289,356992,10.9,1.0,9.09,1,0.0,0.0,0.1,29909,
10290,357056,-0.5,0.0,14.29,1,0.0,0.0,0.1,29916,
10291,357120,8.1,1.0,14.29,5,0.0,0.2,0.1,29923,
10292,357120,-2.2,0.0,25.0,3,0.0,0.3333,0.1,29923,
10293,357184,-2.2,0.0,7.14,1,0.0,0.0,0.1,29925,
10294,357248,-3.9,0.0,3.23,1,0.0,0.0,0.1,29933,
10295,357248,-1.7,0.0,11.11,1,0.0,0.0,0.1,29933,
10296,357248,-3.5,0.0,18.75,6,0.1667,0.1667,0.1,29933,
10297,357312,-2.7,0.0,11.11,2,0.0,0.0,0.1,29935,
10298,357312,-1.8,0.0,10.0,1,0.0,0.0,0.1,29935,
10299,357376,-3.6,0.0,3.57,1,0.0,0.0,0.1,29941,
10300,357376,-2.5,0.0,12.5,2,0.0,0.0,0.1,29941,
10301,357376,10.1,1.0,0.0,0,,,0.1,29941,
10302,357376,-4.3,0.0,20.0,6,0.1667,0.1667,0.1,29941,
10303,357376,-0.8,0.0,37.5,3,0.3333,0.0,0.1,29941,
10304,357440,-4.6,0.0,2.08,1,0.0,0.0,0.1,29944,
10305,357440,9.8,1.0,15.0,3,0.0,0.6667,0.1,29944,
10306,357440,-0.9,0.0,20.0,2,0.0,0.0,0.1,29944,
10307,357504,-2.9,0.0,15.79,3,0.0,0.3333,0.1,29952,
10308,357504,-1.7,0.0,11.11,1,0.0,0.0,0.1,29952,
10309,357504,-2.9,0.0,10.0,2,0.0,0.0,0.1,29952,
10310,357504,-2.3,0.0,14.29,2,0.5,0.5,0.1,29952,
10311,357504,-1.7,0.0,11.11,1,0.0,0.0,0.1,29952,
10312,357568,-3.5,0.0,11.76,4,0.0,0.0,0.1,29957,
10313,357568,-4.5,0.0,8.57,3,0.0,0.6667,0.1,29957,
10314,357632,9.7,1.0,0.0,0,,,0.1,29964,
10315,357632,-3.3,0.0,13.04,3,0.3333,0.6667,0.1,29964,
10316,357632,-1.3,0.0,6.67,1,0.0,0.0,0.1,29964,
10317,357696,-1.4,0.0,40.0,2,0.0,0.0,0.1,29976,
10318,357696,-5.2,0.0,18.42,7,0.0,0.4286,0.1,29976,
10319,357696,-1.3,0.0,20.0,1,0.0,0.0,0.1,29976,
10320,357760,-2.3,0.0,14.29,2,0.0,0.0,0.1,29980,
10321,357760,-5.2,0.0,3.92,2,0.5,0.0,0.1,29980,
10322,357824,-1.9,0.0,9.09,1,0.0,0.0,0.1,29991,
10323,357824,-1.5,0.0,14.29,1,0.0,0.0,0.1,29991,
10324,357824,9.4,1.0,17.39,4,0.5,0.25,0.1,29991,
10325,357952,-2.7,0.0,5.26,1,0.0,0.0,0.1,30007,
10326,357952,-2.4,0.0,28.57,6,0.0,0.0,0.1,30007,
10327,357952,-3.6,0.0,16.0,4,0.0,0.25,0.1,30007,
10328,357952,-6.0,0.0,3.92,2,0.0,0.0,0.1,30007,
10329,357952,-1.7,0.0,11.11,1,0.0,0.0,0.1,30007,
10330,358016,-1.2,0.0,25.0,1,0.0,0.0,0.1,30021,
10331,358016,-0.9,0.0,33.33,3,0.0,0.3333,0.1,30021,
10332,358016,-5.5,0.0,14.29,6,0.0,0.1667,0.1,30021,
10333,358016,-4.1,0.0,3.03,1,0.0,0.0,0.1,30021,
10334,358016,-4.1,0.0,3.03,1,0.0,0.0,0.1,30021,
10335,358016,-3.2,0.0,4.17,1,0.0,0.0,0.1,30021,
10336,358080,-2.1,0.0,7.69,1,0.0,0.0,0.1,30026,
10337,358080,-1.4,0.0,16.67,1,0.0,0.0,0.1,30026,
10338,358144,-2.2,0.0,7.14,1,0.0,0.0,0.1,30032,
10339,358144,-1.8,0.0,22.22,2,0.0,0.0,0.1,30032,
10340,358144,-6.0,0.0,19.61,10,0.2,0.2,0.1,30032,
10341,358144,-2.8,0.0,16.67,3,0.3333,0.0,0.1,30032,
10342,358208,-3.2,0.0,8.7,2,0.0,0.0,0.1,30042,
10343,358208,-1.7,0.0,11.11,1,0.0,0.0,0.1,30042,
10344,358272,-5.2,0.0,3.92,2,0.0,1.0,0.1,30048,
10345,358272,-3.1,0.0,9.09,2,0.5,0.0,0.1,30048,
10346,358336,8.6,1.0,16.67,5,0.0,0.0,0.1,30051,
10347,358336,11.5,1.0,0.0,0,,,0.1,30051,
10348,358400,-5.0,0.0,0.0,0,,,0.1,30058,
10349,358400,-2.4,0.0,13.33,2,0.0,0.0,0.1,30058,
10350,358400,10.5,1.0,14.29,2,0.0,0.0,0.1,30058,
10351,358400,-4.7,0.0,13.73,7,0.0,0.0,0.1,30058,
10352,358464,-3.6,0.0,20.83,5,0.0,0.0,0.1,30064,
10353,358464,-1.8,0.0,23.53,4,0.25,0.25,0.1,30064,
10354,358464,7.4,1.0,14.63,6,0.0,0.5,0.1,30064,
10355,358464,10.9,1.0,20.0,2,0.0,0.0,0.1,30064,
10356,358528,-5.8,0.0,4.08,2,0.0,0.5,0.1,30070,
10357,358528,-1.4,0.0,6.25,1,0.0,0.0,0.1,30070,
10358,358528,-3.0,0.0,4.55,1,0.0,0.0,0.1,30070,
10359,358528,9.5,1.0,4.0,1,0.0,0.0,0.1,30070,
10360,358592,8.4,1.0,8.82,3,0.0,0.3333,0.1,30072,
10361,358656,11.7,1.0,0.0,0,,,0.1,30078,
10362,358656,-1.5,0.0,14.29,1,0.0,0.0,0.1,30078,
10363,358656,-2.6,0.0,18.75,3,0.0,0.3333,0.1,30078,
10364,358656,-1.4,0.0,16.67,1,0.0,0.0,0.1,30078,
10365,358784,10.8,1.0,30.0,3,0.3333,0.6667,0.1,30090,
10366,358784,-3.6,0.0,3.57,1,0.0,0.0,0.1,30090,
10367,358784,-5.3,0.0,6.98,3,0.0,0.0,0.1,30090,
10368,358784,-4.5,0.0,5.56,2,0.0,0.0,0.1,30090,
10369,358848,-2.2,0.0,15.38,2,0.0,0.0,0.1,30096,
10370,358848,-3.1,0.0,33.33,6,0.0,0.3333,0.1,30096,
10371,358848,-1.4,0.0,16.67,1,0.0,0.0,0.1,30096,
10372,358912,-6.3,0.0,12.0,6,0.0,0.3333,0.1,30101,
10373,358912,-1.6,0.0,12.5,1,0.0,0.0,0.1,30101,
10374,358912,-1.3,0.0,20.0,1,0.0,0.0,0.1,30101,
10375,359040,-2.8,0.0,10.53,2,0.0,0.0,0.1,30114,
10376,359040,-2.6,0.0,18.75,3,0.0,0.0,0.1,30114,
10377,359104,-4.1,0.0,6.25,2,0.0,0.0,0.1,30120,
10378,359104,-2.5,0.0,5.88,1,0.0,0.0,0.1,30120,
10379,359104,-4.3,0.0,5.88,3,0.3333,0.3333,0.1,30120,
10380,359168,-1.9,0.0,4.76,1,0.0,0.0,0.1,30129,
10381,359168,-1.4,0.0,16.67,1,0.0,0.0,0.1,30129,
10382,359168,-2.2,0.0,7.14,1,0.0,0.0,0.1,30129,
10383,359232,-1.7,0.0,11.11,1,0.0,0.0,0.1,30132,
10384,359296,-2.6,0.0,7.41,2,0.0,0.0,0.1,30138,
10385,359360,-5.2,0.0,3.92,2,0.0,0.5,0.1,30143,
10386,359424,10.0,1.0,0.0,0,,,0.1,30150,
10387,359424,-4.8,0.0,5.13,2,0.5,0.5,0.1,30150,
10388,359488,-2.0,0.0,30.0,3,0.3333,0.6667,0.1,30155,
10389,359488,-2.6,0.0,7.41,2,0.0,0.0,0.1,30155,
10390,359488,-0.8,0.0,10.0,1,0.0,0.0,0.1,30155,
10391,359552,-2.9,0.0,4.76,1,0.0,0.0,0.1,30165,
10392,359552,-5.4,0.0,7.84,4,0.0,0.5,0.1,30165,
10393,359552,-4.3,0.0,9.52,4,0.25,0.25,0.1,30165,
10394,359552,-2.4,0.0,6.25,1,0.0,0.0,0.1,30165,
10395,359552,-1.8,0.0,10.0,1,0.0,0.0,0.1,30165,
10396,359616,-5.8,0.0,15.69,8,0.0,0.125,0.1,30169,
10397,359680,-3.0,0.0,3.12,1,0.0,0.0,0.1,30178,
10398,359744,-5.8,0.0,10.87,5,0.2,0.0,0.1,30190,
10399,359744,-2.5,0.0,5.88,1,0.0,0.0,0.1,30190,
10400,359744,-2.7,0.0,17.65,3,0.3333,0.3333,0.1,30190,
10401,359744,-2.2,0.0,7.14,1,0.0,0.0,0.1,30190,
10402,359808,-3.1,0.0,4.35,1,0.0,0.0,0.1,30195,
10403,359872,-3.0,0.0,21.05,4,0.0,0.25,0.1,30206,
10404,359872,-2.2,0.0,15.38,2,0.0,0.5,0.1,30206,
10405,359872,-1.9,0.0,9.09,1,0.0,0.0,0.1,30206,
10406,359872,-1.9,0.0,9.09,1,0.0,0.0,0.1,30206,
10407,359872,-2.3,0.0,6.67,1,0.0,0.0,0.1,30206,
10408,359872,-3.6,0.0,5.41,2,0.0,0.0,0.1,30206,
10409,359936,-4.3,0.0,20.0,6,0.3333,0.1667,0.1,30212,
10410,359936,10.0,1.0,16.67,3,0.3333,0.3333,0.1,30212,
10411,360000,-1.7,0.0,25.0,2,0.0,0.5,0.1,30219,
10412,360000,-4.7,0.0,2.56,1,0.0,0.0,0.1,30219,
10413,360064,-4.3,0.0,20.0,6,0.0,0.3333,0.1,30229,
10414,360064,-2.2,0.0,7.14,1,0.0,0.0,0.1,30229,
10415,360128,-2.6,0.0,18.75,3,0.0,0.6667,0.1,30235,
10416,360192,-1.8,0.0,10.0,1,0.0,0.0,0.1,30248,
10417,360192,-1.3,0.0,20.0,1,0.0,0.0,0.1,30248,
10418,360192,-3.0,0.0,4.55,1,0.0,0.0,0.1,30248,
10419,360192,-1.7,0.0,11.11,1,0.0,0.0,0.1,30248,
10420,360192,-2.8,0.0,23.53,4,0.0,0.0,0.1,30248,
10421,360192,-5.6,0.0,11.76,6,0.0,0.3333,0.1,30248,
10422,360256,-2.6,0.0,5.56,1,0.0,0.0,0.1,30255,
10423,360320,-3.9,0.0,3.23,1,0.0,0.0,0.1,30264,
10424,360320,-3.7,0.0,3.45,1,0.0,0.0,0.1,30264,
10425,360384,-3.6,0.0,5.41,2,0.5,0.0,0.1,30273,
10426,360384,-3.5,0.0,12.0,3,0.0,0.0,0.1,30273,
10427,360384,-1.6,0.0,12.5,1,0.0,0.0,0.1,30273,
10428,360448,-2.2,0.0,7.14,1,0.0,0.0,0.1,30284,
10429,360448,-4.2,0.0,16.67,5,0.2,0.0,0.1,30284,
10430,360448,-5.6,0.0,11.76,6,0.0,0.0,0.1,30284,
10431,360448,-2.8,0.0,10.53,2,0.5,0.0,0.1,30284,
10432,360448,-1.3,0.0,14.29,2,0.0,0.5,0.1,30284,
10433,360512,-1.9,0.0,20.0,2,0.0,0.0,0.1,30295,
10434,360512,-5.4,0.0,7.84,4,0.5,0.0,0.1,30295,
10435,360512,-1.8,0.0,10.0,1,0.0,0.0,0.1,30295,
10436,360576,-4.9,0.0,17.65,9,0.2222,0.1111,0.1,30305,
10437,360576,-5.1,0.0,1.96,1,1.0,0.0,0.1,30305,
10438,360640,10.2,1.0,5.56,1,1.0,0.0,0.1,30314,
10439,360640,7.2,1.0,22.5,9,0.1111,0.3333,0.1,30314,
10440,360640,-1.6,0.0,28.57,2,0.0,0.0,0.1,30314,
10441,360640,-1.7,0.0,11.11,1,0.0,0.0,0.1,30314,
10442,360704,-1.3,0.0,6.67,1,0.0,0.0,0.1,30319,
10443,360704,-5.2,0.0,3.92,2,0.0,0.0,0.1,30319,
10444,360768,-1.5,0.0,28.57,4,0.25,0.0,0.1,30325,
10445,360768,-5.5,0.0,9.8,5,0.0,0.4,0.1,30325,
10446,360832,-5.8,0.0,13.33,6,0.1667,0.1667,0.1,30333,
10447,360832,-1.9,0.0,29.41,5,0.0,0.4,0.1,30333,
10448,360896,-2.3,0.0,6.67,1,0.0,0.0,0.1,30344,
10449,360896,-1.6,0.0,12.5,1,0.0,0.0,0.1,30344,
10450,360896,-2.4,0.0,6.25,1,0.0,0.0,0.1,30344,
10451,360960,-5.2,0.0,3.92,2,0.0,0.0,0.1,30351,
10452,360960,-4.9,0.0,10.64,5,0.2,0.4,0.1,30351,
10453,360960,-2.0,0.0,8.33,1,0.0,0.0,0.1,30351,
10454,360960,-2.9,0.0,15.79,3,0.0,0.0,0.1,30351,
10455,361024,-1.6,0.0,12.5,1,0.0,0.0,0.1,30363,
10456,361088,-0.7,0.0,42.86,3,0.0,0.0,0.1,30370,
10457,361152,6.2,1.0,18.0,9,0.2222,0.2222,0.1,30375,
10458,361216,-1.0,0.0,18.18,2,0.0,0.5,0.1,30378,
10459,361216,-5.1,0.0,1.96,1,0.0,1.0,0.1,30378,
10460,361280,-5.0,0.0,0.0,0,,,0.1,30385,
10461,361280,-3.8,0.0,6.9,2,0.0,0.0,0.1,30385,
10462,361280,-5.4,0.0,9.3,4,0.0,0.5,0.1,30385,
10463,361344,-2.3,0.0,14.29,2,0.0,0.5,0.1,30394,
10464,361344,-1.7,0.0,11.11,2,0.0,0.0,0.1,30394,
10465,361344,-1.7,0.0,25.0,2,0.0,0.0,0.1,30394,
10466,361408,-4.8,0.0,10.87,5,0.2,0.2,0.1,30402,
10467,361408,-3.0,0.0,4.55,1,0.0,0.0,0.1,30402,
10468,361408,-5.5,0.0,29.41,15,0.0667,0.2667,0.1,30402,
10469,361408,-5.7,0.0,13.73,7,0.0,0.1429,0.1,30402,
10470,361536,-2.9,0.0,29.41,5,0.2,0.4,0.1,30416,
10471,361536,-3.4,0.0,12.5,3,0.0,0.0,0.1,30416,
10472,361536,-2.2,0.0,7.14,1,0.0,0.0,0.1,30416,
10473,361536,10.7,1.0,7.69,1,0.0,0.0,0.1,30416,
10474,361600,-3.0,0.0,4.55,1,0.0,0.0,0.1,30424,
10475,361600,-1.9,0.0,4.76,1,0.0,0.0,0.1,30424,
10476,361664,-1.8,0.0,10.0,1,0.0,0.0,0.1,30429,
10477,361664,-4.7,0.0,13.73,7,0.0,0.2857,0.1,30429,
10478,361664,10.0,1.0,10.53,2,0.0,0.0,0.1,30429,
10479,361664,-4.5,0.0,9.8,5,0.0,0.0,0.1,30429,
10480,361728,-4.9,0.0,16.67,6,0.3333,0.1667,0.1,30434,
10481,361728,-1.6,0.0,12.5,1,0.0,0.0,0.1,30434,
10482,361728,-6.1,0.0,21.57,11,0.2727,0.4545,0.1,30434,
10483,361792,-2.2,0.0,7.14,1,0.0,0.0,0.1,30445,
10484,361792,-2.0,0.0,4.55,1,0.0,0.0,0.1,30445,
10485,361792,-5.6,0.0,11.76,6,0.1667,0.1667,0.1,30445,
10486,361856,-0.6,0.0,12.5,1,0.0,0.0,0.1,30454,
10487,361856,-2.5,0.0,5.88,1,0.0,0.0,0.1,30454,
10488,361856,-1.7,0.0,11.11,1,0.0,0.0,0.1,30454,
10489,361856,11.2,1.0,0.0,0,,,0.1,30454,
10490,361856,-3.5,0.0,7.69,2,0.0,0.5,0.1,30454,
10491,361856,-1.2,0.0,7.14,1,0.0,0.0,0.1,30454,
10492,361920,-1.5,0.0,5.88,1,0.0,0.0,0.1,30459,
10493,361984,-1.7,0.0,11.11,1,0.0,0.0,0.1,30468,
10494,361984,-3.1,0.0,9.09,2,0.0,0.0,0.1,30468,
10495,362048,-3.5,0.0,3.7,1,0.0,0.0,0.1,30474,
10496,362048,-2.6,0.0,5.56,1,0.0,0.0,0.1,30474,
10497,362112,-1.4,0.0,16.67,1,0.0,0.0,0.1,30480,
10498,362112,-3.5,0.0,7.69,2,0.0,0.0,0.1,30480,
10499,362112,7.9,1.0,5.0,2,0.0,0.0,0.1,30480,
10500,362112,-5.1,0.0,18.92,7,0.2857,0.0,0.1,30480,
10501,362176,-1.8,0.0,10.53,2,0.0,0.0,0.1,30491,
10502,362176,-1.4,0.0,16.67,1,0.0,0.0,0.1,30491,
10503,362176,-2.3,0.0,14.29,2,0.0,0.0,0.1,30491,
10504,362176,-5.6,0.0,11.76,6,0.1667,0.3333,0.1,30491,
10505,362176,-2.3,0.0,23.08,3,0.6667,0.3333,0.1,30491,
10506,362176,-1.4,0.0,16.67,1,0.0,0.0,0.1,30491,
10507,362176,-4.8,0.0,17.14,6,0.1667,0.1667,0.1,30491,
10508,362176,-1.7,0.0,11.11,1,0.0,0.0,0.1,30491,
10509,362240,-2.8,0.0,6.9,2,0.0,0.0,0.1,30500,
10510,362240,-1.9,0.0,9.09,1,0.0,0.0,0.1,30500,
10511,362240,-1.7,0.0,11.11,1,0.0,0.0,0.1,30500,
10512,362240,-0.4,0.0,16.67,1,0.0,0.0,0.1,30500,
10513,362240,-2.9,0.0,18.52,5,0.2,0.2,0.1,30500,
10514,362240,-1.7,0.0,25.0,2,0.0,0.0,0.1,30500,
10515,362304,-3.8,0.0,14.81,4,0.25,0.25,0.1,30507,
10516,362304,-5.0,0.0,0.0,0,,,0.1,30507,
10517,362368,-1.5,0.0,14.29,1,0.0,0.0,0.1,30515,
10518,362368,-2.8,0.0,14.81,4,0.0,0.0,0.1,30515,
10519,362432,-1.5,0.0,14.29,1,0.0,0.0,0.1,30522,
10520,362560,-1.5,0.0,14.29,1,0.0,0.0,0.1,30539,
10521,362560,-6.4,0.0,11.76,6,0.1667,0.3333,0.1,30539,
10522,362560,-1.6,0.0,28.57,2,0.0,0.5,0.1,30539,
10523,362624,-5.3,0.0,9.8,5,0.0,0.2,0.1,30550,
10524,362624,-2.3,0.0,6.67,1,0.0,0.0,0.1,30550,
10525,362624,-1.8,0.0,5.0,1,0.0,0.0,0.1,30550,
10526,362688,11.0,1.0,10.0,1,0.0,0.0,0.1,30559,
10527,362688,-0.6,0.0,12.5,1,0.0,0.0,0.1,30559,
10528,362688,-1.5,0.0,14.29,1,0.0,0.0,0.1,30559,
10529,362688,-2.6,0.0,20.83,5,0.0,0.0,0.1,30559,
10530,362752,-6.2,0.0,23.53,12,0.0833,0.25,0.1,30565,
10531,362752,-4.1,0.0,6.25,2,0.0,0.0,0.1,30565,
10532,362816,-5.9,0.0,17.65,9,0.0,0.2222,0.1,30571,
10533,362816,-1.8,0.0,5.0,1,0.0,0.0,0.1,30571,
10534,362816,-1.7,0.0,25.0,2,0.0,0.0,0.1,30571,
10535,362880,-2.1,0.0,26.32,5,0.2,0.2,0.1,30581,
10536,362880,-1.5,0.0,12.5,2,0.0,0.5,0.1,30581,
10537,362944,-5.2,0.0,3.92,2,0.0,0.0,0.1,30587,
10538,362944,-1.4,0.0,16.67,1,0.0,0.0,0.1,30587,
10539,363008,-1.1,0.0,16.67,2,0.0,0.0,0.1,30597,
10540,363008,-2.0,0.0,8.33,1,0.0,0.0,0.1,30597,
10541,363072,-5.8,0.0,35.29,18,0.0556,0.1667,0.1,30602,
10542,363200,-1.5,0.0,14.29,1,0.0,0.0,0.1,30615,
10543,363200,-4.4,0.0,34.29,12,0.0833,0.0833,0.1,30615,
10544,363200,-2.4,0.0,13.33,2,0.0,0.0,0.1,30615,
10545,363200,-2.2,0.0,7.14,1,0.0,0.0,0.1,30615,
10546,363200,-3.8,0.0,10.71,3,0.0,0.6667,0.1,30615,
10547,363200,-2.5,0.0,12.5,2,0.0,0.0,0.1,30615,
10548,363264,-5.4,0.0,20.51,8,0.0,0.375,0.1,30621,
10549,363264,-2.8,0.0,23.53,4,0.0,0.0,0.1,30621,
10550,363328,9.5,1.0,4.0,1,0.0,1.0,0.1,30627,
10551,363328,-5.9,0.0,17.65,9,0.0,0.4444,0.1,30627,
10552,363328,-1.8,0.0,10.0,1,0.0,0.0,0.1,30627,
10553,363328,9.0,1.0,10.71,3,0.0,0.3333,0.1,30627,
10554,363328,6.5,1.0,14.29,7,0.4286,0.0,0.1,30627,
10555,363328,-1.6,0.0,12.5,1,0.0,0.0,0.1,30627,
10556,363392,-2.7,0.0,5.26,1,0.0,0.0,0.1,30633,
10557,363392,-5.4,0.0,7.84,4,0.0,0.0,0.1,30633,
10558,363392,-2.0,0.0,18.18,2,0.0,0.0,0.1,30633,
10559,363456,-2.2,0.0,7.14,1,0.0,0.0,0.1,30643,
10560,363456,-4.2,0.0,9.38,3,0.0,0.0,0.1,30643,
10561,363456,-1.2,0.0,15.38,2,0.0,0.0,0.1,30643,
10562,363520,-4.8,0.0,2.5,1,0.0,0.0,0.1,30656,
10563,363520,-1.9,0.0,9.09,1,0.0,0.0,0.1,30656,
10564,363520,-0.6,0.0,12.5,1,0.0,0.0,0.1,30656,
10565,363520,-4.9,0.0,2.44,1,0.0,0.0,0.1,30656,
10566,363520,-4.3,0.0,27.78,10,0.2,0.3,0.1,30656,
10567,363584,-5.1,0.0,1.96,1,0.0,0.0,0.1,30662,
10568,363648,8.1,1.0,21.21,7,0.0,0.1429,0.1,30671,
10569,363648,-0.5,0.0,14.29,1,0.0,0.0,0.1,30671,
10570,363648,-1.5,0.0,14.29,1,0.0,0.0,0.1,30671,
10571,363712,-4.1,0.0,1.96,1,0.0,1.0,0.1,30679,
10572,363712,-2.5,0.0,5.88,1,0.0,0.0,0.1,30679,
10573,363776,-3.5,0.0,16.67,4,0.25,0.75,0.1,30685,
10574,363840,-2.6,0.0,5.56,1,0.0,0.0,0.1,30689,
10575,363840,-3.8,0.0,14.81,4,0.0,0.25,0.1,30689,
10576,363840,-2.3,0.0,4.0,1,0.0,0.0,0.1,30689,
10577,363840,-1.3,0.0,20.0,1,0.0,0.0,0.1,30689,
10578,363904,-5.5,0.0,29.41,15,0.0667,0.4,0.1,30701,
10579,363904,-2.1,0.0,27.27,3,0.3333,0.0,0.1,30701,
10580,363904,-1.9,0.0,20.0,2,0.5,0.0,0.1,30701,
10581,363904,-0.7,0.0,11.11,1,0.0,0.0,0.1,30701,
10582,363904,-1.9,0.0,20.0,2,0.0,0.0,0.1,30701,
10583,363904,-2.8,0.0,3.33,1,0.0,0.0,0.1,30701,
10584,363968,-4.4,0.0,2.78,1,0.0,0.0,0.1,30709,
10585,363968,-2.4,0.0,8.0,2,0.0,0.0,0.1,30709,
10586,363968,-1.7,0.0,11.11,1,0.0,0.0,0.1,30709,
10587,364032,-1.8,0.0,10.0,1,0.0,0.0,0.1,30713,
10588,364096,-3.0,0.0,21.05,4,0.0,0.25,0.1,30720,
10589,364096,-1.1,0.0,16.67,2,0.0,0.0,0.1,30720,
10590,364160,-2.7,0.0,5.26,1,0.0,0.0,0.1,30725,
10591,364224,-5.9,0.0,18.18,8,0.0,0.25,0.1,30733,
10592,364288,-2.5,0.0,5.88,1,0.0,0.0,0.1,30738,
10593,364352,-5.2,0.0,3.92,2,0.0,0.5,0.1,30744,
10594,364352,-4.4,0.0,8.82,3,0.3333,0.0,0.1,30744,
10595,364352,-1.6,0.0,12.5,1,0.0,0.0,0.1,30744,
10596,364416,-3.4,0.0,8.0,2,0.0,0.0,0.1,30750,
10597,364480,-5.3,0.0,2.22,1,0.0,0.0,0.1,30759,
10598,364480,-1.8,0.0,10.0,1,0.0,0.0,0.1,30759,
10599,364480,-2.0,0.0,8.33,1,0.0,0.0,0.1,30759,
10600,364608,-2.4,0.0,6.25,1,0.0,0.0,0.1,30776,
10601,364608,-2.3,0.0,8.33,2,0.5,0.5,0.1,30776,
10602,364608,-5.4,0.0,9.3,4,0.0,0.25,0.1,30776,
10603,364672,-1.3,0.0,20.0,1,0.0,0.0,0.1,30786,
10604,364736,-3.3,0.0,36.84,7,0.1429,0.0,0.1,30793,
10605,364736,10.3,1.0,5.88,1,1.0,1.0,0.1,30793,
10606,364800,-2.8,0.0,5.0,1,0.0,0.0,0.1,30803,
10607,364800,-2.1,0.0,7.69,1,0.0,0.0,0.1,30803,
10608,364800,-2.4,0.0,6.25,1,0.0,0.0,0.1,30803,
10609,364864,-4.3,0.0,5.88,2,0.0,0.0,0.1,30811,
10610,364864,-5.2,0.0,25.0,9,0.0,0.2222,0.1,30811,
10611,364864,-5.6,0.0,4.26,2,0.0,0.0,0.1,30811,
10612,364928,-2.2,0.0,8.7,2,0.0,0.0,0.1,30817,
10613,364992,-2.4,0.0,13.33,2,0.5,0.5,0.1,30823,
10614,364992,10.3,1.0,5.88,1,0.0,0.0,0.1,30823,
10615,365056,-5.0,0.0,0.0,0,,,0.1,30833,
10616,365056,-4.2,0.0,9.38,3,0.0,0.0,0.1,30833,
10617,365056,-0.5,0.0,14.29,1,0.0,0.0,0.1,30833,
10618,365056,-2.6,0.0,5.56,1,0.0,0.0,0.1,30833,
10619,365056,-4.5,0.0,5.56,2,0.0,0.0,0.1,30833,
10620,365120,-5.8,0.0,10.87,5,0.2,0.0,0.1,30846,
10621,365120,-4.3,0.0,5.88,3,0.0,0.3333,0.1,30846,
10622,365120,-2.0,0.0,15.0,3,0.3333,0.0,0.1,30846,
10623,365120,-2.4,0.0,3.85,1,0.0,0.0,0.1,30846,
10624,365120,-5.2,0.0,3.92,2,0.0,0.5,0.1,30846,
10625,365184,-1.8,0.0,5.0,1,0.0,0.0,0.1,30857,
10626,365184,-1.7,0.0,11.11,1,0.0,0.0,0.1,30857,
10627,365184,-1.4,0.0,16.67,1,0.0,0.0,0.1,30857,
10628,365184,-5.9,0.0,8.33,4,0.25,0.0,0.1,30857,
10629,365248,-3.9,0.0,6.67,2,0.0,0.0,0.1,30865,
10630,365248,-1.9,0.0,4.76,1,0.0,0.0,0.1,30865,
10631,365248,-2.6,0.0,5.56,1,0.0,0.0,0.1,30865,
10632,365312,-2.0,0.0,4.55,1,0.0,0.0,0.1,30872,
10633,365312,9.9,1.0,4.76,1,0.0,0.0,0.1,30872,
10634,365312,-2.3,0.0,6.67,1,0.0,0.0,0.1,30872,
10635,365312,-5.4,0.0,7.84,4,0.0,0.0,0.1,30872,
10636,365376,-2.0,0.0,8.33,1,0.0,0.0,0.1,30874,
10637,365440,-5.9,0.0,37.25,19,0.0526,0.3684,0.1,30880,
10638,365440,-5.4,0.0,7.84,4,0.0,0.5,0.1,30880,
10639,365440,-3.5,0.0,12.0,3,0.0,0.0,0.1,30880,
10640,365504,-0.9,0.0,9.09,1,0.0,0.0,0.1,30887,
10641,365504,-1.4,0.0,16.67,1,0.0,0.0,0.1,30887,
10642,365568,-1.6,0.0,12.5,1,0.0,0.0,0.1,30899,
10643,365568,-3.3,0.0,18.18,4,0.0,0.25,0.1,30899,
10644,365568,-1.2,0.0,25.0,1,0.0,0.0,0.1,30899,
10645,365632,-5.5,0.0,29.41,15,0.0,0.3333,0.1,30906,
10646,365632,-2.6,0.0,5.56,1,0.0,0.0,0.1,30906,
10647,365632,-1.4,0.0,16.67,1,0.0,0.0,0.1,30906,
10648,365632,-5.2,0.0,17.02,8,0.0,0.25,0.1,30906,
10649,365696,-1.4,0.0,16.67,1,0.0,0.0,0.1,30913,
10650,365696,-5.1,0.0,21.57,11,0.0,0.3636,0.1,30913,
10651,365696,-1.7,0.0,11.11,1,0.0,0.0,0.1,30913,
10652,365696,11.1,1.0,25.0,2,0.0,0.0,0.1,30913,
10653,365760,-1.8,0.0,10.0,1,0.0,0.0,0.1,30923,
10654,365760,-2.1,0.0,16.67,2,0.0,0.5,0.1,30923,
10655,365760,-4.3,0.0,21.05,8,0.0,0.125,0.1,30923,
10656,365760,-1.0,0.0,8.33,1,0.0,0.0,0.1,30923,
10657,365824,-2.1,0.0,40.0,4,0.25,0.5,0.1,30933,
10658,365824,-5.2,0.0,9.76,4,0.0,0.25,0.1,30933,
10659,365888,-2.4,0.0,6.25,1,0.0,0.0,0.1,30945,
10660,365888,-5.6,0.0,6.52,3,0.0,0.0,0.1,30945,
10661,365888,11.8,1.0,0.0,0,,,0.1,30945,
10662,365888,-4.5,0.0,8.57,3,0.0,0.6667,0.1,30945,
10663,365952,-5.7,0.0,21.95,9,0.2222,0.1111,0.1,30953,
10664,366016,-2.2,0.0,7.14,1,0.0,0.0,0.1,30960,
10665,366016,-2.3,0.0,6.67,1,0.0,0.0,0.1,30960,
10666,366080,11.3,1.0,33.33,2,0.0,0.5,0.1,30970,
10667,366080,-2.0,0.0,8.33,1,0.0,0.0,0.1,30970,
10668,366144,11.5,1.0,0.0,0,,,0.1,30980,
10669,366144,-0.5,0.0,33.33,2,0.5,0.0,0.1,30980,
10670,366144,-5.8,0.0,35.29,18,0.0556,0.2222,0.1,30980,
10671,366272,-2.1,0.0,7.69,1,0.0,0.0,0.1,30991,
10672,366272,-3.6,0.0,3.57,1,0.0,0.0,0.1,30991,
10673,366272,-1.9,0.0,9.09,1,0.0,0.0,0.1,30991,
10674,366336,-1.7,0.0,11.11,1,0.0,0.0,0.1,31007,
10675,366336,-5.3,0.0,2.22,1,0.0,0.0,0.1,31007,
10676,366336,-2.9,0.0,22.22,4,0.0,0.0,0.1,31007,
10677,366336,-1.9,0.0,10.0,2,0.0,0.0,0.1,31007,
10678,366336,10.1,1.0,11.11,2,0.0,0.0,0.1,31007,
10679,366336,-3.1,0.0,4.35,1,0.0,0.0,0.1,31007,
10680,366336,-2.8,0.0,5.0,1,0.0,0.0,0.1,31007,
10681,366336,-2.4,0.0,6.25,1,0.0,0.0,0.1,31007,
10682,366336,-2.8,0.0,6.9,2,0.0,0.5,0.1,31007,
10683,366400,11.2,1.0,12.5,1,0.0,0.0,0.1,31015,
10684,366464,-2.0,0.0,8.33,1,0.0,0.0,0.1,31023,
10685,366464,-6.2,0.0,12.24,6,0.0,0.0,0.1,31023,
10686,366464,-5.1,0.0,1.96,1,0.0,0.0,0.1,31023,
10687,366464,-2.3,0.0,23.08,3,0.0,0.0,0.1,31023,
10688,366528,-2.8,0.0,5.0,1,0.0,0.0,0.1,31033,
10689,366528,7.5,1.0,21.05,8,0.0,0.375,0.1,31033,
10690,366592,-4.9,0.0,16.67,6,0.1667,0.1667,0.1,31044,
10691,366592,-3.7,0.0,3.45,1,0.0,0.0,0.1,31044,
10692,366656,-2.0,0.0,21.05,4,0.0,0.5,0.1,31049,
10693,366656,10.0,1.0,10.53,2,0.0,0.5,0.1,31049,
10694,366656,-5.4,0.0,7.84,4,0.25,0.25,0.1,31049,
10695,366720,-2.6,0.0,35.71,5,0.2,0.2,0.1,31057,
10696,366784,-1.8,0.0,10.0,1,0.0,0.0,0.1,31063,
10697,366784,-5.3,0.0,5.88,3,0.0,0.0,0.1,31063,
10698,366784,-4.7,0.0,13.73,7,0.1429,0.5714,0.1,31063,
10699,366848,-1.6,0.0,12.5,1,0.0,0.0,0.1,31071,
10700,366848,-0.6,0.0,12.5,1,0.0,0.0,0.1,31071,
10701,366912,-1.9,0.0,10.0,2,0.5,0.0,0.1,31082,
10702,366912,-0.8,0.0,10.0,1,0.0,0.0,0.1,31082,
10703,366912,-4.5,0.0,9.8,5,0.0,0.2,0.1,31082,
10704,366976,-3.1,0.0,14.29,3,0.0,0.0,0.1,31088,
10705,366976,-2.6,0.0,11.76,2,0.0,0.0,0.1,31088,
10706,366976,-6.0,0.0,3.92,2,0.0,0.0,0.1,31088,
10707,367040,-3.0,0.0,15.0,3,0.0,0.0,0.1,31094,
10708,367040,-3.4,0.0,22.73,5,0.4,0.0,0.1,31094,
10709,367104,-4.5,0.0,11.76,4,0.0,0.25,0.1,31099,
10710,367104,-1.5,0.0,14.29,1,0.0,0.0,0.1,31099,
10711,367104,-2.5,0.0,5.88,1,0.0,0.0,0.1,31099,
10712,367168,-7.1,0.0,25.49,13,0.0769,0.1538,0.1,31111,
10713,367168,-1.3,0.0,14.29,2,0.0,0.0,0.1,31111,
10714,367168,-1.3,0.0,20.0,1,0.0,0.0,0.1,31111,
10715,367168,11.6,1.0,25.0,1,1.0,1.0,0.1,31111,
10716,367232,-5.0,0.0,16.22,6,0.0,0.0,0.1,31121,
10717,367232,-3.0,0.0,6.45,2,0.0,0.0,0.1,31121,
10718,367232,-3.2,0.0,20.69,6,0.3333,0.1667,0.1,31121,
10719,367232,-2.9,0.0,4.76,1,0.0,0.0,0.1,31121,
10720,367232,-5.7,0.0,33.33,17,0.2353,0.2353,0.1,31121,
10721,367296,11.6,1.0,25.0,1,1.0,1.0,0.1,31128,
10722,367296,10.4,1.0,13.33,2,0.0,0.5,0.1,31128,
10723,367360,-4.3,0.0,27.78,10,0.1,0.2,0.1,31136,
10724,367424,-3.7,0.0,3.45,1,0.0,0.0,0.1,31143,
10725,367488,-1.7,0.0,11.11,1,0.0,0.0,0.1,31153,
10726,367488,-1.0,0.0,8.33,1,0.0,0.0,0.1,31153,
10727,367488,-1.4,0.0,21.43,3,0.0,0.3333,0.1,31153,
10728,367488,-2.5,0.0,5.88,1,0.0,0.0,0.1,31153,
10729,367488,-3.2,0.0,13.64,3,0.0,0.0,0.1,31153,
10730,367488,-6.4,0.0,27.45,14,0.0,0.3571,0.1,31153,
10731,367616,-1.4,0.0,16.67,1,0.0,0.0,0.1,31169,
10732,367616,-1.9,0.0,20.0,2,0.0,0.0,0.1,31169,
10733,367616,-2.6,0.0,5.56,1,0.0,0.0,0.1,31169,
10734,367616,-6.5,0.0,29.41,15,0.0667,0.0667,0.1,31169,
10735,367680,-5.0,0.0,0.0,0,,,0.1,31177,
10736,367680,-3.2,0.0,19.05,4,0.0,0.0,0.1,31177,
10737,367744,-3.4,0.0,8.0,2,0.0,0.0,0.1,31184,
10738,367808,-2.1,0.0,7.69,1,0.0,0.0,0.1,31195,
10739,367808,-3.1,0.0,4.35,1,0.0,0.0,0.1,31195,
10740,367808,-1.9,0.0,9.09,1,0.0,0.0,0.1,31195,
10741,367872,-1.7,0.0,5.26,1,0.0,0.0,0.1,31202,
10742,367872,-0.9,0.0,9.09,1,0.0,0.0,0.1,31202,
10743,367872,-1.9,0.0,4.76,1,0.0,0.0,0.1,31202,
10744,367872,-2.4,0.0,30.77,4,0.5,0.25,0.1,31202,
10745,367936,8.5,1.0,16.13,5,0.0,0.6,0.1,31209,
10746,367936,-5.0,0.0,19.61,10,0.0,0.1,0.1,31209,
10747,368000,-2.7,0.0,5.26,1,0.0,0.0,0.1,31219,
10748,368000,-4.9,0.0,7.69,3,0.0,0.0,0.1,31219,
10749,368000,-5.0,0.0,0.0,0,,,0.1,31219,
10750,368064,-2.5,0.0,5.88,1,0.0,0.0,0.1,31226,
10751,368064,-3.4,0.0,12.5,3,0.0,0.3333,0.1,31226,
10752,368064,-1.7,0.0,11.11,1,0.0,0.0,0.1,31226,
10753,368064,-1.1,0.0,7.69,1,0.0,0.0,0.1,31226,
10754,368064,-1.1,0.0,7.69,1,0.0,0.0,0.1,31226,
10755,368064,-5.5,0.0,9.8,5,0.0,0.4,0.1,31226,
10756,368192,-4.8,0.0,5.13,2,0.0,0.5,0.1,31241,
10757,368192,-2.4,0.0,8.0,2,0.0,0.0,0.1,31241,
10758,368192,-3.2,0.0,20.69,6,0.0,0.0,0.1,31241,
10759,368192,-1.7,0.0,25.0,4,0.5,0.5,0.1,31241,
10760,368256,-1.8,0.0,10.0,1,0.0,0.0,0.1,31253,
10761,368256,-3.0,0.0,9.52,2,0.0,0.0,0.1,31253,
10762,368256,-2.5,0.0,5.88,1,0.0,0.0,0.1,31253,
10763,368320,-5.2,0.0,25.0,9,0.1111,0.3333,0.1,31258,
10764,368384,-1.1,0.0,16.67,2,0.0,0.0,0.1,31268,
10765,368384,-2.8,0.0,5.0,1,0.0,0.0,0.1,31268,
10766,368384,-4.6,0.0,11.76,6,0.0,0.1667,0.1,31268,
10767,368384,-1.5,0.0,5.88,1,0.0,0.0,0.1,31268,
10768,368448,-2.4,0.0,3.85,1,0.0,0.0,0.1,31277,
10769,368448,-2.7,0.0,5.26,1,0.0,0.0,0.1,31277,
10770,368448,-3.5,0.0,7.69,2,0.0,0.0,0.1,31277,
10771,368512,-2.1,0.0,7.69,1,0.0,0.0,0.1,31284,
10772,368512,-3.1,0.0,20.0,4,0.0,0.0,0.1,31284,
10773,368512,-0.3,0.0,20.0,1,0.0,0.0,0.1,31284,
10774,368576,-4.9,0.0,20.0,7,0.0,0.2857,0.1,31297,
10775,368576,-1.7,0.0,5.26,1,0.0,0.0,0.1,31297,
10776,368576,-1.9,0.0,9.09,1,0.0,0.0,0.1,31297,
10777,368576,-4.2,0.0,16.67,5,0.0,0.0,0.1,31297,
10778,368576,-0.2,0.0,25.0,1,0.0,0.0,0.1,31297,
10779,368576,-2.0,0.0,18.18,2,0.0,0.5,0.1,31297,
10780,368640,-1.8,0.0,22.22,2,0.0,0.0,0.1,31304,
10781,368640,-1.0,0.0,18.18,2,0.0,0.0,0.1,31304,
10782,368704,-5.4,0.0,26.67,12,0.1667,0.0833,0.1,31318,
10783,368704,-1.0,0.0,18.18,2,0.0,0.0,0.1,31318,
10784,368704,-1.2,0.0,7.14,1,0.0,0.0,0.1,31318,
10785,368704,-1.5,0.0,14.29,1,0.0,0.0,0.1,31318,
10786,368704,-1.2,0.0,25.0,1,0.0,0.0,0.1,31318,
10787,368704,-4.1,0.0,7.32,3,0.0,0.0,0.1,31318,
10788,368768,-1.0,0.0,18.18,2,0.0,0.0,0.1,31323,
10789,368768,-5.0,0.0,19.61,10,0.0,0.1,0.1,31323,
10790,368768,-3.4,0.0,17.39,4,0.25,0.0,0.1,31323,
10791,368832,-4.6,0.0,11.76,6,0.0,0.1667,0.1,31329,
10792,368896,-1.4,0.0,16.67,1,0.0,0.0,0.1,31336,
10793,369024,-1.5,0.0,14.29,1,0.0,0.0,0.1,31353,
10794,369024,-1.3,0.0,20.0,1,0.0,0.0,0.1,31353,
10795,369088,-2.8,0.0,10.53,2,0.5,0.0,0.1,31362,
10796,369088,-1.3,0.0,20.0,1,0.0,0.0,0.1,31362,
10797,369152,-1.4,0.0,16.67,1,0.0,0.0,0.1,31370,
10798,369152,-5.7,0.0,13.73,7,0.1429,0.2857,0.1,31370,
10799,369152,-2.1,0.0,14.29,3,0.0,0.3333,0.1,31370,
10800,369216,-2.1,0.0,7.69,1,0.0,0.0,0.1,31377,
10801,369216,-2.2,0.0,15.38,2,0.5,0.5,0.1,31377,
10802,369216,-2.1,0.0,7.69,1,0.0,0.0,0.1,31377,
10803,369216,-4.1,0.0,2.33,1,0.0,0.0,0.1,31377,
10804,369280,-4.8,0.0,20.59,7,0.0,0.1429,0.1,31389,
10805,369280,-2.5,0.0,5.88,1,0.0,0.0,0.1,31389,
10806,369280,-2.7,0.0,20.0,5,0.0,0.2,0.1,31389,
10807,369408,-3.8,0.0,3.33,1,0.0,0.0,0.1,31402,
10808,369408,-4.4,0.0,7.84,4,0.0,0.25,0.1,31402,
10809,369408,-0.3,0.0,20.0,1,0.0,0.0,0.1,31402,
10810,369472,-3.1,0.0,4.35,1,0.0,0.0,0.1,31410,
10811,369472,10.5,1.0,14.29,2,0.0,1.0,0.1,31410,
10812,369472,-2.5,0.0,5.88,1,0.0,0.0,0.1,31410,
10813,369472,-2.4,0.0,6.25,1,0.0,0.0,0.1,31410,
10814,369472,-2.0,0.0,8.33,1,0.0,0.0,0.1,31410,
10815,369536,-6.5,0.0,16.0,8,0.0,0.0,0.1,31418,
10816,369536,-2.8,0.0,5.0,1,0.0,0.0,0.1,31418,
10817,369536,-2.7,0.0,33.33,5,0.0,0.4,0.1,31418,
10818,369536,-5.4,0.0,27.45,14,0.0714,0.4286,0.1,31418,
10819,369600,-1.6,0.0,5.56,1,0.0,0.0,0.1,31430,
10820,369600,-2.3,0.0,6.67,1,0.0,0.0,0.1,31430,
10821,369600,-4.9,0.0,17.65,9,0.1111,0.3333,0.1,31430,
10822,369664,-1.5,0.0,5.88,1,0.0,0.0,0.1,31437,
10823,369728,-5.2,0.0,23.53,12,0.0,0.25,0.1,31446,
10824,369728,-4.6,0.0,11.76,6,0.0,0.3333,0.1,31446,
10825,369728,10.7,1.0,7.69,1,0.0,0.0,0.1,31446,
10826,369728,-2.7,0.0,25.0,4,0.0,0.0,0.1,31446,
10827,369728,-4.0,0.0,6.45,2,0.5,0.0,0.1,31446,
10828,369728,-1.4,0.0,40.0,2,0.0,0.0,0.1,31446,
10829,369792,-2.7,0.0,5.26,1,0.0,0.0,0.1,31455,
10830,369792,-0.7,0.0,11.11,1,0.0,0.0,0.1,31455,
10831,369856,-1.3,0.0,20.0,1,0.0,0.0,0.1,31462,
10832,369856,-1.5,0.0,33.33,2,0.0,0.0,0.1,31462,
10833,369920,-2.9,0.0,4.76,1,0.0,0.0,0.1,31470,
10834,369984,-0.2,0.0,25.0,1,0.0,0.0,0.1,31480,
10835,369984,-1.7,0.0,11.11,1,0.0,0.0,0.1,31480,
10836,370048,-4.0,0.0,3.12,1,0.0,0.0,0.1,31488,
10837,370048,-4.9,0.0,10.53,4,0.0,0.5,0.1,31488,
10838,370112,-4.5,0.0,17.07,7,0.1429,0.0,0.1,31498,
10839,370112,-4.2,0.0,3.92,2,0.0,0.0,0.1,31498,
10840,370112,-1.5,0.0,14.29,1,0.0,0.0,0.1,31498,
10841,370176,-1.7,0.0,11.11,1,0.0,0.0,0.1,31505,
10842,370176,-1.9,0.0,4.76,1,0.0,0.0,0.1,31505,
10843,370240,10.5,1.0,33.33,4,0.25,0.5,0.1,31514,
10844,370304,-1.5,0.0,14.29,1,0.0,0.0,0.1,31527,
10845,370304,-3.1,0.0,20.0,4,0.25,0.25,0.1,31527,
10846,370304,-3.4,0.0,8.0,2,0.0,0.0,0.1,31527,
10847,370368,-0.8,0.0,10.0,1,0.0,0.0,0.1,31536,
10848,370368,-5.1,0.0,22.22,8,0.125,0.375,0.1,31536,
10849,370368,-2.7,0.0,11.11,2,0.0,0.0,0.1,31536,
10850,370432,-2.3,0.0,14.29,2,0.0,0.0,0.1,31544,
10851,370432,10.0,1.0,16.67,3,0.3333,0.6667,0.1,31544,
10852,370432,-2.8,0.0,10.53,2,0.0,0.0,0.1,31544,
10853,370432,-5.8,0.0,15.69,8,0.125,0.375,0.1,31544,
10854,370496,-2.3,0.0,13.04,3,0.0,0.0,0.1,31551,
10855,370496,-3.8,0.0,10.71,3,0.0,0.0,0.1,31551,
10856,370624,-1.4,0.0,40.0,2,0.5,0.5,0.1,31561,
10857,370624,-5.1,0.0,8.0,4,0.25,0.25,0.1,31561,
10858,370688,-1.3,0.0,20.0,1,0.0,0.0,0.1,31570,
10859,370688,-4.6,0.0,14.71,5,0.0,0.0,0.1,31570,
10860,370688,-3.3,0.0,8.33,2,0.0,0.5,0.1,31570,
10861,370752,-2.6,0.0,18.75,3,0.0,0.3333,0.1,31584,
10862,370752,-5.1,0.0,1.96,1,0.0,0.0,0.1,31584,
10863,370752,-1.6,0.0,12.5,1,0.0,0.0,0.1,31584,
10864,370752,-1.9,0.0,20.0,2,0.5,0.0,0.1,31584,
10865,370752,-4.6,0.0,11.76,6,0.0,0.5,0.1,31584,
10866,370752,-1.8,0.0,10.0,1,0.0,0.0,0.1,31584,
10867,370752,-2.9,0.0,4.76,1,0.0,0.0,0.1,31584,
10868,370752,-5.4,0.0,27.45,14,0.1429,0.5,0.1,31584,
10869,370752,-2.2,0.0,7.14,1,0.0,0.0,0.1,31584,
10870,370816,-3.4,0.0,3.85,1,0.0,0.0,0.1,31591,
10871,370880,-2.5,0.0,5.88,1,0.0,0.0,0.1,31600,
10872,370880,-5.1,0.0,21.57,11,0.0909,0.4545,0.1,31600,
10873,370944,-2.0,0.0,9.52,2,0.0,0.0,0.1,31608,
10874,371008,-1.7,0.0,11.11,1,0.0,0.0,0.1,31620,
10875,371008,-1.3,0.0,6.67,1,0.0,0.0,0.1,31620,
10876,371008,-4.3,0.0,56.52,13,0.1538,0.3846,0.1,31620,
10877,371008,-4.9,0.0,16.67,6,0.0,0.1667,0.1,31620,
10878,371072,-1.9,0.0,20.0,2,0.0,0.5,0.1,31627,
10879,371072,10.8,1.0,8.33,1,0.0,0.0,0.1,31627,
10880,371072,-5.2,0.0,23.53,12,0.0833,0.0833,0.1,31627,
10881,371136,-4.5,0.0,9.8,5,0.0,0.4,0.1,31635,
10882,371136,-2.6,0.0,5.56,1,0.0,0.0,0.1,31635,
10883,371200,-4.6,0.0,11.76,6,0.0,0.1667,0.1,31645,
10884,371200,-4.0,0.0,6.45,2,0.0,0.0,0.1,31645,
10885,371200,-1.8,0.0,22.22,2,0.0,0.5,0.1,31645,
10886,371200,-1.5,0.0,14.29,1,0.0,0.0,0.1,31645,
10887,371264,-4.2,0.0,36.36,12,0.25,0.25,0.1,31651,
10888,371264,11.1,1.0,25.0,2,0.0,0.0,0.1,31651,
10889,371264,-3.0,0.0,27.78,5,0.4,0.2,0.1,31651,
10890,371264,-3.4,0.0,12.5,3,0.0,0.0,0.1,31651,
10891,371328,-6.1,0.0,5.88,3,0.0,0.6667,0.1,31661,
10892,371328,11.1,1.0,11.11,1,0.0,0.0,0.1,31661,
10893,371328,-5.5,0.0,29.41,15,0.0,0.2,0.1,31661,
10894,371328,-5.2,0.0,3.92,2,0.0,1.0,0.1,31661,
10895,371392,-1.7,0.0,11.11,1,0.0,0.0,0.1,31668,
10896,371456,-2.1,0.0,16.67,2,0.0,0.0,0.1,31677,
10897,371456,-5.7,0.0,13.73,7,0.0,0.2857,0.1,31677,
10898,371456,10.6,1.0,0.0,0,,,0.1,31677,
10899,371456,-4.3,0.0,5.88,3,0.0,0.3333,0.1,31677,
10900,371456,11.5,1.0,20.0,1,0.0,1.0,0.1,31677,
10901,371520,-1.6,0.0,12.5,1,0.0,0.0,0.1,31687,
10902,371520,11.6,1.0,0.0,0,,,0.1,31687,
10903,371520,11.2,1.0,12.5,1,0.0,0.0,0.1,31687,
10904,371520,-2.5,0.0,5.88,1,0.0,0.0,0.1,31687,
10905,371520,-5.3,0.0,25.49,13,0.3846,0.3846,0.1,31687,
10906,371520,-3.2,0.0,4.17,1,0.0,0.0,0.1,31687,
10907,371584,-3.1,0.0,9.09,2,0.0,0.0,0.1,31696,
10908,371648,-4.8,0.0,10.81,4,0.0,0.25,0.1,31705,
10909,371648,7.1,1.0,11.11,5,0.0,0.2,0.1,31705,
10910,371648,-2.3,0.0,14.29,2,0.0,0.0,0.1,31705,
10911,371712,-2.1,0.0,27.27,3,0.0,0.3333,0.1,31716,
10912,371776,-4.2,0.0,3.92,2,0.0,0.5,0.1,31726,
10913,371776,11.0,1.0,37.5,3,0.3333,0.3333,0.1,31726,
10914,371840,-1.4,0.0,16.67,1,0.0,0.0,0.1,31734,
10915,371840,-0.8,0.0,10.0,1,0.0,0.0,0.1,31734,
10916,371904,-1.8,0.0,10.0,1,0.0,0.0,0.1,31745,
10917,371904,-1.5,0.0,14.29,1,0.0,0.0,0.1,31745,
10918,371904,8.6,1.0,20.69,6,0.0,0.3333,0.1,31745,
10919,371904,-5.0,0.0,19.61,10,0.2,0.1,0.1,31745,
10920,371968,9.0,1.0,19.23,5,0.0,0.2,0.1,31756,
10921,371968,-2.7,0.0,17.65,3,0.0,0.0,0.1,31756,
10922,371968,-2.8,0.0,10.53,2,0.5,0.5,0.1,31756,
10923,372160,10.3,1.0,20.0,3,0.0,0.6667,0.1,31775,
10924,372288,-2.4,0.0,13.33,2,0.0,0.0,0.1,31793,
10925,372352,-2.7,0.0,33.33,5,0.2,0.2,0.1,31805,
10926,372352,-4.4,0.0,7.84,4,0.0,0.0,0.1,31805,
10927,372352,-1.8,0.0,10.0,1,0.0,0.0,0.1,31805,
10928,372352,8.4,1.0,23.33,7,0.1429,0.1429,0.1,31805,
10929,372352,-6.2,0.0,22.22,10,0.1,0.1,0.1,31805,
10930,372416,-3.0,0.0,4.55,1,0.0,0.0,0.1,31812,
10931,372416,10.6,1.0,0.0,0,,,0.1,31812,
10932,372416,-3.3,0.0,12.5,4,0.0,0.25,0.1,31812,
10933,372480,-1.8,0.0,10.53,2,0.0,0.0,0.1,31819,
10934,372480,-2.3,0.0,6.67,1,0.0,0.0,0.1,31819,
10935,372480,-3.5,0.0,22.58,7,0.0,0.0,0.1,31819,
10936,372480,-1.1,0.0,27.27,3,0.3333,0.3333,0.1,31819,
10937,372544,-4.7,0.0,6.38,3,0.3333,0.3333,0.1,31822,
10938,372544,-1.8,0.0,10.0,1,0.0,0.0,0.1,31822,
10939,372544,-1.5,0.0,20.0,3,0.0,0.3333,0.1,31822,
10940,372544,-5.1,0.0,21.57,11,0.0909,0.1818,0.1,31822,
10941,372608,-1.2,0.0,25.0,1,0.0,0.0,0.1,31831,
10942,372608,-1.8,0.0,10.0,1,0.0,0.0,0.1,31831,
10943,372672,-2.9,0.0,4.76,1,0.0,0.0,0.1,31840,
10944,372672,-1.9,0.0,9.09,1,0.0,0.0,0.1,31840,
10945,372672,-1.8,0.0,16.67,3,0.0,0.0,0.1,31840,
10946,372672,-1.3,0.0,20.0,1,0.0,0.0,0.1,31840,
10947,372736,-5.2,0.0,23.53,12,0.0833,0.25,0.1,31848,
10948,372736,-4.8,0.0,15.69,8,0.0,0.5,0.1,31848,
10949,372800,-3.0,0.0,15.0,3,0.0,0.0,0.1,31857,
10950,372800,-3.0,0.0,15.0,3,0.0,0.0,0.1,31857,
10951,372864,-1.8,0.0,37.5,3,0.0,0.3333,0.1,31867,
10952,372864,-4.6,0.0,11.76,6,0.1667,0.0,0.1,31867,
10953,372928,-3.6,0.0,21.88,7,0.1429,0.2857,0.1,31874,
10954,372928,-1.5,0.0,14.29,1,0.0,0.0,0.1,31874,
10955,372928,-0.7,0.0,25.0,2,0.0,0.0,0.1,31874,
10956,372992,-5.2,0.0,25.0,9,0.1111,0.1111,0.1,31883,
10957,372992,-2.5,0.0,12.5,2,0.0,0.5,0.1,31883,
10958,372992,-5.1,0.0,1.96,1,1.0,0.0,0.1,31883,
10959,372992,-1.5,0.0,14.29,1,0.0,0.0,0.1,31883,
10960,372992,-5.6,0.0,11.76,6,0.0,0.3333,0.1,31883,
10961,373056,-5.3,0.0,5.88,3,0.0,0.3333,0.1,31891,
10962,373056,-4.2,0.0,25.0,9,0.1111,0.0,0.1,31891,
10963,373120,-2.9,0.0,10.0,2,0.0,0.0,0.1,31902,
10964,373120,-1.6,0.0,12.5,1,0.0,0.0,0.1,31902,
10965,373120,-2.8,0.0,3.33,1,0.0,0.0,0.1,31902,
10966,373184,-0.9,0.0,9.09,1,0.0,0.0,0.1,31914,
10967,373184,-4.7,0.0,2.56,1,0.0,0.0,0.1,31914,
10968,373184,-5.5,0.0,9.8,5,0.2,0.2,0.1,31914,
10969,373184,-1.3,0.0,20.0,1,0.0,0.0,0.1,31914,
10970,373248,-4.4,0.0,2.78,1,0.0,0.0,0.1,31923,
10971,373248,-1.3,0.0,20.0,1,0.0,0.0,0.1,31923,
10972,373376,-4.3,0.0,12.5,4,0.0,0.25,0.1,31941,
10973,373376,-2.8,0.0,6.9,2,0.0,0.5,0.1,31941,
10974,373440,-5.5,0.0,9.8,5,0.2,0.0,0.1,31956,
10975,373440,-2.4,0.0,21.43,3,0.0,0.0,0.1,31956,
10976,373440,-2.0,0.0,18.18,2,0.0,0.0,0.1,31956,
10977,373440,-4.7,0.0,8.11,3,0.0,0.6667,0.1,31956,
10978,373440,-1.5,0.0,14.29,1,0.0,0.0,0.1,31956,
10979,373440,-1.3,0.0,20.0,1,0.0,0.0,0.1,31956,
10980,373504,7.1,1.0,16.28,7,0.1429,0.2857,0.1,31965,
10981,373504,-2.7,0.0,42.86,6,0.0,0.1667,0.1,31965,
10982,373504,-1.9,0.0,9.09,1,0.0,0.0,0.1,31965,
10983,373568,-1.4,0.0,16.67,1,0.0,0.0,0.1,31971,
10984,373632,-5.2,0.0,23.53,12,0.1667,0.0,0.1,31985,
10985,373632,-1.9,0.0,9.09,1,0.0,0.0,0.1,31985,
10986,373696,10.0,1.0,16.67,3,0.0,0.3333,0.1,31997,
10987,373696,-1.9,0.0,9.09,1,0.0,0.0,0.1,31997,
10988,373696,-1.5,0.0,14.29,1,0.0,0.0,0.1,31997,
10989,373696,-2.3,0.0,6.67,1,0.0,0.0,0.1,31997,
10990,373824,-2.1,0.0,16.67,2,0.0,0.0,0.1,32006,
10991,373824,6.7,1.0,25.58,11,0.0909,0.2727,0.1,32006,
10992,373888,-5.2,0.0,3.92,2,0.0,0.0,0.1,32013,
10993,373952,11.3,1.0,0.0,0,,,0.1,32018,
10994,373952,-1.5,0.0,14.29,1,0.0,0.0,0.1,32018,
10995,374016,-5.0,0.0,19.61,10,0.1,0.2,0.1,32024,
10996,374016,-1.8,0.0,22.22,2,0.5,0.0,0.1,32024,
10997,374016,-3.6,0.0,11.54,3,0.0,0.3333,0.1,32024,
10998,374016,-4.8,0.0,15.69,8,0.0,0.5,0.1,32024,
10999,374080,10.9,1.0,9.09,1,0.0,1.0,0.1,32038,
11000,374080,-4.8,0.0,7.89,3,0.0,0.0,0.1,32038,
11001,374144,-2.7,0.0,25.0,4,0.0,0.0,0.1,32048,
11002,374144,-4.3,0.0,4.55,2,0.0,0.0,0.1,32048,
11003,374144,-2.0,0.0,8.33,1,0.0,0.0,0.1,32048,
11004,374208,-1.3,0.0,20.0,1,0.0,0.0,0.1,32055,
11005,374208,-2.5,0.0,12.5,2,0.0,0.0,0.1,32055,
11006,374272,-3.7,0.0,11.11,3,0.0,0.0,0.1,32064,
11007,374272,-2.2,0.0,25.0,3,0.0,0.3333,0.1,32064,
11008,374336,-2.0,0.0,4.55,1,0.0,0.0,0.1,32072,
11009,374336,-5.9,0.0,4.0,2,0.0,0.0,0.1,32072,
11010,374336,-4.0,0.0,0.0,0,,,0.1,32072,
11011,374400,8.7,1.0,13.33,4,0.0,0.0,0.1,32089,
11012,374400,-5.0,0.0,4.88,2,0.0,0.0,0.1,32089,
11013,374400,-2.8,0.0,5.0,1,0.0,0.0,0.1,32089,
11014,374400,-1.2,0.0,25.0,1,0.0,0.0,0.1,32089,
11015,374400,-1.5,0.0,20.0,3,0.3333,0.3333,0.1,32089,
11016,374464,-4.4,0.0,32.14,9,0.2222,0.2222,0.1,32101,
11017,374464,-1.6,0.0,12.5,1,0.0,0.0,0.1,32101,
11018,374464,-4.8,0.0,2.5,1,0.0,0.0,0.1,32101,
11019,374464,-1.1,0.0,7.69,1,0.0,0.0,0.1,32101,
11020,374528,-4.5,0.0,2.7,1,0.0,0.0,0.1,32107,
11021,374528,9.6,1.0,4.17,1,0.0,0.0,0.1,32107,
11022,374528,-2.3,0.0,14.29,2,0.0,0.0,0.1,32107,
11023,374528,-5.2,0.0,3.92,2,0.0,0.5,0.1,32107,
11024,374528,-1.4,0.0,40.0,2,0.5,0.0,0.1,32107,
11025,374592,-0.7,0.0,11.11,1,0.0,0.0,0.1,32119,
11026,374592,5.4,1.0,36.73,18,0.2222,0.1111,0.1,32119,
11027,374592,-3.0,0.0,9.52,2,0.0,0.0,0.1,32119,
11028,374656,-3.3,0.0,4.0,1,0.0,0.0,0.1,32128,
11029,374656,-1.6,0.0,28.57,2,0.0,0.0,0.1,32128,
11030,374656,-5.4,0.0,9.3,4,0.0,0.5,0.1,32128,
11031,374720,-5.2,0.0,25.0,9,0.1111,0.2222,0.1,32135,
11032,374720,-5.4,0.0,7.84,4,0.0,0.25,0.1,32135,
11033,374720,-1.8,0.0,22.22,2,0.0,0.0,0.1,32135,
11034,374784,-4.7,0.0,13.73,7,0.2857,0.1429,0.1,32150,
11035,374784,-1.3,0.0,20.0,1,0.0,0.0,0.1,32150,
11036,374784,-1.4,0.0,16.67,1,0.0,0.0,0.1,32150,
11037,374784,-2.9,0.0,10.0,2,0.0,0.0,0.1,32150,
11038,374784,-4.4,0.0,12.12,4,0.0,0.25,0.1,32150,
11039,374848,-3.3,0.0,16.13,5,0.0,0.0,0.1,32155,
11040,374848,-4.4,0.0,27.59,8,0.125,0.25,0.1,32155,
11041,374912,-5.3,0.0,5.88,3,0.0,0.3333,0.1,32163,
11042,374912,9.9,1.0,4.76,1,0.0,0.0,0.1,32163,
11043,374912,-5.6,0.0,11.76,6,0.1667,0.3333,0.1,32163,
11044,375040,-5.4,0.0,16.33,8,0.0,0.25,0.1,32174,
11045,375040,-2.3,0.0,4.0,1,0.0,0.0,0.1,32174,
11046,375040,-3.1,0.0,14.29,3,0.0,0.6667,0.1,32174,
11047,375104,-5.1,0.0,1.96,1,0.0,0.0,0.1,32182,
11048,375104,-2.0,0.0,30.0,3,0.0,0.3333,0.1,32182,
11049,375104,-1.1,0.0,16.67,2,0.0,0.5,0.1,32182,
11050,375104,-1.7,0.0,11.11,1,0.0,0.0,0.1,32182,
11051,375104,-2.0,0.0,8.33,1,0.0,0.0,0.1,32182,
11052,375104,-1.3,0.0,20.0,1,0.0,0.0,0.1,32182,
11053,375168,-1.7,0.0,11.11,1,0.0,0.0,0.1,32188,
11054,375232,-5.8,0.0,10.87,5,0.2,0.0,0.1,32204,
11055,375232,-3.3,0.0,2.86,1,0.0,0.0,0.1,32204,
11056,375232,-0.8,0.0,10.0,1,0.0,0.0,0.1,32204,
11057,375232,-3.4,0.0,15.62,5,0.2,0.4,0.1,32204,
11058,375232,-3.6,0.0,3.57,1,0.0,0.0,0.1,32204,
11059,375232,-2.0,0.0,18.18,2,0.5,0.5,0.1,32204,
11060,375232,-3.1,0.0,9.09,2,0.0,0.0,0.1,32204,
11061,375296,-1.5,0.0,14.29,1,0.0,0.0,0.1,32216,
11062,375296,-0.8,0.0,10.0,1,0.0,0.0,0.1,32216,
11063,375296,-2.5,0.0,12.0,3,0.3333,0.3333,0.1,32216,
11064,375360,-1.2,0.0,15.38,2,0.0,0.0,0.1,32223,
11065,375360,-0.7,0.0,11.11,1,0.0,0.0,0.1,32223,
11066,375424,-1.8,0.0,22.22,2,0.0,0.0,0.1,32229,
11067,375424,-1.4,0.0,6.25,1,0.0,0.0,0.1,32229,
11068,375488,-1.7,0.0,11.11,1,0.0,0.0,0.1,32236,
11069,375552,-2.3,0.0,23.08,3,0.0,0.0,0.1,32240,
11070,375552,-2.3,0.0,14.29,2,0.0,0.5,0.1,32240,
11071,375552,11.3,1.0,14.29,1,0.0,0.0,0.1,32240,
11072,375616,10.7,1.0,7.69,1,0.0,1.0,0.1,32251,
11073,375616,-7.2,0.0,43.14,22,0.0,0.6364,0.1,32251,
11074,375616,-1.7,0.0,11.11,1,0.0,0.0,0.1,32251,
11075,375680,-4.8,0.0,15.69,8,0.0,0.125,0.1,32256,
11076,375680,-5.2,0.0,15.38,6,0.0,0.1667,0.1,32256,
11077,375680,-1.5,0.0,14.29,1,0.0,0.0,0.1,32256,
11078,375744,-6.4,0.0,27.45,14,0.0714,0.2143,0.1,32264,
11079,375744,-1.8,0.0,10.0,1,0.0,0.0,0.1,32264,
11080,375744,-1.6,0.0,12.5,1,0.0,0.0,0.1,32264,
11081,375744,-2.5,0.0,12.5,2,0.0,0.0,0.1,32264,
11082,375808,-2.8,0.0,10.53,2,0.0,0.0,0.1,32273,
11083,375808,-4.3,0.0,9.09,3,0.0,0.3333,0.1,32273,
11084,375808,-1.7,0.0,11.11,1,0.0,0.0,0.1,32273,
11085,375872,9.4,1.0,22.73,5,0.2,0.4,0.1,32281,
11086,375872,-3.3,0.0,24.14,7,0.0,0.1429,0.1,32281,
11087,375936,-4.6,0.0,11.76,6,0.0,0.0,0.1,32292,
11088,375936,-4.8,0.0,15.69,8,0.25,0.25,0.1,32292,
11089,375936,-3.3,0.0,8.33,2,0.0,0.0,0.1,32292,
11090,375936,-3.9,0.0,6.67,2,0.0,0.0,0.1,32292,
11091,375936,-1.5,0.0,12.5,2,0.0,0.0,0.1,32292,
11092,376000,-1.2,0.0,25.0,1,0.0,0.0,0.1,32299,
11093,376000,-0.9,0.0,20.0,2,0.0,0.0,0.1,32299,
11094,376000,-2.4,0.0,17.39,4,0.0,0.0,0.1,32299,
11095,376064,-6.5,0.0,29.41,15,0.3333,0.2,0.1,32308,
11096,376064,-2.6,0.0,26.67,4,0.0,0.25,0.1,32308,
11097,376064,-1.4,0.0,16.67,1,0.0,0.0,0.1,32308,
11098,376192,-1.6,0.0,12.5,1,0.0,0.0,0.1,32323,
11099,376256,-0.9,0.0,9.09,1,0.0,0.0,0.1,32333,
11100,376256,-3.0,0.0,27.78,5,0.0,0.2,0.1,32333,
11101,376256,-1.9,0.0,9.09,1,0.0,0.0,0.1,32333,
11102,376256,-2.4,0.0,6.25,1,0.0,0.0,0.1,32333,
11103,376256,-1.8,0.0,10.0,1,0.0,0.0,0.1,32333,
11104,376320,-1.4,0.0,16.67,1,0.0,0.0,0.1,32346,
11105,376320,-1.9,0.0,15.79,3,0.0,0.0,0.1,32346,
11106,376320,-5.2,0.0,34.15,14,0.1429,0.0714,0.1,32346,
11107,376384,-1.5,0.0,14.29,1,0.0,0.0,0.1,32355,
11108,376448,-2.5,0.0,7.69,2,0.0,0.0,0.1,32366,
11109,376512,-1.7,0.0,11.11,1,0.0,0.0,0.1,32373,
11110,376512,-3.6,0.0,3.57,1,0.0,0.0,0.1,32373,
11111,376640,-1.4,0.0,16.67,1,0.0,0.0,0.1,32385,
11112,376640,8.3,1.0,15.15,5,0.0,0.4,0.1,32385,
11113,376640,-2.0,0.0,18.18,2,0.0,0.0,0.1,32385,
11114,376640,-3.4,0.0,12.5,3,0.0,0.0,0.1,32385,
11115,376640,-2.6,0.0,18.75,3,0.0,0.0,0.1,32385,
11116,376704,-5.2,0.0,23.53,12,0.0833,0.3333,0.1,32394,
11117,376704,-2.8,0.0,5.0,1,0.0,0.0,0.1,32394,
11118,376768,-1.6,0.0,12.5,1,0.0,0.0,0.1,32401,
11119,376768,-2.0,0.0,18.18,2,0.0,0.5,0.1,32401,
11120,376768,-1.4,0.0,6.25,1,0.0,0.0,0.1,32401,
11121,376832,-2.4,0.0,6.25,1,0.0,0.0,0.1,32409,
11122,376832,-1.6,0.0,12.5,1,0.0,0.0,0.1,32409,
11123,376832,-3.3,0.0,8.33,2,0.0,0.0,0.1,32409,
11124,376896,-0.7,0.0,11.11,1,0.0,0.0,0.1,32417,
11125,376896,-3.9,0.0,3.23,1,0.0,0.0,0.1,32417,
11126,376896,-3.7,0.0,15.38,4,0.0,0.25,0.1,32417,
11127,376960,-2.8,0.0,5.0,1,0.0,0.0,0.1,32426,
11128,377024,-2.9,0.0,15.79,3,0.0,0.3333,0.1,32436,
11129,377024,-6.3,0.0,16.67,8,0.25,0.25,0.1,32436,
11130,377024,-1.9,0.0,9.09,1,0.0,0.0,0.1,32436,
11131,377088,-5.2,0.0,4.65,2,0.0,0.0,0.1,32446,
11132,377088,-3.9,0.0,10.34,3,0.0,0.3333,0.1,32446,
11133,377088,-5.4,0.0,7.84,4,0.0,0.25,0.1,32446,
11134,377088,-4.0,0.0,3.12,1,0.0,0.0,0.1,32446,
11135,377152,-3.8,0.0,10.71,3,0.3333,0.0,0.1,32451,
11136,377152,-2.8,0.0,5.0,1,0.0,0.0,0.1,32451,
11137,377152,-1.7,0.0,11.11,2,0.0,0.0,0.1,32451,
11138,377216,-4.0,0.0,10.0,3,0.0,0.0,0.1,32464,
11139,377216,-1.7,0.0,11.11,1,0.0,0.0,0.1,32464,
11140,377216,-1.7,0.0,11.11,1,0.0,0.0,0.1,32464,
11141,377216,-4.2,0.0,9.38,3,0.0,0.0,0.1,32464,
11142,377280,-1.7,0.0,11.11,1,0.0,0.0,0.1,32471,
11143,377280,-2.7,0.0,7.14,2,0.0,0.0,0.1,32471,
11144,377280,-4.8,0.0,15.69,8,0.125,0.125,0.1,32471,
11145,377344,-3.8,0.0,3.33,1,0.0,0.0,0.1,32478,
11146,377344,-5.3,0.0,25.49,13,0.0769,0.0769,0.1,32478,
11147,377344,-5.2,0.0,3.92,2,0.0,0.0,0.1,32478,
11148,377408,-5.0,0.0,0.0,0,,,0.1,32487,
11149,377408,-3.5,0.0,12.0,3,0.0,0.3333,0.1,32487,
11150,377408,6.3,1.0,23.4,11,0.0909,0.3636,0.1,32487,
11151,377408,9.1,1.0,15.38,4,0.0,0.0,0.1,32487,
11152,377408,-3.1,0.0,14.29,3,0.0,0.3333,0.1,32487,
11153,377408,-3.8,0.0,20.59,7,0.1429,0.1429,0.1,32487,
11154,377408,-2.9,0.0,4.76,1,0.0,0.0,0.1,32487,
11155,377408,-1.6,0.0,12.5,1,0.0,0.0,0.1,32487,
11156,377472,-2.4,0.0,41.67,5,0.2,0.0,0.1,32496,
11157,377472,-3.3,0.0,13.04,3,0.0,0.0,0.1,32496,
11158,377536,-4.7,0.0,13.73,7,0.2857,0.2857,0.1,32505,
11159,377536,-4.3,0.0,5.88,3,0.0,0.3333,0.1,32505,
11160,377600,-1.2,0.0,25.0,1,0.0,0.0,0.1,32512,
11161,377600,-2.5,0.0,20.0,3,0.0,0.3333,0.1,32512,
11162,377664,-5.1,0.0,1.96,1,0.0,1.0,0.1,32519,
11163,377664,-5.9,0.0,4.0,2,0.5,0.0,0.1,32519,
11164,377664,-1.8,0.0,22.22,2,0.0,0.5,0.1,32519,
11165,377728,-1.7,0.0,11.11,1,0.0,0.0,0.1,32528,
11166,377728,-2.0,0.0,30.0,3,0.0,0.3333,0.1,32528,
11167,377728,-2.2,0.0,7.14,1,0.0,0.0,0.1,32528,
11168,377728,-1.5,0.0,14.29,1,0.0,0.0,0.1,32528,
11169,377728,-2.6,0.0,11.76,2,0.5,0.0,0.1,32528,
11170,377792,-4.1,0.0,37.5,12,0.0833,0.3333,0.1,32534,
11171,377856,-2.4,0.0,6.25,1,0.0,0.0,0.1,32542,
11172,377920,10.8,1.0,18.18,2,0.0,0.0,0.1,32551,
11173,377920,-5.4,0.0,27.45,14,0.0714,0.0714,0.1,32551,
11174,377920,-2.4,0.0,6.25,1,0.0,0.0,0.1,32551,
11175,377920,-2.1,0.0,16.67,2,0.0,0.0,0.1,32551,
11176,377920,-2.2,0.0,7.14,1,0.0,0.0,0.1,32551,
11177,377920,-3.1,0.0,9.09,2,0.0,0.0,0.1,32551,
11178,377984,-2.8,0.0,10.53,2,0.0,0.0,0.1,32559,
11179,377984,-1.7,0.0,11.11,1,0.0,0.0,0.1,32559,
11180,378048,-3.0,0.0,15.0,3,0.0,0.3333,0.1,32564,
11181,378048,-5.2,0.0,23.53,12,0.0,0.25,0.1,32564,
11182,378304,-1.8,0.0,10.0,1,0.0,0.0,0.1,32594,
11183,378304,-4.6,0.0,11.76,6,0.0,0.8333,0.1,32594,
11184,378432,-1.9,0.0,9.09,1,0.0,0.0,0.1,32608,
11185,378432,-1.8,0.0,10.0,1,0.0,0.0,0.1,32608,
11186,378496,-1.9,0.0,20.0,2,0.0,0.5,0.1,32618,
11187,378496,-3.4,0.0,5.71,2,0.0,0.0,0.1,32618,
11188,378496,-2.2,0.0,13.64,3,0.0,0.0,0.1,32618,
11189,378496,-4.2,0.0,6.06,2,0.0,0.0,0.1,32618,
11190,378560,-2.5,0.0,5.88,1,0.0,0.0,0.1,32630,
11191,378560,-2.6,0.0,5.56,1,0.0,0.0,0.1,32630,
11192,378560,-4.6,0.0,8.33,3,0.0,0.0,0.1,32630,
11193,378560,-4.7,0.0,13.73,7,0.0,0.2857,0.1,32630,
11194,378624,-2.8,0.0,10.53,2,0.5,0.0,0.1,32642,
11195,378624,-1.2,0.0,7.14,1,0.0,0.0,0.1,32642,
11196,378624,-2.7,0.0,5.26,1,0.0,0.0,0.1,32642,
11197,378688,-2.0,0.0,15.0,3,0.0,0.0,0.1,32653,
11198,378688,-2.5,0.0,21.74,5,0.0,0.2,0.1,32653,
11199,378688,-2.1,0.0,9.09,2,0.0,0.0,0.1,32653,
11200,378752,-3.0,0.0,9.52,2,0.0,0.0,0.1,32664,
11201,378752,-2.0,0.0,8.33,1,0.0,0.0,0.1,32664,
11202,378752,-2.2,0.0,15.38,2,0.0,0.5,0.1,32664,
11203,378752,-1.1,0.0,33.33,1,0.0,0.0,0.1,32664,
11204,378752,-3.5,0.0,3.7,1,0.0,0.0,0.1,32664,
11205,378816,-2.2,0.0,25.0,3,0.6667,0.0,0.1,32672,
11206,378816,-6.3,0.0,25.49,13,0.0769,0.2308,0.1,32672,
11207,378880,-3.2,0.0,12.9,4,0.25,0.25,0.1,32681,
11208,378880,-4.5,0.0,9.8,5,0.2,0.8,0.1,32681,
11209,378944,-2.0,0.0,62.5,5,0.4,0.4,0.1,32690,
11210,378944,-2.5,0.0,12.5,2,0.0,0.5,0.1,32690,
11211,378944,-2.1,0.0,26.32,5,0.0,0.2,0.1,32690,
11212,379072,-2.0,0.0,8.33,1,0.0,0.0,0.1,32708,
11213,379072,11.6,1.0,0.0,0,,,0.1,32708,
11214,379072,-4.9,0.0,8.33,4,0.25,0.0,0.1,32708,
11215,379072,-3.3,0.0,4.0,1,0.0,0.0,0.1,32708,
11216,379072,-2.9,0.0,14.29,4,0.0,0.5,0.1,32708,
11217,379136,-1.8,0.0,10.0,1,0.0,0.0,0.1,32713,
11218,379136,-5.3,0.0,12.2,5,0.0,0.2,0.1,32713,
11219,379136,-5.0,0.0,19.61,10,0.0,0.3,0.1,32713,
11220,379200,11.7,1.0,0.0,0,,,0.1,32722,
11221,379200,-2.3,0.0,14.29,2,0.0,0.0,0.1,32722,
11222,379200,-6.1,0.0,41.18,21,0.1429,0.1905,0.1,32722,
11223,379200,-2.0,0.0,8.33,1,0.0,0.0,0.1,32722,
11224,379264,-3.4,0.0,12.5,3,0.3333,0.3333,0.1,32729,
11225,379264,-2.0,0.0,8.33,1,0.0,0.0,0.1,32729,
11226,379264,-1.9,0.0,4.76,1,0.0,0.0,0.1,32729,
11227,379328,-4.4,0.0,2.78,1,0.0,0.0,0.1,32737,
11228,379328,-3.9,0.0,14.29,4,0.0,0.5,0.1,32737,
11229,379328,-0.8,0.0,22.22,2,0.0,0.0,0.1,32737,
11230,379392,-1.2,0.0,7.14,1,0.0,0.0,0.1,32744,
11231,379392,-1.2,0.0,25.0,1,0.0,0.0,0.1,32744,
11232,379456,-2.1,0.0,7.69,1,0.0,0.0,0.1,32754,
11233,379456,-3.9,0.0,7.69,3,0.0,0.0,0.1,32754,
11234,379456,-1.8,0.0,10.0,1,0.0,0.0,0.1,32754,
11235,379456,-5.3,0.0,5.88,3,0.0,0.0,0.1,32754,
11236,379456,-1.3,0.0,20.0,1,0.0,0.0,0.1,32754,
11237,379520,-5.4,0.0,7.84,4,0.0,0.25,0.1,32760,
11238,379584,-1.1,0.0,16.67,2,0.0,0.0,0.1,32773,
11239,379584,-3.2,0.0,2.94,1,0.0,0.0,0.1,32773,
11240,379584,-1.0,0.0,18.18,2,0.0,0.5,0.1,32773,
11241,379648,-1.7,0.0,11.11,1,0.0,0.0,0.1,32781,
11242,379648,-1.7,0.0,11.11,1,0.0,0.0,0.1,32781,
11243,379648,-2.7,0.0,11.11,2,0.0,0.0,0.1,32781,
11244,379712,-5.4,0.0,4.44,2,0.0,0.0,0.1,32793,
11245,379712,-4.3,0.0,15.0,6,0.1667,0.3333,0.1,32793,
11246,379712,-2.8,0.0,16.67,3,0.0,0.3333,0.1,32793,
11247,379712,-5.2,0.0,3.92,2,0.0,0.0,0.1,32793,
11248,379712,-2.9,0.0,14.29,4,0.0,0.75,0.1,32793,
11249,379776,7.9,1.0,10.53,4,0.25,0.5,0.1,32806,
11250,379776,-0.5,0.0,14.29,1,0.0,0.0,0.1,32806,
11251,379776,-2.6,0.0,3.57,1,0.0,0.0,0.1,32806,
11252,379776,-1.7,0.0,11.11,1,0.0,0.0,0.1,32806,
11253,379840,-4.3,0.0,5.88,2,0.0,0.0,0.1,32812,
11254,379840,-2.8,0.0,5.0,1,0.0,0.0,0.1,32812,
11255,379904,-5.9,0.0,37.25,19,0.0526,0.2105,0.1,32823,
11256,379904,-2.3,0.0,6.67,1,0.0,0.0,0.1,32823,
11257,379904,-0.9,0.0,33.33,3,0.0,0.0,0.1,32823,
11258,379904,-1.7,0.0,11.11,1,0.0,0.0,0.1,32823,
11259,379904,-1.9,0.0,9.09,1,0.0,0.0,0.1,32823,
11260,379968,-4.8,0.0,17.14,6,0.0,0.3333,0.1,32833,
11261,379968,-2.2,0.0,7.14,1,0.0,0.0,0.1,32833,
11262,379968,-1.4,0.0,16.67,1,0.0,0.0,0.1,32833,
11263,380032,-5.6,0.0,6.52,3,0.0,0.0,0.1,32840,
11264,380032,-5.2,0.0,23.53,12,0.0,0.25,0.1,32840,
11265,380096,-3.1,0.0,14.29,3,0.0,0.0,0.1,32853,
11266,380096,-2.6,0.0,31.82,7,0.1429,0.2857,0.1,32853,
11267,380160,-1.7,0.0,17.65,3,0.3333,0.3333,0.1,32862,
11268,380224,-0.7,0.0,11.11,1,0.0,0.0,0.1,32872,
11269,380224,-2.0,0.0,8.33,1,0.0,0.0,0.1,32872,
11270,380288,11.5,1.0,20.0,1,1.0,1.0,0.1,32887,
11271,380288,-1.7,0.0,11.11,1,0.0,0.0,0.1,32887,
11272,380288,-1.1,0.0,7.69,1,0.0,0.0,0.1,32887,
11273,380352,-1.0,0.0,8.33,1,0.0,0.0,0.1,32897,
11274,380352,-2.1,0.0,16.67,2,0.0,0.0,0.1,32897,
11275,380352,-1.9,0.0,9.09,1,0.0,0.0,0.1,32897,
11276,380416,-3.7,0.0,15.38,4,0.0,0.25,0.1,32905,
11277,380416,9.4,1.0,28.57,6,0.5,0.6667,0.1,32905,
11278,380480,-1.8,0.0,37.5,3,0.0,0.0,0.1,32914,
11279,380480,-2.7,0.0,5.26,1,0.0,0.0,0.1,32914,
11280,380480,-1.7,0.0,25.0,4,0.0,0.0,0.1,32914,
11281,380480,-4.7,0.0,13.73,7,0.1429,0.4286,0.1,32914,
11282,380480,-3.0,0.0,15.0,3,0.0,0.3333,0.1,32914,
11283,380480,-4.2,0.0,3.92,2,0.5,0.0,0.1,32914,
11284,380480,-2.3,0.0,23.08,3,0.0,0.6667,0.1,32914,
11285,380480,-2.7,0.0,20.0,5,0.0,0.2,0.1,32914,
11286,380544,-1.8,0.0,5.0,1,0.0,0.0,0.1,32924,
11287,380544,-1.5,0.0,14.29,1,0.0,0.0,0.1,32924,
11288,380544,-2.0,0.0,30.0,3,0.6667,0.0,0.1,32924,
11289,380544,-3.4,0.0,23.33,7,0.0,0.0,0.1,32924,
11290,380608,-2.2,0.0,25.0,3,0.3333,0.0,0.1,32932,
11291,380608,-4.9,0.0,17.65,9,0.2222,0.1111,0.1,32932,
11292,380672,-4.7,0.0,13.73,7,0.0,0.4286,0.1,32939,
11293,380672,-3.2,0.0,4.17,1,0.0,0.0,0.1,32939,
11294,380800,-1.4,0.0,16.67,1,0.0,0.0,0.1,32956,
11295,380800,-1.6,0.0,12.5,1,0.0,0.0,0.1,32956,
11296,380800,-5.8,0.0,15.69,8,0.25,0.125,0.1,32956,
11297,380800,-5.7,0.0,11.11,5,0.0,0.2,0.1,32956,
11298,380864,-6.8,0.0,35.29,18,0.1111,0.1111,0.1,32964,
11299,380864,-6.1,0.0,21.57,11,0.0,0.1818,0.1,32964,
11300,380864,-2.2,0.0,15.38,2,0.5,0.0,0.1,32964,
11301,380864,-1.7,0.0,11.11,1,0.0,0.0,0.1,32964,
11302,380928,-1.5,0.0,14.29,1,0.0,0.0,0.1,32972,
11303,380928,-5.5,0.0,9.8,5,0.0,0.0,0.1,32972,
11304,380992,-1.6,0.0,12.5,1,0.0,0.0,0.1,32980,
11305,380992,-1.7,0.0,11.11,1,0.0,0.0,0.1,32980,
11306,380992,-0.8,0.0,37.5,3,0.0,0.3333,0.1,32980,
11307,381056,-3.5,0.0,16.67,4,0.25,0.25,0.1,32987,
11308,381056,-1.8,0.0,5.0,1,0.0,0.0,0.1,32987,
11309,381120,-4.0,0.0,10.0,3,0.0,0.0,0.1,32995,
11310,381184,-3.0,0.0,15.0,3,0.0,0.0,0.1,33005,
11311,381184,-3.9,0.0,14.29,4,0.0,0.25,0.1,33005,
11312,381184,-4.4,0.0,7.84,4,0.0,0.25,0.1,33005,
11313,381184,11.3,1.0,33.33,2,0.5,1.0,0.1,33005,
11314,381248,11.4,1.0,16.67,1,1.0,1.0,0.1,33014,
11315,381248,-2.1,0.0,14.29,3,0.0,0.0,0.1,33014,
11316,381248,-1.6,0.0,28.57,2,0.0,0.0,0.1,33014,
11317,381248,-2.1,0.0,16.67,2,0.0,0.0,0.1,33014,
11318,381248,-1.7,0.0,42.86,3,0.6667,0.3333,0.1,33014,
11319,381312,-4.7,0.0,13.73,7,0.0,0.0,0.1,33025,
11320,381312,-1.3,0.0,20.0,1,0.0,0.0,0.1,33025,
11321,381312,-3.1,0.0,9.09,2,0.0,0.5,0.1,33025,
11322,381376,-2.8,0.0,10.53,2,0.0,0.5,0.1,33029,
11323,381376,-2.5,0.0,12.0,3,0.3333,0.0,0.1,33029,
11324,381440,-4.1,0.0,9.68,3,0.0,0.3333,0.1,33039,
11325,381440,-3.2,0.0,4.17,1,0.0,0.0,0.1,33039,
11326,381504,11.7,1.0,0.0,0,,,0.1,33047,
11327,381568,11.8,1.0,0.0,0,,,0.1,33056,
11328,381568,-3.2,0.0,8.7,2,0.0,0.5,0.1,33056,
11329,381632,-2.0,0.0,18.18,2,0.0,0.0,0.1,33062,
11330,381632,-6.1,0.0,20.0,9,0.1111,0.2222,0.1,33062,
11331,381760,-1.7,0.0,11.11,1,0.0,0.0,0.1,33080,
11332,381824,11.0,1.0,0.0,0,,,0.1,33087,
11333,381824,-6.0,0.0,19.61,10,0.0,0.3,0.1,33087,
11334,381888,-5.6,0.0,11.76,6,0.0,0.3333,0.1,33092,
11335,381952,-4.5,0.0,9.8,5,0.4,0.4,0.1,33106,
11336,381952,-4.6,0.0,11.76,6,0.1667,0.3333,0.1,33106,
11337,381952,-3.4,0.0,8.0,2,0.0,0.0,0.1,33106,
11338,381952,-1.8,0.0,37.5,3,0.0,0.0,0.1,33106,
11339,381952,-2.3,0.0,14.29,2,0.0,0.0,0.1,33106,
11340,381952,-4.3,0.0,5.88,2,0.0,0.0,0.1,33106,
11341,382016,-2.1,0.0,16.67,2,0.0,0.5,0.1,33112,
11342,382016,-3.7,0.0,11.11,3,0.0,0.0,0.1,33112,
11343,382080,9.7,1.0,9.09,2,0.0,0.0,0.1,33117,
11344,382144,-2.3,0.0,6.67,1,0.0,0.0,0.1,33125,
11345,382144,-2.5,0.0,12.0,3,0.3333,0.3333,0.1,33125,
11346,382144,7.9,1.0,10.53,4,0.25,0.25,0.1,33125,
11347,382144,-3.7,0.0,15.38,4,0.0,0.25,0.1,33125,
11348,382208,-5.4,0.0,27.45,14,0.0714,0.0714,0.1,33136,
11349,382208,-4.7,0.0,8.11,3,0.0,0.0,0.1,33136,
11350,382272,-1.3,0.0,20.0,1,0.0,0.0,0.1,33143,
11351,382336,-5.4,0.0,2.17,1,0.0,0.0,0.1,33151,
11352,382336,-1.6,0.0,12.5,1,0.0,0.0,0.1,33151,
11353,382400,-1.5,0.0,14.29,1,0.0,0.0,0.1,33165,
11354,382400,-3.6,0.0,20.83,5,0.0,0.4,0.1,33165,
11355,382400,-5.2,0.0,21.62,8,0.0,0.25,0.1,33165,
11356,382464,-3.9,0.0,3.23,1,0.0,0.0,0.1,33173,
11357,382464,-2.2,0.0,13.64,3,0.0,0.0,0.1,33173,
11358,382464,8.1,1.0,14.29,5,0.0,0.4,0.1,33173,
11359,382528,-5.7,0.0,13.73,7,0.0,0.0,0.1,33183,
11360,382528,-1.6,0.0,12.5,1,0.0,0.0,0.1,33183,
11361,382656,-1.6,0.0,12.5,1,0.0,0.0,0.1,33202,
11362,382656,-1.2,0.0,66.67,2,0.0,0.0,0.1,33202,
11363,382720,-2.6,0.0,26.09,6,0.0,0.3333,0.1,33208,
11364,382720,-4.8,0.0,15.69,8,0.125,0.125,0.1,33208,
11365,382784,-4.8,0.0,7.89,3,0.0,0.3333,0.1,33217,
11366,382784,-1.9,0.0,9.09,1,0.0,0.0,0.1,33217,
11367,382784,11.6,1.0,25.0,1,0.0,0.0,0.1,33217,
11368,382784,-1.6,0.0,12.5,1,0.0,0.0,0.1,33217,
11369,382784,-0.5,0.0,14.29,1,0.0,0.0,0.1,33217,
11370,382784,6.4,1.0,18.75,9,0.0,0.1111,0.1,33217,
11371,382848,-4.4,0.0,34.29,12,0.25,0.1667,0.1,33228,
11372,382848,-3.5,0.0,7.69,2,0.0,0.5,0.1,33228,
11373,382912,-3.8,0.0,3.33,1,0.0,0.0,0.1,33236,
11374,382976,-5.2,0.0,23.53,12,0.0833,0.1667,0.1,33245,
11375,382976,-1.7,0.0,11.11,1,0.0,0.0,0.1,33245,
11376,382976,-5.6,0.0,11.76,6,0.0,0.0,0.1,33245,
11377,382976,10.1,1.0,25.0,4,0.0,0.25,0.1,33245,
11378,383040,-2.2,0.0,15.38,2,0.0,0.5,0.1,33258,
11379,383040,-4.7,0.0,13.73,7,0.2857,0.4286,0.1,33258,
11380,383040,-3.5,0.0,7.69,2,0.0,0.0,0.1,33258,
11381,383104,-2.0,0.0,18.18,2,0.0,0.0,0.1,33266,
11382,383104,-3.3,0.0,8.33,2,0.5,0.0,0.1,33266,
11383,383104,-3.1,0.0,14.29,3,0.0,0.0,0.1,33266,
11384,383168,-3.0,0.0,13.79,4,0.0,0.5,0.1,33275,
11385,383168,-3.8,0.0,6.9,2,0.0,0.0,0.1,33275,
11386,383168,-4.3,0.0,16.13,5,0.0,0.0,0.1,33275,
11387,383168,-1.9,0.0,20.0,2,0.5,0.0,0.1,33275,
11388,383232,-5.1,0.0,1.96,1,0.0,0.0,0.1,33284,
11389,383232,-5.2,0.0,21.62,8,0.0,0.375,0.1,33284,
11390,383232,-0.8,0.0,22.22,2,0.0,0.5,0.1,33284,
11391,383232,-5.2,0.0,4.65,2,0.0,0.0,0.1,33284,
11392,383232,-3.5,0.0,12.0,3,0.0,0.3333,0.1,33284,
11393,383296,-4.7,0.0,5.26,2,0.0,0.0,0.1,33290,
11394,383296,-4.1,0.0,6.25,2,0.0,0.5,0.1,33290,
11395,383296,8.3,1.0,35.71,10,0.2,0.1,0.1,33290,
11396,383296,-1.5,0.0,14.29,1,0.0,0.0,0.1,33290,
11397,383360,-1.4,0.0,16.67,1,0.0,0.0,0.1,33300,
11398,383360,-5.2,0.0,27.91,12,0.1667,0.0833,0.1,33300,
11399,383424,-1.8,0.0,10.0,1,0.0,0.0,0.1,33308,
11400,383424,-5.2,0.0,22.22,10,0.1,0.3,0.1,33308,
11401,383424,-1.5,0.0,14.29,1,0.0,0.0,0.1,33308,
11402,383488,-5.0,0.0,10.26,4,0.25,0.25,0.1,33319,
11403,383488,-2.5,0.0,5.88,1,0.0,0.0,0.1,33319,
11404,383488,-6.2,0.0,17.02,8,0.0,0.25,0.1,33319,
11405,383488,-5.5,0.0,9.8,5,0.0,0.6,0.1,33319,
11406,383552,-1.5,0.0,33.33,2,0.0,0.0,0.1,33324,
11407,383552,-2.9,0.0,28.0,7,0.1429,0.1429,0.1,33324,
11408,383616,-5.1,0.0,1.96,1,0.0,0.0,0.1,33330,
11409,383616,-2.0,0.0,44.44,4,0.25,0.25,0.1,33330,
11410,383680,-1.4,0.0,16.67,1,0.0,0.0,0.1,33336,
11411,383680,-3.2,0.0,4.17,1,0.0,0.0,0.1,33336,
11412,383680,11.7,1.0,0.0,0,,,0.1,33336,
11413,383744,-1.0,0.0,8.33,1,0.0,0.0,0.1,33343,
11414,383744,-2.4,0.0,6.25,1,0.0,0.0,0.1,33343,
11415,383808,-5.4,0.0,7.84,4,0.0,0.0,0.1,33352,
11416,383808,-4.7,0.0,13.73,7,0.0,0.2857,0.1,33352,
11417,383872,-1.9,0.0,9.09,1,0.0,0.0,0.1,33363,
11418,383872,-0.9,0.0,9.09,1,0.0,0.0,0.1,33363,
11419,383872,-2.0,0.0,8.33,1,0.0,0.0,0.1,33363,
11420,383936,8.5,1.0,9.09,3,0.0,0.3333,0.1,33371,
11421,383936,-1.6,0.0,12.5,1,0.0,0.0,0.1,33371,
11422,383936,-2.4,0.0,6.25,1,0.0,0.0,0.1,33371,
11423,383936,-5.4,0.0,20.51,8,0.125,0.0,0.1,33371,
11424,383936,-6.2,0.0,7.84,4,0.25,0.0,0.1,33371,
11425,384000,-3.0,0.0,13.79,4,0.0,0.0,0.1,33380,
11426,384000,-1.1,0.0,16.67,2,0.0,0.0,0.1,33380,
11427,384000,-1.6,0.0,12.5,1,0.0,0.0,0.1,33380,
11428,384064,-1.6,0.0,18.75,3,0.0,0.0,0.1,33385,
11429,384064,10.8,1.0,0.0,0,,,0.1,33385,
11430,384064,-5.3,0.0,5.88,3,0.0,0.3333,0.1,33385,
11431,384128,-2.4,0.0,6.25,1,0.0,0.0,0.1,33393,
11432,384192,-5.1,0.0,21.57,11,0.0909,0.0,0.1,33402,
11433,384192,-1.8,0.0,10.0,1,0.0,0.0,0.1,33402,
11434,384192,11.7,1.0,0.0,0,,,0.1,33402,
11435,384192,-2.5,0.0,5.88,1,0.0,0.0,0.1,33402,
11436,384192,-2.4,0.0,13.33,2,0.0,0.0,0.1,33402,
11437,384256,-5.6,0.0,4.26,2,0.0,0.5,0.1,33410,
11438,384320,-1.7,0.0,11.11,1,0.0,0.0,0.1,33424,
11439,384320,-1.3,0.0,20.0,1,0.0,0.0,0.1,33424,
11440,384320,-3.8,0.0,6.9,2,0.0,0.5,0.1,33424,
11441,384384,-3.6,0.0,7.41,2,0.0,0.0,0.1,33434,
11442,384384,-1.5,0.0,33.33,2,0.0,0.0,0.1,33434,
11443,384384,-1.5,0.0,14.29,1,0.0,0.0,0.1,33434,
11444,384448,-1.7,0.0,11.11,1,0.0,0.0,0.1,33446,
11445,384448,-2.1,0.0,7.69,1,0.0,0.0,0.1,33446,
11446,384448,-1.6,0.0,12.5,1,0.0,0.0,0.1,33446,
11447,384448,-5.6,0.0,20.41,10,0.0,0.1,0.1,33446,
11448,384448,-5.5,0.0,9.09,4,0.0,0.25,0.1,33446,
11449,384512,-4.6,0.0,5.41,2,0.0,0.5,0.1,33452,
11450,384512,-2.7,0.0,5.26,1,0.0,0.0,0.1,33452,
11451,384576,-4.0,0.0,17.86,5,0.2,0.4,0.1,33465,
11452,384576,-2.3,0.0,30.0,6,0.5,0.1667,0.1,33465,
11453,384576,-5.3,0.0,12.2,5,0.4,0.2,0.1,33465,
11454,384576,-4.0,0.0,17.86,5,0.0,0.0,0.1,33465,
11455,384640,-4.7,0.0,11.11,4,0.0,0.5,0.1,33477,
11456,384640,11.5,1.0,20.0,1,1.0,0.0,0.1,33477,
11457,384704,-2.7,0.0,5.26,1,0.0,0.0,0.1,33485,
11458,384704,-3.0,0.0,21.05,4,0.25,0.5,0.1,33485,
11459,384832,-5.5,0.0,9.8,5,0.0,0.0,0.1,33506,
11460,384832,-2.7,0.0,30.43,7,0.1429,0.2857,0.1,33506,
11461,384832,9.9,1.0,29.41,5,0.4,0.2,0.1,33506,
11462,384832,-2.6,0.0,5.56,1,0.0,0.0,0.1,33506,
11463,384896,10.8,1.0,18.18,2,0.0,0.0,0.1,33511,
11464,384896,-1.9,0.0,9.09,1,0.0,0.0,0.1,33511,
11465,384896,5.9,1.0,31.91,15,0.0,0.4667,0.1,33511,
11466,384960,-1.9,0.0,4.76,1,0.0,0.0,0.1,33523,
11467,384960,-1.3,0.0,14.29,2,0.5,0.0,0.1,33523,
11468,385024,-1.7,0.0,25.0,2,0.0,0.5,0.1,33531,
11469,385024,9.6,1.0,8.7,2,0.0,0.5,0.1,33531,
11470,385024,-1.9,0.0,33.33,3,0.0,0.0,0.1,33531,
11471,385024,-1.7,0.0,11.11,1,0.0,0.0,0.1,33531,
11472,385024,-2.6,0.0,11.76,2,0.0,0.0,0.1,33531,
11473,385024,-3.7,0.0,7.14,2,0.5,0.5,0.1,33531,
11474,385088,-3.0,0.0,27.78,5,0.0,0.2,0.1,33541,
11475,385088,-3.4,0.0,15.62,5,0.0,0.0,0.1,33541,
11476,385088,-1.6,0.0,12.5,1,0.0,0.0,0.1,33541,
11477,385152,10.3,1.0,20.0,3,0.6667,0.6667,0.1,33554,
11478,385152,-2.1,0.0,16.67,2,0.0,0.0,0.1,33554,
11479,385152,-5.8,0.0,2.0,1,0.0,0.0,0.1,33554,
11480,385216,-2.0,0.0,8.33,1,0.0,0.0,0.1,33566,
11481,385216,7.3,1.0,29.73,11,0.1818,0.3636,0.1,33566,
11482,385216,9.9,1.0,22.22,4,0.5,0.75,0.1,33566,
11483,385216,-2.6,0.0,5.56,1,0.0,0.0,0.1,33566,
11484,385280,-6.1,0.0,21.57,11,0.0909,0.1818,0.1,33572,
11485,385280,-0.5,0.0,14.29,1,0.0,0.0,0.1,33572,
11486,385344,11.3,1.0,0.0,0,,,0.1,33577,
11487,385344,8.6,1.0,2.94,1,1.0,0.0,0.1,33577,
11488,385344,-2.8,0.0,10.53,2,0.0,0.0,0.1,33577,
11489,385408,-2.4,0.0,13.33,2,0.0,0.0,0.1,33590,
11490,385408,-2.5,0.0,20.0,3,0.0,0.0,0.1,33590,
11491,385408,-2.6,0.0,5.56,1,0.0,0.0,0.1,33590,
11492,385408,-3.5,0.0,12.0,3,0.0,0.3333,0.1,33590,
11493,385408,-2.7,0.0,17.65,3,0.0,0.3333,0.1,33590,
11494,385472,-4.7,0.0,13.73,7,0.0,0.0,0.1,33597,
11495,385472,-0.5,0.0,14.29,1,0.0,0.0,0.1,33597,
11496,385600,-3.7,0.0,8.11,3,0.0,0.3333,0.1,33620,
11497,385664,-3.1,0.0,20.0,4,0.25,0.25,0.1,33637,
11498,385664,-1.7,0.0,25.0,2,0.0,0.0,0.1,33637,
11499,385664,-2.5,0.0,5.88,1,0.0,0.0,0.1,33637,
11500,385664,-2.8,0.0,23.53,4,0.0,0.0,0.1,33637,
11501,385664,-1.4,0.0,40.0,2,0.0,0.0,0.1,33637,
11502,385664,-3.3,0.0,13.04,3,0.3333,0.0,0.1,33637,
11503,385728,-2.1,0.0,16.67,2,0.0,0.0,0.1,33647,
11504,385728,-4.0,0.0,0.0,0,,,0.1,33647,
11505,385728,-1.3,0.0,20.0,1,0.0,0.0,0.1,33647,
11506,385792,-3.6,0.0,25.81,8,0.0,0.25,0.1,33654,
11507,385792,-3.1,0.0,4.35,1,0.0,0.0,0.1,33654,
11508,385792,7.0,1.0,30.77,12,0.0833,0.3333,0.1,33654,
11509,385856,-1.7,0.0,11.11,1,0.0,0.0,0.1,33662,
11510,385920,-1.2,0.0,25.0,1,0.0,0.0,0.1,33675,
11511,385920,-5.4,0.0,16.33,8,0.0,0.125,0.1,33675,
11512,385984,-5.7,0.0,13.73,7,0.0,0.0,0.1,33685,
11513,385984,-1.4,0.0,16.67,1,0.0,0.0,0.1,33685,
11514,386048,9.9,1.0,37.5,6,0.0,0.1667,0.1,33696,
11515,386048,-5.4,0.0,7.84,4,0.0,0.5,0.1,33696,
11516,386048,-2.7,0.0,25.0,4,0.0,0.25,0.1,33696,
11517,386048,-6.3,0.0,25.49,13,0.1538,0.2308,0.1,33696,
11518,386112,-1.6,0.0,28.57,2,0.0,0.0,0.1,33707,
11519,386112,10.2,1.0,0.0,0,,,0.1,33707,
11520,386112,-1.5,0.0,14.29,1,0.0,0.0,0.1,33707,
11521,386112,9.6,1.0,13.64,3,0.0,0.0,0.1,33707,
11522,386112,-1.4,0.0,16.67,1,0.0,0.0,0.1,33707,
11523,386112,-1.5,0.0,5.88,1,0.0,0.0,0.1,33707,
11524,386176,-2.3,0.0,14.29,2,0.0,0.5,0.1,33717,
11525,386176,-1.5,0.0,14.29,1,0.0,0.0,0.1,33717,
11526,386240,-5.0,0.0,0.0,0,,,0.1,33729,
11527,386240,-2.6,0.0,11.76,2,0.0,0.0,0.1,33729,
11528,386240,-1.5,0.0,38.46,5,0.0,0.2,0.1,33729,
11529,386432,-1.7,0.0,5.26,1,0.0,0.0,0.1,33755,
11530,386432,-2.9,0.0,4.76,1,0.0,0.0,0.1,33755,
11531,386560,-5.0,0.0,2.38,1,0.0,0.0,0.1,33778,
11532,386560,-3.4,0.0,3.85,1,0.0,0.0,0.1,33778,
11533,386560,-0.4,0.0,16.67,1,0.0,0.0,0.1,33778,
11534,386560,-0.4,0.0,16.67,1,0.0,0.0,0.1,33778,
11535,386624,-6.6,0.0,31.37,16,0.0625,0.25,0.1,33788,
11536,386624,-3.3,0.0,18.18,4,0.0,0.0,0.1,33788,
11537,386624,-5.6,0.0,6.52,3,0.0,0.3333,0.1,33788,
11538,386688,-2.4,0.0,13.33,2,0.0,0.5,0.1,33797,
11539,386688,11.0,1.0,10.0,1,0.0,0.0,0.1,33797,
11540,386688,-3.6,0.0,16.0,4,0.25,0.0,0.1,33797,
11541,386688,-1.3,0.0,14.29,2,0.0,0.0,0.1,33797,
11542,386688,-3.0,0.0,17.86,5,0.2,0.0,0.1,33797,
11543,386688,-5.7,0.0,13.73,7,0.1429,0.2857,0.1,33797,
11544,386752,-3.1,0.0,41.67,10,0.4,0.0,0.1,33806,
11545,386752,-5.2,0.0,3.92,2,0.0,0.0,0.1,33806,
11546,386752,-3.5,0.0,12.0,3,0.0,0.0,0.1,33806,
11547,386752,-1.9,0.0,9.09,1,0.0,0.0,0.1,33806,
11548,386816,-4.4,0.0,8.82,3,0.0,0.0,0.1,33820,
11549,386816,-4.1,0.0,25.71,9,0.0,0.2222,0.1,33820,
11550,386816,-1.2,0.0,25.0,1,0.0,0.0,0.1,33820,
11551,386816,-4.0,0.0,19.44,7,0.0,0.1429,0.1,33820,
11552,386816,-2.0,0.0,8.33,1,0.0,0.0,0.1,33820,
11553,386880,-2.5,0.0,5.88,1,0.0,0.0,0.1,33827,
11554,386880,-2.7,0.0,5.26,1,0.0,0.0,0.1,33827,
11555,386880,-0.9,0.0,20.0,2,0.0,0.0,0.1,33827,
11556,386944,-4.1,0.0,13.33,4,0.0,0.25,0.1,33835,
11557,386944,-5.4,0.0,27.45,14,0.0714,0.1429,0.1,33835,
11558,387008,-2.0,0.0,9.52,2,0.0,0.0,0.1,33846,
11559,387008,9.9,1.0,29.41,5,0.4,0.6,0.1,33846,
11560,387008,-1.3,0.0,20.0,1,0.0,0.0,0.1,33846,
11561,387072,-1.2,0.0,25.0,1,0.0,0.0,0.1,33852,
11562,387072,-1.7,0.0,11.11,2,0.0,0.5,0.1,33852,
11563,387136,-6.6,0.0,31.37,16,0.0,0.25,0.1,33860,
11564,387136,-2.4,0.0,6.25,1,0.0,0.0,0.1,33860,
11565,387200,-2.9,0.0,14.29,4,0.0,0.0,0.1,33873,
11566,387200,-4.6,0.0,5.41,2,0.0,0.0,0.1,33873,
11567,387200,-2.5,0.0,3.7,1,0.0,0.0,0.1,33873,
11568,387200,-1.2,0.0,25.0,1,0.0,0.0,0.1,33873,
11569,387264,-5.8,0.0,13.33,6,0.0,0.3333,0.1,33885,
11570,387264,-4.3,0.0,5.88,3,0.0,0.3333,0.1,33885,
11571,387328,-4.1,0.0,9.68,3,0.0,0.0,0.1,33893,
11572,387392,-4.6,0.0,8.33,3,0.0,0.0,0.1,33915,
11573,387392,-2.0,0.0,8.33,1,0.0,0.0,0.1,33915,
11574,387392,-0.7,0.0,11.11,1,0.0,0.0,0.1,33915,
11575,387392,-1.7,0.0,11.11,1,0.0,0.0,0.1,33915,
11576,387456,-2.0,0.0,18.18,2,0.0,0.0,0.1,33926,
11577,387456,9.6,1.0,19.05,4,0.25,0.75,0.1,33926,
11578,387456,-5.4,0.0,27.45,14,0.2143,0.2857,0.1,33926,
11579,387456,-3.3,0.0,23.81,5,0.2,0.6,0.1,33926,
11580,387584,11.5,1.0,0.0,0,,,0.1,33937,
11581,387584,-1.9,0.0,33.33,3,0.0,0.0,0.1,33937,
11582,387584,-1.0,0.0,8.33,1,0.0,0.0,0.1,33937,
11583,387648,-0.4,0.0,16.67,1,0.0,0.0,0.1,33947,
11584,387648,-4.4,0.0,8.82,3,0.0,0.0,0.1,33947,
11585,387648,-2.4,0.0,22.73,5,0.2,0.4,0.1,33947,
11586,387648,-1.9,0.0,15.79,3,0.3333,0.0,0.1,33947,
11587,387712,-2.9,0.0,10.34,3,0.0,0.0,0.1,33953,
11588,387712,11.5,1.0,20.0,1,1.0,1.0,0.1,33953,
11589,387776,-2.8,0.0,16.67,3,0.0,0.3333,0.1,33968,
11590,387776,10.4,1.0,21.43,3,0.0,0.0,0.1,33968,
11591,387776,-2.2,0.0,7.14,1,0.0,0.0,0.1,33968,
11592,387776,9.9,1.0,22.22,4,0.25,0.5,0.1,33968,
11593,387776,-0.6,0.0,12.5,1,0.0,0.0,0.1,33968,
11594,387840,-1.9,0.0,9.09,1,0.0,0.0,0.1,33976,
11595,387840,-3.1,0.0,17.24,5,0.2,0.0,0.1,33976,
11596,387904,-4.6,0.0,11.76,6,0.1667,0.5,0.1,33983,
11597,387904,-2.5,0.0,5.88,1,0.0,0.0,0.1,33983,
11598,387968,-5.1,0.0,21.57,11,0.0,0.2727,0.1,33993,
11599,387968,9.5,1.0,18.18,4,0.25,0.5,0.1,33993,
11600,388032,-3.2,0.0,19.05,4,0.0,0.25,0.1,34002,
11601,388032,-2.1,0.0,7.69,1,0.0,0.0,0.1,34002,
11602,388096,-2.1,0.0,16.67,2,0.0,0.0,0.1,34012,
11603,388096,-5.3,0.0,25.49,13,0.2308,0.1538,0.1,34012,
11604,388160,-1.4,0.0,13.33,2,0.5,0.5,0.1,34018,
11605,388224,-5.8,0.0,15.91,7,0.0,0.5714,0.1,34024,
11606,388224,-5.8,0.0,35.29,18,0.2222,0.3333,0.1,34024,
11607,388224,-1.5,0.0,14.29,1,0.0,0.0,0.1,34024,
11608,388288,-3.9,0.0,28.0,7,0.0,0.1429,0.1,34032,
11609,388288,-5.4,0.0,27.45,14,0.1429,0.2143,0.1,34032,
11610,388288,-2.6,0.0,5.56,1,0.0,0.0,0.1,34032,
11611,388288,10.7,1.0,40.0,4,0.0,0.5,0.1,34032,
11612,388288,-5.5,0.0,6.67,3,0.0,0.6667,0.1,34032,
11613,388352,-3.5,0.0,12.0,3,0.0,0.3333,0.1,34040,
11614,388352,-2.3,0.0,6.67,1,0.0,0.0,0.1,34040,
11615,388352,-5.2,0.0,12.24,6,0.1667,0.3333,0.1,34040,
11616,388352,10.7,1.0,27.27,3,0.3333,0.3333,0.1,34040,
11617,388416,-3.5,0.0,7.69,2,0.0,0.5,0.1,34048,
11618,388480,-2.4,0.0,6.25,1,0.0,0.0,0.1,34055,
11619,388480,-2.4,0.0,22.73,5,0.0,0.6,0.1,34055,
11620,388544,-2.2,0.0,25.0,3,0.3333,0.0,0.1,34063,
11621,388544,-2.2,0.0,7.14,1,0.0,0.0,0.1,34063,
11622,388544,-4.0,0.0,6.45,2,0.0,0.0,0.1,34063,
11623,388608,-6.6,0.0,31.37,16,0.0,0.25,0.1,34071,
11624,388608,-2.1,0.0,7.69,1,0.0,0.0,0.1,34071,
11625,388608,-2.5,0.0,12.5,2,0.0,0.0,0.1,34071,
11626,388608,9.4,1.0,8.0,2,0.0,0.5,0.1,34071,
11627,388608,-2.6,0.0,18.75,3,0.0,0.3333,0.1,34071,
11628,388672,-1.8,0.0,10.0,1,0.0,0.0,0.1,34077,
11629,388736,-1.8,0.0,10.0,1,0.0,0.0,0.1,34087,
11630,388736,6.8,1.0,23.26,10,0.0,0.4,0.1,34087,
11631,388800,-2.4,0.0,13.33,2,0.0,0.0,0.1,34094,
11632,388864,-2.0,0.0,8.33,1,0.0,0.0,0.1,34101,
11633,388864,10.0,1.0,10.53,2,0.0,0.0,0.1,34101,
11634,388864,-2.4,0.0,6.25,1,0.0,0.0,0.1,34101,
11635,388864,-2.6,0.0,5.56,1,0.0,0.0,0.1,34101,
11636,388928,11.2,1.0,28.57,2,0.5,0.5,0.1,34107,
11637,388928,-3.2,0.0,4.17,1,0.0,0.0,0.1,34107,
11638,388928,-5.0,0.0,0.0,0,,,0.1,34107,
11639,388992,-2.2,0.0,15.38,2,0.0,0.5,0.1,34116,
11640,388992,-2.1,0.0,27.27,3,0.0,0.3333,0.1,34116,
11641,388992,-2.8,0.0,10.53,2,0.0,0.0,0.1,34116,
11642,388992,-2.1,0.0,27.27,3,0.0,0.3333,0.1,34116,
11643,388992,-1.8,0.0,10.0,1,0.0,0.0,0.1,34116,
11644,389056,-2.0,0.0,8.33,1,0.0,0.0,0.1,34127,
11645,389056,-5.5,0.0,29.41,15,0.0,0.2,0.1,34127,
11646,389056,-2.8,0.0,6.9,2,0.0,0.0,0.1,34127,
11647,389120,-3.6,0.0,7.41,2,0.0,0.5,0.1,34138,
11648,389120,-4.8,0.0,7.89,3,0.0,0.0,0.1,34138,
11649,389120,-5.2,0.0,21.62,8,0.125,0.125,0.1,34138,
11650,389120,-1.7,0.0,11.11,1,0.0,0.0,0.1,34138,
11651,389184,-1.9,0.0,9.09,1,0.0,0.0,0.1,34148,
11652,389184,-3.3,0.0,18.18,4,0.0,0.0,0.1,34148,
11653,389184,10.1,1.0,5.26,1,0.0,0.0,0.1,34148,
11654,389184,-3.2,0.0,8.7,2,0.0,0.5,0.1,34148,
11655,389184,-5.5,0.0,4.35,2,0.5,0.0,0.1,34148,
11656,389184,11.1,1.0,11.11,1,0.0,0.0,0.1,34148,
11657,389184,11.5,1.0,20.0,1,0.0,1.0,0.1,34148,
11658,389184,-2.1,0.0,7.69,1,0.0,0.0,0.1,34148,
11659,389248,-1.2,0.0,25.0,1,0.0,0.0,0.1,34157,
11660,389248,-1.9,0.0,9.09,1,0.0,0.0,0.1,34157,
11661,389248,-1.5,0.0,20.0,3,0.0,0.3333,0.1,34157,
11662,389248,-1.3,0.0,20.0,1,0.0,0.0,0.1,34157,
11663,389312,-5.1,0.0,18.92,7,0.1429,0.2857,0.1,34167,
11664,389312,-4.3,0.0,2.86,1,0.0,0.0,0.1,34167,
11665,389312,-1.6,0.0,11.76,2,0.0,0.0,0.1,34167,
11666,389312,-0.9,0.0,50.0,4,0.0,0.0,0.1,34167,
11667,389312,-3.7,0.0,3.45,1,0.0,0.0,0.1,34167,
11668,389312,-2.5,0.0,3.7,1,0.0,0.0,0.1,34167,
11669,389312,-6.1,0.0,21.57,11,0.0,0.2727,0.1,34167,
11670,389376,-5.5,0.0,9.8,5,0.0,0.0,0.1,34172,
11671,389376,-5.2,0.0,23.53,12,0.0833,0.0833,0.1,34172,
11672,389376,-2.1,0.0,41.18,7,0.0,0.2857,0.1,34172,
11673,389376,-5.0,0.0,0.0,0,,,0.1,34172,
11674,389440,-1.3,0.0,20.0,1,0.0,0.0,0.1,34179,
11675,389504,-1.3,0.0,20.0,1,0.0,0.0,0.1,34192,
11676,389504,-3.2,0.0,8.7,2,0.5,0.5,0.1,34192,
11677,389568,-3.0,0.0,9.52,2,0.0,0.0,0.1,34202,
11678,389568,10.1,1.0,5.26,1,0.0,0.0,0.1,34202,
11679,389568,-1.0,0.0,18.18,2,0.5,0.0,0.1,34202,
11680,389632,-0.6,0.0,12.5,1,0.0,0.0,0.1,34212,
11681,389632,-2.6,0.0,11.76,2,0.0,0.0,0.1,34212,
11682,389632,-2.3,0.0,14.29,2,0.0,0.0,0.1,34212,
11683,389632,-1.7,0.0,11.11,1,0.0,0.0,0.1,34212,
11684,389632,-1.9,0.0,9.09,1,0.0,0.0,0.1,34212,
11685,389696,-3.0,0.0,22.22,6,0.1667,0.3333,0.1,34215,
11686,389696,-5.4,0.0,27.45,14,0.0714,0.0714,0.1,34215,
11687,389760,-4.8,0.0,13.89,5,0.0,0.4,0.1,34222,
11688,389760,-1.6,0.0,12.5,1,0.0,0.0,0.1,34222,
11689,389824,-5.5,0.0,18.37,9,0.2222,0.2222,0.1,34229,
11690,389824,-4.3,0.0,5.88,3,0.3333,0.3333,0.1,34229,
11691,389824,-1.7,0.0,11.11,1,0.0,0.0,0.1,34229,
11692,389888,-2.4,0.0,6.25,1,0.0,0.0,0.1,34236,
11693,389888,-2.0,0.0,18.18,2,0.0,0.0,0.1,34236,
11694,389888,-1.7,0.0,11.11,1,0.0,0.0,0.1,34236,
11695,389952,-1.5,0.0,14.29,1,0.0,0.0,0.1,34247,
11696,389952,-5.4,0.0,7.84,4,0.25,0.0,0.1,34247,
11697,389952,-2.0,0.0,8.33,1,0.0,0.0,0.1,34247,
11698,389952,-2.1,0.0,16.67,2,0.0,0.5,0.1,34247,
11699,389952,-1.8,0.0,10.0,1,0.0,0.0,0.1,34247,
11700,390016,-3.2,0.0,13.64,3,0.0,0.0,0.1,34256,
11701,390016,-3.0,0.0,4.55,1,0.0,0.0,0.1,34256,
11702,390080,-0.5,0.0,14.29,1,0.0,0.0,0.1,34265,
11703,390144,-5.0,0.0,19.61,10,0.1,0.4,0.1,34271,
11704,390144,-1.0,0.0,18.18,2,0.5,0.5,0.1,34271,
11705,390208,-2.3,0.0,6.67,1,0.0,0.0,0.1,34277,
11706,390208,-1.7,0.0,25.0,2,0.5,0.0,0.1,34277,
11707,390272,-2.2,0.0,7.14,1,0.0,0.0,0.1,34288,
11708,390272,-5.0,0.0,19.61,10,0.0,0.3,0.1,34288,
11709,390272,-0.6,0.0,12.5,1,0.0,0.0,0.1,34288,
11710,390272,-1.9,0.0,9.09,1,0.0,0.0,0.1,34288,
11711,390272,-1.4,0.0,13.33,2,0.0,0.0,0.1,34288,
11712,390336,-3.5,0.0,3.7,1,0.0,0.0,0.1,34299,
11713,390400,7.0,1.0,10.87,5,0.2,0.6,0.1,34305,
11714,390400,9.9,1.0,0.0,0,,,0.1,34305,
11715,390400,-3.5,0.0,7.69,2,0.0,0.5,0.1,34305,
11716,390464,-1.8,0.0,37.5,3,0.0,0.0,0.1,34319,
11717,390464,-2.1,0.0,7.69,1,0.0,0.0,0.1,34319,
11718,390464,-2.9,0.0,14.29,4,0.0,0.0,0.1,34319,
11719,390528,-2.2,0.0,4.17,1,0.0,0.0,0.1,34328,
11720,390528,-2.3,0.0,14.29,2,0.0,0.0,0.1,34328,
11721,390528,-1.6,0.0,35.71,5,0.2,0.0,0.1,34328,
11722,390528,-2.3,0.0,6.67,1,0.0,0.0,0.1,34328,
11723,390528,-1.7,0.0,11.11,1,0.0,0.0,0.1,34328,
11724,390592,-2.3,0.0,18.18,4,0.25,0.25,0.1,34334,
11725,390592,-4.6,0.0,11.43,4,0.0,0.0,0.1,34334,
11726,390592,-0.7,0.0,11.11,1,0.0,0.0,0.1,34334,
11727,390656,-1.5,0.0,33.33,2,0.5,0.0,0.1,34341,
11728,390720,-6.1,0.0,22.73,10,0.3,0.2,0.1,34353,
11729,390720,-1.4,0.0,40.0,2,0.5,0.5,0.1,34353,
11730,390720,-3.1,0.0,17.24,5,0.2,0.0,0.1,34353,
11731,390784,-3.3,0.0,13.04,3,0.0,0.0,0.1,34358,
11732,390784,-1.8,0.0,10.0,1,0.0,0.0,0.1,34358,
11733,390848,-1.3,0.0,20.0,1,0.0,0.0,0.1,34368,
11734,390848,-1.9,0.0,9.09,1,0.0,0.0,0.1,34368,
11735,390912,-3.7,0.0,7.14,2,0.0,0.0,0.1,34374,
11736,390976,-4.5,0.0,18.75,6,0.0,0.1667,0.1,34387,
11737,390976,-1.6,0.0,12.5,1,0.0,0.0,0.1,34387,
11738,390976,-1.5,0.0,14.29,1,0.0,0.0,0.1,34387,
11739,390976,-2.9,0.0,22.22,4,0.25,0.0,0.1,34387,
11740,391040,-3.3,0.0,18.18,4,0.25,0.5,0.1,34395,
11741,391040,-3.0,0.0,15.0,3,0.0,0.0,0.1,34395,
11742,391040,-4.3,0.0,16.13,5,0.0,0.2,0.1,34395,
11743,391040,-2.0,0.0,8.33,1,0.0,0.0,0.1,34395,
11744,391104,-4.0,0.0,10.0,3,0.0,0.0,0.1,34404,
11745,391104,-3.5,0.0,27.27,6,0.0,0.1667,0.1,34404,
11746,391168,-2.5,0.0,5.88,1,0.0,0.0,0.1,34410,
11747,391168,-3.0,0.0,17.86,5,0.0,0.0,0.1,34410,
11748,391168,-4.6,0.0,11.76,6,0.3333,0.5,0.1,34410,
11749,391232,-1.8,0.0,10.0,1,0.0,0.0,0.1,34421,
11750,391232,-2.1,0.0,7.69,1,0.0,0.0,0.1,34421,
11751,391232,-4.3,0.0,12.5,4,0.0,0.5,0.1,34421,
11752,391296,-2.0,0.0,8.33,1,0.0,0.0,0.1,34427,
11753,391360,-2.3,0.0,14.29,2,0.0,0.5,0.1,34432,
11754,391424,-3.5,0.0,15.15,5,0.0,0.0,0.1,34441,
11755,391424,-6.4,0.0,14.0,7,0.0,0.2857,0.1,34441,
11756,391424,-1.5,0.0,14.29,1,0.0,0.0,0.1,34441,
11757,391424,-1.7,0.0,11.11,1,0.0,0.0,0.1,34441,
11758,391424,-2.4,0.0,6.25,1,0.0,0.0,0.1,34441,
11759,391424,-4.4,0.0,5.71,2,0.0,0.0,0.1,34441,
11760,391552,-5.6,0.0,6.52,3,0.0,0.3333,0.1,34461,
11761,391616,-3.0,0.0,9.52,2,0.0,0.0,0.1,34476,
11762,391616,-1.6,0.0,12.5,1,0.0,0.0,0.1,34476,
11763,391616,-5.1,0.0,12.82,5,0.2,0.0,0.1,34476,
11764,391616,6.0,1.0,22.0,11,0.0,0.1818,0.1,34476,
11765,391616,-1.8,0.0,10.0,1,0.0,0.0,0.1,34476,
11766,391616,-2.5,0.0,5.88,1,0.0,0.0,0.1,34476,
11767,391616,8.7,1.0,21.43,6,0.3333,0.1667,0.1,34476,
11768,391616,-3.6,0.0,11.43,4,0.0,0.5,0.1,34476,
11769,391616,11.1,1.0,11.11,1,0.0,1.0,0.1,34476,
11770,391680,-2.2,0.0,15.38,2,0.5,0.0,0.1,34482,
11771,391744,-2.0,0.0,18.18,2,0.0,0.0,0.1,34493,
11772,391744,-2.1,0.0,7.69,1,0.0,0.0,0.1,34493,
11773,391936,10.0,1.0,10.53,2,0.5,1.0,0.1,34514,
11774,391936,-4.2,0.0,9.38,3,0.0,0.0,0.1,34514,
11775,392000,-3.5,0.0,18.75,6,0.1667,0.0,0.1,34525,
11776,392000,-3.0,0.0,3.12,1,0.0,0.0,0.1,34525,
11777,392064,-5.2,0.0,4.65,2,0.0,0.0,0.1,34532,
11778,392064,-3.7,0.0,25.0,6,0.0,0.1667,0.1,34532,
11779,392128,11.3,1.0,0.0,0,,,0.1,34546,
11780,392128,-2.1,0.0,9.09,2,0.5,0.0,0.1,34546,
11781,392128,-2.3,0.0,6.67,1,0.0,0.0,0.1,34546,
11782,392128,-3.1,0.0,3.03,1,0.0,0.0,0.1,34546,
11783,392128,-1.4,0.0,21.43,3,0.0,0.0,0.1,34546,
11784,392128,-3.0,0.0,10.0,3,0.3333,0.3333,0.1,34546,
11785,392192,-1.8,0.0,22.22,2,0.0,0.0,0.1,34555,
11786,392192,-2.5,0.0,5.88,1,0.0,0.0,0.1,34555,
11787,392192,-3.2,0.0,13.64,3,0.3333,0.0,0.1,34555,
11788,392192,11.1,1.0,11.11,1,0.0,1.0,0.1,34555,
11789,392256,-2.5,0.0,28.57,4,0.0,0.25,0.1,34571,
11790,392256,-5.2,0.0,7.14,3,0.0,0.0,0.1,34571,
11791,392256,-1.3,0.0,20.0,1,0.0,0.0,0.1,34571,
11792,392256,-1.8,0.0,10.0,1,0.0,0.0,0.1,34571,
11793,392256,-5.1,0.0,1.96,1,0.0,0.0,0.1,34571,
11794,392256,-4.9,0.0,10.53,4,0.0,0.25,0.1,34571,
11795,392256,-4.7,0.0,29.03,9,0.0,0.2222,0.1,34571,
11796,392256,-3.8,0.0,19.23,5,0.2,0.2,0.1,34571,
11797,392256,-5.2,0.0,3.92,2,0.5,0.5,0.1,34571,
11798,392320,-6.0,0.0,12.77,6,0.1667,0.3333,0.1,34581,
11799,392320,-2.8,0.0,5.0,1,0.0,0.0,0.1,34581,
11800,392320,-3.8,0.0,14.81,4,0.0,0.0,0.1,34581,
11801,392320,-2.5,0.0,5.88,1,0.0,0.0,0.1,34581,
11802,392320,-0.7,0.0,11.11,1,0.0,0.0,0.1,34581,
11803,392320,-2.2,0.0,7.14,1,0.0,0.0,0.1,34581,
11804,392320,-4.0,0.0,3.12,1,0.0,0.0,0.1,34581,
11805,392320,-5.4,0.0,27.45,14,0.0714,0.2143,0.1,34581,
11806,392448,-3.9,0.0,20.0,7,0.1429,0.5714,0.1,34587,
11807,392448,11.0,1.0,0.0,0,,,0.1,34587,
11808,392512,11.3,1.0,0.0,0,,,0.1,34598,
11809,392512,-4.6,0.0,11.76,6,0.0,0.3333,0.1,34598,
11810,392512,10.3,1.0,20.0,3,0.3333,0.6667,0.1,34598,
11811,392512,-2.1,0.0,7.69,1,0.0,0.0,0.1,34598,
11812,392576,-2.3,0.0,18.18,4,0.25,0.25,0.1,34605,
11813,392576,-2.6,0.0,5.56,1,0.0,0.0,0.1,34605,
11814,392576,-1.4,0.0,16.67,1,0.0,0.0,0.1,34605,
11815,392640,-2.8,0.0,24.0,6,0.0,0.0,0.1,34614,
11816,392640,-1.3,0.0,20.0,1,0.0,0.0,0.1,34614,
11817,392640,-4.3,0.0,6.98,3,0.0,0.3333,0.1,34614,
11818,392640,-5.6,0.0,11.76,6,0.1667,0.1667,0.1,34614,
11819,392704,-0.7,0.0,11.11,1,0.0,0.0,0.1,34620,
11820,392704,-1.5,0.0,14.29,1,0.0,0.0,0.1,34620,
11821,392704,-1.6,0.0,28.57,2,0.5,0.5,0.1,34620,
11822,392768,-1.5,0.0,14.29,1,0.0,0.0,0.1,34630,
11823,392768,-5.9,0.0,37.25,19,0.1053,0.0526,0.1,34630,
11824,392768,11.8,1.0,0.0,0,,,0.1,34630,
11825,392768,-1.7,0.0,25.0,2,0.5,0.5,0.1,34630,
11826,392832,-1.9,0.0,9.09,1,0.0,0.0,0.1,34636,
11827,392832,11.1,1.0,11.11,1,0.0,1.0,0.1,34636,
11828,392832,-2.3,0.0,14.29,2,0.0,0.0,0.1,34636,
11829,392896,11.4,1.0,16.67,1,0.0,1.0,0.1,34646,
11830,392896,-2.0,0.0,30.0,3,0.6667,0.0,0.1,34646,
11831,392896,-3.5,0.0,7.69,2,0.0,0.5,0.1,34646,
11832,392960,-1.2,0.0,25.0,1,0.0,0.0,0.1,34654,
11833,392960,-1.3,0.0,20.0,1,0.0,0.0,0.1,34654,
11834,393024,-0.4,0.0,16.67,1,0.0,0.0,0.1,34667,
11835,393024,-1.9,0.0,9.09,1,0.0,0.0,0.1,34667,
11836,393024,-4.6,0.0,16.67,7,0.1429,0.2857,0.1,34667,
11837,393024,-3.4,0.0,8.0,2,0.5,0.0,0.1,34667,
11838,393024,-6.0,0.0,10.42,5,0.0,0.2,0.1,34667,
11839,393088,-2.4,0.0,13.33,2,0.0,0.0,0.1,34673,
11840,393088,-1.8,0.0,10.0,1,0.0,0.0,0.1,34673,
11841,393152,-0.7,0.0,11.11,1,0.0,0.0,0.1,34683,
11842,393152,-5.6,0.0,11.76,6,0.0,0.3333,0.1,34683,
11843,393216,-2.5,0.0,5.88,1,0.0,0.0,0.1,34694,
11844,393216,-1.4,0.0,21.43,3,0.0,0.0,0.1,34694,
11845,393280,-2.3,0.0,6.67,1,0.0,0.0,0.1,34703,
11846,393344,-3.5,0.0,26.67,8,0.0,0.625,0.1,34713,
11847,393344,-2.2,0.0,25.0,3,0.3333,0.0,0.1,34713,
11848,393408,-3.8,0.0,10.71,3,0.3333,0.6667,0.1,34722,
11849,393408,-2.2,0.0,25.0,3,0.0,0.6667,0.1,34722,
11850,393408,-3.0,0.0,9.52,2,0.0,0.0,0.1,34722,
11851,393408,-3.3,0.0,23.81,5,0.0,0.4,0.1,34722,
11852,393472,-1.5,0.0,14.29,1,0.0,0.0,0.1,34735,
11853,393472,-1.7,0.0,25.0,2,0.0,0.0,0.1,34735,
11854,393472,-4.6,0.0,16.67,7,0.1429,0.1429,0.1,34735,
11855,393472,-3.0,0.0,9.52,2,0.0,0.0,0.1,34735,
11856,393536,-6.3,0.0,16.67,8,0.0,0.5,0.1,34747,
11857,393536,-0.6,0.0,12.5,1,0.0,0.0,0.1,34747,
11858,393536,-3.0,0.0,9.52,2,0.0,0.0,0.1,34747,
11859,393600,-1.3,0.0,23.08,3,0.0,0.3333,0.1,34751,
11860,393600,-4.3,0.0,16.13,5,0.0,0.4,0.1,34751,
11861,393600,-2.5,0.0,5.88,1,0.0,0.0,0.1,34751,
11862,393664,-2.1,0.0,16.67,2,0.0,0.0,0.1,34756,
11863,393856,-5.0,0.0,2.38,1,0.0,0.0,0.1,34780,
11864,393920,-4.8,0.0,5.13,2,0.0,0.0,0.1,34792,
11865,393920,-5.2,0.0,3.92,2,0.5,0.0,0.1,34792,
11866,393984,-1.8,0.0,10.0,1,0.0,0.0,0.1,34799,
11867,393984,-5.0,0.0,19.61,10,0.1,0.3,0.1,34799,
11868,394048,-1.7,0.0,25.0,4,0.25,0.5,0.1,34810,
11869,394048,-1.9,0.0,20.0,2,0.5,0.0,0.1,34810,
11870,394048,-2.8,0.0,10.71,3,0.3333,0.0,0.1,34810,
11871,394048,-1.6,0.0,12.5,1,0.0,0.0,0.1,34810,
11872,394112,-2.7,0.0,11.11,2,0.0,0.5,0.1,34816,
11873,394112,-2.4,0.0,13.33,2,0.0,0.0,0.1,34816,
11874,394176,-3.9,0.0,6.67,2,0.0,0.5,0.1,34826,
11875,394240,-3.8,0.0,24.0,6,0.1667,0.3333,0.1,34838,
11876,394240,-3.7,0.0,29.03,9,0.3333,0.3333,0.1,34838,
11877,394240,-4.1,0.0,1.96,1,0.0,0.0,0.1,34838,
11878,394240,9.7,1.0,26.32,5,0.0,0.2,0.1,34838,
11879,394240,-5.0,0.0,19.61,10,0.1,0.2,0.1,34838,
11880,394304,11.7,1.0,0.0,0,,,0.1,34849,
11881,394304,-2.1,0.0,7.69,1,0.0,0.0,0.1,34849,
11882,394368,-3.5,0.0,7.69,2,0.0,0.5,0.1,34860,
11883,394368,-2.3,0.0,6.67,1,0.0,0.0,0.1,34860,
11884,394368,-1.3,0.0,20.0,1,0.0,0.0,0.1,34860,
11885,394432,8.9,1.0,23.08,6,0.3333,0.3333,0.1,34867,
11886,394496,-1.9,0.0,20.0,2,0.0,0.0,0.1,34881,
11887,394496,-2.3,0.0,6.67,1,0.0,0.0,0.1,34881,
11888,394496,-5.7,0.0,11.11,5,0.0,0.0,0.1,34881,
11889,394560,-5.1,0.0,21.57,11,0.0,0.0909,0.1,34895,
11890,394560,-1.6,0.0,18.75,3,0.0,0.0,0.1,34895,
11891,394560,-3.5,0.0,3.7,1,0.0,0.0,0.1,34895,
11892,394560,-1.6,0.0,26.67,4,0.0,0.0,0.1,34895,
11893,394624,-2.0,0.0,18.18,2,0.0,0.0,0.1,34906,
11894,394624,-2.6,0.0,5.56,1,0.0,0.0,0.1,34906,
11895,394624,-0.7,0.0,11.11,1,0.0,0.0,0.1,34906,
11896,394624,-1.8,0.0,10.0,1,0.0,0.0,0.1,34906,
11897,394688,-2.3,0.0,18.18,4,0.0,0.0,0.1,34913,
11898,394688,-2.4,0.0,28.57,6,0.1667,0.1667,0.1,34913,
11899,394688,-6.5,0.0,29.41,15,0.0667,0.1333,0.1,34913,
11900,394752,-3.8,0.0,3.33,1,0.0,0.0,0.1,34920,
11901,394752,-1.6,0.0,12.5,1,0.0,0.0,0.1,34920,
11902,394880,-3.1,0.0,25.93,7,0.1429,0.2857,0.1,34945,
11903,394880,-4.4,0.0,7.84,4,0.0,0.25,0.1,34945,
11904,394880,-2.1,0.0,7.69,1,0.0,0.0,0.1,34945,
11905,394880,-5.3,0.0,5.88,3,0.0,0.6667,0.1,34945,
11906,394880,-5.6,0.0,19.51,8,0.25,0.375,0.1,34945,
11907,394880,-1.8,0.0,10.0,1,0.0,0.0,0.1,34945,
11908,394880,-3.0,0.0,15.0,3,0.0,0.3333,0.1,34945,
11909,394944,-1.9,0.0,9.09,1,0.0,0.0,0.1,34962,
11910,394944,-1.3,0.0,20.0,1,0.0,0.0,0.1,34962,
11911,394944,-1.9,0.0,20.0,2,0.0,0.0,0.1,34962,
11912,395008,-2.6,0.0,3.57,1,0.0,0.0,0.1,34973,
11913,395008,-4.4,0.0,20.51,8,0.125,0.375,0.1,34973,
11914,395072,-4.2,0.0,2.94,1,0.0,0.0,0.1,34978,
11915,395136,-5.4,0.0,29.55,13,0.2308,0.1538,0.1,34988,
11916,395136,-2.0,0.0,8.33,1,0.0,0.0,0.1,34988,
11917,395136,-1.6,0.0,12.5,1,0.0,0.0,0.1,34988,
11918,395136,-4.3,0.0,12.5,4,0.25,0.25,0.1,34988,
11919,395264,-5.4,0.0,7.84,4,0.0,0.5,0.1,35006,
11920,395328,10.8,1.0,8.33,1,0.0,0.0,0.1,35018,
11921,395328,-6.0,0.0,6.0,3,0.0,0.0,0.1,35018,
11922,395392,-1.5,0.0,14.29,1,0.0,0.0,0.1,35026,
11923,395392,-2.1,0.0,7.69,1,0.0,0.0,0.1,35026,
11924,395456,-5.6,0.0,11.76,6,0.1667,0.0,0.1,35037,
11925,395456,-6.5,0.0,29.41,15,0.1333,0.2667,0.1,35037,
11926,395456,-2.8,0.0,5.0,1,0.0,0.0,0.1,35037,
11927,395456,-1.8,0.0,22.22,2,0.0,0.5,0.1,35037,
11928,395456,-1.8,0.0,22.22,2,0.0,0.0,0.1,35037,
11929,395520,9.7,1.0,26.32,5,0.0,0.4,0.1,35047,
11930,395520,-3.5,0.0,16.67,4,0.25,0.0,0.1,35047,
11931,395584,-1.3,0.0,20.0,1,0.0,0.0,0.1,35057,
11932,395584,-5.4,0.0,27.45,14,0.0714,0.2857,0.1,35057,
11933,395584,8.9,1.0,39.13,9,0.1111,0.2222,0.1,35057,
11934,395584,-5.2,0.0,3.92,2,0.0,0.0,0.1,35057,
11935,395648,-3.6,0.0,14.71,5,0.2,0.2,0.1,35065,
11936,395648,-1.0,0.0,8.33,1,0.0,0.0,0.1,35065,
11937,395712,-2.3,0.0,4.0,1,0.0,0.0,0.1,35076,
11938,395712,-4.8,0.0,15.69,8,0.0,0.5,0.1,35076,
11939,395712,-2.1,0.0,7.69,1,0.0,0.0,0.1,35076,
11940,395712,-1.2,0.0,25.0,1,0.0,0.0,0.1,35076,
11941,395712,-3.1,0.0,14.29,3,0.0,0.3333,0.1,35076,
11942,395712,11.7,1.0,0.0,0,,,0.1,35076,
11943,395712,-2.8,0.0,10.53,2,0.5,0.0,0.1,35076,
11944,395776,-2.2,0.0,25.0,3,0.0,0.3333,0.1,35085,
11945,395776,-6.9,0.0,37.25,19,0.0,0.1579,0.1,35085,
11946,395776,-4.5,0.0,15.15,5,0.0,0.2,0.1,35085,
11947,395840,-3.0,0.0,27.78,5,0.2,0.2,0.1,35095,
11948,395840,-4.0,0.0,10.0,3,0.0,0.0,0.1,35095,
11949,395840,-2.4,0.0,13.33,2,0.0,0.0,0.1,35095,
11950,395840,-3.6,0.0,31.82,7,0.0,0.4286,0.1,35095,
11951,395968,-4.2,0.0,3.92,2,0.5,0.5,0.1,35112,
11952,395968,-2.5,0.0,5.88,1,0.0,0.0,0.1,35112,
11953,395968,-1.4,0.0,40.0,2,0.5,0.0,0.1,35112,
11954,395968,-3.8,0.0,14.81,4,0.0,0.0,0.1,35112,
11955,396032,-5.2,0.0,3.92,2,0.0,0.0,0.1,35121,
11956,396032,-4.9,0.0,17.65,9,0.2222,0.3333,0.1,35121,
11957,396032,9.7,1.0,0.0,0,,,0.1,35121,
11958,396032,-2.3,0.0,14.29,2,0.5,0.5,0.1,35121,
11959,396096,-2.3,0.0,18.18,4,0.0,0.25,0.1,35132,
11960,396096,-2.6,0.0,26.67,4,0.0,0.25,0.1,35132,
11961,396096,-5.8,0.0,35.29,18,0.0556,0.1667,0.1,35132,
11962,396096,-2.5,0.0,21.74,5,0.4,0.2,0.1,35132,
11963,396096,-1.5,0.0,14.29,1,0.0,0.0,0.1,35132,
11964,396096,-5.3,0.0,33.33,14,0.0,0.2143,0.1,35132,
11965,396160,-5.1,0.0,1.96,1,0.0,0.0,0.1,35144,
11966,396160,7.0,1.0,21.43,9,0.2222,0.2222,0.1,35144,
11967,396160,-3.5,0.0,16.67,4,0.0,0.25,0.1,35144,
11968,396160,-1.5,0.0,14.29,1,0.0,0.0,0.1,35144,
11969,396224,-2.2,0.0,15.38,2,0.0,0.0,0.1,35152,
11970,396288,-5.1,0.0,1.96,1,0.0,0.0,0.1,35161,
11971,396288,-1.8,0.0,37.5,3,0.0,0.3333,0.1,35161,
11972,396352,-1.8,0.0,10.0,1,0.0,0.0,0.1,35168,
11973,396352,-5.9,0.0,6.12,3,0.3333,0.3333,0.1,35168,
11974,396352,-5.9,0.0,17.65,9,0.0,0.2222,0.1,35168,
11975,396352,-1.6,0.0,12.5,1,0.0,0.0,0.1,35168,
11976,396416,-2.0,0.0,4.55,1,0.0,0.0,0.1,35183,
11977,396416,-1.5,0.0,14.29,1,0.0,0.0,0.1,35183,
11978,396416,-1.3,0.0,20.0,1,0.0,0.0,0.1,35183,
11979,396416,-3.8,0.0,14.81,4,0.25,0.0,0.1,35183,
11980,396480,-2.9,0.0,4.76,1,0.0,0.0,0.1,35193,
11981,396480,-2.3,0.0,14.29,2,0.0,0.0,0.1,35193,
11982,396480,-2.6,0.0,5.56,1,0.0,0.0,0.1,35193,
11983,396480,-1.8,0.0,10.0,1,0.0,0.0,0.1,35193,
11984,396480,-3.3,0.0,18.18,4,0.0,0.25,0.1,35193,
11985,396608,-2.6,0.0,5.56,1,0.0,0.0,0.1,35209,
11986,396608,-3.5,0.0,7.69,2,0.0,0.0,0.1,35209,
11987,396608,-0.2,0.0,25.0,1,0.0,0.0,0.1,35209,
11988,396608,8.3,1.0,31.03,9,0.0,0.1111,0.1,35209,
11989,396608,-4.3,0.0,12.5,4,0.25,0.25,0.1,35209,
11990,396608,-0.8,0.0,10.0,1,0.0,0.0,0.1,35209,
11991,396672,-2.8,0.0,10.71,3,0.0,0.0,0.1,35217,
11992,396672,11.7,1.0,33.33,1,1.0,1.0,0.1,35217,
11993,396672,-4.2,0.0,3.92,2,0.0,0.0,0.1,35217,
11994,396672,-2.5,0.0,5.88,1,0.0,0.0,0.1,35217,
11995,396736,10.6,1.0,36.36,4,0.25,0.25,0.1,35229,
11996,396736,-2.0,0.0,8.33,1,0.0,0.0,0.1,35229,
11997,396736,-2.0,0.0,18.18,2,0.0,0.5,0.1,35229,
11998,396736,-1.6,0.0,18.75,3,0.0,0.0,0.1,35229,
11999,396736,-1.3,0.0,20.0,1,0.0,0.0,0.1,35229,
12000,396800,-1.7,0.0,25.0,2,0.0,0.0,0.1,35234,
12001,396864,-5.7,0.0,33.33,17,0.0,0.1765,0.1,35238,
12002,396864,-3.0,0.0,9.52,2,0.0,0.0,0.1,35238,
12003,396864,11.8,1.0,0.0,0,,,0.1,35238,
12004,396864,10.6,1.0,36.36,4,0.25,0.5,0.1,35238,
12005,396928,-2.2,0.0,7.14,1,0.0,0.0,0.1,35248,
12006,396928,-1.9,0.0,9.09,1,0.0,0.0,0.1,35248,
12007,396928,8.4,1.0,19.35,6,0.5,0.3333,0.1,35248,
12008,396928,7.7,1.0,10.0,4,0.0,0.5,0.1,35248,
12009,396992,-2.8,0.0,5.0,1,0.0,0.0,0.1,35256,
12010,396992,-2.2,0.0,7.14,1,0.0,0.0,0.1,35256,
12011,396992,-1.7,0.0,5.26,1,0.0,0.0,0.1,35256,
12012,397056,-2.9,0.0,15.79,3,0.0,0.0,0.1,35267,
12013,397120,-1.5,0.0,14.29,1,0.0,0.0,0.1,35281,
12014,397120,-1.9,0.0,9.09,1,0.0,0.0,0.1,35281,
12015,397120,-2.9,0.0,33.33,8,0.125,0.25,0.1,35281,
12016,397120,-1.9,0.0,9.09,1,0.0,0.0,0.1,35281,
12017,397120,-2.5,0.0,5.88,1,0.0,0.0,0.1,35281,
12018,397120,11.4,1.0,16.67,1,1.0,1.0,0.1,35281,
12019,397184,-1.7,0.0,11.11,1,0.0,0.0,0.1,35295,
12020,397184,-2.0,0.0,18.18,2,0.0,0.0,0.1,35295,
12021,397184,-2.9,0.0,10.34,3,0.0,0.0,0.1,35295,
12022,397248,-1.4,0.0,16.67,1,0.0,0.0,0.1,35302,
12023,397312,-1.9,0.0,9.09,1,0.0,0.0,0.1,35316,
12024,397312,-2.1,0.0,27.27,3,0.0,0.0,0.1,35316,
12025,397312,10.4,1.0,13.33,2,0.0,0.5,0.1,35316,
12026,397312,-1.4,0.0,16.67,1,0.0,0.0,0.1,35316,
12027,397376,-1.5,0.0,14.29,1,0.0,0.0,0.1,35325,
12028,397376,-1.4,0.0,16.67,1,0.0,0.0,0.1,35325,
12029,397440,-2.1,0.0,16.67,2,0.0,0.0,0.1,35335,
12030,397440,-3.3,0.0,23.81,5,0.0,0.2,0.1,35335,
12031,397440,-0.7,0.0,25.0,2,0.0,0.0,0.1,35335,
12032,397504,-5.0,0.0,0.0,0,,,0.1,35344,
12033,397504,-1.4,0.0,16.67,1,0.0,0.0,0.1,35344,
12034,397504,-1.9,0.0,9.09,1,0.0,0.0,0.1,35344,
12035,397504,-1.6,0.0,12.5,1,0.0,0.0,0.1,35344,
12036,397568,-3.5,0.0,27.27,6,0.0,0.3333,0.1,35359,
12037,397568,-3.9,0.0,10.34,3,0.0,0.3333,0.1,35359,
12038,397568,-2.4,0.0,13.33,2,0.0,0.0,0.1,35359,
12039,397568,-3.3,0.0,18.18,4,0.0,0.0,0.1,35359,
12040,397568,-1.5,0.0,14.29,1,0.0,0.0,0.1,35359,
12041,397632,-2.0,0.0,8.33,1,0.0,0.0,0.1,35369,
12042,397632,-1.2,0.0,7.14,1,0.0,0.0,0.1,35369,
12043,397696,-1.7,0.0,5.26,1,0.0,0.0,0.1,35376,
12044,397696,-1.5,0.0,14.29,1,0.0,0.0,0.1,35376,
12045,397760,-1.5,0.0,14.29,1,0.0,0.0,0.1,35389,
12046,397760,-1.5,0.0,14.29,1,0.0,0.0,0.1,35389,
12047,397760,-5.4,0.0,39.02,16,0.125,0.1875,0.1,35389,
12048,397760,-2.4,0.0,6.25,1,0.0,0.0,0.1,35389,
12049,397760,-3.1,0.0,14.29,3,0.3333,0.3333,0.1,35389,
12050,397760,-2.4,0.0,6.25,1,0.0,0.0,0.1,35389,
12051,397760,11.6,1.0,0.0,0,,,0.1,35389,
12052,397760,-5.1,0.0,21.57,11,0.1818,0.0909,0.1,35389,
12053,397824,-5.8,0.0,15.69,8,0.0,0.25,0.1,35395,
12054,397888,-2.1,0.0,7.69,1,0.0,0.0,0.1,35404,
12055,397952,-3.2,0.0,19.05,4,0.0,0.25,0.1,35413,
12056,397952,-2.1,0.0,16.67,2,0.0,0.5,0.1,35413,
12057,397952,-1.4,0.0,16.67,1,0.0,0.0,0.1,35413,
12058,398016,-1.4,0.0,40.0,2,0.0,0.0,0.1,35425,
12059,398016,-2.9,0.0,22.22,4,0.0,0.0,0.1,35425,
12060,398016,-5.5,0.0,29.41,15,0.0667,0.2,0.1,35425,
12061,398016,-2.2,0.0,7.14,1,0.0,0.0,0.1,35425,
12062,398080,-0.9,0.0,9.09,1,0.0,0.0,0.1,35435,
12063,398080,-4.2,0.0,12.9,4,0.0,0.0,0.1,35435,
12064,398144,-2.2,0.0,15.38,2,0.0,0.5,0.1,35449,
12065,398144,-4.9,0.0,44.83,13,0.0769,0.2308,0.1,35449,
12066,398144,-1.7,0.0,11.11,1,0.0,0.0,0.1,35449,
12067,398144,-1.6,0.0,12.5,1,0.0,0.0,0.1,35449,
12068,398208,11.4,1.0,0.0,0,,,0.1,35458,
12069,398208,-1.9,0.0,71.43,5,0.2,0.0,0.1,35458,
12070,398208,11.2,1.0,0.0,0,,,0.1,35458,
12071,398208,-2.1,0.0,7.69,1,0.0,0.0,0.1,35458,
12072,398272,-2.1,0.0,16.67,2,0.0,0.0,0.1,35465,
12073,398272,-1.7,0.0,25.0,2,0.0,0.0,0.1,35465,
12074,398272,-3.4,0.0,12.5,3,0.0,0.3333,0.1,35465,
12075,398272,-3.2,0.0,25.0,5,0.0,0.4,0.1,35465,
12076,398336,-2.4,0.0,17.39,4,0.25,0.0,0.1,35473,
12077,398336,-1.9,0.0,33.33,3,0.6667,0.3333,0.1,35473,
12078,398336,-2.6,0.0,5.56,1,0.0,0.0,0.1,35473,
12079,398400,-4.7,0.0,5.26,2,0.0,0.5,0.1,35483,
12080,398400,-2.9,0.0,6.67,2,0.0,0.0,0.1,35483,
12081,398400,-4.1,0.0,13.33,4,0.0,0.25,0.1,35483,
12082,398400,10.3,1.0,28.57,4,0.25,0.5,0.1,35483,
12083,398464,-1.2,0.0,7.14,1,0.0,0.0,0.1,35494,
12084,398464,-1.9,0.0,9.09,1,0.0,0.0,0.1,35494,
12085,398464,-1.7,0.0,25.0,2,0.0,0.0,0.1,35494,
12086,398528,-2.1,0.0,16.67,2,0.0,0.0,0.1,35501,
12087,398528,10.7,1.0,7.69,1,0.0,1.0,0.1,35501,
12088,398528,-4.9,0.0,6.12,3,0.0,0.0,0.1,35501,
12089,398656,9.8,1.0,27.78,5,0.0,0.4,0.1,35516,
12090,398720,-6.1,0.0,21.57,11,0.0909,0.4545,0.1,35525,
12091,398720,9.2,1.0,3.57,1,0.0,0.0,0.1,35525,
12092,398720,-5.6,0.0,11.76,6,0.0,0.1667,0.1,35525,
12093,398720,-3.2,0.0,4.17,1,0.0,0.0,0.1,35525,
12094,398720,-2.1,0.0,7.69,1,0.0,0.0,0.1,35525,
12095,398784,-5.7,0.0,33.33,17,0.1176,0.1765,0.1,35534,
12096,398784,11.1,1.0,0.0,0,,,0.1,35534,
12097,398784,-1.4,0.0,16.67,1,0.0,0.0,0.1,35534,
12098,398784,-2.9,0.0,15.79,3,0.0,0.0,0.1,35534,
12099,398848,-5.8,0.0,15.69,8,0.25,0.5,0.1,35547,
12100,398848,8.6,1.0,29.63,8,0.125,0.375,0.1,35547,
12101,398848,11.1,1.0,0.0,0,,,0.1,35547,
12102,398848,-2.1,0.0,7.69,1,0.0,0.0,0.1,35547,
12103,398848,-4.2,0.0,7.14,3,0.0,0.0,0.1,35547,
12104,398912,11.5,1.0,0.0,0,,,0.1,35555,
12105,398912,-0.9,0.0,9.09,1,0.0,0.0,0.1,35555,
12106,398912,10.9,1.0,20.0,2,0.0,0.5,0.1,35555,
12107,398912,-3.7,0.0,7.14,2,0.0,0.5,0.1,35555,
12108,398976,-4.8,0.0,15.69,8,0.5,0.125,0.1,35560,
12109,398976,-5.3,0.0,5.88,3,0.0,0.3333,0.1,35560,
12110,398976,-4.3,0.0,12.2,5,0.0,0.0,0.1,35560,
12111,399040,-4.7,0.0,5.26,2,0.0,0.0,0.1,35566,
12112,399040,-5.2,0.0,23.53,12,0.0833,0.3333,0.1,35566,
12113,399040,-1.8,0.0,10.53,2,0.5,0.0,0.1,35566,
12114,399104,-1.9,0.0,9.09,1,0.0,0.0,0.1,35577,
12115,399104,-1.7,0.0,11.11,1,0.0,0.0,0.1,35577,
12116,399104,-4.0,0.0,0.0,0,,,0.1,35577,
12117,399104,-2.0,0.0,8.33,1,0.0,0.0,0.1,35577,
12118,399104,-2.2,0.0,7.14,1,0.0,0.0,0.1,35577,
12119,399168,-0.3,0.0,20.0,1,0.0,0.0,0.1,35589,
12120,399168,-2.2,0.0,25.0,3,0.0,0.3333,0.1,35589,
12121,399168,-0.9,0.0,9.09,1,0.0,0.0,0.1,35589,
12122,399232,7.7,1.0,10.0,4,0.25,0.25,0.1,35593,
12123,399296,-2.6,0.0,18.75,3,0.0,0.0,0.1,35607,
12124,399296,-0.7,0.0,11.11,1,0.0,0.0,0.1,35607,
12125,399296,-1.7,0.0,17.65,3,0.0,0.0,0.1,35607,
12126,399296,-1.9,0.0,33.33,3,0.0,0.0,0.1,35607,
12127,399296,-2.4,0.0,13.33,2,0.5,0.0,0.1,35607,
12128,399296,11.1,1.0,25.0,2,0.5,0.0,0.1,35607,
12129,399296,-1.5,0.0,12.5,2,0.0,0.0,0.1,35607,
12130,399296,-1.8,0.0,10.53,2,0.0,0.0,0.1,35607,
12131,399296,-1.4,0.0,16.67,1,0.0,0.0,0.1,35607,
12132,399360,-1.6,0.0,12.5,1,0.0,0.0,0.1,35618,
12133,399360,-5.7,0.0,33.33,17,0.0,0.1176,0.1,35618,
12134,399360,-5.3,0.0,5.88,3,0.0,1.0,0.1,35618,
12135,399552,-3.7,0.0,21.21,7,0.0,0.1429,0.1,35642,
12136,399552,-3.4,0.0,12.5,3,0.3333,0.0,0.1,35642,
12137,399552,-0.4,0.0,16.67,1,0.0,0.0,0.1,35642,
12138,399552,-1.2,0.0,25.0,1,0.0,0.0,0.1,35642,
12139,399616,-1.7,0.0,25.0,2,0.0,0.0,0.1,35651,
12140,399616,-1.3,0.0,20.0,1,0.0,0.0,0.1,35651,
12141,399616,-5.9,0.0,17.65,9,0.1111,0.3333,0.1,35651,
12142,399680,-2.4,0.0,3.85,1,0.0,0.0,0.1,35663,
12143,399680,-2.6,0.0,18.75,3,0.0,0.0,0.1,35663,
12144,399744,11.1,1.0,0.0,0,,,0.1,35674,
12145,399744,-1.1,0.0,16.67,2,0.0,0.5,0.1,35674,
12146,399744,-3.6,0.0,11.54,3,0.0,0.0,0.1,35674,
12147,399744,-3.9,0.0,3.23,1,0.0,0.0,0.1,35674,
12148,399744,-1.6,0.0,12.5,1,0.0,0.0,0.1,35674,
12149,399808,-3.1,0.0,9.09,2,0.0,0.0,0.1,35683,
12150,399808,-2.4,0.0,6.25,1,0.0,0.0,0.1,35683,
12151,399872,-1.3,0.0,20.0,1,0.0,0.0,0.1,35694,
12152,399936,-2.2,0.0,7.14,1,0.0,0.0,0.1,35705,
12153,399936,9.7,1.0,9.09,2,0.5,0.5,0.1,35705,
12154,399936,-2.6,0.0,26.67,4,0.25,0.25,0.1,35705,
12155,399936,-4.9,0.0,10.53,4,0.25,0.25,0.1,35705,
12156,400064,11.0,1.0,0.0,0,,,0.1,35719,
12157,400128,-1.3,0.0,6.67,1,0.0,0.0,0.1,35726,
12158,400128,-2.7,0.0,11.11,2,0.0,0.0,0.1,35726,
12159,400192,-1.7,0.0,11.11,1,0.0,0.0,0.1,35735,
12160,400192,10.3,1.0,5.88,1,1.0,0.0,0.1,35735,
12161,400256,-1.3,0.0,20.0,1,0.0,0.0,0.1,35749,
12162,400320,-1.7,0.0,11.11,1,0.0,0.0,0.1,35759,
12163,400320,-4.6,0.0,8.33,3,0.0,0.0,0.1,35759,
12164,400320,-4.7,0.0,6.38,3,0.0,0.0,0.1,35759,
12165,400384,-1.8,0.0,10.0,1,0.0,0.0,0.1,35769,
12166,400384,-1.6,0.0,28.57,2,0.5,0.5,0.1,35769,
12167,400384,-5.7,0.0,33.33,17,0.0,0.0588,0.1,35769,
12168,400448,-2.9,0.0,4.76,1,0.0,0.0,0.1,35782,
12169,400448,-3.6,0.0,7.41,2,0.0,0.0,0.1,35782,
12170,400448,-3.8,0.0,19.23,5,0.2,0.2,0.1,35782,
12171,400448,-1.2,0.0,15.38,2,0.0,0.0,0.1,35782,
12172,400448,-2.0,0.0,18.18,2,0.0,0.0,0.1,35782,
12173,400512,-3.1,0.0,26.32,5,0.2,0.2,0.1,35792,
12174,400512,-4.4,0.0,8.82,3,0.0,0.6667,0.1,35792,
12175,400512,-1.7,0.0,11.11,1,0.0,0.0,0.1,35792,
12176,400576,-1.4,0.0,6.25,1,0.0,0.0,0.1,35807,
12177,400640,-4.1,0.0,12.82,5,0.0,0.2,0.1,35822,
12178,400640,-1.5,0.0,14.29,1,0.0,0.0,0.1,35822,
12179,400640,-1.3,0.0,23.08,3,0.0,0.0,0.1,35822,
12180,400704,-6.1,0.0,21.57,11,0.0,0.2727,0.1,35834,
12181,400704,-4.2,0.0,12.9,4,0.0,0.0,0.1,35834,
12182,400704,-3.1,0.0,9.09,2,0.5,0.0,0.1,35834,
12183,400768,-1.5,0.0,14.29,1,0.0,0.0,0.1,35840,
12184,400832,-6.2,0.0,23.53,12,0.0,0.1667,0.1,35844,
12185,400832,-1.9,0.0,10.0,2,0.0,0.0,0.1,35844,
12186,400960,-2.7,0.0,11.11,2,0.0,0.0,0.1,35867,
12187,400960,7.6,1.0,28.57,10,0.1,0.2,0.1,35867,
12188,400960,-1.6,0.0,28.57,2,0.0,0.0,0.1,35867,
12189,401024,-5.7,0.0,13.73,7,0.0,0.4286,0.1,35877,
12190,401024,-1.6,0.0,12.5,1,0.0,0.0,0.1,35877,
12191,401024,-1.4,0.0,16.67,1,0.0,0.0,0.1,35877,
12192,401088,9.9,1.0,15.79,3,0.0,0.3333,0.1,35887,
12193,401088,-3.6,0.0,26.09,6,0.1667,0.1667,0.1,35887,
12194,401088,-5.3,0.0,12.2,5,0.0,0.0,0.1,35887,
12195,401088,-1.3,0.0,6.67,1,0.0,0.0,0.1,35887,
12196,401088,-3.5,0.0,18.75,6,0.0,0.3333,0.1,35887,
12197,401152,-1.9,0.0,9.09,1,0.0,0.0,0.1,35895,
12198,401152,-2.2,0.0,36.36,4,0.0,0.0,0.1,35895,
12199,401216,-5.2,0.0,3.92,2,0.5,0.0,0.1,35904,
12200,401216,-5.4,0.0,7.84,4,0.0,0.0,0.1,35904,
12201,401280,-2.3,0.0,14.29,2,0.5,0.5,0.1,35919,
12202,401280,-4.0,0.0,10.0,3,0.0,0.3333,0.1,35919,
12203,401280,-3.8,0.0,24.0,6,0.0,0.0,0.1,35919,
12204,401344,-5.8,0.0,6.25,3,0.0,0.0,0.1,35926,
12205,401408,-4.9,0.0,17.65,9,0.1111,0.1111,0.1,35935,
12206,401408,-6.4,0.0,47.06,24,0.125,0.25,0.1,35935,
12207,401408,-1.3,0.0,20.0,1,0.0,0.0,0.1,35935,
12208,401472,-1.5,0.0,14.29,1,0.0,0.0,0.1,35944,
12209,401472,-2.8,0.0,10.53,2,0.0,0.0,0.1,35944,
12210,401472,-4.3,0.0,28.57,8,0.125,0.25,0.1,35944,
12211,401536,-2.6,0.0,18.75,3,0.0,0.0,0.1,35951,
12212,401536,11.1,1.0,11.11,1,0.0,0.0,0.1,35951,
12213,401600,-1.4,0.0,16.67,1,0.0,0.0,0.1,35959,
12214,401600,-1.8,0.0,10.0,1,0.0,0.0,0.1,35959,
12215,401600,-4.1,0.0,6.25,2,0.0,0.5,0.1,35959,
12216,401664,-2.1,0.0,7.69,1,0.0,0.0,0.1,35966,
12217,401728,-2.7,0.0,11.11,2,0.5,0.0,0.1,35976,
12218,401728,-5.7,0.0,13.73,7,0.0,0.2857,0.1,35976,
12219,401728,-5.5,0.0,28.89,13,0.0,0.3077,0.1,35976,
12220,401728,-3.8,0.0,19.23,5,0.2,0.4,0.1,35976,
12221,401728,-5.5,0.0,9.09,4,0.0,0.5,0.1,35976,
12222,401856,-2.8,0.0,19.23,5,0.0,0.2,0.1,35997,
12223,401856,-3.3,0.0,8.33,2,0.0,0.0,0.1,35997,
12224,401856,-3.3,0.0,13.04,3,0.3333,0.0,0.1,35997,
12225,401856,-1.8,0.0,10.0,1,0.0,0.0,0.1,35997,
12226,401856,-5.0,0.0,10.26,4,0.0,0.0,0.1,35997,
12227,401920,-5.9,0.0,26.83,11,0.0,0.2727,0.1,36009,
12228,401920,-5.3,0.0,27.27,12,0.25,0.1667,0.1,36009,
12229,401920,-2.8,0.0,10.53,2,0.0,0.0,0.1,36009,
12230,401984,-4.0,0.0,3.12,1,0.0,0.0,0.1,36023,
12231,401984,-2.7,0.0,11.11,2,0.0,0.5,0.1,36023,
12232,401984,11.2,1.0,0.0,0,,,0.1,36023,
12233,402048,-6.0,0.0,19.61,10,0.4,0.3,0.1,36033,
12234,402048,-2.5,0.0,20.0,3,0.0,0.3333,0.1,36033,
12235,402112,-1.3,0.0,33.33,4,0.25,0.25,0.1,36044,
12236,402112,-4.8,0.0,15.69,8,0.125,0.375,0.1,36044,
12237,402112,-2.2,0.0,36.36,4,0.5,0.0,0.1,36044,
12238,402112,-1.6,0.0,12.5,1,0.0,0.0,0.1,36044,
12239,402112,-5.1,0.0,21.57,11,0.1818,0.2727,0.1,36044,
12240,402176,-6.7,0.0,33.33,17,0.0,0.2353,0.1,36051,
12241,402176,-5.4,0.0,7.84,4,0.0,0.0,0.1,36051,
12242,402240,-3.6,0.0,3.57,1,0.0,0.0,0.1,36061,
12243,402240,-3.8,0.0,10.71,3,0.0,0.0,0.1,36061,
12244,402240,-1.4,0.0,16.67,1,0.0,0.0,0.1,36061,
12245,402304,-4.5,0.0,9.8,5,0.0,0.2,0.1,36074,
12246,402304,11.4,1.0,16.67,1,0.0,1.0,0.1,36074,
12247,402304,-1.7,0.0,11.11,1,0.0,0.0,0.1,36074,
12248,402368,-3.1,0.0,14.29,3,0.0,0.0,0.1,36085,
12249,402368,-2.4,0.0,21.43,3,0.0,0.3333,0.1,36085,
12250,402432,-6.4,0.0,27.45,14,0.2143,0.2143,0.1,36093,
12251,402432,-3.2,0.0,19.05,4,0.0,0.0,0.1,36093,
12252,402432,-2.0,0.0,18.18,2,0.0,0.0,0.1,36093,
12253,402496,-2.0,0.0,30.0,3,0.3333,0.3333,0.1,36107,
12254,402496,-2.7,0.0,17.65,3,0.0,0.0,0.1,36107,
12255,402496,-1.5,0.0,33.33,2,0.5,0.5,0.1,36107,
12256,402560,-0.5,0.0,33.33,2,0.0,0.0,0.1,36111,
12257,402560,-5.1,0.0,21.57,11,0.0909,0.2727,0.1,36111,
12258,402560,-4.1,0.0,1.96,1,0.0,0.0,0.1,36111,
12259,402560,-5.2,0.0,3.92,2,0.5,0.0,0.1,36111,
12260,402560,-5.4,0.0,27.45,14,0.0714,0.2857,0.1,36111,
12261,402624,-1.3,0.0,20.0,1,0.0,0.0,0.1,36123,
12262,402624,-2.4,0.0,21.43,3,0.3333,0.0,0.1,36123,
12263,402624,-2.7,0.0,11.11,2,0.0,0.0,0.1,36123,
12264,402688,-2.0,0.0,4.55,1,0.0,0.0,0.1,36134,
12265,402688,10.3,1.0,20.0,3,0.0,0.3333,0.1,36134,
12266,402752,-5.8,0.0,8.51,4,0.25,0.25,0.1,36145,
12267,402752,11.8,1.0,0.0,0,,,0.1,36145,
12268,402752,7.9,1.0,27.27,9,0.2222,0.5556,0.1,36145,
12269,402752,-2.2,0.0,7.14,1,0.0,0.0,0.1,36145,
12270,402816,-3.3,0.0,9.09,3,0.3333,0.0,0.1,36156,
12271,402816,-2.0,0.0,9.52,2,0.0,0.0,0.1,36156,
12272,402816,-1.7,0.0,11.11,1,0.0,0.0,0.1,36156,
12273,402816,-0.9,0.0,33.33,3,0.3333,0.3333,0.1,36156,
12274,402816,-2.9,0.0,15.79,3,0.0,0.0,0.1,36156,
12275,402816,-1.4,0.0,13.33,2,0.0,0.0,0.1,36156,
12276,402880,-2.5,0.0,12.5,2,0.0,0.0,0.1,36165,
12277,402880,-3.8,0.0,14.81,4,0.0,0.0,0.1,36165,
12278,402880,-1.7,0.0,11.11,1,0.0,0.0,0.1,36165,
12279,402944,-3.0,0.0,9.52,2,0.0,0.0,0.1,36174,
12280,402944,-0.4,0.0,16.67,1,0.0,0.0,0.1,36174,
12281,402944,-1.6,0.0,28.57,2,0.0,0.5,0.1,36174,
12282,402944,-1.2,0.0,25.0,1,0.0,0.0,0.1,36174,
12283,403008,-2.9,0.0,6.67,2,0.0,0.5,0.1,36182,
12284,403008,-4.6,0.0,11.76,6,0.3333,0.0,0.1,36182,
12285,403072,-1.7,0.0,11.11,1,0.0,0.0,0.1,36192,
12286,403072,11.4,1.0,0.0,0,,,0.1,36192,
12287,403072,10.9,1.0,20.0,2,0.5,0.5,0.1,36192,
12288,403136,-3.9,0.0,10.34,3,0.0,0.0,0.1,36204,
12289,403136,-1.5,0.0,14.29,1,0.0,0.0,0.1,36204,
12290,403136,-1.3,0.0,20.0,1,0.0,0.0,0.1,36204,
12291,403200,11.3,1.0,14.29,1,0.0,0.0,0.1,36212,
12292,403264,-5.1,0.0,7.32,3,0.0,0.0,0.1,36220,
12293,403264,-4.3,0.0,2.86,1,0.0,0.0,0.1,36220,
12294,403328,-2.9,0.0,15.79,3,0.0,0.0,0.1,36231,
12295,403328,-6.0,0.0,12.77,6,0.1667,0.1667,0.1,36231,
12296,403328,-1.8,0.0,16.67,3,0.0,0.0,0.1,36231,
12297,403328,11.3,1.0,0.0,0,,,0.1,36231,
12298,403392,-1.0,0.0,8.33,1,0.0,0.0,0.1,36239,
12299,403392,-5.9,0.0,17.65,9,0.0,0.2222,0.1,36239,
12300,403520,-2.5,0.0,20.0,3,0.3333,0.3333,0.1,36255,
12301,403520,-5.3,0.0,15.0,6,0.0,0.1667,0.1,36255,
12302,403520,-2.0,0.0,8.33,1,0.0,0.0,0.1,36255,
12303,403520,-1.8,0.0,10.0,1,0.0,0.0,0.1,36255,
12304,403584,-2.0,0.0,8.33,1,0.0,0.0,0.1,36263,
12305,403584,-1.1,0.0,27.27,3,0.0,0.0,0.1,36263,
12306,403648,-6.0,0.0,19.61,10,0.1,0.5,0.1,36273,
12307,403648,-1.3,0.0,20.0,1,0.0,0.0,0.1,36273,
12308,403648,-2.1,0.0,16.67,2,0.0,0.0,0.1,36273,
12309,403648,-5.7,0.0,33.33,15,0.0,0.3333,0.1,36273,
12310,403648,-2.9,0.0,4.76,1,0.0,0.0,0.1,36273,
12311,403648,-3.6,0.0,11.54,3,0.0,0.0,0.1,36273,
12312,403712,-1.2,0.0,7.14,1,0.0,0.0,0.1,36281,
12313,403712,-1.6,0.0,12.5,1,0.0,0.0,0.1,36281,
12314,403712,-5.1,0.0,21.57,11,0.1818,0.0909,0.1,36281,
12315,403776,-2.0,0.0,18.18,2,0.0,0.0,0.1,36291,
12316,403776,-3.5,0.0,31.03,9,0.1111,0.2222,0.1,36291,
12317,403776,-1.8,0.0,5.0,1,0.0,0.0,0.1,36291,
12318,403776,-1.6,0.0,28.57,2,0.0,0.0,0.1,36291,
12319,403776,-2.2,0.0,15.38,2,0.0,0.0,0.1,36291,
12320,403840,-1.9,0.0,9.09,1,0.0,0.0,0.1,36298,
12321,403840,-6.1,0.0,10.2,5,0.0,0.0,0.1,36298,
12322,403904,-2.1,0.0,7.69,1,0.0,0.0,0.1,36306,
12323,403904,-2.2,0.0,7.14,1,0.0,0.0,0.1,36306,
12324,403904,-2.2,0.0,15.38,2,0.0,0.0,0.1,36306,
12325,403968,-2.3,0.0,4.0,1,0.0,0.0,0.1,36317,
12326,403968,-1.5,0.0,33.33,2,0.0,0.0,0.1,36317,
12327,403968,-3.1,0.0,14.29,3,0.0,0.3333,0.1,36317,
12328,403968,11.6,1.0,0.0,0,,,0.1,36317,
12329,403968,-1.5,0.0,14.29,1,0.0,0.0,0.1,36317,
12330,404032,-3.8,0.0,3.33,1,0.0,0.0,0.1,36326,
12331,404032,-2.6,0.0,11.76,2,0.0,0.0,0.1,36326,
12332,404096,-2.1,0.0,16.67,2,0.0,0.0,0.1,36334,
12333,404096,-0.5,0.0,14.29,1,0.0,0.0,0.1,36334,
12334,404096,-2.1,0.0,7.69,1,0.0,0.0,0.1,36334,
12335,404160,-2.4,0.0,6.25,1,0.0,0.0,0.1,36341,
12336,404160,-2.0,0.0,30.0,3,0.0,0.0,0.1,36341,
12337,404160,-2.0,0.0,8.33,1,0.0,0.0,0.1,36341,
12338,404224,-2.1,0.0,9.09,2,0.0,0.0,0.1,36353,
12339,404224,-1.2,0.0,25.0,1,0.0,0.0,0.1,36353,
12340,404224,-3.6,0.0,11.54,3,0.0,0.3333,0.1,36353,
12341,404224,-3.1,0.0,4.35,1,0.0,0.0,0.1,36353,
12342,404288,-1.9,0.0,9.09,1,0.0,0.0,0.1,36358,
12343,404352,11.5,1.0,0.0,0,,,0.1,36361,
12344,404352,-4.6,0.0,11.76,6,0.1667,0.1667,0.1,36361,
12345,404352,-3.5,0.0,27.27,6,0.0,0.0,0.1,36361,
12346,404416,-2.3,0.0,13.04,3,0.0,0.6667,0.1,36369,
12347,404416,-5.0,0.0,19.61,10,0.3,0.3,0.1,36369,
12348,404416,-2.1,0.0,16.67,2,0.0,0.0,0.1,36369,
12349,404544,-5.3,0.0,27.78,10,0.2,0.2,0.1,36385,
12350,404544,-1.5,0.0,14.29,1,0.0,0.0,0.1,36385,
12351,404544,-5.3,0.0,5.88,3,0.0,0.3333,0.1,36385,
12352,404608,6.8,1.0,10.42,5,0.2,0.2,0.1,36397,
12353,404608,-2.5,0.0,5.88,1,0.0,0.0,0.1,36397,
12354,404608,-1.6,0.0,12.5,1,0.0,0.0,0.1,36397,
12355,404608,-3.8,0.0,28.12,9,0.0,0.1111,0.1,36397,
12356,404672,-1.5,0.0,12.5,2,0.0,0.0,0.1,36408,
12357,404672,-2.9,0.0,4.76,1,0.0,0.0,0.1,36408,
12358,404672,-3.6,0.0,11.54,3,0.0,0.3333,0.1,36408,
12359,404672,-2.3,0.0,6.67,1,0.0,0.0,0.1,36408,
12360,404672,-4.0,0.0,10.0,3,0.0,0.3333,0.1,36408,
12361,404736,11.5,1.0,0.0,0,,,0.1,36418,
12362,404800,10.0,1.0,16.67,3,0.0,0.6667,0.1,36432,
12363,404800,-2.0,0.0,8.33,1,0.0,0.0,0.1,36432,
12364,404800,-4.4,0.0,7.84,4,0.0,0.0,0.1,36432,
12365,404800,-1.5,0.0,33.33,2,0.5,0.5,0.1,36432,
12366,404864,-5.3,0.0,4.55,2,0.0,0.0,0.1,36440,
12367,404864,-1.7,0.0,25.0,2,0.0,0.0,0.1,36440,
12368,404864,-0.9,0.0,20.0,2,0.0,0.5,0.1,36440,
12369,404928,-1.4,0.0,16.67,1,0.0,0.0,0.1,36452,
12370,404928,-7.0,0.0,39.22,20,0.1,0.4,0.1,36452,
12371,404992,9.7,1.0,20.0,4,0.0,0.25,0.1,36465,
12372,404992,-2.6,0.0,11.76,2,0.0,0.0,0.1,36465,
12373,404992,-2.9,0.0,15.79,3,0.0,0.6667,0.1,36465,
12374,404992,-1.4,0.0,16.67,1,0.0,0.0,0.1,36465,
12375,404992,-2.9,0.0,4.76,1,0.0,0.0,0.1,36465,
12376,404992,-4.4,0.0,14.63,6,0.1667,0.5,0.1,36465,
12377,404992,-4.7,0.0,11.11,5,0.0,0.0,0.1,36465,
12378,404992,-4.5,0.0,9.8,5,0.2,0.0,0.1,36465,
12379,405056,-2.7,0.0,17.65,3,0.3333,0.3333,0.1,36480,
12380,405184,-2.3,0.0,6.67,1,0.0,0.0,0.1,36504,
12381,405184,-3.2,0.0,8.7,2,0.0,0.0,0.1,36504,
12382,405184,-5.6,0.0,18.0,9,0.1111,0.2222,0.1,36504,
12383,405184,-2.8,0.0,10.53,2,0.0,0.0,0.1,36504,
12384,405184,-6.1,0.0,21.57,11,0.1818,0.1818,0.1,36504,
12385,405248,-6.0,0.0,19.61,10,0.0,0.2,0.1,36516,
12386,405248,-3.4,0.0,28.57,6,0.0,0.1667,0.1,36516,
12387,405248,-1.7,0.0,11.11,1,0.0,0.0,0.1,36516,
12388,405248,-2.8,0.0,6.9,2,0.0,0.0,0.1,36516,
12389,405248,-3.1,0.0,33.33,6,0.1667,0.1667,0.1,36516,
12390,405312,-4.4,0.0,7.84,4,0.25,0.5,0.1,36526,
12391,405312,-3.6,0.0,26.09,6,0.3333,0.1667,0.1,36526,
12392,405312,-3.0,0.0,9.52,2,0.5,0.0,0.1,36526,
12393,405376,-6.3,0.0,25.49,13,0.1538,0.3077,0.1,36536,
12394,405376,-3.5,0.0,12.0,3,0.0,0.6667,0.1,36536,
12395,405440,7.8,1.0,4.88,2,0.0,0.0,0.1,36546,
12396,405440,10.6,1.0,7.14,1,0.0,0.0,0.1,36546,
12397,405440,-2.1,0.0,7.69,1,0.0,0.0,0.1,36546,
12398,405504,10.7,1.0,7.69,1,0.0,0.0,0.1,36554,
12399,405568,-0.7,0.0,11.11,1,0.0,0.0,0.1,36563,
12400,405632,-2.8,0.0,34.78,8,0.0,0.125,0.1,36577,
12401,405632,-7.1,0.0,28.0,14,0.0,0.2143,0.1,36577,
12402,405632,-1.4,0.0,16.67,1,0.0,0.0,0.1,36577,
12403,405632,-1.9,0.0,20.0,2,0.0,0.0,0.1,36577,
12404,405632,-1.3,0.0,20.0,1,0.0,0.0,0.1,36577,
12405,405696,9.9,1.0,0.0,0,,,0.1,36585,
12406,405696,-5.0,0.0,19.61,10,0.2,0.2,0.1,36585,
12407,405760,-2.1,0.0,16.67,2,0.0,0.0,0.1,36593,
12408,405824,-1.9,0.0,33.33,3,0.0,0.0,0.1,36603,
12409,405888,-1.9,0.0,9.09,1,0.0,0.0,0.1,36615,
12410,405888,-2.5,0.0,12.5,2,0.0,0.0,0.1,36615,
12411,405952,-2.6,0.0,5.56,1,0.0,0.0,0.1,36624,
12412,405952,-1.6,0.0,12.5,1,0.0,0.0,0.1,36624,
12413,405952,-3.6,0.0,14.71,5,0.2,0.2,0.1,36624,
12414,406080,-1.5,0.0,14.29,1,0.0,0.0,0.1,36645,
12415,406080,-1.5,0.0,14.29,1,0.0,0.0,0.1,36645,
12416,406080,-2.9,0.0,4.76,1,0.0,0.0,0.1,36645,
12417,406080,-1.4,0.0,16.67,1,0.0,0.0,0.1,36645,
12418,406080,-2.2,0.0,13.64,3,0.0,0.0,0.1,36645,
12419,406080,-2.6,0.0,35.71,5,0.0,0.0,0.1,36645,
12420,406080,11.7,1.0,0.0,0,,,0.1,36645,
12421,406080,-3.9,0.0,10.34,3,0.0,0.3333,0.1,36645,
12422,406144,-4.7,0.0,8.11,3,0.0,0.0,0.1,36653,
12423,406144,10.8,1.0,30.0,3,0.3333,1.0,0.1,36653,
12424,406144,10.9,1.0,9.09,1,0.0,0.0,0.1,36653,
12425,406144,-2.9,0.0,22.22,4,0.0,0.0,0.1,36653,
12426,406144,-2.0,0.0,8.33,1,0.0,0.0,0.1,36653,
12427,406208,9.9,1.0,15.79,3,0.0,0.3333,0.1,36659,
12428,406272,-1.9,0.0,20.0,2,0.0,0.0,0.1,36670,
12429,406272,-4.1,0.0,12.82,5,0.2,0.4,0.1,36670,
12430,406272,-2.7,0.0,17.65,3,0.0,0.3333,0.1,36670,
12431,406272,-2.3,0.0,23.08,3,0.0,0.0,0.1,36670,
12432,406336,-1.9,0.0,9.09,1,0.0,0.0,0.1,36673,
12433,406400,-4.3,0.0,5.88,3,0.3333,0.3333,0.1,36679,
12434,406400,9.7,1.0,9.09,2,0.5,0.5,0.1,36679,
12435,406400,-6.0,0.0,8.16,4,0.0,0.0,0.1,36679,
12436,406400,9.7,1.0,9.09,2,0.0,1.0,0.1,36679,
12437,406464,-1.4,0.0,16.67,1,0.0,0.0,0.1,36687,
12438,406464,-2.3,0.0,8.33,2,0.0,0.5,0.1,36687,
12439,406464,-5.2,0.0,19.57,9,0.1111,0.2222,0.1,36687,
12440,406528,8.6,1.0,16.67,5,0.2,0.0,0.1,36695,
12441,406528,-4.5,0.0,5.56,2,0.0,0.0,0.1,36695,
12442,406528,11.4,1.0,0.0,0,,,0.1,36695,
12443,406592,-1.5,0.0,14.29,1,0.0,0.0,0.1,36705,
12444,406656,-1.7,0.0,25.0,2,0.0,0.0,0.1,36719,
12445,406656,-3.7,0.0,7.14,2,0.0,0.5,0.1,36719,
12446,406720,-0.8,0.0,10.0,1,0.0,0.0,0.1,36735,
12447,406720,-1.2,0.0,15.38,2,0.0,0.0,0.1,36735,
12448,406720,-1.1,0.0,16.67,2,0.0,0.0,0.1,36735,
12449,406784,-1.9,0.0,22.22,4,0.0,0.0,0.1,36746,
12450,406784,-4.0,0.0,10.0,3,0.0,0.0,0.1,36746,
12451,406784,-3.2,0.0,4.17,1,0.0,0.0,0.1,36746,
12452,406848,-2.4,0.0,21.43,3,0.0,0.0,0.1,36753,
12453,406848,-1.6,0.0,28.57,2,0.0,0.0,0.1,36753,
12454,406848,-1.6,0.0,28.57,2,0.0,0.0,0.1,36753,
12455,406912,-2.0,0.0,8.33,1,0.0,0.0,0.1,36762,
12456,406912,-4.6,0.0,25.81,8,0.0,0.25,0.1,36762,
12457,406912,-4.8,0.0,24.24,8,0.0,0.25,0.1,36762,
12458,406912,-3.5,0.0,3.7,1,0.0,0.0,0.1,36762,
12459,406976,-3.3,0.0,4.0,1,0.0,0.0,0.1,36772,
12460,406976,-3.3,0.0,33.33,9,0.0,0.4444,0.1,36772,
12461,407040,-4.3,0.0,33.33,9,0.1111,0.2222,0.1,36783,
12462,407040,-2.7,0.0,11.11,2,0.0,0.5,0.1,36783,
12463,407040,-2.0,0.0,8.33,1,0.0,0.0,0.1,36783,
12464,407104,-5.3,0.0,25.49,13,0.0,0.2308,0.1,36793,
12465,407104,-2.4,0.0,6.25,1,0.0,0.0,0.1,36793,
12466,407104,-1.8,0.0,10.0,1,0.0,0.0,0.1,36793,
12467,407168,-5.1,0.0,21.57,11,0.0,0.2727,0.1,36807,
12468,407168,-0.5,0.0,33.33,2,0.5,0.5,0.1,36807,
12469,407168,9.0,1.0,24.0,6,0.1667,0.8333,0.1,36807,
12470,407168,-1.3,0.0,20.0,1,0.0,0.0,0.1,36807,
12471,407168,-5.0,0.0,20.45,9,0.0,0.1111,0.1,36807,
12472,407232,-2.8,0.0,31.25,5,0.0,0.0,0.1,36816,
12473,407232,-4.4,0.0,23.68,9,0.1111,0.2222,0.1,36816,
12474,407296,-4.8,0.0,15.69,8,0.0,0.125,0.1,36824,
12475,407360,-5.0,0.0,7.5,3,0.6667,0.0,0.1,36836,
12476,407360,-0.6,0.0,12.5,1,0.0,0.0,0.1,36836,
12477,407360,10.1,1.0,33.33,5,0.0,0.4,0.1,36836,
12478,407360,-0.5,0.0,33.33,2,0.0,0.0,0.1,36836,
12479,407424,7.7,1.0,2.33,1,0.0,0.0,0.1,36842,
12480,407424,-2.4,0.0,21.43,3,0.0,0.0,0.1,36842,
12481,407424,5.4,1.0,31.37,16,0.0625,0.125,0.1,36842,
12482,407424,9.8,1.0,9.52,2,0.0,0.0,0.1,36842,
12483,407424,-5.7,0.0,33.33,17,0.1176,0.1176,0.1,36842,
12484,407424,-1.4,0.0,16.67,1,0.0,0.0,0.1,36842,
12485,407552,10.8,1.0,18.18,2,0.5,0.0,0.1,36862,
12486,407552,6.5,1.0,14.29,7,0.1429,0.2857,0.1,36862,
12487,407616,-2.0,0.0,9.52,2,0.0,0.0,0.1,36867,
12488,407616,-2.7,0.0,11.11,2,0.0,0.0,0.1,36867,
12489,407680,-1.6,0.0,12.5,1,0.0,0.0,0.1,36875,
12490,407680,-2.0,0.0,8.33,1,0.0,0.0,0.1,36875,
12491,407680,-5.4,0.0,7.84,4,0.0,0.25,0.1,36875,
12492,407680,-4.9,0.0,10.53,4,0.25,0.5,0.1,36875,
12493,407744,10.6,1.0,0.0,0,,,0.1,36877,
12494,407744,-1.4,0.0,16.67,1,0.0,0.0,0.1,36877,
12495,407808,-5.3,0.0,5.88,3,0.3333,0.3333,0.1,36886,
12496,407808,-1.4,0.0,16.67,1,0.0,0.0,0.1,36886,
12497,407808,-5.7,0.0,16.28,7,0.1429,0.4286,0.1,36886,
12498,407808,-1.9,0.0,9.09,1,0.0,0.0,0.1,36886,
12499,407808,-1.4,0.0,16.67,1,0.0,0.0,0.1,36886,
12500,407808,-3.3,0.0,18.18,4,0.0,0.0,0.1,36886,
12501,407808,-2.5,0.0,5.88,1,0.0,0.0,0.1,36886,
12502,407872,-5.6,0.0,11.76,6,0.1667,0.1667,0.1,36894,
12503,407872,-3.9,0.0,18.52,5,0.0,0.2,0.1,36894,
12504,407936,-1.6,0.0,12.5,1,0.0,0.0,0.1,36902,
12505,407936,-6.5,0.0,29.41,15,0.0667,0.2667,0.1,36902,
12506,407936,-1.2,0.0,25.0,3,0.0,0.0,0.1,36902,
12507,408000,11.0,1.0,22.22,2,1.0,1.0,0.1,36910,
12508,408000,-1.1,0.0,7.69,1,0.0,0.0,0.1,36910,
12509,408000,-3.4,0.0,22.73,5,0.0,0.2,0.1,36910,
12510,408128,-2.3,0.0,6.67,1,0.0,0.0,0.1,36926,
12511,408192,-1.6,0.0,12.5,1,0.0,0.0,0.1,36933,
12512,408192,11.4,1.0,16.67,1,0.0,0.0,0.1,36933,
12513,408192,-2.5,0.0,16.67,4,0.0,0.5,0.1,36933,
12514,408192,8.8,1.0,0.0,0,,,0.1,36933,
12515,408256,-5.9,0.0,17.65,9,0.0,0.6667,0.1,36941,
12516,408256,-3.0,0.0,9.52,2,0.5,0.0,0.1,36941,
12517,408320,-0.9,0.0,20.0,2,0.0,0.0,0.1,36954,
12518,408320,-1.8,0.0,22.22,2,0.0,0.0,0.1,36954,
12519,408320,-3.5,0.0,16.67,4,0.25,0.0,0.1,36954,
12520,408320,-2.5,0.0,12.5,2,0.0,0.0,0.1,36954,
12521,408320,-3.8,0.0,10.71,3,0.0,0.0,0.1,36954,
12522,408384,-2.5,0.0,12.5,2,0.5,0.0,0.1,36966,
12523,408384,-2.4,0.0,17.39,4,0.0,0.25,0.1,36966,
12524,408384,10.9,1.0,9.09,1,0.0,0.0,0.1,36966,
12525,408384,-1.7,0.0,11.11,1,0.0,0.0,0.1,36966,
12526,408384,-3.4,0.0,3.85,1,0.0,0.0,0.1,36966,
12527,408384,-3.8,0.0,13.89,5,0.0,0.0,0.1,36966,
12528,408448,10.9,1.0,20.0,2,0.5,0.5,0.1,36977,
12529,408448,11.0,1.0,22.22,2,0.5,0.5,0.1,36977,
12530,408448,-2.9,0.0,4.76,1,0.0,0.0,0.1,36977,
12531,408448,-4.3,0.0,9.09,3,0.0,0.0,0.1,36977,
12532,408448,-4.4,0.0,7.84,4,0.5,0.25,0.1,36977,
12533,408448,-1.5,0.0,14.29,1,0.0,0.0,0.1,36977,
12534,408448,-2.2,0.0,7.14,1,0.0,0.0,0.1,36977,
12535,408512,-1.0,0.0,8.33,1,0.0,0.0,0.1,36985,
12536,408512,-2.3,0.0,6.67,1,0.0,0.0,0.1,36985,
12537,408512,-4.8,0.0,7.89,3,0.0,0.0,0.1,36985,
12538,408576,-2.9,0.0,15.79,3,0.0,0.3333,0.1,36999,
12539,408576,-1.4,0.0,16.67,1,0.0,0.0,0.1,36999,
12540,408576,-4.6,0.0,11.76,6,0.1667,0.3333,0.1,36999,
12541,408576,-2.0,0.0,18.18,2,0.0,0.0,0.1,36999,
12542,408576,-2.3,0.0,14.29,2,0.0,0.0,0.1,36999,
12543,408640,-1.2,0.0,25.0,1,0.0,0.0,0.1,37007,
12544,408640,-2.1,0.0,9.09,2,0.0,0.5,0.1,37007,
12545,408640,-3.4,0.0,12.5,3,0.3333,0.3333,0.1,37007,
12546,408704,-1.2,0.0,25.0,1,0.0,0.0,0.1,37011,
12547,408768,-2.3,0.0,8.33,2,0.0,0.5,0.1,37021,
12548,408832,-1.6,0.0,28.57,2,0.5,0.5,0.1,37033,
12549,408832,-2.8,0.0,10.53,2,0.0,0.5,0.1,37033,
12550,408832,-4.0,0.0,17.86,5,0.2,0.2,0.1,37033,
12551,408896,-0.9,0.0,9.09,1,0.0,0.0,0.1,37045,
12552,408896,-4.9,0.0,2.44,1,0.0,0.0,0.1,37045,
12553,408896,-2.4,0.0,13.33,2,0.0,0.5,0.1,37045,
12554,408960,-5.3,0.0,5.88,3,0.0,0.3333,0.1,37056,
12555,408960,7.5,1.0,21.05,8,0.125,0.375,0.1,37056,
12556,408960,-2.4,0.0,13.33,2,0.0,0.0,0.1,37056,
12557,408960,-1.7,0.0,11.11,1,0.0,0.0,0.1,37056,
12558,409024,-3.1,0.0,9.09,2,0.0,0.0,0.1,37064,
12559,409024,-5.1,0.0,1.96,1,0.0,0.0,0.1,37064,
12560,409024,-1.4,0.0,16.67,1,0.0,0.0,0.1,37064,
12561,409088,-1.6,0.0,12.5,1,0.0,0.0,0.1,37068,
12562,409152,-2.9,0.0,4.76,1,0.0,0.0,0.1,37082,
12563,409152,-3.4,0.0,19.35,6,0.0,0.3333,0.1,37082,
12564,409216,10.5,1.0,14.29,2,0.0,0.0,0.1,37089,
12565,409216,10.5,1.0,33.33,4,0.0,0.5,0.1,37089,
12566,409216,-6.4,0.0,27.45,14,0.2857,0.2143,0.1,37089,
12567,409280,-1.9,0.0,9.09,1,0.0,0.0,0.1,37100,
12568,409280,-2.2,0.0,7.14,1,0.0,0.0,0.1,37100,
12569,409280,-1.9,0.0,20.0,2,0.0,0.0,0.1,37100,
12570,409280,-2.3,0.0,6.67,1,0.0,0.0,0.1,37100,
12571,409280,-1.4,0.0,16.67,1,0.0,0.0,0.1,37100,
12572,409280,-1.3,0.0,20.0,1,0.0,0.0,0.1,37100,
12573,409280,-4.9,0.0,2.44,1,0.0,0.0,0.1,37100,
12574,409344,-1.6,0.0,28.57,2,0.0,0.0,0.1,37108,
12575,409344,-5.3,0.0,12.2,5,0.0,0.0,0.1,37108,
12576,409408,-0.4,0.0,16.67,1,0.0,0.0,0.1,37116,
12577,409408,-5.7,0.0,13.73,7,0.1429,0.4286,0.1,37116,
12578,409408,-2.2,0.0,7.14,1,0.0,0.0,0.1,37116,
12579,409472,-2.4,0.0,21.43,3,0.3333,0.0,0.1,37125,
12580,409472,-3.6,0.0,20.83,5,0.2,0.4,0.1,37125,
12581,409472,11.7,1.0,33.33,1,1.0,1.0,0.1,37125,
12582,409536,-2.2,0.0,19.05,4,0.0,0.0,0.1,37133,
12583,409536,-2.7,0.0,17.65,3,0.0,0.3333,0.1,37133,
12584,409536,-5.8,0.0,15.69,8,0.25,0.125,0.1,37133,
12585,409600,-2.3,0.0,13.04,3,0.3333,0.6667,0.1,37143,
12586,409600,-2.0,0.0,8.33,1,0.0,0.0,0.1,37143,
12587,409600,-4.1,0.0,21.43,6,0.0,0.3333,0.1,37143,
12588,409664,7.4,1.0,34.29,12,0.0833,0.1667,0.1,37150,
12589,409664,-1.6,0.0,12.5,1,0.0,0.0,0.1,37150,
12590,409664,-3.4,0.0,27.59,8,0.0,0.125,0.1,37150,
12591,409664,-2.9,0.0,22.22,4,0.0,0.25,0.1,37150,
12592,409728,-6.1,0.0,41.18,21,0.0,0.3333,0.1,37158,
12593,409728,-3.0,0.0,9.52,2,0.0,0.0,0.1,37158,
12594,409728,9.9,1.0,10.0,2,0.5,0.0,0.1,37158,
12595,409728,-1.6,0.0,28.57,2,0.0,0.0,0.1,37158,
12596,409728,-2.0,0.0,4.55,1,0.0,0.0,0.1,37158,
12597,409856,-1.7,0.0,11.11,1,0.0,0.0,0.1,37173,
12598,409920,-3.2,0.0,8.7,2,0.0,0.0,0.1,37184,
12599,409920,-1.6,0.0,12.5,1,0.0,0.0,0.1,37184,
12600,409920,-1.8,0.0,22.22,2,0.0,0.0,0.1,37184,
12601,409984,-1.4,0.0,16.67,1,0.0,0.0,0.1,37195,
12602,409984,-1.7,0.0,11.11,1,0.0,0.0,0.1,37195,
12603,409984,-1.5,0.0,14.29,1,0.0,0.0,0.1,37195,
12604,409984,11.6,1.0,0.0,0,,,0.1,37195,
12605,409984,-2.4,0.0,13.33,2,0.0,0.0,0.1,37195,
12606,410048,-1.4,0.0,40.0,2,0.0,0.5,0.1,37205,
12607,410112,-4.6,0.0,14.71,5,0.2,0.0,0.1,37218,
12608,410112,-0.8,0.0,10.0,1,0.0,0.0,0.1,37218,
12609,410176,-1.7,0.0,11.11,1,0.0,0.0,0.1,37229,
12610,410176,-4.8,0.0,15.69,8,0.125,0.25,0.1,37229,
12611,410176,-2.8,0.0,10.53,2,0.0,0.0,0.1,37229,
12612,410176,-2.4,0.0,13.33,2,0.0,0.0,0.1,37229,
12613,410240,-5.1,0.0,21.57,11,0.1818,0.2727,0.1,37240,
12614,410240,-1.4,0.0,13.33,2,0.5,0.0,0.1,37240,
12615,410240,-3.0,0.0,21.05,4,0.0,0.5,0.1,37240,
12616,410240,-0.6,0.0,12.5,1,0.0,0.0,0.1,37240,
12617,410240,-2.5,0.0,5.88,1,0.0,0.0,0.1,37240,
12618,410304,-4.2,0.0,9.38,3,0.0,0.0,0.1,37248,
12619,410304,-5.0,0.0,19.44,7,0.0,0.2857,0.1,37248,
12620,410304,-5.3,0.0,5.88,3,0.3333,0.3333,0.1,37248,
12621,410368,-1.9,0.0,9.09,1,0.0,0.0,0.1,37253,
12622,410368,10.5,1.0,14.29,2,0.0,0.5,0.1,37253,
12623,410432,-3.4,0.0,12.12,4,0.0,0.0,0.1,37262,
12624,410432,-4.4,0.0,12.12,4,0.0,0.25,0.1,37262,
12625,410432,-4.5,0.0,11.76,4,0.25,0.5,0.1,37262,
12626,410496,11.6,1.0,0.0,0,,,0.1,37277,
12627,410496,-1.7,0.0,11.11,1,0.0,0.0,0.1,37277,
12628,410496,-2.6,0.0,5.56,1,0.0,0.0,0.1,37277,
12629,410496,-4.0,0.0,2.38,1,0.0,0.0,0.1,37277,
12630,410496,-1.7,0.0,11.11,1,0.0,0.0,0.1,37277,
12631,410496,-0.7,0.0,11.11,1,0.0,0.0,0.1,37277,
12632,410496,-3.7,0.0,7.14,2,0.0,0.0,0.1,37277,
12633,410560,-2.9,0.0,10.0,2,0.0,0.0,0.1,37291,
12634,410560,-1.7,0.0,11.11,1,0.0,0.0,0.1,37291,
12635,410624,-5.2,0.0,23.53,12,0.0833,0.0833,0.1,37307,
12636,410624,-2.2,0.0,7.14,1,0.0,0.0,0.1,37307,
12637,410624,-3.8,0.0,10.71,3,0.0,0.0,0.1,37307,
12638,410688,-5.4,0.0,7.84,4,0.0,0.25,0.1,37315,
12639,410688,-1.7,0.0,25.0,2,0.0,0.0,0.1,37315,
12640,410752,9.3,1.0,0.0,0,,,0.1,37327,
12641,410752,-2.3,0.0,30.0,6,0.0,0.0,0.1,37327,
12642,410752,-2.7,0.0,11.11,2,0.0,0.5,0.1,37327,
12643,410752,-2.9,0.0,4.76,1,0.0,0.0,0.1,37327,
12644,410816,10.6,1.0,25.0,3,0.0,0.0,0.1,37336,
12645,410880,11.7,1.0,0.0,0,,,0.1,37351,
12646,410880,-3.0,0.0,9.52,2,0.0,0.0,0.1,37351,
12647,410880,-0.5,0.0,14.29,1,0.0,0.0,0.1,37351,
12648,410880,-1.9,0.0,9.09,1,0.0,0.0,0.1,37351,
12649,410880,10.5,1.0,14.29,2,0.0,0.0,0.1,37351,
12650,410944,-4.1,0.0,25.93,7,0.0,0.2857,0.1,37362,
12651,410944,-0.5,0.0,14.29,1,0.0,0.0,0.1,37362,
12652,410944,-1.8,0.0,22.22,2,0.0,0.0,0.1,37362,
12653,411008,-3.8,0.0,34.78,8,0.0,0.0,0.1,37373,
12654,411008,-3.3,0.0,5.88,2,0.0,0.0,0.1,37373,
12655,411136,8.8,1.0,10.0,3,0.0,0.3333,0.1,37397,
12656,411136,-1.4,0.0,16.67,1,0.0,0.0,0.1,37397,
12657,411136,9.7,1.0,9.09,2,0.5,0.5,0.1,37397,
12658,411136,-2.3,0.0,33.33,4,0.25,0.25,0.1,37397,
12659,411264,-2.7,0.0,20.0,5,0.0,0.2,0.1,37417,
12660,411264,-1.8,0.0,10.0,1,0.0,0.0,0.1,37417,
12661,411264,-1.0,0.0,18.18,2,0.0,0.0,0.1,37417,
12662,411328,-0.4,0.0,16.67,1,0.0,0.0,0.1,37429,
12663,411328,11.5,1.0,0.0,0,,,0.1,37429,
12664,411328,-1.5,0.0,14.29,1,0.0,0.0,0.1,37429,
12665,411328,-5.8,0.0,27.5,11,0.0909,0.2727,0.1,37429,
12666,411328,-2.8,0.0,23.53,4,0.0,0.0,0.1,37429,
12667,411328,-1.8,0.0,10.0,1,0.0,0.0,0.1,37429,
12668,411392,-2.3,0.0,14.29,2,0.0,0.0,0.1,37437,
12669,411392,-4.5,0.0,45.45,15,0.0,0.1333,0.1,37437,
12670,411456,-5.1,0.0,1.96,1,0.0,1.0,0.1,37449,
12671,411520,-5.1,0.0,7.32,3,0.0,0.0,0.1,37460,
12672,411584,-2.0,0.0,35.29,6,0.0,0.5,0.1,37470,
12673,411584,-0.6,0.0,28.57,2,0.0,0.0,0.1,37470,
12674,411648,11.6,1.0,0.0,0,,,0.1,37481,
12675,411648,-5.8,0.0,15.69,8,0.125,0.0,0.1,37481,
12676,411712,-1.9,0.0,9.09,1,0.0,0.0,0.1,37494,
12677,411712,-2.3,0.0,6.67,1,0.0,0.0,0.1,37494,
12678,411712,-6.7,0.0,17.65,9,0.1111,0.2222,0.1,37494,
12679,411712,-2.4,0.0,30.77,4,0.0,0.25,0.1,37494,
12680,411712,-5.3,0.0,25.49,13,0.0769,0.3077,0.1,37494,
12681,411776,-2.2,0.0,15.38,2,0.5,0.0,0.1,37507,
12682,411776,-1.3,0.0,20.0,1,0.0,0.0,0.1,37507,
12683,411776,-6.0,0.0,19.61,10,0.0,0.3,0.1,37507,
12684,411840,-1.5,0.0,20.0,3,0.0,0.0,0.1,37517,
12685,411840,-0.6,0.0,12.5,1,0.0,0.0,0.1,37517,
12686,411840,-5.4,0.0,7.84,4,0.0,0.5,0.1,37517,
12687,411840,-5.3,0.0,5.88,3,0.0,0.0,0.1,37517,
12688,411904,-2.2,0.0,7.14,1,0.0,0.0,0.1,37525,
12689,411904,-5.6,0.0,31.37,16,0.125,0.3125,0.1,37525,
12690,412032,-1.6,0.0,12.5,1,0.0,0.0,0.1,37550,
12691,412032,-2.2,0.0,7.14,1,0.0,0.0,0.1,37550,
12692,412032,-2.2,0.0,4.17,1,0.0,0.0,0.1,37550,
12693,412096,-2.9,0.0,10.34,3,0.3333,0.0,0.1,37559,
12694,412096,-4.0,0.0,22.86,8,0.25,0.25,0.1,37559,
12695,412160,-2.9,0.0,4.76,1,0.0,0.0,0.1,37573,
12696,412160,-1.3,0.0,20.0,1,0.0,0.0,0.1,37573,
12697,412160,-1.5,0.0,14.29,1,0.0,0.0,0.1,37573,
12698,412160,-2.1,0.0,16.67,2,0.0,0.0,0.1,37573,
12699,412160,-4.0,0.0,13.79,4,0.0,0.0,0.1,37573,
12700,412224,-0.7,0.0,25.0,2,0.0,0.0,0.1,37580,
12701,412224,-5.5,0.0,20.0,8,0.125,0.25,0.1,37580,
12702,412224,-5.3,0.0,25.49,13,0.0769,0.0,0.1,37580,
12703,412288,-1.6,0.0,5.56,1,0.0,0.0,0.1,37588,
12704,412288,7.9,1.0,31.25,10,0.1,0.4,0.1,37588,
12705,412288,-1.5,0.0,33.33,2,0.5,0.5,0.1,37588,
12706,412288,-1.6,0.0,12.5,1,0.0,0.0,0.1,37588,
12707,412352,-0.3,0.0,20.0,1,0.0,0.0,0.1,37600,
12708,412352,-2.5,0.0,12.5,2,0.0,0.0,0.1,37600,
12709,412352,-5.1,0.0,29.41,10,0.1,0.3,0.1,37600,
12710,412352,-5.2,0.0,23.53,12,0.1667,0.25,0.1,37600,
12711,412352,-3.3,0.0,13.04,3,0.0,0.3333,0.1,37600,
12712,412352,-1.7,0.0,25.0,2,0.0,0.0,0.1,37600,
12713,412480,11.6,1.0,25.0,1,1.0,1.0,0.1,37610,
12714,412544,-6.2,0.0,23.53,12,0.0,0.0,0.1,37616,
12715,412544,-2.7,0.0,5.26,1,0.0,0.0,0.1,37616,
12716,412608,-1.8,0.0,22.22,2,0.0,0.0,0.1,37629,
12717,412608,-2.2,0.0,15.38,2,0.0,0.5,0.1,37629,
12718,412608,-2.9,0.0,10.0,2,0.0,0.0,0.1,37629,
12719,412608,-1.3,0.0,20.0,1,0.0,0.0,0.1,37629,
12720,412608,-4.1,0.0,7.32,3,0.3333,0.0,0.1,37629,
12721,412608,-4.7,0.0,21.95,9,0.0,0.2222,0.1,37629,
12722,412672,-4.2,0.0,2.94,1,0.0,0.0,0.1,37639,
12723,412672,-1.6,0.0,12.5,1,0.0,0.0,0.1,37639,
12724,412736,-2.0,0.0,27.78,5,0.0,0.0,0.1,37654,
12725,412736,-3.2,0.0,13.64,3,0.0,0.0,0.1,37654,
12726,412736,-2.6,0.0,5.56,1,0.0,0.0,0.1,37654,
12727,412736,-3.5,0.0,8.57,3,0.3333,0.3333,0.1,37654,
12728,412736,-1.2,0.0,7.14,1,0.0,0.0,0.1,37654,
12729,412736,-2.5,0.0,5.88,1,0.0,0.0,0.1,37654,
12730,412800,11.3,1.0,0.0,0,,,0.1,37664,
12731,412800,-1.8,0.0,37.5,3,0.3333,0.6667,0.1,37664,
12732,412800,-1.7,0.0,11.11,1,0.0,0.0,0.1,37664,
12733,412800,-1.5,0.0,14.29,1,0.0,0.0,0.1,37664,
12734,412864,-1.9,0.0,9.09,1,0.0,0.0,0.1,37674,
12735,412864,-3.6,0.0,16.0,4,0.0,0.5,0.1,37674,
12736,412992,-1.3,0.0,20.0,1,0.0,0.0,0.1,37687,
12737,412992,-4.8,0.0,15.69,8,0.125,0.375,0.1,37687,
12738,413056,-2.0,0.0,18.18,2,0.5,0.0,0.1,37699,
12739,413056,-5.7,0.0,13.64,6,0.0,0.1667,0.1,37699,
12740,413120,-1.7,0.0,25.0,4,0.0,0.0,0.1,37707,
12741,413120,-2.5,0.0,28.57,4,0.0,0.25,0.1,37707,
12742,413248,-1.0,0.0,18.18,2,0.0,0.0,0.1,37723,
12743,413248,-5.1,0.0,21.57,11,0.0909,0.3636,0.1,37723,
12744,413248,-1.8,0.0,10.0,1,0.0,0.0,0.1,37723,
12745,413312,-1.5,0.0,14.29,1,0.0,0.0,0.1,37731,
12746,413312,-1.7,0.0,11.11,2,0.0,0.0,0.1,37731,
12747,413376,-1.9,0.0,9.09,1,0.0,0.0,0.1,37741,
12748,413376,-4.8,0.0,15.69,8,0.125,0.5,0.1,37741,
12749,413376,-5.4,0.0,27.45,14,0.0714,0.2143,0.1,37741,
12750,413376,-3.9,0.0,23.08,6,0.0,0.1667,0.1,37741,
12751,413440,-1.5,0.0,5.88,1,0.0,0.0,0.1,37749,
12752,413440,-4.1,0.0,21.43,6,0.0,0.1667,0.1,37749,
12753,413440,-1.4,0.0,16.67,1,0.0,0.0,0.1,37749,
12754,413440,-1.8,0.0,10.0,1,0.0,0.0,0.1,37749,
12755,413504,-1.7,0.0,25.0,2,0.0,0.0,0.1,37758,
12756,413504,-1.3,0.0,33.33,4,0.0,0.0,0.1,37758,
12757,413504,-0.9,0.0,9.09,1,0.0,0.0,0.1,37758,
12758,413504,-5.1,0.0,21.57,11,0.0,0.2727,0.1,37758,
12759,413568,-4.5,0.0,9.8,5,0.2,0.2,0.1,37764,
12760,413568,-5.2,0.0,3.92,2,0.0,0.0,0.1,37764,
12761,413568,-2.4,0.0,13.33,2,0.0,0.5,0.1,37764,
12762,413632,-2.0,0.0,8.33,1,0.0,0.0,0.1,37776,
12763,413632,-1.8,0.0,37.5,3,0.0,0.0,0.1,37776,
12764,413696,-1.3,0.0,20.0,1,0.0,0.0,0.1,37784,
12765,413696,-5.8,0.0,15.69,8,0.25,0.25,0.1,37784,
12766,413696,-3.1,0.0,14.29,3,0.0,0.0,0.1,37784,
12767,413696,-1.5,0.0,5.88,1,0.0,0.0,0.1,37784,
12768,413696,-4.5,0.0,9.8,5,0.0,0.0,0.1,37784,
12769,413760,11.6,1.0,0.0,0,,,0.1,37789,
12770,413760,-2.3,0.0,6.67,1,0.0,0.0,0.1,37789,
12771,413760,-5.7,0.0,13.73,7,0.2857,0.0,0.1,37789,
12772,413824,-1.7,0.0,11.11,1,0.0,0.0,0.1,37799,
12773,413824,-1.5,0.0,5.88,1,0.0,0.0,0.1,37799,
12774,413824,-6.2,0.0,23.53,12,0.3333,0.0833,0.1,37799,
12775,413888,-5.0,0.0,4.88,2,0.0,0.0,0.1,37804,
12776,413888,11.2,1.0,12.5,1,1.0,1.0,0.1,37804,
12777,413888,-2.6,0.0,5.56,1,0.0,0.0,0.1,37804,
12778,413888,-5.5,0.0,9.8,5,0.0,0.6,0.1,37804,
12779,413952,-2.0,0.0,18.18,2,0.5,0.0,0.1,37813,
12780,413952,11.5,1.0,0.0,0,,,0.1,37813,
12781,413952,-1.8,0.0,10.0,1,0.0,0.0,0.1,37813,
12782,413952,-6.3,0.0,45.1,23,0.1304,0.1739,0.1,37813,
12783,414016,-4.9,0.0,17.65,9,0.1111,0.4444,0.1,37816,
12784,414016,-5.8,0.0,15.69,8,0.0,0.625,0.1,37816,
12785,414016,-3.1,0.0,26.32,5,0.0,0.2,0.1,37816,
12786,414080,-2.9,0.0,6.67,2,0.0,0.0,0.1,37822,
12787,414080,-4.2,0.0,2.94,1,0.0,0.0,0.1,37822,
12788,414080,-1.7,0.0,11.11,1,0.0,0.0,0.1,37822,
12789,414144,-3.9,0.0,3.23,1,0.0,0.0,0.1,37828,
12790,414144,-1.9,0.0,9.09,1,0.0,0.0,0.1,37828,
12791,414144,11.0,1.0,10.0,1,0.0,1.0,0.1,37828,
12792,414144,6.2,1.0,37.21,16,0.1875,0.25,0.1,37828,
12793,414144,-5.3,0.0,5.88,3,0.0,0.3333,0.1,37828,
12794,414144,-1.7,0.0,25.0,2,0.5,0.0,0.1,37828,
12795,414208,-4.2,0.0,2.94,1,0.0,0.0,0.1,37841,
12796,414208,-1.7,0.0,25.0,2,0.0,0.0,0.1,37841,
12797,414272,-0.5,0.0,14.29,1,0.0,0.0,0.1,37853,
12798,414272,-1.6,0.0,12.5,1,0.0,0.0,0.1,37853,
12799,414336,-2.5,0.0,5.88,1,0.0,0.0,0.1,37859,
12800,414336,10.5,1.0,6.67,1,0.0,0.0,0.1,37859,
12801,414400,-5.2,0.0,3.92,2,0.0,0.5,0.1,37866,
12802,414464,-4.0,0.0,10.0,3,0.0,0.6667,0.1,37873,
12803,414464,11.4,1.0,0.0,0,,,0.1,37873,
12804,414464,-1.6,0.0,12.5,1,0.0,0.0,0.1,37873,
12805,414528,10.4,1.0,6.25,1,0.0,0.0,0.1,37884,
12806,414528,-1.8,0.0,22.22,2,0.0,0.5,0.1,37884,
12807,414528,-0.9,0.0,9.09,1,0.0,0.0,0.1,37884,
12808,414528,-1.4,0.0,16.67,1,0.0,0.0,0.1,37884,
12809,414528,-1.7,0.0,17.65,3,0.0,0.0,0.1,37884,
12810,414528,-2.1,0.0,7.69,1,0.0,0.0,0.1,37884,
12811,414528,-5.5,0.0,29.41,15,0.0,0.2,0.1,37884,
12812,414592,-2.2,0.0,7.14,1,0.0,0.0,0.1,37893,
12813,414656,-1.5,0.0,5.88,1,0.0,0.0,0.1,37898,
12814,414656,-2.1,0.0,16.67,2,0.0,0.5,0.1,37898,
12815,414720,-4.2,0.0,12.9,4,0.0,0.25,0.1,37904,
12816,414784,-2.2,0.0,13.64,3,0.0,0.0,0.1,37914,
12817,414784,-2.2,0.0,7.14,1,0.0,0.0,0.1,37914,
12818,414784,-1.9,0.0,20.0,2,0.5,0.0,0.1,37914,
12819,414848,-4.1,0.0,17.24,5,0.0,0.0,0.1,37924,
12820,414848,-2.3,0.0,8.33,2,0.0,0.0,0.1,37924,
12821,414848,-0.9,0.0,9.09,1,0.0,0.0,0.1,37924,
12822,414976,10.5,1.0,14.29,2,0.0,0.0,0.1,37937,
12823,414976,-6.9,0.0,37.25,19,0.1053,0.3158,0.1,37937,
12824,414976,11.1,1.0,42.86,3,0.0,0.3333,0.1,37937,
12825,414976,-4.3,0.0,5.88,3,0.0,0.0,0.1,37937,
12826,415040,-1.2,0.0,25.0,1,0.0,0.0,0.1,37945,
12827,415040,-5.1,0.0,1.96,1,0.0,0.0,0.1,37945,
12828,415040,-1.6,0.0,12.5,1,0.0,0.0,0.1,37945,
12829,415104,-5.1,0.0,1.96,1,0.0,0.0,0.1,37952,
12830,415168,-2.3,0.0,23.08,3,0.0,0.3333,0.1,37956,
12831,415232,-1.9,0.0,9.09,1,0.0,0.0,0.1,37964,
12832,415232,-0.9,0.0,9.09,1,0.0,0.0,0.1,37964,
12833,415232,-4.2,0.0,6.06,2,0.0,0.0,0.1,37964,
12834,415232,-1.0,0.0,18.18,2,0.0,0.5,0.1,37964,
12835,415232,-4.7,0.0,2.56,1,0.0,0.0,0.1,37964,
12836,415296,-2.4,0.0,6.25,1,0.0,0.0,0.1,37975,
12837,415296,-1.6,0.0,5.56,1,0.0,0.0,0.1,37975,
12838,415360,-5.5,0.0,9.8,5,0.0,0.0,0.1,37984,
12839,415360,-3.0,0.0,15.0,3,0.0,0.0,0.1,37984,
12840,415360,-1.3,0.0,20.0,1,0.0,0.0,0.1,37984,
12841,415360,-3.1,0.0,13.33,4,0.25,0.25,0.1,37984,
12842,415360,-0.7,0.0,25.0,2,0.0,0.0,0.1,37984,
12843,415424,11.4,1.0,16.67,1,0.0,0.0,0.1,37990,
12844,415552,8.7,1.0,21.43,6,0.3333,0.1667,0.1,38004,
12845,415552,-5.5,0.0,4.35,2,0.0,0.0,0.1,38004,
12846,415552,-1.8,0.0,22.22,2,0.0,0.0,0.1,38004,
12847,415552,-5.7,0.0,33.33,17,0.1765,0.0588,0.1,38004,
12848,415552,-2.8,0.0,34.78,8,0.0,0.125,0.1,38004,
12849,415616,9.0,1.0,10.71,3,0.0,0.3333,0.1,38016,
12850,415616,-2.4,0.0,6.25,1,0.0,0.0,0.1,38016,
12851,415616,-2.0,0.0,8.33,1,0.0,0.0,0.1,38016,
12852,415616,-2.4,0.0,13.33,2,0.0,0.0,0.1,38016,
12853,415616,-5.0,0.0,0.0,0,,,0.1,38016,
12854,415616,9.0,1.0,3.33,1,0.0,0.0,0.1,38016,
12855,415616,-2.1,0.0,7.69,1,0.0,0.0,0.1,38016,
12856,415616,9.6,1.0,0.0,0,,,0.1,38016,
12857,415616,-2.0,0.0,8.33,1,0.0,0.0,0.1,38016,
12858,415616,-5.1,0.0,21.57,11,0.0909,0.1818,0.1,38016,
12859,415680,-3.4,0.0,3.85,1,0.0,0.0,0.1,38025,
12860,415744,-5.7,0.0,2.04,1,0.0,0.0,0.1,38031,
12861,415744,8.7,1.0,21.43,6,0.0,0.3333,0.1,38031,
12862,415744,-5.9,0.0,17.65,9,0.2222,0.1111,0.1,38031,
12863,415744,-1.6,0.0,12.5,1,0.0,0.0,0.1,38031,
12864,415744,-0.7,0.0,11.11,1,0.0,0.0,0.1,38031,
12865,415808,-3.3,0.0,8.33,2,0.0,0.0,0.1,38038,
12866,415808,-2.0,0.0,9.52,2,0.5,0.5,0.1,38038,
12867,415872,11.2,1.0,12.5,1,0.0,0.0,0.1,38046,
12868,415872,-4.4,0.0,7.84,4,0.25,0.25,0.1,38046,
12869,415936,-1.9,0.0,10.0,2,0.0,0.0,0.1,38052,
12870,415936,-4.4,0.0,5.71,2,0.0,0.5,0.1,38052,
12871,415936,-0.3,0.0,20.0,1,0.0,0.0,0.1,38052,
12872,416000,-2.2,0.0,7.14,1,0.0,0.0,0.1,38059,
12873,416000,-1.8,0.0,10.0,1,0.0,0.0,0.1,38059,
12874,416000,-5.4,0.0,7.84,4,0.25,0.25,0.1,38059,
12875,416064,-2.2,0.0,15.38,2,0.0,0.0,0.1,38068,
12876,416064,11.4,1.0,0.0,0,,,0.1,38068,
12877,416064,-1.5,0.0,33.33,2,0.0,0.0,0.1,38068,
12878,416128,-3.5,0.0,7.69,2,0.0,0.0,0.1,38080,
12879,416128,-2.7,0.0,11.11,2,0.5,0.0,0.1,38080,
12880,416128,-4.3,0.0,16.13,5,0.0,0.2,0.1,38080,
12881,416128,-2.2,0.0,15.38,2,0.5,0.5,0.1,38080,
12882,416320,-6.1,0.0,41.18,21,0.0476,0.2857,0.1,38105,
12883,416320,-1.1,0.0,16.67,2,0.5,0.0,0.1,38105,
12884,416384,-1.7,0.0,11.11,1,0.0,0.0,0.1,38117,
12885,416384,-5.1,0.0,2.33,1,0.0,0.0,0.1,38117,
12886,416384,-1.6,0.0,12.5,1,0.0,0.0,0.1,38117,
12887,416384,-5.4,0.0,20.51,8,0.125,0.25,0.1,38117,
12888,416384,-1.6,0.0,5.56,1,0.0,0.0,0.1,38117,
12889,416448,-1.3,0.0,20.0,1,0.0,0.0,0.1,38121,
12890,416512,-2.6,0.0,5.56,1,0.0,0.0,0.1,38130,
12891,416512,-1.3,0.0,14.29,2,0.0,0.0,0.1,38130,
12892,416512,-4.1,0.0,10.0,4,0.25,0.0,0.1,38130,
12893,416576,-2.4,0.0,13.33,2,0.5,0.0,0.1,38138,
12894,416576,-1.6,0.0,26.67,4,0.25,0.0,0.1,38138,
12895,416576,-3.6,0.0,18.18,6,0.0,0.1667,0.1,38138,
12896,416640,9.5,1.0,4.0,1,0.0,0.0,0.1,38148,
12897,416640,-1.6,0.0,12.5,1,0.0,0.0,0.1,38148,
12898,416640,-1.5,0.0,12.5,2,0.0,0.5,0.1,38148,
12899,416640,10.8,1.0,8.33,1,0.0,0.0,0.1,38148,
12900,416704,-5.7,0.0,8.7,4,0.0,0.25,0.1,38158,
12901,416704,-1.9,0.0,9.09,1,0.0,0.0,0.1,38158,
12902,416704,-3.9,0.0,6.67,2,0.5,0.0,0.1,38158,
12903,416704,-3.5,0.0,3.7,1,0.0,0.0,0.1,38158,
12904,416768,-4.9,0.0,5.0,2,0.0,0.0,0.1,38164,
12905,416768,-4.2,0.0,9.38,3,0.0,0.0,0.1,38164,
12906,416768,-6.4,0.0,27.45,14,0.0714,0.2857,0.1,38164,
12907,416832,-2.8,0.0,5.0,1,0.0,0.0,0.1,38175,
12908,416832,-3.4,0.0,8.0,2,0.0,0.0,0.1,38175,
12909,416832,-5.0,0.0,0.0,0,,,0.1,38175,
12910,416896,-1.7,0.0,11.11,1,0.0,0.0,0.1,38181,
12911,416896,-2.4,0.0,13.33,2,0.0,0.0,0.1,38181,
12912,416896,-2.6,0.0,5.56,1,0.0,0.0,0.1,38181,
12913,416960,-1.8,0.0,22.22,2,0.0,0.0,0.1,38191,
12914,416960,-1.8,0.0,10.53,2,0.0,0.0,0.1,38191,
12915,416960,-1.3,0.0,20.0,1,0.0,0.0,0.1,38191,
12916,416960,-1.2,0.0,7.14,1,0.0,0.0,0.1,38191,
12917,416960,-2.3,0.0,6.67,1,0.0,0.0,0.1,38191,
12918,417024,-2.3,0.0,13.04,3,0.0,0.3333,0.1,38199,
12919,417024,-0.3,0.0,20.0,1,0.0,0.0,0.1,38199,
12920,417024,-2.7,0.0,17.65,3,0.0,0.3333,0.1,38199,
12921,417088,7.7,1.0,33.33,11,0.0,0.3636,0.1,38208,
12922,417088,-1.3,0.0,20.0,1,0.0,0.0,0.1,38208,
12923,417088,-1.6,0.0,12.5,1,0.0,0.0,0.1,38208,
12924,417088,11.4,1.0,0.0,0,,,0.1,38208,
12925,417152,6.4,1.0,11.76,6,0.1667,0.5,0.1,38212,
12926,417152,10.0,1.0,23.53,4,0.25,0.5,0.1,38212,
12927,417216,-2.0,0.0,8.33,1,0.0,0.0,0.1,38219,
12928,417280,-2.6,0.0,5.56,1,0.0,0.0,0.1,38224,
12929,417344,11.7,1.0,0.0,0,,,0.1,38232,
12930,417344,-4.2,0.0,9.38,3,0.0,0.3333,0.1,38232,
12931,417344,-1.1,0.0,7.69,1,0.0,0.0,0.1,38232,
12932,417344,-1.4,0.0,16.67,1,0.0,0.0,0.1,38232,
12933,417344,-2.5,0.0,20.0,3,0.0,0.3333,0.1,38232,
12934,417408,-1.4,0.0,21.43,3,0.0,0.3333,0.1,38236,
12935,417408,-3.0,0.0,4.55,1,0.0,0.0,0.1,38236,
12936,417408,-3.4,0.0,3.85,1,0.0,0.0,0.1,38236,
12937,417408,-5.3,0.0,5.88,3,0.3333,0.0,0.1,38236,
12938,417472,-1.7,0.0,11.11,1,0.0,0.0,0.1,38249,
12939,417472,-2.9,0.0,29.41,5,0.0,0.0,0.1,38249,
12940,417472,-5.4,0.0,7.84,4,0.0,0.0,0.1,38249,
12941,417472,-2.2,0.0,15.38,2,0.0,0.0,0.1,38249,
12942,417472,-2.1,0.0,16.67,2,0.0,0.0,0.1,38249,
12943,417472,-1.4,0.0,16.67,1,0.0,0.0,0.1,38249,
12944,417472,-1.6,0.0,12.5,1,0.0,0.0,0.1,38249,
12945,417536,-2.3,0.0,6.67,1,0.0,0.0,0.1,38256,
12946,417536,-4.5,0.0,22.58,7,0.0,0.2857,0.1,38256,
12947,417536,-3.8,0.0,3.33,1,0.0,0.0,0.1,38256,
12948,417536,10.5,1.0,14.29,2,0.5,0.5,0.1,38256,
12949,417600,-5.0,0.0,0.0,0,,,0.1,38263,
12950,417664,-5.2,0.0,23.53,12,0.1667,0.1667,0.1,38269,
12951,417664,-3.0,0.0,9.52,2,0.0,0.0,0.1,38269,
12952,417664,-2.3,0.0,14.29,2,0.5,0.0,0.1,38269,
12953,417728,-3.5,0.0,15.15,5,0.0,0.2,0.1,38278,
12954,417728,7.8,1.0,10.26,4,0.0,0.0,0.1,38278,
12955,417728,-4.7,0.0,8.11,3,0.0,0.0,0.1,38278,
12956,417792,-6.5,0.0,29.41,15,0.1333,0.3333,0.1,38284,
12957,417792,-5.5,0.0,29.41,15,0.2,0.0667,0.1,38284,
12958,417792,-3.5,0.0,3.7,1,0.0,0.0,0.1,38284,
12959,417792,-3.0,0.0,4.55,1,0.0,0.0,0.1,38284,
12960,417792,-2.0,0.0,8.33,1,0.0,0.0,0.1,38284,
12961,417856,-1.6,0.0,12.5,1,0.0,0.0,0.1,38294,
12962,417856,-4.1,0.0,3.03,1,0.0,0.0,0.1,38294,
12963,417856,-1.5,0.0,14.29,1,0.0,0.0,0.1,38294,
12964,417856,11.6,1.0,0.0,0,,,0.1,38294,
12965,417856,-2.0,0.0,15.0,3,0.3333,0.0,0.1,38294,
12966,417920,-3.8,0.0,20.59,7,0.1429,0.0,0.1,38306,
12967,417920,-1.5,0.0,14.29,1,0.0,0.0,0.1,38306,
12968,417920,-2.1,0.0,7.69,1,0.0,0.0,0.1,38306,
12969,417920,-2.1,0.0,7.69,1,0.0,0.0,0.1,38306,
12970,417920,-3.2,0.0,4.17,1,0.0,0.0,0.1,38306,
12971,417984,-5.0,0.0,4.88,2,0.0,0.0,0.1,38314,
12972,417984,-2.0,0.0,18.18,2,0.0,0.0,0.1,38314,
12973,417984,-2.2,0.0,15.38,2,0.5,0.5,0.1,38314,
12974,418048,11.1,1.0,25.0,2,0.0,0.5,0.1,38325,
12975,418048,9.9,1.0,22.22,4,0.25,0.5,0.1,38325,
12976,418048,-1.1,0.0,27.27,3,0.3333,0.3333,0.1,38325,
12977,418048,-1.7,0.0,11.11,1,0.0,0.0,0.1,38325,
12978,418048,-3.6,0.0,11.43,4,0.25,0.25,0.1,38325,
12979,418112,-1.5,0.0,14.29,1,0.0,0.0,0.1,38332,
12980,418240,11.6,1.0,0.0,0,,,0.1,38349,
12981,418240,-2.4,0.0,12.5,3,0.0,0.0,0.1,38349,
12982,418240,11.4,1.0,16.67,1,1.0,1.0,0.1,38349,
12983,418304,-1.8,0.0,10.0,1,0.0,0.0,0.1,38356,
12984,418368,11.4,1.0,16.67,1,0.0,1.0,0.1,38372,
12985,418368,-2.3,0.0,23.08,3,0.0,0.6667,0.1,38372,
12986,418368,-1.9,0.0,9.09,1,0.0,0.0,0.1,38372,
12987,418368,-1.7,0.0,25.0,4,0.0,0.0,0.1,38372,
12988,418368,-3.9,0.0,10.34,3,0.0,0.3333,0.1,38372,
12989,418432,-1.8,0.0,22.22,2,0.0,0.0,0.1,38384,
12990,418432,-3.3,0.0,4.0,1,0.0,0.0,0.1,38384,
12991,418432,-1.9,0.0,33.33,3,0.3333,0.3333,0.1,38384,
12992,418432,-2.7,0.0,25.0,4,0.0,0.0,0.1,38384,
12993,418432,-1.5,0.0,33.33,2,0.0,0.0,0.1,38384,
12994,418496,-1.8,0.0,22.22,2,0.0,0.0,0.1,38390,
12995,418496,-1.4,0.0,6.25,1,0.0,0.0,0.1,38390,
12996,418560,-0.7,0.0,25.0,2,0.5,0.5,0.1,38398,
12997,418560,-3.7,0.0,3.45,1,0.0,0.0,0.1,38398,
12998,418624,-2.6,0.0,5.56,1,0.0,0.0,0.1,38407,
12999,418624,-3.7,0.0,7.14,2,0.0,0.5,0.1,38407,
13000,418624,9.6,1.0,0.0,0,,,0.1,38407,
13001,418688,-1.8,0.0,10.0,1,0.0,0.0,0.1,38423,
13002,418688,11.3,1.0,14.29,1,0.0,1.0,0.1,38423,
13003,418688,-2.1,0.0,16.67,2,0.0,0.0,0.1,38423,
13004,418688,-2.7,0.0,17.65,3,0.0,0.3333,0.1,38423,
13005,418688,-4.3,0.0,5.88,3,0.0,0.3333,0.1,38423,
13006,418688,-2.0,0.0,8.33,1,0.0,0.0,0.1,38423,
13007,418688,-1.6,0.0,28.57,2,0.0,0.0,0.1,38423,
13008,418752,-1.3,0.0,6.67,1,0.0,0.0,0.1,38433,
13009,418752,-2.2,0.0,25.0,5,0.0,0.2,0.1,38433,
13010,418752,-2.3,0.0,6.67,1,0.0,0.0,0.1,38433,
13011,418752,-2.4,0.0,6.25,1,0.0,0.0,0.1,38433,
13012,418752,10.6,1.0,0.0,0,,,0.1,38433,
13013,418816,-0.4,0.0,16.67,1,0.0,0.0,0.1,38443,
13014,418816,-2.3,0.0,45.45,5,0.2,0.2,0.1,38443,
13015,418816,-5.4,0.0,27.45,14,0.0,0.4286,0.1,38443,
13016,418816,-1.4,0.0,16.67,1,0.0,0.0,0.1,38443,
13017,418816,-2.2,0.0,7.14,1,0.0,0.0,0.1,38443,
13018,418880,-1.7,0.0,25.0,2,0.0,0.0,0.1,38453,
13019,418880,-2.6,0.0,11.76,2,0.0,0.0,0.1,38453,
13020,418880,-6.0,0.0,39.22,20,0.15,0.1,0.1,38453,
13021,418880,-5.4,0.0,7.84,4,0.25,0.5,0.1,38453,
13022,418944,-2.2,0.0,7.14,1,0.0,0.0,0.1,38462,
13023,418944,8.5,1.0,28.57,8,0.375,0.25,0.1,38462,
13024,419008,10.3,1.0,12.5,2,1.0,1.0,0.1,38470,
13025,419136,-2.4,0.0,3.85,1,0.0,0.0,0.1,38491,
13026,419136,-2.1,0.0,16.67,2,0.0,0.5,0.1,38491,
13027,419136,-4.5,0.0,15.15,5,0.2,0.0,0.1,38491,
13028,419136,-3.2,0.0,13.64,3,0.0,0.3333,0.1,38491,
13029,419200,-1.4,0.0,16.67,1,0.0,0.0,0.1,38503,
13030,419200,8.8,1.0,13.79,4,0.0,0.25,0.1,38503,
13031,419200,-3.0,0.0,9.52,2,0.0,0.0,0.1,38503,
13032,419200,-5.0,0.0,19.61,10,0.1,0.3,0.1,38503,
13033,419264,-1.7,0.0,11.11,1,0.0,0.0,0.1,38513,
13034,419264,10.5,1.0,14.29,2,0.0,0.5,0.1,38513,
13035,419264,11.6,1.0,0.0,0,,,0.1,38513,
13036,419264,-0.9,0.0,20.0,2,0.0,0.0,0.1,38513,
13037,419328,-2.5,0.0,16.67,4,0.25,0.0,0.1,38522,
13038,419328,-2.8,0.0,6.9,2,0.0,0.0,0.1,38522,
13039,419328,-2.3,0.0,6.67,1,0.0,0.0,0.1,38522,
13040,419392,-2.0,0.0,30.0,3,0.3333,0.3333,0.1,38532,
13041,419392,-2.5,0.0,33.33,7,0.1429,0.2857,0.1,38532,
13042,419392,-0.9,0.0,9.09,1,0.0,0.0,0.1,38532,
13043,419392,-1.6,0.0,12.5,1,0.0,0.0,0.1,38532,
13044,419392,-5.0,0.0,19.61,10,0.2,0.2,0.1,38532,
13045,419456,-2.0,0.0,18.18,2,0.0,0.0,0.1,38537,
13046,419456,-4.7,0.0,14.29,5,0.0,0.2,0.1,38537,
13047,419456,-3.5,0.0,12.0,3,0.0,0.0,0.1,38537,
13048,419520,10.3,1.0,28.57,4,0.0,0.25,0.1,38543,
13049,419520,-1.2,0.0,25.0,1,0.0,0.0,0.1,38543,
13050,419520,-1.3,0.0,20.0,1,0.0,0.0,0.1,38543,
13051,419520,-2.5,0.0,12.5,2,0.0,0.0,0.1,38543,
13052,419584,-5.4,0.0,11.9,5,0.0,0.0,0.1,38550,
13053,419584,-2.3,0.0,23.81,5,0.0,0.0,0.1,38550,
13054,419584,-4.2,0.0,2.94,1,0.0,0.0,0.1,38550,
13055,419648,-2.3,0.0,6.67,1,0.0,0.0,0.1,38556,
13056,419712,-0.5,0.0,14.29,1,0.0,0.0,0.1,38564,
13057,419712,-1.3,0.0,20.0,1,0.0,0.0,0.1,38564,
13058,419712,10.3,1.0,12.5,2,0.0,0.0,0.1,38564,
13059,419712,-1.7,0.0,11.11,1,0.0,0.0,0.1,38564,
13060,419840,-0.8,0.0,10.0,1,0.0,0.0,0.1,38578,
13061,419840,-3.4,0.0,12.5,3,0.0,0.6667,0.1,38578,
13062,419904,-5.1,0.0,10.0,4,0.0,0.25,0.1,38585,
13063,419904,-1.6,0.0,12.5,1,0.0,0.0,0.1,38585,
13064,419904,6.5,1.0,14.29,7,0.1429,0.2857,0.1,38585,
13065,419968,-2.6,0.0,5.56,1,0.0,0.0,0.1,38594,
13066,419968,-4.9,0.0,10.53,4,0.0,0.25,0.1,38594,
13067,419968,-3.3,0.0,8.33,2,0.0,0.0,0.1,38594,
13068,420032,-1.1,0.0,16.67,2,0.0,0.0,0.1,38601,
13069,420032,-1.8,0.0,10.0,1,0.0,0.0,0.1,38601,
13070,420032,-3.1,0.0,4.35,1,0.0,0.0,0.1,38601,
13071,420096,-5.6,0.0,11.76,6,0.0,0.3333,0.1,38611,
13072,420096,-3.5,0.0,3.7,1,0.0,0.0,0.1,38611,
13073,420096,-2.9,0.0,4.76,1,0.0,0.0,0.1,38611,
13074,420096,11.2,1.0,12.5,1,0.0,1.0,0.1,38611,
13075,420160,10.4,1.0,13.33,2,0.0,0.0,0.1,38621,
13076,420160,-1.6,0.0,12.5,1,0.0,0.0,0.1,38621,
13077,420160,-2.3,0.0,23.81,5,0.0,0.4,0.1,38621,
13078,420224,-4.5,0.0,9.8,5,0.2,0.2,0.1,38630,
13079,420224,-1.9,0.0,9.09,1,0.0,0.0,0.1,38630,
13080,420224,-5.4,0.0,7.84,4,0.0,0.5,0.1,38630,
13081,420224,-5.3,0.0,5.88,3,0.0,0.3333,0.1,38630,
13082,420288,-1.5,0.0,14.29,1,0.0,0.0,0.1,38643,
13083,420288,-2.4,0.0,8.0,2,0.0,0.0,0.1,38643,
13084,420288,-2.4,0.0,3.85,1,0.0,0.0,0.1,38643,
13085,420288,-1.4,0.0,21.43,3,0.0,0.6667,0.1,38643,
13086,420288,-2.3,0.0,23.08,3,0.0,0.0,0.1,38643,
13087,420288,-1.7,0.0,11.11,1,0.0,0.0,0.1,38643,
13088,420352,-1.4,0.0,16.67,1,0.0,0.0,0.1,38651,
13089,420352,-1.2,0.0,7.14,1,0.0,0.0,0.1,38651,
13090,420416,-2.4,0.0,6.25,1,0.0,0.0,0.1,38659,
13091,420416,-1.6,0.0,12.5,1,0.0,0.0,0.1,38659,
13092,420416,8.9,1.0,33.33,8,0.375,0.25,0.1,38659,
13093,420480,-4.4,0.0,15.62,5,0.0,0.2,0.1,38667,
13094,420480,8.9,1.0,14.29,4,0.25,0.25,0.1,38667,
13095,420480,11.6,1.0,0.0,0,,,0.1,38667,
13096,420480,-3.6,0.0,21.88,7,0.0,0.0,0.1,38667,
13097,420480,10.2,1.0,5.56,1,0.0,0.0,0.1,38667,
13098,420544,-1.6,0.0,11.76,2,0.0,0.0,0.1,38679,
13099,420544,-0.7,0.0,11.11,1,0.0,0.0,0.1,38679,
13100,420544,-1.1,0.0,7.69,1,0.0,0.0,0.1,38679,
13101,420544,-3.4,0.0,12.5,3,0.0,0.0,0.1,38679,
13102,420544,-1.5,0.0,14.29,1,0.0,0.0,0.1,38679,
13103,420608,-2.0,0.0,18.18,2,0.5,0.0,0.1,38685,
13104,420608,-1.8,0.0,23.53,4,0.0,0.25,0.1,38685,
13105,420608,-0.8,0.0,22.22,2,0.0,0.0,0.1,38685,
13106,420672,-4.2,0.0,16.67,5,0.0,0.0,0.1,38694,
13107,420672,-6.0,0.0,19.61,10,0.1,0.3,0.1,38694,
13108,420672,-2.4,0.0,13.33,2,0.0,0.5,0.1,38694,
13109,420672,-2.6,0.0,5.56,1,0.0,0.0,0.1,38694,
13110,420672,-1.7,0.0,11.11,1,0.0,0.0,0.1,38694,
13111,420800,-1.6,0.0,12.5,1,0.0,0.0,0.1,38715,
13112,420800,-1.4,0.0,40.0,2,0.5,0.0,0.1,38715,
13113,420800,-2.1,0.0,4.35,1,0.0,0.0,0.1,38715,
13114,420800,-1.8,0.0,10.53,2,0.0,0.0,0.1,38715,
13115,420864,-3.4,0.0,3.85,1,0.0,0.0,0.1,38721,
13116,420864,-1.8,0.0,22.22,2,0.0,0.0,0.1,38721,
13117,420928,-2.7,0.0,5.26,1,0.0,0.0,0.1,38729,
13118,420928,-1.4,0.0,16.67,1,0.0,0.0,0.1,38729,
13119,420928,-0.9,0.0,20.0,2,0.5,0.0,0.1,38729,
13120,420928,-1.9,0.0,9.09,1,0.0,0.0,0.1,38729,
13121,420992,-5.0,0.0,19.61,10,0.1,0.0,0.1,38742,
13122,420992,-4.1,0.0,3.03,1,0.0,0.0,0.1,38742,
13123,420992,-1.7,0.0,11.11,1,0.0,0.0,0.1,38742,
13124,420992,-3.1,0.0,9.09,2,0.0,0.0,0.1,38742,
13125,420992,-1.9,0.0,9.09,1,0.0,0.0,0.1,38742,
13126,420992,-0.3,0.0,20.0,1,0.0,0.0,0.1,38742,
13127,421056,-2.1,0.0,7.69,1,0.0,0.0,0.1,38753,
13128,421056,-1.9,0.0,9.09,1,0.0,0.0,0.1,38753,
13129,421120,-2.4,0.0,6.25,1,0.0,0.0,0.1,38763,
13130,421120,11.4,1.0,0.0,0,,,0.1,38763,
13131,421184,11.4,1.0,16.67,1,1.0,1.0,0.1,38775,
13132,421184,9.9,1.0,15.79,3,0.0,0.3333,0.1,38775,
13133,421184,11.7,1.0,0.0,0,,,0.1,38775,
13134,421184,-1.8,0.0,10.0,1,0.0,0.0,0.1,38775,
13135,421248,-1.8,0.0,10.0,1,0.0,0.0,0.1,38782,
13136,421248,-4.3,0.0,5.88,3,0.0,0.3333,0.1,38782,
13137,421248,-2.0,0.0,8.33,1,0.0,0.0,0.1,38782,
13138,421248,-1.2,0.0,25.0,1,0.0,0.0,0.1,38782,
13139,421312,-1.3,0.0,20.0,1,0.0,0.0,0.1,38790,
13140,421376,-2.5,0.0,5.88,1,0.0,0.0,0.1,38801,
13141,421440,-1.6,0.0,12.5,1,0.0,0.0,0.1,38808,
13142,421504,9.1,1.0,42.86,9,0.0,0.3333,0.1,38816,
13143,421504,-2.3,0.0,6.67,1,0.0,0.0,0.1,38816,
13144,421568,11.0,1.0,22.22,2,0.5,0.5,0.1,38828,
13145,421632,-3.7,0.0,7.14,2,0.0,0.5,0.1,38840,
13146,421632,-1.7,0.0,25.0,2,0.0,0.0,0.1,38840,
13147,421632,-5.4,0.0,6.82,3,0.0,0.3333,0.1,38840,
13148,421696,-1.6,0.0,12.5,1,0.0,0.0,0.1,38850,
13149,421696,-2.9,0.0,15.79,3,0.0,0.3333,0.1,38850,
13150,421760,-1.6,0.0,12.5,1,0.0,0.0,0.1,38858,
13151,421760,-5.4,0.0,27.45,14,0.0714,0.1429,0.1,38858,
13152,421760,-0.7,0.0,11.11,1,0.0,0.0,0.1,38858,
13153,421760,-2.2,0.0,31.58,6,0.0,0.1667,0.1,38858,
13154,421824,-2.0,0.0,8.33,1,0.0,0.0,0.1,38866,
13155,421824,-6.0,0.0,10.42,5,0.0,0.4,0.1,38866,
13156,421824,-5.9,0.0,37.25,19,0.0526,0.2105,0.1,38866,
13157,421824,10.5,1.0,23.08,3,0.3333,0.3333,0.1,38866,
13158,421888,-3.3,0.0,18.18,4,0.25,0.0,0.1,38874,
13159,421888,-2.0,0.0,8.33,1,0.0,0.0,0.1,38874,
13160,421888,-3.1,0.0,9.09,2,0.0,0.5,0.1,38874,
13161,421888,-1.5,0.0,5.88,1,0.0,0.0,0.1,38874,
13162,421888,-3.7,0.0,7.14,2,0.0,0.0,0.1,38874,
13163,421952,-1.9,0.0,9.09,1,0.0,0.0,0.1,38885,
13164,421952,-1.5,0.0,20.0,3,0.0,0.0,0.1,38885,
13165,421952,-5.2,0.0,3.92,2,0.0,0.0,0.1,38885,
13166,421952,-0.3,0.0,20.0,1,0.0,0.0,0.1,38885,
13167,421952,-4.4,0.0,23.68,9,0.1111,0.1111,0.1,38885,
13168,421952,-1.3,0.0,20.0,1,0.0,0.0,0.1,38885,
13169,422016,-3.7,0.0,20.0,5,0.0,0.2,0.1,38895,
13170,422016,-2.1,0.0,9.09,2,0.0,0.0,0.1,38895,
13171,422016,-1.9,0.0,9.09,1,0.0,0.0,0.1,38895,
13172,422080,-4.9,0.0,17.65,9,0.1111,0.2222,0.1,38901,
13173,422080,-5.2,0.0,12.24,6,0.0,0.3333,0.1,38901,
13174,422080,-2.8,0.0,5.0,1,0.0,0.0,0.1,38901,
13175,422080,-4.1,0.0,6.25,2,0.0,0.5,0.1,38901,
13176,422144,-0.5,0.0,14.29,1,0.0,0.0,0.1,38910,
13177,422144,-2.4,0.0,21.43,3,0.0,0.0,0.1,38910,
13178,422144,-5.3,0.0,5.88,3,0.0,0.0,0.1,38910,
13179,422272,-1.7,0.0,11.11,1,0.0,0.0,0.1,38931,
13180,422336,10.4,1.0,21.43,3,0.0,0.3333,0.1,38942,
13181,422336,-1.4,0.0,16.67,1,0.0,0.0,0.1,38942,
13182,422400,-2.4,0.0,6.25,1,0.0,0.0,0.1,38950,
13183,422400,-5.7,0.0,33.33,17,0.1765,0.2941,0.1,38950,
13184,422400,-5.5,0.0,9.8,5,0.2,0.4,0.1,38950,
13185,422400,-4.7,0.0,13.73,7,0.0,0.4286,0.1,38950,
13186,422400,11.2,1.0,12.5,1,0.0,0.0,0.1,38950,
13187,422400,-1.7,0.0,42.86,3,0.3333,0.0,0.1,38950,
13188,422464,-5.2,0.0,12.5,5,0.0,0.0,0.1,38956,
13189,422464,-3.3,0.0,9.09,3,0.0,0.3333,0.1,38956,
13190,422464,-2.1,0.0,7.69,1,0.0,0.0,0.1,38956,
13191,422528,-5.3,0.0,5.88,3,0.0,0.3333,0.1,38964,
13192,422528,-4.2,0.0,21.62,8,0.0,0.375,0.1,38964,
13193,422528,-3.2,0.0,19.05,4,0.0,0.25,0.1,38964,
13194,422592,-1.8,0.0,22.22,2,0.0,0.5,0.1,38975,
13195,422592,-3.1,0.0,9.68,3,0.0,0.0,0.1,38975,
13196,422592,-2.1,0.0,7.69,1,0.0,0.0,0.1,38975,
13197,422592,-1.9,0.0,9.09,1,0.0,0.0,0.1,38975,
13198,422592,-5.5,0.0,29.41,15,0.0667,0.3333,0.1,38975,
13199,422592,-3.5,0.0,2.7,1,0.0,0.0,0.1,38975,
13200,422592,-1.6,0.0,12.5,1,0.0,0.0,0.1,38975,
13201,422656,-1.6,0.0,12.5,1,0.0,0.0,0.1,38983,
13202,422656,-1.5,0.0,5.88,1,0.0,0.0,0.1,38983,
13203,422720,-1.1,0.0,16.67,2,0.0,0.0,0.1,38991,
13204,422784,-1.9,0.0,9.09,1,0.0,0.0,0.1,38998,
13205,422848,-2.6,0.0,11.76,2,0.0,0.0,0.1,39008,
13206,422848,-2.6,0.0,18.75,3,0.0,0.3333,0.1,39008,
13207,422912,9.7,1.0,33.33,6,0.1667,0.5,0.1,39016,
13208,422912,11.6,1.0,0.0,0,,,0.1,39016,
13209,422912,11.2,1.0,12.5,1,0.0,0.0,0.1,39016,
13210,422912,-2.0,0.0,8.33,1,0.0,0.0,0.1,39016,
13211,422976,-1.5,0.0,14.29,1,0.0,0.0,0.1,39026,
13212,423040,-2.9,0.0,29.41,5,0.0,0.2,0.1,39034,
13213,423040,-3.0,0.0,15.0,3,0.0,0.0,0.1,39034,
13214,423104,-1.6,0.0,12.5,1,0.0,0.0,0.1,39050,
13215,423104,-1.7,0.0,11.11,1,0.0,0.0,0.1,39050,
13216,423104,-2.0,0.0,18.18,2,0.0,0.5,0.1,39050,
13217,423104,11.3,1.0,0.0,0,,,0.1,39050,
13218,423168,-2.8,0.0,5.0,1,0.0,0.0,0.1,39061,
13219,423168,-1.6,0.0,12.5,1,0.0,0.0,0.1,39061,
13220,423232,-1.4,0.0,16.67,1,0.0,0.0,0.1,39075,
13221,423232,-3.1,0.0,26.32,5,0.0,0.0,0.1,39075,
13222,423232,-4.8,0.0,13.89,5,0.2,0.0,0.1,39075,
13223,423232,-4.2,0.0,12.9,4,0.0,0.25,0.1,39075,
13224,423232,-1.8,0.0,10.0,1,0.0,0.0,0.1,39075,
13225,423232,-2.1,0.0,7.69,1,0.0,0.0,0.1,39075,
13226,423232,8.2,1.0,5.41,2,0.5,1.0,0.1,39075,
13227,423232,-2.1,0.0,16.67,2,0.0,0.0,0.1,39075,
13228,423296,-1.5,0.0,20.0,3,0.3333,0.0,0.1,39084,
13229,423296,-1.8,0.0,10.0,1,0.0,0.0,0.1,39084,
13230,423296,-6.1,0.0,21.57,11,0.0,0.1818,0.1,39084,
13231,423296,11.5,1.0,0.0,0,,,0.1,39084,
13232,423296,-5.7,0.0,27.66,13,0.0769,0.1538,0.1,39084,
13233,423296,-4.3,0.0,6.98,3,0.0,0.6667,0.1,39084,
13234,423360,-3.4,0.0,12.5,3,0.3333,0.3333,0.1,39090,
13235,423424,-2.4,0.0,17.39,4,0.25,0.25,0.1,39101,
13236,423424,-5.1,0.0,12.82,5,0.0,0.0,0.1,39101,
13237,423424,-1.6,0.0,12.5,1,0.0,0.0,0.1,39101,
13238,423488,-1.6,0.0,18.75,3,0.0,0.0,0.1,39112,
13239,423488,-4.5,0.0,9.09,4,0.0,0.25,0.1,39112,
13240,423488,-4.2,0.0,3.92,2,0.5,0.0,0.1,39112,
13241,423552,-2.7,0.0,11.11,2,0.0,0.5,0.1,39122,
13242,423616,-0.6,0.0,12.5,1,0.0,0.0,0.1,39131,
13243,423616,8.1,1.0,21.21,7,0.1429,0.4286,0.1,39131,
13244,423616,8.8,1.0,17.86,5,0.4,0.2,0.1,39131,
13245,423680,-1.3,0.0,20.0,1,0.0,0.0,0.1,39143,
13246,423680,-5.7,0.0,13.73,7,0.1429,0.1429,0.1,39143,
13247,423680,-5.7,0.0,33.33,15,0.1333,0.2667,0.1,39143,
13248,423680,-2.8,0.0,24.0,6,0.1667,0.1667,0.1,39143,
13249,423744,-2.3,0.0,6.67,1,0.0,0.0,0.1,39153,
13250,423744,-2.4,0.0,21.43,3,0.0,0.3333,0.1,39153,
13251,423744,-1.5,0.0,14.29,1,0.0,0.0,0.1,39153,
13252,423808,-1.4,0.0,21.43,3,0.3333,0.0,0.1,39167,
13253,423808,-1.4,0.0,16.67,1,0.0,0.0,0.1,39167,
13254,423808,10.8,1.0,18.18,2,0.0,0.5,0.1,39167,
13255,423808,-2.7,0.0,7.14,2,0.0,0.0,0.1,39167,
13256,423808,-1.7,0.0,11.11,1,0.0,0.0,0.1,39167,
13257,423872,-3.2,0.0,9.38,3,0.0,0.0,0.1,39176,
13258,423872,8.9,1.0,39.13,9,0.3333,0.4444,0.1,39176,
13259,423872,-1.7,0.0,11.11,1,0.0,0.0,0.1,39176,
13260,423872,-1.8,0.0,10.0,1,0.0,0.0,0.1,39176,
13261,423936,-3.1,0.0,4.35,1,0.0,0.0,0.1,39188,
13262,423936,-4.1,0.0,1.96,1,0.0,0.0,0.1,39188,
13263,423936,-6.7,0.0,33.33,17,0.0588,0.0,0.1,39188,
13264,423936,-1.4,0.0,13.33,2,0.0,0.0,0.1,39188,
13265,423936,-2.9,0.0,4.76,1,0.0,0.0,0.1,39188,
13266,423936,-0.3,0.0,20.0,1,0.0,0.0,0.1,39188,
13267,423936,-2.9,0.0,15.79,3,0.3333,0.0,0.1,39188,
13268,423936,-2.1,0.0,27.27,3,0.0,0.6667,0.1,39188,
13269,423936,7.7,1.0,15.79,6,0.1667,0.0,0.1,39188,
13270,424000,-3.3,0.0,12.5,4,0.25,0.0,0.1,39197,
13271,424064,-2.0,0.0,8.33,1,0.0,0.0,0.1,39205,
13272,424064,-5.2,0.0,22.22,10,0.0,0.3,0.1,39205,
13273,424064,11.3,1.0,14.29,1,0.0,1.0,0.1,39205,
13274,424128,-5.7,0.0,13.73,7,0.1429,0.0,0.1,39211,
13275,424128,-2.5,0.0,5.88,1,0.0,0.0,0.1,39211,
13276,424128,-2.3,0.0,23.08,3,0.0,0.3333,0.1,39211,
13277,424192,-1.7,0.0,11.11,1,0.0,0.0,0.1,39218,
13278,424256,-1.5,0.0,14.29,1,0.0,0.0,0.1,39224,
13279,424256,-4.9,0.0,17.65,9,0.1111,0.1111,0.1,39224,
13280,424256,-1.3,0.0,20.0,1,0.0,0.0,0.1,39224,
13281,424320,-4.5,0.0,9.8,5,0.0,0.0,0.1,39232,
13282,424320,-2.7,0.0,5.26,1,0.0,0.0,0.1,39232,
13283,424320,-2.7,0.0,17.65,3,0.0,0.3333,0.1,39232,
13284,424384,11.6,1.0,0.0,0,,,0.1,39238,
13285,424448,-1.7,0.0,25.0,2,0.0,0.0,0.1,39251,
13286,424448,-2.4,0.0,6.25,1,0.0,0.0,0.1,39251,
13287,424448,-2.0,0.0,8.33,1,0.0,0.0,0.1,39251,
13288,424448,10.9,1.0,9.09,1,0.0,0.0,0.1,39251,
13289,424448,-1.9,0.0,9.09,1,0.0,0.0,0.1,39251,
13290,424448,-1.7,0.0,25.0,2,0.0,0.0,0.1,39251,
13291,424512,-2.1,0.0,7.69,1,0.0,0.0,0.1,39260,
13292,424576,-1.8,0.0,23.53,4,0.0,0.25,0.1,39269,
13293,424576,-1.8,0.0,10.0,1,0.0,0.0,0.1,39269,
13294,424640,-1.6,0.0,12.5,1,0.0,0.0,0.1,39280,
13295,424640,11.8,1.0,0.0,0,,,0.1,39280,
13296,424640,-4.8,0.0,5.13,2,0.0,0.5,0.1,39280,
13297,424704,-2.8,0.0,10.53,2,0.0,0.0,0.1,39290,
13298,424768,-6.3,0.0,33.33,14,0.0,0.2143,0.1,39299,
13299,424768,-3.1,0.0,14.29,3,0.3333,0.0,0.1,39299,
13300,424768,-5.3,0.0,31.43,11,0.0909,0.2727,0.1,39299,
13301,424832,-4.4,0.0,5.71,2,0.0,0.0,0.1,39308,
13302,424832,-1.6,0.0,12.5,1,0.0,0.0,0.1,39308,
13303,424832,-2.3,0.0,14.29,2,0.0,0.0,0.1,39308,
13304,424896,-1.8,0.0,10.0,1,0.0,0.0,0.1,39313,
13305,424960,9.4,1.0,50.0,9,0.1111,0.2222,0.1,39320,
13306,424960,-1.3,0.0,20.0,1,0.0,0.0,0.1,39320,
13307,425024,-3.6,0.0,7.41,2,0.0,0.5,0.1,39329,
13308,425024,-2.3,0.0,6.67,1,0.0,0.0,0.1,39329,
13309,425088,-2.9,0.0,15.79,3,0.0,0.3333,0.1,39339,
13310,425088,9.6,1.0,25.0,5,0.0,0.2,0.1,39339,
13311,425088,-1.8,0.0,10.0,1,0.0,0.0,0.1,39339,
13312,425088,-2.9,0.0,10.34,3,0.3333,0.0,0.1,39339,
13313,425088,-2.8,0.0,16.67,3,0.0,0.0,0.1,39339,
13314,425088,10.5,1.0,33.33,4,0.25,0.75,0.1,39339,
13315,425088,-1.6,0.0,12.5,1,0.0,0.0,0.1,39339,
13316,425152,-5.4,0.0,4.44,2,0.0,0.0,0.1,39351,
13317,425152,8.6,1.0,16.67,5,0.2,0.4,0.1,39351,
13318,425152,-1.2,0.0,25.0,3,0.3333,0.3333,0.1,39351,
13319,425152,-5.1,0.0,1.96,1,1.0,1.0,0.1,39351,
13320,425152,-6.1,0.0,21.57,11,0.3636,0.1818,0.1,39351,
13321,425216,-2.0,0.0,15.0,3,0.0,0.0,0.1,39360,
13322,425216,-4.8,0.0,24.24,8,0.0,0.25,0.1,39360,
13323,425216,-2.5,0.0,5.88,1,0.0,0.0,0.1,39360,
13324,425344,11.1,1.0,25.0,2,0.5,0.5,0.1,39377,
13325,425344,-0.6,0.0,12.5,1,0.0,0.0,0.1,39377,
13326,425344,-1.7,0.0,25.0,2,0.0,0.0,0.1,39377,
13327,425344,8.1,1.0,17.65,6,0.5,0.1667,0.1,39377,
13328,425344,-3.6,0.0,14.71,5,0.2,0.2,0.1,39377,
13329,425408,-1.2,0.0,25.0,1,0.0,0.0,0.1,39386,
13330,425408,-3.9,0.0,6.67,2,0.0,0.0,0.1,39386,
13331,425472,-1.7,0.0,42.86,3,0.0,0.0,0.1,39393,
13332,425472,-4.3,0.0,2.86,1,0.0,0.0,0.1,39393,
13333,425472,-1.3,0.0,20.0,1,0.0,0.0,0.1,39393,
13334,425536,-1.3,0.0,20.0,1,0.0,0.0,0.1,39402,
13335,425536,-1.9,0.0,29.41,5,0.0,0.2,0.1,39402,
13336,425536,-3.3,0.0,28.57,8,0.125,0.25,0.1,39402,
13337,425600,-4.4,0.0,17.5,7,0.0,0.2857,0.1,39408,
13338,425600,-3.1,0.0,6.25,2,0.0,0.5,0.1,39408,
13339,425600,-5.1,0.0,1.96,1,0.0,0.0,0.1,39408,
13340,425664,-5.1,0.0,1.96,1,0.0,0.0,0.1,39417,
13341,425664,-1.7,0.0,11.11,1,0.0,0.0,0.1,39417,
13342,425728,-4.0,0.0,3.12,1,0.0,0.0,0.1,39424,
13343,425728,-0.7,0.0,11.11,1,0.0,0.0,0.1,39424,
13344,425792,-3.5,0.0,12.0,3,0.0,0.0,0.1,39432,
13345,425856,-2.2,0.0,13.64,3,0.3333,0.3333,0.1,39438,
13346,425856,-5.4,0.0,27.45,14,0.2143,0.3571,0.1,39438,
13347,425984,-3.6,0.0,20.83,5,0.0,0.0,0.1,39457,
13348,425984,-1.8,0.0,22.22,2,0.0,0.0,0.1,39457,
13349,425984,-2.2,0.0,7.14,1,0.0,0.0,0.1,39457,
13350,426048,-0.7,0.0,11.11,1,0.0,0.0,0.1,39469,
13351,426048,-2.2,0.0,15.38,2,0.0,0.0,0.1,39469,
13352,426048,-3.9,0.0,18.52,5,0.2,0.4,0.1,39469,
13353,426048,-1.3,0.0,20.0,1,0.0,0.0,0.1,39469,
13354,426048,9.4,1.0,17.39,4,0.25,0.5,0.1,39469,
13355,426112,-4.1,0.0,17.24,5,0.0,0.2,0.1,39482,
13356,426112,-3.1,0.0,4.35,1,0.0,0.0,0.1,39482,
13357,426112,10.4,1.0,6.25,1,0.0,0.0,0.1,39482,
13358,426112,-2.4,0.0,6.25,1,0.0,0.0,0.1,39482,
13359,426176,-4.5,0.0,9.8,5,0.0,0.2,0.1,39494,
13360,426176,-1.7,0.0,11.11,1,0.0,0.0,0.1,39494,
13361,426176,-3.0,0.0,15.0,3,0.0,0.3333,0.1,39494,
13362,426240,-0.2,0.0,25.0,1,0.0,0.0,0.1,39499,
13363,426240,9.7,1.0,20.0,4,0.25,0.5,0.1,39499,
13364,426240,-3.2,0.0,25.0,7,0.1429,0.2857,0.1,39499,
13365,426240,-0.2,0.0,25.0,1,0.0,0.0,0.1,39499,
13366,426304,-1.3,0.0,50.0,2,0.5,0.5,0.1,39509,
13367,426304,-1.2,0.0,25.0,1,0.0,0.0,0.1,39509,
13368,426304,-1.2,0.0,25.0,1,0.0,0.0,0.1,39509,
13369,426304,-4.2,0.0,9.38,3,0.3333,0.3333,0.1,39509,
13370,426368,-1.1,0.0,7.69,1,0.0,0.0,0.1,39522,
13371,426368,-2.5,0.0,7.69,2,0.0,0.0,0.1,39522,
13372,426368,-5.0,0.0,10.26,4,0.25,0.0,0.1,39522,
13373,426368,-2.0,0.0,4.55,1,0.0,0.0,0.1,39522,
13374,426496,-4.4,0.0,7.84,4,0.0,0.25,0.1,39543,
13375,426496,-3.7,0.0,8.11,3,0.0,0.3333,0.1,39543,
13376,426560,-3.7,0.0,7.14,2,0.0,0.0,0.1,39556,
13377,426560,-5.5,0.0,29.41,15,0.0667,0.3333,0.1,39556,
13378,426560,-2.8,0.0,10.53,2,0.0,0.0,0.1,39556,
13379,426560,-3.6,0.0,3.57,1,0.0,0.0,0.1,39556,
13380,426624,-1.4,0.0,21.43,3,0.3333,0.0,0.1,39569,
13381,426624,-1.8,0.0,23.53,4,0.25,0.25,0.1,39569,
13382,426624,-1.5,0.0,33.33,2,0.0,0.0,0.1,39569,
13383,426624,-1.3,0.0,20.0,1,0.0,0.0,0.1,39569,
13384,426624,9.3,1.0,16.67,4,0.0,0.75,0.1,39569,
13385,426624,-3.2,0.0,4.17,1,0.0,0.0,0.1,39569,
13386,426688,-1.8,0.0,10.0,1,0.0,0.0,0.1,39577,
13387,426688,-2.7,0.0,17.65,3,0.0,0.0,0.1,39577,
13388,426688,-2.7,0.0,5.26,1,0.0,0.0,0.1,39577,
13389,426752,-1.8,0.0,10.0,1,0.0,0.0,0.1,39585,
13390,426816,-2.1,0.0,7.69,1,0.0,0.0,0.1,39595,
13391,426816,-3.8,0.0,19.23,5,0.0,0.6,0.1,39595,
13392,426880,-1.6,0.0,12.5,1,0.0,0.0,0.1,39609,
13393,426880,-0.3,0.0,20.0,1,0.0,0.0,0.1,39609,
13394,426944,-6.3,0.0,25.49,13,0.0,0.3077,0.1,39624,
13395,426944,-5.6,0.0,2.08,1,0.0,0.0,0.1,39624,
13396,426944,-0.9,0.0,33.33,3,0.0,0.3333,0.1,39624,
13397,427008,-2.3,0.0,23.08,3,0.3333,0.0,0.1,39633,
13398,427072,-4.6,0.0,11.76,6,0.0,0.1667,0.1,39644,
13399,427072,-5.1,0.0,21.57,11,0.0,0.3636,0.1,39644,
13400,427072,-3.5,0.0,12.0,3,0.0,0.0,0.1,39644,
13401,427136,-6.1,0.0,41.18,21,0.2381,0.3333,0.1,39649,
13402,427136,-1.7,0.0,11.11,1,0.0,0.0,0.1,39649,
13403,427136,11.5,1.0,20.0,1,1.0,1.0,0.1,39649,
13404,427200,-2.2,0.0,7.14,1,0.0,0.0,0.1,39654,
13405,427200,-4.6,0.0,11.76,6,0.1667,0.5,0.1,39654,
13406,427200,-5.3,0.0,25.49,13,0.0769,0.4615,0.1,39654,
13407,427264,-4.6,0.0,11.76,6,0.0,0.0,0.1,39662,
13408,427264,-1.5,0.0,20.0,3,0.0,0.0,0.1,39662,
13409,427264,-2.2,0.0,7.14,1,0.0,0.0,0.1,39662,
13410,427264,-1.4,0.0,13.33,2,0.0,0.0,0.1,39662,
13411,427328,-4.2,0.0,12.5,5,0.0,0.0,0.1,39670,
13412,427328,-4.5,0.0,9.8,5,0.2,0.0,0.1,39670,
13413,427328,-1.6,0.0,5.56,1,0.0,0.0,0.1,39670,
13414,427328,-1.9,0.0,15.79,3,0.0,0.0,0.1,39670,
13415,427392,-1.5,0.0,14.29,1,0.0,0.0,0.1,39682,
13416,427392,-2.0,0.0,8.33,1,0.0,0.0,0.1,39682,
13417,427392,-2.8,0.0,10.53,2,0.0,0.0,0.1,39682,
13418,427392,-3.7,0.0,20.0,5,0.2,0.0,0.1,39682,
13419,427456,-1.9,0.0,9.09,1,0.0,0.0,0.1,39691,
13420,427520,-3.5,0.0,5.56,2,0.0,0.5,0.1,39701,
13421,427520,-3.6,0.0,31.82,7,0.0,0.4286,0.1,39701,
13422,427584,-1.6,0.0,12.5,1,0.0,0.0,0.1,39711,
13423,427584,-5.7,0.0,31.58,12,0.0833,0.0833,0.1,39711,
13424,427584,11.0,1.0,10.0,1,0.0,0.0,0.1,39711,
13425,427584,-2.2,0.0,7.14,1,0.0,0.0,0.1,39711,
13426,427648,-0.5,0.0,14.29,1,0.0,0.0,0.1,39720,
13427,427712,-2.6,0.0,5.56,1,0.0,0.0,0.1,39726,
13428,427776,-1.7,0.0,66.67,4,0.25,0.25,0.1,39734,
13429,427776,-5.4,0.0,7.84,4,0.25,0.25,0.1,39734,
13430,427776,-1.3,0.0,14.29,2,0.0,0.0,0.1,39734,
13431,427776,-3.0,0.0,4.55,1,0.0,0.0,0.1,39734,
13432,427840,-5.3,0.0,17.95,7,0.0,0.1429,0.1,39745,
13433,427840,-4.2,0.0,12.9,4,0.0,0.0,0.1,39745,
13434,427840,-1.7,0.0,25.0,2,0.0,0.0,0.1,39745,
13435,427840,-2.5,0.0,12.0,3,0.3333,0.0,0.1,39745,
13436,427840,11.3,1.0,0.0,0,,,0.1,39745,
13437,427840,-0.4,0.0,16.67,1,0.0,0.0,0.1,39745,
13438,427840,11.0,1.0,22.22,2,0.0,0.5,0.1,39745,
13439,427904,-6.2,0.0,23.53,12,0.0833,0.1667,0.1,39760,
13440,427904,-1.3,0.0,20.0,1,0.0,0.0,0.1,39760,
13441,427904,-1.2,0.0,15.38,2,0.0,0.0,0.1,39760,
13442,427904,-3.9,0.0,23.08,6,0.0,0.3333,0.1,39760,
13443,427904,-1.3,0.0,20.0,1,0.0,0.0,0.1,39760,
13444,427968,-1.7,0.0,11.11,1,0.0,0.0,0.1,39769,
13445,428096,-1.0,0.0,18.18,2,0.0,0.0,0.1,39786,
13446,428096,-4.9,0.0,10.53,4,0.25,0.0,0.1,39786,
13447,428096,-1.1,0.0,7.69,1,0.0,0.0,0.1,39786,
13448,428096,-2.6,0.0,31.82,7,0.2857,0.2857,0.1,39786,
13449,428224,-3.3,0.0,4.0,1,0.0,0.0,0.1,39802,
13450,428224,-5.4,0.0,4.44,2,0.0,0.0,0.1,39802,
13451,428224,-3.3,0.0,8.33,2,0.0,0.0,0.1,39802,
13452,428224,-4.2,0.0,21.62,8,0.125,0.0,0.1,39802,
13453,428288,-4.9,0.0,17.65,9,0.1111,0.3333,0.1,39809,
13454,428288,-1.5,0.0,14.29,1,0.0,0.0,0.1,39809,
13455,428288,-1.5,0.0,14.29,1,0.0,0.0,0.1,39809,
13456,428288,-3.1,0.0,41.18,7,0.1429,0.4286,0.1,39809,
13457,428352,-5.5,0.0,29.41,15,0.1333,0.3333,0.1,39815,
13458,428480,-0.9,0.0,9.09,1,0.0,0.0,0.1,39834,
13459,428480,9.9,1.0,15.79,3,0.0,0.0,0.1,39834,
13460,428480,-2.3,0.0,14.29,2,0.0,0.0,0.1,39834,
13461,428480,-3.2,0.0,8.7,2,0.0,0.0,0.1,39834,
13462,428544,-2.3,0.0,6.67,1,0.0,0.0,0.1,39837,
13463,428544,-1.0,0.0,8.33,1,0.0,0.0,0.1,39837,
13464,428608,-5.5,0.0,2.13,1,0.0,0.0,0.1,39852,
13465,428608,-2.3,0.0,14.29,2,0.0,0.0,0.1,39852,
13466,428608,-4.2,0.0,3.92,2,0.0,0.0,0.1,39852,
13467,428608,-5.6,0.0,11.76,6,0.0,0.0,0.1,39852,
13468,428608,-1.9,0.0,9.09,1,0.0,0.0,0.1,39852,
13469,428608,-2.2,0.0,8.7,2,0.0,0.0,0.1,39852,
13470,428672,-2.5,0.0,12.0,3,0.0,0.3333,0.1,39864,
13471,428672,-1.1,0.0,16.67,2,0.0,0.0,0.1,39864,
13472,428672,-4.4,0.0,7.84,4,0.0,0.75,0.1,39864,
13473,428672,-1.6,0.0,28.57,2,0.0,0.0,0.1,39864,
13474,428672,-4.7,0.0,17.65,6,0.0,0.1667,0.1,39864,
13475,428736,-1.5,0.0,14.29,1,0.0,0.0,0.1,39876,
13476,428800,-3.4,0.0,8.82,3,0.0,0.0,0.1,39887,
13477,428800,-5.5,0.0,29.41,15,0.0,0.4,0.1,39887,
13478,428864,-3.3,0.0,4.0,1,0.0,0.0,0.1,39898,
13479,428864,-3.7,0.0,14.29,5,0.0,0.0,0.1,39898,
13480,428928,9.3,1.0,40.0,8,0.125,0.25,0.1,39912,
13481,428928,-2.1,0.0,27.27,3,0.0,0.3333,0.1,39912,
13482,428928,-5.8,0.0,15.69,8,0.125,0.25,0.1,39912,
13483,428928,-2.1,0.0,9.09,2,0.0,0.0,0.1,39912,
13484,428928,-1.9,0.0,20.0,2,0.0,0.0,0.1,39912,
13485,428928,-2.5,0.0,5.88,1,0.0,0.0,0.1,39912,
13486,428992,8.4,1.0,27.59,8,0.0,0.0,0.1,39926,
13487,428992,-3.1,0.0,33.33,6,0.1667,0.1667,0.1,39926,
13488,428992,-1.3,0.0,20.0,1,0.0,0.0,0.1,39926,
13489,429120,-2.6,0.0,18.75,3,0.0,0.3333,0.1,39944,
13490,429120,-1.4,0.0,21.43,3,0.0,0.0,0.1,39944,
13491,429120,-6.8,0.0,27.08,13,0.0769,0.3846,0.1,39944,
13492,429184,-1.8,0.0,22.22,2,0.0,0.0,0.1,39956,
13493,429184,11.7,1.0,0.0,0,,,0.1,39956,
13494,429184,-2.9,0.0,10.0,2,0.0,0.0,0.1,39956,
13495,429184,-1.3,0.0,20.0,1,0.0,0.0,0.1,39956,
13496,429184,-2.7,0.0,7.14,2,0.0,0.0,0.1,39956,
13497,429248,8.1,1.0,21.21,7,0.1429,0.2857,0.1,39960,
13498,429248,-1.8,0.0,10.0,1,0.0,0.0,0.1,39960,
13499,429312,-3.4,0.0,12.5,3,0.0,0.3333,0.1,39964,
13500,429376,-3.6,0.0,14.71,5,0.0,0.2,0.1,39972,
13501,429376,-2.9,0.0,10.0,2,0.0,0.0,0.1,39972,
13502,429376,-5.0,0.0,0.0,0,,,0.1,39972,
13503,429376,-2.6,0.0,35.71,5,0.2,0.4,0.1,39972,
13504,429376,-0.7,0.0,11.11,1,0.0,0.0,0.1,39972,
13505,429440,-2.8,0.0,16.67,3,0.0,0.0,0.1,39980,
13506,429440,-5.4,0.0,6.82,3,0.0,0.0,0.1,39980,
13507,429440,-2.3,0.0,14.29,2,0.0,0.0,0.1,39980,
13508,429440,-1.5,0.0,14.29,1,0.0,0.0,0.1,39980,
13509,429440,-5.5,0.0,17.07,7,0.0,0.1429,0.1,39980,
13510,429504,-2.9,0.0,23.08,6,0.0,0.1667,0.1,39986,
13511,429504,-2.8,0.0,14.81,4,0.0,0.0,0.1,39986,
13512,429504,-2.5,0.0,28.57,4,0.0,0.25,0.1,39986,
13513,429504,-4.4,0.0,8.82,3,0.3333,0.0,0.1,39986,
13514,429504,5.8,1.0,23.53,12,0.0833,0.25,0.1,39986,
13515,429568,-0.8,0.0,10.0,1,0.0,0.0,0.1,39993,
13516,429568,-0.9,0.0,9.09,1,0.0,0.0,0.1,39993,
13517,429568,-2.2,0.0,7.14,1,0.0,0.0,0.1,39993,
13518,429632,-1.9,0.0,9.09,1,0.0,0.0,0.1,40002,
13519,429632,-3.2,0.0,13.64,3,0.0,0.0,0.1,40002,
13520,429696,11.5,1.0,20.0,1,1.0,0.0,0.1,40011,
13521,429760,-4.3,0.0,5.88,3,0.0,0.6667,0.1,40017,
13522,429824,-1.4,0.0,40.0,2,0.0,0.0,0.1,40025,
13523,429824,-5.0,0.0,0.0,0,,,0.1,40025,
13524,429888,-2.7,0.0,7.14,2,0.0,0.0,0.1,40036,
13525,429888,-6.2,0.0,23.53,12,0.1667,0.25,0.1,40036,
13526,429888,-1.4,0.0,16.67,1,0.0,0.0,0.1,40036,
13527,429888,-1.9,0.0,9.09,1,0.0,0.0,0.1,40036,
13528,429952,-2.4,0.0,6.25,1,0.0,0.0,0.1,40047,
13529,429952,-1.9,0.0,4.76,1,0.0,0.0,0.1,40047,
13530,429952,-3.0,0.0,3.12,1,0.0,0.0,0.1,40047,
13531,429952,-3.6,0.0,16.0,4,0.0,0.25,0.1,40047,
13532,430016,-1.5,0.0,33.33,2,0.5,0.5,0.1,40055,
13533,430080,-2.0,0.0,9.52,2,0.0,0.5,0.1,40066,
13534,430080,-3.1,0.0,9.09,2,0.0,0.0,0.1,40066,
13535,430080,9.4,1.0,17.39,4,0.0,0.0,0.1,40066,
13536,430080,8.1,1.0,14.29,5,0.0,0.0,0.1,40066,
13537,430080,-1.4,0.0,13.33,2,0.5,0.5,0.1,40066,
13538,430080,11.8,1.0,0.0,0,,,0.1,40066,
13539,430080,-3.4,0.0,8.0,2,0.0,0.0,0.1,40066,
13540,430144,-5.2,0.0,3.92,2,0.0,0.0,0.1,40072,
13541,430144,-1.3,0.0,20.0,1,0.0,0.0,0.1,40072,
13542,430144,-2.0,0.0,30.0,3,0.0,0.0,0.1,40072,
13543,430208,-5.2,0.0,3.92,2,0.0,0.5,0.1,40085,
13544,430208,-1.8,0.0,22.22,2,0.0,0.5,0.1,40085,
13545,430208,-0.6,0.0,12.5,1,0.0,0.0,0.1,40085,
13546,430208,-2.4,0.0,13.33,2,0.0,0.5,0.1,40085,
13547,430272,-3.2,0.0,25.0,7,0.0,0.0,0.1,40095,
13548,430272,-1.6,0.0,11.76,2,0.0,0.5,0.1,40095,
13549,430336,-1.3,0.0,20.0,1,0.0,0.0,0.1,40106,
13550,430336,10.3,1.0,20.0,3,0.3333,1.0,0.1,40106,
13551,430336,-2.2,0.0,13.64,3,0.0,0.3333,0.1,40106,
13552,430336,-1.2,0.0,25.0,1,0.0,0.0,0.1,40106,
13553,430400,-2.6,0.0,18.75,3,0.0,0.3333,0.1,40116,
13554,430400,-2.2,0.0,7.14,1,0.0,0.0,0.1,40116,
13555,430400,-1.5,0.0,14.29,1,0.0,0.0,0.1,40116,
13556,430400,-4.3,0.0,9.09,3,0.3333,0.0,0.1,40116,
13557,430464,-2.4,0.0,13.33,2,0.0,0.0,0.1,40128,
13558,430464,-1.3,0.0,14.29,2,0.0,0.5,0.1,40128,
13559,430464,-2.2,0.0,7.14,1,0.0,0.0,0.1,40128,
13560,430464,-1.8,0.0,10.0,1,0.0,0.0,0.1,40128,
13561,430464,-1.8,0.0,22.22,2,0.0,0.5,0.1,40128,
13562,430528,10.5,1.0,6.67,1,0.0,0.0,0.1,40138,
13563,430528,-4.2,0.0,9.76,4,0.0,0.0,0.1,40138,
13564,430592,-5.4,0.0,27.45,14,0.1429,0.3571,0.1,40149,
13565,430592,-2.6,0.0,5.56,1,0.0,0.0,0.1,40149,
13566,430592,9.9,1.0,22.22,4,0.25,0.25,0.1,40149,
13567,430592,-3.9,0.0,6.67,2,0.0,0.0,0.1,40149,
13568,430656,-3.5,0.0,7.69,2,0.5,0.0,0.1,40164,
13569,430656,-0.9,0.0,9.09,1,0.0,0.0,0.1,40164,
13570,430656,-1.4,0.0,16.67,1,0.0,0.0,0.1,40164,
13571,430656,-1.9,0.0,9.09,1,0.0,0.0,0.1,40164,
13572,430656,-2.7,0.0,25.0,6,0.1667,0.5,0.1,40164,
13573,430656,-2.1,0.0,4.35,1,0.0,0.0,0.1,40164,
13574,430720,-0.8,0.0,37.5,3,0.3333,0.3333,0.1,40177,
13575,430720,-1.7,0.0,25.0,2,0.0,0.0,0.1,40177,
13576,430720,-0.9,0.0,20.0,2,0.0,0.0,0.1,40177,
13577,430784,-0.6,0.0,28.57,2,0.0,0.0,0.1,40185,
13578,430784,-5.5,0.0,9.8,5,0.0,0.4,0.1,40185,
13579,430848,-1.8,0.0,10.0,1,0.0,0.0,0.1,40191,
13580,430848,5.9,1.0,37.78,17,0.0588,0.3529,0.1,40191,
13581,430848,8.6,1.0,2.94,1,0.0,0.0,0.1,40191,
13582,430912,-2.3,0.0,23.08,3,0.0,0.0,0.1,40202,
13583,430976,-0.2,0.0,25.0,1,0.0,0.0,0.1,40214,
13584,431040,-1.5,0.0,5.88,1,0.0,0.0,0.1,40225,
13585,431040,-5.0,0.0,22.86,8,0.0,0.25,0.1,40225,
13586,431104,-2.0,0.0,18.18,2,0.0,0.0,0.1,40234,
13587,431104,-5.6,0.0,11.76,6,0.1667,0.1667,0.1,40234,
13588,431104,-1.9,0.0,20.0,2,0.0,0.0,0.1,40234,
13589,431168,-1.8,0.0,22.22,2,0.0,0.5,0.1,40239,
13590,431168,-1.5,0.0,14.29,1,0.0,0.0,0.1,40239,
13591,431168,-2.9,0.0,37.5,6,0.0,0.1667,0.1,40239,
13592,431168,-2.1,0.0,40.0,4,0.0,0.25,0.1,40239,
13593,431168,-1.9,0.0,33.33,3,0.0,0.0,0.1,40239,
13594,431232,-2.3,0.0,23.08,3,0.0,0.6667,0.1,40247,
13595,431232,-0.7,0.0,11.11,1,0.0,0.0,0.1,40247,
13596,431232,-1.7,0.0,11.11,1,0.0,0.0,0.1,40247,
13597,431360,-4.7,0.0,5.26,2,0.0,0.0,0.1,40270,
13598,431360,-6.2,0.0,23.53,12,0.1667,0.25,0.1,40270,
13599,431360,-0.9,0.0,9.09,1,0.0,0.0,0.1,40270,
13600,431360,-2.2,0.0,7.14,1,0.0,0.0,0.1,40270,
13601,431360,-2.1,0.0,7.69,1,0.0,0.0,0.1,40270,
13602,431360,-3.8,0.0,3.33,1,0.0,0.0,0.1,40270,
13603,431488,-1.5,0.0,14.29,1,0.0,0.0,0.1,40295,
13604,431488,-1.1,0.0,7.69,1,0.0,0.0,0.1,40295,
13605,431552,11.5,1.0,0.0,0,,,0.1,40305,
13606,431616,-2.0,0.0,8.33,1,0.0,0.0,0.1,40316,
13607,431616,-3.6,0.0,7.41,2,0.5,0.0,0.1,40316,
13608,431616,-3.9,0.0,18.52,5,0.0,0.0,0.1,40316,
13609,431616,-3.3,0.0,8.33,2,0.0,0.5,0.1,40316,
13610,431616,-3.1,0.0,4.35,1,0.0,0.0,0.1,40316,
13611,431744,-2.2,0.0,25.0,3,0.0,0.3333,0.1,40339,
13612,431744,-4.8,0.0,15.69,8,0.125,0.5,0.1,40339,
13613,431744,-1.5,0.0,33.33,2,0.0,0.0,0.1,40339,
13614,431744,-4.2,0.0,25.0,9,0.1111,0.2222,0.1,40339,
13615,431808,-2.4,0.0,13.33,2,0.0,0.5,0.1,40353,
13616,431808,11.3,1.0,14.29,1,0.0,0.0,0.1,40353,
13617,431808,-5.4,0.0,7.84,4,0.0,0.25,0.1,40353,
13618,431808,-1.9,0.0,9.09,1,0.0,0.0,0.1,40353,
13619,431808,-1.8,0.0,10.0,1,0.0,0.0,0.1,40353,
13620,431872,-3.3,0.0,4.0,1,0.0,0.0,0.1,40369,
13621,431872,-4.4,0.0,7.84,4,0.25,0.0,0.1,40369,
13622,431872,-3.1,0.0,20.0,4,0.0,0.25,0.1,40369,
13623,431872,-2.7,0.0,5.26,1,0.0,0.0,0.1,40369,
13624,431936,-1.8,0.0,5.0,1,0.0,0.0,0.1,40379,
13625,431936,10.9,1.0,9.09,1,0.0,1.0,0.1,40379,
13626,431936,-3.3,0.0,13.04,3,0.3333,0.0,0.1,40379,
13627,432000,8.4,1.0,23.33,7,0.0,0.2857,0.1,40391,
13628,432000,-2.1,0.0,7.69,1,0.0,0.0,0.1,40391,
13629,432000,-3.2,0.0,4.17,1,0.0,0.0,0.1,40391,
13630,432064,10.8,1.0,18.18,2,0.0,0.5,0.1,40396,
13631,432064,-1.1,0.0,7.69,1,0.0,0.0,0.1,40396,
13632,432064,11.4,1.0,0.0,0,,,0.1,40396,
13633,432128,-2.3,0.0,6.67,1,0.0,0.0,0.1,40409,
13634,432128,-3.4,0.0,12.5,3,0.0,0.3333,0.1,40409,
13635,432128,-2.5,0.0,12.5,2,0.0,0.0,0.1,40409,
13636,432192,-1.8,0.0,22.22,2,0.0,0.0,0.1,40422,
13637,432192,-2.8,0.0,10.71,3,0.0,0.0,0.1,40422,
13638,432192,-3.3,0.0,24.14,7,0.0,0.1429,0.1,40422,
13639,432256,-4.9,0.0,17.65,9,0.3333,0.4444,0.1,40431,
13640,432256,-4.2,0.0,40.62,13,0.1538,0.1538,0.1,40431,
13641,432256,-3.0,0.0,21.05,4,0.0,0.0,0.1,40431,
13642,432256,-1.4,0.0,16.67,1,0.0,0.0,0.1,40431,
13643,432256,-3.6,0.0,3.57,1,0.0,0.0,0.1,40431,
13644,432256,-6.1,0.0,17.39,8,0.125,0.125,0.1,40431,
13645,432256,11.4,1.0,0.0,0,,,0.1,40431,
13646,432320,-1.8,0.0,37.5,3,0.6667,0.0,0.1,40434,
13647,432384,-5.2,0.0,3.92,2,0.0,0.0,0.1,40444,
13648,432384,-1.7,0.0,11.11,1,0.0,0.0,0.1,40444,
13649,432384,-1.6,0.0,12.5,1,0.0,0.0,0.1,40444,
13650,432448,-2.1,0.0,7.69,1,0.0,0.0,0.1,40456,
13651,432448,-1.9,0.0,9.09,1,0.0,0.0,0.1,40456,
13652,432448,-4.7,0.0,13.73,7,0.1429,0.1429,0.1,40456,
13653,432448,-1.4,0.0,40.0,2,0.5,0.0,0.1,40456,
13654,432448,-2.6,0.0,26.67,4,0.0,0.25,0.1,40456,
13655,432448,-5.3,0.0,5.88,3,0.0,0.0,0.1,40456,
13656,432512,-4.9,0.0,17.65,9,0.1111,0.4444,0.1,40467,
13657,432512,-2.3,0.0,14.29,2,0.0,0.0,0.1,40467,
13658,432576,-1.6,0.0,11.76,2,0.0,0.0,0.1,40481,
13659,432576,-1.3,0.0,20.0,1,0.0,0.0,0.1,40481,
13660,432576,-2.0,0.0,8.33,1,0.0,0.0,0.1,40481,
13661,432576,-2.1,0.0,9.09,2,0.5,0.0,0.1,40481,
13662,432640,-4.5,0.0,9.8,5,0.2,0.4,0.1,40490,
13663,432640,-5.7,0.0,33.33,17,0.0588,0.2353,0.1,40490,
13664,432704,-1.6,0.0,28.57,2,0.0,0.0,0.1,40504,
13665,432704,-2.0,0.0,18.18,2,0.5,0.5,0.1,40504,
13666,432704,-6.4,0.0,27.45,14,0.1429,0.2143,0.1,40504,
13667,432768,11.6,1.0,0.0,0,,,0.1,40514,
13668,432768,-5.2,0.0,40.62,13,0.1538,0.2308,0.1,40514,
13669,432768,-1.7,0.0,25.0,2,0.5,0.5,0.1,40514,
13670,432832,-1.9,0.0,33.33,3,0.0,0.0,0.1,40528,
13671,432832,-1.9,0.0,9.09,1,0.0,0.0,0.1,40528,
13672,432832,-0.9,0.0,9.09,1,0.0,0.0,0.1,40528,
13673,432832,-2.0,0.0,8.33,1,0.0,0.0,0.1,40528,
13674,432832,-1.5,0.0,14.29,1,0.0,0.0,0.1,40528,
13675,432896,-1.9,0.0,20.0,2,0.0,0.0,0.1,40537,
13676,432896,-1.3,0.0,20.0,1,0.0,0.0,0.1,40537,
13677,432960,10.9,1.0,20.0,2,0.0,0.0,0.1,40541,
13678,432960,-1.4,0.0,16.67,1,0.0,0.0,0.1,40541,
13679,432960,-2.4,0.0,6.25,1,0.0,0.0,0.1,40541,
13680,433024,-1.4,0.0,16.67,1,0.0,0.0,0.1,40550,
13681,433024,-5.4,0.0,7.84,4,0.25,0.25,0.1,40550,
13682,433024,-2.6,0.0,5.56,1,0.0,0.0,0.1,40550,
13683,433088,-2.0,0.0,15.0,3,0.0,0.3333,0.1,40559,
13684,433152,-0.8,0.0,37.5,3,0.3333,0.3333,0.1,40567,
13685,433216,9.0,1.0,19.23,5,0.0,0.4,0.1,40579,
13686,433216,-4.8,0.0,34.21,13,0.2308,0.1538,0.1,40579,
13687,433216,-1.5,0.0,14.29,1,0.0,0.0,0.1,40579,
13688,433280,10.0,1.0,10.53,2,0.0,0.5,0.1,40588,
13689,433280,10.6,1.0,15.38,2,0.0,0.5,0.1,40588,
13690,433280,-3.5,0.0,7.69,2,0.0,0.0,0.1,40588,
13691,433280,-1.6,0.0,12.5,1,0.0,0.0,0.1,40588,
13692,433280,9.1,1.0,25.0,6,0.0,0.1667,0.1,40588,
13693,433344,-4.8,0.0,15.69,8,0.125,0.125,0.1,40598,
13694,433344,-5.1,0.0,12.82,5,0.0,0.0,0.1,40598,
13695,433344,-5.5,0.0,29.41,15,0.0,0.3333,0.1,40598,
13696,433344,-2.5,0.0,20.0,3,0.0,0.3333,0.1,40598,
13697,433408,-5.5,0.0,29.41,15,0.0667,0.2,0.1,40608,
13698,433408,5.7,1.0,33.33,16,0.125,0.375,0.1,40608,
13699,433408,-1.5,0.0,14.29,1,0.0,0.0,0.1,40608,
13700,433408,-1.7,0.0,11.11,1,0.0,0.0,0.1,40608,
13701,433408,-2.4,0.0,17.39,4,0.0,0.0,0.1,40608,
13702,433472,-1.3,0.0,33.33,4,0.5,0.25,0.1,40617,
13703,433536,-2.1,0.0,27.27,3,0.0,0.0,0.1,40625,
13704,433536,-2.1,0.0,4.35,1,0.0,0.0,0.1,40625,
13705,433536,11.5,1.0,0.0,0,,,0.1,40625,
13706,433536,9.2,1.0,20.83,5,0.2,0.2,0.1,40625,
13707,433600,-6.3,0.0,25.49,13,0.1538,0.1538,0.1,40642,
13708,433664,-3.1,0.0,4.35,1,0.0,0.0,0.1,40659,
13709,433664,8.2,1.0,8.33,3,0.0,0.0,0.1,40659,
13710,433664,-2.8,0.0,10.53,2,0.5,0.5,0.1,40659,
13711,433664,-3.4,0.0,35.0,7,0.1429,0.0,0.1,40659,
13712,433664,-3.7,0.0,15.38,4,0.25,0.0,0.1,40659,
13713,433664,-4.7,0.0,13.73,7,0.1429,0.4286,0.1,40659,
13714,433664,-1.7,0.0,5.26,1,0.0,0.0,0.1,40659,
13715,433728,-1.4,0.0,13.33,2,0.0,0.0,0.1,40666,
13716,433728,-1.3,0.0,14.29,2,0.0,0.0,0.1,40666,
13717,433728,9.5,1.0,30.0,6,0.0,0.3333,0.1,40666,
13718,433728,-3.8,0.0,29.17,7,0.0,0.2857,0.1,40666,
13719,433792,10.0,1.0,10.53,2,0.0,0.5,0.1,40674,
13720,433792,11.0,1.0,22.22,2,0.0,0.0,0.1,40674,
13721,433856,9.5,1.0,4.0,1,0.0,1.0,0.1,40684,
13722,433920,-2.2,0.0,7.14,1,0.0,0.0,0.1,40692,
13723,433984,8.5,1.0,2.86,1,0.0,0.0,0.1,40699,
13724,433984,10.3,1.0,20.0,3,0.0,0.3333,0.1,40699,
13725,433984,-6.2,0.0,30.0,15,0.1333,0.2667,0.1,40699,
13726,433984,11.4,1.0,16.67,1,0.0,1.0,0.1,40699,
13727,434048,-1.2,0.0,15.38,2,0.0,0.5,0.1,40706,
13728,434112,-1.4,0.0,16.67,1,0.0,0.0,0.1,40714,
13729,434112,-2.0,0.0,8.33,1,0.0,0.0,0.1,40714,
13730,434176,-1.6,0.0,12.5,1,0.0,0.0,0.1,40721,
13731,434176,-4.8,0.0,15.69,8,0.25,0.25,0.1,40721,
13732,434240,10.6,1.0,7.14,1,1.0,1.0,0.1,40734,
13733,434240,-2.0,0.0,8.33,1,0.0,0.0,0.1,40734,
13734,434240,-2.8,0.0,16.67,3,0.0,0.3333,0.1,40734,
13735,434240,-2.2,0.0,7.14,1,0.0,0.0,0.1,40734,
13736,434304,11.0,1.0,22.22,2,0.5,0.0,0.1,40740,
13737,434304,10.1,1.0,0.0,0,,,0.1,40740,
13738,434368,9.1,1.0,30.43,7,0.0,0.1429,0.1,40751,
13739,434368,-4.2,0.0,3.92,2,0.0,0.0,0.1,40751,
13740,434368,-1.5,0.0,20.0,3,0.3333,0.3333,0.1,40751,
13741,434432,10.2,1.0,5.56,1,0.0,1.0,0.1,40757,
13742,434432,-3.3,0.0,4.0,1,0.0,0.0,0.1,40757,
13743,434496,-5.0,0.0,19.61,10,0.1,0.2,0.1,40768,
13744,434496,11.2,1.0,12.5,1,0.0,0.0,0.1,40768,
13745,434496,-2.0,0.0,8.33,1,0.0,0.0,0.1,40768,
13746,434560,10.0,1.0,5.0,1,1.0,1.0,0.1,40772,
13747,434560,9.1,1.0,11.11,3,0.0,0.0,0.1,40772,
13748,434560,-2.8,0.0,5.0,1,0.0,0.0,0.1,40772,
13749,434624,-5.7,0.0,13.73,7,0.0,0.4286,0.1,40783,
13750,434624,-3.5,0.0,7.69,2,0.0,0.0,0.1,40783,
13751,434624,-2.7,0.0,5.26,1,0.0,0.0,0.1,40783,
13752,434624,-5.0,0.0,19.61,10,0.0,0.1,0.1,40783,
13753,434624,-4.1,0.0,33.33,11,0.3636,0.3636,0.1,40783,
13754,434688,-0.7,0.0,11.11,1,0.0,0.0,0.1,40796,
13755,434688,-1.8,0.0,22.22,2,0.5,0.0,0.1,40796,
13756,434688,10.2,1.0,5.56,1,0.0,0.0,0.1,40796,
13757,434688,-2.2,0.0,7.14,1,0.0,0.0,0.1,40796,
13758,434752,-1.7,0.0,11.11,1,0.0,0.0,0.1,40803,
13759,434752,-4.2,0.0,2.94,1,0.0,0.0,0.1,40803,
13760,434816,-1.9,0.0,33.33,3,0.0,0.0,0.1,40813,
13761,434816,-3.2,0.0,4.17,1,0.0,0.0,0.1,40813,
13762,434880,-1.2,0.0,7.14,1,0.0,0.0,0.1,40825,
13763,434880,-2.6,0.0,26.67,4,0.0,0.25,0.1,40825,
13764,434880,-1.4,0.0,16.67,1,0.0,0.0,0.1,40825,
13765,434880,-0.6,0.0,12.5,1,0.0,0.0,0.1,40825,
13766,434880,-3.3,0.0,5.88,2,0.0,0.0,0.1,40825,
13767,434944,-3.2,0.0,9.38,3,0.0,0.0,0.1,40838,
13768,434944,-2.2,0.0,36.36,4,0.0,0.0,0.1,40838,
13769,434944,-2.8,0.0,5.0,1,0.0,0.0,0.1,40838,
13770,435008,-5.8,0.0,35.29,18,0.3333,0.1667,0.1,40843,
13771,435008,6.9,1.0,20.93,9,0.2222,0.3333,0.1,40843,
13772,435008,-1.1,0.0,16.67,2,0.0,0.0,0.1,40843,
13773,435008,-1.9,0.0,9.09,1,0.0,0.0,0.1,40843,
13774,435072,-3.2,0.0,4.17,1,0.0,0.0,0.1,40853,
13775,435072,-1.4,0.0,40.0,2,0.5,0.0,0.1,40853,
13776,435072,-1.3,0.0,20.0,1,0.0,0.0,0.1,40853,
13777,435136,-1.6,0.0,12.5,1,0.0,0.0,0.1,40863,
13778,435136,-5.6,0.0,31.37,16,0.125,0.25,0.1,40863,
13779,435136,-3.3,0.0,23.81,5,0.0,0.2,0.1,40863,
13780,435136,-1.3,0.0,20.0,1,0.0,0.0,0.1,40863,
13781,435136,-1.8,0.0,22.22,2,0.0,0.0,0.1,40863,
13782,435136,7.7,1.0,15.79,6,0.0,0.1667,0.1,40863,
13783,435200,-1.8,0.0,22.22,2,0.0,0.0,0.1,40868,
13784,435200,-5.8,0.0,15.69,8,0.0,0.25,0.1,40868,
13785,435264,-3.1,0.0,13.33,4,0.0,0.5,0.1,40877,
13786,435264,-3.9,0.0,10.34,3,0.0,0.3333,0.1,40877,
13787,435264,-1.9,0.0,15.79,3,0.3333,0.0,0.1,40877,
13788,435264,11.3,1.0,14.29,1,0.0,0.0,0.1,40877,
13789,435264,-1.8,0.0,22.22,2,0.0,0.0,0.1,40877,
13790,435328,-1.5,0.0,14.29,1,0.0,0.0,0.1,40884,
13791,435328,-2.5,0.0,28.57,4,0.0,0.25,0.1,40884,
13792,435392,-2.2,0.0,7.14,1,0.0,0.0,0.1,40894,
13793,435392,9.4,1.0,0.0,0,,,0.1,40894,
13794,435392,-2.0,0.0,8.33,1,0.0,0.0,0.1,40894,
13795,435456,-0.8,0.0,22.22,2,0.0,0.5,0.1,40899,
13796,435456,-4.1,0.0,1.96,1,0.0,0.0,0.1,40899,
13797,435456,9.2,1.0,26.09,6,0.1667,0.1667,0.1,40899,
13798,435520,-2.6,0.0,11.54,3,0.0,0.0,0.1,40911,
13799,435520,-1.6,0.0,12.5,1,0.0,0.0,0.1,40911,
13800,435520,-3.9,0.0,5.0,2,0.0,0.0,0.1,40911,
13801,435584,-3.4,0.0,28.57,6,0.1667,0.1667,0.1,40921,
13802,435584,-2.2,0.0,7.14,1,0.0,0.0,0.1,40921,
13803,435584,11.5,1.0,20.0,1,0.0,0.0,0.1,40921,
13804,435584,-4.6,0.0,21.88,7,0.2857,0.5714,0.1,40921,
13805,435584,-1.5,0.0,14.29,1,0.0,0.0,0.1,40921,
13806,435584,-1.7,0.0,11.11,2,0.0,0.0,0.1,40921,
13807,435584,-3.2,0.0,16.67,5,0.2,0.2,0.1,40921,
13808,435648,-0.9,0.0,20.0,2,0.0,0.0,0.1,40934,
13809,435648,-1.8,0.0,23.53,4,0.0,0.25,0.1,40934,
13810,435712,-2.1,0.0,7.69,1,0.0,0.0,0.1,40946,
13811,435712,-0.7,0.0,11.11,1,0.0,0.0,0.1,40946,
13812,435712,-6.2,0.0,23.53,12,0.1667,0.25,0.1,40946,
13813,435776,-6.3,0.0,25.49,13,0.2308,0.2308,0.1,40954,
13814,435776,-3.1,0.0,9.09,2,0.0,0.0,0.1,40954,
13815,435776,-0.9,0.0,9.09,1,0.0,0.0,0.1,40954,
13816,435840,-1.3,0.0,20.0,1,0.0,0.0,0.1,40961,
13817,435840,-1.7,0.0,11.11,1,0.0,0.0,0.1,40961,
13818,435840,-1.6,0.0,12.5,1,0.0,0.0,0.1,40961,
13819,435904,-2.6,0.0,18.75,3,0.0,0.0,0.1,40966,
13820,435904,-1.5,0.0,20.0,3,0.3333,0.0,0.1,40966,
13821,435904,10.3,1.0,12.5,2,0.0,0.0,0.1,40966,
13822,435904,-3.0,0.0,9.52,2,0.0,0.5,0.1,40966,
13823,435968,-1.5,0.0,12.5,2,0.0,0.0,0.1,40970,
13824,435968,-1.4,0.0,16.67,1,0.0,0.0,0.1,40970,
13825,436032,-2.4,0.0,21.43,3,0.0,0.0,0.1,40977,
13826,436032,-2.8,0.0,31.25,5,0.2,0.2,0.1,40977,
13827,436032,-1.8,0.0,37.5,3,0.3333,0.3333,0.1,40977,
13828,436032,-4.9,0.0,2.44,1,0.0,0.0,0.1,40977,
13829,436096,-1.9,0.0,9.09,1,0.0,0.0,0.1,40987,
13830,436096,-1.9,0.0,20.0,2,0.0,0.5,0.1,40987,
13831,436096,-1.3,0.0,20.0,1,0.0,0.0,0.1,40987,
13832,436160,-1.8,0.0,10.53,2,0.5,0.5,0.1,40996,
13833,436224,11.5,1.0,20.0,1,0.0,1.0,0.1,41004,
13834,436224,-1.4,0.0,16.67,1,0.0,0.0,0.1,41004,
13835,436288,-0.5,0.0,14.29,1,0.0,0.0,0.1,41011,
13836,436288,-2.6,0.0,18.75,3,0.3333,0.3333,0.1,41011,
13837,436352,-3.6,0.0,7.41,2,0.0,0.0,0.1,41018,
13838,436416,11.6,1.0,0.0,0,,,0.1,41022,
13839,436416,-1.3,0.0,6.67,1,0.0,0.0,0.1,41022,
13840,436416,11.5,1.0,0.0,0,,,0.1,41022,
13841,436480,-5.1,0.0,1.96,1,0.0,0.0,0.1,41034,
13842,436480,-2.9,0.0,10.0,2,0.0,0.0,0.1,41034,
13843,436480,-1.9,0.0,9.09,1,0.0,0.0,0.1,41034,
13844,436480,-2.4,0.0,21.43,3,0.0,0.0,0.1,41034,
13845,436480,-1.7,0.0,17.65,3,0.0,0.0,0.1,41034,
13846,436480,-2.2,0.0,7.14,1,0.0,0.0,0.1,41034,
13847,436480,-1.6,0.0,28.57,2,0.0,0.0,0.1,41034,
13848,436480,-1.6,0.0,28.57,2,0.0,0.0,0.1,41034,
13849,436544,-2.5,0.0,5.88,1,0.0,0.0,0.1,41040,
13850,436544,-2.9,0.0,22.22,4,0.25,0.0,0.1,41040,
13851,436544,-5.2,0.0,23.53,12,0.0,0.3333,0.1,41040,
13852,436608,-1.9,0.0,29.41,5,0.0,0.2,0.1,41050,
13853,436608,-2.9,0.0,4.76,1,0.0,0.0,0.1,41050,
13854,436608,-1.4,0.0,16.67,1,0.0,0.0,0.1,41050,
13855,436608,-2.0,0.0,9.52,2,0.0,0.0,0.1,41050,
13856,436672,-2.3,0.0,4.0,1,0.0,0.0,0.1,41059,
13857,436672,-5.2,0.0,3.92,2,0.0,0.5,0.1,41059,
13858,436672,-2.4,0.0,6.25,1,0.0,0.0,0.1,41059,
13859,436672,-2.0,0.0,8.33,1,0.0,0.0,0.1,41059,
13860,436800,-0.9,0.0,9.09,1,0.0,0.0,0.1,41075,
13861,436800,-5.9,0.0,17.65,9,0.0,0.4444,0.1,41075,
13862,436800,-3.6,0.0,18.18,6,0.0,0.1667,0.1,41075,
13863,436800,-2.8,0.0,16.67,3,0.0,0.0,0.1,41075,
13864,436800,-1.4,0.0,40.0,2,0.0,0.0,0.1,41075,
13865,436864,-2.4,0.0,6.25,1,0.0,0.0,0.1,41082,
13866,436864,-1.3,0.0,14.29,2,0.0,0.5,0.1,41082,
13867,436928,11.5,1.0,0.0,0,,,0.1,41096,
13868,436928,-4.5,0.0,5.56,2,0.0,0.0,0.1,41096,
13869,436928,-3.6,0.0,11.43,4,0.0,0.25,0.1,41096,
13870,436928,-5.0,0.0,19.61,10,0.1,0.2,0.1,41096,
13871,436928,-5.1,0.0,1.96,1,0.0,0.0,0.1,41096,
13872,436928,-3.8,0.0,3.33,1,0.0,0.0,0.1,41096,
13873,436928,-5.1,0.0,1.96,1,1.0,1.0,0.1,41096,
13874,436992,-6.2,0.0,23.53,12,0.0833,0.0833,0.1,41102,
13875,437056,-4.0,0.0,10.0,3,0.0,0.0,0.1,41109,
13876,437120,11.6,1.0,0.0,0,,,0.1,41116,
13877,437120,-1.9,0.0,9.09,1,0.0,0.0,0.1,41116,
13878,437184,-1.7,0.0,11.11,1,0.0,0.0,0.1,41127,
13879,437184,-2.1,0.0,7.69,1,0.0,0.0,0.1,41127,
13880,437184,-6.1,0.0,8.0,4,0.0,0.0,0.1,41127,
13881,437184,-4.3,0.0,12.5,4,0.0,0.0,0.1,41127,
13882,437184,-2.5,0.0,12.0,3,0.0,0.0,0.1,41127,
13883,437248,-2.0,0.0,18.18,2,0.0,0.0,0.1,41139,
13884,437248,-1.4,0.0,40.0,2,0.0,0.0,0.1,41139,
13885,437248,10.7,1.0,16.67,2,0.0,0.0,0.1,41139,
13886,437248,-2.4,0.0,12.5,3,0.0,0.3333,0.1,41139,
13887,437248,-1.8,0.0,10.0,1,0.0,0.0,0.1,41139,
13888,437248,-2.9,0.0,4.76,1,0.0,0.0,0.1,41139,
13889,437312,-2.4,0.0,12.5,3,0.0,0.0,0.1,41151,
13890,437312,-3.6,0.0,7.41,2,0.0,0.0,0.1,41151,
13891,437312,-2.7,0.0,5.26,1,0.0,0.0,0.1,41151,
13892,437312,10.6,1.0,50.0,5,0.2,0.2,0.1,41151,
13893,437376,-4.4,0.0,42.31,11,0.0,0.0,0.1,41159,
13894,437376,-1.5,0.0,14.29,1,0.0,0.0,0.1,41159,
13895,437376,-2.2,0.0,7.14,1,0.0,0.0,0.1,41159,
13896,437440,-1.8,0.0,10.0,1,0.0,0.0,0.1,41167,
13897,437440,-5.6,0.0,11.76,6,0.0,0.1667,0.1,41167,
13898,437440,-3.7,0.0,8.11,3,0.0,0.0,0.1,41167,
13899,437440,9.9,1.0,22.22,4,0.25,0.25,0.1,41167,
13900,437504,10.9,1.0,33.33,3,0.0,0.0,0.1,41179,
13901,437568,9.7,1.0,20.0,4,0.0,0.5,0.1,41190,
13902,437568,-1.7,0.0,25.0,2,0.0,0.0,0.1,41190,
13903,437568,-5.2,0.0,10.0,5,0.0,0.0,0.1,41190,
13904,437568,-4.9,0.0,17.65,9,0.1111,0.6667,0.1,41190,
13905,437568,-1.3,0.0,20.0,1,0.0,0.0,0.1,41190,
13906,437632,-3.4,0.0,15.62,5,0.2,0.2,0.1,41197,
13907,437632,-2.4,0.0,13.33,2,0.0,0.0,0.1,41197,
13908,437632,-2.1,0.0,7.69,1,0.0,0.0,0.1,41197,
13909,437696,-2.9,0.0,15.79,3,0.0,0.3333,0.1,41206,
13910,437760,-4.2,0.0,2.94,1,0.0,0.0,0.1,41216,
13911,437760,-5.2,0.0,23.53,12,0.0833,0.3333,0.1,41216,
13912,437760,-2.1,0.0,33.33,6,0.1667,0.0,0.1,41216,
13913,437760,-1.9,0.0,4.76,1,0.0,0.0,0.1,41216,
13914,437824,-2.1,0.0,7.69,1,0.0,0.0,0.1,41235,
13915,437824,-4.9,0.0,7.69,3,0.0,0.0,0.1,41235,
13916,437824,-2.5,0.0,12.5,2,0.0,0.0,0.1,41235,
13917,437888,-2.0,0.0,18.18,2,0.0,0.5,0.1,41248,
13918,437888,-1.9,0.0,9.09,1,0.0,0.0,0.1,41248,
13919,437888,9.3,1.0,33.33,7,0.5714,0.5714,0.1,41248,
13920,437888,-5.6,0.0,16.67,7,0.0,0.0,0.1,41248,
13921,437888,11.6,1.0,25.0,1,0.0,0.0,0.1,41248,
13922,437952,10.9,1.0,9.09,1,0.0,0.0,0.1,41255,
13923,437952,-1.9,0.0,9.09,1,0.0,0.0,0.1,41255,
13924,437952,-1.8,0.0,22.22,2,0.0,0.0,0.1,41255,
13925,437952,10.9,1.0,9.09,1,0.0,1.0,0.1,41255,
13926,438016,-0.7,0.0,11.11,1,0.0,0.0,0.1,41266,
13927,438016,-1.6,0.0,28.57,2,0.0,0.0,0.1,41266,
13928,438016,-2.1,0.0,27.27,3,0.0,0.0,0.1,41266,
13929,438016,6.5,1.0,24.44,11,0.0,0.1818,0.1,41266,
13930,438080,-3.7,0.0,20.0,5,0.0,0.6,0.1,41273,
13931,438080,-1.6,0.0,12.5,1,0.0,0.0,0.1,41273,
13932,438080,10.4,1.0,30.77,4,0.0,0.25,0.1,41273,
13933,438080,-3.8,0.0,24.0,6,0.1667,0.1667,0.1,41273,
13934,438080,-2.3,0.0,6.67,1,0.0,0.0,0.1,41273,
13935,438144,-2.1,0.0,7.69,1,0.0,0.0,0.1,41278,
13936,438208,-1.9,0.0,10.0,2,0.0,0.0,0.1,41300,
13937,438208,-1.3,0.0,20.0,1,0.0,0.0,0.1,41300,
13938,438208,-3.2,0.0,25.0,5,0.0,0.2,0.1,41300,
13939,438208,-1.3,0.0,20.0,1,0.0,0.0,0.1,41300,
13940,438208,-2.6,0.0,11.76,2,0.0,0.0,0.1,41300,
13941,438208,-4.1,0.0,9.68,3,0.0,0.0,0.1,41300,
13942,438272,-1.3,0.0,20.0,1,0.0,0.0,0.1,41311,
13943,438336,-1.7,0.0,11.11,2,0.0,0.0,0.1,41318,
13944,438336,8.5,1.0,24.14,7,0.1429,0.2857,0.1,41318,
13945,438400,-1.7,0.0,11.11,1,0.0,0.0,0.1,41328,
13946,438464,-1.9,0.0,20.0,2,0.0,0.0,0.1,41334,
13947,438464,-2.5,0.0,5.88,1,0.0,0.0,0.1,41334,
13948,438528,-5.4,0.0,14.63,6,0.0,0.1667,0.1,41345,
13949,438528,-1.3,0.0,20.0,1,0.0,0.0,0.1,41345,
13950,438592,10.6,1.0,15.38,2,0.5,0.5,0.1,41355,
13951,438656,-2.2,0.0,7.14,1,0.0,0.0,0.1,41366,
13952,438656,-1.8,0.0,22.22,2,0.0,0.0,0.1,41366,
13953,438656,-4.5,0.0,22.58,7,0.0,0.1429,0.1,41366,
13954,438656,-2.2,0.0,7.14,1,0.0,0.0,0.1,41366,
13955,438656,10.8,1.0,30.0,3,0.3333,1.0,0.1,41366,
13956,438656,11.3,1.0,14.29,1,0.0,0.0,0.1,41366,
13957,438720,-6.0,0.0,12.77,6,0.0,0.0,0.1,41375,
13958,438720,-1.6,0.0,12.5,1,0.0,0.0,0.1,41375,
13959,438784,-2.0,0.0,4.55,1,0.0,0.0,0.1,41385,
13960,438784,-4.3,0.0,5.88,2,0.0,0.0,0.1,41385,
13961,438784,10.6,1.0,15.38,2,0.0,0.0,0.1,41385,
13962,438784,10.7,1.0,0.0,0,,,0.1,41385,
13963,438848,-1.9,0.0,9.09,1,0.0,0.0,0.1,41396,
13964,438848,-1.5,0.0,14.29,1,0.0,0.0,0.1,41396,
13965,438848,-3.0,0.0,21.05,4,0.0,0.0,0.1,41396,
13966,438912,-2.5,0.0,38.46,5,0.4,0.4,0.1,41410,
13967,438912,-5.1,0.0,2.33,1,0.0,0.0,0.1,41410,
13968,438912,11.7,1.0,0.0,0,,,0.1,41410,
13969,438976,-1.8,0.0,10.0,1,0.0,0.0,0.1,41423,
13970,439040,-2.7,0.0,11.11,2,0.0,0.0,0.1,41432,
13971,439040,-1.7,0.0,33.33,5,0.0,0.2,0.1,41432,
13972,439040,9.1,1.0,30.43,7,0.1429,0.2857,0.1,41432,
13973,439104,-1.4,0.0,16.67,1,0.0,0.0,0.1,41444,
13974,439104,-2.2,0.0,7.14,1,0.0,0.0,0.1,41444,
13975,439104,-1.6,0.0,11.76,2,0.0,0.5,0.1,41444,
13976,439168,-4.7,0.0,11.11,4,0.0,0.75,0.1,41457,
13977,439168,-3.4,0.0,17.39,4,0.25,0.5,0.1,41457,
13978,439232,-4.3,0.0,5.88,3,0.0,0.3333,0.1,41468,
13979,439232,11.2,1.0,0.0,0,,,0.1,41468,
13980,439296,11.6,1.0,0.0,0,,,0.1,41480,
13981,439296,-2.2,0.0,50.0,5,0.0,0.2,0.1,41480,
13982,439296,-6.3,0.0,25.49,13,0.0,0.2308,0.1,41480,
13983,439296,-2.9,0.0,10.0,2,0.0,0.0,0.1,41480,
13984,439360,-2.0,0.0,8.33,1,0.0,0.0,0.1,41490,
13985,439424,-1.1,0.0,16.67,2,0.0,0.5,0.1,41500,
13986,439424,-3.0,0.0,35.29,6,0.1667,0.0,0.1,41500,
13987,439424,-4.0,0.0,17.86,5,0.4,0.2,0.1,41500,
13988,439424,-2.0,0.0,18.18,2,0.0,0.5,0.1,41500,
13989,439488,-3.7,0.0,33.33,10,0.1,0.2,0.1,41509,
13990,439488,-1.9,0.0,9.09,1,0.0,0.0,0.1,41509,
13991,439488,7.0,1.0,24.39,10,0.1,0.3,0.1,41509,
13992,439552,-1.4,0.0,16.67,1,0.0,0.0,0.1,41519,
13993,439552,-1.7,0.0,25.0,2,0.0,0.0,0.1,41519,
13994,439616,-3.1,0.0,9.09,2,0.0,0.0,0.1,41535,
13995,439616,-2.1,0.0,7.69,1,0.0,0.0,0.1,41535,
13996,439616,-5.9,0.0,13.04,6,0.0,0.3333,0.1,41535,
13997,439680,-0.5,0.0,33.33,2,0.5,0.5,0.1,41550,
13998,439680,-1.9,0.0,20.0,2,0.0,0.0,0.1,41550,
13999,439680,-4.9,0.0,33.33,13,0.0769,0.1538,0.1,41550,
14000,439680,-5.4,0.0,7.84,4,0.0,0.25,0.1,41550,
14001,439680,-3.8,0.0,7.89,3,0.0,0.0,0.1,41550,
14002,439744,-5.6,0.0,31.37,16,0.0625,0.1875,0.1,41561,
14003,439744,-2.3,0.0,23.08,3,0.0,0.3333,0.1,41561,
14004,439744,-1.8,0.0,10.0,1,0.0,0.0,0.1,41561,
14005,439808,-1.6,0.0,12.5,1,0.0,0.0,0.1,41573,
14006,439808,-2.3,0.0,14.29,2,0.0,0.0,0.1,41573,
14007,439872,-0.4,0.0,16.67,1,0.0,0.0,0.1,41584,
14008,439872,-1.7,0.0,5.26,1,0.0,0.0,0.1,41584,
14009,439936,-2.7,0.0,11.11,2,0.0,0.0,0.1,41596,
14010,439936,-1.6,0.0,28.57,2,0.0,0.0,0.1,41596,
14011,439936,-3.1,0.0,4.35,1,0.0,0.0,0.1,41596,
14012,440000,-2.9,0.0,15.79,3,0.3333,0.0,0.1,41607,
14013,440000,-1.3,0.0,14.29,2,0.0,0.0,0.1,41607,
14014,440000,-0.7,0.0,11.11,1,0.0,0.0,0.1,41607,
14015,440000,-2.9,0.0,22.22,4,0.0,0.5,0.1,41607,
14016,440064,-1.5,0.0,33.33,2,0.0,0.0,0.1,41619,
14017,440064,-1.4,0.0,21.43,3,0.3333,0.0,0.1,41619,
14018,440064,-4.9,0.0,17.65,9,0.2222,0.1111,0.1,41619,
14019,440128,-1.4,0.0,16.67,1,0.0,0.0,0.1,41624,
14020,440192,-1.8,0.0,22.22,2,0.5,0.0,0.1,41637,
14021,440192,-6.0,0.0,39.22,20,0.15,0.25,0.1,41637,
14022,440192,-5.6,0.0,11.76,6,0.3333,0.0,0.1,41637,
14023,440256,6.8,1.0,20.45,9,0.3333,0.1111,0.1,41644,
14024,440256,-2.2,0.0,15.38,2,0.0,0.0,0.1,41644,
14025,440320,10.9,1.0,20.0,2,0.0,0.5,0.1,41653,
14026,440320,-1.8,0.0,10.0,1,0.0,0.0,0.1,41653,
14027,440320,-1.5,0.0,14.29,1,0.0,0.0,0.1,41653,
14028,440320,-2.2,0.0,7.14,1,0.0,0.0,0.1,41653,
14029,440384,-2.1,0.0,7.69,1,0.0,0.0,0.1,41665,
14030,440448,-4.1,0.0,13.33,4,0.25,0.5,0.1,41674,
14031,440448,-5.6,0.0,20.41,10,0.0,0.2,0.1,41674,
14032,440448,-4.0,0.0,0.0,0,,,0.1,41674,
14033,440448,-2.4,0.0,6.25,1,0.0,0.0,0.1,41674,
14034,440448,-2.8,0.0,10.53,2,0.5,0.5,0.1,41674,
14035,440512,10.0,1.0,40.0,6,0.1667,0.6667,0.1,41690,
14036,440512,-4.5,0.0,11.63,5,0.0,0.4,0.1,41690,
14037,440512,-1.3,0.0,20.0,1,0.0,0.0,0.1,41690,
14038,440512,-2.8,0.0,5.0,1,0.0,0.0,0.1,41690,
14039,440512,-5.9,0.0,10.64,5,0.0,0.0,0.1,41690,
14040,440576,-1.7,0.0,11.11,1,0.0,0.0,0.1,41699,
14041,440576,-4.8,0.0,15.69,8,0.125,0.5,0.1,41699,
14042,440640,-5.4,0.0,17.5,7,0.1429,0.1429,0.1,41710,
14043,440704,-5.2,0.0,23.53,12,0.0833,0.4167,0.1,41724,
14044,440704,-5.1,0.0,21.57,11,0.0,0.2727,0.1,41724,
14045,440704,-4.5,0.0,18.75,6,0.0,0.1667,0.1,41724,
14046,440768,-4.2,0.0,16.67,5,0.0,0.2,0.1,41737,
14047,440768,-1.1,0.0,16.67,2,0.0,0.0,0.1,41737,
14048,440768,-2.0,0.0,27.78,5,0.2,0.0,0.1,41737,
14049,440832,-4.5,0.0,9.8,5,0.0,0.0,0.1,41752,
14050,440832,-5.6,0.0,8.89,4,0.0,0.0,0.1,41752,
14051,440832,-5.7,0.0,16.28,7,0.1429,0.1429,0.1,41752,
14052,440896,-2.0,0.0,18.18,2,0.0,0.0,0.1,41766,
14053,440896,-1.5,0.0,5.88,1,0.0,0.0,0.1,41766,
14054,440896,-2.9,0.0,10.0,2,0.0,0.0,0.1,41766,
14055,440960,-1.6,0.0,50.0,3,0.6667,0.6667,0.1,41775,
14056,440960,-4.2,0.0,7.14,3,0.0,0.0,0.1,41775,
14057,441024,-6.0,0.0,10.42,5,0.0,0.2,0.1,41783,
14058,441024,-1.7,0.0,25.0,2,0.0,0.0,0.1,41783,
14059,441024,-5.3,0.0,35.29,12,0.1667,0.1667,0.1,41783,
14060,441088,-2.0,0.0,8.33,1,0.0,0.0,0.1,41796,
14061,441088,-5.0,0.0,19.61,10,0.0,0.3,0.1,41796,
14062,441088,8.2,1.0,39.29,11,0.0909,0.1818,0.1,41796,
14063,441152,-3.2,0.0,25.0,5,0.0,0.2,0.1,41809,
14064,441152,-4.7,0.0,13.73,7,0.1429,0.1429,0.1,41809,
14065,441152,-1.8,0.0,10.0,1,0.0,0.0,0.1,41809,
14066,441152,-2.2,0.0,15.38,2,0.0,0.5,0.1,41809,
14067,441152,9.9,1.0,15.79,3,0.0,0.3333,0.1,41809,
14068,441216,-3.3,0.0,13.04,3,0.0,0.3333,0.1,41819,
14069,441216,-1.0,0.0,8.33,1,0.0,0.0,0.1,41819,
14070,441280,-4.6,0.0,11.76,6,0.0,0.5,0.1,41833,
14071,441280,-2.3,0.0,23.08,3,0.0,0.0,0.1,41833,
14072,441280,-2.9,0.0,4.76,1,0.0,0.0,0.1,41833,
14073,441408,-2.2,0.0,7.14,1,0.0,0.0,0.1,41859,
14074,441472,-5.2,0.0,3.92,2,0.0,0.5,0.1,41874,
14075,441472,-2.1,0.0,27.27,3,0.3333,0.0,0.1,41874,
14076,441536,-2.3,0.0,14.29,2,0.0,0.5,0.1,41886,
14077,441536,-1.7,0.0,11.11,1,0.0,0.0,0.1,41886,
14078,441536,-2.6,0.0,20.83,5,0.0,0.0,0.1,41886,
14079,441536,-3.2,0.0,4.17,1,0.0,0.0,0.1,41886,
14080,441536,-2.1,0.0,7.69,1,0.0,0.0,0.1,41886,
14081,441536,6.7,1.0,38.46,15,0.1333,0.3333,0.1,41886,
14082,441600,-1.6,0.0,12.5,1,0.0,0.0,0.1,41900,
14083,441600,-3.1,0.0,14.29,3,0.0,0.0,0.1,41900,
14084,441600,-1.0,0.0,8.33,1,0.0,0.0,0.1,41900,
14085,441600,-1.9,0.0,33.33,3,0.3333,0.3333,0.1,41900,
14086,441600,-0.8,0.0,10.0,1,0.0,0.0,0.1,41900,
14087,441664,11.4,1.0,16.67,1,0.0,1.0,0.1,41909,
14088,441664,-2.4,0.0,13.33,2,0.0,0.5,0.1,41909,
14089,441664,-2.9,0.0,15.79,3,0.0,0.3333,0.1,41909,
14090,441664,-2.6,0.0,45.0,9,0.1111,0.2222,0.1,41909,
14091,441664,-4.1,0.0,17.24,5,0.0,0.0,0.1,41909,
14092,441664,8.6,1.0,29.63,8,0.375,0.625,0.1,41909,
14093,441728,-0.8,0.0,10.0,1,0.0,0.0,0.1,41917,
14094,441728,-4.8,0.0,15.69,8,0.25,0.5,0.1,41917,
14095,441728,-1.4,0.0,30.77,4,0.0,0.0,0.1,41917,
14096,441728,-1.7,0.0,11.11,2,0.5,0.5,0.1,41917,
14097,441792,-3.6,0.0,18.18,6,0.1667,0.1667,0.1,41925,
14098,441792,-3.7,0.0,21.21,7,0.1429,0.1429,0.1,41925,
14099,441792,-6.3,0.0,25.49,13,0.0769,0.1538,0.1,41925,
14100,441856,-3.4,0.0,3.85,1,0.0,0.0,0.1,41942,
14101,441856,-2.6,0.0,11.76,2,0.0,0.0,0.1,41942,
14102,441856,11.6,1.0,0.0,0,,,0.1,41942,
14103,441920,-1.3,0.0,20.0,1,0.0,0.0,0.1,41949,
14104,441920,-2.5,0.0,28.57,4,0.0,0.0,0.1,41949,
14105,441920,-2.5,0.0,28.57,4,0.0,0.25,0.1,41949,
14106,441984,11.6,1.0,0.0,0,,,0.1,41955,
14107,442176,-6.1,0.0,21.57,11,0.0909,0.1818,0.1,41983,
14108,442176,-0.6,0.0,12.5,1,0.0,0.0,0.1,41983,
14109,442176,-0.9,0.0,20.0,2,0.0,0.5,0.1,41983,
14110,442176,-2.0,0.0,44.44,4,0.25,0.25,0.1,41983,
14111,442176,-2.5,0.0,5.88,1,0.0,0.0,0.1,41983,
14112,442176,-3.7,0.0,15.38,4,0.0,0.0,0.1,41983,
14113,442240,-4.1,0.0,9.68,3,0.0,0.0,0.1,41997,
14114,442240,-1.5,0.0,14.29,1,0.0,0.0,0.1,41997,
14115,442240,-2.0,0.0,4.55,1,0.0,0.0,0.1,41997,
14116,442240,-1.2,0.0,36.36,4,0.0,0.5,0.1,41997,
14117,442304,-1.5,0.0,33.33,2,0.0,0.0,0.1,42007,
14118,442368,-5.2,0.0,23.53,12,0.0,0.1667,0.1,42017,
14119,442368,10.8,1.0,44.44,4,0.0,0.25,0.1,42017,
14120,442368,-0.6,0.0,28.57,2,0.5,0.5,0.1,42017,
14121,442432,-0.6,0.0,12.5,1,0.0,0.0,0.1,42030,
14122,442432,-2.8,0.0,10.53,2,0.0,0.5,0.1,42030,
14123,442432,-3.0,0.0,15.0,3,0.3333,0.3333,0.1,42030,
14124,442560,-2.3,0.0,18.18,4,0.25,0.25,0.1,42048,
14125,442560,-5.4,0.0,23.68,9,0.1111,0.2222,0.1,42048,
14126,442560,-2.8,0.0,5.0,1,0.0,0.0,0.1,42048,
14127,442560,-6.8,0.0,35.29,18,0.1111,0.3333,0.1,42048,
14128,442560,-3.1,0.0,9.09,2,0.0,0.5,0.1,42048,
14129,442624,-3.0,0.0,4.55,1,0.0,0.0,0.1,42057,
14130,442624,-2.2,0.0,15.38,2,0.0,0.5,0.1,42057,
14131,442624,-4.9,0.0,17.65,9,0.1111,0.1111,0.1,42057,
14132,442688,10.0,1.0,16.67,3,0.0,0.3333,0.1,42076,
14133,442688,-1.7,0.0,25.0,2,0.0,0.5,0.1,42076,
14134,442688,-2.5,0.0,12.5,2,0.0,0.0,0.1,42076,
14135,442688,10.0,1.0,10.53,2,0.0,1.0,0.1,42076,
14136,442752,-6.0,0.0,19.61,10,0.3,0.1,0.1,42086,
14137,442752,-1.7,0.0,11.11,1,0.0,0.0,0.1,42086,
14138,442752,-1.6,0.0,12.5,1,0.0,0.0,0.1,42086,
14139,442816,-6.2,0.0,41.03,16,0.3125,0.25,0.1,42098,
14140,442816,-2.7,0.0,5.26,1,0.0,0.0,0.1,42098,
14141,442816,-2.8,0.0,23.53,4,0.0,0.0,0.1,42098,
14142,442816,-3.0,0.0,4.55,1,0.0,0.0,0.1,42098,
14143,442816,-1.7,0.0,25.0,2,0.0,0.0,0.1,42098,
14144,442880,-1.9,0.0,20.0,2,0.0,0.0,0.1,42106,
14145,442880,-1.9,0.0,9.09,1,0.0,0.0,0.1,42106,
14146,442880,-1.9,0.0,20.0,2,0.0,0.0,0.1,42106,
14147,442944,-2.2,0.0,13.64,3,0.0,0.0,0.1,42111,
14148,443008,-5.3,0.0,25.49,13,0.1538,0.2308,0.1,42126,
14149,443008,-6.1,0.0,17.39,8,0.125,0.125,0.1,42126,
14150,443008,9.5,1.0,44.44,8,0.0,0.375,0.1,42126,
14151,443072,-1.8,0.0,10.0,1,0.0,0.0,0.1,42136,
14152,443072,-6.3,0.0,30.23,13,0.0769,0.0769,0.1,42136,
14153,443072,10.6,1.0,7.14,1,0.0,1.0,0.1,42136,
14154,443136,-3.3,0.0,30.0,6,0.1667,0.3333,0.1,42147,
14155,443136,-5.1,0.0,7.32,3,0.3333,0.3333,0.1,42147,
14156,443136,-2.2,0.0,8.7,2,0.0,0.0,0.1,42147,
14157,443136,-2.4,0.0,13.33,2,0.0,0.0,0.1,42147,
14158,443136,10.8,1.0,18.18,2,0.5,0.5,0.1,42147,
14159,443200,-4.1,0.0,6.25,2,0.0,0.0,0.1,42153,
14160,443264,-1.5,0.0,33.33,2,0.0,0.0,0.1,42168,
14161,443264,-1.7,0.0,11.11,1,0.0,0.0,0.1,42168,
14162,443264,-2.4,0.0,21.43,3,0.0,0.0,0.1,42168,
14163,443264,-3.9,0.0,33.33,8,0.125,0.125,0.1,42168,
14164,443264,11.1,1.0,25.0,2,0.5,0.5,0.1,42168,
14165,443264,-2.2,0.0,7.14,1,0.0,0.0,0.1,42168,
14166,443264,11.3,1.0,0.0,0,,,0.1,42168,
14167,443328,-3.6,0.0,7.41,2,0.0,0.0,0.1,42181,
14168,443328,-4.7,0.0,5.26,2,0.0,0.0,0.1,42181,
14169,443328,-2.8,0.0,16.67,3,0.0,0.3333,0.1,42181,
14170,443328,-5.6,0.0,19.51,8,0.0,0.375,0.1,42181,
14171,443328,-5.3,0.0,25.49,13,0.0769,0.1538,0.1,42181,
14172,443328,-6.0,0.0,39.22,20,0.1,0.2,0.1,42181,
14173,443328,-1.0,0.0,18.18,2,0.0,0.0,0.1,42181,
14174,443392,-1.7,0.0,11.11,1,0.0,0.0,0.1,42196,
14175,443392,-1.8,0.0,10.0,1,0.0,0.0,0.1,42196,
14176,443392,-2.2,0.0,15.38,2,0.5,0.0,0.1,42196,
14177,443456,-1.3,0.0,20.0,1,0.0,0.0,0.1,42205,
14178,443520,-2.5,0.0,5.88,1,0.0,0.0,0.1,42213,
14179,443520,11.7,1.0,0.0,0,,,0.1,42213,
14180,443520,-4.5,0.0,8.57,3,0.0,0.0,0.1,42213,
14181,443520,9.9,1.0,10.0,2,0.0,0.5,0.1,42213,
14182,443584,-2.7,0.0,5.26,1,0.0,0.0,0.1,42222,
14183,443648,-0.8,0.0,10.0,1,0.0,0.0,0.1,42231,
14184,443712,-6.0,0.0,19.61,10,0.0,0.1,0.1,42239,
14185,443712,-1.4,0.0,16.67,1,0.0,0.0,0.1,42239,
14186,443712,-0.3,0.0,20.0,1,0.0,0.0,0.1,42239,
14187,443712,-5.6,0.0,11.76,6,0.0,0.5,0.1,42239,
14188,443776,-0.5,0.0,33.33,2,0.0,0.0,0.1,42248,
14189,443776,-2.9,0.0,15.79,3,0.0,0.3333,0.1,42248,
14190,443840,-2.5,0.0,12.5,2,0.5,0.0,0.1,42258,
14191,443904,-1.7,0.0,11.11,1,0.0,0.0,0.1,42264,
14192,443904,9.7,1.0,14.29,3,0.0,0.6667,0.1,42264,
14193,443904,-1.9,0.0,10.0,2,0.0,0.0,0.1,42264,
14194,443968,-2.2,0.0,36.36,4,0.25,0.25,0.1,42274,
14195,443968,-2.2,0.0,25.0,5,0.2,0.0,0.1,42274,
14196,443968,11.8,1.0,0.0,0,,,0.1,42274,
14197,443968,-5.9,0.0,6.12,3,0.0,0.3333,0.1,42274,
14198,443968,9.3,1.0,27.27,6,0.5,0.1667,0.1,42274,
14199,444032,-2.2,0.0,7.14,1,0.0,0.0,0.1,42284,
14200,444032,-2.0,0.0,18.18,2,0.0,0.5,0.1,42284,
14201,444032,-5.1,0.0,1.96,1,0.0,0.0,0.1,42284,
14202,444096,-5.7,0.0,21.95,9,0.0,0.2222,0.1,42298,
14203,444096,10.4,1.0,21.43,3,0.3333,0.3333,0.1,42298,
14204,444096,-2.6,0.0,26.67,4,0.0,0.25,0.1,42298,
14205,444096,-1.4,0.0,16.67,1,0.0,0.0,0.1,42298,
14206,444160,10.2,1.0,5.56,1,0.0,0.0,0.1,42303,
14207,444160,-5.7,0.0,13.73,7,0.0,0.0,0.1,42303,
14208,444160,-2.5,0.0,28.57,4,0.0,0.25,0.1,42303,
14209,444288,-2.7,0.0,11.11,2,0.5,0.5,0.1,42323,
14210,444288,-2.5,0.0,27.27,6,0.0,0.3333,0.1,42323,
14211,444288,-3.1,0.0,14.29,3,0.0,0.3333,0.1,42323,
14212,444288,-2.0,0.0,8.33,1,0.0,0.0,0.1,42323,
14213,444352,-1.6,0.0,50.0,3,0.3333,0.3333,0.1,42330,
14214,444416,-5.1,0.0,1.96,1,0.0,1.0,0.1,42344,
14215,444416,-3.8,0.0,14.81,4,0.0,0.5,0.1,42344,
14216,444416,-2.6,0.0,16.0,4,0.0,0.0,0.1,42344,
14217,444416,-2.1,0.0,16.67,2,0.5,0.5,0.1,42344,
14218,444480,10.0,1.0,16.67,3,0.3333,0.3333,0.1,42350,
14219,444544,-1.7,0.0,11.11,1,0.0,0.0,0.1,42365,
14220,444544,-1.1,0.0,7.69,1,0.0,0.0,0.1,42365,
14221,444544,-3.0,0.0,21.05,4,0.0,0.75,0.1,42365,
14222,444608,-0.9,0.0,33.33,3,0.3333,0.3333,0.1,42373,
14223,444608,-3.5,0.0,18.75,6,0.0,0.3333,0.1,42373,
14224,444672,-5.6,0.0,20.41,10,0.0,0.2,0.1,42384,
14225,444672,-2.8,0.0,6.9,2,0.0,0.5,0.1,42384,
14226,444672,-2.1,0.0,16.67,2,0.5,0.0,0.1,42384,
14227,444672,-1.8,0.0,22.22,2,0.0,0.5,0.1,42384,
14228,444672,-1.4,0.0,16.67,1,0.0,0.0,0.1,42384,
14229,444736,-1.6,0.0,28.57,2,0.0,0.5,0.1,42396,
14230,444736,-2.7,0.0,11.11,2,0.0,0.5,0.1,42396,
14231,444736,-1.4,0.0,13.33,2,0.0,0.0,0.1,42396,
14232,444736,-3.6,0.0,16.0,4,0.25,0.0,0.1,42396,
14233,444736,-1.9,0.0,9.09,1,0.0,0.0,0.1,42396,
14234,444800,-2.0,0.0,9.52,2,0.0,0.0,0.1,42406,
14235,444864,-5.6,0.0,31.37,16,0.25,0.25,0.1,42414,
14236,444864,-1.6,0.0,12.5,1,0.0,0.0,0.1,42414,
14237,444864,-2.4,0.0,13.33,2,0.0,0.0,0.1,42414,
14238,444864,-2.0,0.0,27.78,5,0.0,0.2,0.1,42414,
14239,444864,-2.1,0.0,16.67,2,0.0,0.0,0.1,42414,
14240,444928,-5.1,0.0,1.96,1,0.0,0.0,0.1,42422,
14241,444928,-5.7,0.0,33.33,17,0.0,0.3529,0.1,42422,
14242,444992,-3.1,0.0,13.33,4,0.0,0.5,0.1,42432,
14243,444992,-5.4,0.0,27.45,14,0.0,0.2857,0.1,42432,
14244,444992,-2.6,0.0,18.75,3,0.0,0.3333,0.1,42432,
14245,444992,-5.4,0.0,7.84,4,0.25,0.0,0.1,42432,
14246,445056,-2.6,0.0,11.76,2,0.5,0.0,0.1,42446,
14247,445056,-1.5,0.0,33.33,2,0.0,0.0,0.1,42446,
14248,445056,-2.3,0.0,33.33,4,0.0,0.0,0.1,42446,
14249,445056,11.8,1.0,0.0,0,,,0.1,42446,
14250,445120,-6.0,0.0,19.61,10,0.0,0.1,0.1,42456,
14251,445120,-2.6,0.0,18.75,3,0.0,0.0,0.1,42456,
14252,445184,-1.3,0.0,20.0,1,0.0,0.0,0.1,42467,
14253,445184,-5.1,0.0,10.0,4,0.0,0.0,0.1,42467,
14254,445184,-1.8,0.0,10.0,1,0.0,0.0,0.1,42467,
14255,445184,8.8,1.0,17.86,5,0.2,0.0,0.1,42467,
14256,445248,-0.5,0.0,14.29,1,0.0,0.0,0.1,42476,
14257,445248,-4.4,0.0,7.84,4,0.0,0.0,0.1,42476,
14258,445248,10.7,1.0,7.69,1,0.0,1.0,0.1,42476,
14259,445248,-1.9,0.0,20.0,2,0.0,0.5,0.1,42476,
14260,445376,10.4,1.0,30.77,4,0.0,0.0,0.1,42489,
14261,445376,-4.5,0.0,5.56,2,0.0,0.0,0.1,42489,
14262,445376,-5.0,0.0,30.3,10,0.1,0.2,0.1,42489,
14263,445376,11.6,1.0,25.0,1,0.0,0.0,0.1,42489,
14264,445440,-4.5,0.0,15.15,5,0.0,0.2,0.1,42498,
14265,445440,-3.7,0.0,5.26,2,0.5,0.0,0.1,42498,
14266,445440,-1.4,0.0,16.67,1,0.0,0.0,0.1,42498,
14267,445504,-3.3,0.0,8.33,2,0.0,0.5,0.1,42509,
14268,445504,-3.7,0.0,7.14,2,0.0,0.0,0.1,42509,
14269,445504,-1.5,0.0,14.29,1,0.0,0.0,0.1,42509,
14270,445504,-2.9,0.0,29.41,5,0.6,0.0,0.1,42509,
14271,445504,-2.3,0.0,33.33,4,0.0,0.25,0.1,42509,
14272,445568,-2.3,0.0,14.29,2,0.0,0.0,0.1,42516,
14273,445568,-1.4,0.0,16.67,1,0.0,0.0,0.1,42516,
14274,445632,-2.1,0.0,16.67,2,0.5,0.0,0.1,42522,
14275,445632,-1.5,0.0,20.0,3,0.3333,0.6667,0.1,42522,
14276,445632,-3.6,0.0,16.0,4,0.0,0.0,0.1,42522,
14277,445696,-1.8,0.0,10.0,1,0.0,0.0,0.1,42527,
14278,445696,9.2,1.0,16.0,4,0.25,0.25,0.1,42527,
14279,445760,-2.7,0.0,25.0,4,0.0,0.0,0.1,42537,
14280,445760,-6.1,0.0,20.0,9,0.1111,0.2222,0.1,42537,
14281,445760,-0.4,0.0,16.67,1,0.0,0.0,0.1,42537,
14282,445760,-5.1,0.0,12.82,5,0.2,0.0,0.1,42537,
14283,445824,-2.5,0.0,5.88,1,0.0,0.0,0.1,42547,
14284,445824,8.5,1.0,16.13,5,0.0,0.2,0.1,42547,
14285,445824,-1.7,0.0,11.11,1,0.0,0.0,0.1,42547,
14286,445824,-6.0,0.0,8.16,4,0.0,0.25,0.1,42547,
14287,445824,-2.1,0.0,7.69,1,0.0,0.0,0.1,42547,
14288,445888,-3.5,0.0,12.0,3,0.0,0.3333,0.1,42556,
14289,445888,-2.3,0.0,14.29,2,0.0,0.0,0.1,42556,
14290,445952,11.2,1.0,0.0,0,,,0.1,42566,
14291,445952,-1.5,0.0,14.29,1,0.0,0.0,0.1,42566,
14292,445952,-2.6,0.0,11.76,2,0.0,0.0,0.1,42566,
14293,446016,-2.9,0.0,10.0,2,0.0,0.0,0.1,42578,
14294,446080,-5.5,0.0,13.73,7,0.0,0.2857,0.1,42591,
14295,446080,-1.3,0.0,20.0,1,0.0,0.0,0.1,42591,
14296,446080,-3.3,0.0,18.18,4,0.0,0.25,0.1,42591,
14297,446080,-4.6,0.0,11.36,5,0.2,0.4,0.1,42591,
14298,446080,10.7,1.0,27.27,3,0.0,0.0,0.1,42591,
14299,446080,-0.3,0.0,20.0,1,0.0,0.0,0.1,42591,
14300,446144,-1.2,0.0,7.14,1,0.0,0.0,0.1,42598,
14301,446144,-2.0,0.0,27.78,5,0.4,0.4,0.1,42598,
14302,446272,-0.5,0.0,33.33,2,0.0,0.0,0.1,42619,
14303,446336,-3.3,0.0,23.81,5,0.0,0.2,0.1,42629,
14304,446336,-1.8,0.0,23.53,4,0.0,0.25,0.1,42629,
14305,446336,-5.5,0.0,9.8,5,0.0,0.0,0.1,42629,
14306,446400,-3.1,0.0,13.33,4,0.25,0.75,0.1,42641,
14307,446400,-1.7,0.0,11.11,1,0.0,0.0,0.1,42641,
14308,446464,-3.9,0.0,18.52,5,0.2,0.2,0.1,42655,
14309,446464,-1.8,0.0,10.0,1,0.0,0.0,0.1,42655,
14310,446528,-1.5,0.0,14.29,1,0.0,0.0,0.1,42662,
14311,446528,-5.8,0.0,15.69,8,0.0,0.0,0.1,42662,
14312,446592,-5.6,0.0,22.92,11,0.2727,0.0,0.1,42680,
14313,446592,-4.2,0.0,2.94,1,0.0,0.0,0.1,42680,
14314,446592,7.6,1.0,18.42,7,0.1429,0.0,0.1,42680,
14315,446592,-4.3,0.0,21.05,8,0.125,0.25,0.1,42680,
14316,446592,-2.9,0.0,22.22,4,0.0,0.0,0.1,42680,
14317,446592,-1.1,0.0,7.69,1,0.0,0.0,0.1,42680,
14318,446592,-5.1,0.0,1.96,1,0.0,1.0,0.1,42680,
14319,446592,-3.0,0.0,4.55,1,0.0,0.0,0.1,42680,
14320,446656,-3.0,0.0,15.0,3,0.0,0.3333,0.1,42688,
14321,446656,-1.7,0.0,11.11,1,0.0,0.0,0.1,42688,
14322,446720,-3.0,0.0,15.0,3,0.0,0.0,0.1,42696,
14323,446784,-2.9,0.0,46.67,7,0.0,0.0,0.1,42711,
14324,446784,-0.4,0.0,16.67,1,0.0,0.0,0.1,42711,
14325,446784,-2.8,0.0,5.0,1,0.0,0.0,0.1,42711,
14326,446784,-0.9,0.0,9.09,1,0.0,0.0,0.1,42711,
14327,446784,-4.6,0.0,11.76,6,0.1667,0.3333,0.1,42711,
14328,446784,-5.2,0.0,23.53,12,0.0833,0.3333,0.1,42711,
14329,446784,-2.1,0.0,40.0,4,0.0,0.0,0.1,42711,
14330,446848,-4.5,0.0,8.57,3,0.0,0.3333,0.1,42720,
14331,446912,-1.6,0.0,12.5,1,0.0,0.0,0.1,42731,
14332,446912,-2.2,0.0,13.64,3,0.0,0.3333,0.1,42731,
14333,446912,-2.4,0.0,13.33,2,0.0,0.0,0.1,42731,
14334,447040,-1.5,0.0,33.33,2,0.0,0.0,0.1,42746,
14335,447040,-3.5,0.0,16.67,4,0.25,0.0,0.1,42746,
14336,447040,-1.0,0.0,8.33,1,0.0,0.0,0.1,42746,
14337,447040,11.3,1.0,0.0,0,,,0.1,42746,
14338,447104,-2.7,0.0,20.0,5,0.2,0.4,0.1,42759,
14339,447104,-1.1,0.0,16.67,2,0.0,0.0,0.1,42759,
14340,447104,-1.8,0.0,22.22,2,0.0,0.0,0.1,42759,
14341,447104,-2.2,0.0,25.0,3,0.0,0.0,0.1,42759,
14342,447104,-1.6,0.0,12.5,1,0.0,0.0,0.1,42759,
14343,447168,-3.3,0.0,36.84,7,0.0,0.2857,0.1,42771,
14344,447168,-4.4,0.0,7.84,4,0.25,0.0,0.1,42771,
14345,447168,9.0,1.0,0.0,0,,,0.1,42771,
14346,447296,-1.2,0.0,25.0,1,0.0,0.0,0.1,42784,
14347,447296,-5.5,0.0,11.63,5,0.0,0.4,0.1,42784,
14348,447360,-2.1,0.0,9.09,2,0.0,0.5,0.1,42793,
14349,447360,-3.6,0.0,7.41,2,0.0,0.0,0.1,42793,
14350,447424,-4.0,0.0,7.5,3,0.0,0.3333,0.1,42804,
14351,447424,-5.1,0.0,1.96,1,0.0,0.0,0.1,42804,
14352,447424,-3.2,0.0,19.05,4,0.0,0.0,0.1,42804,
14353,447488,-3.0,0.0,9.52,2,0.0,0.0,0.1,42813,
14354,447488,-1.4,0.0,16.67,1,0.0,0.0,0.1,42813,
14355,447552,-5.1,0.0,15.79,6,0.1667,0.1667,0.1,42825,
14356,447552,-2.3,0.0,6.67,1,0.0,0.0,0.1,42825,
14357,447552,-5.9,0.0,6.12,3,0.0,0.0,0.1,42825,
14358,447552,7.0,1.0,30.77,12,0.1667,0.3333,0.1,42825,
14359,447680,-0.9,0.0,20.0,2,0.5,0.0,0.1,42848,
14360,447680,-2.1,0.0,16.67,2,0.0,0.5,0.1,42848,
14361,447680,-3.4,0.0,8.0,2,0.0,0.0,0.1,42848,
14362,447744,-1.2,0.0,25.0,1,0.0,0.0,0.1,42862,
14363,447744,-1.9,0.0,22.22,4,0.25,0.0,0.1,42862,
14364,447808,-1.4,0.0,6.25,1,0.0,0.0,0.1,42872,
14365,447808,-5.3,0.0,12.2,5,0.2,0.4,0.1,42872,
14366,447808,-2.0,0.0,18.18,2,0.0,0.5,0.1,42872,
14367,447808,-2.1,0.0,26.32,5,0.0,0.2,0.1,42872,
14368,447808,-1.3,0.0,50.0,2,0.0,0.0,0.1,42872,
14369,447872,-0.7,0.0,11.11,1,0.0,0.0,0.1,42879,
14370,447872,-2.1,0.0,16.67,2,0.0,0.0,0.1,42879,
14371,447936,-1.9,0.0,22.22,4,0.0,0.0,0.1,42887,
14372,447936,-3.9,0.0,31.25,10,0.3,0.1,0.1,42887,
14373,447936,11.4,1.0,0.0,0,,,0.1,42887,
14374,447936,-1.5,0.0,12.5,2,0.0,0.0,0.1,42887,
14375,447936,-5.3,0.0,25.49,13,0.0769,0.2308,0.1,42887,
14376,447936,-3.2,0.0,8.7,2,0.0,0.5,0.1,42887,
14377,448000,-4.5,0.0,5.56,2,0.0,0.5,0.1,42894,
14378,448000,10.0,1.0,23.53,4,0.0,0.25,0.1,42894,
14379,448000,11.6,1.0,25.0,1,0.0,0.0,0.1,42894,
14380,448064,-1.4,0.0,16.67,1,0.0,0.0,0.1,42906,
14381,448064,-2.4,0.0,17.39,4,0.0,0.25,0.1,42906,
14382,448128,-2.6,0.0,11.76,2,0.0,0.0,0.1,42918,
14383,448128,-4.8,0.0,2.5,1,0.0,0.0,0.1,42918,
14384,448128,7.9,1.0,7.69,3,0.0,0.0,0.1,42918,
14385,448128,-0.3,0.0,20.0,1,0.0,0.0,0.1,42918,
14386,448192,-0.6,0.0,12.5,1,0.0,0.0,0.1,42928,
14387,448192,-5.7,0.0,13.73,7,0.2857,0.1429,0.1,42928,
14388,448192,11.5,1.0,0.0,0,,,0.1,42928,
14389,448192,-5.0,0.0,0.0,0,,,0.1,42928,
14390,448256,-1.0,0.0,18.18,2,0.0,0.0,0.1,42938,
14391,448256,-0.9,0.0,9.09,1,0.0,0.0,0.1,42938,
14392,448256,-1.3,0.0,20.0,1,0.0,0.0,0.1,42938,
14393,448320,-3.9,0.0,18.52,5,0.0,0.4,0.1,42942,
14394,448384,-0.7,0.0,11.11,1,0.0,0.0,0.1,42956,
14395,448384,-1.3,0.0,20.0,1,0.0,0.0,0.1,42956,
14396,448384,-1.9,0.0,15.79,3,0.0,0.0,0.1,42956,
14397,448384,-2.8,0.0,31.25,5,0.0,0.0,0.1,42956,
14398,448448,-3.2,0.0,25.0,5,0.0,0.2,0.1,42967,
14399,448448,-2.1,0.0,14.29,3,0.0,0.3333,0.1,42967,
14400,448512,-5.7,0.0,33.33,17,0.1176,0.2941,0.1,42979,
14401,448512,-0.9,0.0,20.0,2,0.0,0.0,0.1,42979,
14402,448512,-1.7,0.0,11.11,1,0.0,0.0,0.1,42979,
14403,448512,-2.1,0.0,7.69,1,0.0,0.0,0.1,42979,
14404,448576,-1.6,0.0,5.56,1,0.0,0.0,0.1,42986,
14405,448576,-1.9,0.0,20.0,2,0.0,0.0,0.1,42986,
14406,448640,-4.7,0.0,17.65,6,0.0,0.1667,0.1,42993,
14407,448640,11.3,1.0,0.0,0,,,0.1,42993,
14408,448704,11.6,1.0,0.0,0,,,0.1,43000,
14409,448704,9.4,1.0,22.73,5,0.0,0.2,0.1,43000,
14410,448704,-0.7,0.0,11.11,1,0.0,0.0,0.1,43000,
14411,448704,-4.6,0.0,11.76,6,0.0,0.1667,0.1,43000,
14412,448704,-1.7,0.0,11.11,1,0.0,0.0,0.1,43000,
14413,448768,-2.2,0.0,7.14,1,0.0,0.0,0.1,43013,
14414,448768,-3.9,0.0,3.23,1,0.0,0.0,0.1,43013,
14415,448832,-5.9,0.0,24.0,12,0.0,0.1667,0.1,43022,
14416,448832,-4.7,0.0,21.21,7,0.1429,0.1429,0.1,43022,
14417,448832,-5.6,0.0,11.76,6,0.0,0.1667,0.1,43022,
14418,448832,-2.1,0.0,7.69,1,0.0,0.0,0.1,43022,
14419,448896,-1.3,0.0,6.67,1,0.0,0.0,0.1,43028,
14420,448896,-2.5,0.0,5.88,1,0.0,0.0,0.1,43028,
14421,448960,-3.4,0.0,8.82,3,0.0,0.3333,0.1,43038,
14422,448960,-5.7,0.0,13.73,7,0.0,0.2857,0.1,43038,
14423,449024,10.4,1.0,41.67,5,0.0,0.2,0.1,43051,
14424,449024,-5.8,0.0,15.69,8,0.125,0.375,0.1,43051,
14425,449024,-2.7,0.0,17.65,3,0.0,0.0,0.1,43051,
14426,449024,-1.7,0.0,25.0,2,0.0,0.0,0.1,43051,
14427,449024,8.8,1.0,43.48,10,0.2,0.2,0.1,43051,
14428,449024,-1.6,0.0,18.75,3,0.0,0.3333,0.1,43051,
14429,449088,-4.7,0.0,13.73,7,0.0,0.4286,0.1,43056,
14430,449088,-1.6,0.0,12.5,1,0.0,0.0,0.1,43056,
14431,449088,-5.0,0.0,19.61,10,0.2,0.5,0.1,43056,
14432,449088,-2.1,0.0,7.69,1,0.0,0.0,0.1,43056,
14433,449088,-4.8,0.0,13.89,5,0.0,0.0,0.1,43056,
14434,449152,-2.0,0.0,8.33,1,0.0,0.0,0.1,43064,
14435,449152,-4.6,0.0,11.36,5,0.0,0.2,0.1,43064,
14436,449216,-2.0,0.0,8.33,1,0.0,0.0,0.1,43071,
14437,449280,-1.6,0.0,12.5,1,0.0,0.0,0.1,43086,
14438,449280,-1.5,0.0,14.29,1,0.0,0.0,0.1,43086,
14439,449280,-4.4,0.0,12.12,4,0.0,0.0,0.1,43086,
14440,449280,10.9,1.0,0.0,0,,,0.1,43086,
14441,449280,-5.9,0.0,37.25,19,0.2105,0.2105,0.1,43086,
14442,449280,-2.2,0.0,7.14,1,0.0,0.0,0.1,43086,
14443,449344,-1.2,0.0,15.38,2,0.0,0.0,0.1,43096,
14444,449344,-6.4,0.0,27.45,14,0.0714,0.2857,0.1,43096,
14445,449344,-0.6,0.0,12.5,1,0.0,0.0,0.1,43096,
14446,449344,-1.5,0.0,14.29,1,0.0,0.0,0.1,43096,
14447,449408,-2.5,0.0,47.37,9,0.0,0.2222,0.1,43109,
14448,449408,-2.0,0.0,8.33,1,0.0,0.0,0.1,43109,
14449,449408,-2.9,0.0,4.76,1,0.0,0.0,0.1,43109,
14450,449408,-0.7,0.0,11.11,1,0.0,0.0,0.1,43109,
14451,449408,-1.9,0.0,9.09,1,0.0,0.0,0.1,43109,
14452,449472,10.2,1.0,11.76,2,0.0,0.0,0.1,43116,
14453,449472,-1.9,0.0,10.0,2,0.0,0.0,0.1,43116,
14454,449472,-1.5,0.0,14.29,1,0.0,0.0,0.1,43116,
14455,449536,-1.9,0.0,4.76,1,0.0,0.0,0.1,43125,
14456,449536,-2.3,0.0,6.67,1,0.0,0.0,0.1,43125,
14457,449600,-1.6,0.0,12.5,1,0.0,0.0,0.1,43133,
14458,449600,11.0,1.0,37.5,3,0.3333,1.0,0.1,43133,
14459,449600,-2.2,0.0,15.38,2,0.0,0.0,0.1,43133,
14460,449664,-1.4,0.0,16.67,1,0.0,0.0,0.1,43149,
14461,449664,-3.1,0.0,9.09,2,0.5,0.0,0.1,43149,
14462,449664,-4.5,0.0,5.56,2,0.0,0.0,0.1,43149,
14463,449664,-1.3,0.0,20.0,1,0.0,0.0,0.1,43149,
14464,449728,-1.9,0.0,9.09,1,0.0,0.0,0.1,43159,
14465,449728,-3.8,0.0,13.89,5,0.0,0.2,0.1,43159,
14466,449856,-4.4,0.0,15.62,5,0.0,0.4,0.1,43188,
14467,449856,-3.5,0.0,7.69,2,0.5,0.0,0.1,43188,
14468,449856,-2.3,0.0,6.67,1,0.0,0.0,0.1,43188,
14469,449856,-5.5,0.0,29.41,15,0.0667,0.1333,0.1,43188,
14470,449856,-1.9,0.0,9.09,1,0.0,0.0,0.1,43188,
14471,449856,-1.4,0.0,16.67,1,0.0,0.0,0.1,43188,
14472,449856,-5.3,0.0,25.49,13,0.1538,0.1538,0.1,43188,
14473,449920,-6.0,0.0,19.61,10,0.2,0.2,0.1,43194,
14474,449920,11.3,1.0,0.0,0,,,0.1,43194,
14475,449920,-4.0,0.0,6.45,2,0.5,0.0,0.1,43194,
14476,449984,-1.6,0.0,28.57,2,0.0,0.0,0.1,43207,
14477,449984,-0.3,0.0,20.0,1,0.0,0.0,0.1,43207,
14478,449984,-2.4,0.0,13.33,2,0.0,0.0,0.1,43207,
14479,449984,-1.6,0.0,28.57,2,0.5,0.5,0.1,43207,
14480,449984,11.5,1.0,20.0,1,1.0,1.0,0.1,43207,
14481,450048,-2.4,0.0,6.25,1,0.0,0.0,0.1,43216,
14482,450048,-5.0,0.0,0.0,0,,,0.1,43216,
14483,450048,-5.4,0.0,27.45,14,0.0,0.4286,0.1,43216,
14484,450112,-5.3,0.0,5.88,3,0.0,0.0,0.1,43225,
14485,450112,-2.0,0.0,18.18,2,0.0,0.0,0.1,43225,
14486,450112,-2.1,0.0,16.67,2,0.0,0.0,0.1,43225,
14487,450112,-1.6,0.0,28.57,2,0.0,0.0,0.1,43225,
14488,450112,-2.2,0.0,25.0,3,0.0,0.0,0.1,43225,
14489,450176,-2.2,0.0,7.14,1,0.0,0.0,0.1,43235,
14490,450176,-1.3,0.0,20.0,1,0.0,0.0,0.1,43235,
14491,450240,-2.9,0.0,33.33,8,0.25,0.125,0.1,43241,
14492,450304,-0.7,0.0,11.11,1,0.0,0.0,0.1,43256,
14493,450304,-2.7,0.0,5.26,1,0.0,0.0,0.1,43256,
14494,450304,-2.1,0.0,7.69,1,0.0,0.0,0.1,43256,
14495,450304,-3.1,0.0,14.29,3,0.0,0.0,0.1,43256,
14496,450304,-3.7,0.0,15.38,4,0.0,0.5,0.1,43256,
14497,450304,-6.1,0.0,21.57,11,0.0909,0.3636,0.1,43256,
14498,450368,-4.2,0.0,3.92,2,0.0,0.5,0.1,43263,
14499,450368,-2.4,0.0,13.33,2,0.0,0.0,0.1,43263,
14500,450432,-2.4,0.0,6.25,1,0.0,0.0,0.1,43273,
14501,450432,-2.6,0.0,5.56,1,0.0,0.0,0.1,43273,
14502,450432,-1.5,0.0,14.29,1,0.0,0.0,0.1,43273,
14503,450432,-3.8,0.0,14.81,4,0.5,0.0,0.1,43273,
14504,450496,-2.1,0.0,26.32,5,0.0,0.2,0.1,43284,
14505,450496,-0.4,0.0,16.67,1,0.0,0.0,0.1,43284,
14506,450496,-2.3,0.0,14.29,2,0.5,0.5,0.1,43284,
14507,450560,-0.7,0.0,11.11,1,0.0,0.0,0.1,43290,
14508,450560,-1.7,0.0,5.26,1,0.0,0.0,0.1,43290,
14509,450624,8.0,1.0,13.89,5,0.0,0.6,0.1,43294,
14510,450624,-4.2,0.0,40.0,10,0.1,0.4,0.1,43294,
14511,450624,-1.8,0.0,10.0,1,0.0,0.0,0.1,43294,
14512,450624,-3.7,0.0,7.14,2,0.0,0.0,0.1,43294,
14513,450688,8.0,1.0,32.26,10,0.2,0.3,0.1,43305,
14514,450688,11.2,1.0,0.0,0,,,0.1,43305,
14515,450688,-3.7,0.0,11.11,3,0.3333,0.0,0.1,43305,
14516,450688,-4.9,0.0,17.65,9,0.1111,0.4444,0.1,43305,
14517,450688,-1.6,0.0,12.5,1,0.0,0.0,0.1,43305,
14518,450688,-3.7,0.0,36.36,8,0.125,0.375,0.1,43305,
14519,450752,-1.4,0.0,16.67,1,0.0,0.0,0.1,43314,
14520,450752,-1.5,0.0,14.29,1,0.0,0.0,0.1,43314,
14521,450752,-2.1,0.0,7.69,1,0.0,0.0,0.1,43314,
14522,450752,-1.5,0.0,14.29,1,0.0,0.0,0.1,43314,
14523,450752,-4.4,0.0,2.78,1,0.0,0.0,0.1,43314,
14524,450752,-0.5,0.0,14.29,1,0.0,0.0,0.1,43314,
14525,450816,-1.8,0.0,10.0,1,0.0,0.0,0.1,43324,
14526,450880,-2.1,0.0,7.69,1,0.0,0.0,0.1,43334,
14527,450880,-2.2,0.0,15.38,2,0.0,0.0,0.1,43334,
14528,450880,-3.6,0.0,7.41,2,0.0,0.0,0.1,43334,
14529,450944,-0.4,0.0,16.67,1,0.0,0.0,0.1,43341,
14530,450944,-0.5,0.0,33.33,2,0.0,0.5,0.1,43341,
14531,450944,8.6,1.0,29.63,8,0.0,0.375,0.1,43341,
14532,451008,-2.2,0.0,36.36,4,0.0,0.0,0.1,43354,
14533,451008,-2.8,0.0,16.67,3,0.0,0.3333,0.1,43354,
14534,451008,-1.3,0.0,20.0,1,0.0,0.0,0.1,43354,
14535,451008,-1.5,0.0,33.33,2,0.0,0.0,0.1,43354,
14536,451008,-1.7,0.0,11.11,1,0.0,0.0,0.1,43354,
14537,451008,-5.8,0.0,35.56,16,0.0625,0.125,0.1,43354,
14538,451008,-6.6,0.0,31.37,16,0.0625,0.1875,0.1,43354,
14539,451072,-2.0,0.0,18.18,2,0.0,0.0,0.1,43363,
14540,451072,-3.3,0.0,13.04,3,0.0,0.0,0.1,43363,
14541,451072,-5.2,0.0,21.62,8,0.125,0.125,0.1,43363,
14542,451136,-3.0,0.0,15.0,3,0.0,0.3333,0.1,43371,
14543,451136,-1.6,0.0,28.57,2,0.5,0.5,0.1,43371,
14544,451136,-0.8,0.0,37.5,3,0.0,0.3333,0.1,43371,
14545,451200,-1.5,0.0,14.29,1,0.0,0.0,0.1,43378,
14546,451200,-4.3,0.0,9.09,3,0.3333,0.0,0.1,43378,
14547,451200,-1.9,0.0,10.0,2,0.0,0.5,0.1,43378,
14548,451200,9.9,1.0,29.41,5,0.0,0.4,0.1,43378,
14549,451264,-3.0,0.0,4.55,1,0.0,0.0,0.1,43390,
14550,451264,-1.6,0.0,12.5,1,0.0,0.0,0.1,43390,
14551,451264,-5.9,0.0,17.65,9,0.0,0.0,0.1,43390,
14552,451264,-3.6,0.0,11.54,3,0.0,0.0,0.1,43390,
14553,451264,-0.2,0.0,25.0,1,0.0,0.0,0.1,43390,
14554,451328,-1.3,0.0,20.0,1,0.0,0.0,0.1,43400,
14555,451328,7.4,1.0,6.82,3,0.0,0.6667,0.1,43400,
14556,451392,-3.5,0.0,7.69,2,0.0,0.5,0.1,43410,
14557,451392,-1.6,0.0,12.5,1,0.0,0.0,0.1,43410,
14558,451392,-1.8,0.0,10.0,1,0.0,0.0,0.1,43410,
14559,451392,-1.6,0.0,35.71,5,0.0,0.0,0.1,43410,
14560,451392,-3.9,0.0,6.67,2,0.0,0.5,0.1,43410,
14561,451392,-1.5,0.0,14.29,1,0.0,0.0,0.1,43410,
14562,451456,-2.2,0.0,8.7,2,0.0,0.5,0.1,43419,
14563,451456,-0.6,0.0,28.57,2,0.5,0.0,0.1,43419,
14564,451456,-3.8,0.0,10.81,4,0.0,0.25,0.1,43419,
14565,451456,-1.3,0.0,20.0,1,0.0,0.0,0.1,43419,
14566,451520,10.3,1.0,5.88,1,0.0,0.0,0.1,43433,
14567,451520,-0.8,0.0,10.0,1,0.0,0.0,0.1,43433,
14568,451520,-3.5,0.0,7.69,2,0.0,0.0,0.1,43433,
14569,451520,-1.6,0.0,28.57,2,0.0,0.0,0.1,43433,
14570,451520,-1.7,0.0,25.0,2,0.0,0.5,0.1,43433,
14571,451520,-3.1,0.0,4.35,1,0.0,0.0,0.1,43433,
14572,451584,-1.6,0.0,28.57,2,0.5,0.0,0.1,43442,
14573,451584,-2.4,0.0,3.85,1,0.0,0.0,0.1,43442,
14574,451584,-1.4,0.0,16.67,1,0.0,0.0,0.1,43442,
14575,451584,11.6,1.0,0.0,0,,,0.1,43442,
14576,451584,-1.3,0.0,6.67,1,0.0,0.0,0.1,43442,
14577,451584,-1.7,0.0,11.11,1,0.0,0.0,0.1,43442,
14578,451648,-2.7,0.0,5.26,1,0.0,0.0,0.1,43452,
14579,451648,-1.4,0.0,40.0,2,0.0,0.0,0.1,43452,
14580,451648,-4.6,0.0,11.43,4,0.0,0.75,0.1,43452,
14581,451648,-1.4,0.0,13.33,2,0.5,0.0,0.1,43452,
14582,451712,-1.6,0.0,12.5,1,0.0,0.0,0.1,43461,
14583,451712,-1.6,0.0,28.57,2,0.0,0.0,0.1,43461,
14584,451776,-1.7,0.0,25.0,2,0.0,0.5,0.1,43469,
14585,451776,-1.5,0.0,14.29,1,0.0,0.0,0.1,43469,
14586,451776,-3.7,0.0,7.14,2,0.0,0.0,0.1,43469,
14587,451776,-1.0,0.0,8.33,1,0.0,0.0,0.1,43469,
14588,451776,-2.6,0.0,11.54,3,0.0,0.0,0.1,43469,
14589,451840,-1.7,0.0,11.11,1,0.0,0.0,0.1,43482,
14590,451840,-4.2,0.0,12.5,5,0.0,0.2,0.1,43482,
14591,451840,-1.7,0.0,11.11,1,0.0,0.0,0.1,43482,
14592,451840,-1.5,0.0,33.33,2,0.0,0.0,0.1,43482,
14593,451840,-1.6,0.0,28.57,2,0.0,0.5,0.1,43482,
14594,451904,-3.5,0.0,12.0,3,0.0,0.0,0.1,43491,
14595,451904,-2.5,0.0,27.27,6,0.0,0.1667,0.1,43491,
14596,451904,-2.3,0.0,23.08,3,0.0,0.0,0.1,43491,
14597,451904,-3.0,0.0,27.78,5,0.2,0.0,0.1,43491,
14598,451904,-2.4,0.0,6.25,1,0.0,0.0,0.1,43491,
14599,451968,-1.7,0.0,11.11,1,0.0,0.0,0.1,43504,
14600,451968,-1.4,0.0,16.67,1,0.0,0.0,0.1,43504,
14601,451968,-1.6,0.0,12.5,1,0.0,0.0,0.1,43504,
14602,451968,-0.7,0.0,25.0,2,0.0,0.0,0.1,43504,
14603,452032,-1.4,0.0,16.67,1,0.0,0.0,0.1,43515,
14604,452032,-1.5,0.0,14.29,1,0.0,0.0,0.1,43515,
14605,452032,-0.5,0.0,14.29,1,0.0,0.0,0.1,43515,
14606,452096,-1.3,0.0,20.0,1,0.0,0.0,0.1,43527,
14607,452096,-1.7,0.0,11.11,1,0.0,0.0,0.1,43527,
14608,452160,-1.5,0.0,14.29,1,0.0,0.0,0.1,43539,
14609,452160,-5.8,0.0,4.08,2,0.0,0.0,0.1,43539,
14610,452160,9.4,1.0,22.73,5,0.2,0.2,0.1,43539,
14611,452160,-2.9,0.0,10.34,3,0.0,0.6667,0.1,43539,
14612,452160,-1.4,0.0,16.67,1,0.0,0.0,0.1,43539,
14613,452224,-2.1,0.0,7.69,1,0.0,0.0,0.1,43549,
14614,452224,-1.9,0.0,20.0,2,0.0,0.0,0.1,43549,
14615,452224,-2.9,0.0,10.0,2,0.0,0.0,0.1,43549,
14616,452288,-4.5,0.0,26.32,10,0.1,0.2,0.1,43558,
14617,452288,-1.3,0.0,20.0,1,0.0,0.0,0.1,43558,
14618,452352,-1.5,0.0,14.29,1,0.0,0.0,0.1,43570,
14619,452352,-1.4,0.0,16.67,1,0.0,0.0,0.1,43570,
14620,452352,-2.5,0.0,20.0,3,0.3333,0.3333,0.1,43570,
14621,452352,-3.8,0.0,29.17,7,0.1429,0.1429,0.1,43570,
14622,452352,-1.7,0.0,25.0,2,0.0,0.0,0.1,43570,
14623,452352,-1.6,0.0,28.57,2,0.0,0.0,0.1,43570,
14624,452352,-2.0,0.0,8.33,1,0.0,0.0,0.1,43570,
14625,452352,-1.9,0.0,9.09,1,0.0,0.0,0.1,43570,
14626,452416,-2.2,0.0,7.14,1,0.0,0.0,0.1,43577,
14627,452480,-1.8,0.0,10.0,1,0.0,0.0,0.1,43585,
14628,452480,-2.5,0.0,5.88,1,0.0,0.0,0.1,43585,
14629,452480,-1.4,0.0,16.67,1,0.0,0.0,0.1,43585,
14630,452544,-1.7,0.0,11.11,1,0.0,0.0,0.1,43591,
14631,452544,-1.7,0.0,25.0,2,0.0,0.0,0.1,43591,
14632,452608,-4.5,0.0,11.76,4,0.25,0.5,0.1,43602,
14633,452608,-2.8,0.0,24.0,6,0.1667,0.3333,0.1,43602,
14634,452608,-1.8,0.0,22.22,2,0.0,0.0,0.1,43602,
14635,452608,-1.1,0.0,7.69,1,0.0,0.0,0.1,43602,
14636,452672,-1.9,0.0,20.0,2,0.0,0.0,0.1,43616,
14637,452672,-2.3,0.0,8.33,2,0.0,0.0,0.1,43616,
14638,452672,-1.7,0.0,25.0,2,0.0,0.0,0.1,43616,
14639,452672,-0.4,0.0,40.0,2,0.0,0.5,0.1,43616,
14640,452736,-1.8,0.0,10.0,1,0.0,0.0,0.1,43624,
14641,452736,-1.7,0.0,17.65,3,0.0,0.3333,0.1,43624,
14642,452800,-1.6,0.0,28.57,2,0.0,0.0,0.1,43637,
14643,452800,-1.7,0.0,11.11,1,0.0,0.0,0.1,43637,
14644,452864,-2.4,0.0,6.25,1,0.0,0.0,0.1,43649,
14645,452928,-1.7,0.0,11.11,1,0.0,0.0,0.1,43660,
14646,452928,10.8,1.0,8.33,1,0.0,1.0,0.1,43660,
14647,452928,-1.4,0.0,16.67,1,0.0,0.0,0.1,43660,
14648,452928,-5.1,0.0,21.57,11,0.0,0.4545,0.1,43660,
14649,452992,-2.2,0.0,8.7,2,0.0,0.0,0.1,43669,
14650,452992,10.0,1.0,23.53,4,0.25,0.5,0.1,43669,
14651,453056,-2.3,0.0,45.45,5,0.2,0.2,0.1,43679,
14652,453056,-2.6,0.0,16.0,4,0.0,0.25,0.1,43679,
14653,453120,-6.8,0.0,35.29,18,0.2222,0.2222,0.1,43688,
14654,453120,-2.4,0.0,13.33,2,0.0,0.0,0.1,43688,
14655,453184,11.3,1.0,0.0,0,,,0.1,43700,
14656,453184,11.6,1.0,25.0,1,0.0,1.0,0.1,43700,
14657,453248,-1.8,0.0,40.0,6,0.0,0.0,0.1,43709,
14658,453248,-3.1,0.0,4.35,1,0.0,0.0,0.1,43709,
14659,453248,-1.8,0.0,10.0,1,0.0,0.0,0.1,43709,
14660,453312,-2.3,0.0,6.67,1,0.0,0.0,0.1,43720,
14661,453312,-1.6,0.0,12.5,1,0.0,0.0,0.1,43720,
14662,453312,-4.7,0.0,21.95,9,0.0,0.2222,0.1,43720,
14663,453312,-6.2,0.0,47.73,21,0.1905,0.2381,0.1,43720,
14664,453376,-2.7,0.0,5.26,1,0.0,0.0,0.1,43731,
14665,453376,-2.0,0.0,8.33,1,0.0,0.0,0.1,43731,
14666,453376,-5.2,0.0,3.92,2,0.0,0.5,0.1,43731,
14667,453376,-2.2,0.0,15.38,2,0.0,0.0,0.1,43731,
14668,453440,-3.2,0.0,16.67,5,0.0,0.4,0.1,43748,
14669,453440,-3.8,0.0,3.33,1,0.0,0.0,0.1,43748,
14670,453440,-4.6,0.0,5.41,2,0.5,0.0,0.1,43748,
14671,453504,-1.5,0.0,14.29,1,0.0,0.0,0.1,43756,
14672,453504,-1.7,0.0,25.0,4,0.0,0.25,0.1,43756,
14673,453504,9.0,1.0,24.0,6,0.1667,0.3333,0.1,43756,
14674,453504,-5.3,0.0,5.88,3,0.3333,0.0,0.1,43756,
14675,453568,-2.7,0.0,5.26,1,0.0,0.0,0.1,43765,
14676,453568,-2.9,0.0,15.79,3,0.3333,0.0,0.1,43765,
14677,453632,8.6,1.0,25.0,7,0.0,0.4286,0.1,43774,
14678,453632,-4.5,0.0,15.15,5,0.0,0.2,0.1,43774,
14679,453632,-1.4,0.0,21.43,3,0.0,0.3333,0.1,43774,
14680,453632,-2.4,0.0,30.77,4,0.0,0.25,0.1,43774,
14681,453632,10.1,1.0,11.11,2,0.5,0.5,0.1,43774,
14682,453696,-2.2,0.0,13.64,3,0.0,0.0,0.1,43787,
14683,453696,-2.4,0.0,13.33,2,0.0,0.0,0.1,43787,
14684,453760,-1.6,0.0,12.5,1,0.0,0.0,0.1,43804,
14685,453760,-3.5,0.0,12.0,3,0.0,0.0,0.1,43804,
14686,453760,-2.1,0.0,9.09,2,0.0,0.0,0.1,43804,
14687,453760,-1.7,0.0,11.11,1,0.0,0.0,0.1,43804,
14688,453760,-1.7,0.0,11.11,1,0.0,0.0,0.1,43804,
14689,453824,-0.2,0.0,25.0,1,0.0,0.0,0.1,43815,
14690,453824,-1.5,0.0,14.29,1,0.0,0.0,0.1,43815,
14691,453824,-0.5,0.0,33.33,2,0.0,0.0,0.1,43815,
14692,453824,-1.6,0.0,28.57,2,0.0,0.0,0.1,43815,
14693,453888,11.2,1.0,12.5,1,0.0,0.0,0.1,43827,
14694,453888,-5.4,0.0,7.84,4,0.0,0.5,0.1,43827,
14695,453888,-2.3,0.0,6.67,1,0.0,0.0,0.1,43827,
14696,453952,-5.6,0.0,11.76,6,0.1667,0.3333,0.1,43833,
14697,453952,-4.7,0.0,13.73,7,0.2857,0.2857,0.1,43833,
14698,454016,-4.7,0.0,13.73,7,0.0,0.4286,0.1,43844,
14699,454016,-1.6,0.0,12.5,1,0.0,0.0,0.1,43844,
14700,454016,-4.5,0.0,11.76,4,0.25,0.0,0.1,43844,
14701,454016,-1.6,0.0,28.57,2,0.0,0.5,0.1,43844,
14702,454016,-2.2,0.0,7.14,1,0.0,0.0,0.1,43844,
14703,454080,-3.1,0.0,4.35,1,0.0,0.0,0.1,43853,
14704,454144,-2.3,0.0,23.08,3,0.0,0.0,0.1,43868,
14705,454144,-1.7,0.0,25.0,2,0.0,0.0,0.1,43868,
14706,454208,-5.1,0.0,15.79,6,0.1667,0.0,0.1,43883,
14707,454208,-5.2,0.0,3.92,2,0.0,0.0,0.1,43883,
14708,454208,-2.0,0.0,18.18,2,0.0,0.0,0.1,43883,
14709,454208,-6.9,0.0,40.91,18,0.0556,0.2222,0.1,43883,
14710,454272,-2.4,0.0,13.33,2,0.0,0.0,0.1,43896,
14711,454272,-1.6,0.0,12.5,1,0.0,0.0,0.1,43896,
14712,454272,8.6,1.0,20.69,6,0.1667,0.3333,0.1,43896,
14713,454272,-1.8,0.0,10.0,1,0.0,0.0,0.1,43896,
14714,454336,-2.8,0.0,23.53,4,0.0,0.25,0.1,43908,
14715,454336,-3.0,0.0,4.55,1,0.0,0.0,0.1,43908,
14716,454336,-2.7,0.0,50.0,10,0.0,0.4,0.1,43908,
14717,454400,10.8,1.0,30.0,3,0.6667,1.0,0.1,43918,
14718,454400,-1.7,0.0,11.11,1,0.0,0.0,0.1,43918,
14719,454464,-6.0,0.0,3.92,2,0.0,0.0,0.1,43931,
14720,454464,11.7,1.0,0.0,0,,,0.1,43931,
14721,454464,-2.0,0.0,18.18,2,0.0,0.0,0.1,43931,
14722,454464,-1.4,0.0,16.67,1,0.0,0.0,0.1,43931,
14723,454464,-6.7,0.0,33.33,17,0.1765,0.0,0.1,43931,
14724,454464,-1.4,0.0,6.25,1,0.0,0.0,0.1,43931,
14725,454528,-2.8,0.0,6.9,2,0.0,0.5,0.1,43946,
14726,454528,-1.9,0.0,20.0,2,0.0,0.0,0.1,43946,
14727,454528,-1.4,0.0,16.67,1,0.0,0.0,0.1,43946,
14728,454528,-2.8,0.0,16.67,3,0.3333,0.0,0.1,43946,
14729,454592,-1.5,0.0,50.0,6,0.1667,0.0,0.1,43954,
14730,454592,-3.0,0.0,15.0,3,0.0,0.6667,0.1,43954,
14731,454592,-2.5,0.0,20.0,3,0.0,0.0,0.1,43954,
14732,454592,-2.3,0.0,14.29,2,0.0,0.0,0.1,43954,
14733,454592,-1.7,0.0,11.11,1,0.0,0.0,0.1,43954,
14734,454656,-7.0,0.0,31.25,15,0.2667,0.1333,0.1,43965,
14735,454720,-4.6,0.0,11.36,5,0.0,0.2,0.1,43977,
14736,454720,-2.4,0.0,21.43,3,0.0,0.3333,0.1,43977,
14737,454720,-1.7,0.0,11.11,1,0.0,0.0,0.1,43977,
14738,454720,10.8,1.0,18.18,2,0.5,0.5,0.1,43977,
14739,454784,8.1,1.0,11.11,4,0.25,0.75,0.1,43981,
14740,454784,-2.0,0.0,8.33,1,0.0,0.0,0.1,43981,
14741,454784,-1.5,0.0,14.29,1,0.0,0.0,0.1,43981,
14742,454912,-5.0,0.0,0.0,0,,,0.1,43997,
14743,454912,10.8,1.0,18.18,2,0.0,0.5,0.1,43997,
14744,454912,-1.9,0.0,22.22,4,0.0,0.0,0.1,43997,
14745,454912,-2.3,0.0,6.67,1,0.0,0.0,0.1,43997,
14746,454976,-5.4,0.0,27.45,14,0.0,0.3571,0.1,44006,
14747,454976,-4.2,0.0,25.0,9,0.0,0.2222,0.1,44006,
14748,455040,-1.5,0.0,14.29,1,0.0,0.0,0.1,44018,
14749,455104,-4.7,0.0,29.03,9,0.0,0.2222,0.1,44030,
14750,455104,-2.1,0.0,7.69,1,0.0,0.0,0.1,44030,
14751,455104,11.8,1.0,0.0,0,,,0.1,44030,
14752,455104,-2.3,0.0,14.29,2,0.0,0.0,0.1,44030,
14753,455168,-2.3,0.0,14.29,2,0.0,0.0,0.1,44035,
14754,455168,-3.3,0.0,5.88,2,0.0,0.0,0.1,44035,
14755,455232,-1.0,0.0,30.0,3,0.0,0.0,0.1,44047,
14756,455232,-3.4,0.0,17.39,4,0.0,0.0,0.1,44047,
14757,455232,-2.3,0.0,23.81,5,0.0,0.2,0.1,44047,
14758,455232,-4.2,0.0,16.67,5,0.0,0.0,0.1,44047,
14759,455232,-2.4,0.0,6.25,1,0.0,0.0,0.1,44047,
14760,455232,-5.6,0.0,31.37,16,0.1875,0.3125,0.1,44047,
14761,455232,-2.3,0.0,45.45,5,0.0,0.2,0.1,44047,
14762,455296,-2.2,0.0,7.14,1,0.0,0.0,0.1,44059,
14763,455296,-2.0,0.0,8.33,1,0.0,0.0,0.1,44059,
14764,455296,-2.2,0.0,15.38,2,0.0,0.0,0.1,44059,
14765,455296,-2.1,0.0,40.0,4,0.0,0.25,0.1,44059,
14766,455360,5.0,1.0,44.9,22,0.1818,0.2273,0.1,44077,
14767,455360,-1.7,0.0,11.11,1,0.0,0.0,0.1,44077,
14768,455360,-1.9,0.0,33.33,3,0.0,0.3333,0.1,44077,
14769,455360,-1.5,0.0,12.5,2,0.0,0.0,0.1,44077,
14770,455360,-2.3,0.0,8.33,2,0.0,0.0,0.1,44077,
14771,455360,-1.8,0.0,10.0,1,0.0,0.0,0.1,44077,
14772,455424,-1.3,0.0,20.0,1,0.0,0.0,0.1,44085,
14773,455424,-1.3,0.0,20.0,1,0.0,0.0,0.1,44085,
14774,455424,-0.6,0.0,28.57,2,0.5,0.0,0.1,44085,
14775,455488,-1.5,0.0,33.33,2,0.0,0.0,0.1,44093,
14776,455488,-4.9,0.0,17.65,9,0.1111,0.1111,0.1,44093,
14777,455488,-1.2,0.0,25.0,1,0.0,0.0,0.1,44093,
14778,455488,-1.2,0.0,25.0,1,0.0,0.0,0.1,44093,
14779,455488,-2.4,0.0,13.33,2,0.0,0.0,0.1,44093,
14780,455552,-2.4,0.0,12.5,3,0.0,0.3333,0.1,44100,
14781,455552,-2.5,0.0,7.69,2,0.0,0.5,0.1,44100,
14782,455616,-4.6,0.0,14.71,5,0.0,0.0,0.1,44110,
14783,455616,-3.8,0.0,19.23,5,0.0,0.4,0.1,44110,
14784,455680,-2.9,0.0,15.79,3,0.0,0.0,0.1,44123,
14785,455680,-1.3,0.0,20.0,1,0.0,0.0,0.1,44123,
14786,455680,-3.2,0.0,13.64,3,0.0,0.3333,0.1,44123,
14787,455680,10.7,1.0,16.67,2,0.0,0.0,0.1,44123,
14788,455680,-2.8,0.0,10.53,2,0.5,0.0,0.1,44123,
14789,455680,-1.3,0.0,20.0,1,0.0,0.0,0.1,44123,
14790,455744,-1.3,0.0,20.0,1,0.0,0.0,0.1,44135,
14791,455808,-1.6,0.0,12.5,1,0.0,0.0,0.1,44147,
14792,455808,-4.3,0.0,5.88,2,0.0,0.0,0.1,44147,
14793,455808,11.5,1.0,0.0,0,,,0.1,44147,
14794,455808,-1.5,0.0,14.29,1,0.0,0.0,0.1,44147,
14795,455808,-4.6,0.0,8.89,4,0.0,0.0,0.1,44147,
14796,455872,-5.2,0.0,23.53,12,0.25,0.3333,0.1,44156,
14797,455872,-1.4,0.0,16.67,1,0.0,0.0,0.1,44156,
14798,455872,7.9,1.0,2.44,1,0.0,1.0,0.1,44156,
14799,455872,-2.0,0.0,18.18,2,0.0,0.0,0.1,44156,
14800,455872,-2.9,0.0,28.0,7,0.2857,0.2857,0.1,44156,
14801,455936,-3.0,0.0,27.78,5,0.4,0.2,0.1,44166,
14802,455936,-4.5,0.0,9.8,5,0.0,0.2,0.1,44166,
14803,455936,-3.2,0.0,8.7,2,0.0,0.0,0.1,44166,
14804,455936,-2.2,0.0,7.14,1,0.0,0.0,0.1,44166,
14805,456000,11.6,1.0,0.0,0,,,0.1,44175,
14806,456000,-3.4,0.0,3.85,1,0.0,0.0,0.1,44175,
14807,456064,-2.1,0.0,7.69,1,0.0,0.0,0.1,44186,
14808,456064,-1.4,0.0,16.67,1,0.0,0.0,0.1,44186,
14809,456128,-2.2,0.0,7.14,1,0.0,0.0,0.1,44193,
14810,456128,-5.3,0.0,25.49,13,0.1538,0.3077,0.1,44193,
14811,456128,11.2,1.0,12.5,1,1.0,1.0,0.1,44193,
14812,456128,-1.8,0.0,10.0,1,0.0,0.0,0.1,44193,
14813,456192,-1.6,0.0,12.5,1,0.0,0.0,0.1,44201,
14814,456256,-2.8,0.0,10.71,3,0.0,0.0,0.1,44214,
14815,456256,-2.0,0.0,8.33,1,0.0,0.0,0.1,44214,
14816,456256,-6.0,0.0,19.61,10,0.2,0.2,0.1,44214,
14817,456320,11.5,1.0,0.0,0,,,0.1,44224,
14818,456320,-3.6,0.0,16.0,4,0.0,0.25,0.1,44224,
14819,456384,10.9,1.0,33.33,3,0.0,0.3333,0.1,44234,
14820,456384,-1.7,0.0,11.11,1,0.0,0.0,0.1,44234,
14821,456448,-2.7,0.0,17.65,3,0.0,0.0,0.1,44242,
14822,456448,-1.6,0.0,11.76,2,0.0,0.0,0.1,44242,
14823,456448,-6.5,0.0,31.82,14,0.0,0.3571,0.1,44242,
14824,456448,-1.5,0.0,20.0,3,0.0,0.3333,0.1,44242,
14825,456512,11.4,1.0,16.67,1,0.0,0.0,0.1,44247,
14826,456576,-1.0,0.0,8.33,1,0.0,0.0,0.1,44261,
14827,456640,-2.0,0.0,8.33,1,0.0,0.0,0.1,44274,
14828,456640,-3.5,0.0,3.7,1,0.0,0.0,0.1,44274,
14829,456640,-1.6,0.0,18.75,3,0.0,0.0,0.1,44274,
14830,456704,-3.1,0.0,14.29,3,0.3333,0.0,0.1,44281,
14831,456704,-2.9,0.0,22.22,4,0.25,0.25,0.1,44281,
14832,456768,-2.2,0.0,7.14,1,0.0,0.0,0.1,44290,
14833,456768,-4.1,0.0,1.96,1,0.0,0.0,0.1,44290,
14834,456768,-6.4,0.0,27.45,14,0.0714,0.2143,0.1,44290,
14835,456832,-1.5,0.0,14.29,1,0.0,0.0,0.1,44300,
14836,456832,-1.6,0.0,12.5,1,0.0,0.0,0.1,44300,
14837,456832,-2.2,0.0,7.14,1,0.0,0.0,0.1,44300,
14838,456896,-4.7,0.0,35.14,13,0.0,0.1538,0.1,44312,
14839,456896,-2.5,0.0,5.88,1,0.0,0.0,0.1,44312,
14840,456960,-2.1,0.0,7.69,1,0.0,0.0,0.1,44323,
14841,456960,10.4,1.0,6.25,1,0.0,1.0,0.1,44323,
14842,456960,-2.6,0.0,11.54,3,0.0,0.0,0.1,44323,
14843,456960,6.6,1.0,7.84,4,0.0,0.25,0.1,44323,
14844,456960,10.1,1.0,17.65,3,0.3333,0.6667,0.1,44323,
14845,457024,-2.9,0.0,37.5,6,0.0,0.1667,0.1,44335,
14846,457024,-2.8,0.0,14.81,4,0.25,0.0,0.1,44335,
14847,457024,-2.0,0.0,8.33,1,0.0,0.0,0.1,44335,
14848,457024,-1.8,0.0,10.0,1,0.0,0.0,0.1,44335,
14849,457024,10.4,1.0,13.33,2,0.0,0.5,0.1,44335,
14850,457088,-4.6,0.0,32.43,12,0.0,0.3333,0.1,44347,
14851,457152,-2.6,0.0,11.76,2,0.0,0.0,0.1,44357,
14852,457152,7.2,1.0,22.5,9,0.1111,0.0,0.1,44357,
14853,457152,-2.4,0.0,6.25,1,0.0,0.0,0.1,44357,
14854,457152,-1.1,0.0,27.27,3,0.3333,0.0,0.1,44357,
14855,457280,-1.7,0.0,25.0,2,0.0,0.0,0.1,44377,
14856,457280,9.1,1.0,25.0,6,0.0,0.1667,0.1,44377,
14857,457280,-5.4,0.0,7.84,4,0.0,0.5,0.1,44377,
14858,457344,-4.4,0.0,12.12,4,0.0,0.25,0.1,44388,
14859,457344,-4.8,0.0,18.6,8,0.125,0.125,0.1,44388,
14860,457344,9.7,1.0,9.09,2,0.0,0.0,0.1,44388,
14861,457344,-2.5,0.0,12.5,2,0.0,0.0,0.1,44388,
14862,457344,-5.6,0.0,28.26,13,0.0,0.3077,0.1,44388,
14863,457408,-1.9,0.0,33.33,3,0.0,0.3333,0.1,44396,
14864,457472,-1.5,0.0,14.29,1,0.0,0.0,0.1,44404,
14865,457472,-4.2,0.0,25.0,7,0.4286,0.1429,0.1,44404,
14866,457536,11.1,1.0,11.11,1,1.0,0.0,0.1,44418,
14867,457536,-1.7,0.0,11.11,1,0.0,0.0,0.1,44418,
14868,457536,-3.9,0.0,20.0,7,0.0,0.5714,0.1,44418,
14869,457536,-2.0,0.0,18.18,2,0.0,0.0,0.1,44418,
14870,457536,11.5,1.0,0.0,0,,,0.1,44418,
14871,457600,-1.7,0.0,11.11,1,0.0,0.0,0.1,44432,
14872,457600,-1.6,0.0,12.5,1,0.0,0.0,0.1,44432,
14873,457600,-3.7,0.0,11.11,3,0.0,0.3333,0.1,44432,
14874,457664,-4.5,0.0,11.76,4,0.25,0.25,0.1,44445,
14875,457728,10.8,1.0,18.18,2,1.0,1.0,0.1,44460,
14876,457728,-0.9,0.0,9.09,1,0.0,0.0,0.1,44460,
14877,457728,-3.5,0.0,16.67,4,0.0,0.0,0.1,44460,
14878,457728,-2.3,0.0,14.29,2,0.0,0.5,0.1,44460,
14879,457728,-4.8,0.0,15.69,8,0.0,0.25,0.1,44460,
14880,457728,-2.1,0.0,7.69,1,0.0,0.0,0.1,44460,
14881,457792,-1.6,0.0,12.5,1,0.0,0.0,0.1,44473,
14882,457792,-1.7,0.0,5.26,1,0.0,0.0,0.1,44473,
14883,457856,-5.1,0.0,1.96,1,0.0,1.0,0.1,44486,
14884,457856,-1.7,0.0,25.0,2,0.0,0.0,0.1,44486,
14885,457920,10.7,1.0,40.0,4,0.25,0.25,0.1,44495,
14886,457984,-3.9,0.0,18.52,5,0.4,0.6,0.1,44508,
14887,457984,-6.5,0.0,29.41,15,0.1333,0.5333,0.1,44508,
14888,458112,11.2,1.0,50.0,3,0.6667,0.6667,0.1,44522,
14889,458112,-3.5,0.0,12.0,3,0.0,0.3333,0.1,44522,
14890,458112,-1.3,0.0,20.0,1,0.0,0.0,0.1,44522,
14891,458112,-2.4,0.0,17.39,4,0.25,0.25,0.1,44522,
14892,458176,-3.2,0.0,4.17,1,0.0,0.0,0.1,44533,
14893,458176,-5.7,0.0,28.21,11,0.0,0.3636,0.1,44533,
14894,458176,-5.1,0.0,21.57,11,0.0909,0.1818,0.1,44533,
14895,458240,-5.0,0.0,0.0,0,,,0.1,44542,
14896,458240,-2.2,0.0,15.38,2,0.5,0.5,0.1,44542,
14897,458304,-2.7,0.0,11.11,2,0.0,0.5,0.1,44559,
14898,458368,-2.2,0.0,25.0,3,0.0,0.3333,0.1,44564,
14899,458368,-5.8,0.0,15.69,8,0.0,0.25,0.1,44564,
14900,458368,-3.4,0.0,22.73,5,0.2,0.6,0.1,44564,
14901,458432,9.1,1.0,11.11,3,0.0,0.6667,0.1,44575,
14902,458432,-2.5,0.0,3.7,1,0.0,0.0,0.1,44575,
14903,458432,-1.8,0.0,10.0,1,0.0,0.0,0.1,44575,
14904,458432,7.6,1.0,12.5,5,0.0,0.2,0.1,44575,
14905,458432,-5.9,0.0,37.25,19,0.0526,0.1053,0.1,44575,
14906,458432,-1.3,0.0,20.0,1,0.0,0.0,0.1,44575,
14907,458496,-5.1,0.0,21.57,11,0.0909,0.0909,0.1,44581,
14908,458496,-5.3,0.0,5.88,3,0.0,0.0,0.1,44581,
14909,458560,8.6,1.0,16.67,5,0.2,0.4,0.1,44588,
14910,458624,-3.8,0.0,20.59,7,0.2857,0.1429,0.1,44602,
14911,458624,-3.4,0.0,17.39,4,0.0,0.0,0.1,44602,
14912,458624,-1.7,0.0,25.0,2,0.0,0.0,0.1,44602,
14913,458688,-1.3,0.0,20.0,1,0.0,0.0,0.1,44612,
14914,458688,-3.7,0.0,14.29,5,0.0,0.4,0.1,44612,
14915,458688,-4.6,0.0,11.76,6,0.0,0.5,0.1,44612,
14916,458752,-2.5,0.0,12.5,2,0.0,0.0,0.1,44631,
14917,458752,-3.7,0.0,7.14,2,0.0,0.0,0.1,44631,
14918,458752,-2.4,0.0,6.25,1,0.0,0.0,0.1,44631,
14919,458752,-2.2,0.0,13.64,3,0.0,0.3333,0.1,44631,
14920,458816,11.5,1.0,0.0,0,,,0.1,44639,
14921,458816,11.7,1.0,0.0,0,,,0.1,44639,
14922,458816,9.8,1.0,21.05,4,0.0,0.5,0.1,44639,
14923,458816,-4.3,0.0,5.88,3,0.0,0.3333,0.1,44639,
14924,458816,-3.1,0.0,14.29,3,0.3333,0.0,0.1,44639,
14925,458880,-2.1,0.0,16.67,2,0.0,0.5,0.1,44647,
14926,458944,-1.5,0.0,12.5,2,0.0,0.0,0.1,44654,
14927,458944,-4.6,0.0,11.76,6,0.0,0.3333,0.1,44654,
14928,459008,-0.4,0.0,16.67,1,0.0,0.0,0.1,44660,
14929,459008,-0.8,0.0,10.0,1,0.0,0.0,0.1,44660,
14930,459072,-4.8,0.0,15.69,8,0.125,0.25,0.1,44669,
14931,459072,-2.5,0.0,27.27,6,0.3333,0.3333,0.1,44669,
14932,459072,-3.4,0.0,12.5,3,0.0,0.0,0.1,44669,
14933,459072,-0.3,0.0,20.0,1,0.0,0.0,0.1,44669,
14934,459072,-1.4,0.0,40.0,2,0.0,0.0,0.1,44669,
14935,459136,-5.6,0.0,16.67,7,0.0,0.1429,0.1,44685,
14936,459136,-3.8,0.0,10.71,3,0.3333,0.0,0.1,44685,
14937,459136,-3.2,0.0,13.64,3,0.0,0.3333,0.1,44685,
14938,459136,-2.6,0.0,26.67,4,0.25,0.25,0.1,44685,
14939,459136,-2.4,0.0,6.25,1,0.0,0.0,0.1,44685,
14940,459136,-0.6,0.0,28.57,2,0.0,0.0,0.1,44685,
14941,459200,-2.4,0.0,13.33,2,0.0,0.0,0.1,44695,
14942,459200,-1.7,0.0,11.11,1,0.0,0.0,0.1,44695,
14943,459200,-1.7,0.0,25.0,2,0.0,0.0,0.1,44695,
14944,459200,-2.3,0.0,23.08,3,0.0,0.0,0.1,44695,
14945,459200,-1.5,0.0,14.29,1,0.0,0.0,0.1,44695,
14946,459264,-1.5,0.0,14.29,1,0.0,0.0,0.1,44706,
14947,459264,-6.6,0.0,31.37,16,0.0625,0.125,0.1,44706,
14948,459264,-4.7,0.0,28.21,11,0.0909,0.1818,0.1,44706,
14949,459328,-4.9,0.0,5.0,2,0.0,0.0,0.1,44712,
14950,459328,-3.5,0.0,12.0,3,0.0,0.3333,0.1,44712,
14951,459392,-6.5,0.0,33.33,17,0.1176,0.1765,0.1,44722,
14952,459392,-2.7,0.0,5.26,1,0.0,0.0,0.1,44722,
14953,459392,-1.7,0.0,25.0,2,0.0,0.0,0.1,44722,
14954,459392,-2.8,0.0,23.53,4,0.0,0.0,0.1,44722,
14955,459456,-2.4,0.0,6.25,1,0.0,0.0,0.1,44727,
14956,459520,-1.4,0.0,16.67,1,0.0,0.0,0.1,44740,
14957,459520,-5.3,0.0,25.49,13,0.1538,0.0,0.1,44740,
14958,459584,-1.9,0.0,4.76,1,0.0,0.0,0.1,44752,
14959,459584,-0.7,0.0,25.0,2,0.0,0.0,0.1,44752,
14960,459584,-3.2,0.0,9.38,3,0.0,0.3333,0.1,44752,
14961,459648,-1.5,0.0,14.29,1,0.0,0.0,0.1,44759,
14962,459648,-2.1,0.0,7.69,1,0.0,0.0,0.1,44759,
14963,459648,-1.7,0.0,25.0,2,0.5,0.0,0.1,44759,
14964,459648,-2.5,0.0,20.0,3,0.3333,0.0,0.1,44759,
14965,459712,-4.3,0.0,9.52,4,0.0,0.25,0.1,44773,
14966,459712,-1.4,0.0,16.67,1,0.0,0.0,0.1,44773,
14967,459712,-4.0,0.0,37.5,9,0.1111,0.1111,0.1,44773,
14968,459712,-1.1,0.0,16.67,2,0.5,0.0,0.1,44773,
14969,459712,-1.6,0.0,12.5,1,0.0,0.0,0.1,44773,
14970,459776,-2.0,0.0,30.0,3,0.3333,0.3333,0.1,44784,
14971,459776,-3.6,0.0,11.43,4,0.0,0.25,0.1,44784,
14972,459840,-1.6,0.0,12.5,1,0.0,0.0,0.1,44797,
14973,459840,-1.3,0.0,14.29,2,0.0,0.0,0.1,44797,
14974,459840,-2.8,0.0,10.53,2,0.0,0.5,0.1,44797,
14975,459904,11.7,1.0,0.0,0,,,0.1,44804,
14976,459904,-2.3,0.0,23.08,3,0.0,0.0,0.1,44804,
14977,460032,-0.8,0.0,37.5,3,0.6667,0.3333,0.1,44826,
14978,460032,11.6,1.0,0.0,0,,,0.1,44826,
14979,460096,-1.8,0.0,10.0,1,0.0,0.0,0.1,44838,
14980,460096,-1.1,0.0,7.69,1,0.0,0.0,0.1,44838,
14981,460096,-1.5,0.0,14.29,1,0.0,0.0,0.1,44838,
14982,460096,-2.3,0.0,14.29,2,0.0,0.0,0.1,44838,
14983,460160,-0.5,0.0,14.29,1,0.0,0.0,0.1,44850,
14984,460160,-3.7,0.0,11.11,3,0.0,0.6667,0.1,44850,
14985,460160,-5.2,0.0,23.53,12,0.0833,0.3333,0.1,44850,
14986,460160,-1.5,0.0,12.5,2,0.0,0.0,0.1,44850,
14987,460224,-5.1,0.0,1.96,1,0.0,0.0,0.1,44863,
14988,460224,-1.8,0.0,37.5,3,0.0,0.0,0.1,44863,
14989,460224,-1.9,0.0,22.22,4,0.0,0.0,0.1,44863,
14990,460288,-3.3,0.0,28.57,8,0.125,0.125,0.1,44874,
14991,460288,-3.4,0.0,32.14,9,0.1111,0.1111,0.1,44874,
14992,460288,-1.8,0.0,10.0,1,0.0,0.0,0.1,44874,
14993,460352,-2.5,0.0,16.67,4,0.0,0.5,0.1,44883,
14994,460352,-1.6,0.0,5.56,1,0.0,0.0,0.1,44883,
14995,460416,-4.9,0.0,17.65,9,0.0,0.1111,0.1,44895,
14996,460416,-1.4,0.0,16.67,1,0.0,0.0,0.1,44895,
14997,460480,-2.8,0.0,10.53,2,0.0,0.0,0.1,44904,
14998,460480,-3.2,0.0,19.05,4,0.0,0.5,0.1,44904,
14999,460544,-0.4,0.0,16.67,1,0.0,0.0,0.1,44912,
15000,460544,-1.8,0.0,16.67,3,0.3333,0.3333,0.1,44912,
15001,460544,-4.5,0.0,9.8,5,0.0,0.2,0.1,44912,
15002,460608,-5.0,0.0,0.0,0,,,0.1,44916,
15003,460608,-4.9,0.0,17.65,9,0.1111,0.0,0.1,44916,
15004,460672,-1.7,0.0,25.0,2,0.0,0.0,0.1,44924,
15005,460736,-1.9,0.0,20.0,2,0.0,0.0,0.1,44935,
15006,460736,-6.1,0.0,41.18,21,0.1429,0.2381,0.1,44935,
15007,460736,-2.6,0.0,5.56,1,0.0,0.0,0.1,44935,
15008,460736,-3.2,0.0,16.67,5,0.2,0.2,0.1,44935,
15009,460736,-2.9,0.0,4.76,1,0.0,0.0,0.1,44935,
15010,460800,-5.6,0.0,11.76,6,0.3333,0.1667,0.1,44942,
15011,460800,-5.3,0.0,5.88,3,0.0,0.3333,0.1,44942,
15012,460864,-1.0,0.0,8.33,1,0.0,0.0,0.1,44949,
15013,460864,-1.7,0.0,11.11,1,0.0,0.0,0.1,44949,
15014,460864,-4.9,0.0,17.65,9,0.0,0.5556,0.1,44949,
15015,460864,-3.1,0.0,17.24,5,0.0,0.4,0.1,44949,
15016,460928,-2.0,0.0,30.0,3,0.3333,0.6667,0.1,44961,
15017,460928,-2.2,0.0,13.64,3,0.0,0.6667,0.1,44961,
15018,460928,-2.1,0.0,16.67,2,0.0,0.0,0.1,44961,
15019,460928,11.7,1.0,0.0,0,,,0.1,44961,
15020,460928,-1.4,0.0,16.67,1,0.0,0.0,0.1,44961,
15021,460928,-2.7,0.0,5.26,1,0.0,0.0,0.1,44961,
15022,460928,-1.6,0.0,12.5,1,0.0,0.0,0.1,44961,
15023,460928,-0.9,0.0,20.0,2,0.0,0.0,0.1,44961,
15024,460992,-2.0,0.0,8.33,1,0.0,0.0,0.1,44965,
15025,460992,-4.8,0.0,15.69,8,0.0,0.25,0.1,44965,
15026,460992,-1.6,0.0,12.5,1,0.0,0.0,0.1,44965,
15027,460992,-3.1,0.0,21.43,6,0.1667,0.6667,0.1,44965,
15028,461056,-2.4,0.0,21.43,3,0.0,0.3333,0.1,44972,
15029,461056,-4.5,0.0,22.58,7,0.0,0.2857,0.1,44972,
15030,461120,-1.4,0.0,16.67,1,0.0,0.0,0.1,44984,
15031,461120,-1.7,0.0,11.11,1,0.0,0.0,0.1,44984,
15032,461120,-5.1,0.0,1.96,1,0.0,0.0,0.1,44984,
15033,461120,-5.5,0.0,29.41,15,0.1333,0.2667,0.1,44984,
15034,461120,-1.2,0.0,7.14,1,0.0,0.0,0.1,44984,
15035,461184,8.3,1.0,26.67,8,0.0,0.5,0.1,44989,
15036,461248,-1.4,0.0,16.67,1,0.0,0.0,0.1,44998,
15037,461248,-5.0,0.0,19.61,10,0.0,0.3,0.1,44998,
15038,461248,-5.4,0.0,7.84,4,0.0,0.0,0.1,44998,
15039,461248,-3.0,0.0,13.79,4,0.0,0.0,0.1,44998,
15040,461248,-1.3,0.0,20.0,1,0.0,0.0,0.1,44998,
15041,461312,-1.3,0.0,20.0,1,0.0,0.0,0.1,45004,
15042,461376,-1.6,0.0,12.5,1,0.0,0.0,0.1,45018,
15043,461376,-2.0,0.0,8.33,1,0.0,0.0,0.1,45018,
15044,461376,-1.6,0.0,12.5,1,0.0,0.0,0.1,45018,
15045,461376,-3.6,0.0,11.54,3,0.0,0.0,0.1,45018,
15046,461504,-5.5,0.0,20.83,10,0.0,0.2,0.1,45037,
15047,461504,-2.0,0.0,8.33,1,0.0,0.0,0.1,45037,
15048,461504,11.0,1.0,22.22,2,0.0,0.0,0.1,45037,
15049,461504,-2.6,0.0,7.41,2,0.0,0.0,0.1,45037,
15050,461504,11.8,1.0,0.0,0,,,0.1,45037,
15051,461504,-0.7,0.0,11.11,1,0.0,0.0,0.1,45037,
15052,461568,-2.1,0.0,16.67,2,0.0,0.0,0.1,45049,
15053,461568,-4.1,0.0,12.82,5,0.2,0.0,0.1,45049,
15054,461568,-3.1,0.0,4.35,1,0.0,0.0,0.1,45049,
15055,461568,-2.6,0.0,5.56,1,0.0,0.0,0.1,45049,
15056,461568,-1.0,0.0,30.0,3,0.6667,0.3333,0.1,45049,
15057,461632,-2.6,0.0,7.41,2,0.0,0.0,0.1,45063,
15058,461632,-2.0,0.0,4.55,1,0.0,0.0,0.1,45063,
15059,461632,-4.0,0.0,13.79,4,0.0,0.25,0.1,45063,
15060,461696,-1.8,0.0,10.0,1,0.0,0.0,0.1,45068,
15061,461696,-5.5,0.0,9.8,5,0.2,0.2,0.1,45068,
15062,461696,-4.7,0.0,13.73,7,0.1429,0.0,0.1,45068,
15063,461760,-2.1,0.0,7.69,1,0.0,0.0,0.1,45076,
15064,461760,9.0,1.0,3.33,1,0.0,0.0,0.1,45076,
15065,461760,-1.2,0.0,25.0,1,0.0,0.0,0.1,45076,
15066,461760,-1.4,0.0,30.77,4,0.25,0.5,0.1,45076,
15067,461760,-5.4,0.0,2.17,1,0.0,0.0,0.1,45076,
15068,461824,-1.5,0.0,14.29,1,0.0,0.0,0.1,45086,
15069,461824,-2.0,0.0,18.18,2,0.0,0.0,0.1,45086,
15070,461824,-2.5,0.0,12.5,2,0.5,0.0,0.1,45086,
15071,461824,-1.2,0.0,25.0,1,0.0,0.0,0.1,45086,
15072,461824,-1.7,0.0,11.11,1,0.0,0.0,0.1,45086,
15073,461888,-1.2,0.0,25.0,1,0.0,0.0,0.1,45097,
15074,461888,-4.6,0.0,11.43,4,0.0,0.25,0.1,45097,
15075,461952,-4.9,0.0,5.0,2,0.0,0.0,0.1,45109,
15076,461952,-5.8,0.0,2.0,1,0.0,0.0,0.1,45109,
15077,462016,-3.5,0.0,7.69,2,0.0,0.5,0.1,45119,
15078,462144,-2.4,0.0,6.25,1,0.0,0.0,0.1,45135,
15079,462144,-2.2,0.0,7.14,1,0.0,0.0,0.1,45135,
15080,462144,-0.9,0.0,20.0,2,0.0,0.5,0.1,45135,
15081,462208,-1.4,0.0,40.0,2,0.5,0.5,0.1,45143,
15082,462208,7.4,1.0,27.03,10,0.1,0.1,0.1,45143,
15083,462272,10.7,1.0,27.27,3,0.3333,0.3333,0.1,45154,
15084,462272,-5.3,0.0,24.32,9,0.2222,0.3333,0.1,45154,
15085,462272,-5.0,0.0,19.61,10,0.1,0.2,0.1,45154,
15086,462272,-2.2,0.0,7.14,1,0.0,0.0,0.1,45154,
15087,462272,-3.0,0.0,9.52,2,0.0,0.0,0.1,45154,
15088,462272,-1.0,0.0,8.33,1,0.0,0.0,0.1,45154,
15089,462336,-2.6,0.0,11.76,2,0.0,0.0,0.1,45160,
15090,462336,10.7,1.0,7.69,1,0.0,1.0,0.1,45160,
15091,462400,-3.8,0.0,10.71,3,0.3333,0.3333,0.1,45173,
15092,462400,-6.9,0.0,56.86,29,0.1379,0.2414,0.1,45173,
15093,462400,-0.8,0.0,22.22,2,0.0,0.0,0.1,45173,
15094,462400,-1.4,0.0,16.67,1,0.0,0.0,0.1,45173,
15095,462464,-3.6,0.0,7.41,2,0.0,0.5,0.1,45179,
15096,462528,-2.1,0.0,7.69,1,0.0,0.0,0.1,45191,
15097,462528,-1.8,0.0,10.0,1,0.0,0.0,0.1,45191,
15098,462592,-1.5,0.0,14.29,1,0.0,0.0,0.1,45202,
15099,462592,-1.2,0.0,25.0,1,0.0,0.0,0.1,45202,
15100,462592,-2.5,0.0,5.88,1,0.0,0.0,0.1,45202,
15101,462592,-2.9,0.0,10.34,3,0.0,0.0,0.1,45202,
15102,462592,-1.4,0.0,16.67,1,0.0,0.0,0.1,45202,
15103,462656,-2.3,0.0,8.33,2,0.0,0.5,0.1,45215,
15104,462656,-2.1,0.0,7.69,1,0.0,0.0,0.1,45215,
15105,462656,-2.8,0.0,23.53,4,0.0,0.0,0.1,45215,
15106,462656,-1.4,0.0,6.25,1,0.0,0.0,0.1,45215,
15107,462656,-1.5,0.0,20.0,3,0.0,0.0,0.1,45215,
15108,462720,-3.3,0.0,23.81,5,0.0,0.2,0.1,45221,
15109,462784,-1.2,0.0,15.38,2,0.0,0.5,0.1,45226,
15110,462848,-2.6,0.0,11.76,2,0.0,0.0,0.1,45238,
15111,462848,7.9,1.0,16.67,6,0.1667,0.3333,0.1,45238,
15112,462848,-4.9,0.0,13.51,5,0.2,0.6,0.1,45238,
15113,462848,-4.2,0.0,12.9,4,0.0,0.25,0.1,45238,
15114,462848,9.3,1.0,7.69,2,0.0,0.5,0.1,45238,
15115,462848,-5.5,0.0,29.41,15,0.0667,0.2,0.1,45238,
15116,462848,-5.8,0.0,15.69,8,0.0,0.125,0.1,45238,
15117,462912,-1.7,0.0,11.11,2,0.5,0.5,0.1,45244,
15118,462912,-1.3,0.0,20.0,1,0.0,0.0,0.1,45244,
15119,462976,-2.1,0.0,27.27,3,0.3333,0.0,0.1,45253,
15120,462976,-3.3,0.0,18.18,4,0.0,0.25,0.1,45253,
15121,462976,5.8,1.0,28.57,14,0.0714,0.3571,0.1,45253,
15122,462976,-3.8,0.0,3.33,1,0.0,0.0,0.1,45253,
15123,463040,-3.2,0.0,25.0,7,0.1429,0.2857,0.1,45260,
15124,463040,-1.5,0.0,14.29,1,0.0,0.0,0.1,45260,
15125,463104,-1.5,0.0,14.29,1,0.0,0.0,0.1,45266,
15126,463104,-4.1,0.0,3.03,1,0.0,0.0,0.1,45266,
15127,463168,11.1,1.0,25.0,2,0.5,0.5,0.1,45274,
15128,463168,10.8,1.0,8.33,1,0.0,0.0,0.1,45274,
15129,463168,-2.3,0.0,6.67,1,0.0,0.0,0.1,45274,
15130,463168,-3.5,0.0,18.75,6,0.1667,0.1667,0.1,45274,
15131,463232,-1.4,0.0,13.33,2,0.0,0.5,0.1,45286,
15132,463232,-4.1,0.0,3.03,1,0.0,0.0,0.1,45286,
15133,463232,-1.7,0.0,25.0,2,0.0,0.0,0.1,45286,
15134,463232,-1.0,0.0,8.33,1,0.0,0.0,0.1,45286,
15135,463232,-1.4,0.0,16.67,1,0.0,0.0,0.1,45286,
15136,463296,9.2,1.0,16.0,4,0.25,0.5,0.1,45298,
15137,463296,-4.8,0.0,10.87,5,0.2,0.2,0.1,45298,
15138,463296,-3.3,0.0,13.04,3,0.0,0.0,0.1,45298,
15139,463296,-4.5,0.0,9.8,5,0.2,0.2,0.1,45298,
15140,463296,-1.3,0.0,20.0,1,0.0,0.0,0.1,45298,
15141,463360,-3.6,0.0,16.0,4,0.0,0.25,0.1,45307,
15142,463360,-4.6,0.0,5.41,2,0.5,0.0,0.1,45307,
15143,463360,-5.2,0.0,23.53,12,0.0833,0.0833,0.1,45307,
15144,463360,-2.5,0.0,5.88,1,0.0,0.0,0.1,45307,
15145,463424,-1.5,0.0,14.29,1,0.0,0.0,0.1,45317,
15146,463424,-1.3,0.0,20.0,1,0.0,0.0,0.1,45317,
15147,463424,-2.0,0.0,8.33,1,0.0,0.0,0.1,45317,
15148,463424,-3.7,0.0,20.0,5,0.0,0.2,0.1,45317,
15149,463424,-2.8,0.0,16.67,3,0.3333,0.3333,0.1,45317,
15150,463488,-2.2,0.0,7.14,1,0.0,0.0,0.1,45327,
15151,463552,-4.6,0.0,22.5,9,0.1111,0.0,0.1,45336,
15152,463552,11.1,1.0,11.11,1,1.0,1.0,0.1,45336,
15153,463552,-2.0,0.0,18.18,2,0.0,0.0,0.1,45336,
15154,463552,-4.2,0.0,2.94,1,0.0,0.0,0.1,45336,
15155,463616,-2.1,0.0,26.32,5,0.2,0.2,0.1,45347,
15156,463616,-0.4,0.0,16.67,1,0.0,0.0,0.1,45347,
15157,463616,-0.5,0.0,14.29,1,0.0,0.0,0.1,45347,
15158,463616,-4.1,0.0,17.24,5,0.0,0.0,0.1,45347,
15159,463616,-1.7,0.0,25.0,2,0.0,0.0,0.1,45347,
15160,463680,-2.0,0.0,30.0,3,0.0,0.0,0.1,45354,
15161,463680,-1.5,0.0,14.29,1,0.0,0.0,0.1,45354,
15162,463744,-1.5,0.0,33.33,2,0.5,0.5,0.1,45364,
15163,463744,-1.7,0.0,11.11,1,0.0,0.0,0.1,45364,
15164,463744,10.2,1.0,11.76,2,0.0,0.5,0.1,45364,
15165,463808,-2.0,0.0,4.55,1,0.0,0.0,0.1,45373,
15166,463808,-1.7,0.0,5.26,1,0.0,0.0,0.1,45373,
15167,463808,-1.4,0.0,16.67,1,0.0,0.0,0.1,45373,
15168,463872,-1.7,0.0,11.11,1,0.0,0.0,0.1,45387,
15169,463872,-3.3,0.0,4.0,1,0.0,0.0,0.1,45387,
15170,463872,-1.3,0.0,20.0,1,0.0,0.0,0.1,45387,
15171,463872,-2.5,0.0,12.5,2,0.0,0.0,0.1,45387,
15172,463872,-3.5,0.0,12.0,3,0.0,0.3333,0.1,45387,
15173,463936,-2.8,0.0,5.0,1,0.0,0.0,0.1,45395,
15174,463936,-1.8,0.0,10.0,1,0.0,0.0,0.1,45395,
15175,463936,-2.0,0.0,18.18,2,0.0,0.0,0.1,45395,
15176,464000,-0.4,0.0,16.67,1,0.0,0.0,0.1,45404,
15177,464000,-2.0,0.0,8.33,1,0.0,0.0,0.1,45404,
15178,464000,-1.5,0.0,14.29,1,0.0,0.0,0.1,45404,
15179,464000,11.4,1.0,16.67,1,0.0,0.0,0.1,45404,
15180,464000,-5.2,0.0,3.92,2,0.0,0.0,0.1,45404,
15181,464000,-1.8,0.0,10.0,1,0.0,0.0,0.1,45404,
15182,464064,-4.4,0.0,2.78,1,0.0,0.0,0.1,45416,
15183,464064,-2.8,0.0,23.53,4,0.0,0.0,0.1,45416,
15184,464064,-5.2,0.0,15.38,6,0.0,0.1667,0.1,45416,
15185,464128,-1.1,0.0,7.69,1,0.0,0.0,0.1,45427,
15186,464128,-1.9,0.0,9.09,1,0.0,0.0,0.1,45427,
15187,464192,-0.8,0.0,22.22,2,0.0,0.0,0.1,45439,
15188,464192,-1.5,0.0,14.29,1,0.0,0.0,0.1,45439,
15189,464192,-5.7,0.0,33.33,17,0.1176,0.0588,0.1,45439,
15190,464192,-3.4,0.0,3.85,1,0.0,0.0,0.1,45439,
15191,464256,-1.7,0.0,25.0,2,0.0,0.0,0.1,45450,
15192,464256,8.1,1.0,21.21,7,0.0,0.2857,0.1,45450,
15193,464256,-2.1,0.0,7.69,1,0.0,0.0,0.1,45450,
15194,464256,-1.4,0.0,16.67,1,0.0,0.0,0.1,45450,
15195,464320,-1.2,0.0,25.0,1,0.0,0.0,0.1,45458,
15196,464320,-1.3,0.0,6.67,1,0.0,0.0,0.1,45458,
15197,464320,-4.7,0.0,19.05,8,0.0,0.0,0.1,45458,
15198,464384,-1.4,0.0,16.67,1,0.0,0.0,0.1,45466,
15199,464448,-1.7,0.0,11.11,1,0.0,0.0,0.1,45475,
15200,464448,-4.1,0.0,3.03,1,0.0,0.0,0.1,45475,
15201,464448,-5.4,0.0,14.0,7,0.1429,0.1429,0.1,45475,
15202,464448,-2.6,0.0,5.56,1,0.0,0.0,0.1,45475,
15203,464512,8.9,1.0,23.08,6,0.0,0.1667,0.1,45487,
15204,464512,-1.7,0.0,25.0,2,0.0,0.0,0.1,45487,
15205,464512,-1.3,0.0,20.0,1,0.0,0.0,0.1,45487,
15206,464512,-1.4,0.0,16.67,1,0.0,0.0,0.1,45487,
15207,464576,-4.7,0.0,25.0,8,0.125,0.25,0.1,45496,
15208,464576,-1.8,0.0,10.0,1,0.0,0.0,0.1,45496,
15209,464704,-3.6,0.0,3.57,1,0.0,0.0,0.1,45512,
15210,464704,-0.5,0.0,33.33,2,0.0,0.0,0.1,45512,
15211,464704,-1.7,0.0,11.11,1,0.0,0.0,0.1,45512,
15212,464768,-5.9,0.0,17.65,9,0.0,0.2222,0.1,45521,
15213,464768,-2.1,0.0,16.67,2,0.0,0.5,0.1,45521,
15214,464832,-5.6,0.0,4.26,2,0.0,0.0,0.1,45532,
15215,464896,-2.4,0.0,13.33,2,0.0,0.5,0.1,45544,
15216,464896,-3.5,0.0,3.7,1,0.0,0.0,0.1,45544,
15217,464896,-1.4,0.0,16.67,1,0.0,0.0,0.1,45544,
15218,464896,-1.5,0.0,14.29,1,0.0,0.0,0.1,45544,
15219,464960,-2.4,0.0,22.73,5,0.0,0.0,0.1,45557,
15220,464960,-2.4,0.0,13.33,2,0.0,0.0,0.1,45557,
15221,465024,10.0,1.0,31.25,5,0.0,0.0,0.1,45564,
15222,465024,-1.7,0.0,11.11,1,0.0,0.0,0.1,45564,
15223,465088,-3.3,0.0,13.04,3,0.0,0.3333,0.1,45569,
15224,465152,-1.2,0.0,7.14,1,0.0,0.0,0.1,45579,
15225,465152,8.2,1.0,18.18,6,0.0,0.5,0.1,45579,
15226,465152,-1.6,0.0,28.57,2,0.5,0.5,0.1,45579,
15227,465216,-6.3,0.0,25.49,13,0.0769,0.2308,0.1,45582,
15228,465216,-3.3,0.0,4.0,1,0.0,0.0,0.1,45582,
15229,465280,-2.7,0.0,17.65,3,0.3333,0.0,0.1,45586,
15230,465280,10.9,1.0,9.09,1,0.0,1.0,0.1,45586,
15231,465344,-1.8,0.0,23.53,4,0.0,0.0,0.1,45594,
15232,465344,-2.0,0.0,8.33,1,0.0,0.0,0.1,45594,
15233,465408,-5.1,0.0,1.96,1,0.0,0.0,0.1,45603,
15234,465408,-2.6,0.0,20.83,5,0.2,0.0,0.1,45603,
15235,465408,-3.6,0.0,7.41,2,0.0,0.0,0.1,45603,
15236,465472,-3.0,0.0,17.86,5,0.0,0.0,0.1,45610,
15237,465536,-2.1,0.0,16.67,2,0.0,0.0,0.1,45620,
15238,465536,-2.7,0.0,17.65,3,0.0,0.6667,0.1,45620,
15239,465536,-3.7,0.0,11.11,3,0.3333,0.0,0.1,45620,
15240,465536,-1.2,0.0,15.38,2,0.0,0.0,0.1,45620,
15241,465600,-0.8,0.0,10.0,1,0.0,0.0,0.1,45631,
15242,465600,-2.8,0.0,19.23,5,0.0,0.2,0.1,45631,
15243,465664,-5.9,0.0,37.25,19,0.2105,0.1579,0.1,45644,
15244,465664,-3.4,0.0,3.85,1,0.0,0.0,0.1,45644,
15245,465664,-1.8,0.0,10.0,1,0.0,0.0,0.1,45644,
15246,465728,-3.1,0.0,4.35,1,0.0,0.0,0.1,45651,
15247,465728,-3.1,0.0,4.35,1,0.0,0.0,0.1,45651,
15248,465792,-4.5,0.0,18.75,6,0.0,0.1667,0.1,45662,
15249,465856,-7.6,0.0,35.29,18,0.1111,0.2778,0.1,45672,
15250,465856,-2.3,0.0,6.67,1,0.0,0.0,0.1,45672,
15251,465920,-1.0,0.0,8.33,1,0.0,0.0,0.1,45682,
15252,465920,-0.9,0.0,20.0,2,0.5,0.0,0.1,45682,
15253,465984,-1.8,0.0,22.22,2,0.0,0.0,0.1,45689,
15254,465984,-2.0,0.0,8.33,1,0.0,0.0,0.1,45689,
15255,465984,10.7,1.0,27.27,3,0.3333,0.6667,0.1,45689,
15256,466048,-5.1,0.0,25.71,9,0.1111,0.2222,0.1,45700,
15257,466048,-1.2,0.0,15.38,2,0.0,0.0,0.1,45700,
15258,466048,-5.9,0.0,17.65,9,0.0,0.3333,0.1,45700,
15259,466112,-5.4,0.0,7.84,4,0.0,0.25,0.1,45704,
15260,466112,-5.0,0.0,0.0,0,,,0.1,45704,
15261,466112,-2.7,0.0,7.14,2,0.0,0.0,0.1,45704,
15262,466112,-5.4,0.0,27.45,14,0.1429,0.1429,0.1,45704,
15263,466176,-2.2,0.0,8.7,2,0.0,0.0,0.1,45716,
15264,466176,-5.7,0.0,19.05,8,0.125,0.375,0.1,45716,
15265,466176,-5.5,0.0,9.8,5,0.0,0.2,0.1,45716,
15266,466176,-2.5,0.0,12.5,2,0.5,0.0,0.1,45716,
15267,466240,-1.9,0.0,9.09,1,0.0,0.0,0.1,45726,
15268,466240,-3.5,0.0,11.76,4,0.0,0.25,0.1,45726,
15269,466304,-1.9,0.0,9.09,1,0.0,0.0,0.1,45739,
15270,466368,-3.1,0.0,4.35,1,0.0,0.0,0.1,45747,
15271,466368,-0.8,0.0,10.0,1,0.0,0.0,0.1,45747,
15272,466368,-0.8,0.0,37.5,3,0.3333,0.0,0.1,45747,
15273,466432,-3.4,0.0,8.0,2,0.0,0.5,0.1,45764,
15274,466432,-4.6,0.0,22.5,9,0.0,0.2222,0.1,45764,
15275,466432,-1.5,0.0,14.29,1,0.0,0.0,0.1,45764,
15276,466432,-1.9,0.0,9.09,1,0.0,0.0,0.1,45764,
15277,466432,-4.0,0.0,16.22,6,0.0,0.0,0.1,45764,
15278,466432,-5.1,0.0,21.57,11,0.0909,0.0909,0.1,45764,
15279,466496,-2.3,0.0,6.67,1,0.0,0.0,0.1,45769,
15280,466496,10.1,1.0,17.65,3,0.0,0.0,0.1,45769,
15281,466496,-5.4,0.0,7.84,4,0.0,0.0,0.1,45769,
15282,466560,-1.7,0.0,11.11,1,0.0,0.0,0.1,45776,
15283,466560,-3.3,0.0,8.33,2,0.0,0.0,0.1,45776,
15284,466560,-2.6,0.0,11.76,2,0.0,0.0,0.1,45776,
15285,466560,-5.4,0.0,7.84,4,0.0,0.0,0.1,45776,
15286,466624,-3.7,0.0,3.45,1,0.0,0.0,0.1,45789,
15287,466624,-6.7,0.0,33.33,17,0.1765,0.2353,0.1,45789,
15288,466624,-1.7,0.0,33.33,5,0.0,0.4,0.1,45789,
15289,466624,-3.5,0.0,7.69,2,0.0,0.0,0.1,45789,
15290,466688,-3.6,0.0,16.0,4,0.25,0.0,0.1,45800,
15291,466688,-4.1,0.0,1.96,1,0.0,0.0,0.1,45800,
15292,466688,-5.2,0.0,3.92,2,0.0,0.0,0.1,45800,
15293,466688,-1.6,0.0,12.5,1,0.0,0.0,0.1,45800,
15294,466688,-1.6,0.0,28.57,2,0.0,0.0,0.1,45800,
15295,466752,-1.7,0.0,11.11,1,0.0,0.0,0.1,45808,
15296,466752,-1.4,0.0,16.67,1,0.0,0.0,0.1,45808,
15297,466752,-2.0,0.0,8.33,1,0.0,0.0,0.1,45808,
15298,466816,-4.2,0.0,18.42,7,0.0,0.1429,0.1,45821,
15299,466816,-4.9,0.0,17.65,9,0.0,0.2222,0.1,45821,
15300,466816,-2.3,0.0,14.29,2,0.0,0.0,0.1,45821,
15301,466816,-2.8,0.0,5.0,1,0.0,0.0,0.1,45821,
15302,466816,-1.4,0.0,16.67,1,0.0,0.0,0.1,45821,
15303,466880,-2.0,0.0,18.18,2,0.0,0.0,0.1,45835,
15304,466944,-2.4,0.0,22.73,5,0.0,0.2,0.1,45847,
15305,466944,9.3,1.0,33.33,7,0.2857,0.4286,0.1,45847,
15306,467008,-2.9,0.0,15.79,3,0.0,0.0,0.1,45856,
15307,467008,-5.8,0.0,24.49,12,0.0833,0.1667,0.1,45856,
15308,467072,-0.9,0.0,33.33,3,0.3333,0.6667,0.1,45865,
15309,467072,-4.6,0.0,11.76,6,0.0,0.1667,0.1,45865,
15310,467072,-1.6,0.0,28.57,2,0.0,0.0,0.1,45865,
15311,467136,-2.4,0.0,41.67,5,0.0,0.2,0.1,45874,
15312,467200,-1.1,0.0,16.67,2,0.5,0.0,0.1,45884,
15313,467264,-1.7,0.0,11.11,1,0.0,0.0,0.1,45896,
15314,467264,-5.4,0.0,2.17,1,0.0,0.0,0.1,45896,
15315,467328,-1.8,0.0,10.0,1,0.0,0.0,0.1,45905,
15316,467328,10.5,1.0,14.29,2,0.0,0.5,0.1,45905,
15317,467328,10.0,1.0,5.0,1,0.0,1.0,0.1,45905,
15318,467328,-1.6,0.0,12.5,1,0.0,0.0,0.1,45905,
15319,467392,-2.1,0.0,27.27,3,0.0,0.3333,0.1,45918,
15320,467392,-2.1,0.0,7.69,1,0.0,0.0,0.1,45918,
15321,467392,-1.6,0.0,28.57,2,0.0,0.0,0.1,45918,
15322,467392,-1.9,0.0,20.0,2,0.0,0.0,0.1,45918,
15323,467392,11.6,1.0,0.0,0,,,0.1,45918,
15324,467392,-0.8,0.0,22.22,2,0.0,0.0,0.1,45918,
15325,467392,-1.9,0.0,9.09,1,0.0,0.0,0.1,45918,
15326,467456,-5.6,0.0,11.76,6,0.0,0.3333,0.1,45929,
15327,467456,-1.2,0.0,15.38,2,0.5,0.5,0.1,45929,
15328,467456,10.9,1.0,50.0,4,0.25,0.5,0.1,45929,
15329,467456,-6.7,0.0,33.33,17,0.0588,0.2941,0.1,45929,
15330,467456,-2.1,0.0,16.67,2,0.0,0.0,0.1,45929,
15331,467456,-2.2,0.0,13.64,3,0.0,0.3333,0.1,45929,
15332,467456,-1.9,0.0,9.09,1,0.0,0.0,0.1,45929,
15333,467520,9.1,1.0,30.43,7,0.4286,0.2857,0.1,45936,
15334,467584,-3.8,0.0,19.23,5,0.0,0.0,0.1,45945,
15335,467648,-3.0,0.0,9.52,2,0.0,0.0,0.1,45957,
15336,467648,-1.5,0.0,12.5,2,0.0,0.5,0.1,45957,
15337,467648,-4.3,0.0,16.13,5,0.0,0.4,0.1,45957,
15338,467648,-4.6,0.0,13.95,6,0.3333,0.1667,0.1,45957,
15339,467712,-5.5,0.0,9.8,5,0.2,0.4,0.1,45967,
15340,467712,-1.2,0.0,25.0,1,0.0,0.0,0.1,45967,
15341,467712,-4.1,0.0,6.25,2,0.0,0.0,0.1,45967,
15342,467712,-1.3,0.0,14.29,2,0.0,0.0,0.1,45967,
15343,467712,-1.6,0.0,28.57,2,0.0,0.0,0.1,45967,
15344,467776,-5.8,0.0,35.29,18,0.0556,0.2222,0.1,45980,
15345,467776,-2.8,0.0,5.0,1,0.0,0.0,0.1,45980,
15346,467776,-5.2,0.0,3.92,2,0.0,0.0,0.1,45980,
15347,467776,-0.9,0.0,9.09,1,0.0,0.0,0.1,45980,
15348,467776,-2.1,0.0,16.67,2,0.0,0.0,0.1,45980,
15349,467776,-0.5,0.0,14.29,1,0.0,0.0,0.1,45980,
15350,467776,-1.3,0.0,20.0,1,0.0,0.0,0.1,45980,
15351,467776,-2.6,0.0,26.67,4,0.0,0.25,0.1,45980,
15352,467776,-5.2,0.0,23.53,12,0.1667,0.25,0.1,45980,
15353,467840,-2.2,0.0,15.38,2,0.5,0.0,0.1,45983,
15354,467904,11.1,1.0,42.86,3,0.3333,0.3333,0.1,45990,
15355,467904,-1.7,0.0,11.11,1,0.0,0.0,0.1,45990,
15356,467968,-3.4,0.0,12.5,3,0.0,0.3333,0.1,46003,
15357,467968,-1.8,0.0,37.5,3,0.3333,0.3333,0.1,46003,
15358,467968,-3.8,0.0,2.5,1,0.0,0.0,0.1,46003,
15359,467968,-1.6,0.0,12.5,1,0.0,0.0,0.1,46003,
15360,468032,11.5,1.0,0.0,0,,,0.1,46011,
15361,468032,-0.2,0.0,25.0,1,0.0,0.0,0.1,46011,
15362,468032,-5.4,0.0,26.67,12,0.0833,0.1667,0.1,46011,
15363,468032,11.0,1.0,10.0,1,0.0,0.0,0.1,46011,
15364,468096,-1.0,0.0,18.18,2,0.5,0.5,0.1,46016,
15365,468160,-5.1,0.0,1.96,1,1.0,0.0,0.1,46024,
15366,468160,-3.5,0.0,18.75,6,0.0,0.0,0.1,46024,
15367,468224,11.4,1.0,16.67,1,0.0,0.0,0.1,46032,
15368,468224,-2.0,0.0,8.33,1,0.0,0.0,0.1,46032,
15369,468224,-2.2,0.0,15.38,2,0.0,0.0,0.1,46032,
15370,468224,11.4,1.0,0.0,0,,,0.1,46032,
15371,468288,-2.4,0.0,6.25,1,0.0,0.0,0.1,46038,
15372,468288,-2.3,0.0,6.67,1,0.0,0.0,0.1,46038,
15373,468352,-2.1,0.0,55.56,5,0.0,0.0,0.1,46047,
15374,468352,-0.9,0.0,20.0,2,0.0,0.0,0.1,46047,
15375,468352,-2.4,0.0,13.33,2,0.0,0.5,0.1,46047,
15376,468352,11.4,1.0,16.67,1,1.0,1.0,0.1,46047,
15377,468416,-3.0,0.0,9.52,2,0.0,0.0,0.1,46054,
15378,468480,-3.9,0.0,10.34,3,0.0,0.0,0.1,46067,
15379,468480,-1.9,0.0,9.09,1,0.0,0.0,0.1,46067,
15380,468480,-5.0,0.0,29.27,12,0.1667,0.1667,0.1,46067,
15381,468544,-1.7,0.0,25.0,2,0.0,0.0,0.1,46078,
15382,468544,-1.1,0.0,7.69,1,0.0,0.0,0.1,46078,
15383,468608,-2.3,0.0,23.08,3,0.0,0.0,0.1,46086,
15384,468608,-5.3,0.0,5.88,3,0.0,0.3333,0.1,46086,
15385,468608,-4.8,0.0,15.69,8,0.125,0.5,0.1,46086,
15386,468608,-2.5,0.0,12.5,2,0.0,0.5,0.1,46086,
15387,468608,-0.5,0.0,33.33,2,0.0,0.5,0.1,46086,
15388,468608,10.6,1.0,15.38,2,0.0,0.0,0.1,46086,
15389,468672,-2.1,0.0,27.27,3,0.0,0.3333,0.1,46094,
15390,468672,-2.8,0.0,31.25,5,0.0,0.2,0.1,46094,
15391,468672,9.0,1.0,6.9,2,0.0,0.0,0.1,46094,
15392,468736,-5.3,0.0,12.2,5,0.2,0.2,0.1,46105,
15393,468800,-1.5,0.0,14.29,1,0.0,0.0,0.1,46118,
15394,468800,-2.1,0.0,7.69,1,0.0,0.0,0.1,46118,
15395,468864,-2.3,0.0,6.67,1,0.0,0.0,0.1,46134,
15396,468864,-1.9,0.0,20.0,2,0.0,0.5,0.1,46134,
15397,468864,-3.8,0.0,40.91,9,0.1111,0.2222,0.1,46134,
15398,468864,-2.1,0.0,7.69,1,0.0,0.0,0.1,46134,
15399,468864,-5.6,0.0,37.21,16,0.0625,0.3125,0.1,46134,
15400,468864,-1.7,0.0,11.11,2,0.0,0.0,0.1,46134,
15401,468928,-0.3,0.0,20.0,1,0.0,0.0,0.1,46139,
15402,468928,-2.2,0.0,7.14,1,0.0,0.0,0.1,46139,
15403,468928,7.7,1.0,29.41,10,0.1,0.3,0.1,46139,
15404,468928,-1.1,0.0,16.67,2,0.5,0.0,0.1,46139,
15405,469056,-4.1,0.0,17.24,5,0.0,0.2,0.1,46153,
15406,469056,-3.6,0.0,20.83,5,0.0,0.2,0.1,46153,
15407,469056,-1.9,0.0,9.09,1,0.0,0.0,0.1,46153,
15408,469120,-1.4,0.0,16.67,1,0.0,0.0,0.1,46165,
15409,469120,10.3,1.0,0.0,0,,,0.1,46165,
15410,469120,-1.6,0.0,12.5,1,0.0,0.0,0.1,46165,
15411,469120,-1.8,0.0,10.0,1,0.0,0.0,0.1,46165,
15412,469120,-1.6,0.0,12.5,1,0.0,0.0,0.1,46165,
15413,469184,-2.4,0.0,13.33,2,0.0,0.0,0.1,46172,
15414,469184,-0.7,0.0,11.11,1,0.0,0.0,0.1,46172,
15415,469184,-1.4,0.0,16.67,1,0.0,0.0,0.1,46172,
15416,469184,-5.8,0.0,21.43,9,0.0,0.1111,0.1,46172,
15417,469312,-2.9,0.0,6.67,2,0.0,0.0,0.1,46186,
15418,469312,-0.4,0.0,16.67,1,0.0,0.0,0.1,46186,
15419,469312,9.9,1.0,10.0,2,0.0,0.0,0.1,46186,
15420,469376,-5.0,0.0,19.61,10,0.2,0.4,0.1,46192,
15421,469376,-4.9,0.0,7.69,3,0.0,0.0,0.1,46192,
15422,469376,-2.2,0.0,7.14,1,0.0,0.0,0.1,46192,
15423,469376,-1.7,0.0,25.0,2,0.0,0.0,0.1,46192,
15424,469376,8.3,1.0,22.58,7,0.0,0.1429,0.1,46192,
15425,469440,-5.3,0.0,5.88,3,0.0,0.6667,0.1,46206,
15426,469440,-2.1,0.0,16.67,2,0.0,0.0,0.1,46206,
15427,469440,-2.6,0.0,5.56,1,0.0,0.0,0.1,46206,
15428,469440,-2.5,0.0,12.5,2,0.0,0.0,0.1,46206,
15429,469440,-1.3,0.0,20.0,1,0.0,0.0,0.1,46206,
15430,469504,-1.7,0.0,11.11,1,0.0,0.0,0.1,46215,
15431,469504,-1.6,0.0,28.57,2,0.0,0.0,0.1,46215,
15432,469504,-1.9,0.0,15.79,3,0.3333,0.0,0.1,46215,
15433,469504,-4.4,0.0,7.84,4,0.0,0.25,0.1,46215,
15434,469568,-2.5,0.0,12.5,2,0.0,0.0,0.1,46225,
15435,469568,-1.0,0.0,18.18,2,0.0,0.0,0.1,46225,
15436,469568,-1.5,0.0,14.29,1,0.0,0.0,0.1,46225,
15437,469632,-4.9,0.0,17.65,9,0.0,0.3333,0.1,46237,
15438,469696,-1.1,0.0,7.69,1,0.0,0.0,0.1,46250,
15439,469696,-1.8,0.0,10.0,1,0.0,0.0,0.1,46250,
15440,469696,11.5,1.0,50.0,2,0.0,0.5,0.1,46250,
15441,469696,-5.2,0.0,23.53,12,0.25,0.3333,0.1,46250,
15442,469696,-4.5,0.0,9.8,5,0.0,0.2,0.1,46250,
15443,469824,-5.2,0.0,3.92,2,0.0,0.5,0.1,46274,
15444,469824,-4.9,0.0,17.65,9,0.0,0.4444,0.1,46274,
15445,469824,-5.1,0.0,1.96,1,0.0,0.0,0.1,46274,
15446,469824,-1.5,0.0,33.33,2,0.0,0.0,0.1,46274,
15447,469824,-1.5,0.0,14.29,1,0.0,0.0,0.1,46274,
15448,469824,-1.8,0.0,57.14,4,0.0,0.0,0.1,46274,
15449,469888,-1.7,0.0,11.11,1,0.0,0.0,0.1,46287,
15450,469888,-1.6,0.0,12.5,1,0.0,0.0,0.1,46287,
15451,469888,-1.5,0.0,14.29,1,0.0,0.0,0.1,46287,
15452,469888,-3.8,0.0,10.71,3,0.0,0.3333,0.1,46287,
15453,469952,-2.2,0.0,13.64,3,0.3333,0.0,0.1,46297,
15454,469952,-1.5,0.0,14.29,1,0.0,0.0,0.1,46297,
15455,470016,-2.2,0.0,15.38,2,0.0,0.0,0.1,46307,
15456,470016,-0.9,0.0,9.09,1,0.0,0.0,0.1,46307,
15457,470016,-1.9,0.0,9.09,1,0.0,0.0,0.1,46307,
15458,470080,-0.4,0.0,16.67,1,0.0,0.0,0.1,46320,
15459,470080,-1.9,0.0,9.09,1,0.0,0.0,0.1,46320,
15460,470080,-5.3,0.0,27.78,10,0.2,0.1,0.1,46320,
15461,470080,-2.6,0.0,5.56,1,0.0,0.0,0.1,46320,
15462,470080,9.7,1.0,26.32,5,0.0,0.2,0.1,46320,
15463,470080,-2.0,0.0,4.55,1,0.0,0.0,0.1,46320,
15464,470080,-3.0,0.0,21.05,4,0.25,0.0,0.1,46320,
15465,470144,-3.4,0.0,17.39,4,0.0,0.0,0.1,46325,
15466,470144,-3.6,0.0,11.54,3,0.0,0.6667,0.1,46325,
15467,470144,-1.9,0.0,9.09,1,0.0,0.0,0.1,46325,
15468,470208,11.4,1.0,16.67,1,0.0,0.0,0.1,46335,
15469,470208,-0.9,0.0,20.0,2,0.0,0.0,0.1,46335,
15470,470208,-0.7,0.0,25.0,2,0.0,0.0,0.1,46335,
15471,470336,-3.8,0.0,29.17,7,0.2857,0.1429,0.1,46358,
15472,470336,-1.9,0.0,9.09,1,0.0,0.0,0.1,46358,
15473,470336,-4.0,0.0,6.45,2,0.0,0.0,0.1,46358,
15474,470336,-5.7,0.0,8.7,4,0.5,0.0,0.1,46358,
15475,470336,-1.6,0.0,12.5,1,0.0,0.0,0.1,46358,
15476,470400,-4.1,0.0,2.33,1,0.0,0.0,0.1,46365,
15477,470400,-2.8,0.0,10.53,2,0.0,0.0,0.1,46365,
15478,470400,-5.4,0.0,27.45,14,0.0714,0.2857,0.1,46365,
15479,470464,-5.6,0.0,13.95,6,0.0,0.0,0.1,46376,
15480,470464,-3.0,0.0,15.0,3,0.3333,0.0,0.1,46376,
15481,470528,-2.0,0.0,18.18,2,0.0,0.0,0.1,46390,
15482,470592,-3.7,0.0,11.11,3,0.0,0.0,0.1,46404,
15483,470592,-4.3,0.0,5.88,3,0.0,0.0,0.1,46404,
15484,470592,-1.2,0.0,25.0,3,0.0,0.6667,0.1,46404,
15485,470592,-2.2,0.0,7.14,1,0.0,0.0,0.1,46404,
15486,470592,-3.7,0.0,8.11,3,0.3333,0.0,0.1,46404,
15487,470656,5.9,1.0,34.78,16,0.0625,0.4375,0.1,46408,
15488,470656,11.7,1.0,0.0,0,,,0.1,46408,
15489,470656,-2.7,0.0,11.11,2,0.0,0.0,0.1,46408,
15490,470656,-1.7,0.0,42.86,3,0.0,0.0,0.1,46408,
15491,470720,-1.9,0.0,20.0,2,0.0,0.0,0.1,46412,
15492,470784,-1.8,0.0,10.0,1,0.0,0.0,0.1,46424,
15493,470784,-2.3,0.0,6.67,1,0.0,0.0,0.1,46424,
15494,470784,-2.8,0.0,24.0,6,0.1667,0.0,0.1,46424,
15495,470784,-2.3,0.0,14.29,2,0.0,0.0,0.1,46424,
15496,470784,-3.0,0.0,4.55,1,0.0,0.0,0.1,46424,
15497,470848,-4.3,0.0,28.57,8,0.125,0.25,0.1,46433,
15498,470848,-0.4,0.0,16.67,1,0.0,0.0,0.1,46433,
15499,470848,-1.9,0.0,20.0,2,0.0,0.0,0.1,46433,
15500,470848,-2.5,0.0,28.57,4,0.0,0.25,0.1,46433,
15501,470912,-1.4,0.0,16.67,1,0.0,0.0,0.1,46442,
15502,470912,-1.3,0.0,14.29,2,0.0,0.0,0.1,46442,
15503,470912,-3.1,0.0,9.09,2,0.0,0.0,0.1,46442,
15504,470912,-1.6,0.0,12.5,1,0.0,0.0,0.1,46442,
15505,470912,-5.0,0.0,0.0,0,,,0.1,46442,
15506,470976,-1.8,0.0,10.0,1,0.0,0.0,0.1,46456,
15507,470976,-2.3,0.0,18.18,4,0.0,0.0,0.1,46456,
15508,471040,-5.1,0.0,21.57,11,0.1818,0.2727,0.1,46469,
15509,471040,-1.1,0.0,27.27,3,0.0,0.0,0.1,46469,
15510,471040,-5.8,0.0,15.69,8,0.125,0.25,0.1,46469,
15511,471040,-2.2,0.0,7.14,1,0.0,0.0,0.1,46469,
15512,471040,-3.6,0.0,30.0,9,0.1111,0.1111,0.1,46469,
15513,471104,-2.3,0.0,33.33,4,0.0,0.0,0.1,46479,
15514,471104,-4.3,0.0,6.98,3,0.0,0.0,0.1,46479,
15515,471104,-2.7,0.0,5.26,1,0.0,0.0,0.1,46479,
15516,471104,-4.5,0.0,23.08,9,0.2222,0.4444,0.1,46479,
15517,471168,-1.5,0.0,33.33,2,0.0,0.0,0.1,46488,
15518,471168,-3.4,0.0,3.85,1,0.0,0.0,0.1,46488,
15519,471168,-6.2,0.0,23.53,12,0.0833,0.1667,0.1,46488,
15520,471168,-1.4,0.0,16.67,1,0.0,0.0,0.1,46488,
15521,471296,-2.1,0.0,14.29,3,0.0,0.0,0.1,46501,
15522,471296,-4.2,0.0,2.94,1,0.0,0.0,0.1,46501,
15523,471296,-2.2,0.0,36.36,4,0.25,0.5,0.1,46501,
15524,471296,-1.4,0.0,16.67,1,0.0,0.0,0.1,46501,
15525,471360,-2.9,0.0,10.0,2,0.0,0.0,0.1,46506,
15526,471360,-1.8,0.0,10.53,2,0.0,0.0,0.1,46506,
15527,471424,-1.4,0.0,16.67,1,0.0,0.0,0.1,46516,
15528,471424,-1.1,0.0,7.69,1,0.0,0.0,0.1,46516,
15529,471424,-5.4,0.0,27.45,14,0.1429,0.3571,0.1,46516,
15530,471424,-1.1,0.0,16.67,2,0.0,0.0,0.1,46516,
15531,471424,-1.6,0.0,18.75,3,0.3333,0.0,0.1,46516,
15532,471488,-1.7,0.0,11.11,1,0.0,0.0,0.1,46521,
15533,471488,-1.8,0.0,10.0,1,0.0,0.0,0.1,46521,
15534,471488,-2.5,0.0,12.5,2,0.0,0.5,0.1,46521,
15535,471488,-1.4,0.0,16.67,1,0.0,0.0,0.1,46521,
15536,471552,-1.0,0.0,8.33,1,0.0,0.0,0.1,46527,
15537,471616,-2.3,0.0,14.29,2,0.0,0.0,0.1,46535,
15538,471616,-1.6,0.0,12.5,1,0.0,0.0,0.1,46535,
15539,471680,-1.9,0.0,9.09,1,0.0,0.0,0.1,46541,
15540,471680,9.5,1.0,4.0,1,0.0,1.0,0.1,46541,
15541,471680,-1.6,0.0,12.5,1,0.0,0.0,0.1,46541,
15542,471680,-2.6,0.0,11.76,2,0.0,0.5,0.1,46541,
15543,471744,-0.9,0.0,9.09,1,0.0,0.0,0.1,46552,
15544,471744,-0.8,0.0,22.22,2,0.0,0.0,0.1,46552,
15545,471744,-2.2,0.0,15.38,2,0.0,0.0,0.1,46552,
15546,471744,-2.1,0.0,7.69,1,0.0,0.0,0.1,46552,
15547,471744,-2.1,0.0,7.69,1,0.0,0.0,0.1,46552,
15548,471744,-1.0,0.0,18.18,2,0.0,0.0,0.1,46552,
15549,471808,-1.2,0.0,15.38,2,0.5,0.5,0.1,46561,
15550,471808,-0.7,0.0,25.0,2,0.0,0.5,0.1,46561,
15551,471872,-5.5,0.0,9.8,5,0.0,0.0,0.1,46566,
15552,471872,-2.2,0.0,15.38,2,0.5,0.5,0.1,46566,
15553,471872,-1.1,0.0,7.69,1,0.0,0.0,0.1,46566,
15554,471936,-2.1,0.0,7.69,1,0.0,0.0,0.1,46578,
15555,471936,-1.8,0.0,10.0,1,0.0,0.0,0.1,46578,
15556,471936,-2.6,0.0,11.76,2,0.0,0.0,0.1,46578,
15557,471936,-3.9,0.0,20.0,7,0.1429,0.2857,0.1,46578,
15558,471936,-0.9,0.0,33.33,3,0.3333,0.3333,0.1,46578,
15559,472000,-1.8,0.0,22.22,2,0.0,0.0,0.1,46585,
15560,472064,11.8,1.0,0.0,0,,,0.1,46588,
15561,472064,-2.0,0.0,30.0,3,0.0,0.0,0.1,46588,
15562,472128,-4.1,0.0,6.25,2,0.0,0.0,0.1,46601,
15563,472128,-3.2,0.0,8.7,2,0.0,0.0,0.1,46601,
15564,472128,-2.3,0.0,6.67,1,0.0,0.0,0.1,46601,
15565,472128,-1.9,0.0,9.09,1,0.0,0.0,0.1,46601,
15566,472128,-2.8,0.0,10.71,3,0.0,0.3333,0.1,46601,
15567,472128,-5.0,0.0,6.0,3,0.0,0.0,0.1,46601,
15568,472128,-1.0,0.0,8.33,1,0.0,0.0,0.1,46601,
15569,472192,-1.8,0.0,10.0,1,0.0,0.0,0.1,46612,
15570,472192,-1.3,0.0,20.0,1,0.0,0.0,0.1,46612,
15571,472256,-1.6,0.0,12.5,1,0.0,0.0,0.1,46626,
15572,472256,-3.3,0.0,13.04,3,0.0,0.0,0.1,46626,
15573,472320,-4.8,0.0,30.77,12,0.1667,0.3333,0.1,46636,
15574,472320,-1.9,0.0,20.0,2,0.0,0.0,0.1,46636,
15575,472384,-5.9,0.0,17.65,9,0.1111,0.4444,0.1,46644,
15576,472384,-3.4,0.0,8.0,2,0.0,0.0,0.1,46644,
15577,472384,-1.7,0.0,11.11,1,0.0,0.0,0.1,46644,
15578,472384,-1.5,0.0,14.29,1,0.0,0.0,0.1,46644,
15579,472384,11.3,1.0,33.33,2,0.0,0.0,0.1,46644,
15580,472384,-2.3,0.0,6.67,1,0.0,0.0,0.1,46644,
15581,472384,-1.7,0.0,25.0,2,0.0,0.0,0.1,46644,
15582,472512,-0.9,0.0,9.09,1,0.0,0.0,0.1,46656,
15583,472512,-2.4,0.0,3.85,1,0.0,0.0,0.1,46656,
15584,472512,-1.4,0.0,16.67,1,0.0,0.0,0.1,46656,
15585,472576,7.4,1.0,20.51,8,0.0,0.125,0.1,46669,
15586,472576,11.3,1.0,0.0,0,,,0.1,46669,
15587,472576,-2.2,0.0,7.14,1,0.0,0.0,0.1,46669,
15588,472576,-2.3,0.0,6.67,1,0.0,0.0,0.1,46669,
15589,472576,-4.0,0.0,6.45,2,0.0,0.0,0.1,46669,
15590,472640,-1.6,0.0,12.5,1,0.0,0.0,0.1,46679,
15591,472640,-0.2,0.0,25.0,1,0.0,0.0,0.1,46679,
15592,472640,-1.5,0.0,14.29,1,0.0,0.0,0.1,46679,
15593,472640,-4.1,0.0,6.25,2,0.0,0.0,0.1,46679,
15594,472704,-3.2,0.0,13.64,3,0.0,0.0,0.1,46691,
15595,472704,-4.4,0.0,15.62,5,0.2,0.0,0.1,46691,
15596,472704,-1.5,0.0,14.29,1,0.0,0.0,0.1,46691,
15597,472704,-4.9,0.0,17.65,9,0.0,0.2222,0.1,46691,
15598,472768,-2.4,0.0,6.25,1,0.0,0.0,0.1,46703,
15599,472768,-1.4,0.0,16.67,1,0.0,0.0,0.1,46703,
15600,472832,-2.0,0.0,18.18,2,0.5,0.5,0.1,46713,
15601,472832,-1.3,0.0,20.0,1,0.0,0.0,0.1,46713,
15602,472832,-1.6,0.0,12.5,1,0.0,0.0,0.1,46713,
15603,472832,-6.4,0.0,27.45,14,0.0714,0.1429,0.1,46713,
15604,472896,-3.1,0.0,4.35,1,0.0,0.0,0.1,46724,
15605,472896,-1.0,0.0,8.33,1,0.0,0.0,0.1,46724,
15606,472896,-3.0,0.0,4.55,1,0.0,0.0,0.1,46724,
15607,472896,-2.1,0.0,16.67,2,0.0,0.0,0.1,46724,
15608,472896,10.0,1.0,10.53,2,0.0,0.5,0.1,46724,
15609,472896,11.3,1.0,33.33,2,0.5,0.5,0.1,46724,
15610,472960,-5.4,0.0,7.84,4,0.0,0.25,0.1,46733,
15611,472960,-3.4,0.0,3.85,1,0.0,0.0,0.1,46733,
15612,472960,-2.0,0.0,8.33,1,0.0,0.0,0.1,46733,
15613,472960,-5.2,0.0,4.65,2,0.0,0.0,0.1,46733,
15614,472960,-2.8,0.0,10.53,2,0.0,0.5,0.1,46733,
15615,473024,-3.3,0.0,8.33,2,0.5,0.5,0.1,46743,
15616,473024,-1.5,0.0,33.33,2,0.5,0.5,0.1,46743,
15617,473152,-4.7,0.0,13.73,7,0.0,0.1429,0.1,46759,
15618,473152,-3.2,0.0,13.64,3,0.0,0.3333,0.1,46759,
15619,473152,-2.0,0.0,8.33,1,0.0,0.0,0.1,46759,
15620,473152,-4.6,0.0,11.76,6,0.1667,0.3333,0.1,46759,
15621,473216,-1.1,0.0,40.0,4,0.0,0.5,0.1,46769,
15622,473216,-0.8,0.0,10.0,1,0.0,0.0,0.1,46769,
15623,473216,-2.2,0.0,15.38,2,0.0,0.0,0.1,46769,
15624,473216,9.7,1.0,4.35,1,0.0,1.0,0.1,46769,
15625,473216,10.6,1.0,15.38,2,0.0,0.0,0.1,46769,
15626,473280,-3.4,0.0,8.82,3,0.0,0.0,0.1,46777,
15627,473280,-1.9,0.0,9.09,1,0.0,0.0,0.1,46777,
15628,473280,-3.2,0.0,40.0,10,0.2,0.3,0.1,46777,
15629,473280,-1.9,0.0,20.0,2,0.5,0.5,0.1,46777,
15630,473280,-6.2,0.0,27.45,14,0.0714,0.1429,0.1,46777,
15631,473280,-5.1,0.0,1.96,1,0.0,0.0,0.1,46777,
15632,473344,-1.4,0.0,16.67,1,0.0,0.0,0.1,46786,
15633,473344,-1.7,0.0,11.11,1,0.0,0.0,0.1,46786,
15634,473344,10.3,1.0,20.0,3,0.3333,0.6667,0.1,46786,
15635,473344,-1.9,0.0,9.09,1,0.0,0.0,0.1,46786,
15636,473344,-5.2,0.0,23.53,12,0.0,0.1667,0.1,46786,
15637,473344,-5.5,0.0,29.41,15,0.0667,0.0667,0.1,46786,
15638,473408,-2.5,0.0,5.88,1,0.0,0.0,0.1,46798,
15639,473408,11.0,1.0,22.22,2,0.5,0.5,0.1,46798,
15640,473408,11.4,1.0,0.0,0,,,0.1,46798,
15641,473408,11.6,1.0,25.0,1,1.0,1.0,0.1,46798,
15642,473408,-2.9,0.0,10.0,2,0.0,0.5,0.1,46798,
15643,473408,-1.5,0.0,14.29,1,0.0,0.0,0.1,46798,
15644,473408,-1.9,0.0,9.09,1,0.0,0.0,0.1,46798,
15645,473472,11.8,1.0,0.0,0,,,0.1,46801,
15646,473472,11.1,1.0,0.0,0,,,0.1,46801,
15647,473472,-1.8,0.0,23.53,4,0.25,0.25,0.1,46801,
15648,473536,-1.4,0.0,16.67,1,0.0,0.0,0.1,46812,
15649,473600,-4.1,0.0,2.33,1,0.0,0.0,0.1,46820,
15650,473600,-2.2,0.0,7.14,1,0.0,0.0,0.1,46820,
15651,473600,-6.0,0.0,19.61,10,0.1,0.2,0.1,46820,
15652,473600,-3.9,0.0,23.08,6,0.0,0.1667,0.1,46820,
15653,473600,-4.4,0.0,19.35,6,0.1667,0.0,0.1,46820,
15654,473664,-2.1,0.0,27.27,3,0.0,0.0,0.1,46828,
15655,473664,-1.2,0.0,25.0,1,0.0,0.0,0.1,46828,
15656,473664,11.7,1.0,33.33,1,1.0,1.0,0.1,46828,
15657,473664,-1.5,0.0,14.29,1,0.0,0.0,0.1,46828,
15658,473728,-1.4,0.0,16.67,1,0.0,0.0,0.1,46833,
15659,473792,-1.5,0.0,28.57,4,0.5,0.75,0.1,46840,
15660,473792,-0.5,0.0,14.29,1,0.0,0.0,0.1,46840,
15661,473792,-2.0,0.0,8.33,1,0.0,0.0,0.1,46840,
15662,473856,-1.7,0.0,11.11,1,0.0,0.0,0.1,46851,
15663,473856,-3.6,0.0,16.0,4,0.0,0.0,0.1,46851,
15664,473856,-2.6,0.0,26.67,4,0.25,0.25,0.1,46851,
15665,473856,-1.5,0.0,14.29,1,0.0,0.0,0.1,46851,
15666,473856,-1.2,0.0,25.0,1,0.0,0.0,0.1,46851,
15667,473920,-2.7,0.0,5.26,1,0.0,0.0,0.1,46857,
15668,473920,-0.9,0.0,9.09,1,0.0,0.0,0.1,46857,
15669,473920,-2.6,0.0,5.56,1,0.0,0.0,0.1,46857,
15670,473920,-5.1,0.0,1.96,1,0.0,0.0,0.1,46857,
15671,473984,-6.3,0.0,27.27,12,0.1667,0.3333,0.1,46868,
15672,473984,-1.7,0.0,11.11,2,0.0,0.5,0.1,46868,
15673,474048,-1.8,0.0,10.53,2,0.0,0.0,0.1,46876,
15674,474048,-1.8,0.0,10.0,1,0.0,0.0,0.1,46876,
15675,474112,7.5,1.0,24.32,9,0.3333,0.0,0.1,46882,
15676,474112,-1.4,0.0,13.33,2,0.0,0.0,0.1,46882,
15677,474112,-1.3,0.0,20.0,1,0.0,0.0,0.1,46882,
15678,474112,-1.8,0.0,10.0,1,0.0,0.0,0.1,46882,
15679,474176,-2.4,0.0,13.33,2,0.5,0.0,0.1,46892,
15680,474176,-1.7,0.0,11.11,1,0.0,0.0,0.1,46892,
15681,474176,-1.6,0.0,12.5,1,0.0,0.0,0.1,46892,
15682,474176,-2.0,0.0,8.33,1,0.0,0.0,0.1,46892,
15683,474176,-1.2,0.0,25.0,1,0.0,0.0,0.1,46892,
15684,474240,-4.9,0.0,16.67,6,0.1667,0.0,0.1,46900,
15685,474240,-5.2,0.0,4.65,2,0.5,0.0,0.1,46900,
15686,474304,-2.3,0.0,6.67,1,0.0,0.0,0.1,46907,
15687,474304,-2.1,0.0,16.67,2,0.0,0.0,0.1,46907,
15688,474304,-2.0,0.0,30.0,3,0.0,0.0,0.1,46907,
15689,474368,-2.1,0.0,16.67,2,0.0,0.0,0.1,46916,
15690,474432,-1.8,0.0,16.67,3,0.3333,0.3333,0.1,46922,
15691,474496,-0.5,0.0,14.29,1,0.0,0.0,0.1,46926,
15692,474496,11.2,1.0,12.5,1,0.0,0.0,0.1,46926,
15693,474624,9.8,1.0,0.0,0,,,0.1,46937,
15694,474624,-1.4,0.0,40.0,2,0.0,0.0,0.1,46937,
15695,474688,-2.5,0.0,12.5,2,0.0,0.0,0.1,46946,
15696,474688,-0.6,0.0,12.5,1,0.0,0.0,0.1,46946,
15697,474752,-2.7,0.0,3.45,1,0.0,0.0,0.1,46954,
15698,474752,-2.4,0.0,21.43,3,0.0,0.3333,0.1,46954,
15699,474752,-6.1,0.0,21.57,11,0.0,0.2727,0.1,46954,
15700,474816,-0.4,0.0,16.67,1,0.0,0.0,0.1,46960,
15701,474880,-3.9,0.0,23.08,6,0.1667,0.1667,0.1,46968,
15702,474880,11.0,1.0,0.0,0,,,0.1,46968,
15703,474880,-1.8,0.0,10.0,1,0.0,0.0,0.1,46968,
15704,474880,-3.3,0.0,8.33,2,0.0,0.0,0.1,46968,
15705,474880,-2.0,0.0,8.33,1,0.0,0.0,0.1,46968,
15706,474944,-1.8,0.0,10.0,1,0.0,0.0,0.1,46982,
15707,474944,-3.8,0.0,29.17,7,0.0,0.0,0.1,46982,
15708,475072,-3.9,0.0,10.53,4,0.25,0.0,0.1,46997,
15709,475136,-1.6,0.0,5.56,1,0.0,0.0,0.1,47005,
15710,475136,-2.5,0.0,16.67,4,0.0,0.25,0.1,47005,
15711,475136,-3.6,0.0,7.41,2,0.0,0.5,0.1,47005,
15712,475200,-1.3,0.0,20.0,1,0.0,0.0,0.1,47019,
15713,475200,-3.0,0.0,9.52,2,0.0,0.0,0.1,47019,
15714,475200,-5.1,0.0,1.96,1,0.0,1.0,0.1,47019,
15715,475200,-7.5,0.0,33.33,17,0.0588,0.2353,0.1,47019,
15716,475200,-5.2,0.0,25.0,9,0.2222,0.1111,0.1,47019,
15717,475200,-2.1,0.0,4.35,1,0.0,0.0,0.1,47019,
15718,475264,10.0,1.0,16.67,3,0.0,0.3333,0.1,47027,
15719,475264,-1.0,0.0,44.44,4,0.25,0.25,0.1,47027,
15720,475264,-1.6,0.0,12.5,1,0.0,0.0,0.1,47027,
15721,475264,-0.6,0.0,28.57,2,0.0,0.5,0.1,47027,
15722,475328,-1.9,0.0,9.09,1,0.0,0.0,0.1,47034,
15723,475328,-5.9,0.0,17.65,9,0.1111,0.1111,0.1,47034,
15724,475392,11.6,1.0,0.0,0,,,0.1,47051,
15725,475392,-2.5,0.0,5.88,1,0.0,0.0,0.1,47051,
15726,475392,-1.4,0.0,6.25,1,0.0,0.0,0.1,47051,
15727,475392,-1.5,0.0,14.29,1,0.0,0.0,0.1,47051,
15728,475392,-4.3,0.0,5.88,3,0.3333,0.0,0.1,47051,
15729,475392,-3.8,0.0,3.33,1,0.0,0.0,0.1,47051,
15730,475392,-5.1,0.0,12.82,5,0.0,0.2,0.1,47051,
15731,475520,11.0,1.0,22.22,2,0.5,0.5,0.1,47066,
15732,475584,-3.0,0.0,9.52,2,0.0,0.5,0.1,47082,
15733,475584,-2.8,0.0,10.71,3,0.0,0.0,0.1,47082,
15734,475584,-2.1,0.0,27.27,3,0.3333,0.0,0.1,47082,
15735,475584,-2.7,0.0,17.65,3,0.0,0.3333,0.1,47082,
15736,475584,-1.5,0.0,14.29,1,0.0,0.0,0.1,47082,
15737,475584,-2.4,0.0,12.5,3,0.0,0.0,0.1,47082,
15738,475584,-1.4,0.0,16.67,1,0.0,0.0,0.1,47082,
15739,475648,-3.4,0.0,17.39,4,0.0,0.25,0.1,47091,
15740,475648,-2.0,0.0,8.33,1,0.0,0.0,0.1,47091,
15741,475712,9.7,1.0,41.18,7,0.0,0.1429,0.1,47096,
15742,475776,10.5,1.0,0.0,0,,,0.1,47105,
15743,475776,-4.3,0.0,5.88,3,0.3333,0.3333,0.1,47105,
15744,475840,11.8,1.0,0.0,0,,,0.1,47121,
15745,475840,-4.3,0.0,5.88,3,0.0,0.0,0.1,47121,
15746,475840,-1.8,0.0,22.22,2,0.0,0.0,0.1,47121,
15747,475840,-5.1,0.0,21.57,11,0.0,0.2727,0.1,47121,
15748,475904,-6.1,0.0,28.57,12,0.0,0.0833,0.1,47129,
15749,475904,-0.6,0.0,12.5,1,0.0,0.0,0.1,47129,
15750,475904,-1.3,0.0,20.0,1,0.0,0.0,0.1,47129,
15751,475904,11.0,1.0,10.0,1,0.0,1.0,0.1,47129,
15752,475968,8.6,1.0,6.06,2,0.0,0.5,0.1,47136,
15753,475968,-5.2,0.0,3.92,2,0.0,1.0,0.1,47136,
15754,476032,-4.3,0.0,2.86,1,0.0,0.0,0.1,47149,
15755,476032,11.0,1.0,10.0,1,0.0,1.0,0.1,47149,
15756,476032,-3.8,0.0,3.33,1,0.0,0.0,0.1,47149,
15757,476032,-0.6,0.0,28.57,2,0.0,0.5,0.1,47149,
15758,476032,9.8,1.0,9.52,2,0.5,0.0,0.1,47149,
15759,476032,-0.7,0.0,42.86,3,0.3333,0.3333,0.1,47149,
15760,476096,-1.4,0.0,16.67,1,0.0,0.0,0.1,47162,
15761,476096,-1.3,0.0,14.29,2,0.0,0.5,0.1,47162,
15762,476096,-1.3,0.0,20.0,1,0.0,0.0,0.1,47162,
15763,476096,10.6,1.0,15.38,2,0.0,0.0,0.1,47162,
15764,476096,-1.7,0.0,11.11,1,0.0,0.0,0.1,47162,
15765,476096,-4.2,0.0,2.27,1,0.0,0.0,0.1,47162,
15766,476160,-1.7,0.0,11.11,1,0.0,0.0,0.1,47168,
15767,476160,-5.0,0.0,22.86,8,0.125,0.125,0.1,47168,
15768,476160,-4.9,0.0,17.65,9,0.1111,0.3333,0.1,47168,
15769,476224,-6.1,0.0,21.57,11,0.0,0.1818,0.1,47180,
15770,476224,-2.9,0.0,4.76,1,0.0,0.0,0.1,47180,
15771,476224,-4.3,0.0,15.0,6,0.0,0.0,0.1,47180,
15772,476224,-1.7,0.0,25.0,4,0.25,0.25,0.1,47180,
15773,476224,-2.8,0.0,34.78,8,0.0,0.125,0.1,47180,
15774,476224,-2.4,0.0,6.25,1,0.0,0.0,0.1,47180,
15775,476288,-1.6,0.0,12.5,1,0.0,0.0,0.1,47190,
15776,476288,-5.3,0.0,5.88,3,0.3333,0.6667,0.1,47190,
15777,476288,-2.0,0.0,18.18,2,0.0,0.0,0.1,47190,
15778,476288,7.7,1.0,33.33,11,0.0909,0.2727,0.1,47190,
15779,476352,-5.2,0.0,15.38,6,0.0,0.3333,0.1,47197,
15780,476352,-5.6,0.0,6.52,3,0.0,0.0,0.1,47197,
15781,476352,11.5,1.0,20.0,1,0.0,1.0,0.1,47197,
15782,476416,-1.8,0.0,22.22,2,0.0,0.0,0.1,47210,
15783,476416,-4.5,0.0,5.56,2,0.0,0.5,0.1,47210,
15784,476416,-1.0,0.0,8.33,1,0.0,0.0,0.1,47210,
15785,476416,-2.8,0.0,5.0,1,0.0,0.0,0.1,47210,
15786,476416,-1.1,0.0,7.69,1,0.0,0.0,0.1,47210,
15787,476480,-1.4,0.0,16.67,1,0.0,0.0,0.1,47217,
15788,476544,-1.7,0.0,11.11,1,0.0,0.0,0.1,47229,
15789,476544,-1.7,0.0,25.0,2,0.0,0.0,0.1,47229,
15790,476544,-5.2,0.0,3.92,2,0.0,0.0,0.1,47229,
15791,476544,-5.7,0.0,13.73,7,0.1429,0.1429,0.1,47229,
15792,476544,-1.9,0.0,10.0,2,0.0,0.5,0.1,47229,
15793,476544,-5.2,0.0,21.62,8,0.25,0.125,0.1,47229,
15794,476608,-4.6,0.0,11.76,6,0.3333,0.0,0.1,47236,
15795,476608,-3.0,0.0,15.0,3,0.0,0.0,0.1,47236,
15796,476608,-2.0,0.0,18.18,2,0.0,0.0,0.1,47236,
15797,476608,-5.1,0.0,1.96,1,0.0,1.0,0.1,47236,
15798,476672,-1.8,0.0,10.0,1,0.0,0.0,0.1,47241,
15799,476736,-2.6,0.0,20.83,5,0.2,0.2,0.1,47247,
15800,476800,-2.4,0.0,42.11,8,0.0,0.125,0.1,47258,
15801,476800,-1.8,0.0,22.22,2,0.0,0.0,0.1,47258,
15802,476800,-0.9,0.0,9.09,1,0.0,0.0,0.1,47258,
15803,476800,-0.4,0.0,16.67,1,0.0,0.0,0.1,47258,
15804,476864,-1.8,0.0,10.0,1,0.0,0.0,0.1,47268,
15805,476864,-3.7,0.0,30.43,7,0.1429,0.1429,0.1,47268,
15806,476864,-4.0,0.0,0.0,0,,,0.1,47268,
15807,476928,-2.0,0.0,18.18,2,0.0,0.0,0.1,47279,
15808,476928,-3.5,0.0,16.67,4,0.25,0.0,0.1,47279,
15809,476928,11.5,1.0,20.0,1,1.0,1.0,0.1,47279,
15810,476992,-1.0,0.0,8.33,1,0.0,0.0,0.1,47291,
15811,476992,9.0,1.0,24.0,6,0.0,0.5,0.1,47291,
15812,476992,-1.0,0.0,18.18,2,0.0,0.5,0.1,47291,
15813,476992,-1.8,0.0,10.0,1,0.0,0.0,0.1,47291,
15814,477056,-2.4,0.0,13.33,2,0.5,0.0,0.1,47299,
15815,477056,11.7,1.0,0.0,0,,,0.1,47299,
15816,477056,-4.5,0.0,11.76,4,0.0,0.0,0.1,47299,
15817,477120,-2.3,0.0,23.08,3,0.0,0.0,0.1,47306,
15818,477120,-4.7,0.0,13.73,7,0.0,0.0,0.1,47306,
15819,477120,-2.0,0.0,8.33,1,0.0,0.0,0.1,47306,
15820,477120,10.7,1.0,27.27,3,0.3333,0.0,0.1,47306,
15821,477184,-5.5,0.0,9.8,5,0.0,0.0,0.1,47315,
15822,477184,-5.9,0.0,17.65,9,0.0,0.4444,0.1,47315,
15823,477248,-1.3,0.0,50.0,2,0.5,0.0,0.1,47326,
15824,477248,-2.6,0.0,11.76,2,0.0,0.5,0.1,47326,
15825,477312,-3.5,0.0,21.74,5,0.0,0.0,0.1,47342,
15826,477312,-1.5,0.0,14.29,1,0.0,0.0,0.1,47342,
15827,477376,-1.2,0.0,7.14,1,0.0,0.0,0.1,47350,
15828,477440,-1.4,0.0,16.67,1,0.0,0.0,0.1,47359,
15829,477504,-1.5,0.0,33.33,2,0.0,0.0,0.1,47369,
15830,477504,-1.6,0.0,12.5,1,0.0,0.0,0.1,47369,
15831,477504,-1.8,0.0,10.53,2,0.0,0.0,0.1,47369,
15832,477504,6.7,1.0,14.89,7,0.0,0.4286,0.1,47369,
15833,477568,-3.5,0.0,46.15,12,0.25,0.3333,0.1,47379,
15834,477568,-1.9,0.0,33.33,3,0.0,0.3333,0.1,47379,
15835,477568,-2.2,0.0,8.7,2,0.0,0.5,0.1,47379,
15836,477568,-1.0,0.0,8.33,1,0.0,0.0,0.1,47379,
15837,477568,-2.0,0.0,18.18,2,0.0,0.0,0.1,47379,
15838,477632,-3.1,0.0,20.0,4,0.0,0.25,0.1,47386,
15839,477632,-3.1,0.0,9.09,2,0.0,0.0,0.1,47386,
15840,477696,-3.9,0.0,7.69,3,0.0,0.0,0.1,47396,
15841,477696,-2.8,0.0,16.67,3,0.0,0.0,0.1,47396,
15842,477696,-3.4,0.0,8.0,2,0.0,0.5,0.1,47396,
15843,477760,-4.0,0.0,13.79,4,0.25,0.0,0.1,47410,
15844,477760,-2.6,0.0,16.0,4,0.0,0.25,0.1,47410,
15845,477760,-2.0,0.0,8.33,1,0.0,0.0,0.1,47410,
15846,477760,-2.3,0.0,23.08,3,0.0,0.0,0.1,47410,
15847,477824,-3.0,0.0,17.86,5,0.0,0.0,0.1,47420,
15848,477824,-1.2,0.0,25.0,1,0.0,0.0,0.1,47420,
15849,477824,-1.6,0.0,12.5,1,0.0,0.0,0.1,47420,
15850,477824,9.9,1.0,15.79,3,0.0,0.0,0.1,47420,
15851,477824,-2.9,0.0,10.0,2,0.0,0.0,0.1,47420,
15852,477888,-3.1,0.0,17.24,5,0.0,0.0,0.1,47437,
15853,477888,-2.3,0.0,6.67,1,0.0,0.0,0.1,47437,
15854,477888,-3.2,0.0,8.7,2,0.0,0.0,0.1,47437,
15855,477888,-4.8,0.0,28.12,9,0.1111,0.1111,0.1,47437,
15856,477952,-1.6,0.0,12.5,1,0.0,0.0,0.1,47448,
15857,477952,-2.0,0.0,18.18,2,0.0,0.0,0.1,47448,
15858,477952,-1.1,0.0,7.69,1,0.0,0.0,0.1,47448,
15859,477952,-3.8,0.0,14.81,4,0.25,0.0,0.1,47448,
15860,477952,-3.9,0.0,10.34,3,0.3333,0.3333,0.1,47448,
15861,478016,-2.5,0.0,5.88,1,0.0,0.0,0.1,47460,
15862,478016,-2.2,0.0,36.36,4,0.0,0.25,0.1,47460,
15863,478016,-1.6,0.0,12.5,1,0.0,0.0,0.1,47460,
15864,478080,-1.6,0.0,28.57,2,0.0,0.5,0.1,47471,
15865,478080,-3.4,0.0,5.71,2,0.0,0.0,0.1,47471,
15866,478080,-3.4,0.0,3.85,1,0.0,0.0,0.1,47471,
15867,478080,-2.6,0.0,20.83,5,0.2,0.0,0.1,47471,
15868,478144,11.0,1.0,37.5,3,0.0,0.3333,0.1,47482,
15869,478144,-3.1,0.0,4.35,1,0.0,0.0,0.1,47482,
15870,478144,-2.4,0.0,6.25,1,0.0,0.0,0.1,47482,
15871,478208,11.0,1.0,37.5,3,0.0,0.0,0.1,47493,
15872,478208,-3.0,0.0,27.78,5,0.0,0.2,0.1,47493,
15873,478208,-4.6,0.0,14.71,5,0.2,0.0,0.1,47493,
15874,478272,-3.3,0.0,13.04,3,0.0,0.3333,0.1,47504,
15875,478272,10.4,1.0,6.25,1,0.0,1.0,0.1,47504,
15876,478272,10.4,1.0,41.67,5,0.0,0.6,0.1,47504,
15877,478272,-1.6,0.0,28.57,2,0.5,0.5,0.1,47504,
15878,478272,-1.4,0.0,16.67,1,0.0,0.0,0.1,47504,
15879,478336,-2.1,0.0,16.67,2,0.0,0.0,0.1,47516,
15880,478336,-2.0,0.0,30.0,3,0.3333,0.3333,0.1,47516,
15881,478336,-1.3,0.0,20.0,1,0.0,0.0,0.1,47516,
15882,478336,-1.9,0.0,22.22,4,0.0,0.0,0.1,47516,
15883,478336,-1.2,0.0,25.0,3,0.0,0.0,0.1,47516,
15884,478400,-1.3,0.0,20.0,1,0.0,0.0,0.1,47529,
15885,478400,-4.5,0.0,9.8,5,0.0,0.2,0.1,47529,
15886,478400,-1.1,0.0,33.33,1,0.0,0.0,0.1,47529,
15887,478464,-1.8,0.0,10.0,1,0.0,0.0,0.1,47546,
15888,478464,-1.6,0.0,12.5,1,0.0,0.0,0.1,47546,
15889,478528,-1.2,0.0,25.0,1,0.0,0.0,0.1,47555,
15890,478592,-5.0,0.0,19.61,10,0.1,0.2,0.1,47567,
15891,478592,10.2,1.0,18.75,3,0.0,0.3333,0.1,47567,
15892,478592,-1.6,0.0,28.57,2,0.0,0.0,0.1,47567,
15893,478592,-2.1,0.0,7.69,1,0.0,0.0,0.1,47567,
15894,478656,-3.4,0.0,12.5,3,0.0,0.0,0.1,47584,
15895,478656,-0.3,0.0,20.0,1,0.0,0.0,0.1,47584,
15896,478656,-2.1,0.0,7.69,1,0.0,0.0,0.1,47584,
15897,478656,-0.7,0.0,25.0,2,0.5,0.5,0.1,47584,
15898,478656,-5.3,0.0,5.88,3,0.0,0.0,0.1,47584,
15899,478656,-4.4,0.0,7.84,4,0.0,0.0,0.1,47584,
15900,478720,-1.5,0.0,14.29,1,0.0,0.0,0.1,47596,
15901,478720,-1.3,0.0,20.0,1,0.0,0.0,0.1,47596,
15902,478720,-1.9,0.0,9.09,1,0.0,0.0,0.1,47596,
15903,478720,-3.7,0.0,15.38,4,0.0,0.25,0.1,47596,
15904,478784,10.3,1.0,12.5,2,0.0,0.5,0.1,47608,
15905,478784,11.1,1.0,25.0,2,0.5,0.5,0.1,47608,
15906,478848,10.3,1.0,28.57,4,0.0,0.5,0.1,47620,
15907,478848,-2.3,0.0,6.67,1,0.0,0.0,0.1,47620,
15908,478912,-4.2,0.0,9.38,3,0.0,0.3333,0.1,47631,
15909,478976,-2.8,0.0,24.0,6,0.1667,0.1667,0.1,47640,
15910,479040,-2.0,0.0,18.18,2,0.0,0.0,0.1,47654,
15911,479040,-2.3,0.0,30.0,6,0.0,0.0,0.1,47654,
15912,479040,6.3,1.0,48.72,19,0.2632,0.3158,0.1,47654,
15913,479040,-2.2,0.0,15.38,2,0.0,0.0,0.1,47654,
15914,479104,-2.4,0.0,13.33,2,0.0,0.0,0.1,47670,
15915,479104,8.9,1.0,45.45,10,0.0,0.2,0.1,47670,
15916,479104,-1.7,0.0,42.86,3,0.0,0.0,0.1,47670,
15917,479104,-5.8,0.0,2.0,1,0.0,0.0,0.1,47670,
15918,479104,-2.0,0.0,43.75,7,0.0,0.1429,0.1,47670,
15919,479232,-1.6,0.0,12.5,1,0.0,0.0,0.1,47689,
15920,479232,-5.2,0.0,23.53,12,0.1667,0.3333,0.1,47689,
15921,479232,-1.7,0.0,11.11,1,0.0,0.0,0.1,47689,
15922,479232,-1.5,0.0,33.33,2,0.0,0.5,0.1,47689,
15923,479232,-1.0,0.0,8.33,1,0.0,0.0,0.1,47689,
15924,479296,-1.9,0.0,20.0,2,0.0,0.0,0.1,47700,
15925,479296,-3.0,0.0,4.55,1,0.0,0.0,0.1,47700,
15926,479296,-1.7,0.0,25.0,2,0.0,0.0,0.1,47700,
15927,479296,-2.2,0.0,15.38,2,0.0,0.5,0.1,47700,
15928,479360,-1.2,0.0,25.0,1,0.0,0.0,0.1,47713,
15929,479424,-5.8,0.0,15.91,7,0.0,0.2857,0.1,47718,
15930,479424,-5.8,0.0,35.29,18,0.1667,0.1111,0.1,47718,
15931,479488,-4.2,0.0,29.63,8,0.125,0.375,0.1,47731,
15932,479488,-0.5,0.0,14.29,1,0.0,0.0,0.1,47731,
15933,479552,-3.1,0.0,33.33,6,0.0,0.0,0.1,47743,
15934,479552,-3.1,0.0,26.32,5,0.0,0.2,0.1,47743,
15935,479552,-2.1,0.0,7.69,1,0.0,0.0,0.1,47743,
15936,479552,-4.9,0.0,17.65,9,0.0,0.2222,0.1,47743,
15937,479552,-1.9,0.0,20.0,2,0.0,0.0,0.1,47743,
15938,479616,-2.4,0.0,6.25,1,0.0,0.0,0.1,47758,
15939,479616,-1.3,0.0,20.0,1,0.0,0.0,0.1,47758,
15940,479616,-2.3,0.0,6.67,1,0.0,0.0,0.1,47758,
15941,479616,-3.6,0.0,11.54,3,0.0,0.3333,0.1,47758,
15942,479616,-3.2,0.0,4.17,1,0.0,0.0,0.1,47758,
15943,479680,-6.9,0.0,37.25,19,0.0,0.0526,0.1,47768,
15944,479680,-4.1,0.0,17.24,5,0.0,0.2,0.1,47768,
15945,479680,-2.5,0.0,5.88,1,0.0,0.0,0.1,47768,
15946,479744,8.9,1.0,33.33,8,0.125,0.25,0.1,47777,
15947,479744,-2.6,0.0,11.76,2,0.0,0.5,0.1,47777,
15948,479808,-3.0,0.0,27.78,5,0.2,0.2,0.1,47788,
15949,479808,-2.5,0.0,5.88,1,0.0,0.0,0.1,47788,
15950,479808,-1.2,0.0,25.0,1,0.0,0.0,0.1,47788,
15951,479808,-2.0,0.0,18.18,2,0.5,0.0,0.1,47788,
15952,479808,-5.0,0.0,0.0,0,,,0.1,47788,
15953,479808,10.5,1.0,23.08,3,0.0,0.3333,0.1,47788,
15954,479808,-5.6,0.0,31.37,16,0.0625,0.125,0.1,47788,
15955,479872,-0.9,0.0,20.0,2,0.0,0.0,0.1,47795,
15956,479872,-5.1,0.0,1.96,1,0.0,0.0,0.1,47795,
15957,479872,-2.2,0.0,25.0,3,0.0,0.0,0.1,47795,
15958,479872,-1.7,0.0,11.11,1,0.0,0.0,0.1,47795,
15959,479936,-2.9,0.0,28.0,7,0.0,0.2857,0.1,47810,
15960,479936,10.8,1.0,18.18,2,0.5,1.0,0.1,47810,
15961,479936,-1.9,0.0,20.0,2,0.0,0.5,0.1,47810,
15962,479936,-2.1,0.0,7.69,1,0.0,0.0,0.1,47810,
15963,480000,-1.5,0.0,14.29,1,0.0,0.0,0.1,47819,
15964,480000,9.0,1.0,14.81,4,0.25,0.75,0.1,47819,
15965,480000,-5.4,0.0,7.84,4,0.0,0.0,0.1,47819,
15966,480000,10.2,1.0,0.0,0,,,0.1,47819,
15967,480000,-0.4,0.0,16.67,1,0.0,0.0,0.1,47819,
15968,480064,-5.6,0.0,11.76,6,0.1667,0.3333,0.1,47829,
15969,480064,-1.2,0.0,25.0,1,0.0,0.0,0.1,47829,
15970,480128,-1.7,0.0,11.11,1,0.0,0.0,0.1,47842,
15971,480128,-2.5,0.0,28.57,4,0.25,0.25,0.1,47842,
15972,480128,-2.6,0.0,18.75,3,0.0,0.0,0.1,47842,
15973,480192,11.5,1.0,20.0,1,0.0,0.0,0.1,47852,
15974,480192,-1.7,0.0,11.11,1,0.0,0.0,0.1,47852,
15975,480192,-2.9,0.0,14.29,4,0.0,0.5,0.1,47852,
15976,480256,-5.6,0.0,13.95,6,0.3333,0.1667,0.1,47864,
15977,480256,-1.5,0.0,14.29,1,0.0,0.0,0.1,47864,
15978,480256,-2.1,0.0,7.69,1,0.0,0.0,0.1,47864,
15979,480256,-5.0,0.0,26.19,11,0.1818,0.0909,0.1,47864,
15980,480256,-2.0,0.0,18.18,2,0.0,0.5,0.1,47864,
15981,480256,-0.5,0.0,14.29,1,0.0,0.0,0.1,47864,
15982,480320,-1.2,0.0,7.14,1,0.0,0.0,0.1,47878,
15983,480320,-1.5,0.0,14.29,1,0.0,0.0,0.1,47878,
15984,480320,-2.5,0.0,5.88,1,0.0,0.0,0.1,47878,
15985,480320,11.2,1.0,0.0,0,,,0.1,47878,
15986,480320,-2.0,0.0,8.33,1,0.0,0.0,0.1,47878,
15987,480384,11.5,1.0,0.0,0,,,0.1,47887,
15988,480384,-1.0,0.0,8.33,1,0.0,0.0,0.1,47887,
15989,480384,-1.6,0.0,12.5,1,0.0,0.0,0.1,47887,
15990,480448,-4.6,0.0,11.76,6,0.0,0.3333,0.1,47898,
15991,480448,-2.3,0.0,18.18,4,0.0,0.5,0.1,47898,
15992,480448,-1.3,0.0,20.0,1,0.0,0.0,0.1,47898,
15993,480448,-2.5,0.0,5.88,1,0.0,0.0,0.1,47898,
15994,480512,-1.8,0.0,22.22,2,0.0,0.0,0.1,47904,
15995,480576,-3.9,0.0,16.67,6,0.0,0.1667,0.1,47917,
15996,480576,-1.4,0.0,21.43,3,0.3333,0.0,0.1,47917,
15997,480576,-2.3,0.0,33.33,4,0.0,0.0,0.1,47917,
15998,480640,-4.1,0.0,2.33,1,0.0,0.0,0.1,47929,
15999,480640,-1.5,0.0,14.29,1,0.0,0.0,0.1,47929,
16000,480640,-2.1,0.0,7.69,1,0.0,0.0,0.1,47929,
16001,480704,-1.8,0.0,22.22,2,0.0,0.5,0.1,47945,
16002,480704,-2.2,0.0,36.36,4,0.25,0.25,0.1,47945,
16003,480704,-4.4,0.0,27.59,8,0.0,0.25,0.1,47945,
16004,480768,-1.4,0.0,16.67,1,0.0,0.0,0.1,47958,
16005,480768,-3.5,0.0,16.67,4,0.25,0.5,0.1,47958,
16006,480768,-5.3,0.0,25.49,13,0.0,0.2308,0.1,47958,
16007,480768,-4.4,0.0,5.71,2,0.0,0.0,0.1,47958,
16008,480768,-2.1,0.0,16.67,2,0.0,0.0,0.1,47958,
16009,480832,-2.5,0.0,5.88,1,0.0,0.0,0.1,47965,
16010,480896,-2.1,0.0,27.27,3,0.0,0.0,0.1,47977,
16011,480896,-3.4,0.0,22.73,5,0.0,0.2,0.1,47977,
16012,480896,10.0,1.0,40.0,6,0.3333,0.0,0.1,47977,
16013,480896,-2.4,0.0,6.25,1,0.0,0.0,0.1,47977,
16014,480960,-2.5,0.0,12.5,2,0.0,0.0,0.1,47984,
16015,480960,-1.5,0.0,14.29,1,0.0,0.0,0.1,47984,
16016,481024,11.5,1.0,0.0,0,,,0.1,47997,
16017,481088,-1.3,0.0,23.08,3,0.0,0.0,0.1,48007,
16018,481088,-6.5,0.0,29.41,15,0.2,0.3333,0.1,48007,
16019,481088,-2.0,0.0,4.55,1,0.0,0.0,0.1,48007,
16020,481088,-1.3,0.0,20.0,1,0.0,0.0,0.1,48007,
16021,481088,-1.3,0.0,20.0,1,0.0,0.0,0.1,48007,
16022,481152,-2.6,0.0,5.56,1,0.0,0.0,0.1,48017,
16023,481216,-2.0,0.0,8.33,1,0.0,0.0,0.1,48026,
16024,481216,-5.5,0.0,29.41,15,0.1333,0.3333,0.1,48026,
16025,481216,-2.2,0.0,7.14,1,0.0,0.0,0.1,48026,
16026,481216,-5.6,0.0,31.37,16,0.25,0.1875,0.1,48026,
16027,481216,10.6,1.0,0.0,0,,,0.1,48026,
16028,481280,7.3,1.0,4.35,2,0.0,0.0,0.1,48038,
16029,481280,-3.8,0.0,46.43,13,0.0769,0.2308,0.1,48038,
16030,481280,-1.4,0.0,6.25,1,0.0,0.0,0.1,48038,
16031,481280,-5.5,0.0,29.41,15,0.1333,0.2667,0.1,48038,
16032,481280,-2.4,0.0,13.33,2,0.0,0.0,0.1,48038,
16033,481280,-1.9,0.0,9.09,1,0.0,0.0,0.1,48038,
16034,481280,-3.2,0.0,19.05,4,0.25,0.5,0.1,48038,
16035,481344,-2.0,0.0,18.18,2,0.0,0.0,0.1,48048,
16036,481344,-1.4,0.0,16.67,1,0.0,0.0,0.1,48048,
16037,481344,-5.2,0.0,23.53,12,0.0833,0.25,0.1,48048,
16038,481344,-2.7,0.0,5.26,1,0.0,0.0,0.1,48048,
16039,481344,-0.8,0.0,10.0,1,0.0,0.0,0.1,48048,
16040,481344,-3.4,0.0,3.85,1,0.0,0.0,0.1,48048,
16041,481472,-1.9,0.0,9.09,1,0.0,0.0,0.1,48066,
16042,481472,-1.1,0.0,16.67,2,0.0,0.0,0.1,48066,
16043,481472,11.8,1.0,0.0,0,,,0.1,48066,
16044,481472,-0.5,0.0,14.29,1,0.0,0.0,0.1,48066,
16045,481472,11.6,1.0,25.0,1,1.0,1.0,0.1,48066,
16046,481472,-2.9,0.0,15.79,3,0.0,0.0,0.1,48066,
16047,481472,11.8,1.0,0.0,0,,,0.1,48066,
16048,481536,-2.8,0.0,10.53,2,0.0,0.0,0.1,48075,
16049,481536,-0.5,0.0,14.29,1,0.0,0.0,0.1,48075,
16050,481536,-3.1,0.0,4.35,1,0.0,0.0,0.1,48075,
16051,481600,-1.9,0.0,9.09,1,0.0,0.0,0.1,48084,
16052,481664,11.8,1.0,0.0,0,,,0.1,48089,
16053,481728,-1.4,0.0,16.67,1,0.0,0.0,0.1,48099,
16054,481728,-2.3,0.0,14.29,2,0.0,0.0,0.1,48099,
16055,481728,10.7,1.0,7.69,1,1.0,0.0,0.1,48099,
16056,481792,-0.9,0.0,33.33,3,0.0,0.0,0.1,48109,
16057,481792,-0.3,0.0,20.0,1,0.0,0.0,0.1,48109,
16058,481792,9.5,1.0,23.81,5,0.2,0.4,0.1,48109,
16059,481856,-1.6,0.0,12.5,1,0.0,0.0,0.1,48124,
16060,481856,-6.0,0.0,19.61,10,0.1,0.1,0.1,48124,
16061,481856,-5.0,0.0,19.61,10,0.0,0.2,0.1,48124,
16062,481856,11.6,1.0,0.0,0,,,0.1,48124,
16063,481856,-2.0,0.0,30.0,3,0.0,0.0,0.1,48124,
16064,481920,-1.5,0.0,14.29,1,0.0,0.0,0.1,48133,
16065,481920,-2.3,0.0,23.08,3,0.0,0.3333,0.1,48133,
16066,481920,-1.9,0.0,9.09,1,0.0,0.0,0.1,48133,
16067,481984,11.2,1.0,12.5,1,0.0,0.0,0.1,48142,
16068,481984,-1.4,0.0,16.67,1,0.0,0.0,0.1,48142,
16069,481984,-1.9,0.0,9.09,1,0.0,0.0,0.1,48142,
16070,481984,-1.9,0.0,9.09,1,0.0,0.0,0.1,48142,
16071,481984,-4.5,0.0,9.8,5,0.2,0.0,0.1,48142,
16072,481984,-2.2,0.0,15.38,2,0.0,0.0,0.1,48142,
16073,482048,-0.2,0.0,25.0,1,0.0,0.0,0.1,48150,
16074,482048,-1.7,0.0,11.11,1,0.0,0.0,0.1,48150,
16075,482048,-5.2,0.0,18.42,7,0.1429,0.0,0.1,48150,
16076,482048,-1.9,0.0,9.09,1,0.0,0.0,0.1,48150,
16077,482112,-1.4,0.0,16.67,1,0.0,0.0,0.1,48160,
16078,482112,8.7,1.0,41.67,10,0.0,0.3,0.1,48160,
16079,482176,11.8,1.0,0.0,0,,,0.1,48166,
16080,482176,-2.7,0.0,5.26,1,0.0,0.0,0.1,48166,
16081,482176,9.5,1.0,18.18,4,0.0,0.0,0.1,48166,
16082,482240,-3.2,0.0,8.7,2,0.0,0.0,0.1,48176,
16083,482240,-1.3,0.0,6.67,1,0.0,0.0,0.1,48176,
16084,482240,8.0,1.0,7.89,3,0.0,0.3333,0.1,48176,
16085,482240,-1.5,0.0,14.29,1,0.0,0.0,0.1,48176,
16086,482240,11.4,1.0,0.0,0,,,0.1,48176,
16087,482240,-2.3,0.0,6.67,1,0.0,0.0,0.1,48176,
16088,482304,-4.4,0.0,5.71,2,0.0,0.0,0.1,48189,
16089,482304,-6.0,0.0,39.22,20,0.05,0.15,0.1,48189,
16090,482304,-3.8,0.0,19.23,5,0.2,0.2,0.1,48189,
16091,482304,-1.5,0.0,14.29,1,0.0,0.0,0.1,48189,
16092,482304,-3.0,0.0,4.55,1,0.0,0.0,0.1,48189,
16093,482304,-2.0,0.0,8.33,1,0.0,0.0,0.1,48189,
16094,482304,-1.3,0.0,20.0,1,0.0,0.0,0.1,48189,
16095,482304,11.2,1.0,28.57,2,0.0,0.5,0.1,48189,
16096,482304,-5.2,0.0,3.92,2,0.0,0.5,0.1,48189,
16097,482368,-1.5,0.0,14.29,1,0.0,0.0,0.1,48198,
16098,482432,-4.1,0.0,6.25,2,0.0,0.0,0.1,48215,
16099,482432,-2.4,0.0,12.5,3,0.0,0.6667,0.1,48215,
16100,482496,-3.8,0.0,20.59,7,0.4286,0.1429,0.1,48227,
16101,482496,-1.7,0.0,11.11,1,0.0,0.0,0.1,48227,
16102,482496,-2.5,0.0,12.5,2,0.0,0.0,0.1,48227,
16103,482496,-0.5,0.0,14.29,1,0.0,0.0,0.1,48227,
16104,482560,-1.9,0.0,9.09,1,0.0,0.0,0.1,48237,
16105,482560,7.3,1.0,37.14,13,0.0769,0.5385,0.1,48237,
16106,482560,-7.7,0.0,37.25,19,0.2105,0.3158,0.1,48237,
16107,482624,-4.5,0.0,37.14,13,0.2308,0.1538,0.1,48246,
16108,482688,-0.6,0.0,50.0,3,0.6667,0.6667,0.1,48257,
16109,482688,-2.7,0.0,20.0,5,0.2,0.0,0.1,48257,
16110,482688,-1.6,0.0,12.5,1,0.0,0.0,0.1,48257,
16111,482752,-3.8,0.0,19.23,5,0.2,0.0,0.1,48262,
16112,482816,-2.3,0.0,23.08,3,0.0,0.3333,0.1,48272,
16113,482816,-0.6,0.0,12.5,1,0.0,0.0,0.1,48272,
16114,482880,-4.4,0.0,7.84,4,0.0,0.25,0.1,48281,
16115,482880,-0.9,0.0,20.0,2,0.0,0.0,0.1,48281,
16116,482880,-1.4,0.0,16.67,1,0.0,0.0,0.1,48281,
16117,482880,-2.2,0.0,25.0,3,0.0,0.3333,0.1,48281,
16118,482880,-1.5,0.0,14.29,1,0.0,0.0,0.1,48281,
16119,482944,-2.2,0.0,13.64,3,0.0,0.3333,0.1,48296,
16120,482944,-4.4,0.0,11.9,5,0.2,0.4,0.1,48296,
16121,482944,9.8,1.0,35.29,6,0.1667,0.3333,0.1,48296,
16122,482944,-2.8,0.0,5.0,1,0.0,0.0,0.1,48296,
16123,482944,-1.8,0.0,10.0,1,0.0,0.0,0.1,48296,
16124,482944,-1.8,0.0,10.0,1,0.0,0.0,0.1,48296,
16125,482944,-2.8,0.0,10.53,2,0.0,0.5,0.1,48296,
16126,482944,-2.0,0.0,8.33,1,0.0,0.0,0.1,48296,
16127,483008,-2.1,0.0,7.69,1,0.0,0.0,0.1,48309,
16128,483008,-1.7,0.0,11.11,1,0.0,0.0,0.1,48309,
16129,483008,-2.2,0.0,7.14,1,0.0,0.0,0.1,48309,
16130,483008,-1.6,0.0,28.57,2,0.0,0.0,0.1,48309,
16131,483072,-2.5,0.0,12.0,3,0.0,0.0,0.1,48315,
16132,483072,-2.1,0.0,7.69,1,0.0,0.0,0.1,48315,
16133,483072,-5.0,0.0,0.0,0,,,0.1,48315,
16134,483136,-1.4,0.0,16.67,1,0.0,0.0,0.1,48324,
16135,483136,8.9,1.0,14.29,4,0.0,0.5,0.1,48324,
16136,483200,-1.4,0.0,16.67,1,0.0,0.0,0.1,48332,
16137,483264,-4.9,0.0,17.65,9,0.2222,0.1111,0.1,48342,
16138,483264,-1.2,0.0,25.0,3,0.0,0.0,0.1,48342,
16139,483264,6.2,1.0,34.09,15,0.1333,0.0,0.1,48342,
16140,483264,9.0,1.0,29.17,7,0.1429,0.1429,0.1,48342,
16141,483328,-0.5,0.0,33.33,2,0.0,0.0,0.1,48352,
16142,483328,10.7,1.0,16.67,2,0.5,0.5,0.1,48352,
16143,483328,11.8,1.0,0.0,0,,,0.1,48352,
16144,483456,-5.1,0.0,21.57,11,0.0,0.6364,0.1,48370,
16145,483456,-3.3,0.0,18.18,4,0.0,0.0,0.1,48370,
16146,483456,11.4,1.0,16.67,1,0.0,0.0,0.1,48370,
16147,483520,-3.5,0.0,8.57,3,0.3333,0.0,0.1,48376,
16148,483520,-1.9,0.0,9.09,1,0.0,0.0,0.1,48376,
16149,483520,-4.8,0.0,15.69,8,0.0,0.375,0.1,48376,
16150,483584,-2.5,0.0,20.0,3,0.0,0.3333,0.1,48387,
16151,483584,-1.9,0.0,9.09,1,0.0,0.0,0.1,48387,
16152,483584,-2.0,0.0,18.18,2,0.0,0.5,0.1,48387,
16153,483584,-5.1,0.0,10.2,5,0.0,0.0,0.1,48387,
16154,483584,-3.4,0.0,12.5,3,0.0,0.0,0.1,48387,
16155,483648,-2.1,0.0,16.67,2,0.0,0.5,0.1,48399,
16156,483648,-1.4,0.0,16.67,1,0.0,0.0,0.1,48399,
16157,483648,-2.3,0.0,6.67,1,0.0,0.0,0.1,48399,
16158,483648,-0.3,0.0,20.0,1,0.0,0.0,0.1,48399,
16159,483648,-3.4,0.0,22.73,5,0.0,0.0,0.1,48399,
16160,483712,-1.2,0.0,25.0,1,0.0,0.0,0.1,48407,
16161,483712,-2.0,0.0,8.33,1,0.0,0.0,0.1,48407,
16162,483712,-2.6,0.0,5.56,1,0.0,0.0,0.1,48407,
16163,483712,-2.0,0.0,8.33,1,0.0,0.0,0.1,48407,
16164,483712,10.2,1.0,18.75,3,0.3333,0.3333,0.1,48407,
16165,483712,9.3,1.0,21.74,5,0.0,0.4,0.1,48407,
16166,483776,-4.3,0.0,9.52,4,0.0,0.25,0.1,48415,
16167,483776,10.6,1.0,7.14,1,1.0,1.0,0.1,48415,
16168,483776,-1.0,0.0,8.33,1,0.0,0.0,0.1,48415,
16169,483840,-1.8,0.0,10.0,1,0.0,0.0,0.1,48422,
16170,483840,8.6,1.0,25.0,7,0.1429,0.4286,0.1,48422,
16171,483840,-4.9,0.0,17.65,9,0.0,0.3333,0.1,48422,
16172,483904,10.5,1.0,6.67,1,0.0,0.0,0.1,48427,
16173,483904,11.7,1.0,0.0,0,,,0.1,48427,
16174,483904,-3.4,0.0,8.0,2,0.0,0.5,0.1,48427,
16175,483968,-1.4,0.0,16.67,1,0.0,0.0,0.1,48432,
16176,483968,-3.5,0.0,7.69,2,0.0,0.0,0.1,48432,
16177,483968,-5.6,0.0,11.76,6,0.0,0.1667,0.1,48432,
16178,484032,-2.8,0.0,40.0,6,0.0,0.0,0.1,48437,
16179,484032,-1.6,0.0,5.56,1,0.0,0.0,0.1,48437,
16180,484096,-1.3,0.0,23.08,3,0.0,0.0,0.1,48448,
16181,484096,-2.6,0.0,11.76,2,0.0,0.0,0.1,48448,
16182,484096,-2.0,0.0,8.33,1,0.0,0.0,0.1,48448,
16183,484096,-1.4,0.0,16.67,1,0.0,0.0,0.1,48448,
16184,484160,-2.9,0.0,15.79,3,0.3333,0.3333,0.1,48464,
16185,484160,-2.1,0.0,7.69,1,0.0,0.0,0.1,48464,
16186,484160,-2.7,0.0,5.26,1,0.0,0.0,0.1,48464,
16187,484160,-1.0,0.0,44.44,4,0.5,0.25,0.1,48464,
16188,484160,-1.6,0.0,12.5,1,0.0,0.0,0.1,48464,
16189,484224,-0.4,0.0,16.67,1,0.0,0.0,0.1,48470,
16190,484224,-1.9,0.0,9.09,1,0.0,0.0,0.1,48470,
16191,484224,-2.8,0.0,5.0,1,0.0,0.0,0.1,48470,
16192,484224,-2.1,0.0,16.67,2,0.0,0.0,0.1,48470,
16193,484288,-1.7,0.0,11.11,1,0.0,0.0,0.1,48481,
16194,484288,-2.0,0.0,18.18,2,0.0,0.5,0.1,48481,
16195,484288,-1.5,0.0,14.29,1,0.0,0.0,0.1,48481,
16196,484352,-4.2,0.0,12.9,4,0.0,0.0,0.1,48489,
16197,484352,10.9,1.0,0.0,0,,,0.1,48489,
16198,484352,-4.9,0.0,13.51,5,0.0,0.2,0.1,48489,
16199,484352,8.0,1.0,24.24,8,0.0,0.125,0.1,48489,
16200,484352,-4.1,0.0,3.03,1,0.0,0.0,0.1,48489,
16201,484416,-1.6,0.0,12.5,1,0.0,0.0,0.1,48499,
16202,484480,-5.7,0.0,13.73,7,0.1429,0.2857,0.1,48510,
16203,484480,-1.4,0.0,16.67,1,0.0,0.0,0.1,48510,
16204,484544,6.9,1.0,26.83,11,0.0909,0.2727,0.1,48517,
16205,484544,-1.4,0.0,16.67,1,0.0,0.0,0.1,48517,
16206,484544,-2.5,0.0,20.0,3,0.0,0.3333,0.1,48517,
16207,484608,-2.6,0.0,11.76,2,0.0,0.0,0.1,48527,
16208,484608,-5.0,0.0,0.0,0,,,0.1,48527,
16209,484608,-3.3,0.0,4.0,1,0.0,0.0,0.1,48527,
16210,484608,-4.6,0.0,11.76,6,0.0,0.1667,0.1,48527,
16211,484608,-1.8,0.0,37.5,3,0.0,0.0,0.1,48527,
16212,484672,-1.4,0.0,16.67,1,0.0,0.0,0.1,48538,
16213,484672,-2.0,0.0,8.33,1,0.0,0.0,0.1,48538,
16214,484672,-1.7,0.0,11.11,1,0.0,0.0,0.1,48538,
16215,484736,-4.3,0.0,2.86,1,0.0,0.0,0.1,48548,
16216,484736,-2.6,0.0,11.76,2,0.0,0.0,0.1,48548,
16217,484736,-1.2,0.0,25.0,1,0.0,0.0,0.1,48548,
16218,484736,-1.3,0.0,20.0,1,0.0,0.0,0.1,48548,
16219,484800,-2.1,0.0,7.69,1,0.0,0.0,0.1,48561,
16220,484800,-3.8,0.0,13.89,5,0.2,0.2,0.1,48561,
16221,484800,-0.7,0.0,11.11,1,0.0,0.0,0.1,48561,
16222,484800,-1.3,0.0,20.0,1,0.0,0.0,0.1,48561,
16223,484800,11.1,1.0,0.0,0,,,0.1,48561,
16224,484864,-2.2,0.0,7.14,1,0.0,0.0,0.1,48565,
16225,484928,-2.0,0.0,8.33,1,0.0,0.0,0.1,48574,
16226,484928,-2.0,0.0,30.0,3,0.3333,0.3333,0.1,48574,
16227,484992,10.7,1.0,16.67,2,0.0,0.5,0.1,48582,
16228,485120,-5.4,0.0,29.55,13,0.0,0.1538,0.1,48612,
16229,485120,-5.7,0.0,13.64,6,0.0,0.0,0.1,48612,
16230,485120,-1.7,0.0,11.11,1,0.0,0.0,0.1,48612,
16231,485120,-5.3,0.0,5.88,3,0.0,0.3333,0.1,48612,
16232,485120,-4.1,0.0,17.24,5,0.0,0.4,0.1,48612,
16233,485120,-1.8,0.0,22.22,2,0.0,0.0,0.1,48612,
16234,485184,-1.6,0.0,12.5,1,0.0,0.0,0.1,48623,
16235,485184,-7.0,0.0,26.0,13,0.0,0.2308,0.1,48623,
16236,485184,-1.5,0.0,14.29,1,0.0,0.0,0.1,48623,
16237,485248,-5.1,0.0,1.96,1,1.0,0.0,0.1,48630,
16238,485248,-0.7,0.0,11.11,1,0.0,0.0,0.1,48630,
16239,485312,-2.3,0.0,6.67,1,0.0,0.0,0.1,48644,
16240,485312,-3.2,0.0,20.69,6,0.0,0.1667,0.1,48644,
16241,485312,-0.7,0.0,11.11,1,0.0,0.0,0.1,48644,
16242,485376,-1.5,0.0,14.29,1,0.0,0.0,0.1,48650,
16243,485376,-2.7,0.0,11.11,2,0.0,0.0,0.1,48650,
16244,485440,-2.2,0.0,7.14,1,0.0,0.0,0.1,48665,
16245,485440,-2.1,0.0,27.27,3,0.0,0.0,0.1,48665,
16246,485440,8.9,1.0,18.52,5,0.2,0.2,0.1,48665,
16247,485440,-6.0,0.0,8.16,4,0.0,0.0,0.1,48665,
16248,485440,-4.6,0.0,2.63,1,0.0,0.0,0.1,48665,
16249,485440,-3.3,0.0,18.18,4,0.0,0.0,0.1,48665,
16250,485440,-0.4,0.0,40.0,2,0.5,0.0,0.1,48665,
16251,485504,11.5,1.0,0.0,0,,,0.1,48670,
16252,485504,-1.7,0.0,11.11,1,0.0,0.0,0.1,48670,
16253,485504,-2.3,0.0,23.81,5,0.2,0.0,0.1,48670,
16254,485504,-1.4,0.0,16.67,1,0.0,0.0,0.1,48670,
16255,485568,-3.1,0.0,9.09,2,0.0,0.5,0.1,48686,
16256,485568,-4.4,0.0,27.59,8,0.125,0.75,0.1,48686,
16257,485632,-3.8,0.0,2.5,1,0.0,0.0,0.1,48697,
16258,485632,-0.6,0.0,12.5,1,0.0,0.0,0.1,48697,
16259,485696,-1.7,0.0,11.11,1,0.0,0.0,0.1,48705,
16260,485696,11.7,1.0,0.0,0,,,0.1,48705,
16261,485696,-2.2,0.0,7.14,1,0.0,0.0,0.1,48705,
16262,485696,10.5,1.0,14.29,2,0.0,0.0,0.1,48705,
16263,485696,-1.9,0.0,37.5,6,0.0,0.1667,0.1,48705,
16264,485760,-6.3,0.0,37.5,18,0.2222,0.1111,0.1,48715,
16265,485760,-3.3,0.0,13.04,3,0.0,0.0,0.1,48715,
16266,485824,-0.9,0.0,9.09,1,0.0,0.0,0.1,48722,
16267,485824,-2.2,0.0,15.38,2,0.0,0.5,0.1,48722,
16268,485888,-4.3,0.0,12.5,4,0.0,0.5,0.1,48731,
16269,485888,-2.0,0.0,18.18,2,0.0,0.0,0.1,48731,
16270,485888,-3.7,0.0,7.14,2,0.0,0.0,0.1,48731,
16271,485888,-1.5,0.0,14.29,1,0.0,0.0,0.1,48731,
16272,485952,-1.8,0.0,10.0,1,0.0,0.0,0.1,48742,
16273,485952,-1.7,0.0,11.11,1,0.0,0.0,0.1,48742,
16274,485952,-1.6,0.0,12.5,1,0.0,0.0,0.1,48742,
16275,485952,6.6,1.0,25.0,11,0.0909,0.4545,0.1,48742,
16276,485952,-2.2,0.0,19.05,4,0.25,0.25,0.1,48742,
16277,485952,-1.6,0.0,12.5,1,0.0,0.0,0.1,48742,
16278,485952,-3.1,0.0,14.29,3,0.0,0.3333,0.1,48742,
16279,485952,-2.0,0.0,18.18,2,0.0,0.0,0.1,48742,
16280,486016,-4.6,0.0,5.41,2,0.0,0.0,0.1,48756,
16281,486016,-1.4,0.0,40.0,2,0.0,0.0,0.1,48756,
16282,486016,-5.0,0.0,22.86,8,0.0,0.25,0.1,48756,
16283,486016,-1.4,0.0,16.67,1,0.0,0.0,0.1,48756,
16284,486144,-0.3,0.0,20.0,1,0.0,0.0,0.1,48777,
16285,486144,5.8,1.0,40.0,18,0.1667,0.3333,0.1,48777,
16286,486144,-1.6,0.0,12.5,1,0.0,0.0,0.1,48777,
16287,486208,-2.5,0.0,12.5,2,0.0,0.0,0.1,48786,
16288,486208,-4.7,0.0,13.73,7,0.0,0.2857,0.1,48786,
16289,486272,-4.5,0.0,17.07,7,0.0,0.0,0.1,48793,
16290,486336,-1.2,0.0,25.0,3,0.0,0.3333,0.1,48810,
16291,486400,-1.5,0.0,14.29,1,0.0,0.0,0.1,48823,
16292,486400,10.6,1.0,7.14,1,0.0,1.0,0.1,48823,
16293,486400,-1.5,0.0,14.29,1,0.0,0.0,0.1,48823,
16294,486400,-1.2,0.0,7.14,1,0.0,0.0,0.1,48823,
16295,486464,11.4,1.0,40.0,2,1.0,1.0,0.1,48829,
16296,486528,-1.7,0.0,11.11,1,0.0,0.0,0.1,48838,
16297,486528,-1.1,0.0,7.69,1,0.0,0.0,0.1,48838,
16298,486528,-2.5,0.0,12.5,2,0.0,0.0,0.1,48838,
16299,486592,-0.7,0.0,11.11,1,0.0,0.0,0.1,48854,
16300,486592,-1.8,0.0,10.0,1,0.0,0.0,0.1,48854,
16301,486592,9.9,1.0,22.22,4,0.0,0.25,0.1,48854,
16302,486592,-1.9,0.0,20.0,2,0.0,0.0,0.1,48854,
16303,486592,-1.9,0.0,22.22,4,0.25,0.25,0.1,48854,
16304,486656,-2.4,0.0,13.33,2,0.0,0.0,0.1,48865,
16305,486656,-3.4,0.0,17.39,4,0.0,0.25,0.1,48865,
16306,486656,9.9,1.0,29.41,5,0.4,0.2,0.1,48865,
16307,486656,-1.6,0.0,28.57,2,0.5,0.0,0.1,48865,
16308,486656,-4.4,0.0,9.3,4,0.25,0.25,0.1,48865,
16309,486656,-1.4,0.0,21.43,3,0.0,0.0,0.1,48865,
16310,486720,-6.5,0.0,47.83,22,0.2727,0.1818,0.1,48876,
16311,486720,-2.0,0.0,8.33,1,0.0,0.0,0.1,48876,
16312,486720,-4.7,0.0,8.7,4,0.0,0.5,0.1,48876,
16313,486784,-5.1,0.0,1.96,1,0.0,0.0,0.1,48888,
16314,486784,-2.4,0.0,30.77,4,0.0,0.0,0.1,48888,
16315,486784,-1.7,0.0,11.11,1,0.0,0.0,0.1,48888,
16316,486848,-3.3,0.0,23.81,5,0.2,0.0,0.1,48901,
16317,486848,-1.2,0.0,25.0,1,0.0,0.0,0.1,48901,
16318,486848,-2.8,0.0,16.67,3,0.0,0.3333,0.1,48901,
16319,486848,-1.6,0.0,28.57,2,0.0,0.0,0.1,48901,
16320,486912,-4.5,0.0,33.33,12,0.0,0.1667,0.1,48914,
16321,486912,-2.8,0.0,10.53,2,0.0,0.0,0.1,48914,
16322,486976,-5.0,0.0,0.0,0,,,0.1,48924,
16323,486976,-5.1,0.0,21.57,11,0.0,0.5455,0.1,48924,
16324,487040,-0.4,0.0,16.67,1,0.0,0.0,0.1,48937,
16325,487040,-1.7,0.0,11.11,1,0.0,0.0,0.1,48937,
16326,487040,-1.6,0.0,28.57,2,0.0,0.0,0.1,48937,
16327,487104,-2.1,0.0,7.69,1,0.0,0.0,0.1,48947,
16328,487104,-2.8,0.0,16.67,3,0.0,0.0,0.1,48947,
16329,487104,-2.1,0.0,26.32,5,0.0,0.0,0.1,48947,
16330,487168,-0.9,0.0,33.33,3,0.0,0.0,0.1,48959,
16331,487168,11.3,1.0,0.0,0,,,0.1,48959,
16332,487168,-4.5,0.0,2.7,1,0.0,0.0,0.1,48959,
16333,487168,-1.7,0.0,42.86,3,0.3333,0.3333,0.1,48959,
16334,487232,-2.1,0.0,7.69,1,0.0,0.0,0.1,48963,
16335,487232,-1.8,0.0,22.22,2,0.0,0.0,0.1,48963,
16336,487232,-5.4,0.0,7.84,4,0.25,0.25,0.1,48963,
16337,487296,-4.1,0.0,9.68,3,0.0,0.0,0.1,48971,
16338,487296,-4.0,0.0,0.0,0,,,0.1,48971,
16339,487296,-1.6,0.0,12.5,1,0.0,0.0,0.1,48971,
16340,487360,-1.4,0.0,40.0,2,0.0,0.0,0.1,48985,
16341,487360,-2.3,0.0,6.67,1,0.0,0.0,0.1,48985,
16342,487360,-0.6,0.0,12.5,1,0.0,0.0,0.1,48985,
16343,487360,-1.5,0.0,14.29,1,0.0,0.0,0.1,48985,
16344,487360,-1.8,0.0,10.0,1,0.0,0.0,0.1,48985,
16345,487360,-1.6,0.0,12.5,1,0.0,0.0,0.1,48985,
16346,487424,5.6,1.0,35.42,17,0.0588,0.4706,0.1,48994,
16347,487424,-3.0,0.0,15.0,3,0.0,0.6667,0.1,48994,
16348,487488,-2.7,0.0,42.86,6,0.1667,0.1667,0.1,49002,
16349,487488,-2.4,0.0,30.77,4,0.0,0.0,0.1,49002,
16350,487488,-3.3,0.0,13.04,3,0.3333,0.0,0.1,49002,
16351,487488,-5.1,0.0,1.96,1,0.0,1.0,0.1,49002,
16352,487552,-5.7,0.0,19.05,8,0.125,0.125,0.1,49011,
16353,487616,-5.3,0.0,25.49,13,0.0769,0.3846,0.1,49020,
16354,487616,-6.9,0.0,37.25,19,0.1053,0.1579,0.1,49020,
16355,487616,-4.7,0.0,13.73,7,0.1429,0.2857,0.1,49020,
16356,487616,-1.2,0.0,25.0,1,0.0,0.0,0.1,49020,
16357,487616,-1.8,0.0,22.22,2,0.5,0.5,0.1,49020,
16358,487744,-1.7,0.0,11.11,1,0.0,0.0,0.1,49033,
16359,487744,-1.6,0.0,28.57,2,0.0,0.0,0.1,49033,
16360,487744,-2.6,0.0,11.76,2,0.0,0.0,0.1,49033,
16361,487744,-2.4,0.0,13.33,2,0.0,0.0,0.1,49033,
16362,487808,-2.9,0.0,37.5,6,0.0,0.1667,0.1,49045,
16363,487872,-6.2,0.0,43.14,22,0.1818,0.3636,0.1,49052,
16364,487872,-5.7,0.0,13.73,7,0.1429,0.2857,0.1,49052,
16365,488000,-5.3,0.0,5.88,3,0.0,0.0,0.1,49070,
16366,488064,-5.0,0.0,0.0,0,,,0.1,49081,
16367,488064,-1.3,0.0,14.29,2,0.0,0.5,0.1,49081,
16368,488064,11.5,1.0,20.0,1,0.0,0.0,0.1,49081,
16369,488064,8.5,1.0,33.33,9,0.3333,0.5556,0.1,49081,
16370,488064,-2.3,0.0,6.67,1,0.0,0.0,0.1,49081,
16371,488064,-5.7,0.0,13.73,7,0.1429,0.2857,0.1,49081,
16372,488128,-1.9,0.0,50.0,4,0.0,0.0,0.1,49088,
16373,488128,-1.9,0.0,20.0,2,0.5,0.0,0.1,49088,
16374,488128,-3.2,0.0,13.64,3,0.0,0.0,0.1,49088,
16375,488192,8.9,1.0,23.08,6,0.0,0.1667,0.1,49100,
16376,488192,-3.6,0.0,14.71,5,0.0,0.2,0.1,49100,
16377,488192,-1.8,0.0,22.22,2,0.0,0.0,0.1,49100,
16378,488192,-3.3,0.0,4.0,1,0.0,0.0,0.1,49100,
16379,488192,-1.4,0.0,13.33,2,0.0,0.0,0.1,49100,
16380,488256,-1.2,0.0,7.14,1,0.0,0.0,0.1,49109,
16381,488256,-1.1,0.0,27.27,3,0.3333,0.0,0.1,49109,
16382,488256,-2.1,0.0,16.67,2,0.0,0.0,0.1,49109,
16383,488320,-1.5,0.0,14.29,1,0.0,0.0,0.1,49121,
16384,488320,-4.7,0.0,5.26,2,0.0,0.0,0.1,49121,
16385,488320,-3.5,0.0,7.69,2,0.0,0.0,0.1,49121,
16386,488320,11.8,1.0,0.0,0,,,0.1,49121,
16387,488320,-0.7,0.0,11.11,1,0.0,0.0,0.1,49121,
16388,488320,-2.3,0.0,6.67,1,0.0,0.0,0.1,49121,
16389,488320,-2.2,0.0,15.38,2,0.0,0.0,0.1,49121,
16390,488384,-4.8,0.0,17.14,6,0.1667,0.1667,0.1,49133,
16391,488384,-1.8,0.0,10.0,1,0.0,0.0,0.1,49133,
16392,488384,-2.4,0.0,6.25,1,0.0,0.0,0.1,49133,
16393,488448,-1.6,0.0,11.76,2,0.0,0.5,0.1,49144,
16394,488448,-2.0,0.0,15.0,3,0.0,0.0,0.1,49144,
16395,488448,-0.4,0.0,40.0,2,0.5,0.0,0.1,49144,
16396,488512,-1.5,0.0,14.29,1,0.0,0.0,0.1,49152,
16397,488512,-7.0,0.0,39.22,20,0.2,0.2,0.1,49152,
16398,488576,-1.4,0.0,16.67,1,0.0,0.0,0.1,49158,
16399,488576,-3.5,0.0,3.7,1,0.0,0.0,0.1,49158,
16400,488576,-5.8,0.0,15.69,8,0.0,0.125,0.1,49158,
16401,488640,-1.7,0.0,11.11,1,0.0,0.0,0.1,49167,
16402,488640,-1.3,0.0,20.0,1,0.0,0.0,0.1,49167,
16403,488640,-1.5,0.0,14.29,1,0.0,0.0,0.1,49167,
16404,488640,-5.1,0.0,21.57,11,0.0,0.0909,0.1,49167,
16405,488704,-0.6,0.0,12.5,1,0.0,0.0,0.1,49173,
16406,488704,-5.2,0.0,3.92,2,0.0,0.0,0.1,49173,
16407,488704,-1.4,0.0,16.67,1,0.0,0.0,0.1,49173,
16408,488704,-2.7,0.0,20.0,5,0.0,0.6,0.1,49173,
16409,488768,-2.6,0.0,5.56,1,0.0,0.0,0.1,49183,
16410,488768,-3.5,0.0,7.69,2,0.0,0.0,0.1,49183,
16411,488832,-3.1,0.0,14.29,3,0.0,0.0,0.1,49195,
16412,488832,-6.5,0.0,26.09,12,0.25,0.25,0.1,49195,
16413,488832,-3.0,0.0,4.55,1,0.0,0.0,0.1,49195,
16414,488832,-0.5,0.0,14.29,1,0.0,0.0,0.1,49195,
16415,488896,-1.9,0.0,9.09,1,0.0,0.0,0.1,49201,
16416,488896,11.6,1.0,0.0,0,,,0.1,49201,
16417,488896,-2.6,0.0,11.76,2,0.0,0.0,0.1,49201,
16418,488896,-3.7,0.0,8.11,3,0.3333,0.3333,0.1,49201,
16419,488960,-0.8,0.0,22.22,2,0.0,0.5,0.1,49212,
16420,488960,11.8,1.0,0.0,0,,,0.1,49212,
16421,488960,-1.9,0.0,9.09,1,0.0,0.0,0.1,49212,
16422,488960,-3.4,0.0,12.5,3,0.0,0.0,0.1,49212,
16423,488960,-2.0,0.0,8.33,1,0.0,0.0,0.1,49212,
16424,489024,-4.4,0.0,7.84,4,0.0,0.0,0.1,49220,
16425,489024,-0.8,0.0,22.22,2,0.0,0.0,0.1,49220,
16426,489024,11.8,1.0,0.0,0,,,0.1,49220,
16427,489024,-1.4,0.0,16.67,1,0.0,0.0,0.1,49220,
16428,489024,-1.5,0.0,33.33,2,0.5,0.5,0.1,49220,
16429,489024,-1.9,0.0,9.09,1,0.0,0.0,0.1,49220,
16430,489088,-5.4,0.0,7.84,4,0.0,0.25,0.1,49229,
16431,489088,8.4,1.0,27.59,8,0.125,0.125,0.1,49229,
16432,489152,-2.9,0.0,10.0,2,0.0,0.5,0.1,49243,
16433,489152,-1.2,0.0,25.0,1,0.0,0.0,0.1,49243,
16434,489152,-5.5,0.0,29.41,15,0.0667,0.4,0.1,49243,
16435,489152,-1.1,0.0,7.69,1,0.0,0.0,0.1,49243,
16436,489152,-1.9,0.0,20.0,2,0.0,0.0,0.1,49243,
16437,489152,-1.2,0.0,25.0,3,0.0,0.0,0.1,49243,
16438,489152,-1.3,0.0,20.0,1,0.0,0.0,0.1,49243,
16439,489216,-3.8,0.0,3.33,1,0.0,0.0,0.1,49252,
16440,489216,-3.1,0.0,17.24,5,0.0,0.6,0.1,49252,
16441,489280,-3.5,0.0,47.37,9,0.2222,0.2222,0.1,49264,
16442,489280,-5.5,0.0,6.67,3,0.3333,0.0,0.1,49264,
16443,489280,-1.8,0.0,22.22,2,0.0,0.0,0.1,49264,
16444,489280,-0.4,0.0,40.0,2,0.5,0.0,0.1,49264,
16445,489280,-4.1,0.0,1.96,1,0.0,0.0,0.1,49264,
16446,489280,-2.2,0.0,31.58,6,0.1667,0.1667,0.1,49264,
16447,489280,-1.4,0.0,6.25,1,0.0,0.0,0.1,49264,
16448,489344,11.5,1.0,20.0,1,1.0,1.0,0.1,49272,
16449,489344,-1.0,0.0,18.18,2,0.0,0.0,0.1,49272,
16450,489344,-2.8,0.0,5.0,1,0.0,0.0,0.1,49272,
16451,489408,-2.9,0.0,23.08,6,0.1667,0.0,0.1,49282,
16452,489408,-2.0,0.0,4.55,1,0.0,0.0,0.1,49282,
16453,489408,-1.8,0.0,22.22,2,0.0,0.5,0.1,49282,
16454,489472,-1.3,0.0,20.0,1,0.0,0.0,0.1,49294,
16455,489472,-1.5,0.0,14.29,1,0.0,0.0,0.1,49294,
16456,489472,-2.5,0.0,12.5,2,0.0,0.5,0.1,49294,
16457,489536,11.1,1.0,42.86,3,0.3333,0.3333,0.1,49300,
16458,489600,-5.5,0.0,17.07,7,0.1429,0.2857,0.1,49313,
16459,489600,-1.4,0.0,16.67,1,0.0,0.0,0.1,49313,
16460,489600,-0.3,0.0,20.0,1,0.0,0.0,0.1,49313,
16461,489600,-2.9,0.0,10.0,2,0.0,0.0,0.1,49313,
16462,489728,-1.4,0.0,40.0,2,0.5,0.0,0.1,49330,
16463,489728,-2.5,0.0,12.0,3,0.0,0.0,0.1,49330,
16464,489728,-1.5,0.0,33.33,2,0.0,0.0,0.1,49330,
16465,489792,-6.1,0.0,21.57,11,0.0,0.0909,0.1,49341,
16466,489856,-2.9,0.0,15.79,3,0.0,0.3333,0.1,49345,
16467,489856,-1.9,0.0,9.09,1,0.0,0.0,0.1,49345,
16468,489856,-2.6,0.0,11.76,2,0.0,0.0,0.1,49345,
16469,489984,-0.2,0.0,25.0,1,0.0,0.0,0.1,49365,
16470,489984,-3.1,0.0,9.09,2,0.5,0.0,0.1,49365,
16471,489984,-1.8,0.0,37.5,3,0.0,0.0,0.1,49365,
16472,490048,-1.8,0.0,10.53,2,0.0,0.0,0.1,49369,
16473,490048,10.8,1.0,8.33,1,0.0,0.0,0.1,49369,
16474,490112,-1.3,0.0,20.0,1,0.0,0.0,0.1,49382,
16475,490112,-1.7,0.0,11.11,1,0.0,0.0,0.1,49382,
16476,490112,-2.3,0.0,6.67,1,0.0,0.0,0.1,49382,
16477,490112,-2.2,0.0,7.14,1,0.0,0.0,0.1,49382,
16478,490112,-2.2,0.0,15.38,2,0.0,0.0,0.1,49382,
16479,490112,-2.4,0.0,13.33,2,0.0,0.0,0.1,49382,
16480,490112,-4.1,0.0,1.96,1,0.0,1.0,0.1,49382,
16481,490112,10.0,1.0,10.53,2,0.0,1.0,0.1,49382,
16482,490176,-3.8,0.0,14.81,4,0.25,0.0,0.1,49391,
16483,490176,-4.7,0.0,13.73,7,0.4286,0.1429,0.1,49391,
16484,490240,11.8,1.0,0.0,0,,,0.1,49400,
16485,490240,-6.4,0.0,27.45,14,0.0714,0.2143,0.1,49400,
16486,490240,9.0,1.0,14.81,4,0.5,0.5,0.1,49400,
16487,490240,-2.8,0.0,5.0,1,0.0,0.0,0.1,49400,
16488,490304,-2.4,0.0,22.73,5,0.0,0.4,0.1,49409,
16489,490304,-4.3,0.0,5.88,3,0.0,0.3333,0.1,49409,
16490,490368,-2.0,0.0,8.33,1,0.0,0.0,0.1,49421,
16491,490368,-3.1,0.0,14.29,3,0.0,0.0,0.1,49421,
16492,490432,-2.4,0.0,13.33,2,0.0,0.0,0.1,49430,
16493,490432,-4.3,0.0,9.09,3,0.0,0.0,0.1,49430,
16494,490432,-4.3,0.0,5.88,3,0.0,0.0,0.1,49430,
16495,490432,-1.7,0.0,11.11,1,0.0,0.0,0.1,49430,
16496,490496,-3.9,0.0,28.0,7,0.0,0.0,0.1,49444,
16497,490496,-1.2,0.0,7.14,1,0.0,0.0,0.1,49444,
16498,490496,-3.1,0.0,4.35,1,0.0,0.0,0.1,49444,
16499,490496,-5.6,0.0,11.76,6,0.3333,0.3333,0.1,49444,
16500,490560,-1.7,0.0,11.11,1,0.0,0.0,0.1,49447,
16501,490560,-4.8,0.0,15.69,8,0.0,0.375,0.1,49447,
16502,490624,-2.5,0.0,16.67,4,0.0,0.0,0.1,49455,
16503,490624,-1.3,0.0,14.29,2,0.0,0.0,0.1,49455,
16504,490624,-3.3,0.0,13.04,3,0.0,0.0,0.1,49455,
16505,490688,-2.9,0.0,15.79,3,0.0,0.0,0.1,49462,
16506,490688,-5.2,0.0,14.58,7,0.0,0.2857,0.1,49462,
16507,490688,-2.4,0.0,13.33,2,0.0,0.5,0.1,49462,
16508,490752,-4.1,0.0,36.0,9,0.0,0.1111,0.1,49468,
16509,490752,-2.1,0.0,4.35,1,0.0,0.0,0.1,49468,
16510,490752,-2.3,0.0,14.29,2,0.0,0.0,0.1,49468,
16511,490816,-0.5,0.0,14.29,1,0.0,0.0,0.1,49477,
16512,490816,-2.4,0.0,12.5,3,0.0,0.3333,0.1,49477,
16513,490816,-1.8,0.0,22.22,2,0.0,0.0,0.1,49477,
16514,490816,-2.1,0.0,27.27,3,0.0,0.3333,0.1,49477,
16515,490880,-2.0,0.0,8.33,1,0.0,0.0,0.1,49491,
16516,490880,-6.3,0.0,9.8,5,0.2,0.4,0.1,49491,
16517,490880,-5.0,0.0,7.5,3,0.0,0.3333,0.1,49491,
16518,490880,-1.2,0.0,25.0,1,0.0,0.0,0.1,49491,
16519,490880,-1.6,0.0,12.5,1,0.0,0.0,0.1,49491,
16520,490880,-0.8,0.0,10.0,1,0.0,0.0,0.1,49491,
16521,491008,-2.3,0.0,14.29,2,0.0,0.0,0.1,49512,
16522,491008,-5.0,0.0,13.16,5,0.0,0.0,0.1,49512,
16523,491008,-1.7,0.0,25.0,2,0.0,0.0,0.1,49512,
16524,491008,-2.0,0.0,8.33,1,0.0,0.0,0.1,49512,
16525,491072,-1.7,0.0,11.11,1,0.0,0.0,0.1,49518,
16526,491200,-2.6,0.0,11.76,2,0.0,0.0,0.1,49537,
16527,491200,-0.5,0.0,14.29,1,0.0,0.0,0.1,49537,
16528,491200,-2.2,0.0,7.14,1,0.0,0.0,0.1,49537,
16529,491200,-2.9,0.0,15.79,3,0.3333,0.3333,0.1,49537,
16530,491200,-4.2,0.0,2.94,1,0.0,0.0,0.1,49537,
16531,491264,-3.9,0.0,3.23,1,0.0,0.0,0.1,49552,
16532,491264,-4.9,0.0,44.44,16,0.1875,0.3125,0.1,49552,
16533,491264,-1.8,0.0,10.0,1,0.0,0.0,0.1,49552,
16534,491264,-1.5,0.0,33.33,2,0.0,0.0,0.1,49552,
16535,491328,-5.0,0.0,19.61,10,0.0,0.3,0.1,49562,
16536,491328,-2.0,0.0,8.33,1,0.0,0.0,0.1,49562,
16537,491328,-3.6,0.0,14.71,5,0.0,0.2,0.1,49562,
16538,491392,-1.6,0.0,12.5,1,0.0,0.0,0.1,49570,
16539,491392,-1.6,0.0,12.5,1,0.0,0.0,0.1,49570,
16540,491392,-1.3,0.0,20.0,1,0.0,0.0,0.1,49570,
16541,491392,-3.1,0.0,6.25,2,0.0,0.0,0.1,49570,
16542,491392,-1.8,0.0,10.0,1,0.0,0.0,0.1,49570,
16543,491520,-3.3,0.0,23.81,5,0.0,0.0,0.1,49594,
16544,491520,-5.0,0.0,19.61,10,0.1,0.2,0.1,49594,
16545,491520,-4.1,0.0,29.41,10,0.0,0.2,0.1,49594,
16546,491520,-2.9,0.0,10.0,2,0.5,0.5,0.1,49594,
16547,491520,-1.3,0.0,6.67,1,0.0,0.0,0.1,49594,
