episode,global_step,ep_return,success,guided_pct,queries_per_ep,agreement_rate,oracle_correct_rate,oracle_cost,cum_queries,first_unguided_success
1,384,-0.5,0.0,16.67,1,0.0,0.0,1.0,45,
2,640,-1.9,0.0,10.0,1,0.0,0.0,1.0,68,
3,768,-3.1,0.0,16.67,2,0.0,0.5,1.0,78,
4,768,-4.1,0.0,25.0,3,0.0,0.6667,1.0,78,
5,896,-2.3,0.0,7.14,1,0.0,0.0,1.0,93,
6,896,-3.3,0.0,14.29,2,0.0,0.5,1.0,93,
7,960,-2.4,0.0,6.67,1,0.0,0.0,1.0,99,
8,960,-5.4,0.0,26.67,4,0.0,0.75,1.0,99,
9,960,9.5,1.0,6.67,1,0.0,1.0,1.0,99,
10,1152,-2.7,0.0,5.56,1,0.0,0.0,1.0,125,
11,1152,-3.7,0.0,11.11,2,0.0,0.5,1.0,125,
12,1152,6.2,1.0,22.22,4,0.25,1.0,1.0,125,
13,1280,-6.9,0.0,25.0,5,0.2,0.8,1.0,135,
14,1344,-4.0,0.0,9.52,2,0.5,0.5,1.0,140,
15,1408,-4.1,0.0,9.09,2,0.0,0.5,1.0,147,
16,1536,-3.3,0.0,4.17,1,0.0,0.0,1.0,161,
17,1536,-3.0,0.0,16.67,2,0.0,0.5,1.0,161,
18,1664,-5.5,0.0,11.54,3,0.3333,0.6667,1.0,168,
19,1664,-2.6,0.0,25.0,2,0.0,0.5,1.0,168,
20,1728,-4.6,0.0,7.41,2,0.0,0.5,1.0,177,
21,1728,-3.6,0.0,7.41,2,0.0,0.5,1.0,177,
22,1856,-5.8,0.0,13.79,4,0.0,0.75,1.0,193,
23,1856,-4.8,0.0,6.9,2,0.0,0.5,1.0,193,
24,1984,-6.0,0.0,9.68,3,0.0,0.6667,1.0,208,
25,2048,3.8,1.0,15.62,5,0.0,1.0,1.0,210,
26,2112,6.7,1.0,6.06,2,0.0,1.0,1.0,214,
27,2112,-5.2,0.0,6.06,2,0.0,0.5,1.0,214,
28,2240,-3.2,0.0,14.29,2,0.0,0.5,1.0,229,
29,2240,6.5,1.0,5.71,2,0.0,1.0,1.0,229,
30,2304,-1.9,0.0,4.76,1,0.0,0.0,1.0,233,
31,2304,-8.5,0.0,16.67,6,0.0,0.8333,1.0,233,
32,2368,-1.9,0.0,9.09,1,0.0,0.0,1.0,239,
33,2432,-5.7,0.0,5.26,2,0.0,0.5,1.0,246,
34,2560,-4.9,0.0,5.0,2,0.5,0.5,1.0,262,
35,2752,-2.5,0.0,28.57,2,0.0,0.5,1.0,285,
36,2816,-8.3,0.0,9.09,4,0.0,0.75,1.0,291,
37,2880,-8.7,0.0,12.82,5,0.0,0.8,1.0,298,
38,2944,-7.5,0.0,8.7,4,0.0,0.75,1.0,302,
39,3008,-6.6,0.0,6.38,3,0.3333,0.6667,1.0,306,
40,3200,-8.0,0.0,6.0,3,0.3333,1.0,1.0,332,
41,3200,-8.0,0.0,6.0,3,0.0,1.0,1.0,332,
42,3200,-12.0,0.0,16.0,8,0.0,1.0,1.0,332,
43,3200,-10.0,0.0,10.0,5,0.8,1.0,1.0,332,
44,3200,-12.0,0.0,16.0,8,0.25,1.0,1.0,332,
45,3200,-10.0,0.0,10.0,5,0.4,1.0,1.0,332,
46,3200,-8.0,0.0,6.0,3,0.0,1.0,1.0,332,
47,3200,-12.0,0.0,14.0,7,0.2857,1.0,1.0,332,
48,3200,-10.0,0.0,12.0,6,0.1667,1.0,1.0,332,
49,3200,-11.0,0.0,12.0,6,0.0,1.0,1.0,332,
50,3200,-9.0,0.0,8.0,4,0.5,1.0,1.0,332,
51,3200,-7.0,0.0,4.0,2,0.5,1.0,1.0,332,
52,3200,-8.0,0.0,6.0,3,0.0,1.0,1.0,332,
53,3200,-8.0,0.0,8.0,4,0.0,1.0,1.0,332,
54,3200,-9.0,0.0,10.0,5,0.4,1.0,1.0,332,
55,3200,-10.0,0.0,10.0,5,0.0,1.0,1.0,332,
56,3200,-10.0,0.0,12.0,6,0.0,1.0,1.0,332,
57,3200,-12.0,0.0,14.0,7,0.8571,1.0,1.0,332,
58,3200,-10.0,0.0,10.0,5,0.2,1.0,1.0,332,
59,3200,-8.0,0.0,6.0,3,0.0,1.0,1.0,332,
60,3200,-8.0,0.0,6.0,3,0.0,1.0,1.0,332,
61,3200,-9.0,0.0,10.0,5,0.8,1.0,1.0,332,
62,3200,-9.0,0.0,10.0,5,0.4,1.0,1.0,332,
63,3200,-9.0,0.0,10.0,5,0.0,1.0,1.0,332,
64,3200,-14.0,0.0,18.0,9,0.3333,1.0,1.0,332,
65,3200,-10.0,0.0,12.0,6,0.1667,1.0,1.0,332,
66,3200,-8.0,0.0,6.0,3,0.0,1.0,1.0,332,
67,3200,-12.0,0.0,16.0,8,0.125,1.0,1.0,332,
68,3200,-11.0,0.0,14.0,7,0.2857,1.0,1.0,332,
69,3200,-9.0,0.0,8.0,4,0.0,1.0,1.0,332,
70,3200,-10.0,0.0,10.0,5,0.0,1.0,1.0,332,
71,3200,-10.0,0.0,10.0,5,0.2,1.0,1.0,332,
72,3328,1.4,1.0,18.92,7,0.4286,1.0,1.0,340,
73,3328,-5.3,0.0,16.0,4,0.0,0.75,1.0,340,
74,3776,-2.9,0.0,9.52,2,0.0,0.5,1.0,390,
75,3840,-7.0,0.0,7.14,3,0.0,0.6667,1.0,396,
76,3840,-6.5,0.0,14.81,4,0.5,0.75,1.0,396,
77,3904,-9.0,0.0,7.84,4,0.75,1.0,1.0,405,
78,4032,-2.1,0.0,7.69,1,0.0,0.0,1.0,417,
79,4032,-12.0,0.0,13.73,7,0.2857,1.0,1.0,417,
80,4096,5.6,1.0,8.57,3,0.0,1.0,1.0,425,
81,4096,-5.7,0.0,10.34,3,0.3333,0.6667,1.0,425,
82,4096,-5.2,0.0,28.57,4,0.0,0.75,1.0,425,
83,4160,-7.0,0.0,5.88,3,0.3333,1.0,1.0,428,
84,4160,-14.0,0.0,19.61,10,0.1,1.0,1.0,428,
85,4224,11.5,1.0,0.0,0,,,1.0,435,85
86,4224,-8.0,0.0,7.84,4,0.0,1.0,1.0,435,
87,4288,-7.5,0.0,6.38,3,0.0,0.6667,1.0,444,
88,4352,-3.6,0.0,11.11,2,0.0,0.5,1.0,454,
89,4416,5.1,1.0,7.5,3,0.0,1.0,1.0,464,
90,4416,-10.0,0.0,9.8,5,0.4,1.0,1.0,464,
91,4416,9.2,1.0,5.26,1,0.0,1.0,1.0,464,
92,4416,-2.7,0.0,5.26,1,0.0,0.0,1.0,464,
93,4544,-5.8,0.0,5.0,2,0.5,0.5,1.0,474,
94,4608,9.0,1.0,18.18,2,0.0,1.0,1.0,479,
95,4672,-7.8,0.0,16.67,5,0.2,0.8,1.0,489,
96,4672,-7.4,0.0,6.52,3,0.3333,0.6667,1.0,489,
97,4672,-5.1,0.0,13.04,3,0.0,0.6667,1.0,489,
98,4672,-6.1,0.0,17.39,4,0.5,0.75,1.0,489,
99,4672,-6.1,0.0,17.39,4,0.25,0.75,1.0,489,
100,4672,-10.0,0.0,11.76,6,0.3333,1.0,1.0,489,
101,4800,-15.0,0.0,19.61,10,0.0,1.0,1.0,502,
102,4800,-8.0,0.0,5.88,3,0.6667,1.0,1.0,502,
103,4928,-5.5,0.0,11.11,3,0.0,0.6667,1.0,514,
104,4928,-13.0,0.0,15.69,8,0.375,1.0,1.0,514,
105,4928,-7.5,0.0,18.52,5,0.0,0.8,1.0,514,
106,4992,10.6,1.0,20.0,1,0.0,1.0,1.0,522,
107,5056,10.1,1.0,10.0,1,0.0,1.0,1.0,529,
108,5184,-4.9,0.0,6.45,2,0.5,0.5,1.0,543,
109,5312,-7.0,0.0,3.92,2,0.0,1.0,1.0,558,
110,5312,-3.1,0.0,3.03,1,0.0,0.0,1.0,558,
111,5376,-13.0,0.0,15.69,8,0.0,1.0,1.0,563,
112,5504,3.5,1.0,13.89,5,0.0,1.0,1.0,576,
113,5504,2.0,1.0,9.8,5,0.2,1.0,1.0,576,
114,5568,-9.0,0.0,7.84,4,0.25,1.0,1.0,583,
115,5568,-2.9,1.0,27.5,11,0.2727,1.0,1.0,583,
116,5632,-10.0,0.0,11.76,6,0.1667,1.0,1.0,589,
117,5696,-4.7,0.0,2.56,1,0.0,0.0,1.0,593,
118,5824,8.8,1.0,4.35,1,0.0,1.0,1.0,603,
119,5824,-7.5,0.0,18.52,5,0.0,0.8,1.0,603,
120,5824,-10.0,0.0,11.76,6,0.1667,1.0,1.0,603,
121,5888,-5.5,0.0,29.41,5,0.4,0.8,1.0,607,
122,5952,-6.1,0.0,6.98,3,0.0,0.6667,1.0,610,
123,6016,-7.2,0.0,9.09,4,0.5,0.75,1.0,618,
124,6016,0.7,1.0,15.91,7,0.2857,1.0,1.0,618,
125,6080,-8.0,0.0,7.84,4,0.0,1.0,1.0,624,
126,6144,-8.0,0.0,7.84,4,0.75,1.0,1.0,632,
127,6208,-9.0,0.0,7.84,4,0.25,1.0,1.0,636,
128,6400,-9.8,0.0,10.0,5,0.0,0.8,1.0,656,
129,6464,-14.0,0.0,17.65,9,0.4444,1.0,1.0,664,
130,6464,-10.0,0.0,9.8,5,0.8,1.0,1.0,664,
131,6464,-11.0,0.0,11.76,6,0.3333,1.0,1.0,664,
132,6464,-9.0,0.0,7.84,4,0.0,1.0,1.0,664,
133,6464,-7.0,0.0,5.88,3,0.0,1.0,1.0,664,
134,6464,-8.0,0.0,5.88,3,0.3333,1.0,1.0,664,
135,6464,-6.0,0.0,1.96,1,0.0,1.0,1.0,664,
136,6464,-7.0,0.0,5.88,3,0.6667,1.0,1.0,664,
137,6464,-10.9,0.0,11.76,6,0.1667,0.8333,1.0,664,
138,6464,-10.0,0.0,9.8,5,0.0,1.0,1.0,664,
139,6464,-8.0,0.0,5.88,3,0.0,1.0,1.0,664,
140,6464,-6.0,0.0,3.92,2,0.5,1.0,1.0,664,
141,6464,-7.0,0.0,3.92,2,0.5,1.0,1.0,664,
142,6464,-9.0,0.0,7.84,4,0.25,1.0,1.0,664,
143,6528,6.2,1.0,10.34,3,0.0,1.0,1.0,667,
144,6592,-13.0,0.0,17.65,9,0.2222,1.0,1.0,671,
145,6592,-14.0,0.0,19.61,10,0.6,1.0,1.0,671,
146,6848,-6.6,0.0,7.89,3,0.0,0.6667,1.0,695,
147,6848,-7.1,0.0,6.98,3,0.0,0.6667,1.0,695,
148,6912,-6.3,0.0,6.67,3,0.3333,0.6667,1.0,706,
149,6976,-5.5,0.0,23.53,4,0.25,0.75,1.0,713,
150,6976,-3.1,0.0,4.35,1,0.0,0.0,1.0,713,
151,7040,-9.0,0.0,9.8,5,0.0,1.0,1.0,722,
152,7040,-7.3,0.0,11.43,4,0.5,0.75,1.0,722,
153,7040,9.4,1.0,28.57,2,0.0,1.0,1.0,722,
154,7104,-11.0,0.0,11.76,6,0.0,1.0,1.0,729,
155,7168,-10.4,0.0,13.04,6,0.5,0.8333,1.0,736,
156,7232,-8.6,0.0,8.33,4,0.0,0.75,1.0,741,
157,7296,-11.0,0.0,13.73,7,0.1429,1.0,1.0,745,
158,7360,-8.0,0.0,5.88,3,0.6667,1.0,1.0,751,
159,7360,-4.2,0.0,21.43,3,0.0,0.6667,1.0,751,
160,7424,-14.0,0.0,17.65,9,0.5556,1.0,1.0,758,
161,7488,-3.4,0.0,12.5,2,0.0,0.5,1.0,765,
162,7488,-8.0,0.0,7.84,4,0.0,1.0,1.0,765,
163,7552,-13.0,0.0,15.69,8,0.25,1.0,1.0,769,
164,7680,-3.5,0.0,7.41,2,0.0,0.5,1.0,781,
165,7680,-1.8,0.0,10.0,1,0.0,0.0,1.0,781,
166,7680,-8.0,0.0,7.84,4,0.0,1.0,1.0,781,
167,7680,-10.0,0.0,11.76,6,0.0,1.0,1.0,781,
168,7808,-8.0,0.0,5.88,3,0.6667,1.0,1.0,791,
169,7872,-6.0,0.0,1.96,1,0.0,1.0,1.0,797,
170,7936,-7.0,0.0,5.88,3,0.0,1.0,1.0,800,
171,7936,-10.0,0.0,9.8,5,0.0,1.0,1.0,800,
172,7936,-12.0,0.0,13.73,7,0.0,1.0,1.0,800,
173,7936,-10.0,0.0,11.76,6,0.0,1.0,1.0,800,
174,7936,6.0,1.0,19.05,4,0.0,1.0,1.0,800,
175,8000,-3.2,0.0,4.17,1,0.0,0.0,1.0,807,
176,8064,10.0,1.0,9.09,1,0.0,1.0,1.0,817,
177,8128,-8.4,0.0,23.08,6,0.5,0.8333,1.0,824,
178,8192,-7.0,0.0,3.92,2,1.0,1.0,1.0,834,
179,8192,-10.0,0.0,11.76,6,0.0,1.0,1.0,834,
180,8192,-8.9,0.0,7.84,4,0.25,0.75,1.0,834,
181,8256,1.1,1.0,12.0,6,0.0,1.0,1.0,837,
182,8256,-12.0,0.0,13.73,7,0.7143,1.0,1.0,837,
183,8448,-8.0,0.0,7.84,4,0.0,1.0,1.0,852,
184,8448,-3.9,0.0,6.45,2,0.0,0.5,1.0,852,
185,8512,-2.4,0.0,12.5,2,0.0,0.5,1.0,859,
186,8512,-3.6,0.0,11.11,2,0.0,0.5,1.0,859,
187,8512,-1.7,0.0,22.22,2,0.0,0.5,1.0,859,
188,8576,-8.0,0.0,7.84,4,0.0,1.0,1.0,863,
189,8576,-10.0,0.0,9.8,5,0.6,1.0,1.0,863,
190,8640,-9.0,0.0,7.84,4,0.0,1.0,1.0,867,
191,8704,-4.3,0.0,5.71,2,0.0,0.5,1.0,876,
192,8768,-11.0,0.0,11.76,6,0.0,1.0,1.0,879,
193,8832,-11.0,0.0,11.76,6,0.3333,1.0,1.0,886,
194,8832,-9.0,0.0,7.84,4,0.25,1.0,1.0,886,
195,8896,-2.7,0.0,5.26,1,0.0,0.0,1.0,897,
196,8896,-11.0,0.0,11.76,6,0.6667,1.0,1.0,897,
197,8896,-7.8,0.0,16.67,5,0.4,0.8,1.0,897,
198,8960,-15.0,0.0,19.61,10,0.2,1.0,1.0,903,
199,9088,-5.9,0.0,4.88,2,0.0,0.5,1.0,921,
200,9088,-7.0,0.0,3.92,2,1.0,1.0,1.0,921,
201,9088,-7.0,0.0,3.92,2,0.5,1.0,1.0,921,
202,9088,-9.0,0.0,9.8,5,0.0,1.0,1.0,921,
203,9152,-9.7,0.0,10.2,5,0.0,0.8,1.0,929,
204,9280,-6.0,0.0,1.96,1,0.0,1.0,1.0,944,
205,9344,-8.0,0.0,5.88,3,0.3333,1.0,1.0,948,
206,9344,4.6,1.0,6.67,3,0.0,1.0,1.0,948,
207,9408,-10.9,0.0,13.73,7,0.1429,0.8571,1.0,955,
208,9472,-13.0,0.0,15.69,8,0.0,1.0,1.0,961,
209,9472,-2.9,0.0,9.52,2,0.0,0.5,1.0,961,
210,9600,9.3,1.0,25.0,2,0.0,1.0,1.0,973,
211,9664,-7.0,0.0,3.92,2,0.0,1.0,1.0,978,
212,9664,-2.9,1.0,20.0,10,0.1,1.0,1.0,978,
213,9728,-15.0,0.0,19.61,10,0.4,1.0,1.0,985,
214,9728,-9.0,0.0,7.84,4,0.0,1.0,1.0,985,
215,9728,-7.9,0.0,7.84,4,0.5,0.75,1.0,985,
216,9728,-8.0,0.0,5.88,3,0.3333,1.0,1.0,985,
217,9728,-9.0,0.0,7.84,4,0.5,1.0,1.0,985,
218,9792,-11.0,0.0,11.76,6,0.0,1.0,1.0,989,
219,9856,5.0,1.0,23.81,5,0.4,1.0,1.0,991,
220,9920,-6.8,0.0,30.0,6,0.1667,0.8333,1.0,998,
221,9984,-3.6,0.0,11.11,2,0.5,0.5,1.0,1004,
222,9984,10.8,1.0,33.33,1,0.0,1.0,1.0,1004,
223,10048,-4.2,0.0,21.43,3,0.3333,0.6667,1.0,1011,
224,10048,-5.2,0.0,16.67,4,0.0,0.75,1.0,1011,
225,10112,-14.0,0.0,19.61,10,0.2,1.0,1.0,1019,
226,10112,-9.0,0.0,9.8,5,0.4,1.0,1.0,1019,
227,10176,-9.0,0.0,7.84,4,0.25,1.0,1.0,1022,
228,10176,-4.7,0.0,15.79,3,0.0,0.6667,1.0,1022,
229,10240,-11.0,0.0,11.76,6,0.5,1.0,1.0,1029,
230,10240,-5.8,0.0,5.0,2,0.0,0.5,1.0,1029,
231,10240,8.3,1.0,11.11,2,0.0,1.0,1.0,1029,
232,10304,-12.0,0.0,13.73,7,0.1429,1.0,1.0,1035,
233,10304,-11.0,0.0,11.76,6,0.0,1.0,1.0,1035,
234,10304,-2.1,0.0,7.69,1,0.0,0.0,1.0,1035,
235,10304,-3.3,0.0,4.0,1,0.0,0.0,1.0,1035,
236,10368,-7.4,0.0,6.52,3,0.0,0.6667,1.0,1042,
237,10368,-2.9,0.0,18.18,2,0.0,0.5,1.0,1042,
238,10368,-8.0,0.0,5.88,3,0.0,1.0,1.0,1042,
239,10432,-5.2,0.0,5.88,2,0.0,0.5,1.0,1046,
240,10432,-7.0,0.0,5.88,3,0.0,1.0,1.0,1046,
241,10496,-8.0,0.0,5.88,3,0.0,1.0,1.0,1050,
242,10560,-4.4,0.0,7.69,2,0.0,0.5,1.0,1058,
243,10560,-11.0,0.0,13.73,7,0.2857,1.0,1.0,1058,
244,10624,-0.8,0.0,10.0,1,0.0,0.0,1.0,1067,
245,10688,-5.7,0.0,7.69,3,0.0,0.6667,1.0,1081,
246,10688,7.6,1.0,8.0,2,0.5,1.0,1.0,1081,
247,10752,-7.9,0.0,5.88,3,0.0,0.6667,1.0,1090,
248,10752,-12.2,0.0,18.18,8,0.25,0.875,1.0,1090,
249,10816,-5.9,0.0,7.32,3,0.3333,0.6667,1.0,1094,
250,10816,-10.0,0.0,11.76,6,0.3333,1.0,1.0,1094,
251,10944,-9.0,0.0,7.84,4,0.0,1.0,1.0,1107,
252,10944,-11.0,0.0,13.73,7,0.7143,1.0,1.0,1107,
253,11008,8.1,1.0,3.33,1,0.0,1.0,1.0,1114,
254,11072,-6.0,0.0,1.96,1,1.0,1.0,1.0,1121,
255,11072,8.8,1.0,15.38,2,0.0,1.0,1.0,1121,
256,11072,8.2,1.0,33.33,3,0.0,1.0,1.0,1121,
257,11072,7.0,1.0,36.36,4,0.5,1.0,1.0,1121,
258,11136,-10.0,0.0,9.8,5,0.2,1.0,1.0,1127,
259,11200,-5.0,0.0,1.96,1,0.0,1.0,1.0,1133,
260,11200,-10.0,0.0,9.8,5,0.0,1.0,1.0,1133,
261,11200,-9.0,0.0,7.84,4,0.5,1.0,1.0,1133,
262,11264,-5.6,0.0,10.71,3,0.0,0.6667,1.0,1136,
263,11264,-11.0,0.0,13.73,7,0.2857,1.0,1.0,1136,
264,11328,-6.0,0.0,3.92,2,0.0,1.0,1.0,1141,
265,11328,-4.3,0.0,8.0,2,0.0,0.5,1.0,1141,
266,11328,2.6,1.0,11.11,5,0.2,1.0,1.0,1141,
267,11456,-10.0,0.0,9.8,5,0.6,1.0,1.0,1155,
268,11520,-5.4,0.0,11.54,3,0.0,0.6667,1.0,1157,
269,11520,-9.0,0.0,7.84,4,0.75,1.0,1.0,1157,
270,11584,-5.0,0.0,2.38,1,0.0,0.0,1.0,1160,
271,11648,-2.6,0.0,25.0,2,0.0,0.5,1.0,1167,
272,11648,-6.0,0.0,12.5,4,0.25,0.75,1.0,1167,
273,11712,-9.0,0.0,9.8,5,0.2,1.0,1.0,1172,
274,11712,-5.0,0.0,6.25,2,0.0,0.5,1.0,1172,
275,11776,-4.1,0.0,13.04,3,0.0,0.6667,1.0,1184,
276,11776,-12.0,0.0,13.73,7,0.8571,1.0,1.0,1184,
277,11840,-8.0,0.0,5.88,3,0.6667,1.0,1.0,1188,
278,11840,-10.0,0.0,11.76,6,0.3333,1.0,1.0,1188,
279,11904,5.5,1.0,15.38,4,0.0,1.0,1.0,1196,
280,11968,-7.3,0.0,11.43,4,0.0,0.75,1.0,1203,
281,11968,-4.7,0.0,10.34,3,0.3333,0.6667,1.0,1203,
282,12032,-3.9,0.0,9.52,2,0.0,0.5,1.0,1211,
283,12032,-2.5,0.0,5.88,1,0.0,0.0,1.0,1211,
284,12032,9.4,1.0,28.57,2,0.0,1.0,1.0,1211,
285,12032,-1.6,0.0,12.5,1,0.0,0.0,1.0,1211,
286,12032,-9.0,0.0,9.8,5,0.2,1.0,1.0,1211,
287,12096,-9.0,0.0,9.8,5,0.0,1.0,1.0,1219,
288,12096,-3.8,0.0,15.0,3,0.0,0.6667,1.0,1219,
289,12160,-3.7,0.0,10.53,2,0.0,0.5,1.0,1228,
290,12160,-5.6,0.0,5.26,2,0.0,0.5,1.0,1228,
291,12160,-7.0,0.0,3.92,2,1.0,1.0,1.0,1228,
292,12288,-4.1,0.0,3.03,1,0.0,0.0,1.0,1245,
293,12288,-4.9,0.0,6.45,2,0.5,0.5,1.0,1245,
294,12288,5.6,1.0,8.57,3,0.0,1.0,1.0,1245,
295,12352,2.5,1.0,10.87,5,0.0,1.0,1.0,1253,
296,12480,-4.0,0.0,6.25,2,0.0,0.5,1.0,1265,
297,12544,-3.8,0.0,30.0,3,0.0,0.6667,1.0,1277,
298,12544,-12.0,0.0,15.69,8,0.125,1.0,1.0,1277,
299,12608,-11.0,0.0,13.73,7,0.0,1.0,1.0,1285,
300,12608,-7.0,0.0,3.92,2,1.0,1.0,1.0,1285,
301,12672,8.7,1.0,14.29,2,0.5,1.0,1.0,1290,
302,12736,1.8,1.0,13.95,6,0.0,1.0,1.0,1299,
303,12928,-4.7,0.0,6.9,2,0.5,0.5,1.0,1318,
304,12992,7.5,1.0,18.75,3,0.0,1.0,1.0,1320,
305,12992,-13.0,0.0,17.65,9,0.2222,1.0,1.0,1320,
306,12992,-9.0,0.0,9.8,5,0.0,1.0,1.0,1320,
307,13120,-8.6,0.0,8.33,4,0.0,0.75,1.0,1332,
308,13184,-8.0,0.0,7.84,4,0.25,1.0,1.0,1334,
309,13184,-3.6,0.0,11.11,2,0.0,0.5,1.0,1334,
310,13248,-3.3,0.0,13.33,2,0.0,0.5,1.0,1336,
311,13376,-7.0,0.0,7.14,3,0.0,0.6667,1.0,1349,
312,13376,-1.9,0.0,9.09,1,0.0,0.0,1.0,1349,
313,13376,-7.0,0.0,5.88,3,0.3333,1.0,1.0,1349,
314,13440,-7.0,0.0,3.92,2,0.0,1.0,1.0,1361,
315,13440,-5.1,0.0,6.06,2,0.0,0.5,1.0,1361,
316,13440,-6.0,0.0,4.76,2,0.0,0.5,1.0,1361,
317,13440,5.6,1.0,8.57,3,0.0,1.0,1.0,1361,
318,13504,-8.0,0.0,5.88,3,0.0,1.0,1.0,1368,
319,13568,-6.1,0.0,4.65,2,0.0,0.5,1.0,1371,
320,13568,-10.0,0.0,9.8,5,0.8,1.0,1.0,1371,
321,13568,-14.0,0.0,17.65,9,0.1111,1.0,1.0,1371,
322,13632,-7.6,0.0,21.43,6,0.0,0.8333,1.0,1380,
323,13632,-11.0,0.0,11.76,6,0.0,1.0,1.0,1380,
324,13632,-9.0,0.0,9.8,5,0.2,1.0,1.0,1380,
325,13696,-7.0,0.0,5.88,3,0.0,1.0,1.0,1384,
326,13696,-0.8,1.0,16.33,8,0.0,1.0,1.0,1384,
327,13696,-5.2,0.0,12.5,3,0.0,0.6667,1.0,1384,
328,13824,-6.0,0.0,1.96,1,0.0,1.0,1.0,1400,
329,13888,-8.0,0.0,7.84,4,0.0,1.0,1.0,1404,
330,14016,-3.4,0.0,12.5,2,0.0,0.5,1.0,1411,
331,14016,-10.0,0.0,11.76,6,0.5,1.0,1.0,1411,
332,14272,-11.0,0.0,11.76,6,0.1667,1.0,1.0,1429,
333,14336,-3.9,0.0,9.52,2,0.0,0.5,1.0,1437,
334,14336,-9.0,0.0,9.8,5,0.0,1.0,1.0,1437,
335,14336,-12.0,0.0,13.73,7,0.1429,1.0,1.0,1437,
336,14336,-10.0,0.0,11.76,6,0.3333,1.0,1.0,1437,
337,14400,-2.4,0.0,6.25,1,0.0,0.0,1.0,1444,
338,14464,-7.0,0.0,3.92,2,0.0,1.0,1.0,1448,
339,14464,-2.1,0.0,7.69,1,0.0,0.0,1.0,1448,
340,14464,-4.9,0.0,4.88,2,0.0,0.5,1.0,1448,
341,14464,-10.0,0.0,9.8,5,0.6,1.0,1.0,1448,
342,14528,-9.0,0.0,7.84,4,0.25,1.0,1.0,1455,
343,14528,-1.8,0.0,10.0,1,0.0,0.0,1.0,1455,
344,14528,-10.0,0.0,11.76,6,0.3333,1.0,1.0,1455,
345,14592,-13.0,0.0,17.65,9,0.2222,1.0,1.0,1461,
346,14592,-9.8,0.0,15.0,6,0.0,0.8333,1.0,1461,
347,14592,-7.0,0.0,5.88,3,0.3333,1.0,1.0,1461,
348,14656,-1.1,0.0,33.33,1,0.0,0.0,1.0,1465,
349,14720,-3.2,0.0,4.17,1,0.0,0.0,1.0,1471,
350,14720,-9.0,0.0,7.84,4,0.5,1.0,1.0,1471,
351,14784,8.5,1.0,3.85,1,0.0,1.0,1.0,1474,
352,14784,-12.0,0.0,13.73,7,0.1429,1.0,1.0,1474,
353,14848,4.1,1.0,30.0,6,0.3333,1.0,1.0,1481,
354,14848,-5.7,0.0,4.08,2,0.0,0.5,1.0,1481,
355,14912,-7.0,0.0,3.92,2,0.0,1.0,1.0,1486,
356,14912,-9.0,0.0,7.84,4,0.5,1.0,1.0,1486,
357,14976,-6.2,0.0,4.55,2,0.5,0.5,1.0,1492,
358,14976,-6.0,0.0,3.92,2,1.0,1.0,1.0,1492,
359,15040,-8.0,0.0,5.88,3,0.3333,1.0,1.0,1499,
360,15232,-14.0,0.0,17.65,9,0.3333,1.0,1.0,1517,
361,15296,-8.0,0.0,7.84,4,0.0,1.0,1.0,1522,
362,15296,-9.0,0.0,7.84,4,0.5,1.0,1.0,1522,
363,15296,-7.0,0.0,3.92,2,0.0,1.0,1.0,1522,
364,15360,-2.7,0.0,22.22,2,0.0,0.5,1.0,1531,
365,15360,-7.0,0.0,3.92,2,0.0,1.0,1.0,1531,
366,15360,-8.5,0.0,10.64,5,0.6,0.8,1.0,1531,
367,15360,-10.0,0.0,11.76,6,0.3333,1.0,1.0,1531,
368,15424,-9.6,0.0,15.79,6,0.0,0.8333,1.0,1536,
369,15424,-10.0,0.0,9.8,5,0.2,1.0,1.0,1536,
370,15552,4.8,1.0,12.12,4,0.0,1.0,1.0,1556,
371,15552,-12.0,0.0,13.73,7,0.1429,1.0,1.0,1556,
372,15552,-11.0,0.0,13.73,7,0.4286,1.0,1.0,1556,
373,15680,10.6,1.0,20.0,1,0.0,1.0,1.0,1566,
374,15744,-5.0,0.0,1.96,1,1.0,1.0,1.0,1571,
375,15744,-6.0,0.0,9.38,3,0.3333,0.6667,1.0,1571,
376,15808,-9.0,0.0,9.8,5,0.0,1.0,1.0,1573,
377,15808,-12.0,0.0,13.73,7,0.4286,1.0,1.0,1573,
378,15872,-7.0,0.0,3.92,2,0.5,1.0,1.0,1578,
379,15872,-11.0,0.0,11.76,6,0.5,1.0,1.0,1578,
380,15936,-10.8,0.0,12.0,6,0.6667,0.8333,1.0,1587,
381,16064,5.0,1.0,54.55,6,0.0,1.0,1.0,1603,
382,16128,-4.7,0.0,15.79,3,0.0,0.6667,1.0,1607,
383,16128,7.8,1.0,3.03,1,1.0,1.0,1.0,1607,
384,16192,-10.0,0.0,11.76,6,0.0,1.0,1.0,1616,
385,16192,-2.7,0.0,5.26,1,0.0,0.0,1.0,1616,
386,16192,-7.5,0.0,10.81,4,0.5,0.75,1.0,1616,
387,16256,3.6,1.0,8.89,4,0.0,1.0,1.0,1621,
388,16256,-4.3,0.0,2.86,1,0.0,0.0,1.0,1621,
389,16384,-7.7,0.0,17.24,5,0.0,0.8,1.0,1631,
390,16448,-8.0,0.0,5.88,3,0.3333,1.0,1.0,1636,
391,16512,-12.0,0.0,15.69,8,0.375,1.0,1.0,1645,
392,16640,9.2,1.0,5.26,1,0.0,1.0,1.0,1655,
393,16640,8.3,1.0,3.57,1,0.0,1.0,1.0,1655,
394,16640,-7.0,0.0,3.92,2,1.0,1.0,1.0,1655,
395,16704,-8.0,0.0,7.84,4,0.0,1.0,1.0,1660,
396,16704,-3.0,0.0,4.55,1,0.0,0.0,1.0,1660,
397,16704,-11.0,0.0,11.76,6,0.3333,1.0,1.0,1660,
398,16704,-7.0,0.0,3.92,2,0.0,1.0,1.0,1660,
399,16768,-4.1,0.0,8.7,2,0.5,0.5,1.0,1665,
400,16768,-9.0,0.0,7.84,4,0.0,1.0,1.0,1665,
401,16832,-7.0,0.0,3.92,2,0.5,1.0,1.0,1670,
402,16832,-9.0,0.0,9.8,5,0.2,1.0,1.0,1670,
403,16832,-2.6,0.0,5.56,1,0.0,0.0,1.0,1670,
404,16896,-10.0,0.0,11.76,6,0.3333,1.0,1.0,1678,
405,16896,-13.0,0.0,15.69,8,0.0,1.0,1.0,1678,
406,16960,-10.0,0.0,11.76,6,0.0,1.0,1.0,1681,
407,16960,-11.0,0.0,13.73,7,0.0,1.0,1.0,1681,
408,17152,9.6,1.0,6.67,1,0.0,1.0,1.0,1697,
409,17152,-5.3,0.0,12.0,3,0.0,0.6667,1.0,1697,
410,17152,3.3,1.0,13.16,5,0.4,1.0,1.0,1697,
411,17344,8.7,1.0,4.17,1,0.0,1.0,1.0,1713,
412,17408,2.2,1.0,10.2,5,0.0,1.0,1.0,1719,
413,17472,1.2,1.0,12.24,6,0.0,1.0,1.0,1727,
414,17536,-6.1,0.0,4.65,2,0.0,0.5,1.0,1735,
415,17536,-12.5,0.0,19.15,9,0.2222,0.8889,1.0,1735,
416,17600,-7.0,0.0,5.88,3,0.3333,1.0,1.0,1739,
417,17600,3.0,1.0,12.2,5,0.2,1.0,1.0,1739,
418,17600,-2.2,0.0,7.14,1,0.0,0.0,1.0,1739,
419,17600,-8.0,0.0,5.88,3,0.3333,1.0,1.0,1739,
420,17600,-2.1,0.0,7.69,1,0.0,0.0,1.0,1739,
421,17600,-6.0,0.0,3.92,2,0.0,1.0,1.0,1739,
422,17664,-11.9,0.0,15.69,8,0.0,0.875,1.0,1743,
423,17664,-2.3,0.0,13.33,2,0.0,0.5,1.0,1743,
424,17728,-11.0,0.0,11.76,6,0.0,1.0,1.0,1749,
425,17728,-9.0,0.0,9.8,5,0.2,1.0,1.0,1749,
426,17728,-12.0,0.0,13.73,7,0.1429,1.0,1.0,1749,
427,17792,-11.0,0.0,13.73,7,0.0,1.0,1.0,1751,
428,17792,-2.5,0.0,5.88,1,0.0,0.0,1.0,1751,
429,17856,-10.0,0.0,11.76,6,0.0,1.0,1.0,1753,
430,17856,-10.0,0.0,9.8,5,0.0,1.0,1.0,1753,
431,17856,-8.0,0.0,5.88,3,0.0,1.0,1.0,1753,
432,17920,-11.0,0.0,11.76,6,0.1667,1.0,1.0,1760,
433,17920,-4.0,0.0,13.64,3,0.0,0.6667,1.0,1760,
434,17984,-7.0,0.0,5.88,3,0.0,1.0,1.0,1764,
435,18048,-6.0,0.0,4.76,2,0.0,0.5,1.0,1770,
436,18112,-9.0,0.0,7.84,4,0.0,1.0,1.0,1778,
437,18112,-4.0,0.0,9.09,2,0.0,0.5,1.0,1778,
438,18176,-8.0,0.0,7.84,4,0.0,1.0,1.0,1785,
439,18176,-1.5,0.0,14.29,1,0.0,0.0,1.0,1785,
440,18240,-2.0,0.0,4.55,1,0.0,0.0,1.0,1791,
441,18304,-1.6,0.0,25.0,2,0.0,0.5,1.0,1795,
442,18304,-10.0,0.0,11.76,6,0.0,1.0,1.0,1795,
443,18368,-4.1,0.0,3.03,1,0.0,0.0,1.0,1799,
444,18432,-2.4,0.0,12.5,2,0.0,0.5,1.0,1807,
445,18432,-4.6,0.0,7.14,2,0.0,0.5,1.0,1807,
446,18496,-10.0,0.0,9.8,5,0.0,1.0,1.0,1815,
447,18560,-9.9,0.0,9.8,5,0.0,0.8,1.0,1823,
448,18560,-1.3,0.0,6.67,1,0.0,0.0,1.0,1823,
449,18560,-6.0,0.0,4.76,2,0.0,0.5,1.0,1823,
450,18624,-11.0,0.0,13.73,7,0.1429,1.0,1.0,1824,
451,18688,-6.0,0.0,1.96,1,0.0,1.0,1.0,1827,
452,18752,-9.9,0.0,14.63,6,0.0,0.8333,1.0,1829,
453,18816,-5.0,0.0,0.0,0,,,1.0,1837,
454,18816,-7.0,0.0,3.92,2,0.0,1.0,1.0,1837,
455,18944,-2.1,0.0,7.69,1,0.0,0.0,1.0,1850,
456,19008,-13.0,0.0,15.69,8,0.0,1.0,1.0,1859,
457,19008,-7.0,0.0,3.92,2,0.0,1.0,1.0,1859,
458,19008,6.2,1.0,10.34,3,1.0,1.0,1.0,1859,
459,19008,-8.4,0.0,8.7,4,0.0,0.75,1.0,1859,
460,19072,-7.0,0.0,3.92,2,0.0,1.0,1.0,1866,
461,19072,2.6,1.0,11.11,5,0.0,1.0,1.0,1866,
462,19136,-7.0,0.0,5.88,3,0.0,1.0,1.0,1876,
463,19200,-8.0,0.0,5.88,3,0.0,1.0,1.0,1886,
464,19200,-3.9,0.0,9.52,2,0.0,0.5,1.0,1886,
465,19328,-6.7,0.0,10.26,4,0.25,0.75,1.0,1899,
466,19328,4.2,1.0,10.26,4,0.25,1.0,1.0,1899,
467,19328,-3.6,0.0,3.57,1,0.0,0.0,1.0,1899,
468,19328,-5.5,0.0,11.11,3,0.0,0.6667,1.0,1899,
469,19392,-10.0,0.0,9.8,5,0.0,1.0,1.0,1901,
470,19456,-9.0,0.0,9.8,5,0.2,1.0,1.0,1904,
471,19520,-10.0,0.0,9.8,5,0.0,1.0,1.0,1910,
472,19584,-5.5,0.0,11.11,3,0.0,0.6667,1.0,1920,
473,19648,-8.0,0.0,5.88,3,0.0,1.0,1.0,1923,
474,19712,-5.8,0.0,7.5,3,0.0,0.6667,1.0,1929,
475,19712,-11.0,0.0,13.73,7,0.0,1.0,1.0,1929,
476,19712,9.5,1.0,6.25,1,1.0,1.0,1.0,1929,
477,19776,-6.0,0.0,12.5,4,0.0,0.75,1.0,1934,
478,19840,-5.3,0.0,12.0,3,0.0,0.6667,1.0,1941,
479,19840,-7.2,0.0,14.71,5,0.0,0.8,1.0,1941,
480,19904,-7.0,0.0,3.92,2,0.0,1.0,1.0,1945,
481,19904,-6.0,0.0,1.96,1,0.0,1.0,1.0,1945,
482,20032,-8.0,0.0,7.84,4,0.0,1.0,1.0,1954,
483,20032,10.2,1.0,11.11,1,0.0,1.0,1.0,1954,
484,20032,8.5,1.0,12.5,2,0.0,1.0,1.0,1954,
485,20160,-10.0,0.0,9.8,5,0.0,1.0,1.0,1970,
486,20160,-8.0,0.0,7.84,4,0.0,1.0,1.0,1970,
487,20224,-10.0,0.0,11.76,6,0.1667,1.0,1.0,1974,
488,20224,-9.0,0.0,9.8,5,0.0,1.0,1.0,1974,
489,20224,-8.1,0.0,9.3,4,0.0,0.75,1.0,1974,
490,20416,-4.7,0.0,5.13,2,0.0,0.5,1.0,1989,
491,20416,10.5,1.0,16.67,1,0.0,1.0,1.0,1989,
492,20416,-8.0,0.0,7.84,4,0.0,1.0,1.0,1989,
493,20416,-3.1,0.0,3.03,1,0.0,0.0,1.0,1989,
494,20416,-3.5,0.0,11.76,2,0.0,0.5,1.0,1989,
495,20480,-3.0,0.0,4.55,1,0.0,0.0,1.0,1994,
496,20544,-8.2,0.0,9.09,4,0.0,0.75,1.0,1998,
497,20608,-10.0,0.0,9.8,5,0.2,1.0,1.0,2002,
498,20608,-5.0,0.0,6.25,2,0.0,0.5,1.0,2002,
499,20672,-2.5,0.0,5.88,1,0.0,0.0,1.0,2007,
500,20736,4.5,1.0,11.11,4,0.25,1.0,1.0,2015,
501,20800,-8.0,0.0,7.84,4,0.0,1.0,1.0,2018,
502,20864,-12.0,0.0,15.69,8,0.125,1.0,1.0,2026,
503,20864,-8.0,0.0,7.84,4,0.0,1.0,1.0,2026,
504,20864,-8.0,0.0,7.84,4,0.25,1.0,1.0,2026,
505,20864,-8.0,0.0,7.84,4,0.0,1.0,1.0,2026,
506,20864,-1.8,0.0,10.0,1,0.0,0.0,1.0,2026,
507,20928,-9.0,0.0,7.84,4,0.0,1.0,1.0,2030,
508,20992,4.2,1.0,10.26,4,0.0,1.0,1.0,2037,
509,21056,-4.1,0.0,23.08,3,0.0,0.6667,1.0,2044,
510,21056,-4.0,0.0,3.12,1,0.0,0.0,1.0,2044,
511,21056,-6.0,0.0,3.92,2,1.0,1.0,1.0,2044,
512,21120,-10.0,0.0,11.76,6,0.0,1.0,1.0,2048,
513,21184,-8.0,0.0,7.84,4,0.0,1.0,1.0,2053,
514,21248,-1.4,0.0,16.67,1,0.0,0.0,1.0,2062,
515,21248,-12.0,0.0,13.73,7,0.0,1.0,1.0,2062,
516,21312,-12.0,0.0,15.69,8,0.0,1.0,1.0,2063,
517,21376,-8.0,0.0,7.84,4,0.0,1.0,1.0,2066,
518,21440,-7.0,0.0,5.88,3,0.0,1.0,1.0,2071,
519,21440,-1.9,0.0,18.18,2,0.5,0.5,1.0,2071,
520,21440,-7.0,0.0,3.92,2,0.0,1.0,1.0,2071,
521,21504,-4.1,0.0,8.7,2,0.0,0.5,1.0,2077,
522,21504,4.1,1.0,10.0,4,0.0,1.0,1.0,2077,
523,21568,-16.0,0.0,21.57,11,0.0,1.0,1.0,2082,
524,21568,-1.9,0.0,9.09,1,0.0,0.0,1.0,2082,
525,21632,-8.0,0.0,7.84,4,0.0,1.0,1.0,2088,
526,21632,-8.2,0.0,9.09,4,0.0,0.75,1.0,2088,
527,21632,-3.0,0.0,25.0,3,0.3333,0.6667,1.0,2088,
528,21696,-4.0,0.0,0.0,0,,,1.0,2089,
529,21760,-7.1,0.0,6.98,3,0.0,0.6667,1.0,2095,
530,21824,-7.0,0.0,3.92,2,0.0,1.0,1.0,2101,
531,21824,3.2,1.0,12.82,5,0.2,1.0,1.0,2101,
532,21824,-7.0,0.0,5.88,3,0.3333,1.0,1.0,2101,
533,21888,-1.7,0.0,11.11,1,0.0,0.0,1.0,2103,
534,21888,-6.0,0.0,3.92,2,0.0,1.0,1.0,2103,
535,21952,0.0,1.0,19.51,8,0.0,1.0,1.0,2110,
536,22016,-5.3,0.0,12.0,3,0.0,0.6667,1.0,2119,
537,22016,-12.0,0.0,13.73,7,0.0,1.0,1.0,2119,
538,22080,-9.0,0.0,9.8,5,0.4,1.0,1.0,2124,
539,22208,-2.7,0.0,10.53,2,0.0,0.5,1.0,2130,
540,22208,-6.5,0.0,8.11,3,0.0,0.6667,1.0,2130,
541,22208,9.3,1.0,5.56,1,1.0,1.0,1.0,2130,
542,22272,-2.6,0.0,5.56,1,0.0,0.0,1.0,2138,
543,22272,9.1,1.0,20.0,2,0.5,1.0,1.0,2138,
544,22272,-12.0,0.0,15.69,8,0.0,1.0,1.0,2138,
545,22336,-7.0,0.0,3.92,2,0.0,1.0,1.0,2142,
546,22336,-2.1,0.0,7.69,1,0.0,0.0,1.0,2142,
547,22400,9.3,1.0,25.0,2,0.0,1.0,1.0,2149,
548,22400,-6.0,0.0,1.96,1,0.0,1.0,1.0,2149,
549,22464,-7.0,0.0,3.92,2,0.5,1.0,1.0,2154,
550,22464,-9.9,0.0,9.8,5,0.0,0.8,1.0,2154,
551,22528,-5.1,0.0,6.06,2,0.0,0.5,1.0,2160,
552,22528,6.4,1.0,11.11,3,0.3333,1.0,1.0,2160,
553,22592,-8.0,0.0,7.84,4,0.25,1.0,1.0,2163,
554,22592,6.3,1.0,5.26,2,0.0,1.0,1.0,2163,
555,22656,-11.0,0.0,11.76,6,0.0,1.0,1.0,2170,
556,22720,-2.9,0.0,4.76,1,0.0,0.0,1.0,2177,
557,22784,-4.7,0.0,6.9,2,0.0,0.5,1.0,2183,
558,22784,-2.6,0.0,5.56,1,0.0,0.0,1.0,2183,
559,22784,-9.0,0.0,7.84,4,0.0,1.0,1.0,2183,
560,22912,-8.0,0.0,5.88,3,0.0,1.0,1.0,2192,
561,22912,-4.4,0.0,18.75,3,0.0,0.6667,1.0,2192,
562,22976,-4.2,0.0,8.33,2,0.0,0.5,1.0,2202,
563,22976,3.6,1.0,46.67,7,0.0,1.0,1.0,2202,
564,22976,-8.0,0.0,5.88,3,0.0,1.0,1.0,2202,
565,22976,-10.0,0.0,9.8,5,0.0,1.0,1.0,2202,
566,22976,-11.0,0.0,11.76,6,0.0,1.0,1.0,2202,
567,23040,-9.0,0.0,7.84,4,0.0,1.0,1.0,2207,
568,23104,-8.0,0.0,5.88,3,0.0,1.0,1.0,2211,
569,23104,-2.1,0.0,7.69,1,0.0,0.0,1.0,2211,
570,23168,-10.0,0.0,9.8,5,0.2,1.0,1.0,2217,
571,23168,-8.0,0.0,5.88,3,0.0,1.0,1.0,2217,
572,23168,-12.1,0.0,18.6,8,0.0,0.875,1.0,2217,
573,23232,6.0,1.0,4.88,2,0.0,1.0,1.0,2219,
574,23296,5.8,1.0,4.65,2,0.0,1.0,1.0,2223,
575,23296,-9.0,0.0,7.84,4,0.5,1.0,1.0,2223,
576,23424,-10.0,0.0,11.76,6,0.0,1.0,1.0,2232,
577,23488,-8.2,0.0,11.36,5,0.0,0.8,1.0,2239,
578,23488,-6.0,0.0,3.92,2,0.0,1.0,1.0,2239,
579,23488,-3.5,0.0,3.7,1,0.0,0.0,1.0,2239,
580,23616,-6.7,0.0,6.12,3,0.0,0.6667,1.0,2259,
581,23616,-7.8,0.0,12.5,5,0.2,0.8,1.0,2259,
582,23616,-3.2,0.0,14.29,2,0.0,0.5,1.0,2259,
583,23680,-9.0,0.0,7.84,4,0.0,1.0,1.0,2263,
584,23680,-8.0,0.0,5.88,3,0.0,1.0,1.0,2263,
585,23680,9.2,1.0,0.0,0,,,1.0,2263,
586,23680,-6.9,0.0,9.76,4,0.0,0.75,1.0,2263,
587,23872,-9.0,0.0,9.8,5,0.0,1.0,1.0,2275,
588,23872,-2.5,0.0,5.88,1,0.0,0.0,1.0,2275,
589,23936,-5.1,0.0,6.06,2,0.0,0.5,1.0,2279,
590,24000,-5.7,0.0,2.04,1,0.0,0.0,1.0,2283,
591,24064,-2.4,0.0,6.25,1,0.0,0.0,1.0,2288,
592,24128,-6.6,0.0,7.89,3,0.0,0.6667,1.0,2295,
593,24128,-8.0,0.0,9.52,4,0.0,0.75,1.0,2295,
594,24128,-12.0,0.0,13.73,7,0.0,1.0,1.0,2295,
595,24192,-2.5,0.0,5.88,1,0.0,0.0,1.0,2304,
596,24192,-7.1,0.0,15.15,5,0.0,0.8,1.0,2304,
597,24256,7.0,1.0,6.45,2,0.0,1.0,1.0,2307,
598,24256,-5.7,0.0,10.34,3,0.0,0.6667,1.0,2307,
599,24320,-3.5,0.0,11.76,2,0.0,0.5,1.0,2314,
600,24448,-9.0,0.0,9.8,5,0.2,1.0,1.0,2322,
601,24512,-8.0,0.0,5.88,3,0.0,1.0,1.0,2326,
602,24512,-5.0,0.0,1.96,1,0.0,1.0,1.0,2326,
603,24576,2.9,1.0,18.75,6,0.0,1.0,1.0,2333,
604,24576,-2.2,0.0,7.14,1,0.0,0.0,1.0,2333,
605,24640,4.5,1.0,11.11,4,0.5,1.0,1.0,2341,
606,24704,-4.8,0.0,6.67,2,0.0,0.5,1.0,2347,
607,24704,-5.0,0.0,1.96,1,0.0,1.0,1.0,2347,
608,24704,10.7,1.0,25.0,1,0.0,1.0,1.0,2347,
609,24704,9.5,1.0,6.25,1,0.0,1.0,1.0,2347,
610,24768,-8.0,0.0,7.84,4,0.0,1.0,1.0,2355,
611,24768,1.1,1.0,12.0,6,0.0,1.0,1.0,2355,
612,24832,-2.9,0.0,18.18,2,0.0,0.5,1.0,2357,
613,24832,-6.0,0.0,3.92,2,0.0,1.0,1.0,2357,
614,24896,-9.0,0.0,9.8,5,0.0,1.0,1.0,2362,
615,24960,-4.5,0.0,5.41,2,0.0,0.5,1.0,2368,
616,25024,-7.0,0.0,15.62,5,0.0,0.8,1.0,2372,
617,25088,-9.0,0.0,7.84,4,0.75,1.0,1.0,2379,
618,25088,-4.1,0.0,8.7,2,0.0,0.5,1.0,2379,
619,25216,-8.0,0.0,5.88,3,0.0,1.0,1.0,2392,
620,25280,-6.0,0.0,3.92,2,0.5,1.0,1.0,2397,
621,25280,-3.0,0.0,4.55,1,0.0,0.0,1.0,2397,
622,25344,-5.2,0.0,5.88,2,0.0,0.5,1.0,2403,
623,25408,9.9,1.0,8.33,1,0.0,1.0,1.0,2410,
624,25408,-11.8,0.0,14.0,7,0.0,0.8571,1.0,2410,
625,25472,-8.0,0.0,5.88,3,0.0,1.0,1.0,2416,
626,25472,-9.0,0.0,7.84,4,0.0,1.0,1.0,2416,
627,25536,-12.0,0.0,15.69,8,0.125,1.0,1.0,2421,
628,25600,-4.0,0.0,0.0,0,,,1.0,2424,
629,25664,-9.0,0.0,7.84,4,0.0,1.0,1.0,2427,
630,25728,-6.0,0.0,1.96,1,0.0,1.0,1.0,2432,
631,25728,-9.0,0.0,7.84,4,0.0,1.0,1.0,2432,
632,25792,-7.0,0.0,3.92,2,0.0,1.0,1.0,2435,
633,25856,-6.3,0.0,4.44,2,0.0,0.5,1.0,2446,
634,25856,-11.0,0.0,11.76,6,0.0,1.0,1.0,2446,
635,25856,-3.4,0.0,12.5,2,0.0,0.5,1.0,2446,
636,25920,-5.6,0.0,5.26,2,0.0,0.5,1.0,2452,
637,25920,-8.0,0.0,7.84,4,0.0,1.0,1.0,2452,
638,25984,2.7,1.0,11.36,5,0.0,1.0,1.0,2458,
639,26048,-8.0,0.0,7.84,4,0.0,1.0,1.0,2465,
640,26112,-10.2,0.0,13.64,6,0.0,0.8333,1.0,2467,
641,26176,-8.0,0.0,7.84,4,0.0,1.0,1.0,2478,
642,26176,-7.4,0.0,13.89,5,0.4,0.8,1.0,2478,
643,26176,-11.0,0.0,11.76,6,0.0,1.0,1.0,2478,
644,26240,-8.0,0.0,7.84,4,0.0,1.0,1.0,2481,
645,26240,-7.0,0.0,5.88,3,0.0,1.0,1.0,2481,
646,26240,-10.0,0.0,11.76,6,0.0,1.0,1.0,2481,
647,26368,-6.3,0.0,4.44,2,0.0,0.5,1.0,2492,
648,26368,-10.0,0.0,9.8,5,0.2,1.0,1.0,2492,
649,26432,-9.0,0.0,7.84,4,0.0,1.0,1.0,2503,
650,26560,-8.0,0.0,5.88,3,0.0,1.0,1.0,2516,
651,26560,3.9,1.0,15.62,5,0.0,1.0,1.0,2516,
652,26688,-5.0,0.0,0.0,0,,,1.0,2525,
653,26688,-2.8,0.0,5.0,1,0.0,0.0,1.0,2525,
654,26688,-1.9,0.0,4.76,1,0.0,0.0,1.0,2525,
655,26752,0.0,1.0,13.73,7,0.0,1.0,1.0,2528,
656,26816,-11.3,0.0,17.78,8,0.0,0.875,1.0,2531,
657,26880,-10.0,0.0,9.8,5,0.2,1.0,1.0,2536,
658,26880,4.1,1.0,6.0,3,0.0,1.0,1.0,2536,
659,26880,-5.0,0.0,1.96,1,0.0,1.0,1.0,2536,
660,26944,-9.0,0.0,9.8,5,0.4,1.0,1.0,2538,
661,27200,-4.1,0.0,3.03,1,0.0,0.0,1.0,2555,
662,27264,-11.0,0.0,11.76,6,0.1667,1.0,1.0,2558,
663,27328,-8.0,0.0,7.84,4,0.0,1.0,1.0,2564,
664,27392,-8.0,0.0,7.84,4,0.0,1.0,1.0,2565,
665,27392,-10.0,0.0,11.76,6,0.1667,1.0,1.0,2565,
666,27456,-6.0,0.0,1.96,1,0.0,1.0,1.0,2571,
667,27456,-9.0,0.0,9.8,5,0.0,1.0,1.0,2571,
668,27520,-8.0,0.0,5.88,3,0.0,1.0,1.0,2575,
669,27520,-8.0,0.0,5.88,3,0.0,1.0,1.0,2575,
670,27584,-8.0,0.0,7.84,4,0.0,1.0,1.0,2577,
671,27648,-4.2,0.0,2.94,1,0.0,0.0,1.0,2588,
672,27648,-7.9,0.0,9.76,4,0.0,0.75,1.0,2588,
673,27648,-2.3,0.0,6.67,1,0.0,0.0,1.0,2588,
674,27648,-5.1,0.0,6.06,2,0.5,0.5,1.0,2588,
675,27712,-8.4,0.0,8.7,4,0.0,0.75,1.0,2593,
676,27776,-5.0,0.0,6.25,2,0.0,0.5,1.0,2599,
677,27776,-9.0,0.0,7.84,4,0.0,1.0,1.0,2599,
678,27840,-11.0,0.0,11.76,6,0.0,1.0,1.0,2601,
679,27840,-7.0,0.0,3.92,2,0.0,1.0,1.0,2601,
680,27904,-8.8,0.0,8.0,4,0.0,0.75,1.0,2606,
681,27968,-9.0,0.0,7.84,4,0.0,1.0,1.0,2610,
682,27968,-9.0,0.0,7.84,4,0.0,1.0,1.0,2610,
683,27968,-6.0,0.0,3.92,2,0.0,1.0,1.0,2610,
684,28032,-11.0,0.0,11.76,6,0.0,1.0,1.0,2612,
685,28096,-7.0,0.0,3.92,2,0.0,1.0,1.0,2618,
686,28096,8.0,1.0,27.27,3,0.0,1.0,1.0,2618,
687,28096,-5.2,0.0,5.88,2,0.0,0.5,1.0,2618,
688,28160,-7.0,0.0,3.92,2,0.0,1.0,1.0,2622,
689,28224,-8.0,0.0,7.84,4,0.0,1.0,1.0,2624,
690,28224,-7.7,0.0,8.16,4,0.0,0.75,1.0,2624,
691,28288,-3.9,0.0,9.52,2,0.5,0.5,1.0,2628,
692,28288,-6.6,0.0,7.89,3,0.0,0.6667,1.0,2628,
693,28352,-4.2,0.0,8.33,2,0.0,0.5,1.0,2639,
694,28352,-4.3,0.0,8.0,2,0.5,0.5,1.0,2639,
695,28352,-6.7,0.0,7.69,3,0.3333,0.6667,1.0,2639,
696,28416,2.5,1.0,10.87,5,0.4,1.0,1.0,2642,
697,28480,-8.0,0.0,7.84,4,0.0,1.0,1.0,2645,
698,28544,-10.0,0.0,9.8,5,0.0,1.0,1.0,2650,
699,28544,8.0,1.0,3.23,1,0.0,1.0,1.0,2650,
700,28544,-11.0,0.0,13.73,7,0.2857,1.0,1.0,2650,
701,28544,-5.5,0.0,5.41,2,0.5,0.5,1.0,2650,
702,28672,-11.0,0.0,13.73,7,0.0,1.0,1.0,2659,
703,28800,8.4,1.0,42.86,3,0.0,1.0,1.0,2669,
704,28864,-4.3,0.0,20.0,3,0.0,0.6667,1.0,2672,
705,28864,-6.0,0.0,3.92,2,0.0,1.0,1.0,2672,
706,28928,-6.6,0.0,4.17,2,0.0,0.5,1.0,2680,
707,28928,-9.0,0.0,7.84,4,0.0,1.0,1.0,2680,
708,28992,-9.9,0.0,9.8,5,0.0,0.8,1.0,2685,
709,29056,-10.0,0.0,11.76,6,0.3333,1.0,1.0,2686,
710,29184,-7.0,0.0,3.92,2,0.0,1.0,1.0,2696,
711,29184,-2.9,0.0,3.23,1,0.0,0.0,1.0,2696,
712,29248,-2.5,0.0,11.76,2,0.0,0.5,1.0,2702,
713,29248,-8.0,0.0,5.88,3,0.0,1.0,1.0,2702,
714,29248,-7.5,0.0,10.81,4,0.0,0.75,1.0,2702,
715,29248,8.3,1.0,11.11,2,0.0,1.0,1.0,2702,
716,29312,-7.0,0.0,5.88,3,0.3333,1.0,1.0,2706,
717,29376,-12.0,0.0,15.69,8,0.0,1.0,1.0,2711,
718,29440,-12.0,0.0,13.73,7,0.0,1.0,1.0,2715,
719,29440,3.1,1.0,12.5,5,0.0,1.0,1.0,2715,
720,29440,-8.0,0.0,7.84,4,0.0,1.0,1.0,2715,
721,29504,-7.0,0.0,3.92,2,0.0,1.0,1.0,2717,
722,29504,-7.0,0.0,3.92,2,0.0,1.0,1.0,2717,
723,29504,-10.0,0.0,11.76,6,0.0,1.0,1.0,2717,
724,29632,-2.8,0.0,20.0,2,0.0,0.5,1.0,2726,
725,29632,-9.0,0.0,7.84,4,0.25,1.0,1.0,2726,
726,29632,-8.0,0.0,5.88,3,0.0,1.0,1.0,2726,
727,29632,-2.5,0.0,5.88,1,0.0,0.0,1.0,2726,
728,29696,-9.0,0.0,7.84,4,0.0,1.0,1.0,2730,
729,29824,-9.0,0.0,7.84,4,0.0,1.0,1.0,2733,
730,29888,-2.5,0.0,5.88,1,0.0,0.0,1.0,2734,
731,29952,-7.0,0.0,3.92,2,0.0,1.0,1.0,2739,
732,29952,-8.0,0.0,5.88,3,0.0,1.0,1.0,2739,
733,30144,-9.0,0.0,9.8,5,0.0,1.0,1.0,2754,
734,30144,-5.4,0.0,8.33,3,0.0,0.6667,1.0,2754,
735,30336,-5.5,0.0,2.13,1,0.0,0.0,1.0,2771,
736,30400,-8.1,0.0,9.3,4,0.0,0.75,1.0,2779,
737,30400,-6.2,0.0,8.82,3,0.0,0.6667,1.0,2779,
738,30528,-7.0,0.0,3.92,2,0.0,1.0,1.0,2795,
739,30656,9.3,1.0,25.0,2,0.5,1.0,1.0,2806,
740,30656,-8.0,0.0,5.88,3,0.0,1.0,1.0,2806,
741,30720,4.1,1.0,6.0,3,0.0,1.0,1.0,2811,
742,30720,-8.0,0.0,5.88,3,0.0,1.0,1.0,2811,
743,30720,-5.6,0.0,2.08,1,0.0,0.0,1.0,2811,
744,30720,4.5,1.0,11.11,4,0.0,1.0,1.0,2811,
745,30720,-8.0,0.0,7.84,4,0.25,1.0,1.0,2811,
746,30784,-5.0,0.0,1.96,1,0.0,1.0,1.0,2819,
747,30848,-6.0,0.0,1.96,1,0.0,1.0,1.0,2824,
748,30912,-9.0,0.0,7.84,4,0.25,1.0,1.0,2830,
749,30912,-5.9,0.0,7.32,3,0.0,0.6667,1.0,2830,
750,30912,-8.0,0.0,5.88,3,0.0,1.0,1.0,2830,
751,30976,-8.0,0.0,7.84,4,0.0,1.0,1.0,2834,
752,31040,-8.0,0.0,5.88,3,0.0,1.0,1.0,2842,
753,31040,-5.2,0.0,16.67,4,0.0,0.75,1.0,2842,
754,31040,-5.0,0.0,1.96,1,0.0,1.0,1.0,2842,
755,31104,2.1,1.0,15.0,6,0.1667,1.0,1.0,2845,
756,31104,-8.0,0.0,5.88,3,0.0,1.0,1.0,2845,
757,31232,-10.0,0.0,9.8,5,0.0,1.0,1.0,2853,
758,31232,-10.0,0.0,9.8,5,0.0,1.0,1.0,2853,
759,31232,-4.5,0.0,2.7,1,0.0,0.0,1.0,2853,
760,31232,-8.0,0.0,7.84,4,0.0,1.0,1.0,2853,
761,31296,-2.7,0.0,22.22,2,0.0,0.5,1.0,2863,
762,31296,-5.8,0.0,2.0,1,0.0,0.0,1.0,2863,
763,31296,-3.4,0.0,3.85,1,0.0,0.0,1.0,2863,
764,31296,6.1,1.0,10.0,3,0.0,1.0,1.0,2863,
765,31296,-11.0,0.0,11.76,6,0.0,1.0,1.0,2863,
766,31360,-11.0,0.0,13.73,7,0.2857,1.0,1.0,2867,
767,31488,-8.0,0.0,5.88,3,0.0,1.0,1.0,2875,
768,31488,4.7,1.0,11.76,4,0.0,1.0,1.0,2875,
769,31552,-8.0,0.0,7.84,4,0.0,1.0,1.0,2879,
770,31552,-4.4,0.0,2.78,1,0.0,0.0,1.0,2879,
771,31616,-8.0,0.0,7.84,4,0.25,1.0,1.0,2883,
772,31616,-7.0,0.0,3.92,2,0.0,1.0,1.0,2883,
773,31680,-3.8,0.0,10.0,2,0.0,0.5,1.0,2887,
774,31744,8.5,1.0,12.5,2,0.0,1.0,1.0,2890,
775,31744,-8.0,0.0,5.88,3,0.0,1.0,1.0,2890,
776,31808,-4.9,0.0,1.96,1,0.0,0.0,1.0,2896,
777,31808,-7.0,0.0,3.92,2,0.0,1.0,1.0,2896,
778,31936,10.7,1.0,0.0,0,,,1.0,2902,
779,31936,-7.0,0.0,5.88,3,0.0,1.0,1.0,2902,
780,32000,-1.3,0.0,20.0,1,0.0,0.0,1.0,2904,
781,32000,-5.8,0.0,5.0,2,0.0,0.5,1.0,2904,
782,32064,-2.9,0.0,9.52,2,0.0,0.5,1.0,2908,
783,32128,-8.0,0.0,5.88,3,0.0,1.0,1.0,2911,
784,32192,-12.0,0.0,13.73,7,0.0,1.0,1.0,2916,
785,32192,-9.0,0.0,9.8,5,0.0,1.0,1.0,2916,
786,32192,3.2,1.0,8.16,4,0.0,1.0,1.0,2916,
787,32384,4.2,1.0,10.26,4,0.0,1.0,1.0,2942,
788,32384,-6.7,0.0,6.12,3,0.0,0.6667,1.0,2942,
789,32448,-8.0,0.0,5.88,3,0.0,1.0,1.0,2948,
790,32448,-7.0,0.0,3.92,2,0.0,1.0,1.0,2948,
791,32448,-4.6,0.0,7.14,2,0.0,0.5,1.0,2948,
792,32512,-12.0,0.0,13.73,7,0.0,1.0,1.0,2951,
793,32512,-7.0,0.0,3.92,2,0.0,1.0,1.0,2951,
794,32512,-2.6,0.0,25.0,2,0.0,0.5,1.0,2951,
795,32576,-3.8,0.0,10.0,2,0.0,0.5,1.0,2955,
796,32704,-9.0,0.0,7.84,4,0.0,1.0,1.0,2966,
797,32704,-6.0,0.0,1.96,1,0.0,1.0,1.0,2966,
798,32768,-1.8,0.0,10.0,1,0.0,0.0,1.0,2974,
799,32768,-7.0,0.0,3.92,2,0.0,1.0,1.0,2974,
800,32768,-10.0,0.0,9.8,5,0.0,1.0,1.0,2974,
801,32832,6.4,1.0,23.53,4,0.25,1.0,1.0,2980,
802,32832,-4.3,0.0,8.0,2,0.5,0.5,1.0,2980,
803,32896,-9.0,0.0,9.8,5,0.0,1.0,1.0,2982,
804,32896,-9.0,0.0,9.8,5,0.2,1.0,1.0,2982,
805,32896,-6.0,0.0,1.96,1,0.0,1.0,1.0,2982,
806,32960,-6.5,0.0,6.38,3,0.0,0.6667,1.0,2985,
807,32960,-13.0,0.0,15.69,8,0.0,1.0,1.0,2985,
808,32960,7.7,1.0,2.94,1,0.0,1.0,1.0,2985,
809,33024,-5.9,0.0,9.68,3,0.6667,0.6667,1.0,2990,
810,33088,-6.0,0.0,3.92,2,0.0,1.0,1.0,2993,
811,33152,-2.7,0.0,5.26,1,0.0,0.0,1.0,2997,
812,33216,-12.0,0.0,13.73,7,0.0,1.0,1.0,3002,
813,33216,-5.9,0.0,9.68,3,0.0,0.6667,1.0,3002,
814,33216,-4.7,0.0,15.79,3,0.0,0.6667,1.0,3002,
815,33408,-10.0,0.0,9.8,5,0.0,1.0,1.0,3010,
816,33472,-1.4,0.0,6.25,1,0.0,0.0,1.0,3015,
817,33600,-2.8,0.0,20.0,2,0.0,0.5,1.0,3025,
818,33600,10.3,1.0,12.5,1,0.0,1.0,1.0,3025,
819,33600,-9.0,0.0,7.84,4,0.0,1.0,1.0,3025,
820,33664,4.3,1.0,10.53,4,0.0,1.0,1.0,3030,
821,33664,-7.0,0.0,5.88,3,0.0,1.0,1.0,3030,
822,33664,10.2,1.0,0.0,0,,,1.0,3030,
823,33792,-7.0,0.0,3.92,2,0.0,1.0,1.0,3037,
824,33856,-7.8,0.0,10.0,4,0.0,0.75,1.0,3041,
825,33856,-6.0,0.0,9.38,3,0.0,0.6667,1.0,3041,
826,33920,-5.0,0.0,1.96,1,0.0,1.0,1.0,3048,
827,33984,-7.0,0.0,3.92,2,0.0,1.0,1.0,3050,
828,33984,-7.0,0.0,5.88,3,0.0,1.0,1.0,3050,
829,34048,-6.1,0.0,9.09,3,0.0,0.6667,1.0,3056,
830,34112,-8.0,0.0,5.88,3,0.0,1.0,1.0,3062,
831,34112,-9.9,0.0,14.63,6,0.0,0.8333,1.0,3062,
832,34176,-7.0,0.0,5.88,3,0.0,1.0,1.0,3065,
833,34176,-8.0,0.0,7.84,4,0.0,1.0,1.0,3065,
834,34176,-7.0,0.0,3.92,2,0.0,1.0,1.0,3065,
835,34240,-9.0,0.0,9.8,5,0.0,1.0,1.0,3069,
836,34304,-9.0,0.0,9.8,5,0.0,1.0,1.0,3070,
837,34304,-5.6,0.0,2.08,1,0.0,0.0,1.0,3070,
838,34368,-7.0,0.0,5.88,3,0.0,1.0,1.0,3071,
839,34368,-2.2,0.0,7.14,1,0.0,0.0,1.0,3071,
840,34368,-8.0,0.0,5.88,3,0.0,1.0,1.0,3071,
841,34432,-4.7,0.0,10.34,3,0.0,0.6667,1.0,3074,
842,34432,-3.4,0.0,12.5,2,0.0,0.5,1.0,3074,
843,34496,-4.1,0.0,8.7,2,0.0,0.5,1.0,3077,
844,34560,-2.9,0.0,9.52,2,0.0,0.5,1.0,3083,
845,34560,-9.0,0.0,7.84,4,0.0,1.0,1.0,3083,
846,34560,-6.0,0.0,3.92,2,0.0,1.0,1.0,3083,
847,34560,-8.0,0.0,5.88,3,0.0,1.0,1.0,3083,
848,34624,-8.0,0.0,5.88,3,0.0,1.0,1.0,3086,
849,34752,6.6,1.0,5.71,2,0.0,1.0,1.0,3094,
850,34752,-6.8,0.0,7.5,3,0.0,0.6667,1.0,3094,
851,34752,-8.0,0.0,5.88,3,0.0,1.0,1.0,3094,
852,34752,-3.2,0.0,14.29,2,0.0,0.5,1.0,3094,
853,34816,-9.0,0.0,7.84,4,0.0,1.0,1.0,3094,
854,34816,-10.0,0.0,11.76,6,0.0,1.0,1.0,3094,
855,34880,-9.0,0.0,7.84,4,0.0,1.0,1.0,3099,
856,34880,-6.0,0.0,3.92,2,0.0,1.0,1.0,3099,
857,34944,-5.0,0.0,6.25,2,0.0,0.5,1.0,3108,
858,34944,-1.7,0.0,22.22,2,0.0,0.5,1.0,3108,
859,35008,-10.0,0.0,9.8,5,0.0,1.0,1.0,3111,
860,35072,-6.0,0.0,3.92,2,0.0,1.0,1.0,3114,
861,35264,-4.5,0.0,2.7,1,0.0,0.0,1.0,3124,
862,35328,-1.3,0.0,20.0,1,0.0,0.0,1.0,3129,
863,35328,-6.0,0.0,1.96,1,0.0,1.0,1.0,3129,
864,35328,-3.4,0.0,7.69,2,0.0,0.5,1.0,3129,
865,35456,8.3,1.0,3.57,1,0.0,1.0,1.0,3136,
866,35456,-9.0,0.0,7.84,4,0.0,1.0,1.0,3136,
867,35456,-7.0,0.0,3.92,2,0.0,1.0,1.0,3136,
868,35648,-7.0,0.0,3.92,2,0.0,1.0,1.0,3145,
869,35648,-5.0,0.0,1.96,1,0.0,1.0,1.0,3145,
870,35712,-2.3,0.0,13.33,2,0.0,0.5,1.0,3150,
871,35712,-9.0,0.0,7.84,4,0.0,1.0,1.0,3150,
872,35712,-8.8,0.0,8.0,4,0.0,0.75,1.0,3150,
873,35712,-7.8,0.0,8.0,4,0.25,0.75,1.0,3150,
874,35840,-5.5,0.0,4.26,2,0.0,0.5,1.0,3157,
875,35968,-7.0,0.0,3.92,2,0.0,1.0,1.0,3164,
876,35968,-10.0,0.0,11.76,6,0.0,1.0,1.0,3164,
877,36032,-7.0,0.0,3.92,2,0.0,1.0,1.0,3166,
878,36032,-9.0,0.0,9.8,5,0.0,1.0,1.0,3166,
879,36032,-5.0,0.0,0.0,0,,,1.0,3166,
880,36096,-5.0,0.0,0.0,0,,,1.0,3169,
881,36160,-9.0,0.0,7.84,4,0.0,1.0,1.0,3174,
882,36224,-8.0,0.0,5.88,3,0.0,1.0,1.0,3176,
883,36224,-5.3,0.0,12.0,3,0.0,0.6667,1.0,3176,
884,36224,-10.0,0.0,9.8,5,0.0,1.0,1.0,3176,
885,36288,-4.4,0.0,5.56,2,0.0,0.5,1.0,3183,
886,36288,-8.0,0.0,9.52,4,0.0,0.75,1.0,3183,
887,36352,8.6,1.0,0.0,0,,,1.0,3186,
888,36352,-4.0,0.0,3.12,1,0.0,0.0,1.0,3186,
889,36416,-6.0,0.0,9.38,3,0.0,0.6667,1.0,3189,
890,36416,-5.0,0.0,1.96,1,0.0,1.0,1.0,3189,
891,36480,-6.0,0.0,1.96,1,0.0,1.0,1.0,3195,
892,36480,-9.0,0.0,7.84,4,0.0,1.0,1.0,3195,
893,36608,-7.1,0.0,9.3,4,0.0,0.75,1.0,3205,
894,36608,-2.8,0.0,10.0,2,0.0,0.5,1.0,3205,
895,36864,-9.0,0.0,9.8,5,0.2,1.0,1.0,3216,
896,36864,-9.0,0.0,7.84,4,0.0,1.0,1.0,3216,
897,36928,-5.0,0.0,9.38,3,0.0,0.6667,1.0,3222,
898,36928,-6.0,0.0,1.96,1,0.0,1.0,1.0,3222,
899,36992,-7.6,0.0,6.25,3,0.3333,0.6667,1.0,3227,
900,36992,9.8,1.0,7.69,1,0.0,1.0,1.0,3227,
901,37056,-7.0,0.0,5.88,3,0.0,1.0,1.0,3230,
902,37184,-8.1,0.0,9.3,4,0.0,0.75,1.0,3240,
903,37184,-4.5,0.0,2.7,1,0.0,0.0,1.0,3240,
904,37248,-7.0,0.0,3.92,2,0.0,1.0,1.0,3246,
905,37248,-5.3,0.0,2.22,1,0.0,0.0,1.0,3246,
906,37312,-5.0,0.0,0.0,0,,,1.0,3249,
907,37312,-5.4,0.0,15.38,4,0.0,0.75,1.0,3249,
908,37376,-6.0,0.0,3.92,2,0.0,1.0,1.0,3250,
909,37440,-7.0,0.0,3.92,2,0.0,1.0,1.0,3251,
910,37440,-12.0,0.0,13.73,7,0.0,1.0,1.0,3251,
911,37440,-7.0,0.0,5.88,3,0.0,1.0,1.0,3251,
912,37504,-5.0,0.0,1.96,1,0.0,1.0,1.0,3255,
913,37504,-3.7,0.0,10.53,2,0.0,0.5,1.0,3255,
914,37568,-9.0,0.0,9.8,5,0.0,1.0,1.0,3257,
915,37632,-1.9,0.0,9.09,1,0.0,0.0,1.0,3259,
916,37696,-8.0,0.0,7.84,4,0.0,1.0,1.0,3264,
917,37760,-9.0,0.0,7.84,4,0.0,1.0,1.0,3268,
918,37824,-7.0,0.0,3.92,2,0.0,1.0,1.0,3271,
919,37824,-9.0,0.0,7.84,4,0.0,1.0,1.0,3271,
920,37824,-7.0,0.0,3.92,2,0.0,1.0,1.0,3271,
921,37824,-6.0,0.0,3.92,2,0.5,1.0,1.0,3271,
922,37888,6.6,1.0,5.71,2,0.0,1.0,1.0,3276,
923,37952,-6.8,0.0,4.0,2,0.0,0.5,1.0,3280,
924,38016,-7.0,0.0,3.92,2,0.0,1.0,1.0,3284,
925,38016,-9.0,0.0,9.8,5,0.0,1.0,1.0,3284,
926,38080,-7.0,0.0,5.88,3,0.0,1.0,1.0,3286,
927,38144,-4.6,0.0,7.14,2,0.0,0.5,1.0,3290,
928,38144,-7.0,0.0,5.88,3,0.3333,1.0,1.0,3290,
929,38208,-4.0,0.0,0.0,0,,,1.0,3292,
930,38208,-3.9,0.0,3.23,1,0.0,0.0,1.0,3292,
931,38208,-5.0,0.0,1.96,1,0.0,1.0,1.0,3292,
932,38336,-5.0,0.0,0.0,0,,,1.0,3301,
933,38336,4.3,1.0,6.25,3,0.0,1.0,1.0,3301,
934,38400,9.6,1.0,6.67,1,0.0,1.0,1.0,3305,
935,38400,-3.6,0.0,3.57,1,0.0,0.0,1.0,3305,
936,38592,-5.0,0.0,0.0,0,,,1.0,3314,
937,38592,-8.0,0.0,5.88,3,0.0,1.0,1.0,3314,
938,38720,-9.0,0.0,7.84,4,0.0,1.0,1.0,3320,
939,38720,-11.0,0.0,13.73,7,0.1429,1.0,1.0,3320,
940,38720,-6.0,0.0,3.92,2,0.0,1.0,1.0,3320,
941,38784,-1.8,0.0,10.0,1,0.0,0.0,1.0,3323,
942,38848,-2.9,0.0,4.76,1,0.0,0.0,1.0,3329,
943,38848,8.2,1.0,10.53,2,0.0,1.0,1.0,3329,
944,38976,-6.0,0.0,1.96,1,0.0,1.0,1.0,3334,
945,38976,-7.0,0.0,5.88,3,0.0,1.0,1.0,3334,
946,38976,-7.0,0.0,5.88,3,0.0,1.0,1.0,3334,
947,38976,-10.0,0.0,9.8,5,0.0,1.0,1.0,3334,
948,39104,-8.0,0.0,7.84,4,0.0,1.0,1.0,3344,
949,39232,-4.7,0.0,6.9,2,0.0,0.5,1.0,3354,
950,39232,-7.0,0.0,3.92,2,0.0,1.0,1.0,3354,
951,39232,-7.0,0.0,3.92,2,0.0,1.0,1.0,3354,
952,39296,7.8,1.0,8.7,2,0.5,1.0,1.0,3358,
953,39296,-9.0,0.0,7.84,4,0.0,1.0,1.0,3358,
954,39296,-2.6,0.0,5.56,1,0.0,0.0,1.0,3358,
955,39296,-11.0,0.0,11.76,6,0.0,1.0,1.0,3358,
956,39296,-5.0,0.0,1.96,1,0.0,1.0,1.0,3358,
957,39360,-7.0,0.0,5.88,3,0.0,1.0,1.0,3361,
958,39488,-6.0,0.0,3.92,2,0.0,1.0,1.0,3367,
959,39488,-8.0,0.0,7.84,4,0.0,1.0,1.0,3367,
960,39552,-6.0,0.0,1.96,1,0.0,1.0,1.0,3369,
961,39616,-6.0,0.0,1.96,1,0.0,1.0,1.0,3375,
962,39680,-9.1,0.0,11.63,5,0.0,0.8,1.0,3378,
963,39680,-7.0,0.0,3.92,2,0.0,1.0,1.0,3378,
964,39680,-2.3,0.0,6.67,1,0.0,0.0,1.0,3378,
965,39680,-6.0,0.0,1.96,1,1.0,1.0,1.0,3378,
966,39744,-6.0,0.0,1.96,1,0.0,1.0,1.0,3381,
967,39744,-5.7,0.0,10.34,3,0.0,0.6667,1.0,3381,
968,39744,-8.0,0.0,5.88,3,0.0,1.0,1.0,3381,
969,39872,-6.0,0.0,1.96,1,0.0,1.0,1.0,3387,
970,39872,-4.9,0.0,2.44,1,0.0,0.0,1.0,3387,
971,39872,10.5,1.0,16.67,1,0.0,1.0,1.0,3387,
972,39872,-7.3,0.0,8.89,4,0.0,0.75,1.0,3387,
973,39936,-5.1,0.0,4.65,2,0.0,0.5,1.0,3395,
974,39936,-3.2,0.0,4.17,1,0.0,0.0,1.0,3395,
975,40128,-6.0,0.0,1.96,1,0.0,1.0,1.0,3401,
976,40128,-6.0,0.0,1.96,1,0.0,1.0,1.0,3401,
977,40192,-5.2,0.0,5.88,2,0.0,0.5,1.0,3405,
978,40256,-7.0,0.0,5.88,3,0.0,1.0,1.0,3410,
979,40256,-2.3,0.0,13.33,2,0.0,0.5,1.0,3410,
980,40320,-5.5,0.0,11.11,3,0.0,0.6667,1.0,3414,
981,40320,-9.0,0.0,9.8,5,0.0,1.0,1.0,3414,
982,40384,-5.8,0.0,5.0,2,0.0,0.5,1.0,3419,
983,40448,-10.0,0.0,9.8,5,0.0,1.0,1.0,3423,
984,40512,-7.0,0.0,3.92,2,0.0,1.0,1.0,3428,
985,40576,-7.0,0.0,3.92,2,0.0,1.0,1.0,3434,
986,40576,-7.0,0.0,3.92,2,0.0,1.0,1.0,3434,
987,40640,-7.3,0.0,14.29,5,0.4,0.8,1.0,3437,
988,40704,6.0,1.0,9.68,3,0.3333,1.0,1.0,3443,
989,40704,-7.0,0.0,3.92,2,0.0,1.0,1.0,3443,
990,40704,-4.4,0.0,18.75,3,0.0,0.6667,1.0,3443,
991,40704,-9.0,0.0,7.84,4,0.0,1.0,1.0,3443,
992,40768,-11.0,0.0,11.76,6,0.0,1.0,1.0,3448,
993,40832,-6.0,0.0,3.92,2,0.0,1.0,1.0,3450,
994,40896,-4.8,0.0,6.67,2,0.0,0.5,1.0,3453,
995,40960,-7.0,0.0,3.92,2,0.0,1.0,1.0,3456,
996,41024,-9.0,0.0,9.8,5,0.0,1.0,1.0,3458,
997,41088,-7.0,0.0,5.88,3,0.3333,1.0,1.0,3463,
998,41088,-2.7,0.0,5.26,1,0.0,0.0,1.0,3463,
999,41088,-11.0,0.0,11.76,6,0.0,1.0,1.0,3463,
1000,41216,-8.0,0.0,7.84,4,0.0,1.0,1.0,3467,
1001,41280,-5.0,0.0,1.96,1,0.0,1.0,1.0,3470,
1002,41344,-7.0,0.0,3.92,2,0.0,1.0,1.0,3474,
1003,41408,-7.6,0.0,6.25,3,0.0,0.6667,1.0,3480,
1004,41408,4.1,1.0,6.0,3,0.0,1.0,1.0,3480,
1005,41472,-5.7,0.0,5.13,2,0.0,0.5,1.0,3485,
1006,41472,-6.0,0.0,3.92,2,0.0,1.0,1.0,3485,
1007,41472,-9.0,0.0,7.84,4,0.0,1.0,1.0,3485,
1008,41536,-3.7,0.0,3.45,1,0.0,0.0,1.0,3489,
1009,41600,-5.0,0.0,0.0,0,,,1.0,3496,
1010,41600,-2.2,0.0,7.14,1,0.0,0.0,1.0,3496,
1011,41856,-7.1,0.0,6.98,3,0.0,0.6667,1.0,3513,
1012,41856,-10.0,0.0,9.8,5,0.0,1.0,1.0,3513,
1013,41856,-3.9,0.0,2.44,1,0.0,0.0,1.0,3513,
1014,41920,-7.8,0.0,10.0,4,0.0,0.75,1.0,3522,
1015,41920,-2.4,0.0,3.85,1,0.0,0.0,1.0,3522,
1016,41920,-13.6,0.0,18.75,9,0.0,0.8889,1.0,3522,
1017,41984,-12.0,0.0,13.73,7,0.0,1.0,1.0,3524,
1018,42048,-7.0,0.0,5.88,3,0.0,1.0,1.0,3529,
1019,42112,-7.0,0.0,5.88,3,0.0,1.0,1.0,3536,
1020,42112,4.7,1.0,6.82,3,0.0,1.0,1.0,3536,
1021,42112,-7.7,0.0,10.26,4,0.0,0.75,1.0,3536,
1022,42240,-9.0,0.0,9.8,5,0.0,1.0,1.0,3544,
1023,42240,-4.0,0.0,0.0,0,,,1.0,3544,
1024,42304,-3.5,0.0,2.7,1,0.0,0.0,1.0,3545,
1025,42496,-4.0,0.0,0.0,0,,,1.0,3560,
1026,42496,-7.0,0.0,3.92,2,0.0,1.0,1.0,3560,
1027,42496,-4.7,0.0,6.9,2,0.0,0.5,1.0,3560,
1028,42560,-9.0,0.0,7.84,4,0.0,1.0,1.0,3562,
1029,42560,-6.0,0.0,1.96,1,0.0,1.0,1.0,3562,
1030,42560,-6.0,0.0,3.92,2,0.0,1.0,1.0,3562,
1031,42688,-5.3,0.0,12.0,3,0.3333,0.6667,1.0,3566,
1032,42688,-6.5,0.0,4.26,2,0.0,0.5,1.0,3566,
1033,42752,-2.8,0.0,5.0,1,0.0,0.0,1.0,3572,
1034,42752,-6.0,0.0,1.96,1,0.0,1.0,1.0,3572,
1035,42816,-6.0,0.0,1.96,1,1.0,1.0,1.0,3577,
1036,42880,-7.6,0.0,17.86,5,0.0,0.8,1.0,3583,
1037,42944,-8.0,0.0,5.88,3,0.3333,1.0,1.0,3587,
1038,43008,-8.0,0.0,5.88,3,0.0,1.0,1.0,3594,
1039,43008,-3.5,0.0,11.76,2,0.0,0.5,1.0,3594,
1040,43008,-1.2,0.0,7.14,1,0.0,0.0,1.0,3594,
1041,43008,-9.0,0.0,9.8,5,0.0,1.0,1.0,3594,
1042,43008,-6.0,0.0,3.92,2,0.0,1.0,1.0,3594,
1043,43072,-8.1,0.0,9.3,4,0.0,0.75,1.0,3595,
1044,43136,-7.0,0.0,3.92,2,0.0,1.0,1.0,3601,
1045,43136,-8.0,0.0,5.88,3,0.0,1.0,1.0,3601,
1046,43136,-1.8,0.0,10.0,1,0.0,0.0,1.0,3601,
1047,43136,-6.0,0.0,1.96,1,0.0,1.0,1.0,3601,
1048,43200,-4.6,0.0,5.26,2,0.0,0.5,1.0,3606,
1049,43200,-10.0,0.0,9.8,5,0.0,1.0,1.0,3606,
1050,43200,9.0,1.0,18.18,2,0.5,1.0,1.0,3606,
1051,43328,-6.7,0.0,13.79,4,0.0,0.75,1.0,3614,
1052,43392,-8.0,0.0,5.88,3,0.0,1.0,1.0,3620,
1053,43392,-8.0,0.0,5.88,3,0.0,1.0,1.0,3620,
1054,43456,-10.0,0.0,9.8,5,0.0,1.0,1.0,3625,
1055,43520,8.5,1.0,3.85,1,0.0,1.0,1.0,3628,
1056,43520,-8.0,0.0,5.88,3,0.0,1.0,1.0,3628,
1057,43520,-3.3,0.0,13.33,2,0.0,0.5,1.0,3628,
1058,43584,-12.0,0.0,13.73,7,0.0,1.0,1.0,3633,
1059,43648,-5.4,0.0,4.35,2,0.0,0.5,1.0,3638,
1060,43648,-8.0,0.0,5.88,3,0.0,1.0,1.0,3638,
1061,43648,-5.1,0.0,6.06,2,0.0,0.5,1.0,3638,
1062,43712,-6.0,0.0,1.96,1,0.0,1.0,1.0,3640,
1063,43712,-6.6,0.0,10.53,4,0.0,0.75,1.0,3640,
1064,43776,-8.0,0.0,7.84,4,0.0,1.0,1.0,3646,
1065,43776,5.1,1.0,7.5,3,0.3333,1.0,1.0,3646,
1066,43840,-4.0,0.0,0.0,0,,,1.0,3647,
1067,43840,-7.0,0.0,3.92,2,0.0,1.0,1.0,3647,
1068,43904,7.3,1.0,16.67,3,0.3333,1.0,1.0,3651,
1069,43968,-2.9,0.0,3.23,1,0.0,0.0,1.0,3655,
1070,43968,-5.0,0.0,0.0,0,,,1.0,3655,
1071,43968,-10.0,0.0,11.76,6,0.0,1.0,1.0,3655,
1072,44032,-4.2,0.0,12.5,3,0.3333,0.6667,1.0,3659,
1073,44096,-4.2,0.0,8.33,2,0.0,0.5,1.0,3668,
1074,44096,-4.7,0.0,6.9,2,0.0,0.5,1.0,3668,
1075,44096,-4.0,0.0,0.0,0,,,1.0,3668,
1076,44160,-5.0,0.0,0.0,0,,,1.0,3670,
1077,44224,-1.6,0.0,12.5,1,0.0,0.0,1.0,3673,
1078,44224,-6.0,0.0,3.92,2,0.0,1.0,1.0,3673,
1079,44288,-5.3,0.0,2.22,1,0.0,0.0,1.0,3679,
1080,44288,-6.9,0.0,5.88,3,0.0,0.6667,1.0,3679,
1081,44352,-8.0,0.0,5.88,3,0.0,1.0,1.0,3683,
1082,44352,-1.1,0.0,7.69,1,0.0,0.0,1.0,3683,
1083,44608,-8.0,0.0,7.84,4,0.5,1.0,1.0,3701,
1084,44608,-5.8,0.0,10.0,3,0.0,0.6667,1.0,3701,
1085,44608,-4.3,0.0,8.0,2,0.0,0.5,1.0,3701,
1086,44672,-2.5,0.0,5.88,1,0.0,0.0,1.0,3706,
1087,44672,-5.0,0.0,1.96,1,0.0,1.0,1.0,3706,
1088,44736,-8.0,0.0,5.88,3,0.0,1.0,1.0,3711,
1089,44736,-7.3,0.0,6.67,3,0.0,0.6667,1.0,3711,
1090,44800,-4.4,0.0,7.69,2,0.0,0.5,1.0,3718,
1091,44864,-6.0,0.0,3.92,2,0.0,1.0,1.0,3723,
1092,44864,-9.0,0.0,7.84,4,0.0,1.0,1.0,3723,
1093,44864,-4.9,0.0,6.45,2,0.0,0.5,1.0,3723,
1094,44992,9.0,1.0,4.76,1,0.0,1.0,1.0,3733,
1095,44992,-7.2,0.0,11.76,4,0.0,0.75,1.0,3733,
1096,45056,9.9,1.0,8.33,1,0.0,1.0,1.0,3736,
1097,45120,-7.0,0.0,5.88,3,0.0,1.0,1.0,3739,
1098,45184,-9.0,0.0,7.84,4,0.25,1.0,1.0,3740,
1099,45184,-11.0,0.0,11.76,6,0.0,1.0,1.0,3740,
1100,45184,-5.0,0.0,6.25,2,0.0,0.5,1.0,3740,
1101,45248,-4.4,0.0,2.78,1,0.0,0.0,1.0,3748,
1102,45312,-9.0,0.0,7.84,4,0.0,1.0,1.0,3754,
1103,45376,-12.0,0.0,13.73,7,0.0,1.0,1.0,3761,
1104,45376,-5.9,0.0,9.68,3,0.0,0.6667,1.0,3761,
1105,45376,-7.0,0.0,3.92,2,0.0,1.0,1.0,3761,
1106,45376,-3.8,0.0,6.67,2,0.0,0.5,1.0,3761,
1107,45504,-6.0,0.0,1.96,1,0.0,1.0,1.0,3768,
1108,45568,-1.9,0.0,9.09,1,0.0,0.0,1.0,3772,
1109,45568,-9.0,0.0,7.84,4,0.25,1.0,1.0,3772,
1110,45632,-4.7,0.0,2.56,1,0.0,0.0,1.0,3775,
1111,45760,-4.6,0.0,7.14,2,0.0,0.5,1.0,3783,
1112,45824,-5.0,0.0,1.96,1,0.0,1.0,1.0,3788,
1113,45824,-4.4,0.0,2.78,1,0.0,0.0,1.0,3788,
1114,45888,-2.8,0.0,5.0,1,0.0,0.0,1.0,3791,
1115,45888,-7.0,0.0,7.14,3,0.0,0.6667,1.0,3791,
1116,45952,-2.7,0.0,10.53,2,0.0,0.5,1.0,3796,
1117,45952,-7.0,0.0,3.92,2,0.0,1.0,1.0,3796,
1118,45952,-3.3,0.0,13.33,2,0.0,0.5,1.0,3796,
1119,46016,-8.0,0.0,5.88,3,0.0,1.0,1.0,3802,
1120,46016,-2.8,0.0,20.0,2,0.0,0.5,1.0,3802,
1121,46080,5.3,1.0,4.17,2,0.0,1.0,1.0,3807,
1122,46144,-5.2,0.0,2.27,1,0.0,0.0,1.0,3813,
1123,46208,-3.9,0.0,9.52,2,0.0,0.5,1.0,3825,
1124,46208,8.5,1.0,12.5,2,0.5,1.0,1.0,3825,
1125,46272,-11.0,0.0,13.73,7,0.0,1.0,1.0,3828,
1126,46272,-13.0,0.0,15.69,8,0.0,1.0,1.0,3828,
1127,46272,-15.0,0.0,19.61,10,0.2,1.0,1.0,3828,
1128,46336,3.2,1.0,12.82,5,0.2,1.0,1.0,3833,
1129,46336,-8.0,0.0,5.88,3,0.0,1.0,1.0,3833,
1130,46400,-9.0,0.0,7.84,4,0.0,1.0,1.0,3836,
1131,46464,-10.0,0.0,9.8,5,0.0,1.0,1.0,3840,
1132,46464,-10.0,0.0,9.8,5,0.0,1.0,1.0,3840,
1133,46528,10.5,1.0,16.67,1,0.0,1.0,1.0,3842,
1134,46656,-7.0,0.0,3.92,2,0.0,1.0,1.0,3847,
1135,46784,-8.0,0.0,5.88,3,0.0,1.0,1.0,3855,
1136,46784,-7.1,0.0,6.98,3,0.0,0.6667,1.0,3855,
1137,46912,-6.0,0.0,3.92,2,0.0,1.0,1.0,3861,
1138,46912,-7.0,0.0,3.92,2,0.5,1.0,1.0,3861,
1139,46976,-9.0,0.0,9.8,5,0.0,1.0,1.0,3865,
1140,46976,-3.3,0.0,13.33,2,0.0,0.5,1.0,3865,
1141,47040,-8.0,0.0,7.84,4,0.0,1.0,1.0,3869,
1142,47040,-12.0,0.0,15.69,8,0.0,1.0,1.0,3869,
1143,47104,4.5,1.0,6.52,3,0.0,1.0,1.0,3870,
1144,47104,-11.0,0.0,13.73,7,0.0,1.0,1.0,3870,
1145,47168,9.9,1.0,8.33,1,1.0,1.0,1.0,3876,
1146,47168,-7.0,0.0,3.92,2,0.0,1.0,1.0,3876,
1147,47168,3.0,1.0,19.35,6,0.3333,1.0,1.0,3876,
1148,47232,-6.9,0.0,12.9,4,0.25,0.75,1.0,3883,
1149,47232,-6.0,0.0,3.92,2,0.0,1.0,1.0,3883,
1150,47232,-5.0,0.0,1.96,1,0.0,1.0,1.0,3883,
1151,47232,-6.7,0.0,6.12,3,0.3333,0.6667,1.0,3883,
1152,47296,-7.5,0.0,18.52,5,0.0,0.8,1.0,3887,
1153,47296,-6.8,0.0,4.0,2,0.0,0.5,1.0,3887,
1154,47360,-2.4,0.0,6.25,1,0.0,0.0,1.0,3891,
1155,47360,-6.0,0.0,3.92,2,0.0,1.0,1.0,3891,
1156,47488,-5.0,0.0,1.96,1,0.0,1.0,1.0,3896,
1157,47488,-7.0,0.0,5.88,3,0.0,1.0,1.0,3896,
1158,47552,-6.0,0.0,3.92,2,0.0,1.0,1.0,3901,
1159,47616,-9.0,0.0,7.84,4,0.0,1.0,1.0,3903,
1160,47616,-6.0,0.0,1.96,1,0.0,1.0,1.0,3903,
1161,47744,-1.9,0.0,9.09,1,0.0,0.0,1.0,3912,
1162,47744,-3.8,0.0,2.5,1,0.0,0.0,1.0,3912,
1163,47808,-3.2,0.0,14.29,2,0.0,0.5,1.0,3915,
1164,47872,11.6,1.0,0.0,0,,,1.0,3919,
1165,47872,-7.0,0.0,3.92,2,0.0,1.0,1.0,3919,
1166,47872,-8.0,0.0,7.84,4,0.25,1.0,1.0,3919,
1167,47936,-3.9,0.0,3.23,1,0.0,0.0,1.0,3923,
1168,47936,-7.0,0.0,3.92,2,0.0,1.0,1.0,3923,
1169,47936,6.8,1.0,13.04,3,0.0,1.0,1.0,3923,
1170,47936,-2.5,0.0,28.57,2,0.0,0.5,1.0,3923,
1171,47936,-4.0,0.0,0.0,0,,,1.0,3923,
1172,48000,-7.0,0.0,3.92,2,0.0,1.0,1.0,3929,
1173,48064,-7.0,0.0,3.92,2,0.5,1.0,1.0,3931,
1174,48128,-8.0,0.0,7.84,4,0.0,1.0,1.0,3937,
1175,48192,4.0,1.0,16.13,5,0.0,1.0,1.0,3941,
1176,48192,7.5,1.0,7.69,2,0.0,1.0,1.0,3941,
1177,48256,-3.6,0.0,11.11,2,0.5,0.5,1.0,3943,
1178,48256,-8.0,0.0,5.88,3,0.0,1.0,1.0,3943,
1179,48256,-3.6,0.0,11.11,2,0.0,0.5,1.0,3943,
1180,48320,-2.3,0.0,6.67,1,0.0,0.0,1.0,3947,
1181,48320,-8.8,0.0,12.5,5,0.2,0.8,1.0,3947,
1182,48320,-8.0,0.0,5.88,3,0.0,1.0,1.0,3947,
1183,48320,-2.5,0.0,5.88,1,0.0,0.0,1.0,3947,
1184,48384,-2.2,0.0,7.14,1,0.0,0.0,1.0,3949,
1185,48384,-9.0,0.0,7.84,4,0.0,1.0,1.0,3949,
1186,48448,-6.6,0.0,4.17,2,0.0,0.5,1.0,3953,
1187,48512,9.3,1.0,5.56,1,0.0,1.0,1.0,3956,
1188,48512,-6.7,0.0,7.69,3,0.0,0.6667,1.0,3956,
1189,48512,6.4,1.0,11.11,3,0.0,1.0,1.0,3956,
1190,48576,-6.0,0.0,1.96,1,0.0,1.0,1.0,3961,
1191,48576,-4.3,0.0,12.0,3,0.0,0.6667,1.0,3961,
1192,48640,-8.0,0.0,5.88,3,0.0,1.0,1.0,3964,
1193,48640,-2.0,0.0,8.33,1,0.0,0.0,1.0,3964,
1194,48640,-5.0,0.0,0.0,0,,,1.0,3964,
1195,48768,-5.0,0.0,1.96,1,0.0,1.0,1.0,3969,
1196,48832,-10.0,0.0,9.8,5,0.2,1.0,1.0,3974,
1197,48832,9.6,1.0,0.0,0,,,1.0,3974,
1198,48896,-10.0,0.0,9.8,5,0.0,1.0,1.0,3976,
1199,48960,-8.1,0.0,9.3,4,0.0,0.75,1.0,3986,
1200,48960,-6.7,0.0,4.08,2,0.0,0.5,1.0,3986,
1201,49024,-4.9,0.0,9.68,3,0.0,0.6667,1.0,3990,
1202,49024,-1.9,0.0,9.09,1,0.0,0.0,1.0,3990,
1203,49088,-7.0,0.0,5.88,3,0.0,1.0,1.0,3994,
1204,49152,-9.0,0.0,9.8,5,0.0,1.0,1.0,3998,
1205,49152,-9.0,0.0,7.84,4,0.0,1.0,1.0,3998,
1206,49216,-6.0,0.0,1.96,1,1.0,1.0,1.0,3999,
1207,49216,-10.0,0.0,9.8,5,0.0,1.0,1.0,3999,
1208,49216,-6.1,0.0,4.65,2,0.0,0.5,1.0,3999,
1209,49280,-4.0,0.0,3.12,1,0.0,0.0,1.0,4001,
1210,49344,-9.0,0.0,7.84,4,0.0,1.0,1.0,4007,
1211,49344,-3.7,0.0,10.53,2,0.0,0.5,1.0,4007,
1212,49344,10.8,1.0,0.0,0,,,1.0,4007,
1213,49344,-5.0,0.0,2.38,1,0.0,0.0,1.0,4007,
1214,49408,-2.7,0.0,22.22,2,0.5,0.5,1.0,4011,
1215,49472,-5.8,0.0,5.0,2,0.0,0.5,1.0,4015,
1216,49536,-7.0,0.0,5.88,3,0.0,1.0,1.0,4020,
1217,49536,-10.0,0.0,9.8,5,0.0,1.0,1.0,4020,
1218,49536,-8.0,0.0,5.88,3,0.0,1.0,1.0,4020,
1219,49600,-7.0,0.0,5.88,3,0.0,1.0,1.0,4023,
1220,49600,-1.7,0.0,11.11,1,0.0,0.0,1.0,4023,
1221,49600,8.9,1.0,4.55,1,0.0,1.0,1.0,4023,
1222,49664,-2.6,0.0,25.0,2,0.0,0.5,1.0,4024,
1223,49792,10.7,1.0,25.0,1,0.0,1.0,1.0,4035,
1224,49856,-4.1,0.0,13.04,3,0.0,0.6667,1.0,4038,
1225,50048,-8.0,0.0,5.88,3,0.3333,1.0,1.0,4045,
1226,50112,-2.0,0.0,8.33,1,0.0,0.0,1.0,4049,
1227,50176,-4.2,0.0,2.94,1,0.0,0.0,1.0,4052,
1228,50240,-6.0,0.0,1.96,1,0.0,1.0,1.0,4055,
1229,50368,-8.8,0.0,8.0,4,0.0,0.75,1.0,4059,
1230,50432,-8.0,0.0,7.84,4,0.25,1.0,1.0,4065,
1231,50432,-4.1,0.0,8.7,2,0.0,0.5,1.0,4065,
1232,50432,-7.0,0.0,3.92,2,0.0,1.0,1.0,4065,
1233,50496,-7.0,0.0,3.92,2,0.0,1.0,1.0,4069,
1234,50560,-8.0,0.0,5.88,3,0.0,1.0,1.0,4072,
1235,50560,-9.0,0.0,7.84,4,0.25,1.0,1.0,4072,
1236,50624,-6.0,0.0,9.38,3,0.0,0.6667,1.0,4077,
1237,50688,-2.7,0.0,5.26,1,0.0,0.0,1.0,4083,
1238,50688,-5.6,0.0,2.08,1,0.0,0.0,1.0,4083,
1239,50752,-4.7,0.0,2.56,1,0.0,0.0,1.0,4087,
1240,50752,-6.7,0.0,7.69,3,0.0,0.6667,1.0,4087,
1241,50880,-4.4,0.0,7.69,2,0.0,0.5,1.0,4095,
1242,50880,-7.0,0.0,3.92,2,0.0,1.0,1.0,4095,
1243,50880,-4.3,0.0,8.0,2,0.0,0.5,1.0,4095,
1244,51008,-5.0,0.0,0.0,0,,,1.0,4100,
1245,51008,-7.0,0.0,3.92,2,0.0,1.0,1.0,4100,
1246,51072,-6.0,0.0,7.14,3,0.0,0.6667,1.0,4103,
1247,51072,-7.0,0.0,3.92,2,0.0,1.0,1.0,4103,
1248,51136,-8.0,0.0,5.88,3,0.0,1.0,1.0,4104,
1249,51136,-6.3,0.0,4.44,2,0.0,0.5,1.0,4104,
1250,51136,-5.0,0.0,1.96,1,0.0,1.0,1.0,4104,
1251,51200,-5.0,0.0,1.96,1,0.0,1.0,1.0,4107,
1252,51200,-5.0,0.0,0.0,0,,,1.0,4107,
1253,51200,-6.0,0.0,1.96,1,0.0,1.0,1.0,4107,
1254,51200,-10.0,0.0,9.8,5,0.0,1.0,1.0,4107,
1255,51200,-6.0,0.0,3.92,2,0.0,1.0,1.0,4107,
1256,51264,-6.2,0.0,6.82,3,0.0,0.6667,1.0,4110,
1257,51328,-4.5,0.0,7.41,2,0.0,0.5,1.0,4114,
1258,51328,-9.0,0.0,9.8,5,0.4,1.0,1.0,4114,
1259,51392,-4.6,0.0,7.14,2,0.0,0.5,1.0,4116,
1260,51456,-9.0,0.0,7.84,4,0.0,1.0,1.0,4121,
1261,51520,-3.0,0.0,4.55,1,0.0,0.0,1.0,4127,
1262,51520,-6.8,0.0,7.5,3,0.0,0.6667,1.0,4127,
1263,51584,-7.0,0.0,5.88,3,0.0,1.0,1.0,4132,
1264,51584,-7.0,0.0,3.92,2,0.0,1.0,1.0,4132,
1265,51584,-9.0,0.0,7.84,4,0.0,1.0,1.0,4132,
1266,51776,-5.0,0.0,0.0,0,,,1.0,4145,
1267,51776,-5.0,0.0,0.0,0,,,1.0,4145,
1268,51840,-10.0,0.0,11.76,6,0.0,1.0,1.0,4148,
1269,51840,-4.3,0.0,8.0,2,0.0,0.5,1.0,4148,
1270,51904,10.8,1.0,0.0,0,,,1.0,4153,
1271,51904,-9.0,0.0,7.84,4,0.0,1.0,1.0,4153,
1272,51904,-7.0,0.0,7.14,3,0.0,0.6667,1.0,4153,
1273,51904,-5.0,0.0,0.0,0,,,1.0,4153,
1274,51904,-5.0,0.0,1.96,1,0.0,1.0,1.0,4153,
1275,52032,-9.0,0.0,7.84,4,0.0,1.0,1.0,4158,
1276,52096,-5.0,0.0,1.96,1,0.0,1.0,1.0,4164,
1277,52096,-5.2,0.0,35.71,5,0.0,0.8,1.0,4164,
1278,52096,-2.3,0.0,6.67,1,0.0,0.0,1.0,4164,
1279,52160,-8.0,0.0,5.88,3,0.0,1.0,1.0,4168,
1280,52224,6.7,1.0,12.5,3,0.3333,1.0,1.0,4176,
1281,52288,-8.0,0.0,5.88,3,0.0,1.0,1.0,4179,
1282,52352,-10.0,0.0,9.8,5,0.0,1.0,1.0,4179,
1283,52416,-7.0,0.0,3.92,2,0.0,1.0,1.0,4183,
1284,52480,-3.6,0.0,3.57,1,0.0,0.0,1.0,4190,
1285,52480,-8.0,0.0,5.88,3,0.0,1.0,1.0,4190,
1286,52608,-5.0,0.0,1.96,1,0.0,1.0,1.0,4197,
1287,52608,-11.0,0.0,11.76,6,0.0,1.0,1.0,4197,
1288,52608,-9.0,0.0,7.84,4,0.0,1.0,1.0,4197,
1289,52672,-6.0,0.0,1.96,1,0.0,1.0,1.0,4202,
1290,52800,4.5,1.0,6.52,3,0.0,1.0,1.0,4213,
1291,52800,-3.4,0.0,3.85,1,0.0,0.0,1.0,4213,
1292,52800,-9.0,0.0,9.8,5,0.2,1.0,1.0,4213,
1293,52800,-5.0,0.0,1.96,1,0.0,1.0,1.0,4213,
1294,52864,1.7,1.0,13.64,6,0.0,1.0,1.0,4215,
1295,52864,-11.0,0.0,11.76,6,0.0,1.0,1.0,4215,
1296,52928,-4.8,0.0,6.67,2,0.0,0.5,1.0,4221,
1297,52928,-5.0,0.0,0.0,0,,,1.0,4221,
1298,52992,-7.8,0.0,6.0,3,0.0,0.6667,1.0,4224,
1299,53056,-2.3,0.0,6.67,1,0.0,0.0,1.0,4228,
1300,53120,-2.7,0.0,5.26,1,0.0,0.0,1.0,4236,
1301,53120,10.1,1.0,10.0,1,0.0,1.0,1.0,4236,
1302,53120,-4.9,0.0,9.68,3,0.0,0.6667,1.0,4236,
1303,53120,-4.9,0.0,2.44,1,0.0,0.0,1.0,4236,
1304,53120,-4.3,0.0,2.86,1,0.0,0.0,1.0,4236,
1305,53184,-5.0,0.0,13.64,3,0.0,0.6667,1.0,4240,
1306,53248,-1.8,0.0,10.0,1,0.0,0.0,1.0,4246,
1307,53440,-2.3,0.0,13.33,2,0.0,0.5,1.0,4253,
1308,53440,-7.0,0.0,5.88,3,0.0,1.0,1.0,4253,
1309,53504,-3.8,0.0,10.0,2,0.0,0.5,1.0,4254,
1310,53568,-1.5,0.0,14.29,1,0.0,0.0,1.0,4256,
1311,53632,-5.0,0.0,1.96,1,0.0,1.0,1.0,4257,
1312,53696,-5.0,0.0,0.0,0,,,1.0,4260,
1313,53696,-6.7,0.0,4.08,2,0.0,0.5,1.0,4260,
1314,53696,-6.0,0.0,3.92,2,0.0,1.0,1.0,4260,
1315,53696,-7.0,0.0,5.88,3,0.0,1.0,1.0,4260,
1316,53824,-3.6,0.0,3.57,1,0.0,0.0,1.0,4264,
1317,53824,-7.0,0.0,5.88,3,0.0,1.0,1.0,4264,
1318,53888,-6.0,0.0,1.96,1,0.0,1.0,1.0,4268,
1319,53888,-4.1,0.0,8.7,2,0.0,0.5,1.0,4268,
1320,53888,-3.0,0.0,16.67,2,0.0,0.5,1.0,4268,
1321,53888,-3.9,0.0,3.23,1,0.0,0.0,1.0,4268,
1322,54016,-3.7,0.0,3.45,1,0.0,0.0,1.0,4274,
1323,54016,-6.0,0.0,3.92,2,0.0,1.0,1.0,4274,
1324,54016,-9.0,0.0,7.84,4,0.0,1.0,1.0,4274,
1325,54144,-7.0,0.0,3.92,2,0.0,1.0,1.0,4278,
1326,54144,-8.0,0.0,7.84,4,0.0,1.0,1.0,4278,
1327,54208,-4.5,0.0,17.65,3,0.0,0.6667,1.0,4279,
1328,54272,-3.0,0.0,4.55,1,0.0,0.0,1.0,4283,
1329,54272,-7.0,0.0,5.88,3,0.0,1.0,1.0,4283,
1330,54272,-3.1,0.0,4.35,1,0.0,0.0,1.0,4283,
1331,54336,-7.5,0.0,6.38,3,0.0,0.6667,1.0,4286,
1332,54336,-4.2,0.0,8.33,2,0.0,0.5,1.0,4286,
1333,54336,-5.7,0.0,5.13,2,0.0,0.5,1.0,4286,
1334,54336,-8.0,0.0,5.88,3,0.0,1.0,1.0,4286,
1335,54464,-5.0,0.0,0.0,0,,,1.0,4294,
1336,54464,-6.0,0.0,1.96,1,0.0,1.0,1.0,4294,
1337,54464,-7.0,0.0,3.92,2,0.0,1.0,1.0,4294,
1338,54464,-6.5,0.0,10.81,4,0.0,0.75,1.0,4294,
1339,54464,-7.0,0.0,3.92,2,0.0,1.0,1.0,4294,
1340,54528,-8.0,0.0,5.88,3,0.0,1.0,1.0,4297,
1341,54592,-8.0,0.0,5.88,3,0.0,1.0,1.0,4300,
1342,54592,2.3,1.0,10.42,5,0.0,1.0,1.0,4300,
1343,54656,-9.0,0.0,7.84,4,0.0,1.0,1.0,4301,
1344,54720,-6.0,0.0,1.96,1,0.0,1.0,1.0,4303,
1345,54784,-6.0,0.0,3.92,2,0.0,1.0,1.0,4310,
1346,54848,-7.0,0.0,3.92,2,0.0,1.0,1.0,4311,
1347,54848,-8.0,0.0,5.88,3,0.0,1.0,1.0,4311,
1348,54848,-6.0,0.0,1.96,1,0.0,1.0,1.0,4311,
1349,54912,-0.7,0.0,11.11,1,0.0,0.0,1.0,4316,
1350,54912,-4.6,0.0,7.14,2,0.5,0.5,1.0,4316,
1351,54912,-2.8,0.0,5.0,1,0.0,0.0,1.0,4316,
1352,54976,-5.0,0.0,6.25,2,0.0,0.5,1.0,4321,
1353,55040,-7.0,0.0,3.92,2,0.0,1.0,1.0,4324,
1354,55104,8.4,1.0,11.76,2,0.0,1.0,1.0,4325,
1355,55104,-9.0,0.0,7.84,4,0.0,1.0,1.0,4325,
1356,55168,-2.1,0.0,7.69,1,0.0,0.0,1.0,4331,
1357,55168,-2.1,0.0,4.35,1,0.0,0.0,1.0,4331,
1358,55168,-8.0,0.0,7.84,4,0.0,1.0,1.0,4331,
1359,55168,-6.0,0.0,1.96,1,1.0,1.0,1.0,4331,
1360,55168,-7.0,0.0,5.88,3,0.0,1.0,1.0,4331,
1361,55360,4.8,1.0,6.98,3,0.0,1.0,1.0,4339,
1362,55360,8.7,1.0,14.29,2,0.0,1.0,1.0,4339,
1363,55360,-5.0,0.0,0.0,0,,,1.0,4339,
1364,55424,-3.2,0.0,14.29,2,0.0,0.5,1.0,4346,
1365,55488,8.3,1.0,3.57,1,0.0,1.0,1.0,4349,
1366,55552,-7.0,0.0,3.92,2,0.0,1.0,1.0,4352,
1367,55616,-7.0,0.0,3.92,2,0.0,1.0,1.0,4354,
1368,55616,-2.4,0.0,6.25,1,0.0,0.0,1.0,4354,
1369,55744,9.6,1.0,0.0,0,,,1.0,4359,
1370,55744,-3.5,0.0,3.7,1,0.0,0.0,1.0,4359,
1371,55808,-7.5,0.0,8.51,4,0.0,0.75,1.0,4361,
1372,55808,-3.8,0.0,3.33,1,0.0,0.0,1.0,4361,
1373,55872,-4.4,0.0,7.69,2,0.0,0.5,1.0,4368,
1374,55872,-5.0,0.0,1.96,1,0.0,1.0,1.0,4368,
1375,55872,9.4,1.0,0.0,0,,,1.0,4368,
1376,55872,-6.0,0.0,4.76,2,0.0,0.5,1.0,4368,
1377,55872,-2.1,0.0,7.69,1,0.0,0.0,1.0,4368,
1378,55936,-5.0,0.0,1.96,1,0.0,1.0,1.0,4373,
1379,55936,-5.2,0.0,2.27,1,0.0,0.0,1.0,4373,
1380,56064,-6.0,0.0,3.92,2,0.0,1.0,1.0,4377,
1381,56128,-2.6,0.0,3.57,1,0.0,0.0,1.0,4380,
1382,56128,-9.0,0.0,9.8,5,0.0,1.0,1.0,4380,
1383,56192,-9.0,0.0,9.8,5,0.0,1.0,1.0,4381,
1384,56256,-6.0,0.0,3.92,2,0.0,1.0,1.0,4386,
1385,56256,-1.8,0.0,5.0,1,0.0,0.0,1.0,4386,
1386,56320,-3.1,0.0,4.35,1,0.0,0.0,1.0,4390,
1387,56320,-7.0,0.0,3.92,2,0.0,1.0,1.0,4390,
1388,56448,6.2,1.0,10.34,3,0.0,1.0,1.0,4398,
1389,56512,-7.0,0.0,3.92,2,0.0,1.0,1.0,4401,
1390,56640,-6.1,0.0,4.65,2,0.0,0.5,1.0,4408,
1391,56640,-3.2,0.0,4.17,1,0.0,0.0,1.0,4408,
1392,56640,-8.4,0.0,8.7,4,0.0,0.75,1.0,4408,
1393,56704,-5.0,0.0,0.0,0,,,1.0,4414,
1394,56704,-4.0,0.0,0.0,0,,,1.0,4414,
1395,56768,-10.8,0.0,12.0,6,0.0,0.8333,1.0,4417,
1396,56768,-7.0,0.0,5.88,3,0.0,1.0,1.0,4417,
1397,56768,8.3,1.0,11.11,2,0.5,1.0,1.0,4417,
1398,56832,-2.5,0.0,11.76,2,0.0,0.5,1.0,4419,
1399,56960,-6.0,0.0,1.96,1,0.0,1.0,1.0,4422,
1400,57024,-5.3,0.0,26.67,4,0.0,0.75,1.0,4429,
1401,57024,-4.1,0.0,3.03,1,0.0,0.0,1.0,4429,
1402,57088,-8.0,0.0,5.88,3,0.0,1.0,1.0,4431,
1403,57088,-6.0,0.0,1.96,1,1.0,1.0,1.0,4431,
1404,57152,-6.0,0.0,1.96,1,0.0,1.0,1.0,4434,
1405,57152,-9.0,0.0,7.84,4,0.0,1.0,1.0,4434,
1406,57280,-6.0,0.0,3.92,2,0.0,1.0,1.0,4441,
1407,57536,-6.0,0.0,1.96,1,0.0,1.0,1.0,4455,
1408,57536,-7.0,0.0,5.88,3,0.0,1.0,1.0,4455,
1409,57536,-7.0,0.0,3.92,2,0.0,1.0,1.0,4455,
1410,57600,-7.0,0.0,5.88,3,0.0,1.0,1.0,4458,
1411,57600,-3.9,0.0,9.52,2,0.5,0.5,1.0,4458,
1412,57728,-8.0,0.0,7.84,4,0.0,1.0,1.0,4466,
1413,57728,-6.0,0.0,3.92,2,0.0,1.0,1.0,4466,
1414,57728,-9.0,0.0,9.8,5,0.0,1.0,1.0,4466,
1415,57728,-5.0,0.0,0.0,0,,,1.0,4466,
1416,57792,-4.9,0.0,4.88,2,0.0,0.5,1.0,4470,
1417,57856,6.0,1.0,9.68,3,0.0,1.0,1.0,4472,
1418,57920,-2.5,0.0,5.88,1,0.0,0.0,1.0,4475,
1419,57920,-6.0,0.0,1.96,1,0.0,1.0,1.0,4475,
1420,57984,-7.0,0.0,5.88,3,0.0,1.0,1.0,4478,
1421,57984,6.0,1.0,4.88,2,0.0,1.0,1.0,4478,
1422,58048,-5.0,0.0,1.96,1,0.0,1.0,1.0,4481,
1423,58048,-1.3,0.0,20.0,1,0.0,0.0,1.0,4481,
1424,58112,-11.0,0.0,13.73,7,0.0,1.0,1.0,4486,
1425,58112,-6.0,0.0,3.92,2,0.0,1.0,1.0,4486,
1426,58176,-5.0,0.0,0.0,0,,,1.0,4490,
1427,58176,-6.0,0.0,1.96,1,0.0,1.0,1.0,4490,
1428,58176,-6.0,0.0,9.38,3,0.0,0.6667,1.0,4490,
1429,58240,-7.3,0.0,6.67,3,0.0,0.6667,1.0,4492,
1430,58368,-9.0,0.0,7.84,4,0.0,1.0,1.0,4498,
1431,58368,-2.1,0.0,7.69,1,0.0,0.0,1.0,4498,
1432,58432,-5.0,0.0,1.96,1,0.0,1.0,1.0,4500,
1433,58432,-6.0,0.0,3.92,2,0.0,1.0,1.0,4500,
1434,58432,-4.8,0.0,2.5,1,0.0,0.0,1.0,4500,
1435,58432,-6.0,0.0,3.92,2,0.0,1.0,1.0,4500,
1436,58432,-6.0,0.0,1.96,1,0.0,1.0,1.0,4500,
1437,58496,-3.9,0.0,9.52,2,0.0,0.5,1.0,4503,
1438,58624,-9.0,0.0,9.8,5,0.0,1.0,1.0,4515,
1439,58688,-6.0,0.0,1.96,1,0.0,1.0,1.0,4516,
1440,58752,-8.0,0.0,5.88,3,0.0,1.0,1.0,4520,
1441,58816,-7.0,0.0,3.92,2,0.0,1.0,1.0,4521,
1442,58880,-6.0,0.0,1.96,1,0.0,1.0,1.0,4524,
1443,58880,-2.1,0.0,7.69,1,0.0,0.0,1.0,4524,
1444,59008,-5.0,0.0,4.76,2,0.0,0.5,1.0,4534,
1445,59008,-4.8,0.0,6.67,2,0.0,0.5,1.0,4534,
1446,59008,-9.0,0.0,9.8,5,0.0,1.0,1.0,4534,
1447,59072,-6.0,0.0,1.96,1,0.0,1.0,1.0,4539,
1448,59072,-7.0,0.0,5.88,3,0.3333,1.0,1.0,4539,
1449,59136,8.9,1.0,4.55,1,0.0,1.0,1.0,4539,
1450,59136,-5.0,0.0,0.0,0,,,1.0,4539,
1451,59136,-8.0,0.0,7.84,4,0.0,1.0,1.0,4539,
1452,59136,-6.0,0.0,3.92,2,0.0,1.0,1.0,4539,
1453,59200,-7.0,0.0,3.92,2,0.0,1.0,1.0,4542,
1454,59200,-6.0,0.0,3.92,2,0.0,1.0,1.0,4542,
1455,59200,-4.8,0.0,2.5,1,0.0,0.0,1.0,4542,
1456,59200,-4.2,0.0,5.88,2,0.0,0.5,1.0,4542,
1457,59264,-3.5,0.0,7.41,2,0.0,0.5,1.0,4549,
1458,59328,-4.8,0.0,5.0,2,0.0,0.5,1.0,4555,
1459,59328,6.6,1.0,12.0,3,0.0,1.0,1.0,4555,
1460,59392,-7.0,0.0,3.92,2,0.0,1.0,1.0,4557,
1461,59456,-8.0,0.0,5.88,3,0.0,1.0,1.0,4563,
1462,59520,-8.0,0.0,7.84,4,0.0,1.0,1.0,4566,
1463,59584,-5.0,0.0,0.0,0,,,1.0,4571,
1464,59648,-2.4,0.0,6.25,1,0.0,0.0,1.0,4576,
1465,59712,-6.0,0.0,1.96,1,0.0,1.0,1.0,4581,
1466,59776,-11.0,0.0,11.76,6,0.0,1.0,1.0,4583,
1467,59904,-7.0,0.0,3.92,2,0.5,1.0,1.0,4587,
1468,59904,-3.9,0.0,6.45,2,0.0,0.5,1.0,4587,
1469,59904,-9.0,0.0,9.8,5,0.0,1.0,1.0,4587,
1470,59904,-2.2,0.0,7.14,1,0.0,0.0,1.0,4587,
1471,59968,-10.0,0.0,11.76,6,0.3333,1.0,1.0,4591,
1472,59968,-8.0,0.0,5.88,3,0.0,1.0,1.0,4591,
1473,60032,-8.0,0.0,7.84,4,0.0,1.0,1.0,4593,
1474,60032,5.5,1.0,4.35,2,0.0,1.0,1.0,4593,
1475,60032,-6.0,0.0,1.96,1,0.0,1.0,1.0,4593,
1476,60096,-2.7,0.0,5.26,1,0.0,0.0,1.0,4596,
1477,60160,-1.8,0.0,20.0,2,0.0,0.5,1.0,4598,
1478,60224,-6.0,0.0,1.96,1,0.0,1.0,1.0,4603,
1479,60288,-6.0,0.0,1.96,1,0.0,1.0,1.0,4610,
1480,60416,-6.0,0.0,3.92,2,0.0,1.0,1.0,4616,
1481,60480,-6.1,0.0,9.09,3,0.0,0.6667,1.0,4622,
1482,60544,-8.0,0.0,7.84,4,0.0,1.0,1.0,4626,
1483,60672,-5.1,0.0,13.04,3,0.0,0.6667,1.0,4633,
1484,60800,-7.0,0.0,3.92,2,0.0,1.0,1.0,4639,
1485,60864,-5.0,0.0,2.38,1,0.0,0.0,1.0,4644,
1486,60864,-3.6,0.0,11.11,2,0.0,0.5,1.0,4644,
1487,60864,-8.0,0.0,5.88,3,0.0,1.0,1.0,4644,
1488,60864,-7.0,0.0,3.92,2,0.0,1.0,1.0,4644,
1489,60992,-7.0,0.0,3.92,2,0.0,1.0,1.0,4648,
1490,61056,-9.0,0.0,9.8,5,0.0,1.0,1.0,4651,
1491,61120,-10.0,0.0,11.76,6,0.0,1.0,1.0,4654,
1492,61120,-5.6,0.0,22.22,4,0.0,0.75,1.0,4654,
1493,61120,-4.1,0.0,8.7,2,0.0,0.5,1.0,4654,
1494,61184,-6.2,0.0,8.82,3,0.0,0.6667,1.0,4658,
1495,61184,-6.0,0.0,1.96,1,0.0,1.0,1.0,4658,
1496,61248,-6.0,0.0,3.92,2,0.0,1.0,1.0,4660,
1497,61248,-3.8,0.0,3.33,1,0.0,0.0,1.0,4660,
1498,61248,-7.0,0.0,3.92,2,0.0,1.0,1.0,4660,
1499,61312,-8.0,0.0,7.84,4,0.0,1.0,1.0,4662,
1500,61376,-5.0,0.0,1.96,1,0.0,1.0,1.0,4663,
1501,61376,-8.0,0.0,5.88,3,0.0,1.0,1.0,4663,
1502,61440,-9.0,0.0,7.84,4,0.0,1.0,1.0,4667,
1503,61440,-2.4,0.0,6.25,1,0.0,0.0,1.0,4667,
1504,61440,-7.0,0.0,3.92,2,0.0,1.0,1.0,4667,
1505,61440,-2.0,0.0,4.55,1,0.0,0.0,1.0,4667,
1506,61504,-7.0,0.0,5.88,3,0.0,1.0,1.0,4668,
1507,61504,-5.6,0.0,2.08,1,0.0,0.0,1.0,4668,
1508,61568,1.2,1.0,12.24,6,0.1667,1.0,1.0,4669,
1509,61632,-7.0,0.0,3.92,2,0.0,1.0,1.0,4672,
1510,61632,7.4,1.0,7.41,2,0.5,1.0,1.0,4672,
1511,61696,-2.5,0.0,3.7,1,0.0,0.0,1.0,4678,
1512,61696,-6.0,0.0,1.96,1,0.0,1.0,1.0,4678,
1513,61696,-3.1,0.0,4.35,1,0.0,0.0,1.0,4678,
1514,61696,-2.2,0.0,7.14,1,0.0,0.0,1.0,4678,
1515,61696,-7.0,0.0,3.92,2,0.0,1.0,1.0,4678,
1516,61696,-7.0,0.0,5.88,3,0.3333,1.0,1.0,4678,
1517,61760,-7.0,0.0,3.92,2,0.0,1.0,1.0,4679,
1518,61760,-1.4,0.0,16.67,1,0.0,0.0,1.0,4679,
1519,61760,5.1,1.0,7.5,3,0.3333,1.0,1.0,4679,
1520,61824,-4.8,0.0,6.67,2,0.0,0.5,1.0,4681,
1521,61952,-6.1,0.0,4.65,2,0.0,0.5,1.0,4694,
1522,61952,-7.0,0.0,3.92,2,0.0,1.0,1.0,4694,
1523,62016,-7.0,0.0,3.92,2,0.0,1.0,1.0,4696,
1524,62080,-8.0,0.0,5.88,3,0.0,1.0,1.0,4697,
1525,62144,-7.0,0.0,5.88,3,0.0,1.0,1.0,4699,
1526,62208,-1.5,0.0,14.29,1,0.0,0.0,1.0,4701,
1527,62272,-8.0,0.0,5.88,3,0.3333,1.0,1.0,4705,
1528,62272,-3.3,0.0,8.0,2,0.0,0.5,1.0,4705,
1529,62272,-5.1,0.0,6.06,2,0.0,0.5,1.0,4705,
1530,62336,-6.0,0.0,3.92,2,0.0,1.0,1.0,4710,
1531,62336,-4.8,0.0,2.0,1,0.0,0.0,1.0,4710,
1532,62336,-2.9,0.0,4.76,1,0.0,0.0,1.0,4710,
1533,62336,-8.0,0.0,5.88,3,0.0,1.0,1.0,4710,
1534,62400,-5.0,0.0,1.96,1,0.0,1.0,1.0,4711,
1535,62400,-7.0,0.0,3.92,2,0.0,1.0,1.0,4711,
1536,62400,-13.0,0.0,17.65,9,0.0,1.0,1.0,4711,
1537,62464,-2.8,0.0,3.33,1,0.0,0.0,1.0,4714,
1538,62464,-8.0,0.0,5.88,3,0.0,1.0,1.0,4714,
1539,62528,-4.0,0.0,0.0,0,,,1.0,4718,
1540,62528,-1.8,0.0,5.0,1,0.0,0.0,1.0,4718,
1541,62528,-6.6,0.0,4.17,2,0.0,0.5,1.0,4718,
1542,62528,-3.4,0.0,3.85,1,0.0,0.0,1.0,4718,
1543,62592,-7.0,0.0,5.88,3,0.3333,1.0,1.0,4721,
1544,62656,-5.0,0.0,1.96,1,0.0,1.0,1.0,4726,
1545,62784,-1.5,0.0,14.29,1,0.0,0.0,1.0,4734,
1546,62848,-6.0,0.0,1.96,1,0.0,1.0,1.0,4736,
1547,62912,-2.6,0.0,25.0,2,0.0,0.5,1.0,4741,
1548,63040,-6.0,0.0,1.96,1,0.0,1.0,1.0,4747,
1549,63104,-2.1,0.0,7.69,1,0.0,0.0,1.0,4751,
1550,63104,-1.7,0.0,11.11,1,0.0,0.0,1.0,4751,
1551,63168,-8.0,0.0,7.84,4,0.0,1.0,1.0,4756,
1552,63168,-8.0,0.0,5.88,3,0.0,1.0,1.0,4756,
1553,63232,-5.1,0.0,6.06,2,0.0,0.5,1.0,4761,
1554,63232,-7.8,0.0,6.0,3,0.0,0.6667,1.0,4761,
1555,63296,-2.9,0.0,18.18,2,0.0,0.5,1.0,4767,
1556,63296,-4.1,0.0,3.03,1,0.0,0.0,1.0,4767,
1557,63296,-7.0,0.0,3.92,2,0.0,1.0,1.0,4767,
1558,63360,-3.7,0.0,10.53,2,0.0,0.5,1.0,4772,
1559,63360,-3.6,0.0,3.57,1,0.0,0.0,1.0,4772,
1560,63360,-4.5,0.0,7.41,2,0.0,0.5,1.0,4772,
1561,63360,-4.0,0.0,0.0,0,,,1.0,4772,
1562,63424,10.3,1.0,0.0,0,,,1.0,4775,
1563,63488,8.3,1.0,3.57,1,0.0,1.0,1.0,4780,
1564,63552,-8.0,0.0,7.84,4,0.0,1.0,1.0,4782,
1565,63680,-1.5,0.0,14.29,1,0.0,0.0,1.0,4788,
1566,63744,-9.0,0.0,7.84,4,0.0,1.0,1.0,4788,
1567,63936,-3.1,0.0,4.35,1,0.0,0.0,1.0,4791,
1568,64000,6.9,1.0,6.25,2,0.5,1.0,1.0,4795,
1569,64064,-5.3,0.0,4.44,2,0.0,0.5,1.0,4797,
1570,64128,-7.0,0.0,3.92,2,0.0,1.0,1.0,4800,
1571,64128,-6.0,0.0,1.96,1,0.0,1.0,1.0,4800,
1572,64128,-6.0,0.0,3.92,2,0.0,1.0,1.0,4800,
1573,64256,-5.8,0.0,5.0,2,0.0,0.5,1.0,4810,
1574,64256,-7.3,0.0,6.67,3,0.3333,0.6667,1.0,4810,
1575,64320,-6.0,0.0,1.96,1,0.0,1.0,1.0,4811,
1576,64320,-6.8,0.0,4.0,2,0.0,0.5,1.0,4811,
1577,64384,-6.0,0.0,1.96,1,0.0,1.0,1.0,4812,
1578,64448,-4.0,0.0,3.12,1,0.0,0.0,1.0,4813,
1579,64448,0.4,1.0,14.89,7,0.0,1.0,1.0,4813,
1580,64512,-4.2,0.0,2.94,1,0.0,0.0,1.0,4815,
1581,64512,-7.0,0.0,5.88,3,0.0,1.0,1.0,4815,
1582,64512,-8.0,0.0,5.88,3,0.0,1.0,1.0,4815,
1583,64576,7.8,1.0,3.03,1,0.0,1.0,1.0,4816,
1584,64576,-6.0,0.0,3.92,2,0.0,1.0,1.0,4816,
1585,64704,-5.0,0.0,0.0,0,,,1.0,4821,
1586,64704,-3.5,0.0,2.7,1,0.0,0.0,1.0,4821,
1587,64704,-7.0,0.0,5.88,3,0.0,1.0,1.0,4821,
1588,64704,-5.0,0.0,0.0,0,,,1.0,4821,
1589,64768,-7.0,0.0,3.92,2,0.0,1.0,1.0,4825,
1590,64768,-7.0,0.0,3.92,2,0.0,1.0,1.0,4825,
1591,64768,8.6,1.0,0.0,0,,,1.0,4825,
1592,64896,-5.0,0.0,0.0,0,,,1.0,4833,
1593,64896,-4.3,0.0,8.0,2,0.0,0.5,1.0,4833,
1594,64960,-3.3,0.0,13.33,2,0.0,0.5,1.0,4836,
1595,64960,-8.0,0.0,7.84,4,0.0,1.0,1.0,4836,
1596,64960,-10.0,0.0,9.8,5,0.0,1.0,1.0,4836,
1597,64960,-8.0,0.0,5.88,3,0.0,1.0,1.0,4836,
1598,64960,-7.0,0.0,3.92,2,0.5,1.0,1.0,4836,
1599,65024,-8.0,0.0,5.88,3,0.0,1.0,1.0,4841,
1600,65024,-5.0,0.0,1.96,1,0.0,1.0,1.0,4841,
1601,65088,-7.0,0.0,5.88,3,0.3333,1.0,1.0,4844,
1602,65152,6.8,1.0,13.04,3,0.3333,1.0,1.0,4850,
1603,65152,-5.1,0.0,6.06,2,0.0,0.5,1.0,4850,
1604,65152,-1.9,0.0,9.09,1,0.0,0.0,1.0,4850,
1605,65216,-9.0,0.0,7.84,4,0.0,1.0,1.0,4855,
1606,65280,-3.6,0.0,37.5,3,0.0,0.6667,1.0,4857,
1607,65280,-2.0,0.0,16.67,2,0.0,0.5,1.0,4857,
1608,65280,-5.0,0.0,0.0,0,,,1.0,4857,
1609,65344,-7.7,0.0,6.12,3,0.0,0.6667,1.0,4864,
1610,65344,-8.0,0.0,5.88,3,0.0,1.0,1.0,4864,
1611,65344,11.6,1.0,0.0,0,,,1.0,4864,
1612,65536,-6.0,0.0,3.92,2,0.0,1.0,1.0,4876,
1613,65600,-5.0,0.0,1.96,1,0.0,1.0,1.0,4879,
1614,65664,-6.0,0.0,1.96,1,0.0,1.0,1.0,4880,
1615,65792,-6.0,0.0,3.92,2,0.0,1.0,1.0,4885,
1616,65792,-6.0,0.0,1.96,1,0.0,1.0,1.0,4885,
1617,65792,-4.4,0.0,2.78,1,0.0,0.0,1.0,4885,
1618,65856,-9.6,0.0,10.42,5,0.0,0.8,1.0,4891,
1619,65920,-6.0,0.0,3.92,2,0.5,1.0,1.0,4894,
1620,65984,-4.0,0.0,3.12,1,0.0,0.0,1.0,4895,
1621,66112,-8.0,0.0,5.88,3,0.0,1.0,1.0,4902,
1622,66176,-6.0,0.0,1.96,1,0.0,1.0,1.0,4905,
1623,66176,-3.2,0.0,14.29,2,0.0,0.5,1.0,4905,
1624,66240,-6.6,0.0,14.29,4,0.0,0.75,1.0,4909,
1625,66240,10.5,1.0,0.0,0,,,1.0,4909,
1626,66304,8.6,1.0,13.33,2,1.0,1.0,1.0,4911,
1627,66304,-3.6,0.0,7.14,2,0.0,0.5,1.0,4911,
1628,66368,-6.0,0.0,1.96,1,0.0,1.0,1.0,4914,
1629,66368,-5.4,0.0,5.56,2,0.0,0.5,1.0,4914,
1630,66368,-9.0,0.0,7.84,4,0.0,1.0,1.0,4914,
1631,66432,-5.0,0.0,0.0,0,,,1.0,4920,
1632,66432,-2.9,0.0,4.76,1,0.0,0.0,1.0,4920,
1633,66432,-4.5,0.0,7.41,2,0.0,0.5,1.0,4920,
1634,66432,-8.0,0.0,7.84,4,0.0,1.0,1.0,4920,
1635,66496,7.3,1.0,7.14,2,0.5,1.0,1.0,4923,
1636,66496,-7.0,0.0,5.88,3,0.0,1.0,1.0,4923,
1637,66560,-4.0,0.0,0.0,0,,,1.0,4925,
1638,66560,-8.0,0.0,7.84,4,0.0,1.0,1.0,4925,
1639,66624,-8.0,0.0,7.84,4,0.0,1.0,1.0,4927,
1640,66624,-6.0,0.0,3.92,2,0.0,1.0,1.0,4927,
1641,66624,-5.0,0.0,1.96,1,0.0,1.0,1.0,4927,
1642,66624,-9.0,0.0,7.84,4,0.0,1.0,1.0,4927,
1643,66688,-9.0,0.0,7.84,4,0.0,1.0,1.0,4932,
1644,66688,-4.9,0.0,6.45,2,0.0,0.5,1.0,4932,
1645,66688,-4.2,0.0,5.88,2,0.0,0.5,1.0,4932,
1646,66816,-5.0,0.0,1.96,1,0.0,1.0,1.0,4935,
1647,67008,-7.0,0.0,3.92,2,0.0,1.0,1.0,4944,
1648,67136,-6.2,0.0,8.82,3,0.0,0.6667,1.0,4950,
1649,67136,7.3,1.0,50.0,4,0.25,1.0,1.0,4950,
1650,67136,7.6,1.0,8.0,2,0.0,1.0,1.0,4950,
1651,67136,-3.0,0.0,16.67,2,0.0,0.5,1.0,4950,
1652,67264,-1.9,0.0,9.09,1,0.0,0.0,1.0,4955,
1653,67328,-5.2,0.0,8.82,3,0.0,0.6667,1.0,4959,
1654,67392,-6.0,0.0,3.92,2,0.0,1.0,1.0,4960,
1655,67392,-5.0,0.0,0.0,0,,,1.0,4960,
1656,67392,-5.0,0.0,1.96,1,0.0,1.0,1.0,4960,
1657,67520,-2.6,0.0,5.56,1,0.0,0.0,1.0,4967,
1658,67520,-2.5,0.0,5.88,1,0.0,0.0,1.0,4967,
1659,67520,-6.0,0.0,1.96,1,0.0,1.0,1.0,4967,
1660,67520,-5.0,0.0,1.96,1,0.0,1.0,1.0,4967,
1661,67584,8.7,1.0,14.29,2,0.0,1.0,1.0,4968,
1662,67584,-7.0,0.0,5.88,3,0.3333,1.0,1.0,4968,
1663,67584,-8.0,0.0,5.88,3,0.0,1.0,1.0,4968,
1664,67648,-7.0,0.0,3.92,2,0.0,1.0,1.0,4970,
1665,67648,-4.4,0.0,2.78,1,0.0,0.0,1.0,4970,
1666,67776,-5.9,0.0,4.88,2,0.0,0.5,1.0,4972,
1667,67840,-6.0,0.0,1.96,1,0.0,1.0,1.0,4975,
1668,67840,-2.2,0.0,4.17,1,0.0,0.0,1.0,4975,
1669,67840,-8.0,0.0,5.88,3,0.3333,1.0,1.0,4975,
1670,67904,-1.8,0.0,10.0,1,0.0,0.0,1.0,4979,
1671,67968,-3.9,0.0,9.52,2,0.0,0.5,1.0,4981,
1672,67968,8.7,1.0,4.17,1,0.0,1.0,1.0,4981,
1673,67968,-7.0,0.0,3.92,2,0.0,1.0,1.0,4981,
1674,68032,-6.6,0.0,4.17,2,0.0,0.5,1.0,4982,
1675,68032,-6.0,0.0,1.96,1,0.0,1.0,1.0,4982,
1676,68032,-8.0,0.0,7.84,4,0.0,1.0,1.0,4982,
1677,68160,-6.0,0.0,3.92,2,0.0,1.0,1.0,4988,
1678,68160,-8.0,0.0,5.88,3,0.0,1.0,1.0,4988,
1679,68224,-5.0,0.0,0.0,0,,,1.0,4990,
1680,68224,-7.0,0.0,3.92,2,0.0,1.0,1.0,4990,
1681,68224,-6.0,0.0,3.92,2,0.5,1.0,1.0,4990,
1682,68288,-7.0,0.0,3.92,2,0.0,1.0,1.0,4993,
1683,68416,-8.0,0.0,7.84,4,0.5,1.0,1.0,4997,
1684,68544,-8.0,0.0,5.88,3,0.0,1.0,1.0,5000,
1685,68544,-6.0,0.0,1.96,1,0.0,1.0,1.0,5000,
1686,68608,-4.0,0.0,0.0,0,,,1.0,5000,
1687,68736,-3.3,0.0,8.0,2,0.0,0.5,1.0,5004,
1688,68736,4.2,1.0,6.12,3,0.3333,1.0,1.0,5004,
1689,68928,7.6,1.0,2.86,1,0.0,1.0,1.0,5014,
1690,68928,-8.0,0.0,5.88,3,0.0,1.0,1.0,5014,
1691,68928,-4.3,0.0,12.0,3,0.0,0.6667,1.0,5014,
1692,68928,-5.9,0.0,7.32,3,0.0,0.6667,1.0,5014,
1693,68992,-2.3,0.0,6.67,1,0.0,0.0,1.0,5019,
1694,68992,-4.3,0.0,8.0,2,0.0,0.5,1.0,5019,
1695,68992,-3.1,0.0,4.35,1,0.0,0.0,1.0,5019,
1696,69056,-6.0,0.0,1.96,1,0.0,1.0,1.0,5021,
1697,69056,-6.0,0.0,1.96,1,0.0,1.0,1.0,5021,
1698,69056,-7.0,0.0,5.88,3,0.3333,1.0,1.0,5021,
1699,69120,4.5,1.0,6.52,3,0.0,1.0,1.0,5024,
1700,69120,-3.6,0.0,2.63,1,0.0,0.0,1.0,5024,
1701,69120,-5.0,0.0,1.96,1,0.0,1.0,1.0,5024,
1702,69120,-3.5,0.0,3.7,1,0.0,0.0,1.0,5024,
1703,69184,-6.0,0.0,3.92,2,0.0,1.0,1.0,5028,
1704,69248,-7.0,0.0,3.92,2,0.0,1.0,1.0,5031,
1705,69312,-5.3,0.0,2.22,1,0.0,0.0,1.0,5035,
1706,69312,-3.4,0.0,3.85,1,0.0,0.0,1.0,5035,
1707,69376,-2.7,0.0,5.26,1,0.0,0.0,1.0,5039,
1708,69376,-4.0,0.0,0.0,0,,,1.0,5039,
1709,69440,-7.0,0.0,3.92,2,0.0,1.0,1.0,5041,
1710,69504,-8.0,0.0,7.84,4,0.0,1.0,1.0,5042,
1711,69504,-5.6,0.0,2.08,1,0.0,0.0,1.0,5042,
1712,69504,-6.0,0.0,1.96,1,0.0,1.0,1.0,5042,
1713,69568,-4.0,0.0,3.12,1,0.0,0.0,1.0,5044,
1714,69632,-7.0,0.0,5.88,3,0.0,1.0,1.0,5045,
1715,69696,-4.4,0.0,7.69,2,0.0,0.5,1.0,5047,
1716,69760,-6.0,0.0,1.96,1,0.0,1.0,1.0,5047,
1717,69760,-6.0,0.0,1.96,1,0.0,1.0,1.0,5047,
1718,69824,-3.3,0.0,4.0,1,0.0,0.0,1.0,5054,
1719,69824,-5.0,0.0,0.0,0,,,1.0,5054,
1720,69888,-6.0,0.0,1.96,1,0.0,1.0,1.0,5058,
1721,69888,-7.0,0.0,3.92,2,0.0,1.0,1.0,5058,
1722,69952,-3.2,0.0,14.29,2,0.0,0.5,1.0,5063,
1723,69952,-3.8,0.0,2.5,1,0.0,0.0,1.0,5063,
1724,69952,-4.6,0.0,2.63,1,0.0,0.0,1.0,5063,
1725,70080,-3.5,0.0,11.76,2,0.0,0.5,1.0,5070,
1726,70080,-9.0,0.0,7.84,4,0.0,1.0,1.0,5070,
1727,70208,-3.4,0.0,3.85,1,0.0,0.0,1.0,5074,
1728,70272,-6.0,0.0,3.92,2,0.0,1.0,1.0,5076,
1729,70336,-2.4,0.0,6.25,1,0.0,0.0,1.0,5081,
1730,70400,-4.1,0.0,8.7,2,0.0,0.5,1.0,5083,
1731,70400,-7.0,0.0,3.92,2,0.0,1.0,1.0,5083,
1732,70400,-5.0,0.0,0.0,0,,,1.0,5083,
1733,70400,-6.0,0.0,1.96,1,0.0,1.0,1.0,5083,
1734,70464,-2.5,0.0,5.88,1,0.0,0.0,1.0,5090,
1735,70592,-3.7,0.0,3.45,1,0.0,0.0,1.0,5100,
1736,70656,-1.7,0.0,11.11,1,0.0,0.0,1.0,5105,
1737,70784,-7.0,0.0,5.88,3,0.0,1.0,1.0,5108,
1738,70848,8.6,1.0,4.0,1,0.0,1.0,1.0,5114,
1739,70848,-4.0,0.0,0.0,0,,,1.0,5114,
1740,70848,-3.9,0.0,9.52,2,0.0,0.5,1.0,5114,
1741,70848,-7.0,0.0,3.92,2,0.0,1.0,1.0,5114,
1742,70848,-7.0,0.0,5.88,3,0.3333,1.0,1.0,5114,
1743,70848,-5.6,0.0,2.08,1,0.0,0.0,1.0,5114,
1744,70848,-2.9,0.0,4.76,1,0.0,0.0,1.0,5114,
1745,70912,-6.0,0.0,1.96,1,0.0,1.0,1.0,5116,
1746,70912,9.6,1.0,6.67,1,0.0,1.0,1.0,5116,
1747,71040,-5.0,0.0,6.25,2,0.0,0.5,1.0,5122,
1748,71040,-4.1,0.0,3.03,1,0.0,0.0,1.0,5122,
1749,71104,-6.0,0.0,1.96,1,0.0,1.0,1.0,5128,
1750,71104,-8.0,0.0,5.88,3,0.0,1.0,1.0,5128,
1751,71104,-7.0,0.0,5.88,3,0.0,1.0,1.0,5128,
1752,71168,-7.8,0.0,6.0,3,0.0,0.6667,1.0,5130,
1753,71168,-5.0,0.0,1.96,1,0.0,1.0,1.0,5130,
1754,71168,-2.9,0.0,4.76,1,0.0,0.0,1.0,5130,
1755,71232,-8.0,0.0,5.88,3,0.0,1.0,1.0,5134,
1756,71232,-1.8,0.0,5.0,1,0.0,0.0,1.0,5134,
1757,71232,5.5,1.0,8.33,3,0.0,1.0,1.0,5134,
1758,71232,-7.0,0.0,5.88,3,0.0,1.0,1.0,5134,
1759,71296,-6.0,0.0,1.96,1,0.0,1.0,1.0,5137,
1760,71360,9.9,1.0,8.33,1,0.0,1.0,1.0,5137,
1761,71424,-4.4,0.0,18.75,3,0.0,0.6667,1.0,5141,
1762,71424,-6.0,0.0,1.96,1,0.0,1.0,1.0,5141,
1763,71424,-4.0,0.0,6.25,2,0.0,0.5,1.0,5141,
1764,71488,-6.0,0.0,1.96,1,0.0,1.0,1.0,5142,
1765,71488,-6.0,0.0,3.92,2,0.0,1.0,1.0,5142,
1766,71552,5.0,1.0,3.92,2,0.5,1.0,1.0,5146,
1767,71680,-5.0,0.0,0.0,0,,,1.0,5150,
1768,71680,11.4,1.0,0.0,0,,,1.0,5150,
1769,71744,-2.5,0.0,5.88,1,0.0,0.0,1.0,5152,
1770,71808,-2.0,0.0,4.55,1,0.0,0.0,1.0,5158,
1771,71808,-6.0,0.0,3.92,2,0.0,1.0,1.0,5158,
1772,71872,-9.0,0.0,7.84,4,0.0,1.0,1.0,5159,
1773,72000,-6.0,0.0,1.96,1,0.0,1.0,1.0,5165,
1774,72000,-7.5,0.0,10.81,4,0.0,0.75,1.0,5165,
1775,72064,3.5,1.0,8.7,4,0.0,1.0,1.0,5168,
1776,72128,-1.2,0.0,7.14,1,0.0,0.0,1.0,5170,
1777,72192,-6.0,0.0,1.96,1,0.0,1.0,1.0,5173,
1778,72256,-10.0,0.0,9.8,5,0.0,1.0,1.0,5175,
1779,72320,-7.0,0.0,5.88,3,0.6667,1.0,1.0,5176,
1780,72320,-6.0,0.0,3.92,2,0.0,1.0,1.0,5176,
1781,72384,-6.0,0.0,3.92,2,0.0,1.0,1.0,5178,
1782,72384,-3.3,0.0,4.0,1,0.0,0.0,1.0,5178,
1783,72384,-8.0,0.0,7.84,4,0.25,1.0,1.0,5178,
1784,72384,-7.0,0.0,3.92,2,0.0,1.0,1.0,5178,
1785,72448,-5.8,0.0,5.0,2,0.0,0.5,1.0,5181,
1786,72448,-6.0,0.0,1.96,1,0.0,1.0,1.0,5181,
1787,72576,-4.2,0.0,2.94,1,0.0,0.0,1.0,5188,
1788,72576,-8.0,0.0,7.84,4,0.0,1.0,1.0,5188,
1789,72704,-7.0,0.0,5.88,3,0.0,1.0,1.0,5195,
1790,72704,-1.8,0.0,10.0,1,0.0,0.0,1.0,5195,
1791,72704,-6.9,0.0,9.76,4,0.0,0.75,1.0,5195,
1792,72768,-5.0,0.0,1.96,1,0.0,1.0,1.0,5197,
1793,72832,-2.8,0.0,5.0,1,0.0,0.0,1.0,5202,
1794,72832,-5.9,0.0,3.92,2,0.0,0.5,1.0,5202,
1795,72832,-1.9,0.0,9.09,1,0.0,0.0,1.0,5202,
1796,72960,-8.0,0.0,5.88,3,0.0,1.0,1.0,5209,
1797,73024,-6.0,0.0,1.96,1,0.0,1.0,1.0,5213,
1798,73024,-5.0,0.0,1.96,1,0.0,1.0,1.0,5213,
1799,73088,-6.0,0.0,1.96,1,0.0,1.0,1.0,5214,
1800,73088,8.0,1.0,27.27,3,0.3333,1.0,1.0,5214,
1801,73152,-8.0,0.0,5.88,3,0.0,1.0,1.0,5219,
1802,73152,-2.0,0.0,8.33,1,0.0,0.0,1.0,5219,
1803,73216,-6.0,0.0,1.96,1,0.0,1.0,1.0,5221,
1804,73280,-3.3,0.0,4.0,1,0.0,0.0,1.0,5222,
1805,73408,-4.8,0.0,10.0,3,0.0,0.6667,1.0,5227,
1806,73472,-6.0,0.0,3.92,2,0.0,1.0,1.0,5230,
1807,73472,11.5,1.0,0.0,0,,,1.0,5230,
1808,73536,-6.6,0.0,7.89,3,0.0,0.6667,1.0,5232,
1809,73536,-8.0,0.0,5.88,3,0.0,1.0,1.0,5232,
1810,73600,-8.0,0.0,7.84,4,0.0,1.0,1.0,5233,
1811,73600,-6.1,0.0,12.12,4,0.0,0.75,1.0,5233,
1812,73664,-7.0,0.0,5.88,3,0.0,1.0,1.0,5235,
1813,73664,-5.2,0.0,2.27,1,0.0,0.0,1.0,5235,
1814,73728,-5.0,0.0,0.0,0,,,1.0,5236,
1815,73728,-2.8,0.0,10.0,2,0.0,0.5,1.0,5236,
1816,73856,-4.9,0.0,6.45,2,0.0,0.5,1.0,5242,
1817,73920,-4.1,0.0,3.03,1,0.0,0.0,1.0,5246,
1818,73920,-6.5,0.0,4.26,2,0.0,0.5,1.0,5246,
1819,74112,-4.0,0.0,0.0,0,,,1.0,5251,
1820,74112,-3.7,0.0,3.45,1,0.0,0.0,1.0,5251,
1821,74112,-7.0,0.0,3.92,2,0.0,1.0,1.0,5251,
1822,74112,-6.0,0.0,1.96,1,0.0,1.0,1.0,5251,
1823,74112,-8.0,0.0,5.88,3,0.3333,1.0,1.0,5251,
1824,74112,-7.0,0.0,3.92,2,0.0,1.0,1.0,5251,
1825,74112,-5.0,0.0,1.96,1,0.0,1.0,1.0,5251,
1826,74176,-7.0,0.0,5.88,3,0.0,1.0,1.0,5253,
1827,74176,-2.9,0.0,4.76,1,0.0,0.0,1.0,5253,
1828,74240,-7.2,0.0,6.82,3,0.0,0.6667,1.0,5255,
1829,74240,-4.0,0.0,9.09,2,0.0,0.5,1.0,5255,
1830,74304,-6.8,0.0,4.0,2,0.0,0.5,1.0,5259,
1831,74304,-5.0,0.0,0.0,0,,,1.0,5259,
1832,74304,-5.0,0.0,0.0,0,,,1.0,5259,
1833,74368,-5.0,0.0,0.0,0,,,1.0,5259,
1834,74432,-4.8,0.0,2.0,1,0.0,0.0,1.0,5261,
1835,74432,-7.0,0.0,3.92,2,0.0,1.0,1.0,5261,
1836,74432,-6.0,0.0,3.92,2,0.0,1.0,1.0,5261,
1837,74432,-7.0,0.0,5.88,3,0.0,1.0,1.0,5261,
1838,74496,-4.9,0.0,1.96,1,0.0,0.0,1.0,5267,
1839,74560,-8.0,0.0,5.88,3,0.0,1.0,1.0,5270,
1840,74624,-5.0,0.0,0.0,0,,,1.0,5274,
1841,74688,-8.0,0.0,5.88,3,0.0,1.0,1.0,5278,
1842,74688,-8.0,0.0,5.88,3,0.0,1.0,1.0,5278,
1843,74816,-5.7,0.0,2.04,1,0.0,0.0,1.0,5281,
1844,74880,5.6,1.0,4.44,2,0.0,1.0,1.0,5282,
1845,75008,-7.0,0.0,7.14,3,0.0,0.6667,1.0,5286,
1846,75008,-7.0,0.0,5.88,3,0.0,1.0,1.0,5286,
1847,75008,-2.5,0.0,5.88,1,0.0,0.0,1.0,5286,
1848,75072,-2.9,0.0,3.23,1,0.0,0.0,1.0,5289,
1849,75072,-5.0,0.0,1.96,1,0.0,1.0,1.0,5289,
1850,75136,-6.6,0.0,7.89,3,0.0,0.6667,1.0,5293,
1851,75136,6.5,1.0,5.56,2,0.0,1.0,1.0,5293,
1852,75200,-3.0,0.0,16.67,2,0.0,0.5,1.0,5297,
1853,75200,-2.2,0.0,4.17,1,0.0,0.0,1.0,5297,
1854,75264,-5.9,0.0,1.96,1,0.0,0.0,1.0,5300,
1855,75328,-4.7,0.0,10.34,3,0.0,0.6667,1.0,5303,
1856,75328,-5.8,0.0,10.0,3,0.0,0.6667,1.0,5303,
1857,75392,-2.8,0.0,10.0,2,0.0,0.5,1.0,5305,
1858,75456,-4.0,0.0,0.0,0,,,1.0,5305,
1859,75584,-8.0,0.0,7.84,4,0.25,1.0,1.0,5310,
1860,75648,-5.0,0.0,1.96,1,0.0,1.0,1.0,5311,
1861,75648,-5.0,0.0,0.0,0,,,1.0,5311,
1862,75712,-5.0,0.0,0.0,0,,,1.0,5312,
1863,75776,-5.2,0.0,2.27,1,0.0,0.0,1.0,5318,
1864,75840,-8.0,0.0,7.84,4,0.0,1.0,1.0,5322,
1865,75840,-3.9,0.0,6.45,2,0.0,0.5,1.0,5322,
1866,75840,-5.7,0.0,2.04,1,0.0,0.0,1.0,5322,
1867,75840,-7.0,0.0,3.92,2,0.0,1.0,1.0,5322,
1868,75968,3.9,1.0,9.52,4,0.0,1.0,1.0,5326,
1869,75968,-6.0,0.0,3.92,2,0.0,1.0,1.0,5326,
1870,76032,-5.0,0.0,0.0,0,,,1.0,5334,
1871,76032,-3.2,0.0,14.29,2,0.0,0.5,1.0,5334,
1872,76288,-4.0,0.0,0.0,0,,,1.0,5343,
1873,76288,-6.0,0.0,3.92,2,0.0,1.0,1.0,5343,
1874,76352,-5.0,0.0,2.38,1,0.0,0.0,1.0,5346,
1875,76416,-8.0,0.0,5.88,3,0.0,1.0,1.0,5349,
1876,76416,-4.0,0.0,9.09,2,0.0,0.5,1.0,5349,
1877,76416,-5.0,0.0,1.96,1,0.0,1.0,1.0,5349,
1878,76416,-1.7,0.0,11.11,1,0.0,0.0,1.0,5349,
1879,76480,-2.8,0.0,20.0,2,0.0,0.5,1.0,5353,
1880,76480,-7.2,0.0,11.76,4,0.0,0.75,1.0,5353,
1881,76480,-8.0,0.0,5.88,3,0.0,1.0,1.0,5353,
1882,76480,-3.8,0.0,3.33,1,0.0,0.0,1.0,5353,
1883,76480,9.8,1.0,7.69,1,0.0,1.0,1.0,5353,
1884,76544,7.9,1.0,3.12,1,0.0,1.0,1.0,5353,
1885,76736,-9.0,0.0,9.8,5,0.0,1.0,1.0,5362,
1886,76800,-7.0,0.0,3.92,2,0.0,1.0,1.0,5365,
1887,76800,-6.0,0.0,1.96,1,0.0,1.0,1.0,5365,
1888,76800,8.7,1.0,0.0,0,,,1.0,5365,
1889,76864,-6.0,0.0,1.96,1,0.0,1.0,1.0,5367,
1890,76864,-5.0,0.0,1.96,1,0.0,1.0,1.0,5367,
1891,76864,-5.7,0.0,2.04,1,0.0,0.0,1.0,5367,
1892,76928,7.2,1.0,6.9,2,0.0,1.0,1.0,5369,
1893,76992,-5.0,0.0,1.96,1,0.0,1.0,1.0,5372,
1894,77056,11.6,1.0,0.0,0,,,1.0,5374,
1895,77184,-6.6,0.0,4.17,2,0.0,0.5,1.0,5382,
1896,77184,-6.0,0.0,1.96,1,0.0,1.0,1.0,5382,
1897,77184,-5.5,0.0,4.26,2,0.0,0.5,1.0,5382,
1898,77248,5.7,1.0,8.82,3,0.0,1.0,1.0,5383,
1899,77376,-7.0,0.0,5.88,3,0.0,1.0,1.0,5389,
1900,77376,-5.0,0.0,0.0,0,,,1.0,5389,
1901,77376,-7.0,0.0,5.88,3,0.0,1.0,1.0,5389,
1902,77376,-7.0,0.0,3.92,2,0.0,1.0,1.0,5389,
1903,77376,-7.6,0.0,6.25,3,0.0,0.6667,1.0,5389,
1904,77376,-6.0,0.0,3.92,2,0.0,1.0,1.0,5389,
1905,77440,-4.0,0.0,0.0,0,,,1.0,5394,
1906,77504,-5.0,0.0,1.96,1,0.0,1.0,1.0,5396,
1907,77504,-10.0,0.0,11.76,6,0.0,1.0,1.0,5396,
1908,77568,-2.6,0.0,5.56,1,0.0,0.0,1.0,5398,
1909,77568,-8.0,0.0,7.84,4,0.0,1.0,1.0,5398,
1910,77568,8.4,1.0,3.7,1,0.0,1.0,1.0,5398,
1911,77568,8.4,1.0,11.76,2,0.0,1.0,1.0,5398,
1912,77632,-6.0,0.0,1.96,1,0.0,1.0,1.0,5400,
1913,77632,-5.6,0.0,5.26,2,0.5,0.5,1.0,5400,
1914,77632,-4.4,0.0,7.69,2,0.0,0.5,1.0,5400,
1915,77696,-6.0,0.0,1.96,1,0.0,1.0,1.0,5400,
1916,77696,-5.0,0.0,0.0,0,,,1.0,5400,
1917,77696,-7.0,0.0,3.92,2,0.0,1.0,1.0,5400,
1918,77888,9.7,1.0,0.0,0,,,1.0,5403,
1919,77888,-3.0,0.0,4.55,1,0.0,0.0,1.0,5403,
1920,77952,-5.0,0.0,0.0,0,,,1.0,5406,
1921,77952,-5.0,0.0,0.0,0,,,1.0,5406,
1922,78016,-5.1,0.0,2.33,1,0.0,0.0,1.0,5409,
1923,78080,-3.3,0.0,8.0,2,0.0,0.5,1.0,5416,
1924,78080,-5.0,0.0,0.0,0,,,1.0,5416,
1925,78144,-3.4,0.0,3.85,1,0.0,0.0,1.0,5417,
1926,78144,-4.0,0.0,0.0,0,,,1.0,5417,
1927,78208,-4.8,0.0,2.0,1,0.0,0.0,1.0,5418,
1928,78272,-7.0,0.0,3.92,2,0.0,1.0,1.0,5419,
1929,78400,-10.0,0.0,9.8,5,0.0,1.0,1.0,5421,
1930,78464,-5.0,0.0,0.0,0,,,1.0,5421,
1931,78592,-1.4,0.0,6.25,1,0.0,0.0,1.0,5425,
1932,78592,-1.2,0.0,7.14,1,0.0,0.0,1.0,5425,
1933,78592,-5.0,0.0,1.96,1,0.0,1.0,1.0,5425,
1934,78592,-6.0,0.0,3.92,2,0.0,1.0,1.0,5425,
1935,78656,-4.0,0.0,0.0,0,,,1.0,5428,
1936,78720,-1.8,0.0,10.0,1,0.0,0.0,1.0,5432,
1937,78720,-5.0,0.0,0.0,0,,,1.0,5432,
1938,78848,-8.0,0.0,5.88,3,0.0,1.0,1.0,5436,
1939,78912,-4.0,0.0,0.0,0,,,1.0,5441,
1940,78976,-7.0,0.0,3.92,2,0.0,1.0,1.0,5442,
1941,79040,-8.0,0.0,5.88,3,0.0,1.0,1.0,5443,
1942,79104,-8.0,0.0,5.88,3,0.0,1.0,1.0,5445,
1943,79168,-2.4,0.0,3.85,1,0.0,0.0,1.0,5450,
1944,79232,-5.0,0.0,1.96,1,0.0,1.0,1.0,5454,
1945,79232,-1.6,0.0,12.5,1,0.0,0.0,1.0,5454,
1946,79296,-7.0,0.0,3.92,2,0.0,1.0,1.0,5456,
1947,79296,-6.0,0.0,1.96,1,0.0,1.0,1.0,5456,
1948,79424,-5.5,0.0,2.13,1,0.0,0.0,1.0,5460,
1949,79424,-2.6,0.0,3.57,1,0.0,0.0,1.0,5460,
1950,79488,-2.2,0.0,7.14,1,0.0,0.0,1.0,5465,
1951,79488,-7.6,0.0,6.25,3,0.0,0.6667,1.0,5465,
1952,79488,9.0,1.0,4.76,1,0.0,1.0,1.0,5465,
1953,79488,-5.0,0.0,2.38,1,0.0,0.0,1.0,5465,
1954,79552,-5.1,0.0,2.33,1,0.0,0.0,1.0,5467,
1955,79552,-8.0,0.0,5.88,3,0.0,1.0,1.0,5467,
1956,79552,-6.0,0.0,1.96,1,0.0,1.0,1.0,5467,
1957,79616,9.5,1.0,6.25,1,1.0,1.0,1.0,5467,
1958,79680,-1.9,0.0,9.09,1,0.0,0.0,1.0,5469,
1959,79680,-7.9,0.0,5.88,3,0.0,0.6667,1.0,5469,
1960,79744,-4.0,0.0,3.12,1,0.0,0.0,1.0,5472,
1961,79744,-7.0,0.0,3.92,2,0.0,1.0,1.0,5472,
1962,79808,-5.9,0.0,1.96,1,0.0,0.0,1.0,5475,
1963,79872,6.3,1.0,5.26,2,0.0,1.0,1.0,5478,
1964,79936,-5.0,0.0,6.25,2,0.5,0.5,1.0,5483,
1965,80064,-6.0,0.0,1.96,1,0.0,1.0,1.0,5485,
1966,80128,-5.0,0.0,1.96,1,0.0,1.0,1.0,5491,
1967,80128,-6.1,0.0,4.65,2,0.0,0.5,1.0,5491,
1968,80128,-5.0,0.0,0.0,0,,,1.0,5491,
1969,80128,-5.6,0.0,5.26,2,0.0,0.5,1.0,5491,
1970,80128,-6.0,0.0,1.96,1,0.0,1.0,1.0,5491,
1971,80192,-10.0,0.0,11.76,6,0.1667,1.0,1.0,5492,
1972,80256,-6.0,0.0,1.96,1,0.0,1.0,1.0,5492,
1973,80320,-9.0,0.0,9.8,5,0.0,1.0,1.0,5493,
1974,80384,-3.2,0.0,14.29,2,0.0,0.5,1.0,5495,
1975,80448,-2.2,0.0,7.14,1,0.0,0.0,1.0,5499,
1976,80448,-5.0,0.0,1.96,1,0.0,1.0,1.0,5499,
1977,80448,-4.0,0.0,0.0,0,,,1.0,5499,
1978,80448,-5.6,0.0,7.89,3,0.3333,0.6667,1.0,5499,
1979,80448,-6.0,0.0,1.96,1,0.0,1.0,1.0,5499,
1980,80448,-6.2,0.0,4.55,2,0.0,0.5,1.0,5499,
1981,80512,-5.0,0.0,1.96,1,0.0,1.0,1.0,5503,
1982,80576,-2.1,0.0,7.69,1,0.0,0.0,1.0,5509,
1983,80576,-3.2,0.0,14.29,2,0.0,0.5,1.0,5509,
1984,80640,-9.0,0.0,7.84,4,0.0,1.0,1.0,5509,
1985,80640,-7.0,0.0,3.92,2,0.5,1.0,1.0,5509,
1986,80640,-8.0,0.0,7.84,4,0.25,1.0,1.0,5509,
1987,80640,-5.0,0.0,1.96,1,0.0,1.0,1.0,5509,
1988,80640,-6.0,0.0,3.92,2,0.0,1.0,1.0,5509,
1989,80768,-5.0,0.0,0.0,0,,,1.0,5513,
1990,80832,-6.0,0.0,1.96,1,0.0,1.0,1.0,5515,
1991,80832,-5.0,0.0,0.0,0,,,1.0,5515,
1992,80832,-6.9,0.0,3.92,2,0.0,0.5,1.0,5515,
1993,80896,-5.0,0.0,0.0,0,,,1.0,5517,
1994,81088,7.2,1.0,2.56,1,0.0,1.0,1.0,5529,
1995,81152,-1.7,0.0,11.11,1,0.0,0.0,1.0,5533,
1996,81152,-8.0,0.0,5.88,3,0.0,1.0,1.0,5533,
1997,81152,-5.0,0.0,6.25,2,0.0,0.5,1.0,5533,
1998,81216,-4.0,0.0,0.0,0,,,1.0,5535,
1999,81216,8.9,1.0,4.55,1,0.0,1.0,1.0,5535,
2000,81216,-6.0,0.0,1.96,1,0.0,1.0,1.0,5535,
2001,81280,-2.7,0.0,5.26,1,0.0,0.0,1.0,5539,
2002,81280,-3.6,0.0,3.57,1,0.0,0.0,1.0,5539,
2003,81344,-5.0,0.0,1.96,1,0.0,1.0,1.0,5542,
2004,81344,-5.7,0.0,10.34,3,0.0,0.6667,1.0,5542,
2005,81408,-7.0,0.0,5.88,3,0.0,1.0,1.0,5545,
2006,81472,-8.0,0.0,7.84,4,0.0,1.0,1.0,5546,
2007,81536,-1.2,0.0,7.14,1,0.0,0.0,1.0,5551,
2008,81536,-7.0,0.0,5.88,3,0.0,1.0,1.0,5551,
2009,81664,-6.0,0.0,1.96,1,0.0,1.0,1.0,5554,
2010,81728,-5.0,0.0,0.0,0,,,1.0,5555,
2011,81792,7.5,1.0,2.78,1,0.0,1.0,1.0,5558,
2012,81792,-1.4,0.0,6.25,1,0.0,0.0,1.0,5558,
2013,81856,-9.0,0.0,7.84,4,0.0,1.0,1.0,5561,
2014,81920,-7.0,0.0,3.92,2,0.0,1.0,1.0,5562,
2015,81984,-5.0,0.0,0.0,0,,,1.0,5563,
2016,82112,-7.0,0.0,3.92,2,0.0,1.0,1.0,5565,
2017,82176,-8.0,0.0,5.88,3,0.0,1.0,1.0,5568,
2018,82176,-6.4,0.0,4.35,2,0.0,0.5,1.0,5568,
2019,82240,-3.6,0.0,3.57,1,0.0,0.0,1.0,5571,
2020,82304,11.5,1.0,0.0,0,,,1.0,5573,
2021,82304,-6.0,0.0,1.96,1,0.0,1.0,1.0,5573,
2022,82432,-4.4,0.0,2.78,1,0.0,0.0,1.0,5580,
2023,82432,-2.5,0.0,5.88,1,0.0,0.0,1.0,5580,
2024,82432,-5.0,0.0,0.0,0,,,1.0,5580,
2025,82432,-3.6,0.0,3.57,1,0.0,0.0,1.0,5580,
2026,82432,-3.7,0.0,3.45,1,0.0,0.0,1.0,5580,
2027,82496,-7.0,0.0,3.92,2,0.0,1.0,1.0,5581,
2028,82560,-7.0,0.0,5.88,3,0.0,1.0,1.0,5582,
2029,82560,-4.0,0.0,0.0,0,,,1.0,5582,
2030,82624,-5.8,0.0,2.0,1,0.0,0.0,1.0,5584,
2031,82688,-1.3,0.0,6.67,1,0.0,0.0,1.0,5589,
2032,82688,-8.0,0.0,7.84,4,0.0,1.0,1.0,5589,
2033,82688,-3.1,0.0,4.35,1,0.0,0.0,1.0,5589,
2034,82752,-4.1,0.0,6.06,2,0.5,0.5,1.0,5591,
2035,82816,-2.3,0.0,4.0,1,0.0,0.0,1.0,5593,
2036,82816,-3.1,0.0,4.35,1,0.0,0.0,1.0,5593,
2037,82816,-5.0,0.0,0.0,0,,,1.0,5593,
2038,82816,-8.0,0.0,5.88,3,0.0,1.0,1.0,5593,
2039,82880,-5.0,0.0,1.96,1,0.0,1.0,1.0,5594,
2040,82944,-8.0,0.0,7.84,4,0.0,1.0,1.0,5598,
2041,83008,-7.0,0.0,5.88,3,0.0,1.0,1.0,5599,
2042,83136,-6.0,0.0,3.92,2,0.0,1.0,1.0,5604,
2043,83200,-8.0,0.0,5.88,3,0.0,1.0,1.0,5606,
2044,83328,-2.9,0.0,4.76,1,0.0,0.0,1.0,5612,
2045,83392,-7.0,0.0,3.92,2,0.0,1.0,1.0,5613,
2046,83392,-6.0,0.0,3.92,2,0.0,1.0,1.0,5613,
2047,83392,-8.0,0.0,5.88,3,0.0,1.0,1.0,5613,
2048,83392,-8.0,0.0,5.88,3,0.0,1.0,1.0,5613,
2049,83392,-4.5,0.0,7.41,2,0.0,0.5,1.0,5613,
2050,83456,-5.0,0.0,1.96,1,0.0,1.0,1.0,5614,
2051,83456,-2.4,0.0,6.25,1,0.0,0.0,1.0,5614,
2052,83520,-8.0,0.0,7.84,4,0.0,1.0,1.0,5618,
2053,83584,-6.0,0.0,1.96,1,0.0,1.0,1.0,5618,
2054,83648,-6.0,0.0,1.96,1,0.0,1.0,1.0,5621,
2055,83648,9.7,1.0,7.14,1,0.0,1.0,1.0,5621,
2056,83712,-5.0,0.0,0.0,0,,,1.0,5623,
2057,83712,-6.0,0.0,1.96,1,0.0,1.0,1.0,5623,
2058,83712,-6.0,0.0,3.92,2,0.0,1.0,1.0,5623,
2059,83712,-6.0,0.0,3.92,2,0.0,1.0,1.0,5623,
2060,83712,-5.0,0.0,1.96,1,0.0,1.0,1.0,5623,
2061,83776,-5.0,0.0,1.96,1,0.0,1.0,1.0,5626,
2062,83776,-5.3,0.0,4.44,2,0.0,0.5,1.0,5626,
2063,83840,-5.0,0.0,2.38,1,0.0,0.0,1.0,5628,
2064,83904,-5.0,0.0,0.0,0,,,1.0,5630,
2065,83904,-5.0,0.0,6.25,2,0.0,0.5,1.0,5630,
2066,83904,-5.0,0.0,1.96,1,0.0,1.0,1.0,5630,
2067,84096,-5.0,0.0,0.0,0,,,1.0,5642,
2068,84096,-0.9,0.0,9.09,1,0.0,0.0,1.0,5642,
2069,84096,-8.0,0.0,5.88,3,0.0,1.0,1.0,5642,
2070,84096,-4.4,0.0,2.78,1,0.0,0.0,1.0,5642,
2071,84096,-7.9,0.0,5.88,3,0.0,0.6667,1.0,5642,
2072,84160,7.9,1.0,25.0,3,0.0,1.0,1.0,5642,
2073,84352,-6.0,0.0,3.92,2,0.0,1.0,1.0,5650,
2074,84416,-9.0,0.0,9.8,5,0.0,1.0,1.0,5652,
2075,84416,-5.0,0.0,0.0,0,,,1.0,5652,
2076,84480,-6.0,0.0,1.96,1,0.0,1.0,1.0,5654,
2077,84544,-1.6,0.0,5.56,1,0.0,0.0,1.0,5658,
2078,84544,-8.0,0.0,5.88,3,0.0,1.0,1.0,5658,
2079,84544,-5.0,0.0,0.0,0,,,1.0,5658,
2080,84672,-3.2,0.0,4.17,1,0.0,0.0,1.0,5662,
2081,84672,-6.0,0.0,1.96,1,0.0,1.0,1.0,5662,
2082,84736,-4.4,0.0,2.78,1,0.0,0.0,1.0,5670,
2083,84736,-5.8,0.0,7.5,3,0.0,0.6667,1.0,5670,
2084,84736,-6.0,0.0,1.96,1,0.0,1.0,1.0,5670,
2085,84800,-6.0,0.0,1.96,1,0.0,1.0,1.0,5672,
2086,84800,-6.0,0.0,1.96,1,0.0,1.0,1.0,5672,
2087,84864,5.9,1.0,9.38,3,0.0,1.0,1.0,5675,
2088,84928,-5.3,0.0,5.71,2,0.5,0.5,1.0,5679,
2089,84992,-3.1,0.0,15.38,2,0.0,0.5,1.0,5681,
2090,85056,-6.0,0.0,1.96,1,0.0,1.0,1.0,5685,
2091,85248,-4.5,0.0,7.41,2,0.0,0.5,1.0,5691,
2092,85248,8.7,1.0,4.17,1,0.0,1.0,1.0,5691,
2093,85376,-8.0,0.0,5.88,3,0.0,1.0,1.0,5692,
2094,85440,-6.0,0.0,1.96,1,0.0,1.0,1.0,5693,
2095,85504,-8.0,0.0,5.88,3,0.0,1.0,1.0,5695,
2096,85568,-7.0,0.0,3.92,2,0.0,1.0,1.0,5695,
2097,85568,-7.0,0.0,3.92,2,0.0,1.0,1.0,5695,
2098,85696,-7.0,0.0,3.92,2,0.0,1.0,1.0,5698,
2099,85696,-5.0,0.0,0.0,0,,,1.0,5698,
2100,85696,-6.0,0.0,1.96,1,1.0,1.0,1.0,5698,
2101,85760,-4.0,0.0,0.0,0,,,1.0,5701,
2102,85824,-3.4,0.0,12.5,2,0.0,0.5,1.0,5706,
2103,85824,-7.0,0.0,5.88,3,0.0,1.0,1.0,5706,
2104,85824,-5.0,0.0,0.0,0,,,1.0,5706,
2105,85888,-6.0,0.0,1.96,1,0.0,1.0,1.0,5706,
2106,85952,-6.0,0.0,1.96,1,0.0,1.0,1.0,5710,
2107,85952,-8.0,0.0,5.88,3,0.0,1.0,1.0,5710,
2108,85952,-7.0,0.0,12.5,4,0.0,0.75,1.0,5710,
2109,85952,-6.7,0.0,7.69,3,0.3333,0.6667,1.0,5710,
2110,86080,-2.9,0.0,4.76,1,0.0,0.0,1.0,5714,
2111,86080,-6.0,0.0,1.96,1,0.0,1.0,1.0,5714,
2112,86080,-6.0,0.0,1.96,1,0.0,1.0,1.0,5714,
2113,86080,-7.0,0.0,3.92,2,0.0,1.0,1.0,5714,
2114,86144,-6.0,0.0,1.96,1,0.0,1.0,1.0,5715,
2115,86144,-4.4,0.0,7.69,2,0.0,0.5,1.0,5715,
2116,86208,-6.0,0.0,1.96,1,0.0,1.0,1.0,5717,
2117,86208,-4.6,0.0,2.63,1,0.0,0.0,1.0,5717,
2118,86272,-5.0,0.0,0.0,0,,,1.0,5719,
2119,86400,10.0,1.0,9.09,1,0.0,1.0,1.0,5726,
2120,86400,-2.2,0.0,7.14,1,0.0,0.0,1.0,5726,
2121,86464,-6.5,0.0,8.11,3,0.0,0.6667,1.0,5727,
2122,86464,-4.0,0.0,0.0,0,,,1.0,5727,
2123,86528,-5.9,0.0,9.68,3,0.0,0.6667,1.0,5730,
2124,86592,-6.0,0.0,1.96,1,0.0,1.0,1.0,5733,
2125,86656,-6.0,0.0,1.96,1,0.0,1.0,1.0,5740,
2126,86656,-9.0,0.0,7.84,4,0.0,1.0,1.0,5740,
2127,86720,-6.0,0.0,1.96,1,0.0,1.0,1.0,5745,
2128,86720,-2.6,0.0,5.56,1,0.0,0.0,1.0,5745,
2129,86784,-2.8,0.0,20.0,2,0.0,0.5,1.0,5747,
2130,86848,-7.0,0.0,3.92,2,0.0,1.0,1.0,5749,
2131,86912,-6.8,0.0,4.0,2,0.0,0.5,1.0,5753,
2132,86912,-8.0,0.0,5.88,3,0.0,1.0,1.0,5753,
2133,86912,-7.0,0.0,5.88,3,0.0,1.0,1.0,5753,
2134,86976,-4.0,0.0,0.0,0,,,1.0,5755,
2135,86976,-4.3,0.0,2.86,1,0.0,0.0,1.0,5755,
2136,86976,-7.0,0.0,3.92,2,0.0,1.0,1.0,5755,
2137,86976,-6.0,0.0,3.92,2,0.0,1.0,1.0,5755,
2138,87040,-6.0,0.0,1.96,1,0.0,1.0,1.0,5756,
2139,87104,-4.3,0.0,2.86,1,0.0,0.0,1.0,5759,
2140,87104,-6.0,0.0,1.96,1,0.0,1.0,1.0,5759,
2141,87168,-9.0,0.0,7.84,4,0.0,1.0,1.0,5763,
2142,87168,-8.0,0.0,5.88,3,0.0,1.0,1.0,5763,
2143,87232,-4.2,0.0,8.33,2,0.0,0.5,1.0,5766,
2144,87296,7.8,1.0,8.7,2,0.0,1.0,1.0,5769,
2145,87360,-6.0,0.0,1.96,1,0.0,1.0,1.0,5772,
2146,87360,-3.0,0.0,4.55,1,0.0,0.0,1.0,5772,
2147,87360,-7.0,0.0,3.92,2,0.5,1.0,1.0,5772,
2148,87360,-6.0,0.0,1.96,1,0.0,1.0,1.0,5772,
2149,87360,-7.0,0.0,3.92,2,0.0,1.0,1.0,5772,
2150,87424,-3.1,0.0,4.35,1,0.0,0.0,1.0,5775,
2151,87424,-6.5,0.0,8.11,3,0.0,0.6667,1.0,5775,
2152,87552,-3.8,0.0,2.5,1,0.0,0.0,1.0,5780,
2153,87616,-6.0,0.0,3.92,2,0.0,1.0,1.0,5783,
2154,87680,-6.0,0.0,1.96,1,0.0,1.0,1.0,5788,
2155,87680,-6.8,0.0,13.33,4,0.25,0.75,1.0,5788,
2156,87680,-6.0,0.0,3.92,2,0.0,1.0,1.0,5788,
2157,87744,-4.2,0.0,2.94,1,0.0,0.0,1.0,5791,
2158,87808,-9.0,0.0,9.8,5,0.0,1.0,1.0,5792,
2159,87808,-5.0,0.0,0.0,0,,,1.0,5792,
2160,87808,-3.4,0.0,3.85,1,0.0,0.0,1.0,5792,
2161,87872,-3.6,0.0,7.14,2,0.0,0.5,1.0,5795,
2162,87936,-4.3,0.0,2.86,1,0.0,0.0,1.0,5796,
2163,87936,-5.0,0.0,0.0,0,,,1.0,5796,
2164,87936,-4.0,0.0,0.0,0,,,1.0,5796,
2165,88000,-6.0,0.0,1.96,1,0.0,1.0,1.0,5799,
2166,88064,-7.0,0.0,5.88,3,0.0,1.0,1.0,5802,
2167,88128,-2.9,0.0,4.76,1,0.0,0.0,1.0,5806,
2168,88192,-5.0,0.0,0.0,0,,,1.0,5809,
2169,88256,-3.9,0.0,9.52,2,0.0,0.5,1.0,5816,
2170,88256,-3.8,0.0,10.0,2,0.0,0.5,1.0,5816,
2171,88256,6.7,1.0,5.88,2,0.0,1.0,1.0,5816,
2172,88320,-1.6,0.0,12.5,1,0.0,0.0,1.0,5819,
2173,88512,-7.0,0.0,3.92,2,0.0,1.0,1.0,5830,
2174,88512,-6.0,0.0,1.96,1,0.0,1.0,1.0,5830,
2175,88640,-7.0,0.0,3.92,2,0.0,1.0,1.0,5833,
2176,88704,-10.0,0.0,11.76,6,0.0,1.0,1.0,5835,
2177,88768,-4.3,0.0,5.71,2,0.0,0.5,1.0,5838,
2178,88832,-5.1,0.0,2.33,1,0.0,0.0,1.0,5842,
2179,89088,-6.0,0.0,1.96,1,0.0,1.0,1.0,5850,
2180,89088,-7.0,0.0,5.88,3,0.0,1.0,1.0,5850,
2181,89152,-7.8,0.0,8.0,4,0.0,0.75,1.0,5853,
2182,89152,-10.0,0.0,9.8,5,0.0,1.0,1.0,5853,
2183,89216,-7.0,0.0,5.88,3,0.0,1.0,1.0,5858,
2184,89216,-5.7,0.0,2.04,1,0.0,0.0,1.0,5858,
2185,89344,-3.5,0.0,11.76,2,0.0,0.5,1.0,5864,
2186,89408,-3.9,0.0,9.52,2,0.0,0.5,1.0,5870,
2187,89408,-7.0,0.0,7.14,3,0.0,0.6667,1.0,5870,
2188,89408,-4.1,0.0,13.04,3,0.0,0.6667,1.0,5870,
2189,89408,8.3,1.0,11.11,2,0.5,1.0,1.0,5870,
2190,89472,-6.0,0.0,1.96,1,0.0,1.0,1.0,5871,
2191,89472,-4.3,0.0,2.86,1,0.0,0.0,1.0,5871,
2192,89472,-7.0,0.0,3.92,2,0.0,1.0,1.0,5871,
2193,89536,-5.0,0.0,1.96,1,0.0,1.0,1.0,5872,
2194,89600,-3.8,0.0,3.33,1,0.0,0.0,1.0,5874,
2195,89664,-6.0,0.0,3.92,2,0.0,1.0,1.0,5876,
2196,89664,-6.0,0.0,1.96,1,0.0,1.0,1.0,5876,
2197,89664,-3.6,0.0,3.57,1,0.0,0.0,1.0,5876,
2198,89728,-8.0,0.0,5.88,3,0.0,1.0,1.0,5880,
2199,89728,-6.0,0.0,3.92,2,0.0,1.0,1.0,5880,
2200,89792,-4.0,0.0,3.12,1,0.0,0.0,1.0,5881,
2201,89856,-5.0,0.0,0.0,0,,,1.0,5888,
2202,89920,-7.0,0.0,3.92,2,0.0,1.0,1.0,5891,
2203,89920,-8.0,0.0,5.88,3,0.0,1.0,1.0,5891,
2204,89920,-4.7,0.0,2.56,1,0.0,0.0,1.0,5891,
2205,89984,-7.0,0.0,5.88,3,0.3333,1.0,1.0,5893,
2206,90048,8.2,1.0,10.53,2,0.0,1.0,1.0,5893,
2207,90112,-7.6,0.0,8.33,4,0.0,0.75,1.0,5897,
2208,90112,-6.0,0.0,1.96,1,0.0,1.0,1.0,5897,
2209,90112,4.7,1.0,6.82,3,0.0,1.0,1.0,5897,
2210,90112,-3.7,0.0,3.45,1,0.0,0.0,1.0,5897,
2211,90176,-6.0,0.0,3.92,2,0.0,1.0,1.0,5901,
2212,90176,-6.0,0.0,1.96,1,1.0,1.0,1.0,5901,
2213,90176,-4.7,0.0,2.56,1,0.0,0.0,1.0,5901,
2214,90240,-6.0,0.0,1.96,1,0.0,1.0,1.0,5902,
2215,90240,-7.0,0.0,3.92,2,0.0,1.0,1.0,5902,
2216,90240,-8.0,0.0,7.84,4,0.0,1.0,1.0,5902,
2217,90368,-8.0,0.0,5.88,3,0.0,1.0,1.0,5903,
2218,90368,-5.0,0.0,0.0,0,,,1.0,5903,
2219,90368,11.0,1.0,0.0,0,,,1.0,5903,
2220,90432,-7.0,0.0,5.88,3,0.0,1.0,1.0,5904,
2221,90432,-7.0,0.0,5.88,3,0.0,1.0,1.0,5904,
2222,90624,-6.0,0.0,1.96,1,0.0,1.0,1.0,5914,
2223,90624,-8.0,0.0,5.88,3,0.0,1.0,1.0,5914,
2224,90624,-7.0,0.0,3.92,2,0.0,1.0,1.0,5914,
2225,90624,-6.0,0.0,3.92,2,0.0,1.0,1.0,5914,
2226,90624,-7.4,0.0,6.52,3,0.0,0.6667,1.0,5914,
2227,90624,-8.0,0.0,7.84,4,0.0,1.0,1.0,5914,
2228,90688,-5.0,0.0,0.0,0,,,1.0,5919,
2229,90688,8.6,1.0,4.0,1,0.0,1.0,1.0,5919,
2230,90752,-3.2,0.0,4.17,1,0.0,0.0,1.0,5920,
2231,90816,-5.0,0.0,0.0,0,,,1.0,5923,
2232,90880,-7.0,0.0,3.92,2,0.0,1.0,1.0,5923,
2233,91072,-6.0,0.0,1.96,1,0.0,1.0,1.0,5933,
2234,91072,-2.1,0.0,7.69,1,0.0,0.0,1.0,5933,
2235,91072,-5.0,0.0,0.0,0,,,1.0,5933,
2236,91200,-9.0,0.0,7.84,4,0.0,1.0,1.0,5941,
2237,91200,-6.0,0.0,3.92,2,0.0,1.0,1.0,5941,
2238,91200,-5.7,0.0,13.79,4,0.0,0.75,1.0,5941,
2239,91200,-2.8,0.0,10.0,2,0.0,0.5,1.0,5941,
2240,91200,-5.0,0.0,2.38,1,0.0,0.0,1.0,5941,
2241,91264,-5.0,0.0,0.0,0,,,1.0,5941,
2242,91328,-6.0,0.0,4.76,2,0.0,0.5,1.0,5944,
2243,91392,-5.0,0.0,0.0,0,,,1.0,5947,
2244,91456,-6.0,0.0,1.96,1,0.0,1.0,1.0,5950,
2245,91456,-1.4,0.0,16.67,1,0.0,0.0,1.0,5950,
2246,91584,-6.0,0.0,1.96,1,0.0,1.0,1.0,5958,
2247,91648,-3.8,0.0,10.0,2,0.0,0.5,1.0,5960,
2248,91648,4.6,1.0,6.67,3,0.0,1.0,1.0,5960,
2249,91648,-4.3,0.0,2.86,1,0.0,0.0,1.0,5960,
2250,91776,7.4,1.0,17.65,3,0.3333,1.0,1.0,5963,
2251,91776,9.3,1.0,5.56,1,0.0,1.0,1.0,5963,
2252,91776,-5.0,0.0,0.0,0,,,1.0,5963,
2253,91840,-3.7,0.0,10.53,2,0.0,0.5,1.0,5967,
2254,91904,-4.6,0.0,7.14,2,0.0,0.5,1.0,5970,
2255,91904,-4.0,0.0,3.12,1,0.0,0.0,1.0,5970,
2256,91968,-5.0,0.0,0.0,0,,,1.0,5972,
2257,91968,-3.6,0.0,3.57,1,0.0,0.0,1.0,5972,
2258,91968,-4.8,0.0,2.5,1,0.0,0.0,1.0,5972,
2259,92032,-6.2,0.0,4.55,2,0.0,0.5,1.0,5977,
2260,92032,-5.8,0.0,5.0,2,0.0,0.5,1.0,5977,
2261,92032,-2.0,0.0,8.33,1,0.0,0.0,1.0,5977,
2262,92352,-6.2,0.0,8.82,3,0.0,0.6667,1.0,5986,
2263,92352,-6.0,0.0,1.96,1,1.0,1.0,1.0,5986,
2264,92416,-6.0,0.0,3.92,2,0.0,1.0,1.0,5986,
2265,92416,-7.0,0.0,3.92,2,0.0,1.0,1.0,5986,
2266,92480,-2.4,0.0,6.25,1,0.0,0.0,1.0,5990,
2267,92544,6.6,1.0,2.22,1,0.0,1.0,1.0,5993,
2268,92672,-5.0,0.0,9.38,3,0.0,0.6667,1.0,5996,
2269,92672,-4.0,0.0,0.0,0,,,1.0,5996,
2270,92672,-6.0,0.0,1.96,1,0.0,1.0,1.0,5996,
2271,92736,-8.0,0.0,5.88,3,0.0,1.0,1.0,5998,
2272,92736,-10.0,0.0,11.76,6,0.0,1.0,1.0,5998,
2273,92800,-8.0,0.0,7.84,4,0.0,1.0,1.0,6001,
2274,92864,-10.0,0.0,9.8,5,0.0,1.0,1.0,6004,
2275,92928,-6.7,0.0,4.08,2,0.0,0.5,1.0,6009,
2276,92928,-6.0,0.0,1.96,1,0.0,1.0,1.0,6009,
2277,92992,-9.0,0.0,9.8,5,0.0,1.0,1.0,6012,
2278,92992,-5.0,0.0,0.0,0,,,1.0,6012,
2279,93184,-3.7,0.0,3.45,1,0.0,0.0,1.0,6022,
2280,93184,-7.0,0.0,3.92,2,0.0,1.0,1.0,6022,
2281,93184,-5.6,0.0,2.08,1,0.0,0.0,1.0,6022,
2282,93184,-6.0,0.0,1.96,1,0.0,1.0,1.0,6022,
2283,93248,-5.0,0.0,0.0,0,,,1.0,6026,
2284,93312,-6.0,0.0,1.96,1,0.0,1.0,1.0,6029,
2285,93312,-2.1,0.0,7.69,1,0.0,0.0,1.0,6029,
2286,93376,-5.0,0.0,0.0,0,,,1.0,6029,
2287,93376,-5.0,0.0,0.0,0,,,1.0,6029,
2288,93440,-2.0,0.0,8.33,1,0.0,0.0,1.0,6031,
2289,93440,-7.0,0.0,3.92,2,0.0,1.0,1.0,6031,
2290,93440,-4.4,0.0,7.69,2,0.0,0.5,1.0,6031,
2291,93504,-4.2,0.0,8.33,2,0.0,0.5,1.0,6034,
2292,93504,6.6,1.0,2.22,1,0.0,1.0,1.0,6034,
2293,93504,-9.0,0.0,7.84,4,0.0,1.0,1.0,6034,
2294,93504,-5.0,0.0,0.0,0,,,1.0,6034,
2295,93504,-3.4,0.0,3.85,1,0.0,0.0,1.0,6034,
2296,93632,-5.0,0.0,1.96,1,0.0,1.0,1.0,6039,
2297,93632,-5.0,0.0,1.96,1,0.0,1.0,1.0,6039,
2298,93696,-9.6,0.0,10.42,5,0.0,0.8,1.0,6042,
2299,93696,-10.0,0.0,9.8,5,0.2,1.0,1.0,6042,
2300,93696,-6.0,0.0,1.96,1,0.0,1.0,1.0,6042,
2301,93696,9.3,1.0,25.0,2,0.0,1.0,1.0,6042,
2302,93760,-5.7,0.0,2.04,1,0.0,0.0,1.0,6045,
2303,93952,-8.0,0.0,5.88,3,0.0,1.0,1.0,6048,
2304,94016,-5.9,0.0,1.96,1,0.0,0.0,1.0,6049,
2305,94080,-5.0,0.0,1.96,1,0.0,1.0,1.0,6050,
2306,94144,-8.0,0.0,7.84,4,0.0,1.0,1.0,6052,
2307,94336,-8.0,0.0,5.88,3,0.0,1.0,1.0,6060,
2308,94336,-5.0,0.0,0.0,0,,,1.0,6060,
2309,94400,-6.5,0.0,18.52,5,0.0,0.8,1.0,6065,
2310,94464,-5.0,0.0,0.0,0,,,1.0,6067,
2311,94464,-7.0,0.0,3.92,2,0.0,1.0,1.0,6067,
2312,94464,-5.0,0.0,0.0,0,,,1.0,6067,
2313,94464,-6.0,0.0,1.96,1,0.0,1.0,1.0,6067,
2314,94464,-4.0,0.0,0.0,0,,,1.0,6067,
2315,94528,-3.4,0.0,3.85,1,0.0,0.0,1.0,6070,
2316,94592,-3.9,0.0,2.44,1,0.0,0.0,1.0,6075,
2317,94656,-8.0,0.0,7.84,4,0.0,1.0,1.0,6078,
2318,94720,-4.0,0.0,0.0,0,,,1.0,6081,
2319,94848,-6.0,0.0,3.92,2,0.0,1.0,1.0,6086,
2320,94912,-9.0,0.0,7.84,4,0.0,1.0,1.0,6088,
2321,94912,-3.4,0.0,3.85,1,0.0,0.0,1.0,6088,
2322,94912,-7.0,0.0,5.88,3,0.0,1.0,1.0,6088,
2323,94912,-7.0,0.0,3.92,2,0.0,1.0,1.0,6088,
2324,95040,-6.0,0.0,1.96,1,0.0,1.0,1.0,6094,
2325,95040,-6.0,0.0,4.76,2,0.0,0.5,1.0,6094,
2326,95040,-3.2,0.0,8.33,2,0.0,0.5,1.0,6094,
2327,95040,-7.0,0.0,3.92,2,0.0,1.0,1.0,6094,
2328,95168,-7.0,0.0,3.92,2,0.0,1.0,1.0,6098,
2329,95168,-5.0,0.0,0.0,0,,,1.0,6098,
2330,95232,-6.0,0.0,1.96,1,0.0,1.0,1.0,6098,
2331,95296,-8.0,0.0,5.88,3,0.0,1.0,1.0,6101,
2332,95296,-4.0,0.0,0.0,0,,,1.0,6101,
2333,95296,-4.0,0.0,0.0,0,,,1.0,6101,
2334,95360,11.4,1.0,0.0,0,,,1.0,6102,
2335,95424,-4.9,0.0,2.44,1,0.0,0.0,1.0,6105,
2336,95424,-6.1,0.0,4.65,2,0.0,0.5,1.0,6105,
2337,95616,-3.6,0.0,2.63,1,0.0,0.0,1.0,6108,
2338,95616,-7.0,0.0,3.92,2,0.5,1.0,1.0,6108,
2339,95680,-6.0,0.0,1.96,1,0.0,1.0,1.0,6108,
2340,95680,-7.0,0.0,3.92,2,0.0,1.0,1.0,6108,
2341,95808,-2.5,0.0,5.88,1,0.0,0.0,1.0,6114,
2342,95808,-5.0,0.0,0.0,0,,,1.0,6114,
2343,95808,10.9,1.0,0.0,0,,,1.0,6114,
2344,96000,-8.0,0.0,5.88,3,0.0,1.0,1.0,6116,
2345,96000,-4.0,0.0,0.0,0,,,1.0,6116,
2346,96192,-7.0,0.0,5.88,3,0.0,1.0,1.0,6121,
2347,96192,-7.0,0.0,5.88,3,0.0,1.0,1.0,6121,
2348,96256,-4.5,0.0,7.41,2,0.0,0.5,1.0,6125,
2349,96256,-6.0,0.0,3.92,2,0.0,1.0,1.0,6125,
2350,96256,-6.0,0.0,3.92,2,0.0,1.0,1.0,6125,
2351,96256,7.2,1.0,15.79,3,0.0,1.0,1.0,6125,
2352,96320,-5.2,0.0,4.55,2,0.0,0.5,1.0,6132,
2353,96384,5.3,1.0,4.17,2,0.0,1.0,1.0,6135,
2354,96448,-4.0,0.0,0.0,0,,,1.0,6138,
2355,96448,-7.0,0.0,3.92,2,0.0,1.0,1.0,6138,
2356,96448,-6.6,0.0,6.25,3,0.0,0.6667,1.0,6138,
2357,96512,7.2,1.0,2.56,1,0.0,1.0,1.0,6140,
2358,96512,11.0,1.0,0.0,0,,,1.0,6140,
2359,96576,-2.5,0.0,3.7,1,0.0,0.0,1.0,6143,
2360,96576,-4.0,0.0,0.0,0,,,1.0,6143,
2361,96640,-7.0,0.0,3.92,2,0.0,1.0,1.0,6144,
2362,96704,-7.0,0.0,5.88,3,0.0,1.0,1.0,6145,
2363,96704,-4.0,0.0,0.0,0,,,1.0,6145,
2364,96704,-4.0,0.0,0.0,0,,,1.0,6145,
2365,96768,-5.0,0.0,0.0,0,,,1.0,6147,
2366,96768,-9.0,0.0,9.8,5,0.0,1.0,1.0,6147,
2367,96768,-4.0,0.0,0.0,0,,,1.0,6147,
2368,96832,-3.6,0.0,2.63,1,0.0,0.0,1.0,6151,
2369,96832,10.6,1.0,20.0,1,0.0,1.0,1.0,6151,
2370,96896,-5.0,0.0,0.0,0,,,1.0,6153,
2371,96896,-6.0,0.0,1.96,1,0.0,1.0,1.0,6153,
2372,96960,-5.0,0.0,0.0,0,,,1.0,6154,
2373,96960,-6.0,0.0,1.96,1,0.0,1.0,1.0,6154,
2374,96960,-8.0,0.0,7.84,4,0.0,1.0,1.0,6154,
2375,96960,-8.0,0.0,5.88,3,0.0,1.0,1.0,6154,
2376,97024,-5.0,0.0,0.0,0,,,1.0,6156,
2377,97088,8.3,1.0,3.57,1,0.0,1.0,1.0,6157,
2378,97152,-3.1,0.0,15.38,2,0.0,0.5,1.0,6160,
2379,97216,-7.0,0.0,3.92,2,0.0,1.0,1.0,6162,
2380,97280,-2.9,0.0,3.23,1,0.0,0.0,1.0,6167,
2381,97344,-6.0,0.0,3.92,2,0.0,1.0,1.0,6170,
2382,97344,-2.9,0.0,4.76,1,0.0,0.0,1.0,6170,
2383,97344,-2.0,0.0,8.33,1,0.0,0.0,1.0,6170,
2384,97408,-5.0,0.0,1.96,1,0.0,1.0,1.0,6172,
2385,97600,-9.0,0.0,7.84,4,0.25,1.0,1.0,6179,
2386,97600,-6.0,0.0,1.96,1,0.0,1.0,1.0,6179,
2387,97600,7.3,1.0,2.63,1,0.0,1.0,1.0,6179,
2388,97664,-4.0,0.0,9.09,2,0.0,0.5,1.0,6185,
2389,97728,-7.0,0.0,3.92,2,0.0,1.0,1.0,6189,
2390,97728,-7.0,0.0,3.92,2,0.0,1.0,1.0,6189,
2391,97728,-7.0,0.0,3.92,2,0.0,1.0,1.0,6189,
2392,97728,-5.0,0.0,1.96,1,0.0,1.0,1.0,6189,
2393,97728,-6.0,0.0,3.92,2,0.0,1.0,1.0,6189,
2394,97856,-5.0,0.0,0.0,0,,,1.0,6192,
2395,97856,5.3,1.0,7.89,3,0.0,1.0,1.0,6192,
2396,97920,-9.0,0.0,7.84,4,0.0,1.0,1.0,6193,
2397,98176,-7.0,0.0,3.92,2,0.0,1.0,1.0,6197,
2398,98176,-6.0,0.0,1.96,1,0.0,1.0,1.0,6197,
2399,98176,-6.0,0.0,3.92,2,0.0,1.0,1.0,6197,
2400,98304,-3.9,0.0,9.52,2,0.0,0.5,1.0,6202,
2401,98304,-7.0,0.0,5.88,3,0.0,1.0,1.0,6202,
2402,98304,-5.0,0.0,1.96,1,0.0,1.0,1.0,6202,
2403,98368,-5.2,0.0,5.88,2,0.0,0.5,1.0,6204,
2404,98368,10.6,1.0,0.0,0,,,1.0,6204,
2405,98432,-6.0,0.0,1.96,1,0.0,1.0,1.0,6207,
2406,98432,-6.7,0.0,4.08,2,0.0,0.5,1.0,6207,
2407,98496,8.9,1.0,4.55,1,0.0,1.0,1.0,6211,
2408,98496,-6.0,0.0,1.96,1,0.0,1.0,1.0,6211,
2409,98496,-5.3,0.0,2.22,1,0.0,0.0,1.0,6211,
2410,98496,-6.7,0.0,10.26,4,0.0,0.75,1.0,6211,
2411,98560,7.8,1.0,3.03,1,0.0,1.0,1.0,6211,
2412,98624,-3.2,0.0,14.29,2,0.0,0.5,1.0,6214,
2413,98624,-5.0,0.0,1.96,1,0.0,1.0,1.0,6214,
2414,98624,-4.5,0.0,2.7,1,0.0,0.0,1.0,6214,
2415,98688,-6.3,0.0,6.67,3,0.3333,0.6667,1.0,6217,
2416,98688,-8.0,0.0,5.88,3,0.0,1.0,1.0,6217,
2417,98816,-1.5,0.0,5.88,1,0.0,0.0,1.0,6221,
2418,98880,-5.0,0.0,1.96,1,0.0,1.0,1.0,6224,
2419,98944,-8.0,0.0,5.88,3,0.0,1.0,1.0,6226,
2420,98944,-5.0,0.0,0.0,0,,,1.0,6226,
2421,99008,9.5,1.0,0.0,0,,,1.0,6226,
2422,99072,-4.0,0.0,0.0,0,,,1.0,6227,
2423,99200,-3.8,0.0,3.33,1,0.0,0.0,1.0,6230,
2424,99456,-3.7,0.0,2.56,1,0.0,0.0,1.0,6235,
2425,99456,-8.0,0.0,7.84,4,0.0,1.0,1.0,6235,
2426,99520,-8.0,0.0,5.88,3,0.0,1.0,1.0,6237,
2427,99520,-6.0,0.0,1.96,1,0.0,1.0,1.0,6237,
2428,99584,-3.8,0.0,3.33,1,0.0,0.0,1.0,6241,
2429,99584,8.9,1.0,16.67,2,0.0,1.0,1.0,6241,
2430,99648,-6.0,0.0,1.96,1,0.0,1.0,1.0,6243,
2431,99648,-7.4,0.0,6.52,3,0.0,0.6667,1.0,6243,
2432,99712,-3.5,0.0,2.7,1,0.0,0.0,1.0,6245,
2433,99712,-6.0,0.0,3.92,2,0.0,1.0,1.0,6245,
2434,99712,-5.0,0.0,0.0,0,,,1.0,6245,
2435,99776,-6.0,0.0,1.96,1,0.0,1.0,1.0,6246,
2436,99840,-4.0,0.0,0.0,0,,,1.0,6247,
2437,99904,-5.0,0.0,1.96,1,0.0,1.0,1.0,6248,
2438,99968,-6.0,0.0,3.92,2,0.5,1.0,1.0,6251,
2439,99968,-4.1,0.0,8.7,2,0.0,0.5,1.0,6251,
2440,99968,-6.0,0.0,1.96,1,1.0,1.0,1.0,6251,
2441,100032,-5.0,0.0,1.96,1,0.0,1.0,1.0,6254,
2442,100032,-4.8,0.0,2.0,1,0.0,0.0,1.0,6254,
2443,100032,-6.0,0.0,1.96,1,0.0,1.0,1.0,6254,
2444,100032,-5.0,0.0,0.0,0,,,1.0,6254,
2445,100096,-7.0,0.0,3.92,2,0.0,1.0,1.0,6257,
2446,100096,-2.4,0.0,6.25,1,0.0,0.0,1.0,6257,
2447,100160,-7.0,0.0,5.88,3,0.3333,1.0,1.0,6257,
2448,100160,-6.0,0.0,1.96,1,0.0,1.0,1.0,6257,
2449,100224,-5.0,0.0,0.0,0,,,1.0,6259,
2450,100224,-6.7,0.0,7.69,3,0.0,0.6667,1.0,6259,
2451,100224,-8.0,0.0,5.88,3,0.0,1.0,1.0,6259,
2452,100288,-5.0,0.0,1.96,1,0.0,1.0,1.0,6260,
2453,100288,-2.8,0.0,5.0,1,0.0,0.0,1.0,6260,
2454,100352,-3.1,0.0,4.35,1,0.0,0.0,1.0,6263,
2455,100416,-5.0,0.0,0.0,0,,,1.0,6265,
2456,100480,-4.0,0.0,0.0,0,,,1.0,6266,
2457,100608,-5.0,0.0,1.96,1,0.0,1.0,1.0,6267,
2458,100672,-4.0,0.0,3.12,1,0.0,0.0,1.0,6269,
2459,100736,-2.7,0.0,5.26,1,0.0,0.0,1.0,6271,
2460,100864,-6.0,0.0,1.96,1,0.0,1.0,1.0,6273,
2461,100864,-5.0,0.0,0.0,0,,,1.0,6273,
2462,100864,-5.0,0.0,0.0,0,,,1.0,6273,
2463,100928,-1.2,0.0,7.14,1,0.0,0.0,1.0,6276,
2464,100928,-2.0,0.0,8.33,1,0.0,0.0,1.0,6276,
2465,100992,-5.0,0.0,0.0,0,,,1.0,6277,
2466,100992,-5.0,0.0,1.96,1,0.0,1.0,1.0,6277,
2467,101056,-1.1,0.0,7.69,1,0.0,0.0,1.0,6280,
2468,101120,-5.0,0.0,1.96,1,0.0,1.0,1.0,6283,
2469,101120,-4.7,0.0,2.56,1,0.0,0.0,1.0,6283,
2470,101120,-10.0,0.0,11.76,6,0.0,1.0,1.0,6283,
2471,101184,-5.9,0.0,1.96,1,0.0,0.0,1.0,6284,
2472,101376,-2.3,0.0,6.67,1,0.0,0.0,1.0,6290,
2473,101376,-2.9,0.0,4.76,1,0.0,0.0,1.0,6290,
2474,101440,-6.0,0.0,1.96,1,0.0,1.0,1.0,6291,
2475,101440,-6.0,0.0,1.96,1,0.0,1.0,1.0,6291,
2476,101440,-8.0,0.0,5.88,3,0.0,1.0,1.0,6291,
2477,101568,-6.0,0.0,1.96,1,0.0,1.0,1.0,6294,
2478,101568,-5.0,0.0,1.96,1,0.0,1.0,1.0,6294,
2479,101568,-4.0,0.0,0.0,0,,,1.0,6294,
2480,101632,-6.7,0.0,4.08,2,0.0,0.5,1.0,6297,
2481,101632,-6.0,0.0,3.92,2,0.0,1.0,1.0,6297,
2482,101632,-4.0,0.0,0.0,0,,,1.0,6297,
2483,101632,-6.4,0.0,4.35,2,0.0,0.5,1.0,6297,
2484,101696,-5.0,0.0,0.0,0,,,1.0,6297,
2485,101696,-7.0,0.0,3.92,2,0.0,1.0,1.0,6297,
2486,101760,-7.0,0.0,3.92,2,0.0,1.0,1.0,6301,
2487,101760,-5.8,0.0,2.0,1,0.0,0.0,1.0,6301,
2488,101760,-5.0,0.0,1.96,1,0.0,1.0,1.0,6301,
2489,101824,-3.6,0.0,3.57,1,0.0,0.0,1.0,6302,
2490,101888,-5.0,0.0,1.96,1,0.0,1.0,1.0,6303,
2491,101952,-6.0,0.0,1.96,1,0.0,1.0,1.0,6305,
2492,101952,-1.1,0.0,7.69,1,0.0,0.0,1.0,6305,
2493,102144,-3.2,0.0,4.17,1,0.0,0.0,1.0,6312,
2494,102144,-2.3,0.0,13.33,2,0.0,0.5,1.0,6312,
2495,102144,9.0,1.0,18.18,2,0.0,1.0,1.0,6312,
2496,102208,-7.0,0.0,5.88,3,0.3333,1.0,1.0,6315,
2497,102208,-7.0,0.0,5.88,3,0.0,1.0,1.0,6315,
2498,102208,-2.5,0.0,5.88,1,0.0,0.0,1.0,6315,
2499,102336,-3.3,0.0,4.0,1,0.0,0.0,1.0,6321,
2500,102336,11.5,1.0,0.0,0,,,1.0,6321,
2501,102400,-2.4,0.0,6.25,1,0.0,0.0,1.0,6322,
2502,102464,-2.1,0.0,7.69,1,0.0,0.0,1.0,6326,
2503,102464,-5.0,0.0,0.0,0,,,1.0,6326,
2504,102464,8.0,1.0,3.23,1,0.0,1.0,1.0,6326,
2505,102528,-4.4,0.0,7.69,2,0.0,0.5,1.0,6329,
2506,102656,6.4,1.0,2.13,1,0.0,1.0,1.0,6332,
2507,102720,-6.0,0.0,1.96,1,0.0,1.0,1.0,6333,
2508,102720,-6.0,0.0,1.96,1,0.0,1.0,1.0,6333,
2509,102784,-5.8,0.0,5.0,2,0.0,0.5,1.0,6337,
2510,102784,-6.8,0.0,4.0,2,0.0,0.5,1.0,6337,
2511,102784,-8.0,0.0,5.88,3,0.0,1.0,1.0,6337,
2512,102848,-4.0,0.0,0.0,0,,,1.0,6340,
2513,102848,-4.8,0.0,15.0,3,0.0,0.6667,1.0,6340,
2514,102912,-5.0,0.0,1.96,1,0.0,1.0,1.0,6340,
2515,102976,-5.0,0.0,1.96,1,0.0,1.0,1.0,6345,
2516,102976,-6.0,0.0,1.96,1,0.0,1.0,1.0,6345,
2517,102976,-3.1,0.0,3.03,1,0.0,0.0,1.0,6345,
2518,102976,-7.0,0.0,3.92,2,0.0,1.0,1.0,6345,
2519,102976,-6.5,0.0,4.26,2,0.5,0.5,1.0,6345,
2520,103040,-1.8,0.0,10.0,1,0.0,0.0,1.0,6347,
2521,103040,-6.0,0.0,1.96,1,0.0,1.0,1.0,6347,
2522,103104,-5.0,0.0,1.96,1,0.0,1.0,1.0,6349,
2523,103168,-1.6,0.0,12.5,1,0.0,0.0,1.0,6352,
2524,103168,-5.0,0.0,13.64,3,0.0,0.6667,1.0,6352,
2525,103168,-7.0,0.0,3.92,2,0.0,1.0,1.0,6352,
2526,103232,-5.0,0.0,1.96,1,0.0,1.0,1.0,6353,
2527,103232,-5.0,0.0,0.0,0,,,1.0,6353,
2528,103296,-5.0,0.0,0.0,0,,,1.0,6355,
2529,103360,-8.0,0.0,5.88,3,0.0,1.0,1.0,6355,
2530,103360,-5.0,0.0,0.0,0,,,1.0,6355,
2531,103424,-6.0,0.0,1.96,1,0.0,1.0,1.0,6357,
2532,103488,-5.0,0.0,0.0,0,,,1.0,6359,
2533,103552,-2.0,0.0,8.33,1,0.0,0.0,1.0,6365,
2534,103552,-6.0,0.0,1.96,1,0.0,1.0,1.0,6365,
2535,103552,-3.7,0.0,3.45,1,0.0,0.0,1.0,6365,
2536,103552,-6.0,0.0,1.96,1,0.0,1.0,1.0,6365,
2537,103616,-5.0,0.0,0.0,0,,,1.0,6367,
2538,103808,-2.5,0.0,5.88,1,0.0,0.0,1.0,6372,
2539,103936,-6.0,0.0,3.92,2,0.0,1.0,1.0,6374,
2540,104064,-3.7,0.0,3.45,1,0.0,0.0,1.0,6379,
2541,104064,-4.5,0.0,7.41,2,0.0,0.5,1.0,6379,
2542,104064,-1.7,0.0,5.26,1,0.0,0.0,1.0,6379,
2543,104128,-9.0,0.0,7.84,4,0.25,1.0,1.0,6382,
2544,104192,-5.0,0.0,0.0,0,,,1.0,6384,
2545,104192,-7.0,0.0,3.92,2,0.0,1.0,1.0,6384,
2546,104256,-5.0,0.0,0.0,0,,,1.0,6387,
2547,104256,-1.2,0.0,7.14,1,0.0,0.0,1.0,6387,
2548,104256,-6.0,0.0,3.92,2,0.0,1.0,1.0,6387,
2549,104320,-6.0,0.0,1.96,1,0.0,1.0,1.0,6390,
2550,104384,-6.0,0.0,1.96,1,0.0,1.0,1.0,6393,
2551,104640,-6.0,0.0,3.92,2,0.0,1.0,1.0,6399,
2552,104704,-8.0,0.0,5.88,3,0.0,1.0,1.0,6405,
2553,104704,-5.0,0.0,1.96,1,0.0,1.0,1.0,6405,
2554,104768,9.2,1.0,5.26,1,0.0,1.0,1.0,6407,
2555,104768,-2.9,0.0,3.23,1,0.0,0.0,1.0,6407,
2556,104832,6.6,1.0,2.22,1,0.0,1.0,1.0,6408,
2557,104832,-7.0,0.0,3.92,2,0.0,1.0,1.0,6408,
2558,104832,-9.0,0.0,7.84,4,0.0,1.0,1.0,6408,
2559,104896,-8.0,0.0,7.84,4,0.0,1.0,1.0,6408,
2560,104896,-7.0,0.0,3.92,2,0.0,1.0,1.0,6408,
2561,104896,-6.0,0.0,1.96,1,0.0,1.0,1.0,6408,
2562,104960,-7.0,0.0,3.92,2,0.0,1.0,1.0,6409,
2563,105024,-6.0,0.0,1.96,1,0.0,1.0,1.0,6411,
2564,105024,-7.0,0.0,3.92,2,0.0,1.0,1.0,6411,
2565,105088,-5.0,0.0,0.0,0,,,1.0,6412,
2566,105152,7.6,1.0,8.0,2,0.0,1.0,1.0,6415,
2567,105152,-7.0,0.0,3.92,2,0.0,1.0,1.0,6415,
2568,105216,10.6,1.0,20.0,1,0.0,1.0,1.0,6416,
2569,105408,-5.0,0.0,0.0,0,,,1.0,6417,
2570,105408,-5.0,0.0,0.0,0,,,1.0,6417,
2571,105408,-6.0,0.0,1.96,1,0.0,1.0,1.0,6417,
2572,105472,-5.0,0.0,0.0,0,,,1.0,6418,
2573,105472,-6.0,0.0,1.96,1,0.0,1.0,1.0,6418,
2574,105536,-5.3,0.0,5.71,2,0.0,0.5,1.0,6420,
2575,105600,-6.0,0.0,3.92,2,0.0,1.0,1.0,6422,
2576,105664,-1.0,0.0,8.33,1,0.0,0.0,1.0,6424,
2577,105728,-7.0,0.0,5.88,3,0.0,1.0,1.0,6424,
2578,105728,-5.0,0.0,0.0,0,,,1.0,6424,
2579,105728,-6.0,0.0,1.96,1,1.0,1.0,1.0,6424,
2580,105792,-5.0,0.0,0.0,0,,,1.0,6426,
2581,105792,7.1,1.0,2.5,1,0.0,1.0,1.0,6426,
2582,105984,-5.0,0.0,0.0,0,,,1.0,6432,
2583,106048,-5.0,0.0,1.96,1,0.0,1.0,1.0,6437,
2584,106048,-4.7,0.0,6.9,2,0.0,0.5,1.0,6437,
2585,106112,-6.0,0.0,1.96,1,0.0,1.0,1.0,6438,
2586,106176,-6.0,0.0,1.96,1,0.0,1.0,1.0,6439,
2587,106240,-5.9,0.0,1.96,1,0.0,0.0,1.0,6444,
2588,106240,-4.0,0.0,3.12,1,0.0,0.0,1.0,6444,
2589,106240,-4.0,0.0,0.0,0,,,1.0,6444,
2590,106240,-6.0,0.0,1.96,1,1.0,1.0,1.0,6444,
2591,106240,-4.0,0.0,0.0,0,,,1.0,6444,
2592,106240,-6.0,0.0,1.96,1,0.0,1.0,1.0,6444,
2593,106304,-5.0,0.0,1.96,1,0.0,1.0,1.0,6446,
2594,106304,-7.0,0.0,5.88,3,0.0,1.0,1.0,6446,
2595,106368,-6.0,0.0,1.96,1,0.0,1.0,1.0,6449,
2596,106432,-5.0,0.0,1.96,1,0.0,1.0,1.0,6452,
2597,106432,-8.0,0.0,7.84,4,0.25,1.0,1.0,6452,
2598,106432,-7.0,0.0,5.88,3,0.3333,1.0,1.0,6452,
2599,106496,-6.0,0.0,1.96,1,0.0,1.0,1.0,6453,
2600,106624,-6.0,0.0,1.96,1,0.0,1.0,1.0,6456,
2601,106688,-8.0,0.0,5.88,3,0.0,1.0,1.0,6462,
2602,106688,-0.9,0.0,9.09,1,0.0,0.0,1.0,6462,
2603,106688,-1.8,0.0,5.0,1,0.0,0.0,1.0,6462,
2604,106752,-6.0,0.0,1.96,1,0.0,1.0,1.0,6463,
2605,106816,-5.0,0.0,1.96,1,0.0,1.0,1.0,6466,
2606,106816,-6.0,0.0,1.96,1,0.0,1.0,1.0,6466,
2607,106880,-6.0,0.0,1.96,1,0.0,1.0,1.0,6470,
2608,106944,-5.9,0.0,4.88,2,0.0,0.5,1.0,6475,
2609,106944,-4.8,0.0,6.67,2,0.0,0.5,1.0,6475,
2610,106944,-4.4,0.0,2.78,1,0.0,0.0,1.0,6475,
2611,106944,8.9,1.0,4.55,1,1.0,1.0,1.0,6475,
2612,107008,-3.7,0.0,15.79,3,0.0,0.6667,1.0,6477,
2613,107072,-3.3,0.0,4.0,1,0.0,0.0,1.0,6483,
2614,107072,-6.0,0.0,1.96,1,0.0,1.0,1.0,6483,
2615,107200,-5.4,0.0,2.17,1,0.0,0.0,1.0,6484,
2616,107200,-5.0,0.0,0.0,0,,,1.0,6484,
2617,107264,-5.1,0.0,9.09,3,0.0,0.6667,1.0,6487,
2618,107328,-6.0,0.0,1.96,1,0.0,1.0,1.0,6487,
2619,107328,-4.0,0.0,0.0,0,,,1.0,6487,
2620,107328,-6.0,0.0,3.92,2,0.5,1.0,1.0,6487,
2621,107392,-8.0,0.0,7.84,4,0.0,1.0,1.0,6491,
2622,107456,-2.0,0.0,8.33,1,0.0,0.0,1.0,6493,
2623,107520,-5.0,0.0,1.96,1,0.0,1.0,1.0,6494,
2624,107520,-6.0,0.0,3.92,2,0.5,1.0,1.0,6494,
2625,107648,6.7,1.0,2.27,1,0.0,1.0,1.0,6495,
2626,107648,-7.0,0.0,3.92,2,0.0,1.0,1.0,6495,
2627,107840,-5.3,0.0,5.71,2,0.0,0.5,1.0,6499,
2628,107840,8.9,1.0,0.0,0,,,1.0,6499,
2629,107840,-5.7,0.0,2.04,1,0.0,0.0,1.0,6499,
2630,107904,-7.3,0.0,6.67,3,0.0,0.6667,1.0,6504,
2631,107904,-4.4,0.0,11.54,3,0.0,0.6667,1.0,6504,
2632,107968,-8.0,0.0,7.84,4,0.0,1.0,1.0,6505,
2633,107968,-6.5,0.0,4.26,2,0.0,0.5,1.0,6505,
2634,108032,-4.2,0.0,2.27,1,0.0,0.0,1.0,6507,
2635,108032,-4.0,0.0,0.0,0,,,1.0,6507,
2636,108032,-5.0,0.0,0.0,0,,,1.0,6507,
2637,108096,-8.0,0.0,5.88,3,0.0,1.0,1.0,6510,
2638,108096,-7.0,0.0,5.88,3,0.0,1.0,1.0,6510,
2639,108160,-6.0,0.0,3.92,2,0.0,1.0,1.0,6513,
2640,108160,-5.6,0.0,5.26,2,0.0,0.5,1.0,6513,
2641,108160,-2.7,0.0,5.26,1,0.0,0.0,1.0,6513,
2642,108160,4.3,1.0,10.53,4,0.0,1.0,1.0,6513,
2643,108288,-3.0,0.0,3.12,1,0.0,0.0,1.0,6517,
2644,108352,-5.1,0.0,6.06,2,0.0,0.5,1.0,6519,
2645,108352,-5.0,0.0,0.0,0,,,1.0,6519,
2646,108416,-7.0,0.0,3.92,2,0.0,1.0,1.0,6520,
2647,108480,-3.3,0.0,2.86,1,0.0,0.0,1.0,6522,
2648,108544,-5.2,0.0,5.88,2,0.0,0.5,1.0,6524,
2649,108672,-7.0,0.0,3.92,2,0.0,1.0,1.0,6526,
2650,108672,-6.0,0.0,1.96,1,0.0,1.0,1.0,6526,
2651,108672,-3.9,0.0,3.23,1,0.0,0.0,1.0,6526,
2652,108736,-6.0,0.0,3.92,2,0.0,1.0,1.0,6528,
2653,108736,-1.7,0.0,5.26,1,0.0,0.0,1.0,6528,
2654,108864,-4.2,0.0,2.94,1,0.0,0.0,1.0,6533,
2655,108928,-6.0,0.0,1.96,1,0.0,1.0,1.0,6533,
2656,108992,-7.0,0.0,3.92,2,0.0,1.0,1.0,6534,
2657,109120,-1.9,0.0,9.09,1,0.0,0.0,1.0,6536,
2658,109184,-1.6,0.0,12.5,1,0.0,0.0,1.0,6538,
2659,109248,-5.0,0.0,6.25,2,0.0,0.5,1.0,6541,
2660,109312,-5.0,0.0,0.0,0,,,1.0,6543,
2661,109312,-7.0,0.0,3.92,2,0.0,1.0,1.0,6543,
2662,109376,-6.0,0.0,1.96,1,0.0,1.0,1.0,6544,
2663,109440,-5.0,0.0,0.0,0,,,1.0,6544,
2664,109504,4.3,1.0,6.25,3,0.0,1.0,1.0,6546,
2665,109504,-5.0,0.0,0.0,0,,,1.0,6546,
2666,109504,-6.0,0.0,1.96,1,0.0,1.0,1.0,6546,
2667,109568,-6.0,0.0,1.96,1,0.0,1.0,1.0,6551,
2668,109568,-4.2,0.0,2.94,1,0.0,0.0,1.0,6551,
2669,109568,-4.4,0.0,2.78,1,0.0,0.0,1.0,6551,
2670,109568,-6.1,0.0,4.65,2,0.0,0.5,1.0,6551,
2671,109568,-7.0,0.0,3.92,2,0.0,1.0,1.0,6551,
2672,109632,-5.8,0.0,2.0,1,0.0,0.0,1.0,6553,
2673,109696,-4.5,0.0,2.7,1,0.0,0.0,1.0,6556,
2674,109696,-7.0,0.0,3.92,2,0.0,1.0,1.0,6556,
2675,109760,8.4,1.0,3.7,1,0.0,1.0,1.0,6559,
2676,109760,-5.0,0.0,2.38,1,0.0,0.0,1.0,6559,
2677,109760,-5.0,0.0,0.0,0,,,1.0,6559,
2678,109760,-3.3,0.0,4.0,1,0.0,0.0,1.0,6559,
2679,109824,-3.2,0.0,2.94,1,0.0,0.0,1.0,6562,
2680,109888,-0.6,0.0,12.5,1,0.0,0.0,1.0,6564,
2681,109888,-5.0,0.0,0.0,0,,,1.0,6564,
2682,110016,-4.0,0.0,0.0,0,,,1.0,6567,
2683,110016,-1.9,0.0,9.09,1,0.0,0.0,1.0,6567,
2684,110080,-8.0,0.0,5.88,3,0.0,1.0,1.0,6569,
2685,110080,-3.8,0.0,3.33,1,0.0,0.0,1.0,6569,
2686,110144,-6.0,0.0,1.96,1,0.0,1.0,1.0,6573,
2687,110208,-5.0,0.0,0.0,0,,,1.0,6575,
2688,110208,-6.0,0.0,1.96,1,0.0,1.0,1.0,6575,
2689,110208,-5.0,0.0,0.0,0,,,1.0,6575,
2690,110272,-4.0,0.0,0.0,0,,,1.0,6580,
2691,110336,-5.0,0.0,0.0,0,,,1.0,6580,
2692,110400,-4.0,0.0,6.25,2,0.0,0.5,1.0,6581,
2693,110464,-6.0,0.0,1.96,1,0.0,1.0,1.0,6583,
2694,110528,10.6,1.0,0.0,0,,,1.0,6584,
2695,110592,-6.0,0.0,1.96,1,0.0,1.0,1.0,6584,
2696,110592,-7.0,0.0,5.88,3,0.0,1.0,1.0,6584,
2697,110720,-7.0,0.0,5.88,3,0.0,1.0,1.0,6589,
2698,110784,10.2,1.0,0.0,0,,,1.0,6591,
2699,110784,-3.8,0.0,6.67,2,0.0,0.5,1.0,6591,
2700,110784,-4.0,0.0,0.0,0,,,1.0,6591,
2701,110848,-5.4,0.0,2.17,1,0.0,0.0,1.0,6596,
2702,110848,-3.5,0.0,2.7,1,0.0,0.0,1.0,6596,
2703,110912,-7.0,0.0,5.88,3,0.0,1.0,1.0,6598,
2704,110976,8.4,1.0,11.76,2,0.0,1.0,1.0,6599,
2705,111104,-6.0,0.0,1.96,1,0.0,1.0,1.0,6604,
2706,111104,-5.9,0.0,1.96,1,0.0,0.0,1.0,6604,
2707,111104,-5.4,0.0,2.17,1,0.0,0.0,1.0,6604,
2708,111104,-5.0,0.0,0.0,0,,,1.0,6604,
2709,111168,-7.0,0.0,3.92,2,0.0,1.0,1.0,6609,
2710,111168,-3.5,0.0,3.7,1,0.0,0.0,1.0,6609,
2711,111232,-7.0,0.0,5.88,3,0.0,1.0,1.0,6613,
2712,111232,11.4,1.0,0.0,0,,,1.0,6613,
2713,111232,3.0,1.0,7.84,4,0.0,1.0,1.0,6613,
2714,111232,-3.4,0.0,18.75,3,0.0,0.6667,1.0,6613,
2715,111232,-3.9,0.0,3.23,1,0.0,0.0,1.0,6613,
2716,111296,-6.0,0.0,1.96,1,0.0,1.0,1.0,6615,
2717,111296,6.7,1.0,12.5,3,0.0,1.0,1.0,6615,
2718,111296,-5.0,0.0,0.0,0,,,1.0,6615,
2719,111360,-5.0,0.0,0.0,0,,,1.0,6616,
2720,111360,-4.0,0.0,0.0,0,,,1.0,6616,
2721,111424,-7.0,0.0,3.92,2,0.0,1.0,1.0,6620,
2722,111488,-3.4,0.0,3.85,1,0.0,0.0,1.0,6622,
2723,111552,-6.0,0.0,3.92,2,0.0,1.0,1.0,6623,
2724,111616,-6.0,0.0,1.96,1,0.0,1.0,1.0,6623,
2725,111680,9.1,1.0,0.0,0,,,1.0,6625,
2726,111808,-2.9,0.0,18.18,2,0.0,0.5,1.0,6631,
2727,111808,-5.0,0.0,0.0,0,,,1.0,6631,
2728,111872,-3.0,0.0,16.67,2,0.0,0.5,1.0,6632,
2729,111936,-5.0,0.0,0.0,0,,,1.0,6633,
2730,111936,-4.4,0.0,2.78,1,0.0,0.0,1.0,6633,
2731,111936,-6.0,0.0,1.96,1,0.0,1.0,1.0,6633,
2732,112000,-5.0,0.0,0.0,0,,,1.0,6636,
2733,112000,-4.0,0.0,0.0,0,,,1.0,6636,
2734,112064,-3.4,0.0,3.85,1,0.0,0.0,1.0,6638,
2735,112064,8.1,1.0,10.0,2,0.0,1.0,1.0,6638,
2736,112192,-5.0,0.0,1.96,1,0.0,1.0,1.0,6642,
2737,112192,-6.3,0.0,4.44,2,0.0,0.5,1.0,6642,
2738,112256,-4.7,0.0,2.56,1,0.0,0.0,1.0,6644,
2739,112256,-6.0,0.0,1.96,1,0.0,1.0,1.0,6644,
2740,112384,-6.0,0.0,1.96,1,0.0,1.0,1.0,6648,
2741,112448,-10.0,0.0,11.76,6,0.0,1.0,1.0,6649,
2742,112640,-5.1,0.0,9.09,3,0.3333,0.6667,1.0,6654,
2743,112768,-4.8,0.0,2.0,1,0.0,0.0,1.0,6656,
2744,112768,-8.0,0.0,7.84,4,0.25,1.0,1.0,6656,
2745,112768,-8.0,0.0,5.88,3,0.0,1.0,1.0,6656,
2746,112768,-6.0,0.0,1.96,1,0.0,1.0,1.0,6656,
2747,112832,-6.0,0.0,1.96,1,0.0,1.0,1.0,6658,
2748,112832,-6.0,0.0,1.96,1,0.0,1.0,1.0,6658,
2749,112832,-4.5,0.0,2.7,1,0.0,0.0,1.0,6658,
2750,112960,-5.0,0.0,0.0,0,,,1.0,6660,
2751,112960,-7.0,0.0,3.92,2,0.0,1.0,1.0,6660,
2752,113024,-6.0,0.0,1.96,1,0.0,1.0,1.0,6663,
2753,113152,-5.0,0.0,0.0,0,,,1.0,6666,
2754,113280,4.0,1.0,5.88,3,0.0,1.0,1.0,6671,
2755,113280,-6.0,0.0,3.92,2,0.0,1.0,1.0,6671,
2756,113344,-5.1,0.0,6.06,2,0.0,0.5,1.0,6672,
2757,113344,-6.0,0.0,1.96,1,0.0,1.0,1.0,6672,
2758,113344,-5.0,0.0,0.0,0,,,1.0,6672,
2759,113408,-6.0,0.0,1.96,1,0.0,1.0,1.0,6677,
2760,113408,-3.1,0.0,4.35,1,0.0,0.0,1.0,6677,
2761,113472,-6.0,0.0,1.96,1,0.0,1.0,1.0,6679,
2762,113472,-4.1,0.0,3.03,1,0.0,0.0,1.0,6679,
2763,113472,-6.0,0.0,1.96,1,0.0,1.0,1.0,6679,
2764,113536,-5.0,0.0,1.96,1,1.0,1.0,1.0,6680,
2765,113600,-5.0,0.0,1.96,1,0.0,1.0,1.0,6683,
2766,113728,-3.1,0.0,4.35,1,0.0,0.0,1.0,6689,
2767,113856,-2.5,0.0,5.88,1,0.0,0.0,1.0,6693,
2768,113856,-5.0,0.0,0.0,0,,,1.0,6693,
2769,113856,-6.0,0.0,1.96,1,0.0,1.0,1.0,6693,
2770,113984,-6.0,0.0,1.96,1,0.0,1.0,1.0,6694,
2771,114048,-7.0,0.0,3.92,2,0.0,1.0,1.0,6694,
2772,114112,-5.9,0.0,1.96,1,0.0,0.0,1.0,6697,
2773,114112,9.4,1.0,5.88,1,0.0,1.0,1.0,6697,
2774,114112,-5.0,0.0,0.0,0,,,1.0,6697,
2775,114176,6.4,1.0,5.41,2,0.0,1.0,1.0,6698,
2776,114176,-6.0,0.0,1.96,1,0.0,1.0,1.0,6698,
2777,114240,-3.4,0.0,2.78,1,0.0,0.0,1.0,6701,
2778,114240,-7.0,0.0,5.88,3,0.6667,1.0,1.0,6701,
2779,114304,-3.1,0.0,15.38,2,0.0,0.5,1.0,6703,
2780,114368,-5.0,0.0,0.0,0,,,1.0,6704,
2781,114368,-5.0,0.0,1.96,1,0.0,1.0,1.0,6704,
2782,114432,-7.0,0.0,3.92,2,0.0,1.0,1.0,6706,
2783,114432,-5.0,0.0,0.0,0,,,1.0,6706,
2784,114496,-7.0,0.0,3.92,2,0.0,1.0,1.0,6706,
2785,114496,-7.0,0.0,3.92,2,0.0,1.0,1.0,6706,
2786,114496,-7.0,0.0,3.92,2,0.0,1.0,1.0,6706,
2787,114496,-8.0,0.0,5.88,3,0.0,1.0,1.0,6706,
2788,114560,-6.0,0.0,1.96,1,0.0,1.0,1.0,6711,
2789,114560,-9.0,0.0,7.84,4,0.0,1.0,1.0,6711,
2790,114560,8.4,1.0,3.7,1,1.0,1.0,1.0,6711,
2791,114560,-6.0,0.0,1.96,1,0.0,1.0,1.0,6711,
2792,114560,8.1,1.0,3.33,1,0.0,1.0,1.0,6711,
2793,114560,-6.4,0.0,6.52,3,0.0,0.6667,1.0,6711,
2794,114624,-5.0,0.0,0.0,0,,,1.0,6714,
2795,114688,-7.0,0.0,5.88,3,0.0,1.0,1.0,6714,
2796,114752,-4.0,0.0,0.0,0,,,1.0,6714,
2797,114816,-5.0,0.0,0.0,0,,,1.0,6718,
2798,114944,-6.5,0.0,4.26,2,0.0,0.5,1.0,6722,
2799,114944,-5.0,0.0,1.96,1,1.0,1.0,1.0,6722,
2800,115072,-6.0,0.0,3.92,2,0.0,1.0,1.0,6723,
2801,115136,-7.0,0.0,3.92,2,0.0,1.0,1.0,6725,
2802,115136,-3.9,0.0,3.23,1,0.0,0.0,1.0,6725,
2803,115200,4.4,1.0,6.38,3,0.0,1.0,1.0,6726,
2804,115264,-5.0,0.0,0.0,0,,,1.0,6728,
2805,115264,-5.0,0.0,1.96,1,0.0,1.0,1.0,6728,
2806,115328,-8.0,0.0,7.84,4,0.0,1.0,1.0,6729,
2807,115328,-4.0,0.0,0.0,0,,,1.0,6729,
2808,115456,-6.0,0.0,1.96,1,0.0,1.0,1.0,6730,
2809,115520,-8.0,0.0,5.88,3,0.0,1.0,1.0,6732,
2810,115648,-4.0,0.0,0.0,0,,,1.0,6735,
2811,115712,7.8,1.0,0.0,0,,,1.0,6738,
2812,115712,-6.0,0.0,1.96,1,0.0,1.0,1.0,6738,
2813,115712,-5.5,0.0,5.41,2,0.0,0.5,1.0,6738,
2814,115776,9.1,1.0,5.0,1,0.0,1.0,1.0,6739,
2815,115840,-6.6,0.0,4.17,2,0.0,0.5,1.0,6742,
2816,115968,11.1,1.0,0.0,0,,,1.0,6744,
2817,115968,9.5,1.0,6.25,1,0.0,1.0,1.0,6744,
2818,116032,-4.0,0.0,0.0,0,,,1.0,6744,
2819,116032,-6.0,0.0,1.96,1,0.0,1.0,1.0,6744,
2820,116096,-2.2,0.0,4.17,1,0.0,0.0,1.0,6747,
2821,116096,-5.0,0.0,0.0,0,,,1.0,6747,
2822,116096,-6.2,0.0,4.55,2,0.0,0.5,1.0,6747,
2823,116096,-6.0,0.0,1.96,1,0.0,1.0,1.0,6747,
2824,116224,-4.0,0.0,0.0,0,,,1.0,6751,
2825,116224,-4.2,0.0,2.27,1,0.0,0.0,1.0,6751,
2826,116224,9.3,1.0,5.56,1,0.0,1.0,1.0,6751,
2827,116288,-4.2,0.0,2.94,1,0.0,0.0,1.0,6752,
2828,116352,-1.7,0.0,5.26,1,0.0,0.0,1.0,6753,
2829,116480,10.5,1.0,16.67,1,1.0,1.0,1.0,6757,
2830,116544,-3.9,0.0,3.23,1,0.0,0.0,1.0,6759,
2831,116544,-5.0,0.0,1.96,1,0.0,1.0,1.0,6759,
2832,116608,-5.0,0.0,1.96,1,0.0,1.0,1.0,6760,
2833,116608,-6.0,0.0,1.96,1,0.0,1.0,1.0,6760,
2834,116672,-6.2,0.0,4.55,2,0.0,0.5,1.0,6761,
2835,116672,-5.0,0.0,0.0,0,,,1.0,6761,
2836,116736,-6.0,0.0,1.96,1,0.0,1.0,1.0,6762,
2837,116736,-6.0,0.0,1.96,1,0.0,1.0,1.0,6762,
2838,116800,-4.0,0.0,0.0,0,,,1.0,6765,
2839,116800,-5.2,0.0,2.27,1,0.0,0.0,1.0,6765,
2840,116864,-9.7,0.0,10.2,5,0.0,0.8,1.0,6767,
2841,116864,-5.0,0.0,1.96,1,0.0,1.0,1.0,6767,
2842,116928,-2.3,0.0,6.67,1,0.0,0.0,1.0,6769,
2843,117120,-5.0,0.0,0.0,0,,,1.0,6772,
2844,117120,-6.0,0.0,1.96,1,0.0,1.0,1.0,6772,
2845,117184,-3.5,0.0,2.7,1,0.0,0.0,1.0,6776,
2846,117312,-7.0,0.0,5.88,3,0.0,1.0,1.0,6781,
2847,117376,-5.0,0.0,1.96,1,0.0,1.0,1.0,6781,
2848,117376,-6.0,0.0,1.96,1,0.0,1.0,1.0,6781,
2849,117440,-7.3,0.0,6.67,3,0.0,0.6667,1.0,6785,
2850,117440,-4.0,0.0,0.0,0,,,1.0,6785,
2851,117440,-5.0,0.0,0.0,0,,,1.0,6785,
2852,117504,-7.0,0.0,3.92,2,0.0,1.0,1.0,6785,
2853,117504,-4.0,0.0,0.0,0,,,1.0,6785,
2854,117568,-7.0,0.0,5.88,3,0.3333,1.0,1.0,6786,
2855,117632,-6.0,0.0,1.96,1,0.0,1.0,1.0,6787,
2856,117632,-9.0,0.0,9.8,5,0.0,1.0,1.0,6787,
2857,117696,-7.0,0.0,3.92,2,0.0,1.0,1.0,6789,
2858,117696,-5.0,0.0,0.0,0,,,1.0,6789,
2859,117760,-6.0,0.0,1.96,1,0.0,1.0,1.0,6789,
2860,117760,-4.0,0.0,0.0,0,,,1.0,6789,
2861,117760,-5.0,0.0,0.0,0,,,1.0,6789,
2862,117824,-5.0,0.0,0.0,0,,,1.0,6790,
2863,117824,-5.0,0.0,0.0,0,,,1.0,6790,
2864,117824,-7.0,0.0,3.92,2,0.0,1.0,1.0,6790,
2865,117888,-7.0,0.0,3.92,2,0.0,1.0,1.0,6790,
2866,117952,5.9,1.0,4.76,2,0.0,1.0,1.0,6791,
2867,117952,-4.0,0.0,0.0,0,,,1.0,6791,
2868,118016,-6.0,0.0,1.96,1,0.0,1.0,1.0,6792,
2869,118144,-4.1,0.0,3.03,1,0.0,0.0,1.0,6794,
2870,118208,-4.1,0.0,3.03,1,0.0,0.0,1.0,6795,
2871,118208,-6.0,0.0,1.96,1,0.0,1.0,1.0,6795,
2872,118400,-4.1,0.0,3.03,1,0.0,0.0,1.0,6802,
2873,118400,-5.0,0.0,0.0,0,,,1.0,6802,
2874,118464,-4.3,0.0,8.0,2,0.5,0.5,1.0,6806,
2875,118464,-6.0,0.0,1.96,1,1.0,1.0,1.0,6806,
2876,118464,-2.9,0.0,4.76,1,0.0,0.0,1.0,6806,
2877,118528,-7.0,0.0,3.92,2,0.0,1.0,1.0,6806,
2878,118592,-6.0,0.0,1.96,1,0.0,1.0,1.0,6808,
2879,118592,-4.9,0.0,2.44,1,0.0,0.0,1.0,6808,
2880,118656,8.3,1.0,0.0,0,,,1.0,6810,
2881,118720,-6.0,0.0,3.92,2,0.0,1.0,1.0,6812,
2882,118784,-5.0,0.0,0.0,0,,,1.0,6813,
2883,118848,-5.1,0.0,2.33,1,0.0,0.0,1.0,6816,
2884,118912,-7.0,0.0,3.92,2,0.0,1.0,1.0,6818,
2885,118912,-2.8,0.0,5.0,1,0.0,0.0,1.0,6818,
2886,118976,-6.0,0.0,1.96,1,0.0,1.0,1.0,6819,
2887,118976,-7.0,0.0,3.92,2,0.0,1.0,1.0,6819,
2888,118976,-7.0,0.0,3.92,2,0.0,1.0,1.0,6819,
2889,119040,-5.0,0.0,0.0,0,,,1.0,6820,
2890,119104,-5.0,0.0,0.0,0,,,1.0,6820,
2891,119168,-3.6,0.0,2.63,1,0.0,0.0,1.0,6822,
2892,119296,-9.0,0.0,7.84,4,0.25,1.0,1.0,6824,
2893,119296,-3.7,0.0,3.45,1,0.0,0.0,1.0,6824,
2894,119360,-5.0,0.0,0.0,0,,,1.0,6824,
2895,119360,6.7,1.0,2.27,1,0.0,1.0,1.0,6824,
2896,119488,-5.0,0.0,1.96,1,0.0,1.0,1.0,6825,
2897,119488,-4.0,0.0,0.0,0,,,1.0,6825,
2898,119488,-5.0,0.0,2.38,1,0.0,0.0,1.0,6825,
2899,119616,-6.0,0.0,3.92,2,0.0,1.0,1.0,6829,
2900,119680,-3.7,0.0,3.45,1,0.0,0.0,1.0,6833,
2901,119744,-5.0,0.0,0.0,0,,,1.0,6835,
2902,119744,-3.0,0.0,3.12,1,0.0,0.0,1.0,6835,
2903,119808,-3.3,0.0,13.33,2,0.0,0.5,1.0,6839,
2904,119808,-2.1,0.0,7.69,1,0.0,0.0,1.0,6839,
2905,119808,-4.0,0.0,0.0,0,,,1.0,6839,
2906,119872,-5.0,0.0,0.0,0,,,1.0,6839,
2907,119872,9.4,1.0,5.88,1,0.0,1.0,1.0,6839,
2908,119872,-5.0,0.0,0.0,0,,,1.0,6839,
2909,119936,-5.0,0.0,1.96,1,0.0,1.0,1.0,6843,
2910,119936,-8.0,0.0,5.88,3,0.0,1.0,1.0,6843,
2911,120000,-6.0,0.0,1.96,1,0.0,1.0,1.0,6843,
2912,120064,-7.0,0.0,5.88,3,0.0,1.0,1.0,6843,
2913,120128,9.5,1.0,0.0,0,,,1.0,6844,
2914,120128,-7.0,0.0,3.92,2,0.0,1.0,1.0,6844,
2915,120192,-4.6,0.0,2.63,1,0.0,0.0,1.0,6846,
2916,120192,-6.0,0.0,1.96,1,0.0,1.0,1.0,6846,
2917,120320,-4.5,0.0,2.7,1,0.0,0.0,1.0,6849,
2918,120384,-5.0,0.0,0.0,0,,,1.0,6855,
2919,120384,-1.5,0.0,14.29,1,0.0,0.0,1.0,6855,
2920,120384,-5.2,0.0,2.27,1,0.0,0.0,1.0,6855,
2921,120448,-5.5,0.0,2.13,1,0.0,0.0,1.0,6857,
2922,120448,-5.0,0.0,0.0,0,,,1.0,6857,
2923,120448,-5.7,0.0,10.34,3,0.0,0.6667,1.0,6857,
2924,120512,-4.3,0.0,8.0,2,0.0,0.5,1.0,6858,
2925,120576,-2.8,0.0,5.0,1,0.0,0.0,1.0,6861,
2926,120576,-3.7,0.0,3.45,1,0.0,0.0,1.0,6861,
2927,120576,-6.0,0.0,1.96,1,0.0,1.0,1.0,6861,
2928,120640,-8.0,0.0,5.88,3,0.0,1.0,1.0,6861,
2929,120640,-6.0,0.0,1.96,1,0.0,1.0,1.0,6861,
2930,120704,-5.0,0.0,0.0,0,,,1.0,6862,
2931,120768,-4.0,0.0,0.0,0,,,1.0,6863,
2932,120768,-5.0,0.0,1.96,1,0.0,1.0,1.0,6863,
2933,120896,-7.0,0.0,3.92,2,0.0,1.0,1.0,6867,
2934,120960,-2.5,0.0,5.88,1,0.0,0.0,1.0,6869,
2935,120960,-5.0,0.0,0.0,0,,,1.0,6869,
2936,121024,-5.0,0.0,0.0,0,,,1.0,6871,
2937,121024,-6.0,0.0,1.96,1,0.0,1.0,1.0,6871,
2938,121088,-6.0,0.0,3.92,2,0.0,1.0,1.0,6872,
2939,121088,-6.0,0.0,1.96,1,0.0,1.0,1.0,6872,
2940,121088,-6.7,0.0,4.08,2,0.0,0.5,1.0,6872,
2941,121152,-5.0,0.0,0.0,0,,,1.0,6872,
2942,121216,-4.1,0.0,3.03,1,0.0,0.0,1.0,6874,
2943,121216,-4.7,0.0,6.9,2,0.0,0.5,1.0,6874,
2944,121280,-5.0,0.0,0.0,0,,,1.0,6875,
2945,121344,-3.2,0.0,8.33,2,0.0,0.5,1.0,6879,
2946,121408,-5.0,0.0,0.0,0,,,1.0,6883,
2947,121408,-6.1,0.0,4.65,2,0.0,0.5,1.0,6883,
2948,121408,-5.3,0.0,2.22,1,0.0,0.0,1.0,6883,
2949,121472,-7.0,0.0,3.92,2,0.0,1.0,1.0,6885,
2950,121472,-5.9,0.0,1.96,1,0.0,0.0,1.0,6885,
2951,121536,-2.4,0.0,6.25,1,0.0,0.0,1.0,6887,
2952,121600,-2.6,0.0,5.56,1,0.0,0.0,1.0,6891,
2953,121600,-4.9,0.0,4.88,2,0.0,0.5,1.0,6891,
2954,121664,-7.0,0.0,5.88,3,0.0,1.0,1.0,6892,
2955,121664,-5.0,0.0,0.0,0,,,1.0,6892,
2956,121728,-5.0,0.0,1.96,1,0.0,1.0,1.0,6892,
2957,121728,-8.0,0.0,5.88,3,0.0,1.0,1.0,6892,
2958,121792,-2.6,0.0,3.57,1,0.0,0.0,1.0,6893,
2959,121856,-8.0,0.0,5.88,3,0.0,1.0,1.0,6897,
2960,121856,-3.5,0.0,2.7,1,0.0,0.0,1.0,6897,
2961,122048,6.4,1.0,5.41,2,0.0,1.0,1.0,6903,
2962,122112,-5.7,0.0,2.04,1,0.0,0.0,1.0,6904,
2963,122112,8.8,1.0,4.35,1,1.0,1.0,1.0,6904,
2964,122176,-5.3,0.0,12.0,3,0.3333,0.6667,1.0,6906,
2965,122176,-5.0,0.0,0.0,0,,,1.0,6906,
2966,122304,-7.0,0.0,3.92,2,0.0,1.0,1.0,6908,
2967,122368,8.0,1.0,3.23,1,0.0,1.0,1.0,6910,
2968,122432,-6.0,0.0,1.96,1,0.0,1.0,1.0,6911,
2969,122432,-2.4,0.0,3.85,1,0.0,0.0,1.0,6911,
2970,122496,-3.0,0.0,4.55,1,0.0,0.0,1.0,6912,
2971,122560,-5.0,0.0,1.96,1,0.0,1.0,1.0,6914,
2972,122560,-5.4,0.0,2.17,1,0.0,0.0,1.0,6914,
2973,122624,-6.0,0.0,1.96,1,0.0,1.0,1.0,6918,
2974,122624,4.2,1.0,6.12,3,0.3333,1.0,1.0,6918,
2975,122752,-5.0,0.0,1.96,1,0.0,1.0,1.0,6918,
2976,123008,-4.0,0.0,0.0,0,,,1.0,6923,
2977,123008,-6.0,0.0,1.96,1,1.0,1.0,1.0,6923,
2978,123008,-2.7,0.0,5.26,1,0.0,0.0,1.0,6923,
2979,123008,-4.8,0.0,2.0,1,0.0,0.0,1.0,6923,
2980,123072,-8.0,0.0,5.88,3,0.0,1.0,1.0,6923,
2981,123072,6.0,1.0,4.88,2,0.0,1.0,1.0,6923,
2982,123136,-4.0,0.0,0.0,0,,,1.0,6925,
2983,123136,10.5,1.0,0.0,0,,,1.0,6925,
2984,123136,-5.0,0.0,0.0,0,,,1.0,6925,
2985,123200,-7.0,0.0,5.88,3,0.0,1.0,1.0,6927,
2986,123200,-2.9,0.0,4.76,1,0.0,0.0,1.0,6927,
2987,123328,-6.0,0.0,1.96,1,0.0,1.0,1.0,6934,
2988,123328,7.1,1.0,6.67,2,0.5,1.0,1.0,6934,
2989,123392,-4.0,0.0,0.0,0,,,1.0,6936,
2990,123392,-5.0,0.0,0.0,0,,,1.0,6936,
2991,123456,-5.0,0.0,1.96,1,0.0,1.0,1.0,6936,
2992,123456,-7.0,0.0,3.92,2,0.0,1.0,1.0,6936,
2993,123584,-6.0,0.0,1.96,1,1.0,1.0,1.0,6938,
2994,123648,-5.0,0.0,0.0,0,,,1.0,6940,
2995,123648,-5.9,0.0,4.88,2,0.0,0.5,1.0,6940,
2996,123648,-5.0,0.0,0.0,0,,,1.0,6940,
2997,123712,-4.0,0.0,0.0,0,,,1.0,6943,
2998,123840,-5.0,0.0,0.0,0,,,1.0,6946,
2999,123840,-7.0,0.0,3.92,2,0.0,1.0,1.0,6946,
3000,123904,-6.0,0.0,1.96,1,0.0,1.0,1.0,6946,
3001,123968,2.6,1.0,11.11,5,0.0,1.0,1.0,6948,
3002,123968,-5.0,0.0,0.0,0,,,1.0,6948,
3003,124032,-2.2,0.0,7.14,1,0.0,0.0,1.0,6949,
3004,124032,-8.0,0.0,5.88,3,0.0,1.0,1.0,6949,
3005,124096,-4.0,0.0,3.12,1,0.0,0.0,1.0,6951,
3006,124160,-2.4,0.0,6.25,1,0.0,0.0,1.0,6955,
3007,124160,-5.0,0.0,0.0,0,,,1.0,6955,
3008,124224,-5.0,0.0,0.0,0,,,1.0,6956,
3009,124224,-5.0,0.0,1.96,1,0.0,1.0,1.0,6956,
3010,124288,-5.0,0.0,1.96,1,0.0,1.0,1.0,6958,
3011,124352,-4.0,0.0,0.0,0,,,1.0,6959,
3012,124416,-5.0,0.0,0.0,0,,,1.0,6960,
3013,124480,-5.0,0.0,0.0,0,,,1.0,6960,
3014,124480,-6.0,0.0,1.96,1,1.0,1.0,1.0,6960,
3015,124544,-5.0,0.0,0.0,0,,,1.0,6961,
3016,124608,-4.3,0.0,2.22,1,0.0,0.0,1.0,6965,
3017,124608,-6.0,0.0,1.96,1,0.0,1.0,1.0,6965,
3018,124608,-2.6,0.0,5.56,1,0.0,0.0,1.0,6965,
3019,124672,-7.0,0.0,3.92,2,0.0,1.0,1.0,6965,
3020,124672,-4.0,0.0,0.0,0,,,1.0,6965,
3021,124736,-6.0,0.0,1.96,1,0.0,1.0,1.0,6967,
3022,124736,-3.0,0.0,4.55,1,0.0,0.0,1.0,6967,
3023,124736,-8.0,0.0,5.88,3,0.0,1.0,1.0,6967,
3024,124800,-5.0,0.0,0.0,0,,,1.0,6968,
3025,124864,-5.0,0.0,1.96,1,0.0,1.0,1.0,6970,
3026,124864,-6.0,0.0,1.96,1,0.0,1.0,1.0,6970,
3027,124864,-1.8,0.0,10.0,1,0.0,0.0,1.0,6970,
3028,124928,-4.1,0.0,2.33,1,0.0,0.0,1.0,6974,
3029,124928,-5.9,0.0,1.96,1,0.0,0.0,1.0,6974,
3030,124928,-7.0,0.0,5.88,3,0.0,1.0,1.0,6974,
3031,124992,-5.0,0.0,0.0,0,,,1.0,6976,
3032,125120,-5.0,0.0,1.96,1,0.0,1.0,1.0,6976,
3033,125184,-1.6,0.0,5.56,1,0.0,0.0,1.0,6978,
3034,125376,-6.0,0.0,1.96,1,0.0,1.0,1.0,6983,
3035,125440,-6.0,0.0,1.96,1,0.0,1.0,1.0,6985,
3036,125440,-2.4,0.0,6.25,1,0.0,0.0,1.0,6985,
3037,125568,-5.0,0.0,1.96,1,0.0,1.0,1.0,6987,
3038,125632,-7.0,0.0,3.92,2,0.0,1.0,1.0,6989,
3039,125696,-6.0,0.0,1.96,1,0.0,1.0,1.0,6994,
3040,125696,-7.0,0.0,3.92,2,0.0,1.0,1.0,6994,
3041,125760,-5.0,0.0,0.0,0,,,1.0,6994,
3042,125824,-5.0,0.0,0.0,0,,,1.0,6994,
3043,125824,-5.0,0.0,1.96,1,0.0,1.0,1.0,6994,
3044,125888,-5.0,0.0,0.0,0,,,1.0,6997,
3045,125888,-5.1,0.0,2.33,1,0.0,0.0,1.0,6997,
3046,125888,-5.0,0.0,0.0,0,,,1.0,6997,
3047,126016,-6.0,0.0,1.96,1,0.0,1.0,1.0,7001,
3048,126144,-6.7,0.0,4.08,2,0.0,0.5,1.0,7004,
3049,126272,-5.6,0.0,2.08,1,0.0,0.0,1.0,7008,
3050,126272,-5.0,0.0,0.0,0,,,1.0,7008,
3051,126272,-6.0,0.0,3.92,2,0.0,1.0,1.0,7008,
3052,126272,-6.0,0.0,1.96,1,0.0,1.0,1.0,7008,
3053,126272,9.3,1.0,25.0,2,0.0,1.0,1.0,7008,
3054,126336,-5.0,0.0,0.0,0,,,1.0,7010,
3055,126336,-5.0,0.0,1.96,1,0.0,1.0,1.0,7010,
3056,126336,-3.2,0.0,4.17,1,0.0,0.0,1.0,7010,
3057,126400,-5.4,0.0,4.35,2,0.0,0.5,1.0,7012,
3058,126464,-7.0,0.0,3.92,2,0.0,1.0,1.0,7014,
3059,126592,-4.5,0.0,11.11,3,0.0,0.6667,1.0,7019,
3060,126592,-6.0,0.0,1.96,1,0.0,1.0,1.0,7019,
3061,126592,-3.4,0.0,12.5,2,0.0,0.5,1.0,7019,
3062,126656,-4.0,0.0,0.0,0,,,1.0,7024,
3063,126656,-3.6,0.0,3.57,1,0.0,0.0,1.0,7024,
3064,126656,-1.4,0.0,6.25,1,0.0,0.0,1.0,7024,
3065,126656,-6.2,0.0,4.55,2,0.0,0.5,1.0,7024,
3066,126656,-4.0,0.0,0.0,0,,,1.0,7024,
3067,126656,-5.0,0.0,2.38,1,0.0,0.0,1.0,7024,
3068,126656,-6.6,0.0,4.17,2,0.0,0.5,1.0,7024,
3069,126720,-4.0,0.0,3.12,1,0.0,0.0,1.0,7029,
3070,126784,-5.7,0.0,2.04,1,0.0,0.0,1.0,7030,
3071,126912,-6.0,0.0,1.96,1,0.0,1.0,1.0,7032,
3072,126912,-5.0,0.0,1.96,1,0.0,1.0,1.0,7032,
3073,126976,-8.0,0.0,5.88,3,0.0,1.0,1.0,7034,
3074,127040,-6.7,0.0,7.69,3,0.0,0.6667,1.0,7035,
3075,127104,-6.0,0.0,1.96,1,0.0,1.0,1.0,7037,
3076,127104,-2.3,0.0,6.67,1,0.0,0.0,1.0,7037,
3077,127104,5.8,1.0,4.65,2,0.5,1.0,1.0,7037,
3078,127168,-6.0,0.0,1.96,1,0.0,1.0,1.0,7038,
3079,127168,-3.1,0.0,15.38,2,0.0,0.5,1.0,7038,
3080,127232,-3.0,0.0,4.55,1,0.0,0.0,1.0,7040,
3081,127232,-6.0,0.0,1.96,1,0.0,1.0,1.0,7040,
3082,127296,-6.0,0.0,1.96,1,1.0,1.0,1.0,7042,
3083,127296,-6.6,0.0,4.17,2,0.0,0.5,1.0,7042,
3084,127360,-5.0,0.0,0.0,0,,,1.0,7044,
3085,127360,-5.0,0.0,2.38,1,0.0,0.0,1.0,7044,
3086,127424,-4.0,0.0,9.09,2,0.5,0.5,1.0,7046,
3087,127424,-5.0,0.0,0.0,0,,,1.0,7046,
3088,127424,-5.0,0.0,0.0,0,,,1.0,7046,
3089,127424,-4.4,0.0,2.17,1,0.0,0.0,1.0,7046,
3090,127552,-5.0,0.0,0.0,0,,,1.0,7051,
3091,127680,-4.1,0.0,2.33,1,0.0,0.0,1.0,7053,
3092,127680,-2.4,0.0,6.25,1,0.0,0.0,1.0,7053,
3093,127744,-5.0,0.0,0.0,0,,,1.0,7054,
3094,127744,-2.7,0.0,3.45,1,0.0,0.0,1.0,7054,
3095,127808,-4.9,0.0,6.45,2,0.0,0.5,1.0,7057,
3096,127808,-1.6,0.0,5.56,1,0.0,0.0,1.0,7057,
3097,127872,-8.0,0.0,7.84,4,0.0,1.0,1.0,7058,
3098,127872,-6.0,0.0,1.96,1,0.0,1.0,1.0,7058,
3099,127872,-5.0,0.0,0.0,0,,,1.0,7058,
3100,127936,-2.0,0.0,8.33,1,0.0,0.0,1.0,7060,
3101,128000,-6.0,0.0,3.92,2,0.0,1.0,1.0,7061,
3102,128000,-8.0,0.0,5.88,3,0.0,1.0,1.0,7061,
3103,128000,-5.0,0.0,1.96,1,0.0,1.0,1.0,7061,
3104,128128,-6.0,0.0,3.92,2,0.0,1.0,1.0,7065,
3105,128128,-3.2,0.0,4.17,1,0.0,0.0,1.0,7065,
3106,128192,-6.0,0.0,3.92,2,0.0,1.0,1.0,7066,
3107,128192,-6.0,0.0,1.96,1,0.0,1.0,1.0,7066,
3108,128256,-6.0,0.0,1.96,1,0.0,1.0,1.0,7068,
3109,128256,-2.9,0.0,4.76,1,0.0,0.0,1.0,7068,
3110,128320,-4.0,0.0,3.12,1,0.0,0.0,1.0,7069,
3111,128384,-8.0,0.0,5.88,3,0.0,1.0,1.0,7070,
3112,128448,-5.0,0.0,0.0,0,,,1.0,7073,
3113,128448,-3.6,0.0,3.57,1,0.0,0.0,1.0,7073,
3114,128640,-5.0,0.0,0.0,0,,,1.0,7077,
3115,128640,-2.1,0.0,7.69,1,0.0,0.0,1.0,7077,
3116,128704,-1.9,0.0,9.09,1,0.0,0.0,1.0,7082,
3117,128704,-1.6,0.0,12.5,1,0.0,0.0,1.0,7082,
3118,128704,10.2,1.0,11.11,1,0.0,1.0,1.0,7082,
3119,128704,-7.0,0.0,5.88,3,0.3333,1.0,1.0,7082,
3120,128704,-6.0,0.0,1.96,1,0.0,1.0,1.0,7082,
3121,128960,-4.4,0.0,2.78,1,0.0,0.0,1.0,7088,
3122,128960,-5.0,0.0,0.0,0,,,1.0,7088,
3123,128960,-6.0,0.0,1.96,1,0.0,1.0,1.0,7088,
3124,129088,-5.2,0.0,5.88,2,0.0,0.5,1.0,7091,
3125,129152,-8.0,0.0,7.84,4,0.0,1.0,1.0,7092,
3126,129152,-5.0,0.0,0.0,0,,,1.0,7092,
3127,129216,-4.6,0.0,2.63,1,0.0,0.0,1.0,7095,
3128,129408,-1.4,0.0,6.25,1,0.0,0.0,1.0,7104,
3129,129472,-7.8,0.0,6.0,3,0.0,0.6667,1.0,7108,
3130,129472,5.7,1.0,4.55,2,0.0,1.0,1.0,7108,
3131,129536,-5.0,0.0,1.96,1,0.0,1.0,1.0,7112,
3132,129536,-5.2,0.0,2.27,1,0.0,0.0,1.0,7112,
3133,129536,-2.5,0.0,5.88,1,0.0,0.0,1.0,7112,
3134,129536,-2.0,0.0,4.55,1,0.0,0.0,1.0,7112,
3135,129536,-5.0,0.0,1.96,1,0.0,1.0,1.0,7112,
3136,129536,-7.0,0.0,3.92,2,0.0,1.0,1.0,7112,
3137,129600,-6.0,0.0,3.92,2,0.0,1.0,1.0,7113,
3138,129600,-2.6,0.0,5.56,1,0.0,0.0,1.0,7113,
3139,129600,-6.0,0.0,1.96,1,0.0,1.0,1.0,7113,
3140,129664,-5.0,0.0,0.0,0,,,1.0,7114,
3141,129728,-9.0,0.0,7.84,4,0.0,1.0,1.0,7115,
3142,129856,-4.0,0.0,0.0,0,,,1.0,7118,
3143,129856,-6.0,0.0,1.96,1,0.0,1.0,1.0,7118,
3144,129920,-5.0,0.0,0.0,0,,,1.0,7118,
3145,129920,-7.0,0.0,3.92,2,0.0,1.0,1.0,7118,
3146,130112,-3.2,0.0,2.94,1,0.0,0.0,1.0,7129,
3147,130112,8.3,1.0,11.11,2,0.5,1.0,1.0,7129,
3148,130240,-6.0,0.0,1.96,1,0.0,1.0,1.0,7131,
3149,130304,-4.9,0.0,2.44,1,0.0,0.0,1.0,7134,
3150,130304,-5.0,0.0,0.0,0,,,1.0,7134,
3151,130368,5.0,1.0,3.92,2,0.0,1.0,1.0,7134,
3152,130368,-5.0,0.0,0.0,0,,,1.0,7134,
3153,130368,5.7,1.0,4.55,2,0.0,1.0,1.0,7134,
3154,130368,-6.0,0.0,1.96,1,0.0,1.0,1.0,7134,
3155,130432,-7.0,0.0,3.92,2,0.0,1.0,1.0,7135,
3156,130432,-4.6,0.0,2.63,1,0.0,0.0,1.0,7135,
3157,130496,-5.0,0.0,1.96,1,0.0,1.0,1.0,7137,
3158,130496,-6.0,0.0,3.92,2,0.0,1.0,1.0,7137,
3159,130496,-3.9,0.0,2.44,1,0.0,0.0,1.0,7137,
3160,130560,10.0,1.0,9.09,1,0.0,1.0,1.0,7138,
3161,130560,-9.0,0.0,9.8,5,0.0,1.0,1.0,7138,
3162,130560,-6.0,0.0,1.96,1,0.0,1.0,1.0,7138,
3163,130624,-4.0,0.0,0.0,0,,,1.0,7140,
3164,130624,-7.0,0.0,3.92,2,0.0,1.0,1.0,7140,
3165,130624,-2.2,0.0,7.14,1,0.0,0.0,1.0,7140,
3166,130688,-6.0,0.0,1.96,1,0.0,1.0,1.0,7142,
3167,130688,-4.0,0.0,0.0,0,,,1.0,7142,
3168,130688,10.3,1.0,0.0,0,,,1.0,7142,
3169,130688,-5.0,0.0,0.0,0,,,1.0,7142,
3170,130688,-5.0,0.0,0.0,0,,,1.0,7142,
3171,130944,-6.0,0.0,3.92,2,0.0,1.0,1.0,7144,
3172,131008,-8.0,0.0,5.88,3,0.0,1.0,1.0,7146,
3173,131008,-5.0,0.0,0.0,0,,,1.0,7146,
3174,131008,11.5,1.0,0.0,0,,,1.0,7146,
3175,131008,-3.1,0.0,4.35,1,0.0,0.0,1.0,7146,
3176,131072,3.4,1.0,13.51,5,0.2,1.0,1.0,7147,
3177,131072,-6.0,0.0,1.96,1,0.0,1.0,1.0,7147,
3178,131136,-4.0,0.0,0.0,0,,,1.0,7148,
3179,131136,-6.0,0.0,3.92,2,0.0,1.0,1.0,7148,
3180,131136,-1.1,0.0,7.69,1,0.0,0.0,1.0,7148,
3181,131200,-2.8,0.0,5.0,1,0.0,0.0,1.0,7149,
3182,131264,-4.8,0.0,2.5,1,0.0,0.0,1.0,7150,
3183,131264,-5.0,0.0,0.0,0,,,1.0,7150,
3184,131328,-4.9,0.0,2.44,1,0.0,0.0,1.0,7153,
3185,131456,-5.0,0.0,0.0,0,,,1.0,7157,
3186,131520,-4.0,0.0,9.09,2,0.0,0.5,1.0,7158,
3187,131520,-6.0,0.0,1.96,1,0.0,1.0,1.0,7158,
3188,131520,-6.0,0.0,1.96,1,0.0,1.0,1.0,7158,
3189,131584,-5.0,0.0,0.0,0,,,1.0,7161,
3190,131904,-4.0,0.0,0.0,0,,,1.0,7165,
3191,131904,-5.0,0.0,1.96,1,0.0,1.0,1.0,7165,
3192,131968,-4.0,0.0,0.0,0,,,1.0,7167,
3193,131968,-2.8,0.0,5.0,1,0.0,0.0,1.0,7167,
3194,131968,-5.0,0.0,1.96,1,0.0,1.0,1.0,7167,
3195,132224,-6.0,0.0,3.92,2,0.0,1.0,1.0,7174,
3196,132224,-3.8,0.0,3.33,1,0.0,0.0,1.0,7174,
3197,132224,-7.0,0.0,3.92,2,0.0,1.0,1.0,7174,
3198,132352,-3.5,0.0,7.41,2,0.0,0.5,1.0,7178,
3199,132352,-6.0,0.0,3.92,2,0.0,1.0,1.0,7178,
3200,132416,-6.0,0.0,1.96,1,0.0,1.0,1.0,7178,
3201,132416,-6.0,0.0,1.96,1,0.0,1.0,1.0,7178,
3202,132480,-5.0,0.0,0.0,0,,,1.0,7180,
3203,132544,-5.5,0.0,2.13,1,0.0,0.0,1.0,7181,
3204,132608,-5.3,0.0,5.71,2,0.0,0.5,1.0,7182,
3205,132672,-6.0,0.0,1.96,1,0.0,1.0,1.0,7182,
3206,132736,-5.0,0.0,0.0,0,,,1.0,7184,
3207,132736,-5.0,0.0,0.0,0,,,1.0,7184,
3208,132800,-4.0,0.0,0.0,0,,,1.0,7186,
3209,132800,-5.0,0.0,0.0,0,,,1.0,7186,
3210,132800,-6.0,0.0,1.96,1,0.0,1.0,1.0,7186,
3211,132864,-7.0,0.0,3.92,2,0.0,1.0,1.0,7186,
3212,132864,-5.0,0.0,0.0,0,,,1.0,7186,
3213,132864,-7.0,0.0,3.92,2,0.0,1.0,1.0,7186,
3214,132928,-4.0,0.0,0.0,0,,,1.0,7186,
3215,133120,-6.8,0.0,4.0,2,0.0,0.5,1.0,7191,
3216,133120,-5.0,0.0,0.0,0,,,1.0,7191,
3217,133248,-3.3,0.0,2.86,1,0.0,0.0,1.0,7193,
3218,133376,-6.0,0.0,1.96,1,0.0,1.0,1.0,7196,
3219,133504,-4.0,0.0,0.0,0,,,1.0,7198,
3220,133568,-1.9,0.0,9.09,1,0.0,0.0,1.0,7200,
3221,133632,-7.0,0.0,5.88,3,0.0,1.0,1.0,7203,
3222,133632,-7.0,0.0,3.92,2,0.0,1.0,1.0,7203,
3223,133632,-4.0,0.0,0.0,0,,,1.0,7203,
3224,133696,-7.0,0.0,3.92,2,0.0,1.0,1.0,7204,
3225,133696,-5.0,0.0,0.0,0,,,1.0,7204,
3226,133760,-5.0,0.0,0.0,0,,,1.0,7204,
3227,133760,-4.0,0.0,0.0,0,,,1.0,7204,
3228,133760,-6.0,0.0,1.96,1,0.0,1.0,1.0,7204,
3229,133824,-5.0,0.0,0.0,0,,,1.0,7204,
3230,133824,-5.0,0.0,0.0,0,,,1.0,7204,
3231,133824,-6.0,0.0,1.96,1,0.0,1.0,1.0,7204,
3232,133888,-5.0,0.0,0.0,0,,,1.0,7205,
3233,133952,-5.0,0.0,0.0,0,,,1.0,7209,
3234,133952,-5.0,0.0,0.0,0,,,1.0,7209,
3235,133952,-6.0,0.0,1.96,1,0.0,1.0,1.0,7209,
3236,133952,-4.0,0.0,0.0,0,,,1.0,7209,
3237,134016,-1.6,0.0,5.56,1,0.0,0.0,1.0,7210,
3238,134144,-5.5,0.0,2.13,1,0.0,0.0,1.0,7213,
3239,134208,-8.0,0.0,5.88,3,0.0,1.0,1.0,7214,
3240,134208,-3.7,0.0,3.45,1,0.0,0.0,1.0,7214,
3241,134272,-7.0,0.0,3.92,2,0.0,1.0,1.0,7215,
3242,134272,-5.0,0.0,0.0,0,,,1.0,7215,
3243,134272,-6.0,0.0,3.92,2,0.0,1.0,1.0,7215,
3244,134272,-6.8,0.0,4.0,2,0.0,0.5,1.0,7215,
3245,134336,-5.0,0.0,0.0,0,,,1.0,7215,
3246,134400,-5.0,0.0,0.0,0,,,1.0,7215,
3247,134400,-5.0,0.0,0.0,0,,,1.0,7215,
3248,134464,-7.0,0.0,5.88,3,0.0,1.0,1.0,7215,
3249,134528,-8.0,0.0,5.88,3,0.0,1.0,1.0,7217,
3250,134528,-1.9,0.0,9.09,1,0.0,0.0,1.0,7217,
3251,134528,-5.0,0.0,1.96,1,0.0,1.0,1.0,7217,
3252,134592,-6.7,0.0,4.08,2,0.0,0.5,1.0,7219,
3253,134592,-6.0,0.0,3.92,2,0.0,1.0,1.0,7219,
3254,134784,-4.0,0.0,3.12,1,0.0,0.0,1.0,7224,
3255,134784,-5.0,0.0,1.96,1,1.0,1.0,1.0,7224,
3256,134784,-7.0,0.0,3.92,2,0.0,1.0,1.0,7224,
3257,134784,-3.1,0.0,3.03,1,0.0,0.0,1.0,7224,
3258,134784,-5.0,0.0,0.0,0,,,1.0,7224,
3259,134848,-6.0,0.0,1.96,1,0.0,1.0,1.0,7225,
3260,134848,-4.3,0.0,2.22,1,0.0,0.0,1.0,7225,
3261,135040,-4.9,0.0,2.44,1,0.0,0.0,1.0,7228,
3262,135168,-6.0,0.0,1.96,1,0.0,1.0,1.0,7231,
3263,135168,-5.8,0.0,5.0,2,0.0,0.5,1.0,7231,
3264,135168,-5.0,0.0,0.0,0,,,1.0,7231,
3265,135232,-5.0,0.0,0.0,0,,,1.0,7231,
3266,135232,-7.0,0.0,5.88,3,0.0,1.0,1.0,7231,
3267,135360,-4.3,0.0,2.22,1,0.0,0.0,1.0,7234,
3268,135488,-5.0,0.0,0.0,0,,,1.0,7239,
3269,135488,-6.0,0.0,3.92,2,0.5,1.0,1.0,7239,
3270,135488,-3.6,0.0,3.57,1,0.0,0.0,1.0,7239,
3271,135488,-5.0,0.0,0.0,0,,,1.0,7239,
3272,135616,-2.4,0.0,3.85,1,0.0,0.0,1.0,7241,
3273,135616,-6.0,0.0,1.96,1,0.0,1.0,1.0,7241,
3274,135680,-5.0,0.0,1.96,1,1.0,1.0,1.0,7241,
3275,135808,-8.0,0.0,7.84,4,0.0,1.0,1.0,7246,
3276,135872,-4.1,0.0,2.33,1,0.0,0.0,1.0,7247,
3277,135872,8.6,1.0,0.0,0,,,1.0,7247,
3278,135936,-2.6,0.0,3.57,1,0.0,0.0,1.0,7251,
3279,135936,-4.5,0.0,2.7,1,0.0,0.0,1.0,7251,
3280,136000,-5.0,0.0,0.0,0,,,1.0,7252,
3281,136064,-6.0,0.0,1.96,1,0.0,1.0,1.0,7252,
3282,136064,-5.0,0.0,0.0,0,,,1.0,7252,
3283,136064,-5.0,0.0,0.0,0,,,1.0,7252,
3284,136128,-5.0,0.0,1.96,1,0.0,1.0,1.0,7252,
3285,136192,-4.0,0.0,0.0,0,,,1.0,7254,
3286,136192,-4.3,0.0,2.86,1,0.0,0.0,1.0,7254,
3287,136384,-6.0,0.0,1.96,1,0.0,1.0,1.0,7259,
3288,136512,-6.0,0.0,3.92,2,0.0,1.0,1.0,7263,
3289,136512,-1.6,0.0,12.5,1,0.0,0.0,1.0,7263,
3290,136640,-6.0,0.0,1.96,1,0.0,1.0,1.0,7265,
3291,136640,7.9,1.0,9.09,2,0.0,1.0,1.0,7265,
3292,136768,-6.5,0.0,4.26,2,0.0,0.5,1.0,7267,
3293,136768,-4.0,0.0,0.0,0,,,1.0,7267,
3294,136832,-3.9,0.0,3.23,1,0.0,0.0,1.0,7270,
3295,136896,-5.0,0.0,0.0,0,,,1.0,7270,
3296,136896,-5.0,0.0,0.0,0,,,1.0,7270,
3297,136960,-5.0,0.0,1.96,1,0.0,1.0,1.0,7272,
3298,137024,5.6,1.0,8.57,3,0.0,1.0,1.0,7275,
3299,137024,7.7,1.0,0.0,0,,,1.0,7275,
3300,137024,-4.0,0.0,0.0,0,,,1.0,7275,
3301,137024,-6.0,0.0,1.96,1,0.0,1.0,1.0,7275,
3302,137088,-5.0,0.0,0.0,0,,,1.0,7277,
3303,137088,6.0,1.0,1.96,1,0.0,1.0,1.0,7277,
3304,137088,10.4,1.0,14.29,1,0.0,1.0,1.0,7277,
3305,137152,-5.0,0.0,0.0,0,,,1.0,7278,
3306,137152,-5.4,0.0,4.35,2,0.0,0.5,1.0,7278,
3307,137216,-4.0,0.0,0.0,0,,,1.0,7279,
3308,137216,-6.0,0.0,1.96,1,0.0,1.0,1.0,7279,
3309,137280,-3.0,0.0,9.09,2,0.5,0.5,1.0,7281,
3310,137280,-5.0,0.0,0.0,0,,,1.0,7281,
3311,137536,-6.0,0.0,1.96,1,0.0,1.0,1.0,7285,
3312,137536,-6.0,0.0,1.96,1,0.0,1.0,1.0,7285,
3313,137536,-6.0,0.0,1.96,1,0.0,1.0,1.0,7285,
3314,137536,-3.4,0.0,3.85,1,0.0,0.0,1.0,7285,
3315,137536,-5.0,0.0,1.96,1,0.0,1.0,1.0,7285,
3316,137600,-6.0,0.0,1.96,1,0.0,1.0,1.0,7286,
3317,137664,-5.0,0.0,0.0,0,,,1.0,7287,
3318,137664,-5.0,0.0,0.0,0,,,1.0,7287,
3319,137728,-5.0,0.0,0.0,0,,,1.0,7289,
3320,137792,-4.0,0.0,0.0,0,,,1.0,7293,
3321,137792,-5.0,0.0,1.96,1,0.0,1.0,1.0,7293,
3322,137792,-4.5,0.0,7.41,2,0.0,0.5,1.0,7293,
3323,137792,-4.0,0.0,0.0,0,,,1.0,7293,
3324,137856,-5.0,0.0,0.0,0,,,1.0,7294,
3325,137856,-5.0,0.0,0.0,0,,,1.0,7294,
3326,137984,7.2,1.0,6.9,2,0.0,1.0,1.0,7301,
3327,138048,-5.0,0.0,0.0,0,,,1.0,7302,
3328,138048,-5.0,0.0,0.0,0,,,1.0,7302,
3329,138048,-5.0,0.0,1.96,1,0.0,1.0,1.0,7302,
3330,138048,-6.0,0.0,3.92,2,0.0,1.0,1.0,7302,
3331,138112,-6.0,0.0,3.92,2,0.0,1.0,1.0,7303,
3332,138176,-5.0,0.0,4.76,2,0.0,0.5,1.0,7305,
3333,138176,-5.4,0.0,2.17,1,0.0,0.0,1.0,7305,
3334,138304,-5.0,0.0,0.0,0,,,1.0,7308,
3335,138368,-3.1,0.0,4.35,1,0.0,0.0,1.0,7310,
3336,138432,-5.0,0.0,1.96,1,0.0,1.0,1.0,7312,
3337,138432,-7.0,0.0,3.92,2,0.0,1.0,1.0,7312,
3338,138432,-9.0,0.0,7.84,4,0.0,1.0,1.0,7312,
3339,138624,-5.0,0.0,0.0,0,,,1.0,7316,
3340,138624,8.8,1.0,15.38,2,0.5,1.0,1.0,7316,
3341,138752,-6.0,0.0,1.96,1,0.0,1.0,1.0,7317,
3342,138752,-6.0,0.0,1.96,1,0.0,1.0,1.0,7317,
3343,138752,-5.0,0.0,1.96,1,0.0,1.0,1.0,7317,
3344,138880,-5.0,0.0,1.96,1,0.0,1.0,1.0,7319,
3345,138880,-7.9,0.0,5.88,3,0.0,0.6667,1.0,7319,
3346,138944,-5.8,0.0,5.0,2,0.0,0.5,1.0,7323,
3347,138944,-6.1,0.0,4.65,2,0.5,0.5,1.0,7323,
3348,138944,-5.0,0.0,0.0,0,,,1.0,7323,
3349,139008,-3.5,0.0,3.7,1,0.0,0.0,1.0,7326,
3350,139072,-2.7,0.0,5.26,1,0.0,0.0,1.0,7328,
3351,139072,-5.0,0.0,0.0,0,,,1.0,7328,
3352,139072,-3.0,0.0,4.55,1,0.0,0.0,1.0,7328,
3353,139200,-5.9,0.0,1.96,1,0.0,0.0,1.0,7329,
3354,139200,-5.0,0.0,0.0,0,,,1.0,7329,
3355,139264,-2.5,0.0,5.88,1,0.0,0.0,1.0,7330,
3356,139328,-7.0,0.0,3.92,2,0.0,1.0,1.0,7333,
3357,139328,-6.0,0.0,1.96,1,0.0,1.0,1.0,7333,
3358,139456,-5.0,0.0,0.0,0,,,1.0,7335,
3359,139520,-5.3,0.0,2.22,1,0.0,0.0,1.0,7336,
3360,139584,-4.6,0.0,7.14,2,0.0,0.5,1.0,7337,
3361,139712,-2.9,0.0,3.23,1,0.0,0.0,1.0,7338,
3362,139776,-6.0,0.0,1.96,1,0.0,1.0,1.0,7339,
3363,139776,-7.0,0.0,3.92,2,0.0,1.0,1.0,7339,
3364,140032,-2.9,0.0,3.23,1,0.0,0.0,1.0,7343,
3365,140032,-6.0,0.0,1.96,1,0.0,1.0,1.0,7343,
3366,140032,-9.0,0.0,7.84,4,0.0,1.0,1.0,7343,
3367,140096,-5.4,0.0,5.56,2,0.0,0.5,1.0,7348,
3368,140096,-4.5,0.0,2.13,1,0.0,0.0,1.0,7348,
3369,140096,-6.0,0.0,1.96,1,0.0,1.0,1.0,7348,
3370,140160,-1.5,0.0,5.88,1,0.0,0.0,1.0,7350,
3371,140160,-6.0,0.0,1.96,1,0.0,1.0,1.0,7350,
3372,140224,-8.0,0.0,5.88,3,0.0,1.0,1.0,7352,
3373,140224,-6.7,0.0,4.08,2,0.0,0.5,1.0,7352,
3374,140288,-7.0,0.0,3.92,2,0.0,1.0,1.0,7352,
3375,140288,-6.0,0.0,3.92,2,0.0,1.0,1.0,7352,
3376,140288,-4.0,0.0,0.0,0,,,1.0,7352,
3377,140288,-8.0,0.0,5.88,3,0.0,1.0,1.0,7352,
3378,140352,-3.8,0.0,3.33,1,0.0,0.0,1.0,7353,
3379,140352,-5.0,0.0,0.0,0,,,1.0,7353,
3380,140416,-5.0,0.0,0.0,0,,,1.0,7354,
3381,140416,-6.0,0.0,1.96,1,0.0,1.0,1.0,7354,
3382,140480,-5.0,0.0,1.96,1,0.0,1.0,1.0,7355,
3383,140480,-5.0,0.0,0.0,0,,,1.0,7355,
3384,140544,-6.0,0.0,1.96,1,0.0,1.0,1.0,7355,
3385,140672,-3.5,0.0,3.7,1,0.0,0.0,1.0,7358,
3386,140800,-5.0,0.0,0.0,0,,,1.0,7360,
3387,140800,-4.0,0.0,0.0,0,,,1.0,7360,
3388,140800,-7.0,0.0,5.88,3,0.0,1.0,1.0,7360,
3389,140800,-6.0,0.0,1.96,1,0.0,1.0,1.0,7360,
3390,140800,-5.0,0.0,0.0,0,,,1.0,7360,
3391,140864,-6.0,0.0,1.96,1,0.0,1.0,1.0,7360,
3392,140928,-1.6,0.0,12.5,1,0.0,0.0,1.0,7361,
3393,140928,-5.0,0.0,1.96,1,0.0,1.0,1.0,7361,
3394,140928,11.3,1.0,0.0,0,,,1.0,7361,
3395,141056,-5.0,0.0,0.0,0,,,1.0,7361,
3396,141120,10.8,1.0,0.0,0,,,1.0,7364,
3397,141120,-4.0,0.0,0.0,0,,,1.0,7364,
3398,141248,7.8,1.0,8.7,2,0.0,1.0,1.0,7365,
3399,141248,-7.0,0.0,3.92,2,0.5,1.0,1.0,7365,
3400,141312,-7.0,0.0,5.88,3,0.3333,1.0,1.0,7367,
3401,141312,-6.0,0.0,1.96,1,0.0,1.0,1.0,7367,
3402,141312,-4.0,0.0,0.0,0,,,1.0,7367,
3403,141376,-6.0,0.0,1.96,1,0.0,1.0,1.0,7369,
3404,141440,-7.0,0.0,3.92,2,0.0,1.0,1.0,7370,
3405,141568,-6.0,0.0,1.96,1,0.0,1.0,1.0,7371,
3406,141632,-5.0,0.0,0.0,0,,,1.0,7372,
3407,141696,-5.0,0.0,0.0,0,,,1.0,7374,
3408,141696,-6.0,0.0,1.96,1,0.0,1.0,1.0,7374,
3409,141760,7.9,1.0,3.12,1,1.0,1.0,1.0,7374,
3410,141888,-3.3,0.0,4.0,1,0.0,0.0,1.0,7377,
3411,141888,-4.0,0.0,0.0,0,,,1.0,7377,
3412,141888,-5.0,0.0,0.0,0,,,1.0,7377,
3413,142016,-7.0,0.0,3.92,2,0.0,1.0,1.0,7380,
3414,142016,-5.9,0.0,1.96,1,0.0,0.0,1.0,7380,
3415,142016,-6.0,0.0,1.96,1,0.0,1.0,1.0,7380,
3416,142144,-6.0,0.0,3.92,2,0.0,1.0,1.0,7382,
3417,142144,-5.0,0.0,0.0,0,,,1.0,7382,
3418,142208,-5.0,0.0,0.0,0,,,1.0,7383,
3419,142208,-5.0,0.0,0.0,0,,,1.0,7383,
3420,142272,-3.3,0.0,4.0,1,0.0,0.0,1.0,7385,
3421,142272,-5.0,0.0,0.0,0,,,1.0,7385,
3422,142336,-5.0,0.0,0.0,0,,,1.0,7385,
3423,142336,-6.0,0.0,1.96,1,0.0,1.0,1.0,7385,
3424,142464,-5.0,0.0,0.0,0,,,1.0,7388,
3425,142464,-7.0,0.0,3.92,2,0.0,1.0,1.0,7388,
3426,142528,-6.0,0.0,1.96,1,0.0,1.0,1.0,7389,
3427,142592,-6.0,0.0,1.96,1,0.0,1.0,1.0,7390,
3428,142592,-6.0,0.0,1.96,1,0.0,1.0,1.0,7390,
3429,142720,-5.0,0.0,1.96,1,0.0,1.0,1.0,7392,
3430,142720,-5.0,0.0,2.38,1,0.0,0.0,1.0,7392,
3431,142784,-5.0,0.0,0.0,0,,,1.0,7393,
3432,142848,-5.0,0.0,0.0,0,,,1.0,7395,
3433,142848,-5.6,0.0,2.08,1,0.0,0.0,1.0,7395,
3434,142976,-3.4,0.0,3.85,1,0.0,0.0,1.0,7397,
3435,143104,-3.0,0.0,4.55,1,0.0,0.0,1.0,7400,
3436,143104,-2.7,0.0,5.26,1,0.0,0.0,1.0,7400,
3437,143168,-4.6,0.0,2.08,1,0.0,0.0,1.0,7402,
3438,143296,-5.0,0.0,0.0,0,,,1.0,7403,
3439,143296,-4.0,0.0,0.0,0,,,1.0,7403,
3440,143296,-3.7,0.0,3.45,1,0.0,0.0,1.0,7403,
3441,143360,-5.0,0.0,0.0,0,,,1.0,7407,
3442,143360,-6.0,0.0,1.96,1,0.0,1.0,1.0,7407,
3443,143360,-1.7,0.0,11.11,1,0.0,0.0,1.0,7407,
3444,143424,-2.3,0.0,6.67,1,0.0,0.0,1.0,7409,
3445,143424,-5.0,0.0,1.96,1,0.0,1.0,1.0,7409,
3446,143424,-6.0,0.0,1.96,1,0.0,1.0,1.0,7409,
3447,143488,-5.0,0.0,0.0,0,,,1.0,7410,
3448,143488,-5.0,0.0,0.0,0,,,1.0,7410,
3449,143552,-5.0,0.0,0.0,0,,,1.0,7410,
3450,143552,-7.0,0.0,3.92,2,0.0,1.0,1.0,7410,
3451,143616,-6.0,0.0,1.96,1,0.0,1.0,1.0,7411,
3452,143616,-4.0,0.0,3.12,1,0.0,0.0,1.0,7411,
3453,143616,-5.0,0.0,0.0,0,,,1.0,7411,
3454,143744,-7.0,0.0,3.92,2,0.0,1.0,1.0,7416,
3455,143744,-5.7,0.0,10.34,3,0.0,0.6667,1.0,7416,
3456,143744,-6.0,0.0,1.96,1,0.0,1.0,1.0,7416,
3457,143808,-3.6,0.0,2.63,1,0.0,0.0,1.0,7417,
3458,143808,-6.0,0.0,1.96,1,0.0,1.0,1.0,7417,
3459,143872,-3.9,0.0,3.23,1,0.0,0.0,1.0,7418,
3460,143936,6.4,1.0,2.13,1,1.0,1.0,1.0,7420,
3461,144064,-6.0,0.0,3.92,2,0.5,1.0,1.0,7421,
3462,144064,-5.0,0.0,0.0,0,,,1.0,7421,
3463,144064,-5.0,0.0,0.0,0,,,1.0,7421,
3464,144064,-6.0,0.0,1.96,1,0.0,1.0,1.0,7421,
3465,144064,-4.0,0.0,0.0,0,,,1.0,7421,
3466,144128,-6.0,0.0,1.96,1,0.0,1.0,1.0,7421,
3467,144192,-6.0,0.0,1.96,1,0.0,1.0,1.0,7422,
3468,144192,-5.0,0.0,0.0,0,,,1.0,7422,
3469,144320,9.9,1.0,8.33,1,0.0,1.0,1.0,7427,
3470,144320,-6.0,0.0,1.96,1,0.0,1.0,1.0,7427,
3471,144384,-5.0,0.0,0.0,0,,,1.0,7432,
3472,144384,-4.0,0.0,0.0,0,,,1.0,7432,
3473,144384,-1.8,0.0,10.0,1,0.0,0.0,1.0,7432,
3474,144448,-2.3,0.0,6.67,1,0.0,0.0,1.0,7437,
3475,144448,-2.5,0.0,5.88,1,0.0,0.0,1.0,7437,
3476,144448,-3.8,0.0,3.33,1,0.0,0.0,1.0,7437,
3477,144512,-7.0,0.0,3.92,2,0.0,1.0,1.0,7438,
3478,144512,-7.0,0.0,3.92,2,0.0,1.0,1.0,7438,
3479,144576,-5.0,0.0,0.0,0,,,1.0,7439,
3480,144576,-6.0,0.0,3.92,2,0.0,1.0,1.0,7439,
3481,144576,7.4,1.0,7.41,2,0.0,1.0,1.0,7439,
3482,144896,-6.0,0.0,1.96,1,0.0,1.0,1.0,7450,
3483,144896,-4.3,0.0,8.0,2,0.0,0.5,1.0,7450,
3484,144896,-4.0,0.0,3.12,1,0.0,0.0,1.0,7450,
3485,144960,-2.6,0.0,5.56,1,0.0,0.0,1.0,7451,
3486,144960,-6.0,0.0,3.92,2,0.0,1.0,1.0,7451,
3487,145024,10.8,1.0,0.0,0,,,1.0,7452,
3488,145024,-5.0,0.0,0.0,0,,,1.0,7452,
3489,145280,-5.0,0.0,0.0,0,,,1.0,7456,
3490,145280,-7.0,0.0,3.92,2,0.0,1.0,1.0,7456,
3491,145280,-6.0,0.0,1.96,1,0.0,1.0,1.0,7456,
3492,145408,-4.4,0.0,2.78,1,0.0,0.0,1.0,7457,
3493,145408,-7.0,0.0,3.92,2,0.0,1.0,1.0,7457,
3494,145408,-6.0,0.0,1.96,1,0.0,1.0,1.0,7457,
3495,145472,-5.0,0.0,0.0,0,,,1.0,7460,
3496,145472,-5.0,0.0,0.0,0,,,1.0,7460,
3497,145472,-1.6,0.0,12.5,1,0.0,0.0,1.0,7460,
3498,145536,-2.5,0.0,3.7,1,0.0,0.0,1.0,7462,
3499,145536,-5.0,0.0,0.0,0,,,1.0,7462,
3500,145536,-1.4,0.0,6.25,1,0.0,0.0,1.0,7462,
3501,145536,-5.0,0.0,1.96,1,0.0,1.0,1.0,7462,
3502,145600,-6.0,0.0,1.96,1,0.0,1.0,1.0,7463,
3503,145600,-7.0,0.0,3.92,2,0.0,1.0,1.0,7463,
3504,145664,-3.3,0.0,2.86,1,0.0,0.0,1.0,7466,
3505,145728,-5.0,0.0,1.96,1,0.0,1.0,1.0,7468,
3506,145792,-1.6,0.0,12.5,1,0.0,0.0,1.0,7469,
3507,145856,-4.0,0.0,0.0,0,,,1.0,7471,
3508,145856,-4.7,0.0,2.56,1,0.0,0.0,1.0,7471,
3509,145856,-5.0,0.0,0.0,0,,,1.0,7471,
3510,145920,-4.7,0.0,2.56,1,0.0,0.0,1.0,7474,
3511,145984,-7.2,0.0,6.82,3,0.0,0.6667,1.0,7476,
3512,145984,-6.0,0.0,1.96,1,0.0,1.0,1.0,7476,
3513,145984,-6.0,0.0,1.96,1,0.0,1.0,1.0,7476,
3514,146240,-5.0,0.0,0.0,0,,,1.0,7481,
3515,146368,-5.0,0.0,1.96,1,0.0,1.0,1.0,7484,
3516,146432,-4.5,0.0,2.7,1,0.0,0.0,1.0,7487,
3517,146560,-5.0,0.0,0.0,0,,,1.0,7488,
3518,146560,-5.0,0.0,0.0,0,,,1.0,7488,
3519,146624,-6.0,0.0,3.92,2,0.0,1.0,1.0,7490,
3520,146688,-5.0,0.0,1.96,1,0.0,1.0,1.0,7491,
3521,146752,6.5,1.0,5.56,2,0.0,1.0,1.0,7493,
3522,146752,-5.0,0.0,0.0,0,,,1.0,7493,
3523,146816,-7.0,0.0,3.92,2,0.0,1.0,1.0,7495,
3524,146816,-1.3,0.0,6.67,1,0.0,0.0,1.0,7495,
3525,146880,-8.0,0.0,5.88,3,0.0,1.0,1.0,7496,
3526,146880,-5.0,0.0,0.0,0,,,1.0,7496,
3527,146880,-8.0,0.0,5.88,3,0.0,1.0,1.0,7496,
3528,146880,-1.2,0.0,25.0,1,0.0,0.0,1.0,7496,
3529,146944,-5.3,0.0,2.22,1,0.0,0.0,1.0,7499,
3530,147008,-8.0,0.0,7.84,4,0.0,1.0,1.0,7500,
3531,147008,-5.0,0.0,1.96,1,0.0,1.0,1.0,7500,
3532,147136,-5.0,0.0,1.96,1,0.0,1.0,1.0,7501,
3533,147200,-5.0,0.0,0.0,0,,,1.0,7503,
3534,147200,-5.2,0.0,2.27,1,0.0,0.0,1.0,7503,
3535,147328,-4.5,0.0,5.41,2,0.0,0.5,1.0,7506,
3536,147328,-7.0,0.0,3.92,2,0.0,1.0,1.0,7506,
3537,147328,-5.0,0.0,0.0,0,,,1.0,7506,
3538,147328,-9.0,0.0,9.8,5,0.0,1.0,1.0,7506,
3539,147392,-5.0,0.0,1.96,1,0.0,1.0,1.0,7507,
3540,147456,-4.0,0.0,0.0,0,,,1.0,7509,
3541,147456,-3.3,0.0,4.0,1,0.0,0.0,1.0,7509,
3542,147584,-6.0,0.0,4.76,2,0.0,0.5,1.0,7515,
3543,147584,-4.0,0.0,0.0,0,,,1.0,7515,
3544,147584,-4.2,0.0,2.94,1,0.0,0.0,1.0,7515,
3545,147584,-2.9,0.0,4.76,1,0.0,0.0,1.0,7515,
3546,147584,-6.0,0.0,3.92,2,0.0,1.0,1.0,7515,
3547,147648,-5.0,0.0,0.0,0,,,1.0,7516,
3548,147648,-6.0,0.0,1.96,1,0.0,1.0,1.0,7516,
3549,147712,-4.0,0.0,0.0,0,,,1.0,7518,
3550,147712,-6.2,0.0,4.55,2,0.0,0.5,1.0,7518,
3551,147712,-6.0,0.0,1.96,1,0.0,1.0,1.0,7518,
3552,147776,-6.0,0.0,3.92,2,0.0,1.0,1.0,7520,
3553,147840,-6.4,0.0,4.35,2,0.0,0.5,1.0,7523,
3554,147840,-5.0,0.0,0.0,0,,,1.0,7523,
3555,147840,-5.0,0.0,1.96,1,0.0,1.0,1.0,7523,
3556,147840,7.9,1.0,9.09,2,0.0,1.0,1.0,7523,
3557,147840,-7.0,0.0,3.92,2,0.0,1.0,1.0,7523,
3558,148160,-3.8,0.0,10.0,2,0.0,0.5,1.0,7525,
3559,148288,-5.0,0.0,0.0,0,,,1.0,7530,
3560,148288,-5.0,0.0,0.0,0,,,1.0,7530,
3561,148352,-5.2,0.0,2.27,1,0.0,0.0,1.0,7533,
3562,148352,-2.0,0.0,8.33,1,0.0,0.0,1.0,7533,
3563,148544,-4.2,0.0,2.94,1,0.0,0.0,1.0,7535,
3564,148544,-6.0,0.0,3.92,2,0.0,1.0,1.0,7535,
3565,148544,-5.0,0.0,0.0,0,,,1.0,7535,
3566,148672,-5.7,0.0,2.04,1,0.0,0.0,1.0,7538,
3567,148672,-7.0,0.0,3.92,2,0.0,1.0,1.0,7538,
3568,148672,-5.0,0.0,0.0,0,,,1.0,7538,
3569,148736,-8.0,0.0,5.88,3,0.0,1.0,1.0,7540,
3570,148736,-6.0,0.0,3.92,2,0.0,1.0,1.0,7540,
3571,148736,-5.9,0.0,1.96,1,0.0,0.0,1.0,7540,
3572,148800,-1.3,0.0,6.67,1,0.0,0.0,1.0,7541,
3573,148800,-4.0,0.0,0.0,0,,,1.0,7541,
3574,148800,-5.0,0.0,0.0,0,,,1.0,7541,
3575,148864,-5.0,0.0,0.0,0,,,1.0,7542,
3576,148864,-3.7,0.0,3.45,1,0.0,0.0,1.0,7542,
3577,148864,-7.0,0.0,3.92,2,0.0,1.0,1.0,7542,
3578,148928,-5.0,0.0,0.0,0,,,1.0,7543,
3579,148992,-8.0,0.0,5.88,3,0.0,1.0,1.0,7545,
3580,149056,-6.0,0.0,3.92,2,0.0,1.0,1.0,7546,
3581,149120,-5.0,0.0,1.96,1,0.0,1.0,1.0,7549,
3582,149184,-5.0,0.0,0.0,0,,,1.0,7551,
3583,149248,-5.0,0.0,0.0,0,,,1.0,7551,
3584,149248,-5.0,0.0,0.0,0,,,1.0,7551,
3585,149248,-6.0,0.0,1.96,1,0.0,1.0,1.0,7551,
3586,149440,-5.4,0.0,5.56,2,0.0,0.5,1.0,7555,
3587,149568,-5.5,0.0,11.11,3,0.0,0.6667,1.0,7558,
3588,149632,-3.9,0.0,3.23,1,0.0,0.0,1.0,7560,
3589,149696,-6.7,0.0,6.12,3,0.0,0.6667,1.0,7563,
3590,149824,-5.0,0.0,0.0,0,,,1.0,7564,
3591,149888,-5.5,0.0,2.13,1,0.0,0.0,1.0,7565,
3592,149952,-5.0,0.0,1.96,1,0.0,1.0,1.0,7565,
3593,150016,-5.0,0.0,0.0,0,,,1.0,7565,
3594,150016,-7.0,0.0,3.92,2,0.0,1.0,1.0,7565,
3595,150080,-5.0,0.0,0.0,0,,,1.0,7567,
3596,150080,-5.0,0.0,0.0,0,,,1.0,7567,
3597,150080,-3.0,0.0,4.55,1,0.0,0.0,1.0,7567,
3598,150144,-5.0,0.0,0.0,0,,,1.0,7570,
3599,150144,-3.9,0.0,9.52,2,0.0,0.5,1.0,7570,
3600,150144,-5.0,0.0,1.96,1,0.0,1.0,1.0,7570,
3601,150208,-6.0,0.0,3.92,2,0.0,1.0,1.0,7571,
3602,150208,10.4,1.0,0.0,0,,,1.0,7571,
3603,150272,-5.0,0.0,0.0,0,,,1.0,7573,
3604,150336,-5.1,0.0,2.33,1,0.0,0.0,1.0,7575,
3605,150464,-4.9,0.0,1.96,1,0.0,0.0,1.0,7579,
3606,150464,-5.0,0.0,0.0,0,,,1.0,7579,
3607,150592,-5.0,0.0,0.0,0,,,1.0,7584,
3608,150592,-5.0,0.0,0.0,0,,,1.0,7584,
3609,150592,-5.0,0.0,0.0,0,,,1.0,7584,
3610,150592,-8.0,0.0,5.88,3,0.0,1.0,1.0,7584,
3611,150656,-6.0,0.0,3.92,2,0.5,1.0,1.0,7584,
3612,150720,-5.0,0.0,0.0,0,,,1.0,7584,
3613,150720,-5.0,0.0,0.0,0,,,1.0,7584,
3614,150784,-1.9,0.0,4.76,1,0.0,0.0,1.0,7587,
3615,150848,-5.0,0.0,1.96,1,0.0,1.0,1.0,7588,
3616,150848,-8.0,0.0,5.88,3,0.0,1.0,1.0,7588,
3617,150848,-5.0,0.0,0.0,0,,,1.0,7588,
3618,150848,-5.6,0.0,2.08,1,0.0,0.0,1.0,7588,
3619,150912,9.2,1.0,5.26,1,0.0,1.0,1.0,7592,
3620,150912,-6.0,0.0,1.96,1,0.0,1.0,1.0,7592,
3621,150912,-1.3,0.0,20.0,1,0.0,0.0,1.0,7592,
3622,150976,-5.0,0.0,0.0,0,,,1.0,7595,
3623,150976,-5.0,0.0,0.0,0,,,1.0,7595,
3624,150976,-6.9,0.0,3.92,2,0.0,0.5,1.0,7595,
3625,150976,-4.1,0.0,6.06,2,0.0,0.5,1.0,7595,
3626,150976,-5.7,0.0,2.04,1,0.0,0.0,1.0,7595,
3627,151104,-6.0,0.0,3.92,2,0.0,1.0,1.0,7597,
3628,151104,-5.0,0.0,0.0,0,,,1.0,7597,
3629,151104,-6.2,0.0,4.55,2,0.0,0.5,1.0,7597,
3630,151296,-2.8,0.0,5.0,1,0.0,0.0,1.0,7600,
3631,151296,11.5,1.0,0.0,0,,,1.0,7600,
3632,151360,-5.8,0.0,2.0,1,0.0,0.0,1.0,7605,
3633,151360,8.4,1.0,11.76,2,0.0,1.0,1.0,7605,
3634,151424,-5.3,0.0,12.0,3,0.0,0.6667,1.0,7610,
3635,151424,-5.1,0.0,2.33,1,0.0,0.0,1.0,7610,
3636,151552,-5.0,0.0,1.96,1,0.0,1.0,1.0,7616,
3637,151552,-2.7,0.0,5.26,1,0.0,0.0,1.0,7616,
3638,151616,-7.0,0.0,3.92,2,0.0,1.0,1.0,7616,
3639,151616,-5.0,0.0,1.96,1,0.0,1.0,1.0,7616,
3640,151680,9.4,1.0,5.88,1,0.0,1.0,1.0,7617,
3641,151680,-2.2,0.0,7.14,1,0.0,0.0,1.0,7617,
3642,151744,-2.1,0.0,7.69,1,0.0,0.0,1.0,7619,
3643,151808,-5.0,0.0,0.0,0,,,1.0,7620,
3644,151808,-5.0,0.0,0.0,0,,,1.0,7620,
3645,151808,-5.0,0.0,0.0,0,,,1.0,7620,
3646,151936,-5.0,0.0,1.96,1,0.0,1.0,1.0,7624,
3647,151936,-3.5,0.0,3.7,1,0.0,0.0,1.0,7624,
3648,152000,-4.0,0.0,0.0,0,,,1.0,7626,
3649,152000,-7.0,0.0,5.88,3,0.0,1.0,1.0,7626,
3650,152000,-4.0,0.0,0.0,0,,,1.0,7626,
3651,152064,-5.0,0.0,0.0,0,,,1.0,7627,
3652,152064,-5.0,0.0,0.0,0,,,1.0,7627,
3653,152128,-7.0,0.0,5.88,3,0.0,1.0,1.0,7629,
3654,152128,-6.7,0.0,4.08,2,0.0,0.5,1.0,7629,
3655,152128,-4.0,0.0,9.09,2,0.0,0.5,1.0,7629,
3656,152128,-5.0,0.0,0.0,0,,,1.0,7629,
3657,152192,-7.0,0.0,3.92,2,0.0,1.0,1.0,7629,
3658,152256,-2.3,0.0,6.67,1,0.0,0.0,1.0,7630,
3659,152320,-5.0,0.0,0.0,0,,,1.0,7632,
3660,152448,-6.0,0.0,1.96,1,0.0,1.0,1.0,7633,
3661,152512,-6.0,0.0,1.96,1,0.0,1.0,1.0,7634,
3662,152512,-5.0,0.0,1.96,1,0.0,1.0,1.0,7634,
3663,152512,-8.0,0.0,5.88,3,0.0,1.0,1.0,7634,
3664,152576,-3.5,0.0,3.7,1,0.0,0.0,1.0,7635,
3665,152704,-4.9,0.0,2.44,1,0.0,0.0,1.0,7637,
3666,152768,-2.8,0.0,3.33,1,0.0,0.0,1.0,7643,
3667,152768,-5.0,0.0,6.25,2,0.0,0.5,1.0,7643,
3668,152832,-6.0,0.0,3.92,2,0.0,1.0,1.0,7643,
3669,152896,-5.0,0.0,0.0,0,,,1.0,7645,
3670,152896,-3.8,0.0,10.0,2,0.0,0.5,1.0,7645,
3671,152960,10.3,1.0,0.0,0,,,1.0,7646,
3672,153024,-3.4,0.0,7.69,2,0.0,0.5,1.0,7648,
3673,153024,-3.1,0.0,4.35,1,0.0,0.0,1.0,7648,
3674,153152,-6.0,0.0,1.96,1,1.0,1.0,1.0,7651,
3675,153152,-2.4,0.0,6.25,1,0.0,0.0,1.0,7651,
3676,153216,-6.0,0.0,1.96,1,0.0,1.0,1.0,7652,
3677,153280,-6.0,0.0,1.96,1,0.0,1.0,1.0,7652,
3678,153344,-5.0,0.0,0.0,0,,,1.0,7654,
3679,153344,-4.8,0.0,2.0,1,0.0,0.0,1.0,7654,
3680,153344,-6.0,0.0,1.96,1,0.0,1.0,1.0,7654,
3681,153408,-7.0,0.0,5.88,3,0.0,1.0,1.0,7656,
3682,153408,-5.0,0.0,0.0,0,,,1.0,7656,
3683,153472,-8.0,0.0,5.88,3,0.0,1.0,1.0,7656,
3684,153536,5.6,1.0,4.44,2,0.5,1.0,1.0,7657,
3685,153728,-5.0,0.0,0.0,0,,,1.0,7660,
3686,153728,-5.0,0.0,1.96,1,0.0,1.0,1.0,7660,
3687,153792,-6.2,0.0,4.55,2,0.0,0.5,1.0,7661,
3688,153856,-6.0,0.0,1.96,1,0.0,1.0,1.0,7661,
3689,153856,-7.0,0.0,3.92,2,0.0,1.0,1.0,7661,
3690,153984,-4.6,0.0,2.63,1,0.0,0.0,1.0,7663,
3691,154048,-4.8,0.0,6.67,2,0.0,0.5,1.0,7664,
3692,154112,-5.0,0.0,0.0,0,,,1.0,7664,
3693,154112,-6.0,0.0,1.96,1,0.0,1.0,1.0,7664,
3694,154176,-6.0,0.0,1.96,1,0.0,1.0,1.0,7665,
3695,154240,-4.0,0.0,0.0,0,,,1.0,7668,
3696,154240,-5.0,0.0,0.0,0,,,1.0,7668,
3697,154240,-5.0,0.0,0.0,0,,,1.0,7668,
3698,154240,-4.6,0.0,2.63,1,0.0,0.0,1.0,7668,
3699,154240,-5.0,0.0,0.0,0,,,1.0,7668,
3700,154368,-4.0,0.0,0.0,0,,,1.0,7670,
3701,154368,-3.6,0.0,2.63,1,0.0,0.0,1.0,7670,
3702,154368,8.4,1.0,0.0,0,,,1.0,7670,
3703,154368,-6.0,0.0,1.96,1,0.0,1.0,1.0,7670,
3704,154368,-5.0,0.0,0.0,0,,,1.0,7670,
3705,154560,-5.0,0.0,0.0,0,,,1.0,7670,
3706,154624,-4.0,0.0,0.0,0,,,1.0,7671,
3707,154688,-6.0,0.0,1.96,1,0.0,1.0,1.0,7671,
3708,154688,-5.0,0.0,0.0,0,,,1.0,7671,
3709,154816,-5.9,0.0,4.88,2,0.0,0.5,1.0,7675,
3710,154816,-2.8,0.0,3.33,1,0.0,0.0,1.0,7675,
3711,154880,-5.0,0.0,0.0,0,,,1.0,7676,
3712,154880,-1.4,0.0,6.25,1,0.0,0.0,1.0,7676,
3713,154944,11.2,1.0,0.0,0,,,1.0,7677,
3714,154944,-6.0,0.0,1.96,1,0.0,1.0,1.0,7677,
3715,154944,-6.0,0.0,1.96,1,0.0,1.0,1.0,7677,
3716,155008,-4.0,0.0,0.0,0,,,1.0,7677,
3717,155072,-6.0,0.0,1.96,1,0.0,1.0,1.0,7677,
3718,155136,-4.5,0.0,7.41,2,0.5,0.5,1.0,7679,
3719,155136,-4.1,0.0,3.03,1,0.0,0.0,1.0,7679,
3720,155200,8.6,1.0,13.33,2,0.0,1.0,1.0,7683,
3721,155200,-5.0,0.0,0.0,0,,,1.0,7683,
3722,155264,-3.1,0.0,3.03,1,0.0,0.0,1.0,7686,
3723,155264,-6.0,0.0,1.96,1,0.0,1.0,1.0,7686,
3724,155264,-6.1,0.0,6.98,3,0.0,0.6667,1.0,7686,
3725,155264,-6.0,0.0,1.96,1,0.0,1.0,1.0,7686,
3726,155328,-5.0,0.0,0.0,0,,,1.0,7688,
3727,155328,-6.0,0.0,3.92,2,0.0,1.0,1.0,7688,
3728,155392,-4.0,0.0,0.0,0,,,1.0,7690,
3729,155392,-3.3,0.0,4.0,1,0.0,0.0,1.0,7690,
3730,155392,-5.0,0.0,0.0,0,,,1.0,7690,
3731,155520,-4.0,0.0,0.0,0,,,1.0,7691,
3732,155520,-2.3,0.0,6.67,1,0.0,0.0,1.0,7691,
3733,155584,-6.0,0.0,3.92,2,0.0,1.0,1.0,7693,
3734,155712,-4.6,0.0,2.63,1,0.0,0.0,1.0,7696,
3735,155712,-6.0,0.0,1.96,1,0.0,1.0,1.0,7696,
3736,155776,-5.0,0.0,0.0,0,,,1.0,7696,
3737,155776,-5.0,0.0,1.96,1,0.0,1.0,1.0,7696,
3738,155840,-4.4,0.0,2.17,1,0.0,0.0,1.0,7698,
3739,155840,-5.0,0.0,0.0,0,,,1.0,7698,
3740,155968,-5.0,0.0,0.0,0,,,1.0,7700,
3741,156032,-5.0,0.0,0.0,0,,,1.0,7702,
3742,156032,-6.0,0.0,1.96,1,0.0,1.0,1.0,7702,
3743,156032,9.5,1.0,0.0,0,,,1.0,7702,
3744,156096,-5.0,0.0,0.0,0,,,1.0,7704,
3745,156160,7.0,1.0,14.29,3,0.6667,1.0,1.0,7704,
3746,156224,-5.0,0.0,0.0,0,,,1.0,7707,
3747,156288,-5.0,0.0,0.0,0,,,1.0,7708,
3748,156416,-5.0,0.0,1.96,1,0.0,1.0,1.0,7711,
3749,156480,-3.0,0.0,4.55,1,0.0,0.0,1.0,7713,
3750,156480,-5.0,0.0,0.0,0,,,1.0,7713,
3751,156480,-1.6,0.0,5.56,1,0.0,0.0,1.0,7713,
3752,156608,-4.7,0.0,2.04,1,0.0,0.0,1.0,7717,
3753,156608,-7.0,0.0,3.92,2,0.0,1.0,1.0,7717,
3754,156608,-5.0,0.0,1.96,1,0.0,1.0,1.0,7717,
3755,156608,-5.0,0.0,1.96,1,0.0,1.0,1.0,7717,
3756,156672,-5.0,0.0,1.96,1,0.0,1.0,1.0,7719,
3757,156672,-4.8,0.0,2.5,1,0.0,0.0,1.0,7719,
3758,156800,-5.0,0.0,0.0,0,,,1.0,7721,
3759,156864,-4.2,0.0,2.94,1,0.0,0.0,1.0,7722,
3760,156864,8.6,1.0,4.0,1,0.0,1.0,1.0,7722,
3761,156992,-6.0,0.0,3.92,2,0.0,1.0,1.0,7723,
3762,156992,-6.0,0.0,1.96,1,0.0,1.0,1.0,7723,
3763,157056,11.4,1.0,0.0,0,,,1.0,7723,
3764,157120,-4.0,0.0,0.0,0,,,1.0,7725,
3765,157120,-6.3,0.0,4.44,2,0.0,0.5,1.0,7725,
3766,157120,-5.4,0.0,5.56,2,0.0,0.5,1.0,7725,
3767,157248,-5.9,0.0,1.96,1,0.0,0.0,1.0,7730,
3768,157248,-6.8,0.0,4.0,2,0.0,0.5,1.0,7730,
3769,157248,-3.0,0.0,16.67,2,0.0,0.5,1.0,7730,
3770,157376,-6.0,0.0,1.96,1,0.0,1.0,1.0,7731,
3771,157440,-5.0,0.0,1.96,1,0.0,1.0,1.0,7733,
3772,157504,-6.0,0.0,1.96,1,0.0,1.0,1.0,7736,
3773,157504,-4.7,0.0,2.04,1,0.0,0.0,1.0,7736,
3774,157504,-7.0,0.0,3.92,2,0.0,1.0,1.0,7736,
3775,157504,-7.0,0.0,3.92,2,0.0,1.0,1.0,7736,
3776,157632,-6.0,0.0,1.96,1,0.0,1.0,1.0,7739,
3777,157632,-5.0,0.0,0.0,0,,,1.0,7739,
3778,157824,-5.6,0.0,5.26,2,0.0,0.5,1.0,7743,
3779,157824,-2.6,0.0,3.57,1,0.0,0.0,1.0,7743,
3780,157888,-2.2,0.0,7.14,1,0.0,0.0,1.0,7746,
3781,157888,-4.0,0.0,0.0,0,,,1.0,7746,
3782,157952,-5.0,0.0,0.0,0,,,1.0,7749,
3783,157952,-4.3,0.0,2.86,1,0.0,0.0,1.0,7749,
3784,157952,-1.9,0.0,9.09,1,0.0,0.0,1.0,7749,
3785,157952,-1.9,0.0,4.76,1,0.0,0.0,1.0,7749,
3786,158016,-3.7,0.0,2.56,1,0.0,0.0,1.0,7750,
3787,158080,-5.7,0.0,2.04,1,0.0,0.0,1.0,7752,
3788,158080,-5.3,0.0,2.22,1,0.0,0.0,1.0,7752,
3789,158144,-4.0,0.0,0.0,0,,,1.0,7753,
3790,158144,-5.5,0.0,2.13,1,0.0,0.0,1.0,7753,
3791,158144,-6.0,0.0,3.92,2,0.0,1.0,1.0,7753,
3792,158208,-6.0,0.0,1.96,1,0.0,1.0,1.0,7755,
3793,158208,-6.0,0.0,3.92,2,0.0,1.0,1.0,7755,
3794,158272,-2.2,0.0,7.14,1,0.0,0.0,1.0,7757,
3795,158272,-4.4,0.0,2.78,1,0.0,0.0,1.0,7757,
3796,158272,-6.0,0.0,1.96,1,0.0,1.0,1.0,7757,
3797,158400,-7.0,0.0,3.92,2,0.0,1.0,1.0,7764,
3798,158400,-3.8,0.0,6.67,2,0.0,0.5,1.0,7764,
3799,158464,-5.0,0.0,0.0,0,,,1.0,7766,
3800,158528,-5.0,0.0,1.96,1,1.0,1.0,1.0,7767,
3801,158528,-5.0,0.0,1.96,1,0.0,1.0,1.0,7767,
3802,158528,-2.7,0.0,3.45,1,0.0,0.0,1.0,7767,
3803,158528,-4.0,0.0,0.0,0,,,1.0,7767,
3804,158592,-5.0,0.0,0.0,0,,,1.0,7768,
3805,158656,-5.0,0.0,0.0,0,,,1.0,7769,
3806,158656,-7.0,0.0,3.92,2,0.0,1.0,1.0,7769,
3807,158784,-6.5,0.0,4.26,2,0.0,0.5,1.0,7771,
3808,158784,-10.0,0.0,11.76,6,0.0,1.0,1.0,7771,
3809,158848,10.5,1.0,16.67,1,0.0,1.0,1.0,7773,
3810,158848,-5.6,0.0,2.08,1,0.0,0.0,1.0,7773,
3811,158848,-8.0,0.0,5.88,3,0.0,1.0,1.0,7773,
3812,158912,-2.1,0.0,7.69,1,0.0,0.0,1.0,7774,
3813,158976,-4.7,0.0,2.56,1,0.0,0.0,1.0,7775,
3814,158976,-5.0,0.0,0.0,0,,,1.0,7775,
3815,159104,-7.0,0.0,3.92,2,0.0,1.0,1.0,7777,
3816,159104,-5.0,0.0,0.0,0,,,1.0,7777,
3817,159232,-2.3,0.0,6.67,1,0.0,0.0,1.0,7779,
3818,159232,-1.9,0.0,9.09,1,0.0,0.0,1.0,7779,
3819,159296,-7.0,0.0,3.92,2,0.0,1.0,1.0,7780,
3820,159296,-4.6,0.0,2.63,1,0.0,0.0,1.0,7780,
3821,159296,-6.0,0.0,1.96,1,0.0,1.0,1.0,7780,
3822,159360,-5.0,0.0,0.0,0,,,1.0,7782,
3823,159424,-4.4,0.0,2.78,1,0.0,0.0,1.0,7784,
3824,159424,-3.3,0.0,4.0,1,0.0,0.0,1.0,7784,
3825,159424,-6.0,0.0,1.96,1,0.0,1.0,1.0,7784,
3826,159488,8.0,1.0,3.23,1,0.0,1.0,1.0,7785,
3827,159488,-4.0,0.0,0.0,0,,,1.0,7785,
3828,159552,-5.0,0.0,0.0,0,,,1.0,7786,
3829,159680,-4.2,0.0,2.94,1,0.0,0.0,1.0,7789,
3830,159680,-5.0,0.0,0.0,0,,,1.0,7789,
3831,159680,-5.3,0.0,2.22,1,0.0,0.0,1.0,7789,
3832,159872,-6.0,0.0,1.96,1,0.0,1.0,1.0,7793,
3833,159872,-2.5,0.0,5.88,1,0.0,0.0,1.0,7793,
3834,159872,9.8,1.0,0.0,0,,,1.0,7793,
3835,159872,-5.0,0.0,0.0,0,,,1.0,7793,
3836,159936,-5.0,0.0,0.0,0,,,1.0,7793,
3837,160000,-2.2,0.0,7.14,1,0.0,0.0,1.0,7794,
3838,160128,5.6,1.0,4.44,2,0.0,1.0,1.0,7795,
3839,160128,-5.0,0.0,0.0,0,,,1.0,7795,
3840,160256,-2.9,0.0,3.23,1,0.0,0.0,1.0,7796,
3841,160256,-5.0,0.0,0.0,0,,,1.0,7796,
3842,160320,-4.6,0.0,2.63,1,0.0,0.0,1.0,7798,
3843,160320,-4.8,0.0,6.67,2,0.0,0.5,1.0,7798,
3844,160320,-5.0,0.0,0.0,0,,,1.0,7798,
3845,160384,-5.0,0.0,0.0,0,,,1.0,7798,
3846,160384,-4.0,0.0,0.0,0,,,1.0,7798,
3847,160448,-4.4,0.0,2.78,1,0.0,0.0,1.0,7800,
3848,160448,-4.8,0.0,2.5,1,0.0,0.0,1.0,7800,
3849,160512,-5.0,0.0,0.0,0,,,1.0,7800,
3850,160576,8.1,1.0,0.0,0,,,1.0,7802,
3851,160576,-2.5,0.0,5.88,1,0.0,0.0,1.0,7802,
3852,160704,-4.0,0.0,0.0,0,,,1.0,7805,
3853,160768,-5.0,0.0,0.0,0,,,1.0,7805,
3854,160768,-8.0,0.0,5.88,3,0.0,1.0,1.0,7805,
3855,160896,-6.0,0.0,3.92,2,0.0,1.0,1.0,7807,
3856,160896,-5.0,0.0,0.0,0,,,1.0,7807,
3857,161088,-4.8,0.0,2.5,1,0.0,0.0,1.0,7812,
3858,161088,-5.7,0.0,2.04,1,0.0,0.0,1.0,7812,
3859,161088,-2.7,0.0,5.26,1,0.0,0.0,1.0,7812,
3860,161088,-5.0,0.0,0.0,0,,,1.0,7812,
3861,161088,-2.7,0.0,5.26,1,0.0,0.0,1.0,7812,
3862,161216,-5.0,0.0,1.96,1,0.0,1.0,1.0,7813,
3863,161216,-5.0,0.0,0.0,0,,,1.0,7813,
3864,161216,-6.0,0.0,1.96,1,0.0,1.0,1.0,7813,
3865,161280,-5.4,0.0,5.56,2,0.0,0.5,1.0,7816,
3866,161280,-4.5,0.0,2.7,1,0.0,0.0,1.0,7816,
3867,161280,9.2,1.0,0.0,0,,,1.0,7816,
3868,161344,-5.0,0.0,0.0,0,,,1.0,7817,
3869,161408,-6.0,0.0,1.96,1,0.0,1.0,1.0,7818,
3870,161408,-5.0,0.0,0.0,0,,,1.0,7818,
3871,161472,-6.0,0.0,1.96,1,0.0,1.0,1.0,7820,
3872,161472,-6.0,0.0,1.96,1,0.0,1.0,1.0,7820,
3873,161536,-5.0,0.0,0.0,0,,,1.0,7820,
3874,161600,-3.4,0.0,3.85,1,0.0,0.0,1.0,7822,
3875,161792,-6.0,0.0,3.92,2,0.0,1.0,1.0,7825,
3876,161792,-5.0,0.0,0.0,0,,,1.0,7825,
3877,161856,-5.0,0.0,0.0,0,,,1.0,7828,
3878,161856,-3.5,0.0,3.7,1,0.0,0.0,1.0,7828,
3879,161920,-3.9,0.0,2.44,1,0.0,0.0,1.0,7831,
3880,161920,-5.0,0.0,0.0,0,,,1.0,7831,
3881,161920,-5.0,0.0,0.0,0,,,1.0,7831,
3882,162048,-4.9,0.0,1.96,1,0.0,0.0,1.0,7834,
3883,162112,-5.0,0.0,1.96,1,0.0,1.0,1.0,7835,
3884,162112,-7.0,0.0,3.92,2,0.0,1.0,1.0,7835,
3885,162112,-6.0,0.0,1.96,1,0.0,1.0,1.0,7835,
3886,162240,-6.0,0.0,1.96,1,0.0,1.0,1.0,7838,
3887,162368,-6.0,0.0,3.92,2,0.0,1.0,1.0,7840,
3888,162496,-6.0,0.0,1.96,1,0.0,1.0,1.0,7842,
3889,162496,-4.0,0.0,0.0,0,,,1.0,7842,
3890,162560,-5.0,0.0,0.0,0,,,1.0,7842,
3891,162560,-5.0,0.0,0.0,0,,,1.0,7842,
3892,162624,-5.4,0.0,5.56,2,0.0,0.5,1.0,7844,
3893,162624,-5.0,0.0,1.96,1,0.0,1.0,1.0,7844,
3894,162688,-5.0,0.0,0.0,0,,,1.0,7845,
3895,162688,-5.0,0.0,0.0,0,,,1.0,7845,
3896,162752,-5.0,0.0,1.96,1,0.0,1.0,1.0,7846,
3897,162816,-3.2,0.0,4.17,1,0.0,0.0,1.0,7848,
3898,162816,-5.0,0.0,0.0,0,,,1.0,7848,
3899,162944,-5.0,0.0,0.0,0,,,1.0,7850,
3900,162944,-7.0,0.0,5.88,3,0.0,1.0,1.0,7850,
3901,162944,-5.0,0.0,0.0,0,,,1.0,7850,
3902,163136,-5.0,0.0,0.0,0,,,1.0,7855,
3903,163136,-5.0,0.0,0.0,0,,,1.0,7855,
3904,163200,-5.2,0.0,2.27,1,0.0,0.0,1.0,7856,
3905,163264,-5.0,0.0,0.0,0,,,1.0,7856,
3906,163392,-8.0,0.0,7.84,4,0.0,1.0,1.0,7858,
3907,163392,-4.4,0.0,2.17,1,0.0,0.0,1.0,7858,
3908,163456,-3.9,0.0,3.23,1,0.0,0.0,1.0,7859,
3909,163520,-5.0,0.0,0.0,0,,,1.0,7860,
3910,163520,-5.0,0.0,0.0,0,,,1.0,7860,
3911,163584,-8.0,0.0,5.88,3,0.0,1.0,1.0,7861,
3912,163584,-5.9,0.0,1.96,1,0.0,0.0,1.0,7861,
3913,163648,-1.9,0.0,9.09,1,0.0,0.0,1.0,7862,
3914,163648,-5.0,0.0,1.96,1,0.0,1.0,1.0,7862,
3915,163712,-5.0,0.0,1.96,1,0.0,1.0,1.0,7865,
3916,163712,-4.5,0.0,2.7,1,0.0,0.0,1.0,7865,
3917,163712,-5.7,0.0,2.04,1,0.0,0.0,1.0,7865,
3918,163712,-7.4,0.0,8.7,4,0.0,0.75,1.0,7865,
3919,163776,9.4,1.0,5.88,1,0.0,1.0,1.0,7866,
3920,163776,-6.0,0.0,3.92,2,0.0,1.0,1.0,7866,
3921,163840,-6.0,0.0,1.96,1,0.0,1.0,1.0,7866,
3922,163904,-2.8,0.0,5.0,1,0.0,0.0,1.0,7867,
3923,163968,-6.6,0.0,4.17,2,0.0,0.5,1.0,7869,
3924,163968,-5.0,0.0,0.0,0,,,1.0,7869,
3925,164032,-9.0,0.0,9.8,5,0.0,1.0,1.0,7870,
3926,164160,-5.0,0.0,0.0,0,,,1.0,7873,
3927,164224,-4.2,0.0,2.94,1,0.0,0.0,1.0,7875,
3928,164352,-6.0,0.0,1.96,1,0.0,1.0,1.0,7876,
3929,164352,-8.0,0.0,5.88,3,0.0,1.0,1.0,7876,
3930,164352,-4.0,0.0,0.0,0,,,1.0,7876,
3931,164352,-5.0,0.0,0.0,0,,,1.0,7876,
3932,164352,-8.0,0.0,5.88,3,0.0,1.0,1.0,7876,
3933,164416,-5.7,0.0,2.04,1,0.0,0.0,1.0,7879,
3934,164416,-1.8,0.0,10.0,1,0.0,0.0,1.0,7879,
3935,164480,-4.0,0.0,0.0,0,,,1.0,7880,
3936,164480,-4.0,0.0,0.0,0,,,1.0,7880,
3937,164480,-3.5,0.0,2.7,1,0.0,0.0,1.0,7880,
3938,164480,-4.0,0.0,0.0,0,,,1.0,7880,
3939,164544,-5.0,0.0,0.0,0,,,1.0,7880,
3940,164672,-5.0,0.0,0.0,0,,,1.0,7881,
3941,164672,-5.3,0.0,4.44,2,0.0,0.5,1.0,7881,
3942,164672,-5.0,0.0,0.0,0,,,1.0,7881,
3943,164736,-5.0,0.0,0.0,0,,,1.0,7881,
3944,164800,-5.0,0.0,0.0,0,,,1.0,7881,
3945,164864,-5.0,0.0,0.0,0,,,1.0,7881,
3946,164928,-1.6,0.0,5.56,1,0.0,0.0,1.0,7882,
3947,165056,-5.0,0.0,0.0,0,,,1.0,7884,
3948,165120,-5.0,0.0,0.0,0,,,1.0,7886,
3949,165120,-5.0,0.0,0.0,0,,,1.0,7886,
3950,165184,-5.0,0.0,0.0,0,,,1.0,7887,
3951,165184,-4.0,0.0,0.0,0,,,1.0,7887,
3952,165184,-5.0,0.0,0.0,0,,,1.0,7887,
3953,165248,-4.8,0.0,2.5,1,0.0,0.0,1.0,7889,
3954,165376,-5.0,0.0,1.96,1,0.0,1.0,1.0,7892,
3955,165376,-5.0,0.0,0.0,0,,,1.0,7892,
3956,165440,9.2,1.0,22.22,2,0.0,1.0,1.0,7893,
3957,165504,-5.0,0.0,0.0,0,,,1.0,7893,
3958,165632,-5.0,0.0,0.0,0,,,1.0,7893,
3959,165696,8.7,1.0,0.0,0,,,1.0,7896,
3960,165760,-5.0,0.0,0.0,0,,,1.0,7896,
3961,165760,-4.0,0.0,0.0,0,,,1.0,7896,
3962,165824,-4.0,0.0,0.0,0,,,1.0,7899,
3963,165824,-6.0,0.0,1.96,1,0.0,1.0,1.0,7899,
3964,165824,-3.0,0.0,4.55,1,0.0,0.0,1.0,7899,
3965,165888,-5.0,0.0,1.96,1,0.0,1.0,1.0,7899,
3966,166016,-5.0,0.0,0.0,0,,,1.0,7902,
3967,166080,-5.0,0.0,0.0,0,,,1.0,7902,
3968,166080,-4.0,0.0,0.0,0,,,1.0,7902,
3969,166208,-4.3,0.0,2.86,1,0.0,0.0,1.0,7905,
3970,166208,-5.0,0.0,0.0,0,,,1.0,7905,
3971,166208,-5.0,0.0,1.96,1,0.0,1.0,1.0,7905,
3972,166272,-4.5,0.0,5.41,2,0.0,0.5,1.0,7907,
3973,166400,-2.8,0.0,3.33,1,0.0,0.0,1.0,7910,
3974,166400,-5.0,0.0,0.0,0,,,1.0,7910,
3975,166400,-5.0,0.0,0.0,0,,,1.0,7910,
3976,166464,-6.0,0.0,3.92,2,0.0,1.0,1.0,7910,
3977,166528,-5.0,0.0,1.96,1,0.0,1.0,1.0,7911,
3978,166656,-6.0,0.0,3.92,2,0.0,1.0,1.0,7913,
3979,166656,-6.0,0.0,3.92,2,0.0,1.0,1.0,7913,
3980,166720,-2.9,0.0,4.76,1,0.0,0.0,1.0,7916,
3981,166720,-5.0,0.0,0.0,0,,,1.0,7916,
3982,166784,-6.0,0.0,1.96,1,0.0,1.0,1.0,7916,
3983,166848,-5.0,0.0,0.0,0,,,1.0,7916,
3984,166848,-4.0,0.0,0.0,0,,,1.0,7916,
3985,166912,-4.8,0.0,2.5,1,0.0,0.0,1.0,7920,
3986,166912,-5.3,0.0,2.22,1,0.0,0.0,1.0,7920,
3987,166912,-5.0,0.0,1.96,1,0.0,1.0,1.0,7920,
3988,166912,-5.8,0.0,5.0,2,0.0,0.5,1.0,7920,
3989,166912,-3.0,0.0,4.55,1,0.0,0.0,1.0,7920,
3990,166912,-6.0,0.0,1.96,1,0.0,1.0,1.0,7920,
3991,166976,-6.0,0.0,1.96,1,0.0,1.0,1.0,7922,
3992,166976,-5.0,0.0,0.0,0,,,1.0,7922,
3993,166976,-5.0,0.0,0.0,0,,,1.0,7922,
3994,166976,-6.0,0.0,1.96,1,0.0,1.0,1.0,7922,
3995,166976,-4.7,0.0,2.56,1,0.0,0.0,1.0,7922,
3996,167040,-4.0,0.0,2.38,1,0.0,0.0,1.0,7923,
3997,167104,-5.0,0.0,1.96,1,0.0,1.0,1.0,7926,
3998,167104,-4.8,0.0,2.5,1,0.0,0.0,1.0,7926,
3999,167232,-6.0,0.0,1.96,1,0.0,1.0,1.0,7927,
4000,167232,-4.8,0.0,2.5,1,0.0,0.0,1.0,7927,
4001,167360,-3.3,0.0,4.0,1,0.0,0.0,1.0,7930,
4002,167424,8.3,1.0,11.11,2,1.0,1.0,1.0,7932,
4003,167424,-6.0,0.0,1.96,1,0.0,1.0,1.0,7932,
4004,167488,-6.0,0.0,1.96,1,0.0,1.0,1.0,7933,
4005,167616,11.1,1.0,0.0,0,,,1.0,7934,
4006,167616,-5.0,0.0,0.0,0,,,1.0,7934,
4007,167616,-4.0,0.0,0.0,0,,,1.0,7934,
4008,167680,-5.0,0.0,0.0,0,,,1.0,7934,
4009,167744,-2.0,0.0,8.33,1,0.0,0.0,1.0,7936,
4010,167744,-5.0,0.0,0.0,0,,,1.0,7936,
4011,167744,-7.0,0.0,3.92,2,0.0,1.0,1.0,7936,
4012,167808,8.7,1.0,0.0,0,,,1.0,7936,
4013,167872,-2.9,0.0,4.76,1,0.0,0.0,1.0,7937,
4014,167936,-5.0,0.0,0.0,0,,,1.0,7937,
4015,167936,-5.0,0.0,1.96,1,0.0,1.0,1.0,7937,
4016,168000,-9.0,0.0,7.84,4,0.0,1.0,1.0,7937,
4017,168064,-6.0,0.0,1.96,1,0.0,1.0,1.0,7937,
4018,168192,7.3,1.0,0.0,0,,,1.0,7937,
4019,168192,-5.0,0.0,0.0,0,,,1.0,7937,
4020,168320,-3.8,0.0,2.5,1,0.0,0.0,1.0,7940,
4021,168320,-5.0,0.0,0.0,0,,,1.0,7940,
4022,168384,-6.0,0.0,1.96,1,0.0,1.0,1.0,7940,
4023,168448,-5.0,0.0,1.96,1,0.0,1.0,1.0,7940,
4024,168448,-5.0,0.0,0.0,0,,,1.0,7940,
4025,168448,-5.0,0.0,0.0,0,,,1.0,7940,
4026,168512,-4.0,0.0,0.0,0,,,1.0,7940,
4027,168640,-5.0,0.0,0.0,0,,,1.0,7940,
4028,168704,-3.6,0.0,3.57,1,0.0,0.0,1.0,7942,
4029,168704,-5.0,0.0,0.0,0,,,1.0,7942,
4030,168768,-5.0,0.0,2.38,1,0.0,0.0,1.0,7943,
4031,168960,-5.0,0.0,0.0,0,,,1.0,7947,
4032,169024,5.2,1.0,4.08,2,0.0,1.0,1.0,7950,
4033,169024,-6.5,0.0,6.38,3,0.0,0.6667,1.0,7950,
4034,169024,-5.2,0.0,2.27,1,0.0,0.0,1.0,7950,
4035,169088,-6.0,0.0,1.96,1,0.0,1.0,1.0,7951,
4036,169088,-7.0,0.0,3.92,2,0.0,1.0,1.0,7951,
4037,169088,-5.0,0.0,1.96,1,0.0,1.0,1.0,7951,
4038,169152,-4.2,0.0,2.94,1,0.0,0.0,1.0,7953,
4039,169216,-3.2,0.0,4.17,1,0.0,0.0,1.0,7954,
4040,169344,-5.0,0.0,0.0,0,,,1.0,7959,
4041,169344,-2.4,0.0,6.25,1,0.0,0.0,1.0,7959,
4042,169344,-3.8,0.0,3.33,1,0.0,0.0,1.0,7959,
4043,169408,-5.5,0.0,2.13,1,0.0,0.0,1.0,7961,
4044,169408,-5.0,0.0,4.76,2,0.0,0.5,1.0,7961,
4045,169472,8.7,1.0,4.17,1,0.0,1.0,1.0,7962,
4046,169472,-5.0,0.0,0.0,0,,,1.0,7962,
4047,169472,-5.0,0.0,0.0,0,,,1.0,7962,
4048,169536,-4.7,0.0,2.56,1,0.0,0.0,1.0,7964,
4049,169536,-4.8,0.0,2.5,1,0.0,0.0,1.0,7964,
4050,169664,-2.6,0.0,5.56,1,0.0,0.0,1.0,7965,
4051,169664,-5.0,0.0,0.0,0,,,1.0,7965,
4052,169664,-5.0,0.0,0.0,0,,,1.0,7965,
4053,169728,-5.0,0.0,0.0,0,,,1.0,7966,
4054,169856,-3.8,0.0,3.33,1,0.0,0.0,1.0,7970,
4055,169856,-5.1,0.0,2.33,1,0.0,0.0,1.0,7970,
4056,169920,7.7,1.0,2.94,1,0.0,1.0,1.0,7971,
4057,169920,-1.3,0.0,6.67,1,0.0,0.0,1.0,7971,
4058,169920,-6.0,0.0,1.96,1,0.0,1.0,1.0,7971,
4059,169920,-5.0,0.0,0.0,0,,,1.0,7971,
4060,169984,-5.6,0.0,4.17,2,0.0,0.5,1.0,7973,
4061,169984,-5.0,0.0,0.0,0,,,1.0,7973,
4062,170048,-5.0,0.0,0.0,0,,,1.0,7976,
4063,170112,-7.0,0.0,5.88,3,0.0,1.0,1.0,7977,
4064,170112,-5.0,0.0,0.0,0,,,1.0,7977,
4065,170176,-6.0,0.0,1.96,1,1.0,1.0,1.0,7978,
4066,170176,-8.0,0.0,5.88,3,0.0,1.0,1.0,7978,
4067,170176,-4.0,0.0,0.0,0,,,1.0,7978,
4068,170176,-6.0,0.0,1.96,1,0.0,1.0,1.0,7978,
4069,170240,-5.0,0.0,0.0,0,,,1.0,7979,
4070,170240,-5.2,0.0,5.88,2,0.0,0.5,1.0,7979,
4071,170368,-3.9,0.0,2.44,1,0.0,0.0,1.0,7980,
4072,170368,-5.0,0.0,0.0,0,,,1.0,7980,
4073,170432,10.4,1.0,0.0,0,,,1.0,7981,
4074,170496,-5.3,0.0,2.22,1,0.0,0.0,1.0,7982,
4075,170496,-6.0,0.0,1.96,1,0.0,1.0,1.0,7982,
4076,170496,-5.0,0.0,0.0,0,,,1.0,7982,
4077,170560,11.3,1.0,0.0,0,,,1.0,7982,
4078,170624,-6.0,0.0,1.96,1,0.0,1.0,1.0,7982,
4079,170688,11.6,1.0,0.0,0,,,1.0,7985,
4080,170688,-6.0,0.0,1.96,1,0.0,1.0,1.0,7985,
4081,170688,-2.9,0.0,4.76,1,0.0,0.0,1.0,7985,
4082,170752,-5.7,0.0,2.04,1,0.0,0.0,1.0,7987,
4083,170752,-7.0,0.0,3.92,2,0.0,1.0,1.0,7987,
4084,170816,10.6,1.0,20.0,1,0.0,1.0,1.0,7987,
4085,170880,-4.8,0.0,2.5,1,0.0,0.0,1.0,7990,
4086,170880,-6.0,0.0,1.96,1,0.0,1.0,1.0,7990,
4087,170880,-2.9,0.0,4.76,1,0.0,0.0,1.0,7990,
4088,170944,-2.4,0.0,6.25,1,0.0,0.0,1.0,7992,
4089,171008,-5.0,0.0,0.0,0,,,1.0,7993,
4090,171072,-5.0,0.0,0.0,0,,,1.0,7995,
4091,171136,-6.0,0.0,1.96,1,0.0,1.0,1.0,7995,
4092,171264,-5.0,0.0,0.0,0,,,1.0,7996,
4093,171328,-2.6,0.0,5.56,1,0.0,0.0,1.0,8000,
4094,171328,-5.7,0.0,2.04,1,0.0,0.0,1.0,8000,
4095,171392,-4.4,0.0,2.78,1,0.0,0.0,1.0,8001,
4096,171456,-5.0,0.0,0.0,0,,,1.0,8001,
4097,171520,-1.8,0.0,10.0,1,0.0,0.0,1.0,8004,
4098,171520,-2.0,0.0,8.33,1,0.0,0.0,1.0,8004,
4099,171584,-5.7,0.0,2.04,1,0.0,0.0,1.0,8006,
4100,171648,-5.0,0.0,0.0,0,,,1.0,8009,
4101,171648,-2.3,0.0,6.67,1,0.0,0.0,1.0,8009,
4102,171712,-5.0,0.0,0.0,0,,,1.0,8009,
4103,171712,-7.0,0.0,3.92,2,0.0,1.0,1.0,8009,
4104,171776,-3.7,0.0,3.45,1,0.0,0.0,1.0,8010,
4105,171904,-5.0,0.0,1.96,1,0.0,1.0,1.0,8012,
4106,171968,-5.0,0.0,0.0,0,,,1.0,8014,
4107,171968,-5.1,0.0,2.33,1,0.0,0.0,1.0,8014,
4108,171968,-3.6,0.0,3.57,1,0.0,0.0,1.0,8014,
4109,171968,-6.0,0.0,1.96,1,0.0,1.0,1.0,8014,
4110,172032,-6.0,0.0,1.96,1,1.0,1.0,1.0,8017,
4111,172288,-5.0,0.0,0.0,0,,,1.0,8019,
4112,172288,-6.0,0.0,1.96,1,0.0,1.0,1.0,8019,
4113,172288,-5.0,0.0,1.96,1,1.0,1.0,1.0,8019,
4114,172352,-5.0,0.0,0.0,0,,,1.0,8021,
4115,172352,-2.9,0.0,4.76,1,0.0,0.0,1.0,8021,
4116,172352,-6.3,0.0,4.44,2,0.0,0.5,1.0,8021,
4117,172352,-4.0,0.0,0.0,0,,,1.0,8021,
4118,172416,-2.4,0.0,6.25,1,0.0,0.0,1.0,8022,
4119,172416,-6.0,0.0,1.96,1,0.0,1.0,1.0,8022,
4120,172480,-5.8,0.0,5.0,2,0.0,0.5,1.0,8024,
4121,172608,4.5,1.0,6.52,3,0.0,1.0,1.0,8027,
4122,172608,-5.0,0.0,0.0,0,,,1.0,8027,
4123,172672,-6.0,0.0,1.96,1,0.0,1.0,1.0,8028,
4124,172672,-5.0,0.0,0.0,0,,,1.0,8028,
4125,172736,-5.0,0.0,0.0,0,,,1.0,8030,
4126,172736,-4.0,0.0,0.0,0,,,1.0,8030,
4127,172736,-3.0,0.0,4.55,1,0.0,0.0,1.0,8030,
4128,172736,-4.9,0.0,2.44,1,0.0,0.0,1.0,8030,
4129,172800,-5.0,0.0,0.0,0,,,1.0,8031,
4130,172928,-6.0,0.0,1.96,1,0.0,1.0,1.0,8032,
4131,172928,-7.0,0.0,3.92,2,0.0,1.0,1.0,8032,
4132,172992,-3.8,0.0,2.5,1,0.0,0.0,1.0,8034,
4133,172992,-5.0,0.0,0.0,0,,,1.0,8034,
4134,173120,-6.0,0.0,1.96,1,0.0,1.0,1.0,8035,
4135,173120,-6.0,0.0,1.96,1,0.0,1.0,1.0,8035,
4136,173184,-5.0,0.0,0.0,0,,,1.0,8035,
4137,173248,-5.0,0.0,0.0,0,,,1.0,8035,
4138,173248,-6.0,0.0,1.96,1,0.0,1.0,1.0,8035,
4139,173376,-7.0,0.0,5.88,3,0.0,1.0,1.0,8036,
4140,173440,-5.0,0.0,0.0,0,,,1.0,8037,
4141,173440,-5.0,0.0,0.0,0,,,1.0,8037,
4142,173504,-6.0,0.0,1.96,1,0.0,1.0,1.0,8038,
4143,173504,-5.0,0.0,0.0,0,,,1.0,8038,
4144,173632,-5.0,0.0,0.0,0,,,1.0,8042,
4145,173696,-3.0,0.0,4.55,1,0.0,0.0,1.0,8044,
4146,173760,-5.0,0.0,0.0,0,,,1.0,8045,
4147,173760,-3.6,0.0,2.63,1,0.0,0.0,1.0,8045,
4148,173760,-6.0,0.0,1.96,1,0.0,1.0,1.0,8045,
4149,173824,-2.5,0.0,5.88,1,0.0,0.0,1.0,8046,
4150,173824,-5.0,0.0,0.0,0,,,1.0,8046,
4151,173888,-7.0,0.0,5.88,3,0.0,1.0,1.0,8049,
4152,173952,-5.0,0.0,0.0,0,,,1.0,8050,
4153,173952,-5.0,0.0,0.0,0,,,1.0,8050,
4154,174016,-1.4,0.0,16.67,1,0.0,0.0,1.0,8052,
4155,174016,-5.0,0.0,0.0,0,,,1.0,8052,
4156,174016,7.4,1.0,17.65,3,0.3333,1.0,1.0,8052,
4157,174080,-6.4,0.0,4.35,2,0.0,0.5,1.0,8054,
4158,174080,-5.0,0.0,1.96,1,0.0,1.0,1.0,8054,
4159,174144,-6.0,0.0,1.96,1,0.0,1.0,1.0,8054,
4160,174144,-5.0,0.0,0.0,0,,,1.0,8054,
4161,174208,-2.1,0.0,4.35,1,0.0,0.0,1.0,8055,
4162,174208,-6.0,0.0,1.96,1,0.0,1.0,1.0,8055,
4163,174272,3.1,1.0,12.5,5,0.0,1.0,1.0,8057,
4164,174336,-5.0,0.0,0.0,0,,,1.0,8057,
4165,174400,7.3,1.0,16.67,3,0.0,1.0,1.0,8059,
4166,174464,-1.5,0.0,14.29,1,0.0,0.0,1.0,8061,
4167,174464,-5.5,0.0,2.13,1,0.0,0.0,1.0,8061,
4168,174528,-6.0,0.0,1.96,1,0.0,1.0,1.0,8062,
4169,174528,-2.9,0.0,4.76,1,0.0,0.0,1.0,8062,
4170,174656,-5.0,0.0,2.38,1,0.0,0.0,1.0,8063,
4171,174656,11.3,1.0,0.0,0,,,1.0,8063,
4172,174784,-5.0,0.0,1.96,1,0.0,1.0,1.0,8066,
4173,174784,-5.7,0.0,2.04,1,0.0,0.0,1.0,8066,
4174,174784,-5.0,0.0,0.0,0,,,1.0,8066,
4175,174848,-5.0,0.0,1.96,1,0.0,1.0,1.0,8067,
4176,174848,-3.7,0.0,3.45,1,0.0,0.0,1.0,8067,
4177,174912,-5.0,0.0,0.0,0,,,1.0,8067,
4178,174976,-6.0,0.0,1.96,1,0.0,1.0,1.0,8070,
4179,175040,-6.0,0.0,1.96,1,0.0,1.0,1.0,8072,
4180,175040,-1.0,0.0,8.33,1,0.0,0.0,1.0,8072,
4181,175168,-5.0,0.0,0.0,0,,,1.0,8073,
4182,175232,-5.0,0.0,0.0,0,,,1.0,8076,
4183,175232,-5.0,0.0,0.0,0,,,1.0,8076,
4184,175232,-4.0,0.0,0.0,0,,,1.0,8076,
4185,175296,-5.0,0.0,0.0,0,,,1.0,8077,
4186,175296,-3.2,0.0,4.17,1,0.0,0.0,1.0,8077,
4187,175360,8.2,1.0,3.45,1,0.0,1.0,1.0,8077,
4188,175488,-5.7,0.0,2.04,1,0.0,0.0,1.0,8078,
4189,175552,-5.0,0.0,1.96,1,0.0,1.0,1.0,8080,
4190,175552,-4.0,0.0,0.0,0,,,1.0,8080,
4191,175616,-4.3,0.0,20.0,3,0.0,0.6667,1.0,8082,
4192,175616,-6.0,0.0,1.96,1,0.0,1.0,1.0,8082,
4193,175616,-4.0,0.0,0.0,0,,,1.0,8082,
4194,175616,-4.0,0.0,0.0,0,,,1.0,8082,
4195,175680,-6.0,0.0,1.96,1,0.0,1.0,1.0,8082,
4196,175680,-6.0,0.0,3.92,2,0.0,1.0,1.0,8082,
4197,175744,-5.0,0.0,1.96,1,0.0,1.0,1.0,8082,
4198,175808,-5.7,0.0,2.04,1,0.0,0.0,1.0,8083,
4199,175872,-4.0,0.0,0.0,0,,,1.0,8083,
4200,175872,-6.0,0.0,1.96,1,0.0,1.0,1.0,8083,
4201,175936,-5.4,0.0,2.17,1,0.0,0.0,1.0,8085,
4202,175936,-5.0,0.0,0.0,0,,,1.0,8085,
4203,176000,11.5,1.0,0.0,0,,,1.0,8086,
4204,176000,-6.0,0.0,1.96,1,0.0,1.0,1.0,8086,
4205,176000,-5.0,0.0,0.0,0,,,1.0,8086,
4206,176064,-5.0,0.0,0.0,0,,,1.0,8087,
4207,176128,-5.5,0.0,5.41,2,0.0,0.5,1.0,8088,
4208,176192,-4.7,0.0,2.56,1,0.0,0.0,1.0,8089,
4209,176192,-4.0,0.0,0.0,0,,,1.0,8089,
4210,176320,-4.7,0.0,2.56,1,0.0,0.0,1.0,8090,
4211,176384,-7.0,0.0,3.92,2,0.0,1.0,1.0,8090,
4212,176384,-4.0,0.0,0.0,0,,,1.0,8090,
4213,176512,-4.6,0.0,2.63,1,0.0,0.0,1.0,8092,
4214,176512,-3.9,0.0,2.44,1,0.0,0.0,1.0,8092,
4215,176512,-5.0,0.0,0.0,0,,,1.0,8092,
4216,176576,-2.9,0.0,4.76,1,0.0,0.0,1.0,8093,
4217,176640,-6.0,0.0,1.96,1,0.0,1.0,1.0,8095,
4218,176640,-2.6,0.0,3.57,1,0.0,0.0,1.0,8095,
4219,176704,-5.8,0.0,2.0,1,0.0,0.0,1.0,8096,
4220,176704,-5.0,0.0,0.0,0,,,1.0,8096,
4221,176704,-4.0,0.0,0.0,0,,,1.0,8096,
4222,176768,-2.1,0.0,4.35,1,0.0,0.0,1.0,8097,
4223,176832,-4.0,0.0,3.12,1,0.0,0.0,1.0,8101,
4224,176960,6.5,1.0,2.17,1,0.0,1.0,1.0,8104,
4225,176960,7.0,1.0,6.45,2,0.0,1.0,1.0,8104,
4226,176960,-5.3,0.0,2.22,1,0.0,0.0,1.0,8104,
4227,177024,-4.0,0.0,0.0,0,,,1.0,8106,
4228,177088,9.0,1.0,18.18,2,0.0,1.0,1.0,8107,
4229,177088,-4.0,0.0,0.0,0,,,1.0,8107,
4230,177216,-4.0,0.0,0.0,0,,,1.0,8108,
4231,177216,-5.0,0.0,1.96,1,0.0,1.0,1.0,8108,
4232,177216,-4.5,0.0,2.13,1,0.0,0.0,1.0,8108,
4233,177280,-4.8,0.0,6.67,2,0.0,0.5,1.0,8109,
4234,177280,11.4,1.0,0.0,0,,,1.0,8109,
4235,177280,-5.0,0.0,0.0,0,,,1.0,8109,
4236,177408,-3.0,0.0,4.55,1,0.0,0.0,1.0,8110,
4237,177408,-4.0,0.0,0.0,0,,,1.0,8110,
4238,177472,-5.0,0.0,0.0,0,,,1.0,8111,
4239,177472,-4.6,0.0,2.08,1,0.0,0.0,1.0,8111,
4240,177536,9.0,1.0,0.0,0,,,1.0,8111,
4241,177600,-4.0,0.0,0.0,0,,,1.0,8115,
4242,177600,-5.6,0.0,2.08,1,0.0,0.0,1.0,8115,
4243,177728,-5.0,0.0,1.96,1,0.0,1.0,1.0,8115,
4244,177728,-8.0,0.0,5.88,3,0.0,1.0,1.0,8115,
4245,177792,-5.0,0.0,0.0,0,,,1.0,8116,
4246,177920,-5.0,0.0,0.0,0,,,1.0,8123,
4247,178048,-5.0,0.0,0.0,0,,,1.0,8124,
4248,178048,-6.0,0.0,1.96,1,0.0,1.0,1.0,8124,
4249,178048,-2.8,0.0,3.33,1,0.0,0.0,1.0,8124,
4250,178112,-5.0,0.0,0.0,0,,,1.0,8124,
4251,178176,-5.0,0.0,0.0,0,,,1.0,8124,
4252,178240,-3.5,0.0,2.7,1,0.0,0.0,1.0,8127,
4253,178240,-3.7,0.0,3.45,1,0.0,0.0,1.0,8127,
4254,178240,-4.4,0.0,5.56,2,0.0,0.5,1.0,8127,
4255,178304,-5.0,0.0,0.0,0,,,1.0,8128,
4256,178304,-5.0,0.0,0.0,0,,,1.0,8128,
4257,178304,-3.2,0.0,4.17,1,0.0,0.0,1.0,8128,
4258,178368,-5.0,0.0,2.38,1,0.0,0.0,1.0,8132,
4259,178368,-0.8,0.0,10.0,1,0.0,0.0,1.0,8132,
4260,178432,-4.0,0.0,0.0,0,,,1.0,8133,
4261,178432,-2.6,0.0,5.56,1,0.0,0.0,1.0,8133,
4262,178496,-6.0,0.0,1.96,1,0.0,1.0,1.0,8134,
4263,178496,-5.0,0.0,0.0,0,,,1.0,8134,
4264,178560,-1.6,0.0,12.5,1,0.0,0.0,1.0,8135,
4265,178560,-5.0,0.0,0.0,0,,,1.0,8135,
4266,178624,-1.9,0.0,4.76,1,0.0,0.0,1.0,8137,
4267,178752,-6.0,0.0,1.96,1,0.0,1.0,1.0,8140,
4268,178752,-5.8,0.0,2.0,1,0.0,0.0,1.0,8140,
4269,178816,-3.7,0.0,3.45,1,0.0,0.0,1.0,8144,
4270,178816,-4.4,0.0,2.17,1,0.0,0.0,1.0,8144,
4271,178816,-5.4,0.0,5.56,2,0.0,0.5,1.0,8144,
4272,178880,-5.0,0.0,0.0,0,,,1.0,8145,
4273,178880,-4.0,0.0,0.0,0,,,1.0,8145,
4274,178880,-5.0,0.0,0.0,0,,,1.0,8145,
4275,178880,-4.5,0.0,2.7,1,0.0,0.0,1.0,8145,
4276,178944,-6.0,0.0,1.96,1,0.0,1.0,1.0,8146,
4277,179008,-4.0,0.0,3.12,1,0.0,0.0,1.0,8147,
4278,179008,-5.0,0.0,0.0,0,,,1.0,8147,
4279,179072,-3.8,0.0,2.5,1,0.0,0.0,1.0,8149,
4280,179072,-4.0,0.0,0.0,0,,,1.0,8149,
4281,179072,-2.4,0.0,6.25,1,0.0,0.0,1.0,8149,
4282,179200,-5.0,0.0,0.0,0,,,1.0,8151,
4283,179264,-5.0,0.0,0.0,0,,,1.0,8152,
4284,179264,-5.0,0.0,0.0,0,,,1.0,8152,
4285,179328,5.2,1.0,13.79,4,0.0,1.0,1.0,8155,
4286,179328,-5.0,0.0,1.96,1,0.0,1.0,1.0,8155,
4287,179328,-3.3,0.0,4.0,1,0.0,0.0,1.0,8155,
4288,179456,-7.0,0.0,5.88,3,0.0,1.0,1.0,8158,
4289,179456,-6.0,0.0,1.96,1,0.0,1.0,1.0,8158,
4290,179584,-6.0,0.0,1.96,1,0.0,1.0,1.0,8160,
4291,179776,-5.2,0.0,2.27,1,0.0,0.0,1.0,8162,
4292,179840,-7.0,0.0,3.92,2,0.0,1.0,1.0,8162,
4293,179904,-5.0,0.0,0.0,0,,,1.0,8162,
4294,179904,-7.0,0.0,5.88,3,0.0,1.0,1.0,8162,
4295,179968,-4.0,0.0,0.0,0,,,1.0,8162,
4296,179968,-5.0,0.0,0.0,0,,,1.0,8162,
4297,179968,-5.0,0.0,0.0,0,,,1.0,8162,
4298,180096,-1.5,0.0,5.88,1,0.0,0.0,1.0,8164,
4299,180160,-4.4,0.0,2.17,1,0.0,0.0,1.0,8167,
4300,180224,-3.9,0.0,3.23,1,0.0,0.0,1.0,8168,
4301,180288,-5.0,0.0,0.0,0,,,1.0,8169,
4302,180352,-9.0,0.0,7.84,4,0.0,1.0,1.0,8170,
4303,180352,-4.0,0.0,0.0,0,,,1.0,8170,
4304,180480,-5.0,0.0,1.96,1,0.0,1.0,1.0,8170,
4305,180480,-5.0,0.0,0.0,0,,,1.0,8170,
4306,180544,-5.0,0.0,0.0,0,,,1.0,8170,
4307,180544,6.5,1.0,2.17,1,0.0,1.0,1.0,8170,
4308,180608,8.4,1.0,0.0,0,,,1.0,8171,
4309,180672,-5.0,0.0,0.0,0,,,1.0,8174,
4310,180672,-0.5,0.0,14.29,1,0.0,0.0,1.0,8174,
4311,180672,-2.0,0.0,4.55,1,0.0,0.0,1.0,8174,
4312,180672,-5.0,0.0,0.0,0,,,1.0,8174,
4313,180736,-5.0,0.0,0.0,0,,,1.0,8174,
4314,180800,-5.0,0.0,0.0,0,,,1.0,8176,
4315,180800,-3.9,0.0,3.23,1,0.0,0.0,1.0,8176,
4316,180800,-2.3,0.0,6.67,1,0.0,0.0,1.0,8176,
4317,180864,-5.0,0.0,0.0,0,,,1.0,8178,
4318,180928,-4.2,0.0,5.88,2,0.0,0.5,1.0,8180,
4319,180928,-3.5,0.0,3.7,1,0.0,0.0,1.0,8180,
4320,181056,-4.0,0.0,0.0,0,,,1.0,8180,
4321,181120,-5.5,0.0,2.13,1,0.0,0.0,1.0,8181,
4322,181184,-6.0,0.0,1.96,1,0.0,1.0,1.0,8181,
4323,181248,-5.4,0.0,2.17,1,0.0,0.0,1.0,8182,
4324,181312,-5.8,0.0,5.0,2,0.0,0.5,1.0,8183,
4325,181312,-5.0,0.0,0.0,0,,,1.0,8183,
4326,181440,-5.0,0.0,0.0,0,,,1.0,8183,
4327,181504,-3.8,0.0,3.33,1,0.0,0.0,1.0,8185,
4328,181504,-4.0,0.0,2.38,1,0.0,0.0,1.0,8185,
4329,181504,-5.0,0.0,0.0,0,,,1.0,8185,
4330,181568,-5.0,0.0,0.0,0,,,1.0,8186,
4331,181568,-5.0,0.0,0.0,0,,,1.0,8186,
4332,181632,-5.0,0.0,1.96,1,0.0,1.0,1.0,8187,
4333,181632,-4.0,0.0,0.0,0,,,1.0,8187,
4334,181696,-5.3,0.0,2.22,1,0.0,0.0,1.0,8188,
4335,181696,-7.0,0.0,3.92,2,0.0,1.0,1.0,8188,
4336,181696,-5.0,0.0,1.96,1,0.0,1.0,1.0,8188,
4337,181760,-5.0,0.0,0.0,0,,,1.0,8190,
4338,181760,-5.0,0.0,0.0,0,,,1.0,8190,
4339,181760,-5.7,0.0,2.04,1,0.0,0.0,1.0,8190,
4340,181824,-4.0,0.0,0.0,0,,,1.0,8190,
4341,181824,-5.0,0.0,0.0,0,,,1.0,8190,
4342,181888,-2.1,0.0,7.69,1,0.0,0.0,1.0,8192,
4343,182016,-2.8,0.0,5.0,1,0.0,0.0,1.0,8197,
4344,182144,-6.0,0.0,3.92,2,0.5,1.0,1.0,8200,
4345,182144,-5.0,0.0,0.0,0,,,1.0,8200,
4346,182144,-7.0,0.0,3.92,2,0.0,1.0,1.0,8200,
4347,182144,-5.0,0.0,0.0,0,,,1.0,8200,
4348,182208,-5.0,0.0,0.0,0,,,1.0,8200,
4349,182272,-4.0,0.0,0.0,0,,,1.0,8201,
4350,182336,-3.6,0.0,3.57,1,0.0,0.0,1.0,8202,
4351,182336,-6.0,0.0,1.96,1,0.0,1.0,1.0,8202,
4352,182336,-5.0,0.0,0.0,0,,,1.0,8202,
4353,182336,-5.0,0.0,1.96,1,0.0,1.0,1.0,8202,
4354,182400,-3.1,0.0,4.35,1,0.0,0.0,1.0,8205,
4355,182400,-2.5,0.0,3.7,1,0.0,0.0,1.0,8205,
4356,182464,4.1,1.0,10.0,4,0.0,1.0,1.0,8206,
4357,182464,-1.0,0.0,8.33,1,0.0,0.0,1.0,8206,
4358,182528,-4.0,0.0,0.0,0,,,1.0,8207,
4359,182592,-5.0,0.0,0.0,0,,,1.0,8207,
4360,182592,-6.0,0.0,3.92,2,0.0,1.0,1.0,8207,
4361,182592,-4.0,0.0,0.0,0,,,1.0,8207,
4362,182720,-2.7,0.0,3.45,1,0.0,0.0,1.0,8208,
4363,182720,-5.0,0.0,0.0,0,,,1.0,8208,
4364,182720,-6.0,0.0,1.96,1,0.0,1.0,1.0,8208,
4365,182784,-4.6,0.0,2.63,1,0.0,0.0,1.0,8211,
4366,182848,-1.9,0.0,9.09,1,0.0,0.0,1.0,8212,
4367,182976,-8.0,0.0,9.52,4,0.0,0.75,1.0,8214,
4368,183040,10.1,1.0,0.0,0,,,1.0,8215,
4369,183040,-5.0,0.0,0.0,0,,,1.0,8215,
4370,183168,-6.0,0.0,1.96,1,0.0,1.0,1.0,8216,
4371,183168,-3.1,0.0,4.35,1,0.0,0.0,1.0,8216,
4372,183232,-4.0,0.0,0.0,0,,,1.0,8217,
4373,183232,-6.0,0.0,1.96,1,0.0,1.0,1.0,8217,
4374,183232,-5.9,0.0,1.96,1,0.0,0.0,1.0,8217,
4375,183296,-2.4,0.0,6.25,1,0.0,0.0,1.0,8221,
4376,183296,-4.2,0.0,8.33,2,0.0,0.5,1.0,8221,
4377,183360,-5.0,0.0,0.0,0,,,1.0,8222,
4378,183360,9.7,1.0,7.14,1,0.0,1.0,1.0,8222,
4379,183424,-5.0,0.0,0.0,0,,,1.0,8223,
4380,183488,-3.8,0.0,3.33,1,0.0,0.0,1.0,8227,
4381,183488,-3.8,0.0,2.5,1,0.0,0.0,1.0,8227,
4382,183552,6.6,1.0,2.22,1,0.0,1.0,1.0,8229,
4383,183616,-6.0,0.0,1.96,1,0.0,1.0,1.0,8229,
4384,183680,8.4,1.0,0.0,0,,,1.0,8230,
4385,183744,-5.0,0.0,1.96,1,0.0,1.0,1.0,8231,
4386,183744,-5.0,0.0,0.0,0,,,1.0,8231,
4387,183808,-5.0,0.0,0.0,0,,,1.0,8231,
4388,183872,-4.2,0.0,2.94,1,0.0,0.0,1.0,8232,
4389,183872,-5.0,0.0,0.0,0,,,1.0,8232,
4390,183936,-7.0,0.0,3.92,2,0.0,1.0,1.0,8232,
4391,183936,-5.0,0.0,1.96,1,0.0,1.0,1.0,8232,
4392,184000,-4.5,0.0,2.7,1,0.0,0.0,1.0,8235,
4393,184064,-5.0,0.0,0.0,0,,,1.0,8237,
4394,184064,-6.0,0.0,1.96,1,0.0,1.0,1.0,8237,
4395,184064,-5.0,0.0,0.0,0,,,1.0,8237,
4396,184064,-5.2,0.0,2.27,1,0.0,0.0,1.0,8237,
4397,184256,-2.5,0.0,5.88,1,0.0,0.0,1.0,8240,
4398,184384,-5.0,0.0,0.0,0,,,1.0,8240,
4399,184448,-5.0,0.0,0.0,0,,,1.0,8241,
4400,184448,-1.0,0.0,8.33,1,0.0,0.0,1.0,8241,
4401,184576,-5.0,0.0,1.96,1,0.0,1.0,1.0,8243,
4402,184576,10.3,1.0,0.0,0,,,1.0,8243,
4403,184576,-4.3,0.0,2.86,1,0.0,0.0,1.0,8243,
4404,184704,-6.0,0.0,1.96,1,0.0,1.0,1.0,8245,
4405,184768,-6.0,0.0,1.96,1,1.0,1.0,1.0,8246,
4406,184768,-5.0,0.0,0.0,0,,,1.0,8246,
4407,184768,-5.1,0.0,4.65,2,0.0,0.5,1.0,8246,
4408,184768,8.9,1.0,4.55,1,0.0,1.0,1.0,8246,
4409,184768,-4.0,0.0,0.0,0,,,1.0,8246,
4410,184832,-5.0,0.0,0.0,0,,,1.0,8247,
4411,184896,-4.4,0.0,2.78,1,0.0,0.0,1.0,8252,
4412,184896,-7.0,0.0,3.92,2,0.0,1.0,1.0,8252,
4413,184896,-3.6,0.0,2.63,1,0.0,0.0,1.0,8252,
4414,184960,-1.4,0.0,6.25,1,0.0,0.0,1.0,8253,
4415,185024,-6.0,0.0,1.96,1,0.0,1.0,1.0,8253,
4416,185088,-5.0,0.0,0.0,0,,,1.0,8253,
4417,185088,-5.0,0.0,0.0,0,,,1.0,8253,
4418,185152,-5.6,0.0,7.89,3,0.0,0.6667,1.0,8254,
4419,185152,-5.0,0.0,0.0,0,,,1.0,8254,
4420,185408,-6.0,0.0,1.96,1,0.0,1.0,1.0,8260,
4421,185408,-5.0,0.0,1.96,1,0.0,1.0,1.0,8260,
4422,185408,-5.9,0.0,1.96,1,0.0,0.0,1.0,8260,
4423,185472,-4.0,0.0,0.0,0,,,1.0,8260,
4424,185600,-4.6,0.0,2.08,1,0.0,0.0,1.0,8263,
4425,185600,-5.0,0.0,0.0,0,,,1.0,8263,
4426,185600,-9.0,0.0,9.8,5,0.0,1.0,1.0,8263,
4427,185600,-5.0,0.0,0.0,0,,,1.0,8263,
4428,185664,-5.0,0.0,0.0,0,,,1.0,8266,
4429,185664,-5.0,0.0,1.96,1,0.0,1.0,1.0,8266,
4430,185664,-5.5,0.0,5.41,2,0.5,0.5,1.0,8266,
4431,185664,-5.4,0.0,2.17,1,0.0,0.0,1.0,8266,
4432,185664,-2.8,0.0,3.33,1,0.0,0.0,1.0,8266,
4433,185856,5.0,1.0,7.32,3,0.0,1.0,1.0,8269,
4434,185856,-5.0,0.0,0.0,0,,,1.0,8269,
4435,185856,-6.0,0.0,1.96,1,1.0,1.0,1.0,8269,
4436,185920,11.3,1.0,0.0,0,,,1.0,8270,
4437,185984,-6.0,0.0,3.92,2,0.0,1.0,1.0,8270,
4438,186048,-6.0,0.0,1.96,1,0.0,1.0,1.0,8270,
4439,186112,-4.3,0.0,2.22,1,0.0,0.0,1.0,8272,
4440,186112,-5.0,0.0,0.0,0,,,1.0,8272,
4441,186240,-3.4,0.0,3.85,1,0.0,0.0,1.0,8276,
4442,186240,11.2,1.0,0.0,0,,,1.0,8276,
4443,186240,-5.0,0.0,0.0,0,,,1.0,8276,
4444,186304,-5.0,0.0,1.96,1,0.0,1.0,1.0,8277,
4445,186304,-5.0,0.0,0.0,0,,,1.0,8277,
4446,186432,-4.0,0.0,0.0,0,,,1.0,8278,
4447,186496,-5.0,0.0,0.0,0,,,1.0,8278,
4448,186560,-4.0,0.0,0.0,0,,,1.0,8278,
4449,186624,-5.0,0.0,0.0,0,,,1.0,8279,
4450,186624,-4.8,0.0,2.5,1,0.0,0.0,1.0,8279,
4451,186688,-5.2,0.0,2.27,1,0.0,0.0,1.0,8282,
4452,186752,-4.0,0.0,0.0,0,,,1.0,8282,
4453,186752,-4.0,0.0,0.0,0,,,1.0,8282,
4454,186816,-6.0,0.0,1.96,1,0.0,1.0,1.0,8282,
4455,186880,-5.0,0.0,1.96,1,0.0,1.0,1.0,8282,
4456,187008,-5.0,0.0,0.0,0,,,1.0,8284,
4457,187072,-5.0,0.0,0.0,0,,,1.0,8284,
4458,187136,-5.0,0.0,0.0,0,,,1.0,8284,
4459,187200,-5.0,0.0,0.0,0,,,1.0,8284,
4460,187264,-6.0,0.0,1.96,1,0.0,1.0,1.0,8284,
4461,187264,6.7,1.0,2.27,1,0.0,1.0,1.0,8284,
4462,187328,-5.0,0.0,0.0,0,,,1.0,8286,
4463,187328,-5.0,0.0,0.0,0,,,1.0,8286,
4464,187328,-4.0,0.0,0.0,0,,,1.0,8286,
4465,187392,11.2,1.0,0.0,0,,,1.0,8286,
4466,187520,-5.0,0.0,1.96,1,0.0,1.0,1.0,8290,
4467,187584,10.1,1.0,0.0,0,,,1.0,8290,
4468,187648,-5.0,0.0,0.0,0,,,1.0,8290,
4469,187712,-3.5,0.0,11.76,2,0.0,0.5,1.0,8291,
4470,187712,-4.0,0.0,0.0,0,,,1.0,8291,
4471,187840,-5.0,0.0,0.0,0,,,1.0,8293,
4472,187840,-4.0,0.0,0.0,0,,,1.0,8293,
4473,187840,2.6,1.0,11.11,5,0.0,1.0,1.0,8293,
4474,187904,-4.7,0.0,2.56,1,0.0,0.0,1.0,8296,
4475,187968,-5.0,0.0,0.0,0,,,1.0,8296,
4476,188032,-5.0,0.0,1.96,1,0.0,1.0,1.0,8297,
4477,188032,-5.0,0.0,0.0,0,,,1.0,8297,
4478,188032,-5.0,0.0,0.0,0,,,1.0,8297,
4479,188032,-6.0,0.0,3.92,2,0.0,1.0,1.0,8297,
4480,188032,-6.0,0.0,1.96,1,0.0,1.0,1.0,8297,
4481,188096,-5.0,0.0,0.0,0,,,1.0,8300,
4482,188160,-5.0,0.0,1.96,1,0.0,1.0,1.0,8302,
4483,188160,-5.0,0.0,0.0,0,,,1.0,8302,
4484,188160,-6.0,0.0,1.96,1,1.0,1.0,1.0,8302,
4485,188288,-6.0,0.0,1.96,1,0.0,1.0,1.0,8305,
4486,188352,-5.0,0.0,0.0,0,,,1.0,8306,
4487,188352,-5.0,0.0,0.0,0,,,1.0,8306,
4488,188416,-5.0,0.0,0.0,0,,,1.0,8308,
4489,188416,-5.0,0.0,0.0,0,,,1.0,8308,
4490,188672,-6.0,0.0,3.92,2,0.0,1.0,1.0,8310,
4491,188736,-7.0,0.0,3.92,2,0.0,1.0,1.0,8311,
4492,188736,-3.4,0.0,12.5,2,0.0,0.5,1.0,8311,
4493,188864,-5.0,0.0,0.0,0,,,1.0,8312,
4494,188864,-4.0,0.0,0.0,0,,,1.0,8312,
4495,188864,-5.0,0.0,0.0,0,,,1.0,8312,
4496,188864,-6.0,0.0,3.92,2,0.5,1.0,1.0,8312,
4497,188928,-6.0,0.0,1.96,1,0.0,1.0,1.0,8312,
4498,188928,-5.0,0.0,0.0,0,,,1.0,8312,
4499,188928,-6.0,0.0,1.96,1,0.0,1.0,1.0,8312,
4500,188928,-5.0,0.0,0.0,0,,,1.0,8312,
4501,189056,-4.2,0.0,2.94,1,0.0,0.0,1.0,8313,
4502,189120,-4.0,0.0,0.0,0,,,1.0,8313,
4503,189120,-6.0,0.0,1.96,1,0.0,1.0,1.0,8313,
4504,189120,-5.0,0.0,0.0,0,,,1.0,8313,
4505,189184,-4.0,0.0,0.0,0,,,1.0,8313,
4506,189248,-7.0,0.0,5.88,3,0.0,1.0,1.0,8314,
4507,189248,-5.4,0.0,2.17,1,0.0,0.0,1.0,8314,
4508,189312,-5.0,0.0,0.0,0,,,1.0,8316,
4509,189312,-2.4,0.0,6.25,1,0.0,0.0,1.0,8316,
4510,189312,-2.1,0.0,4.35,1,0.0,0.0,1.0,8316,
4511,189376,-5.0,0.0,0.0,0,,,1.0,8316,
4512,189376,-4.0,0.0,0.0,0,,,1.0,8316,
4513,189504,-1.7,0.0,11.11,1,0.0,0.0,1.0,8317,
4514,189504,-5.0,0.0,0.0,0,,,1.0,8317,
4515,189504,-4.0,0.0,0.0,0,,,1.0,8317,
4516,189504,-5.0,0.0,0.0,0,,,1.0,8317,
4517,189568,-4.7,0.0,6.9,2,0.0,0.5,1.0,8318,
4518,189696,-5.8,0.0,2.0,1,0.0,0.0,1.0,8320,
4519,189696,-5.0,0.0,0.0,0,,,1.0,8320,
4520,189824,10.4,1.0,0.0,0,,,1.0,8324,
4521,189824,-5.0,0.0,1.96,1,0.0,1.0,1.0,8324,
4522,189824,-2.6,0.0,5.56,1,0.0,0.0,1.0,8324,
4523,189888,-5.0,0.0,0.0,0,,,1.0,8324,
4524,189952,-5.0,0.0,0.0,0,,,1.0,8325,
4525,190016,-4.0,0.0,0.0,0,,,1.0,8325,
4526,190016,-5.0,0.0,0.0,0,,,1.0,8325,
4527,190080,-5.5,0.0,2.13,1,0.0,0.0,1.0,8327,
4528,190144,-3.6,0.0,3.57,1,0.0,0.0,1.0,8328,
4529,190208,-5.4,0.0,2.17,1,0.0,0.0,1.0,8331,
4530,190208,10.0,1.0,9.09,1,0.0,1.0,1.0,8331,
4531,190272,-5.0,0.0,0.0,0,,,1.0,8331,
4532,190336,-3.2,0.0,2.94,1,0.0,0.0,1.0,8332,
4533,190400,-5.6,0.0,2.08,1,0.0,0.0,1.0,8334,
4534,190400,-5.0,0.0,0.0,0,,,1.0,8334,
4535,190400,-3.1,0.0,4.35,1,0.0,0.0,1.0,8334,
4536,190464,-4.1,0.0,3.03,1,0.0,0.0,1.0,8336,
4537,190464,-5.0,0.0,1.96,1,0.0,1.0,1.0,8336,
4538,190528,-5.0,0.0,1.96,1,0.0,1.0,1.0,8337,
4539,190592,-6.0,0.0,1.96,1,0.0,1.0,1.0,8338,
4540,190592,-2.0,0.0,8.33,1,0.0,0.0,1.0,8338,
4541,190592,-5.0,0.0,0.0,0,,,1.0,8338,
4542,190656,-5.0,0.0,0.0,0,,,1.0,8340,
4543,190656,-7.6,0.0,6.25,3,0.0,0.6667,1.0,8340,
4544,190656,-5.2,0.0,2.27,1,0.0,0.0,1.0,8340,
4545,190720,-1.8,0.0,10.0,1,0.0,0.0,1.0,8342,
4546,190720,8.8,1.0,4.35,1,0.0,1.0,1.0,8342,
4547,190784,-5.0,0.0,0.0,0,,,1.0,8342,
4548,190848,-3.2,0.0,4.17,1,0.0,0.0,1.0,8344,
4549,190912,-4.0,0.0,0.0,0,,,1.0,8344,
4550,190976,-5.5,0.0,2.13,1,0.0,0.0,1.0,8347,
4551,190976,8.9,1.0,0.0,0,,,1.0,8347,
4552,191104,-5.0,0.0,0.0,0,,,1.0,8348,
4553,191168,7.9,1.0,3.12,1,0.0,1.0,1.0,8350,
4554,191168,-5.0,0.0,1.96,1,0.0,1.0,1.0,8350,
4555,191296,-2.2,0.0,7.14,1,0.0,0.0,1.0,8351,
4556,191296,-7.0,0.0,3.92,2,0.5,1.0,1.0,8351,
4557,191296,-5.0,0.0,0.0,0,,,1.0,8351,
4558,191296,-7.0,0.0,3.92,2,0.0,1.0,1.0,8351,
4559,191296,-6.0,0.0,1.96,1,0.0,1.0,1.0,8351,
4560,191296,-5.0,0.0,0.0,0,,,1.0,8351,
4561,191360,-6.0,0.0,3.92,2,0.0,1.0,1.0,8351,
4562,191424,-5.0,0.0,0.0,0,,,1.0,8351,
4563,191424,-6.0,0.0,1.96,1,0.0,1.0,1.0,8351,
4564,191616,-4.5,0.0,7.41,2,0.0,0.5,1.0,8354,
4565,191616,-5.8,0.0,2.0,1,0.0,0.0,1.0,8354,
4566,191680,-7.0,0.0,5.88,3,0.0,1.0,1.0,8356,
4567,191744,-3.0,0.0,9.09,2,0.0,0.5,1.0,8358,
4568,191744,-4.5,0.0,2.7,1,0.0,0.0,1.0,8358,
4569,191872,-5.2,0.0,2.27,1,0.0,0.0,1.0,8360,
4570,191936,-4.6,0.0,2.08,1,0.0,0.0,1.0,8361,
4571,192000,-5.0,0.0,0.0,0,,,1.0,8362,
4572,192128,-6.0,0.0,1.96,1,0.0,1.0,1.0,8363,
4573,192128,-5.0,0.0,0.0,0,,,1.0,8363,
4574,192128,-4.0,0.0,0.0,0,,,1.0,8363,
4575,192192,-3.9,0.0,9.52,2,0.0,0.5,1.0,8366,
4576,192192,-6.0,0.0,1.96,1,0.0,1.0,1.0,8366,
4577,192192,-5.5,0.0,2.13,1,0.0,0.0,1.0,8366,
4578,192256,6.4,1.0,2.13,1,0.0,1.0,1.0,8366,
4579,192320,-5.8,0.0,2.0,1,0.0,0.0,1.0,8368,
4580,192384,7.9,1.0,9.09,2,0.0,1.0,1.0,8370,
4581,192384,-5.0,0.0,0.0,0,,,1.0,8370,
4582,192512,-3.3,0.0,4.0,1,0.0,0.0,1.0,8374,
4583,192576,-5.0,0.0,0.0,0,,,1.0,8376,
4584,192576,-5.0,0.0,0.0,0,,,1.0,8376,
4585,192640,-4.0,0.0,0.0,0,,,1.0,8377,
4586,192704,-5.5,0.0,2.13,1,0.0,0.0,1.0,8378,
4587,192704,7.9,1.0,3.12,1,0.0,1.0,1.0,8378,
4588,192768,8.5,1.0,12.5,2,0.0,1.0,1.0,8380,
4589,192768,-5.0,0.0,0.0,0,,,1.0,8380,
4590,192768,-5.0,0.0,0.0,0,,,1.0,8380,
4591,192768,-6.0,0.0,1.96,1,0.0,1.0,1.0,8380,
4592,192832,-5.0,0.0,0.0,0,,,1.0,8380,
4593,192960,-5.0,0.0,0.0,0,,,1.0,8381,
4594,193024,-4.0,0.0,3.12,1,0.0,0.0,1.0,8382,
4595,193088,-5.0,0.0,0.0,0,,,1.0,8383,
4596,193088,-5.0,0.0,0.0,0,,,1.0,8383,
4597,193216,-5.8,0.0,2.0,1,0.0,0.0,1.0,8385,
4598,193216,-6.0,0.0,3.92,2,0.0,1.0,1.0,8385,
4599,193216,7.4,1.0,17.65,3,0.3333,1.0,1.0,8385,
4600,193280,-4.0,0.0,0.0,0,,,1.0,8386,
4601,193344,-6.1,0.0,4.65,2,0.0,0.5,1.0,8389,
4602,193408,-5.1,0.0,2.33,1,0.0,0.0,1.0,8391,
4603,193408,-6.0,0.0,1.96,1,0.0,1.0,1.0,8391,
4604,193472,-3.3,0.0,4.0,1,0.0,0.0,1.0,8392,
4605,193472,-4.0,0.0,0.0,0,,,1.0,8392,
4606,193472,-5.0,0.0,0.0,0,,,1.0,8392,
4607,193536,-5.0,0.0,0.0,0,,,1.0,8394,
4608,193536,-2.1,0.0,7.69,1,0.0,0.0,1.0,8394,
4609,193536,-2.7,0.0,5.26,1,0.0,0.0,1.0,8394,
4610,193664,-5.0,0.0,0.0,0,,,1.0,8395,
4611,193664,-6.0,0.0,1.96,1,0.0,1.0,1.0,8395,
4612,193728,-5.0,0.0,0.0,0,,,1.0,8396,
4613,193728,-5.0,0.0,0.0,0,,,1.0,8396,
4614,193728,10.7,1.0,25.0,1,0.0,1.0,1.0,8396,
4615,193792,-5.0,0.0,0.0,0,,,1.0,8396,
4616,193856,-5.0,0.0,0.0,0,,,1.0,8398,
4617,193856,-5.0,0.0,0.0,0,,,1.0,8398,
4618,193920,-7.0,0.0,5.88,3,0.3333,1.0,1.0,8400,
4619,193920,-4.2,0.0,2.94,1,0.0,0.0,1.0,8400,
4620,193920,-3.2,0.0,4.17,1,0.0,0.0,1.0,8400,
4621,193984,-4.8,0.0,2.5,1,0.0,0.0,1.0,8401,
4622,193984,-5.0,0.0,0.0,0,,,1.0,8401,
4623,193984,-5.0,0.0,0.0,0,,,1.0,8401,
4624,194048,-5.0,0.0,0.0,0,,,1.0,8402,
4625,194368,-5.0,0.0,0.0,0,,,1.0,8406,
4626,194432,-5.0,0.0,0.0,0,,,1.0,8408,
4627,194432,-4.4,0.0,7.69,2,0.0,0.5,1.0,8408,
4628,194432,-4.0,0.0,0.0,0,,,1.0,8408,
4629,194496,-2.2,0.0,4.17,1,0.0,0.0,1.0,8410,
4630,194560,-5.0,0.0,1.96,1,0.0,1.0,1.0,8414,
4631,194560,-5.0,0.0,0.0,0,,,1.0,8414,
4632,194560,-6.0,0.0,1.96,1,0.0,1.0,1.0,8414,
4633,194560,-4.0,0.0,0.0,0,,,1.0,8414,
4634,194560,-7.0,0.0,3.92,2,0.0,1.0,1.0,8414,
4635,194560,-6.0,0.0,1.96,1,0.0,1.0,1.0,8414,
4636,194560,-0.9,0.0,9.09,1,0.0,0.0,1.0,8414,
4637,194560,-4.9,0.0,6.45,2,0.5,0.5,1.0,8414,
4638,194624,-4.0,0.0,0.0,0,,,1.0,8415,
4639,194688,-5.0,0.0,0.0,0,,,1.0,8416,
4640,194752,-2.8,0.0,5.0,1,0.0,0.0,1.0,8420,
4641,194880,-5.0,0.0,0.0,0,,,1.0,8421,
4642,194880,-4.0,0.0,0.0,0,,,1.0,8421,
4643,194944,-5.0,0.0,0.0,0,,,1.0,8421,
4644,195200,-5.5,0.0,2.13,1,0.0,0.0,1.0,8425,
4645,195200,-2.8,0.0,5.0,1,0.0,0.0,1.0,8425,
4646,195200,-6.0,0.0,1.96,1,0.0,1.0,1.0,8425,
4647,195264,-6.0,0.0,1.96,1,0.0,1.0,1.0,8428,
4648,195264,-0.9,0.0,9.09,1,0.0,0.0,1.0,8428,
4649,195264,-2.8,0.0,5.0,1,0.0,0.0,1.0,8428,
4650,195392,-5.0,0.0,0.0,0,,,1.0,8430,
4651,195392,8.8,1.0,4.35,1,0.0,1.0,1.0,8430,
4652,195392,-5.0,0.0,0.0,0,,,1.0,8430,
4653,195456,6.3,1.0,2.08,1,0.0,1.0,1.0,8431,
4654,195456,-6.0,0.0,1.96,1,0.0,1.0,1.0,8431,
4655,195456,-5.0,0.0,0.0,0,,,1.0,8431,
4656,195520,-4.1,0.0,3.03,1,0.0,0.0,1.0,8437,
4657,195520,-5.1,0.0,2.33,1,0.0,0.0,1.0,8437,
4658,195520,11.1,1.0,0.0,0,,,1.0,8437,
4659,195520,-5.0,0.0,0.0,0,,,1.0,8437,
4660,195520,-5.5,0.0,2.13,1,0.0,0.0,1.0,8437,
4661,195648,-2.7,0.0,5.26,1,0.0,0.0,1.0,8439,
4662,195712,-5.4,0.0,2.17,1,0.0,0.0,1.0,8443,
4663,195712,-2.9,0.0,3.23,1,0.0,0.0,1.0,8443,
4664,195840,-6.0,0.0,1.96,1,0.0,1.0,1.0,8445,
4665,195840,-5.4,0.0,5.56,2,0.0,0.5,1.0,8445,
4666,195904,-2.9,0.0,4.76,1,0.0,0.0,1.0,8448,
4667,195904,-5.0,0.0,1.96,1,0.0,1.0,1.0,8448,
4668,195904,10.0,1.0,0.0,0,,,1.0,8448,
4669,195968,-8.0,0.0,5.88,3,0.3333,1.0,1.0,8449,
4670,195968,-7.3,0.0,14.29,5,0.0,0.8,1.0,8449,
4671,196032,-6.0,0.0,1.96,1,0.0,1.0,1.0,8450,
4672,196096,-8.0,0.0,7.84,4,0.0,1.0,1.0,8452,
4673,196096,-4.6,0.0,2.63,1,0.0,0.0,1.0,8452,
4674,196224,-5.6,0.0,5.26,2,0.0,0.5,1.0,8455,
4675,196224,-1.9,0.0,9.09,1,0.0,0.0,1.0,8455,
4676,196288,-5.0,0.0,1.96,1,0.0,1.0,1.0,8455,
4677,196352,-5.0,0.0,0.0,0,,,1.0,8456,
4678,196352,-5.0,0.0,0.0,0,,,1.0,8456,
4679,196416,-5.6,0.0,5.26,2,0.0,0.5,1.0,8458,
4680,196480,-1.5,0.0,5.88,1,0.0,0.0,1.0,8460,
4681,196480,-5.0,0.0,0.0,0,,,1.0,8460,
4682,196480,-6.0,0.0,1.96,1,0.0,1.0,1.0,8460,
4683,196480,-4.0,0.0,0.0,0,,,1.0,8460,
4684,196544,-4.0,0.0,0.0,0,,,1.0,8465,
4685,196544,-3.9,0.0,3.23,1,0.0,0.0,1.0,8465,
4686,196608,-5.0,0.0,0.0,0,,,1.0,8465,
4687,196608,7.9,1.0,0.0,0,,,1.0,8465,
4688,196672,-5.0,0.0,0.0,0,,,1.0,8466,
4689,196672,-4.8,0.0,2.0,1,0.0,0.0,1.0,8466,
4690,196800,-6.0,0.0,3.92,2,0.0,1.0,1.0,8471,
4691,196800,-1.1,0.0,7.69,1,0.0,0.0,1.0,8471,
4692,196800,-1.5,0.0,5.88,1,0.0,0.0,1.0,8471,
4693,196800,-6.0,0.0,3.92,2,0.0,1.0,1.0,8471,
4694,196800,-4.2,0.0,8.33,2,0.0,0.5,1.0,8471,
4695,196928,-1.5,0.0,5.88,1,0.0,0.0,1.0,8473,
4696,196928,-4.0,0.0,0.0,0,,,1.0,8473,
4697,196992,-5.0,0.0,0.0,0,,,1.0,8473,
4698,197120,-6.0,0.0,1.96,1,0.0,1.0,1.0,8473,
4699,197184,-2.2,0.0,7.14,1,0.0,0.0,1.0,8474,
4700,197248,-6.3,0.0,4.44,2,0.0,0.5,1.0,8475,
4701,197248,-5.0,0.0,0.0,0,,,1.0,8475,
4702,197312,-4.0,0.0,0.0,0,,,1.0,8477,
4703,197312,-3.0,0.0,4.55,1,0.0,0.0,1.0,8477,
4704,197376,-2.9,0.0,9.52,2,0.0,0.5,1.0,8479,
4705,197376,11.4,1.0,0.0,0,,,1.0,8479,
4706,197504,6.5,1.0,2.17,1,0.0,1.0,1.0,8483,
4707,197504,-1.6,0.0,12.5,1,0.0,0.0,1.0,8483,
4708,197696,-5.0,0.0,1.96,1,0.0,1.0,1.0,8483,
4709,197696,-5.0,0.0,0.0,0,,,1.0,8483,
4710,197696,8.5,1.0,0.0,0,,,1.0,8483,
4711,197760,-3.8,0.0,3.33,1,0.0,0.0,1.0,8484,
4712,197760,-6.0,0.0,1.96,1,0.0,1.0,1.0,8484,
4713,197824,-5.0,0.0,0.0,0,,,1.0,8485,
4714,197824,-5.0,0.0,0.0,0,,,1.0,8485,
4715,197824,-7.0,0.0,3.92,2,0.0,1.0,1.0,8485,
4716,197888,-5.0,0.0,0.0,0,,,1.0,8486,
4717,197952,-5.0,0.0,0.0,0,,,1.0,8486,
4718,198016,-4.7,0.0,2.56,1,0.0,0.0,1.0,8488,
4719,198016,-5.0,0.0,0.0,0,,,1.0,8488,
4720,198144,-5.0,0.0,0.0,0,,,1.0,8488,
4721,198208,-8.0,0.0,7.84,4,0.0,1.0,1.0,8488,
4722,198336,-2.5,0.0,5.88,1,0.0,0.0,1.0,8490,
4723,198464,-4.0,0.0,0.0,0,,,1.0,8494,
4724,198464,-3.9,0.0,3.23,1,0.0,0.0,1.0,8494,
4725,198464,-8.0,0.0,5.88,3,0.0,1.0,1.0,8494,
4726,198464,-5.0,0.0,0.0,0,,,1.0,8494,
4727,198528,-5.0,0.0,0.0,0,,,1.0,8495,
4728,198528,-5.0,0.0,1.96,1,0.0,1.0,1.0,8495,
4729,198528,-5.3,0.0,2.22,1,0.0,0.0,1.0,8495,
4730,198656,-5.0,0.0,1.96,1,0.0,1.0,1.0,8495,
4731,198720,-6.0,0.0,1.96,1,0.0,1.0,1.0,8496,
4732,198720,-4.0,0.0,0.0,0,,,1.0,8496,
4733,198720,-4.8,0.0,2.0,1,0.0,0.0,1.0,8496,
4734,198720,-5.0,0.0,0.0,0,,,1.0,8496,
4735,198784,-5.0,0.0,0.0,0,,,1.0,8498,
4736,198784,-6.6,0.0,4.17,2,0.0,0.5,1.0,8498,
4737,198784,-2.8,0.0,5.0,1,0.0,0.0,1.0,8498,
4738,198784,-6.0,0.0,1.96,1,0.0,1.0,1.0,8498,
4739,199040,-5.7,0.0,2.04,1,0.0,0.0,1.0,8500,
4740,199168,-4.9,0.0,2.44,1,0.0,0.0,1.0,8502,
4741,199168,-6.0,0.0,1.96,1,0.0,1.0,1.0,8502,
4742,199232,-5.0,0.0,0.0,0,,,1.0,8504,
4743,199296,-2.3,0.0,4.0,1,0.0,0.0,1.0,8506,
4744,199360,-5.0,0.0,0.0,0,,,1.0,8506,
4745,199360,-6.0,0.0,1.96,1,0.0,1.0,1.0,8506,
4746,199424,9.9,1.0,8.33,1,0.0,1.0,1.0,8508,
4747,199488,-5.0,0.0,0.0,0,,,1.0,8510,
4748,199488,-6.0,0.0,1.96,1,0.0,1.0,1.0,8510,
4749,199488,-2.4,0.0,3.85,1,0.0,0.0,1.0,8510,
4750,199616,-7.0,0.0,3.92,2,0.0,1.0,1.0,8511,
4751,199616,-5.0,0.0,0.0,0,,,1.0,8511,
4752,199616,-4.5,0.0,2.7,1,0.0,0.0,1.0,8511,
4753,199680,-5.0,0.0,0.0,0,,,1.0,8513,
4754,199680,-3.9,0.0,3.23,1,0.0,0.0,1.0,8513,
4755,199744,-5.0,0.0,0.0,0,,,1.0,8513,
4756,199744,6.3,1.0,5.26,2,0.0,1.0,1.0,8513,
4757,199744,-4.0,0.0,0.0,0,,,1.0,8513,
4758,199744,-5.0,0.0,0.0,0,,,1.0,8513,
4759,199808,-5.0,0.0,0.0,0,,,1.0,8515,
4760,199872,-5.0,0.0,0.0,0,,,1.0,8515,
4761,199872,7.0,1.0,0.0,0,,,1.0,8515,
4762,199936,-5.0,0.0,0.0,0,,,1.0,8515,
4763,199936,9.4,1.0,0.0,0,,,1.0,8515,
4764,199936,-5.0,0.0,0.0,0,,,1.0,8515,
4765,200064,-6.0,0.0,1.96,1,0.0,1.0,1.0,8515,
4766,200064,-5.0,0.0,0.0,0,,,1.0,8515,
4767,200064,-5.0,0.0,0.0,0,,,1.0,8515,
4768,200064,-5.0,0.0,0.0,0,,,1.0,8515,
4769,200064,-5.0,0.0,0.0,0,,,1.0,8515,
4770,200192,-5.0,0.0,0.0,0,,,1.0,8518,
4771,200192,-1.1,0.0,7.69,1,0.0,0.0,1.0,8518,
4772,200192,-4.0,0.0,9.09,2,0.0,0.5,1.0,8518,
4773,200384,-5.0,0.0,0.0,0,,,1.0,8520,
4774,200448,-5.0,0.0,0.0,0,,,1.0,8521,
4775,200512,-3.5,0.0,7.41,2,0.0,0.5,1.0,8523,
4776,200512,-3.0,0.0,3.12,1,0.0,0.0,1.0,8523,
4777,200576,-3.7,0.0,3.45,1,0.0,0.0,1.0,8525,
4778,200576,-7.0,0.0,5.88,3,0.0,1.0,1.0,8525,
4779,200576,-3.0,0.0,3.12,1,0.0,0.0,1.0,8525,
4780,200640,-5.0,0.0,0.0,0,,,1.0,8526,
4781,200640,-5.0,0.0,1.96,1,0.0,1.0,1.0,8526,
4782,200704,-5.2,0.0,2.27,1,0.0,0.0,1.0,8529,
4783,200768,-5.0,0.0,0.0,0,,,1.0,8529,
4784,200960,-5.0,0.0,1.96,1,0.0,1.0,1.0,8534,
4785,200960,-4.6,0.0,2.63,1,0.0,0.0,1.0,8534,
4786,201024,-5.0,0.0,0.0,0,,,1.0,8534,
4787,201024,-6.0,0.0,1.96,1,0.0,1.0,1.0,8534,
4788,201088,-5.0,0.0,0.0,0,,,1.0,8534,
4789,201088,-5.0,0.0,0.0,0,,,1.0,8534,
4790,201216,-4.0,0.0,0.0,0,,,1.0,8535,
4791,201280,-6.0,0.0,3.92,2,0.0,1.0,1.0,8535,
4792,201280,-5.0,0.0,0.0,0,,,1.0,8535,
4793,201408,-5.4,0.0,4.35,2,0.0,0.5,1.0,8539,
4794,201408,-5.0,0.0,1.96,1,0.0,1.0,1.0,8539,
4795,201600,-5.0,0.0,0.0,0,,,1.0,8541,
4796,201600,-6.6,0.0,4.17,2,0.0,0.5,1.0,8541,
4797,201664,10.0,1.0,9.09,1,0.0,1.0,1.0,8542,
4798,201728,-5.0,0.0,0.0,0,,,1.0,8542,
4799,201728,-5.0,0.0,0.0,0,,,1.0,8542,
4800,201856,4.4,1.0,10.81,4,0.0,1.0,1.0,8544,
4801,201920,-4.0,0.0,2.38,1,0.0,0.0,1.0,8545,
4802,201984,-5.0,0.0,1.96,1,0.0,1.0,1.0,8545,
4803,201984,-5.0,0.0,0.0,0,,,1.0,8545,
4804,201984,-5.0,0.0,0.0,0,,,1.0,8545,
4805,202048,-5.0,0.0,1.96,1,0.0,1.0,1.0,8548,
4806,202048,-5.0,0.0,0.0,0,,,1.0,8548,
4807,202048,-3.6,0.0,2.63,1,0.0,0.0,1.0,8548,
4808,202048,-4.3,0.0,2.22,1,0.0,0.0,1.0,8548,
4809,202176,-3.4,0.0,3.85,1,0.0,0.0,1.0,8549,
4810,202304,-5.0,0.0,0.0,0,,,1.0,8550,
4811,202432,-4.0,0.0,0.0,0,,,1.0,8553,
4812,202432,-6.1,0.0,4.65,2,0.0,0.5,1.0,8553,
4813,202560,-4.0,0.0,0.0,0,,,1.0,8555,
4814,202560,-1.6,0.0,12.5,1,0.0,0.0,1.0,8555,
4815,202624,8.7,1.0,4.17,1,0.0,1.0,1.0,8556,
4816,202624,-5.0,0.0,0.0,0,,,1.0,8556,
4817,202688,3.1,1.0,8.0,4,0.25,1.0,1.0,8557,
4818,202688,-5.0,0.0,0.0,0,,,1.0,8557,
4819,202752,-5.0,0.0,0.0,0,,,1.0,8558,
4820,202752,-5.0,0.0,4.76,2,0.0,0.5,1.0,8558,
4821,202880,-2.6,0.0,3.57,1,0.0,0.0,1.0,8561,
4822,202880,6.4,1.0,5.41,2,0.0,1.0,1.0,8561,
4823,202880,-4.0,0.0,0.0,0,,,1.0,8561,
4824,202880,-5.7,0.0,2.04,1,0.0,0.0,1.0,8561,
4825,202880,-5.0,0.0,0.0,0,,,1.0,8561,
4826,202944,-5.0,0.0,0.0,0,,,1.0,8561,
4827,203008,-5.0,0.0,0.0,0,,,1.0,8562,
4828,203008,-5.0,0.0,0.0,0,,,1.0,8562,
4829,203008,-5.0,0.0,0.0,0,,,1.0,8562,
4830,203072,-6.7,0.0,7.69,3,0.0,0.6667,1.0,8564,
4831,203072,-5.0,0.0,0.0,0,,,1.0,8564,
4832,203136,-5.2,0.0,5.88,2,0.5,0.5,1.0,8568,
4833,203136,-3.7,0.0,3.45,1,0.0,0.0,1.0,8568,
4834,203136,-5.0,0.0,0.0,0,,,1.0,8568,
4835,203136,-0.6,0.0,12.5,1,0.0,0.0,1.0,8568,
4836,203136,-3.5,0.0,3.7,1,0.0,0.0,1.0,8568,
4837,203136,-5.0,0.0,0.0,0,,,1.0,8568,
4838,203200,-1.8,0.0,10.0,1,0.0,0.0,1.0,8572,
4839,203200,-4.0,0.0,0.0,0,,,1.0,8572,
4840,203200,-5.0,0.0,1.96,1,0.0,1.0,1.0,8572,
4841,203200,9.7,1.0,7.14,1,1.0,1.0,1.0,8572,
4842,203200,-5.0,0.0,0.0,0,,,1.0,8572,
4843,203264,9.5,1.0,0.0,0,,,1.0,8573,
4844,203328,-5.0,0.0,0.0,0,,,1.0,8575,
4845,203328,-6.0,0.0,3.92,2,0.5,1.0,1.0,8575,
4846,203328,-1.2,0.0,7.14,1,0.0,0.0,1.0,8575,
4847,203328,-5.0,0.0,0.0,0,,,1.0,8575,
4848,203328,-5.0,0.0,0.0,0,,,1.0,8575,
4849,203392,-1.4,0.0,16.67,1,0.0,0.0,1.0,8576,
4850,203456,-5.0,0.0,0.0,0,,,1.0,8577,
4851,203456,-4.0,0.0,0.0,0,,,1.0,8577,
4852,203456,-4.0,0.0,0.0,0,,,1.0,8577,
4853,203648,-4.0,0.0,0.0,0,,,1.0,8579,
4854,203712,-5.0,0.0,0.0,0,,,1.0,8580,
4855,203840,-6.0,0.0,3.92,2,0.0,1.0,1.0,8582,
4856,203840,-5.0,0.0,0.0,0,,,1.0,8582,
4857,203904,-3.7,0.0,3.45,1,0.0,0.0,1.0,8584,
4858,203904,-5.0,0.0,0.0,0,,,1.0,8584,
4859,203904,-5.0,0.0,0.0,0,,,1.0,8584,
4860,203968,-5.0,0.0,0.0,0,,,1.0,8585,
4861,204032,-5.0,0.0,1.96,1,0.0,1.0,1.0,8585,
4862,204224,-2.0,0.0,8.33,1,0.0,0.0,1.0,8588,
4863,204288,-5.0,0.0,1.96,1,0.0,1.0,1.0,8589,
4864,204288,-5.0,0.0,0.0,0,,,1.0,8589,
4865,204416,-2.8,0.0,5.0,1,0.0,0.0,1.0,8593,
4866,204416,8.7,1.0,4.17,1,0.0,1.0,1.0,8593,
4867,204416,8.3,1.0,0.0,0,,,1.0,8593,
4868,204480,-3.5,0.0,3.7,1,0.0,0.0,1.0,8594,
4869,204480,-5.0,0.0,0.0,0,,,1.0,8594,
4870,204544,-5.0,0.0,0.0,0,,,1.0,8596,
4871,204672,-5.0,0.0,0.0,0,,,1.0,8598,
4872,204864,-7.0,0.0,3.92,2,0.0,1.0,1.0,8602,
4873,204928,-5.0,0.0,0.0,0,,,1.0,8603,
4874,204928,-3.6,0.0,3.57,1,0.0,0.0,1.0,8603,
4875,204992,-5.0,0.0,1.96,1,0.0,1.0,1.0,8603,
4876,204992,-5.0,0.0,1.96,1,0.0,1.0,1.0,8603,
4877,205056,-6.8,0.0,4.0,2,0.0,0.5,1.0,8607,
4878,205120,6.1,1.0,10.0,3,0.0,1.0,1.0,8608,
4879,205184,8.6,1.0,0.0,0,,,1.0,8608,
4880,205184,-5.0,0.0,0.0,0,,,1.0,8608,
4881,205248,-5.0,0.0,0.0,0,,,1.0,8610,
4882,205248,7.0,1.0,6.45,2,0.5,1.0,1.0,8610,
4883,205248,-4.0,0.0,0.0,0,,,1.0,8610,
4884,205312,-6.0,0.0,1.96,1,0.0,1.0,1.0,8613,
4885,205312,-5.0,0.0,0.0,0,,,1.0,8613,
4886,205312,-2.9,0.0,3.23,1,0.0,0.0,1.0,8613,
4887,205312,-3.1,0.0,4.35,1,0.0,0.0,1.0,8613,
4888,205440,-8.0,0.0,7.84,4,0.0,1.0,1.0,8616,
4889,205440,-5.1,0.0,2.33,1,0.0,0.0,1.0,8616,
4890,205696,-5.0,0.0,0.0,0,,,1.0,8619,
4891,205824,-5.0,0.0,1.96,1,0.0,1.0,1.0,8623,
4892,205824,-5.0,0.0,2.38,1,0.0,0.0,1.0,8623,
4893,205888,-5.0,0.0,4.76,2,0.0,0.5,1.0,8625,
4894,205888,-5.0,0.0,0.0,0,,,1.0,8625,
4895,205952,-5.0,0.0,1.96,1,0.0,1.0,1.0,8626,
4896,206016,-5.0,0.0,1.96,1,0.0,1.0,1.0,8626,
4897,206080,-4.5,0.0,2.13,1,0.0,0.0,1.0,8627,
4898,206144,-6.0,0.0,1.96,1,0.0,1.0,1.0,8627,
4899,206144,-5.0,0.0,1.96,1,0.0,1.0,1.0,8627,
4900,206144,-4.0,0.0,0.0,0,,,1.0,8627,
4901,206144,-5.0,0.0,1.96,1,0.0,1.0,1.0,8627,
4902,206272,-4.9,0.0,6.45,2,0.0,0.5,1.0,8628,
4903,206272,-6.0,0.0,1.96,1,0.0,1.0,1.0,8628,
4904,206272,-5.0,0.0,0.0,0,,,1.0,8628,
4905,206336,-5.0,0.0,0.0,0,,,1.0,8628,
4906,206400,-6.0,0.0,1.96,1,0.0,1.0,1.0,8629,
4907,206400,-5.0,0.0,0.0,0,,,1.0,8629,
4908,206400,-4.0,0.0,0.0,0,,,1.0,8629,
4909,206464,-6.0,0.0,3.92,2,0.0,1.0,1.0,8630,
4910,206464,-6.0,0.0,1.96,1,0.0,1.0,1.0,8630,
4911,206464,-4.0,0.0,0.0,0,,,1.0,8630,
4912,206528,-5.0,0.0,2.38,1,0.0,0.0,1.0,8632,
4913,206528,-4.3,0.0,2.86,1,0.0,0.0,1.0,8632,
4914,206592,-7.0,0.0,3.92,2,0.0,1.0,1.0,8633,
4915,206592,-4.8,0.0,6.67,2,0.0,0.5,1.0,8633,
4916,206592,-5.0,0.0,0.0,0,,,1.0,8633,
4917,206592,-5.0,0.0,0.0,0,,,1.0,8633,
4918,206592,-5.0,0.0,0.0,0,,,1.0,8633,
4919,206656,-6.0,0.0,3.92,2,0.0,1.0,1.0,8634,
4920,206720,-5.0,0.0,1.96,1,0.0,1.0,1.0,8635,
4921,206720,-5.0,0.0,0.0,0,,,1.0,8635,
4922,206784,-4.3,0.0,2.22,1,0.0,0.0,1.0,8637,
4923,206912,-4.6,0.0,2.63,1,0.0,0.0,1.0,8644,
4924,206912,8.5,1.0,3.85,1,0.0,1.0,1.0,8644,
4925,206912,-5.0,0.0,1.96,1,0.0,1.0,1.0,8644,
4926,206976,-5.0,0.0,1.96,1,0.0,1.0,1.0,8644,
4927,207040,-1.7,0.0,11.11,1,0.0,0.0,1.0,8647,
4928,207040,10.2,1.0,11.11,1,0.0,1.0,1.0,8647,
4929,207104,-3.4,0.0,3.85,1,0.0,0.0,1.0,8648,
4930,207168,-6.0,0.0,3.92,2,0.5,1.0,1.0,8650,
4931,207168,-5.0,0.0,0.0,0,,,1.0,8650,
4932,207168,-4.5,0.0,7.41,2,0.0,0.5,1.0,8650,
4933,207168,-5.1,0.0,2.33,1,0.0,0.0,1.0,8650,
4934,207232,-7.0,0.0,3.92,2,0.0,1.0,1.0,8651,
4935,207232,8.8,1.0,15.38,2,0.0,1.0,1.0,8651,
4936,207232,-3.8,0.0,3.33,1,0.0,0.0,1.0,8651,
4937,207296,-6.0,0.0,1.96,1,0.0,1.0,1.0,8651,
4938,207488,-7.0,0.0,5.88,3,0.0,1.0,1.0,8651,
4939,207616,-5.6,0.0,5.26,2,0.0,0.5,1.0,8654,
4940,207680,-5.0,0.0,0.0,0,,,1.0,8654,
4941,207680,-5.0,0.0,0.0,0,,,1.0,8654,
4942,207744,-5.0,0.0,0.0,0,,,1.0,8655,
4943,207808,-4.8,0.0,5.0,2,0.0,0.5,1.0,8656,
4944,207808,-5.0,0.0,0.0,0,,,1.0,8656,
4945,207872,-3.5,0.0,3.7,1,0.0,0.0,1.0,8659,
4946,208128,-5.2,0.0,2.27,1,0.0,0.0,1.0,8662,
4947,208128,-4.0,0.0,0.0,0,,,1.0,8662,
4948,208192,-4.0,0.0,0.0,0,,,1.0,8663,
4949,208192,-4.0,0.0,0.0,0,,,1.0,8663,
4950,208192,-5.8,0.0,2.0,1,0.0,0.0,1.0,8663,
4951,208256,-6.0,0.0,1.96,1,0.0,1.0,1.0,8665,
4952,208256,-2.4,0.0,6.25,1,0.0,0.0,1.0,8665,
4953,208320,-4.0,0.0,0.0,0,,,1.0,8666,
4954,208384,-5.0,0.0,0.0,0,,,1.0,8666,
4955,208448,-4.0,0.0,0.0,0,,,1.0,8666,
4956,208512,-5.0,0.0,0.0,0,,,1.0,8667,
4957,208576,-5.0,0.0,0.0,0,,,1.0,8667,
4958,208576,-5.0,0.0,0.0,0,,,1.0,8667,
4959,208640,-2.6,0.0,5.56,1,0.0,0.0,1.0,8668,
4960,208832,-2.5,0.0,3.7,1,0.0,0.0,1.0,8670,
4961,208896,-3.5,0.0,3.7,1,0.0,0.0,1.0,8672,
4962,208960,-5.0,0.0,0.0,0,,,1.0,8672,
4963,209088,-6.0,0.0,1.96,1,0.0,1.0,1.0,8674,
4964,209088,-5.0,0.0,0.0,0,,,1.0,8674,
4965,209088,-2.1,0.0,7.69,1,0.0,0.0,1.0,8674,
4966,209152,-4.5,0.0,2.7,1,0.0,0.0,1.0,8677,
4967,209152,-6.0,0.0,1.96,1,0.0,1.0,1.0,8677,
4968,209152,-0.7,0.0,11.11,1,0.0,0.0,1.0,8677,
4969,209152,-4.0,0.0,0.0,0,,,1.0,8677,
4970,209216,-3.0,0.0,4.55,1,0.0,0.0,1.0,8678,
4971,209216,-5.0,0.0,0.0,0,,,1.0,8678,
4972,209280,-5.0,0.0,0.0,0,,,1.0,8678,
4973,209344,-5.0,0.0,0.0,0,,,1.0,8680,
4974,209408,-5.0,0.0,0.0,0,,,1.0,8681,
4975,209408,-6.0,0.0,1.96,1,0.0,1.0,1.0,8681,
4976,209408,-6.0,0.0,1.96,1,0.0,1.0,1.0,8681,
4977,209536,-5.5,0.0,2.13,1,0.0,0.0,1.0,8684,
4978,209536,-4.0,0.0,0.0,0,,,1.0,8684,
4979,209536,-6.0,0.0,1.96,1,0.0,1.0,1.0,8684,
4980,209536,-5.0,0.0,0.0,0,,,1.0,8684,
4981,209600,-5.0,0.0,0.0,0,,,1.0,8684,
4982,209664,-6.7,0.0,7.69,3,0.0,0.6667,1.0,8687,
4983,209664,-5.0,0.0,0.0,0,,,1.0,8687,
4984,209664,-2.1,0.0,4.35,1,0.0,0.0,1.0,8687,
4985,209664,-6.0,0.0,1.96,1,0.0,1.0,1.0,8687,
4986,209728,-1.6,0.0,5.56,1,0.0,0.0,1.0,8688,
4987,209728,-9.0,0.0,9.8,5,0.0,1.0,1.0,8688,
4988,209792,-5.0,0.0,1.96,1,0.0,1.0,1.0,8689,
4989,209792,-1.7,0.0,11.11,1,0.0,0.0,1.0,8689,
4990,209856,-6.0,0.0,1.96,1,0.0,1.0,1.0,8690,
4991,209856,-5.0,0.0,0.0,0,,,1.0,8690,
4992,209856,-5.0,0.0,0.0,0,,,1.0,8690,
4993,209856,-4.0,0.0,0.0,0,,,1.0,8690,
4994,209856,-1.9,0.0,9.09,1,0.0,0.0,1.0,8690,
4995,209856,-6.0,0.0,1.96,1,0.0,1.0,1.0,8690,
4996,209920,-6.0,0.0,1.96,1,0.0,1.0,1.0,8691,
4997,209920,-5.3,0.0,2.22,1,0.0,0.0,1.0,8691,
4998,209984,-5.0,0.0,0.0,0,,,1.0,8692,
4999,209984,-4.0,0.0,0.0,0,,,1.0,8692,
5000,210112,-5.7,0.0,2.04,1,0.0,0.0,1.0,8696,
5001,210176,-6.0,0.0,1.96,1,0.0,1.0,1.0,8698,
5002,210176,-5.4,0.0,2.17,1,0.0,0.0,1.0,8698,
5003,210176,-5.0,0.0,0.0,0,,,1.0,8698,
5004,210176,-5.0,0.0,0.0,0,,,1.0,8698,
5005,210176,-4.6,0.0,2.63,1,0.0,0.0,1.0,8698,
5006,210304,-4.0,0.0,0.0,0,,,1.0,8700,
5007,210432,-6.0,0.0,1.96,1,0.0,1.0,1.0,8701,
5008,210432,-6.0,0.0,3.92,2,0.5,1.0,1.0,8701,
5009,210496,-4.0,0.0,0.0,0,,,1.0,8701,
5010,210560,-5.0,0.0,0.0,0,,,1.0,8701,
5011,210688,-5.6,0.0,2.08,1,0.0,0.0,1.0,8704,
5012,210752,-2.7,0.0,5.26,1,0.0,0.0,1.0,8706,
5013,210752,9.0,1.0,4.76,1,1.0,1.0,1.0,8706,
5014,210816,11.1,1.0,0.0,0,,,1.0,8707,
5015,210816,-5.4,0.0,2.17,1,0.0,0.0,1.0,8707,
5016,210944,-5.0,0.0,0.0,0,,,1.0,8710,
5017,210944,-2.6,0.0,5.56,1,0.0,0.0,1.0,8710,
5018,210944,-4.0,0.0,0.0,0,,,1.0,8710,
5019,210944,-2.5,0.0,5.88,1,0.0,0.0,1.0,8710,
5020,211008,9.8,1.0,7.69,1,0.0,1.0,1.0,8711,
5021,211072,-5.3,0.0,2.22,1,0.0,0.0,1.0,8712,
5022,211072,-4.0,0.0,0.0,0,,,1.0,8712,
5023,211136,9.8,1.0,7.69,1,0.0,1.0,1.0,8713,
5024,211392,-4.0,0.0,0.0,0,,,1.0,8717,
5025,211392,-1.3,0.0,20.0,1,0.0,0.0,1.0,8717,
5026,211392,-5.0,0.0,0.0,0,,,1.0,8717,
5027,211392,-4.2,0.0,8.33,2,0.0,0.5,1.0,8717,
5028,211456,-4.2,0.0,8.33,2,0.0,0.5,1.0,8719,
5029,211456,-4.0,0.0,0.0,0,,,1.0,8719,
5030,211520,-4.1,0.0,3.03,1,0.0,0.0,1.0,8722,
5031,211520,-6.0,0.0,1.96,1,0.0,1.0,1.0,8722,
5032,211520,-4.9,0.0,2.44,1,0.0,0.0,1.0,8722,
5033,211584,-5.0,0.0,0.0,0,,,1.0,8722,
5034,211648,-4.4,0.0,7.69,2,0.0,0.5,1.0,8725,
5035,211648,-5.0,0.0,0.0,0,,,1.0,8725,
5036,211712,-5.0,0.0,0.0,0,,,1.0,8726,
5037,211712,8.3,1.0,3.57,1,0.0,1.0,1.0,8726,
5038,211776,-6.0,0.0,3.92,2,0.0,1.0,1.0,8727,
5039,211840,-4.7,0.0,2.56,1,0.0,0.0,1.0,8728,
5040,211904,-5.0,0.0,0.0,0,,,1.0,8730,
5041,212096,-4.8,0.0,6.67,2,0.0,0.5,1.0,8734,
5042,212096,-6.0,0.0,1.96,1,0.0,1.0,1.0,8734,
5043,212224,-5.0,0.0,0.0,0,,,1.0,8735,
5044,212352,-5.0,0.0,0.0,0,,,1.0,8736,
5045,212352,-5.0,0.0,1.96,1,0.0,1.0,1.0,8736,
5046,212352,-5.0,0.0,0.0,0,,,1.0,8736,
5047,212416,-7.0,0.0,5.88,3,0.3333,1.0,1.0,8737,
5048,212416,-4.0,0.0,0.0,0,,,1.0,8737,
5049,212416,-5.0,0.0,0.0,0,,,1.0,8737,
5050,212416,-5.1,0.0,4.65,2,0.0,0.5,1.0,8737,
5051,212480,-1.7,0.0,11.11,1,0.0,0.0,1.0,8738,
5052,212480,-5.0,0.0,0.0,0,,,1.0,8738,
5053,212544,-6.0,0.0,1.96,1,0.0,1.0,1.0,8740,
5054,212608,-6.1,0.0,4.65,2,0.0,0.5,1.0,8742,
5055,212672,-5.0,0.0,0.0,0,,,1.0,8743,
5056,212672,-5.3,0.0,8.57,3,0.0,0.6667,1.0,8743,
5057,212800,-5.0,0.0,0.0,0,,,1.0,8744,
5058,212800,-4.0,0.0,0.0,0,,,1.0,8744,
5059,212800,-5.0,0.0,0.0,0,,,1.0,8744,
5060,212864,-6.0,0.0,1.96,1,0.0,1.0,1.0,8744,
5061,212864,6.2,1.0,2.04,1,0.0,1.0,1.0,8744,
5062,212928,-5.0,0.0,0.0,0,,,1.0,8744,
5063,212928,-6.0,0.0,1.96,1,0.0,1.0,1.0,8744,
5064,212928,-5.0,0.0,1.96,1,1.0,1.0,1.0,8744,
5065,212992,5.2,1.0,4.08,2,0.5,1.0,1.0,8747,
5066,212992,-4.0,0.0,0.0,0,,,1.0,8747,
5067,213056,-5.0,0.0,0.0,0,,,1.0,8748,
5068,213056,-3.1,0.0,4.35,1,0.0,0.0,1.0,8748,
5069,213120,-5.0,0.0,0.0,0,,,1.0,8749,
5070,213120,-4.0,0.0,0.0,0,,,1.0,8749,
5071,213120,-2.5,0.0,3.7,1,0.0,0.0,1.0,8749,
5072,213248,-5.0,0.0,0.0,0,,,1.0,8749,
5073,213312,-3.4,0.0,3.85,1,0.0,0.0,1.0,8753,
5074,213312,-4.7,0.0,2.56,1,0.0,0.0,1.0,8753,
5075,213376,-5.0,0.0,1.96,1,0.0,1.0,1.0,8754,
5076,213376,-2.4,0.0,6.25,1,0.0,0.0,1.0,8754,
5077,213376,10.5,1.0,0.0,0,,,1.0,8754,
5078,213440,-5.0,0.0,1.96,1,0.0,1.0,1.0,8754,
5079,213440,-5.0,0.0,0.0,0,,,1.0,8754,
5080,213632,-5.0,0.0,2.38,1,0.0,0.0,1.0,8758,
5081,213696,-5.0,0.0,0.0,0,,,1.0,8759,
5082,213760,-4.0,0.0,3.12,1,0.0,0.0,1.0,8760,
5083,213760,-6.0,0.0,1.96,1,0.0,1.0,1.0,8760,
5084,213824,9.9,1.0,0.0,0,,,1.0,8760,
5085,213824,-7.0,0.0,3.92,2,0.0,1.0,1.0,8760,
5086,213888,-1.4,0.0,6.25,1,0.0,0.0,1.0,8762,
5087,213888,-5.0,0.0,13.64,3,0.0,0.6667,1.0,8762,
5088,213952,-4.6,0.0,2.63,1,0.0,0.0,1.0,8763,
5089,213952,-6.0,0.0,1.96,1,0.0,1.0,1.0,8763,
5090,214016,-6.0,0.0,1.96,1,0.0,1.0,1.0,8763,
5091,214016,-4.0,0.0,0.0,0,,,1.0,8763,
5092,214016,10.4,1.0,0.0,0,,,1.0,8763,
5093,214080,-5.0,0.0,0.0,0,,,1.0,8763,
5094,214144,-3.5,0.0,3.7,1,0.0,0.0,1.0,8765,
5095,214208,8.5,1.0,3.85,1,0.0,1.0,1.0,8765,
5096,214208,-5.0,0.0,0.0,0,,,1.0,8765,
5097,214208,-5.0,0.0,0.0,0,,,1.0,8765,
5098,214208,-4.0,0.0,0.0,0,,,1.0,8765,
5099,214272,-5.0,0.0,0.0,0,,,1.0,8766,
5100,214272,-4.0,0.0,3.12,1,0.0,0.0,1.0,8766,
5101,214336,-3.3,0.0,13.33,2,0.5,0.5,1.0,8767,
5102,214336,-5.0,0.0,1.96,1,0.0,1.0,1.0,8767,
5103,214400,-6.0,0.0,1.96,1,0.0,1.0,1.0,8768,
5104,214400,-3.0,0.0,9.09,2,0.0,0.5,1.0,8768,
5105,214592,6.8,1.0,2.33,1,0.0,1.0,1.0,8770,
5106,214592,-3.9,0.0,3.23,1,0.0,0.0,1.0,8770,
5107,214656,-5.0,0.0,0.0,0,,,1.0,8770,
5108,214656,-4.0,0.0,0.0,0,,,1.0,8770,
5109,214656,-6.0,0.0,1.96,1,0.0,1.0,1.0,8770,
5110,214720,-5.0,0.0,0.0,0,,,1.0,8773,
5111,214720,-6.0,0.0,3.92,2,0.0,1.0,1.0,8773,
5112,214784,-3.2,0.0,4.17,1,0.0,0.0,1.0,8775,
5113,214784,-6.0,0.0,1.96,1,0.0,1.0,1.0,8775,
5114,214784,-5.0,0.0,1.96,1,0.0,1.0,1.0,8775,
5115,214912,-5.0,0.0,0.0,0,,,1.0,8777,
5116,214912,-2.8,0.0,5.0,1,0.0,0.0,1.0,8777,
5117,214976,-5.0,0.0,0.0,0,,,1.0,8778,
5118,215040,-5.0,0.0,0.0,0,,,1.0,8778,
5119,215360,-5.0,0.0,0.0,0,,,1.0,8782,
5120,215360,-5.0,0.0,0.0,0,,,1.0,8782,
5121,215424,9.5,1.0,6.25,1,0.0,1.0,1.0,8784,
5122,215424,7.7,1.0,8.33,2,0.0,1.0,1.0,8784,
5123,215488,-4.5,0.0,5.41,2,0.0,0.5,1.0,8785,
5124,215616,-5.0,0.0,0.0,0,,,1.0,8785,
5125,215616,8.2,1.0,3.45,1,0.0,1.0,1.0,8785,
5126,215680,-4.8,0.0,2.5,1,0.0,0.0,1.0,8788,
5127,215680,-5.0,0.0,0.0,0,,,1.0,8788,
5128,215680,-5.0,0.0,0.0,0,,,1.0,8788,
5129,215744,-3.1,0.0,8.7,2,0.0,0.5,1.0,8791,
5130,215744,-4.0,0.0,0.0,0,,,1.0,8791,
5131,215872,-2.8,0.0,5.0,1,0.0,0.0,1.0,8792,
5132,215936,-6.0,0.0,3.92,2,0.0,1.0,1.0,8793,
5133,215936,-4.0,0.0,0.0,0,,,1.0,8793,
5134,215936,-5.6,0.0,2.08,1,0.0,0.0,1.0,8793,
5135,216064,-5.0,0.0,0.0,0,,,1.0,8794,
5136,216064,-6.0,0.0,1.96,1,0.0,1.0,1.0,8794,
5137,216064,-5.0,0.0,0.0,0,,,1.0,8794,
5138,216128,-3.2,0.0,2.94,1,0.0,0.0,1.0,8796,
5139,216192,-5.0,0.0,0.0,0,,,1.0,8798,
5140,216192,-4.0,0.0,0.0,0,,,1.0,8798,
5141,216192,-3.2,0.0,4.17,1,0.0,0.0,1.0,8798,
5142,216192,-1.6,0.0,12.5,1,0.0,0.0,1.0,8798,
5143,216256,-5.0,0.0,0.0,0,,,1.0,8801,
5144,216256,-4.8,0.0,2.0,1,0.0,0.0,1.0,8801,
5145,216320,-6.0,0.0,1.96,1,0.0,1.0,1.0,8802,
5146,216320,-1.2,0.0,7.14,1,0.0,0.0,1.0,8802,
5147,216384,-5.0,0.0,0.0,0,,,1.0,8802,
5148,216384,7.9,1.0,3.12,1,1.0,1.0,1.0,8802,
5149,216448,-2.3,0.0,6.67,1,0.0,0.0,1.0,8804,
5150,216512,-1.8,0.0,10.0,1,0.0,0.0,1.0,8806,
5151,216576,-4.0,0.0,0.0,0,,,1.0,8807,
5152,216576,-5.0,0.0,1.96,1,0.0,1.0,1.0,8807,
5153,216640,-3.4,0.0,3.85,1,0.0,0.0,1.0,8808,
5154,216640,-7.0,0.0,5.88,3,0.0,1.0,1.0,8808,
5155,216640,-5.0,0.0,0.0,0,,,1.0,8808,
5156,216704,-5.0,0.0,0.0,0,,,1.0,8809,
5157,216704,-5.0,0.0,0.0,0,,,1.0,8809,
5158,216768,-5.1,0.0,2.33,1,0.0,0.0,1.0,8811,
5159,216896,-5.4,0.0,2.17,1,0.0,0.0,1.0,8816,
5160,216896,-5.0,0.0,4.76,2,0.0,0.5,1.0,8816,
5161,216896,-2.6,0.0,25.0,2,0.0,0.5,1.0,8816,
5162,216896,11.3,1.0,0.0,0,,,1.0,8816,
5163,216960,10.9,1.0,0.0,0,,,1.0,8816,
5164,216960,-4.0,0.0,0.0,0,,,1.0,8816,
5165,217024,-4.0,0.0,0.0,0,,,1.0,8816,
5166,217088,-4.3,0.0,2.22,1,0.0,0.0,1.0,8819,
5167,217088,-5.0,0.0,0.0,0,,,1.0,8819,
5168,217088,-5.0,0.0,0.0,0,,,1.0,8819,
5169,217152,-5.0,0.0,0.0,0,,,1.0,8821,
5170,217280,-5.0,0.0,0.0,0,,,1.0,8821,
5171,217280,-5.0,0.0,0.0,0,,,1.0,8821,
5172,217344,-5.0,0.0,0.0,0,,,1.0,8822,
5173,217408,-6.0,0.0,1.96,1,0.0,1.0,1.0,8823,
5174,217472,-6.0,0.0,1.96,1,0.0,1.0,1.0,8824,
5175,217472,-5.7,0.0,2.04,1,0.0,0.0,1.0,8824,
5176,217472,-5.0,0.0,0.0,0,,,1.0,8824,
5177,217536,-3.6,0.0,3.57,1,0.0,0.0,1.0,8825,
5178,217536,-6.0,0.0,1.96,1,0.0,1.0,1.0,8825,
5179,217536,9.0,1.0,4.76,1,0.0,1.0,1.0,8825,
5180,217664,-6.0,0.0,1.96,1,0.0,1.0,1.0,8826,
5181,217728,-4.0,0.0,3.12,1,0.0,0.0,1.0,8829,
5182,217728,-3.4,0.0,2.78,1,0.0,0.0,1.0,8829,
5183,217856,-5.0,0.0,0.0,0,,,1.0,8832,
5184,217920,-5.0,0.0,0.0,0,,,1.0,8833,
5185,217920,-6.0,0.0,1.96,1,0.0,1.0,1.0,8833,
5186,217920,11.5,1.0,0.0,0,,,1.0,8833,
5187,217984,-5.0,0.0,0.0,0,,,1.0,8833,
5188,217984,-5.0,0.0,0.0,0,,,1.0,8833,
5189,218048,-5.0,0.0,0.0,0,,,1.0,8834,
5190,218048,-5.0,0.0,1.96,1,0.0,1.0,1.0,8834,
5191,218048,-5.0,0.0,0.0,0,,,1.0,8834,
5192,218176,-5.0,0.0,0.0,0,,,1.0,8834,
5193,218176,-6.0,0.0,3.92,2,0.0,1.0,1.0,8834,
5194,218240,-4.8,0.0,2.0,1,0.0,0.0,1.0,8836,
5195,218304,-3.0,0.0,4.55,1,0.0,0.0,1.0,8841,
5196,218304,-3.7,0.0,3.45,1,0.0,0.0,1.0,8841,
5197,218304,-5.4,0.0,2.17,1,0.0,0.0,1.0,8841,
5198,218432,-3.2,0.0,4.17,1,0.0,0.0,1.0,8843,
5199,218624,-6.0,0.0,1.96,1,0.0,1.0,1.0,8848,
5200,218624,-4.5,0.0,2.7,1,0.0,0.0,1.0,8848,
5201,218880,-5.0,0.0,0.0,0,,,1.0,8849,
5202,218880,-5.0,0.0,0.0,0,,,1.0,8849,
5203,218944,-5.0,0.0,0.0,0,,,1.0,8852,
5204,219008,-5.0,0.0,0.0,0,,,1.0,8852,
5205,219072,-5.4,0.0,2.17,1,0.0,0.0,1.0,8854,
5206,219136,-4.6,0.0,2.63,1,0.0,0.0,1.0,8855,
5207,219200,6.1,1.0,5.0,2,0.0,1.0,1.0,8855,
5208,219200,-6.0,0.0,3.92,2,0.0,1.0,1.0,8855,
5209,219200,-5.0,0.0,1.96,1,0.0,1.0,1.0,8855,
5210,219200,-9.0,0.0,7.84,4,0.25,1.0,1.0,8855,
5211,219328,-5.0,0.0,0.0,0,,,1.0,8858,
5212,219328,-5.0,0.0,1.96,1,0.0,1.0,1.0,8858,
5213,219328,-6.0,0.0,1.96,1,0.0,1.0,1.0,8858,
5214,219456,-5.0,0.0,0.0,0,,,1.0,8859,
5215,219456,-7.0,0.0,3.92,2,0.0,1.0,1.0,8859,
5216,219520,-5.0,0.0,0.0,0,,,1.0,8860,
5217,219520,-5.6,0.0,7.89,3,0.0,0.6667,1.0,8860,
5218,219584,-6.0,0.0,1.96,1,0.0,1.0,1.0,8860,
5219,219584,-6.0,0.0,1.96,1,0.0,1.0,1.0,8860,
5220,219776,-5.0,0.0,0.0,0,,,1.0,8861,
5221,219840,-5.0,0.0,0.0,0,,,1.0,8861,
5222,219840,-4.0,0.0,0.0,0,,,1.0,8861,
5223,219904,-6.0,0.0,1.96,1,0.0,1.0,1.0,8863,
5224,219904,-7.0,0.0,3.92,2,0.0,1.0,1.0,8863,
5225,219904,-5.3,0.0,2.22,1,0.0,0.0,1.0,8863,
5226,219904,-3.1,0.0,15.38,2,0.0,0.5,1.0,8863,
5227,219968,-5.0,0.0,0.0,0,,,1.0,8863,
5228,220032,-2.5,0.0,5.88,1,0.0,0.0,1.0,8867,
5229,220032,-5.0,0.0,0.0,0,,,1.0,8867,
5230,220160,-5.0,0.0,0.0,0,,,1.0,8867,
5231,220160,-4.0,0.0,0.0,0,,,1.0,8867,
5232,220224,-5.0,0.0,0.0,0,,,1.0,8868,
5233,220224,-9.0,0.0,9.8,5,0.0,1.0,1.0,8868,
5234,220288,-5.8,0.0,4.0,2,0.0,0.5,1.0,8871,
5235,220288,-4.9,0.0,4.88,2,0.0,0.5,1.0,8871,
5236,220288,-2.5,0.0,5.88,1,0.0,0.0,1.0,8871,
5237,220352,-5.0,0.0,0.0,0,,,1.0,8871,
5238,220416,-5.0,0.0,0.0,0,,,1.0,8873,
5239,220416,-0.6,0.0,12.5,1,0.0,0.0,1.0,8873,
5240,220480,-2.3,0.0,4.0,1,0.0,0.0,1.0,8875,
5241,220480,-2.7,0.0,3.45,1,0.0,0.0,1.0,8875,
5242,220544,7.0,1.0,0.0,0,,,1.0,8876,
5243,220544,-5.0,0.0,0.0,0,,,1.0,8876,
5244,220608,-5.0,0.0,0.0,0,,,1.0,8877,
5245,220672,-6.0,0.0,1.96,1,0.0,1.0,1.0,8878,
5246,220736,-5.0,0.0,0.0,0,,,1.0,8878,
5247,220736,-5.0,0.0,0.0,0,,,1.0,8878,
5248,220736,-4.0,0.0,0.0,0,,,1.0,8878,
5249,220800,10.3,1.0,12.5,1,0.0,1.0,1.0,8881,
5250,220800,-5.0,0.0,1.96,1,0.0,1.0,1.0,8881,
5251,220800,-5.0,0.0,0.0,0,,,1.0,8881,
5252,220800,-4.6,0.0,7.14,2,0.0,0.5,1.0,8881,
5253,220864,-3.0,0.0,4.55,1,0.0,0.0,1.0,8885,
5254,220864,-4.3,0.0,2.86,1,0.0,0.0,1.0,8885,
5255,220928,-5.4,0.0,2.17,1,0.0,0.0,1.0,8888,
5256,220928,-5.3,0.0,2.22,1,0.0,0.0,1.0,8888,
5257,220992,-5.0,0.0,0.0,0,,,1.0,8889,
5258,220992,-5.0,0.0,2.38,1,0.0,0.0,1.0,8889,
5259,220992,-5.0,0.0,0.0,0,,,1.0,8889,
5260,221120,-4.0,0.0,0.0,0,,,1.0,8893,
5261,221184,-5.0,0.0,0.0,0,,,1.0,8893,
5262,221184,-5.0,0.0,0.0,0,,,1.0,8893,
5263,221184,-5.0,0.0,0.0,0,,,1.0,8893,
5264,221248,-5.0,0.0,0.0,0,,,1.0,8894,
5265,221248,-4.5,0.0,2.7,1,0.0,0.0,1.0,8894,
5266,221312,-5.5,0.0,2.13,1,0.0,0.0,1.0,8895,
5267,221312,-5.0,0.0,0.0,0,,,1.0,8895,
5268,221312,-5.0,0.0,0.0,0,,,1.0,8895,
5269,221376,-5.0,0.0,6.25,2,0.0,0.5,1.0,8897,
5270,221440,8.2,1.0,10.53,2,0.0,1.0,1.0,8899,
5271,221440,-4.0,0.0,0.0,0,,,1.0,8899,
5272,221440,-7.0,0.0,3.92,2,0.0,1.0,1.0,8899,
5273,221504,-6.0,0.0,3.92,2,0.0,1.0,1.0,8900,
5274,221568,-5.0,0.0,0.0,0,,,1.0,8900,
5275,221632,9.4,1.0,0.0,0,,,1.0,8900,
5276,221696,-4.0,0.0,0.0,0,,,1.0,8900,
5277,221760,-2.8,0.0,3.33,1,0.0,0.0,1.0,8901,
5278,221824,-3.5,0.0,2.7,1,0.0,0.0,1.0,8904,
5279,221824,-2.2,0.0,7.14,1,0.0,0.0,1.0,8904,
5280,222016,-4.3,0.0,2.86,1,0.0,0.0,1.0,8909,
5281,222336,-0.9,0.0,9.09,1,0.0,0.0,1.0,8913,
5282,222336,10.5,1.0,0.0,0,,,1.0,8913,
5283,222336,-4.4,0.0,5.56,2,0.0,0.5,1.0,8913,
5284,222400,-4.7,0.0,2.56,1,0.0,0.0,1.0,8915,
5285,222400,-6.0,0.0,1.96,1,0.0,1.0,1.0,8915,
5286,222400,-4.1,0.0,3.03,1,0.0,0.0,1.0,8915,
5287,222464,-4.0,0.0,0.0,0,,,1.0,8916,
5288,222464,-5.0,0.0,1.96,1,0.0,1.0,1.0,8916,
5289,222464,-3.3,0.0,4.0,1,0.0,0.0,1.0,8916,
5290,222464,-5.0,0.0,1.96,1,0.0,1.0,1.0,8916,
5291,222528,-3.1,0.0,3.03,1,0.0,0.0,1.0,8918,
5292,222592,-6.0,0.0,3.92,2,0.0,1.0,1.0,8918,
5293,222592,-5.0,0.0,0.0,0,,,1.0,8918,
5294,222656,-3.5,0.0,3.7,1,0.0,0.0,1.0,8921,
5295,222656,-3.2,0.0,4.17,1,0.0,0.0,1.0,8921,
5296,222784,-6.0,0.0,3.92,2,0.0,1.0,1.0,8922,
5297,222784,-5.0,0.0,0.0,0,,,1.0,8922,
5298,222848,-4.0,0.0,0.0,0,,,1.0,8923,
5299,222848,-6.0,0.0,1.96,1,0.0,1.0,1.0,8923,
5300,222848,-4.0,0.0,3.12,1,0.0,0.0,1.0,8923,
5301,222976,-6.5,0.0,10.81,4,0.0,0.75,1.0,8925,
5302,223104,-8.0,0.0,5.88,3,0.0,1.0,1.0,8928,
5303,223104,-4.5,0.0,5.41,2,0.0,0.5,1.0,8928,
5304,223168,-5.0,0.0,0.0,0,,,1.0,8929,
5305,223168,-5.8,0.0,2.0,1,0.0,0.0,1.0,8929,
5306,223232,-1.2,0.0,7.14,1,0.0,0.0,1.0,8930,
5307,223296,-4.6,0.0,2.63,1,0.0,0.0,1.0,8932,
5308,223296,-6.0,0.0,1.96,1,0.0,1.0,1.0,8932,
5309,223360,6.9,1.0,6.25,2,0.0,1.0,1.0,8932,
5310,223424,-6.0,0.0,1.96,1,0.0,1.0,1.0,8934,
5311,223424,-3.9,0.0,2.44,1,0.0,0.0,1.0,8934,
5312,223424,-5.0,0.0,1.96,1,0.0,1.0,1.0,8934,
5313,223488,-5.0,0.0,0.0,0,,,1.0,8937,
5314,223488,-2.5,0.0,5.88,1,0.0,0.0,1.0,8937,
5315,223488,-3.9,0.0,3.23,1,0.0,0.0,1.0,8937,
5316,223552,-5.0,0.0,0.0,0,,,1.0,8938,
5317,223552,-4.5,0.0,2.7,1,0.0,0.0,1.0,8938,
5318,223616,-4.0,0.0,0.0,0,,,1.0,8941,
5319,223616,-5.8,0.0,2.0,1,0.0,0.0,1.0,8941,
5320,223744,-6.0,0.0,1.96,1,0.0,1.0,1.0,8943,
5321,223744,-5.0,0.0,0.0,0,,,1.0,8943,
5322,223808,-5.9,0.0,1.96,1,0.0,0.0,1.0,8944,
5323,223808,-5.0,0.0,0.0,0,,,1.0,8944,
5324,223872,10.7,1.0,0.0,0,,,1.0,8944,
5325,223936,-2.6,0.0,5.56,1,0.0,0.0,1.0,8946,
5326,223936,-5.0,0.0,0.0,0,,,1.0,8946,
5327,224000,-5.0,0.0,0.0,0,,,1.0,8946,
5328,224000,-5.0,0.0,0.0,0,,,1.0,8946,
5329,224064,-4.0,0.0,0.0,0,,,1.0,8948,
5330,224064,-5.0,0.0,0.0,0,,,1.0,8948,
5331,224064,-4.3,0.0,2.86,1,0.0,0.0,1.0,8948,
5332,224256,-5.0,0.0,0.0,0,,,1.0,8950,
5333,224256,-6.0,0.0,3.92,2,0.5,1.0,1.0,8950,
5334,224256,-5.0,0.0,1.96,1,0.0,1.0,1.0,8950,
5335,224448,-5.0,0.0,0.0,0,,,1.0,8951,
5336,224448,-5.0,0.0,1.96,1,0.0,1.0,1.0,8951,
5337,224512,-5.0,0.0,0.0,0,,,1.0,8951,
5338,224512,-5.0,0.0,1.96,1,1.0,1.0,1.0,8951,
5339,224576,-5.0,0.0,0.0,0,,,1.0,8951,
5340,224640,-5.0,0.0,0.0,0,,,1.0,8951,
5341,224704,-5.0,0.0,0.0,0,,,1.0,8952,
5342,224704,-6.0,0.0,1.96,1,0.0,1.0,1.0,8952,
5343,224704,-3.8,0.0,3.33,1,0.0,0.0,1.0,8952,
5344,224704,-5.0,0.0,0.0,0,,,1.0,8952,
5345,224832,-7.0,0.0,3.92,2,0.0,1.0,1.0,8955,
5346,224896,-4.0,0.0,3.12,1,0.0,0.0,1.0,8957,
5347,224960,-5.0,0.0,1.96,1,0.0,1.0,1.0,8958,
5348,225024,-5.0,0.0,0.0,0,,,1.0,8959,
5349,225088,-5.6,0.0,2.08,1,0.0,0.0,1.0,8960,
5350,225088,-5.0,0.0,0.0,0,,,1.0,8960,
5351,225152,-4.0,0.0,6.25,2,0.5,0.5,1.0,8961,
5352,225408,-4.1,0.0,3.03,1,0.0,0.0,1.0,8964,
5353,225600,-4.0,0.0,0.0,0,,,1.0,8965,
5354,225600,-5.0,0.0,0.0,0,,,1.0,8965,
5355,225664,-4.3,0.0,8.0,2,0.0,0.5,1.0,8966,
5356,225664,-5.0,0.0,0.0,0,,,1.0,8966,
5357,225664,-5.0,0.0,0.0,0,,,1.0,8966,
5358,225728,-4.4,0.0,2.78,1,0.0,0.0,1.0,8968,
5359,225728,-5.0,0.0,1.96,1,0.0,1.0,1.0,8968,
5360,225728,-5.0,0.0,1.96,1,0.0,1.0,1.0,8968,
5361,225728,-5.0,0.0,0.0,0,,,1.0,8968,
5362,225728,-5.0,0.0,0.0,0,,,1.0,8968,
5363,225792,-5.0,0.0,1.96,1,0.0,1.0,1.0,8968,
5364,225856,-2.7,0.0,3.45,1,0.0,0.0,1.0,8970,
5365,225856,-6.0,0.0,1.96,1,0.0,1.0,1.0,8970,
5366,225856,11.7,1.0,0.0,0,,,1.0,8970,
5367,225856,-5.0,0.0,0.0,0,,,1.0,8970,
5368,225920,-4.0,0.0,0.0,0,,,1.0,8970,
5369,225920,-6.0,0.0,1.96,1,0.0,1.0,1.0,8970,
5370,226048,-5.1,0.0,2.33,1,0.0,0.0,1.0,8971,
5371,226112,-5.0,0.0,0.0,0,,,1.0,8971,
5372,226112,-5.0,0.0,0.0,0,,,1.0,8971,
5373,226176,-1.9,0.0,4.76,1,0.0,0.0,1.0,8974,
5374,226176,7.8,1.0,8.7,2,0.0,1.0,1.0,8974,
5375,226240,7.0,1.0,6.45,2,0.0,1.0,1.0,8974,
5376,226368,-4.0,0.0,0.0,0,,,1.0,8975,
5377,226432,-5.0,0.0,1.96,1,0.0,1.0,1.0,8976,
5378,226432,-5.0,0.0,0.0,0,,,1.0,8976,
5379,226496,-5.0,0.0,0.0,0,,,1.0,8977,
5380,226496,-7.3,0.0,6.67,3,0.0,0.6667,1.0,8977,
5381,226624,-5.0,0.0,1.96,1,0.0,1.0,1.0,8979,
5382,226624,-5.7,0.0,2.04,1,0.0,0.0,1.0,8979,
5383,226688,-4.0,0.0,0.0,0,,,1.0,8980,
5384,226688,-5.0,0.0,0.0,0,,,1.0,8980,
5385,226752,-5.0,0.0,0.0,0,,,1.0,8981,
5386,226752,-5.0,0.0,0.0,0,,,1.0,8981,
5387,226816,-4.0,0.0,0.0,0,,,1.0,8981,
5388,226816,-5.0,0.0,0.0,0,,,1.0,8981,
5389,226880,-5.0,0.0,0.0,0,,,1.0,8981,
5390,226944,-4.0,0.0,2.38,1,0.0,0.0,1.0,8984,
5391,226944,-2.2,0.0,7.14,1,0.0,0.0,1.0,8984,
5392,227008,-6.0,0.0,3.92,2,0.0,1.0,1.0,8987,
5393,227008,-5.7,0.0,2.04,1,0.0,0.0,1.0,8987,
5394,227008,-5.0,0.0,1.96,1,0.0,1.0,1.0,8987,
5395,227072,-5.0,0.0,0.0,0,,,1.0,8988,
5396,227072,-5.0,0.0,0.0,0,,,1.0,8988,
5397,227136,9.9,1.0,0.0,0,,,1.0,8990,
5398,227136,-1.7,0.0,5.26,1,0.0,0.0,1.0,8990,
5399,227200,-4.0,0.0,2.38,1,0.0,0.0,1.0,8993,
5400,227200,-6.0,0.0,3.92,2,0.0,1.0,1.0,8993,
5401,227200,-5.0,0.0,0.0,0,,,1.0,8993,
5402,227200,-5.1,0.0,2.33,1,0.0,0.0,1.0,8993,
5403,227264,-5.0,0.0,0.0,0,,,1.0,8993,
5404,227328,-5.0,0.0,0.0,0,,,1.0,8996,
5405,227328,-1.9,0.0,9.09,1,0.0,0.0,1.0,8996,
5406,227328,-5.0,0.0,0.0,0,,,1.0,8996,
5407,227392,-5.2,0.0,2.27,1,0.0,0.0,1.0,8999,
5408,227456,-4.5,0.0,7.41,2,0.0,0.5,1.0,9000,
5409,227520,-5.0,0.0,0.0,0,,,1.0,9000,
5410,227712,-5.0,0.0,0.0,0,,,1.0,9003,
5411,227712,-4.8,0.0,2.0,1,0.0,0.0,1.0,9003,
5412,227904,7.3,1.0,7.14,2,0.0,1.0,1.0,9004,
5413,227904,-5.0,0.0,1.96,1,0.0,1.0,1.0,9004,
5414,227968,-4.0,0.0,0.0,0,,,1.0,9005,
5415,227968,-6.0,0.0,1.96,1,0.0,1.0,1.0,9005,
5416,227968,-5.0,0.0,0.0,0,,,1.0,9005,
5417,228032,-6.2,0.0,8.82,3,0.0,0.6667,1.0,9006,
5418,228096,-4.9,0.0,6.45,2,0.0,0.5,1.0,9008,
5419,228160,9.9,1.0,0.0,0,,,1.0,9010,
5420,228160,-5.0,0.0,0.0,0,,,1.0,9010,
5421,228224,-5.0,0.0,0.0,0,,,1.0,9012,
5422,228224,-4.6,0.0,2.63,1,0.0,0.0,1.0,9012,
5423,228224,-5.5,0.0,5.41,2,0.0,0.5,1.0,9012,
5424,228288,-4.0,0.0,0.0,0,,,1.0,9013,
5425,228288,6.9,1.0,2.38,1,1.0,1.0,1.0,9013,
5426,228352,-4.0,0.0,0.0,0,,,1.0,9015,
5427,228352,-5.0,0.0,0.0,0,,,1.0,9015,
5428,228352,-4.8,0.0,6.67,2,0.0,0.5,1.0,9015,
5429,228416,-5.0,0.0,0.0,0,,,1.0,9015,
5430,228672,-5.0,0.0,0.0,0,,,1.0,9016,
5431,228672,9.2,1.0,0.0,0,,,1.0,9016,
5432,228672,-1.2,0.0,25.0,1,0.0,0.0,1.0,9016,
5433,228928,-6.0,0.0,1.96,1,0.0,1.0,1.0,9017,
5434,228928,-6.0,0.0,3.92,2,0.0,1.0,1.0,9017,
5435,228928,-5.0,0.0,0.0,0,,,1.0,9017,
5436,228992,-6.0,0.0,1.96,1,0.0,1.0,1.0,9017,
5437,228992,-6.0,0.0,3.92,2,0.0,1.0,1.0,9017,
5438,228992,-5.0,0.0,0.0,0,,,1.0,9017,
5439,229056,-2.8,0.0,3.33,1,0.0,0.0,1.0,9019,
5440,229120,-4.0,0.0,0.0,0,,,1.0,9020,
5441,229120,-5.0,0.0,0.0,0,,,1.0,9020,
5442,229120,-4.8,0.0,6.67,2,0.0,0.5,1.0,9020,
5443,229184,-4.0,0.0,0.0,0,,,1.0,9021,
5444,229184,-2.7,0.0,5.26,1,0.0,0.0,1.0,9021,
5445,229248,-2.3,0.0,6.67,1,0.0,0.0,1.0,9023,
5446,229312,-2.5,0.0,5.88,1,0.0,0.0,1.0,9024,
5447,229440,-5.0,0.0,0.0,0,,,1.0,9025,
5448,229440,-5.0,0.0,0.0,0,,,1.0,9025,
5449,229504,-6.5,0.0,4.26,2,0.0,0.5,1.0,9027,
5450,229504,-5.0,0.0,0.0,0,,,1.0,9027,
5451,229504,-5.3,0.0,2.22,1,0.0,0.0,1.0,9027,
5452,229632,-5.6,0.0,7.89,3,0.0,0.6667,1.0,9029,
5453,229632,-4.0,0.0,0.0,0,,,1.0,9029,
5454,229696,-3.4,0.0,12.5,2,0.0,0.5,1.0,9033,
5455,229696,-6.5,0.0,4.26,2,0.0,0.5,1.0,9033,
5456,229696,-6.4,0.0,4.35,2,0.0,0.5,1.0,9033,
5457,229696,-6.0,0.0,3.92,2,0.0,1.0,1.0,9033,
5458,229760,11.1,1.0,0.0,0,,,1.0,9034,
5459,229760,-5.0,0.0,0.0,0,,,1.0,9034,
5460,229760,-3.5,0.0,2.7,1,0.0,0.0,1.0,9034,
5461,229888,-4.0,0.0,2.38,1,0.0,0.0,1.0,9036,
5462,229952,-5.0,0.0,0.0,0,,,1.0,9036,
5463,230016,-3.7,0.0,3.45,1,0.0,0.0,1.0,9038,
5464,230080,-5.0,0.0,0.0,0,,,1.0,9038,
5465,230144,-4.3,0.0,2.86,1,0.0,0.0,1.0,9039,
5466,230144,-5.0,0.0,0.0,0,,,1.0,9039,
5467,230208,-5.0,0.0,0.0,0,,,1.0,9039,
5468,230208,-5.0,0.0,0.0,0,,,1.0,9039,
5469,230272,-5.0,0.0,0.0,0,,,1.0,9040,
5470,230272,-5.0,0.0,0.0,0,,,1.0,9040,
5471,230272,-4.0,0.0,0.0,0,,,1.0,9040,
5472,230272,-4.3,0.0,2.86,1,0.0,0.0,1.0,9040,
5473,230336,-2.2,0.0,7.14,1,0.0,0.0,1.0,9041,
5474,230336,-5.0,0.0,0.0,0,,,1.0,9041,
5475,230336,-6.0,0.0,1.96,1,0.0,1.0,1.0,9041,
5476,230400,-5.3,0.0,2.22,1,0.0,0.0,1.0,9043,
5477,230400,-5.0,0.0,0.0,0,,,1.0,9043,
5478,230464,-4.0,0.0,0.0,0,,,1.0,9044,
5479,230528,-2.1,0.0,7.69,1,0.0,0.0,1.0,9045,
5480,230528,10.5,1.0,0.0,0,,,1.0,9045,
5481,230528,-5.0,0.0,0.0,0,,,1.0,9045,
5482,230592,-5.0,0.0,1.96,1,0.0,1.0,1.0,9046,
5483,230592,-5.0,0.0,0.0,0,,,1.0,9046,
5484,230592,-5.0,0.0,0.0,0,,,1.0,9046,
5485,230720,-5.0,0.0,0.0,0,,,1.0,9049,
5486,230976,-5.0,0.0,0.0,0,,,1.0,9053,
5487,230976,-5.9,0.0,1.96,1,0.0,0.0,1.0,9053,
5488,231168,-6.0,0.0,1.96,1,0.0,1.0,1.0,9053,
5489,231232,-5.0,0.0,0.0,0,,,1.0,9054,
5490,231232,-6.0,0.0,1.96,1,0.0,1.0,1.0,9054,
5491,231232,10.0,1.0,9.09,1,0.0,1.0,1.0,9054,
5492,231296,-4.4,0.0,2.78,1,0.0,0.0,1.0,9056,
5493,231360,-5.0,0.0,0.0,0,,,1.0,9057,
5494,231424,-5.0,0.0,0.0,0,,,1.0,9058,
5495,231424,-2.2,0.0,7.14,1,0.0,0.0,1.0,9058,
5496,231488,-5.0,0.0,0.0,0,,,1.0,9060,
5497,231488,-5.0,0.0,0.0,0,,,1.0,9060,
5498,231488,-4.9,0.0,6.45,2,0.0,0.5,1.0,9060,
5499,231552,-5.0,0.0,0.0,0,,,1.0,9061,
5500,231616,-6.0,0.0,1.96,1,0.0,1.0,1.0,9061,
5501,231616,-6.0,0.0,1.96,1,0.0,1.0,1.0,9061,
5502,231616,-5.0,0.0,0.0,0,,,1.0,9061,
5503,231744,9.6,1.0,0.0,0,,,1.0,9062,
5504,231808,-4.0,0.0,13.64,3,0.0,0.6667,1.0,9064,
5505,231872,9.5,1.0,0.0,0,,,1.0,9064,
5506,231936,-5.0,0.0,0.0,0,,,1.0,9064,
5507,231936,-5.0,0.0,0.0,0,,,1.0,9064,
5508,232064,-3.7,0.0,3.45,1,0.0,0.0,1.0,9065,
5509,232128,-5.7,0.0,2.04,1,0.0,0.0,1.0,9067,
5510,232192,-6.0,0.0,1.96,1,0.0,1.0,1.0,9068,
5511,232192,-6.0,0.0,1.96,1,0.0,1.0,1.0,9068,
5512,232192,-2.3,0.0,6.67,1,0.0,0.0,1.0,9068,
5513,232192,-6.0,0.0,1.96,1,0.0,1.0,1.0,9068,
5514,232256,-4.0,0.0,0.0,0,,,1.0,9072,
5515,232256,-1.9,0.0,9.09,1,0.0,0.0,1.0,9072,
5516,232320,-7.0,0.0,5.88,3,0.0,1.0,1.0,9073,
5517,232384,-5.0,0.0,0.0,0,,,1.0,9074,
5518,232384,-2.9,0.0,3.23,1,0.0,0.0,1.0,9074,
5519,232384,-5.0,0.0,1.96,1,0.0,1.0,1.0,9074,
5520,232448,-5.0,0.0,1.96,1,0.0,1.0,1.0,9075,
5521,232448,-4.7,0.0,2.56,1,0.0,0.0,1.0,9075,
5522,232448,-5.0,0.0,0.0,0,,,1.0,9075,
5523,232512,-4.0,0.0,0.0,0,,,1.0,9075,
5524,232576,-1.3,0.0,6.67,1,0.0,0.0,1.0,9076,
5525,232576,-5.0,0.0,0.0,0,,,1.0,9076,
5526,232704,-4.0,0.0,0.0,0,,,1.0,9077,
5527,232768,-5.0,0.0,0.0,0,,,1.0,9077,
5528,232896,-5.0,0.0,0.0,0,,,1.0,9080,
5529,232896,-5.0,0.0,0.0,0,,,1.0,9080,
5530,232960,-5.0,0.0,1.96,1,0.0,1.0,1.0,9082,
5531,232960,-5.0,0.0,0.0,0,,,1.0,9082,
5532,232960,-6.0,0.0,3.92,2,0.0,1.0,1.0,9082,
5533,232960,-3.1,0.0,4.35,1,0.0,0.0,1.0,9082,
5534,233024,-4.0,0.0,0.0,0,,,1.0,9082,
5535,233024,-5.0,0.0,1.96,1,0.0,1.0,1.0,9082,
5536,233024,-5.0,0.0,0.0,0,,,1.0,9082,
5537,233152,-4.2,0.0,2.94,1,0.0,0.0,1.0,9084,
5538,233152,-5.3,0.0,2.22,1,0.0,0.0,1.0,9084,
5539,233152,-5.0,0.0,1.96,1,0.0,1.0,1.0,9084,
5540,233280,-5.0,0.0,1.96,1,0.0,1.0,1.0,9084,
5541,233344,-5.0,0.0,0.0,0,,,1.0,9084,
5542,233408,-4.0,0.0,0.0,0,,,1.0,9087,
5543,233408,-3.9,0.0,6.45,2,0.0,0.5,1.0,9087,
5544,233536,-4.0,0.0,0.0,0,,,1.0,9088,
5545,233536,-5.0,0.0,0.0,0,,,1.0,9088,
5546,233536,-5.0,0.0,0.0,0,,,1.0,9088,
5547,233600,-5.0,0.0,0.0,0,,,1.0,9088,
5548,233600,-5.0,0.0,0.0,0,,,1.0,9088,
5549,233600,-6.0,0.0,1.96,1,1.0,1.0,1.0,9088,
5550,233664,-3.0,0.0,4.55,1,0.0,0.0,1.0,9089,
5551,233728,-4.1,0.0,3.03,1,0.0,0.0,1.0,9092,
5552,233728,-6.0,0.0,1.96,1,0.0,1.0,1.0,9092,
5553,233792,-4.0,0.0,0.0,0,,,1.0,9093,
5554,233856,-5.0,0.0,1.96,1,0.0,1.0,1.0,9093,
5555,233856,-6.0,0.0,1.96,1,0.0,1.0,1.0,9093,
5556,233856,-5.0,0.0,0.0,0,,,1.0,9093,
5557,233920,-1.9,0.0,4.76,1,0.0,0.0,1.0,9094,
5558,233984,-5.0,0.0,1.96,1,0.0,1.0,1.0,9094,
5559,234112,-1.5,0.0,5.88,1,0.0,0.0,1.0,9097,
5560,234240,-6.0,0.0,1.96,1,0.0,1.0,1.0,9098,
5561,234432,-6.2,0.0,4.55,2,0.0,0.5,1.0,9101,
5562,234432,-5.0,0.0,0.0,0,,,1.0,9101,
5563,234432,6.9,1.0,6.25,2,0.0,1.0,1.0,9101,
5564,234496,9.8,1.0,0.0,0,,,1.0,9102,
5565,234496,-5.9,0.0,1.96,1,0.0,0.0,1.0,9102,
5566,234496,-6.0,0.0,1.96,1,0.0,1.0,1.0,9102,
5567,234560,-3.9,0.0,3.23,1,0.0,0.0,1.0,9104,
5568,234560,-5.0,0.0,1.96,1,0.0,1.0,1.0,9104,
5569,234624,-5.1,0.0,2.33,1,0.0,0.0,1.0,9105,
5570,234624,-6.0,0.0,1.96,1,0.0,1.0,1.0,9105,
5571,234688,-5.0,0.0,0.0,0,,,1.0,9106,
5572,234688,-4.7,0.0,2.56,1,0.0,0.0,1.0,9106,
5573,234752,-5.9,0.0,1.96,1,0.0,0.0,1.0,9108,
5574,234752,-3.5,0.0,3.7,1,0.0,0.0,1.0,9108,
5575,234752,-5.0,0.0,0.0,0,,,1.0,9108,
5576,234816,-3.1,0.0,3.03,1,0.0,0.0,1.0,9110,
5577,234944,-4.6,0.0,2.63,1,0.0,0.0,1.0,9112,
5578,235008,-3.1,0.0,3.03,1,0.0,0.0,1.0,9115,
5579,235008,-5.0,0.0,0.0,0,,,1.0,9115,
5580,235072,-2.2,0.0,4.17,1,0.0,0.0,1.0,9116,
5581,235072,-5.0,0.0,0.0,0,,,1.0,9116,
5582,235136,-1.9,0.0,9.09,1,0.0,0.0,1.0,9118,
5583,235200,-5.0,0.0,0.0,0,,,1.0,9120,
5584,235200,-5.0,0.0,0.0,0,,,1.0,9120,
5585,235264,-3.4,0.0,2.78,1,0.0,0.0,1.0,9122,
5586,235328,-5.0,0.0,0.0,0,,,1.0,9122,
5587,235392,-4.0,0.0,0.0,0,,,1.0,9122,
5588,235456,-5.0,0.0,0.0,0,,,1.0,9123,
5589,235456,-5.0,0.0,0.0,0,,,1.0,9123,
5590,235456,-3.7,0.0,2.56,1,0.0,0.0,1.0,9123,
5591,235456,-5.0,0.0,0.0,0,,,1.0,9123,
5592,235520,-5.0,0.0,0.0,0,,,1.0,9123,
5593,235584,-5.0,0.0,0.0,0,,,1.0,9126,
5594,235584,-3.0,0.0,3.12,1,0.0,0.0,1.0,9126,
5595,235648,-5.0,0.0,0.0,0,,,1.0,9127,
5596,235648,-5.0,0.0,0.0,0,,,1.0,9127,
5597,235648,-6.0,0.0,4.76,2,0.0,0.5,1.0,9127,
5598,235712,-7.0,0.0,3.92,2,0.0,1.0,1.0,9127,
5599,235712,-5.0,0.0,0.0,0,,,1.0,9127,
5600,235712,-4.0,0.0,0.0,0,,,1.0,9127,
5601,235968,-4.5,0.0,2.7,1,0.0,0.0,1.0,9132,
5602,236032,-1.7,0.0,11.11,1,0.0,0.0,1.0,9133,
5603,236032,-5.0,0.0,0.0,0,,,1.0,9133,
5604,236096,-5.1,0.0,2.33,1,0.0,0.0,1.0,9135,
5605,236160,-5.0,0.0,0.0,0,,,1.0,9136,
5606,236224,6.0,1.0,9.68,3,0.0,1.0,1.0,9137,
5607,236224,-5.0,0.0,1.96,1,0.0,1.0,1.0,9137,
5608,236352,-6.3,0.0,11.43,4,0.0,0.75,1.0,9139,
5609,236416,-7.0,0.0,5.88,3,0.0,1.0,1.0,9141,
5610,236416,-5.9,0.0,1.96,1,0.0,0.0,1.0,9141,
5611,236416,-4.0,0.0,0.0,0,,,1.0,9141,
5612,236480,-2.9,0.0,4.76,1,0.0,0.0,1.0,9143,
5613,236544,-6.0,0.0,1.96,1,0.0,1.0,1.0,9143,
5614,236608,-6.8,0.0,4.0,2,0.0,0.5,1.0,9145,
5615,236672,-6.0,0.0,1.96,1,0.0,1.0,1.0,9146,
5616,236672,-1.4,0.0,6.25,1,0.0,0.0,1.0,9146,
5617,236800,9.9,1.0,8.33,1,0.0,1.0,1.0,9148,
5618,236800,-5.0,0.0,0.0,0,,,1.0,9148,
5619,236864,-5.0,0.0,0.0,0,,,1.0,9149,
5620,236864,-5.0,0.0,0.0,0,,,1.0,9149,
5621,236928,-5.0,0.0,0.0,0,,,1.0,9150,
5622,236992,7.1,1.0,2.5,1,0.0,1.0,1.0,9152,
5623,236992,-6.0,0.0,1.96,1,0.0,1.0,1.0,9152,
5624,236992,-6.0,0.0,3.92,2,0.0,1.0,1.0,9152,
5625,236992,-4.8,0.0,2.5,1,0.0,0.0,1.0,9152,
5626,237056,-5.0,0.0,0.0,0,,,1.0,9152,
5627,237120,-5.0,0.0,0.0,0,,,1.0,9153,
5628,237120,-5.0,0.0,0.0,0,,,1.0,9153,
5629,237120,-5.0,0.0,0.0,0,,,1.0,9153,
5630,237184,-4.0,0.0,0.0,0,,,1.0,9156,
5631,237248,-6.0,0.0,1.96,1,0.0,1.0,1.0,9156,
5632,237440,-3.5,0.0,3.7,1,0.0,0.0,1.0,9161,
5633,237440,-4.2,0.0,2.94,1,0.0,0.0,1.0,9161,
5634,237568,-2.2,0.0,7.14,1,0.0,0.0,1.0,9163,
5635,237760,-5.8,0.0,5.0,2,0.5,0.5,1.0,9169,
5636,237760,-5.0,0.0,0.0,0,,,1.0,9169,
5637,237760,-5.0,0.0,1.96,1,0.0,1.0,1.0,9169,
5638,237760,-5.0,0.0,0.0,0,,,1.0,9169,
5639,237824,-5.0,0.0,0.0,0,,,1.0,9170,
5640,237824,-5.0,0.0,0.0,0,,,1.0,9170,
5641,237888,-5.0,0.0,0.0,0,,,1.0,9173,
5642,237888,-6.0,0.0,1.96,1,0.0,1.0,1.0,9173,
5643,237888,-4.6,0.0,2.08,1,0.0,0.0,1.0,9173,
5644,237888,-2.7,0.0,5.26,1,0.0,0.0,1.0,9173,
5645,237888,-6.8,0.0,4.0,2,0.5,0.5,1.0,9173,
5646,237952,-5.0,0.0,0.0,0,,,1.0,9173,
5647,237952,9.3,1.0,5.56,1,0.0,1.0,1.0,9173,
5648,238016,-6.0,0.0,3.92,2,0.0,1.0,1.0,9176,
5649,238016,-3.2,0.0,4.17,1,0.0,0.0,1.0,9176,
5650,238016,9.7,1.0,7.14,1,0.0,1.0,1.0,9176,
5651,238016,-6.0,0.0,1.96,1,0.0,1.0,1.0,9176,
5652,238016,-5.0,0.0,0.0,0,,,1.0,9176,
5653,238208,-4.0,0.0,0.0,0,,,1.0,9179,
5654,238272,-6.0,0.0,1.96,1,0.0,1.0,1.0,9182,
5655,238272,-4.7,0.0,10.34,3,0.0,0.6667,1.0,9182,
5656,238272,-5.0,0.0,0.0,0,,,1.0,9182,
5657,238336,-5.3,0.0,2.22,1,0.0,0.0,1.0,9183,
5658,238336,-4.0,0.0,0.0,0,,,1.0,9183,
5659,238336,-5.0,0.0,0.0,0,,,1.0,9183,
5660,238400,-5.1,0.0,2.33,1,0.0,0.0,1.0,9184,
5661,238464,-5.0,0.0,1.96,1,0.0,1.0,1.0,9185,
5662,238464,-4.5,0.0,2.7,1,0.0,0.0,1.0,9185,
5663,238528,-3.9,0.0,3.23,1,0.0,0.0,1.0,9188,
5664,238592,-6.0,0.0,1.96,1,0.0,1.0,1.0,9189,
5665,238656,-7.0,0.0,5.88,3,0.0,1.0,1.0,9189,
5666,238720,10.1,1.0,0.0,0,,,1.0,9190,
5667,238720,-5.0,0.0,0.0,0,,,1.0,9190,
5668,238720,-5.0,0.0,0.0,0,,,1.0,9190,
5669,238784,-7.0,0.0,5.88,3,0.0,1.0,1.0,9191,
5670,238848,-7.0,0.0,3.92,2,0.0,1.0,1.0,9192,
5671,238848,-4.7,0.0,2.56,1,0.0,0.0,1.0,9192,
5672,238848,-6.0,0.0,1.96,1,0.0,1.0,1.0,9192,
5673,238912,-5.0,0.0,1.96,1,0.0,1.0,1.0,9192,
5674,238976,-5.0,0.0,0.0,0,,,1.0,9193,
5675,238976,-5.0,0.0,0.0,0,,,1.0,9193,
5676,239040,-3.7,0.0,3.45,1,0.0,0.0,1.0,9195,
5677,239104,6.8,1.0,6.06,2,0.0,1.0,1.0,9197,
5678,239232,-5.0,0.0,0.0,0,,,1.0,9198,
5679,239296,-5.0,0.0,0.0,0,,,1.0,9200,
5680,239296,-2.9,0.0,4.76,1,0.0,0.0,1.0,9200,
5681,239424,-7.0,0.0,3.92,2,0.0,1.0,1.0,9200,
5682,239488,-9.0,0.0,7.84,4,0.0,1.0,1.0,9200,
5683,239488,-4.0,0.0,0.0,0,,,1.0,9200,
5684,239680,-5.0,0.0,1.96,1,1.0,1.0,1.0,9203,
5685,239680,-2.1,0.0,7.69,1,0.0,0.0,1.0,9203,
5686,239680,-4.6,0.0,2.63,1,0.0,0.0,1.0,9203,
5687,239680,-7.0,0.0,3.92,2,0.0,1.0,1.0,9203,
5688,239744,-4.2,0.0,2.94,1,0.0,0.0,1.0,9204,
5689,239872,-5.0,0.0,0.0,0,,,1.0,9204,
5690,239936,-3.2,0.0,4.17,1,0.0,0.0,1.0,9205,
5691,240000,-3.1,0.0,4.35,1,0.0,0.0,1.0,9208,
5692,240000,-5.7,0.0,2.04,1,0.0,0.0,1.0,9208,
5693,240064,-6.0,0.0,1.96,1,0.0,1.0,1.0,9208,
5694,240128,-4.0,0.0,0.0,0,,,1.0,9209,
5695,240128,-4.1,0.0,3.03,1,0.0,0.0,1.0,9209,
5696,240192,-5.0,0.0,0.0,0,,,1.0,9211,
5697,240192,-3.0,0.0,4.55,1,0.0,0.0,1.0,9211,
5698,240256,-6.0,0.0,1.96,1,0.0,1.0,1.0,9212,
5699,240256,-5.0,0.0,1.96,1,0.0,1.0,1.0,9212,
5700,240256,-3.9,0.0,3.23,1,0.0,0.0,1.0,9212,
5701,240256,-6.0,0.0,1.96,1,0.0,1.0,1.0,9212,
5702,240320,-5.0,0.0,0.0,0,,,1.0,9212,
5703,240384,-3.0,0.0,4.55,1,0.0,0.0,1.0,9215,
5704,240384,-5.0,0.0,0.0,0,,,1.0,9215,
5705,240384,-5.0,0.0,0.0,0,,,1.0,9215,
5706,240384,-4.9,0.0,2.44,1,0.0,0.0,1.0,9215,
5707,240384,-3.8,0.0,2.5,1,0.0,0.0,1.0,9215,
5708,240640,11.4,1.0,0.0,0,,,1.0,9215,
5709,240704,-5.0,0.0,0.0,0,,,1.0,9215,
5710,240960,-4.3,0.0,2.86,1,0.0,0.0,1.0,9219,
5711,241024,-3.2,0.0,4.17,1,0.0,0.0,1.0,9220,
5712,241024,-4.0,0.0,0.0,0,,,1.0,9220,
5713,241024,-4.0,0.0,0.0,0,,,1.0,9220,
5714,241024,-5.0,0.0,0.0,0,,,1.0,9220,
5715,241088,-5.0,0.0,1.96,1,0.0,1.0,1.0,9221,
5716,241152,-6.0,0.0,3.92,2,0.0,1.0,1.0,9221,
5717,241152,-4.0,0.0,0.0,0,,,1.0,9221,
5718,241152,-5.0,0.0,0.0,0,,,1.0,9221,
5719,241152,-5.0,0.0,0.0,0,,,1.0,9221,
5720,241152,-5.0,0.0,0.0,0,,,1.0,9221,
5721,241216,-5.0,0.0,0.0,0,,,1.0,9221,
5722,241280,-5.0,0.0,0.0,0,,,1.0,9222,
5723,241280,-5.0,0.0,0.0,0,,,1.0,9222,
5724,241280,-2.9,0.0,4.76,1,0.0,0.0,1.0,9222,
5725,241280,-5.0,0.0,0.0,0,,,1.0,9222,
5726,241280,-5.0,0.0,0.0,0,,,1.0,9222,
5727,241344,8.2,1.0,3.45,1,0.0,1.0,1.0,9223,
5728,241472,-7.7,0.0,6.12,3,0.3333,0.6667,1.0,9225,
5729,241472,-6.0,0.0,1.96,1,0.0,1.0,1.0,9225,
5730,241472,-5.2,0.0,5.88,2,0.0,0.5,1.0,9225,
5731,241536,-1.8,0.0,5.0,1,0.0,0.0,1.0,9227,
5732,241536,-4.0,0.0,0.0,0,,,1.0,9227,
5733,241536,-5.0,0.0,0.0,0,,,1.0,9227,
5734,241600,-5.0,0.0,0.0,0,,,1.0,9228,
5735,241600,-6.0,0.0,3.92,2,0.0,1.0,1.0,9228,
5736,241664,-4.4,0.0,2.17,1,0.0,0.0,1.0,9229,
5737,241728,-5.0,0.0,0.0,0,,,1.0,9229,
5738,241728,-5.0,0.0,0.0,0,,,1.0,9229,
5739,241856,-5.0,0.0,0.0,0,,,1.0,9230,
5740,241920,-4.0,0.0,0.0,0,,,1.0,9231,
5741,241984,-5.0,0.0,0.0,0,,,1.0,9231,
5742,242048,-3.6,0.0,3.57,1,0.0,0.0,1.0,9233,
5743,242112,-5.0,0.0,0.0,0,,,1.0,9234,
5744,242112,-5.0,0.0,0.0,0,,,1.0,9234,
5745,242176,-5.0,0.0,1.96,1,0.0,1.0,1.0,9234,
5746,242240,-2.8,0.0,3.33,1,0.0,0.0,1.0,9236,
5747,242240,-5.0,0.0,0.0,0,,,1.0,9236,
5748,242240,-5.8,0.0,2.0,1,0.0,0.0,1.0,9236,
5749,242304,-4.9,0.0,2.44,1,0.0,0.0,1.0,9237,
5750,242368,-5.0,0.0,0.0,0,,,1.0,9237,
5751,242368,8.4,1.0,3.7,1,0.0,1.0,1.0,9237,
5752,242432,-2.3,0.0,6.67,1,0.0,0.0,1.0,9239,
5753,242432,-4.8,0.0,5.0,2,0.0,0.5,1.0,9239,
5754,242496,-4.0,0.0,0.0,0,,,1.0,9241,
5755,242560,-5.0,0.0,0.0,0,,,1.0,9242,
5756,242688,-5.0,0.0,0.0,0,,,1.0,9244,
5757,242688,-1.8,0.0,10.0,1,0.0,0.0,1.0,9244,
5758,242752,-4.1,0.0,2.33,1,0.0,0.0,1.0,9246,
5759,242944,-5.0,0.0,0.0,0,,,1.0,9250,
5760,242944,-5.0,0.0,0.0,0,,,1.0,9250,
5761,242944,-5.0,0.0,1.96,1,0.0,1.0,1.0,9250,
5762,243008,8.0,1.0,3.23,1,0.0,1.0,1.0,9251,
5763,243008,-4.0,0.0,0.0,0,,,1.0,9251,
5764,243264,8.8,1.0,0.0,0,,,1.0,9255,
5765,243264,-5.0,0.0,0.0,0,,,1.0,9255,
5766,243328,-6.0,0.0,3.92,2,0.0,1.0,1.0,9256,
5767,243392,-7.0,0.0,5.88,3,0.0,1.0,1.0,9259,
5768,243392,-3.1,0.0,4.35,1,0.0,0.0,1.0,9259,
5769,243392,-5.0,0.0,0.0,0,,,1.0,9259,
5770,243456,-5.0,0.0,0.0,0,,,1.0,9259,
5771,243520,-5.0,0.0,0.0,0,,,1.0,9259,
5772,243520,-4.0,0.0,0.0,0,,,1.0,9259,
5773,243648,-5.0,0.0,0.0,0,,,1.0,9260,
5774,243648,-4.0,0.0,0.0,0,,,1.0,9260,
5775,243648,-4.0,0.0,0.0,0,,,1.0,9260,
5776,243648,-5.0,0.0,0.0,0,,,1.0,9260,
5777,243648,-4.0,0.0,0.0,0,,,1.0,9260,
5778,243904,-3.2,0.0,14.29,2,0.0,0.5,1.0,9264,
5779,243904,8.4,1.0,0.0,0,,,1.0,9264,
5780,243968,-5.0,0.0,0.0,0,,,1.0,9264,
5781,244096,9.4,1.0,5.88,1,0.0,1.0,1.0,9265,
5782,244160,-6.5,0.0,4.26,2,0.0,0.5,1.0,9266,
5783,244224,-5.0,0.0,0.0,0,,,1.0,9267,
5784,244288,-5.0,0.0,0.0,0,,,1.0,9268,
5785,244288,-4.0,0.0,0.0,0,,,1.0,9268,
5786,244288,-5.0,0.0,1.96,1,0.0,1.0,1.0,9268,
5787,244352,-6.0,0.0,3.92,2,0.0,1.0,1.0,9268,
5788,244416,-6.0,0.0,3.92,2,0.0,1.0,1.0,9270,
5789,244416,-4.2,0.0,2.94,1,0.0,0.0,1.0,9270,
5790,244416,-6.0,0.0,1.96,1,0.0,1.0,1.0,9270,
5791,244416,-4.0,0.0,0.0,0,,,1.0,9270,
5792,244416,-7.2,0.0,6.82,3,0.0,0.6667,1.0,9270,
5793,244480,-4.0,0.0,0.0,0,,,1.0,9271,
5794,244544,-4.0,0.0,0.0,0,,,1.0,9274,
5795,244544,-5.0,0.0,0.0,0,,,1.0,9274,
5796,244544,-5.0,0.0,0.0,0,,,1.0,9274,
5797,244544,-6.0,0.0,3.92,2,0.0,1.0,1.0,9274,
5798,244544,-5.0,0.0,0.0,0,,,1.0,9274,
5799,244608,-6.0,0.0,3.92,2,0.0,1.0,1.0,9274,
5800,244672,-2.5,0.0,3.7,1,0.0,0.0,1.0,9276,
5801,244736,-5.9,0.0,1.96,1,0.0,0.0,1.0,9278,
5802,244736,-4.0,0.0,0.0,0,,,1.0,9278,
5803,244800,-6.0,0.0,1.96,1,0.0,1.0,1.0,9281,
5804,244800,-2.2,0.0,7.14,1,0.0,0.0,1.0,9281,
5805,244800,-5.0,0.0,0.0,0,,,1.0,9281,
5806,244800,-2.9,0.0,4.76,1,0.0,0.0,1.0,9281,
5807,244864,-9.0,0.0,7.84,4,0.25,1.0,1.0,9282,
5808,244864,-3.3,0.0,4.0,1,0.0,0.0,1.0,9282,
5809,244928,-5.6,0.0,2.08,1,0.0,0.0,1.0,9283,
5810,244928,-5.0,0.0,0.0,0,,,1.0,9283,
5811,244992,-5.0,0.0,0.0,0,,,1.0,9284,
5812,244992,-5.0,0.0,1.96,1,0.0,1.0,1.0,9284,
5813,244992,-4.3,0.0,2.22,1,0.0,0.0,1.0,9284,
5814,245120,-3.3,0.0,4.0,1,0.0,0.0,1.0,9286,
5815,245184,-1.6,0.0,12.5,1,0.0,0.0,1.0,9288,
5816,245248,-5.0,0.0,0.0,0,,,1.0,9289,
5817,245376,-5.0,0.0,0.0,0,,,1.0,9291,
5818,245376,-5.5,0.0,2.13,1,0.0,0.0,1.0,9291,
5819,245440,-6.0,0.0,1.96,1,0.0,1.0,1.0,9292,
5820,245440,-3.8,0.0,3.33,1,0.0,0.0,1.0,9292,
5821,245440,8.5,1.0,12.5,2,1.0,1.0,1.0,9292,
5822,245504,-5.0,0.0,0.0,0,,,1.0,9293,
5823,245504,-5.7,0.0,2.04,1,0.0,0.0,1.0,9293,
5824,245504,-4.0,0.0,0.0,0,,,1.0,9293,
5825,245568,-5.0,0.0,1.96,1,0.0,1.0,1.0,9295,
5826,245568,-2.3,0.0,6.67,1,0.0,0.0,1.0,9295,
5827,245632,-5.0,0.0,2.38,1,0.0,0.0,1.0,9296,
5828,245696,-4.4,0.0,2.78,1,0.0,0.0,1.0,9299,
5829,245696,-5.9,0.0,1.96,1,0.0,0.0,1.0,9299,
5830,245696,-5.0,0.0,0.0,0,,,1.0,9299,
5831,245760,-5.0,0.0,0.0,0,,,1.0,9301,
5832,245824,-3.0,0.0,4.55,1,0.0,0.0,1.0,9305,
5833,245824,-2.1,0.0,7.69,1,0.0,0.0,1.0,9305,
5834,245824,-5.0,0.0,0.0,0,,,1.0,9305,
5835,245952,-5.0,0.0,0.0,0,,,1.0,9309,
5836,245952,-4.8,0.0,2.0,1,0.0,0.0,1.0,9309,
5837,245952,-5.0,0.0,0.0,0,,,1.0,9309,
5838,246208,-5.0,0.0,0.0,0,,,1.0,9313,
5839,246400,-3.1,0.0,15.38,2,0.0,0.5,1.0,9317,
5840,246400,9.6,1.0,6.67,1,0.0,1.0,1.0,9317,
5841,246464,-1.5,0.0,5.88,1,0.0,0.0,1.0,9318,
5842,246528,-7.0,0.0,5.88,3,0.0,1.0,1.0,9319,
5843,246592,-5.0,0.0,0.0,0,,,1.0,9319,
5844,246656,-5.0,0.0,0.0,0,,,1.0,9319,
5845,246656,-4.0,0.0,0.0,0,,,1.0,9319,
5846,246784,-4.7,0.0,2.56,1,0.0,0.0,1.0,9323,
5847,246912,-5.0,0.0,1.96,1,0.0,1.0,1.0,9325,
5848,246912,-4.9,0.0,2.44,1,0.0,0.0,1.0,9325,
5849,246912,-5.0,0.0,1.96,1,0.0,1.0,1.0,9325,
5850,246912,-5.0,0.0,0.0,0,,,1.0,9325,
5851,246912,-4.0,0.0,0.0,0,,,1.0,9325,
5852,246912,9.8,1.0,0.0,0,,,1.0,9325,
5853,246912,-6.0,0.0,3.92,2,0.5,1.0,1.0,9325,
5854,246976,-2.6,0.0,5.56,1,0.0,0.0,1.0,9328,
5855,247104,-3.9,0.0,3.23,1,0.0,0.0,1.0,9330,
5856,247168,-5.0,0.0,0.0,0,,,1.0,9332,
5857,247168,-2.6,0.0,3.57,1,0.0,0.0,1.0,9332,
5858,247232,-4.3,0.0,2.86,1,0.0,0.0,1.0,9333,
5859,247232,-6.0,0.0,1.96,1,0.0,1.0,1.0,9333,
5860,247232,9.6,1.0,40.0,2,0.0,1.0,1.0,9333,
5861,247360,-7.0,0.0,5.88,3,0.0,1.0,1.0,9334,
5862,247424,-6.0,0.0,1.96,1,0.0,1.0,1.0,9336,
5863,247424,-5.4,0.0,2.17,1,0.0,0.0,1.0,9336,
5864,247488,-4.0,0.0,0.0,0,,,1.0,9338,
5865,247552,-5.0,0.0,0.0,0,,,1.0,9338,
5866,247552,8.0,1.0,0.0,0,,,1.0,9338,
5867,247616,-7.0,0.0,3.92,2,0.0,1.0,1.0,9339,
5868,247680,-5.0,0.0,1.96,1,0.0,1.0,1.0,9340,
5869,247680,-5.0,0.0,0.0,0,,,1.0,9340,
5870,247680,-5.0,0.0,0.0,0,,,1.0,9340,
5871,247808,-7.0,0.0,3.92,2,0.0,1.0,1.0,9341,
5872,247808,6.8,1.0,6.06,2,0.0,1.0,1.0,9341,
5873,247808,-7.0,0.0,3.92,2,0.0,1.0,1.0,9341,
5874,247808,-6.0,0.0,1.96,1,0.0,1.0,1.0,9341,
5875,247808,-6.0,0.0,1.96,1,0.0,1.0,1.0,9341,
5876,247808,-5.0,0.0,0.0,0,,,1.0,9341,
5877,247808,-3.0,0.0,4.55,1,0.0,0.0,1.0,9341,
5878,247872,-5.0,0.0,2.38,1,0.0,0.0,1.0,9342,
5879,248000,-6.0,0.0,1.96,1,0.0,1.0,1.0,9342,
5880,248000,-5.0,0.0,0.0,0,,,1.0,9342,
5881,248064,-7.0,0.0,5.88,3,0.0,1.0,1.0,9342,
5882,248064,-5.0,0.0,0.0,0,,,1.0,9342,
5883,248064,-5.0,0.0,0.0,0,,,1.0,9342,
5884,248064,-4.0,0.0,0.0,0,,,1.0,9342,
5885,248128,10.6,1.0,20.0,1,1.0,1.0,1.0,9343,
5886,248128,-5.0,0.0,0.0,0,,,1.0,9343,
5887,248128,-5.0,0.0,0.0,0,,,1.0,9343,
5888,248192,-4.0,0.0,0.0,0,,,1.0,9344,
5889,248192,-4.3,0.0,2.86,1,0.0,0.0,1.0,9344,
5890,248256,-6.0,0.0,1.96,1,0.0,1.0,1.0,9346,
5891,248256,-2.3,0.0,4.0,1,0.0,0.0,1.0,9346,
5892,248320,-3.7,0.0,3.45,1,0.0,0.0,1.0,9351,
5893,248384,-2.3,0.0,6.67,1,0.0,0.0,1.0,9352,
5894,248512,-2.8,0.0,5.0,1,0.0,0.0,1.0,9354,
5895,248512,-4.0,0.0,0.0,0,,,1.0,9354,
5896,248704,-5.0,0.0,1.96,1,1.0,1.0,1.0,9355,
5897,248768,-4.0,0.0,0.0,0,,,1.0,9357,
5898,248768,-6.0,0.0,1.96,1,0.0,1.0,1.0,9357,
5899,248768,-2.3,0.0,4.0,1,0.0,0.0,1.0,9357,
5900,248768,-5.5,0.0,2.13,1,0.0,0.0,1.0,9357,
5901,248768,-6.0,0.0,1.96,1,0.0,1.0,1.0,9357,
5902,248832,-4.0,0.0,0.0,0,,,1.0,9358,
5903,248896,-5.0,0.0,0.0,0,,,1.0,9358,
5904,248960,-6.0,0.0,3.92,2,0.0,1.0,1.0,9358,
5905,248960,-5.0,0.0,0.0,0,,,1.0,9358,
5906,249024,-5.8,0.0,4.0,2,0.0,0.5,1.0,9359,
5907,249088,11.6,1.0,0.0,0,,,1.0,9360,
5908,249088,-5.0,0.0,0.0,0,,,1.0,9360,
5909,249088,-4.0,0.0,2.38,1,0.0,0.0,1.0,9360,
5910,249216,-5.0,0.0,0.0,0,,,1.0,9360,
5911,249216,-5.0,0.0,0.0,0,,,1.0,9360,
5912,249408,-1.2,0.0,7.14,1,0.0,0.0,1.0,9365,
5913,249472,-5.0,0.0,0.0,0,,,1.0,9365,
5914,249536,-3.2,0.0,4.17,1,0.0,0.0,1.0,9369,
5915,249536,-2.0,0.0,4.55,1,0.0,0.0,1.0,9369,
5916,249664,-4.3,0.0,8.0,2,0.0,0.5,1.0,9371,
5917,249792,-3.9,0.0,3.23,1,0.0,0.0,1.0,9372,
5918,249792,9.8,1.0,7.69,1,1.0,1.0,1.0,9372,
5919,249792,-5.0,0.0,0.0,0,,,1.0,9372,
5920,249856,-3.5,0.0,3.7,1,0.0,0.0,1.0,9374,
5921,249856,-5.0,0.0,0.0,0,,,1.0,9374,
5922,249856,9.4,1.0,5.88,1,0.0,1.0,1.0,9374,
5923,249920,-5.5,0.0,2.13,1,0.0,0.0,1.0,9376,
5924,249920,-2.5,0.0,5.88,1,0.0,0.0,1.0,9376,
5925,249920,-5.0,0.0,0.0,0,,,1.0,9376,
5926,250048,-5.0,0.0,1.96,1,0.0,1.0,1.0,9378,
5927,250112,-2.8,0.0,3.33,1,0.0,0.0,1.0,9381,
5928,250176,-5.0,0.0,0.0,0,,,1.0,9383,
5929,250176,-5.0,0.0,0.0,0,,,1.0,9383,
5930,250176,-5.0,0.0,0.0,0,,,1.0,9383,
5931,250176,-5.0,0.0,2.38,1,0.0,0.0,1.0,9383,
5932,250176,-5.0,0.0,0.0,0,,,1.0,9383,
5933,250176,-5.0,0.0,0.0,0,,,1.0,9383,
5934,250240,-7.0,0.0,3.92,2,0.0,1.0,1.0,9383,
5935,250304,-6.3,0.0,4.44,2,0.0,0.5,1.0,9384,
5936,250368,-5.0,0.0,0.0,0,,,1.0,9387,
5937,250368,-4.1,0.0,3.03,1,0.0,0.0,1.0,9387,
5938,250368,-3.3,0.0,8.0,2,0.0,0.5,1.0,9387,
5939,250432,-3.9,0.0,9.52,2,0.0,0.5,1.0,9389,
5940,250432,-5.8,0.0,2.0,1,0.0,0.0,1.0,9389,
5941,250432,-6.0,0.0,1.96,1,0.0,1.0,1.0,9389,
5942,250496,-5.0,0.0,0.0,0,,,1.0,9391,
5943,250496,-5.2,0.0,4.55,2,0.0,0.5,1.0,9391,
5944,250496,-3.3,0.0,4.0,1,0.0,0.0,1.0,9391,
5945,250560,-3.6,0.0,3.57,1,0.0,0.0,1.0,9393,
5946,250624,-5.0,0.0,0.0,0,,,1.0,9395,
5947,250816,-5.0,0.0,0.0,0,,,1.0,9397,
5948,250816,-5.2,0.0,2.27,1,0.0,0.0,1.0,9397,
5949,250816,-5.0,0.0,0.0,0,,,1.0,9397,
5950,250880,-5.5,0.0,2.13,1,0.0,0.0,1.0,9400,
5951,250880,-5.0,0.0,0.0,0,,,1.0,9400,
5952,250880,-4.8,0.0,2.0,1,0.0,0.0,1.0,9400,
5953,250944,-4.0,0.0,0.0,0,,,1.0,9402,
5954,250944,-1.4,0.0,6.25,1,0.0,0.0,1.0,9402,
5955,250944,-5.2,0.0,2.27,1,0.0,0.0,1.0,9402,
5956,251072,-6.0,0.0,1.96,1,0.0,1.0,1.0,9403,
5957,251072,-6.0,0.0,1.96,1,0.0,1.0,1.0,9403,
5958,251072,-6.5,0.0,4.26,2,0.0,0.5,1.0,9403,
5959,251072,-4.0,0.0,0.0,0,,,1.0,9403,
5960,251072,-5.0,0.0,0.0,0,,,1.0,9403,
5961,251072,-5.0,0.0,0.0,0,,,1.0,9403,
5962,251200,-2.4,0.0,6.25,1,0.0,0.0,1.0,9405,
5963,251264,-6.8,0.0,6.0,3,0.0,0.6667,1.0,9408,
5964,251264,-5.1,0.0,2.33,1,0.0,0.0,1.0,9408,
5965,251328,6.4,1.0,2.13,1,0.0,1.0,1.0,9408,
5966,251328,-6.0,0.0,1.96,1,0.0,1.0,1.0,9408,
5967,251456,-6.0,0.0,3.92,2,0.0,1.0,1.0,9410,
5968,251456,-2.2,0.0,7.14,1,0.0,0.0,1.0,9410,
5969,251456,-3.3,0.0,2.86,1,0.0,0.0,1.0,9410,
5970,251520,-4.0,0.0,0.0,0,,,1.0,9411,
5971,251520,-2.5,0.0,5.88,1,0.0,0.0,1.0,9411,
5972,251584,-4.2,0.0,2.94,1,0.0,0.0,1.0,9415,
5973,251584,-2.6,0.0,5.56,1,0.0,0.0,1.0,9415,
5974,251584,-0.6,0.0,12.5,1,0.0,0.0,1.0,9415,
5975,251584,-3.8,0.0,6.67,2,0.5,0.5,1.0,9415,
5976,251648,-6.0,0.0,3.92,2,0.5,1.0,1.0,9416,
5977,251648,-4.9,0.0,2.44,1,0.0,0.0,1.0,9416,
5978,251712,-4.9,0.0,2.44,1,0.0,0.0,1.0,9417,
5979,251776,10.3,1.0,0.0,0,,,1.0,9418,
5980,251840,-3.1,0.0,4.35,1,0.0,0.0,1.0,9419,
5981,251968,-5.0,0.0,0.0,0,,,1.0,9420,
5982,252032,-4.0,0.0,0.0,0,,,1.0,9423,
5983,252224,-7.0,0.0,3.92,2,0.0,1.0,1.0,9424,
5984,252288,-2.9,0.0,4.76,1,0.0,0.0,1.0,9425,
5985,252352,-3.1,0.0,4.35,1,0.0,0.0,1.0,9428,
5986,252352,-5.0,0.0,0.0,0,,,1.0,9428,
5987,252416,-3.2,0.0,4.17,1,0.0,0.0,1.0,9429,
5988,252480,-4.2,0.0,2.94,1,0.0,0.0,1.0,9430,
5989,252480,-5.0,0.0,1.96,1,0.0,1.0,1.0,9430,
5990,252608,-2.5,0.0,11.76,2,0.0,0.5,1.0,9432,
5991,252672,-4.4,0.0,2.78,1,0.0,0.0,1.0,9434,
5992,252736,-6.0,0.0,1.96,1,0.0,1.0,1.0,9434,
5993,252800,-5.0,0.0,0.0,0,,,1.0,9434,
5994,252800,-5.0,0.0,0.0,0,,,1.0,9434,
5995,252864,11.4,1.0,0.0,0,,,1.0,9436,
5996,252864,-2.6,0.0,5.56,1,0.0,0.0,1.0,9436,
5997,252928,-4.6,0.0,2.63,1,0.0,0.0,1.0,9437,
5998,252992,8.9,1.0,4.55,1,0.0,1.0,1.0,9439,
5999,253056,-6.0,0.0,1.96,1,0.0,1.0,1.0,9442,
6000,253056,-4.3,0.0,2.86,1,0.0,0.0,1.0,9442,
6001,253056,-5.0,0.0,0.0,0,,,1.0,9442,
6002,253056,-7.0,0.0,3.92,2,0.0,1.0,1.0,9442,
6003,253120,-4.0,0.0,0.0,0,,,1.0,9442,
6004,253120,-5.0,0.0,0.0,0,,,1.0,9442,
6005,253120,-6.0,0.0,3.92,2,0.0,1.0,1.0,9442,
6006,253184,-4.0,0.0,0.0,0,,,1.0,9443,
6007,253184,-4.5,0.0,2.13,1,0.0,0.0,1.0,9443,
6008,253184,-5.0,0.0,0.0,0,,,1.0,9443,
6009,253312,-5.0,0.0,0.0,0,,,1.0,9443,
6010,253376,-6.0,0.0,1.96,1,0.0,1.0,1.0,9443,
6011,253440,-4.4,0.0,7.69,2,0.0,0.5,1.0,9444,
6012,253440,-5.0,0.0,0.0,0,,,1.0,9444,
6013,253440,-5.0,0.0,1.96,1,0.0,1.0,1.0,9444,
6014,253440,-5.0,0.0,0.0,0,,,1.0,9444,
6015,253440,9.6,1.0,6.67,1,0.0,1.0,1.0,9444,
6016,253440,-6.0,0.0,3.92,2,0.5,1.0,1.0,9444,
6017,253504,-3.8,0.0,3.33,1,0.0,0.0,1.0,9445,
6018,253504,-5.0,0.0,0.0,0,,,1.0,9445,
6019,253568,-4.3,0.0,2.86,1,0.0,0.0,1.0,9448,
6020,253632,-5.0,0.0,0.0,0,,,1.0,9448,
6021,253696,-5.0,0.0,0.0,0,,,1.0,9448,
6022,253760,-5.0,0.0,0.0,0,,,1.0,9451,
6023,253760,-6.0,0.0,3.92,2,0.0,1.0,1.0,9451,
6024,253760,-1.0,0.0,8.33,1,0.0,0.0,1.0,9451,
6025,253760,-4.8,0.0,2.5,1,0.0,0.0,1.0,9451,
6026,253824,11.3,1.0,0.0,0,,,1.0,9451,
6027,254080,-5.0,0.0,0.0,0,,,1.0,9454,
6028,254080,-3.9,0.0,2.44,1,0.0,0.0,1.0,9454,
6029,254080,-4.3,0.0,2.86,1,0.0,0.0,1.0,9454,
6030,254080,-3.7,0.0,3.45,1,0.0,0.0,1.0,9454,
6031,254080,-5.0,0.0,0.0,0,,,1.0,9454,
6032,254144,-2.9,0.0,4.76,1,0.0,0.0,1.0,9455,
6033,254144,-4.0,0.0,0.0,0,,,1.0,9455,
6034,254144,7.6,1.0,0.0,0,,,1.0,9455,
6035,254208,-5.0,0.0,0.0,0,,,1.0,9455,
6036,254208,8.7,1.0,0.0,0,,,1.0,9455,
6037,254208,-4.0,0.0,0.0,0,,,1.0,9455,
6038,254272,-5.2,0.0,2.27,1,0.0,0.0,1.0,9459,
6039,254336,-5.0,0.0,0.0,0,,,1.0,9461,
6040,254336,-5.0,0.0,1.96,1,0.0,1.0,1.0,9461,
6041,254336,-4.0,0.0,0.0,0,,,1.0,9461,
6042,254336,-4.0,0.0,0.0,0,,,1.0,9461,
6043,254336,-6.0,0.0,1.96,1,0.0,1.0,1.0,9461,
6044,254464,-2.9,0.0,3.23,1,0.0,0.0,1.0,9466,
6045,254464,-5.3,0.0,4.44,2,0.0,0.5,1.0,9466,
6046,254528,-5.0,0.0,0.0,0,,,1.0,9468,
6047,254528,8.6,1.0,13.33,2,0.0,1.0,1.0,9468,
6048,254528,-5.4,0.0,2.17,1,0.0,0.0,1.0,9468,
6049,254592,-4.3,0.0,2.86,1,0.0,0.0,1.0,9470,
6050,254592,-4.0,0.0,0.0,0,,,1.0,9470,
6051,254656,9.6,1.0,6.67,1,0.0,1.0,1.0,9470,
6052,254720,-7.0,0.0,3.92,2,0.0,1.0,1.0,9472,
6053,254784,-5.0,0.0,0.0,0,,,1.0,9474,
6054,254912,-5.0,0.0,1.96,1,0.0,1.0,1.0,9476,
6055,254912,-2.9,0.0,18.18,2,0.0,0.5,1.0,9476,
6056,254912,-7.0,0.0,3.92,2,0.0,1.0,1.0,9476,
6057,255168,-2.5,0.0,3.7,1,0.0,0.0,1.0,9483,
6058,255168,-3.5,0.0,3.7,1,0.0,0.0,1.0,9483,
6059,255168,-4.1,0.0,3.03,1,0.0,0.0,1.0,9483,
6060,255232,-5.0,0.0,0.0,0,,,1.0,9484,
6061,255296,-2.5,0.0,5.88,1,0.0,0.0,1.0,9487,
6062,255296,-2.4,0.0,6.25,1,0.0,0.0,1.0,9487,
6063,255360,-2.1,0.0,7.69,1,0.0,0.0,1.0,9488,
6064,255488,9.9,1.0,8.33,1,0.0,1.0,1.0,9491,
6065,255552,-5.0,0.0,0.0,0,,,1.0,9491,
6066,255616,-6.0,0.0,1.96,1,0.0,1.0,1.0,9494,
6067,255744,-2.1,0.0,7.69,1,0.0,0.0,1.0,9496,
6068,255808,-4.0,0.0,3.12,1,0.0,0.0,1.0,9497,
6069,255872,-4.0,0.0,3.12,1,0.0,0.0,1.0,9498,
6070,255872,-5.0,0.0,0.0,0,,,1.0,9498,
6071,255936,-5.0,0.0,0.0,0,,,1.0,9498,
6072,256000,-5.0,0.0,0.0,0,,,1.0,9499,
6073,256000,-5.4,0.0,2.17,1,0.0,0.0,1.0,9499,
6074,256064,-4.0,0.0,0.0,0,,,1.0,9499,
6075,256128,-6.0,0.0,1.96,1,0.0,1.0,1.0,9500,
6076,256128,-6.0,0.0,1.96,1,0.0,1.0,1.0,9500,
6077,256192,-3.1,0.0,3.03,1,0.0,0.0,1.0,9501,
6078,256192,8.2,1.0,3.45,1,0.0,1.0,1.0,9501,
6079,256192,-5.0,0.0,0.0,0,,,1.0,9501,
6080,256256,-3.7,0.0,2.56,1,0.0,0.0,1.0,9503,
6081,256256,-5.2,0.0,5.88,2,0.0,0.5,1.0,9503,
6082,256320,-6.0,0.0,3.92,2,0.0,1.0,1.0,9503,
6083,256320,-5.0,0.0,0.0,0,,,1.0,9503,
6084,256384,-5.0,0.0,0.0,0,,,1.0,9504,
6085,256384,-5.0,0.0,0.0,0,,,1.0,9504,
6086,256384,-4.0,0.0,0.0,0,,,1.0,9504,
6087,256448,-7.0,0.0,5.88,3,0.0,1.0,1.0,9505,
6088,256448,-5.0,0.0,0.0,0,,,1.0,9505,
6089,256448,-5.0,0.0,1.96,1,0.0,1.0,1.0,9505,
6090,256640,-5.0,0.0,0.0,0,,,1.0,9506,
6091,256704,-8.0,0.0,5.88,3,0.0,1.0,1.0,9508,
6092,256704,-5.0,0.0,0.0,0,,,1.0,9508,
6093,256704,-5.0,0.0,1.96,1,0.0,1.0,1.0,9508,
6094,256704,-4.0,0.0,0.0,0,,,1.0,9508,
6095,256704,-5.1,0.0,6.06,2,0.0,0.5,1.0,9508,
6096,256768,-4.0,0.0,0.0,0,,,1.0,9509,
6097,256768,-5.0,0.0,1.96,1,0.0,1.0,1.0,9509,
6098,256832,-5.0,0.0,2.38,1,0.0,0.0,1.0,9511,
6099,256896,-5.0,0.0,0.0,0,,,1.0,9513,
6100,257024,-7.0,0.0,7.14,3,0.0,0.6667,1.0,9518,
6101,257024,-5.0,0.0,0.0,0,,,1.0,9518,
6102,257024,-5.0,0.0,2.38,1,0.0,0.0,1.0,9518,
6103,257024,-5.0,0.0,0.0,0,,,1.0,9518,
6104,257024,-1.4,0.0,6.25,1,0.0,0.0,1.0,9518,
6105,257088,-2.3,0.0,6.67,1,0.0,0.0,1.0,9520,
6106,257152,-7.6,0.0,6.25,3,0.0,0.6667,1.0,9522,
6107,257344,-5.0,0.0,0.0,0,,,1.0,9523,
6108,257344,-5.0,0.0,0.0,0,,,1.0,9523,
6109,257408,-3.1,0.0,4.35,1,0.0,0.0,1.0,9524,
6110,257408,-5.0,0.0,1.96,1,0.0,1.0,1.0,9524,
6111,257408,-5.0,0.0,0.0,0,,,1.0,9524,
6112,257472,-5.0,0.0,0.0,0,,,1.0,9528,
6113,257472,-1.8,0.0,5.0,1,0.0,0.0,1.0,9528,
6114,257600,-5.0,0.0,1.96,1,0.0,1.0,1.0,9529,
6115,257600,-5.0,0.0,1.96,1,0.0,1.0,1.0,9529,
6116,257728,-5.0,0.0,0.0,0,,,1.0,9532,
6117,257728,-5.0,0.0,0.0,0,,,1.0,9532,
6118,257792,-6.0,0.0,3.92,2,0.0,1.0,1.0,9533,
6119,257792,-5.0,0.0,0.0,0,,,1.0,9533,
6120,257856,8.3,1.0,11.11,2,0.0,1.0,1.0,9533,
6121,257856,-5.0,0.0,0.0,0,,,1.0,9533,
6122,257920,-5.0,0.0,0.0,0,,,1.0,9533,
6123,258048,-5.0,0.0,0.0,0,,,1.0,9533,
6124,258176,-5.0,0.0,1.96,1,0.0,1.0,1.0,9535,
6125,258176,-4.0,0.0,0.0,0,,,1.0,9535,
6126,258368,-3.5,0.0,2.7,1,0.0,0.0,1.0,9539,
6127,258368,-4.0,0.0,3.12,1,0.0,0.0,1.0,9539,
6128,258368,-2.4,0.0,3.85,1,0.0,0.0,1.0,9539,
6129,258432,-4.0,0.0,0.0,0,,,1.0,9540,
6130,258432,-3.5,0.0,2.7,1,0.0,0.0,1.0,9540,
6131,258432,-5.0,0.0,0.0,0,,,1.0,9540,
6132,258432,-5.0,0.0,0.0,0,,,1.0,9540,
6133,258496,-4.0,0.0,0.0,0,,,1.0,9542,
6134,258496,-7.5,0.0,6.38,3,0.0,0.6667,1.0,9542,
6135,258560,-5.0,0.0,0.0,0,,,1.0,9543,
6136,258560,-5.4,0.0,2.17,1,0.0,0.0,1.0,9543,
6137,258560,-5.0,0.0,0.0,0,,,1.0,9543,
6138,258624,-3.3,0.0,4.0,1,0.0,0.0,1.0,9545,
6139,258624,-9.0,0.0,9.8,5,0.0,1.0,1.0,9545,
6140,258624,-2.8,0.0,5.0,1,0.0,0.0,1.0,9545,
6141,258688,6.7,1.0,2.27,1,0.0,1.0,1.0,9545,
6142,258752,-1.9,0.0,4.76,1,0.0,0.0,1.0,9547,
6143,258816,-3.5,0.0,2.7,1,0.0,0.0,1.0,9550,
6144,258816,-6.0,0.0,1.96,1,0.0,1.0,1.0,9550,
6145,258816,-5.1,0.0,9.09,3,0.0,0.6667,1.0,9550,
6146,258880,-1.3,0.0,20.0,1,0.0,0.0,1.0,9551,
6147,259008,-5.0,0.0,0.0,0,,,1.0,9552,
6148,259072,-3.4,0.0,3.85,1,0.0,0.0,1.0,9554,
6149,259072,-1.6,0.0,12.5,1,0.0,0.0,1.0,9554,
6150,259072,9.5,1.0,6.25,1,0.0,1.0,1.0,9554,
6151,259072,-5.0,0.0,0.0,0,,,1.0,9554,
6152,259136,-5.0,0.0,0.0,0,,,1.0,9554,
6153,259200,-4.6,0.0,7.14,2,0.0,0.5,1.0,9555,
6154,259264,-5.1,0.0,9.09,3,0.0,0.6667,1.0,9556,
6155,259392,-5.0,0.0,0.0,0,,,1.0,9556,
6156,259456,-5.9,0.0,1.96,1,0.0,0.0,1.0,9558,
6157,259456,-5.0,0.0,0.0,0,,,1.0,9558,
6158,259520,-5.0,0.0,0.0,0,,,1.0,9559,
6159,259520,-5.0,0.0,0.0,0,,,1.0,9559,
6160,259584,-5.0,0.0,0.0,0,,,1.0,9561,
6161,259648,-5.0,0.0,0.0,0,,,1.0,9563,
6162,259648,-6.0,0.0,3.92,2,0.0,1.0,1.0,9563,
6163,259648,-2.7,0.0,5.26,1,0.0,0.0,1.0,9563,
6164,259648,-2.5,0.0,3.7,1,0.0,0.0,1.0,9563,
6165,259648,-6.0,0.0,1.96,1,0.0,1.0,1.0,9563,
6166,259712,-4.0,0.0,0.0,0,,,1.0,9563,
6167,259712,-5.0,0.0,0.0,0,,,1.0,9563,
6168,259904,-6.0,0.0,1.96,1,0.0,1.0,1.0,9565,
6169,259968,-5.0,0.0,0.0,0,,,1.0,9566,
6170,259968,9.7,1.0,7.14,1,0.0,1.0,1.0,9566,
6171,259968,-5.0,0.0,0.0,0,,,1.0,9566,
6172,259968,-1.9,0.0,9.09,1,0.0,0.0,1.0,9566,
6173,260032,-5.0,0.0,0.0,0,,,1.0,9567,
6174,260032,-4.0,0.0,0.0,0,,,1.0,9567,
6175,260096,-6.0,0.0,1.96,1,0.0,1.0,1.0,9568,
6176,260160,-5.0,0.0,1.96,1,0.0,1.0,1.0,9569,
6177,260160,-3.4,0.0,3.85,1,0.0,0.0,1.0,9569,
6178,260288,-5.0,0.0,0.0,0,,,1.0,9576,
6179,260288,-5.0,0.0,0.0,0,,,1.0,9576,
6180,260288,-3.7,0.0,3.45,1,0.0,0.0,1.0,9576,
6181,260288,-5.0,0.0,0.0,0,,,1.0,9576,
6182,260288,-4.0,0.0,0.0,0,,,1.0,9576,
6183,260352,-4.0,0.0,0.0,0,,,1.0,9577,
6184,260416,-2.9,0.0,4.76,1,0.0,0.0,1.0,9578,
6185,260544,-5.2,0.0,2.27,1,0.0,0.0,1.0,9582,
6186,260608,-4.0,0.0,0.0,0,,,1.0,9582,
6187,260736,-5.0,0.0,0.0,0,,,1.0,9585,
6188,260736,-5.3,0.0,2.22,1,0.0,0.0,1.0,9585,
6189,260736,-5.0,0.0,0.0,0,,,1.0,9585,
6190,260800,-4.4,0.0,2.17,1,0.0,0.0,1.0,9586,
6191,260864,-4.3,0.0,2.86,1,0.0,0.0,1.0,9589,
6192,260864,-4.0,0.0,0.0,0,,,1.0,9589,
6193,260864,-5.0,0.0,1.96,1,0.0,1.0,1.0,9589,
6194,260864,-3.6,0.0,3.57,1,0.0,0.0,1.0,9589,
6195,260928,8.7,1.0,14.29,2,0.5,1.0,1.0,9592,
6196,260992,-5.0,0.0,0.0,0,,,1.0,9593,
6197,260992,-4.2,0.0,2.94,1,0.0,0.0,1.0,9593,
6198,261056,-4.0,0.0,0.0,0,,,1.0,9594,
6199,261056,-5.0,0.0,0.0,0,,,1.0,9594,
6200,261312,8.2,1.0,3.45,1,1.0,1.0,1.0,9600,
6201,261312,8.9,1.0,4.55,1,1.0,1.0,1.0,9600,
6202,261440,-6.0,0.0,1.96,1,0.0,1.0,1.0,9604,
6203,261440,-7.0,0.0,3.92,2,0.0,1.0,1.0,9604,
6204,261440,-6.0,0.0,9.38,3,0.0,0.6667,1.0,9604,
6205,261632,-4.0,0.0,0.0,0,,,1.0,9607,
6206,261632,6.1,1.0,10.0,3,0.0,1.0,1.0,9607,
6207,261632,-5.0,0.0,0.0,0,,,1.0,9607,
6208,261632,-5.0,0.0,0.0,0,,,1.0,9607,
6209,261696,-5.0,0.0,0.0,0,,,1.0,9608,
6210,261696,-4.2,0.0,2.94,1,0.0,0.0,1.0,9608,
6211,261696,-6.0,0.0,1.96,1,0.0,1.0,1.0,9608,
6212,261760,-4.0,0.0,2.38,1,0.0,0.0,1.0,9610,
6213,261760,-5.0,0.0,0.0,0,,,1.0,9610,
6214,261760,8.0,1.0,9.52,2,0.0,1.0,1.0,9610,
6215,261760,3.8,1.0,15.15,5,0.2,1.0,1.0,9610,
6216,261824,-4.8,0.0,2.0,1,0.0,0.0,1.0,9611,
6217,261824,-4.0,0.0,0.0,0,,,1.0,9611,
6218,261888,-5.0,0.0,0.0,0,,,1.0,9614,
6219,261888,-3.8,0.0,3.33,1,0.0,0.0,1.0,9614,
6220,261952,-6.0,0.0,1.96,1,0.0,1.0,1.0,9614,
6221,262016,-8.0,0.0,5.88,3,0.0,1.0,1.0,9615,
6222,262080,-2.7,0.0,5.26,1,0.0,0.0,1.0,9616,
6223,262080,-5.0,0.0,0.0,0,,,1.0,9616,
6224,262080,-5.0,0.0,0.0,0,,,1.0,9616,
6225,262080,9.7,1.0,0.0,0,,,1.0,9616,
6226,262144,-6.0,0.0,1.96,1,0.0,1.0,1.0,9617,
6227,262208,-3.8,0.0,3.33,1,0.0,0.0,1.0,9619,
6228,262272,-5.0,0.0,0.0,0,,,1.0,9622,
6229,262272,-2.0,0.0,4.55,1,0.0,0.0,1.0,9622,
6230,262336,9.5,1.0,6.25,1,0.0,1.0,1.0,9623,
6231,262400,-3.2,0.0,4.17,1,0.0,0.0,1.0,9626,
6232,262400,-5.0,0.0,0.0,0,,,1.0,9626,
6233,262400,7.9,1.0,9.09,2,0.5,1.0,1.0,9626,
6234,262400,4.6,1.0,6.67,3,0.0,1.0,1.0,9626,
6235,262464,-4.0,0.0,0.0,0,,,1.0,9626,
6236,262528,-4.3,0.0,5.71,2,0.0,0.5,1.0,9630,
6237,262528,-4.1,0.0,8.7,2,0.0,0.5,1.0,9630,
6238,262592,10.8,1.0,0.0,0,,,1.0,9631,
6239,262656,-4.7,0.0,2.56,1,0.0,0.0,1.0,9632,
6240,262720,-5.0,0.0,1.96,1,0.0,1.0,1.0,9632,
6241,262784,-2.0,0.0,8.33,1,0.0,0.0,1.0,9633,
6242,262848,-1.4,0.0,6.25,1,0.0,0.0,1.0,9635,
6243,262848,-5.0,0.0,0.0,0,,,1.0,9635,
6244,262912,-5.0,0.0,0.0,0,,,1.0,9636,
6245,262912,-5.0,0.0,0.0,0,,,1.0,9636,
6246,262912,-5.0,0.0,0.0,0,,,1.0,9636,
6247,262912,-5.0,0.0,0.0,0,,,1.0,9636,
6248,262912,9.2,1.0,5.26,1,1.0,1.0,1.0,9636,
6249,262976,6.7,1.0,5.88,2,0.0,1.0,1.0,9637,
6250,262976,-5.0,0.0,0.0,0,,,1.0,9637,
6251,262976,-2.2,0.0,4.17,1,0.0,0.0,1.0,9637,
6252,263168,-1.3,0.0,20.0,1,0.0,0.0,1.0,9642,
6253,263168,-5.7,0.0,4.08,2,0.0,0.5,1.0,9642,
6254,263232,-6.0,0.0,3.92,2,0.0,1.0,1.0,9645,
6255,263232,-4.4,0.0,2.17,1,0.0,0.0,1.0,9645,
6256,263232,-5.0,0.0,0.0,0,,,1.0,9645,
6257,263232,-2.5,0.0,5.88,1,0.0,0.0,1.0,9645,
6258,263232,-5.0,0.0,0.0,0,,,1.0,9645,
6259,263232,-3.8,0.0,3.33,1,0.0,0.0,1.0,9645,
6260,263296,-5.0,0.0,2.38,1,0.0,0.0,1.0,9647,
6261,263360,10.4,1.0,0.0,0,,,1.0,9648,
6262,263360,-4.0,0.0,0.0,0,,,1.0,9648,
6263,263424,-5.0,0.0,0.0,0,,,1.0,9649,
6264,263552,-5.0,0.0,0.0,0,,,1.0,9651,
6265,263552,-5.8,0.0,2.0,1,0.0,0.0,1.0,9651,
6266,263552,-4.0,0.0,0.0,0,,,1.0,9651,
6267,263680,-0.9,0.0,9.09,1,0.0,0.0,1.0,9654,
6268,263680,-3.1,0.0,4.35,1,0.0,0.0,1.0,9654,
6269,263744,-3.7,0.0,3.45,1,0.0,0.0,1.0,9655,
6270,263808,10.2,1.0,0.0,0,,,1.0,9657,
6271,263808,-3.5,0.0,3.7,1,0.0,0.0,1.0,9657,
6272,264000,-8.0,0.0,5.88,3,0.0,1.0,1.0,9659,
6273,264000,-5.0,0.0,0.0,0,,,1.0,9659,
6274,264000,-4.4,0.0,2.78,1,0.0,0.0,1.0,9659,
6275,264000,-6.0,0.0,3.92,2,0.0,1.0,1.0,9659,
6276,264064,11.0,1.0,0.0,0,,,1.0,9659,
6277,264128,-4.0,0.0,0.0,0,,,1.0,9660,
6278,264192,-5.0,0.0,0.0,0,,,1.0,9661,
6279,264192,-4.1,0.0,3.03,1,0.0,0.0,1.0,9661,
6280,264256,-2.8,0.0,5.0,1,0.0,0.0,1.0,9662,
6281,264256,-5.0,0.0,0.0,0,,,1.0,9662,
6282,264320,-4.5,0.0,2.7,1,0.0,0.0,1.0,9664,
6283,264320,-5.0,0.0,0.0,0,,,1.0,9664,
6284,264576,11.7,1.0,0.0,0,,,1.0,9664,
6285,264704,-6.0,0.0,1.96,1,0.0,1.0,1.0,9665,
6286,264704,-3.9,0.0,3.23,1,0.0,0.0,1.0,9665,
6287,264704,-5.0,0.0,0.0,0,,,1.0,9665,
6288,264768,8.7,1.0,4.17,1,0.0,1.0,1.0,9666,
6289,264768,-2.2,0.0,4.17,1,0.0,0.0,1.0,9666,
6290,264832,-5.4,0.0,4.35,2,0.0,0.5,1.0,9670,
6291,264832,-3.7,0.0,3.45,1,0.0,0.0,1.0,9670,
6292,264896,-7.0,0.0,3.92,2,0.0,1.0,1.0,9671,
6293,264896,-4.9,0.0,1.96,1,0.0,0.0,1.0,9671,
6294,264896,-5.0,0.0,0.0,0,,,1.0,9671,
6295,264896,-6.0,0.0,1.96,1,0.0,1.0,1.0,9671,
6296,264960,-4.0,0.0,3.12,1,0.0,0.0,1.0,9672,
6297,264960,-6.0,0.0,1.96,1,0.0,1.0,1.0,9672,
6298,265024,-6.0,0.0,1.96,1,0.0,1.0,1.0,9674,
6299,265024,-5.0,0.0,1.96,1,0.0,1.0,1.0,9674,
6300,265024,-7.0,0.0,5.88,3,0.0,1.0,1.0,9674,
6301,265024,-2.5,0.0,3.7,1,0.0,0.0,1.0,9674,
6302,265088,-4.2,0.0,2.27,1,0.0,0.0,1.0,9676,
6303,265088,-7.0,0.0,5.88,3,0.0,1.0,1.0,9676,
6304,265216,-1.7,0.0,5.26,1,0.0,0.0,1.0,9678,
6305,265280,-4.1,0.0,3.03,1,0.0,0.0,1.0,9680,
6306,265344,-6.0,0.0,1.96,1,0.0,1.0,1.0,9682,
6307,265344,6.5,1.0,2.17,1,0.0,1.0,1.0,9682,
6308,265344,-4.2,0.0,2.94,1,0.0,0.0,1.0,9682,
6309,265344,-4.0,0.0,0.0,0,,,1.0,9682,
6310,265344,8.4,1.0,11.76,2,0.5,1.0,1.0,9682,
6311,265408,-1.7,0.0,11.11,1,0.0,0.0,1.0,9684,
6312,265472,-6.9,0.0,9.76,4,0.0,0.75,1.0,9688,
6313,265472,-2.1,0.0,4.35,1,0.0,0.0,1.0,9688,
6314,265472,-2.8,0.0,5.0,1,0.0,0.0,1.0,9688,
6315,265600,-5.0,0.0,0.0,0,,,1.0,9688,
6316,265664,-5.0,0.0,0.0,0,,,1.0,9689,
6317,265664,-5.0,0.0,0.0,0,,,1.0,9689,
6318,265664,-5.0,0.0,0.0,0,,,1.0,9689,
6319,265728,-5.0,0.0,0.0,0,,,1.0,9690,
6320,265792,-2.1,0.0,7.69,1,0.0,0.0,1.0,9692,
6321,265792,-4.0,0.0,0.0,0,,,1.0,9692,
6322,265792,-6.0,0.0,1.96,1,0.0,1.0,1.0,9692,
6323,265792,9.4,1.0,5.88,1,0.0,1.0,1.0,9692,
6324,265856,-2.1,0.0,7.69,1,0.0,0.0,1.0,9693,
6325,265920,-5.0,0.0,0.0,0,,,1.0,9694,
6326,265984,-2.3,0.0,6.67,1,0.0,0.0,1.0,9696,
6327,266048,-5.0,0.0,0.0,0,,,1.0,9696,
6328,266176,-5.0,0.0,0.0,0,,,1.0,9697,
6329,266176,-5.0,0.0,0.0,0,,,1.0,9697,
6330,266176,-5.0,0.0,0.0,0,,,1.0,9697,
6331,266176,-7.0,0.0,3.92,2,0.0,1.0,1.0,9697,
6332,266304,9.7,1.0,0.0,0,,,1.0,9697,
6333,266368,-5.7,0.0,2.04,1,0.0,0.0,1.0,9700,
6334,266496,-5.0,0.0,0.0,0,,,1.0,9701,
6335,266496,-6.0,0.0,1.96,1,0.0,1.0,1.0,9701,
6336,266496,-6.0,0.0,1.96,1,0.0,1.0,1.0,9701,
6337,266624,-2.4,0.0,3.85,1,0.0,0.0,1.0,9704,
6338,266624,-5.0,0.0,0.0,0,,,1.0,9704,
6339,266688,-5.0,0.0,0.0,0,,,1.0,9705,
6340,266688,-5.5,0.0,2.13,1,0.0,0.0,1.0,9705,
6341,266752,-2.3,0.0,6.67,1,0.0,0.0,1.0,9706,
6342,266816,-6.0,0.0,3.92,2,0.0,1.0,1.0,9706,
6343,266816,-5.0,0.0,0.0,0,,,1.0,9706,
6344,266816,-5.0,0.0,0.0,0,,,1.0,9706,
6345,266944,-5.0,0.0,0.0,0,,,1.0,9706,
6346,267008,-5.0,0.0,0.0,0,,,1.0,9707,
6347,267072,-4.0,0.0,0.0,0,,,1.0,9707,
6348,267072,-5.0,0.0,0.0,0,,,1.0,9707,
6349,267136,-2.9,0.0,4.76,1,0.0,0.0,1.0,9710,
6350,267136,-2.9,0.0,4.76,1,0.0,0.0,1.0,9710,
6351,267264,-2.5,0.0,5.88,1,0.0,0.0,1.0,9711,
6352,267264,-5.0,0.0,0.0,0,,,1.0,9711,
6353,267264,-4.0,0.0,0.0,0,,,1.0,9711,
6354,267328,-4.0,0.0,0.0,0,,,1.0,9712,
6355,267328,-3.4,0.0,3.85,1,0.0,0.0,1.0,9712,
6356,267392,-4.0,0.0,0.0,0,,,1.0,9714,
6357,267456,-2.3,0.0,6.67,1,0.0,0.0,1.0,9715,
6358,267456,-5.0,0.0,0.0,0,,,1.0,9715,
6359,267520,-5.0,0.0,0.0,0,,,1.0,9717,
6360,267520,-3.2,0.0,2.94,1,0.0,0.0,1.0,9717,
6361,267584,-4.0,0.0,0.0,0,,,1.0,9717,
6362,267712,-3.4,0.0,3.85,1,0.0,0.0,1.0,9718,
6363,267840,-5.0,0.0,0.0,0,,,1.0,9719,
6364,267904,-3.8,0.0,3.33,1,0.0,0.0,1.0,9720,
6365,267968,-5.0,0.0,0.0,0,,,1.0,9723,
6366,267968,-5.0,0.0,1.96,1,0.0,1.0,1.0,9723,
6367,267968,-3.6,0.0,3.57,1,0.0,0.0,1.0,9723,
6368,267968,-4.1,0.0,3.03,1,0.0,0.0,1.0,9723,
6369,268032,-5.0,0.0,0.0,0,,,1.0,9723,
6370,268096,-5.0,0.0,1.96,1,0.0,1.0,1.0,9723,
6371,268160,-5.0,0.0,0.0,0,,,1.0,9723,
6372,268160,-7.0,0.0,3.92,2,0.0,1.0,1.0,9723,
6373,268160,-5.0,0.0,0.0,0,,,1.0,9723,
6374,268160,-6.0,0.0,1.96,1,0.0,1.0,1.0,9723,
6375,268224,6.1,1.0,5.0,2,0.5,1.0,1.0,9724,
6376,268288,-5.0,0.0,0.0,0,,,1.0,9725,
6377,268288,-2.3,0.0,6.67,1,0.0,0.0,1.0,9725,
6378,268288,-5.0,0.0,0.0,0,,,1.0,9725,
6379,268352,-5.0,0.0,0.0,0,,,1.0,9726,
6380,268352,-5.0,0.0,0.0,0,,,1.0,9726,
6381,268480,-5.0,0.0,0.0,0,,,1.0,9728,
6382,268480,-4.7,0.0,2.04,1,0.0,0.0,1.0,9728,
6383,268544,-5.0,0.0,0.0,0,,,1.0,9728,
6384,268608,-5.0,0.0,0.0,0,,,1.0,9728,
6385,268608,-5.0,0.0,0.0,0,,,1.0,9728,
6386,268608,-6.0,0.0,1.96,1,0.0,1.0,1.0,9728,
6387,268608,10.4,1.0,14.29,1,0.0,1.0,1.0,9728,
6388,268672,-6.0,0.0,1.96,1,0.0,1.0,1.0,9729,
6389,268736,-5.0,0.0,1.96,1,0.0,1.0,1.0,9729,
6390,268736,-6.0,0.0,1.96,1,0.0,1.0,1.0,9729,
6391,268736,-5.0,0.0,0.0,0,,,1.0,9729,
6392,268800,-4.1,0.0,3.03,1,0.0,0.0,1.0,9731,
6393,268864,-5.0,0.0,0.0,0,,,1.0,9733,
6394,268864,-3.8,0.0,3.33,1,0.0,0.0,1.0,9733,
6395,268928,-7.0,0.0,3.92,2,0.0,1.0,1.0,9736,
6396,268928,-3.2,0.0,2.94,1,0.0,0.0,1.0,9736,
6397,268992,-5.0,0.0,0.0,0,,,1.0,9736,
6398,269056,9.5,1.0,6.25,1,0.0,1.0,1.0,9737,
6399,269056,-4.0,0.0,0.0,0,,,1.0,9737,
6400,269120,-2.1,0.0,7.69,1,0.0,0.0,1.0,9738,
6401,269184,-5.5,0.0,2.13,1,0.0,0.0,1.0,9739,
6402,269184,-5.0,0.0,0.0,0,,,1.0,9739,
6403,269376,-3.8,0.0,2.5,1,0.0,0.0,1.0,9743,
6404,269376,-2.7,0.0,5.26,1,0.0,0.0,1.0,9743,
6405,269440,-2.7,0.0,10.53,2,0.0,0.5,1.0,9744,
6406,269440,-6.0,0.0,3.92,2,0.0,1.0,1.0,9744,
6407,269568,-5.0,0.0,0.0,0,,,1.0,9745,
6408,269568,7.5,1.0,2.78,1,0.0,1.0,1.0,9745,
6409,269632,-4.0,0.0,0.0,0,,,1.0,9745,
6410,269760,-5.0,0.0,0.0,0,,,1.0,9745,
6411,269760,-4.0,0.0,0.0,0,,,1.0,9745,
6412,269888,-5.0,0.0,0.0,0,,,1.0,9747,
6413,269888,-5.0,0.0,0.0,0,,,1.0,9747,
6414,269888,-1.6,0.0,12.5,1,0.0,0.0,1.0,9747,
6415,269952,-5.0,0.0,0.0,0,,,1.0,9748,
6416,270080,-5.0,0.0,1.96,1,1.0,1.0,1.0,9748,
6417,270080,-6.0,0.0,1.96,1,0.0,1.0,1.0,9748,
6418,270144,-5.0,0.0,2.38,1,0.0,0.0,1.0,9752,
6419,270144,-3.7,0.0,3.45,1,0.0,0.0,1.0,9752,
6420,270144,-4.2,0.0,2.94,1,0.0,0.0,1.0,9752,
6421,270272,-4.0,0.0,2.38,1,0.0,0.0,1.0,9755,
6422,270272,-4.0,0.0,0.0,0,,,1.0,9755,
6423,270336,-6.0,0.0,1.96,1,0.0,1.0,1.0,9757,
6424,270336,-5.0,0.0,0.0,0,,,1.0,9757,
6425,270400,-5.0,0.0,0.0,0,,,1.0,9759,
6426,270400,-5.0,0.0,0.0,0,,,1.0,9759,
6427,270400,6.3,1.0,10.71,3,0.0,1.0,1.0,9759,
6428,270528,-5.0,0.0,1.96,1,0.0,1.0,1.0,9760,
6429,270528,-5.0,0.0,0.0,0,,,1.0,9760,
6430,270592,-5.0,0.0,0.0,0,,,1.0,9761,
6431,270592,8.3,1.0,3.57,1,1.0,1.0,1.0,9761,
6432,270656,-5.0,0.0,0.0,0,,,1.0,9761,
6433,270720,-5.0,0.0,0.0,0,,,1.0,9761,
6434,270784,-2.9,0.0,4.76,1,0.0,0.0,1.0,9765,
6435,270784,-4.6,0.0,2.63,1,0.0,0.0,1.0,9765,
6436,270784,-5.0,0.0,0.0,0,,,1.0,9765,
6437,270784,-4.7,0.0,2.56,1,0.0,0.0,1.0,9765,
6438,270784,-6.0,0.0,1.96,1,0.0,1.0,1.0,9765,
6439,270848,-2.1,0.0,4.35,1,0.0,0.0,1.0,9766,
6440,270976,-3.3,0.0,2.86,1,0.0,0.0,1.0,9769,
6441,270976,-6.0,0.0,3.92,2,0.0,1.0,1.0,9769,
6442,271040,9.2,1.0,0.0,0,,,1.0,9769,
6443,271104,-5.0,0.0,0.0,0,,,1.0,9770,
6444,271104,-5.6,0.0,5.26,2,0.5,0.5,1.0,9770,
6445,271168,-5.9,0.0,1.96,1,0.0,0.0,1.0,9771,
6446,271232,11.0,1.0,0.0,0,,,1.0,9772,
6447,271232,-5.0,0.0,0.0,0,,,1.0,9772,
6448,271232,-5.0,0.0,0.0,0,,,1.0,9772,
6449,271232,-5.0,0.0,0.0,0,,,1.0,9772,
6450,271296,-2.6,0.0,5.56,1,0.0,0.0,1.0,9775,
6451,271360,-5.0,0.0,1.96,1,0.0,1.0,1.0,9776,
6452,271424,-1.5,0.0,5.88,1,0.0,0.0,1.0,9778,
6453,271424,-5.0,0.0,0.0,0,,,1.0,9778,
6454,271424,-2.4,0.0,6.25,1,0.0,0.0,1.0,9778,
6455,271424,-4.0,0.0,0.0,0,,,1.0,9778,
6456,271616,-4.0,0.0,0.0,0,,,1.0,9782,
6457,271616,-3.1,0.0,4.35,1,0.0,0.0,1.0,9782,
6458,271680,10.4,1.0,14.29,1,0.0,1.0,1.0,9782,
6459,271744,-5.0,0.0,0.0,0,,,1.0,9783,
6460,271744,-5.0,0.0,0.0,0,,,1.0,9783,
6461,271808,-6.0,0.0,1.96,1,0.0,1.0,1.0,9785,
6462,271808,-3.7,0.0,10.53,2,0.0,0.5,1.0,9785,
6463,271808,9.9,1.0,0.0,0,,,1.0,9785,
6464,271808,-1.5,0.0,5.88,1,0.0,0.0,1.0,9785,
6465,271872,-5.0,0.0,1.96,1,0.0,1.0,1.0,9785,
6466,271872,-6.0,0.0,1.96,1,1.0,1.0,1.0,9785,
6467,271872,-6.0,0.0,3.92,2,0.5,1.0,1.0,9785,
6468,271936,9.2,1.0,0.0,0,,,1.0,9786,
6469,271936,-5.4,0.0,2.17,1,0.0,0.0,1.0,9786,
6470,271936,10.8,1.0,0.0,0,,,1.0,9786,
6471,272000,-6.0,0.0,1.96,1,0.0,1.0,1.0,9788,
6472,272000,-6.0,0.0,1.96,1,0.0,1.0,1.0,9788,
6473,272064,-4.2,0.0,2.94,1,0.0,0.0,1.0,9789,
6474,272128,-5.0,0.0,1.96,1,0.0,1.0,1.0,9790,
6475,272128,-5.0,0.0,0.0,0,,,1.0,9790,
6476,272192,-6.0,0.0,1.96,1,0.0,1.0,1.0,9792,
6477,272192,-1.3,0.0,6.67,1,0.0,0.0,1.0,9792,
6478,272192,-6.0,0.0,1.96,1,0.0,1.0,1.0,9792,
6479,272320,-5.0,0.0,0.0,0,,,1.0,9792,
6480,272320,-5.0,0.0,0.0,0,,,1.0,9792,
6481,272384,-2.4,0.0,6.25,1,0.0,0.0,1.0,9796,
6482,272384,-4.7,0.0,2.56,1,0.0,0.0,1.0,9796,
6483,272384,-6.0,0.0,1.96,1,0.0,1.0,1.0,9796,
6484,272384,-2.5,0.0,28.57,2,0.0,0.5,1.0,9796,
6485,272448,-5.0,0.0,0.0,0,,,1.0,9797,
6486,272512,-4.4,0.0,2.17,1,0.0,0.0,1.0,9798,
6487,272576,-3.5,0.0,3.7,1,0.0,0.0,1.0,9800,
6488,272704,-4.0,0.0,0.0,0,,,1.0,9801,
6489,272768,-2.5,0.0,3.7,1,0.0,0.0,1.0,9804,
6490,272768,-2.3,0.0,6.67,1,0.0,0.0,1.0,9804,
6491,272768,-2.1,0.0,7.69,1,0.0,0.0,1.0,9804,
6492,272832,-4.3,0.0,2.86,1,0.0,0.0,1.0,9805,
6493,272832,-5.0,0.0,0.0,0,,,1.0,9805,
6494,272896,-3.4,0.0,3.85,1,0.0,0.0,1.0,9807,
6495,272896,-5.0,0.0,0.0,0,,,1.0,9807,
6496,273024,-6.0,0.0,1.96,1,0.0,1.0,1.0,9808,
6497,273024,-5.0,0.0,0.0,0,,,1.0,9808,
6498,273152,-5.0,0.0,0.0,0,,,1.0,9808,
6499,273216,-5.0,0.0,1.96,1,0.0,1.0,1.0,9809,
6500,273280,-3.7,0.0,2.56,1,0.0,0.0,1.0,9812,
6501,273280,-3.2,0.0,4.17,1,0.0,0.0,1.0,9812,
6502,273344,-6.0,0.0,1.96,1,0.0,1.0,1.0,9814,
6503,273344,-2.1,0.0,4.35,1,0.0,0.0,1.0,9814,
6504,273408,-3.3,0.0,4.0,1,0.0,0.0,1.0,9815,
6505,273408,-5.0,0.0,0.0,0,,,1.0,9815,
6506,273408,10.0,1.0,9.09,1,0.0,1.0,1.0,9815,
6507,273536,-7.0,0.0,3.92,2,0.0,1.0,1.0,9817,
6508,273536,-4.0,0.0,0.0,0,,,1.0,9817,
6509,273536,-4.6,0.0,7.14,2,0.0,0.5,1.0,9817,
6510,273600,9.1,1.0,0.0,0,,,1.0,9818,
6511,273600,-5.0,0.0,0.0,0,,,1.0,9818,
6512,273600,-2.0,0.0,8.33,1,0.0,0.0,1.0,9818,
6513,273664,-6.0,0.0,1.96,1,0.0,1.0,1.0,9821,
6514,273664,-2.8,0.0,5.0,1,0.0,0.0,1.0,9821,
6515,273664,-4.7,0.0,2.56,1,0.0,0.0,1.0,9821,
6516,273664,-4.3,0.0,2.86,1,0.0,0.0,1.0,9821,
6517,273792,-3.9,0.0,6.45,2,0.0,0.5,1.0,9822,
6518,273792,-5.0,0.0,0.0,0,,,1.0,9822,
6519,273920,-5.0,0.0,0.0,0,,,1.0,9825,
6520,273920,-3.8,0.0,3.33,1,0.0,0.0,1.0,9825,
6521,273984,-3.4,0.0,3.85,1,0.0,0.0,1.0,9827,
6522,274048,-6.0,0.0,1.96,1,0.0,1.0,1.0,9828,
6523,274048,-5.0,0.0,0.0,0,,,1.0,9828,
6524,274048,-5.0,0.0,0.0,0,,,1.0,9828,
6525,274048,-7.0,0.0,3.92,2,0.0,1.0,1.0,9828,
6526,274240,-5.0,0.0,0.0,0,,,1.0,9831,
6527,274240,-4.0,0.0,0.0,0,,,1.0,9831,
6528,274240,-4.0,0.0,3.12,1,0.0,0.0,1.0,9831,
6529,274240,-4.1,0.0,3.03,1,0.0,0.0,1.0,9831,
6530,274368,-5.0,0.0,0.0,0,,,1.0,9833,
6531,274368,-0.4,0.0,16.67,1,0.0,0.0,1.0,9833,
6532,274496,-5.8,0.0,4.0,2,0.0,0.5,1.0,9835,
6533,274496,-5.0,0.0,0.0,0,,,1.0,9835,
6534,274688,-6.0,0.0,1.96,1,0.0,1.0,1.0,9837,
6535,274688,-5.0,0.0,0.0,0,,,1.0,9837,
6536,274688,-4.0,0.0,0.0,0,,,1.0,9837,
6537,274816,-4.5,0.0,2.7,1,0.0,0.0,1.0,9840,
6538,274880,-1.9,0.0,4.76,1,0.0,0.0,1.0,9844,
6539,274880,-2.1,0.0,7.69,1,0.0,0.0,1.0,9844,
6540,274880,-5.0,0.0,0.0,0,,,1.0,9844,
6541,274880,-6.0,0.0,1.96,1,0.0,1.0,1.0,9844,
6542,274944,-3.8,0.0,3.33,1,0.0,0.0,1.0,9845,
6543,275008,-3.0,0.0,4.55,1,0.0,0.0,1.0,9847,
6544,275072,-5.0,0.0,0.0,0,,,1.0,9848,
6545,275072,-3.0,0.0,4.55,1,0.0,0.0,1.0,9848,
6546,275136,-5.0,0.0,0.0,0,,,1.0,9849,
6547,275136,-4.0,0.0,0.0,0,,,1.0,9849,
6548,275200,-5.0,0.0,0.0,0,,,1.0,9850,
6549,275200,9.6,1.0,6.67,1,0.0,1.0,1.0,9850,
6550,275264,-2.9,0.0,3.23,1,0.0,0.0,1.0,9852,
6551,275264,-8.0,0.0,5.88,3,0.0,1.0,1.0,9852,
6552,275264,-5.7,0.0,5.13,2,0.0,0.5,1.0,9852,
6553,275328,-5.0,0.0,0.0,0,,,1.0,9853,
6554,275392,-4.0,0.0,0.0,0,,,1.0,9853,
6555,275456,9.9,1.0,8.33,1,0.0,1.0,1.0,9855,
6556,275456,-6.0,0.0,1.96,1,0.0,1.0,1.0,9855,
6557,275456,-8.0,0.0,5.88,3,0.0,1.0,1.0,9855,
6558,275584,-4.2,0.0,2.94,1,0.0,0.0,1.0,9859,
6559,275584,-5.0,0.0,0.0,0,,,1.0,9859,
6560,275584,-3.8,0.0,3.33,1,0.0,0.0,1.0,9859,
6561,275648,-6.0,0.0,1.96,1,0.0,1.0,1.0,9860,
6562,275648,-5.0,0.0,0.0,0,,,1.0,9860,
6563,275648,-5.0,0.0,0.0,0,,,1.0,9860,
6564,275776,-2.2,0.0,14.29,2,0.5,0.5,1.0,9863,
6565,275776,-5.0,0.0,0.0,0,,,1.0,9863,
6566,275840,-5.0,0.0,1.96,1,0.0,1.0,1.0,9866,
6567,275840,-4.8,0.0,5.0,2,0.0,0.5,1.0,9866,
6568,275904,-2.1,0.0,7.69,1,0.0,0.0,1.0,9869,
6569,276032,-2.3,0.0,6.67,1,0.0,0.0,1.0,9873,
6570,276032,-6.0,0.0,1.96,1,0.0,1.0,1.0,9873,
6571,276032,-5.0,0.0,0.0,0,,,1.0,9873,
6572,276032,-5.5,0.0,8.11,3,0.3333,0.6667,1.0,9873,
6573,276096,-6.0,0.0,1.96,1,0.0,1.0,1.0,9877,
6574,276096,-2.5,0.0,5.88,1,0.0,0.0,1.0,9877,
6575,276160,-6.0,0.0,1.96,1,0.0,1.0,1.0,9878,
6576,276160,-5.0,0.0,1.96,1,0.0,1.0,1.0,9878,
6577,276224,-3.7,0.0,3.45,1,0.0,0.0,1.0,9881,
6578,276224,-5.3,0.0,2.22,1,0.0,0.0,1.0,9881,
6579,276224,7.0,1.0,14.29,3,0.0,1.0,1.0,9881,
6580,276288,-4.0,0.0,0.0,0,,,1.0,9882,
6581,276288,3.1,1.0,20.0,6,0.0,1.0,1.0,9882,
6582,276352,9.3,1.0,5.56,1,0.0,1.0,1.0,9882,
6583,276416,11.5,1.0,0.0,0,,,1.0,9882,
6584,276416,8.7,1.0,4.17,1,0.0,1.0,1.0,9882,
6585,276416,-4.0,0.0,0.0,0,,,1.0,9882,
6586,276480,-5.0,0.0,1.96,1,0.0,1.0,1.0,9886,
6587,276480,-4.8,0.0,2.5,1,0.0,0.0,1.0,9886,
6588,276608,-5.0,0.0,0.0,0,,,1.0,9888,
6589,276672,-5.0,0.0,0.0,0,,,1.0,9889,
6590,276672,-5.0,0.0,0.0,0,,,1.0,9889,
6591,276800,-4.0,0.0,0.0,0,,,1.0,9889,
6592,276800,-5.0,0.0,0.0,0,,,1.0,9889,
6593,276864,-5.0,0.0,0.0,0,,,1.0,9893,
6594,276864,-3.0,0.0,3.12,1,0.0,0.0,1.0,9893,
6595,276864,-1.0,0.0,8.33,1,0.0,0.0,1.0,9893,
6596,276864,-2.8,0.0,5.0,1,0.0,0.0,1.0,9893,
6597,276864,-5.0,0.0,1.96,1,0.0,1.0,1.0,9893,
6598,276928,-5.0,0.0,0.0,0,,,1.0,9894,
6599,276928,-5.7,0.0,2.04,1,0.0,0.0,1.0,9894,
6600,276992,-2.2,0.0,4.17,1,0.0,0.0,1.0,9895,
6601,277056,-1.8,0.0,10.0,1,0.0,0.0,1.0,9897,
6602,277056,-4.0,0.0,0.0,0,,,1.0,9897,
6603,277184,-5.0,0.0,0.0,0,,,1.0,9898,
6604,277248,-3.8,0.0,2.5,1,0.0,0.0,1.0,9900,
6605,277248,11.2,1.0,0.0,0,,,1.0,9900,
6606,277312,-3.7,0.0,3.45,1,0.0,0.0,1.0,9903,
6607,277312,-5.0,0.0,0.0,0,,,1.0,9903,
6608,277312,-5.0,0.0,0.0,0,,,1.0,9903,
6609,277312,8.9,1.0,0.0,0,,,1.0,9903,
6610,277312,-3.1,0.0,3.03,1,0.0,0.0,1.0,9903,
6611,277312,-8.0,0.0,5.88,3,0.0,1.0,1.0,9903,
6612,277376,-3.8,0.0,6.67,2,0.0,0.5,1.0,9904,
6613,277504,-5.0,0.0,1.96,1,0.0,1.0,1.0,9904,
6614,277504,-4.0,0.0,0.0,0,,,1.0,9904,
6615,277504,-5.0,0.0,0.0,0,,,1.0,9904,
6616,277632,-4.7,0.0,5.13,2,0.0,0.5,1.0,9907,
6617,277760,-5.0,0.0,0.0,0,,,1.0,9908,
6618,277760,-5.2,0.0,2.27,1,0.0,0.0,1.0,9908,
6619,277760,-5.0,0.0,0.0,0,,,1.0,9908,
6620,277952,-5.4,0.0,5.56,2,0.0,0.5,1.0,9909,
6621,277952,-5.0,0.0,0.0,0,,,1.0,9909,
6622,278080,-5.4,0.0,2.17,1,0.0,0.0,1.0,9913,
6623,278080,-2.8,0.0,5.0,1,0.0,0.0,1.0,9913,
6624,278080,-5.2,0.0,5.88,2,0.0,0.5,1.0,9913,
6625,278144,-5.0,0.0,0.0,0,,,1.0,9915,
6626,278144,-3.5,0.0,2.7,1,0.0,0.0,1.0,9915,
6627,278144,-3.1,0.0,4.35,1,0.0,0.0,1.0,9915,
6628,278336,-4.6,0.0,2.08,1,0.0,0.0,1.0,9916,
6629,278464,-5.3,0.0,4.44,2,0.0,0.5,1.0,9918,
6630,278528,-4.0,0.0,0.0,0,,,1.0,9919,
6631,278592,-4.0,0.0,0.0,0,,,1.0,9920,
6632,278592,8.4,1.0,3.7,1,1.0,1.0,1.0,9920,
6633,278656,-2.4,0.0,6.25,1,0.0,0.0,1.0,9922,
6634,278656,-5.0,0.0,0.0,0,,,1.0,9922,
6635,278848,-5.6,0.0,2.08,1,0.0,0.0,1.0,9925,
6636,278848,-5.0,0.0,0.0,0,,,1.0,9925,
6637,278912,-5.0,0.0,0.0,0,,,1.0,9926,
6638,278912,-7.0,0.0,3.92,2,0.0,1.0,1.0,9926,
6639,278912,-4.7,0.0,2.56,1,0.0,0.0,1.0,9926,
6640,278976,-3.4,0.0,3.85,1,0.0,0.0,1.0,9927,
6641,279040,-3.2,0.0,4.17,1,0.0,0.0,1.0,9930,
6642,279040,9.6,1.0,6.67,1,1.0,1.0,1.0,9930,
6643,279104,-4.0,0.0,0.0,0,,,1.0,9930,
6644,279104,-5.0,0.0,0.0,0,,,1.0,9930,
6645,279168,-3.3,0.0,2.86,1,0.0,0.0,1.0,9933,
6646,279296,-6.0,0.0,1.96,1,0.0,1.0,1.0,9935,
6647,279296,-5.0,0.0,0.0,0,,,1.0,9935,
6648,279296,-6.0,0.0,3.92,2,0.0,1.0,1.0,9935,
6649,279296,-3.2,0.0,4.17,1,0.0,0.0,1.0,9935,
6650,279360,-6.0,0.0,1.96,1,0.0,1.0,1.0,9935,
6651,279424,-6.0,0.0,1.96,1,0.0,1.0,1.0,9935,
6652,279424,-6.0,0.0,1.96,1,0.0,1.0,1.0,9935,
6653,279488,-5.0,0.0,0.0,0,,,1.0,9936,
6654,279488,-6.0,0.0,3.92,2,0.0,1.0,1.0,9936,
6655,279488,-5.0,0.0,0.0,0,,,1.0,9936,
6656,279552,9.5,1.0,6.25,1,0.0,1.0,1.0,9938,
6657,279552,-5.0,0.0,0.0,0,,,1.0,9938,
6658,279552,-5.0,0.0,0.0,0,,,1.0,9938,
6659,279552,-4.4,0.0,2.78,1,0.0,0.0,1.0,9938,
6660,279616,-8.0,0.0,5.88,3,0.0,1.0,1.0,9938,
6661,279680,-5.2,0.0,2.27,1,0.0,0.0,1.0,9943,
6662,279680,-5.0,0.0,0.0,0,,,1.0,9943,
6663,279680,-4.5,0.0,2.7,1,0.0,0.0,1.0,9943,
6664,279744,-5.0,0.0,0.0,0,,,1.0,9943,
6665,279744,-5.0,0.0,0.0,0,,,1.0,9943,
6666,279872,-5.0,0.0,0.0,0,,,1.0,9944,
6667,279936,-3.2,0.0,2.94,1,0.0,0.0,1.0,9945,
6668,280064,-2.9,0.0,3.23,1,0.0,0.0,1.0,9949,
6669,280064,-4.1,0.0,2.33,1,0.0,0.0,1.0,9949,
6670,280064,-7.0,0.0,3.92,2,0.0,1.0,1.0,9949,
6671,280064,11.2,1.0,0.0,0,,,1.0,9949,
6672,280128,-5.0,0.0,0.0,0,,,1.0,9951,
6673,280128,-2.2,0.0,4.17,1,0.0,0.0,1.0,9951,
6674,280128,7.7,1.0,2.94,1,0.0,1.0,1.0,9951,
6675,280128,-5.0,0.0,0.0,0,,,1.0,9951,
6676,280128,-5.0,0.0,0.0,0,,,1.0,9951,
6677,280192,-4.0,0.0,0.0,0,,,1.0,9952,
6678,280256,-6.0,0.0,3.92,2,0.0,1.0,1.0,9953,
6679,280320,-5.0,0.0,0.0,0,,,1.0,9953,
6680,280320,-5.0,0.0,0.0,0,,,1.0,9953,
6681,280384,-5.3,0.0,2.22,1,0.0,0.0,1.0,9954,
6682,280448,-7.0,0.0,5.88,3,0.0,1.0,1.0,9956,
6683,280448,-3.9,0.0,3.23,1,0.0,0.0,1.0,9956,
6684,280512,-6.0,0.0,3.92,2,0.0,1.0,1.0,9957,
6685,280576,-5.0,0.0,0.0,0,,,1.0,9958,
6686,280576,-4.0,0.0,0.0,0,,,1.0,9958,
6687,280576,-5.0,0.0,0.0,0,,,1.0,9958,
6688,280640,-5.0,0.0,0.0,0,,,1.0,9959,
6689,280640,11.0,1.0,0.0,0,,,1.0,9959,
6690,280640,-2.7,0.0,5.26,1,0.0,0.0,1.0,9959,
6691,280768,-5.0,0.0,1.96,1,0.0,1.0,1.0,9961,
6692,280832,-3.5,0.0,3.7,1,0.0,0.0,1.0,9962,
6693,280896,-3.0,0.0,3.12,1,0.0,0.0,1.0,9965,
6694,280896,-2.0,0.0,8.33,1,0.0,0.0,1.0,9965,
6695,280896,-2.5,0.0,3.7,1,0.0,0.0,1.0,9965,
6696,280960,-4.4,0.0,2.78,1,0.0,0.0,1.0,9968,
6697,281024,9.7,1.0,7.14,1,1.0,1.0,1.0,9969,
6698,281024,-6.0,0.0,1.96,1,0.0,1.0,1.0,9969,
6699,281088,-3.6,0.0,3.57,1,0.0,0.0,1.0,9971,
6700,281152,-3.7,0.0,3.45,1,0.0,0.0,1.0,9976,
6701,281152,-4.1,0.0,3.03,1,0.0,0.0,1.0,9976,
6702,281152,-2.3,0.0,6.67,1,0.0,0.0,1.0,9976,
6703,281216,-6.0,0.0,1.96,1,0.0,1.0,1.0,9981,
6704,281216,-5.3,0.0,2.22,1,0.0,0.0,1.0,9981,
6705,281216,-3.4,0.0,7.69,2,0.0,0.5,1.0,9981,
6706,281280,-4.8,0.0,6.67,2,0.0,0.5,1.0,9983,
6707,281280,6.7,1.0,12.5,3,0.0,1.0,1.0,9983,
6708,281280,-5.7,0.0,2.04,1,0.0,0.0,1.0,9983,
6709,281344,8.3,1.0,3.57,1,0.0,1.0,1.0,9985,
6710,281344,-2.3,0.0,6.67,1,0.0,0.0,1.0,9985,
6711,281344,-5.0,0.0,0.0,0,,,1.0,9985,
6712,281408,-5.0,0.0,0.0,0,,,1.0,9989,
6713,281408,-5.2,0.0,2.27,1,0.0,0.0,1.0,9989,
6714,281408,-5.0,0.0,0.0,0,,,1.0,9989,
6715,281408,8.1,1.0,10.0,2,0.0,1.0,1.0,9989,
6716,281408,-4.5,0.0,7.41,2,0.0,0.5,1.0,9989,
6717,281472,-2.3,0.0,13.33,2,0.0,0.5,1.0,9993,
6718,281472,-3.9,0.0,3.23,1,0.0,0.0,1.0,9993,
6719,281536,-5.0,0.0,2.38,1,0.0,0.0,1.0,9996,
6720,281664,-3.0,0.0,4.55,1,0.0,0.0,1.0,9998,
6721,281792,-5.3,0.0,2.22,1,0.0,0.0,1.0,10002,
6722,281856,-3.1,0.0,3.03,1,0.0,0.0,1.0,10003,
6723,281920,-6.0,0.0,1.96,1,0.0,1.0,1.0,10004,
6724,281920,10.1,1.0,0.0,0,,,1.0,10004,
6725,281984,8.4,1.0,11.76,2,0.0,1.0,1.0,10005,
6726,282112,-2.4,0.0,6.25,1,0.0,0.0,1.0,10007,
6727,282112,-2.0,0.0,8.33,1,0.0,0.0,1.0,10007,
6728,282176,-5.0,0.0,1.96,1,1.0,1.0,1.0,10008,
6729,282176,-5.3,0.0,2.22,1,0.0,0.0,1.0,10008,
6730,282176,-5.0,0.0,0.0,0,,,1.0,10008,
6731,282240,-4.2,0.0,2.94,1,0.0,0.0,1.0,10012,
6732,282240,-2.1,0.0,7.69,1,0.0,0.0,1.0,10012,
6733,282240,-4.2,0.0,2.94,1,0.0,0.0,1.0,10012,
6734,282240,-5.0,0.0,1.96,1,0.0,1.0,1.0,10012,
6735,282240,-3.8,0.0,3.33,1,0.0,0.0,1.0,10012,
6736,282304,10.3,1.0,0.0,0,,,1.0,10012,
6737,282304,-5.0,0.0,0.0,0,,,1.0,10012,
6738,282368,-5.0,0.0,1.96,1,0.0,1.0,1.0,10012,
6739,282496,-2.9,0.0,4.76,1,0.0,0.0,1.0,10015,
6740,282496,-3.1,0.0,4.35,1,0.0,0.0,1.0,10015,
6741,282560,10.5,1.0,16.67,1,0.0,1.0,1.0,10016,
6742,282560,-5.0,0.0,0.0,0,,,1.0,10016,
6743,282560,-4.7,0.0,2.56,1,0.0,0.0,1.0,10016,
6744,282688,-2.6,0.0,5.56,1,0.0,0.0,1.0,10018,
6745,282688,-6.0,0.0,1.96,1,0.0,1.0,1.0,10018,
6746,282752,-5.0,0.0,0.0,0,,,1.0,10019,
6747,282752,-4.6,0.0,2.63,1,0.0,0.0,1.0,10019,
6748,282816,-5.0,0.0,0.0,0,,,1.0,10021,
6749,282816,-5.0,0.0,0.0,0,,,1.0,10021,
6750,282880,-5.0,0.0,1.96,1,0.0,1.0,1.0,10023,
6751,282944,-5.0,0.0,0.0,0,,,1.0,10023,
6752,282944,-7.0,0.0,5.88,3,0.0,1.0,1.0,10023,
6753,283136,-6.0,0.0,3.92,2,0.0,1.0,1.0,10027,
6754,283136,-2.7,0.0,3.45,1,0.0,0.0,1.0,10027,
6755,283136,-4.8,0.0,2.5,1,0.0,0.0,1.0,10027,
6756,283264,-4.5,0.0,2.7,1,0.0,0.0,1.0,10030,
6757,283264,9.9,1.0,0.0,0,,,1.0,10030,
6758,283264,-4.9,0.0,4.88,2,0.0,0.5,1.0,10030,
6759,283264,-2.5,0.0,5.88,1,0.0,0.0,1.0,10030,
6760,283328,-5.0,0.0,0.0,0,,,1.0,10034,
6761,283328,-2.3,0.0,6.67,1,0.0,0.0,1.0,10034,
6762,283328,-2.4,0.0,3.85,1,0.0,0.0,1.0,10034,
6763,283392,-6.0,0.0,1.96,1,0.0,1.0,1.0,10034,
6764,283392,-5.0,0.0,0.0,0,,,1.0,10034,
6765,283456,9.7,1.0,7.14,1,1.0,1.0,1.0,10036,
6766,283456,6.9,1.0,6.25,2,0.0,1.0,1.0,10036,
6767,283712,-6.6,0.0,6.25,3,0.0,0.6667,1.0,10039,
6768,283712,-6.0,0.0,1.96,1,0.0,1.0,1.0,10039,
6769,283712,-5.0,0.0,0.0,0,,,1.0,10039,
6770,283776,-3.6,0.0,3.57,1,0.0,0.0,1.0,10040,
6771,283776,9.6,1.0,0.0,0,,,1.0,10040,
6772,283840,-5.0,0.0,0.0,0,,,1.0,10042,
6773,283840,-6.0,0.0,1.96,1,0.0,1.0,1.0,10042,
6774,283968,-3.9,0.0,2.44,1,0.0,0.0,1.0,10046,
6775,283968,-1.7,0.0,11.11,1,0.0,0.0,1.0,10046,
6776,284032,-6.0,0.0,1.96,1,0.0,1.0,1.0,10046,
6777,284096,9.9,1.0,8.33,1,0.0,1.0,1.0,10046,
6778,284096,-5.0,0.0,1.96,1,0.0,1.0,1.0,10046,
6779,284160,10.0,1.0,9.09,1,0.0,1.0,1.0,10048,
6780,284160,-1.3,0.0,20.0,1,0.0,0.0,1.0,10048,
6781,284160,-5.0,0.0,0.0,0,,,1.0,10048,
6782,284224,-2.8,0.0,5.0,1,0.0,0.0,1.0,10051,
6783,284224,3.7,1.0,9.09,4,0.25,1.0,1.0,10051,
6784,284224,-3.4,0.0,2.78,1,0.0,0.0,1.0,10051,
6785,284224,-6.0,0.0,1.96,1,0.0,1.0,1.0,10051,
6786,284288,-6.0,0.0,1.96,1,0.0,1.0,1.0,10051,
6787,284352,-4.0,0.0,3.12,1,0.0,0.0,1.0,10053,
6788,284416,-5.0,0.0,0.0,0,,,1.0,10055,
6789,284416,-3.8,0.0,3.33,1,0.0,0.0,1.0,10055,
6790,284480,-5.0,0.0,1.96,1,0.0,1.0,1.0,10058,
6791,284480,-5.0,0.0,2.38,1,0.0,0.0,1.0,10058,
6792,284480,-4.0,0.0,0.0,0,,,1.0,10058,
6793,284480,-3.0,0.0,16.67,2,0.0,0.5,1.0,10058,
6794,284480,-5.0,0.0,0.0,0,,,1.0,10058,
6795,284544,-5.0,0.0,0.0,0,,,1.0,10058,
6796,284544,-5.0,0.0,0.0,0,,,1.0,10058,
6797,284608,-6.0,0.0,3.92,2,0.0,1.0,1.0,10060,
6798,284672,-5.0,0.0,1.96,1,0.0,1.0,1.0,10060,
6799,284672,-5.0,0.0,0.0,0,,,1.0,10060,
6800,284736,-5.0,0.0,0.0,0,,,1.0,10060,
6801,284736,-5.0,0.0,0.0,0,,,1.0,10060,
6802,284992,-1.2,0.0,7.14,1,0.0,0.0,1.0,10063,
6803,285184,-5.0,0.0,0.0,0,,,1.0,10065,
6804,285312,-4.7,0.0,2.56,1,0.0,0.0,1.0,10067,
6805,285376,-5.0,0.0,0.0,0,,,1.0,10069,
6806,285376,-5.0,0.0,0.0,0,,,1.0,10069,
6807,285376,-5.2,0.0,2.27,1,0.0,0.0,1.0,10069,
6808,285376,-1.3,0.0,6.67,1,0.0,0.0,1.0,10069,
6809,285440,-5.4,0.0,2.17,1,0.0,0.0,1.0,10071,
6810,285504,-5.0,0.0,0.0,0,,,1.0,10071,
6811,285504,-5.0,0.0,0.0,0,,,1.0,10071,
6812,285504,-6.0,0.0,3.92,2,0.5,1.0,1.0,10071,
6813,285504,-5.0,0.0,0.0,0,,,1.0,10071,
6814,285504,-6.0,0.0,1.96,1,0.0,1.0,1.0,10071,
6815,285568,7.0,1.0,14.29,3,0.0,1.0,1.0,10072,
6816,285568,-4.0,0.0,0.0,0,,,1.0,10072,
6817,285632,-5.2,0.0,2.27,1,0.0,0.0,1.0,10074,
6818,285696,-3.5,0.0,2.7,1,0.0,0.0,1.0,10078,
6819,285696,-3.8,0.0,3.33,1,0.0,0.0,1.0,10078,
6820,285824,-6.0,0.0,1.96,1,0.0,1.0,1.0,10079,
6821,285952,-5.0,0.0,0.0,0,,,1.0,10081,
6822,285952,-5.0,0.0,0.0,0,,,1.0,10081,
6823,286016,-5.0,0.0,0.0,0,,,1.0,10082,
6824,286016,-1.9,0.0,9.09,1,0.0,0.0,1.0,10082,
6825,286016,-5.0,0.0,0.0,0,,,1.0,10082,
6826,286144,-4.6,0.0,2.63,1,0.0,0.0,1.0,10087,
6827,286144,-5.0,0.0,0.0,0,,,1.0,10087,
6828,286208,-3.4,0.0,3.85,1,0.0,0.0,1.0,10089,
6829,286208,-5.0,0.0,0.0,0,,,1.0,10089,
6830,286272,-3.6,0.0,3.57,1,0.0,0.0,1.0,10091,
6831,286336,3.3,1.0,8.33,4,0.0,1.0,1.0,10093,
6832,286400,-5.0,0.0,0.0,0,,,1.0,10094,
6833,286400,-4.0,0.0,0.0,0,,,1.0,10094,
6834,286400,10.7,1.0,0.0,0,,,1.0,10094,
6835,286400,-5.0,0.0,0.0,0,,,1.0,10094,
6836,286400,-3.9,0.0,3.23,1,0.0,0.0,1.0,10094,
6837,286464,-3.9,0.0,3.23,1,0.0,0.0,1.0,10096,
6838,286528,-6.0,0.0,1.96,1,0.0,1.0,1.0,10096,
6839,286528,-5.0,0.0,0.0,0,,,1.0,10096,
6840,286528,-5.0,0.0,0.0,0,,,1.0,10096,
6841,286592,-4.0,0.0,0.0,0,,,1.0,10096,
6842,286656,-6.0,0.0,3.92,2,0.0,1.0,1.0,10098,
6843,286656,-3.2,0.0,2.94,1,0.0,0.0,1.0,10098,
6844,286720,-7.0,0.0,5.88,3,0.0,1.0,1.0,10098,
6845,286848,-4.1,0.0,6.06,2,0.0,0.5,1.0,10103,
6846,286848,-1.9,0.0,4.76,1,0.0,0.0,1.0,10103,
6847,286848,-1.9,0.0,9.09,1,0.0,0.0,1.0,10103,
6848,286848,10.6,1.0,20.0,1,0.0,1.0,1.0,10103,
6849,286976,-6.0,0.0,1.96,1,0.0,1.0,1.0,10103,
6850,287040,-6.0,0.0,1.96,1,0.0,1.0,1.0,10103,
6851,287104,-5.0,0.0,1.96,1,0.0,1.0,1.0,10103,
6852,287168,-4.0,0.0,2.38,1,0.0,0.0,1.0,10107,
6853,287168,-3.4,0.0,3.85,1,0.0,0.0,1.0,10107,
6854,287168,9.6,1.0,0.0,0,,,1.0,10107,
6855,287168,-2.6,0.0,3.57,1,0.0,0.0,1.0,10107,
6856,287232,10.1,1.0,0.0,0,,,1.0,10107,
6857,287232,-4.0,0.0,0.0,0,,,1.0,10107,
6858,287232,-5.0,0.0,0.0,0,,,1.0,10107,
6859,287296,7.9,1.0,0.0,0,,,1.0,10108,
6860,287296,-5.0,0.0,0.0,0,,,1.0,10108,
6861,287360,-3.7,0.0,3.45,1,0.0,0.0,1.0,10110,
6862,287360,-3.9,0.0,3.23,1,0.0,0.0,1.0,10110,
6863,287360,-4.0,0.0,0.0,0,,,1.0,10110,
6864,287424,7.9,1.0,9.09,2,0.5,1.0,1.0,10111,
6865,287424,-5.0,0.0,0.0,0,,,1.0,10111,
6866,287424,-5.0,0.0,0.0,0,,,1.0,10111,
6867,287424,-5.0,0.0,0.0,0,,,1.0,10111,
6868,287488,-5.0,0.0,0.0,0,,,1.0,10113,
6869,287488,-4.0,0.0,0.0,0,,,1.0,10113,
6870,287488,-5.0,0.0,0.0,0,,,1.0,10113,
6871,287488,-2.5,0.0,5.88,1,0.0,0.0,1.0,10113,
6872,287552,-2.6,0.0,5.56,1,0.0,0.0,1.0,10114,
6873,287552,-5.0,0.0,0.0,0,,,1.0,10114,
6874,287616,-5.0,0.0,0.0,0,,,1.0,10114,
6875,287680,-6.3,0.0,8.57,3,0.0,0.6667,1.0,10116,
6876,287744,-4.0,0.0,0.0,0,,,1.0,10117,
6877,287744,-4.5,0.0,2.7,1,0.0,0.0,1.0,10117,
6878,287808,-4.0,0.0,0.0,0,,,1.0,10119,
6879,287872,-5.4,0.0,5.56,2,0.0,0.5,1.0,10121,
6880,287936,-8.0,0.0,5.88,3,0.0,1.0,1.0,10122,
6881,287936,-4.0,0.0,0.0,0,,,1.0,10122,
6882,288000,-5.0,0.0,0.0,0,,,1.0,10123,
6883,288256,-6.0,0.0,1.96,1,0.0,1.0,1.0,10125,
6884,288320,-2.4,0.0,6.25,1,0.0,0.0,1.0,10129,
6885,288320,-5.0,0.0,6.25,2,0.0,0.5,1.0,10129,
6886,288320,-4.0,0.0,2.38,1,0.0,0.0,1.0,10129,
6887,288384,-3.8,0.0,3.33,1,0.0,0.0,1.0,10130,
6888,288448,-4.0,0.0,0.0,0,,,1.0,10132,
6889,288448,-2.9,0.0,4.76,1,0.0,0.0,1.0,10132,
6890,288512,10.1,1.0,0.0,0,,,1.0,10132,
6891,288576,9.0,1.0,4.76,1,0.0,1.0,1.0,10133,
6892,288640,-5.0,0.0,0.0,0,,,1.0,10134,
6893,288640,-4.2,0.0,2.27,1,0.0,0.0,1.0,10134,
6894,288704,-4.4,0.0,2.78,1,0.0,0.0,1.0,10136,
6895,288768,-3.8,0.0,3.33,1,0.0,0.0,1.0,10140,
6896,288768,-7.0,0.0,3.92,2,0.0,1.0,1.0,10140,
6897,288768,-4.5,0.0,2.7,1,0.0,0.0,1.0,10140,
6898,288896,-3.0,0.0,4.55,1,0.0,0.0,1.0,10143,
6899,288960,-5.0,0.0,1.96,1,0.0,1.0,1.0,10144,
6900,288960,-6.0,0.0,1.96,1,0.0,1.0,1.0,10144,
6901,289024,8.2,1.0,3.45,1,0.0,1.0,1.0,10144,
6902,289088,-3.2,0.0,4.17,1,0.0,0.0,1.0,10148,
6903,289088,-3.5,0.0,2.7,1,0.0,0.0,1.0,10148,
6904,289088,-3.1,0.0,3.03,1,0.0,0.0,1.0,10148,
6905,289152,-5.5,0.0,2.13,1,0.0,0.0,1.0,10149,
6906,289216,-6.0,0.0,1.96,1,0.0,1.0,1.0,10150,
6907,289280,-4.7,0.0,6.9,2,0.0,0.5,1.0,10153,
6908,289280,-5.0,0.0,0.0,0,,,1.0,10153,
6909,289280,-5.0,0.0,0.0,0,,,1.0,10153,
6910,289280,-4.6,0.0,2.63,1,0.0,0.0,1.0,10153,
6911,289472,-4.0,0.0,0.0,0,,,1.0,10153,
6912,289472,-7.0,0.0,5.88,3,0.0,1.0,1.0,10153,
6913,289536,-1.5,0.0,5.88,1,0.0,0.0,1.0,10155,
6914,289536,7.7,1.0,2.94,1,0.0,1.0,1.0,10155,
6915,289600,-5.0,0.0,0.0,0,,,1.0,10157,
6916,289600,-3.3,0.0,2.86,1,0.0,0.0,1.0,10157,
6917,289664,-5.0,0.0,0.0,0,,,1.0,10161,
6918,289664,-4.7,0.0,6.9,2,0.0,0.5,1.0,10161,
6919,289664,-5.7,0.0,2.04,1,0.0,0.0,1.0,10161,
6920,289664,-4.7,0.0,2.56,1,0.0,0.0,1.0,10161,
6921,289664,10.4,1.0,14.29,1,0.0,1.0,1.0,10161,
6922,289728,-2.9,0.0,4.76,1,0.0,0.0,1.0,10162,
6923,289792,-4.8,0.0,2.5,1,0.0,0.0,1.0,10166,
6924,289792,-4.0,0.0,0.0,0,,,1.0,10166,
6925,289856,-4.0,0.0,0.0,0,,,1.0,10169,
6926,289920,-5.0,0.0,1.96,1,0.0,1.0,1.0,10169,
6927,289920,-5.0,0.0,0.0,0,,,1.0,10169,
6928,289984,-1.6,0.0,12.5,1,0.0,0.0,1.0,10172,
6929,290112,-5.0,0.0,0.0,0,,,1.0,10175,
6930,290112,-5.0,0.0,0.0,0,,,1.0,10175,
6931,290304,-5.0,0.0,1.96,1,0.0,1.0,1.0,10178,
6932,290304,6.5,1.0,5.56,2,0.0,1.0,1.0,10178,
6933,290368,-2.5,0.0,5.88,1,0.0,0.0,1.0,10179,
6934,290432,-5.0,0.0,0.0,0,,,1.0,10181,
6935,290432,-5.0,0.0,0.0,0,,,1.0,10181,
6936,290432,7.8,1.0,3.03,1,1.0,1.0,1.0,10181,
6937,290496,-3.7,0.0,3.45,1,0.0,0.0,1.0,10182,
6938,290560,-6.0,0.0,1.96,1,0.0,1.0,1.0,10185,
6939,290560,-2.4,0.0,3.85,1,0.0,0.0,1.0,10185,
6940,290560,-2.1,0.0,15.38,2,0.0,0.5,1.0,10185,
6941,290624,-5.0,0.0,1.96,1,0.0,1.0,1.0,10186,
6942,290624,-1.3,0.0,20.0,1,0.0,0.0,1.0,10186,
6943,290688,-6.0,0.0,1.96,1,0.0,1.0,1.0,10187,
6944,290688,-8.0,0.0,5.88,3,0.0,1.0,1.0,10187,
6945,290688,-5.0,0.0,0.0,0,,,1.0,10187,
6946,290752,-5.0,0.0,0.0,0,,,1.0,10188,
6947,290752,-5.0,0.0,0.0,0,,,1.0,10188,
6948,290752,-5.0,0.0,0.0,0,,,1.0,10188,
6949,290816,-5.0,0.0,0.0,0,,,1.0,10188,
6950,290880,-7.0,0.0,5.88,3,0.0,1.0,1.0,10188,
6951,290944,-4.7,0.0,6.9,2,0.0,0.5,1.0,10192,
6952,290944,-6.8,0.0,4.0,2,0.0,0.5,1.0,10192,
6953,290944,-6.0,0.0,1.96,1,0.0,1.0,1.0,10192,
6954,291008,-6.0,0.0,1.96,1,0.0,1.0,1.0,10192,
6955,291072,-2.3,0.0,6.67,1,0.0,0.0,1.0,10193,
6956,291136,-5.0,0.0,0.0,0,,,1.0,10194,
6957,291200,-2.0,0.0,8.33,1,0.0,0.0,1.0,10197,
6958,291200,-4.7,0.0,5.13,2,0.0,0.5,1.0,10197,
6959,291200,-5.0,0.0,0.0,0,,,1.0,10197,
6960,291200,-5.0,0.0,0.0,0,,,1.0,10197,
6961,291264,-4.9,0.0,6.45,2,0.0,0.5,1.0,10200,
6962,291392,-2.5,0.0,3.7,1,0.0,0.0,1.0,10204,
6963,291392,-5.4,0.0,5.56,2,0.0,0.5,1.0,10204,
6964,291456,-3.9,0.0,3.23,1,0.0,0.0,1.0,10206,
6965,291456,-2.3,0.0,6.67,1,0.0,0.0,1.0,10206,
6966,291520,-4.0,0.0,0.0,0,,,1.0,10207,
6967,291584,-5.0,0.0,1.96,1,0.0,1.0,1.0,10208,
6968,291584,-5.0,0.0,0.0,0,,,1.0,10208,
6969,291648,-4.0,0.0,3.12,1,0.0,0.0,1.0,10213,
6970,291648,10.4,1.0,14.29,1,0.0,1.0,1.0,10213,
6971,291648,-5.5,0.0,4.26,2,0.0,0.5,1.0,10213,
6972,291712,-7.0,0.0,5.88,3,0.0,1.0,1.0,10214,
6973,291712,-4.6,0.0,2.63,1,0.0,0.0,1.0,10214,
6974,291776,6.0,1.0,4.88,2,0.0,1.0,1.0,10216,
6975,291776,-5.0,0.0,0.0,0,,,1.0,10216,
6976,291776,-2.9,0.0,3.23,1,0.0,0.0,1.0,10216,
6977,291840,-8.0,0.0,5.88,3,0.0,1.0,1.0,10216,
6978,291968,-3.6,0.0,2.63,1,0.0,0.0,1.0,10218,
6979,292032,-2.1,0.0,7.69,1,0.0,0.0,1.0,10220,
6980,292032,-5.0,0.0,0.0,0,,,1.0,10220,
6981,292032,-5.0,0.0,0.0,0,,,1.0,10220,
6982,292032,-4.0,0.0,0.0,0,,,1.0,10220,
6983,292096,11.1,1.0,0.0,0,,,1.0,10221,
6984,292096,7.3,1.0,2.63,1,1.0,1.0,1.0,10221,
6985,292224,-5.0,0.0,0.0,0,,,1.0,10222,
6986,292224,-6.0,0.0,3.92,2,0.0,1.0,1.0,10222,
6987,292288,-6.0,0.0,1.96,1,0.0,1.0,1.0,10222,
6988,292352,-3.1,0.0,4.35,1,0.0,0.0,1.0,10225,
6989,292352,-5.0,0.0,0.0,0,,,1.0,10225,
6990,292480,-2.8,0.0,3.33,1,0.0,0.0,1.0,10229,
6991,292480,-2.5,0.0,5.88,1,0.0,0.0,1.0,10229,
6992,292544,-5.0,0.0,0.0,0,,,1.0,10230,
6993,292544,-4.9,0.0,2.44,1,0.0,0.0,1.0,10230,
6994,292736,-4.1,0.0,3.03,1,0.0,0.0,1.0,10233,
6995,292800,-5.0,0.0,0.0,0,,,1.0,10234,
6996,292864,-7.0,0.0,5.88,3,0.0,1.0,1.0,10234,
6997,292864,7.1,1.0,2.5,1,0.0,1.0,1.0,10234,
6998,292928,-4.0,0.0,0.0,0,,,1.0,10234,
6999,292928,-4.0,0.0,0.0,0,,,1.0,10234,
7000,292928,-6.0,0.0,1.96,1,0.0,1.0,1.0,10234,
7001,293056,-2.8,0.0,5.0,1,0.0,0.0,1.0,10237,
7002,293056,-3.6,0.0,3.57,1,0.0,0.0,1.0,10237,
7003,293056,-4.0,0.0,0.0,0,,,1.0,10237,
7004,293120,-7.0,0.0,3.92,2,0.0,1.0,1.0,10240,
7005,293120,-6.1,0.0,9.09,3,0.0,0.6667,1.0,10240,
7006,293120,-5.7,0.0,2.04,1,0.0,0.0,1.0,10240,
7007,293184,-2.3,0.0,4.0,1,0.0,0.0,1.0,10241,
7008,293184,-4.0,0.0,0.0,0,,,1.0,10241,
7009,293376,-1.6,0.0,12.5,1,0.0,0.0,1.0,10246,
7010,293376,-4.0,0.0,2.38,1,0.0,0.0,1.0,10246,
7011,293376,9.5,1.0,6.25,1,1.0,1.0,1.0,10246,
7012,293376,-4.0,0.0,0.0,0,,,1.0,10246,
7013,293376,-5.1,0.0,2.33,1,0.0,0.0,1.0,10246,
7014,293504,-5.4,0.0,2.17,1,0.0,0.0,1.0,10248,
7015,293568,-6.1,0.0,6.98,3,0.0,0.6667,1.0,10251,
7016,293632,-2.0,0.0,4.55,1,0.0,0.0,1.0,10252,
7017,293632,-4.0,0.0,0.0,0,,,1.0,10252,
7018,293696,-5.0,0.0,0.0,0,,,1.0,10252,
7019,293696,-6.0,0.0,3.92,2,0.0,1.0,1.0,10252,
7020,293760,-0.9,0.0,9.09,1,0.0,0.0,1.0,10254,
7021,293824,-6.0,0.0,1.96,1,0.0,1.0,1.0,10254,
7022,293888,-0.9,0.0,9.09,1,0.0,0.0,1.0,10255,
7023,293952,-5.0,0.0,0.0,0,,,1.0,10258,
7024,293952,-3.7,0.0,3.45,1,0.0,0.0,1.0,10258,
7025,293952,-5.0,0.0,0.0,0,,,1.0,10258,
7026,293952,-4.8,0.0,6.67,2,0.0,0.5,1.0,10258,
7027,294016,-6.0,0.0,1.96,1,0.0,1.0,1.0,10260,
7028,294016,-7.0,0.0,3.92,2,0.0,1.0,1.0,10260,
7029,294016,-5.0,0.0,0.0,0,,,1.0,10260,
7030,294016,-4.3,0.0,2.86,1,0.0,0.0,1.0,10260,
7031,294016,-4.2,0.0,2.94,1,0.0,0.0,1.0,10260,
7032,294144,-4.1,0.0,2.33,1,0.0,0.0,1.0,10262,
7033,294208,-5.0,0.0,0.0,0,,,1.0,10264,
7034,294208,-5.0,0.0,0.0,0,,,1.0,10264,
7035,294208,-3.4,0.0,3.85,1,0.0,0.0,1.0,10264,
7036,294208,-7.0,0.0,3.92,2,0.5,1.0,1.0,10264,
7037,294336,-4.0,0.0,0.0,0,,,1.0,10266,
7038,294400,-5.1,0.0,2.33,1,0.0,0.0,1.0,10270,
7039,294400,-4.0,0.0,0.0,0,,,1.0,10270,
7040,294464,-4.0,0.0,0.0,0,,,1.0,10270,
7041,294464,7.0,1.0,0.0,0,,,1.0,10270,
7042,294592,-1.4,0.0,16.67,1,0.0,0.0,1.0,10275,
7043,294592,-3.8,0.0,2.5,1,0.0,0.0,1.0,10275,
7044,294592,6.2,1.0,2.04,1,0.0,1.0,1.0,10275,
7045,294592,-1.9,0.0,9.09,1,0.0,0.0,1.0,10275,
7046,294592,-1.8,0.0,10.0,1,0.0,0.0,1.0,10275,
7047,294784,-4.0,0.0,0.0,0,,,1.0,10277,
7048,294784,10.3,1.0,0.0,0,,,1.0,10277,
7049,294848,-5.0,0.0,1.96,1,0.0,1.0,1.0,10278,
7050,294912,-2.7,0.0,5.26,1,0.0,0.0,1.0,10280,
7051,294912,-5.0,0.0,0.0,0,,,1.0,10280,
7052,294912,-6.0,0.0,3.92,2,0.0,1.0,1.0,10280,
7053,294976,-5.0,0.0,0.0,0,,,1.0,10280,
7054,294976,-4.0,0.0,0.0,0,,,1.0,10280,
7055,295040,-6.0,0.0,3.92,2,0.0,1.0,1.0,10282,
7056,295104,9.9,1.0,8.33,1,0.0,1.0,1.0,10283,
7057,295232,-5.0,0.0,1.96,1,0.0,1.0,1.0,10283,
7058,295296,-4.0,0.0,0.0,0,,,1.0,10285,
7059,295296,-5.0,0.0,0.0,0,,,1.0,10285,
7060,295296,-5.4,0.0,2.17,1,0.0,0.0,1.0,10285,
7061,295296,10.0,1.0,0.0,0,,,1.0,10285,
7062,295360,-1.9,0.0,4.76,1,0.0,0.0,1.0,10289,
7063,295360,-4.0,0.0,0.0,0,,,1.0,10289,
7064,295360,-4.4,0.0,2.78,1,0.0,0.0,1.0,10289,
7065,295424,-3.7,0.0,2.56,1,0.0,0.0,1.0,10291,
7066,295488,-5.0,0.0,0.0,0,,,1.0,10294,
7067,295488,-3.9,0.0,3.23,1,0.0,0.0,1.0,10294,
7068,295488,-5.8,0.0,2.0,1,0.0,0.0,1.0,10294,
7069,295552,-2.9,0.0,4.76,1,0.0,0.0,1.0,10295,
7070,295616,-2.4,0.0,3.85,1,0.0,0.0,1.0,10298,
7071,295680,4.9,1.0,12.5,4,0.25,1.0,1.0,10299,
7072,295680,8.5,1.0,3.85,1,0.0,1.0,1.0,10299,
7073,295744,-5.0,0.0,0.0,0,,,1.0,10299,
7074,295744,-5.0,0.0,1.96,1,0.0,1.0,1.0,10299,
7075,295808,-5.0,0.0,1.96,1,0.0,1.0,1.0,10300,
7076,295872,-0.8,0.0,10.0,1,0.0,0.0,1.0,10303,
7077,296000,-6.0,0.0,1.96,1,0.0,1.0,1.0,10304,
7078,296064,-5.0,0.0,0.0,0,,,1.0,10305,
7079,296128,-5.0,0.0,0.0,0,,,1.0,10307,
7080,296128,-3.4,0.0,3.85,1,0.0,0.0,1.0,10307,
7081,296128,-3.2,0.0,4.17,1,0.0,0.0,1.0,10307,
7082,296192,-5.0,0.0,0.0,0,,,1.0,10308,
7083,296192,-6.0,0.0,3.92,2,0.0,1.0,1.0,10308,
7084,296192,-4.2,0.0,2.94,1,0.0,0.0,1.0,10308,
7085,296320,-4.2,0.0,2.94,1,0.0,0.0,1.0,10309,
7086,296320,-6.0,0.0,1.96,1,0.0,1.0,1.0,10309,
7087,296320,10.6,1.0,0.0,0,,,1.0,10309,
7088,296384,-6.0,0.0,1.96,1,0.0,1.0,1.0,10310,
7089,296384,-5.0,0.0,1.96,1,0.0,1.0,1.0,10310,
7090,296384,-4.0,0.0,0.0,0,,,1.0,10310,
7091,296448,-5.0,0.0,0.0,0,,,1.0,10311,
7092,296576,8.6,1.0,13.33,2,0.5,1.0,1.0,10315,
7093,296640,-5.0,0.0,0.0,0,,,1.0,10315,
7094,296640,-5.0,0.0,0.0,0,,,1.0,10315,
7095,296640,-5.0,0.0,0.0,0,,,1.0,10315,
7096,296640,-11.0,0.0,13.73,7,0.0,1.0,1.0,10315,
7097,296640,-5.0,0.0,0.0,0,,,1.0,10315,
7098,296832,-5.0,0.0,1.96,1,0.0,1.0,1.0,10317,
7099,296896,-9.8,0.0,10.0,5,0.0,0.8,1.0,10319,
7100,296896,-3.7,0.0,10.53,2,0.0,0.5,1.0,10319,
7101,296960,-3.3,0.0,4.0,1,0.0,0.0,1.0,10321,
7102,296960,8.0,1.0,3.23,1,1.0,1.0,1.0,10321,
7103,297024,-5.0,0.0,0.0,0,,,1.0,10322,
7104,297088,-5.0,0.0,0.0,0,,,1.0,10323,
7105,297216,-4.0,0.0,0.0,0,,,1.0,10323,
7106,297280,-5.0,0.0,0.0,0,,,1.0,10326,
7107,297280,-5.0,0.0,4.76,2,0.0,0.5,1.0,10326,
7108,297280,-2.2,0.0,14.29,2,0.0,0.5,1.0,10326,
7109,297280,-4.3,0.0,2.86,1,0.0,0.0,1.0,10326,
7110,297280,-5.0,0.0,0.0,0,,,1.0,10326,
7111,297408,-3.7,0.0,10.53,2,0.0,0.5,1.0,10328,
7112,297472,-5.0,0.0,0.0,0,,,1.0,10328,
7113,297472,-5.0,0.0,0.0,0,,,1.0,10328,
7114,297536,-4.1,0.0,3.03,1,0.0,0.0,1.0,10330,
7115,297600,-3.1,0.0,3.03,1,0.0,0.0,1.0,10332,
7116,297664,-4.0,0.0,0.0,0,,,1.0,10335,
7117,297664,-4.0,0.0,0.0,0,,,1.0,10335,
7118,297728,-11.0,0.0,13.73,7,0.0,1.0,1.0,10340,
7119,297728,-2.1,0.0,15.38,2,0.5,0.5,1.0,10340,
7120,297728,8.6,1.0,4.0,1,0.0,1.0,1.0,10340,
7121,297856,-5.0,0.0,0.0,0,,,1.0,10345,
7122,297856,-5.0,0.0,0.0,0,,,1.0,10345,
7123,297856,-5.0,0.0,0.0,0,,,1.0,10345,
7124,297920,-5.9,0.0,4.88,2,0.0,0.5,1.0,10346,
7125,297984,-5.3,0.0,2.22,1,0.0,0.0,1.0,10348,
7126,298048,-2.0,0.0,8.33,1,0.0,0.0,1.0,10351,
7127,298048,-3.5,0.0,11.76,2,0.5,0.5,1.0,10351,
7128,298048,-5.0,0.0,0.0,0,,,1.0,10351,
7129,298048,-5.0,0.0,0.0,0,,,1.0,10351,
7130,298048,10.8,1.0,0.0,0,,,1.0,10351,
7131,298112,-5.1,0.0,2.33,1,0.0,0.0,1.0,10352,
7132,298112,-5.0,0.0,0.0,0,,,1.0,10352,
7133,298112,11.5,1.0,0.0,0,,,1.0,10352,
7134,298176,-4.0,0.0,0.0,0,,,1.0,10353,
7135,298176,-5.0,0.0,0.0,0,,,1.0,10353,
7136,298176,-6.0,0.0,1.96,1,0.0,1.0,1.0,10353,
7137,298240,-5.0,0.0,0.0,0,,,1.0,10354,
7138,298304,7.8,1.0,8.7,2,0.5,1.0,1.0,10355,
7139,298368,-3.0,0.0,3.12,1,0.0,0.0,1.0,10357,
7140,298496,10.1,1.0,10.0,1,0.0,1.0,1.0,10360,
7141,298496,9.7,1.0,0.0,0,,,1.0,10360,
7142,298560,-5.0,0.0,0.0,0,,,1.0,10361,
7143,298560,-5.0,0.0,0.0,0,,,1.0,10361,
7144,298560,-5.0,0.0,0.0,0,,,1.0,10361,
7145,298752,-5.0,0.0,0.0,0,,,1.0,10364,
7146,298752,-5.0,0.0,0.0,0,,,1.0,10364,
7147,298816,-5.0,0.0,0.0,0,,,1.0,10366,
7148,298816,-2.3,0.0,6.67,1,0.0,0.0,1.0,10366,
7149,298944,-5.0,0.0,0.0,0,,,1.0,10368,
7150,299008,-6.0,0.0,1.96,1,0.0,1.0,1.0,10370,
7151,299008,-3.9,0.0,9.52,2,0.0,0.5,1.0,10370,
7152,299008,-6.0,0.0,3.92,2,0.0,1.0,1.0,10370,
7153,299072,-4.0,0.0,0.0,0,,,1.0,10370,
7154,299136,-4.0,0.0,0.0,0,,,1.0,10370,
7155,299200,-3.4,0.0,12.5,2,0.0,0.5,1.0,10374,
7156,299200,8.1,1.0,0.0,0,,,1.0,10374,
7157,299264,-4.0,0.0,0.0,0,,,1.0,10375,
7158,299264,-5.5,0.0,5.41,2,0.0,0.5,1.0,10375,
7159,299328,5.2,1.0,13.79,4,0.0,1.0,1.0,10379,
7160,299328,-6.5,0.0,4.26,2,0.0,0.5,1.0,10379,
7161,299328,-4.7,0.0,15.79,3,0.0,0.6667,1.0,10379,
7162,299328,-5.0,0.0,0.0,0,,,1.0,10379,
7163,299392,10.7,1.0,0.0,0,,,1.0,10381,
7164,299392,-6.0,0.0,1.96,1,0.0,1.0,1.0,10381,
7165,299392,-5.1,0.0,2.33,1,0.0,0.0,1.0,10381,
7166,299392,-5.0,0.0,0.0,0,,,1.0,10381,
7167,299456,-5.0,0.0,0.0,0,,,1.0,10384,
7168,299456,-2.2,0.0,7.14,1,0.0,0.0,1.0,10384,
7169,299456,-5.6,0.0,2.08,1,0.0,0.0,1.0,10384,
7170,299456,-4.0,0.0,0.0,0,,,1.0,10384,
7171,299584,-10.9,0.0,11.76,6,0.1667,0.8333,1.0,10386,
7172,299648,-6.0,0.0,1.96,1,0.0,1.0,1.0,10387,
7173,299648,-2.8,0.0,3.33,1,0.0,0.0,1.0,10387,
7174,299712,-5.0,0.0,0.0,0,,,1.0,10389,
7175,299776,-4.6,0.0,7.14,2,0.0,0.5,1.0,10392,
7176,299840,-5.0,0.0,0.0,0,,,1.0,10392,
7177,299904,-5.0,0.0,1.96,1,0.0,1.0,1.0,10393,
7178,299904,-5.0,0.0,0.0,0,,,1.0,10393,
7179,299904,-6.0,0.0,1.96,1,0.0,1.0,1.0,10393,
7180,299968,-3.8,0.0,3.33,1,0.0,0.0,1.0,10396,
7181,300032,11.0,1.0,0.0,0,,,1.0,10398,
7182,300032,7.0,1.0,6.45,2,0.0,1.0,1.0,10398,
7183,300096,11.0,1.0,0.0,0,,,1.0,10398,
7184,300224,-3.0,0.0,4.55,1,0.0,0.0,1.0,10403,
7185,300224,-1.7,0.0,11.11,1,0.0,0.0,1.0,10403,
7186,300224,-5.4,0.0,4.35,2,0.5,0.5,1.0,10403,
7187,300288,-5.0,0.0,0.0,0,,,1.0,10404,
7188,300352,-7.0,0.0,3.92,2,0.0,1.0,1.0,10406,
7189,300352,-1.8,0.0,10.0,1,0.0,0.0,1.0,10406,
7190,300352,7.5,1.0,18.75,3,0.0,1.0,1.0,10406,
7191,300480,-4.4,0.0,2.78,1,0.0,0.0,1.0,10409,
7192,300480,-4.3,0.0,2.86,1,0.0,0.0,1.0,10409,
7193,300544,-6.0,0.0,1.96,1,0.0,1.0,1.0,10411,
7194,300544,-5.7,0.0,2.04,1,0.0,0.0,1.0,10411,
7195,300544,-3.9,0.0,3.23,1,0.0,0.0,1.0,10411,
7196,300544,-5.0,0.0,0.0,0,,,1.0,10411,
7197,300544,-5.0,0.0,0.0,0,,,1.0,10411,
7198,300608,4.9,1.0,12.5,4,0.25,1.0,1.0,10412,
7199,300672,-4.7,0.0,2.56,1,0.0,0.0,1.0,10415,
7200,300736,5.4,1.0,8.11,3,0.3333,1.0,1.0,10417,
7201,300736,-5.0,0.0,1.96,1,0.0,1.0,1.0,10417,
7202,300800,-4.0,0.0,0.0,0,,,1.0,10417,
7203,300864,-5.0,0.0,0.0,0,,,1.0,10420,
7204,300864,-5.7,0.0,2.04,1,0.0,0.0,1.0,10420,
7205,300928,-4.0,0.0,0.0,0,,,1.0,10421,
7206,301056,-5.1,0.0,6.06,2,0.0,0.5,1.0,10424,
7207,301120,-5.0,0.0,1.96,1,0.0,1.0,1.0,10427,
7208,301120,-6.2,0.0,4.55,2,0.0,0.5,1.0,10427,
7209,301120,9.9,1.0,8.33,1,0.0,1.0,1.0,10427,
7210,301120,-2.7,0.0,5.26,1,0.0,0.0,1.0,10427,
7211,301184,8.0,1.0,3.23,1,0.0,1.0,1.0,10430,
7212,301184,-6.0,0.0,1.96,1,0.0,1.0,1.0,10430,
7213,301184,-2.3,0.0,4.0,1,0.0,0.0,1.0,10430,
7214,301312,-4.0,0.0,0.0,0,,,1.0,10433,
7215,301312,-7.0,0.0,5.88,3,0.0,1.0,1.0,10433,
7216,301312,-5.0,0.0,0.0,0,,,1.0,10433,
7217,301376,-5.0,0.0,0.0,0,,,1.0,10433,
7218,301376,-5.0,0.0,0.0,0,,,1.0,10433,
7219,301440,-3.3,0.0,4.0,1,0.0,0.0,1.0,10434,
7220,301632,-3.3,0.0,4.0,1,0.0,0.0,1.0,10439,
7221,301696,6.9,1.0,2.38,1,0.0,1.0,1.0,10442,
7222,301696,-1.7,0.0,5.26,1,0.0,0.0,1.0,10442,
7223,301760,5.4,1.0,8.11,3,0.0,1.0,1.0,10442,
7224,301760,-4.0,0.0,0.0,0,,,1.0,10442,
7225,302016,-5.0,0.0,1.96,1,0.0,1.0,1.0,10444,
7226,302016,-3.1,0.0,4.35,1,0.0,0.0,1.0,10444,
7227,302016,-5.0,0.0,0.0,0,,,1.0,10444,
7228,302080,-4.9,0.0,2.44,1,0.0,0.0,1.0,10446,
7229,302080,-4.0,0.0,0.0,0,,,1.0,10446,
7230,302080,-2.5,0.0,3.7,1,0.0,0.0,1.0,10446,
7231,302144,-1.1,0.0,7.69,1,0.0,0.0,1.0,10448,
7232,302144,5.6,1.0,4.44,2,0.0,1.0,1.0,10448,
7233,302208,-2.5,0.0,11.76,2,0.0,0.5,1.0,10449,
7234,302272,-5.0,0.0,0.0,0,,,1.0,10450,
7235,302272,-4.0,0.0,0.0,0,,,1.0,10450,
7236,302272,-4.5,0.0,2.7,1,0.0,0.0,1.0,10450,
7237,302336,-3.3,0.0,4.0,1,0.0,0.0,1.0,10452,
7238,302336,-6.0,0.0,1.96,1,0.0,1.0,1.0,10452,
7239,302336,-2.2,0.0,4.17,1,0.0,0.0,1.0,10452,
7240,302400,9.6,1.0,6.67,1,0.0,1.0,1.0,10452,
7241,302400,-6.0,0.0,1.96,1,0.0,1.0,1.0,10452,
7242,302464,-6.0,0.0,1.96,1,0.0,1.0,1.0,10452,
7243,302528,-5.0,0.0,0.0,0,,,1.0,10456,
7244,302528,-1.1,0.0,7.69,1,0.0,0.0,1.0,10456,
7245,302528,-2.0,0.0,4.55,1,0.0,0.0,1.0,10456,
7246,302528,-3.8,0.0,6.67,2,0.5,0.5,1.0,10456,
7247,302592,-2.0,0.0,4.55,1,0.0,0.0,1.0,10458,
7248,302592,-5.0,0.0,0.0,0,,,1.0,10458,
7249,302592,-5.0,0.0,0.0,0,,,1.0,10458,
7250,302656,-6.0,0.0,1.96,1,0.0,1.0,1.0,10459,
7251,302656,-5.0,0.0,0.0,0,,,1.0,10459,
7252,302656,-1.7,0.0,11.11,1,0.0,0.0,1.0,10459,
7253,302720,-5.0,0.0,0.0,0,,,1.0,10462,
7254,302720,-4.0,0.0,0.0,0,,,1.0,10462,
7255,302720,-3.0,0.0,4.55,1,0.0,0.0,1.0,10462,
7256,302720,-5.0,0.0,0.0,0,,,1.0,10462,
7257,302848,-3.5,0.0,3.7,1,0.0,0.0,1.0,10464,
7258,302912,-6.0,0.0,1.96,1,0.0,1.0,1.0,10468,
7259,302912,-4.5,0.0,2.7,1,0.0,0.0,1.0,10468,
7260,302912,-1.6,0.0,12.5,1,0.0,0.0,1.0,10468,
7261,302976,-4.6,0.0,2.08,1,0.0,0.0,1.0,10469,
7262,303040,-5.0,0.0,0.0,0,,,1.0,10469,
7263,303104,-2.0,0.0,8.33,1,0.0,0.0,1.0,10473,
7264,303104,-4.3,0.0,2.86,1,0.0,0.0,1.0,10473,
7265,303104,-3.9,0.0,2.44,1,0.0,0.0,1.0,10473,
7266,303168,4.9,1.0,12.5,4,0.0,1.0,1.0,10474,
7267,303168,-3.3,0.0,2.86,1,0.0,0.0,1.0,10474,
7268,303232,-7.0,0.0,3.92,2,0.0,1.0,1.0,10474,
7269,303296,8.0,1.0,3.23,1,0.0,1.0,1.0,10475,
7270,303296,-5.0,0.0,0.0,0,,,1.0,10475,
7271,303296,-2.6,0.0,5.56,1,0.0,0.0,1.0,10475,
7272,303360,-5.0,0.0,0.0,0,,,1.0,10476,
7273,303488,-5.0,0.0,0.0,0,,,1.0,10476,
7274,303488,-5.0,0.0,0.0,0,,,1.0,10476,
7275,303488,-6.0,0.0,3.92,2,0.0,1.0,1.0,10476,
7276,303552,-5.0,0.0,0.0,0,,,1.0,10478,
7277,303552,-2.7,0.0,3.45,1,0.0,0.0,1.0,10478,
7278,303616,11.6,1.0,0.0,0,,,1.0,10479,
7279,303616,-2.9,0.0,4.76,1,0.0,0.0,1.0,10479,
7280,303616,-5.0,0.0,0.0,0,,,1.0,10479,
7281,303680,-4.7,0.0,2.04,1,0.0,0.0,1.0,10480,
7282,303808,11.6,1.0,0.0,0,,,1.0,10485,
7283,303808,-2.6,0.0,3.57,1,0.0,0.0,1.0,10485,
7284,303808,-5.0,0.0,0.0,0,,,1.0,10485,
7285,303808,-4.0,0.0,0.0,0,,,1.0,10485,
7286,303808,-1.7,0.0,5.26,1,0.0,0.0,1.0,10485,
7287,303808,-4.0,0.0,3.12,1,0.0,0.0,1.0,10485,
7288,303872,-3.6,0.0,3.57,1,0.0,0.0,1.0,10486,
7289,303936,-4.0,0.0,0.0,0,,,1.0,10488,
7290,304000,-5.0,0.0,0.0,0,,,1.0,10491,
7291,304000,-4.5,0.0,2.7,1,0.0,0.0,1.0,10491,
7292,304128,-6.0,0.0,1.96,1,0.0,1.0,1.0,10491,
7293,304192,-1.1,0.0,7.69,1,0.0,0.0,1.0,10493,
7294,304192,9.7,1.0,0.0,0,,,1.0,10493,
7295,304192,-3.8,0.0,10.0,2,0.0,0.5,1.0,10493,
7296,304256,-4.6,0.0,2.08,1,0.0,0.0,1.0,10496,
7297,304320,-4.0,0.0,0.0,0,,,1.0,10497,
7298,304320,-2.7,0.0,5.26,1,0.0,0.0,1.0,10497,
7299,304384,-4.1,0.0,8.7,2,0.0,0.5,1.0,10498,
7300,304448,-1.8,0.0,10.0,1,0.0,0.0,1.0,10499,
7301,304448,-5.0,0.0,0.0,0,,,1.0,10499,
7302,304576,-2.5,0.0,5.88,1,0.0,0.0,1.0,10501,
7303,304640,-5.0,0.0,1.96,1,0.0,1.0,1.0,10501,
7304,304640,-4.0,0.0,0.0,0,,,1.0,10501,
7305,304704,-3.2,0.0,2.94,1,0.0,0.0,1.0,10503,
7306,304960,4.8,1.0,6.98,3,0.0,1.0,1.0,10509,
7307,305024,-5.0,0.0,0.0,0,,,1.0,10509,
7308,305152,-4.0,0.0,3.12,1,0.0,0.0,1.0,10510,
7309,305216,8.5,1.0,3.85,1,1.0,1.0,1.0,10512,
7310,305216,-8.7,0.0,8.16,4,0.0,0.75,1.0,10512,
7311,305280,-4.0,0.0,0.0,0,,,1.0,10514,
7312,305280,-4.9,0.0,2.44,1,0.0,0.0,1.0,10514,
7313,305280,-1.3,0.0,20.0,1,0.0,0.0,1.0,10514,
7314,305280,-5.0,0.0,0.0,0,,,1.0,10514,
7315,305408,-4.5,0.0,2.7,1,0.0,0.0,1.0,10517,
7316,305408,-2.8,0.0,5.0,1,0.0,0.0,1.0,10517,
7317,305408,-5.0,0.0,2.38,1,0.0,0.0,1.0,10517,
7318,305408,-4.0,0.0,0.0,0,,,1.0,10517,
7319,305536,-4.0,0.0,0.0,0,,,1.0,10520,
7320,305536,-3.5,0.0,7.41,2,0.0,0.5,1.0,10520,
7321,305536,-5.0,0.0,0.0,0,,,1.0,10520,
7322,305600,-5.0,0.0,0.0,0,,,1.0,10521,
7323,305600,-4.0,0.0,0.0,0,,,1.0,10521,
7324,305600,-3.5,0.0,7.41,2,0.0,0.5,1.0,10521,
7325,305664,-5.7,0.0,2.04,1,0.0,0.0,1.0,10523,
7326,305664,-3.4,0.0,3.85,1,0.0,0.0,1.0,10523,
7327,305664,-4.0,0.0,0.0,0,,,1.0,10523,
7328,305664,10.0,1.0,0.0,0,,,1.0,10523,
7329,305728,-5.0,0.0,0.0,0,,,1.0,10523,
7330,305792,-5.6,0.0,2.08,1,0.0,0.0,1.0,10526,
7331,305792,-6.0,0.0,3.92,2,0.0,1.0,1.0,10526,
7332,305792,-5.0,0.0,0.0,0,,,1.0,10526,
7333,305856,10.8,1.0,0.0,0,,,1.0,10528,
7334,305856,-6.0,0.0,1.96,1,0.0,1.0,1.0,10528,
7335,305856,-3.8,0.0,3.33,1,0.0,0.0,1.0,10528,
7336,305856,-5.0,0.0,0.0,0,,,1.0,10528,
7337,305856,-4.3,0.0,2.86,1,0.0,0.0,1.0,10528,
7338,305920,6.8,1.0,6.06,2,0.0,1.0,1.0,10533,
7339,305920,-4.9,0.0,2.44,1,0.0,0.0,1.0,10533,
7340,305920,-5.0,0.0,1.96,1,0.0,1.0,1.0,10533,
7341,305984,-6.0,0.0,3.92,2,0.5,1.0,1.0,10535,
7342,305984,-5.0,0.0,0.0,0,,,1.0,10535,
7343,306112,-4.0,0.0,0.0,0,,,1.0,10537,
7344,306176,-5.0,0.0,0.0,0,,,1.0,10539,
7345,306176,-1.6,0.0,12.5,1,0.0,0.0,1.0,10539,
7346,306240,-6.1,0.0,4.65,2,0.0,0.5,1.0,10541,
7347,306240,-5.0,0.0,0.0,0,,,1.0,10541,
7348,306240,-3.8,0.0,3.33,1,0.0,0.0,1.0,10541,
7349,306304,-5.7,0.0,7.69,3,0.0,0.6667,1.0,10542,
7350,306368,-4.0,0.0,0.0,0,,,1.0,10543,
7351,306432,-4.0,0.0,0.0,0,,,1.0,10544,
7352,306432,-6.0,0.0,1.96,1,0.0,1.0,1.0,10544,
7353,306432,9.2,1.0,22.22,2,0.0,1.0,1.0,10544,
7354,306496,-7.0,0.0,3.92,2,0.0,1.0,1.0,10544,
7355,306560,-6.0,0.0,1.96,1,0.0,1.0,1.0,10546,
7356,306624,5.4,1.0,4.26,2,0.0,1.0,1.0,10548,
7357,306624,-4.3,0.0,2.86,1,0.0,0.0,1.0,10548,
7358,306688,-4.6,0.0,2.63,1,0.0,0.0,1.0,10552,
7359,306688,-1.5,0.0,5.88,1,0.0,0.0,1.0,10552,
7360,306752,-1.9,0.0,4.76,1,0.0,0.0,1.0,10556,
7361,306816,-2.7,0.0,5.26,1,0.0,0.0,1.0,10557,
7362,306816,-6.0,0.0,1.96,1,0.0,1.0,1.0,10557,
7363,306880,-4.0,0.0,0.0,0,,,1.0,10559,
7364,306880,-2.5,0.0,5.88,1,0.0,0.0,1.0,10559,
7365,306944,-6.0,0.0,1.96,1,0.0,1.0,1.0,10559,
7366,306944,10.3,1.0,12.5,1,0.0,1.0,1.0,10559,
7367,307008,-2.6,0.0,3.57,1,0.0,0.0,1.0,10561,
7368,307072,-1.2,0.0,7.14,1,0.0,0.0,1.0,10563,
7369,307072,-5.0,0.0,0.0,0,,,1.0,10563,
7370,307072,-5.0,0.0,0.0,0,,,1.0,10563,
7371,307200,9.7,1.0,0.0,0,,,1.0,10565,
7372,307264,-5.0,0.0,0.0,0,,,1.0,10568,
7373,307264,-1.9,0.0,4.76,1,0.0,0.0,1.0,10568,
7374,307392,-4.1,0.0,3.03,1,0.0,0.0,1.0,10571,
7375,307392,-2.8,0.0,5.0,1,0.0,0.0,1.0,10571,
7376,307456,-6.0,0.0,1.96,1,0.0,1.0,1.0,10573,
7377,307456,-4.0,0.0,0.0,0,,,1.0,10573,
7378,307456,-5.0,0.0,0.0,0,,,1.0,10573,
7379,307456,-4.8,0.0,10.0,3,0.0,0.6667,1.0,10573,
7380,307584,-5.7,0.0,2.04,1,0.0,0.0,1.0,10577,
7381,307584,9.3,1.0,25.0,2,0.5,1.0,1.0,10577,
7382,307648,-1.8,0.0,10.0,1,0.0,0.0,1.0,10579,
7383,307648,9.8,1.0,7.69,1,0.0,1.0,1.0,10579,
7384,307712,-6.0,0.0,1.96,1,0.0,1.0,1.0,10580,
7385,307712,-1.2,0.0,25.0,1,0.0,0.0,1.0,10580,
7386,307840,-7.0,0.0,3.92,2,0.0,1.0,1.0,10580,
7387,307904,-5.0,0.0,0.0,0,,,1.0,10583,
7388,307904,11.3,1.0,0.0,0,,,1.0,10583,
7389,307904,-5.0,0.0,0.0,0,,,1.0,10583,
7390,307904,8.4,1.0,3.7,1,0.0,1.0,1.0,10583,
7391,307968,-5.0,0.0,0.0,0,,,1.0,10585,
7392,307968,-2.2,0.0,7.14,1,0.0,0.0,1.0,10585,
7393,307968,-4.8,0.0,2.5,1,0.0,0.0,1.0,10585,
7394,308096,10.8,1.0,0.0,0,,,1.0,10585,
7395,308224,-2.1,0.0,7.69,1,0.0,0.0,1.0,10587,
7396,308288,-2.4,0.0,6.25,1,0.0,0.0,1.0,10591,
7397,308288,-5.1,0.0,2.33,1,0.0,0.0,1.0,10591,
7398,308352,-4.5,0.0,2.7,1,0.0,0.0,1.0,10593,
7399,308416,-4.0,0.0,0.0,0,,,1.0,10594,
7400,308480,-5.0,0.0,0.0,0,,,1.0,10595,
7401,308544,-4.0,0.0,0.0,0,,,1.0,10596,
7402,308544,-8.0,0.0,5.88,3,0.0,1.0,1.0,10596,
7403,308544,-5.0,0.0,0.0,0,,,1.0,10596,
7404,308544,-3.8,0.0,3.33,1,0.0,0.0,1.0,10596,
7405,308608,-3.4,0.0,3.85,1,0.0,0.0,1.0,10597,
7406,308608,6.8,1.0,6.06,2,0.0,1.0,1.0,10597,
7407,308672,-4.0,0.0,0.0,0,,,1.0,10599,
7408,308672,-4.1,0.0,3.03,1,0.0,0.0,1.0,10599,
7409,308672,-5.0,0.0,0.0,0,,,1.0,10599,
7410,308800,-5.9,0.0,1.96,1,0.0,0.0,1.0,10601,
7411,308864,-5.3,0.0,4.44,2,0.0,0.5,1.0,10604,
7412,308864,10.3,1.0,0.0,0,,,1.0,10604,
7413,308864,-2.2,0.0,7.14,1,0.0,0.0,1.0,10604,
7414,308864,-1.7,0.0,11.11,1,0.0,0.0,1.0,10604,
7415,308864,-6.0,0.0,1.96,1,0.0,1.0,1.0,10604,
7416,308928,-6.0,0.0,1.96,1,0.0,1.0,1.0,10608,
7417,308928,-5.0,0.0,0.0,0,,,1.0,10608,
7418,308928,-5.6,0.0,2.08,1,0.0,0.0,1.0,10608,
7419,308928,-5.8,0.0,2.0,1,0.0,0.0,1.0,10608,
7420,308928,-3.7,0.0,2.56,1,0.0,0.0,1.0,10608,
7421,309056,-5.0,0.0,0.0,0,,,1.0,10611,
7422,309056,-2.9,0.0,4.76,1,0.0,0.0,1.0,10611,
7423,309056,-5.0,0.0,0.0,0,,,1.0,10611,
7424,309120,-8.0,0.0,5.88,3,0.0,1.0,1.0,10615,
7425,309120,9.2,1.0,22.22,2,0.5,1.0,1.0,10615,
7426,309120,-5.0,0.0,0.0,0,,,1.0,10615,
7427,309120,-5.6,0.0,5.26,2,0.0,0.5,1.0,10615,
7428,309120,-5.0,0.0,0.0,0,,,1.0,10615,
7429,309120,-2.2,0.0,7.14,1,0.0,0.0,1.0,10615,
7430,309184,-4.0,0.0,0.0,0,,,1.0,10616,
7431,309184,-6.1,0.0,4.65,2,0.0,0.5,1.0,10616,
7432,309184,10.4,1.0,0.0,0,,,1.0,10616,
7433,309184,-5.0,0.0,0.0,0,,,1.0,10616,
7434,309248,-1.9,0.0,9.09,1,0.0,0.0,1.0,10622,
7435,309248,-4.9,0.0,2.44,1,0.0,0.0,1.0,10622,
7436,309248,-3.9,0.0,9.52,2,0.0,0.5,1.0,10622,
7437,309376,-4.4,0.0,5.56,2,0.0,0.5,1.0,10626,
7438,309376,-4.8,0.0,2.5,1,0.0,0.0,1.0,10626,
7439,309376,7.2,1.0,0.0,0,,,1.0,10626,
7440,309376,-1.5,0.0,14.29,1,0.0,0.0,1.0,10626,
7441,309504,-6.0,0.0,1.96,1,0.0,1.0,1.0,10626,
7442,309504,-5.0,0.0,1.96,1,0.0,1.0,1.0,10626,
7443,309568,-5.0,0.0,0.0,0,,,1.0,10630,
7444,309568,-2.8,0.0,3.33,1,0.0,0.0,1.0,10630,
7445,309632,-7.0,0.0,3.92,2,0.0,1.0,1.0,10630,
7446,309696,7.3,1.0,7.14,2,0.0,1.0,1.0,10630,
7447,309824,11.0,1.0,0.0,0,,,1.0,10631,
7448,309824,-1.7,0.0,5.26,1,0.0,0.0,1.0,10631,
7449,309952,-4.0,0.0,3.12,1,0.0,0.0,1.0,10635,
7450,309952,8.7,1.0,14.29,2,0.0,1.0,1.0,10635,
7451,309952,-5.9,0.0,3.92,2,0.0,0.5,1.0,10635,
7452,310016,-6.0,0.0,1.96,1,0.0,1.0,1.0,10637,
7453,310016,-3.0,0.0,4.55,1,0.0,0.0,1.0,10637,
7454,310080,-2.1,0.0,7.69,1,0.0,0.0,1.0,10640,
7455,310144,-4.0,0.0,0.0,0,,,1.0,10642,
7456,310144,-8.0,0.0,5.88,3,0.0,1.0,1.0,10642,
7457,310208,-5.0,0.0,0.0,0,,,1.0,10643,
7458,310336,-7.3,0.0,6.67,3,0.0,0.6667,1.0,10645,
7459,310464,-3.8,0.0,10.0,2,0.0,0.5,1.0,10649,
7460,310464,-1.6,0.0,12.5,1,0.0,0.0,1.0,10649,
7461,310464,-5.0,0.0,0.0,0,,,1.0,10649,
7462,310592,-2.4,0.0,3.85,1,0.0,0.0,1.0,10653,
7463,310592,-5.7,0.0,2.04,1,0.0,0.0,1.0,10653,
7464,310592,-3.8,0.0,3.33,1,0.0,0.0,1.0,10653,
7465,310720,-5.0,0.0,0.0,0,,,1.0,10655,
7466,310720,-5.1,0.0,2.33,1,0.0,0.0,1.0,10655,
7467,310784,-3.8,0.0,3.33,1,0.0,0.0,1.0,10656,
7468,310848,-3.6,0.0,3.57,1,0.0,0.0,1.0,10657,
7469,310848,-4.0,0.0,0.0,0,,,1.0,10657,
7470,310848,-5.0,0.0,0.0,0,,,1.0,10657,
7471,310912,-4.0,0.0,0.0,0,,,1.0,10661,
7472,310976,-3.5,0.0,7.41,2,0.5,0.5,1.0,10663,
7473,311104,-3.7,0.0,3.45,1,0.0,0.0,1.0,10665,
7474,311104,-5.0,0.0,0.0,0,,,1.0,10665,
7475,311168,-6.0,0.0,1.96,1,0.0,1.0,1.0,10665,
7476,311232,-4.5,0.0,2.7,1,0.0,0.0,1.0,10668,
7477,311232,-4.8,0.0,5.0,2,0.0,0.5,1.0,10668,
7478,311232,-4.0,0.0,0.0,0,,,1.0,10668,
7479,311232,7.8,1.0,3.03,1,1.0,1.0,1.0,10668,
7480,311296,-3.6,0.0,7.14,2,0.0,0.5,1.0,10669,
7481,311488,10.5,1.0,16.67,1,1.0,1.0,1.0,10671,
7482,311552,-5.0,0.0,0.0,0,,,1.0,10672,
7483,311616,-2.1,0.0,4.35,1,0.0,0.0,1.0,10673,
7484,311616,-9.0,0.0,7.84,4,0.0,1.0,1.0,10673,
7485,311680,-0.5,0.0,14.29,1,0.0,0.0,1.0,10676,
7486,311680,-5.0,0.0,9.38,3,0.0,0.6667,1.0,10676,
7487,311680,-5.0,0.0,0.0,0,,,1.0,10676,
7488,311744,-5.0,0.0,0.0,0,,,1.0,10678,
7489,311808,-5.0,0.0,0.0,0,,,1.0,10680,
7490,311808,-5.9,0.0,4.88,2,0.0,0.5,1.0,10680,
7491,311808,-5.4,0.0,2.17,1,0.0,0.0,1.0,10680,
7492,311808,-6.0,0.0,3.92,2,0.0,1.0,1.0,10680,
7493,311872,-5.4,0.0,5.56,2,0.0,0.5,1.0,10681,
7494,311936,-2.7,0.0,10.53,2,0.5,0.5,1.0,10685,
7495,311936,-2.6,0.0,5.56,1,0.0,0.0,1.0,10685,
7496,311936,6.8,1.0,13.04,3,0.3333,1.0,1.0,10685,
7497,311936,-2.8,0.0,3.33,1,0.0,0.0,1.0,10685,
7498,311936,-4.0,0.0,0.0,0,,,1.0,10685,
7499,312000,-5.3,0.0,2.22,1,0.0,0.0,1.0,10688,
7500,312064,10.2,1.0,0.0,0,,,1.0,10690,
7501,312064,-5.0,0.0,0.0,0,,,1.0,10690,
7502,312128,-2.7,0.0,5.26,1,0.0,0.0,1.0,10693,
7503,312128,-5.0,0.0,0.0,0,,,1.0,10693,
7504,312128,-4.5,0.0,2.13,1,0.0,0.0,1.0,10693,
7505,312128,-7.0,0.0,3.92,2,0.0,1.0,1.0,10693,
7506,312192,-5.0,0.0,0.0,0,,,1.0,10696,
7507,312192,-5.0,0.0,0.0,0,,,1.0,10696,
7508,312192,-5.0,0.0,0.0,0,,,1.0,10696,
7509,312256,8.1,1.0,0.0,0,,,1.0,10697,
7510,312256,-3.3,0.0,2.86,1,0.0,0.0,1.0,10697,
7511,312320,-5.0,0.0,0.0,0,,,1.0,10698,
7512,312384,-4.0,0.0,0.0,0,,,1.0,10699,
7513,312384,-4.0,0.0,0.0,0,,,1.0,10699,
7514,312384,8.3,1.0,3.57,1,0.0,1.0,1.0,10699,
7515,312448,-4.0,0.0,0.0,0,,,1.0,10700,
7516,312448,-8.0,0.0,7.84,4,0.0,1.0,1.0,10700,
7517,312576,-1.8,0.0,10.0,1,0.0,0.0,1.0,10702,
7518,312640,-5.0,0.0,0.0,0,,,1.0,10704,
7519,312640,7.8,1.0,23.08,3,0.3333,1.0,1.0,10704,
7520,312640,10.6,1.0,0.0,0,,,1.0,10704,
7521,312640,-6.0,0.0,1.96,1,0.0,1.0,1.0,10704,
7522,312640,-5.0,0.0,0.0,0,,,1.0,10704,
7523,312640,-3.2,0.0,4.17,1,0.0,0.0,1.0,10704,
7524,312640,-4.0,0.0,0.0,0,,,1.0,10704,
7525,312704,-6.1,0.0,6.98,3,0.3333,0.6667,1.0,10706,
7526,312768,-5.0,0.0,0.0,0,,,1.0,10706,
7527,312832,-6.0,0.0,1.96,1,0.0,1.0,1.0,10707,
7528,312832,-4.2,0.0,8.33,2,0.0,0.5,1.0,10707,
7529,312960,10.2,1.0,11.11,1,1.0,1.0,1.0,10713,
7530,312960,-5.3,0.0,2.22,1,0.0,0.0,1.0,10713,
7531,312960,-5.1,0.0,13.04,3,0.0,0.6667,1.0,10713,
7532,313088,-5.0,0.0,0.0,0,,,1.0,10714,
7533,313088,-8.0,0.0,7.84,4,0.0,1.0,1.0,10714,
7534,313088,-2.9,0.0,4.76,1,0.0,0.0,1.0,10714,
7535,313152,5.1,1.0,7.5,3,0.0,1.0,1.0,10715,
7536,313152,10.8,1.0,33.33,1,1.0,1.0,1.0,10715,
7537,313216,-5.5,0.0,2.13,1,0.0,0.0,1.0,10718,
7538,313216,-5.0,0.0,0.0,0,,,1.0,10718,
7539,313216,-5.1,0.0,2.33,1,0.0,0.0,1.0,10718,
7540,313216,-5.1,0.0,2.33,1,0.0,0.0,1.0,10718,
7541,313280,-5.7,0.0,2.04,1,0.0,0.0,1.0,10719,
7542,313344,-2.8,0.0,5.0,1,0.0,0.0,1.0,10721,
7543,313408,-3.8,0.0,2.5,1,0.0,0.0,1.0,10725,
7544,313408,-2.0,0.0,8.33,1,0.0,0.0,1.0,10725,
7545,313408,-2.3,0.0,6.67,1,0.0,0.0,1.0,10725,
7546,313536,11.6,1.0,0.0,0,,,1.0,10727,
7547,313600,-5.0,0.0,0.0,0,,,1.0,10728,
7548,313664,-3.9,0.0,3.23,1,0.0,0.0,1.0,10729,
7549,313728,-3.8,0.0,3.33,1,0.0,0.0,1.0,10732,
7550,313856,-5.0,0.0,0.0,0,,,1.0,10732,
7551,313920,-3.5,0.0,3.7,1,0.0,0.0,1.0,10735,
7552,313984,-1.9,0.0,4.76,1,0.0,0.0,1.0,10738,
7553,313984,-5.0,0.0,0.0,0,,,1.0,10738,
7554,313984,-2.4,0.0,3.85,1,0.0,0.0,1.0,10738,
7555,314048,-3.4,0.0,3.85,1,0.0,0.0,1.0,10739,
7556,314112,-5.0,0.0,0.0,0,,,1.0,10740,
7557,314176,-2.1,0.0,4.35,1,0.0,0.0,1.0,10742,
7558,314176,-6.3,0.0,8.57,3,0.0,0.6667,1.0,10742,
7559,314240,-5.0,0.0,0.0,0,,,1.0,10744,
7560,314240,-3.0,0.0,4.55,1,0.0,0.0,1.0,10744,
7561,314240,6.9,1.0,6.25,2,0.5,1.0,1.0,10744,
7562,314304,-3.2,0.0,4.17,1,0.0,0.0,1.0,10748,
7563,314304,-2.5,0.0,5.88,1,0.0,0.0,1.0,10748,
7564,314432,-2.6,0.0,3.57,1,0.0,0.0,1.0,10752,
7565,314432,-6.0,0.0,3.92,2,0.0,1.0,1.0,10752,
7566,314496,-5.0,0.0,1.96,1,0.0,1.0,1.0,10753,
7567,314496,-5.0,0.0,0.0,0,,,1.0,10753,
7568,314496,-5.0,0.0,0.0,0,,,1.0,10753,
7569,314496,10.4,1.0,0.0,0,,,1.0,10753,
7570,314496,-4.3,0.0,2.86,1,0.0,0.0,1.0,10753,
7571,314560,-3.1,0.0,4.35,1,0.0,0.0,1.0,10755,
7572,314560,8.9,1.0,4.55,1,0.0,1.0,1.0,10755,
7573,314624,-3.9,0.0,3.23,1,0.0,0.0,1.0,10757,
7574,314688,-5.2,0.0,2.27,1,0.0,0.0,1.0,10758,
7575,314816,-6.3,0.0,6.67,3,0.0,0.6667,1.0,10761,
7576,314816,-4.0,0.0,0.0,0,,,1.0,10761,
7577,314880,-5.9,0.0,1.96,1,0.0,0.0,1.0,10764,
7578,314880,-5.6,0.0,2.08,1,0.0,0.0,1.0,10764,
7579,314880,-5.0,0.0,0.0,0,,,1.0,10764,
7580,314880,-3.1,0.0,4.35,1,0.0,0.0,1.0,10764,
7581,314880,7.8,1.0,8.7,2,0.0,1.0,1.0,10764,
7582,314944,-5.0,0.0,0.0,0,,,1.0,10764,
7583,315072,-6.0,0.0,1.96,1,0.0,1.0,1.0,10764,
7584,315200,-5.0,0.0,0.0,0,,,1.0,10765,
7585,315200,-3.8,0.0,3.33,1,0.0,0.0,1.0,10765,
7586,315200,-4.0,0.0,0.0,0,,,1.0,10765,
7587,315264,-3.9,0.0,2.44,1,0.0,0.0,1.0,10766,
7588,315264,-4.0,0.0,0.0,0,,,1.0,10766,
7589,315328,-3.0,0.0,9.09,2,0.0,0.5,1.0,10769,
7590,315328,-5.9,0.0,1.96,1,0.0,0.0,1.0,10769,
7591,315392,-5.0,0.0,0.0,0,,,1.0,10769,
7592,315392,-5.0,0.0,1.96,1,0.0,1.0,1.0,10769,
7593,315392,-5.0,0.0,0.0,0,,,1.0,10769,
7594,315392,-7.0,0.0,3.92,2,0.5,1.0,1.0,10769,
7595,315456,-5.0,0.0,0.0,0,,,1.0,10770,
7596,315520,-5.0,0.0,0.0,0,,,1.0,10771,
7597,315648,-7.0,0.0,5.88,3,0.0,1.0,1.0,10773,
7598,315712,-5.0,0.0,0.0,0,,,1.0,10775,
7599,315776,-2.8,0.0,5.0,1,0.0,0.0,1.0,10778,
7600,315776,-3.2,0.0,4.17,1,0.0,0.0,1.0,10778,
7601,315840,-5.0,0.0,0.0,0,,,1.0,10780,
7602,315904,-5.0,0.0,0.0,0,,,1.0,10780,
7603,315904,-6.0,0.0,1.96,1,0.0,1.0,1.0,10780,
7604,315968,9.4,1.0,0.0,0,,,1.0,10781,
7605,316032,8.8,1.0,15.38,2,0.0,1.0,1.0,10782,
7606,316032,-0.8,0.0,10.0,1,0.0,0.0,1.0,10782,
7607,316096,-2.8,0.0,20.0,2,0.5,0.5,1.0,10783,
7608,316096,-4.0,0.0,0.0,0,,,1.0,10783,
7609,316224,-5.0,0.0,0.0,0,,,1.0,10784,
7610,316224,-8.0,0.0,7.84,4,0.0,1.0,1.0,10784,
7611,316352,-5.0,0.0,0.0,0,,,1.0,10789,
7612,316352,-5.0,0.0,0.0,0,,,1.0,10789,
7613,316352,-3.2,0.0,4.17,1,0.0,0.0,1.0,10789,
7614,316416,-3.2,0.0,4.17,1,0.0,0.0,1.0,10791,
7615,316416,-2.2,0.0,4.17,1,0.0,0.0,1.0,10791,
7616,316416,-5.0,0.0,1.96,1,0.0,1.0,1.0,10791,
7617,316480,-4.3,0.0,2.86,1,0.0,0.0,1.0,10792,
7618,316480,-4.0,0.0,0.0,0,,,1.0,10792,
7619,316480,-5.0,0.0,0.0,0,,,1.0,10792,
7620,316608,-5.1,0.0,2.33,1,0.0,0.0,1.0,10794,
7621,316608,-7.0,0.0,5.88,3,0.3333,1.0,1.0,10794,
7622,316672,-3.2,0.0,2.94,1,0.0,0.0,1.0,10796,
7623,316736,-3.2,0.0,4.17,1,0.0,0.0,1.0,10798,
7624,316800,-5.0,0.0,0.0,0,,,1.0,10800,
7625,316864,-5.0,0.0,0.0,0,,,1.0,10803,
7626,316864,-3.3,0.0,8.0,2,0.0,0.5,1.0,10803,
7627,316928,-5.0,0.0,1.96,1,0.0,1.0,1.0,10803,
7628,316992,-5.0,0.0,0.0,0,,,1.0,10803,
7629,317056,-2.4,0.0,6.25,1,0.0,0.0,1.0,10805,
7630,317120,-4.0,0.0,3.12,1,0.0,0.0,1.0,10806,
7631,317184,-4.1,0.0,2.33,1,0.0,0.0,1.0,10807,
7632,317248,-5.0,0.0,0.0,0,,,1.0,10809,
7633,317248,-5.0,0.0,2.38,1,0.0,0.0,1.0,10809,
7634,317248,-6.0,0.0,1.96,1,0.0,1.0,1.0,10809,
7635,317248,-5.6,0.0,2.08,1,0.0,0.0,1.0,10809,
7636,317248,-5.0,0.0,0.0,0,,,1.0,10809,
7637,317312,-3.0,0.0,4.55,1,0.0,0.0,1.0,10810,
7638,317312,-5.0,0.0,0.0,0,,,1.0,10810,
7639,317376,-5.0,0.0,1.96,1,0.0,1.0,1.0,10811,
7640,317376,-5.2,0.0,2.27,1,0.0,0.0,1.0,10811,
7641,317440,-5.0,0.0,0.0,0,,,1.0,10814,
7642,317440,7.3,1.0,7.14,2,0.5,1.0,1.0,10814,
7643,317440,-3.3,0.0,4.0,1,0.0,0.0,1.0,10814,
7644,317440,-2.7,0.0,5.26,1,0.0,0.0,1.0,10814,
7645,317568,-3.9,0.0,2.44,1,0.0,0.0,1.0,10817,
7646,317568,-4.0,0.0,0.0,0,,,1.0,10817,
7647,317568,-4.0,0.0,0.0,0,,,1.0,10817,
7648,317568,-5.4,0.0,2.17,1,0.0,0.0,1.0,10817,
7649,317568,-4.0,0.0,2.38,1,0.0,0.0,1.0,10817,
7650,317632,-4.3,0.0,2.86,1,0.0,0.0,1.0,10820,
7651,317696,-5.0,0.0,0.0,0,,,1.0,10821,
7652,317696,-2.1,0.0,7.69,1,0.0,0.0,1.0,10821,
7653,317760,-5.0,0.0,0.0,0,,,1.0,10822,
7654,317760,-6.0,0.0,1.96,1,0.0,1.0,1.0,10822,
7655,317760,-4.0,0.0,0.0,0,,,1.0,10822,
7656,317760,-1.6,0.0,5.56,1,0.0,0.0,1.0,10822,
7657,317824,10.3,1.0,12.5,1,0.0,1.0,1.0,10822,
7658,317888,11.6,1.0,0.0,0,,,1.0,10822,
7659,317888,11.0,1.0,0.0,0,,,1.0,10822,
7660,317952,-5.0,0.0,1.96,1,0.0,1.0,1.0,10823,
7661,318016,-1.8,0.0,5.0,1,0.0,0.0,1.0,10824,
7662,318080,-3.4,0.0,3.85,1,0.0,0.0,1.0,10826,
7663,318080,-5.0,0.0,0.0,0,,,1.0,10826,
7664,318144,-5.0,0.0,0.0,0,,,1.0,10827,
7665,318144,-5.0,0.0,0.0,0,,,1.0,10827,
7666,318208,-3.5,0.0,3.7,1,0.0,0.0,1.0,10829,
7667,318208,-5.2,0.0,4.55,2,0.0,0.5,1.0,10829,
7668,318272,-6.2,0.0,8.82,3,0.0,0.6667,1.0,10831,
7669,318272,-6.3,0.0,6.67,3,0.0,0.6667,1.0,10831,
7670,318336,10.7,1.0,0.0,0,,,1.0,10831,
7671,318464,-6.0,0.0,1.96,1,0.0,1.0,1.0,10831,
7672,318528,-6.0,0.0,3.92,2,0.0,1.0,1.0,10832,
7673,318592,-3.4,0.0,3.85,1,0.0,0.0,1.0,10834,
7674,318592,-5.0,0.0,0.0,0,,,1.0,10834,
7675,318592,-2.5,0.0,3.7,1,0.0,0.0,1.0,10834,
7676,318592,-5.0,0.0,0.0,0,,,1.0,10834,
7677,318656,-3.0,0.0,4.55,1,0.0,0.0,1.0,10835,
7678,318720,11.2,1.0,0.0,0,,,1.0,10836,
7679,318720,10.1,1.0,0.0,0,,,1.0,10836,
7680,318720,-2.3,0.0,6.67,1,0.0,0.0,1.0,10836,
7681,318784,-5.0,0.0,0.0,0,,,1.0,10836,
7682,318848,-2.8,0.0,5.0,1,0.0,0.0,1.0,10837,
7683,318912,8.5,1.0,3.85,1,0.0,1.0,1.0,10837,
7684,318976,-4.0,0.0,0.0,0,,,1.0,10837,
7685,319040,-5.0,0.0,0.0,0,,,1.0,10839,
7686,319040,-5.0,0.0,0.0,0,,,1.0,10839,
7687,319040,6.1,1.0,5.0,2,0.5,1.0,1.0,10839,
7688,319040,-5.0,0.0,2.38,1,0.0,0.0,1.0,10839,
7689,319104,-4.7,0.0,2.56,1,0.0,0.0,1.0,10840,
7690,319168,-6.0,0.0,1.96,1,0.0,1.0,1.0,10840,
7691,319232,-4.8,0.0,2.0,1,0.0,0.0,1.0,10842,
7692,319232,-5.0,0.0,0.0,0,,,1.0,10842,
7693,319360,-2.6,0.0,3.57,1,0.0,0.0,1.0,10845,
7694,319360,-4.1,0.0,3.03,1,0.0,0.0,1.0,10845,
7695,319360,-7.0,0.0,3.92,2,0.0,1.0,1.0,10845,
7696,319360,-3.6,0.0,3.57,1,0.0,0.0,1.0,10845,
7697,319424,-3.2,0.0,8.33,2,0.0,0.5,1.0,10848,
7698,319424,-1.1,0.0,7.69,1,0.0,0.0,1.0,10848,
7699,319488,-1.8,0.0,5.0,1,0.0,0.0,1.0,10849,
7700,319488,-4.0,0.0,0.0,0,,,1.0,10849,
7701,319616,-3.2,0.0,2.94,1,0.0,0.0,1.0,10852,
7702,319616,-3.6,0.0,3.57,1,0.0,0.0,1.0,10852,
7703,319616,-5.0,0.0,0.0,0,,,1.0,10852,
7704,319616,-5.0,0.0,0.0,0,,,1.0,10852,
7705,319680,-5.9,0.0,1.96,1,0.0,0.0,1.0,10853,
7706,319680,-5.0,0.0,0.0,0,,,1.0,10853,
7707,319744,-5.4,0.0,2.17,1,0.0,0.0,1.0,10854,
7708,319744,-5.0,0.0,0.0,0,,,1.0,10854,
7709,319808,-3.4,0.0,3.85,1,0.0,0.0,1.0,10855,
7710,319936,10.2,1.0,0.0,0,,,1.0,10855,
7711,319936,-5.0,0.0,0.0,0,,,1.0,10855,
7712,320000,-4.1,0.0,8.7,2,0.0,0.5,1.0,10859,
7713,320000,-4.0,0.0,2.38,1,0.0,0.0,1.0,10859,
7714,320000,-4.5,0.0,2.7,1,0.0,0.0,1.0,10859,
7715,320064,-3.1,0.0,4.35,1,0.0,0.0,1.0,10861,
7716,320256,-5.0,0.0,0.0,0,,,1.0,10866,
7717,320256,-4.0,0.0,3.12,1,0.0,0.0,1.0,10866,
7718,320320,-5.0,0.0,0.0,0,,,1.0,10867,
7719,320384,-5.0,0.0,0.0,0,,,1.0,10869,
7720,320384,-5.0,0.0,2.38,1,0.0,0.0,1.0,10869,
7721,320384,-3.9,0.0,9.52,2,0.0,0.5,1.0,10869,
7722,320512,-5.0,0.0,0.0,0,,,1.0,10872,
7723,320512,-5.0,0.0,0.0,0,,,1.0,10872,
7724,320512,-2.8,0.0,10.0,2,0.0,0.5,1.0,10872,
7725,320512,-4.1,0.0,2.33,1,0.0,0.0,1.0,10872,
7726,320576,11.7,1.0,0.0,0,,,1.0,10874,
7727,320576,-1.6,0.0,5.56,1,0.0,0.0,1.0,10874,
7728,320576,-4.9,0.0,4.88,2,0.0,0.5,1.0,10874,
7729,320640,8.9,1.0,4.55,1,1.0,1.0,1.0,10875,
7730,320640,-4.0,0.0,0.0,0,,,1.0,10875,
7731,320640,-6.0,0.0,3.92,2,0.0,1.0,1.0,10875,
7732,320704,-5.0,0.0,0.0,0,,,1.0,10875,
7733,320768,10.8,1.0,0.0,0,,,1.0,10878,
7734,320768,-2.0,0.0,8.33,1,0.0,0.0,1.0,10878,
7735,320768,-1.4,0.0,16.67,1,0.0,0.0,1.0,10878,
7736,320768,-3.0,0.0,4.55,1,0.0,0.0,1.0,10878,
7737,320832,-5.0,0.0,0.0,0,,,1.0,10880,
7738,320832,-2.5,0.0,5.88,1,0.0,0.0,1.0,10880,
7739,320896,-1.8,0.0,5.0,1,0.0,0.0,1.0,10881,
7740,320960,-5.8,0.0,4.0,2,0.0,0.5,1.0,10882,
7741,320960,-4.0,0.0,0.0,0,,,1.0,10882,
7742,321024,11.3,1.0,0.0,0,,,1.0,10883,
7743,321024,-4.0,0.0,0.0,0,,,1.0,10883,
7744,321152,-3.0,0.0,4.55,1,0.0,0.0,1.0,10886,
7745,321152,-5.0,0.0,0.0,0,,,1.0,10886,
7746,321216,-4.2,0.0,2.94,1,0.0,0.0,1.0,10887,
7747,321280,-5.9,0.0,1.96,1,0.0,0.0,1.0,10890,
7748,321280,7.8,1.0,8.7,2,0.0,1.0,1.0,10890,
7749,321280,-5.4,0.0,2.17,1,0.0,0.0,1.0,10890,
7750,321280,-2.0,0.0,8.33,1,0.0,0.0,1.0,10890,
7751,321344,-2.1,0.0,7.69,1,0.0,0.0,1.0,10893,
7752,321344,-3.6,0.0,2.63,1,0.0,0.0,1.0,10893,
7753,321344,-5.0,0.0,0.0,0,,,1.0,10893,
7754,321344,-5.0,0.0,1.96,1,0.0,1.0,1.0,10893,
7755,321344,11.6,1.0,0.0,0,,,1.0,10893,
7756,321536,-5.0,0.0,0.0,0,,,1.0,10899,
7757,321536,-5.0,0.0,0.0,0,,,1.0,10899,
7758,321536,-4.8,0.0,6.67,2,0.0,0.5,1.0,10899,
7759,321536,-4.2,0.0,2.94,1,0.0,0.0,1.0,10899,
7760,321600,-2.1,0.0,7.69,1,0.0,0.0,1.0,10901,
7761,321728,-6.9,0.0,3.92,2,0.0,0.5,1.0,10903,
7762,321792,-2.4,0.0,12.5,2,0.5,0.5,1.0,10906,
7763,321856,-5.0,0.0,0.0,0,,,1.0,10906,
7764,321856,-6.0,0.0,3.92,2,0.0,1.0,1.0,10906,
7765,321920,-4.0,0.0,0.0,0,,,1.0,10908,
7766,321984,-5.0,0.0,0.0,0,,,1.0,10913,
7767,321984,10.3,1.0,0.0,0,,,1.0,10913,
7768,321984,-1.8,0.0,10.0,1,0.0,0.0,1.0,10913,
7769,321984,-7.0,0.0,5.88,3,0.0,1.0,1.0,10913,
7770,322048,-5.0,0.0,0.0,0,,,1.0,10914,
7771,322048,-3.1,0.0,4.35,1,0.0,0.0,1.0,10914,
7772,322112,-5.0,0.0,1.96,1,0.0,1.0,1.0,10915,
7773,322176,-5.2,0.0,2.27,1,0.0,0.0,1.0,10917,
7774,322176,-3.2,0.0,4.17,1,0.0,0.0,1.0,10917,
7775,322240,-5.0,0.0,0.0,0,,,1.0,10920,
7776,322304,-5.0,0.0,1.96,1,0.0,1.0,1.0,10921,
7777,322304,-5.0,0.0,0.0,0,,,1.0,10921,
7778,322304,-3.4,0.0,3.85,1,0.0,0.0,1.0,10921,
7779,322368,-5.0,0.0,0.0,0,,,1.0,10921,
7780,322432,-5.0,0.0,0.0,0,,,1.0,10922,
7781,322496,-5.3,0.0,2.22,1,0.0,0.0,1.0,10923,
7782,322624,-5.0,0.0,0.0,0,,,1.0,10925,
7783,322688,11.1,1.0,0.0,0,,,1.0,10926,
7784,322688,-4.0,0.0,0.0,0,,,1.0,10926,
7785,322752,-6.0,0.0,3.92,2,0.0,1.0,1.0,10930,
7786,322752,-2.3,0.0,6.67,1,0.0,0.0,1.0,10930,
7787,322752,-2.2,0.0,7.14,1,0.0,0.0,1.0,10930,
7788,322752,-2.1,0.0,4.35,1,0.0,0.0,1.0,10930,
7789,322752,-5.0,0.0,1.96,1,0.0,1.0,1.0,10930,
7790,322752,-3.0,0.0,4.55,1,0.0,0.0,1.0,10930,
7791,322880,-5.0,0.0,0.0,0,,,1.0,10931,
7792,322944,-5.0,0.0,0.0,0,,,1.0,10931,
7793,322944,-7.0,0.0,3.92,2,0.0,1.0,1.0,10931,
7794,322944,9.0,1.0,4.76,1,0.0,1.0,1.0,10931,
7795,323200,-3.5,0.0,2.7,1,0.0,0.0,1.0,10936,
7796,323200,-4.0,0.0,6.25,2,0.0,0.5,1.0,10936,
7797,323200,-5.2,0.0,2.27,1,0.0,0.0,1.0,10936,
7798,323200,-5.0,0.0,0.0,0,,,1.0,10936,
7799,323264,-8.0,0.0,5.88,3,0.0,1.0,1.0,10939,
7800,323264,5.1,1.0,13.33,4,0.25,1.0,1.0,10939,
7801,323264,-6.0,0.0,1.96,1,0.0,1.0,1.0,10939,
7802,323264,-3.2,0.0,4.17,1,0.0,0.0,1.0,10939,
7803,323328,-5.0,0.0,0.0,0,,,1.0,10939,
7804,323520,-4.2,0.0,2.94,1,0.0,0.0,1.0,10943,
7805,323520,-4.0,0.0,0.0,0,,,1.0,10943,
7806,323520,-5.0,0.0,0.0,0,,,1.0,10943,
7807,323520,-2.9,0.0,3.23,1,0.0,0.0,1.0,10943,
7808,323520,-3.0,0.0,4.55,1,0.0,0.0,1.0,10943,
7809,323584,-2.0,0.0,4.55,1,0.0,0.0,1.0,10944,
7810,323648,-5.0,0.0,1.96,1,0.0,1.0,1.0,10945,
7811,323776,-6.0,0.0,1.96,1,0.0,1.0,1.0,10947,
7812,323776,-2.4,0.0,6.25,1,0.0,0.0,1.0,10947,
7813,323840,-5.0,0.0,0.0,0,,,1.0,10948,
7814,323840,-5.0,0.0,0.0,0,,,1.0,10948,
7815,323904,-5.0,0.0,0.0,0,,,1.0,10948,
7816,323968,-2.9,0.0,4.76,1,0.0,0.0,1.0,10950,
7817,323968,-5.9,0.0,1.96,1,0.0,0.0,1.0,10950,
7818,324032,-5.0,0.0,0.0,0,,,1.0,10951,
7819,324032,-5.0,0.0,0.0,0,,,1.0,10951,
7820,324032,-2.9,0.0,4.76,1,0.0,0.0,1.0,10951,
7821,324096,8.0,1.0,9.52,2,0.0,1.0,1.0,10954,
7822,324096,10.2,1.0,11.11,1,0.0,1.0,1.0,10954,
7823,324160,-5.0,0.0,0.0,0,,,1.0,10956,
7824,324224,-2.8,0.0,3.33,1,0.0,0.0,1.0,10957,
7825,324224,-7.0,0.0,5.88,3,0.0,1.0,1.0,10957,
7826,324224,-4.0,0.0,0.0,0,,,1.0,10957,
7827,324288,-6.0,0.0,3.92,2,0.0,1.0,1.0,10958,
7828,324352,-3.3,0.0,4.0,1,0.0,0.0,1.0,10961,
7829,324416,-3.6,0.0,2.63,1,0.0,0.0,1.0,10962,
7830,324416,-4.0,0.0,0.0,0,,,1.0,10962,
7831,324480,-5.0,0.0,1.96,1,0.0,1.0,1.0,10963,
7832,324480,-4.9,0.0,2.44,1,0.0,0.0,1.0,10963,
7833,324544,-2.7,0.0,5.26,1,0.0,0.0,1.0,10964,
7834,324544,-5.0,0.0,0.0,0,,,1.0,10964,
7835,324544,-5.0,0.0,0.0,0,,,1.0,10964,
7836,324544,-5.0,0.0,0.0,0,,,1.0,10964,
7837,324608,-5.0,0.0,0.0,0,,,1.0,10965,
7838,324608,-3.0,0.0,4.55,1,0.0,0.0,1.0,10965,
7839,324736,-2.7,0.0,5.26,1,0.0,0.0,1.0,10969,
7840,324800,-5.0,0.0,1.96,1,0.0,1.0,1.0,10972,
7841,324800,7.7,1.0,21.43,3,0.3333,1.0,1.0,10972,
7842,324800,-4.0,0.0,0.0,0,,,1.0,10972,
7843,324800,-4.0,0.0,0.0,0,,,1.0,10972,
7844,324992,-2.6,0.0,5.56,1,0.0,0.0,1.0,10977,
7845,324992,-3.8,0.0,2.5,1,0.0,0.0,1.0,10977,
7846,324992,-4.0,0.0,3.12,1,0.0,0.0,1.0,10977,
7847,325056,-3.1,0.0,3.03,1,0.0,0.0,1.0,10979,
7848,325120,7.3,1.0,2.63,1,0.0,1.0,1.0,10981,
7849,325120,-5.2,0.0,2.27,1,0.0,0.0,1.0,10981,
7850,325184,-5.0,0.0,0.0,0,,,1.0,10983,
7851,325184,-6.8,0.0,4.0,2,0.0,0.5,1.0,10983,
7852,325248,-5.0,0.0,0.0,0,,,1.0,10988,
7853,325248,-6.0,0.0,1.96,1,0.0,1.0,1.0,10988,
7854,325248,-5.0,0.0,6.25,2,0.0,0.5,1.0,10988,
7855,325312,-8.0,0.0,7.84,4,0.0,1.0,1.0,10989,
7856,325312,5.3,1.0,4.17,2,0.5,1.0,1.0,10989,
7857,325376,-3.7,0.0,3.45,1,0.0,0.0,1.0,10992,
7858,325376,-4.1,0.0,6.06,2,0.0,0.5,1.0,10992,
7859,325440,-3.8,0.0,3.33,1,0.0,0.0,1.0,10995,
7860,325440,-5.0,0.0,0.0,0,,,1.0,10995,
7861,325440,-3.2,0.0,14.29,2,0.0,0.5,1.0,10995,
7862,325504,-4.4,0.0,11.54,3,0.0,0.6667,1.0,10998,
7863,325504,-4.8,0.0,6.67,2,0.0,0.5,1.0,10998,
7864,325504,-3.5,0.0,3.7,1,0.0,0.0,1.0,10998,
7865,325568,-4.2,0.0,8.33,2,0.0,0.5,1.0,11002,
7866,325568,-6.0,0.0,1.96,1,0.0,1.0,1.0,11002,
7867,325632,-5.0,0.0,0.0,0,,,1.0,11004,
7868,325632,6.4,1.0,5.41,2,0.0,1.0,1.0,11004,
7869,325760,-5.9,0.0,1.96,1,0.0,0.0,1.0,11008,
7870,325760,-2.5,0.0,3.7,1,0.0,0.0,1.0,11008,
7871,325824,-3.1,0.0,4.35,1,0.0,0.0,1.0,11009,
7872,325888,-3.0,0.0,4.55,1,0.0,0.0,1.0,11013,
7873,325888,-4.1,0.0,8.7,2,0.0,0.5,1.0,11013,
7874,325888,5.5,1.0,15.38,4,0.25,1.0,1.0,11013,
7875,326016,-5.0,0.0,0.0,0,,,1.0,11014,
7876,326016,-5.0,0.0,0.0,0,,,1.0,11014,
7877,326016,-5.0,0.0,0.0,0,,,1.0,11014,
7878,326144,-7.0,0.0,5.88,3,0.0,1.0,1.0,11020,
7879,326144,-2.6,0.0,5.56,1,0.0,0.0,1.0,11020,
7880,326144,-1.2,0.0,7.14,1,0.0,0.0,1.0,11020,
7881,326208,-5.0,0.0,0.0,0,,,1.0,11020,
7882,326208,10.4,1.0,14.29,1,0.0,1.0,1.0,11020,
7883,326272,-3.5,0.0,3.7,1,0.0,0.0,1.0,11022,
7884,326336,-4.0,0.0,2.38,1,0.0,0.0,1.0,11025,
7885,326336,-3.5,0.0,3.7,1,0.0,0.0,1.0,11025,
7886,326464,-5.0,0.0,0.0,0,,,1.0,11027,
7887,326464,-5.0,0.0,0.0,0,,,1.0,11027,
7888,326528,-5.0,0.0,0.0,0,,,1.0,11027,
7889,326528,-5.0,0.0,0.0,0,,,1.0,11027,
7890,326784,-5.0,0.0,0.0,0,,,1.0,11029,
7891,326784,9.9,1.0,8.33,1,0.0,1.0,1.0,11029,
7892,326848,-3.3,0.0,8.0,2,0.0,0.5,1.0,11031,
7893,326912,-4.0,0.0,2.38,1,0.0,0.0,1.0,11033,
7894,326976,-3.4,0.0,7.69,2,0.0,0.5,1.0,11034,
7895,327040,-3.0,0.0,3.12,1,0.0,0.0,1.0,11038,
7896,327040,10.7,1.0,0.0,0,,,1.0,11038,
7897,327040,-5.0,0.0,0.0,0,,,1.0,11038,
7898,327040,-0.7,0.0,11.11,1,0.0,0.0,1.0,11038,
7899,327040,-7.6,0.0,6.25,3,0.0,0.6667,1.0,11038,
7900,327040,8.5,1.0,0.0,0,,,1.0,11038,
7901,327168,-2.6,0.0,5.56,1,0.0,0.0,1.0,11039,
7902,327232,-3.8,0.0,3.33,1,0.0,0.0,1.0,11043,
7903,327232,-5.0,0.0,1.96,1,0.0,1.0,1.0,11043,
7904,327296,10.8,1.0,0.0,0,,,1.0,11044,
7905,327296,-3.1,0.0,4.35,1,0.0,0.0,1.0,11044,
7906,327296,-6.0,0.0,1.96,1,0.0,1.0,1.0,11044,
7907,327360,-3.7,0.0,3.45,1,0.0,0.0,1.0,11047,
7908,327360,-6.0,0.0,1.96,1,0.0,1.0,1.0,11047,
7909,327360,-4.0,0.0,0.0,0,,,1.0,11047,
7910,327360,-2.6,0.0,3.57,1,0.0,0.0,1.0,11047,
7911,327424,-5.0,0.0,0.0,0,,,1.0,11047,
7912,327488,-4.7,0.0,6.9,2,0.0,0.5,1.0,11048,
7913,327488,-5.0,0.0,0.0,0,,,1.0,11048,
7914,327552,-5.0,0.0,0.0,0,,,1.0,11048,
7915,327616,10.1,1.0,0.0,0,,,1.0,11048,
7916,327680,-5.0,0.0,0.0,0,,,1.0,11049,
7917,327744,-5.0,0.0,0.0,0,,,1.0,11049,
7918,327808,-5.0,0.0,0.0,0,,,1.0,11050,
7919,327808,-5.5,0.0,2.13,1,0.0,0.0,1.0,11050,
7920,327808,-5.0,0.0,0.0,0,,,1.0,11050,
7921,327872,-4.6,0.0,2.63,1,0.0,0.0,1.0,11053,
7922,327872,-4.0,0.0,0.0,0,,,1.0,11053,
7923,327936,-4.1,0.0,2.33,1,0.0,0.0,1.0,11054,
7924,328000,-4.7,0.0,2.56,1,0.0,0.0,1.0,11059,
7925,328000,-2.7,0.0,10.53,2,0.5,0.5,1.0,11059,
7926,328000,-7.1,0.0,6.98,3,0.0,0.6667,1.0,11059,
7927,328000,-4.1,0.0,3.03,1,0.0,0.0,1.0,11059,
7928,328064,7.7,1.0,8.33,2,0.5,1.0,1.0,11061,
7929,328064,-5.0,0.0,0.0,0,,,1.0,11061,
7930,328064,-5.0,0.0,1.96,1,0.0,1.0,1.0,11061,
7931,328064,-7.0,0.0,3.92,2,0.0,1.0,1.0,11061,
7932,328128,-5.5,0.0,2.13,1,0.0,0.0,1.0,11062,
7933,328192,-2.3,0.0,6.67,1,0.0,0.0,1.0,11065,
7934,328192,7.5,1.0,2.78,1,0.0,1.0,1.0,11065,
7935,328192,-4.6,0.0,2.63,1,0.0,0.0,1.0,11065,
7936,328256,-5.0,0.0,0.0,0,,,1.0,11066,
7937,328320,-5.0,0.0,0.0,0,,,1.0,11067,
7938,328384,-5.0,0.0,0.0,0,,,1.0,11068,
7939,328384,7.2,1.0,15.79,3,0.0,1.0,1.0,11068,
7940,328384,-2.5,0.0,5.88,1,0.0,0.0,1.0,11068,
7941,328448,-5.9,0.0,1.96,1,0.0,0.0,1.0,11070,
7942,328640,-5.0,0.0,0.0,0,,,1.0,11072,
7943,328640,-10.0,0.0,9.8,5,0.0,1.0,1.0,11072,
7944,328704,-5.0,0.0,0.0,0,,,1.0,11073,
7945,328704,-5.0,0.0,0.0,0,,,1.0,11073,
7946,328704,-2.4,0.0,3.85,1,0.0,0.0,1.0,11073,
7947,328768,-5.0,0.0,0.0,0,,,1.0,11073,
7948,328832,-4.9,0.0,4.88,2,0.0,0.5,1.0,11077,
7949,328832,-5.0,0.0,0.0,0,,,1.0,11077,
7950,328896,-5.0,0.0,1.96,1,0.0,1.0,1.0,11077,
7951,328960,-2.2,0.0,7.14,1,0.0,0.0,1.0,11080,
7952,329088,-5.2,0.0,2.27,1,0.0,0.0,1.0,11084,
7953,329088,-1.4,0.0,16.67,1,0.0,0.0,1.0,11084,
7954,329152,-5.0,0.0,0.0,0,,,1.0,11085,
7955,329216,10.4,1.0,0.0,0,,,1.0,11087,
7956,329280,-5.0,0.0,0.0,0,,,1.0,11089,
7957,329344,-3.9,0.0,3.23,1,0.0,0.0,1.0,11090,
7958,329408,-3.0,0.0,4.55,1,0.0,0.0,1.0,11092,
7959,329408,-7.0,0.0,5.88,3,0.0,1.0,1.0,11092,
7960,329408,-5.0,0.0,0.0,0,,,1.0,11092,
7961,329472,-4.0,0.0,0.0,0,,,1.0,11093,
7962,329536,-4.0,0.0,3.12,1,0.0,0.0,1.0,11094,
7963,329600,-5.0,0.0,0.0,0,,,1.0,11095,
7964,329664,-2.3,0.0,4.0,1,0.0,0.0,1.0,11096,
7965,329792,-6.5,0.0,14.81,4,0.0,0.75,1.0,11098,
7966,329792,-6.0,0.0,1.96,1,0.0,1.0,1.0,11098,
7967,329920,-4.2,0.0,2.94,1,0.0,0.0,1.0,11101,
7968,330048,-3.0,0.0,9.09,2,0.5,0.5,1.0,11104,
7969,330048,-6.0,0.0,3.92,2,0.0,1.0,1.0,11104,
7970,330048,-5.5,0.0,4.26,2,0.0,0.5,1.0,11104,
7971,330048,-4.1,0.0,3.03,1,0.0,0.0,1.0,11104,
7972,330112,-5.6,0.0,2.08,1,0.0,0.0,1.0,11105,
7973,330112,-5.0,0.0,0.0,0,,,1.0,11105,
7974,330176,-5.0,0.0,0.0,0,,,1.0,11106,
7975,330176,-6.8,0.0,4.0,2,0.0,0.5,1.0,11106,
7976,330304,-4.0,0.0,0.0,0,,,1.0,11108,
7977,330304,-4.0,0.0,0.0,0,,,1.0,11108,
7978,330304,-5.0,0.0,0.0,0,,,1.0,11108,
7979,330304,-3.8,0.0,3.33,1,0.0,0.0,1.0,11108,
7980,330368,-5.2,0.0,4.55,2,0.0,0.5,1.0,11110,
7981,330368,-2.5,0.0,3.7,1,0.0,0.0,1.0,11110,
7982,330432,-4.8,0.0,2.0,1,0.0,0.0,1.0,11114,
7983,330432,-5.6,0.0,2.08,1,0.0,0.0,1.0,11114,
7984,330432,-2.2,0.0,7.14,1,0.0,0.0,1.0,11114,
7985,330432,-4.9,0.0,2.44,1,0.0,0.0,1.0,11114,
7986,330432,11.5,1.0,0.0,0,,,1.0,11114,
7987,330560,-5.0,0.0,0.0,0,,,1.0,11116,
7988,330560,-4.0,0.0,0.0,0,,,1.0,11116,
7989,330560,-4.5,0.0,2.7,1,0.0,0.0,1.0,11116,
7990,330560,-4.0,0.0,2.38,1,0.0,0.0,1.0,11116,
7991,330624,-5.0,0.0,0.0,0,,,1.0,11116,
7992,330624,-4.0,0.0,0.0,0,,,1.0,11116,
7993,330688,-4.0,0.0,2.38,1,0.0,0.0,1.0,11119,
7994,330688,-4.0,0.0,0.0,0,,,1.0,11119,
7995,330752,-2.8,0.0,5.0,1,0.0,0.0,1.0,11122,
7996,330752,-4.0,0.0,0.0,0,,,1.0,11122,
7997,330752,-3.1,0.0,4.35,1,0.0,0.0,1.0,11122,
7998,330880,-5.0,0.0,0.0,0,,,1.0,11122,
7999,330944,-5.0,0.0,0.0,0,,,1.0,11122,
8000,331008,-3.3,0.0,4.0,1,0.0,0.0,1.0,11123,
8001,331072,-6.0,0.0,3.92,2,0.0,1.0,1.0,11125,
8002,331072,-8.0,0.0,5.88,3,0.0,1.0,1.0,11125,
8003,331136,-5.0,0.0,0.0,0,,,1.0,11126,
8004,331136,-5.5,0.0,5.41,2,0.0,0.5,1.0,11126,
8005,331264,-4.5,0.0,2.7,1,0.0,0.0,1.0,11130,
8006,331264,-1.9,0.0,9.09,1,0.0,0.0,1.0,11130,
8007,331264,-6.0,0.0,1.96,1,0.0,1.0,1.0,11130,
8008,331264,-5.0,0.0,0.0,0,,,1.0,11130,
8009,331328,-5.0,0.0,0.0,0,,,1.0,11134,
8010,331328,-2.0,0.0,8.33,1,0.0,0.0,1.0,11134,
8011,331456,-6.0,0.0,1.96,1,0.0,1.0,1.0,11135,
8012,331456,-5.9,0.0,1.96,1,0.0,0.0,1.0,11135,
8013,331520,-5.2,0.0,5.88,2,0.0,0.5,1.0,11136,
8014,331520,-6.0,0.0,3.92,2,0.0,1.0,1.0,11136,
8015,331584,-5.0,0.0,0.0,0,,,1.0,11138,
8016,331648,-4.0,0.0,0.0,0,,,1.0,11141,
8017,331648,-5.0,0.0,0.0,0,,,1.0,11141,
8018,331648,-5.4,0.0,2.17,1,0.0,0.0,1.0,11141,
8019,331712,-0.7,0.0,11.11,1,0.0,0.0,1.0,11143,
8020,331712,-2.3,0.0,6.67,1,0.0,0.0,1.0,11143,
8021,331712,-5.0,0.0,1.96,1,1.0,1.0,1.0,11143,
8022,331904,-2.6,0.0,5.56,1,0.0,0.0,1.0,11146,
8023,331904,-3.6,0.0,7.14,2,0.0,0.5,1.0,11146,
8024,331968,-4.8,0.0,2.5,1,0.0,0.0,1.0,11148,
8025,331968,-5.0,0.0,0.0,0,,,1.0,11148,
8026,332032,-5.4,0.0,4.35,2,0.5,0.5,1.0,11151,
8027,332032,-3.9,0.0,9.52,2,0.0,0.5,1.0,11151,
8028,332096,-5.0,0.0,0.0,0,,,1.0,11152,
8029,332096,-6.0,0.0,1.96,1,0.0,1.0,1.0,11152,
8030,332160,8.8,1.0,15.38,2,0.5,1.0,1.0,11153,
8031,332224,-5.0,0.0,0.0,0,,,1.0,11155,
8032,332224,-1.7,0.0,11.11,1,0.0,0.0,1.0,11155,
8033,332352,-2.5,0.0,3.7,1,0.0,0.0,1.0,11159,
8034,332352,-5.0,0.0,0.0,0,,,1.0,11159,
8035,332352,-2.8,0.0,5.0,1,0.0,0.0,1.0,11159,
8036,332416,-3.9,0.0,3.23,1,0.0,0.0,1.0,11161,
8037,332416,-4.0,0.0,0.0,0,,,1.0,11161,
8038,332480,-4.2,0.0,2.94,1,0.0,0.0,1.0,11163,
8039,332480,-4.0,0.0,0.0,0,,,1.0,11163,
8040,332608,-4.6,0.0,2.63,1,0.0,0.0,1.0,11165,
8041,332672,-5.0,0.0,1.96,1,0.0,1.0,1.0,11166,
8042,332672,-4.3,0.0,2.86,1,0.0,0.0,1.0,11166,
8043,332736,-2.6,0.0,5.56,1,0.0,0.0,1.0,11169,
8044,332864,-4.1,0.0,3.03,1,0.0,0.0,1.0,11174,
8045,332864,-4.0,0.0,0.0,0,,,1.0,11174,
8046,332928,-7.0,0.0,5.88,3,0.0,1.0,1.0,11176,
8047,332928,-3.0,0.0,4.55,1,0.0,0.0,1.0,11176,
8048,332992,-0.8,0.0,10.0,1,0.0,0.0,1.0,11178,
8049,333056,-5.0,0.0,0.0,0,,,1.0,11180,
8050,333056,-6.0,0.0,1.96,1,0.0,1.0,1.0,11180,
8051,333184,-4.0,0.0,0.0,0,,,1.0,11183,
8052,333248,-4.3,0.0,2.86,1,0.0,0.0,1.0,11186,
8053,333248,-3.9,0.0,3.23,1,0.0,0.0,1.0,11186,
8054,333312,-5.0,0.0,0.0,0,,,1.0,11188,
8055,333312,-5.0,0.0,0.0,0,,,1.0,11188,
8056,333312,-5.0,0.0,0.0,0,,,1.0,11188,
8057,333376,-6.0,0.0,3.92,2,0.0,1.0,1.0,11189,
8058,333440,-1.7,0.0,5.26,1,0.0,0.0,1.0,11191,
8059,333440,-5.5,0.0,4.26,2,0.0,0.5,1.0,11191,
8060,333440,-4.0,0.0,0.0,0,,,1.0,11191,
8061,333504,-2.5,0.0,5.88,1,0.0,0.0,1.0,11192,
8062,333568,-6.0,0.0,1.96,1,0.0,1.0,1.0,11193,
8063,333568,-5.0,0.0,0.0,0,,,1.0,11193,
8064,333568,-4.0,0.0,0.0,0,,,1.0,11193,
8065,333632,-4.0,0.0,0.0,0,,,1.0,11196,
8066,333632,-2.8,0.0,5.0,1,0.0,0.0,1.0,11196,
8067,333632,-5.0,0.0,0.0,0,,,1.0,11196,
8068,333696,10.4,1.0,0.0,0,,,1.0,11199,
8069,333696,-6.9,0.0,5.88,3,0.3333,0.6667,1.0,11199,
8070,333696,-5.0,0.0,0.0,0,,,1.0,11199,
8071,333760,-0.3,0.0,20.0,1,0.0,0.0,1.0,11201,
8072,333760,-3.0,0.0,3.12,1,0.0,0.0,1.0,11201,
8073,333824,-7.0,0.0,3.92,2,0.0,1.0,1.0,11203,
8074,333824,-3.5,0.0,3.7,1,0.0,0.0,1.0,11203,
8075,333824,-2.0,0.0,8.33,1,0.0,0.0,1.0,11203,
8076,333824,-5.0,0.0,0.0,0,,,1.0,11203,
8077,333888,5.7,1.0,16.67,4,0.0,1.0,1.0,11206,
8078,333888,-2.7,0.0,3.45,1,0.0,0.0,1.0,11206,
8079,333888,-3.9,0.0,6.45,2,0.5,0.5,1.0,11206,
8080,333888,3.4,1.0,13.51,5,0.4,1.0,1.0,11206,
8081,333888,-11.0,0.0,13.73,7,0.0,1.0,1.0,11206,
8082,333952,-5.0,0.0,0.0,0,,,1.0,11208,
8083,334016,11.5,1.0,0.0,0,,,1.0,11210,
8084,334016,-1.6,0.0,5.56,1,0.0,0.0,1.0,11210,
8085,334080,-4.4,0.0,2.17,1,0.0,0.0,1.0,11211,
8086,334144,2.9,1.0,11.9,5,0.2,1.0,1.0,11213,
8087,334144,-5.0,0.0,0.0,0,,,1.0,11213,
8088,334144,-3.7,0.0,2.56,1,0.0,0.0,1.0,11213,
8089,334208,8.1,1.0,10.0,2,0.0,1.0,1.0,11215,
8090,334208,-4.3,0.0,2.86,1,0.0,0.0,1.0,11215,
8091,334208,-3.4,0.0,2.78,1,0.0,0.0,1.0,11215,
8092,334208,-6.0,0.0,3.92,2,0.0,1.0,1.0,11215,
8093,334272,-1.8,0.0,10.0,1,0.0,0.0,1.0,11216,
8094,334336,11.1,1.0,0.0,0,,,1.0,11218,
8095,334336,-4.0,0.0,0.0,0,,,1.0,11218,
8096,334336,-3.7,0.0,3.45,1,0.0,0.0,1.0,11218,
8097,334464,-2.6,0.0,5.56,1,0.0,0.0,1.0,11223,
8098,334464,-5.1,0.0,2.33,1,0.0,0.0,1.0,11223,
8099,334464,-1.9,0.0,9.09,1,0.0,0.0,1.0,11223,
8100,334464,-1.3,0.0,20.0,1,0.0,0.0,1.0,11223,
8101,334528,-5.0,0.0,1.96,1,0.0,1.0,1.0,11225,
8102,334528,-5.0,0.0,0.0,0,,,1.0,11225,
8103,334528,-4.0,0.0,0.0,0,,,1.0,11225,
8104,334592,-5.0,0.0,0.0,0,,,1.0,11227,
8105,334592,9.5,1.0,0.0,0,,,1.0,11227,
8106,334656,-2.1,0.0,7.69,1,0.0,0.0,1.0,11230,
8107,334720,-2.4,0.0,12.5,2,0.5,0.5,1.0,11232,
8108,334720,-1.8,0.0,10.0,1,0.0,0.0,1.0,11232,
8109,334720,-6.0,0.0,3.92,2,0.0,1.0,1.0,11232,
8110,334848,-3.7,0.0,3.45,1,0.0,0.0,1.0,11234,
8111,334912,-2.4,0.0,6.25,1,0.0,0.0,1.0,11236,
8112,334912,-5.0,0.0,0.0,0,,,1.0,11236,
8113,334912,10.6,1.0,20.0,1,0.0,1.0,1.0,11236,
8114,334976,-4.0,0.0,0.0,0,,,1.0,11237,
8115,335104,-4.5,0.0,2.7,1,0.0,0.0,1.0,11240,
8116,335104,-2.7,0.0,5.26,1,0.0,0.0,1.0,11240,
8117,335104,6.5,1.0,2.17,1,0.0,1.0,1.0,11240,
8118,335168,-3.9,0.0,3.23,1,0.0,0.0,1.0,11242,
8119,335168,-2.8,0.0,3.33,1,0.0,0.0,1.0,11242,
8120,335232,-5.1,0.0,2.33,1,0.0,0.0,1.0,11245,
8121,335232,-5.0,0.0,0.0,0,,,1.0,11245,
8122,335296,-5.0,0.0,0.0,0,,,1.0,11245,
8123,335360,-2.1,0.0,4.35,1,0.0,0.0,1.0,11246,
8124,335360,-4.0,0.0,0.0,0,,,1.0,11246,
8125,335424,-2.7,0.0,5.26,1,0.0,0.0,1.0,11249,
8126,335488,-5.2,0.0,2.27,1,0.0,0.0,1.0,11250,
8127,335488,-7.0,0.0,5.88,3,0.0,1.0,1.0,11250,
8128,335680,-6.0,0.0,1.96,1,0.0,1.0,1.0,11252,
8129,335744,-3.8,0.0,3.33,1,0.0,0.0,1.0,11256,
8130,335744,-3.9,0.0,3.23,1,0.0,0.0,1.0,11256,
8131,335872,-1.7,0.0,5.26,1,0.0,0.0,1.0,11258,
8132,335872,-3.4,0.0,7.69,2,0.0,0.5,1.0,11258,
8133,335936,-6.0,0.0,1.96,1,0.0,1.0,1.0,11260,
8134,336000,3.5,1.0,13.89,5,0.0,1.0,1.0,11261,
8135,336000,-4.6,0.0,7.14,2,0.0,0.5,1.0,11261,
8136,336064,-2.6,0.0,5.56,1,0.0,0.0,1.0,11263,
8137,336128,-5.0,0.0,0.0,0,,,1.0,11263,
8138,336256,-5.1,0.0,4.65,2,0.0,0.5,1.0,11264,
8139,336320,-5.0,0.0,1.96,1,0.0,1.0,1.0,11267,
8140,336320,-3.9,0.0,3.23,1,0.0,0.0,1.0,11267,
8141,336320,-4.7,0.0,6.9,2,0.0,0.5,1.0,11267,
8142,336384,-4.5,0.0,2.7,1,0.0,0.0,1.0,11269,
8143,336448,-3.5,0.0,11.76,2,0.0,0.5,1.0,11271,
8144,336448,-2.3,0.0,6.67,1,0.0,0.0,1.0,11271,
8145,336512,-2.9,0.0,4.76,1,0.0,0.0,1.0,11273,
8146,336512,-5.0,0.0,0.0,0,,,1.0,11273,
8147,336576,-3.4,0.0,3.85,1,0.0,0.0,1.0,11275,
8148,336576,-3.3,0.0,4.0,1,0.0,0.0,1.0,11275,
8149,336576,-5.0,0.0,0.0,0,,,1.0,11275,
8150,336576,-5.0,0.0,0.0,0,,,1.0,11275,
8151,336640,-5.1,0.0,2.33,1,0.0,0.0,1.0,11276,
8152,336640,-7.0,0.0,3.92,2,0.0,1.0,1.0,11276,
8153,336704,-4.2,0.0,2.94,1,0.0,0.0,1.0,11278,
8154,336704,-5.0,0.0,0.0,0,,,1.0,11278,
8155,336704,-6.0,0.0,3.92,2,0.0,1.0,1.0,11278,
8156,336832,-6.0,0.0,1.96,1,1.0,1.0,1.0,11280,
8157,336832,-5.0,0.0,0.0,0,,,1.0,11280,
8158,336832,-5.0,0.0,0.0,0,,,1.0,11280,
8159,336832,-3.1,0.0,3.03,1,0.0,0.0,1.0,11280,
8160,336896,-6.0,0.0,1.96,1,0.0,1.0,1.0,11280,
8161,336960,-2.4,0.0,6.25,1,0.0,0.0,1.0,11281,
8162,337024,-4.1,0.0,2.33,1,0.0,0.0,1.0,11286,
8163,337024,-2.8,0.0,3.33,1,0.0,0.0,1.0,11286,
8164,337088,-5.0,0.0,0.0,0,,,1.0,11289,
8165,337088,-5.1,0.0,2.33,1,0.0,0.0,1.0,11289,
8166,337088,-2.7,0.0,5.26,1,0.0,0.0,1.0,11289,
8167,337088,-4.0,0.0,0.0,0,,,1.0,11289,
8168,337152,-4.0,0.0,3.12,1,0.0,0.0,1.0,11292,
8169,337152,6.7,1.0,2.27,1,0.0,1.0,1.0,11292,
8170,337152,-5.0,0.0,0.0,0,,,1.0,11292,
8171,337152,-1.8,0.0,5.0,1,0.0,0.0,1.0,11292,
8172,337216,-6.0,0.0,1.96,1,0.0,1.0,1.0,11292,
8173,337216,9.8,1.0,0.0,0,,,1.0,11292,
8174,337280,-3.6,0.0,3.57,1,0.0,0.0,1.0,11294,
8175,337280,-4.0,0.0,0.0,0,,,1.0,11294,
8176,337344,10.9,1.0,0.0,0,,,1.0,11295,
8177,337408,11.0,1.0,0.0,0,,,1.0,11295,
8178,337408,-6.0,0.0,1.96,1,0.0,1.0,1.0,11295,
8179,337408,-5.0,0.0,0.0,0,,,1.0,11295,
8180,337472,-5.0,0.0,0.0,0,,,1.0,11296,
8181,337536,-5.2,0.0,2.27,1,0.0,0.0,1.0,11297,
8182,337664,-1.6,0.0,5.56,1,0.0,0.0,1.0,11301,
8183,337664,-4.3,0.0,2.86,1,0.0,0.0,1.0,11301,
8184,337664,11.5,1.0,0.0,0,,,1.0,11301,
8185,337664,-5.1,0.0,2.33,1,0.0,0.0,1.0,11301,
8186,337728,-4.0,0.0,0.0,0,,,1.0,11303,
8187,337728,-5.0,0.0,0.0,0,,,1.0,11303,
8188,337728,-5.8,0.0,2.0,1,0.0,0.0,1.0,11303,
8189,337728,-5.0,0.0,0.0,0,,,1.0,11303,
8190,337728,8.0,1.0,9.52,2,0.0,1.0,1.0,11303,
8191,337792,-7.0,0.0,3.92,2,0.0,1.0,1.0,11304,
8192,337792,-2.6,0.0,5.56,1,0.0,0.0,1.0,11304,
8193,337856,-5.0,0.0,0.0,0,,,1.0,11305,
8194,337856,-3.4,0.0,12.5,2,0.0,0.5,1.0,11305,
8195,337984,-5.0,0.0,0.0,0,,,1.0,11307,
8196,337984,-1.6,0.0,5.56,1,0.0,0.0,1.0,11307,
8197,337984,-2.0,0.0,8.33,1,0.0,0.0,1.0,11307,
8198,338112,-5.0,0.0,0.0,0,,,1.0,11309,
8199,338112,-4.3,0.0,2.22,1,0.0,0.0,1.0,11309,
8200,338240,10.4,1.0,0.0,0,,,1.0,11311,
8201,338240,-2.5,0.0,5.88,1,0.0,0.0,1.0,11311,
8202,338304,-4.4,0.0,2.78,1,0.0,0.0,1.0,11315,
8203,338368,-7.0,0.0,3.92,2,0.0,1.0,1.0,11316,
8204,338368,6.2,1.0,2.04,1,0.0,1.0,1.0,11316,
8205,338368,-1.7,0.0,11.11,1,0.0,0.0,1.0,11316,
8206,338432,-5.0,0.0,0.0,0,,,1.0,11320,
8207,338432,-2.8,0.0,20.0,2,0.0,0.5,1.0,11320,
8208,338432,-2.0,0.0,8.33,1,0.0,0.0,1.0,11320,
8209,338496,-4.2,0.0,2.94,1,0.0,0.0,1.0,11321,
8210,338560,-2.9,0.0,3.23,1,0.0,0.0,1.0,11323,
8211,338560,-6.0,0.0,3.92,2,0.0,1.0,1.0,11323,
8212,338624,-2.0,0.0,8.33,1,0.0,0.0,1.0,11324,
8213,338624,-5.0,0.0,0.0,0,,,1.0,11324,
8214,338688,5.0,1.0,12.9,4,0.25,1.0,1.0,11326,
8215,338944,-2.8,0.0,5.0,1,0.0,0.0,1.0,11330,
8216,338944,11.7,1.0,0.0,0,,,1.0,11330,
8217,338944,-5.0,0.0,0.0,0,,,1.0,11330,
8218,339008,-1.8,0.0,5.0,1,0.0,0.0,1.0,11331,
8219,339008,-5.0,0.0,0.0,0,,,1.0,11331,
8220,339264,-5.0,0.0,0.0,0,,,1.0,11336,
8221,339264,-5.2,0.0,2.27,1,0.0,0.0,1.0,11336,
8222,339328,-6.0,0.0,3.92,2,0.5,1.0,1.0,11338,
8223,339328,-2.9,0.0,4.76,1,0.0,0.0,1.0,11338,
8224,339328,-2.2,0.0,7.14,1,0.0,0.0,1.0,11338,
8225,339392,-7.0,0.0,3.92,2,0.0,1.0,1.0,11340,
8226,339520,-7.0,0.0,3.92,2,0.0,1.0,1.0,11342,
8227,339520,-5.4,0.0,2.17,1,0.0,0.0,1.0,11342,
8228,339520,8.8,1.0,0.0,0,,,1.0,11342,
8229,339584,-5.1,0.0,2.33,1,0.0,0.0,1.0,11343,
8230,339584,-5.0,0.0,0.0,0,,,1.0,11343,
8231,339584,-7.0,0.0,3.92,2,0.0,1.0,1.0,11343,
8232,339648,-4.3,0.0,2.86,1,0.0,0.0,1.0,11345,
8233,339712,-1.9,0.0,9.09,1,0.0,0.0,1.0,11347,
8234,339712,-3.3,0.0,4.0,1,0.0,0.0,1.0,11347,
8235,339712,10.3,1.0,0.0,0,,,1.0,11347,
8236,339712,-5.0,0.0,0.0,0,,,1.0,11347,
8237,339776,-5.0,0.0,0.0,0,,,1.0,11350,
8238,339776,-3.1,0.0,4.35,1,0.0,0.0,1.0,11350,
8239,339840,-5.0,0.0,0.0,0,,,1.0,11353,
8240,339840,-1.7,0.0,11.11,1,0.0,0.0,1.0,11353,
8241,339840,-5.4,0.0,2.17,1,0.0,0.0,1.0,11353,
8242,339904,-3.3,0.0,2.86,1,0.0,0.0,1.0,11355,
8243,339904,-6.0,0.0,3.92,2,0.5,1.0,1.0,11355,
8244,339968,-5.0,0.0,0.0,0,,,1.0,11357,
8245,339968,11.2,1.0,0.0,0,,,1.0,11357,
8246,340096,-5.0,0.0,0.0,0,,,1.0,11357,
8247,340160,-3.8,0.0,3.33,1,0.0,0.0,1.0,11361,
8248,340160,-5.2,0.0,5.88,2,0.0,0.5,1.0,11361,
8249,340224,-3.7,0.0,3.45,1,0.0,0.0,1.0,11362,
8250,340224,-5.0,0.0,0.0,0,,,1.0,11362,
8251,340288,-4.0,0.0,0.0,0,,,1.0,11362,
8252,340288,-5.0,0.0,0.0,0,,,1.0,11362,
8253,340352,-5.0,0.0,0.0,0,,,1.0,11364,
8254,340352,-3.8,0.0,3.33,1,0.0,0.0,1.0,11364,
8255,340352,-5.0,0.0,0.0,0,,,1.0,11364,
8256,340352,-5.0,0.0,0.0,0,,,1.0,11364,
8257,340352,-5.0,0.0,0.0,0,,,1.0,11364,
8258,340352,-3.9,0.0,2.44,1,0.0,0.0,1.0,11364,
8259,340416,-6.0,0.0,1.96,1,0.0,1.0,1.0,11366,
8260,340416,-5.0,0.0,1.96,1,1.0,1.0,1.0,11366,
8261,340480,-5.0,0.0,1.96,1,0.0,1.0,1.0,11367,
8262,340544,-5.5,0.0,2.13,1,0.0,0.0,1.0,11369,
8263,340544,-6.0,0.0,1.96,1,0.0,1.0,1.0,11369,
8264,340608,-4.0,0.0,0.0,0,,,1.0,11369,
8265,340672,-9.0,0.0,7.84,4,0.0,1.0,1.0,11371,
8266,340672,-7.5,0.0,8.51,4,0.0,0.75,1.0,11371,
8267,340736,-5.0,0.0,0.0,0,,,1.0,11371,
8268,340800,-4.6,0.0,2.08,1,0.0,0.0,1.0,11373,
8269,340992,-5.0,0.0,0.0,0,,,1.0,11380,
8270,340992,8.4,1.0,42.86,3,0.0,1.0,1.0,11380,
8271,340992,-5.0,0.0,0.0,0,,,1.0,11380,
8272,340992,-3.6,0.0,2.63,1,0.0,0.0,1.0,11380,
8273,341056,-2.9,0.0,4.76,1,0.0,0.0,1.0,11381,
8274,341120,-5.0,0.0,0.0,0,,,1.0,11382,
8275,341120,-4.7,0.0,2.56,1,0.0,0.0,1.0,11382,
8276,341184,-3.3,0.0,4.0,1,0.0,0.0,1.0,11384,
8277,341184,-2.1,0.0,7.69,1,0.0,0.0,1.0,11384,
8278,341248,-5.0,0.0,0.0,0,,,1.0,11385,
8279,341248,-4.3,0.0,2.86,1,0.0,0.0,1.0,11385,
8280,341312,-3.2,0.0,4.17,1,0.0,0.0,1.0,11386,
8281,341376,-7.0,0.0,3.92,2,0.0,1.0,1.0,11387,
8282,341376,-2.8,0.0,5.0,1,0.0,0.0,1.0,11387,
8283,341504,5.7,1.0,8.82,3,0.3333,1.0,1.0,11390,
8284,341504,-5.0,0.0,0.0,0,,,1.0,11390,
8285,341504,-5.3,0.0,2.22,1,0.0,0.0,1.0,11390,
8286,341568,-2.7,0.0,5.26,1,0.0,0.0,1.0,11392,
8287,341632,-9.0,0.0,7.84,4,0.0,1.0,1.0,11392,
8288,341632,-5.0,0.0,0.0,0,,,1.0,11392,
8289,341696,-4.0,0.0,0.0,0,,,1.0,11394,
8290,341696,-1.9,0.0,9.09,1,0.0,0.0,1.0,11394,
8291,341760,-6.0,0.0,3.92,2,0.0,1.0,1.0,11396,
8292,341760,-4.2,0.0,2.94,1,0.0,0.0,1.0,11396,
8293,341824,-4.4,0.0,2.78,1,0.0,0.0,1.0,11399,
8294,341824,-4.0,0.0,3.12,1,0.0,0.0,1.0,11399,
8295,341888,-1.8,0.0,10.0,1,0.0,0.0,1.0,11401,
8296,341952,-3.6,0.0,3.57,1,0.0,0.0,1.0,11403,
8297,341952,-4.1,0.0,3.03,1,0.0,0.0,1.0,11403,
8298,342016,-5.4,0.0,5.56,2,0.5,0.5,1.0,11405,
8299,342208,-4.0,0.0,0.0,0,,,1.0,11405,
8300,342208,-5.0,0.0,0.0,0,,,1.0,11405,
8301,342208,-5.0,0.0,1.96,1,0.0,1.0,1.0,11405,
8302,342272,-3.3,0.0,4.0,1,0.0,0.0,1.0,11408,
8303,342336,-4.2,0.0,2.27,1,0.0,0.0,1.0,11411,
8304,342336,-2.9,0.0,3.23,1,0.0,0.0,1.0,11411,
8305,342400,-4.7,0.0,2.56,1,0.0,0.0,1.0,11414,
8306,342400,-5.2,0.0,5.88,2,0.5,0.5,1.0,11414,
8307,342464,8.8,1.0,4.35,1,0.0,1.0,1.0,11414,
8308,342528,-5.0,0.0,0.0,0,,,1.0,11414,
8309,342592,-5.0,0.0,1.96,1,0.0,1.0,1.0,11415,
8310,342592,-5.0,0.0,1.96,1,0.0,1.0,1.0,11415,
8311,342656,-3.8,0.0,3.33,1,0.0,0.0,1.0,11418,
8312,342656,-0.4,0.0,16.67,1,0.0,0.0,1.0,11418,
8313,342720,-2.0,0.0,8.33,1,0.0,0.0,1.0,11423,
8314,342720,-5.3,0.0,4.44,2,0.0,0.5,1.0,11423,
8315,342784,-7.0,0.0,5.88,3,0.0,1.0,1.0,11425,
8316,342848,-4.2,0.0,2.94,1,0.0,0.0,1.0,11427,
8317,342848,-5.0,0.0,1.96,1,0.0,1.0,1.0,11427,
8318,342912,-5.0,0.0,0.0,0,,,1.0,11429,
8319,342976,-5.0,0.0,0.0,0,,,1.0,11430,
8320,342976,-5.0,0.0,0.0,0,,,1.0,11430,
8321,343104,-2.0,0.0,4.55,1,0.0,0.0,1.0,11432,
8322,343104,-6.0,0.0,3.92,2,0.0,1.0,1.0,11432,
8323,343168,-5.0,0.0,0.0,0,,,1.0,11433,
8324,343232,-5.0,0.0,0.0,0,,,1.0,11434,
8325,343232,-6.0,0.0,1.96,1,0.0,1.0,1.0,11434,
8326,343232,7.6,1.0,8.0,2,0.5,1.0,1.0,11434,
8327,343296,-3.1,0.0,4.35,1,0.0,0.0,1.0,11435,
8328,343360,-3.7,0.0,3.45,1,0.0,0.0,1.0,11437,
8329,343360,-2.4,0.0,6.25,1,0.0,0.0,1.0,11437,
8330,343424,9.6,1.0,6.67,1,0.0,1.0,1.0,11438,
8331,343424,-5.0,0.0,0.0,0,,,1.0,11438,
8332,343488,-5.0,0.0,0.0,0,,,1.0,11439,
8333,343552,-5.0,0.0,0.0,0,,,1.0,11439,
8334,343552,-4.0,0.0,0.0,0,,,1.0,11439,
8335,343616,-5.0,0.0,0.0,0,,,1.0,11441,
8336,343616,-5.0,0.0,0.0,0,,,1.0,11441,
8337,343616,-1.8,0.0,10.0,1,0.0,0.0,1.0,11441,
8338,343616,-6.0,0.0,1.96,1,0.0,1.0,1.0,11441,
8339,343680,-4.2,0.0,2.94,1,0.0,0.0,1.0,11447,
8340,343680,-2.4,0.0,6.25,1,0.0,0.0,1.0,11447,
8341,343680,-5.0,0.0,0.0,0,,,1.0,11447,
8342,343680,-5.0,0.0,0.0,0,,,1.0,11447,
8343,343680,-1.7,0.0,11.11,1,0.0,0.0,1.0,11447,
8344,343680,-2.6,0.0,5.56,1,0.0,0.0,1.0,11447,
8345,343744,-5.0,0.0,0.0,0,,,1.0,11451,
8346,343744,-4.9,0.0,2.44,1,0.0,0.0,1.0,11451,
8347,343744,-2.0,0.0,4.55,1,0.0,0.0,1.0,11451,
8348,343744,-0.6,0.0,12.5,1,0.0,0.0,1.0,11451,
8349,343808,-5.0,0.0,0.0,0,,,1.0,11452,
8350,343808,-3.9,0.0,2.44,1,0.0,0.0,1.0,11452,
8351,343872,-5.0,0.0,0.0,0,,,1.0,11452,
8352,343872,9.5,1.0,0.0,0,,,1.0,11452,
8353,343936,-4.4,0.0,2.17,1,0.0,0.0,1.0,11453,
8354,344000,11.5,1.0,0.0,0,,,1.0,11454,
8355,344000,-7.5,0.0,6.38,3,0.0,0.6667,1.0,11454,
8356,344064,-2.0,0.0,8.33,1,0.0,0.0,1.0,11456,
8357,344064,-5.0,0.0,1.96,1,0.0,1.0,1.0,11456,
8358,344128,-5.6,0.0,2.08,1,0.0,0.0,1.0,11460,
8359,344128,-4.2,0.0,12.5,3,0.0,0.6667,1.0,11460,
8360,344128,-3.4,0.0,12.5,2,0.5,0.5,1.0,11460,
8361,344192,10.4,1.0,14.29,1,1.0,1.0,1.0,11462,
8362,344192,-2.1,0.0,7.69,1,0.0,0.0,1.0,11462,
8363,344256,10.0,1.0,9.09,1,0.0,1.0,1.0,11463,
8364,344256,3.6,1.0,8.89,4,0.25,1.0,1.0,11463,
8365,344320,-0.8,0.0,10.0,1,0.0,0.0,1.0,11464,
8366,344384,-5.0,0.0,0.0,0,,,1.0,11465,
8367,344384,-0.7,0.0,11.11,1,0.0,0.0,1.0,11465,
8368,344448,-1.9,0.0,9.09,1,0.0,0.0,1.0,11466,
8369,344448,-5.0,0.0,0.0,0,,,1.0,11466,
8370,344512,-4.0,0.0,0.0,0,,,1.0,11467,
8371,344576,-6.0,0.0,1.96,1,0.0,1.0,1.0,11468,
8372,344576,-2.6,0.0,5.56,1,0.0,0.0,1.0,11468,
8373,344640,-7.5,0.0,6.38,3,0.0,0.6667,1.0,11469,
8374,344640,-7.0,0.0,5.88,3,0.0,1.0,1.0,11469,
8375,344704,-3.7,0.0,2.56,1,0.0,0.0,1.0,11470,
8376,344768,-5.0,0.0,0.0,0,,,1.0,11471,
8377,344832,-5.0,0.0,0.0,0,,,1.0,11474,
8378,344832,11.6,1.0,0.0,0,,,1.0,11474,
8379,344832,-3.8,0.0,3.33,1,0.0,0.0,1.0,11474,
8380,344832,-1.5,0.0,5.88,1,0.0,0.0,1.0,11474,
8381,344832,-1.6,0.0,5.56,1,0.0,0.0,1.0,11474,
8382,344896,-5.3,0.0,2.22,1,0.0,0.0,1.0,11475,
8383,344960,-1.8,0.0,5.0,1,0.0,0.0,1.0,11478,
8384,344960,-5.6,0.0,2.08,1,0.0,0.0,1.0,11478,
8385,344960,-5.0,0.0,1.96,1,0.0,1.0,1.0,11478,
8386,345024,-4.0,0.0,0.0,0,,,1.0,11479,
8387,345024,-5.0,0.0,0.0,0,,,1.0,11479,
8388,345024,-3.0,0.0,4.55,1,0.0,0.0,1.0,11479,
8389,345088,-5.0,0.0,0.0,0,,,1.0,11485,
8390,345088,-4.3,0.0,5.71,2,0.0,0.5,1.0,11485,
8391,345088,-2.2,0.0,7.14,1,0.0,0.0,1.0,11485,
8392,345088,-3.3,0.0,2.86,1,0.0,0.0,1.0,11485,
8393,345152,-2.4,0.0,6.25,1,0.0,0.0,1.0,11488,
8394,345216,-5.0,0.0,1.96,1,1.0,1.0,1.0,11489,
8395,345280,-3.4,0.0,3.85,1,0.0,0.0,1.0,11492,
8396,345472,-4.3,0.0,8.0,2,0.0,0.5,1.0,11496,
8397,345472,-4.0,0.0,0.0,0,,,1.0,11496,
8398,345600,-2.2,0.0,4.17,1,0.0,0.0,1.0,11502,
8399,345600,-1.9,0.0,9.09,1,0.0,0.0,1.0,11502,
8400,345664,-5.0,0.0,0.0,0,,,1.0,11504,
8401,345664,-5.0,0.0,1.96,1,0.0,1.0,1.0,11504,
8402,345664,-4.6,0.0,5.26,2,0.0,0.5,1.0,11504,
8403,345792,10.2,1.0,11.11,1,0.0,1.0,1.0,11508,
8404,345792,7.0,1.0,2.44,1,1.0,1.0,1.0,11508,
8405,345856,-5.1,0.0,9.09,3,0.0,0.6667,1.0,11510,
8406,345856,-5.0,0.0,0.0,0,,,1.0,11510,
8407,345920,-8.0,0.0,7.84,4,0.0,1.0,1.0,11511,
8408,345920,-2.2,0.0,7.14,1,0.0,0.0,1.0,11511,
8409,345984,-5.0,0.0,0.0,0,,,1.0,11514,
8410,345984,-1.2,0.0,7.14,1,0.0,0.0,1.0,11514,
8411,345984,-4.9,0.0,2.44,1,0.0,0.0,1.0,11514,
8412,345984,-5.0,0.0,0.0,0,,,1.0,11514,
8413,346048,-5.0,0.0,0.0,0,,,1.0,11516,
8414,346048,-4.2,0.0,2.27,1,0.0,0.0,1.0,11516,
8415,346240,-5.0,0.0,0.0,0,,,1.0,11518,
8416,346368,-0.6,0.0,12.5,1,0.0,0.0,1.0,11520,
8417,346560,-3.3,0.0,4.0,1,0.0,0.0,1.0,11523,
8418,346688,-6.0,0.0,1.96,1,0.0,1.0,1.0,11524,
8419,346752,-5.4,0.0,5.56,2,0.0,0.5,1.0,11528,
8420,346752,-5.0,0.0,0.0,0,,,1.0,11528,
8421,346752,-4.8,0.0,2.5,1,0.0,0.0,1.0,11528,
8422,346752,-3.4,0.0,3.85,1,0.0,0.0,1.0,11528,
8423,346816,-5.9,0.0,1.96,1,0.0,0.0,1.0,11532,
8424,346816,-3.1,0.0,3.03,1,0.0,0.0,1.0,11532,
8425,346816,-5.6,0.0,5.26,2,0.0,0.5,1.0,11532,
8426,346880,-5.0,0.0,0.0,0,,,1.0,11534,
8427,346944,-6.0,0.0,1.96,1,0.0,1.0,1.0,11536,
8428,346944,6.4,1.0,5.41,2,0.0,1.0,1.0,11536,
8429,346944,-5.0,0.0,1.96,1,0.0,1.0,1.0,11536,
8430,346944,-4.0,0.0,0.0,0,,,1.0,11536,
8431,347072,-5.3,0.0,5.71,2,0.5,0.5,1.0,11543,
8432,347072,11.3,1.0,0.0,0,,,1.0,11543,
8433,347072,-4.1,0.0,3.03,1,0.0,0.0,1.0,11543,
8434,347072,-4.4,0.0,2.78,1,0.0,0.0,1.0,11543,
8435,347072,-6.0,0.0,3.92,2,0.0,1.0,1.0,11543,
8436,347136,-5.0,0.0,0.0,0,,,1.0,11544,
8437,347200,-3.0,0.0,3.12,1,0.0,0.0,1.0,11550,
8438,347200,-5.0,0.0,0.0,0,,,1.0,11550,
8439,347200,-4.5,0.0,2.7,1,0.0,0.0,1.0,11550,
8440,347200,-2.3,0.0,6.67,1,0.0,0.0,1.0,11550,
8441,347264,-5.0,0.0,0.0,0,,,1.0,11550,
8442,347264,-4.0,0.0,0.0,0,,,1.0,11550,
8443,347328,-5.0,0.0,0.0,0,,,1.0,11553,
8444,347328,5.4,1.0,4.26,2,0.0,1.0,1.0,11553,
8445,347392,-7.0,0.0,5.88,3,0.0,1.0,1.0,11558,
8446,347392,-6.0,0.0,1.96,1,0.0,1.0,1.0,11558,
8447,347392,5.9,1.0,18.18,4,0.0,1.0,1.0,11558,
8448,347392,-3.5,0.0,2.7,1,0.0,0.0,1.0,11558,
8449,347456,-4.9,0.0,2.44,1,0.0,0.0,1.0,11559,
8450,347456,7.0,1.0,36.36,4,0.25,1.0,1.0,11559,
8451,347520,-7.0,0.0,3.92,2,0.0,1.0,1.0,11562,
8452,347520,-3.8,0.0,3.33,1,0.0,0.0,1.0,11562,
8453,347520,5.2,1.0,13.79,4,0.25,1.0,1.0,11562,
8454,347520,-5.0,0.0,0.0,0,,,1.0,11562,
8455,347584,-4.7,0.0,2.04,1,0.0,0.0,1.0,11564,
8456,347584,-4.4,0.0,2.78,1,0.0,0.0,1.0,11564,
8457,347648,11.8,1.0,0.0,0,,,1.0,11564,
8458,347648,-5.0,0.0,0.0,0,,,1.0,11564,
8459,347712,-2.2,0.0,7.14,1,0.0,0.0,1.0,11569,
8460,347712,-8.7,0.0,8.16,4,0.0,0.75,1.0,11569,
8461,347712,-1.8,0.0,10.0,1,0.0,0.0,1.0,11569,
8462,347904,-5.0,0.0,0.0,0,,,1.0,11571,
8463,347904,-5.9,0.0,1.96,1,0.0,0.0,1.0,11571,
8464,348032,-5.8,0.0,2.0,1,0.0,0.0,1.0,11575,
8465,348032,-2.5,0.0,5.88,1,0.0,0.0,1.0,11575,
8466,348096,-1.5,0.0,14.29,1,0.0,0.0,1.0,11577,
8467,348096,-5.0,0.0,0.0,0,,,1.0,11577,
8468,348160,-1.0,0.0,8.33,1,0.0,0.0,1.0,11579,
8469,348224,-4.0,0.0,0.0,0,,,1.0,11582,
8470,348224,-4.7,0.0,2.04,1,0.0,0.0,1.0,11582,
8471,348224,-4.4,0.0,2.78,1,0.0,0.0,1.0,11582,
8472,348288,-5.8,0.0,2.0,1,0.0,0.0,1.0,11586,
8473,348288,-1.2,0.0,25.0,1,0.0,0.0,1.0,11586,
8474,348288,-5.0,0.0,0.0,0,,,1.0,11586,
8475,348288,-2.7,0.0,5.26,1,0.0,0.0,1.0,11586,
8476,348416,-7.1,0.0,6.98,3,0.0,0.6667,1.0,11591,
8477,348416,8.4,1.0,11.76,2,0.5,1.0,1.0,11591,
8478,348480,-1.8,0.0,5.0,1,0.0,0.0,1.0,11592,
8479,348480,8.1,1.0,10.0,2,0.0,1.0,1.0,11592,
8480,348544,-4.1,0.0,2.33,1,0.0,0.0,1.0,11596,
8481,348544,-4.7,0.0,5.13,2,0.0,0.5,1.0,11596,
8482,348608,-5.7,0.0,2.04,1,0.0,0.0,1.0,11598,
8483,348608,-4.1,0.0,2.33,1,0.0,0.0,1.0,11598,
8484,348736,-2.7,0.0,5.26,1,0.0,0.0,1.0,11600,
8485,348736,-5.0,0.0,0.0,0,,,1.0,11600,
8486,348800,-6.1,0.0,4.65,2,0.0,0.5,1.0,11602,
8487,348800,-5.3,0.0,2.22,1,0.0,0.0,1.0,11602,
8488,348864,-5.8,0.0,2.0,1,0.0,0.0,1.0,11604,
8489,348864,-4.0,0.0,0.0,0,,,1.0,11604,
8490,348928,11.3,1.0,0.0,0,,,1.0,11604,
8491,349056,-4.4,0.0,7.69,2,0.0,0.5,1.0,11608,
8492,349056,-6.0,0.0,3.92,2,0.0,1.0,1.0,11608,
8493,349056,7.2,1.0,6.9,2,0.5,1.0,1.0,11608,
8494,349056,8.5,1.0,0.0,0,,,1.0,11608,
8495,349120,-4.4,0.0,2.78,1,0.0,0.0,1.0,11611,
8496,349120,-3.3,0.0,4.0,1,0.0,0.0,1.0,11611,
8497,349248,-3.3,0.0,4.0,1,0.0,0.0,1.0,11615,
8498,349248,-7.0,0.0,5.88,3,0.0,1.0,1.0,11615,
8499,349248,-5.0,0.0,0.0,0,,,1.0,11615,
8500,349248,-7.0,0.0,5.88,3,0.3333,1.0,1.0,11615,
8501,349248,-2.0,0.0,8.33,1,0.0,0.0,1.0,11615,
8502,349504,-1.9,0.0,9.09,1,0.0,0.0,1.0,11619,
8503,349632,-4.0,0.0,0.0,0,,,1.0,11621,
8504,349632,-1.4,0.0,16.67,1,0.0,0.0,1.0,11621,
8505,349632,-3.5,0.0,3.7,1,0.0,0.0,1.0,11621,
8506,349696,-3.1,0.0,4.35,1,0.0,0.0,1.0,11624,
8507,349696,-5.5,0.0,2.13,1,0.0,0.0,1.0,11624,
8508,349824,-4.9,0.0,2.44,1,0.0,0.0,1.0,11626,
8509,349824,-2.0,0.0,8.33,1,0.0,0.0,1.0,11626,
8510,349888,-1.8,0.0,10.0,1,0.0,0.0,1.0,11627,
8511,349952,-2.7,0.0,5.26,1,0.0,0.0,1.0,11630,
8512,350016,-5.0,0.0,0.0,0,,,1.0,11635,
8513,350016,-5.4,0.0,2.17,1,0.0,0.0,1.0,11635,
8514,350016,-3.0,0.0,4.55,1,0.0,0.0,1.0,11635,
8515,350016,-4.0,0.0,0.0,0,,,1.0,11635,
8516,350016,-8.4,0.0,13.89,5,0.0,0.8,1.0,11635,
8517,350080,-6.0,0.0,1.96,1,0.0,1.0,1.0,11635,
8518,350144,-4.0,0.0,0.0,0,,,1.0,11635,
8519,350208,-5.0,0.0,1.96,1,1.0,1.0,1.0,11635,
8520,350208,9.6,1.0,6.67,1,0.0,1.0,1.0,11635,
8521,350208,-8.0,0.0,5.88,3,0.0,1.0,1.0,11635,
8522,350208,-5.0,0.0,1.96,1,0.0,1.0,1.0,11635,
8523,350272,-4.0,0.0,3.12,1,0.0,0.0,1.0,11637,
8524,350336,-3.6,0.0,3.57,1,0.0,0.0,1.0,11639,
8525,350336,-4.0,0.0,0.0,0,,,1.0,11639,
8526,350336,-5.0,0.0,0.0,0,,,1.0,11639,
8527,350400,-5.0,0.0,2.38,1,0.0,0.0,1.0,11640,
8528,350400,-7.0,0.0,3.92,2,0.5,1.0,1.0,11640,
8529,350528,-9.0,0.0,9.8,5,0.0,1.0,1.0,11641,
8530,350528,-5.0,0.0,0.0,0,,,1.0,11641,
8531,350592,-5.5,0.0,2.13,1,0.0,0.0,1.0,11647,
8532,350592,-4.4,0.0,2.78,1,0.0,0.0,1.0,11647,
8533,350592,-3.7,0.0,2.56,1,0.0,0.0,1.0,11647,
8534,350592,-5.0,0.0,0.0,0,,,1.0,11647,
8535,350592,-4.8,0.0,2.5,1,0.0,0.0,1.0,11647,
8536,350592,-2.9,0.0,4.76,1,0.0,0.0,1.0,11647,
8537,350656,-4.8,0.0,2.0,1,0.0,0.0,1.0,11648,
8538,350656,-5.0,0.0,0.0,0,,,1.0,11648,
8539,350656,5.9,1.0,9.38,3,0.3333,1.0,1.0,11648,
8540,350656,-6.0,0.0,3.92,2,0.5,1.0,1.0,11648,
8541,350784,-4.0,0.0,0.0,0,,,1.0,11649,
8542,350784,-4.0,0.0,0.0,0,,,1.0,11649,
8543,350848,-5.0,0.0,0.0,0,,,1.0,11649,
8544,350976,-5.0,0.0,0.0,0,,,1.0,11650,
8545,351040,-4.2,0.0,2.94,1,0.0,0.0,1.0,11652,
8546,351104,-3.0,0.0,4.55,1,0.0,0.0,1.0,11654,
8547,351104,-1.9,0.0,9.09,1,0.0,0.0,1.0,11654,
8548,351168,-3.1,0.0,4.35,1,0.0,0.0,1.0,11657,
8549,351168,-5.0,0.0,0.0,0,,,1.0,11657,
8550,351168,-1.8,0.0,10.0,1,0.0,0.0,1.0,11657,
8551,351232,-0.7,0.0,11.11,1,0.0,0.0,1.0,11660,
8552,351232,-2.4,0.0,6.25,1,0.0,0.0,1.0,11660,
8553,351232,-5.4,0.0,2.17,1,0.0,0.0,1.0,11660,
8554,351296,-3.1,0.0,4.35,1,0.0,0.0,1.0,11662,
8555,351360,-6.0,0.0,1.96,1,0.0,1.0,1.0,11664,
8556,351360,-4.7,0.0,5.13,2,0.0,0.5,1.0,11664,
8557,351424,-2.7,0.0,5.26,1,0.0,0.0,1.0,11667,
8558,351424,-3.1,0.0,4.35,1,0.0,0.0,1.0,11667,
8559,351424,-5.0,0.0,0.0,0,,,1.0,11667,
8560,351488,-4.0,0.0,0.0,0,,,1.0,11668,
8561,351552,-5.9,0.0,1.96,1,0.0,0.0,1.0,11671,
8562,351552,-4.0,0.0,0.0,0,,,1.0,11671,
8563,351680,-7.0,0.0,3.92,2,0.5,1.0,1.0,11673,
8564,351744,-3.1,0.0,3.03,1,0.0,0.0,1.0,11675,
8565,351744,-2.9,0.0,18.18,2,0.0,0.5,1.0,11675,
8566,351744,-5.0,0.0,0.0,0,,,1.0,11675,
8567,351808,-3.1,0.0,4.35,1,0.0,0.0,1.0,11677,
8568,351808,-4.0,0.0,0.0,0,,,1.0,11677,
8569,351808,-2.4,0.0,6.25,1,0.0,0.0,1.0,11677,
8570,352000,-5.0,0.0,0.0,0,,,1.0,11678,
8571,352064,-5.0,0.0,0.0,0,,,1.0,11679,
8572,352128,-1.7,0.0,11.11,1,0.0,0.0,1.0,11682,
8573,352128,-5.6,0.0,2.08,1,0.0,0.0,1.0,11682,
8574,352192,-4.7,0.0,6.9,2,0.0,0.5,1.0,11685,
8575,352192,-5.0,0.0,0.0,0,,,1.0,11685,
8576,352256,-4.3,0.0,2.86,1,0.0,0.0,1.0,11687,
8577,352256,9.6,1.0,0.0,0,,,1.0,11687,
8578,352320,8.8,1.0,0.0,0,,,1.0,11688,
8579,352320,8.7,1.0,14.29,2,0.5,1.0,1.0,11688,
8580,352320,-5.0,0.0,0.0,0,,,1.0,11688,
8581,352320,-4.0,0.0,0.0,0,,,1.0,11688,
8582,352384,-5.0,0.0,0.0,0,,,1.0,11689,
8583,352384,-4.0,0.0,0.0,0,,,1.0,11689,
8584,352384,-3.7,0.0,6.9,2,0.0,0.5,1.0,11689,
8585,352512,-4.9,0.0,14.29,3,0.0,0.6667,1.0,11691,
8586,352512,-3.4,0.0,3.85,1,0.0,0.0,1.0,11691,
8587,352512,-6.0,0.0,1.96,1,0.0,1.0,1.0,11691,
8588,352576,-5.6,0.0,2.08,1,0.0,0.0,1.0,11693,
8589,352896,-4.0,0.0,0.0,0,,,1.0,11695,
8590,352896,-6.0,0.0,1.96,1,0.0,1.0,1.0,11695,
8591,352960,-7.7,0.0,6.12,3,0.0,0.6667,1.0,11696,
8592,353024,-4.0,0.0,3.12,1,0.0,0.0,1.0,11699,
8593,353024,9.9,1.0,8.33,1,0.0,1.0,1.0,11699,
8594,353024,-5.5,0.0,2.13,1,0.0,0.0,1.0,11699,
8595,353088,11.0,1.0,0.0,0,,,1.0,11699,
8596,353152,-5.0,0.0,1.96,1,0.0,1.0,1.0,11701,
8597,353152,-3.5,0.0,3.7,1,0.0,0.0,1.0,11701,
8598,353216,-4.8,0.0,2.5,1,0.0,0.0,1.0,11702,
8599,353280,-5.0,0.0,0.0,0,,,1.0,11702,
8600,353280,-5.0,0.0,0.0,0,,,1.0,11702,
8601,353280,-5.0,0.0,0.0,0,,,1.0,11702,
8602,353344,-5.8,0.0,2.0,1,0.0,0.0,1.0,11703,
8603,353344,-7.0,0.0,3.92,2,0.5,1.0,1.0,11703,
8604,353408,-4.4,0.0,2.78,1,0.0,0.0,1.0,11706,
8605,353408,-4.3,0.0,2.86,1,0.0,0.0,1.0,11706,
8606,353472,-3.0,0.0,4.55,1,0.0,0.0,1.0,11708,
8607,353472,-5.0,0.0,0.0,0,,,1.0,11708,
8608,353536,6.8,1.0,6.06,2,0.0,1.0,1.0,11709,
8609,353536,-6.7,0.0,6.12,3,0.0,0.6667,1.0,11709,
8610,353536,-5.0,0.0,0.0,0,,,1.0,11709,
8611,353600,-5.0,0.0,1.96,1,0.0,1.0,1.0,11709,
8612,353664,-4.4,0.0,2.78,1,0.0,0.0,1.0,11711,
8613,353728,-2.8,0.0,3.33,1,0.0,0.0,1.0,11712,
8614,353792,-1.5,0.0,14.29,1,0.0,0.0,1.0,11713,
8615,353856,-1.2,0.0,7.14,1,0.0,0.0,1.0,11717,
8616,353856,-4.7,0.0,2.56,1,0.0,0.0,1.0,11717,
8617,353856,-6.0,0.0,1.96,1,0.0,1.0,1.0,11717,
8618,353856,-5.0,0.0,0.0,0,,,1.0,11717,
8619,353856,-4.0,0.0,0.0,0,,,1.0,11717,
8620,353856,-5.0,0.0,0.0,0,,,1.0,11717,
8621,353856,-5.0,0.0,0.0,0,,,1.0,11717,
8622,353856,-5.0,0.0,0.0,0,,,1.0,11717,
8623,353920,-6.0,0.0,1.96,1,0.0,1.0,1.0,11719,
8624,353920,-5.0,0.0,2.38,1,0.0,0.0,1.0,11719,
8625,353920,9.3,1.0,25.0,2,0.0,1.0,1.0,11719,
8626,354048,-4.3,0.0,2.86,1,0.0,0.0,1.0,11723,
8627,354048,-5.4,0.0,2.17,1,0.0,0.0,1.0,11723,
8628,354048,-7.0,0.0,3.92,2,0.0,1.0,1.0,11723,
8629,354112,-2.6,0.0,3.57,1,0.0,0.0,1.0,11725,
8630,354176,-3.3,0.0,4.0,1,0.0,0.0,1.0,11726,
8631,354240,10.5,1.0,16.67,1,0.0,1.0,1.0,11728,
8632,354304,-4.8,0.0,2.5,1,0.0,0.0,1.0,11729,
8633,354368,-2.5,0.0,5.88,1,0.0,0.0,1.0,11732,
8634,354432,-4.0,0.0,0.0,0,,,1.0,11732,
8635,354496,-4.0,0.0,0.0,0,,,1.0,11733,
8636,354496,-5.0,0.0,0.0,0,,,1.0,11733,
8637,354560,-5.0,0.0,0.0,0,,,1.0,11733,
8638,354624,5.8,1.0,9.09,3,0.0,1.0,1.0,11735,
8639,354688,-4.2,0.0,2.94,1,0.0,0.0,1.0,11736,
8640,354752,-5.0,0.0,1.96,1,1.0,1.0,1.0,11736,
8641,354816,-6.0,0.0,1.96,1,0.0,1.0,1.0,11737,
8642,354816,-4.0,0.0,2.38,1,0.0,0.0,1.0,11737,
8643,354944,-3.3,0.0,4.0,1,0.0,0.0,1.0,11738,
8644,354944,-5.0,0.0,0.0,0,,,1.0,11738,
8645,355008,-6.0,0.0,1.96,1,0.0,1.0,1.0,11739,
8646,355008,-4.1,0.0,3.03,1,0.0,0.0,1.0,11739,
8647,355008,-8.0,0.0,5.88,3,0.0,1.0,1.0,11739,
8648,355072,-5.0,0.0,0.0,0,,,1.0,11739,
8649,355136,-5.7,0.0,2.04,1,0.0,0.0,1.0,11742,
8650,355136,-2.4,0.0,3.85,1,0.0,0.0,1.0,11742,
8651,355200,-4.2,0.0,2.94,1,0.0,0.0,1.0,11744,
8652,355392,-3.4,0.0,3.85,1,0.0,0.0,1.0,11749,
8653,355392,-5.6,0.0,2.08,1,0.0,0.0,1.0,11749,
8654,355392,-5.0,0.0,1.96,1,0.0,1.0,1.0,11749,
8655,355392,-5.3,0.0,2.22,1,0.0,0.0,1.0,11749,
8656,355456,-4.0,0.0,0.0,0,,,1.0,11751,
8657,355456,-5.0,0.0,0.0,0,,,1.0,11751,
8658,355456,10.9,1.0,0.0,0,,,1.0,11751,
8659,355520,-3.4,0.0,3.85,1,0.0,0.0,1.0,11754,
8660,355520,-5.0,0.0,0.0,0,,,1.0,11754,
8661,355520,-3.1,0.0,3.03,1,0.0,0.0,1.0,11754,
8662,355584,-4.0,0.0,0.0,0,,,1.0,11760,
8663,355584,-5.0,0.0,0.0,0,,,1.0,11760,
8664,355584,-5.8,0.0,2.0,1,0.0,0.0,1.0,11760,
8665,355584,-3.2,0.0,8.33,2,0.0,0.5,1.0,11760,
8666,355584,-4.6,0.0,2.63,1,0.0,0.0,1.0,11760,
8667,355648,-5.0,0.0,0.0,0,,,1.0,11761,
8668,355648,-5.1,0.0,6.06,2,0.0,0.5,1.0,11761,
8669,355776,-3.0,0.0,4.55,1,0.0,0.0,1.0,11763,
8670,355840,-5.2,0.0,2.27,1,0.0,0.0,1.0,11767,
8671,355840,-2.4,0.0,3.85,1,0.0,0.0,1.0,11767,
8672,355904,11.3,1.0,0.0,0,,,1.0,11767,
8673,355968,-2.2,0.0,7.14,1,0.0,0.0,1.0,11770,
8674,356032,-4.2,0.0,2.94,1,0.0,0.0,1.0,11772,
8675,356032,8.8,1.0,0.0,0,,,1.0,11772,
8676,356160,-4.0,0.0,0.0,0,,,1.0,11773,
8677,356224,-1.7,0.0,11.11,1,0.0,0.0,1.0,11775,
8678,356288,-3.8,0.0,10.0,2,0.5,0.5,1.0,11778,
8679,356288,-5.0,0.0,0.0,0,,,1.0,11778,
8680,356352,-5.0,0.0,0.0,0,,,1.0,11781,
8681,356416,-5.0,0.0,0.0,0,,,1.0,11784,
8682,356480,-5.4,0.0,2.17,1,0.0,0.0,1.0,11789,
8683,356480,-1.8,0.0,10.0,1,0.0,0.0,1.0,11789,
8684,356480,-5.0,0.0,1.96,1,0.0,1.0,1.0,11789,
8685,356544,-5.0,0.0,0.0,0,,,1.0,11791,
8686,356544,-6.0,0.0,1.96,1,0.0,1.0,1.0,11791,
8687,356608,-2.6,0.0,5.56,1,0.0,0.0,1.0,11793,
8688,356736,-5.0,0.0,1.96,1,0.0,1.0,1.0,11795,
8689,356800,-6.0,0.0,3.92,2,0.0,1.0,1.0,11797,
8690,356864,-5.0,0.0,0.0,0,,,1.0,11800,
8691,356864,-3.5,0.0,11.76,2,0.5,0.5,1.0,11800,
8692,356928,-5.0,0.0,1.96,1,0.0,1.0,1.0,11805,
8693,356928,8.0,1.0,3.23,1,0.0,1.0,1.0,11805,
8694,356928,-3.8,0.0,3.33,1,0.0,0.0,1.0,11805,
8695,356992,-5.0,0.0,6.25,2,0.0,0.5,1.0,11808,
8696,356992,-1.9,0.0,4.76,1,0.0,0.0,1.0,11808,
8697,356992,-1.8,1.0,18.37,9,0.1111,1.0,1.0,11808,
8698,357056,-5.0,0.0,0.0,0,,,1.0,11809,
8699,357120,-5.0,0.0,0.0,0,,,1.0,11809,
8700,357120,-9.0,0.0,9.8,5,0.0,1.0,1.0,11809,
8701,357120,-5.0,0.0,0.0,0,,,1.0,11809,
8702,357120,-5.0,0.0,0.0,0,,,1.0,11809,
8703,357184,-5.0,0.0,1.96,1,0.0,1.0,1.0,11811,
8704,357184,-3.3,0.0,4.0,1,0.0,0.0,1.0,11811,
8705,357184,-5.0,0.0,1.96,1,0.0,1.0,1.0,11811,
8706,357248,-3.5,0.0,3.7,1,0.0,0.0,1.0,11813,
8707,357312,6.2,1.0,5.13,2,0.0,1.0,1.0,11814,
8708,357312,-2.5,0.0,3.7,1,0.0,0.0,1.0,11814,
8709,357312,-5.0,0.0,0.0,0,,,1.0,11814,
8710,357312,-6.0,0.0,1.96,1,0.0,1.0,1.0,11814,
8711,357376,-5.1,0.0,2.33,1,0.0,0.0,1.0,11817,
8712,357376,-5.0,0.0,0.0,0,,,1.0,11817,
8713,357504,-5.0,0.0,0.0,0,,,1.0,11819,
8714,357504,-4.0,0.0,3.12,1,0.0,0.0,1.0,11819,
8715,357568,-4.0,0.0,0.0,0,,,1.0,11820,
8716,357632,-6.1,0.0,21.74,5,0.0,0.8,1.0,11822,
8717,357696,-4.4,0.0,2.78,1,0.0,0.0,1.0,11824,
8718,357696,-4.0,0.0,0.0,0,,,1.0,11824,
8719,357760,-2.1,0.0,7.69,1,0.0,0.0,1.0,11826,
8720,357760,-5.0,0.0,0.0,0,,,1.0,11826,
8721,357760,-5.0,0.0,0.0,0,,,1.0,11826,
8722,357824,-5.0,0.0,0.0,0,,,1.0,11827,
8723,357824,-6.6,0.0,10.53,4,0.0,0.75,1.0,11827,
8724,357888,-1.2,0.0,25.0,1,0.0,0.0,1.0,11830,
8725,357952,-3.5,0.0,3.7,1,0.0,0.0,1.0,11831,
8726,358016,-4.0,0.0,0.0,0,,,1.0,11834,
8727,358080,-5.0,0.0,0.0,0,,,1.0,11834,
8728,358144,-7.2,0.0,14.71,5,0.0,0.8,1.0,11836,
8729,358144,-2.4,0.0,3.85,1,0.0,0.0,1.0,11836,
8730,358208,-5.9,0.0,4.88,2,0.0,0.5,1.0,11840,
8731,358208,-6.6,0.0,4.17,2,0.0,0.5,1.0,11840,
8732,358208,6.8,1.0,2.33,1,0.0,1.0,1.0,11840,
8733,358272,-5.0,0.0,0.0,0,,,1.0,11842,
8734,358336,11.2,1.0,0.0,0,,,1.0,11843,
8735,358400,-5.0,0.0,0.0,0,,,1.0,11845,
8736,358464,-3.5,0.0,11.76,2,0.0,0.5,1.0,11846,
8737,358464,-4.0,0.0,0.0,0,,,1.0,11846,
8738,358528,9.8,1.0,7.69,1,1.0,1.0,1.0,11847,
8739,358592,-4.1,0.0,3.03,1,0.0,0.0,1.0,11848,
8740,358656,-6.0,0.0,1.96,1,0.0,1.0,1.0,11850,
8741,358656,-3.6,0.0,3.57,1,0.0,0.0,1.0,11850,
8742,358784,-3.4,0.0,3.85,1,0.0,0.0,1.0,11853,
8743,358784,-5.0,0.0,0.0,0,,,1.0,11853,
8744,358784,-6.0,0.0,1.96,1,0.0,1.0,1.0,11853,
8745,358848,-1.8,0.0,10.0,1,0.0,0.0,1.0,11855,
8746,358848,-7.0,0.0,3.92,2,0.0,1.0,1.0,11855,
8747,358848,-6.0,0.0,1.96,1,0.0,1.0,1.0,11855,
8748,358912,-3.6,0.0,3.57,1,0.0,0.0,1.0,11857,
8749,358912,-8.3,0.0,8.89,4,0.0,0.75,1.0,11857,
8750,358976,7.8,1.0,23.08,3,0.3333,1.0,1.0,11860,
8751,358976,-3.4,0.0,3.85,1,0.0,0.0,1.0,11860,
8752,358976,-5.7,0.0,5.13,2,0.0,0.5,1.0,11860,
8753,359040,-1.1,0.0,33.33,1,0.0,0.0,1.0,11863,
8754,359040,5.9,1.0,9.38,3,0.3333,1.0,1.0,11863,
8755,359040,-4.0,0.0,2.38,1,0.0,0.0,1.0,11863,
8756,359104,-5.0,0.0,0.0,0,,,1.0,11863,
8757,359168,6.5,1.0,5.56,2,0.5,1.0,1.0,11866,
8758,359168,-6.0,0.0,1.96,1,0.0,1.0,1.0,11866,
8759,359168,-3.0,0.0,4.55,1,0.0,0.0,1.0,11866,
8760,359168,7.7,1.0,2.94,1,0.0,1.0,1.0,11866,
8761,359296,8.6,1.0,13.33,2,0.0,1.0,1.0,11870,
8762,359296,-5.0,0.0,1.96,1,0.0,1.0,1.0,11870,
8763,359296,-2.9,0.0,4.76,1,0.0,0.0,1.0,11870,
8764,359360,-4.3,0.0,5.71,2,0.0,0.5,1.0,11871,
8765,359552,-5.0,0.0,0.0,0,,,1.0,11876,
8766,359552,-1.9,0.0,4.76,1,0.0,0.0,1.0,11876,
8767,359552,-4.0,0.0,0.0,0,,,1.0,11876,
8768,359616,-2.1,0.0,7.69,1,0.0,0.0,1.0,11878,
8769,359616,-4.5,0.0,2.13,1,0.0,0.0,1.0,11878,
8770,359680,-0.8,0.0,10.0,1,0.0,0.0,1.0,11879,
8771,359680,-6.0,0.0,1.96,1,0.0,1.0,1.0,11879,
8772,359744,-2.5,0.0,11.76,2,0.5,0.5,1.0,11880,
8773,359808,-9.0,0.0,9.8,5,0.2,1.0,1.0,11882,
8774,359808,-2.2,0.0,7.14,1,0.0,0.0,1.0,11882,
8775,359808,-7.0,0.0,3.92,2,0.0,1.0,1.0,11882,
8776,359872,-3.5,0.0,3.7,1,0.0,0.0,1.0,11884,
8777,360000,-4.1,0.0,3.03,1,0.0,0.0,1.0,11890,
8778,360000,-2.1,0.0,15.38,2,0.0,0.5,1.0,11890,
8779,360000,-5.0,0.0,2.38,1,0.0,0.0,1.0,11890,
8780,360000,-5.3,0.0,2.22,1,0.0,0.0,1.0,11890,
8781,360000,-5.0,0.0,0.0,0,,,1.0,11890,
8782,360000,-4.4,0.0,2.78,1,0.0,0.0,1.0,11890,
8783,360064,-2.7,0.0,5.26,1,0.0,0.0,1.0,11893,
8784,360064,-4.0,0.0,0.0,0,,,1.0,11893,
8785,360192,-7.0,0.0,3.92,2,0.0,1.0,1.0,11896,
8786,360192,-5.0,0.0,0.0,0,,,1.0,11896,
8787,360256,-5.0,0.0,2.38,1,0.0,0.0,1.0,11897,
8788,360256,-5.0,0.0,0.0,0,,,1.0,11897,
8789,360320,-5.0,0.0,0.0,0,,,1.0,11897,
8790,360448,-4.0,0.0,0.0,0,,,1.0,11897,
8791,360448,-5.0,0.0,0.0,0,,,1.0,11897,
8792,360448,-5.0,0.0,1.96,1,0.0,1.0,1.0,11897,
8793,360512,-5.0,0.0,0.0,0,,,1.0,11897,
8794,360576,-1.6,0.0,12.5,1,0.0,0.0,1.0,11900,
8795,360576,-3.2,0.0,2.94,1,0.0,0.0,1.0,11900,
8796,360576,-5.0,0.0,0.0,0,,,1.0,11900,
8797,360576,-2.3,0.0,6.67,1,0.0,0.0,1.0,11900,
8798,360576,-7.0,0.0,5.88,3,0.0,1.0,1.0,11900,
8799,360640,-5.0,0.0,0.0,0,,,1.0,11902,
8800,360640,-2.5,0.0,11.76,2,0.0,0.5,1.0,11902,
8801,360768,10.6,1.0,0.0,0,,,1.0,11904,
8802,360768,-5.0,0.0,0.0,0,,,1.0,11904,
8803,360768,-5.0,0.0,0.0,0,,,1.0,11904,
8804,360832,-3.7,0.0,10.53,2,0.0,0.5,1.0,11907,
8805,360832,-3.5,0.0,2.7,1,0.0,0.0,1.0,11907,
8806,360832,-4.4,0.0,2.78,1,0.0,0.0,1.0,11907,
8807,360896,-3.2,0.0,4.17,1,0.0,0.0,1.0,11910,
8808,360896,-4.1,0.0,3.03,1,0.0,0.0,1.0,11910,
8809,360960,-2.0,0.0,8.33,1,0.0,0.0,1.0,11911,
8810,361024,-4.0,0.0,0.0,0,,,1.0,11914,
8811,361024,-3.8,0.0,10.0,2,0.0,0.5,1.0,11914,
8812,361088,-5.0,0.0,0.0,0,,,1.0,11916,
8813,361088,-4.7,0.0,2.56,1,0.0,0.0,1.0,11916,
8814,361088,-5.0,0.0,0.0,0,,,1.0,11916,
8815,361152,-2.8,0.0,5.0,1,0.0,0.0,1.0,11918,
8816,361152,-3.7,0.0,3.45,1,0.0,0.0,1.0,11918,
8817,361216,-4.0,0.0,3.12,1,0.0,0.0,1.0,11919,
8818,361280,-5.0,0.0,0.0,0,,,1.0,11920,
8819,361344,-5.0,0.0,0.0,0,,,1.0,11924,
8820,361344,-3.4,0.0,7.69,2,0.0,0.5,1.0,11924,
8821,361344,-2.0,0.0,8.33,1,0.0,0.0,1.0,11924,
8822,361408,-5.4,0.0,2.17,1,0.0,0.0,1.0,11928,
8823,361408,-3.5,0.0,3.7,1,0.0,0.0,1.0,11928,
8824,361408,-3.7,0.0,3.45,1,0.0,0.0,1.0,11928,
8825,361408,-2.6,0.0,5.56,1,0.0,0.0,1.0,11928,
8826,361408,10.6,1.0,0.0,0,,,1.0,11928,
8827,361472,-3.1,0.0,4.35,1,0.0,0.0,1.0,11930,
8828,361472,-6.0,0.0,1.96,1,0.0,1.0,1.0,11930,
8829,361536,-5.0,0.0,0.0,0,,,1.0,11932,
8830,361728,-2.5,0.0,3.7,1,0.0,0.0,1.0,11935,
8831,361728,-2.0,0.0,4.55,1,0.0,0.0,1.0,11935,
8832,361792,-2.7,0.0,5.26,1,0.0,0.0,1.0,11936,
8833,361920,-6.0,0.0,3.92,2,0.0,1.0,1.0,11939,
8834,361984,10.6,1.0,0.0,0,,,1.0,11941,
8835,362048,6.6,1.0,12.0,3,0.3333,1.0,1.0,11943,
8836,362048,-5.0,0.0,0.0,0,,,1.0,11943,
8837,362112,-2.8,0.0,5.0,1,0.0,0.0,1.0,11945,
8838,362112,-5.0,0.0,1.96,1,0.0,1.0,1.0,11945,
8839,362112,-5.4,0.0,2.17,1,0.0,0.0,1.0,11945,
8840,362176,-4.0,0.0,0.0,0,,,1.0,11947,
8841,362176,-4.7,0.0,2.04,1,0.0,0.0,1.0,11947,
8842,362240,-5.0,0.0,0.0,0,,,1.0,11948,
8843,362240,-4.0,0.0,3.12,1,0.0,0.0,1.0,11948,
8844,362240,-5.0,0.0,0.0,0,,,1.0,11948,
8845,362240,-6.0,0.0,1.96,1,0.0,1.0,1.0,11948,
8846,362304,-6.0,0.0,1.96,1,0.0,1.0,1.0,11950,
8847,362304,-2.1,0.0,7.69,1,0.0,0.0,1.0,11950,
8848,362304,-2.2,0.0,7.14,1,0.0,0.0,1.0,11950,
8849,362368,-5.9,0.0,1.96,1,0.0,0.0,1.0,11952,
8850,362368,11.7,1.0,0.0,0,,,1.0,11952,
8851,362432,-3.8,0.0,3.33,1,0.0,0.0,1.0,11955,
8852,362432,-1.3,0.0,6.67,1,0.0,0.0,1.0,11955,
8853,362432,-4.0,0.0,0.0,0,,,1.0,11955,
8854,362560,-1.4,0.0,16.67,1,0.0,0.0,1.0,11959,
8855,362560,-8.0,0.0,5.88,3,0.0,1.0,1.0,11959,
8856,362560,-5.0,0.0,0.0,0,,,1.0,11959,
8857,362624,-2.8,0.0,5.0,1,0.0,0.0,1.0,11961,
8858,362624,-2.9,0.0,4.76,1,0.0,0.0,1.0,11961,
8859,362688,-3.7,0.0,3.45,1,0.0,0.0,1.0,11963,
8860,362752,-1.6,0.0,12.5,1,0.0,0.0,1.0,11964,
8861,362816,-6.0,0.0,1.96,1,0.0,1.0,1.0,11965,
8862,362816,-2.4,0.0,3.85,1,0.0,0.0,1.0,11965,
8863,362880,3.6,1.0,14.29,5,0.0,1.0,1.0,11968,
8864,362944,10.1,1.0,10.0,1,0.0,1.0,1.0,11969,
8865,363008,-3.3,0.0,4.0,1,0.0,0.0,1.0,11974,
8866,363008,-2.0,0.0,16.67,2,0.5,0.5,1.0,11974,
8867,363008,-5.5,0.0,8.11,3,0.0,0.6667,1.0,11974,
8868,363008,-5.8,0.0,10.0,3,0.0,0.6667,1.0,11974,
8869,363072,-6.0,0.0,1.96,1,0.0,1.0,1.0,11976,
8870,363072,-7.0,0.0,5.88,3,0.0,1.0,1.0,11976,
8871,363072,-5.6,0.0,4.17,2,0.0,0.5,1.0,11976,
8872,363136,-4.8,0.0,2.5,1,0.0,0.0,1.0,11977,
8873,363264,-5.0,0.0,0.0,0,,,1.0,11981,
8874,363264,-5.0,0.0,0.0,0,,,1.0,11981,
8875,363264,-5.0,0.0,0.0,0,,,1.0,11981,
8876,363264,-2.6,0.0,5.56,1,0.0,0.0,1.0,11981,
8877,363328,-2.9,0.0,4.76,1,0.0,0.0,1.0,11982,
8878,363328,-5.0,0.0,0.0,0,,,1.0,11982,
8879,363456,-5.9,0.0,4.88,2,0.0,0.5,1.0,11984,
8880,363520,-1.4,0.0,16.67,1,0.0,0.0,1.0,11987,
8881,363520,-5.0,0.0,0.0,0,,,1.0,11987,
8882,363584,-3.2,0.0,4.17,1,0.0,0.0,1.0,11989,
8883,363584,-3.7,0.0,3.45,1,0.0,0.0,1.0,11989,
8884,363648,-4.8,0.0,2.5,1,0.0,0.0,1.0,11991,
8885,363712,10.6,1.0,0.0,0,,,1.0,11992,
8886,363712,-5.0,0.0,1.96,1,0.0,1.0,1.0,11992,
8887,363776,-4.7,0.0,10.34,3,0.3333,0.6667,1.0,11993,
8888,363840,-6.0,0.0,3.92,2,0.0,1.0,1.0,11993,
8889,363840,-5.0,0.0,0.0,0,,,1.0,11993,
8890,363904,11.4,1.0,0.0,0,,,1.0,11995,
8891,363904,-2.8,0.0,5.0,1,0.0,0.0,1.0,11995,
8892,363968,-5.8,0.0,2.0,1,0.0,0.0,1.0,11998,
8893,364032,-4.0,0.0,0.0,0,,,1.0,11999,
8894,364032,-6.0,0.0,3.92,2,0.0,1.0,1.0,11999,
8895,364096,-5.7,0.0,2.04,1,0.0,0.0,1.0,12002,
8896,364096,-2.5,0.0,3.7,1,0.0,0.0,1.0,12002,
8897,364160,-4.0,0.0,0.0,0,,,1.0,12003,
8898,364160,-4.8,0.0,6.67,2,0.5,0.5,1.0,12003,
8899,364160,-5.0,0.0,0.0,0,,,1.0,12003,
8900,364224,-3.2,0.0,2.94,1,0.0,0.0,1.0,12005,
8901,364288,-5.0,0.0,0.0,0,,,1.0,12006,
8902,364352,-6.4,0.0,4.35,2,0.0,0.5,1.0,12008,
8903,364352,7.7,1.0,8.33,2,0.5,1.0,1.0,12008,
8904,364352,-5.0,0.0,0.0,0,,,1.0,12008,
8905,364416,-5.0,0.0,0.0,0,,,1.0,12008,
8906,364480,-5.0,0.0,0.0,0,,,1.0,12010,
8907,364480,-2.4,0.0,3.85,1,0.0,0.0,1.0,12010,
8908,364480,-3.1,0.0,4.35,1,0.0,0.0,1.0,12010,
8909,364608,-5.0,0.0,0.0,0,,,1.0,12015,
8910,364608,-5.0,0.0,0.0,0,,,1.0,12015,
8911,364608,-2.8,0.0,5.0,1,0.0,0.0,1.0,12015,
8912,364608,-5.3,0.0,5.71,2,0.0,0.5,1.0,12015,
8913,364608,-1.9,0.0,4.76,1,0.0,0.0,1.0,12015,
8914,364672,-4.1,0.0,3.03,1,0.0,0.0,1.0,12017,
8915,364672,-5.0,0.0,0.0,0,,,1.0,12017,
8916,364672,-5.0,0.0,0.0,0,,,1.0,12017,
8917,364800,-5.0,0.0,0.0,0,,,1.0,12022,
8918,364800,-6.2,0.0,11.76,4,0.0,0.75,1.0,12022,
8919,364864,-3.6,0.0,2.63,1,0.0,0.0,1.0,12023,
8920,364928,-3.3,0.0,8.0,2,0.0,0.5,1.0,12025,
8921,364928,-3.7,0.0,3.45,1,0.0,0.0,1.0,12025,
8922,364992,-5.0,0.0,0.0,0,,,1.0,12025,
8923,365056,-5.0,0.0,0.0,0,,,1.0,12027,
8924,365056,-2.7,0.0,5.26,1,0.0,0.0,1.0,12027,
8925,365056,-1.7,0.0,11.11,1,0.0,0.0,1.0,12027,
8926,365120,-6.0,0.0,4.76,2,0.0,0.5,1.0,12029,
8927,365184,-1.1,0.0,7.69,1,0.0,0.0,1.0,12030,
8928,365184,10.2,1.0,11.11,1,0.0,1.0,1.0,12030,
8929,365312,-1.4,0.0,16.67,1,0.0,0.0,1.0,12033,
8930,365312,-4.9,0.0,4.88,2,0.0,0.5,1.0,12033,
8931,365312,11.7,1.0,0.0,0,,,1.0,12033,
8932,365376,-6.4,0.0,6.52,3,0.0,0.6667,1.0,12035,
8933,365376,-5.0,0.0,1.96,1,0.0,1.0,1.0,12035,
8934,365440,-1.7,0.0,5.26,1,0.0,0.0,1.0,12037,
8935,365440,10.8,1.0,0.0,0,,,1.0,12037,
8936,365440,-1.4,0.0,16.67,1,0.0,0.0,1.0,12037,
8937,365440,-5.0,0.0,0.0,0,,,1.0,12037,
8938,365504,-5.0,0.0,0.0,0,,,1.0,12038,
8939,365568,-2.3,0.0,6.67,1,0.0,0.0,1.0,12042,
8940,365568,-5.0,0.0,0.0,0,,,1.0,12042,
8941,365568,-4.0,0.0,3.12,1,0.0,0.0,1.0,12042,
8942,365568,-8.0,0.0,5.88,3,0.0,1.0,1.0,12042,
8943,365568,6.5,1.0,5.56,2,0.0,1.0,1.0,12042,
8944,365632,-3.8,0.0,2.5,1,0.0,0.0,1.0,12045,
8945,365632,-3.1,0.0,4.35,1,0.0,0.0,1.0,12045,
8946,365696,-1.1,0.0,7.69,1,0.0,0.0,1.0,12046,
8947,365760,-4.0,0.0,3.12,1,0.0,0.0,1.0,12049,
8948,365760,-3.7,0.0,3.45,1,0.0,0.0,1.0,12049,
8949,365760,-2.9,0.0,4.76,1,0.0,0.0,1.0,12049,
8950,365824,-5.0,0.0,0.0,0,,,1.0,12049,
8951,365824,-5.0,0.0,0.0,0,,,1.0,12049,
8952,365824,11.7,1.0,0.0,0,,,1.0,12049,
8953,365888,-2.0,0.0,4.55,1,0.0,0.0,1.0,12052,
8954,366016,5.5,1.0,4.35,2,0.0,1.0,1.0,12054,
8955,366080,-2.0,0.0,8.33,1,0.0,0.0,1.0,12057,
8956,366080,-3.1,0.0,4.35,1,0.0,0.0,1.0,12057,
8957,366080,-2.6,0.0,5.56,1,0.0,0.0,1.0,12057,
8958,366144,-5.0,0.0,0.0,0,,,1.0,12057,
8959,366208,-4.0,0.0,0.0,0,,,1.0,12059,
8960,366208,-4.4,0.0,2.17,1,0.0,0.0,1.0,12059,
8961,366272,-4.0,0.0,0.0,0,,,1.0,12061,
8962,366272,-5.0,0.0,1.96,1,0.0,1.0,1.0,12061,
8963,366272,-5.0,0.0,0.0,0,,,1.0,12061,
8964,366272,-2.3,0.0,6.67,1,0.0,0.0,1.0,12061,
8965,366336,-3.6,0.0,2.63,1,0.0,0.0,1.0,12065,
8966,366528,-10.0,0.0,11.76,6,0.0,1.0,1.0,12068,
8967,366528,-2.7,0.0,3.45,1,0.0,0.0,1.0,12068,
8968,366592,-4.6,0.0,2.63,1,0.0,0.0,1.0,12071,
8969,366592,-3.9,0.0,3.23,1,0.0,0.0,1.0,12071,
8970,366720,-5.8,0.0,2.0,1,0.0,0.0,1.0,12074,
8971,366720,-2.5,0.0,5.88,1,0.0,0.0,1.0,12074,
8972,366848,-5.0,0.0,0.0,0,,,1.0,12075,
8973,366848,-6.0,0.0,1.96,1,0.0,1.0,1.0,12075,
8974,366848,9.8,1.0,7.69,1,1.0,1.0,1.0,12075,
8975,366912,-1.9,0.0,9.09,1,0.0,0.0,1.0,12078,
8976,366912,-7.0,0.0,3.92,2,0.0,1.0,1.0,12078,
8977,366912,-2.1,0.0,4.35,1,0.0,0.0,1.0,12078,
8978,366912,-3.8,0.0,2.5,1,0.0,0.0,1.0,12078,
8979,366976,-4.0,0.0,0.0,0,,,1.0,12079,
8980,366976,-2.9,0.0,4.76,1,0.0,0.0,1.0,12079,
8981,367040,-5.5,0.0,2.13,1,0.0,0.0,1.0,12081,
8982,367040,-5.0,0.0,1.96,1,0.0,1.0,1.0,12081,
8983,367104,-5.9,0.0,1.96,1,0.0,0.0,1.0,12082,
8984,367168,-3.4,0.0,3.85,1,0.0,0.0,1.0,12087,
8985,367168,3.4,1.0,22.22,6,0.1667,1.0,1.0,12087,
8986,367168,-4.0,0.0,3.12,1,0.0,0.0,1.0,12087,
8987,367232,-3.2,0.0,4.17,1,0.0,0.0,1.0,12091,
8988,367232,-2.5,0.0,5.88,1,0.0,0.0,1.0,12091,
8989,367232,-4.6,0.0,2.63,1,0.0,0.0,1.0,12091,
8990,367232,-5.0,0.0,0.0,0,,,1.0,12091,
8991,367296,-4.9,0.0,1.96,1,0.0,0.0,1.0,12093,
8992,367360,-2.5,0.0,5.88,1,0.0,0.0,1.0,12094,
8993,367360,-5.0,0.0,0.0,0,,,1.0,12094,
8994,367360,-5.0,0.0,0.0,0,,,1.0,12094,
8995,367424,-7.0,0.0,3.92,2,0.0,1.0,1.0,12095,
8996,367424,-5.1,0.0,2.33,1,0.0,0.0,1.0,12095,
8997,367552,-5.0,0.0,0.0,0,,,1.0,12095,
8998,367616,-5.0,0.0,0.0,0,,,1.0,12096,
8999,367680,-1.9,0.0,4.76,1,0.0,0.0,1.0,12099,
9000,367680,-3.4,0.0,2.78,1,0.0,0.0,1.0,12099,
9001,367744,-3.2,0.0,2.94,1,0.0,0.0,1.0,12101,
9002,367744,-5.0,0.0,1.96,1,0.0,1.0,1.0,12101,
9003,367808,10.0,1.0,9.09,1,0.0,1.0,1.0,12102,
9004,367872,-1.6,0.0,5.56,1,0.0,0.0,1.0,12103,
9005,367936,-4.0,0.0,0.0,0,,,1.0,12104,
9006,367936,-2.2,0.0,7.14,1,0.0,0.0,1.0,12104,
9007,368000,-3.8,0.0,3.33,1,0.0,0.0,1.0,12107,
9008,368064,-1.7,0.0,5.26,1,0.0,0.0,1.0,12108,
9009,368064,-4.0,0.0,0.0,0,,,1.0,12108,
9010,368192,-2.0,0.0,8.33,1,0.0,0.0,1.0,12110,
9011,368192,-6.7,0.0,6.12,3,0.0,0.6667,1.0,12110,
9012,368256,-6.0,0.0,1.96,1,0.0,1.0,1.0,12113,
9013,368256,-2.9,0.0,4.76,1,0.0,0.0,1.0,12113,
9014,368256,-1.6,0.0,12.5,1,0.0,0.0,1.0,12113,
9015,368320,-5.8,0.0,7.5,3,0.0,0.6667,1.0,12115,
9016,368320,-4.8,0.0,2.5,1,0.0,0.0,1.0,12115,
9017,368384,-1.3,0.0,20.0,1,0.0,0.0,1.0,12117,
9018,368384,-5.8,0.0,2.0,1,0.0,0.0,1.0,12117,
9019,368448,-4.0,0.0,0.0,0,,,1.0,12117,
9020,368512,-3.1,0.0,4.35,1,0.0,0.0,1.0,12119,
9021,368576,-5.0,0.0,0.0,0,,,1.0,12119,
9022,368640,-4.0,0.0,0.0,0,,,1.0,12119,
9023,368704,-5.0,0.0,0.0,0,,,1.0,12121,
9024,368704,-1.4,0.0,6.25,1,0.0,0.0,1.0,12121,
9025,368704,-3.5,0.0,3.7,1,0.0,0.0,1.0,12121,
9026,368704,9.7,1.0,0.0,0,,,1.0,12121,
9027,368704,-4.0,0.0,0.0,0,,,1.0,12121,
9028,368832,-4.0,0.0,0.0,0,,,1.0,12121,
9029,368832,-4.0,0.0,0.0,0,,,1.0,12121,
9030,368832,-6.0,0.0,3.92,2,0.0,1.0,1.0,12121,
9031,368896,-2.2,0.0,7.14,1,0.0,0.0,1.0,12125,
9032,368896,8.5,1.0,0.0,0,,,1.0,12125,
9033,368896,-3.0,0.0,3.12,1,0.0,0.0,1.0,12125,
9034,368896,-2.5,0.0,3.7,1,0.0,0.0,1.0,12125,
9035,368960,-3.6,0.0,3.57,1,0.0,0.0,1.0,12126,
9036,369024,-5.0,0.0,0.0,0,,,1.0,12128,
9037,369088,-5.0,0.0,0.0,0,,,1.0,12132,
9038,369088,-5.0,0.0,0.0,0,,,1.0,12132,
9039,369088,-4.7,0.0,2.56,1,0.0,0.0,1.0,12132,
9040,369088,-7.0,0.0,3.92,2,0.0,1.0,1.0,12132,
9041,369088,-3.2,0.0,2.94,1,0.0,0.0,1.0,12132,
9042,369152,-5.0,0.0,0.0,0,,,1.0,12133,
9043,369152,7.7,1.0,2.94,1,0.0,1.0,1.0,12133,
9044,369216,-1.8,0.0,5.0,1,0.0,0.0,1.0,12134,
9045,369344,-6.0,0.0,1.96,1,0.0,1.0,1.0,12135,
9046,369344,-5.0,0.0,1.96,1,1.0,1.0,1.0,12135,
9047,369408,-3.2,0.0,4.17,1,0.0,0.0,1.0,12137,
9048,369408,-1.9,0.0,9.09,1,0.0,0.0,1.0,12137,
9049,369472,-3.2,0.0,14.29,2,0.5,0.5,1.0,12138,
9050,369472,-5.0,0.0,1.96,1,0.0,1.0,1.0,12138,
9051,369536,-8.0,0.0,7.84,4,0.0,1.0,1.0,12139,
9052,369536,11.0,1.0,0.0,0,,,1.0,12139,
9053,369536,-5.0,0.0,0.0,0,,,1.0,12139,
9054,369536,-6.0,0.0,3.92,2,0.0,1.0,1.0,12139,
9055,369600,-0.9,0.0,9.09,1,0.0,0.0,1.0,12145,
9056,369600,-4.3,0.0,2.86,1,0.0,0.0,1.0,12145,
9057,369664,-2.3,0.0,6.67,1,0.0,0.0,1.0,12148,
9058,369664,11.2,1.0,0.0,0,,,1.0,12148,
9059,369664,-2.4,0.0,6.25,1,0.0,0.0,1.0,12148,
9060,369728,-2.0,0.0,4.55,1,0.0,0.0,1.0,12152,
9061,369728,-3.2,0.0,2.94,1,0.0,0.0,1.0,12152,
9062,369728,7.8,1.0,23.08,3,0.0,1.0,1.0,12152,
9063,369792,-2.4,0.0,33.33,2,0.0,0.5,1.0,12154,
9064,369792,-5.0,0.0,0.0,0,,,1.0,12154,
9065,369792,-5.0,0.0,0.0,0,,,1.0,12154,
9066,369856,-1.9,0.0,9.09,1,0.0,0.0,1.0,12156,
9067,369856,-4.7,0.0,2.56,1,0.0,0.0,1.0,12156,
9068,369984,-5.0,0.0,0.0,0,,,1.0,12159,
9069,370048,6.8,1.0,2.33,1,0.0,1.0,1.0,12159,
9070,370048,10.1,1.0,10.0,1,0.0,1.0,1.0,12159,
9071,370112,-5.0,0.0,0.0,0,,,1.0,12159,
9072,370112,10.6,1.0,0.0,0,,,1.0,12159,
9073,370176,-3.1,0.0,3.03,1,0.0,0.0,1.0,12161,
9074,370176,-5.0,0.0,0.0,0,,,1.0,12161,
9075,370176,-5.0,0.0,0.0,0,,,1.0,12161,
9076,370240,-1.8,0.0,10.0,1,0.0,0.0,1.0,12162,
9077,370304,-5.6,0.0,2.08,1,0.0,0.0,1.0,12165,
9078,370304,-4.7,0.0,2.56,1,0.0,0.0,1.0,12165,
9079,370368,8.7,1.0,0.0,0,,,1.0,12167,
9080,370368,-4.2,0.0,2.94,1,0.0,0.0,1.0,12167,
9081,370368,10.9,1.0,0.0,0,,,1.0,12167,
9082,370496,-5.0,0.0,0.0,0,,,1.0,12168,
9083,370496,-2.6,0.0,5.56,1,0.0,0.0,1.0,12168,
9084,370496,-5.0,0.0,0.0,0,,,1.0,12168,
9085,370496,-4.0,0.0,0.0,0,,,1.0,12168,
9086,370496,9.0,1.0,18.18,2,0.5,1.0,1.0,12168,
9087,370560,-4.1,0.0,6.06,2,0.0,0.5,1.0,12169,
9088,370624,-2.8,0.0,10.0,2,0.0,0.5,1.0,12170,
9089,370624,-5.0,0.0,1.96,1,0.0,1.0,1.0,12170,
9090,370688,-5.0,0.0,0.0,0,,,1.0,12170,
9091,370816,-3.8,0.0,2.5,1,0.0,0.0,1.0,12175,
9092,370816,-1.8,0.0,5.0,1,0.0,0.0,1.0,12175,
9093,370816,6.3,1.0,5.26,2,0.0,1.0,1.0,12175,
9094,370880,-4.8,0.0,2.0,1,0.0,0.0,1.0,12178,
9095,370880,-1.6,0.0,12.5,1,0.0,0.0,1.0,12178,
9096,370880,-5.0,0.0,1.96,1,0.0,1.0,1.0,12178,
9097,370944,-2.0,0.0,8.33,1,0.0,0.0,1.0,12182,
9098,370944,-3.3,0.0,2.86,1,0.0,0.0,1.0,12182,
9099,371008,-1.3,0.0,6.67,1,0.0,0.0,1.0,12184,
9100,371008,-5.0,0.0,0.0,0,,,1.0,12184,
9101,371008,-2.1,0.0,7.69,1,0.0,0.0,1.0,12184,
9102,371136,-2.9,0.0,4.76,1,0.0,0.0,1.0,12189,
9103,371136,-4.4,0.0,2.78,1,0.0,0.0,1.0,12189,
9104,371200,-5.0,0.0,0.0,0,,,1.0,12191,
9105,371200,-5.5,0.0,8.11,3,0.0,0.6667,1.0,12191,
9106,371200,-1.9,0.0,9.09,1,0.0,0.0,1.0,12191,
9107,371264,-3.2,0.0,2.94,1,0.0,0.0,1.0,12192,
9108,371456,-4.8,0.0,2.5,1,0.0,0.0,1.0,12195,
9109,371520,-5.9,0.0,1.96,1,0.0,0.0,1.0,12198,
9110,371520,-5.0,0.0,0.0,0,,,1.0,12198,
9111,371520,-1.4,0.0,16.67,1,0.0,0.0,1.0,12198,
9112,371520,-2.7,0.0,5.26,1,0.0,0.0,1.0,12198,
9113,371584,-4.0,0.0,0.0,0,,,1.0,12198,
9114,371648,-4.0,0.0,0.0,0,,,1.0,12198,
9115,371712,-3.9,0.0,3.23,1,0.0,0.0,1.0,12202,
9116,371776,-5.0,0.0,1.96,1,0.0,1.0,1.0,12203,
9117,371968,-2.1,0.0,4.35,1,0.0,0.0,1.0,12211,
9118,371968,-5.0,0.0,0.0,0,,,1.0,12211,
9119,371968,-3.9,0.0,3.23,1,0.0,0.0,1.0,12211,
9120,371968,-3.6,0.0,3.57,1,0.0,0.0,1.0,12211,
9121,371968,-5.0,0.0,0.0,0,,,1.0,12211,
9122,372032,-3.5,0.0,3.7,1,0.0,0.0,1.0,12212,
9123,372160,-1.9,0.0,9.09,1,0.0,0.0,1.0,12216,
9124,372160,-4.0,0.0,0.0,0,,,1.0,12216,
9125,372224,8.9,1.0,4.55,1,0.0,1.0,1.0,12217,
9126,372224,-1.7,0.0,11.11,1,0.0,0.0,1.0,12217,
9127,372224,-5.0,0.0,0.0,0,,,1.0,12217,
9128,372288,-7.0,0.0,3.92,2,0.0,1.0,1.0,12219,
9129,372288,9.4,1.0,5.88,1,1.0,1.0,1.0,12219,
9130,372288,-4.9,0.0,2.44,1,0.0,0.0,1.0,12219,
9131,372352,-5.0,0.0,1.96,1,0.0,1.0,1.0,12220,
9132,372352,-5.0,0.0,0.0,0,,,1.0,12220,
9133,372352,-4.9,0.0,6.45,2,0.0,0.5,1.0,12220,
9134,372352,-4.0,0.0,0.0,0,,,1.0,12220,
9135,372416,8.2,1.0,3.45,1,0.0,1.0,1.0,12223,
9136,372416,-5.3,0.0,2.22,1,0.0,0.0,1.0,12223,
9137,372480,-5.5,0.0,2.13,1,0.0,0.0,1.0,12224,
9138,372480,-7.0,0.0,5.88,3,0.0,1.0,1.0,12224,
9139,372672,-5.8,0.0,2.0,1,0.0,0.0,1.0,12228,
9140,372800,-6.0,0.0,3.92,2,0.0,1.0,1.0,12229,
9141,372800,-5.0,0.0,0.0,0,,,1.0,12229,
9142,372864,-1.9,0.0,9.09,1,0.0,0.0,1.0,12230,
9143,372928,-2.5,0.0,3.7,1,0.0,0.0,1.0,12232,
9144,372928,-5.0,0.0,0.0,0,,,1.0,12232,
9145,372928,-5.0,0.0,0.0,0,,,1.0,12232,
9146,372928,-2.0,0.0,4.55,1,0.0,0.0,1.0,12232,
9147,372992,-3.9,0.0,3.23,1,0.0,0.0,1.0,12234,
9148,372992,-5.0,0.0,0.0,0,,,1.0,12234,
9149,372992,-7.0,0.0,3.92,2,0.0,1.0,1.0,12234,
9150,373056,-6.0,0.0,9.38,3,0.0,0.6667,1.0,12238,
9151,373056,-4.0,0.0,0.0,0,,,1.0,12238,
9152,373120,-4.0,0.0,0.0,0,,,1.0,12240,
9153,373120,-5.0,0.0,0.0,0,,,1.0,12240,
9154,373120,-1.2,0.0,7.14,1,0.0,0.0,1.0,12240,
9155,373184,-7.0,0.0,9.52,4,0.25,0.75,1.0,12244,
9156,373248,-2.8,0.0,5.0,1,0.0,0.0,1.0,12245,
9157,373312,-5.0,0.0,0.0,0,,,1.0,12245,
9158,373376,-8.0,0.0,5.88,3,0.0,1.0,1.0,12247,
9159,373376,-4.3,0.0,2.86,1,0.0,0.0,1.0,12247,
9160,373376,-5.0,0.0,0.0,0,,,1.0,12247,
9161,373376,-2.4,0.0,6.25,1,0.0,0.0,1.0,12247,
9162,373504,-5.0,0.0,1.96,1,0.0,1.0,1.0,12248,
9163,373568,-5.4,0.0,4.35,2,0.0,0.5,1.0,12249,
9164,373632,-6.0,0.0,1.96,1,0.0,1.0,1.0,12249,
9165,373696,-2.4,0.0,6.25,1,0.0,0.0,1.0,12253,
9166,373696,-6.1,0.0,4.65,2,0.5,0.5,1.0,12253,
9167,373760,-6.0,0.0,3.92,2,0.0,1.0,1.0,12253,
9168,373760,-6.0,0.0,1.96,1,0.0,1.0,1.0,12253,
9169,373824,-3.2,0.0,4.17,1,0.0,0.0,1.0,12255,
9170,373888,7.1,1.0,6.67,2,0.0,1.0,1.0,12255,
9171,373888,-6.0,0.0,1.96,1,1.0,1.0,1.0,12255,
9172,373952,-5.0,0.0,0.0,0,,,1.0,12256,
9173,373952,-2.3,0.0,6.67,1,0.0,0.0,1.0,12256,
9174,374080,-5.0,0.0,0.0,0,,,1.0,12261,
9175,374080,-1.3,0.0,6.67,1,0.0,0.0,1.0,12261,
9176,374080,11.0,1.0,0.0,0,,,1.0,12261,
9177,374080,-5.0,0.0,0.0,0,,,1.0,12261,
9178,374080,-1.0,0.0,8.33,1,0.0,0.0,1.0,12261,
9179,374144,10.4,1.0,0.0,0,,,1.0,12263,
9180,374144,-5.0,0.0,0.0,0,,,1.0,12263,
9181,374144,-6.0,0.0,1.96,1,0.0,1.0,1.0,12263,
9182,374144,-6.7,0.0,4.08,2,0.0,0.5,1.0,12263,
9183,374144,-5.0,0.0,1.96,1,0.0,1.0,1.0,12263,
9184,374208,-1.2,0.0,25.0,1,0.0,0.0,1.0,12264,
9185,374208,-5.0,0.0,0.0,0,,,1.0,12264,
9186,374272,7.6,1.0,2.86,1,0.0,1.0,1.0,12266,
9187,374400,-2.1,0.0,4.35,1,0.0,0.0,1.0,12271,
9188,374464,-3.1,0.0,4.35,1,0.0,0.0,1.0,12274,
9189,374464,-4.7,0.0,2.56,1,0.0,0.0,1.0,12274,
9190,374464,10.5,1.0,16.67,1,0.0,1.0,1.0,12274,
9191,374464,-5.0,0.0,0.0,0,,,1.0,12274,
9192,374528,8.9,1.0,4.55,1,1.0,1.0,1.0,12277,
9193,374528,-3.5,0.0,2.7,1,0.0,0.0,1.0,12277,
9194,374528,-6.0,0.0,1.96,1,0.0,1.0,1.0,12277,
9195,374656,5.4,1.0,14.81,4,0.25,1.0,1.0,12278,
9196,374784,-6.0,0.0,1.96,1,1.0,1.0,1.0,12279,
9197,374784,-5.0,0.0,0.0,0,,,1.0,12279,
9198,374784,-5.0,0.0,1.96,1,0.0,1.0,1.0,12279,
9199,374848,-5.0,0.0,0.0,0,,,1.0,12279,
9200,374912,7.8,1.0,23.08,3,0.0,1.0,1.0,12282,
9201,374912,-2.0,0.0,8.33,1,0.0,0.0,1.0,12282,
9202,374976,-3.6,0.0,3.57,1,0.0,0.0,1.0,12283,
9203,374976,-4.0,0.0,0.0,0,,,1.0,12283,
9204,375040,4.8,1.0,6.98,3,0.0,1.0,1.0,12284,
9205,375040,-3.4,0.0,3.85,1,0.0,0.0,1.0,12284,
9206,375040,-5.0,0.0,1.96,1,0.0,1.0,1.0,12284,
9207,375104,-2.8,0.0,20.0,2,0.5,0.5,1.0,12286,
9208,375104,-3.1,0.0,3.03,1,0.0,0.0,1.0,12286,
9209,375168,-1.3,0.0,6.67,1,0.0,0.0,1.0,12288,
9210,375232,-1.4,0.0,6.25,1,0.0,0.0,1.0,12291,
9211,375232,-5.0,0.0,0.0,0,,,1.0,12291,
9212,375232,-3.1,0.0,4.35,1,0.0,0.0,1.0,12291,
9213,375232,-5.0,0.0,0.0,0,,,1.0,12291,
9214,375296,-4.7,0.0,2.56,1,0.0,0.0,1.0,12295,
9215,375296,-2.7,0.0,5.26,1,0.0,0.0,1.0,12295,
9216,375296,-4.6,0.0,2.08,1,0.0,0.0,1.0,12295,
9217,375488,-5.0,0.0,0.0,0,,,1.0,12299,
9218,375488,-4.5,0.0,2.7,1,0.0,0.0,1.0,12299,
9219,375552,-5.0,0.0,0.0,0,,,1.0,12300,
9220,375552,-2.4,0.0,3.85,1,0.0,0.0,1.0,12300,
9221,375616,-5.0,0.0,0.0,0,,,1.0,12302,
9222,375616,-4.0,0.0,0.0,0,,,1.0,12302,
9223,375616,-4.0,0.0,0.0,0,,,1.0,12302,
9224,375680,-6.0,0.0,1.96,1,0.0,1.0,1.0,12302,
9225,375680,-5.0,0.0,1.96,1,0.0,1.0,1.0,12302,
9226,375744,-5.0,0.0,0.0,0,,,1.0,12303,
9227,375744,-5.0,0.0,0.0,0,,,1.0,12303,
9228,375808,-2.8,0.0,5.0,1,0.0,0.0,1.0,12306,
9229,375808,-3.5,0.0,3.7,1,0.0,0.0,1.0,12306,
9230,375808,-5.1,0.0,2.33,1,0.0,0.0,1.0,12306,
9231,375936,-3.2,0.0,2.94,1,0.0,0.0,1.0,12309,
9232,376000,-4.2,0.0,2.94,1,0.0,0.0,1.0,12311,
9233,376000,-2.2,0.0,7.14,1,0.0,0.0,1.0,12311,
9234,376064,-6.0,0.0,3.92,2,0.5,1.0,1.0,12315,
9235,376128,11.6,1.0,0.0,0,,,1.0,12315,
9236,376128,-6.0,0.0,3.92,2,0.0,1.0,1.0,12315,
9237,376192,-5.0,0.0,0.0,0,,,1.0,12316,
9238,376192,-7.0,0.0,7.14,3,0.0,0.6667,1.0,12316,
9239,376192,-5.0,0.0,0.0,0,,,1.0,12316,
9240,376192,9.2,1.0,22.22,2,0.5,1.0,1.0,12316,
9241,376256,11.4,1.0,0.0,0,,,1.0,12317,
9242,376320,7.7,1.0,2.94,1,0.0,1.0,1.0,12318,
9243,376384,7.5,1.0,2.78,1,0.0,1.0,1.0,12318,
9244,376448,-2.7,0.0,5.26,1,0.0,0.0,1.0,12319,
9245,376512,-5.0,0.0,0.0,0,,,1.0,12319,
9246,376512,6.2,1.0,10.34,3,0.0,1.0,1.0,12319,
9247,376640,-2.3,0.0,6.67,1,0.0,0.0,1.0,12321,
9248,376640,-5.0,0.0,0.0,0,,,1.0,12321,
9249,376640,-5.0,0.0,0.0,0,,,1.0,12321,
9250,376704,-2.7,0.0,5.26,1,0.0,0.0,1.0,12322,
9251,376768,-4.4,0.0,2.78,1,0.0,0.0,1.0,12324,
9252,376768,-2.2,0.0,4.17,1,0.0,0.0,1.0,12324,
9253,376832,-4.0,0.0,0.0,0,,,1.0,12324,
9254,376896,-5.0,0.0,0.0,0,,,1.0,12326,
9255,376960,-3.8,0.0,3.33,1,0.0,0.0,1.0,12329,
9256,376960,-2.3,0.0,6.67,1,0.0,0.0,1.0,12329,
9257,376960,-5.0,0.0,0.0,0,,,1.0,12329,
9258,376960,-5.0,0.0,0.0,0,,,1.0,12329,
9259,377088,-5.4,0.0,2.17,1,0.0,0.0,1.0,12334,
9260,377088,-1.7,0.0,11.11,1,0.0,0.0,1.0,12334,
9261,377088,-3.6,0.0,3.57,1,0.0,0.0,1.0,12334,
9262,377088,9.6,1.0,6.67,1,0.0,1.0,1.0,12334,
9263,377152,-5.0,0.0,0.0,0,,,1.0,12335,
9264,377216,-5.3,0.0,5.71,2,0.0,0.5,1.0,12338,
9265,377216,-3.9,0.0,3.23,1,0.0,0.0,1.0,12338,
9266,377216,-5.0,0.0,0.0,0,,,1.0,12338,
9267,377280,-3.8,0.0,10.0,2,0.0,0.5,1.0,12340,
9268,377280,-1.6,0.0,12.5,1,0.0,0.0,1.0,12340,
9269,377408,-8.0,0.0,5.88,3,0.0,1.0,1.0,12340,
9270,377408,-5.0,0.0,0.0,0,,,1.0,12340,
9271,377536,-2.6,0.0,3.57,1,0.0,0.0,1.0,12342,
9272,377536,-5.0,0.0,1.96,1,0.0,1.0,1.0,12342,
9273,377664,-3.0,0.0,4.55,1,0.0,0.0,1.0,12345,
9274,377664,-4.0,0.0,0.0,0,,,1.0,12345,
9275,377664,-4.8,0.0,2.0,1,0.0,0.0,1.0,12345,
9276,377664,-5.3,0.0,2.22,1,0.0,0.0,1.0,12345,
9277,377728,-5.0,0.0,0.0,0,,,1.0,12345,
9278,377792,-5.0,0.0,0.0,0,,,1.0,12346,
9279,377792,-5.0,0.0,0.0,0,,,1.0,12346,
9280,377792,-0.9,0.0,9.09,1,0.0,0.0,1.0,12346,
9281,377856,-2.4,0.0,3.85,1,0.0,0.0,1.0,12348,
9282,377920,-2.1,0.0,4.35,1,0.0,0.0,1.0,12349,
9283,378048,-4.0,0.0,0.0,0,,,1.0,12349,
9284,378048,-5.0,0.0,0.0,0,,,1.0,12349,
9285,378112,-3.7,0.0,2.56,1,0.0,0.0,1.0,12355,
9286,378112,-3.0,0.0,4.55,1,0.0,0.0,1.0,12355,
9287,378112,-2.2,0.0,7.14,1,0.0,0.0,1.0,12355,
9288,378112,-4.0,0.0,3.12,1,0.0,0.0,1.0,12355,
9289,378112,-4.0,0.0,0.0,0,,,1.0,12355,
9290,378176,-5.0,0.0,0.0,0,,,1.0,12357,
9291,378176,-5.0,0.0,0.0,0,,,1.0,12357,
9292,378176,-4.9,0.0,2.44,1,0.0,0.0,1.0,12357,
9293,378240,-5.0,0.0,0.0,0,,,1.0,12358,
9294,378304,-5.0,0.0,0.0,0,,,1.0,12358,
9295,378304,-5.0,0.0,0.0,0,,,1.0,12358,
9296,378368,-4.0,0.0,0.0,0,,,1.0,12358,
9297,378432,-1.8,0.0,10.0,1,0.0,0.0,1.0,12359,
9298,378432,-5.0,0.0,0.0,0,,,1.0,12359,
9299,378496,-5.3,0.0,2.22,1,0.0,0.0,1.0,12361,
9300,378496,-12.0,0.0,15.69,8,0.0,1.0,1.0,12361,
9301,378496,-3.7,0.0,3.45,1,0.0,0.0,1.0,12361,
9302,378560,-6.0,0.0,1.96,1,0.0,1.0,1.0,12363,
9303,378560,-5.0,0.0,0.0,0,,,1.0,12363,
9304,378688,9.5,1.0,6.25,1,0.0,1.0,1.0,12363,
9305,378688,11.8,1.0,0.0,0,,,1.0,12363,
9306,378752,-6.0,0.0,1.96,1,0.0,1.0,1.0,12366,
9307,378752,-2.5,0.0,5.88,1,0.0,0.0,1.0,12366,
9308,378752,-3.1,0.0,4.35,1,0.0,0.0,1.0,12366,
9309,378816,-5.0,0.0,0.0,0,,,1.0,12369,
9310,378816,-1.7,0.0,11.11,1,0.0,0.0,1.0,12369,
9311,378816,8.0,1.0,0.0,0,,,1.0,12369,
9312,378816,-3.7,0.0,3.45,1,0.0,0.0,1.0,12369,
9313,378944,-2.0,0.0,4.55,1,0.0,0.0,1.0,12373,
9314,378944,-5.0,0.0,0.0,0,,,1.0,12373,
9315,379008,-2.3,0.0,6.67,1,0.0,0.0,1.0,12375,
9316,379008,-4.0,0.0,0.0,0,,,1.0,12375,
9317,379008,-3.6,0.0,3.57,1,0.0,0.0,1.0,12375,
9318,379072,-4.0,0.0,0.0,0,,,1.0,12376,
9319,379136,-2.8,0.0,3.33,1,0.0,0.0,1.0,12377,
9320,379200,-5.2,0.0,2.27,1,0.0,0.0,1.0,12378,
9321,379200,-5.0,0.0,0.0,0,,,1.0,12378,
9322,379328,-5.7,0.0,2.04,1,0.0,0.0,1.0,12380,
9323,379392,-5.0,0.0,0.0,0,,,1.0,12381,
9324,379392,-1.7,0.0,11.11,1,0.0,0.0,1.0,12381,
9325,379456,-2.2,0.0,7.14,1,0.0,0.0,1.0,12384,
9326,379456,-4.5,0.0,7.41,2,0.0,0.5,1.0,12384,
9327,379456,-4.0,0.0,0.0,0,,,1.0,12384,
9328,379456,-0.8,0.0,10.0,1,0.0,0.0,1.0,12384,
9329,379584,-3.5,0.0,11.76,2,0.0,0.5,1.0,12393,
9330,379584,-3.8,0.0,3.33,1,0.0,0.0,1.0,12393,
9331,379584,-5.1,0.0,2.33,1,0.0,0.0,1.0,12393,
9332,379584,-5.6,0.0,10.71,3,0.0,0.6667,1.0,12393,
9333,379584,-5.0,0.0,0.0,0,,,1.0,12393,
9334,379584,-2.0,0.0,8.33,1,0.0,0.0,1.0,12393,
9335,379648,-4.1,0.0,8.7,2,0.0,0.5,1.0,12396,
9336,379648,-2.2,0.0,4.17,1,0.0,0.0,1.0,12396,
9337,379776,-6.0,0.0,1.96,1,0.0,1.0,1.0,12401,
9338,379776,-3.7,0.0,3.45,1,0.0,0.0,1.0,12401,
9339,379840,-5.3,0.0,2.22,1,0.0,0.0,1.0,12404,
9340,379840,-4.6,0.0,2.08,1,0.0,0.0,1.0,12404,
9341,379840,-5.3,0.0,2.22,1,0.0,0.0,1.0,12404,
9342,379904,-5.0,0.0,1.96,1,0.0,1.0,1.0,12405,
9343,379904,-6.9,0.0,7.32,3,0.0,0.6667,1.0,12405,
9344,379904,-4.0,0.0,0.0,0,,,1.0,12405,
9345,379968,-4.4,0.0,2.78,1,0.0,0.0,1.0,12409,
9346,379968,-4.3,0.0,26.67,4,0.0,0.75,1.0,12409,
9347,380032,-5.4,0.0,2.17,1,0.0,0.0,1.0,12412,
9348,380032,-1.9,0.0,9.09,1,0.0,0.0,1.0,12412,
9349,380096,-1.8,0.0,20.0,2,0.0,0.5,1.0,12415,
9350,380096,-3.5,0.0,3.7,1,0.0,0.0,1.0,12415,
9351,380160,-5.6,0.0,2.08,1,0.0,0.0,1.0,12418,
9352,380160,-7.0,0.0,5.88,3,0.3333,1.0,1.0,12418,
9353,380160,-3.1,0.0,3.03,1,0.0,0.0,1.0,12418,
9354,380224,-7.0,0.0,5.88,3,0.3333,1.0,1.0,12418,
9355,380288,-5.7,0.0,2.04,1,0.0,0.0,1.0,12421,
9356,380288,-3.1,0.0,3.03,1,0.0,0.0,1.0,12421,
9357,380352,-5.0,0.0,0.0,0,,,1.0,12424,
9358,380352,-5.2,0.0,2.27,1,0.0,0.0,1.0,12424,
9359,380352,-4.3,0.0,2.86,1,0.0,0.0,1.0,12424,
9360,380352,-3.8,0.0,2.5,1,0.0,0.0,1.0,12424,
9361,380352,11.5,1.0,0.0,0,,,1.0,12424,
9362,380416,-1.1,0.0,7.69,1,0.0,0.0,1.0,12425,
9363,380480,-5.4,0.0,5.56,2,0.0,0.5,1.0,12427,
9364,380480,-2.5,0.0,5.88,1,0.0,0.0,1.0,12427,
9365,380608,-1.1,0.0,7.69,1,0.0,0.0,1.0,12430,
9366,380608,-3.7,0.0,3.45,1,0.0,0.0,1.0,12430,
9367,380672,-5.0,0.0,0.0,0,,,1.0,12432,
9368,380672,-2.3,0.0,4.0,1,0.0,0.0,1.0,12432,
9369,380672,-5.0,0.0,0.0,0,,,1.0,12432,
9370,380736,11.0,1.0,0.0,0,,,1.0,12433,
9371,380736,7.6,1.0,2.86,1,0.0,1.0,1.0,12433,
9372,380800,10.5,1.0,0.0,0,,,1.0,12434,
9373,380864,-0.6,0.0,12.5,1,0.0,0.0,1.0,12436,
9374,381056,8.8,1.0,4.35,1,1.0,1.0,1.0,12442,
9375,381056,-4.3,0.0,2.86,1,0.0,0.0,1.0,12442,
9376,381120,-5.0,0.0,0.0,0,,,1.0,12444,
9377,381184,-4.3,0.0,2.86,1,0.0,0.0,1.0,12445,
9378,381248,-3.6,0.0,3.57,1,0.0,0.0,1.0,12448,
9379,381248,-6.3,0.0,8.57,3,0.0,0.6667,1.0,12448,
9380,381312,-2.5,0.0,3.7,1,0.0,0.0,1.0,12450,
9381,381376,-5.0,0.0,0.0,0,,,1.0,12451,
9382,381376,-5.0,0.0,0.0,0,,,1.0,12451,
9383,381376,-6.0,0.0,1.96,1,1.0,1.0,1.0,12451,
9384,381376,-5.6,0.0,10.71,3,0.0,0.6667,1.0,12451,
9385,381440,-2.5,0.0,5.88,1,0.0,0.0,1.0,12454,
9386,381440,-1.4,0.0,6.25,1,0.0,0.0,1.0,12454,
9387,381504,9.8,1.0,7.69,1,0.0,1.0,1.0,12457,
9388,381504,-0.5,0.0,14.29,1,0.0,0.0,1.0,12457,
9389,381504,-2.6,0.0,5.56,1,0.0,0.0,1.0,12457,
9390,381504,-4.2,0.0,2.27,1,0.0,0.0,1.0,12457,
9391,381568,-5.0,0.0,0.0,0,,,1.0,12460,
9392,381568,-5.0,0.0,0.0,0,,,1.0,12460,
9393,381568,-2.1,0.0,7.69,1,0.0,0.0,1.0,12460,
9394,381568,7.5,1.0,7.69,2,0.0,1.0,1.0,12460,
9395,381632,-5.6,0.0,2.08,1,0.0,0.0,1.0,12461,
9396,381696,-3.3,0.0,8.0,2,0.0,0.5,1.0,12463,
9397,381696,-5.0,0.0,1.96,1,0.0,1.0,1.0,12463,
9398,381696,-6.0,0.0,3.92,2,0.5,1.0,1.0,12463,
9399,381696,-1.5,0.0,14.29,1,0.0,0.0,1.0,12463,
9400,381760,-3.0,0.0,4.55,1,0.0,0.0,1.0,12465,
9401,381824,-5.6,0.0,4.17,2,0.0,0.5,1.0,12466,
9402,381888,8.6,1.0,4.0,1,0.0,1.0,1.0,12468,
9403,381952,-5.1,0.0,6.06,2,0.0,0.5,1.0,12473,
9404,381952,-6.0,0.0,3.92,2,0.0,1.0,1.0,12473,
9405,382016,-5.0,0.0,0.0,0,,,1.0,12473,
9406,382080,-3.9,0.0,2.44,1,0.0,0.0,1.0,12474,
9407,382144,-3.4,0.0,3.85,1,0.0,0.0,1.0,12477,
9408,382208,-1.6,0.0,5.56,1,0.0,0.0,1.0,12479,
9409,382208,-6.0,0.0,3.92,2,0.0,1.0,1.0,12479,
9410,382272,-3.0,0.0,4.55,1,0.0,0.0,1.0,12482,
9411,382272,-3.4,0.0,3.85,1,0.0,0.0,1.0,12482,
9412,382272,-4.6,0.0,2.63,1,0.0,0.0,1.0,12482,
9413,382272,-5.0,0.0,0.0,0,,,1.0,12482,
9414,382400,-2.1,0.0,7.69,1,0.0,0.0,1.0,12487,
9415,382400,-4.7,0.0,2.56,1,0.0,0.0,1.0,12487,
9416,382400,-5.0,0.0,0.0,0,,,1.0,12487,
9417,382400,-3.5,0.0,3.7,1,0.0,0.0,1.0,12487,
9418,382464,-5.0,0.0,0.0,0,,,1.0,12488,
9419,382464,-5.0,0.0,0.0,0,,,1.0,12488,
9420,382528,-2.6,0.0,5.56,1,0.0,0.0,1.0,12491,
9421,382592,8.3,1.0,11.11,2,0.0,1.0,1.0,12493,
9422,382592,-4.6,0.0,2.63,1,0.0,0.0,1.0,12493,
9423,382656,-4.0,0.0,0.0,0,,,1.0,12495,
9424,382656,-4.3,0.0,20.0,3,0.3333,0.6667,1.0,12495,
9425,382720,7.1,1.0,6.67,2,0.0,1.0,1.0,12496,
9426,382720,-5.0,0.0,0.0,0,,,1.0,12496,
9427,382720,-1.3,0.0,20.0,1,0.0,0.0,1.0,12496,
9428,382784,-1.6,0.0,12.5,1,0.0,0.0,1.0,12499,
9429,382784,-4.8,0.0,2.0,1,0.0,0.0,1.0,12499,
9430,382784,-1.6,0.0,12.5,1,0.0,0.0,1.0,12499,
9431,382848,-4.0,0.0,0.0,0,,,1.0,12501,
9432,382848,-3.3,0.0,4.0,1,0.0,0.0,1.0,12501,
9433,382848,-4.9,0.0,2.44,1,0.0,0.0,1.0,12501,
9434,382912,-4.4,0.0,2.78,1,0.0,0.0,1.0,12502,
9435,382912,-7.0,0.0,5.88,3,0.0,1.0,1.0,12502,
9436,382912,-5.0,0.0,0.0,0,,,1.0,12502,
9437,383040,-3.7,0.0,3.45,1,0.0,0.0,1.0,12505,
9438,383040,-4.4,0.0,2.17,1,0.0,0.0,1.0,12505,
9439,383104,-2.9,0.0,4.76,1,0.0,0.0,1.0,12507,
9440,383104,-2.9,0.0,3.23,1,0.0,0.0,1.0,12507,
9441,383104,-4.0,0.0,0.0,0,,,1.0,12507,
9442,383168,-8.0,0.0,7.84,4,0.0,1.0,1.0,12508,
9443,383232,-6.0,0.0,3.92,2,0.0,1.0,1.0,12510,
9444,383296,11.2,1.0,0.0,0,,,1.0,12514,
9445,383296,-6.0,0.0,1.96,1,0.0,1.0,1.0,12514,
9446,383296,-6.5,0.0,4.26,2,0.0,0.5,1.0,12514,
9447,383296,-2.4,0.0,6.25,1,0.0,0.0,1.0,12514,
9448,383360,-1.3,0.0,20.0,1,0.0,0.0,1.0,12515,
9449,383424,-4.5,0.0,7.41,2,0.0,0.5,1.0,12518,
9450,383424,-3.1,0.0,4.35,1,0.0,0.0,1.0,12518,
9451,383424,-5.0,0.0,0.0,0,,,1.0,12518,
9452,383424,-6.0,0.0,1.96,1,0.0,1.0,1.0,12518,
9453,383488,-3.4,0.0,3.85,1,0.0,0.0,1.0,12520,
9454,383616,-2.1,0.0,7.69,1,0.0,0.0,1.0,12522,
9455,383616,-5.0,0.0,1.96,1,0.0,1.0,1.0,12522,
9456,383680,-3.6,0.0,3.57,1,0.0,0.0,1.0,12525,
9457,383680,-0.7,0.0,11.11,1,0.0,0.0,1.0,12525,
9458,383680,-2.0,0.0,8.33,1,0.0,0.0,1.0,12525,
9459,383744,-8.0,0.0,5.88,3,0.0,1.0,1.0,12526,
9460,383744,-2.4,0.0,3.85,1,0.0,0.0,1.0,12526,
9461,383872,-4.3,0.0,2.86,1,0.0,0.0,1.0,12529,
9462,383872,-4.7,0.0,2.56,1,0.0,0.0,1.0,12529,
9463,383936,-4.0,0.0,0.0,0,,,1.0,12529,
9464,384000,-5.0,0.0,0.0,0,,,1.0,12532,
9465,384000,-4.8,0.0,2.5,1,0.0,0.0,1.0,12532,
9466,384000,-2.6,0.0,5.56,1,0.0,0.0,1.0,12532,
9467,384064,-4.1,0.0,3.03,1,0.0,0.0,1.0,12534,
9468,384128,-4.8,0.0,2.5,1,0.0,0.0,1.0,12536,
9469,384128,-3.1,0.0,4.35,1,0.0,0.0,1.0,12536,
9470,384192,-5.0,0.0,4.76,2,0.0,0.5,1.0,12537,
9471,384256,-2.0,0.0,8.33,1,0.0,0.0,1.0,12540,
9472,384256,-5.8,0.0,5.0,2,0.0,0.5,1.0,12540,
9473,384320,-3.8,0.0,3.33,1,0.0,0.0,1.0,12543,
9474,384320,-2.2,0.0,7.14,1,0.0,0.0,1.0,12543,
9475,384384,-2.7,0.0,5.26,1,0.0,0.0,1.0,12545,
9476,384384,-1.5,0.0,5.88,1,0.0,0.0,1.0,12545,
9477,384448,-2.2,0.0,4.17,1,0.0,0.0,1.0,12550,
9478,384448,-6.0,0.0,9.38,3,0.0,0.6667,1.0,12550,
9479,384448,-3.2,0.0,2.94,1,0.0,0.0,1.0,12550,
9480,384576,-5.0,0.0,1.96,1,0.0,1.0,1.0,12555,
9481,384576,-2.1,0.0,7.69,1,0.0,0.0,1.0,12555,
9482,384640,-2.9,0.0,4.76,1,0.0,0.0,1.0,12557,
9483,384640,-6.0,0.0,1.96,1,0.0,1.0,1.0,12557,
9484,384640,-5.0,0.0,0.0,0,,,1.0,12557,
9485,384704,8.5,1.0,12.5,2,0.0,1.0,1.0,12560,
9486,384704,-5.5,0.0,2.13,1,0.0,0.0,1.0,12560,
9487,384704,-2.9,0.0,3.23,1,0.0,0.0,1.0,12560,
9488,384768,-3.0,0.0,4.55,1,0.0,0.0,1.0,12563,
9489,384768,-6.0,0.0,1.96,1,1.0,1.0,1.0,12563,
9490,384768,-5.0,0.0,0.0,0,,,1.0,12563,
9491,384768,-5.0,0.0,0.0,0,,,1.0,12563,
9492,384832,-4.0,0.0,0.0,0,,,1.0,12565,
9493,384832,-5.0,0.0,0.0,0,,,1.0,12565,
9494,384896,11.7,1.0,0.0,0,,,1.0,12567,
9495,384896,-0.8,0.0,10.0,1,0.0,0.0,1.0,12567,
9496,384960,-2.7,0.0,5.26,1,0.0,0.0,1.0,12569,
9497,384960,5.1,1.0,25.0,5,0.2,1.0,1.0,12569,
9498,385088,-8.3,0.0,17.14,6,0.0,0.8333,1.0,12573,
9499,385088,-5.6,0.0,10.71,3,0.0,0.6667,1.0,12573,
9500,385280,-5.1,0.0,2.33,1,0.0,0.0,1.0,12577,
9501,385280,-4.0,0.0,0.0,0,,,1.0,12577,
9502,385280,-5.0,0.0,2.38,1,0.0,0.0,1.0,12577,
9503,385344,-4.1,0.0,8.7,2,0.0,0.5,1.0,12581,
9504,385408,7.5,1.0,2.78,1,0.0,1.0,1.0,12583,
9505,385408,-0.9,0.0,9.09,1,0.0,0.0,1.0,12583,
9506,385408,-5.0,0.0,0.0,0,,,1.0,12583,
9507,385472,-5.0,0.0,0.0,0,,,1.0,12584,
9508,385472,-5.3,0.0,2.22,1,0.0,0.0,1.0,12584,
9509,385472,-5.0,0.0,0.0,0,,,1.0,12584,
9510,385536,-3.0,0.0,4.55,1,0.0,0.0,1.0,12588,
9511,385536,9.1,1.0,0.0,0,,,1.0,12588,
9512,385536,-2.2,0.0,4.17,1,0.0,0.0,1.0,12588,
9513,385600,-2.3,0.0,6.67,1,0.0,0.0,1.0,12590,
9514,385664,-5.0,0.0,0.0,0,,,1.0,12594,
9515,385664,-3.5,0.0,2.7,1,0.0,0.0,1.0,12594,
9516,385728,7.1,1.0,15.0,3,0.0,1.0,1.0,12596,
9517,385728,6.0,1.0,4.88,2,0.0,1.0,1.0,12596,
9518,385728,-5.0,0.0,0.0,0,,,1.0,12596,
9519,385728,-5.0,0.0,0.0,0,,,1.0,12596,
9520,385856,-3.3,0.0,13.33,2,0.0,0.5,1.0,12600,
9521,385856,8.3,1.0,3.57,1,0.0,1.0,1.0,12600,
9522,385856,8.1,1.0,10.0,2,0.5,1.0,1.0,12600,
9523,385920,-4.6,0.0,2.08,1,0.0,0.0,1.0,12604,
9524,385920,-5.0,0.0,0.0,0,,,1.0,12604,
9525,385984,-5.0,0.0,0.0,0,,,1.0,12607,
9526,385984,-2.9,0.0,3.23,1,0.0,0.0,1.0,12607,
9527,386048,-5.0,0.0,0.0,0,,,1.0,12608,
9528,386048,-5.0,0.0,1.96,1,0.0,1.0,1.0,12608,
9529,386112,10.4,1.0,14.29,1,0.0,1.0,1.0,12609,
9530,386112,-5.6,0.0,2.08,1,0.0,0.0,1.0,12609,
9531,386176,-5.0,0.0,0.0,0,,,1.0,12610,
9532,386240,-3.0,0.0,4.55,1,0.0,0.0,1.0,12614,
9533,386240,-1.9,0.0,9.09,1,0.0,0.0,1.0,12614,
9534,386240,2.8,1.0,30.43,7,0.2857,1.0,1.0,12614,
9535,386368,-3.8,0.0,6.67,2,0.0,0.5,1.0,12618,
9536,386368,-1.5,0.0,5.88,1,0.0,0.0,1.0,12618,
9537,386368,-1.3,0.0,6.67,1,0.0,0.0,1.0,12618,
9538,386432,9.6,1.0,0.0,0,,,1.0,12621,
9539,386432,-2.5,0.0,3.7,1,0.0,0.0,1.0,12621,
9540,386496,11.3,1.0,0.0,0,,,1.0,12624,
9541,386496,-3.0,0.0,4.55,1,0.0,0.0,1.0,12624,
9542,386496,-5.0,0.0,0.0,0,,,1.0,12624,
9543,386496,-4.9,0.0,2.44,1,0.0,0.0,1.0,12624,
9544,386560,-3.1,0.0,4.35,1,0.0,0.0,1.0,12628,
9545,386560,-3.4,0.0,3.85,1,0.0,0.0,1.0,12628,
9546,386560,-3.1,0.0,3.03,1,0.0,0.0,1.0,12628,
9547,386624,-6.5,0.0,4.26,2,0.0,0.5,1.0,12629,
9548,386624,11.5,1.0,0.0,0,,,1.0,12629,
9549,386688,-5.0,0.0,0.0,0,,,1.0,12629,
9550,386688,-5.0,0.0,0.0,0,,,1.0,12629,
9551,386688,-5.0,0.0,0.0,0,,,1.0,12629,
9552,386752,-4.5,0.0,2.7,1,0.0,0.0,1.0,12633,
9553,386752,-2.9,0.0,4.76,1,0.0,0.0,1.0,12633,
9554,386880,-3.3,0.0,4.0,1,0.0,0.0,1.0,12639,
9555,386880,-6.1,0.0,12.12,4,0.0,0.75,1.0,12639,
9556,386880,-2.3,0.0,6.67,1,0.0,0.0,1.0,12639,
9557,386944,11.8,1.0,0.0,0,,,1.0,12641,
9558,386944,-4.0,0.0,0.0,0,,,1.0,12641,
9559,387008,-6.0,0.0,9.38,3,0.0,0.6667,1.0,12645,
9560,387072,-5.4,0.0,2.17,1,0.0,0.0,1.0,12648,
9561,387136,-3.5,0.0,2.7,1,0.0,0.0,1.0,12649,
9562,387200,-5.0,0.0,0.0,0,,,1.0,12651,
9563,387200,-1.9,0.0,4.76,1,0.0,0.0,1.0,12651,
9564,387200,-2.1,0.0,7.69,1,0.0,0.0,1.0,12651,
9565,387264,-6.0,0.0,1.96,1,0.0,1.0,1.0,12652,
9566,387328,-5.4,0.0,2.17,1,0.0,0.0,1.0,12656,
9567,387328,-2.3,0.0,4.0,1,0.0,0.0,1.0,12656,
9568,387328,-3.7,0.0,3.45,1,0.0,0.0,1.0,12656,
9569,387392,-2.1,0.0,4.35,1,0.0,0.0,1.0,12658,
9570,387456,-5.0,0.0,0.0,0,,,1.0,12661,
9571,387456,-3.0,0.0,4.55,1,0.0,0.0,1.0,12661,
9572,387520,-6.0,0.0,3.92,2,0.0,1.0,1.0,12661,
9573,387584,10.0,1.0,0.0,0,,,1.0,12663,
9574,387584,-5.0,0.0,0.0,0,,,1.0,12663,
9575,387584,-11.0,0.0,13.73,7,0.0,1.0,1.0,12663,
9576,387648,-2.7,0.0,5.26,1,0.0,0.0,1.0,12665,
9577,387648,-2.7,0.0,5.26,1,0.0,0.0,1.0,12665,
9578,387712,1.9,1.0,21.88,7,0.1429,1.0,1.0,12666,
9579,387776,-2.7,0.0,5.26,1,0.0,0.0,1.0,12670,
9580,387840,-6.0,0.0,1.96,1,0.0,1.0,1.0,12671,
9581,387904,-5.0,0.0,0.0,0,,,1.0,12675,
9582,387904,-3.8,0.0,3.33,1,0.0,0.0,1.0,12675,
9583,387968,7.0,1.0,14.29,3,0.0,1.0,1.0,12677,
9584,387968,-5.6,0.0,7.89,3,0.3333,0.6667,1.0,12677,
9585,387968,-6.0,0.0,3.92,2,0.0,1.0,1.0,12677,
9586,388032,-5.6,0.0,2.08,1,0.0,0.0,1.0,12680,
9587,388032,-6.9,0.0,3.92,2,0.0,0.5,1.0,12680,
9588,388160,-3.1,0.0,8.7,2,0.0,0.5,1.0,12684,
9589,388160,-2.4,0.0,3.85,1,0.0,0.0,1.0,12684,
9590,388416,-2.1,0.0,7.69,1,0.0,0.0,1.0,12686,
9591,388480,-1.8,0.0,5.0,1,0.0,0.0,1.0,12689,
9592,388544,10.2,1.0,0.0,0,,,1.0,12689,
9593,388544,-5.0,0.0,0.0,0,,,1.0,12689,
9594,388608,-5.0,0.0,1.96,1,0.0,1.0,1.0,12692,
9595,388608,-4.5,0.0,7.41,2,0.0,0.5,1.0,12692,
9596,388608,-5.3,0.0,2.22,1,0.0,0.0,1.0,12692,
9597,388672,-5.6,0.0,2.08,1,0.0,0.0,1.0,12693,
9598,388672,-5.0,0.0,0.0,0,,,1.0,12693,
9599,388736,-3.3,0.0,4.0,1,0.0,0.0,1.0,12695,
9600,388736,-6.0,0.0,3.92,2,0.0,1.0,1.0,12695,
9601,388736,-4.0,0.0,0.0,0,,,1.0,12695,
9602,388736,-1.8,0.0,5.0,1,0.0,0.0,1.0,12695,
9603,388800,-2.6,0.0,5.56,1,0.0,0.0,1.0,12697,
9604,388800,-4.0,0.0,0.0,0,,,1.0,12697,
9605,388864,-3.4,0.0,3.85,1,0.0,0.0,1.0,12699,
9606,388928,-2.0,0.0,8.33,1,0.0,0.0,1.0,12701,
9607,388992,-4.0,0.0,0.0,0,,,1.0,12701,
9608,388992,-5.0,0.0,0.0,0,,,1.0,12701,
9609,388992,9.5,1.0,0.0,0,,,1.0,12701,
9610,389056,-3.2,0.0,4.17,1,0.0,0.0,1.0,12702,
9611,389120,-5.0,0.0,1.96,1,0.0,1.0,1.0,12704,
9612,389120,-3.1,0.0,3.03,1,0.0,0.0,1.0,12704,
9613,389120,-5.0,0.0,0.0,0,,,1.0,12704,
9614,389120,-3.6,0.0,3.57,1,0.0,0.0,1.0,12704,
9615,389248,-3.8,0.0,2.5,1,0.0,0.0,1.0,12707,
9616,389312,-5.0,0.0,0.0,0,,,1.0,12709,
9617,389312,-5.7,0.0,4.08,2,0.0,0.5,1.0,12709,
9618,389376,-5.0,0.0,1.96,1,0.0,1.0,1.0,12710,
9619,389376,-5.0,0.0,0.0,0,,,1.0,12710,
9620,389376,-3.1,0.0,4.35,1,0.0,0.0,1.0,12710,
9621,389440,-3.7,0.0,3.45,1,0.0,0.0,1.0,12712,
9622,389504,-4.0,0.0,0.0,0,,,1.0,12712,
9623,389568,-2.3,0.0,6.67,1,0.0,0.0,1.0,12713,
9624,389632,-5.0,0.0,1.96,1,0.0,1.0,1.0,12714,
9625,389632,-3.3,0.0,4.0,1,0.0,0.0,1.0,12714,
9626,389632,-7.0,0.0,5.88,3,0.0,1.0,1.0,12714,
9627,389760,-2.6,0.0,5.56,1,0.0,0.0,1.0,12718,
9628,389760,-7.0,0.0,3.92,2,0.0,1.0,1.0,12718,
9629,389760,-4.0,0.0,0.0,0,,,1.0,12718,
9630,389760,-5.0,0.0,0.0,0,,,1.0,12718,
9631,389824,-5.0,0.0,0.0,0,,,1.0,12719,
9632,389824,-1.4,0.0,6.25,1,0.0,0.0,1.0,12719,
9633,389824,-10.0,0.0,9.8,5,0.0,1.0,1.0,12719,
9634,389824,11.6,1.0,0.0,0,,,1.0,12719,
9635,389888,-1.8,0.0,10.0,1,0.0,0.0,1.0,12721,
9636,389888,-4.0,0.0,0.0,0,,,1.0,12721,
9637,389952,9.8,1.0,0.0,0,,,1.0,12724,
9638,389952,-2.1,0.0,7.69,1,0.0,0.0,1.0,12724,
9639,389952,10.2,1.0,0.0,0,,,1.0,12724,
9640,389952,-5.0,0.0,1.96,1,0.0,1.0,1.0,12724,
9641,390016,-5.0,0.0,1.96,1,0.0,1.0,1.0,12725,
9642,390016,-5.1,0.0,2.33,1,0.0,0.0,1.0,12725,
9643,390144,-7.0,0.0,3.92,2,0.0,1.0,1.0,12726,
9644,390144,-5.0,0.0,0.0,0,,,1.0,12726,
9645,390144,-3.4,0.0,2.78,1,0.0,0.0,1.0,12726,
9646,390208,-2.8,0.0,5.0,1,0.0,0.0,1.0,12727,
9647,390208,-5.0,0.0,0.0,0,,,1.0,12727,
9648,390208,-8.0,0.0,7.84,4,0.0,1.0,1.0,12727,
9649,390272,9.8,1.0,0.0,0,,,1.0,12728,
9650,390272,-3.4,0.0,2.78,1,0.0,0.0,1.0,12728,
9651,390336,-4.0,0.0,0.0,0,,,1.0,12728,
9652,390464,-4.7,0.0,2.56,1,0.0,0.0,1.0,12731,
9653,390464,-2.9,0.0,4.76,1,0.0,0.0,1.0,12731,
9654,390464,-6.0,0.0,1.96,1,0.0,1.0,1.0,12731,
9655,390528,-1.7,0.0,11.11,1,0.0,0.0,1.0,12732,
9656,390656,-5.0,0.0,0.0,0,,,1.0,12733,
9657,390656,-5.3,0.0,2.22,1,0.0,0.0,1.0,12733,
9658,390720,-0.9,0.0,9.09,1,0.0,0.0,1.0,12737,
9659,390720,-5.0,0.0,0.0,0,,,1.0,12737,
9660,390720,-2.9,0.0,4.76,1,0.0,0.0,1.0,12737,
9661,390784,10.5,1.0,0.0,0,,,1.0,12738,
9662,390784,-4.5,0.0,2.7,1,0.0,0.0,1.0,12738,
9663,390848,-4.3,0.0,2.86,1,0.0,0.0,1.0,12742,
9664,390848,-5.0,0.0,1.96,1,0.0,1.0,1.0,12742,
9665,390848,-5.8,0.0,2.0,1,0.0,0.0,1.0,12742,
9666,390848,-2.7,0.0,3.45,1,0.0,0.0,1.0,12742,
9667,390976,-5.0,0.0,0.0,0,,,1.0,12744,
9668,391040,-3.5,0.0,3.7,1,0.0,0.0,1.0,12747,
9669,391040,-2.1,0.0,7.69,1,0.0,0.0,1.0,12747,
9670,391104,9.7,1.0,7.14,1,1.0,1.0,1.0,12747,
9671,391168,-3.2,0.0,4.17,1,0.0,0.0,1.0,12748,
9672,391168,-5.0,0.0,0.0,0,,,1.0,12748,
9673,391232,-4.7,0.0,2.56,1,0.0,0.0,1.0,12752,
9674,391232,-5.0,0.0,0.0,0,,,1.0,12752,
9675,391232,-2.0,0.0,4.55,1,0.0,0.0,1.0,12752,
9676,391232,-4.8,0.0,2.0,1,0.0,0.0,1.0,12752,
9677,391232,-1.9,0.0,4.76,1,0.0,0.0,1.0,12752,
9678,391296,-4.7,0.0,6.9,2,0.5,0.5,1.0,12754,
9679,391296,-4.4,0.0,5.56,2,0.0,0.5,1.0,12754,
9680,391424,-1.9,0.0,18.18,2,0.0,0.5,1.0,12756,
9681,391424,-3.3,0.0,4.0,1,0.0,0.0,1.0,12756,
9682,391424,-5.0,0.0,0.0,0,,,1.0,12756,
9683,391488,-1.5,0.0,14.29,1,0.0,0.0,1.0,12760,
9684,391488,-3.8,0.0,3.33,1,0.0,0.0,1.0,12760,
9685,391488,-3.4,0.0,3.85,1,0.0,0.0,1.0,12760,
9686,391488,-4.7,0.0,2.56,1,0.0,0.0,1.0,12760,
9687,391552,-5.5,0.0,2.13,1,0.0,0.0,1.0,12764,
9688,391552,-3.3,0.0,2.86,1,0.0,0.0,1.0,12764,
9689,391616,-5.6,0.0,2.08,1,0.0,0.0,1.0,12767,
9690,391616,-3.4,0.0,3.85,1,0.0,0.0,1.0,12767,
9691,391808,-2.4,0.0,3.85,1,0.0,0.0,1.0,12770,
9692,391872,-1.7,0.0,11.11,1,0.0,0.0,1.0,12772,
9693,391872,-1.9,0.0,9.09,1,0.0,0.0,1.0,12772,
9694,391936,-4.0,0.0,0.0,0,,,1.0,12772,
9695,391936,-5.0,0.0,0.0,0,,,1.0,12772,
9696,391936,10.3,1.0,12.5,1,0.0,1.0,1.0,12772,
9697,392000,-5.0,0.0,1.96,1,0.0,1.0,1.0,12774,
9698,392000,11.4,1.0,0.0,0,,,1.0,12774,
9699,392000,-8.0,0.0,7.84,4,0.25,1.0,1.0,12774,
9700,392128,-6.0,0.0,1.96,1,0.0,1.0,1.0,12778,
9701,392192,-3.4,0.0,3.85,1,0.0,0.0,1.0,12780,
9702,392192,-3.8,0.0,3.33,1,0.0,0.0,1.0,12780,
9703,392256,-1.5,0.0,5.88,1,0.0,0.0,1.0,12782,
9704,392256,-5.3,0.0,2.22,1,0.0,0.0,1.0,12782,
9705,392320,-5.0,0.0,1.96,1,0.0,1.0,1.0,12782,
9706,392320,6.2,1.0,10.34,3,0.3333,1.0,1.0,12782,
9707,392384,-5.0,0.0,0.0,0,,,1.0,12783,
9708,392384,-5.0,0.0,0.0,0,,,1.0,12783,
9709,392448,-2.5,0.0,28.57,2,0.5,0.5,1.0,12784,
9710,392512,-2.3,0.0,6.67,1,0.0,0.0,1.0,12787,
9711,392512,-2.7,0.0,3.45,1,0.0,0.0,1.0,12787,
9712,392576,-3.2,0.0,4.17,1,0.0,0.0,1.0,12790,
9713,392576,-1.9,0.0,4.76,1,0.0,0.0,1.0,12790,
9714,392576,-4.1,0.0,3.03,1,0.0,0.0,1.0,12790,
9715,392640,-2.6,0.0,5.56,1,0.0,0.0,1.0,12793,
9716,392640,-5.0,0.0,0.0,0,,,1.0,12793,
9717,392768,-1.7,0.0,11.11,1,0.0,0.0,1.0,12796,
9718,392768,-5.5,0.0,4.26,2,0.5,0.5,1.0,12796,
9719,392832,-2.0,0.0,4.55,1,0.0,0.0,1.0,12797,
9720,392832,10.6,1.0,20.0,1,0.0,1.0,1.0,12797,
9721,392896,-5.0,0.0,0.0,0,,,1.0,12798,
9722,392896,-3.4,0.0,3.85,1,0.0,0.0,1.0,12798,
9723,392896,-4.0,0.0,0.0,0,,,1.0,12798,
9724,392960,-2.5,0.0,3.7,1,0.0,0.0,1.0,12801,
9725,392960,-4.1,0.0,3.03,1,0.0,0.0,1.0,12801,
9726,393024,-5.0,0.0,0.0,0,,,1.0,12803,
9727,393024,-5.0,0.0,0.0,0,,,1.0,12803,
9728,393024,-2.5,0.0,5.88,1,0.0,0.0,1.0,12803,
9729,393088,-5.0,0.0,0.0,0,,,1.0,12804,
9730,393088,-2.8,0.0,5.0,1,0.0,0.0,1.0,12804,
9731,393152,-2.0,0.0,8.33,1,0.0,0.0,1.0,12808,
9732,393152,-2.2,0.0,7.14,1,0.0,0.0,1.0,12808,
9733,393152,-5.0,0.0,0.0,0,,,1.0,12808,
9734,393216,-5.0,0.0,0.0,0,,,1.0,12810,
9735,393216,-5.0,0.0,0.0,0,,,1.0,12810,
9736,393280,-5.7,0.0,2.04,1,0.0,0.0,1.0,12813,
9737,393280,-5.6,0.0,2.08,1,0.0,0.0,1.0,12813,
9738,393280,-6.0,0.0,1.96,1,0.0,1.0,1.0,12813,
9739,393280,-4.8,0.0,2.5,1,0.0,0.0,1.0,12813,
9740,393408,-4.0,0.0,0.0,0,,,1.0,12816,
9741,393408,-2.2,0.0,4.17,1,0.0,0.0,1.0,12816,
9742,393472,-3.1,0.0,4.35,1,0.0,0.0,1.0,12819,
9743,393472,-4.7,0.0,2.56,1,0.0,0.0,1.0,12819,
9744,393536,-4.0,0.0,3.12,1,0.0,0.0,1.0,12822,
9745,393536,-7.8,0.0,6.0,3,0.0,0.6667,1.0,12822,
9746,393536,-5.0,0.0,0.0,0,,,1.0,12822,
9747,393536,-1.4,0.0,16.67,1,0.0,0.0,1.0,12822,
9748,393600,-3.3,0.0,4.0,1,0.0,0.0,1.0,12825,
9749,393728,-2.0,0.0,8.33,1,0.0,0.0,1.0,12830,
9750,393728,-5.0,0.0,0.0,0,,,1.0,12830,
9751,393728,10.4,1.0,14.29,1,1.0,1.0,1.0,12830,
9752,393792,10.3,1.0,12.5,1,0.0,1.0,1.0,12834,
9753,393792,8.0,1.0,27.27,3,0.6667,1.0,1.0,12834,
9754,393856,-4.5,0.0,2.13,1,0.0,0.0,1.0,12840,
9755,393856,-3.2,0.0,4.17,1,0.0,0.0,1.0,12840,
9756,393856,-4.6,0.0,2.63,1,0.0,0.0,1.0,12840,
9757,393920,-5.0,0.0,0.0,0,,,1.0,12844,
9758,393920,-4.4,0.0,2.78,1,0.0,0.0,1.0,12844,
9759,393984,-7.0,0.0,3.92,2,0.0,1.0,1.0,12845,
9760,394048,-4.0,0.0,0.0,0,,,1.0,12846,
9761,394048,-3.1,0.0,4.35,1,0.0,0.0,1.0,12846,
9762,394048,9.1,1.0,5.0,1,1.0,1.0,1.0,12846,
9763,394048,-5.0,0.0,0.0,0,,,1.0,12846,
9764,394112,-5.0,0.0,0.0,0,,,1.0,12847,
9765,394112,-7.0,0.0,5.88,3,0.0,1.0,1.0,12847,
9766,394112,-1.6,0.0,5.56,1,0.0,0.0,1.0,12847,
9767,394112,1.7,1.0,20.59,7,0.1429,1.0,1.0,12847,
9768,394176,-2.3,0.0,13.33,2,0.0,0.5,1.0,12850,
9769,394304,-3.0,0.0,3.12,1,0.0,0.0,1.0,12852,
9770,394368,-3.2,0.0,4.17,1,0.0,0.0,1.0,12854,
9771,394368,-5.3,0.0,2.22,1,0.0,0.0,1.0,12854,
9772,394368,9.2,1.0,0.0,0,,,1.0,12854,
9773,394368,-5.0,0.0,0.0,0,,,1.0,12854,
9774,394432,-0.5,0.0,14.29,1,0.0,0.0,1.0,12857,
9775,394496,-5.0,0.0,0.0,0,,,1.0,12857,
9776,394496,-5.0,0.0,0.0,0,,,1.0,12857,
9777,394560,-5.0,0.0,0.0,0,,,1.0,12858,
9778,394752,10.7,1.0,0.0,0,,,1.0,12859,
9779,394752,-6.1,0.0,9.09,3,0.0,0.6667,1.0,12859,
9780,394752,-7.0,0.0,3.92,2,0.0,1.0,1.0,12859,
9781,394752,8.0,1.0,0.0,0,,,1.0,12859,
9782,394880,-4.0,0.0,0.0,0,,,1.0,12863,
9783,394880,-3.7,0.0,3.45,1,0.0,0.0,1.0,12863,
9784,394880,-5.5,0.0,2.13,1,0.0,0.0,1.0,12863,
9785,394880,10.9,1.0,0.0,0,,,1.0,12863,
9786,395136,-3.0,0.0,4.55,1,0.0,0.0,1.0,12871,
9787,395136,10.5,1.0,16.67,1,0.0,1.0,1.0,12871,
9788,395200,-9.0,0.0,9.8,5,0.0,1.0,1.0,12875,
9789,395200,-3.0,0.0,4.55,1,0.0,0.0,1.0,12875,
9790,395200,-5.9,0.0,7.32,3,0.0,0.6667,1.0,12875,
9791,395200,-3.6,0.0,3.57,1,0.0,0.0,1.0,12875,
9792,395264,9.5,1.0,33.33,2,1.0,1.0,1.0,12876,
9793,395328,-4.1,0.0,2.33,1,0.0,0.0,1.0,12881,
9794,395328,-3.2,0.0,4.17,1,0.0,0.0,1.0,12881,
9795,395456,-10.0,0.0,11.76,6,0.1667,1.0,1.0,12883,
9796,395456,-2.5,0.0,5.88,1,0.0,0.0,1.0,12883,
9797,395520,-2.9,0.0,3.23,1,0.0,0.0,1.0,12886,
9798,395520,-4.9,0.0,2.44,1,0.0,0.0,1.0,12886,
9799,395520,-2.9,0.0,3.23,1,0.0,0.0,1.0,12886,
9800,395584,-5.0,0.0,0.0,0,,,1.0,12887,
9801,395584,-1.3,0.0,20.0,1,0.0,0.0,1.0,12887,
9802,395648,-5.0,0.0,0.0,0,,,1.0,12887,
9803,395712,-4.0,0.0,0.0,0,,,1.0,12890,
9804,395712,-3.6,0.0,2.63,1,0.0,0.0,1.0,12890,
9805,395712,-3.3,0.0,2.86,1,0.0,0.0,1.0,12890,
9806,395904,-1.4,0.0,6.25,1,0.0,0.0,1.0,12893,
9807,395904,-5.0,0.0,0.0,0,,,1.0,12893,
9808,395904,8.2,1.0,3.45,1,0.0,1.0,1.0,12893,
9809,395968,-1.7,0.0,5.26,1,0.0,0.0,1.0,12896,
9810,395968,-2.1,0.0,15.38,2,0.5,0.5,1.0,12896,
9811,396032,-4.0,0.0,0.0,0,,,1.0,12900,
9812,396032,-4.5,0.0,2.13,1,0.0,0.0,1.0,12900,
9813,396032,-4.7,0.0,5.13,2,0.0,0.5,1.0,12900,
9814,396032,-8.7,0.0,12.82,5,0.2,0.8,1.0,12900,
9815,396096,-5.0,0.0,0.0,0,,,1.0,12904,
9816,396096,-2.9,0.0,4.76,1,0.0,0.0,1.0,12904,
9817,396096,-4.3,0.0,8.0,2,0.0,0.5,1.0,12904,
9818,396160,-6.0,0.0,3.92,2,0.0,1.0,1.0,12906,
9819,396160,-5.0,0.0,0.0,0,,,1.0,12906,
9820,396288,-5.0,0.0,0.0,0,,,1.0,12908,
9821,396288,-1.5,0.0,5.88,1,0.0,0.0,1.0,12908,
9822,396288,-3.5,0.0,3.7,1,0.0,0.0,1.0,12908,
9823,396352,-5.0,0.0,1.96,1,0.0,1.0,1.0,12910,
9824,396352,-4.1,0.0,2.33,1,0.0,0.0,1.0,12910,
9825,396416,-3.4,0.0,3.85,1,0.0,0.0,1.0,12914,
9826,396416,-5.0,0.0,1.96,1,1.0,1.0,1.0,12914,
9827,396416,-2.3,0.0,6.67,1,0.0,0.0,1.0,12914,
9828,396416,-4.0,0.0,0.0,0,,,1.0,12914,
9829,396416,-4.4,0.0,2.78,1,0.0,0.0,1.0,12914,
9830,396480,-4.2,0.0,2.94,1,0.0,0.0,1.0,12915,
9831,396480,-4.0,0.0,0.0,0,,,1.0,12915,
9832,396544,-5.0,0.0,1.96,1,0.0,1.0,1.0,12915,
9833,396608,-5.3,0.0,5.71,2,0.5,0.5,1.0,12917,
9834,396672,-5.0,0.0,0.0,0,,,1.0,12918,
9835,396672,10.5,1.0,16.67,1,1.0,1.0,1.0,12918,
9836,396672,-4.8,0.0,2.5,1,0.0,0.0,1.0,12918,
9837,396736,-5.0,0.0,0.0,0,,,1.0,12919,
9838,396992,-5.0,0.0,0.0,0,,,1.0,12923,
9839,396992,-5.0,0.0,0.0,0,,,1.0,12923,
9840,397056,11.5,1.0,0.0,0,,,1.0,12927,
9841,397120,7.6,1.0,8.0,2,0.0,1.0,1.0,12935,
9842,397120,-5.6,0.0,2.08,1,0.0,0.0,1.0,12935,
9843,397120,-5.0,0.0,0.0,0,,,1.0,12935,
9844,397120,-6.0,0.0,4.76,2,0.0,0.5,1.0,12935,
9845,397120,-2.6,0.0,25.0,2,0.5,0.5,1.0,12935,
9846,397120,-6.0,0.0,1.96,1,0.0,1.0,1.0,12935,
9847,397120,-1.8,0.0,10.0,1,0.0,0.0,1.0,12935,
9848,397120,-4.0,0.0,9.09,2,0.0,0.5,1.0,12935,
9849,397184,-4.6,0.0,2.08,1,0.0,0.0,1.0,12938,
9850,397184,-5.0,0.0,0.0,0,,,1.0,12938,
9851,397184,-2.2,0.0,7.14,1,0.0,0.0,1.0,12938,
9852,397184,-5.0,0.0,0.0,0,,,1.0,12938,
9853,397184,-3.9,0.0,3.23,1,0.0,0.0,1.0,12938,
9854,397312,-5.0,0.0,1.96,1,0.0,1.0,1.0,12940,
9855,397312,-5.0,0.0,0.0,0,,,1.0,12940,
9856,397440,-5.0,0.0,0.0,0,,,1.0,12941,
9857,397440,9.9,1.0,0.0,0,,,1.0,12941,
9858,397440,-4.1,0.0,3.03,1,0.0,0.0,1.0,12941,
9859,397568,-3.1,0.0,4.35,1,0.0,0.0,1.0,12946,
9860,397568,-5.1,0.0,13.04,3,0.0,0.6667,1.0,12946,
9861,397632,10.6,1.0,0.0,0,,,1.0,12948,
9862,397632,-6.0,0.0,1.96,1,0.0,1.0,1.0,12948,
9863,397632,-2.6,0.0,5.56,1,0.0,0.0,1.0,12948,
9864,397632,-4.9,0.0,1.96,1,0.0,0.0,1.0,12948,
9865,397760,-5.0,0.0,0.0,0,,,1.0,12949,
9866,397824,-3.0,0.0,4.55,1,0.0,0.0,1.0,12950,
9867,397888,-5.5,0.0,5.41,2,0.0,0.5,1.0,12952,
9868,398016,-1.1,0.0,7.69,1,0.0,0.0,1.0,12955,
9869,398080,-5.7,0.0,7.69,3,0.0,0.6667,1.0,12960,
9870,398080,-4.1,0.0,3.03,1,0.0,0.0,1.0,12960,
9871,398144,-2.5,0.0,3.7,1,0.0,0.0,1.0,12961,
9872,398144,-5.0,0.0,0.0,0,,,1.0,12961,
9873,398144,-4.0,0.0,0.0,0,,,1.0,12961,
9874,398208,8.7,1.0,14.29,2,0.0,1.0,1.0,12961,
9875,398272,-2.8,0.0,5.0,1,0.0,0.0,1.0,12963,
9876,398336,10.7,1.0,25.0,1,0.0,1.0,1.0,12963,
9877,398400,-3.7,0.0,2.56,1,0.0,0.0,1.0,12966,
9878,398400,-5.9,0.0,1.96,1,0.0,0.0,1.0,12966,
9879,398464,-6.0,0.0,1.96,1,0.0,1.0,1.0,12968,
9880,398464,-5.0,0.0,0.0,0,,,1.0,12968,
9881,398464,-3.6,0.0,2.63,1,0.0,0.0,1.0,12968,
9882,398528,-3.3,0.0,13.33,2,0.0,0.5,1.0,12969,
9883,398592,-0.5,0.0,14.29,1,0.0,0.0,1.0,12973,
9884,398592,-4.0,0.0,0.0,0,,,1.0,12973,
9885,398656,-5.1,0.0,2.33,1,0.0,0.0,1.0,12974,
9886,398720,-6.0,0.0,1.96,1,1.0,1.0,1.0,12977,
9887,398784,-5.7,0.0,2.04,1,0.0,0.0,1.0,12979,
9888,398784,-4.0,0.0,0.0,0,,,1.0,12979,
9889,398848,-10.0,0.0,11.76,6,0.1667,1.0,1.0,12982,
9890,398848,-3.6,0.0,3.57,1,0.0,0.0,1.0,12982,
9891,398976,-5.0,0.0,0.0,0,,,1.0,12984,
9892,398976,8.2,1.0,3.45,1,0.0,1.0,1.0,12984,
9893,398976,-4.0,0.0,0.0,0,,,1.0,12984,
9894,399040,7.5,1.0,2.78,1,1.0,1.0,1.0,12985,
9895,399104,-2.3,0.0,6.67,1,0.0,0.0,1.0,12988,
9896,399104,-2.8,0.0,5.0,1,0.0,0.0,1.0,12988,
9897,399168,-5.1,0.0,2.33,1,0.0,0.0,1.0,12993,
9898,399168,-1.6,0.0,5.56,1,0.0,0.0,1.0,12993,
9899,399168,-5.0,0.0,0.0,0,,,1.0,12993,
9900,399232,-5.0,0.0,0.0,0,,,1.0,12993,
9901,399296,-2.2,0.0,7.14,1,0.0,0.0,1.0,12995,
9902,399296,-9.0,0.0,9.8,5,0.0,1.0,1.0,12995,
9903,399296,-7.0,0.0,5.88,3,0.0,1.0,1.0,12995,
9904,399296,-5.7,0.0,2.04,1,0.0,0.0,1.0,12995,
9905,399360,-5.6,0.0,2.08,1,0.0,0.0,1.0,12998,
9906,399360,-1.7,0.0,5.26,1,0.0,0.0,1.0,12998,
9907,399360,-10.0,0.0,11.76,6,0.0,1.0,1.0,12998,
9908,399424,-2.6,0.0,3.57,1,0.0,0.0,1.0,13000,
9909,399424,-5.0,0.0,0.0,0,,,1.0,13000,
9910,399424,-3.4,0.0,2.78,1,0.0,0.0,1.0,13000,
9911,399616,-4.5,0.0,11.11,3,0.0,0.6667,1.0,13003,
9912,399616,-4.0,0.0,0.0,0,,,1.0,13003,
9913,399616,-5.0,0.0,0.0,0,,,1.0,13003,
9914,399680,-5.0,0.0,1.96,1,0.0,1.0,1.0,13007,
9915,399680,-4.0,0.0,3.12,1,0.0,0.0,1.0,13007,
9916,399680,-2.0,0.0,4.55,1,0.0,0.0,1.0,13007,
9917,399680,-10.0,0.0,11.76,6,0.0,1.0,1.0,13007,
9918,399808,-5.0,0.0,1.96,1,0.0,1.0,1.0,13008,
9919,399872,-4.1,0.0,2.33,1,0.0,0.0,1.0,13010,
9920,399872,-4.3,0.0,2.86,1,0.0,0.0,1.0,13010,
9921,399936,-7.0,0.0,5.88,3,0.0,1.0,1.0,13010,
9922,400000,-1.1,0.0,7.69,1,0.0,0.0,1.0,13012,
9923,400000,-5.3,0.0,2.22,1,0.0,0.0,1.0,13012,
9924,400064,-5.3,0.0,2.22,1,0.0,0.0,1.0,13013,
9925,400192,-3.9,0.0,3.23,1,0.0,0.0,1.0,13014,
9926,400256,-7.0,0.0,3.92,2,0.0,1.0,1.0,13015,
9927,400320,-2.3,0.0,6.67,1,0.0,0.0,1.0,13017,
9928,400320,-5.0,0.0,2.38,1,0.0,0.0,1.0,13017,
9929,400384,9.1,1.0,0.0,0,,,1.0,13018,
9930,400384,-4.0,0.0,0.0,0,,,1.0,13018,
9931,400384,-5.0,0.0,0.0,0,,,1.0,13018,
9932,400384,-5.0,0.0,0.0,0,,,1.0,13018,
9933,400384,-2.8,0.0,5.0,1,0.0,0.0,1.0,13018,
9934,400384,-4.0,0.0,0.0,0,,,1.0,13018,
9935,400448,-5.0,0.0,0.0,0,,,1.0,13019,
9936,400448,-5.0,0.0,0.0,0,,,1.0,13019,
9937,400448,-3.6,0.0,11.11,2,0.0,0.5,1.0,13019,
9938,400448,-5.0,0.0,0.0,0,,,1.0,13019,
9939,400512,-3.7,0.0,3.45,1,0.0,0.0,1.0,13021,
9940,400576,-6.0,0.0,1.96,1,0.0,1.0,1.0,13021,
9941,400640,-2.7,0.0,10.53,2,0.0,0.5,1.0,13023,
9942,400704,-5.0,0.0,0.0,0,,,1.0,13024,
9943,400704,-5.0,0.0,0.0,0,,,1.0,13024,
9944,400704,-5.0,0.0,0.0,0,,,1.0,13024,
9945,400768,-5.5,0.0,2.13,1,0.0,0.0,1.0,13026,
9946,400768,-3.2,0.0,4.17,1,0.0,0.0,1.0,13026,
9947,400832,-4.0,0.0,0.0,0,,,1.0,13026,
9948,400896,-2.8,0.0,5.0,1,0.0,0.0,1.0,13030,
9949,400896,-1.8,0.0,5.0,1,0.0,0.0,1.0,13030,
9950,400896,-2.8,0.0,5.0,1,0.0,0.0,1.0,13030,
9951,400960,-0.7,0.0,11.11,1,0.0,0.0,1.0,13033,
9952,400960,-3.8,0.0,3.33,1,0.0,0.0,1.0,13033,
9953,401024,-1.7,0.0,11.11,1,0.0,0.0,1.0,13034,
9954,401152,-2.0,0.0,8.33,1,0.0,0.0,1.0,13037,
9955,401280,-0.9,0.0,9.09,1,0.0,0.0,1.0,13039,
9956,401280,11.3,1.0,0.0,0,,,1.0,13039,
9957,401344,-5.0,0.0,0.0,0,,,1.0,13040,
9958,401344,-4.8,0.0,6.67,2,0.0,0.5,1.0,13040,
9959,401536,-0.6,0.0,12.5,1,0.0,0.0,1.0,13045,
9960,401536,-4.2,0.0,2.27,1,0.0,0.0,1.0,13045,
9961,401600,-4.9,0.0,1.96,1,0.0,0.0,1.0,13047,
9962,401600,-5.2,0.0,5.88,2,0.0,0.5,1.0,13047,
9963,401664,-5.0,0.0,0.0,0,,,1.0,13049,
9964,401664,-5.3,0.0,2.22,1,0.0,0.0,1.0,13049,
9965,401664,-2.7,0.0,5.26,1,0.0,0.0,1.0,13049,
9966,401728,-4.0,0.0,0.0,0,,,1.0,13051,
9967,401728,-5.0,0.0,1.96,1,0.0,1.0,1.0,13051,
9968,401728,-2.9,0.0,4.76,1,0.0,0.0,1.0,13051,
9969,401728,-2.1,0.0,7.69,1,0.0,0.0,1.0,13051,
9970,401792,-5.2,0.0,2.27,1,0.0,0.0,1.0,13054,
9971,401792,-3.9,0.0,9.52,2,0.0,0.5,1.0,13054,
9972,401792,-4.0,0.0,0.0,0,,,1.0,13054,
9973,401856,-6.0,0.0,1.96,1,0.0,1.0,1.0,13056,
9974,401856,-6.0,0.0,3.92,2,0.0,1.0,1.0,13056,
9975,401920,-3.7,0.0,3.45,1,0.0,0.0,1.0,13060,
9976,401920,-5.9,0.0,4.88,2,0.0,0.5,1.0,13060,
9977,401984,-5.3,0.0,2.22,1,0.0,0.0,1.0,13064,
9978,401984,-2.5,0.0,3.7,1,0.0,0.0,1.0,13064,
9979,401984,-5.8,0.0,2.0,1,0.0,0.0,1.0,13064,
9980,401984,-3.3,0.0,4.0,1,0.0,0.0,1.0,13064,
9981,402048,-1.9,0.0,9.09,1,0.0,0.0,1.0,13068,
9982,402048,9.1,1.0,5.0,1,0.0,1.0,1.0,13068,
9983,402048,11.4,1.0,0.0,0,,,1.0,13068,
9984,402048,-5.1,0.0,6.06,2,0.0,0.5,1.0,13068,
9985,402112,-5.0,0.0,0.0,0,,,1.0,13069,
9986,402112,-5.0,0.0,0.0,0,,,1.0,13069,
9987,402240,-2.3,0.0,6.67,1,0.0,0.0,1.0,13074,
9988,402240,-1.8,0.0,10.0,1,0.0,0.0,1.0,13074,
9989,402240,-5.0,0.0,0.0,0,,,1.0,13074,
9990,402240,-2.6,0.0,25.0,2,0.0,0.5,1.0,13074,
9991,402240,-4.3,0.0,2.86,1,0.0,0.0,1.0,13074,
9992,402240,-7.0,0.0,3.92,2,0.0,1.0,1.0,13074,
9993,402304,-1.0,0.0,8.33,1,0.0,0.0,1.0,13076,
9994,402304,-4.9,0.0,6.45,2,0.0,0.5,1.0,13076,
9995,402432,-4.0,0.0,0.0,0,,,1.0,13081,
9996,402432,-5.0,0.0,0.0,0,,,1.0,13081,
9997,402432,4.3,1.0,6.25,3,0.0,1.0,1.0,13081,
9998,402432,-5.7,0.0,2.04,1,0.0,0.0,1.0,13081,
9999,402496,-1.9,0.0,9.09,1,0.0,0.0,1.0,13083,
10000,402560,-4.0,0.0,0.0,0,,,1.0,13084,
10001,402624,-0.9,0.0,9.09,1,0.0,0.0,1.0,13089,
10002,402624,-5.0,0.0,0.0,0,,,1.0,13089,
10003,402752,-3.6,0.0,3.57,1,0.0,0.0,1.0,13094,
10004,402816,-4.1,0.0,3.03,1,0.0,0.0,1.0,13096,
10005,402880,10.7,1.0,0.0,0,,,1.0,13097,
10006,402880,-2.6,0.0,5.56,1,0.0,0.0,1.0,13097,
10007,402944,-6.0,0.0,1.96,1,0.0,1.0,1.0,13097,
10008,402944,-4.0,0.0,0.0,0,,,1.0,13097,
10009,402944,-5.0,0.0,0.0,0,,,1.0,13097,
10010,402944,-4.0,0.0,0.0,0,,,1.0,13097,
10011,403008,-3.1,0.0,3.03,1,0.0,0.0,1.0,13099,
10012,403008,-3.7,0.0,3.45,1,0.0,0.0,1.0,13099,
10013,403072,-3.9,0.0,14.29,3,0.3333,0.6667,1.0,13100,
10014,403072,-5.0,0.0,0.0,0,,,1.0,13100,
10015,403136,-5.9,0.0,7.32,3,0.0,0.6667,1.0,13105,
10016,403136,-6.0,0.0,3.92,2,0.5,1.0,1.0,13105,
10017,403136,-1.2,0.0,7.14,1,0.0,0.0,1.0,13105,
10018,403136,-7.0,0.0,3.92,2,0.0,1.0,1.0,13105,
10019,403136,-6.0,0.0,4.76,2,0.0,0.5,1.0,13105,
10020,403200,-3.1,0.0,4.35,1,0.0,0.0,1.0,13108,
10021,403200,-2.6,0.0,5.56,1,0.0,0.0,1.0,13108,
10022,403264,-5.0,0.0,1.96,1,0.0,1.0,1.0,13109,
10023,403264,-2.1,0.0,7.69,1,0.0,0.0,1.0,13109,
10024,403328,-1.7,0.0,11.11,1,0.0,0.0,1.0,13111,
10025,403456,-4.0,0.0,0.0,0,,,1.0,13114,
10026,403456,-5.7,0.0,2.04,1,0.0,0.0,1.0,13114,
10027,403456,11.6,1.0,0.0,0,,,1.0,13114,
10028,403456,-2.3,0.0,4.0,1,0.0,0.0,1.0,13114,
10029,403520,-1.7,0.0,11.11,1,0.0,0.0,1.0,13118,
10030,403520,-4.7,0.0,10.34,3,0.0,0.6667,1.0,13118,
10031,403520,-3.5,0.0,7.41,2,0.0,0.5,1.0,13118,
10032,403584,-5.8,0.0,2.0,1,0.0,0.0,1.0,13120,
10033,403648,-3.4,0.0,12.5,2,0.5,0.5,1.0,13121,
10034,403648,-5.0,0.0,1.96,1,0.0,1.0,1.0,13121,
10035,403776,10.9,1.0,0.0,0,,,1.0,13121,
10036,403776,9.2,1.0,0.0,0,,,1.0,13121,
10037,403904,-5.0,0.0,0.0,0,,,1.0,13124,
10038,403904,-5.5,0.0,2.13,1,0.0,0.0,1.0,13124,
10039,403968,-3.4,0.0,2.78,1,0.0,0.0,1.0,13129,
10040,403968,-2.9,0.0,3.23,1,0.0,0.0,1.0,13129,
10041,403968,-5.0,0.0,1.96,1,0.0,1.0,1.0,13129,
10042,403968,-5.5,0.0,2.13,1,0.0,0.0,1.0,13129,
10043,403968,-5.0,0.0,0.0,0,,,1.0,13129,
10044,404032,-4.0,0.0,6.25,2,0.0,0.5,1.0,13134,
10045,404032,-4.1,0.0,8.7,2,0.0,0.5,1.0,13134,
10046,404096,-4.0,0.0,0.0,0,,,1.0,13134,
10047,404160,-3.8,0.0,3.33,1,0.0,0.0,1.0,13136,
10048,404224,-2.0,0.0,4.55,1,0.0,0.0,1.0,13138,
10049,404288,-3.2,0.0,2.94,1,0.0,0.0,1.0,13140,
10050,404288,-4.7,0.0,2.56,1,0.0,0.0,1.0,13140,
10051,404416,-3.0,0.0,16.67,2,0.0,0.5,1.0,13142,
10052,404480,9.1,1.0,5.0,1,0.0,1.0,1.0,13143,
10053,404480,-2.6,0.0,5.56,1,0.0,0.0,1.0,13143,
10054,404544,-5.0,0.0,0.0,0,,,1.0,13145,
10055,404544,-3.8,0.0,10.0,2,0.0,0.5,1.0,13145,
10056,404608,2.5,1.0,10.87,5,0.4,1.0,1.0,13150,
10057,404608,-5.0,0.0,0.0,0,,,1.0,13150,
10058,404608,-3.4,0.0,2.78,1,0.0,0.0,1.0,13150,
10059,404608,-2.6,0.0,5.56,1,0.0,0.0,1.0,13150,
10060,404800,-1.9,0.0,4.76,1,0.0,0.0,1.0,13154,
10061,404800,-7.0,0.0,5.88,3,0.0,1.0,1.0,13154,
10062,404864,-3.9,0.0,3.23,1,0.0,0.0,1.0,13155,
10063,404928,-3.6,0.0,3.57,1,0.0,0.0,1.0,13156,
10064,404992,-2.9,0.0,3.23,1,0.0,0.0,1.0,13158,
10065,404992,8.8,1.0,4.35,1,0.0,1.0,1.0,13158,
10066,405120,-5.0,0.0,0.0,0,,,1.0,13161,
10067,405184,-3.4,0.0,2.78,1,0.0,0.0,1.0,13162,
10068,405248,-5.0,0.0,0.0,0,,,1.0,13164,
10069,405312,-1.1,0.0,7.69,1,0.0,0.0,1.0,13168,
10070,405312,-5.0,0.0,0.0,0,,,1.0,13168,
10071,405312,-5.0,0.0,0.0,0,,,1.0,13168,
10072,405312,-3.4,0.0,3.85,1,0.0,0.0,1.0,13168,
10073,405312,-4.0,0.0,0.0,0,,,1.0,13168,
10074,405376,-5.0,0.0,0.0,0,,,1.0,13169,
10075,405504,-6.0,0.0,1.96,1,0.0,1.0,1.0,13175,
10076,405504,-5.0,0.0,1.96,1,0.0,1.0,1.0,13175,
10077,405504,-15.0,0.0,21.57,11,0.0,1.0,1.0,13175,
10078,405504,-4.0,0.0,0.0,0,,,1.0,13175,
10079,405504,-5.4,0.0,5.56,2,0.0,0.5,1.0,13175,
10080,405568,-5.0,0.0,1.96,1,0.0,1.0,1.0,13176,
10081,405568,-4.0,0.0,3.12,1,0.0,0.0,1.0,13176,
10082,405632,9.9,1.0,0.0,0,,,1.0,13178,
10083,405632,11.1,1.0,0.0,0,,,1.0,13178,
10084,405696,-4.9,0.0,1.96,1,0.0,0.0,1.0,13182,
10085,405696,-5.0,0.0,0.0,0,,,1.0,13182,
10086,405696,-2.2,0.0,7.14,1,0.0,0.0,1.0,13182,
10087,405696,-5.9,0.0,1.96,1,0.0,0.0,1.0,13182,
10088,405760,-3.6,0.0,3.57,1,0.0,0.0,1.0,13184,
10089,405760,-4.0,0.0,0.0,0,,,1.0,13184,
10090,405760,-4.4,0.0,2.78,1,0.0,0.0,1.0,13184,
10091,405888,-5.0,0.0,0.0,0,,,1.0,13185,
10092,405952,9.8,1.0,7.69,1,0.0,1.0,1.0,13185,
10093,406016,-3.0,0.0,3.12,1,0.0,0.0,1.0,13188,
10094,406016,-5.3,0.0,2.22,1,0.0,0.0,1.0,13188,
10095,406080,-3.1,0.0,4.35,1,0.0,0.0,1.0,13190,
10096,406144,-2.7,0.0,22.22,2,0.0,0.5,1.0,13195,
10097,406144,-1.5,0.0,14.29,1,0.0,0.0,1.0,13195,
10098,406144,9.1,1.0,20.0,2,0.5,1.0,1.0,13195,
10099,406144,-5.5,0.0,2.13,1,0.0,0.0,1.0,13195,
10100,406208,-8.0,0.0,7.84,4,0.0,1.0,1.0,13195,
10101,406208,-4.0,0.0,0.0,0,,,1.0,13195,
10102,406208,-4.0,0.0,0.0,0,,,1.0,13195,
10103,406272,-5.7,0.0,4.08,2,0.0,0.5,1.0,13196,
10104,406336,-2.3,0.0,6.67,1,0.0,0.0,1.0,13197,
10105,406336,-5.0,0.0,1.96,1,0.0,1.0,1.0,13197,
10106,406336,-5.0,0.0,0.0,0,,,1.0,13197,
10107,406528,-5.0,0.0,0.0,0,,,1.0,13205,
10108,406528,-1.4,0.0,6.25,1,0.0,0.0,1.0,13205,
10109,406528,-4.9,0.0,2.44,1,0.0,0.0,1.0,13205,
10110,406528,-1.7,0.0,11.11,1,0.0,0.0,1.0,13205,
10111,406592,-5.9,0.0,7.32,3,0.0,0.6667,1.0,13207,
10112,406592,-5.4,0.0,5.56,2,0.0,0.5,1.0,13207,
10113,406720,-5.0,0.0,0.0,0,,,1.0,13209,
10114,406784,-6.0,0.0,3.92,2,0.0,1.0,1.0,13210,
10115,406784,-3.1,0.0,4.35,1,0.0,0.0,1.0,13210,
10116,406848,-2.9,0.0,3.23,1,0.0,0.0,1.0,13212,
10117,406848,-8.0,0.0,5.88,3,0.0,1.0,1.0,13212,
10118,406976,-2.1,0.0,7.69,1,0.0,0.0,1.0,13214,
10119,406976,-2.4,0.0,3.85,1,0.0,0.0,1.0,13214,
10120,407040,-6.1,0.0,12.12,4,0.0,0.75,1.0,13215,
10121,407040,-5.0,0.0,0.0,0,,,1.0,13215,
10122,407040,-6.0,0.0,1.96,1,0.0,1.0,1.0,13215,
10123,407104,-4.0,0.0,9.09,2,0.0,0.5,1.0,13217,
10124,407168,-4.0,0.0,0.0,0,,,1.0,13220,
10125,407168,-4.8,0.0,15.0,3,0.0,0.6667,1.0,13220,
10126,407168,8.2,1.0,3.45,1,0.0,1.0,1.0,13220,
10127,407168,-2.6,0.0,5.56,1,0.0,0.0,1.0,13220,
10128,407232,-6.0,0.0,3.92,2,0.0,1.0,1.0,13221,
10129,407232,-3.8,0.0,3.33,1,0.0,0.0,1.0,13221,
10130,407232,-5.0,0.0,0.0,0,,,1.0,13221,
10131,407296,-4.0,0.0,0.0,0,,,1.0,13221,
10132,407296,-5.0,0.0,0.0,0,,,1.0,13221,
10133,407360,9.2,1.0,0.0,0,,,1.0,13221,
10134,407360,-5.0,0.0,0.0,0,,,1.0,13221,
10135,407424,-5.0,0.0,0.0,0,,,1.0,13222,
10136,407424,-3.6,0.0,3.57,1,0.0,0.0,1.0,13222,
10137,407552,-4.0,0.0,3.12,1,0.0,0.0,1.0,13225,
10138,407552,-5.0,0.0,0.0,0,,,1.0,13225,
10139,407680,-4.0,0.0,0.0,0,,,1.0,13227,
10140,407744,-5.0,0.0,0.0,0,,,1.0,13227,
10141,407808,-5.0,0.0,0.0,0,,,1.0,13227,
10142,407808,-5.0,0.0,0.0,0,,,1.0,13227,
10143,407872,-5.0,0.0,0.0,0,,,1.0,13228,
10144,407872,-6.0,0.0,1.96,1,0.0,1.0,1.0,13228,
10145,407872,-5.0,0.0,0.0,0,,,1.0,13228,
10146,407936,-2.6,0.0,3.57,1,0.0,0.0,1.0,13230,
10147,408000,8.5,1.0,12.5,2,0.0,1.0,1.0,13232,
10148,408000,-3.1,0.0,4.35,1,0.0,0.0,1.0,13232,
10149,408000,7.6,1.0,2.86,1,1.0,1.0,1.0,13232,
10150,408064,-0.8,0.0,10.0,1,0.0,0.0,1.0,13234,
10151,408064,-3.1,0.0,4.35,1,0.0,0.0,1.0,13234,
10152,408064,-5.0,0.0,0.0,0,,,1.0,13234,
10153,408128,-2.5,0.0,5.88,1,0.0,0.0,1.0,13238,
10154,408128,-1.9,0.0,9.09,1,0.0,0.0,1.0,13238,
10155,408128,-5.4,0.0,4.35,2,0.0,0.5,1.0,13238,
10156,408256,-5.0,0.0,0.0,0,,,1.0,13239,
10157,408256,-2.4,0.0,6.25,1,0.0,0.0,1.0,13239,
10158,408320,-4.2,0.0,2.94,1,0.0,0.0,1.0,13246,
10159,408320,-2.6,0.0,5.56,1,0.0,0.0,1.0,13246,
10160,408320,-4.2,0.0,2.27,1,0.0,0.0,1.0,13246,
10161,408320,-3.2,0.0,4.17,1,0.0,0.0,1.0,13246,
10162,408320,-2.6,0.0,5.56,1,0.0,0.0,1.0,13246,
10163,408320,-1.8,0.0,10.0,1,0.0,0.0,1.0,13246,
10164,408320,-3.2,0.0,4.17,1,0.0,0.0,1.0,13246,
10165,408384,-4.2,0.0,2.94,1,0.0,0.0,1.0,13247,
10166,408512,-5.0,0.0,0.0,0,,,1.0,13248,
10167,408576,-4.3,0.0,2.86,1,0.0,0.0,1.0,13250,
10168,408576,-6.0,0.0,1.96,1,0.0,1.0,1.0,13250,
10169,408576,-3.5,0.0,3.7,1,0.0,0.0,1.0,13250,
10170,408704,-2.1,0.0,4.35,1,0.0,0.0,1.0,13251,
10171,408768,-4.0,0.0,3.12,1,0.0,0.0,1.0,13254,
10172,408768,-2.2,0.0,4.17,1,0.0,0.0,1.0,13254,
10173,408832,-4.0,0.0,0.0,0,,,1.0,13256,
10174,408832,-4.4,0.0,5.56,2,0.0,0.5,1.0,13256,
10175,408832,11.2,1.0,0.0,0,,,1.0,13256,
10176,408896,-5.0,0.0,0.0,0,,,1.0,13257,
10177,408896,-3.3,0.0,4.0,1,0.0,0.0,1.0,13257,
10178,408960,-1.8,0.0,10.0,1,0.0,0.0,1.0,13259,
10179,408960,-5.0,0.0,0.0,0,,,1.0,13259,
10180,408960,-5.0,0.0,0.0,0,,,1.0,13259,
10181,409024,-5.0,0.0,0.0,0,,,1.0,13259,
10182,409024,-4.0,0.0,0.0,0,,,1.0,13259,
10183,409152,8.6,1.0,4.0,1,0.0,1.0,1.0,13261,
10184,409152,-1.1,0.0,7.69,1,0.0,0.0,1.0,13261,
10185,409152,-5.7,0.0,2.04,1,0.0,0.0,1.0,13261,
10186,409216,-2.2,0.0,7.14,1,0.0,0.0,1.0,13263,
10187,409216,-2.5,0.0,5.88,1,0.0,0.0,1.0,13263,
10188,409280,-3.0,0.0,4.55,1,0.0,0.0,1.0,13264,
10189,409344,-5.0,0.0,0.0,0,,,1.0,13265,
10190,409344,-4.3,0.0,2.86,1,0.0,0.0,1.0,13265,
10191,409344,6.1,1.0,2.0,1,1.0,1.0,1.0,13265,
10192,409408,-5.2,0.0,2.27,1,0.0,0.0,1.0,13266,
10193,409472,-3.3,0.0,4.0,1,0.0,0.0,1.0,13268,
10194,409472,-2.2,0.0,7.14,1,0.0,0.0,1.0,13268,
10195,409472,-5.0,0.0,0.0,0,,,1.0,13268,
10196,409472,-4.0,0.0,0.0,0,,,1.0,13268,
10197,409536,-5.0,0.0,0.0,0,,,1.0,13269,
10198,409536,-3.7,0.0,2.56,1,0.0,0.0,1.0,13269,
10199,409600,-5.0,0.0,0.0,0,,,1.0,13271,
10200,409600,-5.0,0.0,0.0,0,,,1.0,13271,
10201,409600,-3.3,0.0,2.86,1,0.0,0.0,1.0,13271,
10202,409664,-3.3,0.0,4.0,1,0.0,0.0,1.0,13274,
10203,409664,-2.5,0.0,5.88,1,0.0,0.0,1.0,13274,
10204,409728,-3.3,0.0,4.0,1,0.0,0.0,1.0,13278,
10205,409728,-1.2,0.0,7.14,1,0.0,0.0,1.0,13278,
10206,409792,-4.9,0.0,1.96,1,0.0,0.0,1.0,13280,
10207,409792,-3.9,0.0,2.44,1,0.0,0.0,1.0,13280,
10208,409792,10.8,1.0,0.0,0,,,1.0,13280,
10209,409792,-6.0,0.0,1.96,1,0.0,1.0,1.0,13280,
10210,409856,-1.8,0.0,10.0,1,0.0,0.0,1.0,13281,
10211,409920,-3.7,0.0,3.45,1,0.0,0.0,1.0,13284,
10212,409920,-5.6,0.0,2.08,1,0.0,0.0,1.0,13284,
10213,409984,-4.2,0.0,2.94,1,0.0,0.0,1.0,13288,
10214,409984,-3.8,0.0,3.33,1,0.0,0.0,1.0,13288,
10215,409984,-3.9,0.0,2.44,1,0.0,0.0,1.0,13288,
10216,410240,-5.0,0.0,0.0,0,,,1.0,13294,
10217,410304,-5.9,0.0,1.96,1,0.0,0.0,1.0,13297,
10218,410432,-6.0,0.0,3.92,2,0.0,1.0,1.0,13301,
10219,410432,-4.1,0.0,6.06,2,0.0,0.5,1.0,13301,
10220,410496,-5.0,0.0,2.38,1,0.0,0.0,1.0,13305,
10221,410496,-2.6,0.0,5.56,1,0.0,0.0,1.0,13305,
10222,410560,-4.9,0.0,2.44,1,0.0,0.0,1.0,13308,
10223,410560,-5.0,0.0,0.0,0,,,1.0,13308,
10224,410624,-3.7,0.0,3.45,1,0.0,0.0,1.0,13312,
10225,410624,-7.4,0.0,11.11,4,0.0,0.75,1.0,13312,
10226,410624,-3.6,0.0,16.67,3,0.0,0.6667,1.0,13312,
10227,410752,-4.0,0.0,3.12,1,0.0,0.0,1.0,13315,
10228,410752,-2.8,0.0,5.0,1,0.0,0.0,1.0,13315,
10229,410816,-1.1,0.0,7.69,1,0.0,0.0,1.0,13316,
10230,410816,-5.0,0.0,0.0,0,,,1.0,13316,
10231,410880,-3.2,0.0,8.33,2,0.0,0.5,1.0,13317,
10232,410944,-3.1,0.0,8.7,2,0.0,0.5,1.0,13318,
10233,411008,-4.0,0.0,3.12,1,0.0,0.0,1.0,13321,
10234,411008,-4.2,0.0,2.94,1,0.0,0.0,1.0,13321,
10235,411008,-5.0,0.0,0.0,0,,,1.0,13321,
10236,411072,-5.6,0.0,2.08,1,0.0,0.0,1.0,13324,
10237,411136,-5.0,0.0,0.0,0,,,1.0,13327,
10238,411136,4.7,1.0,6.82,3,0.0,1.0,1.0,13327,
10239,411136,-5.5,0.0,2.13,1,0.0,0.0,1.0,13327,
10240,411200,-1.7,0.0,11.11,1,0.0,0.0,1.0,13330,
10241,411200,-3.0,0.0,3.12,1,0.0,0.0,1.0,13330,
10242,411200,-5.2,0.0,2.27,1,0.0,0.0,1.0,13330,
10243,411200,7.7,1.0,8.33,2,0.0,1.0,1.0,13330,
10244,411264,-5.0,0.0,1.96,1,0.0,1.0,1.0,13331,
10245,411264,-3.0,0.0,4.55,1,0.0,0.0,1.0,13331,
10246,411264,-5.0,0.0,1.96,1,0.0,1.0,1.0,13331,
10247,411392,-3.3,0.0,4.0,1,0.0,0.0,1.0,13335,
10248,411392,-0.7,0.0,11.11,1,0.0,0.0,1.0,13335,
10249,411456,-2.3,0.0,6.67,1,0.0,0.0,1.0,13339,
10250,411520,-2.5,0.0,3.7,1,0.0,0.0,1.0,13341,
10251,411520,-5.0,0.0,1.96,1,0.0,1.0,1.0,13341,
10252,411584,-4.2,0.0,5.88,2,0.0,0.5,1.0,13342,
10253,411584,10.5,1.0,16.67,1,0.0,1.0,1.0,13342,
10254,411584,-5.0,0.0,1.96,1,0.0,1.0,1.0,13342,
10255,411712,-2.5,0.0,5.88,1,0.0,0.0,1.0,13346,
10256,411712,-5.4,0.0,2.17,1,0.0,0.0,1.0,13346,
10257,411776,-5.0,0.0,0.0,0,,,1.0,13346,
10258,411776,7.5,1.0,2.78,1,0.0,1.0,1.0,13346,
10259,411840,-3.3,0.0,2.86,1,0.0,0.0,1.0,13348,
10260,411840,-5.0,0.0,0.0,0,,,1.0,13348,
10261,411840,-7.2,0.0,6.82,3,0.0,0.6667,1.0,13348,
10262,411968,-3.4,0.0,2.78,1,0.0,0.0,1.0,13350,
10263,412032,6.4,1.0,11.11,3,0.0,1.0,1.0,13354,
10264,412032,-3.0,0.0,4.55,1,0.0,0.0,1.0,13354,
10265,412032,-5.3,0.0,2.22,1,0.0,0.0,1.0,13354,
10266,412032,-2.4,0.0,6.25,1,0.0,0.0,1.0,13354,
10267,412096,-4.4,0.0,2.78,1,0.0,0.0,1.0,13356,
10268,412096,-5.0,0.0,0.0,0,,,1.0,13356,
10269,412096,-2.5,0.0,5.88,1,0.0,0.0,1.0,13356,
10270,412160,-5.0,0.0,0.0,0,,,1.0,13357,
10271,412160,-5.0,0.0,1.96,1,0.0,1.0,1.0,13357,
10272,412160,10.5,1.0,0.0,0,,,1.0,13357,
10273,412224,-5.7,0.0,5.13,2,0.0,0.5,1.0,13358,
10274,412224,-6.0,0.0,3.92,2,0.0,1.0,1.0,13358,
10275,412288,-5.0,0.0,0.0,0,,,1.0,13359,
10276,412352,-3.3,0.0,4.0,1,0.0,0.0,1.0,13362,
10277,412352,-2.7,0.0,10.53,2,0.0,0.5,1.0,13362,
10278,412416,-5.0,0.0,0.0,0,,,1.0,13362,
10279,412480,9.0,1.0,4.76,1,0.0,1.0,1.0,13364,
10280,412480,-2.0,0.0,8.33,1,0.0,0.0,1.0,13364,
10281,412480,-1.7,0.0,5.26,1,0.0,0.0,1.0,13364,
10282,412480,-6.0,0.0,3.92,2,0.0,1.0,1.0,13364,
10283,412544,-4.0,0.0,0.0,0,,,1.0,13365,
10284,412608,-5.0,0.0,1.96,1,0.0,1.0,1.0,13368,
10285,412672,-1.7,0.0,11.11,1,0.0,0.0,1.0,13372,
10286,412672,-2.2,0.0,7.14,1,0.0,0.0,1.0,13372,
10287,412736,9.7,1.0,7.14,1,0.0,1.0,1.0,13378,
10288,412736,-8.7,0.0,10.2,5,0.0,0.8,1.0,13378,
10289,412736,-4.2,0.0,2.94,1,0.0,0.0,1.0,13378,
10290,412736,-4.3,0.0,2.86,1,0.0,0.0,1.0,13378,
10291,412736,-2.9,0.0,3.23,1,0.0,0.0,1.0,13378,
10292,412800,-7.0,0.0,3.92,2,0.0,1.0,1.0,13383,
10293,412800,-3.0,0.0,9.09,2,0.0,0.5,1.0,13383,
10294,412800,-3.3,0.0,4.0,1,0.0,0.0,1.0,13383,
10295,412800,-7.0,0.0,3.92,2,0.0,1.0,1.0,13383,
10296,412864,-6.0,0.0,3.92,2,0.0,1.0,1.0,13384,
10297,412928,-5.8,0.0,2.0,1,0.0,0.0,1.0,13385,
10298,412992,-4.8,0.0,5.0,2,0.0,0.5,1.0,13389,
10299,412992,-4.1,0.0,2.33,1,0.0,0.0,1.0,13389,
10300,412992,-1.3,0.0,6.67,1,0.0,0.0,1.0,13389,
10301,413056,-5.0,0.0,0.0,0,,,1.0,13393,
10302,413056,-2.4,0.0,6.25,1,0.0,0.0,1.0,13393,
10303,413056,-3.0,0.0,16.67,2,0.5,0.5,1.0,13393,
10304,413056,-4.9,0.0,6.45,2,0.0,0.5,1.0,13393,
10305,413120,-1.8,0.0,10.0,1,0.0,0.0,1.0,13394,
10306,413184,-5.0,0.0,0.0,0,,,1.0,13395,
10307,413184,-6.0,0.0,1.96,1,0.0,1.0,1.0,13395,
10308,413248,-6.0,0.0,4.76,2,0.0,0.5,1.0,13398,
10309,413248,-5.0,0.0,0.0,0,,,1.0,13398,
10310,413248,-5.0,0.0,0.0,0,,,1.0,13398,
10311,413312,-2.1,0.0,4.35,1,0.0,0.0,1.0,13400,
10312,413376,-2.6,0.0,5.56,1,0.0,0.0,1.0,13401,
10313,413440,11.3,1.0,0.0,0,,,1.0,13401,
10314,413504,-3.8,0.0,3.33,1,0.0,0.0,1.0,13404,
10315,413504,-2.8,0.0,3.33,1,0.0,0.0,1.0,13404,
10316,413568,-5.0,0.0,2.38,1,0.0,0.0,1.0,13409,
10317,413568,-1.6,0.0,12.5,1,0.0,0.0,1.0,13409,
10318,413568,-1.5,0.0,5.88,1,0.0,0.0,1.0,13409,
10319,413568,-4.7,0.0,2.04,1,0.0,0.0,1.0,13409,
10320,413632,6.3,1.0,22.22,4,0.25,1.0,1.0,13412,
10321,413632,-5.2,0.0,2.27,1,0.0,0.0,1.0,13412,
10322,413632,-2.3,0.0,6.67,1,0.0,0.0,1.0,13412,
10323,413696,-3.3,0.0,2.86,1,0.0,0.0,1.0,13415,
10324,413696,-3.7,0.0,3.45,1,0.0,0.0,1.0,13415,
10325,413760,-3.7,0.0,2.56,1,0.0,0.0,1.0,13416,
10326,413888,-4.4,0.0,11.54,3,0.0,0.6667,1.0,13418,
10327,413888,10.7,1.0,0.0,0,,,1.0,13418,
10328,413952,-4.7,0.0,6.9,2,0.0,0.5,1.0,13422,
10329,413952,-2.6,0.0,5.56,1,0.0,0.0,1.0,13422,
10330,413952,-4.2,0.0,8.33,2,0.0,0.5,1.0,13422,
10331,414144,-3.9,0.0,6.45,2,0.0,0.5,1.0,13426,
10332,414208,-5.5,0.0,2.13,1,0.0,0.0,1.0,13429,
10333,414208,-1.5,0.0,5.88,1,0.0,0.0,1.0,13429,
10334,414208,-6.0,0.0,1.96,1,0.0,1.0,1.0,13429,
10335,414272,-2.1,0.0,4.35,1,0.0,0.0,1.0,13432,
10336,414272,-6.0,0.0,1.96,1,0.0,1.0,1.0,13432,
10337,414272,-2.8,0.0,5.0,1,0.0,0.0,1.0,13432,
10338,414336,-4.4,0.0,2.78,1,0.0,0.0,1.0,13434,
10339,414336,-2.9,0.0,4.76,1,0.0,0.0,1.0,13434,
10340,414400,-5.7,0.0,2.04,1,0.0,0.0,1.0,13435,
10341,414464,-5.0,0.0,0.0,0,,,1.0,13437,
10342,414528,-5.5,0.0,2.13,1,0.0,0.0,1.0,13441,
10343,414528,-1.7,0.0,11.11,1,0.0,0.0,1.0,13441,
10344,414592,10.7,1.0,0.0,0,,,1.0,13444,
10345,414592,-2.7,0.0,3.45,1,0.0,0.0,1.0,13444,
10346,414592,-5.3,0.0,4.44,2,0.0,0.5,1.0,13444,
10347,414656,6.0,1.0,1.96,1,0.0,1.0,1.0,13445,
10348,414784,-5.0,0.0,0.0,0,,,1.0,13447,
10349,414784,10.7,1.0,0.0,0,,,1.0,13447,
10350,414784,-3.0,0.0,3.12,1,0.0,0.0,1.0,13447,
10351,414848,-4.1,0.0,3.03,1,0.0,0.0,1.0,13450,
10352,414848,-3.2,0.0,4.17,1,0.0,0.0,1.0,13450,
10353,414848,-5.0,0.0,0.0,0,,,1.0,13450,
10354,414912,-2.8,0.0,5.0,1,0.0,0.0,1.0,13452,
10355,415040,-5.0,0.0,0.0,0,,,1.0,13454,
10356,415104,-4.2,0.0,8.33,2,0.0,0.5,1.0,13455,
10357,415168,7.6,1.0,8.0,2,0.5,1.0,1.0,13455,
10358,415232,-5.0,0.0,2.38,1,0.0,0.0,1.0,13458,
10359,415232,-6.7,0.0,7.69,3,0.0,0.6667,1.0,13458,
10360,415232,-4.0,0.0,0.0,0,,,1.0,13458,
10361,415296,-3.0,0.0,3.12,1,0.0,0.0,1.0,13462,
10362,415296,-2.1,0.0,7.69,1,0.0,0.0,1.0,13462,
10363,415296,-2.4,0.0,12.5,2,0.0,0.5,1.0,13462,
10364,415296,-3.3,0.0,4.0,1,0.0,0.0,1.0,13462,
10365,415296,-5.0,0.0,0.0,0,,,1.0,13462,
10366,415360,-3.5,0.0,3.7,1,0.0,0.0,1.0,13463,
10367,415360,-4.0,0.0,0.0,0,,,1.0,13463,
10368,415424,-5.0,0.0,0.0,0,,,1.0,13464,
10369,415424,-4.9,0.0,2.44,1,0.0,0.0,1.0,13464,
10370,415424,-5.0,0.0,0.0,0,,,1.0,13464,
10371,415552,9.6,1.0,6.67,1,1.0,1.0,1.0,13467,
10372,415552,-5.2,0.0,2.27,1,0.0,0.0,1.0,13467,
10373,415616,8.4,1.0,11.76,2,0.0,1.0,1.0,13468,
10374,415616,-6.0,0.0,1.96,1,0.0,1.0,1.0,13468,
10375,415616,-5.0,0.0,0.0,0,,,1.0,13468,
10376,415680,-4.1,0.0,3.03,1,0.0,0.0,1.0,13469,
10377,415744,-1.5,0.0,14.29,1,0.0,0.0,1.0,13471,
10378,415744,-11.0,0.0,11.76,6,0.0,1.0,1.0,13471,
10379,415808,-1.7,0.0,11.11,1,0.0,0.0,1.0,13477,
10380,415808,-5.9,0.0,4.88,2,0.0,0.5,1.0,13477,
10381,415808,-2.4,0.0,6.25,1,0.0,0.0,1.0,13477,
10382,415808,-1.4,0.0,16.67,1,0.0,0.0,1.0,13477,
10383,415808,-4.5,0.0,2.13,1,0.0,0.0,1.0,13477,
10384,415872,-4.5,0.0,2.7,1,0.0,0.0,1.0,13480,
10385,415872,-5.0,0.0,0.0,0,,,1.0,13480,
10386,415872,-5.0,0.0,4.76,2,0.0,0.5,1.0,13480,
10387,415936,-3.6,0.0,3.57,1,0.0,0.0,1.0,13482,
10388,415936,-6.0,0.0,1.96,1,0.0,1.0,1.0,13482,
10389,416000,-3.0,0.0,3.12,1,0.0,0.0,1.0,13483,
10390,416064,-2.1,0.0,4.35,1,0.0,0.0,1.0,13484,
10391,416128,-4.3,0.0,2.86,1,0.0,0.0,1.0,13486,
10392,416128,-4.0,0.0,0.0,0,,,1.0,13486,
10393,416192,-3.2,0.0,4.17,1,0.0,0.0,1.0,13488,
10394,416256,-3.9,0.0,3.23,1,0.0,0.0,1.0,13489,
10395,416320,-1.6,0.0,12.5,1,0.0,0.0,1.0,13494,
10396,416320,-4.8,0.0,2.5,1,0.0,0.0,1.0,13494,
10397,416320,-5.6,0.0,2.08,1,0.0,0.0,1.0,13494,
10398,416320,-5.0,0.0,1.96,1,0.0,1.0,1.0,13494,
10399,416320,-3.5,0.0,11.76,2,0.0,0.5,1.0,13494,
10400,416320,-0.6,0.0,12.5,1,0.0,0.0,1.0,13494,
10401,416320,-5.0,0.0,1.96,1,0.0,1.0,1.0,13494,
10402,416320,-5.0,0.0,0.0,0,,,1.0,13494,
10403,416384,-2.0,0.0,8.33,1,0.0,0.0,1.0,13495,
10404,416512,-1.7,0.0,11.11,1,0.0,0.0,1.0,13496,
10405,416512,-5.0,0.0,0.0,0,,,1.0,13496,
10406,416640,-7.0,0.0,3.92,2,0.0,1.0,1.0,13499,
10407,416640,-2.3,0.0,6.67,1,0.0,0.0,1.0,13499,
10408,416704,-5.0,0.0,1.96,1,0.0,1.0,1.0,13500,
10409,416704,-3.2,0.0,4.17,1,0.0,0.0,1.0,13500,
10410,416768,-0.5,0.0,14.29,1,0.0,0.0,1.0,13501,
10411,416768,-5.0,0.0,0.0,0,,,1.0,13501,
10412,416832,-2.4,0.0,6.25,1,0.0,0.0,1.0,13503,
10413,416832,-5.0,0.0,0.0,0,,,1.0,13503,
10414,416832,-3.9,0.0,3.23,1,0.0,0.0,1.0,13503,
10415,416896,-5.0,0.0,0.0,0,,,1.0,13505,
10416,416960,-1.8,0.0,10.0,1,0.0,0.0,1.0,13509,
10417,416960,-3.3,0.0,4.0,1,0.0,0.0,1.0,13509,
10418,417088,-2.7,0.0,5.26,1,0.0,0.0,1.0,13513,
10419,417216,-5.0,0.0,0.0,0,,,1.0,13515,
10420,417216,-6.3,0.0,16.0,4,0.0,0.75,1.0,13515,
10421,417280,-5.4,0.0,2.17,1,0.0,0.0,1.0,13517,
10422,417344,8.3,1.0,3.57,1,0.0,1.0,1.0,13517,
10423,417472,-4.0,0.0,0.0,0,,,1.0,13519,
10424,417472,9.3,1.0,5.56,1,0.0,1.0,1.0,13519,
10425,417472,-5.0,0.0,0.0,0,,,1.0,13519,
10426,417472,-5.0,0.0,0.0,0,,,1.0,13519,
10427,417536,7.2,1.0,2.56,1,1.0,1.0,1.0,13522,
10428,417536,-4.6,0.0,2.63,1,0.0,0.0,1.0,13522,
10429,417536,-5.0,0.0,0.0,0,,,1.0,13522,
10430,417600,-4.0,0.0,0.0,0,,,1.0,13522,
10431,417664,-3.7,0.0,3.45,1,0.0,0.0,1.0,13523,
10432,417664,-5.0,0.0,0.0,0,,,1.0,13523,
10433,417728,8.3,1.0,3.57,1,0.0,1.0,1.0,13527,
10434,417728,-5.4,0.0,2.17,1,0.0,0.0,1.0,13527,
10435,417728,-3.7,0.0,3.45,1,0.0,0.0,1.0,13527,
10436,417728,-4.4,0.0,2.78,1,0.0,0.0,1.0,13527,
10437,417792,-5.0,0.0,0.0,0,,,1.0,13530,
10438,417792,-3.0,0.0,9.09,2,0.0,0.5,1.0,13530,
10439,417792,-5.4,0.0,2.17,1,0.0,0.0,1.0,13530,
10440,417856,-5.0,0.0,0.0,0,,,1.0,13530,
10441,417920,-3.3,0.0,4.0,1,0.0,0.0,1.0,13532,
10442,417920,-3.3,0.0,4.0,1,0.0,0.0,1.0,13532,
10443,417984,-4.6,0.0,2.63,1,0.0,0.0,1.0,13535,
10444,417984,-1.9,0.0,9.09,1,0.0,0.0,1.0,13535,
10445,418048,-5.1,0.0,2.33,1,0.0,0.0,1.0,13536,
10446,418048,-5.0,0.0,0.0,0,,,1.0,13536,
10447,418112,-3.1,0.0,4.35,1,0.0,0.0,1.0,13539,
10448,418112,-5.0,0.0,1.96,1,0.0,1.0,1.0,13539,
10449,418112,7.6,1.0,8.0,2,0.0,1.0,1.0,13539,
10450,418112,-3.9,0.0,3.23,1,0.0,0.0,1.0,13539,
10451,418176,-4.1,0.0,3.03,1,0.0,0.0,1.0,13541,
10452,418176,-6.0,0.0,1.96,1,0.0,1.0,1.0,13541,
10453,418240,-3.5,0.0,2.7,1,0.0,0.0,1.0,13544,
10454,418240,-5.4,0.0,2.17,1,0.0,0.0,1.0,13544,
10455,418240,-4.0,0.0,3.12,1,0.0,0.0,1.0,13544,
10456,418304,-0.7,0.0,11.11,1,0.0,0.0,1.0,13547,
10457,418368,-1.6,0.0,12.5,1,0.0,0.0,1.0,13549,
10458,418432,11.6,1.0,0.0,0,,,1.0,13550,
10459,418496,-1.3,0.0,6.67,1,0.0,0.0,1.0,13551,
10460,418496,-6.0,0.0,1.96,1,0.0,1.0,1.0,13551,
10461,418560,-5.0,0.0,0.0,0,,,1.0,13552,
10462,418560,-4.0,0.0,0.0,0,,,1.0,13552,
10463,418624,-5.0,0.0,0.0,0,,,1.0,13553,
10464,418688,-1.7,0.0,5.26,1,0.0,0.0,1.0,13557,
10465,418688,-6.0,0.0,3.92,2,0.5,1.0,1.0,13557,
10466,418752,-4.8,0.0,6.67,2,0.0,0.5,1.0,13561,
10467,418752,-2.9,0.0,18.18,2,0.0,0.5,1.0,13561,
10468,418752,-2.2,0.0,4.17,1,0.0,0.0,1.0,13561,
10469,418816,-1.7,0.0,11.11,1,0.0,0.0,1.0,13563,
10470,418816,-1.9,0.0,9.09,1,0.0,0.0,1.0,13563,
10471,418880,-5.0,0.0,0.0,0,,,1.0,13564,
10472,418944,-2.7,0.0,3.45,1,0.0,0.0,1.0,13565,
10473,419008,-7.0,0.0,5.88,3,0.0,1.0,1.0,13566,
10474,419008,8.5,1.0,12.5,2,0.0,1.0,1.0,13566,
10475,419008,-7.0,0.0,3.92,2,0.0,1.0,1.0,13566,
10476,419072,-4.6,0.0,2.08,1,0.0,0.0,1.0,13567,
10477,419072,-5.0,0.0,0.0,0,,,1.0,13567,
10478,419136,-2.4,0.0,6.25,1,0.0,0.0,1.0,13569,
10479,419136,-2.0,0.0,8.33,1,0.0,0.0,1.0,13569,
10480,419200,10.0,1.0,9.09,1,0.0,1.0,1.0,13571,
10481,419264,-3.5,0.0,3.7,1,0.0,0.0,1.0,13573,
10482,419264,-4.4,0.0,2.17,1,0.0,0.0,1.0,13573,
10483,419392,-5.0,0.0,0.0,0,,,1.0,13576,
10484,419392,8.1,1.0,0.0,0,,,1.0,13576,
10485,419456,8.0,1.0,0.0,0,,,1.0,13577,
10486,419456,-1.1,0.0,7.69,1,0.0,0.0,1.0,13577,
10487,419520,7.1,1.0,0.0,0,,,1.0,13581,
10488,419520,-4.0,0.0,3.12,1,0.0,0.0,1.0,13581,
10489,419520,-2.3,0.0,6.67,1,0.0,0.0,1.0,13581,
10490,419520,-5.9,0.0,1.96,1,0.0,0.0,1.0,13581,
10491,419584,-5.0,0.0,0.0,0,,,1.0,13583,
10492,419584,-3.0,0.0,4.55,1,0.0,0.0,1.0,13583,
10493,419648,6.8,1.0,2.33,1,0.0,1.0,1.0,13586,
10494,419648,-3.3,0.0,4.0,1,0.0,0.0,1.0,13586,
10495,419776,-7.0,0.0,5.88,3,0.0,1.0,1.0,13591,
10496,419776,-2.0,0.0,8.33,1,0.0,0.0,1.0,13591,
10497,419776,-4.2,0.0,2.94,1,0.0,0.0,1.0,13591,
10498,419776,-1.6,0.0,12.5,1,0.0,0.0,1.0,13591,
10499,419776,-2.7,0.0,3.45,1,0.0,0.0,1.0,13591,
10500,419840,-2.1,0.0,7.69,1,0.0,0.0,1.0,13594,
10501,419840,9.7,1.0,0.0,0,,,1.0,13594,
10502,419904,-7.0,0.0,5.88,3,0.3333,1.0,1.0,13594,
10503,419904,8.4,1.0,11.76,2,0.0,1.0,1.0,13594,
10504,419968,-5.0,0.0,1.96,1,0.0,1.0,1.0,13594,
10505,419968,9.8,1.0,7.69,1,0.0,1.0,1.0,13594,
10506,419968,-5.0,0.0,0.0,0,,,1.0,13594,
10507,420032,-5.0,0.0,0.0,0,,,1.0,13594,
10508,420032,-5.0,0.0,1.96,1,0.0,1.0,1.0,13594,
10509,420096,-4.5,0.0,2.7,1,0.0,0.0,1.0,13599,
10510,420096,-2.9,0.0,4.76,1,0.0,0.0,1.0,13599,
10511,420096,-4.6,0.0,2.63,1,0.0,0.0,1.0,13599,
10512,420160,-4.6,0.0,2.63,1,0.0,0.0,1.0,13603,
10513,420160,-0.4,0.0,16.67,1,0.0,0.0,1.0,13603,
10514,420224,-4.0,0.0,0.0,0,,,1.0,13606,
10515,420224,-4.1,0.0,3.03,1,0.0,0.0,1.0,13606,
10516,420224,-6.0,0.0,1.96,1,0.0,1.0,1.0,13606,
10517,420224,-2.9,0.0,3.23,1,0.0,0.0,1.0,13606,
10518,420288,-1.0,0.0,8.33,1,0.0,0.0,1.0,13609,
10519,420288,-2.7,0.0,5.26,1,0.0,0.0,1.0,13609,
10520,420416,3.3,1.0,13.16,5,0.4,1.0,1.0,13612,
10521,420480,-3.6,0.0,3.57,1,0.0,0.0,1.0,13614,
10522,420480,-5.9,0.0,1.96,1,0.0,0.0,1.0,13614,
10523,420544,-2.5,0.0,5.88,1,0.0,0.0,1.0,13617,
10524,420544,-5.6,0.0,2.08,1,0.0,0.0,1.0,13617,
10525,420608,-4.0,0.0,0.0,0,,,1.0,13618,
10526,420672,-3.2,0.0,8.33,2,0.0,0.5,1.0,13621,
10527,420672,-2.2,0.0,7.14,1,0.0,0.0,1.0,13621,
10528,420736,-4.5,0.0,2.13,1,0.0,0.0,1.0,13623,
10529,420736,-3.9,0.0,3.23,1,0.0,0.0,1.0,13623,
10530,420736,-4.0,0.0,0.0,0,,,1.0,13623,
10531,420800,-7.5,0.0,6.38,3,0.0,0.6667,1.0,13624,
10532,420800,-5.0,0.0,0.0,0,,,1.0,13624,
10533,420864,-2.5,0.0,5.88,1,0.0,0.0,1.0,13626,
10534,420864,10.4,1.0,0.0,0,,,1.0,13626,
10535,420864,7.1,1.0,15.0,3,0.0,1.0,1.0,13626,
10536,420928,-5.0,0.0,0.0,0,,,1.0,13627,
10537,420992,10.9,1.0,0.0,0,,,1.0,13630,
10538,420992,-6.8,0.0,4.0,2,0.0,0.5,1.0,13630,
10539,420992,-2.7,0.0,5.26,1,0.0,0.0,1.0,13630,
10540,421056,-2.7,0.0,5.26,1,0.0,0.0,1.0,13633,
10541,421056,-5.0,0.0,0.0,0,,,1.0,13633,
10542,421120,-4.8,0.0,2.5,1,0.0,0.0,1.0,13634,
10543,421184,-2.4,0.0,3.85,1,0.0,0.0,1.0,13638,
10544,421184,-10.0,0.0,11.76,6,0.0,1.0,1.0,13638,
10545,421184,-3.6,0.0,11.11,2,0.0,0.5,1.0,13638,
10546,421184,-2.2,0.0,4.17,1,0.0,0.0,1.0,13638,
10547,421184,11.4,1.0,0.0,0,,,1.0,13638,
10548,421312,-2.0,0.0,8.33,1,0.0,0.0,1.0,13640,
10549,421376,-2.7,0.0,5.26,1,0.0,0.0,1.0,13642,
10550,421376,-2.7,0.0,3.45,1,0.0,0.0,1.0,13642,
10551,421440,-4.0,0.0,0.0,0,,,1.0,13643,
10552,421440,-3.2,0.0,4.17,1,0.0,0.0,1.0,13643,
10553,421504,-3.2,0.0,4.17,1,0.0,0.0,1.0,13647,
10554,421504,-6.1,0.0,6.98,3,0.0,0.6667,1.0,13647,
10555,421504,-4.0,0.0,0.0,0,,,1.0,13647,
10556,421568,-3.5,0.0,17.65,3,0.0,0.6667,1.0,13650,
10557,421568,-4.2,0.0,2.94,1,0.0,0.0,1.0,13650,
10558,421632,-5.8,0.0,2.0,1,0.0,0.0,1.0,13652,
10559,421696,-3.7,0.0,3.45,1,0.0,0.0,1.0,13654,
10560,421760,-5.0,0.0,0.0,0,,,1.0,13655,
10561,421824,-2.5,0.0,5.88,1,0.0,0.0,1.0,13656,
10562,421888,-4.4,0.0,7.69,2,0.0,0.5,1.0,13658,
10563,421888,7.5,1.0,2.78,1,1.0,1.0,1.0,13658,
10564,421952,-4.0,0.0,0.0,0,,,1.0,13661,
10565,421952,-3.8,0.0,3.33,1,0.0,0.0,1.0,13661,
10566,421952,-1.7,0.0,11.11,1,0.0,0.0,1.0,13661,
10567,422016,-6.1,0.0,4.65,2,0.0,0.5,1.0,13662,
10568,422016,9.9,1.0,0.0,0,,,1.0,13662,
10569,422080,-5.0,0.0,0.0,0,,,1.0,13663,
10570,422144,-5.0,0.0,0.0,0,,,1.0,13666,
10571,422144,-4.9,0.0,2.44,1,0.0,0.0,1.0,13666,
10572,422144,-2.8,0.0,5.0,1,0.0,0.0,1.0,13666,
10573,422208,-8.0,0.0,7.84,4,0.0,1.0,1.0,13668,
10574,422272,-5.0,0.0,0.0,0,,,1.0,13672,
10575,422272,-1.6,0.0,5.56,1,0.0,0.0,1.0,13672,
10576,422272,-3.6,0.0,3.57,1,0.0,0.0,1.0,13672,
10577,422272,-2.1,0.0,4.35,1,0.0,0.0,1.0,13672,
10578,422272,-4.5,0.0,2.7,1,0.0,0.0,1.0,13672,
10579,422336,-2.9,0.0,4.76,1,0.0,0.0,1.0,13674,
10580,422336,-5.0,0.0,0.0,0,,,1.0,13674,
10581,422336,-3.2,0.0,4.17,1,0.0,0.0,1.0,13674,
10582,422400,9.9,1.0,0.0,0,,,1.0,13674,
10583,422464,-1.7,0.0,11.11,1,0.0,0.0,1.0,13676,
10584,422464,-4.0,0.0,0.0,0,,,1.0,13676,
10585,422528,-4.7,0.0,2.04,1,0.0,0.0,1.0,13679,
10586,422528,-2.3,0.0,6.67,1,0.0,0.0,1.0,13679,
10587,422592,11.5,1.0,0.0,0,,,1.0,13681,
10588,422592,-1.9,0.0,9.09,1,0.0,0.0,1.0,13681,
10589,422592,-4.9,0.0,2.44,1,0.0,0.0,1.0,13681,
10590,422720,5.9,1.0,9.38,3,0.3333,1.0,1.0,13685,
10591,422720,-5.0,0.0,0.0,0,,,1.0,13685,
10592,422720,-1.7,0.0,11.11,1,0.0,0.0,1.0,13685,
10593,422784,-3.0,0.0,3.12,1,0.0,0.0,1.0,13687,
10594,422848,-4.8,0.0,2.5,1,0.0,0.0,1.0,13690,
10595,422848,-4.6,0.0,2.63,1,0.0,0.0,1.0,13690,
10596,422912,-8.0,0.0,7.84,4,0.0,1.0,1.0,13691,
10597,423040,-2.7,0.0,3.45,1,0.0,0.0,1.0,13694,
10598,423104,-2.1,0.0,7.69,1,0.0,0.0,1.0,13695,
10599,423168,-8.4,0.0,8.7,4,0.0,0.75,1.0,13697,
10600,423168,-2.7,0.0,5.26,1,0.0,0.0,1.0,13697,
10601,423232,-5.0,0.0,0.0,0,,,1.0,13697,
10602,423296,-2.1,0.0,7.69,1,0.0,0.0,1.0,13699,
10603,423296,-1.4,0.0,16.67,1,0.0,0.0,1.0,13699,
10604,423360,-5.0,0.0,0.0,0,,,1.0,13699,
10605,423360,-5.0,0.0,1.96,1,0.0,1.0,1.0,13699,
10606,423360,-7.0,0.0,3.92,2,0.0,1.0,1.0,13699,
10607,423424,-6.0,0.0,3.92,2,0.0,1.0,1.0,13702,
10608,423424,-3.6,0.0,3.57,1,0.0,0.0,1.0,13702,
10609,423424,-5.0,0.0,6.25,2,0.0,0.5,1.0,13702,
10610,423424,-2.6,0.0,5.56,1,0.0,0.0,1.0,13702,
10611,423488,-5.0,0.0,0.0,0,,,1.0,13704,
10612,423488,-2.9,0.0,4.76,1,0.0,0.0,1.0,13704,
10613,423488,-4.4,0.0,2.78,1,0.0,0.0,1.0,13704,
10614,423552,-5.0,0.0,0.0,0,,,1.0,13707,
10615,423552,-3.0,0.0,3.12,1,0.0,0.0,1.0,13707,
10616,423552,-4.5,0.0,2.7,1,0.0,0.0,1.0,13707,
10617,423552,-3.3,0.0,4.0,1,0.0,0.0,1.0,13707,
10618,423616,-2.2,0.0,7.14,1,0.0,0.0,1.0,13709,
10619,423680,-2.7,0.0,10.53,2,0.0,0.5,1.0,13712,
10620,423680,-2.9,0.0,4.76,1,0.0,0.0,1.0,13712,
10621,423680,-2.5,0.0,5.88,1,0.0,0.0,1.0,13712,
10622,423744,-4.2,0.0,2.94,1,0.0,0.0,1.0,13713,
10623,423808,-5.0,0.0,0.0,0,,,1.0,13715,
10624,423808,8.3,1.0,3.57,1,0.0,1.0,1.0,13715,
10625,423808,-3.0,0.0,4.55,1,0.0,0.0,1.0,13715,
10626,423872,-4.2,0.0,2.27,1,0.0,0.0,1.0,13716,
10627,423936,-2.9,0.0,3.23,1,0.0,0.0,1.0,13719,
10628,423936,-1.6,0.0,12.5,1,0.0,0.0,1.0,13719,
10629,423936,-5.9,0.0,1.96,1,0.0,0.0,1.0,13719,
10630,424000,-4.2,0.0,2.94,1,0.0,0.0,1.0,13720,
10631,424064,-2.2,0.0,7.14,1,0.0,0.0,1.0,13721,
10632,424128,-4.0,0.0,0.0,0,,,1.0,13722,
10633,424128,-3.7,0.0,3.45,1,0.0,0.0,1.0,13722,
10634,424128,-5.0,0.0,0.0,0,,,1.0,13722,
10635,424192,-2.1,0.0,7.69,1,0.0,0.0,1.0,13726,
10636,424192,-4.0,0.0,0.0,0,,,1.0,13726,
10637,424256,-5.0,0.0,0.0,0,,,1.0,13726,
10638,424256,9.0,1.0,0.0,0,,,1.0,13726,
10639,424320,-3.1,0.0,8.7,2,0.5,0.5,1.0,13727,
10640,424320,-5.0,0.0,0.0,0,,,1.0,13727,
10641,424384,-1.9,0.0,4.76,1,0.0,0.0,1.0,13729,
10642,424448,-5.0,0.0,0.0,0,,,1.0,13731,
10643,424448,-5.9,0.0,1.96,1,0.0,0.0,1.0,13731,
10644,424448,-4.1,0.0,3.03,1,0.0,0.0,1.0,13731,
10645,424512,-1.7,0.0,11.11,1,0.0,0.0,1.0,13733,
10646,424576,-7.0,0.0,5.88,3,0.0,1.0,1.0,13735,
10647,424640,10.8,1.0,0.0,0,,,1.0,13737,
10648,424640,-2.3,0.0,6.67,1,0.0,0.0,1.0,13737,
10649,424640,-5.7,0.0,2.04,1,0.0,0.0,1.0,13737,
10650,424704,-3.9,0.0,3.23,1,0.0,0.0,1.0,13742,
10651,424704,-3.9,0.0,3.23,1,0.0,0.0,1.0,13742,
10652,424704,-1.7,0.0,5.26,1,0.0,0.0,1.0,13742,
10653,424704,4.0,1.0,5.88,3,0.0,1.0,1.0,13742,
10654,424704,-5.0,0.0,0.0,0,,,1.0,13742,
10655,424768,-5.0,0.0,0.0,0,,,1.0,13742,
10656,424832,-1.4,0.0,6.25,1,0.0,0.0,1.0,13744,
10657,424832,-0.8,0.0,10.0,1,0.0,0.0,1.0,13744,
10658,424960,-0.6,0.0,12.5,1,0.0,0.0,1.0,13747,
10659,424960,-5.0,0.0,0.0,0,,,1.0,13747,
10660,425024,-5.0,0.0,0.0,0,,,1.0,13747,
10661,425088,-2.9,0.0,4.76,1,0.0,0.0,1.0,13753,
10662,425088,-2.1,0.0,7.69,1,0.0,0.0,1.0,13753,
10663,425088,-3.3,0.0,4.0,1,0.0,0.0,1.0,13753,
10664,425088,-3.2,0.0,14.29,2,0.0,0.5,1.0,13753,
10665,425088,-2.5,0.0,3.7,1,0.0,0.0,1.0,13753,
10666,425152,-2.5,0.0,3.7,1,0.0,0.0,1.0,13755,
10667,425216,-3.4,0.0,3.85,1,0.0,0.0,1.0,13757,
10668,425280,-5.0,0.0,1.96,1,0.0,1.0,1.0,13757,
10669,425344,-4.0,0.0,3.12,1,0.0,0.0,1.0,13759,
10670,425344,4.9,1.0,12.5,4,0.0,1.0,1.0,13759,
10671,425344,-5.0,0.0,0.0,0,,,1.0,13759,
10672,425408,-5.0,0.0,0.0,0,,,1.0,13762,
10673,425408,-2.0,0.0,8.33,1,0.0,0.0,1.0,13762,
10674,425408,-1.9,0.0,9.09,1,0.0,0.0,1.0,13762,
10675,425536,11.4,1.0,0.0,0,,,1.0,13765,
10676,425536,-5.0,0.0,0.0,0,,,1.0,13765,
10677,425536,-1.5,0.0,14.29,1,0.0,0.0,1.0,13765,
10678,425536,11.8,1.0,0.0,0,,,1.0,13765,
10679,425600,-3.8,0.0,3.33,1,0.0,0.0,1.0,13768,
10680,425600,-3.2,0.0,2.94,1,0.0,0.0,1.0,13768,
10681,425600,-4.0,0.0,0.0,0,,,1.0,13768,
10682,425600,-3.1,0.0,15.38,2,0.5,0.5,1.0,13768,
10683,425664,-4.8,0.0,2.5,1,0.0,0.0,1.0,13771,
10684,425664,-1.9,0.0,9.09,1,0.0,0.0,1.0,13771,
10685,425664,-5.7,0.0,2.04,1,0.0,0.0,1.0,13771,
10686,425728,-2.4,0.0,6.25,1,0.0,0.0,1.0,13773,
10687,425728,-4.0,0.0,3.12,1,0.0,0.0,1.0,13773,
10688,425792,-5.0,0.0,0.0,0,,,1.0,13773,
10689,425856,-3.0,0.0,4.55,1,0.0,0.0,1.0,13775,
10690,425856,-3.0,0.0,4.55,1,0.0,0.0,1.0,13775,
10691,425856,-4.0,0.0,0.0,0,,,1.0,13775,
10692,425856,-5.0,0.0,0.0,0,,,1.0,13775,
10693,425920,-2.7,0.0,5.26,1,0.0,0.0,1.0,13777,
10694,425984,-2.8,0.0,10.0,2,0.0,0.5,1.0,13779,
10695,426048,-5.0,0.0,0.0,0,,,1.0,13780,
10696,426112,-5.0,0.0,0.0,0,,,1.0,13787,
10697,426112,-5.4,0.0,2.17,1,0.0,0.0,1.0,13787,
10698,426112,-3.9,0.0,3.23,1,0.0,0.0,1.0,13787,
10699,426112,-2.8,0.0,5.0,1,0.0,0.0,1.0,13787,
10700,426112,-2.0,0.0,8.33,1,0.0,0.0,1.0,13787,
10701,426112,-4.8,0.0,2.5,1,0.0,0.0,1.0,13787,
10702,426112,-3.2,0.0,2.94,1,0.0,0.0,1.0,13787,
10703,426240,-2.7,0.0,3.45,1,0.0,0.0,1.0,13789,
10704,426304,-5.1,0.0,2.33,1,0.0,0.0,1.0,13790,
10705,426368,9.4,1.0,0.0,0,,,1.0,13790,
10706,426432,-1.3,0.0,20.0,1,0.0,0.0,1.0,13791,
10707,426496,-5.0,0.0,0.0,0,,,1.0,13795,
10708,426496,10.4,1.0,0.0,0,,,1.0,13795,
10709,426496,-5.0,0.0,2.38,1,0.0,0.0,1.0,13795,
10710,426496,-4.2,0.0,2.94,1,0.0,0.0,1.0,13795,
10711,426496,-1.8,0.0,10.0,1,0.0,0.0,1.0,13795,
10712,426560,-2.4,0.0,6.25,1,0.0,0.0,1.0,13796,
10713,426560,9.8,1.0,0.0,0,,,1.0,13796,
10714,426624,-5.9,0.0,4.88,2,0.0,0.5,1.0,13800,
10715,426624,-1.3,0.0,6.67,1,0.0,0.0,1.0,13800,
10716,426624,-6.0,0.0,1.96,1,0.0,1.0,1.0,13800,
10717,426624,-1.9,0.0,9.09,1,0.0,0.0,1.0,13800,
10718,426688,-5.9,0.0,1.96,1,0.0,0.0,1.0,13802,
10719,426752,-4.0,0.0,0.0,0,,,1.0,13805,
10720,426752,-1.8,0.0,10.0,1,0.0,0.0,1.0,13805,
10721,426752,-5.9,0.0,4.88,2,0.0,0.5,1.0,13805,
10722,426752,-2.4,0.0,3.85,1,0.0,0.0,1.0,13805,
10723,426816,-4.0,0.0,0.0,0,,,1.0,13807,
10724,426880,-2.4,0.0,6.25,1,0.0,0.0,1.0,13810,
10725,426880,-4.0,0.0,3.12,1,0.0,0.0,1.0,13810,
10726,426880,-6.0,0.0,1.96,1,0.0,1.0,1.0,13810,
10727,426944,-3.0,0.0,4.55,1,0.0,0.0,1.0,13812,
10728,426944,-2.0,0.0,4.55,1,0.0,0.0,1.0,13812,
10729,427008,-2.0,0.0,4.55,1,0.0,0.0,1.0,13814,
10730,427136,-2.4,0.0,6.25,1,0.0,0.0,1.0,13818,
10731,427136,11.5,1.0,0.0,0,,,1.0,13818,
10732,427136,-5.0,0.0,0.0,0,,,1.0,13818,
10733,427200,-5.0,0.0,4.76,2,0.0,0.5,1.0,13820,
10734,427200,-5.0,0.0,0.0,0,,,1.0,13820,
10735,427200,-2.8,0.0,3.33,1,0.0,0.0,1.0,13820,
10736,427264,-4.3,0.0,5.71,2,0.0,0.5,1.0,13821,
10737,427328,-11.0,0.0,13.73,7,0.1429,1.0,1.0,13825,
10738,427328,-3.5,0.0,3.7,1,0.0,0.0,1.0,13825,
10739,427328,-1.5,0.0,5.88,1,0.0,0.0,1.0,13825,
10740,427392,-5.0,0.0,0.0,0,,,1.0,13825,
10741,427456,-2.6,0.0,3.57,1,0.0,0.0,1.0,13828,
10742,427520,-2.3,0.0,6.67,1,0.0,0.0,1.0,13830,
10743,427520,-5.0,0.0,0.0,0,,,1.0,13830,
10744,427520,-2.7,0.0,5.26,1,0.0,0.0,1.0,13830,
10745,427520,9.2,1.0,0.0,0,,,1.0,13830,
10746,427584,-5.0,0.0,0.0,0,,,1.0,13832,
10747,427584,-5.9,0.0,9.68,3,0.0,0.6667,1.0,13832,
10748,427584,-1.8,0.0,10.0,1,0.0,0.0,1.0,13832,
10749,427648,10.1,1.0,10.0,1,1.0,1.0,1.0,13835,
10750,427712,-2.3,0.0,4.0,1,0.0,0.0,1.0,13836,
10751,427712,10.6,1.0,0.0,0,,,1.0,13836,
10752,427840,-1.6,0.0,12.5,1,0.0,0.0,1.0,13840,
10753,427840,-5.0,0.0,0.0,0,,,1.0,13840,
10754,427840,-1.8,0.0,5.0,1,0.0,0.0,1.0,13840,
10755,427904,-5.1,0.0,4.65,2,0.0,0.5,1.0,13843,
10756,427904,-5.0,0.0,0.0,0,,,1.0,13843,
10757,427904,-4.7,0.0,2.56,1,0.0,0.0,1.0,13843,
10758,427904,7.3,1.0,16.67,3,0.3333,1.0,1.0,13843,
10759,427904,-4.0,0.0,2.38,1,0.0,0.0,1.0,13843,
10760,427968,9.8,1.0,7.69,1,0.0,1.0,1.0,13845,
10761,427968,-5.0,0.0,0.0,0,,,1.0,13845,
10762,428032,-1.7,0.0,11.11,1,0.0,0.0,1.0,13848,
10763,428032,9.7,1.0,0.0,0,,,1.0,13848,
10764,428160,-1.8,0.0,10.0,1,0.0,0.0,1.0,13851,
10765,428224,-5.3,0.0,2.22,1,0.0,0.0,1.0,13854,
10766,428224,-5.0,0.0,0.0,0,,,1.0,13854,
10767,428224,-3.1,0.0,3.03,1,0.0,0.0,1.0,13854,
10768,428288,-3.6,0.0,3.57,1,0.0,0.0,1.0,13858,
10769,428288,-3.0,0.0,4.55,1,0.0,0.0,1.0,13858,
10770,428352,-4.0,0.0,0.0,0,,,1.0,13858,
10771,428352,10.9,1.0,0.0,0,,,1.0,13858,
10772,428416,-3.6,0.0,3.57,1,0.0,0.0,1.0,13861,
10773,428480,-3.8,0.0,10.0,2,0.5,0.5,1.0,13864,
10774,428480,4.2,1.0,10.26,4,0.25,1.0,1.0,13864,
10775,428480,-3.6,0.0,3.57,1,0.0,0.0,1.0,13864,
10776,428608,-4.7,0.0,2.56,1,0.0,0.0,1.0,13866,
10777,428672,-1.8,0.0,10.0,1,0.0,0.0,1.0,13871,
10778,428672,-3.4,0.0,2.78,1,0.0,0.0,1.0,13871,
10779,428672,-4.0,0.0,0.0,0,,,1.0,13871,
10780,428672,-4.0,0.0,3.12,1,0.0,0.0,1.0,13871,
10781,428672,-6.9,0.0,7.32,3,0.0,0.6667,1.0,13871,
10782,428800,-5.0,0.0,1.96,1,0.0,1.0,1.0,13872,
10783,428864,-5.0,0.0,0.0,0,,,1.0,13875,
10784,428864,-5.3,0.0,5.71,2,0.0,0.5,1.0,13875,
10785,428864,-2.1,0.0,7.69,1,0.0,0.0,1.0,13875,
10786,428928,-4.2,0.0,2.94,1,0.0,0.0,1.0,13879,
10787,428928,-5.8,0.0,2.0,1,0.0,0.0,1.0,13879,
10788,428992,-1.6,0.0,12.5,1,0.0,0.0,1.0,13883,
10789,428992,-5.0,0.0,0.0,0,,,1.0,13883,
10790,429056,-4.1,0.0,8.7,2,0.0,0.5,1.0,13887,
10791,429056,-5.8,0.0,2.0,1,0.0,0.0,1.0,13887,
10792,429056,-3.8,0.0,2.5,1,0.0,0.0,1.0,13887,
10793,429056,-5.0,0.0,0.0,0,,,1.0,13887,
10794,429056,-3.5,0.0,3.7,1,0.0,0.0,1.0,13887,
10795,429120,-6.0,0.0,1.96,1,0.0,1.0,1.0,13887,
10796,429184,-3.8,0.0,10.0,2,0.0,0.5,1.0,13889,
10797,429184,-3.2,0.0,21.43,3,0.0,0.6667,1.0,13889,
10798,429248,-3.5,0.0,3.7,1,0.0,0.0,1.0,13893,
10799,429248,-1.7,0.0,11.11,1,0.0,0.0,1.0,13893,
10800,429312,11.6,1.0,0.0,0,,,1.0,13894,
10801,429376,-6.0,0.0,1.96,1,0.0,1.0,1.0,13894,
10802,429504,-1.8,0.0,10.0,1,0.0,0.0,1.0,13898,
10803,429568,-4.2,0.0,2.94,1,0.0,0.0,1.0,13902,
10804,429568,-3.9,0.0,9.52,2,0.0,0.5,1.0,13902,
10805,429568,-2.3,0.0,6.67,1,0.0,0.0,1.0,13902,
10806,429632,-3.0,0.0,4.55,1,0.0,0.0,1.0,13904,
10807,429632,-3.5,0.0,3.7,1,0.0,0.0,1.0,13904,
10808,429696,-3.6,0.0,2.63,1,0.0,0.0,1.0,13906,
10809,429696,-3.6,0.0,3.57,1,0.0,0.0,1.0,13906,
10810,429696,-5.0,0.0,0.0,0,,,1.0,13906,
10811,429760,-5.0,0.0,0.0,0,,,1.0,13907,
10812,429760,-5.0,0.0,0.0,0,,,1.0,13907,
10813,429824,-1.7,0.0,11.11,1,0.0,0.0,1.0,13908,
10814,429824,11.1,1.0,0.0,0,,,1.0,13908,
10815,429888,7.6,1.0,20.0,3,0.6667,1.0,1.0,13909,
10816,429888,-4.0,0.0,0.0,0,,,1.0,13909,
10817,429952,11.5,1.0,0.0,0,,,1.0,13911,
10818,429952,-2.0,0.0,8.33,1,0.0,0.0,1.0,13911,
10819,430016,-9.8,0.0,12.0,6,0.1667,0.8333,1.0,13915,
10820,430016,-1.7,0.0,5.26,1,0.0,0.0,1.0,13915,
10821,430080,-2.4,0.0,6.25,1,0.0,0.0,1.0,13920,
10822,430080,-1.9,0.0,9.09,1,0.0,0.0,1.0,13920,
10823,430080,-5.8,0.0,2.0,1,0.0,0.0,1.0,13920,
10824,430080,-6.4,0.0,4.35,2,0.0,0.5,1.0,13920,
10825,430080,-4.0,0.0,9.09,2,0.5,0.5,1.0,13920,
10826,430144,-5.0,0.0,0.0,0,,,1.0,13921,
10827,430144,-3.5,0.0,3.7,1,0.0,0.0,1.0,13921,
10828,430208,-5.8,0.0,7.5,3,0.0,0.6667,1.0,13926,
10829,430208,-6.5,0.0,6.38,3,0.0,0.6667,1.0,13926,
10830,430208,-7.0,0.0,3.92,2,0.0,1.0,1.0,13926,
10831,430272,-5.7,0.0,2.04,1,0.0,0.0,1.0,13930,
10832,430272,-3.3,0.0,4.0,1,0.0,0.0,1.0,13930,
10833,430272,-4.1,0.0,3.03,1,0.0,0.0,1.0,13930,
10834,430336,-3.9,0.0,3.23,1,0.0,0.0,1.0,13934,
10835,430336,-2.4,0.0,6.25,1,0.0,0.0,1.0,13934,
10836,430336,-1.8,0.0,10.0,1,0.0,0.0,1.0,13934,
10837,430336,-5.5,0.0,2.13,1,0.0,0.0,1.0,13934,
10838,430400,-3.1,0.0,4.35,1,0.0,0.0,1.0,13939,
10839,430400,-3.1,0.0,3.03,1,0.0,0.0,1.0,13939,
10840,430400,-7.3,0.0,6.67,3,0.0,0.6667,1.0,13939,
10841,430464,9.9,1.0,0.0,0,,,1.0,13943,
10842,430464,-4.0,0.0,0.0,0,,,1.0,13943,
10843,430528,-1.7,0.0,11.11,1,0.0,0.0,1.0,13947,
10844,430528,-5.9,0.0,4.88,2,0.0,0.5,1.0,13947,
10845,430656,-1.5,0.0,5.88,1,0.0,0.0,1.0,13953,
10846,430656,-6.0,0.0,4.76,2,0.0,0.5,1.0,13953,
10847,430720,-2.1,0.0,7.69,1,0.0,0.0,1.0,13959,
10848,430720,-5.0,0.0,6.25,2,0.0,0.5,1.0,13959,
10849,430720,-1.5,0.0,14.29,1,0.0,0.0,1.0,13959,
10850,430720,7.8,1.0,8.7,2,0.0,1.0,1.0,13959,
10851,430720,11.6,1.0,0.0,0,,,1.0,13959,
10852,430720,10.3,1.0,12.5,1,0.0,1.0,1.0,13959,
10853,430784,-4.0,0.0,0.0,0,,,1.0,13961,
10854,430784,-1.5,0.0,14.29,1,0.0,0.0,1.0,13961,
10855,430784,-2.0,0.0,8.33,1,0.0,0.0,1.0,13961,
10856,430848,-6.0,0.0,1.96,1,0.0,1.0,1.0,13964,
10857,430976,-6.0,0.0,1.96,1,0.0,1.0,1.0,13968,
10858,430976,-6.0,0.0,1.96,1,0.0,1.0,1.0,13968,
10859,430976,6.3,1.0,22.22,4,0.0,1.0,1.0,13968,
10860,430976,10.6,1.0,20.0,1,0.0,1.0,1.0,13968,
10861,431104,-5.0,0.0,0.0,0,,,1.0,13971,
10862,431104,-5.0,0.0,0.0,0,,,1.0,13971,
10863,431104,-7.1,0.0,6.98,3,0.0,0.6667,1.0,13971,
10864,431104,-5.0,0.0,0.0,0,,,1.0,13971,
10865,431104,-2.3,0.0,13.33,2,0.0,0.5,1.0,13971,
10866,431168,11.4,1.0,0.0,0,,,1.0,13973,
10867,431168,-5.0,0.0,0.0,0,,,1.0,13973,
10868,431232,-5.2,0.0,28.57,4,0.0,0.75,1.0,13977,
10869,431232,-4.0,0.0,0.0,0,,,1.0,13977,
10870,431232,-2.6,0.0,5.56,1,0.0,0.0,1.0,13977,
10871,431296,-2.7,0.0,5.26,1,0.0,0.0,1.0,13980,
10872,431296,-4.9,0.0,2.44,1,0.0,0.0,1.0,13980,
10873,431296,-2.3,0.0,6.67,1,0.0,0.0,1.0,13980,
10874,431360,-2.9,0.0,9.52,2,0.0,0.5,1.0,13985,
10875,431360,-2.8,0.0,5.0,1,0.0,0.0,1.0,13985,
10876,431360,-3.0,0.0,4.55,1,0.0,0.0,1.0,13985,
10877,431360,-6.8,0.0,25.0,5,0.0,0.8,1.0,13985,
10878,431424,-1.5,0.0,14.29,1,0.0,0.0,1.0,13986,
10879,431488,-5.0,0.0,0.0,0,,,1.0,13988,
10880,431488,-2.9,0.0,4.76,1,0.0,0.0,1.0,13988,
10881,431616,-3.8,0.0,10.0,2,0.0,0.5,1.0,13991,
10882,431616,-2.6,0.0,5.56,1,0.0,0.0,1.0,13991,
10883,431680,-3.7,0.0,3.45,1,0.0,0.0,1.0,13993,
10884,431744,-1.4,0.0,33.33,2,0.0,0.5,1.0,13996,
10885,431744,-5.0,0.0,0.0,0,,,1.0,13996,
10886,431744,-5.0,0.0,0.0,0,,,1.0,13996,
10887,431872,-2.2,0.0,7.14,1,0.0,0.0,1.0,13999,
10888,431872,-5.5,0.0,2.13,1,0.0,0.0,1.0,13999,
10889,431936,4.9,1.0,22.73,5,0.4,1.0,1.0,14003,
10890,431936,-3.3,0.0,2.86,1,0.0,0.0,1.0,14003,
10891,432000,-2.8,0.0,5.0,1,0.0,0.0,1.0,14004,
10892,432064,-1.9,0.0,9.09,1,0.0,0.0,1.0,14005,
10893,432128,-6.0,0.0,3.92,2,0.0,1.0,1.0,14008,
10894,432128,-3.5,0.0,3.7,1,0.0,0.0,1.0,14008,
10895,432192,-2.0,0.0,8.33,1,0.0,0.0,1.0,14010,
10896,432192,-3.8,0.0,3.33,1,0.0,0.0,1.0,14010,
10897,432256,-5.0,0.0,0.0,0,,,1.0,14012,
10898,432256,-4.7,0.0,2.56,1,0.0,0.0,1.0,14012,
10899,432256,-3.2,0.0,4.17,1,0.0,0.0,1.0,14012,
10900,432320,-6.0,0.0,3.92,2,0.0,1.0,1.0,14013,
10901,432320,-7.0,0.0,3.92,2,0.0,1.0,1.0,14013,
10902,432320,-5.0,0.0,0.0,0,,,1.0,14013,
10903,432320,-3.7,0.0,6.9,2,0.0,0.5,1.0,14013,
10904,432384,-7.3,0.0,8.89,4,0.0,0.75,1.0,14015,
10905,432384,-5.0,0.0,0.0,0,,,1.0,14015,
10906,432448,-1.9,0.0,9.09,1,0.0,0.0,1.0,14018,
10907,432448,-2.9,0.0,4.76,1,0.0,0.0,1.0,14018,
10908,432448,10.6,1.0,0.0,0,,,1.0,14018,
10909,432448,-1.9,0.0,18.18,2,0.0,0.5,1.0,14018,
10910,432512,10.6,1.0,20.0,1,0.0,1.0,1.0,14019,
10911,432576,-0.7,0.0,11.11,1,0.0,0.0,1.0,14022,
10912,432576,-5.0,0.0,6.25,2,0.0,0.5,1.0,14022,
10913,432576,-2.7,0.0,5.26,1,0.0,0.0,1.0,14022,
10914,432640,-2.1,0.0,4.35,1,0.0,0.0,1.0,14026,
10915,432640,-2.9,0.0,4.76,1,0.0,0.0,1.0,14026,
10916,432640,-2.4,0.0,6.25,1,0.0,0.0,1.0,14026,
10917,432704,-3.9,0.0,6.45,2,0.0,0.5,1.0,14030,
10918,432704,-7.6,0.0,6.25,3,0.0,0.6667,1.0,14030,
10919,432704,-3.9,0.0,3.23,1,0.0,0.0,1.0,14030,
10920,432768,-6.3,0.0,4.44,2,0.0,0.5,1.0,14032,
10921,432768,-3.1,0.0,4.35,1,0.0,0.0,1.0,14032,
10922,432832,-5.0,0.0,0.0,0,,,1.0,14034,
10923,432832,-1.7,0.0,11.11,1,0.0,0.0,1.0,14034,
10924,432832,-7.6,0.0,6.25,3,0.0,0.6667,1.0,14034,
10925,432896,-5.0,0.0,0.0,0,,,1.0,14036,
10926,432896,-5.0,0.0,2.38,1,0.0,0.0,1.0,14036,
10927,432896,-4.1,0.0,3.03,1,0.0,0.0,1.0,14036,
10928,432960,-0.6,0.0,12.5,1,0.0,0.0,1.0,14037,
10929,432960,-5.0,0.0,0.0,0,,,1.0,14037,
10930,433088,-3.6,0.0,3.57,1,0.0,0.0,1.0,14040,
10931,433088,8.8,1.0,0.0,0,,,1.0,14040,
10932,433216,-2.9,0.0,3.23,1,0.0,0.0,1.0,14043,
10933,433280,8.1,1.0,0.0,0,,,1.0,14043,
10934,433344,-6.0,0.0,1.96,1,0.0,1.0,1.0,14047,
10935,433344,-2.2,0.0,7.14,1,0.0,0.0,1.0,14047,
10936,433344,-4.0,0.0,9.09,2,0.5,0.5,1.0,14047,
10937,433344,-1.7,0.0,5.26,1,0.0,0.0,1.0,14047,
10938,433408,-4.2,0.0,2.94,1,0.0,0.0,1.0,14049,
10939,433408,-3.6,0.0,3.57,1,0.0,0.0,1.0,14049,
10940,433472,-5.0,0.0,0.0,0,,,1.0,14050,
10941,433536,-2.2,0.0,7.14,1,0.0,0.0,1.0,14052,
10942,433536,-5.0,0.0,0.0,0,,,1.0,14052,
10943,433600,-0.9,0.0,9.09,1,0.0,0.0,1.0,14059,
10944,433600,-2.8,0.0,3.33,1,0.0,0.0,1.0,14059,
10945,433600,-2.1,0.0,7.69,1,0.0,0.0,1.0,14059,
10946,433664,-7.0,0.0,5.88,3,0.3333,1.0,1.0,14061,
10947,433728,10.9,1.0,0.0,0,,,1.0,14061,
10948,433792,-6.0,0.0,4.76,2,0.5,0.5,1.0,14064,
10949,433792,-5.0,0.0,2.38,1,0.0,0.0,1.0,14064,
10950,433856,-0.8,0.0,10.0,1,0.0,0.0,1.0,14067,
10951,433856,-1.3,0.0,20.0,1,0.0,0.0,1.0,14067,
10952,433920,-3.4,0.0,3.85,1,0.0,0.0,1.0,14073,
10953,433920,-4.6,0.0,2.63,1,0.0,0.0,1.0,14073,
10954,433920,7.8,1.0,8.7,2,0.5,1.0,1.0,14073,
10955,433920,-3.2,0.0,2.94,1,0.0,0.0,1.0,14073,
10956,433920,-3.3,0.0,4.0,1,0.0,0.0,1.0,14073,
10957,433920,-5.0,0.0,0.0,0,,,1.0,14073,
10958,433984,11.0,1.0,0.0,0,,,1.0,14074,
10959,433984,-5.3,0.0,2.22,1,0.0,0.0,1.0,14074,
10960,434048,-5.0,0.0,0.0,0,,,1.0,14075,
10961,434048,-5.0,0.0,0.0,0,,,1.0,14075,
10962,434048,11.5,1.0,0.0,0,,,1.0,14075,
10963,434112,-5.0,0.0,0.0,0,,,1.0,14078,
10964,434112,-5.5,0.0,14.81,4,0.0,0.75,1.0,14078,
10965,434112,-3.9,0.0,9.52,2,0.0,0.5,1.0,14078,
10966,434112,-3.3,0.0,4.0,1,0.0,0.0,1.0,14078,
10967,434176,-6.0,0.0,9.38,3,0.0,0.6667,1.0,14082,
10968,434176,-3.7,0.0,3.45,1,0.0,0.0,1.0,14082,
10969,434176,-3.8,0.0,3.33,1,0.0,0.0,1.0,14082,
10970,434240,-8.0,0.0,7.84,4,0.25,1.0,1.0,14085,
10971,434240,-6.5,0.0,6.38,3,0.0,0.6667,1.0,14085,
10972,434240,-2.1,0.0,7.69,1,0.0,0.0,1.0,14085,
10973,434368,-4.2,0.0,2.94,1,0.0,0.0,1.0,14091,
10974,434368,-6.5,0.0,4.26,2,0.0,0.5,1.0,14091,
10975,434368,-5.0,0.0,0.0,0,,,1.0,14091,
10976,434432,-6.0,0.0,1.96,1,0.0,1.0,1.0,14092,
10977,434432,-3.3,0.0,4.0,1,0.0,0.0,1.0,14092,
10978,434496,-3.3,0.0,4.0,1,0.0,0.0,1.0,14094,
10979,434560,-1.8,0.0,20.0,2,0.0,0.5,1.0,14097,
10980,434560,-2.8,0.0,3.33,1,0.0,0.0,1.0,14097,
10981,434624,-2.4,0.0,6.25,1,0.0,0.0,1.0,14103,
10982,434624,-3.8,0.0,3.33,1,0.0,0.0,1.0,14103,
10983,434624,-4.4,0.0,2.78,1,0.0,0.0,1.0,14103,
10984,434624,-3.8,0.0,3.33,1,0.0,0.0,1.0,14103,
10985,434688,-2.1,0.0,7.69,1,0.0,0.0,1.0,14110,
10986,434688,-3.3,0.0,4.0,1,0.0,0.0,1.0,14110,
10987,434688,-4.3,0.0,2.86,1,0.0,0.0,1.0,14110,
10988,434688,-5.2,0.0,2.27,1,0.0,0.0,1.0,14110,
10989,434688,-1.5,0.0,14.29,1,0.0,0.0,1.0,14110,
10990,434752,11.1,1.0,0.0,0,,,1.0,14111,
10991,434752,-3.7,0.0,3.45,1,0.0,0.0,1.0,14111,
10992,434816,-2.5,0.0,5.88,1,0.0,0.0,1.0,14112,
10993,434816,9.7,1.0,7.14,1,0.0,1.0,1.0,14112,
10994,434880,-4.7,0.0,2.56,1,0.0,0.0,1.0,14114,
10995,434944,-5.5,0.0,2.13,1,0.0,0.0,1.0,14118,
10996,434944,-3.9,0.0,3.23,1,0.0,0.0,1.0,14118,
10997,435008,-4.7,0.0,2.04,1,0.0,0.0,1.0,14119,
10998,435072,-3.4,0.0,3.85,1,0.0,0.0,1.0,14122,
10999,435072,9.3,1.0,5.56,1,0.0,1.0,1.0,14122,
11000,435200,5.4,1.0,14.81,4,0.25,1.0,1.0,14127,
11001,435200,-2.8,0.0,5.0,1,0.0,0.0,1.0,14127,
11002,435264,9.1,1.0,20.0,2,0.5,1.0,1.0,14129,
11003,435264,-4.1,0.0,8.7,2,0.0,0.5,1.0,14129,
11004,435328,-5.1,0.0,2.33,1,0.0,0.0,1.0,14132,
11005,435328,-9.0,0.0,9.8,5,0.0,1.0,1.0,14132,
11006,435328,-2.3,0.0,6.67,1,0.0,0.0,1.0,14132,
11007,435392,-2.7,0.0,5.26,1,0.0,0.0,1.0,14135,
11008,435392,-1.7,0.0,5.26,1,0.0,0.0,1.0,14135,
11009,435392,-5.2,0.0,2.27,1,0.0,0.0,1.0,14135,
11010,435456,-5.7,0.0,2.04,1,0.0,0.0,1.0,14137,
11011,435520,-2.9,0.0,4.76,1,0.0,0.0,1.0,14141,
11012,435520,-2.1,0.0,7.69,1,0.0,0.0,1.0,14141,
11013,435648,-2.4,0.0,6.25,1,0.0,0.0,1.0,14145,
11014,435648,-1.7,0.0,11.11,1,0.0,0.0,1.0,14145,
11015,435648,-4.5,0.0,2.13,1,0.0,0.0,1.0,14145,
11016,435648,-3.5,0.0,3.7,1,0.0,0.0,1.0,14145,
11017,435712,-2.5,0.0,5.88,1,0.0,0.0,1.0,14146,
11018,435776,-2.5,0.0,5.88,1,0.0,0.0,1.0,14150,
11019,435776,-3.2,0.0,4.17,1,0.0,0.0,1.0,14150,
11020,435776,-3.9,0.0,9.52,2,0.0,0.5,1.0,14150,
11021,435776,-2.4,0.0,6.25,1,0.0,0.0,1.0,14150,
11022,435840,-2.3,0.0,6.67,1,0.0,0.0,1.0,14151,
11023,435840,-5.0,0.0,0.0,0,,,1.0,14151,
11024,435968,-4.2,0.0,2.94,1,0.0,0.0,1.0,14155,
11025,435968,-5.0,0.0,0.0,0,,,1.0,14155,
11026,435968,-3.7,0.0,3.45,1,0.0,0.0,1.0,14155,
11027,436096,-5.0,0.0,0.0,0,,,1.0,14158,
11028,436096,-3.2,0.0,2.94,1,0.0,0.0,1.0,14158,
11029,436096,-5.0,0.0,0.0,0,,,1.0,14158,
11030,436096,-3.7,0.0,3.45,1,0.0,0.0,1.0,14158,
11031,436160,-3.2,0.0,4.17,1,0.0,0.0,1.0,14161,
11032,436160,-7.2,0.0,6.82,3,0.0,0.6667,1.0,14161,
11033,436160,-5.2,0.0,4.55,2,0.0,0.5,1.0,14161,
11034,436224,-1.1,0.0,7.69,1,0.0,0.0,1.0,14165,
11035,436224,-8.3,0.0,11.11,5,0.0,0.8,1.0,14165,
11036,436224,-3.0,0.0,4.55,1,0.0,0.0,1.0,14165,
11037,436288,-3.4,0.0,2.78,1,0.0,0.0,1.0,14168,
11038,436288,-4.2,0.0,2.94,1,0.0,0.0,1.0,14168,
11039,436352,-2.6,0.0,11.11,2,0.5,0.5,1.0,14170,
11040,436352,-3.2,0.0,4.17,1,0.0,0.0,1.0,14170,
11041,436352,-5.0,0.0,0.0,0,,,1.0,14170,
11042,436416,-3.5,0.0,3.7,1,0.0,0.0,1.0,14172,
11043,436480,-4.7,0.0,2.56,1,0.0,0.0,1.0,14173,
11044,436544,-5.2,0.0,5.88,2,0.5,0.5,1.0,14174,
11045,436608,-6.0,0.0,3.92,2,0.0,1.0,1.0,14177,
11046,436608,-3.7,0.0,2.56,1,0.0,0.0,1.0,14177,
11047,436672,11.4,1.0,0.0,0,,,1.0,14178,
11048,436736,-2.8,0.0,20.0,2,0.0,0.5,1.0,14181,
11049,436736,8.4,1.0,11.76,2,0.0,1.0,1.0,14181,
11050,436800,-1.2,0.0,25.0,1,0.0,0.0,1.0,14183,
11051,436800,-4.0,0.0,0.0,0,,,1.0,14183,
11052,436864,9.7,1.0,7.14,1,0.0,1.0,1.0,14185,
11053,436864,-5.0,0.0,0.0,0,,,1.0,14185,
11054,436864,-5.0,0.0,0.0,0,,,1.0,14185,
11055,436928,-2.7,0.0,5.26,1,0.0,0.0,1.0,14190,
11056,436928,-3.1,0.0,4.35,1,0.0,0.0,1.0,14190,
11057,436928,-3.9,0.0,3.23,1,0.0,0.0,1.0,14190,
11058,436928,-3.5,0.0,7.41,2,0.0,0.5,1.0,14190,
11059,437120,-2.6,0.0,5.56,1,0.0,0.0,1.0,14193,
11060,437120,-5.0,0.0,0.0,0,,,1.0,14193,
11061,437120,-3.7,0.0,3.45,1,0.0,0.0,1.0,14193,
11062,437120,-3.1,0.0,4.35,1,0.0,0.0,1.0,14193,
11063,437248,-1.7,0.0,11.11,1,0.0,0.0,1.0,14196,
11064,437312,-2.5,0.0,5.88,1,0.0,0.0,1.0,14200,
11065,437312,-5.0,0.0,0.0,0,,,1.0,14200,
11066,437312,-5.0,0.0,0.0,0,,,1.0,14200,
11067,437312,-5.0,0.0,0.0,0,,,1.0,14200,
11068,437312,-3.8,0.0,3.33,1,0.0,0.0,1.0,14200,
11069,437376,-3.7,0.0,10.53,2,0.0,0.5,1.0,14204,
11070,437440,-2.9,0.0,4.76,1,0.0,0.0,1.0,14208,
11071,437440,-2.6,0.0,5.56,1,0.0,0.0,1.0,14208,
11072,437440,-7.6,0.0,13.16,5,0.0,0.8,1.0,14208,
11073,437504,-3.2,0.0,2.94,1,0.0,0.0,1.0,14209,
11074,437568,-4.0,0.0,3.12,1,0.0,0.0,1.0,14211,
11075,437568,-3.3,0.0,4.0,1,0.0,0.0,1.0,14211,
11076,437632,-3.8,0.0,10.0,2,0.0,0.5,1.0,14214,
11077,437632,-5.0,0.0,0.0,0,,,1.0,14214,
11078,437632,-2.9,0.0,3.23,1,0.0,0.0,1.0,14214,
11079,437632,10.8,1.0,33.33,1,1.0,1.0,1.0,14214,
11080,437696,-5.0,0.0,0.0,0,,,1.0,14215,
11081,437696,-2.3,0.0,4.0,1,0.0,0.0,1.0,14215,
11082,437760,8.3,1.0,11.11,2,0.0,1.0,1.0,14217,
11083,437760,-5.0,0.0,0.0,0,,,1.0,14217,
11084,437824,-2.9,0.0,3.23,1,0.0,0.0,1.0,14225,
11085,437824,-5.9,0.0,1.96,1,0.0,0.0,1.0,14225,
11086,437824,-5.0,0.0,0.0,0,,,1.0,14225,
11087,437824,-4.7,0.0,2.56,1,0.0,0.0,1.0,14225,
11088,437824,-2.1,0.0,4.35,1,0.0,0.0,1.0,14225,
11089,437824,-3.2,0.0,2.94,1,0.0,0.0,1.0,14225,
11090,437824,-0.6,0.0,12.5,1,0.0,0.0,1.0,14225,
11091,437888,-2.4,0.0,6.25,1,0.0,0.0,1.0,14227,
11092,437888,-1.7,0.0,11.11,1,0.0,0.0,1.0,14227,
11093,437952,-6.0,0.0,1.96,1,0.0,1.0,1.0,14227,
11094,437952,-6.0,0.0,3.92,2,0.0,1.0,1.0,14227,
11095,438016,-5.0,0.0,0.0,0,,,1.0,14227,
11096,438080,-3.9,0.0,3.23,1,0.0,0.0,1.0,14228,
11097,438208,-5.0,0.0,0.0,0,,,1.0,14231,
11098,438208,-0.5,0.0,14.29,1,0.0,0.0,1.0,14231,
11099,438208,-4.6,0.0,2.63,1,0.0,0.0,1.0,14231,
11100,438272,-0.8,0.0,10.0,1,0.0,0.0,1.0,14233,
11101,438272,-5.1,0.0,2.33,1,0.0,0.0,1.0,14233,
11102,438336,-5.6,0.0,2.08,1,0.0,0.0,1.0,14234,
11103,438336,-5.0,0.0,1.96,1,0.0,1.0,1.0,14234,
11104,438400,-2.1,0.0,4.35,1,0.0,0.0,1.0,14236,
11105,438400,-5.5,0.0,2.13,1,0.0,0.0,1.0,14236,
11106,438464,-4.9,0.0,6.45,2,0.0,0.5,1.0,14237,
11107,438592,-8.0,0.0,7.84,4,0.0,1.0,1.0,14240,
11108,438656,10.8,1.0,0.0,0,,,1.0,14242,
11109,438656,-3.5,0.0,3.7,1,0.0,0.0,1.0,14242,
11110,438656,-2.0,0.0,8.33,1,0.0,0.0,1.0,14242,
11111,438656,11.5,1.0,0.0,0,,,1.0,14242,
11112,438720,-3.4,0.0,2.78,1,0.0,0.0,1.0,14244,
11113,438720,-4.3,0.0,8.0,2,0.5,0.5,1.0,14244,
11114,438784,-3.4,0.0,7.69,2,0.0,0.5,1.0,14247,
11115,438784,-4.0,0.0,3.12,1,0.0,0.0,1.0,14247,
11116,438848,-4.8,0.0,6.67,2,0.0,0.5,1.0,14250,
11117,438912,8.6,1.0,4.0,1,0.0,1.0,1.0,14256,
11118,438912,-2.4,0.0,3.85,1,0.0,0.0,1.0,14256,
11119,438912,-5.1,0.0,2.33,1,0.0,0.0,1.0,14256,
11120,438912,-3.1,0.0,4.35,1,0.0,0.0,1.0,14256,
11121,438912,-2.1,0.0,7.69,1,0.0,0.0,1.0,14256,
11122,438912,-2.5,0.0,5.88,1,0.0,0.0,1.0,14256,
11123,438976,-4.3,0.0,2.86,1,0.0,0.0,1.0,14257,
11124,439040,-2.0,0.0,4.55,1,0.0,0.0,1.0,14259,
11125,439040,-5.0,0.0,0.0,0,,,1.0,14259,
11126,439040,-5.0,0.0,0.0,0,,,1.0,14259,
11127,439040,-4.0,0.0,0.0,0,,,1.0,14259,
11128,439104,-8.0,0.0,5.88,3,0.0,1.0,1.0,14262,
11129,439104,-3.6,0.0,3.57,1,0.0,0.0,1.0,14262,
11130,439104,-2.2,0.0,7.14,1,0.0,0.0,1.0,14262,
11131,439168,-2.9,0.0,4.76,1,0.0,0.0,1.0,14264,
11132,439168,-0.6,0.0,12.5,1,0.0,0.0,1.0,14264,
11133,439232,-2.2,0.0,4.17,1,0.0,0.0,1.0,14267,
11134,439360,-3.5,0.0,3.7,1,0.0,0.0,1.0,14272,
11135,439360,-4.6,0.0,2.63,1,0.0,0.0,1.0,14272,
11136,439424,-4.0,0.0,0.0,0,,,1.0,14273,
11137,439488,-3.5,0.0,2.7,1,0.0,0.0,1.0,14274,
11138,439488,-5.0,0.0,0.0,0,,,1.0,14274,
11139,439552,-5.0,0.0,0.0,0,,,1.0,14275,
11140,439616,-2.4,0.0,3.85,1,0.0,0.0,1.0,14279,
11141,439616,-3.9,0.0,36.36,4,0.0,0.75,1.0,14279,
11142,439616,-5.0,0.0,0.0,0,,,1.0,14279,
11143,439680,-0.6,0.0,12.5,1,0.0,0.0,1.0,14282,
11144,439680,-2.4,0.0,6.25,1,0.0,0.0,1.0,14282,
11145,439744,-3.5,0.0,7.41,2,0.0,0.5,1.0,14285,
11146,439744,-5.5,0.0,5.41,2,0.0,0.5,1.0,14285,
11147,439744,-1.3,0.0,6.67,1,0.0,0.0,1.0,14285,
11148,439808,-2.2,0.0,7.14,1,0.0,0.0,1.0,14291,
11149,439808,-1.9,0.0,9.09,1,0.0,0.0,1.0,14291,
11150,439808,5.6,1.0,33.33,5,0.6,1.0,1.0,14291,
11151,439808,-3.9,0.0,3.23,1,0.0,0.0,1.0,14291,
11152,439872,-2.3,0.0,6.67,1,0.0,0.0,1.0,14294,
11153,439872,-5.0,0.0,0.0,0,,,1.0,14294,
11154,439872,9.7,1.0,7.14,1,1.0,1.0,1.0,14294,
11155,439872,-1.6,0.0,12.5,1,0.0,0.0,1.0,14294,
11156,440000,-3.1,0.0,3.03,1,0.0,0.0,1.0,14298,
11157,440064,-5.0,0.0,1.96,1,0.0,1.0,1.0,14300,
11158,440064,-5.0,0.0,0.0,0,,,1.0,14300,
11159,440064,-2.6,0.0,5.56,1,0.0,0.0,1.0,14300,
11160,440128,-0.8,0.0,10.0,1,0.0,0.0,1.0,14301,
11161,440128,-5.0,0.0,1.96,1,0.0,1.0,1.0,14301,
11162,440128,-4.0,0.0,0.0,0,,,1.0,14301,
11163,440192,-3.6,0.0,3.57,1,0.0,0.0,1.0,14306,
11164,440192,-0.8,0.0,10.0,1,0.0,0.0,1.0,14306,
11165,440192,-2.6,0.0,5.56,1,0.0,0.0,1.0,14306,
11166,440192,-2.1,0.0,7.69,1,0.0,0.0,1.0,14306,
11167,440320,-2.8,0.0,5.0,1,0.0,0.0,1.0,14310,
11168,440320,-3.9,0.0,2.44,1,0.0,0.0,1.0,14310,
11169,440320,-2.7,0.0,3.45,1,0.0,0.0,1.0,14310,
11170,440384,-5.1,0.0,4.65,2,0.0,0.5,1.0,14311,
11171,440384,-4.0,0.0,0.0,0,,,1.0,14311,
11172,440448,-3.2,0.0,4.17,1,0.0,0.0,1.0,14316,
11173,440448,-0.9,0.0,9.09,1,0.0,0.0,1.0,14316,
11174,440448,9.4,1.0,0.0,0,,,1.0,14316,
11175,440576,-5.0,0.0,0.0,0,,,1.0,14322,
11176,440576,-3.6,0.0,3.57,1,0.0,0.0,1.0,14322,
11177,440576,9.7,1.0,50.0,2,0.0,1.0,1.0,14322,
11178,440640,-3.3,0.0,13.33,2,0.5,0.5,1.0,14325,
11179,440640,-4.4,0.0,2.78,1,0.0,0.0,1.0,14325,
11180,440704,-5.0,0.0,0.0,0,,,1.0,14327,
11181,440768,-5.0,0.0,0.0,0,,,1.0,14331,
11182,440768,-2.3,0.0,6.67,1,0.0,0.0,1.0,14331,
11183,440768,4.9,1.0,12.5,4,0.0,1.0,1.0,14331,
11184,440832,-4.5,0.0,2.13,1,0.0,0.0,1.0,14333,
11185,440832,-5.0,0.0,0.0,0,,,1.0,14333,
11186,440832,-5.0,0.0,1.96,1,1.0,1.0,1.0,14333,
11187,440896,-9.7,0.0,15.38,6,0.0,0.8333,1.0,14339,
11188,440896,-1.9,0.0,9.09,1,0.0,0.0,1.0,14339,
11189,440896,-2.1,0.0,7.69,1,0.0,0.0,1.0,14339,
11190,440896,-2.2,0.0,7.14,1,0.0,0.0,1.0,14339,
11191,440896,-2.0,0.0,8.33,1,0.0,0.0,1.0,14339,
11192,440960,-2.9,0.0,4.76,1,0.0,0.0,1.0,14341,
11193,440960,-5.8,0.0,2.0,1,0.0,0.0,1.0,14341,
11194,440960,10.4,1.0,0.0,0,,,1.0,14341,
11195,441088,-4.0,0.0,0.0,0,,,1.0,14343,
11196,441088,-5.0,0.0,0.0,0,,,1.0,14343,
11197,441152,-4.2,0.0,8.33,2,0.0,0.5,1.0,14345,
11198,441152,-5.1,0.0,6.06,2,0.0,0.5,1.0,14345,
11199,441216,11.4,1.0,0.0,0,,,1.0,14345,
11200,441216,-5.0,0.0,0.0,0,,,1.0,14345,
11201,441280,-5.3,0.0,5.71,2,0.0,0.5,1.0,14347,
11202,441344,-5.0,0.0,2.38,1,0.0,0.0,1.0,14349,
11203,441344,-1.4,0.0,16.67,1,0.0,0.0,1.0,14349,
11204,441472,-7.0,0.0,5.88,3,0.0,1.0,1.0,14352,
11205,441472,-5.0,0.0,0.0,0,,,1.0,14352,
11206,441472,-5.7,0.0,2.04,1,0.0,0.0,1.0,14352,
11207,441472,-2.9,0.0,9.52,2,0.0,0.5,1.0,14352,
11208,441536,-1.9,0.0,4.76,1,0.0,0.0,1.0,14355,
11209,441536,-2.8,0.0,3.33,1,0.0,0.0,1.0,14355,
11210,441536,-6.0,0.0,1.96,1,0.0,1.0,1.0,14355,
11211,441536,-4.6,0.0,2.63,1,0.0,0.0,1.0,14355,
11212,441664,-1.7,0.0,11.11,1,0.0,0.0,1.0,14358,
11213,441728,8.5,1.0,3.85,1,0.0,1.0,1.0,14359,
11214,441728,-2.0,0.0,8.33,1,0.0,0.0,1.0,14359,
11215,441792,-4.0,0.0,3.12,1,0.0,0.0,1.0,14362,
11216,441856,-4.2,0.0,2.94,1,0.0,0.0,1.0,14365,
11217,441856,-1.3,0.0,20.0,1,0.0,0.0,1.0,14365,
11218,441856,-5.0,0.0,0.0,0,,,1.0,14365,
11219,441920,-1.6,0.0,5.56,1,0.0,0.0,1.0,14366,
11220,441920,10.5,1.0,0.0,0,,,1.0,14366,
11221,441920,-4.0,0.0,0.0,0,,,1.0,14366,
11222,442048,7.0,1.0,6.45,2,0.0,1.0,1.0,14368,
11223,442048,-3.1,0.0,4.35,1,0.0,0.0,1.0,14368,
11224,442112,9.1,1.0,5.0,1,0.0,1.0,1.0,14369,
11225,442112,-4.5,0.0,2.7,1,0.0,0.0,1.0,14369,
11226,442176,-3.2,0.0,4.17,1,0.0,0.0,1.0,14371,
11227,442176,-2.3,0.0,6.67,1,0.0,0.0,1.0,14371,
11228,442176,-5.0,0.0,0.0,0,,,1.0,14371,
11229,442240,-0.9,0.0,9.09,1,0.0,0.0,1.0,14375,
11230,442240,-1.6,0.0,12.5,1,0.0,0.0,1.0,14375,
11231,442304,5.3,1.0,4.17,2,0.0,1.0,1.0,14376,
11232,442304,-4.1,0.0,3.03,1,0.0,0.0,1.0,14376,
11233,442368,-4.7,0.0,2.56,1,0.0,0.0,1.0,14380,
11234,442368,-5.0,0.0,0.0,0,,,1.0,14380,
11235,442368,-3.9,0.0,3.23,1,0.0,0.0,1.0,14380,
11236,442368,-8.7,0.0,12.82,5,0.2,0.8,1.0,14380,
11237,442432,-5.0,0.0,0.0,0,,,1.0,14383,
11238,442432,-3.9,0.0,3.23,1,0.0,0.0,1.0,14383,
11239,442496,10.2,1.0,11.11,1,0.0,1.0,1.0,14385,
11240,442496,-3.7,0.0,3.45,1,0.0,0.0,1.0,14385,
11241,442496,-2.9,0.0,4.76,1,0.0,0.0,1.0,14385,
11242,442560,11.4,1.0,0.0,0,,,1.0,14385,
11243,442624,-5.2,0.0,5.88,2,0.0,0.5,1.0,14390,
11244,442624,-4.1,0.0,8.7,2,0.0,0.5,1.0,14390,
11245,442624,-3.0,0.0,4.55,1,0.0,0.0,1.0,14390,
11246,442688,-2.1,0.0,7.69,1,0.0,0.0,1.0,14394,
11247,442688,11.6,1.0,0.0,0,,,1.0,14394,
11248,442688,-1.6,0.0,5.56,1,0.0,0.0,1.0,14394,
11249,442688,-4.1,0.0,3.03,1,0.0,0.0,1.0,14394,
11250,442688,-7.0,0.0,5.88,3,0.3333,1.0,1.0,14394,
11251,442752,-5.0,0.0,0.0,0,,,1.0,14398,
11252,442752,9.5,1.0,33.33,2,0.5,1.0,1.0,14398,
11253,442752,8.3,1.0,0.0,0,,,1.0,14398,
11254,442816,9.8,1.0,0.0,0,,,1.0,14399,
11255,442880,-3.2,0.0,4.17,1,0.0,0.0,1.0,14401,
11256,442944,-2.4,0.0,12.5,2,0.0,0.5,1.0,14407,
11257,442944,-2.2,0.0,7.14,1,0.0,0.0,1.0,14407,
11258,442944,-5.5,0.0,5.41,2,0.0,0.5,1.0,14407,
11259,442944,-3.1,0.0,3.03,1,0.0,0.0,1.0,14407,
11260,442944,-2.5,0.0,5.88,1,0.0,0.0,1.0,14407,
11261,443008,-1.3,0.0,20.0,1,0.0,0.0,1.0,14410,
11262,443008,11.4,1.0,0.0,0,,,1.0,14410,
11263,443008,-4.4,0.0,2.78,1,0.0,0.0,1.0,14410,
11264,443008,-5.9,0.0,4.88,2,0.0,0.5,1.0,14410,
11265,443072,-5.0,0.0,0.0,0,,,1.0,14414,
11266,443072,-3.2,0.0,4.17,1,0.0,0.0,1.0,14414,
11267,443072,-4.0,0.0,0.0,0,,,1.0,14414,
11268,443072,-4.2,0.0,2.94,1,0.0,0.0,1.0,14414,
11269,443072,-6.0,0.0,1.96,1,0.0,1.0,1.0,14414,
11270,443136,-5.2,0.0,2.27,1,0.0,0.0,1.0,14419,
11271,443136,-4.3,0.0,2.86,1,0.0,0.0,1.0,14419,
11272,443136,-6.0,0.0,1.96,1,0.0,1.0,1.0,14419,
11273,443200,-1.7,0.0,11.11,1,0.0,0.0,1.0,14421,
11274,443264,-1.0,0.0,8.33,1,0.0,0.0,1.0,14422,
11275,443328,-4.6,0.0,2.63,1,0.0,0.0,1.0,14426,
11276,443328,-1.6,0.0,12.5,1,0.0,0.0,1.0,14426,
11277,443328,-2.7,0.0,10.53,2,0.0,0.5,1.0,14426,
11278,443392,-5.0,0.0,0.0,0,,,1.0,14429,
11279,443456,-5.0,0.0,0.0,0,,,1.0,14433,
11280,443456,-0.9,0.0,9.09,1,0.0,0.0,1.0,14433,
11281,443520,-1.5,0.0,14.29,1,0.0,0.0,1.0,14437,
11282,443520,-1.6,0.0,12.5,1,0.0,0.0,1.0,14437,
11283,443648,-2.9,0.0,4.76,1,0.0,0.0,1.0,14440,
11284,443648,-3.2,0.0,2.94,1,0.0,0.0,1.0,14440,
11285,443712,-1.4,0.0,6.25,1,0.0,0.0,1.0,14444,
11286,443712,11.7,1.0,0.0,0,,,1.0,14444,
11287,443712,-5.0,0.0,0.0,0,,,1.0,14444,
11288,443776,-3.5,0.0,11.76,2,0.0,0.5,1.0,14448,
11289,443776,-1.1,0.0,7.69,1,0.0,0.0,1.0,14448,
11290,443776,-1.9,0.0,9.09,1,0.0,0.0,1.0,14448,
11291,443776,11.4,1.0,0.0,0,,,1.0,14448,
11292,443968,-2.1,0.0,7.69,1,0.0,0.0,1.0,14455,
11293,444032,-4.0,0.0,0.0,0,,,1.0,14455,
11294,444096,-4.4,0.0,18.75,3,0.3333,0.6667,1.0,14458,
11295,444096,-5.0,0.0,0.0,0,,,1.0,14458,
11296,444160,2.1,1.0,10.0,5,0.0,1.0,1.0,14460,
11297,444160,-6.0,0.0,1.96,1,0.0,1.0,1.0,14460,
11298,444224,10.7,1.0,0.0,0,,,1.0,14465,
11299,444224,-1.0,0.0,8.33,1,0.0,0.0,1.0,14465,
11300,444224,-2.1,0.0,4.35,1,0.0,0.0,1.0,14465,
11301,444224,-2.7,0.0,5.26,1,0.0,0.0,1.0,14465,
11302,444224,-5.5,0.0,5.41,2,0.0,0.5,1.0,14465,
11303,444288,-1.9,0.0,4.76,1,0.0,0.0,1.0,14469,
11304,444288,-5.2,0.0,2.27,1,0.0,0.0,1.0,14469,
11305,444288,-4.0,0.0,3.12,1,0.0,0.0,1.0,14469,
11306,444352,-5.0,0.0,0.0,0,,,1.0,14472,
11307,444352,-2.8,0.0,5.0,1,0.0,0.0,1.0,14472,
11308,444352,-8.0,0.0,15.62,5,0.0,0.8,1.0,14472,
11309,444416,-3.6,0.0,3.57,1,0.0,0.0,1.0,14474,
11310,444544,-3.2,0.0,4.17,1,0.0,0.0,1.0,14480,
11311,444544,7.0,1.0,0.0,0,,,1.0,14480,
11312,444544,-4.0,0.0,3.12,1,0.0,0.0,1.0,14480,
11313,444544,-3.7,0.0,3.45,1,0.0,0.0,1.0,14480,
11314,444608,-3.5,0.0,3.7,1,0.0,0.0,1.0,14487,
11315,444608,-4.3,0.0,2.86,1,0.0,0.0,1.0,14487,
11316,444672,-4.3,0.0,2.22,1,0.0,0.0,1.0,14490,
11317,444672,-0.6,0.0,12.5,1,0.0,0.0,1.0,14490,
11318,444672,5.8,1.0,17.39,4,0.0,1.0,1.0,14490,
11319,444672,-1.4,0.0,16.67,1,0.0,0.0,1.0,14490,
11320,444736,-1.8,0.0,10.0,1,0.0,0.0,1.0,14494,
11321,444736,-8.0,0.0,7.84,4,0.0,1.0,1.0,14494,
11322,444736,-6.0,0.0,1.96,1,0.0,1.0,1.0,14494,
11323,444736,-5.6,1.0,27.66,13,0.0769,1.0,1.0,14494,
11324,444800,-1.5,0.0,5.88,1,0.0,0.0,1.0,14497,
11325,444800,-4.9,0.0,2.44,1,0.0,0.0,1.0,14497,
11326,444800,-3.2,0.0,2.94,1,0.0,0.0,1.0,14497,
11327,444864,-0.6,0.0,12.5,1,0.0,0.0,1.0,14500,
11328,444928,10.3,1.0,12.5,1,0.0,1.0,1.0,14505,
11329,444928,9.0,1.0,18.18,2,0.0,1.0,1.0,14505,
11330,444928,-1.7,0.0,5.26,1,0.0,0.0,1.0,14505,
11331,444928,-7.0,0.0,3.92,2,0.0,1.0,1.0,14505,
11332,444928,-1.4,0.0,16.67,1,0.0,0.0,1.0,14505,
11333,444928,-2.2,0.0,7.14,1,0.0,0.0,1.0,14505,
11334,444992,-2.1,0.0,4.35,1,0.0,0.0,1.0,14507,
11335,444992,10.9,1.0,0.0,0,,,1.0,14507,
11336,445056,-3.5,0.0,3.7,1,0.0,0.0,1.0,14513,
11337,445056,-1.8,0.0,5.0,1,0.0,0.0,1.0,14513,
11338,445056,-2.0,0.0,8.33,1,0.0,0.0,1.0,14513,
11339,445120,-3.0,0.0,4.55,1,0.0,0.0,1.0,14519,
11340,445120,-5.3,0.0,4.44,2,0.0,0.5,1.0,14519,
11341,445120,-4.2,0.0,2.94,1,0.0,0.0,1.0,14519,
11342,445184,-1.6,0.0,12.5,1,0.0,0.0,1.0,14522,
11343,445184,-6.0,0.0,3.92,2,0.0,1.0,1.0,14522,
11344,445248,-2.2,0.0,7.14,1,0.0,0.0,1.0,14525,
11345,445248,7.4,1.0,7.41,2,0.0,1.0,1.0,14525,
11346,445312,-5.0,0.0,0.0,0,,,1.0,14526,
11347,445440,-1.8,0.0,10.0,1,0.0,0.0,1.0,14529,
11348,445440,-5.0,0.0,1.96,1,0.0,1.0,1.0,14529,
11349,445440,-5.0,0.0,0.0,0,,,1.0,14529,
11350,445504,4.7,1.0,20.83,5,0.0,1.0,1.0,14530,
11351,445568,-1.9,0.0,9.09,1,0.0,0.0,1.0,14533,
11352,445568,-4.1,0.0,8.7,2,0.0,0.5,1.0,14533,
11353,445632,-7.0,0.0,3.92,2,0.0,1.0,1.0,14533,
11354,445696,7.4,1.0,0.0,0,,,1.0,14535,
11355,445696,-1.8,0.0,10.0,1,0.0,0.0,1.0,14535,
11356,445696,-3.8,0.0,3.33,1,0.0,0.0,1.0,14535,
11357,445696,-10.0,0.0,11.76,6,0.0,1.0,1.0,14535,
11358,445696,-6.0,0.0,1.96,1,0.0,1.0,1.0,14535,
11359,445760,-5.0,0.0,0.0,0,,,1.0,14536,
11360,445760,-2.1,0.0,7.69,1,0.0,0.0,1.0,14536,
11361,445824,-3.0,0.0,3.12,1,0.0,0.0,1.0,14541,
11362,445824,-1.6,0.0,12.5,1,0.0,0.0,1.0,14541,
11363,445824,-4.2,0.0,2.94,1,0.0,0.0,1.0,14541,
11364,445824,-2.7,0.0,5.26,1,0.0,0.0,1.0,14541,
11365,445952,9.2,1.0,5.26,1,0.0,1.0,1.0,14542,
11366,446016,10.5,1.0,16.67,1,0.0,1.0,1.0,14546,
11367,446016,-2.7,0.0,5.26,1,0.0,0.0,1.0,14546,
11368,446016,10.4,1.0,14.29,1,0.0,1.0,1.0,14546,
11369,446016,-1.5,0.0,5.88,1,0.0,0.0,1.0,14546,
11370,446016,-5.0,0.0,0.0,0,,,1.0,14546,
11371,446080,-1.9,0.0,4.76,1,0.0,0.0,1.0,14549,
11372,446080,-2.9,0.0,4.76,1,0.0,0.0,1.0,14549,
11373,446144,-4.3,0.0,8.0,2,0.0,0.5,1.0,14550,
11374,446208,-4.0,0.0,0.0,0,,,1.0,14551,
11375,446208,-7.0,0.0,5.88,3,0.0,1.0,1.0,14551,
11376,446208,-3.4,0.0,3.85,1,0.0,0.0,1.0,14551,
11377,446272,-4.9,0.0,6.45,2,0.0,0.5,1.0,14554,
11378,446272,-7.0,0.0,5.88,3,0.0,1.0,1.0,14554,
11379,446336,-5.0,0.0,1.96,1,0.0,1.0,1.0,14557,
11380,446400,-5.0,0.0,0.0,0,,,1.0,14559,
11381,446400,-6.0,0.0,1.96,1,0.0,1.0,1.0,14559,
11382,446464,-4.1,0.0,3.03,1,0.0,0.0,1.0,14565,
11383,446464,-1.8,0.0,10.0,1,0.0,0.0,1.0,14565,
11384,446464,-3.3,0.0,13.33,2,0.5,0.5,1.0,14565,
11385,446464,-1.8,0.0,10.0,1,0.0,0.0,1.0,14565,
11386,446464,11.6,1.0,0.0,0,,,1.0,14565,
11387,446464,-2.2,0.0,4.17,1,0.0,0.0,1.0,14565,
11388,446528,-5.0,0.0,0.0,0,,,1.0,14568,
11389,446528,-5.3,0.0,2.22,1,0.0,0.0,1.0,14568,
11390,446528,-3.1,0.0,4.35,1,0.0,0.0,1.0,14568,
11391,446528,-2.2,0.0,4.17,1,0.0,0.0,1.0,14568,
11392,446592,-5.8,0.0,2.0,1,0.0,0.0,1.0,14572,
11393,446592,-3.0,0.0,4.55,1,0.0,0.0,1.0,14572,
11394,446656,10.1,1.0,10.0,1,0.0,1.0,1.0,14575,
11395,446720,-1.9,0.0,9.09,1,0.0,0.0,1.0,14578,
11396,446720,-4.2,0.0,2.94,1,0.0,0.0,1.0,14578,
11397,446720,-1.4,0.0,6.25,1,0.0,0.0,1.0,14578,
11398,446784,-1.9,0.0,4.76,1,0.0,0.0,1.0,14579,
11399,446848,-2.2,0.0,7.14,1,0.0,0.0,1.0,14583,
11400,446912,-1.4,0.0,16.67,1,0.0,0.0,1.0,14586,
11401,446912,-5.3,0.0,5.71,2,0.0,0.5,1.0,14586,
11402,446976,9.6,1.0,6.67,1,0.0,1.0,1.0,14588,
11403,447040,-5.0,0.0,1.96,1,0.0,1.0,1.0,14588,
11404,447104,-1.4,0.0,16.67,1,0.0,0.0,1.0,14590,
11405,447104,-3.0,0.0,4.55,1,0.0,0.0,1.0,14590,
11406,447232,-5.6,0.0,2.08,1,0.0,0.0,1.0,14597,
11407,447232,-5.5,0.0,2.13,1,0.0,0.0,1.0,14597,
11408,447296,-3.1,0.0,4.35,1,0.0,0.0,1.0,14599,
11409,447360,-2.8,0.0,5.0,1,0.0,0.0,1.0,14602,
11410,447424,-2.4,0.0,6.25,1,0.0,0.0,1.0,14605,
11411,447424,10.2,1.0,0.0,0,,,1.0,14605,
11412,447488,-1.4,0.0,6.25,1,0.0,0.0,1.0,14610,
11413,447488,-5.0,0.0,0.0,0,,,1.0,14610,
11414,447488,-7.0,0.0,5.88,3,0.0,1.0,1.0,14610,
11415,447488,-2.8,0.0,5.0,1,0.0,0.0,1.0,14610,
11416,447488,-2.4,0.0,6.25,1,0.0,0.0,1.0,14610,
11417,447488,-3.8,0.0,3.33,1,0.0,0.0,1.0,14610,
11418,447488,10.7,1.0,0.0,0,,,1.0,14610,
11419,447552,-3.5,0.0,3.7,1,0.0,0.0,1.0,14614,
11420,447552,-3.1,0.0,4.35,1,0.0,0.0,1.0,14614,
11421,447552,-1.7,0.0,11.11,1,0.0,0.0,1.0,14614,
11422,447680,-2.7,0.0,5.26,1,0.0,0.0,1.0,14620,
11423,447680,-3.9,0.0,3.23,1,0.0,0.0,1.0,14620,
11424,447680,-7.0,0.0,9.52,4,0.0,0.75,1.0,14620,
11425,447680,-5.3,0.0,5.71,2,0.0,0.5,1.0,14620,
11426,447808,11.6,1.0,0.0,0,,,1.0,14626,
11427,447872,-14.0,0.0,19.61,10,0.1,1.0,1.0,14629,
11428,447936,-5.0,0.0,0.0,0,,,1.0,14631,
11429,447936,-5.0,0.0,0.0,0,,,1.0,14631,
11430,448000,-3.2,0.0,8.33,2,0.5,0.5,1.0,14633,
11431,448000,-6.0,0.0,3.92,2,0.0,1.0,1.0,14633,
11432,448064,-5.0,0.0,0.0,0,,,1.0,14635,
11433,448064,-2.1,0.0,4.35,1,0.0,0.0,1.0,14635,
11434,448128,10.2,1.0,11.11,1,0.0,1.0,1.0,14640,
11435,448128,-3.6,0.0,3.57,1,0.0,0.0,1.0,14640,
11436,448128,-1.3,0.0,20.0,1,0.0,0.0,1.0,14640,
11437,448128,-4.1,0.0,3.03,1,0.0,0.0,1.0,14640,
11438,448192,-5.0,0.0,0.0,0,,,1.0,14643,
11439,448192,-4.0,0.0,0.0,0,,,1.0,14643,
11440,448192,-5.1,0.0,17.39,4,0.25,0.75,1.0,14643,
11441,448192,-5.0,0.0,0.0,0,,,1.0,14643,
11442,448192,-2.5,0.0,5.88,1,0.0,0.0,1.0,14643,
11443,448192,-4.2,0.0,2.94,1,0.0,0.0,1.0,14643,
11444,448256,-1.0,0.0,8.33,1,0.0,0.0,1.0,14648,
11445,448256,-2.0,0.0,8.33,1,0.0,0.0,1.0,14648,
11446,448256,-2.9,0.0,9.52,2,0.0,0.5,1.0,14648,
11447,448320,-6.0,0.0,1.96,1,0.0,1.0,1.0,14648,
11448,448384,-9.0,0.0,7.84,4,0.0,1.0,1.0,14652,
11449,448384,-5.0,0.0,0.0,0,,,1.0,14652,
11450,448384,-2.9,0.0,18.18,2,0.0,0.5,1.0,14652,
11451,448384,-2.5,0.0,5.88,1,0.0,0.0,1.0,14652,
11452,448384,-5.0,0.0,0.0,0,,,1.0,14652,
11453,448448,-7.0,0.0,3.92,2,0.0,1.0,1.0,14653,
11454,448448,-4.0,0.0,3.12,1,0.0,0.0,1.0,14653,
11455,448448,11.2,1.0,0.0,0,,,1.0,14653,
11456,448512,-1.6,0.0,5.56,1,0.0,0.0,1.0,14658,
11457,448512,-3.9,0.0,3.23,1,0.0,0.0,1.0,14658,
11458,448512,-4.0,0.0,0.0,0,,,1.0,14658,
11459,448512,9.3,1.0,25.0,2,0.5,1.0,1.0,14658,
11460,448512,-5.0,0.0,0.0,0,,,1.0,14658,
11461,448576,-2.5,0.0,5.88,1,0.0,0.0,1.0,14661,
11462,448576,-2.6,0.0,3.57,1,0.0,0.0,1.0,14661,
11463,448640,-3.0,0.0,4.55,1,0.0,0.0,1.0,14663,
11464,448640,7.2,1.0,15.79,3,0.0,1.0,1.0,14663,
11465,448704,-5.0,0.0,0.0,0,,,1.0,14664,
11466,448704,-5.4,0.0,2.17,1,0.0,0.0,1.0,14664,
11467,448704,10.2,1.0,0.0,0,,,1.0,14664,
11468,448704,11.8,1.0,0.0,0,,,1.0,14664,
11469,448768,-1.7,0.0,11.11,1,0.0,0.0,1.0,14667,
11470,448768,-1.3,0.0,20.0,1,0.0,0.0,1.0,14667,
11471,448832,9.0,1.0,4.76,1,0.0,1.0,1.0,14670,
11472,448960,-5.0,0.0,0.0,0,,,1.0,14672,
11473,448960,-7.0,0.0,5.88,3,0.0,1.0,1.0,14672,
11474,449024,-8.0,0.0,7.84,4,0.0,1.0,1.0,14674,
11475,449024,8.9,1.0,16.67,2,0.0,1.0,1.0,14674,
11476,449088,9.7,1.0,7.14,1,0.0,1.0,1.0,14675,
11477,449152,-1.0,0.0,8.33,1,0.0,0.0,1.0,14677,
11478,449152,-5.0,0.0,2.38,1,0.0,0.0,1.0,14677,
11479,449280,-4.7,0.0,6.9,2,0.0,0.5,1.0,14681,
11480,449280,-1.5,0.0,5.88,1,0.0,0.0,1.0,14681,
11481,449344,-5.7,0.0,10.34,3,0.0,0.6667,1.0,14682,
11482,449408,-2.7,0.0,5.26,1,0.0,0.0,1.0,14685,
11483,449472,-2.1,0.0,4.35,1,0.0,0.0,1.0,14687,
11484,449472,-5.0,0.0,0.0,0,,,1.0,14687,
11485,449472,-4.2,0.0,8.33,2,0.0,0.5,1.0,14687,
11486,449536,-4.0,0.0,0.0,0,,,1.0,14689,
11487,449536,-11.0,0.0,11.76,6,0.0,1.0,1.0,14689,
11488,449536,-1.6,0.0,5.56,1,0.0,0.0,1.0,14689,
11489,449600,-3.8,0.0,3.33,1,0.0,0.0,1.0,14695,
11490,449600,-5.1,0.0,2.33,1,0.0,0.0,1.0,14695,
11491,449600,-5.6,0.0,2.08,1,0.0,0.0,1.0,14695,
11492,449664,-2.5,0.0,5.88,1,0.0,0.0,1.0,14700,
11493,449664,-2.4,0.0,6.25,1,0.0,0.0,1.0,14700,
11494,449664,-7.7,0.0,6.12,3,0.0,0.6667,1.0,14700,
11495,449728,-3.4,0.0,12.5,2,0.0,0.5,1.0,14703,
11496,449728,-4.0,0.0,0.0,0,,,1.0,14703,
11497,449728,-1.7,0.0,5.26,1,0.0,0.0,1.0,14703,
11498,449728,-2.7,0.0,5.26,1,0.0,0.0,1.0,14703,
11499,449792,-2.9,0.0,4.76,1,0.0,0.0,1.0,14705,
11500,449856,-2.2,0.0,7.14,1,0.0,0.0,1.0,14713,
11501,449856,-5.8,0.0,2.0,1,0.0,0.0,1.0,14713,
11502,449856,-2.0,0.0,8.33,1,0.0,0.0,1.0,14713,
11503,449856,-1.7,0.0,5.26,1,0.0,0.0,1.0,14713,
11504,449856,-2.9,0.0,4.76,1,0.0,0.0,1.0,14713,
11505,449984,-4.6,0.0,2.63,1,0.0,0.0,1.0,14720,
11506,449984,-3.6,0.0,3.57,1,0.0,0.0,1.0,14720,
11507,449984,0.5,1.0,34.62,9,0.3333,1.0,1.0,14720,
11508,449984,-5.0,0.0,0.0,0,,,1.0,14720,
11509,450112,11.7,1.0,0.0,0,,,1.0,14723,
11510,450112,-5.6,0.0,4.17,2,0.0,0.5,1.0,14723,
11511,450112,-5.9,0.0,12.9,4,0.0,0.75,1.0,14723,
11512,450112,-3.8,0.0,2.5,1,0.0,0.0,1.0,14723,
11513,450176,-3.0,0.0,4.55,1,0.0,0.0,1.0,14726,
11514,450176,-4.0,0.0,0.0,0,,,1.0,14726,
11515,450304,-3.1,0.0,15.38,2,0.5,0.5,1.0,14729,
11516,450304,3.1,1.0,20.0,6,0.1667,1.0,1.0,14729,
11517,450368,-5.0,0.0,0.0,0,,,1.0,14730,
11518,450368,-1.4,0.0,16.67,1,0.0,0.0,1.0,14730,
11519,450432,10.2,1.0,11.11,1,0.0,1.0,1.0,14732,
11520,450496,-6.0,0.0,1.96,1,0.0,1.0,1.0,14734,
11521,450560,-2.4,0.0,6.25,1,0.0,0.0,1.0,14738,
11522,450560,-4.0,0.0,3.12,1,0.0,0.0,1.0,14738,
11523,450624,-2.5,0.0,5.88,1,0.0,0.0,1.0,14742,
11524,450624,-2.4,0.0,6.25,1,0.0,0.0,1.0,14742,
11525,450624,-4.7,0.0,2.56,1,0.0,0.0,1.0,14742,
11526,450624,-2.2,0.0,7.14,1,0.0,0.0,1.0,14742,
11527,450688,-2.7,0.0,5.26,1,0.0,0.0,1.0,14747,
11528,450688,-4.5,0.0,2.13,1,0.0,0.0,1.0,14747,
11529,450688,-2.3,0.0,6.67,1,0.0,0.0,1.0,14747,
11530,450752,-3.9,0.0,2.44,1,0.0,0.0,1.0,14749,
11531,450752,-3.9,0.0,3.23,1,0.0,0.0,1.0,14749,
11532,450816,9.1,1.0,20.0,2,0.5,1.0,1.0,14750,
11533,450880,4.2,1.0,10.26,4,0.0,1.0,1.0,14751,
11534,450880,-2.7,0.0,5.26,1,0.0,0.0,1.0,14751,
11535,450944,-1.7,0.0,5.26,1,0.0,0.0,1.0,14753,
11536,450944,-2.8,0.0,3.33,1,0.0,0.0,1.0,14753,
11537,450944,-5.0,0.0,0.0,0,,,1.0,14753,
11538,451008,-3.5,0.0,3.7,1,0.0,0.0,1.0,14757,
11539,451008,-2.9,0.0,4.76,1,0.0,0.0,1.0,14757,
11540,451072,10.8,1.0,33.33,1,0.0,1.0,1.0,14758,
11541,451136,-3.3,0.0,4.0,1,0.0,0.0,1.0,14760,
11542,451200,-1.7,0.0,11.11,1,0.0,0.0,1.0,14762,
11543,451200,-6.0,0.0,1.96,1,0.0,1.0,1.0,14762,
11544,451264,-5.0,0.0,2.38,1,0.0,0.0,1.0,14764,
11545,451328,-5.0,0.0,0.0,0,,,1.0,14766,
11546,451328,-1.8,0.0,10.0,1,0.0,0.0,1.0,14766,
11547,451328,-5.0,0.0,0.0,0,,,1.0,14766,
11548,451392,-5.1,0.0,6.06,2,0.0,0.5,1.0,14768,
11549,451392,-5.0,0.0,0.0,0,,,1.0,14768,
11550,451392,-4.6,0.0,2.63,1,0.0,0.0,1.0,14768,
11551,451456,-5.0,0.0,0.0,0,,,1.0,14769,
11552,451520,-5.0,0.0,0.0,0,,,1.0,14772,
11553,451520,-5.0,0.0,1.96,1,0.0,1.0,1.0,14772,
11554,451520,-2.0,0.0,8.33,1,0.0,0.0,1.0,14772,
11555,451520,-3.8,0.0,3.33,1,0.0,0.0,1.0,14772,
11556,451584,-1.8,0.0,10.0,1,0.0,0.0,1.0,14774,
11557,451584,-5.1,0.0,4.65,2,0.0,0.5,1.0,14774,
11558,451648,-2.6,0.0,5.56,1,0.0,0.0,1.0,14776,
11559,451648,-2.5,0.0,5.88,1,0.0,0.0,1.0,14776,
11560,451648,-5.0,0.0,0.0,0,,,1.0,14776,
11561,451712,-2.5,0.0,5.88,1,0.0,0.0,1.0,14778,
11562,451712,9.2,1.0,0.0,0,,,1.0,14778,
11563,451712,-6.9,0.0,3.92,2,0.0,0.5,1.0,14778,
11564,451776,-1.6,0.0,12.5,1,0.0,0.0,1.0,14780,
11565,451840,-2.5,0.0,3.7,1,0.0,0.0,1.0,14784,
11566,451840,-2.9,0.0,3.23,1,0.0,0.0,1.0,14784,
11567,451840,-4.0,0.0,3.12,1,0.0,0.0,1.0,14784,
11568,451968,-5.0,0.0,0.0,0,,,1.0,14789,
11569,451968,-0.4,0.0,16.67,1,0.0,0.0,1.0,14789,
11570,451968,-4.0,0.0,0.0,0,,,1.0,14789,
11571,451968,-5.0,0.0,0.0,0,,,1.0,14789,
11572,452032,-3.5,0.0,3.7,1,0.0,0.0,1.0,14793,
11573,452096,-3.0,0.0,4.55,1,0.0,0.0,1.0,14795,
11574,452160,-2.6,0.0,3.57,1,0.0,0.0,1.0,14799,
11575,452160,-6.0,0.0,12.5,4,0.25,0.75,1.0,14799,
11576,452224,6.9,1.0,33.33,4,0.25,1.0,1.0,14802,
11577,452224,-5.6,0.0,2.08,1,0.0,0.0,1.0,14802,
11578,452288,7.5,1.0,2.78,1,0.0,1.0,1.0,14802,
11579,452288,-5.0,0.0,0.0,0,,,1.0,14802,
11580,452288,10.9,1.0,0.0,0,,,1.0,14802,
11581,452352,-12.5,0.0,17.02,8,0.0,0.875,1.0,14807,
11582,452352,-2.1,0.0,7.69,1,0.0,0.0,1.0,14807,
11583,452352,-5.3,0.0,5.71,2,0.0,0.5,1.0,14807,
11584,452416,-3.4,0.0,3.85,1,0.0,0.0,1.0,14808,
11585,452416,-4.0,0.0,0.0,0,,,1.0,14808,
11586,452480,8.1,1.0,3.33,1,0.0,1.0,1.0,14809,
11587,452544,7.9,1.0,9.09,2,0.0,1.0,1.0,14812,
11588,452608,-2.5,0.0,5.88,1,0.0,0.0,1.0,14815,
11589,452672,-3.0,0.0,3.12,1,0.0,0.0,1.0,14819,
11590,452672,-5.0,0.0,0.0,0,,,1.0,14819,
11591,452736,-3.0,0.0,16.67,2,0.0,0.5,1.0,14820,
11592,452736,-4.0,0.0,0.0,0,,,1.0,14820,
11593,452800,11.4,1.0,0.0,0,,,1.0,14823,
11594,452800,-2.1,0.0,7.69,1,0.0,0.0,1.0,14823,
11595,452800,-6.9,0.0,7.32,3,0.0,0.6667,1.0,14823,
11596,452864,-5.8,0.0,13.33,4,0.0,0.75,1.0,14826,
11597,452864,-2.2,0.0,7.14,1,0.0,0.0,1.0,14826,
11598,452864,-6.0,0.0,3.92,2,0.0,1.0,1.0,14826,
11599,452864,-2.7,0.0,10.53,2,0.0,0.5,1.0,14826,
11600,452928,-3.2,0.0,4.17,1,0.0,0.0,1.0,14828,
11601,452928,-4.0,0.0,0.0,0,,,1.0,14828,
11602,452928,-5.3,0.0,5.71,2,0.0,0.5,1.0,14828,
11603,452992,-5.0,0.0,0.0,0,,,1.0,14829,
11604,453056,10.0,1.0,0.0,0,,,1.0,14830,
11605,453056,-4.2,0.0,2.94,1,0.0,0.0,1.0,14830,
11606,453120,-1.8,0.0,5.0,1,0.0,0.0,1.0,14833,
11607,453120,7.9,1.0,9.09,2,0.0,1.0,1.0,14833,
11608,453120,7.8,1.0,23.08,3,0.0,1.0,1.0,14833,
11609,453120,10.9,1.0,0.0,0,,,1.0,14833,
11610,453120,-6.0,0.0,1.96,1,0.0,1.0,1.0,14833,
11611,453184,-3.7,0.0,3.45,1,0.0,0.0,1.0,14834,
11612,453248,-1.5,0.0,14.29,1,0.0,0.0,1.0,14835,
11613,453248,-6.0,0.0,1.96,1,0.0,1.0,1.0,14835,
11614,453248,-5.0,0.0,0.0,0,,,1.0,14835,
11615,453312,-3.8,0.0,3.33,1,0.0,0.0,1.0,14837,
11616,453312,-1.2,0.0,7.14,1,0.0,0.0,1.0,14837,
11617,453376,-5.0,0.0,0.0,0,,,1.0,14841,
11618,453376,-3.4,0.0,12.5,2,0.0,0.5,1.0,14841,
11619,453376,-1.7,0.0,11.11,1,0.0,0.0,1.0,14841,
11620,453440,-2.7,0.0,5.26,1,0.0,0.0,1.0,14844,
11621,453568,-6.0,0.0,1.96,1,0.0,1.0,1.0,14846,
11622,453568,-2.6,0.0,5.56,1,0.0,0.0,1.0,14846,
11623,453632,-2.9,0.0,4.76,1,0.0,0.0,1.0,14847,
11624,453632,-5.0,0.0,0.0,0,,,1.0,14847,
11625,453696,-3.8,0.0,3.33,1,0.0,0.0,1.0,14849,
11626,453696,-5.0,0.0,0.0,0,,,1.0,14849,
11627,453696,9.4,1.0,0.0,0,,,1.0,14849,
11628,453760,-4.2,0.0,8.33,2,0.0,0.5,1.0,14852,
11629,453760,-2.5,0.0,28.57,2,0.5,0.5,1.0,14852,
11630,453760,-4.0,0.0,3.12,1,0.0,0.0,1.0,14852,
11631,453824,-1.2,0.0,25.0,1,0.0,0.0,1.0,14854,
11632,453824,-5.8,0.0,2.0,1,0.0,0.0,1.0,14854,
11633,453888,-2.3,0.0,6.67,1,0.0,0.0,1.0,14856,
11634,454016,-1.8,0.0,10.0,1,0.0,0.0,1.0,14860,
11635,454016,-2.2,0.0,7.14,1,0.0,0.0,1.0,14860,
11636,454080,-4.0,0.0,0.0,0,,,1.0,14862,
11637,454080,-5.6,0.0,2.08,1,0.0,0.0,1.0,14862,
11638,454080,-2.7,0.0,5.26,1,0.0,0.0,1.0,14862,
11639,454144,-2.6,0.0,11.11,2,0.0,0.5,1.0,14865,
11640,454208,-4.0,0.0,0.0,0,,,1.0,14868,
11641,454208,-2.8,0.0,5.0,1,0.0,0.0,1.0,14868,
11642,454208,-6.5,0.0,8.11,3,0.0,0.6667,1.0,14868,
11643,454272,-4.6,0.0,2.63,1,0.0,0.0,1.0,14874,
11644,454272,-2.0,0.0,4.55,1,0.0,0.0,1.0,14874,
11645,454272,-5.0,0.0,0.0,0,,,1.0,14874,
11646,454336,-5.0,0.0,0.0,0,,,1.0,14875,
11647,454336,-1.7,0.0,11.11,1,0.0,0.0,1.0,14875,
11648,454400,-1.8,0.0,5.0,1,0.0,0.0,1.0,14879,
11649,454400,-3.5,0.0,3.7,1,0.0,0.0,1.0,14879,
11650,454464,-2.3,0.0,40.0,2,0.5,0.5,1.0,14885,
11651,454464,-5.0,0.0,0.0,0,,,1.0,14885,
11652,454464,-6.0,0.0,1.96,1,0.0,1.0,1.0,14885,
11653,454464,-3.2,0.0,4.17,1,0.0,0.0,1.0,14885,
11654,454464,-3.8,0.0,3.33,1,0.0,0.0,1.0,14885,
11655,454528,-3.5,0.0,3.7,1,0.0,0.0,1.0,14889,
11656,454528,-2.0,0.0,16.67,2,0.0,0.5,1.0,14889,
11657,454592,-4.0,0.0,0.0,0,,,1.0,14890,
11658,454592,11.6,1.0,0.0,0,,,1.0,14890,
11659,454592,-5.0,0.0,0.0,0,,,1.0,14890,
11660,454592,-4.6,0.0,2.63,1,0.0,0.0,1.0,14890,
11661,454656,8.8,1.0,15.38,2,0.5,1.0,1.0,14891,
11662,454656,-8.0,0.0,5.88,3,0.0,1.0,1.0,14891,
11663,454720,3.3,1.0,8.33,4,0.25,1.0,1.0,14892,
11664,454784,-3.4,0.0,12.5,2,0.0,0.5,1.0,14894,
11665,454784,-5.0,0.0,1.96,1,0.0,1.0,1.0,14894,
11666,454848,-6.0,0.0,1.96,1,0.0,1.0,1.0,14897,
11667,454848,-4.1,0.0,3.03,1,0.0,0.0,1.0,14897,
11668,454848,8.3,1.0,11.11,2,0.0,1.0,1.0,14897,
11669,454848,-1.6,0.0,5.56,1,0.0,0.0,1.0,14897,
11670,454912,-2.7,0.0,5.26,1,0.0,0.0,1.0,14900,
11671,454912,-4.0,0.0,0.0,0,,,1.0,14900,
11672,454976,-2.2,0.0,7.14,1,0.0,0.0,1.0,14902,
11673,455040,-3.5,0.0,3.7,1,0.0,0.0,1.0,14905,
11674,455040,7.9,1.0,9.09,2,0.0,1.0,1.0,14905,
11675,455040,-2.6,0.0,5.56,1,0.0,0.0,1.0,14905,
11676,455168,-4.6,0.0,2.63,1,0.0,0.0,1.0,14907,
11677,455232,-3.9,0.0,3.23,1,0.0,0.0,1.0,14909,
11678,455232,-4.2,0.0,2.94,1,0.0,0.0,1.0,14909,
11679,455296,-4.0,0.0,0.0,0,,,1.0,14909,
11680,455360,-5.3,0.0,2.22,1,0.0,0.0,1.0,14910,
11681,455360,-5.0,0.0,0.0,0,,,1.0,14910,
11682,455424,-1.5,0.0,5.88,1,0.0,0.0,1.0,14911,
11683,455424,-5.0,0.0,0.0,0,,,1.0,14911,
11684,455488,-2.6,0.0,5.56,1,0.0,0.0,1.0,14912,
11685,455488,10.7,1.0,0.0,0,,,1.0,14912,
11686,455552,-5.0,0.0,0.0,0,,,1.0,14912,
11687,455616,-4.3,0.0,2.86,1,0.0,0.0,1.0,14915,
11688,455616,-2.7,0.0,5.26,1,0.0,0.0,1.0,14915,
11689,455680,9.5,1.0,6.25,1,0.0,1.0,1.0,14916,
11690,455744,-4.9,0.0,2.44,1,0.0,0.0,1.0,14920,
11691,455808,-4.8,0.0,2.0,1,0.0,0.0,1.0,14923,
11692,455936,-2.5,0.0,5.88,1,0.0,0.0,1.0,14925,
11693,455936,-5.0,0.0,0.0,0,,,1.0,14925,
11694,455936,-3.7,0.0,2.56,1,0.0,0.0,1.0,14925,
11695,456000,-4.8,0.0,6.67,2,0.0,0.5,1.0,14928,
11696,456000,8.0,1.0,9.52,2,0.0,1.0,1.0,14928,
11697,456128,-5.0,0.0,0.0,0,,,1.0,14930,
11698,456128,-5.0,0.0,0.0,0,,,1.0,14930,
11699,456256,-1.8,0.0,10.0,1,0.0,0.0,1.0,14933,
11700,456256,-0.8,0.0,10.0,1,0.0,0.0,1.0,14933,
11701,456320,-6.0,0.0,1.96,1,0.0,1.0,1.0,14934,
11702,456384,-4.0,0.0,0.0,0,,,1.0,14937,
11703,456384,9.5,1.0,33.33,2,0.0,1.0,1.0,14937,
11704,456384,-5.8,0.0,10.0,3,0.0,0.6667,1.0,14937,
11705,456384,-5.0,0.0,0.0,0,,,1.0,14937,
11706,456448,-4.0,0.0,0.0,0,,,1.0,14937,
11707,456512,-5.0,0.0,0.0,0,,,1.0,14937,
11708,456512,-5.0,0.0,0.0,0,,,1.0,14937,
11709,456576,9.3,1.0,0.0,0,,,1.0,14940,
11710,456576,9.4,1.0,5.88,1,0.0,1.0,1.0,14940,
11711,456576,-3.6,0.0,3.57,1,0.0,0.0,1.0,14940,
11712,456576,-3.2,0.0,4.17,1,0.0,0.0,1.0,14940,
11713,456640,-4.0,0.0,0.0,0,,,1.0,14941,
11714,456640,-3.3,0.0,2.86,1,0.0,0.0,1.0,14941,
11715,456704,11.6,1.0,0.0,0,,,1.0,14943,
11716,456704,-0.7,0.0,11.11,1,0.0,0.0,1.0,14943,
11717,456768,-2.8,0.0,3.33,1,0.0,0.0,1.0,14946,
11718,456768,8.6,1.0,13.33,2,0.0,1.0,1.0,14946,
11719,456768,-2.4,0.0,6.25,1,0.0,0.0,1.0,14946,
11720,456832,-7.0,0.0,5.88,3,0.0,1.0,1.0,14948,
11721,456832,-5.5,0.0,2.13,1,0.0,0.0,1.0,14948,
11722,456896,-4.0,0.0,0.0,0,,,1.0,14951,
11723,456896,-5.4,0.0,5.56,2,0.0,0.5,1.0,14951,
11724,456896,-4.6,0.0,5.26,2,0.0,0.5,1.0,14951,
11725,456896,-2.7,0.0,3.45,1,0.0,0.0,1.0,14951,
11726,456960,-1.8,0.0,10.0,1,0.0,0.0,1.0,14953,
11727,456960,-4.0,0.0,3.12,1,0.0,0.0,1.0,14953,
11728,457024,-5.8,0.0,5.0,2,0.0,0.5,1.0,14955,
11729,457024,-4.2,0.0,2.94,1,0.0,0.0,1.0,14955,
11730,457088,-1.7,0.0,11.11,1,0.0,0.0,1.0,14957,
11731,457088,-3.3,0.0,4.0,1,0.0,0.0,1.0,14957,
11732,457152,-3.8,0.0,3.33,1,0.0,0.0,1.0,14958,
11733,457216,-2.1,0.0,7.69,1,0.0,0.0,1.0,14962,
11734,457216,-2.8,0.0,5.0,1,0.0,0.0,1.0,14962,
11735,457216,-4.3,0.0,2.86,1,0.0,0.0,1.0,14962,
11736,457280,-4.0,0.0,0.0,0,,,1.0,14964,
11737,457280,-5.0,0.0,0.0,0,,,1.0,14964,
11738,457280,-1.9,0.0,9.09,1,0.0,0.0,1.0,14964,
11739,457344,-1.7,0.0,11.11,1,0.0,0.0,1.0,14967,
11740,457344,-2.3,0.0,6.67,1,0.0,0.0,1.0,14967,
11741,457344,-11.0,0.0,13.73,7,0.0,1.0,1.0,14967,
11742,457408,-1.8,0.0,10.0,1,0.0,0.0,1.0,14970,
11743,457408,10.8,1.0,0.0,0,,,1.0,14970,
11744,457408,-4.0,0.0,3.12,1,0.0,0.0,1.0,14970,
11745,457472,-5.0,0.0,0.0,0,,,1.0,14971,
11746,457472,-2.0,0.0,8.33,1,0.0,0.0,1.0,14971,
11747,457472,-5.0,0.0,0.0,0,,,1.0,14971,
11748,457472,-6.0,0.0,1.96,1,0.0,1.0,1.0,14971,
11749,457536,-5.0,0.0,0.0,0,,,1.0,14976,
11750,457536,-0.7,0.0,11.11,1,0.0,0.0,1.0,14976,
11751,457536,-5.0,0.0,0.0,0,,,1.0,14976,
11752,457536,-6.2,0.0,4.55,2,0.0,0.5,1.0,14976,
11753,457536,-3.2,0.0,4.17,1,0.0,0.0,1.0,14976,
11754,457536,-3.3,0.0,4.0,1,0.0,0.0,1.0,14976,
11755,457600,-1.3,0.0,6.67,1,0.0,0.0,1.0,14979,
11756,457728,-4.7,0.0,2.04,1,0.0,0.0,1.0,14989,
11757,457728,-5.0,0.0,0.0,0,,,1.0,14989,
11758,457728,-6.0,0.0,1.96,1,0.0,1.0,1.0,14989,
11759,457728,10.3,1.0,0.0,0,,,1.0,14989,
11760,457792,-4.0,0.0,0.0,0,,,1.0,14991,
11761,457792,-5.0,0.0,0.0,0,,,1.0,14991,
11762,457856,-5.2,0.0,2.27,1,0.0,0.0,1.0,14997,
11763,457856,-5.0,0.0,0.0,0,,,1.0,14997,
11764,457856,9.3,1.0,5.56,1,0.0,1.0,1.0,14997,
11765,457856,9.8,1.0,7.69,1,1.0,1.0,1.0,14997,
11766,457856,-2.9,0.0,4.76,1,0.0,0.0,1.0,14997,
11767,457856,-1.3,0.0,20.0,1,0.0,0.0,1.0,14997,
11768,457856,-4.4,0.0,2.78,1,0.0,0.0,1.0,14997,
11769,457920,-1.7,0.0,11.11,1,0.0,0.0,1.0,15000,
11770,457920,-1.9,0.0,9.09,1,0.0,0.0,1.0,15000,
11771,457984,-3.2,0.0,8.33,2,0.0,0.5,1.0,15004,
11772,457984,8.1,1.0,30.0,3,0.0,1.0,1.0,15004,
11773,458048,10.2,1.0,11.11,1,0.0,1.0,1.0,15005,
11774,458048,11.3,1.0,0.0,0,,,1.0,15005,
11775,458112,-1.4,0.0,16.67,1,0.0,0.0,1.0,15007,
11776,458112,-1.7,0.0,5.26,1,0.0,0.0,1.0,15007,
11777,458112,-8.0,0.0,5.88,3,0.0,1.0,1.0,15007,
11778,458176,-6.0,0.0,1.96,1,0.0,1.0,1.0,15009,
11779,458176,-2.2,0.0,4.17,1,0.0,0.0,1.0,15009,
11780,458240,-1.9,0.0,9.09,1,0.0,0.0,1.0,15012,
11781,458240,-2.9,0.0,3.23,1,0.0,0.0,1.0,15012,
11782,458304,-2.7,0.0,10.53,2,0.0,0.5,1.0,15016,
11783,458304,9.9,1.0,8.33,1,0.0,1.0,1.0,15016,
11784,458432,-1.7,0.0,11.11,1,0.0,0.0,1.0,15018,
11785,458432,-5.0,0.0,0.0,0,,,1.0,15018,
11786,458496,-5.0,0.0,0.0,0,,,1.0,15018,
11787,458496,6.2,1.0,21.05,4,0.25,1.0,1.0,15018,
11788,458560,-2.5,0.0,5.88,1,0.0,0.0,1.0,15021,
11789,458560,-4.0,0.0,0.0,0,,,1.0,15021,
11790,458560,10.9,1.0,0.0,0,,,1.0,15021,
11791,458624,-2.0,0.0,4.55,1,0.0,0.0,1.0,15023,
11792,458624,-4.0,0.0,0.0,0,,,1.0,15023,
11793,458688,-2.5,0.0,3.7,1,0.0,0.0,1.0,15029,
11794,458688,-2.7,0.0,5.26,1,0.0,0.0,1.0,15029,
11795,458688,-3.3,0.0,8.0,2,0.0,0.5,1.0,15029,
11796,458688,-7.0,0.0,3.92,2,0.0,1.0,1.0,15029,
11797,458688,-1.2,0.0,25.0,1,0.0,0.0,1.0,15029,
11798,458688,-5.0,0.0,0.0,0,,,1.0,15029,
11799,458752,-2.0,0.0,8.33,1,0.0,0.0,1.0,15034,
11800,458816,8.2,1.0,10.53,2,0.5,1.0,1.0,15035,
11801,458880,3.1,1.0,8.0,4,0.0,1.0,1.0,15036,
11802,459008,-2.3,0.0,6.67,1,0.0,0.0,1.0,15039,
11803,459072,-1.7,0.0,5.26,1,0.0,0.0,1.0,15042,
11804,459072,10.2,1.0,0.0,0,,,1.0,15042,
11805,459200,-5.0,0.0,1.96,1,1.0,1.0,1.0,15044,
11806,459264,-2.3,0.0,6.67,1,0.0,0.0,1.0,15047,
11807,459328,6.5,1.0,5.56,2,0.0,1.0,1.0,15052,
11808,459328,10.0,1.0,9.09,1,1.0,1.0,1.0,15052,
11809,459328,-2.1,0.0,4.35,1,0.0,0.0,1.0,15052,
11810,459328,-3.6,0.0,3.57,1,0.0,0.0,1.0,15052,
11811,459392,-5.0,0.0,0.0,0,,,1.0,15054,
11812,459392,-2.0,0.0,4.55,1,0.0,0.0,1.0,15054,
11813,459456,-1.5,0.0,14.29,1,0.0,0.0,1.0,15057,
11814,459456,-2.0,0.0,8.33,1,0.0,0.0,1.0,15057,
11815,459520,-3.4,0.0,3.85,1,0.0,0.0,1.0,15063,
11816,459520,-3.3,0.0,8.0,2,0.0,0.5,1.0,15063,
11817,459520,-4.1,0.0,3.03,1,0.0,0.0,1.0,15063,
11818,459520,-5.0,0.0,1.96,1,0.0,1.0,1.0,15063,
11819,459520,-3.0,0.0,4.55,1,0.0,0.0,1.0,15063,
11820,459584,-5.2,0.0,2.27,1,0.0,0.0,1.0,15065,
11821,459584,-4.0,0.0,2.38,1,0.0,0.0,1.0,15065,
11822,459648,-3.3,0.0,2.86,1,0.0,0.0,1.0,15069,
11823,459648,-6.0,0.0,1.96,1,0.0,1.0,1.0,15069,
11824,459712,-4.3,0.0,2.86,1,0.0,0.0,1.0,15075,
11825,459712,-2.7,0.0,5.26,1,0.0,0.0,1.0,15075,
11826,459712,-2.1,0.0,4.35,1,0.0,0.0,1.0,15075,
11827,459776,-4.5,0.0,2.7,1,0.0,0.0,1.0,15080,
11828,459776,-4.0,0.0,3.12,1,0.0,0.0,1.0,15080,
11829,459840,-6.0,0.0,3.92,2,0.0,1.0,1.0,15083,
11830,459840,-2.6,0.0,5.56,1,0.0,0.0,1.0,15083,
11831,459904,-1.7,0.0,5.26,1,0.0,0.0,1.0,15087,
11832,459904,-2.7,0.0,5.26,1,0.0,0.0,1.0,15087,
11833,459904,1.1,1.0,45.0,9,0.1111,1.0,1.0,15087,
11834,459968,-1.5,0.0,14.29,1,0.0,0.0,1.0,15090,
11835,459968,-4.0,0.0,3.12,1,0.0,0.0,1.0,15090,
11836,459968,-3.6,0.0,3.57,1,0.0,0.0,1.0,15090,
11837,460032,-5.5,0.0,11.11,3,0.0,0.6667,1.0,15094,
11838,460032,-5.3,0.0,2.22,1,0.0,0.0,1.0,15094,
11839,460096,-7.0,0.0,5.88,3,0.0,1.0,1.0,15095,
11840,460096,-5.0,0.0,0.0,0,,,1.0,15095,
11841,460160,-10.0,0.0,11.76,6,0.0,1.0,1.0,15099,
11842,460160,-5.0,0.0,0.0,0,,,1.0,15099,
11843,460160,8.1,1.0,30.0,3,0.0,1.0,1.0,15099,
11844,460160,-4.0,0.0,3.12,1,0.0,0.0,1.0,15099,
11845,460224,11.5,1.0,0.0,0,,,1.0,15102,
11846,460224,-3.5,0.0,2.7,1,0.0,0.0,1.0,15102,
11847,460224,-2.2,0.0,7.14,1,0.0,0.0,1.0,15102,
11848,460288,10.7,1.0,0.0,0,,,1.0,15105,
11849,460288,-4.6,0.0,7.14,2,0.5,0.5,1.0,15105,
11850,460288,-4.2,0.0,2.94,1,0.0,0.0,1.0,15105,
11851,460352,-4.1,0.0,8.7,2,0.0,0.5,1.0,15107,
11852,460352,-1.5,0.0,14.29,1,0.0,0.0,1.0,15107,
11853,460416,10.3,1.0,12.5,1,1.0,1.0,1.0,15109,
11854,460480,-6.0,0.0,1.96,1,0.0,1.0,1.0,15109,
11855,460544,-10.0,0.0,11.76,6,0.0,1.0,1.0,15109,
11856,460544,-5.0,0.0,0.0,0,,,1.0,15109,
11857,460608,-7.0,0.0,5.88,3,0.0,1.0,1.0,15110,
11858,460608,-2.5,0.0,5.88,1,0.0,0.0,1.0,15110,
11859,460672,-2.2,0.0,7.14,1,0.0,0.0,1.0,15113,
11860,460672,-4.1,0.0,8.7,2,0.0,0.5,1.0,15113,
11861,460736,-1.7,0.0,11.11,1,0.0,0.0,1.0,15114,
11862,460800,-5.0,0.0,1.96,1,0.0,1.0,1.0,15115,
11863,460800,-3.9,0.0,2.44,1,0.0,0.0,1.0,15115,
11864,460864,-1.7,0.0,5.26,1,0.0,0.0,1.0,15118,
11865,460864,-2.9,0.0,4.76,1,0.0,0.0,1.0,15118,
11866,460928,-4.5,0.0,2.7,1,0.0,0.0,1.0,15119,
11867,460992,-5.0,0.0,0.0,0,,,1.0,15121,
11868,460992,-2.0,0.0,8.33,1,0.0,0.0,1.0,15121,
11869,460992,-7.0,0.0,3.92,2,0.0,1.0,1.0,15121,
11870,460992,-3.8,0.0,3.33,1,0.0,0.0,1.0,15121,
11871,461056,-4.9,0.0,6.45,2,0.0,0.5,1.0,15123,
11872,461056,-5.0,0.0,0.0,0,,,1.0,15123,
11873,461120,9.6,1.0,6.67,1,0.0,1.0,1.0,15124,
11874,461120,-7.0,0.0,3.92,2,0.0,1.0,1.0,15124,
11875,461184,11.4,1.0,0.0,0,,,1.0,15124,
11876,461312,-4.0,0.0,0.0,0,,,1.0,15125,
11877,461312,-3.6,0.0,3.57,1,0.0,0.0,1.0,15125,
11878,461376,-5.0,0.0,9.38,3,0.0,0.6667,1.0,15128,
11879,461376,-2.9,0.0,4.76,1,0.0,0.0,1.0,15128,
11880,461376,-2.8,0.0,5.0,1,0.0,0.0,1.0,15128,
11881,461440,-3.7,0.0,3.45,1,0.0,0.0,1.0,15130,
11882,461440,-2.5,0.0,5.88,1,0.0,0.0,1.0,15130,
11883,461504,-5.0,0.0,0.0,0,,,1.0,15130,
11884,461568,-2.5,0.0,5.88,1,0.0,0.0,1.0,15132,
11885,461568,10.4,1.0,14.29,1,1.0,1.0,1.0,15132,
11886,461632,-5.4,0.0,4.35,2,0.0,0.5,1.0,15136,
11887,461632,-2.8,0.0,5.0,1,0.0,0.0,1.0,15136,
11888,461632,-1.3,0.0,20.0,1,0.0,0.0,1.0,15136,
11889,461696,-5.0,0.0,0.0,0,,,1.0,15140,
11890,461696,-4.1,0.0,3.03,1,0.0,0.0,1.0,15140,
11891,461696,-2.1,0.0,4.35,1,0.0,0.0,1.0,15140,
11892,461760,-3.7,0.0,3.45,1,0.0,0.0,1.0,15141,
11893,461824,-4.0,0.0,0.0,0,,,1.0,15143,
11894,461824,-7.0,0.0,3.92,2,0.0,1.0,1.0,15143,
11895,461952,-2.6,0.0,5.56,1,0.0,0.0,1.0,15147,
11896,461952,-5.0,0.0,0.0,0,,,1.0,15147,
11897,461952,-3.4,0.0,3.85,1,0.0,0.0,1.0,15147,
11898,462016,-5.0,0.0,0.0,0,,,1.0,15149,
11899,462080,-6.0,0.0,1.96,1,0.0,1.0,1.0,15151,
11900,462080,-3.2,0.0,4.17,1,0.0,0.0,1.0,15151,
11901,462272,-3.4,0.0,3.85,1,0.0,0.0,1.0,15154,
11902,462272,-1.8,0.0,5.0,1,0.0,0.0,1.0,15154,
11903,462336,-1.9,0.0,9.09,1,0.0,0.0,1.0,15155,
11904,462528,-4.8,0.0,2.5,1,0.0,0.0,1.0,15157,
11905,462528,-5.0,0.0,0.0,0,,,1.0,15157,
11906,462528,9.7,1.0,0.0,0,,,1.0,15157,
11907,462592,-5.0,0.0,0.0,0,,,1.0,15160,
11908,462592,-5.0,0.0,0.0,0,,,1.0,15160,
11909,462592,-5.4,0.0,2.17,1,0.0,0.0,1.0,15160,
11910,462592,-5.7,0.0,2.04,1,0.0,0.0,1.0,15160,
11911,462592,-3.9,0.0,3.23,1,0.0,0.0,1.0,15160,
11912,462656,-5.0,0.0,0.0,0,,,1.0,15161,
11913,462720,-6.9,0.0,9.76,4,0.0,0.75,1.0,15163,
11914,462720,-5.0,0.0,0.0,0,,,1.0,15163,
11915,462848,-3.1,0.0,4.35,1,0.0,0.0,1.0,15166,
11916,462912,-3.7,0.0,10.53,2,0.0,0.5,1.0,15168,
11917,462976,-4.2,0.0,2.94,1,0.0,0.0,1.0,15171,
11918,462976,-5.0,0.0,0.0,0,,,1.0,15171,
11919,462976,-4.0,0.0,9.09,2,0.0,0.5,1.0,15171,
11920,462976,-5.0,0.0,0.0,0,,,1.0,15171,
11921,462976,-5.0,0.0,0.0,0,,,1.0,15171,
11922,463040,-5.9,0.0,1.96,1,0.0,0.0,1.0,15176,
11923,463040,7.9,1.0,9.09,2,0.5,1.0,1.0,15176,
11924,463040,-1.9,0.0,9.09,1,0.0,0.0,1.0,15176,
11925,463104,-5.0,0.0,0.0,0,,,1.0,15179,
11926,463104,11.3,1.0,0.0,0,,,1.0,15179,
11927,463168,-4.2,0.0,2.94,1,0.0,0.0,1.0,15183,
11928,463168,-5.4,0.0,2.17,1,0.0,0.0,1.0,15183,
11929,463232,-7.0,0.0,3.92,2,0.0,1.0,1.0,15185,
11930,463232,-5.0,0.0,0.0,0,,,1.0,15185,
11931,463232,-2.7,0.0,5.26,1,0.0,0.0,1.0,15185,
11932,463296,-5.0,0.0,0.0,0,,,1.0,15187,
11933,463360,-5.8,0.0,2.0,1,0.0,0.0,1.0,15193,
11934,463360,-4.6,0.0,5.26,2,0.0,0.5,1.0,15193,
11935,463360,-4.2,0.0,2.94,1,0.0,0.0,1.0,15193,
11936,463424,-3.1,0.0,4.35,1,0.0,0.0,1.0,15196,
11937,463424,-5.0,0.0,0.0,0,,,1.0,15196,
11938,463488,-2.3,0.0,6.67,1,0.0,0.0,1.0,15198,
11939,463552,8.0,1.0,3.23,1,0.0,1.0,1.0,15204,
11940,463552,-1.3,0.0,6.67,1,0.0,0.0,1.0,15204,
11941,463552,-8.0,0.0,7.84,4,0.0,1.0,1.0,15204,
11942,463552,-5.9,0.0,3.92,2,0.0,0.5,1.0,15204,
11943,463552,-1.6,0.0,12.5,1,0.0,0.0,1.0,15204,
11944,463616,-4.3,0.0,2.86,1,0.0,0.0,1.0,15207,
11945,463616,10.7,1.0,25.0,1,0.0,1.0,1.0,15207,
11946,463680,11.0,1.0,0.0,0,,,1.0,15209,
11947,463680,-4.0,0.0,0.0,0,,,1.0,15209,
11948,463744,-3.1,0.0,4.35,1,0.0,0.0,1.0,15215,
11949,463744,-5.6,0.0,2.08,1,0.0,0.0,1.0,15215,
11950,463744,-3.0,0.0,3.12,1,0.0,0.0,1.0,15215,
11951,463744,-4.5,0.0,2.7,1,0.0,0.0,1.0,15215,
11952,463808,-4.1,0.0,3.03,1,0.0,0.0,1.0,15217,
11953,463808,-7.0,0.0,5.88,3,0.0,1.0,1.0,15217,
11954,463808,-1.4,0.0,16.67,1,0.0,0.0,1.0,15217,
11955,463872,-1.8,0.0,5.0,1,0.0,0.0,1.0,15222,
11956,463872,-1.9,0.0,9.09,1,0.0,0.0,1.0,15222,
11957,463936,-1.7,0.0,11.11,1,0.0,0.0,1.0,15225,
11958,463936,-1.6,0.0,12.5,1,0.0,0.0,1.0,15225,
11959,463936,9.6,1.0,6.67,1,1.0,1.0,1.0,15225,
11960,463936,-6.0,0.0,1.96,1,0.0,1.0,1.0,15225,
11961,464000,11.6,1.0,0.0,0,,,1.0,15226,
11962,464128,-6.7,0.0,7.69,3,0.0,0.6667,1.0,15233,
11963,464128,-5.0,0.0,1.96,1,0.0,1.0,1.0,15233,
11964,464128,-6.0,0.0,1.96,1,0.0,1.0,1.0,15233,
11965,464128,-5.6,0.0,2.08,1,0.0,0.0,1.0,15233,
11966,464192,-2.7,0.0,5.26,1,0.0,0.0,1.0,15239,
11967,464192,-5.1,0.0,6.06,2,0.0,0.5,1.0,15239,
11968,464192,-2.4,0.0,6.25,1,0.0,0.0,1.0,15239,
11969,464192,-4.3,0.0,2.22,1,0.0,0.0,1.0,15239,
11970,464256,-5.0,0.0,0.0,0,,,1.0,15241,
11971,464320,-2.6,0.0,3.57,1,0.0,0.0,1.0,15244,
11972,464320,-6.0,0.0,3.92,2,0.0,1.0,1.0,15244,
11973,464320,-1.9,0.0,4.76,1,0.0,0.0,1.0,15244,
11974,464384,-1.0,0.0,8.33,1,0.0,0.0,1.0,15245,
11975,464384,-5.0,0.0,0.0,0,,,1.0,15245,
11976,464448,9.0,1.0,18.18,2,0.0,1.0,1.0,15247,
11977,464448,-2.9,0.0,4.76,1,0.0,0.0,1.0,15247,
11978,464512,-3.7,0.0,3.45,1,0.0,0.0,1.0,15251,
11979,464512,-2.1,0.0,7.69,1,0.0,0.0,1.0,15251,
11980,464512,-2.3,0.0,6.67,1,0.0,0.0,1.0,15251,
11981,464576,-3.7,0.0,3.45,1,0.0,0.0,1.0,15255,
11982,464576,-3.1,0.0,4.35,1,0.0,0.0,1.0,15255,
11983,464704,-4.0,0.0,0.0,0,,,1.0,15258,
11984,464704,-3.1,0.0,4.35,1,0.0,0.0,1.0,15258,
11985,464704,-7.0,0.0,5.88,3,0.0,1.0,1.0,15258,
11986,464768,-4.0,0.0,0.0,0,,,1.0,15259,
11987,464832,-0.9,0.0,9.09,1,0.0,0.0,1.0,15266,
11988,464832,-1.8,0.0,5.0,1,0.0,0.0,1.0,15266,
11989,464832,-1.3,0.0,20.0,1,0.0,0.0,1.0,15266,
11990,464832,-1.9,0.0,9.09,1,0.0,0.0,1.0,15266,
11991,464960,-3.3,0.0,4.0,1,0.0,0.0,1.0,15271,
11992,464960,-2.8,0.0,20.0,2,0.0,0.5,1.0,15271,
11993,465024,-12.0,0.0,15.69,8,0.125,1.0,1.0,15272,
11994,465088,-5.0,0.0,0.0,0,,,1.0,15274,
11995,465088,-6.0,0.0,1.96,1,0.0,1.0,1.0,15274,
11996,465088,10.5,1.0,16.67,1,0.0,1.0,1.0,15274,
11997,465152,-1.9,0.0,9.09,1,0.0,0.0,1.0,15280,
11998,465152,-2.0,0.0,8.33,1,0.0,0.0,1.0,15280,
11999,465152,4.0,1.0,28.57,6,0.3333,1.0,1.0,15280,
12000,465216,-5.0,0.0,0.0,0,,,1.0,15280,
12001,465216,-5.0,0.0,0.0,0,,,1.0,15280,
12002,465280,11.4,1.0,0.0,0,,,1.0,15283,
12003,465280,7.4,1.0,17.65,3,0.0,1.0,1.0,15283,
12004,465280,-3.1,0.0,4.35,1,0.0,0.0,1.0,15283,
12005,465344,-3.3,0.0,4.0,1,0.0,0.0,1.0,15286,
12006,465344,-5.9,0.0,1.96,1,0.0,0.0,1.0,15286,
12007,465344,-3.7,0.0,10.53,2,0.0,0.5,1.0,15286,
12008,465408,-6.6,0.0,7.89,3,0.3333,0.6667,1.0,15288,
12009,465472,10.3,1.0,12.5,1,0.0,1.0,1.0,15289,
12010,465536,6.0,1.0,19.05,4,0.0,1.0,1.0,15293,
12011,465536,-4.3,0.0,2.86,1,0.0,0.0,1.0,15293,
12012,465536,-1.5,0.0,14.29,1,0.0,0.0,1.0,15293,
12013,465536,-5.0,0.0,0.0,0,,,1.0,15293,
12014,465664,-0.4,0.0,16.67,1,0.0,0.0,1.0,15299,
12015,465728,-1.4,0.0,6.25,1,0.0,0.0,1.0,15302,
12016,465728,-2.6,0.0,3.57,1,0.0,0.0,1.0,15302,
12017,465792,-4.3,0.0,2.86,1,0.0,0.0,1.0,15305,
12018,465792,-11.0,0.0,13.73,7,0.0,1.0,1.0,15305,
12019,465792,-3.8,0.0,3.33,1,0.0,0.0,1.0,15305,
12020,465856,-6.0,0.0,3.92,2,0.0,1.0,1.0,15309,
12021,465856,-3.5,0.0,3.7,1,0.0,0.0,1.0,15309,
12022,465856,-5.0,0.0,0.0,0,,,1.0,15309,
12023,465920,-5.6,0.0,2.08,1,0.0,0.0,1.0,15313,
12024,465920,-5.3,0.0,2.22,1,0.0,0.0,1.0,15313,
12025,465920,-1.4,0.0,16.67,1,0.0,0.0,1.0,15313,
12026,465984,-0.5,0.0,14.29,1,0.0,0.0,1.0,15317,
12027,465984,-5.9,0.0,1.96,1,0.0,0.0,1.0,15317,
12028,466048,-2.8,0.0,5.0,1,0.0,0.0,1.0,15318,
12029,466176,-16.0,0.0,23.53,12,0.0,1.0,1.0,15324,
12030,466176,-2.3,0.0,6.67,1,0.0,0.0,1.0,15324,
12031,466176,-3.6,0.0,3.57,1,0.0,0.0,1.0,15324,
12032,466240,10.6,1.0,20.0,1,1.0,1.0,1.0,15324,
12033,466304,-4.5,0.0,2.7,1,0.0,0.0,1.0,15330,
12034,466304,-3.0,0.0,3.12,1,0.0,0.0,1.0,15330,
12035,466304,-6.0,0.0,1.96,1,0.0,1.0,1.0,15330,
12036,466368,-1.8,0.0,10.0,1,0.0,0.0,1.0,15333,
12037,466432,-3.3,0.0,4.0,1,0.0,0.0,1.0,15340,
12038,466432,3.6,1.0,8.89,4,0.0,1.0,1.0,15340,
12039,466432,-1.8,0.0,10.0,1,0.0,0.0,1.0,15340,
12040,466432,-2.1,0.0,4.35,1,0.0,0.0,1.0,15340,
12041,466432,-3.0,0.0,4.55,1,0.0,0.0,1.0,15340,
12042,466496,-8.0,0.0,7.84,4,0.0,1.0,1.0,15343,
12043,466496,-7.0,0.0,3.92,2,0.0,1.0,1.0,15343,
12044,466496,-3.8,0.0,3.33,1,0.0,0.0,1.0,15343,
12045,466496,-2.4,0.0,6.25,1,0.0,0.0,1.0,15343,
12046,466560,-5.2,0.0,2.27,1,0.0,0.0,1.0,15346,
12047,466624,-2.9,0.0,9.52,2,0.0,0.5,1.0,15348,
12048,466688,-4.2,0.0,2.94,1,0.0,0.0,1.0,15350,
12049,466688,-1.0,0.0,8.33,1,0.0,0.0,1.0,15350,
12050,466752,-4.0,0.0,0.0,0,,,1.0,15352,
12051,466752,-3.8,0.0,2.5,1,0.0,0.0,1.0,15352,
12052,466816,-5.0,0.0,0.0,0,,,1.0,15355,
12053,466816,-3.0,0.0,4.55,1,0.0,0.0,1.0,15355,
12054,466816,-3.5,0.0,3.7,1,0.0,0.0,1.0,15355,
12055,466880,-3.4,0.0,7.69,2,0.0,0.5,1.0,15361,
12056,466880,-4.0,0.0,0.0,0,,,1.0,15361,
12057,466880,-4.5,0.0,7.41,2,0.5,0.5,1.0,15361,
12058,466880,-1.5,0.0,14.29,1,0.0,0.0,1.0,15361,
12059,466944,-3.6,0.0,11.11,2,0.0,0.5,1.0,15364,
12060,466944,-0.5,0.0,14.29,1,0.0,0.0,1.0,15364,
12061,466944,-0.5,0.0,14.29,1,0.0,0.0,1.0,15364,
12062,467008,-4.2,0.0,2.94,1,0.0,0.0,1.0,15366,
12063,467008,-5.0,0.0,0.0,0,,,1.0,15366,
12064,467072,7.4,1.0,2.7,1,0.0,1.0,1.0,15370,
12065,467072,-1.8,0.0,20.0,2,0.0,0.5,1.0,15370,
12066,467072,-5.9,0.0,1.96,1,0.0,0.0,1.0,15370,
12067,467136,-5.0,0.0,0.0,0,,,1.0,15373,
12068,467136,-2.1,0.0,7.69,1,0.0,0.0,1.0,15373,
12069,467136,-2.7,0.0,5.26,1,0.0,0.0,1.0,15373,
12070,467136,11.7,1.0,0.0,0,,,1.0,15373,
12071,467200,-2.7,0.0,5.26,1,0.0,0.0,1.0,15377,
12072,467200,-1.4,0.0,16.67,1,0.0,0.0,1.0,15377,
12073,467200,-5.0,0.0,0.0,0,,,1.0,15377,
12074,467200,-7.0,0.0,5.88,3,0.0,1.0,1.0,15377,
12075,467264,-10.0,0.0,11.76,6,0.0,1.0,1.0,15379,
12076,467264,-5.9,0.0,9.68,3,0.3333,0.6667,1.0,15379,
12077,467456,-8.0,0.0,5.88,3,0.0,1.0,1.0,15383,
12078,467520,-2.9,0.0,4.76,1,0.0,0.0,1.0,15388,
12079,467584,-2.6,0.0,5.56,1,0.0,0.0,1.0,15391,
12080,467584,-5.0,0.0,0.0,0,,,1.0,15391,
12081,467584,-2.8,0.0,5.0,1,0.0,0.0,1.0,15391,
12082,467584,-5.0,0.0,0.0,0,,,1.0,15391,
12083,467648,-3.1,0.0,4.35,1,0.0,0.0,1.0,15396,
12084,467648,-4.7,0.0,2.04,1,0.0,0.0,1.0,15396,
12085,467648,-3.7,0.0,3.45,1,0.0,0.0,1.0,15396,
12086,467648,-1.7,0.0,11.11,1,0.0,0.0,1.0,15396,
12087,467712,8.0,1.0,9.52,2,0.0,1.0,1.0,15404,
12088,467712,-4.0,0.0,3.12,1,0.0,0.0,1.0,15404,
12089,467712,-2.5,0.0,5.88,1,0.0,0.0,1.0,15404,
12090,467712,-6.0,0.0,1.96,1,0.0,1.0,1.0,15404,
12091,467840,-5.0,0.0,0.0,0,,,1.0,15408,
12092,467904,-3.0,0.0,4.55,1,0.0,0.0,1.0,15410,
12093,468032,0.7,1.0,23.53,8,0.125,1.0,1.0,15417,
12094,468032,-1.5,0.0,5.88,1,0.0,0.0,1.0,15417,
12095,468032,-2.7,0.0,5.26,1,0.0,0.0,1.0,15417,
12096,468096,-5.0,0.0,0.0,0,,,1.0,15418,
12097,468160,-0.8,0.0,10.0,1,0.0,0.0,1.0,15421,
12098,468160,-3.9,0.0,9.52,2,0.0,0.5,1.0,15421,
12099,468160,7.9,1.0,9.09,2,0.5,1.0,1.0,15421,
12100,468224,-3.9,0.0,9.52,2,0.0,0.5,1.0,15423,
12101,468224,-2.0,0.0,8.33,1,0.0,0.0,1.0,15423,
12102,468288,-4.1,0.0,2.33,1,0.0,0.0,1.0,15426,
12103,468288,-1.7,0.0,11.11,1,0.0,0.0,1.0,15426,
12104,468352,-4.1,0.0,3.03,1,0.0,0.0,1.0,15431,
12105,468352,-1.9,0.0,9.09,1,0.0,0.0,1.0,15431,
12106,468352,-3.7,0.0,2.56,1,0.0,0.0,1.0,15431,
12107,468352,-5.2,0.0,2.27,1,0.0,0.0,1.0,15431,
12108,468352,-6.0,0.0,3.92,2,0.0,1.0,1.0,15431,
12109,468352,-3.8,0.0,3.33,1,0.0,0.0,1.0,15431,
12110,468416,-5.0,0.0,0.0,0,,,1.0,15433,
12111,468416,-1.9,0.0,9.09,1,0.0,0.0,1.0,15433,
12112,468416,-5.0,0.0,1.96,1,0.0,1.0,1.0,15433,
12113,468544,4.0,1.0,28.57,6,0.1667,1.0,1.0,15439,
12114,468544,-3.1,0.0,4.35,1,0.0,0.0,1.0,15439,
12115,468608,-5.0,0.0,0.0,0,,,1.0,15444,
12116,468608,-1.5,0.0,14.29,1,0.0,0.0,1.0,15444,
12117,468608,-3.4,0.0,3.85,1,0.0,0.0,1.0,15444,
12118,468608,-6.0,0.0,1.96,1,0.0,1.0,1.0,15444,
12119,468608,-7.9,0.0,12.2,5,0.2,0.8,1.0,15444,
12120,468608,-5.0,0.0,0.0,0,,,1.0,15444,
12121,468608,10.3,1.0,12.5,1,1.0,1.0,1.0,15444,
12122,468672,-2.1,0.0,7.69,1,0.0,0.0,1.0,15448,
12123,468672,-4.5,0.0,5.41,2,0.0,0.5,1.0,15448,
12124,468672,-5.6,0.0,10.71,3,0.0,0.6667,1.0,15448,
12125,468672,-2.1,0.0,4.35,1,0.0,0.0,1.0,15448,
12126,468736,9.5,1.0,0.0,0,,,1.0,15450,
12127,468800,9.7,1.0,0.0,0,,,1.0,15453,
12128,468800,-3.1,0.0,3.03,1,0.0,0.0,1.0,15453,
12129,468864,-2.1,0.0,7.69,1,0.0,0.0,1.0,15456,
12130,468928,-3.9,0.0,3.23,1,0.0,0.0,1.0,15458,
12131,468928,-2.9,0.0,4.76,1,0.0,0.0,1.0,15458,
12132,468992,-11.0,0.0,13.73,7,0.0,1.0,1.0,15460,
12133,469056,-4.5,0.0,2.7,1,0.0,0.0,1.0,15461,
12134,469120,-5.0,0.0,0.0,0,,,1.0,15463,
12135,469120,-4.5,0.0,2.7,1,0.0,0.0,1.0,15463,
12136,469184,-1.6,0.0,12.5,1,0.0,0.0,1.0,15468,
12137,469184,-2.1,0.0,7.69,1,0.0,0.0,1.0,15468,
12138,469184,-1.2,0.0,7.14,1,0.0,0.0,1.0,15468,
12139,469312,-2.8,0.0,5.0,1,0.0,0.0,1.0,15472,
12140,469312,-5.0,0.0,0.0,0,,,1.0,15472,
12141,469312,-2.3,0.0,6.67,1,0.0,0.0,1.0,15472,
12142,469440,-13.0,0.0,15.69,8,0.125,1.0,1.0,15479,
12143,469440,-2.6,0.0,3.57,1,0.0,0.0,1.0,15479,
12144,469440,-5.4,0.0,5.56,2,0.0,0.5,1.0,15479,
12145,469568,-3.9,0.0,3.23,1,0.0,0.0,1.0,15485,
12146,469568,-6.7,0.0,4.08,2,0.0,0.5,1.0,15485,
12147,469568,-3.9,0.0,3.23,1,0.0,0.0,1.0,15485,
12148,469632,-5.1,0.0,2.33,1,0.0,0.0,1.0,15490,
12149,469632,11.1,1.0,0.0,0,,,1.0,15490,
12150,469696,-2.8,0.0,5.0,1,0.0,0.0,1.0,15496,
12151,469696,-2.3,0.0,6.67,1,0.0,0.0,1.0,15496,
12152,469696,9.5,1.0,6.25,1,0.0,1.0,1.0,15496,
12153,469760,-5.0,0.0,0.0,0,,,1.0,15497,
12154,469760,-6.9,0.0,7.32,3,0.0,0.6667,1.0,15497,
12155,469824,-0.6,0.0,12.5,1,0.0,0.0,1.0,15501,
12156,469824,-5.0,0.0,0.0,0,,,1.0,15501,
12157,469824,-6.0,0.0,4.76,2,0.5,0.5,1.0,15501,
12158,469824,10.7,1.0,0.0,0,,,1.0,15501,
12159,469888,-0.9,0.0,9.09,1,0.0,0.0,1.0,15505,
12160,469888,-3.8,0.0,15.0,3,0.0,0.6667,1.0,15505,
12161,469952,-3.5,0.0,3.7,1,0.0,0.0,1.0,15511,
12162,469952,-2.8,0.0,5.0,1,0.0,0.0,1.0,15511,
12163,470080,-3.8,0.0,40.0,4,0.0,0.75,1.0,15517,
12164,470080,10.7,1.0,0.0,0,,,1.0,15517,
12165,470144,8.0,1.0,9.52,2,0.0,1.0,1.0,15519,
12166,470272,-8.0,0.0,7.84,4,0.0,1.0,1.0,15521,
12167,470272,-5.0,0.0,0.0,0,,,1.0,15521,
12168,470272,-1.9,0.0,9.09,1,0.0,0.0,1.0,15521,
12169,470336,-0.3,1.0,26.47,9,0.0,1.0,1.0,15523,
12170,470336,-4.6,0.0,2.63,1,0.0,0.0,1.0,15523,
12171,470400,-5.0,0.0,0.0,0,,,1.0,15524,
12172,470464,-1.6,0.0,5.56,1,0.0,0.0,1.0,15528,
12173,470464,-5.0,0.0,0.0,0,,,1.0,15528,
12174,470464,10.9,1.0,0.0,0,,,1.0,15528,
12175,470464,-3.7,0.0,3.45,1,0.0,0.0,1.0,15528,
12176,470464,-6.0,0.0,1.96,1,0.0,1.0,1.0,15528,
12177,470528,-1.2,0.0,7.14,1,0.0,0.0,1.0,15531,
12178,470528,-5.0,0.0,0.0,0,,,1.0,15531,
12179,470528,-3.8,0.0,3.33,1,0.0,0.0,1.0,15531,
12180,470592,-2.6,0.0,3.57,1,0.0,0.0,1.0,15533,
12181,470656,-1.9,0.0,9.09,1,0.0,0.0,1.0,15535,
12182,470720,-2.8,0.0,5.0,1,0.0,0.0,1.0,15539,
12183,470720,-3.5,0.0,17.65,3,0.3333,0.6667,1.0,15539,
12184,470784,-3.4,0.0,3.85,1,0.0,0.0,1.0,15542,
12185,470784,-3.2,0.0,2.94,1,0.0,0.0,1.0,15542,
12186,470848,-1.4,0.0,16.67,1,0.0,0.0,1.0,15548,
12187,470848,-2.7,0.0,22.22,2,0.5,0.5,1.0,15548,
12188,470848,-4.9,0.0,1.96,1,0.0,0.0,1.0,15548,
12189,470848,-1.6,0.0,12.5,1,0.0,0.0,1.0,15548,
12190,470912,-5.0,0.0,0.0,0,,,1.0,15553,
12191,470912,-4.7,0.0,2.56,1,0.0,0.0,1.0,15553,
12192,470912,-5.4,0.0,8.33,3,0.0,0.6667,1.0,15553,
12193,470912,-6.0,0.0,1.96,1,0.0,1.0,1.0,15553,
12194,470976,-8.0,0.0,7.84,4,0.0,1.0,1.0,15557,
12195,470976,9.7,1.0,0.0,0,,,1.0,15557,
12196,470976,-11.0,0.0,13.73,7,0.0,1.0,1.0,15557,
12197,470976,-4.0,0.0,9.09,2,0.0,0.5,1.0,15557,
12198,471040,6.1,1.0,20.0,4,0.0,1.0,1.0,15563,
12199,471040,-5.0,0.0,2.38,1,0.0,0.0,1.0,15563,
12200,471104,-4.8,0.0,2.5,1,0.0,0.0,1.0,15565,
12201,471168,-4.3,0.0,2.22,1,0.0,0.0,1.0,15567,
12202,471232,-2.8,0.0,5.0,1,0.0,0.0,1.0,15574,
12203,471232,-2.3,0.0,6.67,1,0.0,0.0,1.0,15574,
12204,471232,-1.9,0.0,9.09,1,0.0,0.0,1.0,15574,
12205,471296,-4.0,0.0,0.0,0,,,1.0,15576,
12206,471360,-1.8,0.0,10.0,1,0.0,0.0,1.0,15577,
12207,471360,7.5,1.0,7.69,2,0.0,1.0,1.0,15577,
12208,471424,-5.0,0.0,0.0,0,,,1.0,15579,
12209,471424,-4.3,0.0,5.71,2,0.0,0.5,1.0,15579,
12210,471424,-1.5,0.0,14.29,1,0.0,0.0,1.0,15579,
12211,471488,-2.4,0.0,6.25,1,0.0,0.0,1.0,15580,
12212,471488,-4.0,0.0,0.0,0,,,1.0,15580,
12213,471616,-6.0,0.0,1.96,1,0.0,1.0,1.0,15582,
12214,471616,-7.0,0.0,3.92,2,0.0,1.0,1.0,15582,
12215,471616,-4.0,0.0,0.0,0,,,1.0,15582,
12216,471680,-2.6,0.0,5.56,1,0.0,0.0,1.0,15585,
12217,471680,-5.0,0.0,0.0,0,,,1.0,15585,
12218,471680,-3.7,0.0,3.45,1,0.0,0.0,1.0,15585,
12219,471680,10.0,1.0,0.0,0,,,1.0,15585,
12220,471744,-4.2,0.0,2.94,1,0.0,0.0,1.0,15588,
12221,471744,-3.8,0.0,3.33,1,0.0,0.0,1.0,15588,
12222,471808,11.2,1.0,0.0,0,,,1.0,15590,
12223,471808,-5.0,0.0,0.0,0,,,1.0,15590,
12224,471808,-3.0,0.0,4.55,1,0.0,0.0,1.0,15590,
12225,471872,-4.5,0.0,17.65,3,0.3333,0.6667,1.0,15593,
12226,471872,-5.0,0.0,0.0,0,,,1.0,15593,
12227,471872,-5.0,0.0,0.0,0,,,1.0,15593,
12228,471872,-2.8,0.0,5.0,1,0.0,0.0,1.0,15593,
12229,471872,11.1,1.0,0.0,0,,,1.0,15593,
12230,471936,-1.6,0.0,12.5,1,0.0,0.0,1.0,15596,
12231,471936,-10.0,0.0,9.8,5,0.0,1.0,1.0,15596,
12232,471936,-5.2,0.0,2.27,1,0.0,0.0,1.0,15596,
12233,471936,-4.7,0.0,6.9,2,0.0,0.5,1.0,15596,
12234,472000,-2.4,0.0,12.5,2,0.0,0.5,1.0,15600,
12235,472000,-8.1,0.0,18.18,6,0.0,0.8333,1.0,15600,
12236,472000,-4.6,0.0,16.67,3,0.0,0.6667,1.0,15600,
12237,472128,5.3,1.0,4.17,2,0.0,1.0,1.0,15602,
12238,472128,-4.0,0.0,0.0,0,,,1.0,15602,
12239,472192,-5.0,0.0,0.0,0,,,1.0,15603,
12240,472192,-2.7,0.0,5.26,1,0.0,0.0,1.0,15603,
12241,472256,-1.7,0.0,5.26,1,0.0,0.0,1.0,15607,
12242,472320,-1.6,0.0,12.5,1,0.0,0.0,1.0,15611,
12243,472320,-1.4,0.0,16.67,1,0.0,0.0,1.0,15611,
12244,472320,-4.3,0.0,2.86,1,0.0,0.0,1.0,15611,
12245,472384,-5.0,0.0,2.38,1,0.0,0.0,1.0,15614,
12246,472448,-2.3,0.0,40.0,2,0.5,0.5,1.0,15615,
12247,472448,10.9,1.0,0.0,0,,,1.0,15615,
12248,472512,-3.4,0.0,3.85,1,0.0,0.0,1.0,15621,
12249,472512,-3.1,0.0,15.38,2,0.0,0.5,1.0,15621,
12250,472512,-2.2,0.0,7.14,1,0.0,0.0,1.0,15621,
12251,472512,-3.9,0.0,6.45,2,0.0,0.5,1.0,15621,
12252,472576,-3.4,0.0,3.85,1,0.0,0.0,1.0,15624,
12253,472576,-2.3,0.0,6.67,1,0.0,0.0,1.0,15624,
12254,472576,-7.0,0.0,5.88,3,0.3333,1.0,1.0,15624,
12255,472704,-1.9,0.0,9.09,1,0.0,0.0,1.0,15625,
12256,472768,-3.4,0.0,3.85,1,0.0,0.0,1.0,15628,
12257,472768,-1.8,0.0,10.0,1,0.0,0.0,1.0,15628,
12258,472768,-2.1,0.0,7.69,1,0.0,0.0,1.0,15628,
12259,472832,-3.8,0.0,3.33,1,0.0,0.0,1.0,15633,
12260,472832,-3.0,0.0,4.55,1,0.0,0.0,1.0,15633,
12261,472832,-4.1,0.0,3.03,1,0.0,0.0,1.0,15633,
12262,472832,9.6,1.0,6.67,1,0.0,1.0,1.0,15633,
12263,472960,-4.0,0.0,3.12,1,0.0,0.0,1.0,15640,
12264,472960,-0.5,0.0,14.29,1,0.0,0.0,1.0,15640,
12265,472960,-1.9,0.0,9.09,1,0.0,0.0,1.0,15640,
12266,472960,-7.7,0.0,10.26,4,0.0,0.75,1.0,15640,
12267,472960,-3.8,0.0,3.33,1,0.0,0.0,1.0,15640,
12268,473024,-5.9,0.0,1.96,1,0.0,0.0,1.0,15644,
12269,473024,-3.5,0.0,3.7,1,0.0,0.0,1.0,15644,
12270,473024,11.4,1.0,0.0,0,,,1.0,15644,
12271,473088,1.5,1.0,13.04,6,0.0,1.0,1.0,15646,
12272,473088,-5.0,0.0,0.0,0,,,1.0,15646,
12273,473088,-7.0,0.0,3.92,2,0.0,1.0,1.0,15646,
12274,473088,-2.0,0.0,8.33,1,0.0,0.0,1.0,15646,
12275,473088,-3.3,0.0,2.86,1,0.0,0.0,1.0,15646,
12276,473152,-5.0,0.0,0.0,0,,,1.0,15650,
12277,473152,-3.4,0.0,3.85,1,0.0,0.0,1.0,15650,
12278,473152,-3.8,0.0,3.33,1,0.0,0.0,1.0,15650,
12279,473152,-3.4,0.0,3.85,1,0.0,0.0,1.0,15650,
12280,473216,-2.8,0.0,5.0,1,0.0,0.0,1.0,15653,
12281,473216,-0.4,0.0,16.67,1,0.0,0.0,1.0,15653,
12282,473344,-7.3,0.0,8.89,4,0.0,0.75,1.0,15658,
12283,473344,-2.5,0.0,3.7,1,0.0,0.0,1.0,15658,
12284,473408,-3.2,0.0,4.17,1,0.0,0.0,1.0,15663,
12285,473408,-3.2,0.0,4.17,1,0.0,0.0,1.0,15663,
12286,473408,7.9,1.0,9.09,2,0.0,1.0,1.0,15663,
12287,473408,-2.3,0.0,4.0,1,0.0,0.0,1.0,15663,
12288,473472,9.7,1.0,7.14,1,0.0,1.0,1.0,15664,
12289,473536,-2.4,0.0,3.85,1,0.0,0.0,1.0,15667,
12290,473536,-4.0,0.0,0.0,0,,,1.0,15667,
12291,473536,-5.1,0.0,2.33,1,0.0,0.0,1.0,15667,
12292,473600,-3.3,0.0,2.86,1,0.0,0.0,1.0,15668,
12293,473728,-10.0,0.0,9.8,5,0.0,1.0,1.0,15670,
12294,473728,-2.3,0.0,6.67,1,0.0,0.0,1.0,15670,
12295,473792,-4.3,0.0,2.22,1,0.0,0.0,1.0,15672,
12296,473792,-1.9,0.0,9.09,1,0.0,0.0,1.0,15672,
12297,473856,-1.3,0.0,20.0,1,0.0,0.0,1.0,15679,
12298,473856,-4.0,0.0,6.25,2,0.0,0.5,1.0,15679,
12299,473856,-1.6,0.0,12.5,1,0.0,0.0,1.0,15679,
12300,473856,-2.8,0.0,5.0,1,0.0,0.0,1.0,15679,
12301,473856,-3.4,0.0,3.85,1,0.0,0.0,1.0,15679,
12302,473920,-3.5,0.0,3.7,1,0.0,0.0,1.0,15680,
12303,473920,-4.0,0.0,0.0,0,,,1.0,15680,
12304,473984,-3.3,0.0,2.86,1,0.0,0.0,1.0,15684,
12305,473984,-2.7,0.0,5.26,1,0.0,0.0,1.0,15684,
12306,474048,-2.7,0.0,10.53,2,0.0,0.5,1.0,15687,
12307,474112,-2.5,0.0,5.88,1,0.0,0.0,1.0,15690,
12308,474112,-4.0,0.0,0.0,0,,,1.0,15690,
12309,474112,7.6,1.0,8.0,2,0.5,1.0,1.0,15690,
12310,474176,-1.1,0.0,7.69,1,0.0,0.0,1.0,15693,
12311,474240,-2.5,0.0,5.88,1,0.0,0.0,1.0,15696,
12312,474240,-5.0,0.0,0.0,0,,,1.0,15696,
12313,474304,-1.0,0.0,8.33,1,0.0,0.0,1.0,15699,
12314,474368,-3.3,0.0,4.0,1,0.0,0.0,1.0,15700,
12315,474432,-5.0,0.0,0.0,0,,,1.0,15701,
12316,474496,-0.4,0.0,16.67,1,0.0,0.0,1.0,15705,
12317,474496,-5.2,0.0,2.27,1,0.0,0.0,1.0,15705,
12318,474496,6.1,1.0,20.0,4,0.0,1.0,1.0,15705,
12319,474560,-3.5,0.0,3.7,1,0.0,0.0,1.0,15709,
12320,474560,-5.0,0.0,2.38,1,0.0,0.0,1.0,15709,
12321,474624,-5.0,0.0,0.0,0,,,1.0,15711,
12322,474624,-2.7,0.0,10.53,2,0.0,0.5,1.0,15711,
12323,474688,10.8,1.0,0.0,0,,,1.0,15713,
12324,474688,-6.0,0.0,3.92,2,0.0,1.0,1.0,15713,
12325,474688,10.8,1.0,0.0,0,,,1.0,15713,
12326,474816,-2.8,0.0,5.0,1,0.0,0.0,1.0,15714,
12327,474944,-6.0,0.0,1.96,1,0.0,1.0,1.0,15719,
12328,474944,-2.0,0.0,8.33,1,0.0,0.0,1.0,15719,
12329,475008,-4.0,0.0,0.0,0,,,1.0,15721,
12330,475008,-2.8,0.0,5.0,1,0.0,0.0,1.0,15721,
12331,475008,11.4,1.0,0.0,0,,,1.0,15721,
12332,475072,-4.4,0.0,7.69,2,0.0,0.5,1.0,15725,
12333,475072,-4.1,0.0,3.03,1,0.0,0.0,1.0,15725,
12334,475136,-3.9,0.0,3.23,1,0.0,0.0,1.0,15729,
12335,475136,-3.2,0.0,4.17,1,0.0,0.0,1.0,15729,
12336,475200,-5.3,0.0,5.71,2,0.0,0.5,1.0,15736,
12337,475200,-3.0,1.0,19.61,10,0.1,1.0,1.0,15736,
12338,475200,-2.5,0.0,5.88,1,0.0,0.0,1.0,15736,
12339,475200,7.0,1.0,14.29,3,0.0,1.0,1.0,15736,
12340,475264,-6.0,0.0,1.96,1,0.0,1.0,1.0,15737,
12341,475328,-2.7,0.0,5.26,1,0.0,0.0,1.0,15739,
12342,475328,3.2,1.0,20.69,6,0.0,1.0,1.0,15739,
12343,475392,-5.6,0.0,2.08,1,0.0,0.0,1.0,15746,
12344,475392,-5.6,0.0,2.08,1,0.0,0.0,1.0,15746,
12345,475392,-4.6,0.0,2.63,1,0.0,0.0,1.0,15746,
12346,475392,-4.6,0.0,2.63,1,0.0,0.0,1.0,15746,
12347,475520,-2.6,0.0,25.0,2,0.0,0.5,1.0,15750,
12348,475520,-3.6,0.0,3.57,1,0.0,0.0,1.0,15750,
12349,475584,-1.2,0.0,25.0,1,0.0,0.0,1.0,15754,
12350,475648,-5.0,0.0,0.0,0,,,1.0,15756,
12351,475648,-9.7,0.0,17.95,7,0.0,0.8571,1.0,15756,
12352,475648,-4.2,0.0,2.27,1,0.0,0.0,1.0,15756,
12353,475712,-6.7,0.0,7.69,3,0.0,0.6667,1.0,15760,
12354,475712,-4.4,0.0,2.78,1,0.0,0.0,1.0,15760,
12355,475712,-5.0,0.0,0.0,0,,,1.0,15760,
12356,475712,-1.6,0.0,12.5,1,0.0,0.0,1.0,15760,
12357,475712,-5.0,0.0,0.0,0,,,1.0,15760,
12358,475776,-5.0,0.0,0.0,0,,,1.0,15761,
12359,475776,-5.0,0.0,0.0,0,,,1.0,15761,
12360,475840,-1.8,0.0,10.0,1,0.0,0.0,1.0,15764,
12361,475840,-2.4,0.0,6.25,1,0.0,0.0,1.0,15764,
12362,475904,-1.1,0.0,7.69,1,0.0,0.0,1.0,15771,
12363,475904,7.9,1.0,9.09,2,0.0,1.0,1.0,15771,
12364,475904,-1.6,0.0,12.5,1,0.0,0.0,1.0,15771,
12365,475904,-3.1,0.0,3.03,1,0.0,0.0,1.0,15771,
12366,475968,-9.3,0.0,11.11,5,0.0,0.8,1.0,15773,
12367,475968,-5.0,0.0,0.0,0,,,1.0,15773,
12368,476096,-1.4,0.0,16.67,1,0.0,0.0,1.0,15776,
12369,476160,-3.2,0.0,4.17,1,0.0,0.0,1.0,15779,
12370,476224,-4.9,0.0,9.68,3,0.0,0.6667,1.0,15781,
12371,476224,-5.0,0.0,0.0,0,,,1.0,15781,
12372,476288,-5.0,0.0,0.0,0,,,1.0,15783,
12373,476288,-6.8,0.0,4.0,2,0.0,0.5,1.0,15783,
12374,476288,-5.0,0.0,0.0,0,,,1.0,15783,
12375,476288,-1.4,0.0,16.67,1,0.0,0.0,1.0,15783,
12376,476352,-3.7,0.0,3.45,1,0.0,0.0,1.0,15785,
12377,476352,-4.0,0.0,0.0,0,,,1.0,15785,
12378,476352,-5.0,0.0,0.0,0,,,1.0,15785,
12379,476416,-5.0,0.0,0.0,0,,,1.0,15788,
12380,476416,-1.9,0.0,9.09,1,0.0,0.0,1.0,15788,
12381,476480,-1.9,0.0,9.09,1,0.0,0.0,1.0,15791,
12382,476480,-3.9,0.0,3.23,1,0.0,0.0,1.0,15791,
12383,476544,-1.9,0.0,4.76,1,0.0,0.0,1.0,15794,
12384,476544,6.0,1.0,4.88,2,0.0,1.0,1.0,15794,
12385,476544,-2.9,0.0,4.76,1,0.0,0.0,1.0,15794,
12386,476672,-1.0,0.0,8.33,1,0.0,0.0,1.0,15796,
12387,476672,-5.0,0.0,0.0,0,,,1.0,15796,
12388,476800,-3.8,0.0,2.5,1,0.0,0.0,1.0,15804,
12389,476800,-3.6,0.0,11.11,2,0.0,0.5,1.0,15804,
12390,476800,-2.3,0.0,6.67,1,0.0,0.0,1.0,15804,
12391,476800,-1.4,0.0,6.25,1,0.0,0.0,1.0,15804,
12392,476800,-3.6,0.0,3.57,1,0.0,0.0,1.0,15804,
12393,476864,-3.1,0.0,4.35,1,0.0,0.0,1.0,15809,
12394,476864,-4.7,0.0,2.56,1,0.0,0.0,1.0,15809,
12395,476864,-2.6,0.0,5.56,1,0.0,0.0,1.0,15809,
12396,476864,-4.8,0.0,6.67,2,0.0,0.5,1.0,15809,
12397,476928,-1.8,0.0,10.0,1,0.0,0.0,1.0,15812,
12398,476992,-5.9,0.0,19.05,4,0.0,0.75,1.0,15814,
12399,477056,8.9,1.0,16.67,2,1.0,1.0,1.0,15817,
12400,477056,-3.8,0.0,3.33,1,0.0,0.0,1.0,15817,
12401,477056,-8.0,0.0,7.84,4,0.0,1.0,1.0,15817,
12402,477056,-2.2,0.0,4.17,1,0.0,0.0,1.0,15817,
12403,477120,-6.0,0.0,3.92,2,0.0,1.0,1.0,15821,
12404,477120,-4.6,0.0,2.63,1,0.0,0.0,1.0,15821,
12405,477120,-2.0,0.0,8.33,1,0.0,0.0,1.0,15821,
12406,477120,-4.0,0.0,0.0,0,,,1.0,15821,
12407,477184,-5.0,0.0,0.0,0,,,1.0,15825,
12408,477184,10.6,1.0,20.0,1,1.0,1.0,1.0,15825,
12409,477248,-5.0,0.0,0.0,0,,,1.0,15830,
12410,477248,-6.2,0.0,6.82,3,0.0,0.6667,1.0,15830,
12411,477248,-5.0,0.0,0.0,0,,,1.0,15830,
12412,477312,-2.8,0.0,3.33,1,0.0,0.0,1.0,15835,
12413,477312,-5.0,0.0,0.0,0,,,1.0,15835,
12414,477376,7.2,1.0,44.44,4,0.5,1.0,1.0,15837,
12415,477376,-1.2,0.0,25.0,1,0.0,0.0,1.0,15837,
12416,477440,0.6,1.0,15.56,7,0.1429,1.0,1.0,15840,
12417,477440,-1.8,0.0,10.0,1,0.0,0.0,1.0,15840,
12418,477568,-5.0,0.0,0.0,0,,,1.0,15844,
12419,477632,-1.9,0.0,9.09,1,0.0,0.0,1.0,15850,
12420,477632,-3.2,0.0,4.17,1,0.0,0.0,1.0,15850,
12421,477632,-2.5,0.0,5.88,1,0.0,0.0,1.0,15850,
12422,477632,-5.1,0.0,6.06,2,0.0,0.5,1.0,15850,
12423,477696,-1.2,0.0,7.14,1,0.0,0.0,1.0,15854,
12424,477696,-4.1,0.0,3.03,1,0.0,0.0,1.0,15854,
12425,477760,3.1,1.0,35.0,7,0.1429,1.0,1.0,15859,
12426,477824,-1.6,0.0,12.5,1,0.0,0.0,1.0,15863,
12427,477824,-4.8,0.0,6.67,2,0.0,0.5,1.0,15863,
12428,477888,-4.2,0.0,2.94,1,0.0,0.0,1.0,15866,
12429,477888,-5.0,0.0,0.0,0,,,1.0,15866,
12430,477952,-12.0,0.0,15.69,8,0.0,1.0,1.0,15867,
12431,477952,-3.5,0.0,3.7,1,0.0,0.0,1.0,15867,
12432,477952,-4.0,0.0,0.0,0,,,1.0,15867,
12433,478016,-2.2,0.0,4.17,1,0.0,0.0,1.0,15869,
12434,478080,-2.4,0.0,6.25,1,0.0,0.0,1.0,15872,
12435,478080,10.9,1.0,0.0,0,,,1.0,15872,
12436,478144,-3.6,0.0,3.57,1,0.0,0.0,1.0,15876,
12437,478144,-5.1,0.0,2.33,1,0.0,0.0,1.0,15876,
12438,478208,-4.0,0.0,0.0,0,,,1.0,15878,
12439,478208,-4.5,0.0,2.7,1,0.0,0.0,1.0,15878,
12440,478272,-2.5,0.0,5.88,1,0.0,0.0,1.0,15880,
12441,478272,-5.0,0.0,0.0,0,,,1.0,15880,
12442,478336,-4.2,0.0,8.33,2,0.0,0.5,1.0,15883,
12443,478336,-1.7,0.0,5.26,1,0.0,0.0,1.0,15883,
12444,478336,-5.0,0.0,0.0,0,,,1.0,15883,
12445,478400,-6.0,0.0,1.96,1,0.0,1.0,1.0,15887,
12446,478400,-3.2,0.0,2.94,1,0.0,0.0,1.0,15887,
12447,478400,-1.0,0.0,8.33,1,0.0,0.0,1.0,15887,
12448,478400,-5.5,0.0,14.81,4,0.0,0.75,1.0,15887,
12449,478464,1.6,1.0,32.0,8,0.125,1.0,1.0,15890,
12450,478528,-5.0,0.0,0.0,0,,,1.0,15895,
12451,478528,-3.8,0.0,15.0,3,0.0,0.6667,1.0,15895,
12452,478528,-1.8,0.0,10.0,1,0.0,0.0,1.0,15895,
12453,478592,10.7,1.0,25.0,1,1.0,1.0,1.0,15898,
12454,478592,-5.0,0.0,0.0,0,,,1.0,15898,
12455,478592,-4.6,0.0,7.14,2,0.0,0.5,1.0,15898,
12456,478592,8.9,1.0,16.67,2,1.0,1.0,1.0,15898,
12457,478656,11.6,1.0,0.0,0,,,1.0,15900,
12458,478720,-2.5,0.0,5.88,1,0.0,0.0,1.0,15903,
12459,478784,-3.7,0.0,2.56,1,0.0,0.0,1.0,15907,
12460,478784,-6.2,0.0,4.55,2,0.0,0.5,1.0,15907,
12461,478848,-4.8,0.0,2.5,1,0.0,0.0,1.0,15911,
12462,478848,-3.0,0.0,9.09,2,0.0,0.5,1.0,15911,
12463,478912,-5.0,0.0,0.0,0,,,1.0,15914,
12464,478912,-5.8,0.0,2.0,1,0.0,0.0,1.0,15914,
12465,478976,-2.8,0.0,3.33,1,0.0,0.0,1.0,15917,
12466,478976,-4.1,0.0,3.03,1,0.0,0.0,1.0,15917,
12467,479040,-2.9,0.0,4.76,1,0.0,0.0,1.0,15919,
12468,479104,-1.5,0.0,5.88,1,0.0,0.0,1.0,15925,
12469,479104,-1.6,0.0,25.0,2,0.0,0.5,1.0,15925,
12470,479104,-2.4,0.0,6.25,1,0.0,0.0,1.0,15925,
12471,479104,4.2,1.0,17.24,5,0.2,1.0,1.0,15925,
12472,479104,-2.2,0.0,7.14,1,0.0,0.0,1.0,15925,
12473,479168,-7.1,0.0,12.12,4,0.25,0.75,1.0,15928,
12474,479168,-3.4,0.0,12.5,2,0.0,0.5,1.0,15928,
12475,479168,-13.0,0.0,17.65,9,0.0,1.0,1.0,15928,
12476,479168,-3.3,0.0,4.0,1,0.0,0.0,1.0,15928,
12477,479232,-1.9,0.0,4.76,1,0.0,0.0,1.0,15932,
12478,479232,-5.0,0.0,0.0,0,,,1.0,15932,
12479,479232,-3.7,0.0,3.45,1,0.0,0.0,1.0,15932,
12480,479232,-2.1,0.0,7.69,1,0.0,0.0,1.0,15932,
12481,479232,-2.9,0.0,3.23,1,0.0,0.0,1.0,15932,
12482,479296,-4.8,0.0,6.67,2,0.5,0.5,1.0,15937,
12483,479296,-5.3,0.0,2.22,1,0.0,0.0,1.0,15937,
12484,479296,-1.0,0.0,8.33,1,0.0,0.0,1.0,15937,
12485,479296,-5.7,0.0,2.04,1,0.0,0.0,1.0,15937,
12486,479296,-3.7,0.0,10.53,2,0.0,0.5,1.0,15937,
12487,479360,-5.3,0.0,5.71,2,0.0,0.5,1.0,15942,
12488,479360,-2.2,0.0,7.14,1,0.0,0.0,1.0,15942,
12489,479360,-0.9,0.0,9.09,1,0.0,0.0,1.0,15942,
12490,479424,-1.7,0.0,11.11,1,0.0,0.0,1.0,15943,
12491,479552,7.1,1.0,6.67,2,0.0,1.0,1.0,15950,
12492,479552,-5.0,0.0,2.38,1,0.0,0.0,1.0,15950,
12493,479552,-2.3,0.0,6.67,1,0.0,0.0,1.0,15950,
12494,479552,-2.1,0.0,7.69,1,0.0,0.0,1.0,15950,
12495,479616,-1.5,0.0,5.88,1,0.0,0.0,1.0,15952,
12496,479616,-5.0,0.0,0.0,0,,,1.0,15952,
12497,479680,-1.3,0.0,20.0,1,0.0,0.0,1.0,15956,
12498,479680,-2.2,0.0,7.14,1,0.0,0.0,1.0,15956,
12499,479680,-5.0,0.0,0.0,0,,,1.0,15956,
12500,479744,9.6,1.0,6.67,1,0.0,1.0,1.0,15958,
12501,479744,-5.0,0.0,2.38,1,0.0,0.0,1.0,15958,
12502,479744,-2.2,0.0,7.14,1,0.0,0.0,1.0,15958,
12503,479808,6.8,1.0,6.06,2,0.0,1.0,1.0,15959,
12504,479808,-5.0,0.0,0.0,0,,,1.0,15959,
12505,479808,-5.0,0.0,0.0,0,,,1.0,15959,
12506,479872,-1.2,0.0,7.14,1,0.0,0.0,1.0,15960,
12507,479936,-3.4,0.0,7.69,2,0.0,0.5,1.0,15963,
12508,479936,-5.0,0.0,0.0,0,,,1.0,15963,
12509,479936,-0.8,0.0,10.0,1,0.0,0.0,1.0,15963,
12510,480000,-4.0,0.0,6.25,2,0.0,0.5,1.0,15965,
12511,480064,-1.1,0.0,7.69,1,0.0,0.0,1.0,15969,
12512,480064,-4.6,0.0,2.63,1,0.0,0.0,1.0,15969,
12513,480064,-1.9,0.0,18.18,2,0.5,0.5,1.0,15969,
12514,480128,-1.4,0.0,6.25,1,0.0,0.0,1.0,15972,
12515,480128,7.7,1.0,21.43,3,0.0,1.0,1.0,15972,
12516,480128,-2.5,0.0,3.7,1,0.0,0.0,1.0,15972,
12517,480192,-2.8,0.0,3.33,1,0.0,0.0,1.0,15974,
12518,480256,-1.3,0.0,20.0,1,0.0,0.0,1.0,15978,
12519,480256,-2.8,0.0,5.0,1,0.0,0.0,1.0,15978,
12520,480256,-5.0,0.0,0.0,0,,,1.0,15978,
12521,480320,-4.5,0.0,2.7,1,0.0,0.0,1.0,15983,
12522,480320,-1.7,0.0,5.26,1,0.0,0.0,1.0,15983,
12523,480320,-2.8,0.0,20.0,2,0.5,0.5,1.0,15983,
12524,480384,-6.0,0.0,3.92,2,0.0,1.0,1.0,15984,
12525,480384,-1.6,0.0,5.56,1,0.0,0.0,1.0,15984,
12526,480448,-5.0,0.0,1.96,1,0.0,1.0,1.0,15986,
12527,480512,-3.3,0.0,20.0,3,0.3333,0.6667,1.0,15988,
12528,480512,10.6,1.0,0.0,0,,,1.0,15988,
12529,480576,-2.8,0.0,5.0,1,0.0,0.0,1.0,15992,
12530,480576,-1.9,0.0,9.09,1,0.0,0.0,1.0,15992,
12531,480576,-2.6,0.0,25.0,2,0.5,0.5,1.0,15992,
12532,480640,-2.9,0.0,4.76,1,0.0,0.0,1.0,15994,
12533,480640,-4.0,0.0,6.25,2,0.0,0.5,1.0,15994,
12534,480704,-3.3,0.0,4.0,1,0.0,0.0,1.0,15997,
12535,480704,-5.0,0.0,0.0,0,,,1.0,15997,
12536,480896,-1.3,0.0,20.0,1,0.0,0.0,1.0,16002,
12537,480896,-2.8,0.0,5.0,1,0.0,0.0,1.0,16002,
12538,480896,5.4,1.0,14.81,4,0.25,1.0,1.0,16002,
12539,480896,-1.7,0.0,5.26,1,0.0,0.0,1.0,16002,
12540,480960,-4.0,0.0,9.09,2,0.0,0.5,1.0,16005,
12541,480960,-1.4,0.0,16.67,1,0.0,0.0,1.0,16005,
12542,480960,-4.9,0.0,2.44,1,0.0,0.0,1.0,16005,
12543,481024,-5.0,0.0,0.0,0,,,1.0,16007,
12544,481024,-2.5,0.0,11.76,2,0.0,0.5,1.0,16007,
12545,481024,-3.5,0.0,3.7,1,0.0,0.0,1.0,16007,
12546,481088,-2.6,0.0,5.56,1,0.0,0.0,1.0,16011,
12547,481088,10.8,1.0,0.0,0,,,1.0,16011,
12548,481088,-5.0,0.0,2.38,1,0.0,0.0,1.0,16011,
12549,481088,-1.9,0.0,4.76,1,0.0,0.0,1.0,16011,
12550,481088,-4.7,0.0,2.56,1,0.0,0.0,1.0,16011,
12551,481088,-5.0,0.0,0.0,0,,,1.0,16011,
12552,481152,-3.0,0.0,4.55,1,0.0,0.0,1.0,16014,
12553,481216,-5.0,0.0,2.38,1,0.0,0.0,1.0,16017,
12554,481216,-3.1,0.0,15.38,2,0.5,0.5,1.0,16017,
12555,481216,-3.3,0.0,4.0,1,0.0,0.0,1.0,16017,
12556,481216,-5.0,0.0,0.0,0,,,1.0,16017,
12557,481280,-4.7,0.0,2.04,1,0.0,0.0,1.0,16019,
12558,481344,-1.9,0.0,9.09,1,0.0,0.0,1.0,16023,
12559,481344,-4.2,0.0,2.94,1,0.0,0.0,1.0,16023,
12560,481344,-4.3,0.0,2.86,1,0.0,0.0,1.0,16023,
12561,481408,-4.7,0.0,2.56,1,0.0,0.0,1.0,16027,
12562,481472,-4.0,0.0,3.12,1,0.0,0.0,1.0,16030,
12563,481472,-8.0,0.0,7.84,4,0.0,1.0,1.0,16030,
12564,481536,-2.3,0.0,40.0,2,0.5,0.5,1.0,16032,
12565,481600,-2.9,0.0,18.18,2,0.0,0.5,1.0,16035,
12566,481600,-4.5,0.0,2.7,1,0.0,0.0,1.0,16035,
12567,481600,-1.8,0.0,10.0,1,0.0,0.0,1.0,16035,
12568,481664,-5.0,0.0,1.96,1,0.0,1.0,1.0,16037,
12569,481664,8.3,1.0,0.0,0,,,1.0,16037,
12570,481664,-2.7,0.0,3.45,1,0.0,0.0,1.0,16037,
12571,481728,-2.4,0.0,6.25,1,0.0,0.0,1.0,16041,
12572,481792,-1.9,0.0,9.09,1,0.0,0.0,1.0,16048,
12573,481792,-3.3,0.0,4.0,1,0.0,0.0,1.0,16048,
12574,481792,-2.9,0.0,4.76,1,0.0,0.0,1.0,16048,
12575,481792,-3.1,0.0,4.35,1,0.0,0.0,1.0,16048,
12576,481792,-4.1,0.0,6.06,2,0.0,0.5,1.0,16048,
12577,481792,-1.5,0.0,14.29,1,0.0,0.0,1.0,16048,
12578,481856,-1.3,0.0,6.67,1,0.0,0.0,1.0,16052,
12579,481920,-2.0,0.0,8.33,1,0.0,0.0,1.0,16055,
12580,481920,-2.1,0.0,7.69,1,0.0,0.0,1.0,16055,
12581,482048,-3.6,0.0,3.57,1,0.0,0.0,1.0,16061,
12582,482048,-1.4,0.0,16.67,1,0.0,0.0,1.0,16061,
12583,482048,-2.4,0.0,6.25,1,0.0,0.0,1.0,16061,
12584,482112,-2.6,0.0,5.56,1,0.0,0.0,1.0,16064,
12585,482112,11.6,1.0,0.0,0,,,1.0,16064,
12586,482176,-5.0,0.0,0.0,0,,,1.0,16064,
12587,482240,10.5,1.0,0.0,0,,,1.0,16064,
12588,482304,-5.0,0.0,0.0,0,,,1.0,16066,
12589,482304,-6.3,0.0,20.0,5,0.0,0.8,1.0,16066,
12590,482368,7.7,1.0,0.0,0,,,1.0,16068,
12591,482368,7.6,1.0,2.86,1,0.0,1.0,1.0,16068,
12592,482368,-6.5,0.0,4.26,2,0.0,0.5,1.0,16068,
12593,482368,8.8,1.0,0.0,0,,,1.0,16068,
12594,482368,7.9,1.0,3.12,1,0.0,1.0,1.0,16068,
12595,482368,-6.0,0.0,3.92,2,0.0,1.0,1.0,16068,
12596,482432,8.7,1.0,75.0,3,0.0,1.0,1.0,16072,
12597,482432,-3.8,0.0,3.33,1,0.0,0.0,1.0,16072,
12598,482432,-2.1,0.0,7.69,1,0.0,0.0,1.0,16072,
12599,482432,-5.0,0.0,0.0,0,,,1.0,16072,
12600,482432,-5.0,0.0,0.0,0,,,1.0,16072,
12601,482496,-1.8,0.0,5.0,1,0.0,0.0,1.0,16074,
12602,482496,-4.8,0.0,6.67,2,0.0,0.5,1.0,16074,
12603,482560,-2.4,0.0,6.25,1,0.0,0.0,1.0,16078,
12604,482560,-5.0,0.0,0.0,0,,,1.0,16078,
12605,482560,-3.8,0.0,10.0,2,0.0,0.5,1.0,16078,
12606,482560,-4.7,0.0,2.56,1,0.0,0.0,1.0,16078,
12607,482624,-1.1,0.0,7.69,1,0.0,0.0,1.0,16081,
12608,482624,-1.6,0.0,12.5,1,0.0,0.0,1.0,16081,
12609,482688,-2.4,0.0,6.25,1,0.0,0.0,1.0,16085,
12610,482752,-3.7,0.0,3.45,1,0.0,0.0,1.0,16088,
12611,482816,-2.0,0.0,8.33,1,0.0,0.0,1.0,16093,
12612,482816,-5.5,0.0,2.13,1,0.0,0.0,1.0,16093,
12613,482880,-3.2,0.0,4.17,1,0.0,0.0,1.0,16095,
12614,482944,-2.9,0.0,4.76,1,0.0,0.0,1.0,16099,
12615,482944,8.1,1.0,10.0,2,0.0,1.0,1.0,16099,
12616,483008,-1.9,0.0,9.09,1,0.0,0.0,1.0,16105,
12617,483008,0.6,1.0,15.56,7,0.2857,1.0,1.0,16105,
12618,483008,9.3,1.0,0.0,0,,,1.0,16105,
12619,483008,-6.0,0.0,3.92,2,0.5,1.0,1.0,16105,
12620,483072,-6.0,0.0,1.96,1,0.0,1.0,1.0,16105,
12621,483200,-1.9,0.0,4.76,1,0.0,0.0,1.0,16107,
12622,483264,-4.0,0.0,0.0,0,,,1.0,16111,
12623,483264,9.7,1.0,7.14,1,0.0,1.0,1.0,16111,
12624,483264,-1.7,0.0,5.26,1,0.0,0.0,1.0,16111,
12625,483264,-3.1,0.0,4.35,1,0.0,0.0,1.0,16111,
12626,483328,-4.0,0.0,0.0,0,,,1.0,16113,
12627,483328,-2.2,0.0,4.17,1,0.0,0.0,1.0,16113,
12628,483328,-2.4,0.0,6.25,1,0.0,0.0,1.0,16113,
12629,483392,-2.8,0.0,3.33,1,0.0,0.0,1.0,16117,
12630,483392,-0.6,0.0,12.5,1,0.0,0.0,1.0,16117,
12631,483392,-0.7,0.0,11.11,1,0.0,0.0,1.0,16117,
12632,483392,10.5,1.0,0.0,0,,,1.0,16117,
12633,483392,9.8,1.0,7.69,1,0.0,1.0,1.0,16117,
12634,483392,-5.0,0.0,0.0,0,,,1.0,16117,
12635,483584,-4.0,0.0,0.0,0,,,1.0,16123,
12636,483584,-2.5,0.0,5.88,1,0.0,0.0,1.0,16123,
12637,483584,-2.1,0.0,7.69,1,0.0,0.0,1.0,16123,
12638,483584,-2.9,0.0,4.76,1,0.0,0.0,1.0,16123,
12639,483648,-5.0,0.0,0.0,0,,,1.0,16125,
12640,483648,-2.4,0.0,6.25,1,0.0,0.0,1.0,16125,
12641,483648,-1.3,0.0,20.0,1,0.0,0.0,1.0,16125,
12642,483648,10.4,1.0,14.29,1,0.0,1.0,1.0,16125,
12643,483712,-2.8,0.0,5.0,1,0.0,0.0,1.0,16128,
12644,483712,-1.0,0.0,8.33,1,0.0,0.0,1.0,16128,
12645,483776,-4.0,0.0,0.0,0,,,1.0,16130,
12646,483776,-6.0,0.0,4.76,2,0.0,0.5,1.0,16130,
12647,483840,10.4,1.0,14.29,1,0.0,1.0,1.0,16130,
12648,483904,-1.8,0.0,10.0,1,0.0,0.0,1.0,16134,
12649,483904,-0.3,1.0,18.18,8,0.125,1.0,1.0,16134,
12650,483904,-7.0,0.0,3.92,2,0.5,1.0,1.0,16134,
12651,483904,-2.7,0.0,5.26,1,0.0,0.0,1.0,16134,
12652,483968,-1.2,0.0,7.14,1,0.0,0.0,1.0,16136,
12653,483968,-1.4,0.0,6.25,1,0.0,0.0,1.0,16136,
12654,483968,10.3,1.0,0.0,0,,,1.0,16136,
12655,484032,-1.8,0.0,10.0,1,0.0,0.0,1.0,16140,
12656,484032,-2.4,0.0,6.25,1,0.0,0.0,1.0,16140,
12657,484032,-4.1,0.0,8.7,2,0.0,0.5,1.0,16140,
12658,484032,-2.1,0.0,4.35,1,0.0,0.0,1.0,16140,
12659,484096,-5.9,0.0,4.88,2,0.0,0.5,1.0,16141,
12660,484160,-6.0,0.0,3.92,2,0.5,1.0,1.0,16141,
12661,484224,-5.0,0.0,0.0,0,,,1.0,16141,
12662,484288,-6.0,0.0,1.96,1,0.0,1.0,1.0,16143,
12663,484288,-2.3,0.0,6.67,1,0.0,0.0,1.0,16143,
12664,484288,-3.7,0.0,3.45,1,0.0,0.0,1.0,16143,
12665,484288,-10.0,0.0,11.76,6,0.0,1.0,1.0,16143,
12666,484352,-5.0,0.0,0.0,0,,,1.0,16144,
12667,484352,-7.0,0.0,5.88,3,0.3333,1.0,1.0,16144,
12668,484480,-3.9,0.0,3.23,1,0.0,0.0,1.0,16147,
12669,484480,-5.8,0.0,5.0,2,0.0,0.5,1.0,16147,
12670,484480,-2.2,0.0,7.14,1,0.0,0.0,1.0,16147,
12671,484544,-2.3,0.0,6.67,1,0.0,0.0,1.0,16150,
12672,484544,-4.2,0.0,2.94,1,0.0,0.0,1.0,16150,
12673,484544,-1.3,0.0,6.67,1,0.0,0.0,1.0,16150,
12674,484608,-5.0,0.0,0.0,0,,,1.0,16153,
12675,484608,-5.3,0.0,5.71,2,0.0,0.5,1.0,16153,
12676,484608,11.1,1.0,0.0,0,,,1.0,16153,
12677,484608,-2.9,0.0,4.76,1,0.0,0.0,1.0,16153,
12678,484672,-2.8,0.0,5.0,1,0.0,0.0,1.0,16156,
12679,484672,-1.8,0.0,5.0,1,0.0,0.0,1.0,16156,
12680,484672,-5.0,0.0,0.0,0,,,1.0,16156,
12681,484800,-4.2,0.0,2.94,1,0.0,0.0,1.0,16161,
12682,484800,-1.6,0.0,12.5,1,0.0,0.0,1.0,16161,
12683,484800,-0.3,0.0,20.0,1,0.0,0.0,1.0,16161,
12684,484864,-6.0,0.0,3.92,2,0.0,1.0,1.0,16162,
12685,484928,-1.1,0.0,7.69,1,0.0,0.0,1.0,16165,
12686,484928,-1.7,0.0,5.26,1,0.0,0.0,1.0,16165,
12687,484928,-3.8,0.0,3.33,1,0.0,0.0,1.0,16165,
12688,484992,-4.8,0.0,2.5,1,0.0,0.0,1.0,16166,
12689,484992,-5.0,0.0,0.0,0,,,1.0,16166,
12690,485056,-4.0,0.0,0.0,0,,,1.0,16170,
12691,485056,-1.7,0.0,11.11,1,0.0,0.0,1.0,16170,
12692,485056,-3.0,0.0,4.55,1,0.0,0.0,1.0,16170,
12693,485056,-5.0,0.0,0.0,0,,,1.0,16170,
12694,485120,-2.6,0.0,3.57,1,0.0,0.0,1.0,16175,
12695,485120,-1.8,0.0,10.0,1,0.0,0.0,1.0,16175,
12696,485120,-4.1,0.0,3.03,1,0.0,0.0,1.0,16175,
12697,485184,-5.0,0.0,0.0,0,,,1.0,16180,
12698,485184,-1.8,0.0,5.0,1,0.0,0.0,1.0,16180,
12699,485312,-4.0,0.0,3.12,1,0.0,0.0,1.0,16182,
12700,485312,-5.8,0.0,2.0,1,0.0,0.0,1.0,16182,
12701,485312,-5.0,0.0,0.0,0,,,1.0,16182,
12702,485440,-2.6,0.0,5.56,1,0.0,0.0,1.0,16185,
12703,485504,7.8,1.0,3.03,1,0.0,1.0,1.0,16186,
12704,485504,-4.3,0.0,20.0,3,0.3333,0.6667,1.0,16186,
12705,485568,-2.3,0.0,6.67,1,0.0,0.0,1.0,16190,
12706,485632,-5.0,0.0,0.0,0,,,1.0,16192,
12707,485632,-5.0,0.0,0.0,0,,,1.0,16192,
12708,485696,-4.4,0.0,2.78,1,0.0,0.0,1.0,16194,
12709,485696,-4.0,0.0,0.0,0,,,1.0,16194,
12710,485696,-1.9,0.0,4.76,1,0.0,0.0,1.0,16194,
12711,485696,-5.0,0.0,0.0,0,,,1.0,16194,
12712,485760,4.3,1.0,17.86,5,0.0,1.0,1.0,16199,
12713,485760,-2.5,0.0,5.88,1,0.0,0.0,1.0,16199,
12714,485824,-4.0,0.0,0.0,0,,,1.0,16202,
12715,485888,-4.5,0.0,7.41,2,0.0,0.5,1.0,16206,
12716,485888,-3.9,0.0,9.52,2,0.0,0.5,1.0,16206,
12717,485952,-2.2,0.0,14.29,2,0.0,0.5,1.0,16208,
12718,486016,-4.5,0.0,2.7,1,0.0,0.0,1.0,16212,
12719,486016,8.4,1.0,11.76,2,0.0,1.0,1.0,16212,
12720,486016,11.4,1.0,0.0,0,,,1.0,16212,
12721,486016,-3.2,0.0,14.29,2,0.0,0.5,1.0,16212,
12722,486080,9.9,1.0,8.33,1,0.0,1.0,1.0,16214,
12723,486080,-3.6,0.0,11.11,2,0.5,0.5,1.0,16214,
12724,486080,-2.4,0.0,6.25,1,0.0,0.0,1.0,16214,
12725,486080,6.6,1.0,5.71,2,0.0,1.0,1.0,16214,
12726,486144,-3.2,0.0,4.17,1,0.0,0.0,1.0,16218,
12727,486144,-2.3,0.0,6.67,1,0.0,0.0,1.0,16218,
12728,486208,-2.9,0.0,3.23,1,0.0,0.0,1.0,16223,
12729,486208,-2.8,0.0,10.0,2,0.0,0.5,1.0,16223,
12730,486272,-4.0,0.0,0.0,0,,,1.0,16227,
12731,486272,-4.3,0.0,2.86,1,0.0,0.0,1.0,16227,
12732,486272,8.8,1.0,4.35,1,1.0,1.0,1.0,16227,
12733,486336,-5.0,0.0,6.25,2,0.0,0.5,1.0,16230,
12734,486336,-2.6,0.0,5.56,1,0.0,0.0,1.0,16230,
12735,486336,2.5,1.0,26.92,7,0.0,1.0,1.0,16230,
12736,486400,-5.2,0.0,2.27,1,0.0,0.0,1.0,16233,
12737,486400,-1.4,0.0,16.67,1,0.0,0.0,1.0,16233,
12738,486464,-2.1,0.0,4.35,1,0.0,0.0,1.0,16236,
12739,486464,-2.3,0.0,6.67,1,0.0,0.0,1.0,16236,
12740,486528,-2.2,0.0,7.14,1,0.0,0.0,1.0,16238,
12741,486528,-6.0,0.0,1.96,1,0.0,1.0,1.0,16238,
12742,486592,11.4,1.0,0.0,0,,,1.0,16243,
12743,486592,-1.6,0.0,5.56,1,0.0,0.0,1.0,16243,
12744,486592,-0.7,0.0,11.11,1,0.0,0.0,1.0,16243,
12745,486592,-3.9,0.0,3.23,1,0.0,0.0,1.0,16243,
12746,486656,-5.0,0.0,2.38,1,0.0,0.0,1.0,16247,
12747,486656,-5.5,0.0,2.13,1,0.0,0.0,1.0,16247,
12748,486720,-5.2,0.0,2.27,1,0.0,0.0,1.0,16251,
12749,486720,-3.4,0.0,3.85,1,0.0,0.0,1.0,16251,
12750,486720,-5.0,0.0,2.38,1,0.0,0.0,1.0,16251,
12751,486720,-3.4,0.0,18.75,3,0.0,0.6667,1.0,16251,
12752,486784,7.5,1.0,7.69,2,0.0,1.0,1.0,16253,
12753,486784,-0.7,0.0,11.11,1,0.0,0.0,1.0,16253,
12754,486784,2.8,1.0,11.63,5,0.0,1.0,1.0,16253,
12755,486784,-2.5,0.0,5.88,1,0.0,0.0,1.0,16253,
12756,486848,-4.6,0.0,2.08,1,0.0,0.0,1.0,16256,
12757,486848,-2.7,0.0,3.45,1,0.0,0.0,1.0,16256,
12758,486912,-1.7,0.0,11.11,1,0.0,0.0,1.0,16261,
12759,486912,-4.0,0.0,0.0,0,,,1.0,16261,
12760,486912,-1.2,0.0,7.14,1,0.0,0.0,1.0,16261,
12761,486976,-3.2,0.0,14.29,2,0.0,0.5,1.0,16267,
12762,486976,-5.0,0.0,0.0,0,,,1.0,16267,
12763,486976,-2.2,0.0,7.14,1,0.0,0.0,1.0,16267,
12764,486976,-4.5,0.0,2.7,1,0.0,0.0,1.0,16267,
12765,486976,-4.1,0.0,6.06,2,0.0,0.5,1.0,16267,
12766,486976,11.0,1.0,0.0,0,,,1.0,16267,
12767,486976,-3.4,0.0,2.78,1,0.0,0.0,1.0,16267,
12768,487040,-2.1,0.0,7.69,1,0.0,0.0,1.0,16269,
12769,487040,-4.0,0.0,0.0,0,,,1.0,16269,
12770,487104,-1.7,0.0,5.26,1,0.0,0.0,1.0,16270,
12771,487168,-3.1,0.0,4.35,1,0.0,0.0,1.0,16273,
12772,487168,-4.0,0.0,0.0,0,,,1.0,16273,
12773,487168,-4.0,0.0,0.0,0,,,1.0,16273,
12774,487168,-1.5,0.0,5.88,1,0.0,0.0,1.0,16273,
12775,487168,-2.1,0.0,7.69,1,0.0,0.0,1.0,16273,
12776,487232,-3.8,0.0,6.67,2,0.0,0.5,1.0,16276,
12777,487296,-3.7,0.0,2.56,1,0.0,0.0,1.0,16278,
12778,487296,-3.1,0.0,4.35,1,0.0,0.0,1.0,16278,
12779,487296,-6.0,0.0,3.92,2,0.0,1.0,1.0,16278,
12780,487360,-2.7,0.0,3.45,1,0.0,0.0,1.0,16286,
12781,487360,-5.2,0.0,2.27,1,0.0,0.0,1.0,16286,
12782,487488,10.6,1.0,20.0,1,1.0,1.0,1.0,16288,
12783,487552,-5.0,0.0,0.0,0,,,1.0,16292,
12784,487552,2.1,1.0,10.0,5,0.0,1.0,1.0,16292,
12785,487552,-1.4,0.0,16.67,1,0.0,0.0,1.0,16292,
12786,487616,-1.4,0.0,16.67,1,0.0,0.0,1.0,16295,
12787,487616,-2.9,0.0,9.52,2,0.5,0.5,1.0,16295,
12788,487680,-2.0,0.0,8.33,1,0.0,0.0,1.0,16297,
12789,487744,-1.7,0.0,11.11,1,0.0,0.0,1.0,16299,
12790,487744,-4.0,0.0,2.38,1,0.0,0.0,1.0,16299,
12791,487744,10.0,1.0,9.09,1,0.0,1.0,1.0,16299,
12792,487744,7.5,1.0,18.75,3,0.3333,1.0,1.0,16299,
12793,487808,-2.4,0.0,6.25,1,0.0,0.0,1.0,16303,
12794,487808,-5.5,0.0,11.11,3,0.0,0.6667,1.0,16303,
12795,487872,-3.5,0.0,3.7,1,0.0,0.0,1.0,16306,
12796,487872,-1.2,0.0,7.14,1,0.0,0.0,1.0,16306,
12797,487936,-4.2,0.0,2.27,1,0.0,0.0,1.0,16309,
12798,487936,-2.7,0.0,5.26,1,0.0,0.0,1.0,16309,
12799,487936,-2.6,0.0,11.11,2,0.5,0.5,1.0,16309,
12800,488000,-5.8,0.0,4.0,2,0.0,0.5,1.0,16312,
12801,488000,-2.5,0.0,3.7,1,0.0,0.0,1.0,16312,
12802,488000,-2.4,0.0,6.25,1,0.0,0.0,1.0,16312,
12803,488064,-2.5,0.0,5.88,1,0.0,0.0,1.0,16315,
12804,488128,-4.1,0.0,13.04,3,0.0,0.6667,1.0,16319,
12805,488128,-3.7,0.0,10.53,2,0.0,0.5,1.0,16319,
12806,488192,-3.2,0.0,4.17,1,0.0,0.0,1.0,16323,
12807,488192,-2.6,0.0,5.56,1,0.0,0.0,1.0,16323,
12808,488192,9.1,1.0,5.0,1,0.0,1.0,1.0,16323,
12809,488192,-4.1,0.0,8.7,2,0.5,0.5,1.0,16323,
12810,488256,-3.4,0.0,3.85,1,0.0,0.0,1.0,16325,
12811,488256,-2.5,0.0,5.88,1,0.0,0.0,1.0,16325,
12812,488320,-5.7,0.0,21.05,4,0.0,0.75,1.0,16331,
12813,488320,-2.9,0.0,4.76,1,0.0,0.0,1.0,16331,
12814,488320,-2.4,0.0,6.25,1,0.0,0.0,1.0,16331,
12815,488320,-1.9,0.0,4.76,1,0.0,0.0,1.0,16331,
12816,488384,-3.7,0.0,3.45,1,0.0,0.0,1.0,16332,
12817,488448,-3.8,0.0,2.5,1,0.0,0.0,1.0,16333,
12818,488512,11.5,1.0,0.0,0,,,1.0,16337,
12819,488512,-4.1,0.0,3.03,1,0.0,0.0,1.0,16337,
12820,488512,-2.9,0.0,18.18,2,0.0,0.5,1.0,16337,
12821,488576,-6.0,0.0,3.92,2,0.0,1.0,1.0,16338,
12822,488640,9.7,1.0,7.14,1,0.0,1.0,1.0,16339,
12823,488640,-2.9,0.0,18.18,2,0.0,0.5,1.0,16339,
12824,488704,-0.9,0.0,9.09,1,0.0,0.0,1.0,16343,
12825,488832,-4.1,0.0,3.03,1,0.0,0.0,1.0,16345,
12826,488832,-3.9,0.0,3.23,1,0.0,0.0,1.0,16345,
12827,488896,11.6,1.0,0.0,0,,,1.0,16347,
12828,488896,-3.6,0.0,11.11,2,0.0,0.5,1.0,16347,
12829,488896,-5.0,0.0,0.0,0,,,1.0,16347,
12830,488960,-4.2,0.0,2.94,1,0.0,0.0,1.0,16351,
12831,488960,-3.3,0.0,4.0,1,0.0,0.0,1.0,16351,
12832,488960,-6.0,0.0,1.96,1,0.0,1.0,1.0,16351,
12833,489024,-2.7,0.0,10.53,2,0.5,0.5,1.0,16355,
12834,489024,10.0,1.0,9.09,1,0.0,1.0,1.0,16355,
12835,489024,-2.5,0.0,5.88,1,0.0,0.0,1.0,16355,
12836,489024,-6.0,0.0,1.96,1,0.0,1.0,1.0,16355,
12837,489024,-8.0,0.0,5.88,3,0.0,1.0,1.0,16355,
12838,489024,-2.8,0.0,10.0,2,0.0,0.5,1.0,16355,
12839,489088,11.0,1.0,0.0,0,,,1.0,16358,
12840,489152,11.1,1.0,0.0,0,,,1.0,16359,
12841,489216,7.1,1.0,6.67,2,0.0,1.0,1.0,16360,
12842,489216,-5.0,0.0,0.0,0,,,1.0,16360,
12843,489280,-2.2,0.0,4.17,1,0.0,0.0,1.0,16362,
12844,489280,-3.1,0.0,3.03,1,0.0,0.0,1.0,16362,
12845,489280,-5.0,0.0,0.0,0,,,1.0,16362,
12846,489344,8.2,1.0,3.45,1,0.0,1.0,1.0,16363,
12847,489408,-4.9,0.0,4.88,2,0.0,0.5,1.0,16365,
12848,489408,10.0,1.0,0.0,0,,,1.0,16365,
12849,489408,-6.6,0.0,7.89,3,0.0,0.6667,1.0,16365,
12850,489472,-4.6,0.0,2.08,1,0.0,0.0,1.0,16368,
12851,489472,-3.8,0.0,3.33,1,0.0,0.0,1.0,16368,
12852,489472,-3.7,0.0,10.53,2,0.0,0.5,1.0,16368,
12853,489536,-5.5,0.0,2.13,1,0.0,0.0,1.0,16371,
12854,489536,-4.2,0.0,2.94,1,0.0,0.0,1.0,16371,
12855,489536,-5.6,0.0,2.08,1,0.0,0.0,1.0,16371,
12856,489600,-5.0,0.0,0.0,0,,,1.0,16380,
12857,489600,-1.5,0.0,14.29,1,0.0,0.0,1.0,16380,
12858,489600,-4.0,0.0,3.12,1,0.0,0.0,1.0,16380,
12859,489600,-5.5,0.0,2.13,1,0.0,0.0,1.0,16380,
12860,489600,-1.8,0.0,10.0,1,0.0,0.0,1.0,16380,
12861,489600,-1.4,0.0,16.67,1,0.0,0.0,1.0,16380,
12862,489728,-5.0,0.0,1.96,1,0.0,1.0,1.0,16383,
12863,489728,-0.5,0.0,14.29,1,0.0,0.0,1.0,16383,
12864,489728,8.9,1.0,0.0,0,,,1.0,16383,
12865,489792,-2.0,0.0,8.33,1,0.0,0.0,1.0,16384,
12866,489792,9.8,1.0,0.0,0,,,1.0,16384,
12867,489856,-2.3,0.0,6.67,1,0.0,0.0,1.0,16388,
12868,489856,-3.4,0.0,3.85,1,0.0,0.0,1.0,16388,
12869,489856,-5.0,0.0,0.0,0,,,1.0,16388,
12870,489856,-5.0,0.0,0.0,0,,,1.0,16388,
12871,489856,-3.3,0.0,2.86,1,0.0,0.0,1.0,16388,
12872,489920,-3.6,0.0,3.57,1,0.0,0.0,1.0,16391,
12873,489920,8.8,1.0,4.35,1,0.0,1.0,1.0,16391,
12874,489920,-6.6,0.0,4.17,2,0.0,0.5,1.0,16391,
12875,489984,-6.0,0.0,4.76,2,0.0,0.5,1.0,16396,
12876,489984,-4.1,0.0,3.03,1,0.0,0.0,1.0,16396,
12877,489984,7.0,1.0,6.45,2,0.5,1.0,1.0,16396,
12878,489984,-0.5,0.0,14.29,1,0.0,0.0,1.0,16396,
12879,490048,-4.5,0.0,7.41,2,0.0,0.5,1.0,16398,
12880,490048,-4.2,0.0,2.94,1,0.0,0.0,1.0,16398,
12881,490240,-3.5,0.0,3.7,1,0.0,0.0,1.0,16402,
12882,490240,10.5,1.0,0.0,0,,,1.0,16402,
12883,490240,-4.0,0.0,0.0,0,,,1.0,16402,
12884,490304,-3.9,0.0,9.52,2,0.5,0.5,1.0,16406,
12885,490304,-3.9,0.0,9.52,2,0.0,0.5,1.0,16406,
12886,490304,-1.2,0.0,25.0,1,0.0,0.0,1.0,16406,
12887,490368,-1.0,0.0,8.33,1,0.0,0.0,1.0,16411,
12888,490368,-2.9,0.0,4.76,1,0.0,0.0,1.0,16411,
12889,490432,10.7,1.0,0.0,0,,,1.0,16414,
12890,490432,-1.9,0.0,9.09,1,0.0,0.0,1.0,16414,
12891,490496,-4.8,0.0,2.5,1,0.0,0.0,1.0,16418,
12892,490496,-1.6,0.0,12.5,1,0.0,0.0,1.0,16418,
12893,490496,-2.0,0.0,8.33,1,0.0,0.0,1.0,16418,
12894,490560,-3.4,0.0,3.85,1,0.0,0.0,1.0,16423,
12895,490560,-3.2,0.0,4.17,1,0.0,0.0,1.0,16423,
12896,490560,9.4,1.0,5.88,1,0.0,1.0,1.0,16423,
12897,490624,-3.6,0.0,7.14,2,0.0,0.5,1.0,16426,
12898,490688,-2.5,0.0,5.88,1,0.0,0.0,1.0,16429,
12899,490752,-1.5,0.0,14.29,1,0.0,0.0,1.0,16432,
12900,490816,-2.4,0.0,12.5,2,0.0,0.5,1.0,16436,
12901,490816,-1.7,0.0,5.26,1,0.0,0.0,1.0,16436,
12902,490816,-5.0,0.0,0.0,0,,,1.0,16436,
12903,490816,-2.1,0.0,7.69,1,0.0,0.0,1.0,16436,
12904,490880,-4.5,0.0,2.7,1,0.0,0.0,1.0,16439,
12905,490880,-4.0,0.0,0.0,0,,,1.0,16439,
12906,490944,-0.6,0.0,12.5,1,0.0,0.0,1.0,16443,
12907,490944,-3.4,0.0,3.85,1,0.0,0.0,1.0,16443,
12908,490944,-5.9,0.0,4.88,2,0.0,0.5,1.0,16443,
12909,491136,4.7,1.0,42.86,6,0.1667,1.0,1.0,16447,
12910,491136,-1.1,0.0,7.69,1,0.0,0.0,1.0,16447,
12911,491200,-2.9,0.0,4.76,1,0.0,0.0,1.0,16451,
12912,491200,-5.5,0.0,2.13,1,0.0,0.0,1.0,16451,
12913,491264,-5.0,0.0,1.96,1,0.0,1.0,1.0,16452,
12914,491264,-2.4,0.0,3.85,1,0.0,0.0,1.0,16452,
12915,491328,-2.1,0.0,7.69,1,0.0,0.0,1.0,16454,
12916,491392,-3.5,0.0,2.7,1,0.0,0.0,1.0,16458,
12917,491392,-1.7,0.0,11.11,1,0.0,0.0,1.0,16458,
12918,491392,-3.9,0.0,3.23,1,0.0,0.0,1.0,16458,
12919,491456,-7.0,0.0,3.92,2,0.5,1.0,1.0,16460,
12920,491456,5.8,1.0,38.46,5,0.4,1.0,1.0,16460,
12921,491456,-5.0,0.0,0.0,0,,,1.0,16460,
12922,491520,-7.0,0.0,3.92,2,0.0,1.0,1.0,16463,
12923,491520,-2.2,0.0,4.17,1,0.0,0.0,1.0,16463,
