episode,global_step,ep_return,success,guided_pct,queries_per_ep,agreement_rate,oracle_correct_rate,oracle_cost,cum_queries,first_unguided_success
1,384,-0.5,0.0,16.67,1,0.0,0.0,0.5,45,
2,640,-1.9,0.0,10.0,1,0.0,0.0,0.5,68,
3,768,-2.6,0.0,16.67,2,0.0,0.5,0.5,78,
4,896,-2.3,0.0,7.14,1,0.0,0.0,0.5,93,
5,960,-2.4,0.0,6.67,1,0.0,0.0,0.5,99,
6,960,-3.9,0.0,26.67,4,0.0,0.25,0.5,99,
7,1024,9.9,1.0,6.25,1,0.0,0.0,0.5,107,
8,1088,-3.1,0.0,11.76,2,0.5,0.0,0.5,116,
9,1152,-2.7,0.0,5.56,1,0.0,0.0,0.5,124,
10,1152,-3.2,0.0,11.11,2,0.0,0.5,0.5,124,
11,1152,8.2,1.0,22.22,4,0.0,0.75,0.5,124,
12,1280,-3.9,0.0,25.0,5,0.0,0.2,0.5,134,
13,1344,-3.5,0.0,9.52,2,0.0,0.0,0.5,139,
14,1408,-4.1,0.0,13.64,3,0.3333,0.0,0.5,146,
15,1408,-3.6,0.0,9.09,2,0.0,0.5,0.5,146,
16,1536,-3.3,0.0,4.17,1,0.0,0.0,0.5,160,
17,1728,-4.1,0.0,7.41,2,0.0,0.0,0.5,176,
18,1728,7.3,1.0,14.81,4,0.0,0.5,0.5,176,
19,1728,-3.1,0.0,7.41,2,0.0,0.0,0.5,176,
20,1792,-5.2,0.0,14.29,4,0.0,0.25,0.5,182,
21,1792,-3.2,0.0,7.14,2,0.5,0.0,0.5,182,
22,1984,-5.0,0.0,9.68,3,0.0,0.6667,0.5,207,
23,2048,6.3,1.0,15.62,5,0.0,0.6,0.5,209,
24,2112,7.7,1.0,6.06,2,0.5,0.0,0.5,213,
25,2112,-4.7,0.0,6.06,2,0.0,0.5,0.5,213,
26,2304,-6.0,0.0,16.67,6,0.1667,0.3333,0.5,233,
27,2432,-4.2,0.0,5.26,2,0.0,0.0,0.5,246,
28,2496,-3.3,0.0,20.0,3,0.0,0.0,0.5,253,
29,2496,-6.8,0.0,12.82,5,0.0,0.2,0.5,253,
30,2560,-4.4,0.0,5.0,2,0.0,0.0,0.5,261,
31,2752,-6.2,0.0,6.98,3,0.6667,0.3333,0.5,284,
32,2880,-4.1,0.0,14.29,4,0.25,0.0,0.5,297,
33,2880,-6.7,0.0,12.82,5,0.0,0.6,0.5,297,
34,2944,-6.0,0.0,8.7,4,0.0,0.75,0.5,301,
35,3008,-5.6,0.0,6.38,3,0.0,0.0,0.5,305,
36,3072,-4.1,0.0,7.14,2,0.5,0.5,0.5,312,
37,3136,-6.8,0.0,10.2,5,0.0,0.2,0.5,321,
38,3200,-6.5,0.0,6.0,3,0.6667,0.6667,0.5,331,
39,3200,-7.0,0.0,12.0,6,0.1667,0.5,0.5,331,
40,3200,-6.5,0.0,6.0,3,0.0,0.3333,0.5,331,
41,3200,-7.5,0.0,10.0,5,0.4,0.8,0.5,331,
42,3200,-7.5,0.0,10.0,5,0.2,0.6,0.5,331,
43,3200,-6.5,0.0,6.0,3,0.3333,0.6667,0.5,331,
44,3200,-8.0,0.0,12.0,6,0.0,0.5,0.5,331,
45,3200,-8.0,0.0,12.0,6,0.0,1.0,0.5,331,
46,3200,-7.0,0.0,8.0,4,0.75,0.75,0.5,331,
47,3200,-6.0,0.0,4.0,2,0.0,0.5,0.5,331,
48,3200,-6.5,0.0,6.0,3,0.0,0.6667,0.5,331,
49,3200,-7.0,0.0,8.0,4,0.25,0.25,0.5,331,
50,3200,-6.5,0.0,10.0,5,0.2,0.4,0.5,331,
51,3200,-7.5,0.0,10.0,5,0.0,0.6,0.5,331,
52,3200,-8.0,0.0,12.0,6,0.0,0.3333,0.5,331,
53,3200,-8.5,0.0,14.0,7,0.2857,0.4286,0.5,331,
54,3200,-8.5,0.0,18.0,9,0.2222,0.5556,0.5,331,
55,3200,-7.5,0.0,10.0,5,0.2,0.6,0.5,331,
56,3200,-6.5,0.0,6.0,3,0.0,0.6667,0.5,331,
57,3200,-6.5,0.0,6.0,3,0.6667,0.3333,0.5,331,
58,3200,-6.5,0.0,10.0,5,0.2,0.2,0.5,331,
59,3200,-7.5,0.0,10.0,5,0.2,0.6,0.5,331,
60,3200,-7.5,0.0,10.0,5,0.2,0.0,0.5,331,
61,3200,-9.5,0.0,18.0,9,0.0,0.1111,0.5,331,
62,3200,-7.0,0.0,12.0,6,0.3333,0.6667,0.5,331,
63,3200,-6.9,0.0,6.0,3,0.0,0.3333,0.5,331,
64,3200,-9.0,0.0,16.0,8,0.125,0.5,0.5,331,
65,3200,-7.0,0.0,8.0,4,0.0,0.5,0.5,331,
66,3200,-6.5,0.0,10.0,5,0.0,0.2,0.5,331,
67,3200,-7.5,0.0,10.0,5,0.2,0.4,0.5,331,
68,3200,-7.5,0.0,14.0,7,0.4286,0.2857,0.5,331,
69,3584,-3.3,0.0,4.0,1,0.0,0.0,0.5,362,
70,3648,7.2,1.0,20.83,5,0.0,0.4,0.5,369,
71,3776,-4.9,0.0,16.13,5,0.2,0.2,0.5,389,
72,3776,-2.7,0.0,14.29,2,0.0,0.5,0.5,389,
73,3840,-2.8,0.0,30.0,3,0.3333,0.3333,0.5,395,
74,3840,-4.0,0.0,14.81,4,0.0,0.5,0.5,395,
75,3904,-5.7,0.0,7.69,3,0.3333,0.3333,0.5,403,
76,3904,-7.0,0.0,7.84,4,0.5,0.5,0.5,403,
77,3904,-5.8,0.0,4.44,2,0.0,0.5,0.5,403,
78,4032,-6.5,0.0,9.8,5,0.2,0.6,0.5,414,
79,4096,-2.7,0.0,28.57,4,0.0,0.25,0.5,422,
80,4160,-6.5,0.0,5.88,3,0.3333,0.3333,0.5,425,
81,4224,-6.5,0.0,5.88,3,0.6667,0.6667,0.5,433,
82,4224,-10.0,0.0,23.53,12,0.0,0.4167,0.5,433,
83,4288,-2.5,0.0,5.88,1,0.0,0.0,0.5,443,
84,4352,-5.7,0.0,17.24,5,0.0,0.0,0.5,453,
85,4352,-3.6,0.0,16.67,3,0.3333,0.0,0.5,453,
86,4416,-7.5,0.0,9.8,5,0.0,0.6,0.5,463,
87,4416,-6.5,0.0,9.8,5,0.2,0.6,0.5,463,
88,4416,-8.5,0.0,13.73,7,0.0,0.4286,0.5,463,
89,4480,-1.7,0.0,11.11,1,0.0,0.0,0.5,466,
90,4544,-3.4,0.0,9.52,2,0.0,0.5,0.5,473,
91,4608,-7.0,0.0,11.76,6,0.1667,0.5,0.5,478,
92,4672,-7.0,0.0,11.76,6,0.3333,0.6667,0.5,488,
93,4864,10.9,1.0,14.29,1,0.0,1.0,0.5,508,
94,4864,8.5,1.0,7.69,2,0.0,0.5,0.5,508,
95,4992,-6.5,0.0,5.88,3,0.0,0.3333,0.5,521,
96,4992,-10.5,0.0,21.57,11,0.1818,0.6364,0.5,521,
97,4992,-3.6,0.0,16.67,3,0.0,0.0,0.5,521,
98,4992,-9.5,0.0,21.57,11,0.3636,0.8182,0.5,521,
99,5056,4.3,1.0,16.28,7,0.0,0.5714,0.5,527,
100,5056,-6.5,0.0,5.88,3,0.0,0.6667,0.5,527,
101,5120,-2.2,0.0,7.14,1,0.0,0.0,0.5,534,
102,5184,6.5,1.0,16.13,5,0.6,0.4,0.5,541,
103,5312,-6.0,0.0,3.92,2,0.0,0.0,0.5,555,
104,5312,9.7,1.0,14.29,2,0.0,1.0,0.5,555,
105,5312,-1.5,0.0,14.29,1,0.0,0.0,0.5,555,
106,5568,-6.5,0.0,13.51,5,0.2,0.2,0.5,580,
107,5696,7.8,1.0,10.71,3,0.0,0.3333,0.5,590,
108,5696,-6.0,0.0,7.84,4,0.0,0.0,0.5,590,
109,5696,-4.7,0.0,2.56,1,0.0,0.0,0.5,590,
110,5760,-9.0,0.0,19.61,10,0.4,0.8,0.5,594,
111,5760,-2.0,0.0,4.55,1,0.0,0.0,0.5,594,
112,5824,-4.2,0.0,21.05,4,0.25,0.75,0.5,599,
113,5824,-8.0,0.0,11.76,6,0.1667,0.6667,0.5,599,
114,5888,8.0,1.0,6.45,2,0.0,1.0,0.5,603,
115,5888,-5.5,0.0,4.76,2,0.0,0.5,0.5,603,
116,5952,-6.1,0.0,6.98,3,0.0,0.3333,0.5,606,
117,6016,-7.0,0.0,7.84,4,0.0,0.5,0.5,614,
118,6144,3.5,1.0,17.39,8,0.125,0.875,0.5,628,
119,6144,-7.5,0.0,13.73,7,0.1429,0.1429,0.5,628,
120,6208,-7.0,0.0,7.84,4,0.0,0.5,0.5,632,
121,6272,-3.5,0.0,3.7,1,0.0,0.0,0.5,640,
122,6272,-11.5,0.0,25.49,13,0.0769,0.4615,0.5,640,
123,6336,-7.0,0.0,7.84,4,0.25,0.25,0.5,645,
124,6400,-2.9,0.0,27.27,3,0.0,0.3333,0.5,652,
125,6400,-6.5,0.0,5.88,3,0.3333,0.3333,0.5,652,
126,6464,-6.0,0.0,7.84,4,0.0,1.0,0.5,660,
127,6464,-6.5,0.0,5.88,3,0.3333,0.3333,0.5,660,
128,6464,-6.0,0.0,7.84,4,0.25,0.25,0.5,660,
129,6464,-9.0,0.0,15.69,8,0.25,0.375,0.5,660,
130,6464,-6.5,0.0,9.8,5,0.2,0.2,0.5,660,
131,6464,-7.0,0.0,7.84,4,0.25,0.75,0.5,660,
132,6464,-6.5,0.0,5.88,3,0.3333,0.3333,0.5,660,
133,6464,-5.5,0.0,1.96,1,1.0,0.0,0.5,660,
134,6464,-7.5,0.0,9.8,5,0.2,0.8,0.5,660,
135,6464,-6.5,0.0,5.88,3,0.3333,0.6667,0.5,660,
136,6464,-7.5,0.0,9.8,5,0.0,0.0,0.5,660,
137,6464,-7.0,0.0,11.76,6,0.1667,0.8333,0.5,660,
138,6464,-9.0,0.0,15.69,8,0.125,0.5,0.5,660,
139,6464,-1.7,0.0,11.11,1,0.0,0.0,0.5,660,
140,6464,-5.0,0.0,3.92,2,0.0,0.5,0.5,660,
141,6464,-7.0,0.0,7.84,4,0.25,0.25,0.5,660,
142,6464,-5.5,0.0,5.88,3,0.0,0.0,0.5,660,
143,6464,-6.0,0.0,3.92,2,0.0,0.5,0.5,660,
144,6464,-8.0,0.0,15.69,8,0.125,0.375,0.5,660,
145,6464,-6.0,0.0,7.84,4,0.0,0.25,0.5,660,
146,6528,-6.4,0.0,6.52,3,0.0,0.3333,0.5,662,
147,6720,-4.0,0.0,7.41,2,0.0,0.5,0.5,676,
148,6912,-5.3,0.0,13.33,4,0.0,0.5,0.5,701,
149,6912,-7.0,0.0,7.84,4,0.0,0.75,0.5,701,
150,6976,-4.3,0.0,13.33,4,0.0,0.5,0.5,707,
151,7040,-3.5,0.0,3.7,1,0.0,0.0,0.5,716,
152,7040,-7.0,0.0,8.51,4,0.25,0.5,0.5,716,
153,7040,-8.5,0.0,13.73,7,0.1429,0.4286,0.5,716,
154,7040,-7.0,0.0,7.84,4,0.5,0.5,0.5,716,
155,7104,-5.5,0.0,5.88,3,0.3333,0.3333,0.5,722,
156,7232,-2.2,0.0,10.53,2,0.0,0.5,0.5,734,
157,7360,-7.0,0.0,7.84,4,0.0,1.0,0.5,742,
158,7424,-9.5,0.0,17.65,9,0.3333,0.4444,0.5,749,
159,7488,-8.0,0.0,11.76,6,0.3333,0.3333,0.5,756,
160,7488,-8.1,0.0,12.5,6,0.3333,0.3333,0.5,756,
161,7488,-1.9,0.0,12.5,2,0.0,0.5,0.5,756,
162,7552,-9.0,0.0,15.69,8,0.0,0.625,0.5,760,
163,7616,-7.0,0.0,7.84,4,0.75,0.75,0.5,765,
164,7744,-6.5,0.0,5.88,3,0.0,0.6667,0.5,779,
165,7808,-3.8,0.0,3.33,1,0.0,0.0,0.5,783,
166,7936,-8.0,0.0,11.76,6,0.0,0.3333,0.5,792,
167,8000,-4.9,0.0,5.56,2,0.0,0.0,0.5,799,
168,8128,-4.4,0.0,6.45,2,0.0,0.5,0.5,816,
169,8128,-4.4,0.0,11.54,3,0.0,0.3333,0.5,816,
170,8128,-8.0,0.0,11.76,6,0.5,0.5,0.5,816,
171,8128,10.6,1.0,10.0,1,0.0,1.0,0.5,816,
172,8192,5.7,1.0,6.12,3,0.3333,0.0,0.5,826,
173,8192,9.0,1.0,3.85,1,0.0,0.0,0.5,826,
174,8192,-3.5,0.0,3.7,1,0.0,0.0,0.5,826,
175,8256,-4.7,0.0,2.56,1,0.0,0.0,0.5,829,
176,8256,-5.0,0.0,3.92,2,0.5,0.5,0.5,829,
177,8256,-7.5,0.0,13.73,7,0.1429,0.5714,0.5,829,
178,8384,-8.5,0.0,13.73,7,0.0,0.7143,0.5,839,
179,8448,-6.5,0.0,9.8,5,0.0,0.6,0.5,844,
180,8512,-7.9,0.0,13.04,6,0.1667,0.5,0.5,851,
181,8512,-5.0,0.0,9.38,3,0.3333,0.0,0.5,851,
182,8576,4.6,1.0,13.33,6,0.0,0.8333,0.5,855,
183,8576,-7.5,0.0,9.8,5,0.2,0.2,0.5,855,
184,8576,-8.0,0.0,15.69,8,0.0,0.375,0.5,855,
185,8704,-6.8,0.0,17.5,7,0.2857,0.4286,0.5,867,
186,8832,7.1,1.0,5.0,2,0.0,1.0,0.5,877,
187,8896,-9.7,0.0,18.37,9,0.0,0.4444,0.5,888,
188,8896,-5.1,0.0,5.26,2,0.0,0.0,0.5,888,
189,8960,-4.7,0.0,10.34,3,0.0,0.0,0.5,894,
190,9088,-2.3,0.0,6.67,1,0.0,0.0,0.5,912,
191,9088,-2.3,0.0,6.67,1,0.0,0.0,0.5,912,
192,9088,-6.0,0.0,3.92,2,0.0,1.0,0.5,912,
193,9088,-6.5,0.0,9.8,5,0.2,0.4,0.5,912,
194,9216,-6.5,0.0,5.88,3,0.3333,0.3333,0.5,927,
195,9216,-5.6,0.0,4.65,2,0.0,0.5,0.5,927,
196,9344,5.1,1.0,11.11,5,0.0,0.8,0.5,939,
197,9344,11.4,1.0,0.0,0,,,0.5,939,197
198,9408,-5.0,0.0,9.38,3,0.0,0.3333,0.5,947,
199,9408,3.5,1.0,17.39,8,0.25,0.875,0.5,947,
200,9472,-9.0,0.0,15.69,8,0.125,0.625,0.5,952,
201,9472,-6.2,0.0,4.08,2,0.0,0.0,0.5,952,
202,9472,-6.8,0.0,6.0,3,0.6667,0.3333,0.5,952,
203,9536,-5.0,0.0,9.38,3,0.0,0.3333,0.5,958,
204,9664,-8.0,0.0,15.69,8,0.125,0.625,0.5,969,
205,9664,-6.0,0.0,7.84,4,0.0,0.0,0.5,969,
206,9728,-6.5,0.0,5.88,3,0.3333,0.6667,0.5,974,
207,9728,-7.0,0.0,7.84,4,0.0,0.75,0.5,974,
208,9728,-5.5,0.0,1.96,1,0.0,0.0,0.5,974,
209,9728,-7.5,0.0,9.8,5,0.2,0.4,0.5,974,
210,9728,-9.0,0.0,15.69,8,0.25,0.375,0.5,974,
211,9728,-5.0,0.0,3.92,2,0.0,1.0,0.5,974,
212,9728,-7.0,0.0,7.84,4,0.0,0.75,0.5,974,
213,9728,-7.5,0.0,9.8,5,0.0,0.4,0.5,974,
214,9728,-7.0,0.0,7.84,4,0.0,0.0,0.5,974,
215,9728,-8.5,0.0,17.65,9,0.0,0.7778,0.5,974,
216,9728,-5.5,0.0,5.88,3,0.3333,0.3333,0.5,974,
217,9728,-7.0,0.0,7.84,4,0.0,0.75,0.5,974,
218,9920,-7.0,0.0,12.77,6,0.0,0.5,0.5,986,
219,9984,-7.0,0.0,7.84,4,0.25,0.5,0.5,992,
220,10048,-2.4,0.0,18.18,2,0.0,0.0,0.5,999,
221,10048,-5.8,0.0,16.67,5,0.0,0.2,0.5,999,
222,10112,-2.2,0.0,10.53,2,0.0,0.0,0.5,1007,
223,10176,-9.0,0.0,15.69,8,0.25,0.5,0.5,1011,
224,10240,-7.5,0.0,9.8,5,0.0,0.4,0.5,1017,
225,10304,-8.0,0.0,11.76,6,0.3333,0.6667,0.5,1025,
226,10304,-8.0,0.0,11.76,6,0.0,0.1667,0.5,1025,
227,10304,-8.0,0.0,11.76,6,0.5,0.5,0.5,1025,
228,10304,-7.0,0.0,7.84,4,0.0,0.5,0.5,1025,
229,10368,-6.4,0.0,6.52,3,0.3333,0.3333,0.5,1033,
230,10496,-9.5,0.0,17.65,9,0.1111,0.3333,0.5,1042,
231,10496,-5.4,0.0,19.35,6,0.3333,0.3333,0.5,1042,
232,10560,-3.5,0.0,2.7,1,0.0,0.0,0.5,1050,
233,10624,-3.7,0.0,28.57,4,0.0,0.25,0.5,1059,
234,10624,-5.6,0.0,7.89,3,0.3333,0.3333,0.5,1059,
235,10688,-2.3,0.0,6.67,1,0.0,0.0,0.5,1073,
236,10752,-6.5,0.0,5.88,3,0.0,0.3333,0.5,1082,
237,10816,-8.0,0.0,11.76,6,0.3333,0.5,0.5,1086,
238,10880,-7.5,0.0,9.8,5,0.0,0.0,0.5,1094,
239,11008,-2.8,0.0,5.0,1,0.0,0.0,0.5,1106,
240,11008,-5.5,0.0,5.88,3,0.3333,0.6667,0.5,1106,
241,11072,-7.5,0.0,9.8,5,0.0,0.6,0.5,1113,
242,11072,-6.8,0.0,12.5,5,0.2,0.4,0.5,1113,
243,11200,9.2,1.0,4.17,1,1.0,1.0,0.5,1125,
244,11200,-9.0,0.0,15.69,8,0.125,0.5,0.5,1125,
245,11264,-6.0,0.0,3.92,2,0.5,1.0,0.5,1129,
246,11264,-2.7,0.0,14.29,2,0.0,0.0,0.5,1129,
247,11328,-2.9,0.0,12.5,2,0.0,0.0,0.5,1134,
248,11392,-5.5,0.0,1.96,1,0.0,1.0,0.5,1142,
249,11392,-5.9,0.0,11.11,4,0.25,0.25,0.5,1142,
250,11392,-4.4,0.0,11.54,3,0.0,0.3333,0.5,1142,
251,11456,-5.5,0.0,1.96,1,0.0,0.0,0.5,1148,
252,11520,-7.0,0.0,7.84,4,0.25,0.25,0.5,1150,
253,11520,5.8,1.0,25.0,7,0.2857,0.4286,0.5,1150,
254,11520,-8.5,0.0,13.73,7,0.1429,0.1429,0.5,1150,
255,11520,-6.5,0.0,9.8,5,0.0,0.6,0.5,1150,
256,11584,9.6,1.0,5.0,1,0.0,0.0,0.5,1153,
257,11648,-9.0,0.0,15.69,8,0.375,0.5,0.5,1160,
258,11648,2.8,1.0,18.75,9,0.1111,0.6667,0.5,1160,
259,11712,-6.0,0.0,7.84,4,0.0,0.5,0.5,1165,
260,11712,-3.4,0.0,3.85,1,0.0,0.0,0.5,1165,
261,11712,-2.9,0.0,3.23,1,0.0,0.0,0.5,1165,
262,11840,-7.0,0.0,7.84,4,0.0,0.5,0.5,1180,
263,11840,-6.5,0.0,5.88,3,0.3333,0.0,0.5,1180,
264,11904,-5.6,0.0,7.89,3,0.0,0.0,0.5,1188,
265,11904,-3.3,0.0,10.0,2,0.0,0.5,0.5,1188,
266,11968,-7.5,0.0,13.73,7,0.4286,0.4286,0.5,1195,
267,11968,-1.4,0.0,16.67,1,0.0,0.0,0.5,1195,
268,12032,-3.7,0.0,8.33,2,0.0,0.5,0.5,1203,
269,12096,-5.0,0.0,3.92,2,0.0,1.0,0.5,1212,
270,12096,-3.0,0.0,11.76,2,0.0,0.5,0.5,1212,
271,12096,-3.6,0.0,10.71,3,0.0,0.6667,0.5,1212,
272,12224,-6.7,0.0,6.12,3,0.0,0.0,0.5,1228,
273,12224,-7.0,0.0,7.84,4,0.25,0.75,0.5,1228,
274,12352,-6.5,0.0,5.88,3,0.3333,0.6667,0.5,1246,
275,12352,-8.5,0.0,13.73,7,0.1429,0.2857,0.5,1246,
276,12352,-2.8,0.0,13.33,2,0.0,0.0,0.5,1246,
277,12416,-7.0,0.0,11.9,5,0.2,0.0,0.5,1252,
278,12416,-5.2,0.0,8.82,3,0.3333,0.0,0.5,1252,
279,12480,-7.0,0.0,11.76,6,0.3333,0.8333,0.5,1258,
280,12480,3.4,1.0,17.02,8,0.125,0.5,0.5,1258,
281,12480,-1.5,0.0,14.29,1,0.0,0.0,0.5,1258,
282,12480,-6.5,0.0,5.88,3,0.6667,0.3333,0.5,1258,
283,12480,-3.0,0.0,11.76,2,0.0,0.5,0.5,1258,
284,12544,-5.0,0.0,9.38,3,0.3333,0.3333,0.5,1270,
285,12544,-3.1,0.0,4.35,1,0.0,0.0,0.5,1270,
286,12608,-5.5,0.0,5.88,3,0.0,0.6667,0.5,1277,
287,12672,-6.0,0.0,7.84,4,0.25,0.75,0.5,1282,
288,12672,8.8,1.0,16.67,3,0.0,0.6667,0.5,1282,
289,12672,-4.5,0.0,1.96,1,0.0,0.0,0.5,1282,
290,12736,-7.0,0.0,7.84,4,0.25,0.5,0.5,1290,
291,12736,3.9,1.0,14.89,7,0.1429,0.4286,0.5,1290,
292,12800,-8.5,0.0,13.73,7,0.4286,0.5714,0.5,1297,
293,12800,9.5,1.0,27.27,3,0.0,1.0,0.5,1297,
294,12864,-4.7,0.0,5.88,2,0.0,0.0,0.5,1305,
295,12864,-1.5,0.0,14.29,1,0.0,0.0,0.5,1305,
296,12928,-8.5,0.0,13.73,7,0.1429,0.7143,0.5,1308,
297,12992,-9.5,0.0,17.65,9,0.3333,0.5556,0.5,1311,
298,12992,-8.0,0.0,11.76,6,0.0,0.3333,0.5,1311,
299,12992,-7.0,0.0,11.76,6,0.1667,0.6667,0.5,1311,
300,12992,-8.0,0.0,11.76,6,0.0,0.1667,0.5,1311,
301,13056,-2.6,0.0,15.38,2,0.0,0.0,0.5,1315,
302,13184,-7.0,0.0,7.84,4,0.5,0.75,0.5,1325,
303,13248,-10.0,0.0,19.61,10,0.0,0.5,0.5,1327,
304,13312,-7.5,0.0,9.8,5,0.2,0.4,0.5,1332,
305,13376,-0.6,0.0,12.5,1,0.0,0.0,0.5,1340,
306,13376,-10.0,0.0,19.61,10,0.3,0.5,0.5,1340,
307,13440,-1.8,0.0,10.0,1,0.0,0.0,0.5,1350,
308,13440,-5.5,0.0,5.88,3,0.0,1.0,0.5,1350,
309,13568,-7.5,0.0,9.8,5,0.4,0.8,0.5,1361,
310,13568,-3.7,0.0,3.45,1,0.0,0.0,0.5,1361,
311,13568,-3.7,0.0,15.79,3,0.0,0.0,0.5,1361,
312,13632,-3.0,0.0,4.55,1,0.0,0.0,0.5,1369,
313,13632,-2.2,0.0,7.14,1,0.0,0.0,0.5,1369,
314,13760,-1.7,0.0,11.11,1,0.0,0.0,0.5,1380,
315,13824,-5.0,0.0,3.92,2,0.0,1.0,0.5,1391,
316,13888,-6.8,0.0,23.33,7,0.0,0.2857,0.5,1395,
317,13888,-5.1,0.0,21.43,6,0.1667,0.1667,0.5,1395,
318,13888,-7.0,0.0,7.84,4,0.5,0.75,0.5,1395,
319,14016,-7.0,0.0,7.84,4,0.0,0.5,0.5,1402,
320,14016,-4.4,0.0,11.54,3,0.0,0.3333,0.5,1402,
321,14080,-6.2,0.0,20.59,7,0.0,0.5714,0.5,1406,
322,14080,-7.0,0.0,11.76,6,0.0,0.5,0.5,1406,
323,14144,-6.0,0.0,7.84,4,0.0,0.5,0.5,1410,
324,14144,-2.2,0.0,4.17,1,0.0,0.0,0.5,1410,
325,14272,-6.5,0.0,9.8,5,0.0,0.8,0.5,1419,
326,14336,-7.2,0.0,15.38,6,0.1667,0.0,0.5,1427,
327,14336,-7.0,0.0,7.84,4,0.25,0.25,0.5,1427,
328,14336,-3.9,0.0,3.23,1,0.0,0.0,0.5,1427,
329,14336,4.7,1.0,13.64,6,0.1667,0.1667,0.5,1427,
330,14464,-7.5,0.0,9.8,5,0.0,0.2,0.5,1438,
331,14464,-7.0,0.0,11.76,6,0.1667,1.0,0.5,1438,
332,14528,-9.5,0.0,17.65,9,0.3333,0.3333,0.5,1444,
333,14528,-6.5,0.0,9.8,5,0.2,0.2,0.5,1444,
334,14592,-8.0,0.0,11.76,6,0.3333,0.5,0.5,1450,
335,14592,-5.3,0.0,6.67,3,0.0,0.0,0.5,1450,
336,14656,-7.5,0.0,13.73,7,0.2857,0.4286,0.5,1454,
337,14656,-2.5,0.0,16.67,2,0.0,0.5,0.5,1454,
338,14720,-8.5,0.0,13.73,7,0.0,0.5714,0.5,1460,
339,14720,-2.8,0.0,5.0,1,0.0,0.0,0.5,1460,
340,14784,-7.5,0.0,9.8,5,0.0,0.2,0.5,1464,
341,14784,-5.0,0.0,3.92,2,0.0,0.5,0.5,1464,
342,14848,-5.1,0.0,2.33,1,0.0,0.0,0.5,1471,
343,14912,-6.0,0.0,3.92,2,0.0,0.0,0.5,1476,
344,14912,-7.5,0.0,9.8,5,0.0,0.4,0.5,1476,
345,14976,-6.0,0.0,3.92,2,0.0,1.0,0.5,1481,
346,15040,-4.2,0.0,5.13,2,0.0,0.5,0.5,1488,
347,15104,-5.0,0.0,3.92,2,0.0,0.5,0.5,1496,
348,15104,-2.6,0.0,15.38,2,0.0,0.0,0.5,1496,
349,15168,-7.0,0.0,7.84,4,0.75,0.75,0.5,1499,
350,15232,3.8,1.0,18.6,8,0.125,0.625,0.5,1505,
351,15232,-7.5,0.0,9.8,5,0.2,0.4,0.5,1505,
352,15296,-3.3,0.0,6.67,2,0.0,0.5,0.5,1510,
353,15296,-3.7,0.0,15.79,3,0.0,0.6667,0.5,1510,
354,15360,-2.3,0.0,10.0,2,0.0,0.5,0.5,1518,
355,15424,-8.3,0.0,15.56,7,0.0,0.2857,0.5,1523,
356,15616,-2.8,0.0,5.0,1,0.0,0.0,0.5,1549,
357,15680,-8.0,0.0,11.76,6,0.3333,0.5,0.5,1553,
358,15744,-8.5,0.0,13.73,7,0.1429,0.2857,0.5,1557,
359,15744,-8.0,0.0,15.69,8,0.5,0.5,0.5,1557,
360,15744,-5.5,0.0,1.96,1,0.0,1.0,0.5,1557,
361,15744,-6.0,0.0,3.92,2,0.0,0.5,0.5,1557,
362,15808,-3.1,0.0,4.35,1,0.0,0.0,0.5,1559,
363,15872,6.0,1.0,13.89,5,0.2,0.4,0.5,1565,
364,15936,-5.0,0.0,3.92,2,0.0,0.5,0.5,1574,
365,15936,-6.0,0.0,3.92,2,0.5,0.5,0.5,1574,
366,15936,-7.0,0.0,7.84,4,0.25,0.5,0.5,1574,
367,16000,-6.5,0.0,5.88,3,0.0,0.6667,0.5,1584,
368,16064,-8.5,0.0,17.65,9,0.3333,0.3333,0.5,1590,
369,16128,-6.5,0.0,5.88,3,0.0,0.0,0.5,1594,
370,16192,-5.5,0.0,1.96,1,0.0,0.0,0.5,1604,
371,16256,-6.5,0.0,9.8,5,0.2,0.4,0.5,1609,
372,16256,-7.5,0.0,9.8,5,0.2,0.2,0.5,1609,
373,16256,-7.0,0.0,7.84,4,0.25,0.5,0.5,1609,
374,16256,-7.0,0.0,7.84,4,0.0,0.0,0.5,1609,
375,16256,-3.6,0.0,3.57,1,0.0,0.0,0.5,1609,
376,16320,-6.0,0.0,7.84,4,0.0,0.25,0.5,1611,
377,16448,-3.6,0.0,3.57,1,0.0,0.0,0.5,1624,
378,16512,-7.5,0.0,9.8,5,0.0,0.6,0.5,1633,
379,16576,-6.4,0.0,19.35,6,0.0,0.5,0.5,1638,
380,16576,-8.0,0.0,11.76,6,0.0,0.5,0.5,1638,
381,16640,-6.0,0.0,7.84,4,0.0,0.25,0.5,1639,
382,16704,-7.0,0.0,11.76,6,0.0,0.5,0.5,1644,
383,16768,-1.6,0.0,12.5,1,0.0,0.0,0.5,1650,
384,16832,-6.0,0.0,3.92,2,0.0,0.0,0.5,1656,
385,16832,-7.5,0.0,9.8,5,0.0,0.8,0.5,1656,
386,16832,-1.8,0.0,10.0,1,0.0,0.0,0.5,1656,
387,16896,-5.5,0.0,5.88,3,0.0,0.6667,0.5,1664,
388,16896,-5.5,0.0,5.88,3,0.0,0.6667,0.5,1664,
389,16896,-1.8,0.0,10.0,1,0.0,0.0,0.5,1664,
390,16896,-3.2,0.0,4.17,1,0.0,0.0,0.5,1664,
391,16960,-2.7,0.0,5.26,1,0.0,0.0,0.5,1667,
392,17024,-4.6,0.0,6.06,2,0.0,0.0,0.5,1674,
393,17024,-7.0,0.0,11.76,6,0.0,0.6667,0.5,1674,
394,17024,-5.1,0.0,14.29,4,0.0,0.5,0.5,1674,
395,17088,-8.0,0.0,11.76,6,0.1667,0.3333,0.5,1678,
396,17088,-5.0,0.0,9.38,3,0.3333,0.0,0.5,1678,
397,17152,-5.5,0.0,5.88,3,0.0,0.6667,0.5,1684,
398,17152,-7.0,0.0,11.76,6,0.1667,0.6667,0.5,1684,
399,17152,-6.9,0.0,22.58,7,0.1429,0.5714,0.5,1684,
400,17280,6.2,1.0,4.08,2,0.5,0.5,0.5,1695,
401,17280,-8.0,0.0,11.76,6,0.1667,0.5,0.5,1695,
402,17280,-6.5,0.0,5.88,3,0.0,0.0,0.5,1695,
403,17280,-1.6,0.0,15.38,2,0.0,0.0,0.5,1695,
404,17408,-6.0,0.0,7.84,4,0.5,1.0,0.5,1707,
405,17536,-1.8,0.0,10.0,1,0.0,0.0,0.5,1723,
406,17600,-3.7,0.0,10.34,3,0.0,0.0,0.5,1729,
407,17600,-7.4,0.0,7.84,4,0.25,0.5,0.5,1729,
408,17600,-6.0,0.0,3.92,2,0.5,0.5,0.5,1729,
409,17600,-3.0,0.0,11.76,2,0.0,0.5,0.5,1729,
410,17728,-4.7,0.0,10.34,3,0.0,0.3333,0.5,1740,
411,17728,-7.0,0.0,7.84,4,0.0,0.25,0.5,1740,
412,17728,-3.1,0.0,7.14,2,0.0,0.5,0.5,1740,
413,17792,-7.0,0.0,11.76,6,0.0,0.5,0.5,1741,
414,17792,-8.0,0.0,11.76,6,0.0,0.1667,0.5,1741,
415,17856,-7.0,0.0,7.84,4,0.5,1.0,0.5,1743,
416,17920,-5.0,0.0,3.92,2,0.0,0.0,0.5,1750,
417,17984,-7.5,0.0,9.8,5,0.0,0.8,0.5,1755,
418,17984,-8.0,0.0,11.76,6,0.1667,0.3333,0.5,1755,
419,17984,4.3,1.0,16.28,7,0.1429,0.2857,0.5,1755,
420,17984,-3.7,0.0,3.45,1,0.0,0.0,0.5,1755,
421,18048,-8.5,0.0,13.73,7,0.0,0.4286,0.5,1761,
422,18048,-4.0,0.0,3.12,1,0.0,0.0,0.5,1761,
423,18048,-5.5,0.0,5.88,3,0.3333,0.3333,0.5,1761,
424,18112,-8.5,0.0,14.89,7,0.1429,0.4286,0.5,1769,
425,18112,-7.4,0.0,7.84,4,0.0,0.5,0.5,1769,
426,18112,8.7,1.0,8.33,2,0.0,1.0,0.5,1769,
427,18176,11.4,1.0,0.0,0,,,0.5,1776,
428,18176,-6.0,0.0,3.92,2,0.0,0.5,0.5,1776,
429,18240,-8.5,0.0,17.65,9,0.0,0.6667,0.5,1782,
430,18304,-6.0,0.0,4.26,2,0.0,0.0,0.5,1786,
431,18368,-7.0,0.0,7.84,4,0.25,0.25,0.5,1791,
432,18432,7.8,1.0,27.78,5,0.4,0.6,0.5,1798,
433,18496,-3.2,0.0,21.43,3,0.6667,0.6667,0.5,1806,
434,18560,-6.5,0.0,5.88,3,0.0,0.3333,0.5,1813,
435,18560,-3.3,0.0,10.0,2,0.0,0.5,0.5,1813,
436,18624,-6.0,0.0,8.51,4,0.0,0.75,0.5,1815,
437,18688,-6.0,0.0,3.92,2,0.5,0.5,0.5,1820,
438,18688,-5.6,0.0,4.65,2,0.0,0.0,0.5,1820,
439,18688,-4.3,0.0,12.0,3,0.3333,0.6667,0.5,1820,
440,18752,9.8,1.0,5.56,1,0.0,1.0,0.5,1822,
441,18816,-4.4,0.0,6.45,2,0.0,0.5,0.5,1830,
442,18816,-2.9,0.0,12.5,2,0.0,0.5,0.5,1830,
443,18816,-3.9,0.0,15.38,4,0.0,0.25,0.5,1830,
444,18816,-5.2,0.0,5.13,2,0.5,0.0,0.5,1830,
445,18944,-7.5,0.0,9.8,5,0.0,0.8,0.5,1842,
446,19008,-6.5,0.0,5.88,3,0.0,0.3333,0.5,1851,
447,19008,-8.0,0.0,11.76,6,0.0,0.3333,0.5,1851,
448,19072,-7.5,0.0,9.8,5,0.0,0.4,0.5,1859,
449,19136,-0.8,0.0,40.0,2,0.0,0.0,0.5,1870,
450,19136,10.4,1.0,28.57,2,0.0,1.0,0.5,1870,
451,19200,-6.0,0.0,7.84,4,0.0,0.25,0.5,1880,
452,19328,-3.1,0.0,11.11,2,0.0,0.5,0.5,1893,
453,19328,-2.6,0.0,3.57,1,0.0,0.0,0.5,1893,
454,19328,-7.5,0.0,9.8,5,0.0,0.4,0.5,1893,
455,19456,-4.0,0.0,13.64,3,0.0,0.3333,0.5,1899,
456,19520,-7.0,0.0,16.22,6,0.0,0.0,0.5,1904,
457,19520,-6.0,0.0,7.84,4,0.0,0.5,0.5,1904,
458,19520,-6.5,0.0,5.88,3,0.0,0.6667,0.5,1904,
459,19520,-10.5,0.0,21.57,11,0.0909,0.4545,0.5,1904,
460,19520,-3.8,0.0,3.33,1,0.0,0.0,0.5,1904,
461,19712,-7.2,0.0,11.36,5,0.0,0.4,0.5,1923,
462,19776,-2.3,0.0,6.67,1,0.0,0.0,0.5,1928,
463,19776,-3.6,0.0,10.71,3,0.0,0.3333,0.5,1928,
464,19840,-7.0,0.0,7.84,4,0.5,0.5,0.5,1936,
465,19840,-3.6,0.0,8.7,2,0.0,0.5,0.5,1936,
466,19904,-7.5,0.0,9.8,5,0.2,0.6,0.5,1940,
467,19968,-7.0,0.0,7.84,4,0.25,0.25,0.5,1946,
468,19968,9.3,1.0,11.11,2,0.0,0.5,0.5,1946,
469,20032,-7.5,0.0,9.8,5,0.0,0.6,0.5,1948,
470,20096,7.8,1.0,10.71,3,0.0,0.6667,0.5,1953,
471,20096,-7.0,0.0,7.84,4,0.0,0.75,0.5,1953,
472,20096,7.6,1.0,10.0,3,0.0,0.6667,0.5,1953,
473,20096,-6.0,0.0,3.92,2,0.0,0.0,0.5,1953,
474,20096,-3.4,0.0,9.52,2,0.0,0.5,0.5,1953,
475,20160,-7.5,0.0,13.73,7,0.0,0.5714,0.5,1962,
476,20160,-6.5,0.0,9.8,5,0.2,0.4,0.5,1962,
477,20224,-8.0,0.0,11.76,6,0.0,0.6667,0.5,1968,
478,20224,-3.2,0.0,10.53,2,0.0,0.5,0.5,1968,
479,20288,-6.0,0.0,7.84,4,0.0,0.25,0.5,1970,
480,20288,-6.0,0.0,3.92,2,0.5,0.5,0.5,1970,
481,20288,-7.0,0.0,7.84,4,0.0,0.5,0.5,1970,
482,20352,-5.5,0.0,1.96,1,0.0,1.0,0.5,1975,
483,20416,-3.7,0.0,28.57,4,0.5,0.5,0.5,1983,
484,20416,-5.0,0.0,7.14,3,0.0,0.3333,0.5,1983,
485,20416,-8.4,0.0,11.76,6,0.1667,0.3333,0.5,1983,
486,20480,-6.2,0.0,10.26,4,0.25,0.25,0.5,1989,
487,20544,-2.0,0.0,8.33,1,0.0,0.0,0.5,1993,
488,20544,-7.0,0.0,7.84,4,0.25,0.5,0.5,1993,
489,20544,-6.5,0.0,9.8,5,0.2,0.4,0.5,1993,
490,20672,-6.0,0.0,7.84,4,0.0,0.0,0.5,2002,
491,20736,-4.5,0.0,6.25,2,0.0,0.5,0.5,2011,
492,20736,5.0,1.0,19.44,7,0.0,0.4286,0.5,2011,
493,20800,-5.9,0.0,16.13,5,0.0,0.4,0.5,2014,
494,20864,-7.5,0.0,9.8,5,0.0,0.4,0.5,2021,
495,20992,-8.0,0.0,11.76,6,0.0,0.3333,0.5,2034,
496,20992,4.1,1.0,12.0,6,0.1667,0.5,0.5,2034,
497,21056,-5.2,0.0,5.13,2,0.0,0.0,0.5,2042,
498,21120,-7.5,0.0,13.73,7,0.0,0.5714,0.5,2046,
499,21120,-4.9,0.0,15.38,4,0.0,0.75,0.5,2046,
500,21184,-2.2,0.0,7.14,1,0.0,0.0,0.5,2050,
501,21184,-7.0,0.0,7.84,4,0.0,0.25,0.5,2050,
502,21248,-7.5,0.0,13.73,7,0.0,0.4286,0.5,2059,
503,21248,-6.0,0.0,7.84,4,0.0,0.75,0.5,2059,
504,21312,-7.0,0.0,7.84,4,0.0,0.75,0.5,2060,
505,21312,7.8,1.0,10.71,3,0.0,0.6667,0.5,2060,
506,21312,-5.5,0.0,1.96,1,0.0,1.0,0.5,2060,
507,21376,-7.0,0.0,7.84,4,0.5,1.0,0.5,2063,
508,21376,-7.0,0.0,7.84,4,0.0,0.5,0.5,2063,
509,21376,-7.0,0.0,7.84,4,0.25,0.5,0.5,2063,
510,21504,-7.5,0.0,9.8,5,0.0,0.6,0.5,2072,
511,21568,-4.0,0.0,3.12,1,0.0,0.0,0.5,2078,
512,21632,-3.2,0.0,4.17,1,0.0,0.0,0.5,2084,
513,21632,-1.7,0.0,5.26,1,0.0,0.0,0.5,2084,
514,21696,-3.6,0.0,3.57,1,0.0,0.0,0.5,2086,
515,21760,-1.7,0.0,5.26,1,0.0,0.0,0.5,2092,
516,21760,-5.3,0.0,5.0,2,0.0,0.5,0.5,2092,
517,21760,-6.5,0.0,5.88,3,0.0,0.3333,0.5,2092,
518,21824,-6.5,0.0,5.88,3,0.0,0.3333,0.5,2098,
519,21824,-1.9,0.0,9.09,1,0.0,0.0,0.5,2098,
520,21824,-3.6,0.0,3.57,1,0.0,0.0,0.5,2098,
521,21888,-6.0,0.0,3.92,2,0.0,0.5,0.5,2101,
522,21952,-5.2,0.0,2.27,1,0.0,0.0,0.5,2109,
523,21952,-6.0,0.0,3.92,2,0.0,1.0,0.5,2109,
524,22080,-5.6,0.0,4.65,2,0.0,0.5,0.5,2123,
525,22208,7.1,1.0,8.57,3,0.3333,0.6667,0.5,2128,
526,22208,-5.5,0.0,1.96,1,0.0,0.0,0.5,2128,
527,22272,-2.8,0.0,13.33,2,0.0,0.5,0.5,2137,
528,22272,-8.5,0.0,13.73,7,0.1429,0.5714,0.5,2137,
529,22272,8.8,1.0,16.67,3,0.0,1.0,0.5,2137,
530,22336,-9.0,0.0,19.61,10,0.2,0.6,0.5,2142,
531,22336,-5.4,0.0,4.88,2,0.0,0.0,0.5,2142,
532,22400,-5.7,0.0,11.76,4,0.25,0.75,0.5,2148,
533,22400,-8.0,0.0,11.76,6,0.1667,0.6667,0.5,2148,
534,22528,-2.6,0.0,5.56,1,0.0,0.0,0.5,2158,
535,22592,-5.0,0.0,3.92,2,0.0,0.5,0.5,2162,
536,22592,-7.5,0.0,9.8,5,0.0,0.4,0.5,2162,
537,22656,-3.8,0.0,5.71,2,0.0,0.0,0.5,2169,
538,22656,9.0,1.0,18.75,3,0.3333,1.0,0.5,2169,
539,22720,-7.4,0.0,25.81,8,0.0,0.625,0.5,2175,
540,22720,-5.9,0.0,7.32,3,0.0,0.6667,0.5,2175,
541,22720,-6.3,0.0,6.67,3,0.0,0.6667,0.5,2175,
542,22784,-7.5,0.0,9.8,5,0.2,0.6,0.5,2181,
543,22784,-6.5,0.0,5.88,3,0.0,1.0,0.5,2181,
544,22848,-6.6,0.0,6.25,3,0.0,0.0,0.5,2187,
545,22976,8.1,1.0,12.0,3,0.0,1.0,0.5,2200,
546,23104,-7.0,0.0,7.84,4,0.0,1.0,0.5,2209,
547,23232,-4.5,0.0,1.96,1,0.0,0.0,0.5,2221,
548,23296,-7.3,0.0,8.0,4,0.0,0.25,0.5,2226,
549,23360,-6.0,0.0,3.92,2,0.5,0.5,0.5,2230,
550,23360,-6.5,0.0,5.88,3,0.0,0.3333,0.5,2230,
551,23424,-1.5,0.0,5.88,1,0.0,0.0,0.5,2234,
552,23424,-7.5,0.0,9.8,5,0.0,0.2,0.5,2234,
553,23424,-9.0,0.0,19.61,10,0.1,0.5,0.5,2234,
554,23488,-7.5,0.0,9.8,5,0.0,0.4,0.5,2241,
555,23552,-6.5,0.0,5.88,3,0.0,0.3333,0.5,2249,
556,23552,-4.3,0.0,2.86,1,0.0,0.0,0.5,2249,
557,23552,-7.5,0.0,13.73,7,0.0,0.5714,0.5,2249,
558,23552,-3.7,0.0,15.79,3,0.3333,0.0,0.5,2249,
559,23616,-5.3,0.0,13.33,4,0.0,0.25,0.5,2256,
560,23616,-7.0,0.0,11.76,6,0.0,0.8333,0.5,2256,
561,23680,11.0,1.0,16.67,1,0.0,1.0,0.5,2261,
562,23680,-7.5,0.0,9.8,5,0.4,0.4,0.5,2261,
563,23744,-7.5,0.0,9.8,5,0.2,0.2,0.5,2262,
564,23808,-4.7,0.0,4.55,2,0.0,0.0,0.5,2266,
565,23808,-5.0,0.0,3.92,2,0.0,0.5,0.5,2266,
566,23808,-7.0,0.0,11.76,6,0.1667,0.5,0.5,2266,
567,23808,-5.5,0.0,18.52,5,0.0,0.8,0.5,2266,
568,23936,-5.5,0.0,1.96,1,0.0,0.0,0.5,2276,
569,24000,-8.0,0.0,11.76,6,0.0,1.0,0.5,2280,
570,24064,-2.9,0.0,7.69,2,0.0,0.5,0.5,2285,
571,24064,-6.0,0.0,3.92,2,0.0,0.0,0.5,2285,
572,24128,-4.3,0.0,2.86,1,0.0,0.0,0.5,2292,
573,24128,-7.5,0.0,9.8,5,0.0,0.2,0.5,2292,
574,24192,-7.4,0.0,14.63,6,0.1667,0.3333,0.5,2300,
575,24256,-7.5,0.0,9.8,5,0.2,0.4,0.5,2303,
576,24256,-4.3,0.0,12.0,3,0.0,0.6667,0.5,2303,
577,24256,-2.2,0.0,7.14,1,0.0,0.0,0.5,2303,
578,24320,-6.0,0.0,3.92,2,0.0,0.5,0.5,2309,
579,24320,-4.5,0.0,11.11,3,0.3333,0.0,0.5,2309,
580,24448,-7.5,0.0,13.73,7,0.0,0.8571,0.5,2316,
581,24448,-6.0,0.0,3.92,2,0.0,0.5,0.5,2316,
582,24512,-8.0,0.0,15.69,8,0.125,0.625,0.5,2319,
583,24512,-7.5,0.0,9.8,5,0.0,0.4,0.5,2319,
584,24576,-4.2,0.0,8.82,3,0.0,0.3333,0.5,2326,
585,24576,-7.5,0.0,9.8,5,0.0,0.6,0.5,2326,
586,24640,-6.0,0.0,3.92,2,0.0,1.0,0.5,2333,
587,24768,-7.5,0.0,9.8,5,0.0,0.6,0.5,2347,
588,24768,-2.3,0.0,6.67,1,0.0,0.0,0.5,2347,
589,24896,-6.5,0.0,9.8,5,0.0,0.6,0.5,2354,
590,24960,-6.7,0.0,6.12,3,0.0,0.0,0.5,2360,
591,25024,-5.0,0.0,0.0,0,,,0.5,2365,
592,25024,-6.0,0.0,7.84,4,0.0,0.75,0.5,2365,
593,25024,-8.0,0.0,15.69,8,0.125,0.375,0.5,2365,
594,25088,-7.0,0.0,11.76,6,0.1667,0.6667,0.5,2372,
595,25088,-3.7,0.0,8.33,2,0.0,0.0,0.5,2372,
596,25088,-6.0,0.0,10.81,4,0.0,0.5,0.5,2372,
597,25088,-6.0,0.0,3.92,2,0.0,0.5,0.5,2372,
598,25152,-1.9,0.0,4.76,1,0.0,0.0,0.5,2377,
599,25152,8.1,1.0,12.0,3,0.0,1.0,0.5,2377,
600,25216,-7.0,0.0,11.76,6,0.1667,0.6667,0.5,2386,
601,25216,-7.0,0.0,7.84,4,0.25,0.5,0.5,2386,
602,25472,-6.5,0.0,5.88,3,0.0,0.3333,0.5,2410,
603,25472,-9.0,0.0,15.69,8,0.125,0.75,0.5,2410,
604,25536,-7.0,0.0,11.76,6,0.1667,0.6667,0.5,2415,
605,25536,-8.5,0.0,13.73,7,0.0,0.7143,0.5,2415,
606,25536,-6.5,0.0,9.8,5,0.2,0.0,0.5,2415,
607,25728,8.3,1.0,3.03,1,0.0,1.0,0.5,2427,
608,25792,-3.1,0.0,4.35,1,0.0,0.0,0.5,2430,
609,25792,-6.0,0.0,7.84,4,0.0,0.5,0.5,2430,
610,25856,-5.6,0.0,7.89,3,0.0,0.0,0.5,2441,
611,25856,-6.2,0.0,4.08,2,0.0,0.0,0.5,2441,
612,25856,6.0,1.0,13.89,5,0.2,0.4,0.5,2441,
613,25856,-6.5,0.0,5.88,3,0.0,0.0,0.5,2441,
614,25920,-5.5,0.0,5.88,3,0.0,0.3333,0.5,2448,
615,25984,-6.5,0.0,5.88,3,0.0,0.6667,0.5,2453,
616,26048,-6.3,0.0,10.0,4,0.25,0.25,0.5,2460,
617,26048,-6.5,0.0,5.88,3,0.0,0.6667,0.5,2460,
618,26048,-8.5,0.0,13.73,7,0.1429,0.5714,0.5,2460,
619,26048,-2.3,0.0,6.67,1,0.0,0.0,0.5,2460,
620,26112,-8.0,0.0,11.76,6,0.0,0.1667,0.5,2462,
621,26112,-3.2,0.0,4.17,1,0.0,0.0,0.5,2462,
622,26176,-4.7,0.0,7.69,3,0.0,0.0,0.5,2473,
623,26176,-3.7,0.0,15.79,3,0.3333,0.3333,0.5,2473,
624,26176,7.4,1.0,9.38,3,0.3333,0.6667,0.5,2473,
625,26176,-3.5,0.0,17.65,3,0.0,0.3333,0.5,2473,
626,26240,-6.5,0.0,5.88,3,0.0,0.6667,0.5,2475,
627,26368,-5.0,0.0,3.92,2,0.0,0.5,0.5,2489,
628,26368,-2.9,0.0,4.76,1,0.0,0.0,0.5,2489,
629,26432,7.7,1.0,5.88,2,0.0,1.0,0.5,2500,
630,26496,-4.5,0.0,1.96,1,0.0,0.0,0.5,2510,
631,26560,6.3,1.0,6.98,3,0.0,1.0,0.5,2511,
632,26624,-7.5,0.0,9.8,5,0.0,0.8,0.5,2514,
633,26688,-6.5,0.0,5.88,3,0.0,0.3333,0.5,2519,
634,26688,-1.5,0.0,14.29,1,0.0,0.0,0.5,2519,
635,26688,-5.5,0.0,8.11,3,0.3333,0.3333,0.5,2519,
636,26688,-6.5,0.0,5.88,3,0.6667,0.0,0.5,2519,
637,26688,8.3,1.0,3.03,1,0.0,1.0,0.5,2519,
638,26816,-5.5,0.0,1.96,1,0.0,0.0,0.5,2525,
639,26816,-5.8,0.0,7.5,3,0.0,0.6667,0.5,2525,
640,26880,-6.5,0.0,5.88,3,0.0,0.6667,0.5,2530,
641,26880,-5.4,0.0,6.52,3,0.0,0.3333,0.5,2530,
642,26880,-2.9,0.0,12.5,2,0.0,0.5,0.5,2530,
643,26880,-4.6,0.0,10.71,3,0.0,0.3333,0.5,2530,
644,26944,-6.5,0.0,9.8,5,0.0,0.8,0.5,2532,
645,27008,-5.5,0.0,1.96,1,1.0,0.0,0.5,2536,
646,27072,-8.5,0.0,13.73,7,0.1429,0.2857,0.5,2539,
647,27136,-2.8,0.0,5.0,1,0.0,0.0,0.5,2542,
648,27200,-5.4,0.0,2.17,1,0.0,0.0,0.5,2549,
649,27200,-2.9,0.0,4.76,1,0.0,0.0,0.5,2549,
650,27264,-7.0,0.0,7.84,4,0.25,0.5,0.5,2552,
651,27328,-2.8,0.0,13.33,2,0.0,0.5,0.5,2558,
652,27328,-4.2,0.0,8.82,3,0.0,0.3333,0.5,2558,
653,27328,-6.5,0.0,5.88,3,0.0,0.3333,0.5,2558,
654,27328,-7.5,0.0,9.8,5,0.0,0.4,0.5,2558,
655,27392,-6.0,0.0,7.84,4,0.0,0.75,0.5,2559,
656,27456,-7.5,0.0,9.8,5,0.2,0.6,0.5,2566,
657,27520,-5.4,0.0,8.33,3,0.0,0.6667,0.5,2569,
658,27584,-7.1,0.0,12.5,6,0.1667,0.5,0.5,2572,
659,27648,-3.5,0.0,3.7,1,0.0,0.0,0.5,2580,
660,27648,-6.8,0.0,6.0,3,0.0,0.3333,0.5,2580,
661,27712,-8.0,0.0,11.76,6,0.0,0.6667,0.5,2585,
662,27776,-2.3,0.0,10.0,2,0.5,0.5,0.5,2592,
663,27776,-6.3,0.0,11.11,5,0.0,0.4,0.5,2592,
664,27776,-7.5,0.0,10.64,5,0.0,0.4,0.5,2592,
665,27776,-7.0,0.0,7.84,4,0.0,0.5,0.5,2592,
666,27904,-7.0,0.0,7.84,4,0.0,0.5,0.5,2599,
667,28032,-9.0,0.0,15.69,8,0.0,0.625,0.5,2604,
668,28160,-2.2,0.0,7.14,1,0.0,0.0,0.5,2614,
669,28160,-5.9,0.0,7.32,3,0.3333,0.3333,0.5,2614,
670,28224,-2.9,0.0,4.76,1,0.0,0.0,0.5,2616,
671,28288,-9.5,0.0,17.65,9,0.0,0.6667,0.5,2618,
672,28288,-7.5,0.0,9.8,5,0.2,0.6,0.5,2618,
673,28352,-7.0,0.0,7.84,4,0.25,0.5,0.5,2629,
674,28352,-2.9,0.0,7.69,2,0.0,0.5,0.5,2629,
675,28352,-5.0,0.0,5.41,2,0.0,0.0,0.5,2629,
676,28416,-6.3,0.0,14.29,5,0.2,0.0,0.5,2632,
677,28416,-6.5,0.0,5.88,3,0.0,0.3333,0.5,2632,
678,28480,-5.0,0.0,3.92,2,0.0,0.5,0.5,2635,
679,28544,-3.2,0.0,4.17,1,0.0,0.0,0.5,2641,
680,28736,-5.0,0.0,3.92,2,0.5,1.0,0.5,2654,
681,28736,-7.5,0.0,9.8,5,0.0,0.6,0.5,2654,
682,28800,-5.9,0.0,7.32,3,0.3333,0.3333,0.5,2660,
683,28800,-6.5,0.0,5.88,3,0.3333,0.3333,0.5,2660,
684,28800,-5.5,0.0,5.88,3,0.3333,0.6667,0.5,2660,
685,28800,-4.8,0.0,10.0,3,0.0,0.3333,0.5,2660,
686,28864,-1.5,0.0,5.88,1,0.0,0.0,0.5,2664,
687,28928,-3.2,0.0,10.53,2,0.0,0.5,0.5,2672,
688,28928,-6.6,0.0,9.3,4,0.0,0.5,0.5,2672,
689,28992,-6.5,0.0,5.88,3,0.0,0.3333,0.5,2679,
690,28992,-6.4,0.0,6.52,3,0.0,0.0,0.5,2679,
691,28992,-1.8,0.0,10.0,1,0.0,0.0,0.5,2679,
692,29056,5.9,1.0,6.38,3,0.0,0.3333,0.5,2680,
693,29056,-9.0,0.0,19.61,10,0.2,0.6,0.5,2680,
694,29056,-5.0,0.0,3.92,2,0.0,0.5,0.5,2680,
695,29120,-8.5,0.0,13.73,7,0.0,0.2857,0.5,2686,
696,29184,-6.4,0.0,13.89,5,0.0,0.4,0.5,2689,
697,29184,-5.6,0.0,2.08,1,0.0,0.0,0.5,2689,
698,29248,-4.0,0.0,3.12,1,0.0,0.0,0.5,2694,
699,29248,-6.8,0.0,10.0,5,0.0,0.2,0.5,2694,
700,29312,-5.5,0.0,1.96,1,0.0,0.0,0.5,2698,
701,29312,-4.7,0.0,2.56,1,0.0,0.0,0.5,2698,
702,29312,-3.0,0.0,7.41,2,0.0,0.5,0.5,2698,
703,29376,-5.0,0.0,0.0,0,,,0.5,2702,
704,29440,-6.0,0.0,3.92,2,0.0,0.5,0.5,2706,
705,29632,-1.3,0.0,20.0,2,0.0,0.0,0.5,2718,
706,29632,-6.0,0.0,7.84,4,0.0,0.5,0.5,2718,
707,29632,-3.7,0.0,15.79,3,0.3333,0.3333,0.5,2718,
708,29696,-7.5,0.0,9.8,5,0.0,0.4,0.5,2723,
709,29760,-6.8,0.0,6.0,3,0.0,0.6667,0.5,2724,
710,29888,-4.0,0.0,0.0,0,,,0.5,2727,
711,29952,-6.5,0.0,5.88,3,0.3333,0.3333,0.5,2734,
712,29952,-1.6,0.0,5.56,1,0.0,0.0,0.5,2734,
713,29952,-4.5,0.0,18.18,4,0.25,0.5,0.5,2734,
714,29952,-6.5,0.0,5.88,3,0.0,0.0,0.5,2734,
715,29952,-5.5,0.0,1.96,1,1.0,0.0,0.5,2734,
716,29952,-4.9,0.0,15.38,4,0.0,0.5,0.5,2734,
717,29952,-6.0,0.0,7.84,4,0.25,0.75,0.5,2734,
718,30080,-7.5,0.0,9.8,5,0.0,0.4,0.5,2742,
719,30144,-6.0,0.0,3.92,2,0.0,0.0,0.5,2749,
720,30144,-3.3,0.0,10.0,2,0.0,0.5,0.5,2749,
721,30208,-3.5,0.0,9.09,2,0.0,0.0,0.5,2754,
722,30208,-7.5,0.0,13.73,7,0.1429,0.4286,0.5,2754,
723,30208,-1.7,0.0,11.11,1,0.0,0.0,0.5,2754,
724,30336,-7.5,0.0,9.8,5,0.0,0.2,0.5,2765,
725,30400,-6.5,0.0,5.88,3,0.0,0.6667,0.5,2772,
726,30400,-1.4,0.0,18.18,2,0.0,0.5,0.5,2772,
727,30400,-5.2,0.0,8.82,3,0.0,0.6667,0.5,2772,
728,30464,-4.8,0.0,2.5,1,0.0,0.0,0.5,2779,
729,30464,-4.5,0.0,1.96,1,0.0,0.0,0.5,2779,
730,30528,-3.2,0.0,4.17,1,0.0,0.0,0.5,2789,
731,30592,-5.5,0.0,5.88,3,0.0,0.6667,0.5,2795,
732,30592,-5.0,0.0,0.0,0,,,0.5,2795,
733,30592,-5.9,0.0,5.88,3,0.0,0.0,0.5,2795,
734,30592,-5.5,0.0,1.96,1,0.0,1.0,0.5,2795,
735,30656,-7.5,0.0,9.8,5,0.0,0.4,0.5,2799,
736,30720,-3.0,0.0,4.55,1,0.0,0.0,0.5,2805,
737,30720,-5.0,0.0,5.41,2,0.0,0.0,0.5,2805,
738,30720,-7.0,0.0,7.84,4,0.0,0.75,0.5,2805,
739,30784,-6.0,0.0,7.84,4,0.0,0.0,0.5,2813,
740,30912,-6.5,0.0,9.8,5,0.2,0.4,0.5,2821,
741,30912,-6.5,0.0,5.88,3,0.0,0.6667,0.5,2821,
742,31040,-6.5,0.0,5.88,3,0.3333,0.3333,0.5,2836,
743,31040,-2.6,0.0,15.38,2,0.0,0.0,0.5,2836,
744,31040,-3.5,0.0,17.65,3,0.0,0.3333,0.5,2836,
745,31040,-5.5,0.0,5.88,3,0.0,0.3333,0.5,2836,
746,31040,-7.5,0.0,13.73,7,0.1429,0.5714,0.5,2836,
747,31232,-5.2,0.0,5.13,2,0.0,0.0,0.5,2848,
748,31296,-6.0,0.0,3.92,2,0.0,0.5,0.5,2857,
749,31424,-4.9,0.0,2.44,1,0.0,0.0,0.5,2869,
750,31424,-6.0,0.0,3.92,2,0.0,0.5,0.5,2869,
751,31424,-8.9,0.0,13.73,7,0.0,0.4286,0.5,2869,
752,31552,-4.9,0.0,5.56,2,0.0,0.5,0.5,2876,
753,31552,-6.5,0.0,5.88,3,0.0,1.0,0.5,2876,
754,31616,-8.5,0.0,17.65,9,0.0,0.5556,0.5,2880,
755,31680,-6.5,0.0,5.88,3,0.0,0.3333,0.5,2885,
756,31744,-7.0,0.0,7.84,4,0.0,0.5,0.5,2888,
757,31808,-3.4,0.0,11.54,3,0.0,0.3333,0.5,2892,
758,31936,10.7,1.0,0.0,0,,,0.5,2899,
759,32000,-7.0,0.0,11.76,6,0.1667,0.3333,0.5,2900,
760,32000,-4.3,0.0,12.0,3,0.0,0.0,0.5,2900,
761,32064,-6.5,0.0,5.88,3,0.0,0.3333,0.5,2906,
762,32128,-3.5,0.0,17.65,3,0.0,0.0,0.5,2910,
763,32192,-6.5,0.0,5.88,3,0.3333,0.6667,0.5,2915,
764,32192,-6.0,0.0,3.92,2,0.0,0.5,0.5,2915,
765,32256,-6.5,0.0,5.88,3,0.3333,0.0,0.5,2920,
766,32320,-5.5,0.0,1.96,1,0.0,0.0,0.5,2928,
767,32320,-6.0,0.0,3.92,2,0.0,0.5,0.5,2928,
768,32320,-6.0,0.0,3.92,2,0.0,0.5,0.5,2928,
769,32320,-5.7,0.0,11.76,4,0.0,0.25,0.5,2928,
770,32384,-7.0,0.0,11.76,6,0.0,0.3333,0.5,2938,
771,32384,-5.6,0.0,7.89,3,0.0,0.3333,0.5,2938,
772,32448,-5.5,0.0,5.88,3,0.0,0.3333,0.5,2944,
773,32448,-6.0,0.0,3.92,2,0.0,0.5,0.5,2944,
774,32512,-6.5,0.0,9.8,5,0.0,0.2,0.5,2948,
775,32576,-5.5,0.0,1.96,1,0.0,0.0,0.5,2954,
776,32576,-7.5,0.0,9.8,5,0.0,0.4,0.5,2954,
777,32640,-6.5,0.0,9.8,5,0.0,0.8,0.5,2957,
778,32704,-2.5,0.0,16.67,2,0.0,0.0,0.5,2966,
779,32704,10.5,1.0,9.09,1,0.0,1.0,0.5,2966,
780,32704,-5.5,0.0,5.88,3,0.0,0.6667,0.5,2966,
781,32768,-5.9,0.0,11.11,4,0.0,0.25,0.5,2973,
782,32896,-7.0,0.0,7.84,4,0.0,0.25,0.5,2981,
783,32896,-8.0,0.0,11.76,6,0.1667,0.5,0.5,2981,
784,32960,-5.5,0.0,8.11,3,0.0,0.3333,0.5,2984,
785,33024,-8.0,0.0,11.76,6,0.1667,0.1667,0.5,2989,
786,33152,-5.5,0.0,5.88,3,0.3333,0.0,0.5,2995,
787,33152,-4.2,0.0,6.9,2,0.5,0.0,0.5,2995,
788,33216,-6.5,0.0,9.8,5,0.0,0.6,0.5,3000,
789,33216,-7.0,0.0,7.84,4,0.0,0.25,0.5,3000,
790,33216,-8.2,0.0,15.91,7,0.1429,0.2857,0.5,3000,
791,33216,-8.5,0.0,13.73,7,0.1429,0.2857,0.5,3000,
792,33216,-6.5,0.0,9.8,5,0.0,0.8,0.5,3000,
793,33216,-7.0,0.0,7.84,4,0.0,0.5,0.5,3000,
794,33216,-2.7,0.0,15.79,3,0.0,0.3333,0.5,3000,
795,33344,-5.5,0.0,1.96,1,0.0,0.0,0.5,3004,
796,33408,-4.2,0.0,2.94,1,0.0,0.0,0.5,3009,
797,33472,-6.5,0.0,9.8,5,0.0,0.4,0.5,3014,
798,33472,-5.5,0.0,6.38,3,0.0,0.3333,0.5,3014,
799,33472,-5.5,0.0,1.96,1,0.0,1.0,0.5,3014,
800,33536,-3.4,0.0,18.75,3,0.0,0.3333,0.5,3020,
801,33600,-7.5,0.0,9.8,5,0.0,0.6,0.5,3024,
802,33600,-3.2,0.0,4.17,1,0.0,0.0,0.5,3024,
803,33664,-6.5,0.0,5.88,3,0.0,0.6667,0.5,3029,
804,33792,-6.5,0.0,5.88,3,0.0,0.6667,0.5,3037,
805,33856,-7.0,0.0,11.76,6,0.0,0.5,0.5,3042,
806,33856,-6.5,0.0,5.88,3,0.0,1.0,0.5,3042,
807,33856,-3.7,0.0,8.33,2,0.5,0.5,0.5,3042,
808,33856,-8.0,0.0,11.76,6,0.0,0.6667,0.5,3042,
809,33920,-2.4,0.0,18.18,2,0.0,0.5,0.5,3049,
810,33920,-6.5,0.0,5.88,3,0.0,0.3333,0.5,3049,
811,33920,-2.8,0.0,8.0,2,0.0,0.5,0.5,3049,
812,33984,-5.0,0.0,3.92,2,0.0,0.5,0.5,3051,
813,33984,-6.5,0.0,5.88,3,0.0,0.3333,0.5,3051,
814,33984,-6.5,0.0,5.88,3,0.3333,0.0,0.5,3051,
815,33984,10.3,1.0,7.69,1,0.0,1.0,0.5,3051,
816,34048,-2.9,0.0,4.76,1,0.0,0.0,0.5,3056,
817,34048,-7.5,0.0,13.73,7,0.1429,0.2857,0.5,3056,
818,34112,-5.4,0.0,12.9,4,0.0,0.5,0.5,3062,
819,34112,-5.2,0.0,5.13,2,0.0,0.0,0.5,3062,
820,34176,-6.5,0.0,9.8,5,0.0,0.6,0.5,3064,
821,34176,-6.5,0.0,5.88,3,0.0,0.3333,0.5,3064,
822,34240,-3.7,0.0,3.45,1,0.0,0.0,0.5,3069,
823,34240,-2.9,0.0,12.5,2,0.0,0.5,0.5,3069,
824,34304,-6.5,0.0,5.88,3,0.0,1.0,0.5,3071,
825,34304,-6.5,0.0,5.88,3,0.0,0.0,0.5,3071,
826,34304,-5.0,0.0,3.92,2,0.0,1.0,0.5,3071,
827,34432,-1.5,0.0,14.29,1,0.0,0.0,0.5,3075,
828,34496,-3.0,0.0,11.76,2,0.0,0.5,0.5,3077,
829,34560,-7.1,0.0,11.63,5,0.2,0.2,0.5,3083,
830,34560,9.0,1.0,9.52,2,0.5,0.5,0.5,3083,
831,34624,-6.1,0.0,4.17,2,0.0,0.5,0.5,3086,
832,34688,-7.0,0.0,7.84,4,0.0,0.0,0.5,3089,
833,34688,-7.5,0.0,13.73,7,0.0,0.2857,0.5,3089,
834,34688,-7.0,0.0,7.84,4,0.25,0.5,0.5,3089,
835,34816,-6.5,0.0,5.88,3,0.0,0.0,0.5,3094,
836,34880,-5.2,0.0,8.82,3,0.0,0.3333,0.5,3099,
837,34944,-6.5,0.0,9.8,5,0.0,0.6,0.5,3109,
838,35008,-5.0,0.0,3.92,2,0.0,0.0,0.5,3112,
839,35136,-3.8,0.0,3.33,1,0.0,0.0,0.5,3121,
840,35200,-4.9,0.0,9.68,3,0.0,0.3333,0.5,3125,
841,35264,-4.5,0.0,2.7,1,0.0,0.0,0.5,3127,
842,35328,10.4,1.0,8.33,1,0.0,0.0,0.5,3132,
843,35456,8.7,1.0,8.33,2,0.0,0.5,0.5,3139,
844,35456,-5.5,0.0,5.88,3,0.0,0.6667,0.5,3139,
845,35456,-6.5,0.0,9.8,5,0.2,0.0,0.5,3139,
846,35520,-5.5,0.0,1.96,1,0.0,0.0,0.5,3143,
847,35584,-6.5,0.0,5.88,3,0.6667,0.6667,0.5,3146,
848,35584,-4.5,0.0,1.96,1,0.0,0.0,0.5,3146,
849,35648,-5.5,0.0,1.96,1,1.0,0.0,0.5,3149,
850,35712,-5.0,0.0,3.92,2,0.5,0.5,0.5,3152,
851,35712,-8.0,0.0,11.76,6,0.0,0.8333,0.5,3152,
852,35840,-7.0,0.0,7.84,4,0.0,0.25,0.5,3159,
853,35840,-4.0,0.0,0.0,0,,,0.5,3159,
854,35904,-3.6,0.0,3.57,1,0.0,0.0,0.5,3163,
855,35904,-5.5,0.0,1.96,1,0.0,0.0,0.5,3163,
856,35968,-7.0,0.0,11.76,6,0.3333,0.5,0.5,3166,
857,35968,-3.1,0.0,3.03,1,0.0,0.0,0.5,3166,
858,36032,-6.5,0.0,5.88,3,0.0,0.3333,0.5,3167,
859,36160,-4.5,0.0,1.96,1,1.0,0.0,0.5,3176,
860,36160,-2.3,0.0,4.0,1,0.0,0.0,0.5,3176,
861,36224,-5.0,0.0,3.92,2,0.0,0.5,0.5,3180,
862,36224,-7.1,0.0,11.63,5,0.0,0.4,0.5,3180,
863,36288,-5.5,0.0,5.88,3,0.0,1.0,0.5,3190,
864,36288,-4.4,0.0,2.78,1,0.0,0.0,0.5,3190,
865,36288,-4.2,0.0,6.9,2,0.0,0.0,0.5,3190,
866,36288,-4.2,0.0,2.94,1,0.0,0.0,0.5,3190,
867,36416,-6.5,0.0,9.8,5,0.2,0.6,0.5,3196,
868,36480,-5.5,0.0,1.96,1,0.0,0.0,0.5,3204,
869,36480,-5.0,0.0,3.92,2,0.0,0.5,0.5,3204,
870,36480,-4.7,0.0,2.56,1,0.0,0.0,0.5,3204,
871,36608,-1.8,0.0,10.0,1,0.0,0.0,0.5,3213,
872,36608,-8.0,0.0,11.76,6,0.0,0.6667,0.5,3213,
873,36672,-6.7,0.0,6.12,3,0.0,0.3333,0.5,3218,
874,36672,6.7,1.0,11.76,4,0.0,0.75,0.5,3218,
875,36736,-5.5,0.0,1.96,1,0.0,1.0,0.5,3220,
876,36736,-7.0,0.0,11.76,6,0.3333,0.5,0.5,3220,
877,36800,-4.6,0.0,6.06,2,0.0,0.5,0.5,3225,
878,36864,6.5,1.0,4.35,2,0.0,0.0,0.5,3228,
879,36864,-6.0,0.0,3.92,2,0.0,0.5,0.5,3228,
880,36864,-7.5,0.0,9.8,5,0.2,0.4,0.5,3228,
881,36928,7.5,1.0,2.44,1,0.0,1.0,0.5,3234,
882,36928,-3.1,0.0,4.35,1,0.0,0.0,0.5,3234,
883,36928,-6.5,0.0,9.8,5,0.4,0.4,0.5,3234,
884,36992,-7.4,0.0,10.87,5,0.0,0.6,0.5,3239,
885,37056,-7.0,0.0,7.84,4,0.0,0.5,0.5,3242,
886,37120,-0.6,0.0,12.5,1,0.0,0.0,0.5,3248,
887,37120,-8.0,0.0,15.69,8,0.0,0.75,0.5,3248,
888,37120,-7.0,0.0,7.84,4,0.0,1.0,0.5,3248,
889,37120,-6.0,0.0,7.84,4,0.0,0.75,0.5,3248,
890,37184,-5.5,0.0,1.96,1,0.0,1.0,0.5,3252,
891,37184,8.2,1.0,2.94,1,0.0,0.0,0.5,3252,
892,37248,-6.5,0.0,5.88,3,0.0,0.3333,0.5,3258,
893,37312,-5.0,0.0,0.0,0,,,0.5,3261,
894,37312,8.2,1.0,6.9,2,0.5,1.0,0.5,3261,
895,37440,-5.5,0.0,1.96,1,0.0,0.0,0.5,3264,
896,37440,-5.0,0.0,3.92,2,0.0,0.5,0.5,3264,
897,37504,-5.0,0.0,0.0,0,,,0.5,3268,
898,37504,-6.0,0.0,3.92,2,0.0,0.5,0.5,3268,
899,37568,-5.5,0.0,1.96,1,0.0,0.0,0.5,3271,
900,37568,-5.5,0.0,1.96,1,0.0,1.0,0.5,3271,
901,37568,-7.3,0.0,11.11,5,0.0,0.0,0.5,3271,
902,37632,-4.0,0.0,3.12,1,0.0,0.0,0.5,3272,
903,37632,7.9,1.0,11.11,3,0.0,1.0,0.5,3272,
904,37696,-4.0,0.0,7.41,2,0.5,0.5,0.5,3277,
905,37696,-3.4,0.0,11.54,3,0.0,0.3333,0.5,3277,
906,37696,-1.2,0.0,22.22,2,0.0,0.5,0.5,3277,
907,37888,-5.2,0.0,8.82,3,0.0,0.6667,0.5,3291,
908,37888,-5.5,0.0,5.88,3,0.0,0.6667,0.5,3291,
909,37952,-5.5,0.0,1.96,1,0.0,1.0,0.5,3296,
910,37952,-5.6,0.0,2.08,1,0.0,0.0,0.5,3296,
911,38016,8.7,1.0,8.33,2,0.0,0.5,0.5,3301,
912,38080,-6.0,0.0,7.84,4,0.0,0.5,0.5,3303,
913,38144,-6.4,0.0,10.87,5,0.0,0.4,0.5,3307,
914,38208,-6.5,0.0,9.8,5,0.0,0.4,0.5,3309,
915,38336,-7.1,0.0,11.63,5,0.0,0.2,0.5,3320,
916,38336,-3.3,0.0,4.0,1,0.0,0.0,0.5,3320,
917,38400,-6.5,0.0,5.88,3,0.0,0.0,0.5,3324,
918,38528,-3.4,0.0,3.85,1,0.0,0.0,0.5,3328,
919,38528,-5.5,0.0,1.96,1,1.0,1.0,0.5,3328,
920,38592,-7.0,0.0,7.84,4,0.25,0.5,0.5,3331,
921,38720,-5.5,0.0,5.88,3,0.0,0.3333,0.5,3338,
922,38784,-5.0,0.0,0.0,0,,,0.5,3341,
923,38848,11.6,1.0,0.0,0,,,0.5,3346,
924,38912,-7.0,0.0,7.84,4,0.25,0.25,0.5,3347,
925,38976,-2.9,0.0,4.76,1,0.0,0.0,0.5,3351,
926,38976,-6.5,0.0,5.88,3,0.0,0.3333,0.5,3351,
927,39040,-4.6,0.0,2.63,1,0.0,0.0,0.5,3357,
928,39104,-5.6,0.0,7.89,3,0.0,0.3333,0.5,3361,
929,39104,-7.0,0.0,7.84,4,0.25,0.5,0.5,3361,
930,39104,-5.5,0.0,1.96,1,0.0,1.0,0.5,3361,
931,39168,-6.5,0.0,5.88,3,0.0,0.6667,0.5,3365,
932,39232,-7.6,0.0,14.58,7,0.1429,0.1429,0.5,3371,
933,39232,-4.4,0.0,2.17,1,0.0,0.0,0.5,3371,
934,39296,-4.3,0.0,2.86,1,0.0,0.0,0.5,3377,
935,39424,-6.5,0.0,5.88,3,0.3333,0.3333,0.5,3382,
936,39488,-6.5,0.0,13.51,5,0.0,0.4,0.5,3387,
937,39488,-5.5,0.0,5.88,3,0.3333,0.6667,0.5,3387,
938,39488,-7.0,0.0,7.84,4,0.0,0.5,0.5,3387,
939,39552,-8.0,0.0,11.76,6,0.3333,0.3333,0.5,3389,
940,39552,-5.5,0.0,1.96,1,0.0,0.0,0.5,3389,
941,39552,-4.5,0.0,1.96,1,0.0,0.0,0.5,3389,
942,39680,-7.0,0.0,7.84,4,0.25,0.5,0.5,3397,
943,39680,-3.8,0.0,5.71,2,0.0,0.5,0.5,3397,
944,39744,-5.5,0.0,5.88,3,0.3333,0.3333,0.5,3399,
945,39744,-5.5,0.0,1.96,1,0.0,1.0,0.5,3399,
946,39808,6.7,1.0,11.76,4,0.5,0.5,0.5,3402,
947,39808,-3.8,0.0,8.0,2,0.0,0.0,0.5,3402,
948,39936,-4.8,0.0,16.0,4,0.0,0.5,0.5,3414,
949,39936,-7.0,0.0,7.84,4,0.5,0.5,0.5,3414,
950,40000,-6.0,0.0,3.92,2,0.0,1.0,0.5,3417,
951,40064,-7.0,0.0,7.84,4,0.0,0.5,0.5,3418,
952,40064,-5.3,0.0,5.0,2,0.0,0.0,0.5,3418,
953,40128,-6.5,0.0,5.88,3,0.0,0.3333,0.5,3420,
954,40128,-5.5,0.0,1.96,1,0.0,0.0,0.5,3420,
955,40192,-3.0,0.0,4.55,1,0.0,0.0,0.5,3425,
956,40192,-6.0,0.0,7.84,4,0.0,0.75,0.5,3425,
957,40192,-6.0,0.0,7.84,4,0.75,0.25,0.5,3425,
958,40192,-5.5,0.0,1.96,1,0.0,0.0,0.5,3425,
959,40256,-7.5,0.0,9.8,5,0.2,0.6,0.5,3430,
960,40384,-5.0,0.0,0.0,0,,,0.5,3437,
961,40384,-6.5,0.0,9.52,4,0.0,0.5,0.5,3437,
962,40384,-3.2,0.0,4.17,1,0.0,0.0,0.5,3437,
963,40384,-6.0,0.0,3.92,2,0.5,1.0,0.5,3437,
964,40448,-5.5,0.0,5.88,3,0.3333,0.3333,0.5,3441,
965,40448,-6.5,0.0,5.88,3,0.3333,0.6667,0.5,3441,
966,40512,-5.0,0.0,3.92,2,0.0,0.5,0.5,3446,
967,40576,-6.0,0.0,3.92,2,0.0,0.5,0.5,3452,
968,40576,-5.2,0.0,5.13,2,0.0,0.5,0.5,3452,
969,40576,-5.0,0.0,0.0,0,,,0.5,3452,
970,40704,9.8,1.0,0.0,0,,,0.5,3462,
971,40704,9.7,1.0,5.26,1,0.0,0.0,0.5,3462,
972,40704,-6.0,0.0,3.92,2,0.0,0.0,0.5,3462,
973,40768,-8.5,0.0,13.73,7,0.0,0.7143,0.5,3467,
974,40832,-5.5,0.0,5.88,3,0.0,0.3333,0.5,3469,
975,40832,-6.5,0.0,5.88,3,0.0,1.0,0.5,3469,
976,40832,-7.5,0.0,9.8,5,0.0,0.8,0.5,3469,
977,40960,-6.0,0.0,3.92,2,0.0,1.0,0.5,3476,
978,40960,-5.5,0.0,1.96,1,0.0,0.0,0.5,3476,
979,40960,-5.3,0.0,5.0,2,0.0,0.5,0.5,3476,
980,41088,-5.6,0.0,2.08,1,0.0,0.0,0.5,3484,
981,41088,7.9,1.0,2.7,1,0.0,1.0,0.5,3484,
982,41152,-5.5,0.0,5.88,3,0.0,0.6667,0.5,3485,
983,41152,-8.5,0.0,13.73,7,0.1429,0.2857,0.5,3485,
984,41216,-5.5,0.0,5.88,3,0.0,0.3333,0.5,3486,
985,41216,-6.5,0.0,5.88,3,0.0,0.6667,0.5,3486,
986,41280,-0.7,0.0,11.11,1,0.0,0.0,0.5,3490,
987,41408,-4.2,0.0,6.9,2,0.0,0.5,0.5,3502,
988,41408,-7.1,0.0,12.5,6,0.0,0.5,0.5,3502,
989,41408,-5.5,0.0,5.88,3,0.0,0.6667,0.5,3502,
990,41600,-3.1,0.0,4.35,1,0.0,0.0,0.5,3520,
991,41728,-2.9,0.0,4.76,1,0.0,0.0,0.5,3525,
992,41728,-5.4,0.0,8.33,3,0.3333,0.0,0.5,3525,
993,41728,-7.7,0.0,13.64,6,0.1667,0.5,0.5,3525,
994,41792,-6.5,0.0,5.88,3,0.0,0.3333,0.5,3531,
995,41792,-1.4,0.0,18.18,2,0.0,0.0,0.5,3531,
996,41856,-6.5,0.0,5.88,3,0.0,1.0,0.5,3537,
997,42048,9.0,1.0,3.85,1,0.0,1.0,0.5,3554,
998,42112,-3.5,0.0,9.09,2,0.0,0.5,0.5,3562,
999,42112,6.0,1.0,13.89,5,0.2,0.6,0.5,3562,
1000,42240,-4.5,0.0,1.96,1,0.0,1.0,0.5,3570,
1001,42240,-5.5,0.0,1.96,1,0.0,1.0,0.5,3570,
1002,42304,-7.0,0.0,7.84,4,0.0,0.25,0.5,3571,
1003,42368,-5.5,0.0,5.88,3,0.0,0.6667,0.5,3577,
1004,42368,-6.0,0.0,3.92,2,0.0,0.5,0.5,3577,
1005,42368,-6.5,0.0,5.88,3,0.0,0.6667,0.5,3577,
1006,42432,-7.5,0.0,9.8,5,0.0,0.8,0.5,3580,
1007,42496,-5.0,0.0,3.92,2,0.5,0.5,0.5,3586,
1008,42560,-6.5,0.0,9.8,5,0.4,0.4,0.5,3589,
1009,42752,-7.0,0.0,7.84,4,0.0,0.25,0.5,3600,
1010,42752,-6.0,0.0,3.92,2,0.0,0.5,0.5,3600,
1011,42816,-6.1,0.0,6.98,3,0.0,0.3333,0.5,3606,
1012,42816,-6.5,0.0,5.88,3,0.0,0.3333,0.5,3606,
1013,42816,-5.0,0.0,3.92,2,0.0,0.5,0.5,3606,
1014,42944,-6.0,0.0,3.92,2,0.0,0.5,0.5,3615,
1015,42944,-6.7,0.0,12.82,5,0.0,0.4,0.5,3615,
1016,42944,-5.0,0.0,3.92,2,0.5,0.5,0.5,3615,
1017,43008,-6.5,0.0,5.88,3,0.3333,0.3333,0.5,3622,
1018,43008,-2.0,0.0,8.33,1,0.0,0.0,0.5,3622,
1019,43008,-5.0,0.0,3.92,2,0.0,0.5,0.5,3622,
1020,43072,-8.5,0.0,17.65,9,0.2222,0.3333,0.5,3625,
1021,43136,-4.8,0.0,2.5,1,0.0,0.0,0.5,3632,
1022,43200,-8.0,0.0,11.76,6,0.0,0.5,0.5,3636,
1023,43200,-7.5,0.0,13.73,7,0.0,0.4286,0.5,3636,
1024,43264,8.9,1.0,9.09,2,0.0,0.0,0.5,3640,
1025,43264,-6.0,0.0,3.92,2,0.0,0.5,0.5,3640,
1026,43328,-7.5,0.0,9.8,5,0.4,0.6,0.5,3644,
1027,43392,-6.0,0.0,3.92,2,0.0,0.5,0.5,3649,
1028,43456,-5.5,0.0,1.96,1,0.0,0.0,0.5,3654,
1029,43456,-7.0,0.0,7.84,4,0.0,0.5,0.5,3654,
1030,43456,-7.0,0.0,7.84,4,0.0,0.5,0.5,3654,
1031,43456,-6.0,0.0,3.92,2,0.0,1.0,0.5,3654,
1032,43520,-6.7,0.0,6.12,3,0.0,0.6667,0.5,3658,
1033,43520,-6.5,0.0,5.88,3,0.3333,0.0,0.5,3658,
1034,43584,-3.0,0.0,25.0,3,0.0,0.6667,0.5,3662,
1035,43584,-3.7,0.0,10.34,3,0.0,0.3333,0.5,3662,
1036,43648,-7.0,0.0,7.84,4,0.0,0.25,0.5,3666,
1037,43712,-6.0,0.0,3.92,2,0.0,1.0,0.5,3667,
1038,43776,-6.0,0.0,7.84,4,0.0,0.75,0.5,3673,
1039,43776,-6.3,0.0,10.0,4,0.0,0.5,0.5,3673,
1040,43840,-4.0,0.0,0.0,0,,,0.5,3674,
1041,43840,-6.0,0.0,3.92,2,0.0,0.5,0.5,3674,
1042,43904,-5.2,0.0,10.26,4,0.0,0.5,0.5,3678,
1043,43968,-6.0,0.0,3.92,2,0.0,0.5,0.5,3682,
1044,43968,-8.2,0.0,12.24,6,0.1667,0.6667,0.5,3682,
1045,44032,-6.5,0.0,5.88,3,0.3333,0.3333,0.5,3687,
1046,44032,-4.5,0.0,11.11,3,0.0,0.3333,0.5,3687,
1047,44096,-5.3,0.0,2.22,1,0.0,0.0,0.5,3697,
1048,44096,-7.5,0.0,9.8,5,0.2,0.4,0.5,3697,
1049,44096,-5.5,0.0,5.88,3,0.0,0.3333,0.5,3697,
1050,44096,-1.9,0.0,9.09,1,0.0,0.0,0.5,3697,
1051,44096,-6.0,0.0,4.26,2,0.0,0.5,0.5,3697,
1052,44224,-4.7,0.0,5.88,2,0.0,0.0,0.5,3703,
1053,44224,-6.5,0.0,5.88,3,0.0,1.0,0.5,3703,
1054,44224,-8.5,0.0,13.73,7,0.0,0.5714,0.5,3703,
1055,44224,-6.4,0.0,3.92,2,0.0,0.5,0.5,3703,
1056,44288,-3.6,0.0,8.7,2,0.0,0.0,0.5,3710,
1057,44288,-4.2,0.0,5.13,2,0.0,0.0,0.5,3710,
1058,44416,-8.0,0.0,15.69,8,0.0,0.625,0.5,3716,
1059,44416,-7.0,0.0,7.84,4,0.25,0.5,0.5,3716,
1060,44480,-4.9,0.0,9.68,3,0.0,0.3333,0.5,3719,
1061,44544,-1.5,0.0,14.29,1,0.0,0.0,0.5,3725,
1062,44544,-5.1,0.0,5.26,2,0.0,0.0,0.5,3725,
1063,44544,-6.5,0.0,9.8,5,0.0,0.4,0.5,3725,
1064,44608,7.8,1.0,10.71,3,0.0,0.3333,0.5,3731,
1065,44608,8.7,1.0,8.33,2,0.0,1.0,0.5,3731,
1066,44608,-6.3,0.0,4.0,2,0.0,0.0,0.5,3731,
1067,44672,-6.5,0.0,9.8,5,0.0,0.8,0.5,3736,
1068,44736,-7.2,0.0,8.16,4,0.0,0.75,0.5,3740,
1069,44800,-2.9,0.0,12.5,2,0.0,0.5,0.5,3748,
1070,44864,-3.3,0.0,4.0,1,0.0,0.0,0.5,3753,
1071,44992,-5.0,0.0,3.92,2,0.0,1.0,0.5,3765,
1072,44992,9.9,1.0,42.86,3,0.0,1.0,0.5,3765,
1073,44992,-8.5,0.0,13.73,7,0.0,0.8571,0.5,3765,
1074,45056,-7.5,0.0,9.8,5,0.2,0.6,0.5,3767,
1075,45056,-4.9,0.0,5.56,2,0.0,0.0,0.5,3767,
1076,45120,-4.3,0.0,2.22,1,0.0,0.0,0.5,3769,
1077,45376,7.7,1.0,16.67,4,0.0,0.75,0.5,3792,
1078,45376,-6.5,0.0,5.88,3,0.0,0.0,0.5,3792,
1079,45440,-2.0,0.0,8.33,1,0.0,0.0,0.5,3795,
1080,45440,-6.6,0.0,13.16,5,0.0,0.2,0.5,3795,
1081,45568,-2.0,0.0,25.0,3,0.3333,0.6667,0.5,3804,
1082,45568,-4.8,0.0,2.5,1,0.0,0.0,0.5,3804,
1083,45632,-5.5,0.0,1.96,1,1.0,0.0,0.5,3807,
1084,45632,-7.5,0.0,9.8,5,0.0,0.6,0.5,3807,
1085,45632,-5.0,0.0,3.92,2,0.0,0.0,0.5,3807,
1086,45696,-7.5,0.0,9.8,5,0.2,0.2,0.5,3810,
1087,45824,-4.5,0.0,1.96,1,0.0,1.0,0.5,3819,
1088,45952,-4.9,0.0,5.56,2,0.0,0.5,0.5,3828,
1089,45952,-4.2,0.0,12.5,3,0.3333,0.3333,0.5,3828,
1090,46016,-5.0,0.0,3.92,2,0.5,0.5,0.5,3834,
1091,46080,11.1,1.0,0.0,0,,,0.5,3839,
1092,46208,-6.5,0.0,5.88,3,0.0,0.6667,0.5,3856,
1093,46208,-5.0,0.0,5.41,2,0.0,0.0,0.5,3856,
1094,46208,-7.4,0.0,7.84,4,0.0,0.25,0.5,3856,
1095,46208,-4.0,0.0,0.0,0,,,0.5,3856,
1096,46272,-7.0,0.0,7.84,4,0.0,0.5,0.5,3858,
1097,46336,-5.0,0.0,14.81,4,0.0,0.5,0.5,3863,
1098,46400,-4.6,0.0,6.06,2,0.0,0.5,0.5,3866,
1099,46400,-2.1,0.0,7.69,1,0.0,0.0,0.5,3866,
1100,46400,-5.5,0.0,5.88,3,0.0,0.3333,0.5,3866,
1101,46464,-5.5,0.0,5.88,3,0.0,0.0,0.5,3872,
1102,46464,-7.5,0.0,9.8,5,0.2,0.4,0.5,3872,
1103,46528,-7.0,0.0,7.84,4,0.0,0.5,0.5,3874,
1104,46592,-6.5,0.0,5.88,3,0.0,0.3333,0.5,3878,
1105,46592,-2.7,0.0,33.33,3,0.0,0.0,0.5,3878,
1106,46720,-5.5,0.0,1.96,1,0.0,1.0,0.5,3884,
1107,46720,-6.5,0.0,5.88,3,0.0,0.6667,0.5,3884,
1108,46720,-7.5,0.0,9.8,5,0.2,1.0,0.5,3884,
1109,46720,-7.0,0.0,7.84,4,0.0,0.5,0.5,3884,
1110,46720,-2.9,0.0,12.5,2,0.0,0.5,0.5,3884,
1111,46720,8.0,1.0,11.54,3,0.3333,0.6667,0.5,3884,
1112,46784,-6.5,0.0,5.88,3,0.0,0.3333,0.5,3887,
1113,46784,-7.0,0.0,7.84,4,0.0,0.5,0.5,3887,
1114,46784,-5.3,0.0,10.0,4,0.0,0.25,0.5,3887,
1115,46848,-6.0,0.0,3.92,2,0.5,0.0,0.5,3887,
1116,46848,-7.5,0.0,13.73,7,0.1429,0.5714,0.5,3887,
1117,46976,-6.0,0.0,3.92,2,0.0,1.0,0.5,3896,
1118,46976,-5.6,0.0,4.65,2,0.5,0.0,0.5,3896,
1119,47040,-7.0,0.0,7.84,4,0.0,0.75,0.5,3900,
1120,47168,-5.0,0.0,3.92,2,0.5,0.5,0.5,3910,
1121,47232,-6.5,0.0,5.88,3,0.3333,0.0,0.5,3916,
1122,47232,-6.0,0.0,3.92,2,0.5,0.0,0.5,3916,
1123,47296,-6.0,0.0,3.92,2,0.0,0.5,0.5,3921,
1124,47296,-5.5,0.0,5.88,3,0.0,0.0,0.5,3921,
1125,47360,-7.9,0.0,9.8,5,0.4,0.4,0.5,3925,
1126,47360,5.3,1.0,11.63,5,0.0,0.2,0.5,3925,
1127,47360,-6.0,0.0,3.92,2,0.0,0.0,0.5,3925,
1128,47360,-5.5,0.0,1.96,1,0.0,0.0,0.5,3925,
1129,47360,-6.0,0.0,3.92,2,0.0,0.5,0.5,3925,
1130,47424,-3.1,0.0,4.35,1,0.0,0.0,0.5,3930,
1131,47488,-6.5,0.0,5.88,3,0.3333,0.0,0.5,3931,
1132,47488,-4.0,0.0,0.0,0,,,0.5,3931,
1133,47552,-7.0,0.0,7.84,4,0.0,0.5,0.5,3939,
1134,47616,-1.7,0.0,5.26,1,0.0,0.0,0.5,3942,
1135,47680,-1.3,0.0,20.0,1,0.0,0.0,0.5,3949,
1136,47680,-7.0,0.0,7.84,4,0.0,0.5,0.5,3949,
1137,47744,-5.5,0.0,1.96,1,0.0,0.0,0.5,3952,
1138,47744,-2.4,0.0,9.52,2,0.0,0.0,0.5,3952,
1139,47744,-2.7,0.0,5.26,1,0.0,0.0,0.5,3952,
1140,47744,-5.7,0.0,2.04,1,0.0,0.0,0.5,3952,
1141,47808,-8.0,0.0,11.76,6,0.0,0.5,0.5,3957,
1142,47808,-7.0,0.0,7.84,4,0.0,0.0,0.5,3957,
1143,47872,-4.1,0.0,7.14,2,0.0,0.0,0.5,3963,
1144,47936,-4.6,0.0,6.06,2,0.0,0.5,0.5,3967,
1145,48000,-5.5,0.0,5.88,3,0.0,0.3333,0.5,3973,
1146,48064,6.7,1.0,7.69,3,0.3333,0.6667,0.5,3975,
1147,48128,-6.0,0.0,3.92,2,0.5,0.5,0.5,3982,
1148,48128,-2.6,0.0,15.38,2,0.0,0.0,0.5,3982,
1149,48256,-9.0,0.0,15.69,8,0.0,0.25,0.5,3989,
1150,48256,-8.0,0.0,11.76,6,0.0,0.6667,0.5,3989,
1151,48256,-5.5,0.0,1.96,1,0.0,0.0,0.5,3989,
1152,48320,-7.5,0.0,9.8,5,0.4,0.6,0.5,3993,
1153,48384,-5.5,0.0,1.96,1,0.0,0.0,0.5,3995,
1154,48512,-5.8,0.0,7.5,3,0.0,0.0,0.5,4002,
1155,48512,-2.6,0.0,15.38,2,0.0,0.5,0.5,4002,
1156,48640,-6.0,0.0,3.92,2,0.0,0.5,0.5,4010,
1157,48640,-5.0,0.0,0.0,0,,,0.5,4010,
1158,48704,-5.5,0.0,1.96,1,0.0,0.0,0.5,4013,
1159,48704,-4.9,0.0,5.56,2,0.0,0.5,0.5,4013,
1160,48768,-3.5,0.0,9.09,2,0.0,0.0,0.5,4016,
1161,48896,-7.0,0.0,7.84,4,0.0,0.5,0.5,4024,
1162,48896,-5.0,0.0,3.92,2,0.0,0.5,0.5,4024,
1163,48896,-6.0,0.0,3.92,2,0.0,0.5,0.5,4024,
1164,49024,-3.4,0.0,9.52,2,0.0,0.0,0.5,4037,
1165,49344,-5.4,0.0,8.33,3,0.0,0.0,0.5,4052,
1166,49472,-6.5,0.0,9.8,5,0.0,1.0,0.5,4061,
1167,49472,-3.5,0.0,3.7,1,0.0,0.0,0.5,4061,
1168,49472,-5.5,0.0,1.96,1,0.0,0.0,0.5,4061,
1169,49472,-7.5,0.0,9.8,5,0.0,0.8,0.5,4061,
1170,49472,-6.0,0.0,3.92,2,0.0,0.5,0.5,4061,
1171,49536,-6.5,0.0,5.88,3,0.0,1.0,0.5,4065,
1172,49536,-3.6,0.0,3.57,1,0.0,0.0,0.5,4065,
1173,49600,-5.5,0.0,1.96,1,0.0,1.0,0.5,4069,
1174,49600,-4.1,0.0,7.14,2,0.0,0.5,0.5,4069,
1175,49728,8.3,1.0,3.03,1,0.0,1.0,0.5,4075,
1176,49728,-5.5,0.0,5.88,3,0.0,0.6667,0.5,4075,
1177,49728,-6.5,0.0,5.88,3,0.0,0.6667,0.5,4075,
1178,49856,-5.5,0.0,5.88,3,0.0,0.6667,0.5,4084,
1179,49856,-7.5,0.0,13.73,7,0.0,0.5714,0.5,4084,
1180,49920,7.6,1.0,10.0,3,0.0,0.0,0.5,4087,
1181,49920,4.2,1.0,12.24,6,0.1667,0.6667,0.5,4087,
1182,49920,11.4,1.0,0.0,0,,,0.5,4087,
1183,49984,-8.0,0.0,15.69,8,0.0,0.5,0.5,4089,
1184,49984,-7.5,0.0,9.8,5,0.0,0.4,0.5,4089,
1185,49984,-7.5,0.0,9.8,5,0.0,0.6,0.5,4089,
1186,49984,-7.0,0.0,7.84,4,0.25,0.25,0.5,4089,
1187,49984,-6.0,0.0,7.84,4,0.0,0.75,0.5,4089,
1188,49984,-6.0,0.0,3.92,2,0.0,1.0,0.5,4089,
1189,50048,-4.2,0.0,12.5,3,0.0,0.0,0.5,4091,
1190,50048,-5.5,0.0,5.88,3,0.0,1.0,0.5,4091,
1191,50048,-6.5,0.0,9.8,5,0.0,0.8,0.5,4091,
1192,50112,-6.5,0.0,5.88,3,0.0,0.0,0.5,4094,
1193,50112,-5.5,0.0,5.88,3,0.0,0.6667,0.5,4094,
1194,50176,-5.4,0.0,2.17,1,0.0,0.0,0.5,4097,
1195,50240,-6.0,0.0,7.84,4,0.0,0.25,0.5,4099,
1196,50240,-5.5,0.0,1.96,1,1.0,1.0,0.5,4099,
1197,50432,-6.5,0.0,5.88,3,0.3333,0.3333,0.5,4109,
1198,50432,-6.3,0.0,6.67,3,0.0,0.3333,0.5,4109,
1199,50496,-4.0,0.0,0.0,0,,,0.5,4114,
1200,50560,-7.0,0.0,7.84,4,0.25,0.5,0.5,4117,
1201,50560,-1.3,0.0,6.67,1,0.0,0.0,0.5,4117,
1202,50624,-6.5,0.0,5.88,3,0.0,0.6667,0.5,4122,
1203,50624,-5.0,0.0,3.92,2,0.0,1.0,0.5,4122,
1204,50624,-5.5,0.0,1.96,1,0.0,1.0,0.5,4122,
1205,50688,-1.2,0.0,25.0,1,0.0,0.0,0.5,4129,
1206,50688,-7.5,0.0,13.73,7,0.0,0.7143,0.5,4129,
1207,50752,-5.9,0.0,5.88,3,0.0,0.3333,0.5,4133,
1208,50752,-6.0,0.0,3.92,2,0.0,0.5,0.5,4133,
1209,50816,9.6,1.0,13.33,2,0.0,1.0,0.5,4135,
1210,51008,-5.5,0.0,1.96,1,1.0,0.0,0.5,4144,
1211,51008,-5.5,0.0,1.96,1,0.0,1.0,0.5,4144,
1212,51072,9.8,1.0,0.0,0,,,0.5,4145,
1213,51072,-6.5,0.0,9.8,5,0.2,0.2,0.5,4145,
1214,51136,-6.5,0.0,5.88,3,0.0,0.6667,0.5,4146,
1215,51200,-6.0,0.0,3.92,2,0.0,1.0,0.5,4149,
1216,51200,-3.4,0.0,3.85,1,0.0,0.0,0.5,4149,
1217,51264,-5.2,0.0,5.13,2,0.0,0.0,0.5,4153,
1218,51328,-6.1,0.0,10.53,4,0.0,0.5,0.5,4157,
1219,51328,-6.5,0.0,9.52,4,0.0,0.25,0.5,4157,
1220,51328,-5.5,0.0,1.96,1,0.0,0.0,0.5,4157,
1221,51392,-5.5,0.0,1.96,1,0.0,0.0,0.5,4159,
1222,51392,-2.2,0.0,10.53,2,0.0,0.0,0.5,4159,
1223,51392,-6.0,0.0,3.92,2,0.0,0.5,0.5,4159,
1224,51520,-4.0,0.0,0.0,0,,,0.5,4173,
1225,51520,-6.5,0.0,9.8,5,0.0,1.0,0.5,4173,
1226,51520,-5.5,0.0,5.88,3,0.0,0.6667,0.5,4173,
1227,51584,-8.0,0.0,11.76,6,0.1667,0.3333,0.5,4176,
1228,51648,-4.6,0.0,6.06,2,0.5,0.5,0.5,4179,
1229,51648,-3.0,0.0,4.55,1,0.0,0.0,0.5,4179,
1230,51648,-6.0,0.0,3.92,2,0.5,0.5,0.5,4179,
1231,51776,-4.0,0.0,0.0,0,,,0.5,4189,
1232,51904,-3.4,0.0,9.52,2,0.0,0.5,0.5,4198,
1233,51904,-4.5,0.0,1.96,1,0.0,0.0,0.5,4198,
1234,51968,-5.0,0.0,0.0,0,,,0.5,4203,
1235,51968,-7.0,0.0,7.84,4,0.25,0.25,0.5,4203,
1236,51968,-1.7,0.0,11.11,1,0.0,0.0,0.5,4203,
1237,52160,-3.6,0.0,8.7,2,0.0,0.0,0.5,4216,
1238,52160,-4.6,0.0,6.06,2,0.0,0.0,0.5,4216,
1239,52160,-6.0,0.0,3.92,2,0.0,0.0,0.5,4216,
1240,52160,-8.0,0.0,11.76,6,0.0,0.3333,0.5,4216,
1241,52224,-4.2,0.0,2.94,1,0.0,0.0,0.5,4224,
1242,52288,-5.5,0.0,5.88,3,0.3333,0.3333,0.5,4226,
1243,52480,-5.3,0.0,5.0,2,0.0,0.0,0.5,4238,
1244,52480,-5.6,0.0,7.89,3,0.0,0.3333,0.5,4238,
1245,52544,-6.8,0.0,12.5,5,0.0,0.4,0.5,4241,
1246,52608,9.2,1.0,10.53,2,0.0,1.0,0.5,4244,
1247,52608,-7.0,0.0,7.84,4,0.0,1.0,0.5,4244,
1248,52608,-1.5,0.0,14.29,1,0.0,0.0,0.5,4244,
1249,52736,-4.5,0.0,1.96,1,0.0,1.0,0.5,4254,
1250,52736,-5.0,0.0,3.92,2,0.0,0.5,0.5,4254,
1251,52736,-6.0,0.0,7.84,4,0.25,0.25,0.5,4254,
1252,52736,-6.0,0.0,7.84,4,0.0,0.5,0.5,4254,
1253,52800,-4.7,0.0,5.88,2,0.0,0.5,0.5,4259,
1254,52864,-4.7,0.0,10.34,3,0.0,0.3333,0.5,4262,
1255,52928,6.1,1.0,4.0,2,0.0,0.5,0.5,4269,
1256,52928,-3.3,0.0,4.0,1,0.0,0.0,0.5,4269,
1257,52992,-5.5,0.0,5.88,3,0.3333,0.6667,0.5,4274,
1258,52992,-2.0,0.0,8.33,1,0.0,0.0,0.5,4274,
1259,52992,-6.5,0.0,5.88,3,0.0,0.6667,0.5,4274,
1260,53056,-3.5,0.0,2.7,1,0.0,0.0,0.5,4279,
1261,53120,-7.0,0.0,7.84,4,0.0,0.25,0.5,4287,
1262,53184,-5.0,0.0,3.92,2,0.0,0.0,0.5,4291,
1263,53184,-5.5,0.0,1.96,1,0.0,1.0,0.5,4291,
1264,53248,-5.0,0.0,0.0,0,,,0.5,4296,
1265,53248,-7.0,0.0,7.84,4,0.0,0.5,0.5,4296,
1266,53248,6.5,1.0,7.32,3,0.0,0.3333,0.5,4296,
1267,53248,-5.5,0.0,1.96,1,0.0,1.0,0.5,4296,
1268,53248,-6.9,0.0,12.2,5,0.0,0.8,0.5,4296,
1269,53248,-9.5,0.0,21.57,11,0.0,0.1818,0.5,4296,
1270,53248,-6.0,0.0,7.84,4,0.25,0.25,0.5,4296,
1271,53312,-3.6,0.0,30.77,4,0.0,0.5,0.5,4299,
1272,53376,-6.0,0.0,3.92,2,0.0,0.5,0.5,4300,
1273,53376,-5.5,0.0,1.96,1,0.0,0.0,0.5,4300,
1274,53440,-2.6,0.0,5.56,1,0.0,0.0,0.5,4302,
1275,53504,-7.5,0.0,9.8,5,0.2,0.4,0.5,4303,
1276,53696,-5.0,0.0,0.0,0,,,0.5,4309,
1277,53760,-6.0,0.0,3.92,2,0.0,0.5,0.5,4310,
1278,53824,-5.5,0.0,1.96,1,0.0,1.0,0.5,4313,
1279,53888,10.2,1.0,7.14,1,0.0,1.0,0.5,4316,
1280,53952,-6.2,0.0,11.36,5,0.0,0.6,0.5,4318,
1281,54016,-6.0,0.0,3.92,2,0.0,0.0,0.5,4320,
1282,54016,-2.0,0.0,8.33,1,0.0,0.0,0.5,4320,
1283,54016,-6.0,0.0,3.92,2,0.0,0.5,0.5,4320,
1284,54080,-5.0,0.0,0.0,0,,,0.5,4321,
1285,54272,-5.4,0.0,6.52,3,0.0,0.3333,0.5,4329,
1286,54272,-5.6,0.0,12.12,4,0.0,0.25,0.5,4329,
1287,54272,-2.8,0.0,5.0,1,0.0,0.0,0.5,4329,
1288,54272,-6.0,0.0,3.92,2,0.0,0.0,0.5,4329,
1289,54336,-5.1,0.0,5.26,2,0.0,0.0,0.5,4331,
1290,54336,-7.0,0.0,7.84,4,0.0,0.25,0.5,4331,
1291,54336,-7.5,0.0,9.8,5,0.0,0.8,0.5,4331,
1292,54464,-7.4,0.0,7.84,4,0.0,0.75,0.5,4338,
1293,54464,-2.2,0.0,10.53,2,0.0,0.5,0.5,4338,
1294,54464,-4.5,0.0,1.96,1,0.0,1.0,0.5,4338,
1295,54528,-6.0,0.0,3.92,2,0.0,1.0,0.5,4341,
1296,54592,-6.0,0.0,3.92,2,0.0,1.0,0.5,4344,
1297,54656,-4.0,0.0,0.0,0,,,0.5,4345,
1298,54720,-4.6,0.0,6.06,2,0.0,0.5,0.5,4348,
1299,54784,-6.5,0.0,5.88,3,0.0,0.3333,0.5,4356,
1300,54784,-5.5,0.0,5.88,3,0.3333,0.6667,0.5,4356,
1301,54784,-6.0,0.0,3.92,2,0.0,0.5,0.5,4356,
1302,54848,-6.5,0.0,9.8,5,0.0,0.4,0.5,4358,
1303,54912,-5.0,0.0,3.92,2,0.0,0.0,0.5,4364,
1304,54912,-1.7,0.0,11.11,1,0.0,0.0,0.5,4364,
1305,54912,-6.5,0.0,5.88,3,0.0,0.3333,0.5,4364,
1306,54912,-3.4,0.0,6.45,2,0.5,0.5,0.5,4364,
1307,54912,-5.5,0.0,5.88,3,0.0,0.3333,0.5,4364,
1308,54976,-1.6,0.0,12.5,1,0.0,0.0,0.5,4368,
1309,54976,10.1,1.0,6.67,1,0.0,0.0,0.5,4368,
1310,55040,-4.9,0.0,5.56,2,0.0,0.0,0.5,4373,
1311,55040,-5.5,0.0,5.88,3,0.0,0.6667,0.5,4373,
1312,55168,-5.0,0.0,0.0,0,,,0.5,4379,
1313,55232,-5.5,0.0,1.96,1,0.0,0.0,0.5,4382,
1314,55232,-6.5,0.0,5.88,3,0.0,0.0,0.5,4382,
1315,55232,-5.5,0.0,1.96,1,0.0,1.0,0.5,4382,
1316,55360,-2.2,0.0,22.22,2,0.0,0.0,0.5,4390,
1317,55424,-6.5,0.0,5.88,3,0.3333,0.6667,0.5,4397,
1318,55424,-6.5,0.0,5.88,3,0.0,0.3333,0.5,4397,
1319,55744,-3.7,0.0,2.56,1,0.0,0.0,0.5,4408,
1320,55744,-5.5,0.0,1.96,1,0.0,0.0,0.5,4408,
1321,55744,-5.8,0.0,11.43,4,0.25,0.5,0.5,4408,
1322,55808,-4.5,0.0,1.96,1,0.0,0.0,0.5,4409,
1323,55872,-5.0,0.0,3.92,2,0.5,0.0,0.5,4416,
1324,55872,-6.0,0.0,3.92,2,0.0,0.0,0.5,4416,
1325,55936,9.3,1.0,4.35,1,0.0,1.0,0.5,4420,
1326,55936,-6.1,0.0,11.63,5,0.2,0.2,0.5,4420,
1327,55936,-3.9,0.0,7.69,2,0.0,0.0,0.5,4420,
1328,56000,-6.0,0.0,3.92,2,0.0,0.5,0.5,4423,
1329,56000,-7.5,0.0,9.8,5,0.0,0.4,0.5,4423,
1330,56000,-6.5,0.0,5.88,3,0.0,1.0,0.5,4423,
1331,56064,-6.0,0.0,7.84,4,0.25,0.5,0.5,4425,
1332,56128,-6.0,0.0,7.84,4,0.0,0.5,0.5,4428,
1333,56192,-6.0,0.0,3.92,2,0.0,0.5,0.5,4429,
1334,56256,-4.5,0.0,1.96,1,0.0,1.0,0.5,4433,
1335,56256,-5.2,0.0,2.27,1,0.0,0.0,0.5,4433,
1336,56320,-7.5,0.0,13.73,7,0.0,0.2857,0.5,4435,
1337,56320,-4.9,0.0,4.35,2,0.0,0.0,0.5,4435,
1338,56320,10.3,1.0,0.0,0,,,0.5,4435,
1339,56320,-2.7,0.0,14.29,2,0.0,0.5,0.5,4435,
1340,56384,-5.5,0.0,5.88,3,0.3333,0.6667,0.5,4438,
1341,56448,-5.0,0.0,0.0,0,,,0.5,4442,
1342,56512,-5.0,0.0,0.0,0,,,0.5,4445,
1343,56512,-5.5,0.0,5.88,3,0.0,0.3333,0.5,4445,
1344,56512,-6.0,0.0,3.92,2,0.0,0.5,0.5,4445,
1345,56512,-6.5,0.0,9.8,5,0.0,0.4,0.5,4445,
1346,56576,-6.0,0.0,3.92,2,0.5,0.5,0.5,4447,
1347,56640,-5.0,0.0,3.92,2,0.0,0.0,0.5,4453,
1348,56640,-3.6,0.0,3.57,1,0.0,0.0,0.5,4453,
1349,56768,6.4,1.0,4.26,2,0.0,1.0,0.5,4462,
1350,56960,-5.0,0.0,0.0,0,,,0.5,4466,
1351,57024,-5.9,0.0,4.35,2,0.0,0.0,0.5,4473,
1352,57088,-6.5,0.0,5.88,3,0.0,0.3333,0.5,4475,
1353,57152,-8.5,0.0,13.73,7,0.0,0.2857,0.5,4478,
1354,57152,7.7,1.0,5.88,2,0.5,0.0,0.5,4478,
1355,57216,-8.9,0.0,17.39,8,0.0,0.5,0.5,4481,
1356,57216,-6.5,0.0,5.88,3,0.0,1.0,0.5,4481,
1357,57280,-8.0,0.0,11.76,6,0.0,0.5,0.5,4485,
1358,57280,-5.0,0.0,3.92,2,0.0,1.0,0.5,4485,
1359,57472,-6.7,0.0,6.12,3,0.0,0.3333,0.5,4492,
1360,57536,-5.5,0.0,5.88,3,0.0,0.0,0.5,4499,
1361,57536,-6.0,0.0,3.92,2,0.0,1.0,0.5,4499,
1362,57536,-3.9,0.0,5.56,2,0.0,0.0,0.5,4499,
1363,57536,-4.8,0.0,16.0,4,0.5,0.25,0.5,4499,
1364,57600,-5.5,0.0,1.96,1,0.0,1.0,0.5,4502,
1365,57600,-5.5,0.0,4.76,2,0.0,0.5,0.5,4502,
1366,57728,7.7,1.0,10.34,3,0.0,0.3333,0.5,4513,
1367,57728,-6.2,0.0,6.82,3,0.0,0.3333,0.5,4513,
1368,57728,-6.5,0.0,9.8,5,0.2,0.2,0.5,4513,
1369,57792,-2.5,0.0,9.09,2,0.0,0.5,0.5,4517,
1370,57792,-6.0,0.0,3.92,2,0.5,0.0,0.5,4517,
1371,57856,-6.0,0.0,3.92,2,0.0,0.5,0.5,4519,
1372,57856,10.5,1.0,9.09,1,0.0,1.0,0.5,4519,
1373,57920,-5.0,0.0,3.92,2,0.0,0.5,0.5,4521,
1374,57920,-5.1,0.0,9.09,3,0.0,0.3333,0.5,4521,
1375,57984,-6.5,0.0,5.88,3,0.3333,0.6667,0.5,4524,
1376,58048,-5.0,0.0,3.92,2,0.0,0.5,0.5,4527,
1377,58048,-5.5,0.0,1.96,1,0.0,0.0,0.5,4527,
1378,58176,-4.7,0.0,4.55,2,0.0,0.5,0.5,4535,
1379,58176,-5.0,0.0,0.0,0,,,0.5,4535,
1380,58176,-5.0,0.0,0.0,0,,,0.5,4535,
1381,58176,-5.0,0.0,0.0,0,,,0.5,4535,
1382,58240,-4.0,0.0,0.0,0,,,0.5,4536,
1383,58304,-7.5,0.0,9.8,5,0.0,0.6,0.5,4539,
1384,58304,-6.0,0.0,3.92,2,0.0,0.5,0.5,4539,
1385,58368,7.1,1.0,8.57,3,0.0,0.3333,0.5,4542,
1386,58496,-1.0,0.0,8.33,1,0.0,0.0,0.5,4547,
1387,58496,-5.1,0.0,2.33,1,0.0,0.0,0.5,4547,
1388,58496,-6.5,0.0,5.88,3,0.0,0.0,0.5,4547,
1389,58496,-6.5,0.0,5.88,3,0.0,0.6667,0.5,4547,
1390,58624,-1.8,0.0,40.0,2,0.5,0.0,0.5,4557,
1391,58624,-5.5,0.0,4.76,2,0.0,0.5,0.5,4557,
1392,58624,-5.6,0.0,13.16,5,0.4,0.2,0.5,4557,
1393,58688,-7.0,0.0,7.84,4,0.0,1.0,0.5,4558,
1394,58880,-4.2,0.0,6.9,2,0.5,0.0,0.5,4567,
1395,58944,-6.0,0.0,4.26,2,0.0,0.0,0.5,4570,
1396,59008,-5.0,0.0,3.92,2,0.0,0.0,0.5,4578,
1397,59008,-4.5,0.0,1.96,1,1.0,0.0,0.5,4578,
1398,59008,8.6,1.0,0.0,0,,,0.5,4578,
1399,59136,-5.5,0.0,1.96,1,0.0,1.0,0.5,4582,
1400,59200,-4.8,0.0,2.5,1,0.0,0.0,0.5,4585,
1401,59264,-6.0,0.0,3.92,2,0.0,0.5,0.5,4592,
1402,59264,-6.0,0.0,3.92,2,0.0,0.0,0.5,4592,
1403,59264,-8.0,0.0,11.76,6,0.0,0.1667,0.5,4592,
1404,59328,-6.0,0.0,3.92,2,0.0,0.0,0.5,4597,
1405,59328,11.6,1.0,0.0,0,,,0.5,4597,
1406,59456,8.7,1.0,15.79,3,0.0,0.6667,0.5,4607,
1407,59520,9.0,1.0,9.52,2,0.5,1.0,0.5,4611,
1408,59520,-6.5,0.0,5.88,3,0.0,0.6667,0.5,4611,
1409,59520,-6.5,0.0,9.8,5,0.0,0.4,0.5,4611,
1410,59584,-7.0,0.0,7.84,4,0.0,0.5,0.5,4617,
1411,59584,-4.6,0.0,2.63,1,0.0,0.0,0.5,4617,
1412,59584,-6.5,0.0,9.8,5,0.0,0.6,0.5,4617,
1413,59584,-6.5,0.0,5.88,3,0.0,0.0,0.5,4617,
1414,59584,-4.0,0.0,0.0,0,,,0.5,4617,
1415,59712,-7.0,0.0,7.84,4,0.0,0.25,0.5,4626,
1416,59776,-5.5,0.0,5.88,3,0.0,0.3333,0.5,4627,
1417,59776,-5.5,0.0,1.96,1,0.0,0.0,0.5,4627,
1418,59776,-7.5,0.0,9.8,5,0.0,0.4,0.5,4627,
1419,59776,-5.0,0.0,0.0,0,,,0.5,4627,
1420,59840,-6.0,0.0,3.92,2,0.5,0.5,0.5,4627,
1421,59904,-6.0,0.0,3.92,2,0.0,0.5,0.5,4630,
1422,60224,-6.0,0.0,3.92,2,0.0,1.0,0.5,4645,
1423,60288,-1.9,0.0,9.09,1,0.0,0.0,0.5,4652,
1424,60352,-6.5,0.0,5.88,3,0.3333,0.3333,0.5,4656,
1425,60480,-5.0,0.0,0.0,0,,,0.5,4665,
1426,60480,-5.0,0.0,0.0,0,,,0.5,4665,
1427,60544,-2.1,0.0,7.69,1,0.0,0.0,0.5,4669,
1428,60544,-5.5,0.0,1.96,1,0.0,0.0,0.5,4669,
1429,60544,-6.5,0.0,5.88,3,0.0,0.0,0.5,4669,
1430,60736,-6.0,0.0,3.92,2,0.0,0.5,0.5,4678,
1431,60800,-5.5,0.0,1.96,1,1.0,0.0,0.5,4680,
1432,60800,-6.0,0.0,3.92,2,0.5,0.0,0.5,4680,
1433,60800,-5.0,0.0,3.92,2,0.0,0.0,0.5,4680,
1434,60800,-5.5,0.0,1.96,1,0.0,0.0,0.5,4680,
1435,60864,-2.5,0.0,5.88,1,0.0,0.0,0.5,4684,
1436,60864,-5.5,0.0,5.88,3,0.0,0.3333,0.5,4684,
1437,60864,-5.5,0.0,1.96,1,0.0,0.0,0.5,4684,
1438,60992,-5.5,0.0,1.96,1,0.0,0.0,0.5,4689,
1439,60992,-6.0,0.0,3.92,2,0.0,0.0,0.5,4689,
1440,61056,7.6,1.0,10.0,3,0.0,0.6667,0.5,4691,
1441,61056,-7.0,0.0,11.76,6,0.0,0.6667,0.5,4691,
1442,61056,-7.0,0.0,7.84,4,0.0,0.25,0.5,4691,
1443,61120,-7.0,0.0,11.76,6,0.0,0.6667,0.5,4694,
1444,61120,-5.6,0.0,7.89,3,0.3333,0.0,0.5,4694,
1445,61120,-5.5,0.0,1.96,1,0.0,1.0,0.5,4694,
1446,61184,-7.0,0.0,7.84,4,0.25,0.75,0.5,4696,
1447,61184,-6.0,0.0,7.84,4,0.0,0.75,0.5,4696,
1448,61248,-6.0,0.0,3.92,2,0.0,1.0,0.5,4698,
1449,61312,-5.0,0.0,0.0,0,,,0.5,4700,
1450,61312,-5.0,0.0,0.0,0,,,0.5,4700,
1451,61440,-5.5,0.0,5.88,3,0.3333,0.0,0.5,4705,
1452,61440,-7.0,0.0,7.84,4,0.0,0.75,0.5,4705,
1453,61440,-5.0,0.0,3.92,2,0.0,0.5,0.5,4705,
1454,61440,-7.2,0.0,11.36,5,0.0,0.0,0.5,4705,
1455,61504,10.9,1.0,0.0,0,,,0.5,4706,
1456,61568,-5.5,0.0,1.96,1,0.0,1.0,0.5,4706,
1457,61632,-6.0,0.0,3.92,2,0.0,0.5,0.5,4710,
1458,61632,-6.0,0.0,10.81,4,0.0,0.25,0.5,4710,
1459,61760,-5.5,0.0,1.96,1,0.0,1.0,0.5,4715,
1460,61760,-5.5,0.0,5.88,3,0.0,1.0,0.5,4715,
1461,61760,-6.5,0.0,5.88,3,0.3333,0.6667,0.5,4715,
1462,61760,-5.5,0.0,1.96,1,0.0,0.0,0.5,4715,
1463,61760,-2.3,0.0,6.67,1,0.0,0.0,0.5,4715,
1464,61824,10.1,1.0,6.67,1,0.0,1.0,0.5,4718,
1465,61888,-6.0,0.0,7.84,4,0.25,0.75,0.5,4723,
1466,61888,-6.0,0.0,3.92,2,0.0,0.5,0.5,4723,
1467,61952,-3.1,0.0,4.35,1,0.0,0.0,0.5,4729,
1468,62144,-6.2,0.0,4.08,2,0.0,0.5,0.5,4734,
1469,62144,-6.7,0.0,9.09,4,0.0,0.5,0.5,4734,
1470,62144,-5.5,0.0,1.96,1,0.0,1.0,0.5,4734,
1471,62208,-5.1,0.0,5.26,2,0.0,0.0,0.5,4737,
1472,62208,-6.0,0.0,3.92,2,0.0,1.0,0.5,4737,
1473,62208,-6.1,0.0,10.53,4,0.0,0.25,0.5,4737,
1474,62272,-6.6,0.0,9.3,4,0.25,0.75,0.5,4741,
1475,62272,-5.5,0.0,1.96,1,0.0,0.0,0.5,4741,
1476,62464,-2.4,0.0,6.25,1,0.0,0.0,0.5,4750,
1477,62464,-7.0,0.0,7.84,4,0.0,0.5,0.5,4750,
1478,62528,-6.0,0.0,7.84,4,0.0,0.5,0.5,4754,
1479,62528,-2.7,0.0,5.26,1,0.0,0.0,0.5,4754,
1480,62528,-6.1,0.0,6.98,3,0.0,0.0,0.5,4754,
1481,62528,-6.0,0.0,3.92,2,0.0,0.5,0.5,4754,
1482,62528,-4.2,0.0,2.94,1,0.0,0.0,0.5,4754,
1483,62592,-7.0,0.0,7.84,4,0.0,0.5,0.5,4758,
1484,62656,9.4,1.0,11.76,2,0.0,0.0,0.5,4763,
1485,62656,7.8,1.0,6.06,2,0.5,0.0,0.5,4763,
1486,62720,-3.4,0.0,3.85,1,0.0,0.0,0.5,4768,
1487,62720,-3.2,0.0,4.17,1,0.0,0.0,0.5,4768,
1488,62720,-6.0,0.0,3.92,2,0.0,0.5,0.5,4768,
1489,62784,-5.0,0.0,0.0,0,,,0.5,4770,
1490,62784,-5.0,0.0,0.0,0,,,0.5,4770,
1491,62848,-5.0,0.0,3.92,2,0.0,0.0,0.5,4773,
1492,62848,-7.0,0.0,7.84,4,0.0,0.5,0.5,4773,
1493,62848,-5.0,0.0,3.92,2,0.0,0.5,0.5,4773,
1494,62848,-5.5,0.0,1.96,1,0.0,1.0,0.5,4773,
1495,63104,-5.5,0.0,1.96,1,0.0,1.0,0.5,4789,
1496,63168,-7.5,0.0,9.8,5,0.0,0.6,0.5,4794,
1497,63168,-4.7,0.0,10.34,3,0.0,0.0,0.5,4794,
1498,63232,-1.6,0.0,12.5,1,0.0,0.0,0.5,4800,
1499,63232,-5.4,0.0,6.52,3,0.0,0.3333,0.5,4800,
1500,63296,-0.8,0.0,10.0,1,0.0,0.0,0.5,4807,
1501,63296,-3.4,0.0,3.85,1,0.0,0.0,0.5,4807,
1502,63296,-3.4,0.0,18.75,3,0.0,0.3333,0.5,4807,
1503,63360,-5.8,0.0,7.5,3,0.0,0.3333,0.5,4812,
1504,63360,-3.3,0.0,2.86,1,0.0,0.0,0.5,4812,
1505,63424,-2.8,0.0,3.33,1,0.0,0.0,0.5,4815,
1506,63488,-5.7,0.0,7.69,3,0.0,0.0,0.5,4820,
1507,63488,-5.5,0.0,5.88,3,0.0,1.0,0.5,4820,
1508,63680,9.7,1.0,5.26,1,0.0,0.0,0.5,4829,
1509,63680,11.3,1.0,0.0,0,,,0.5,4829,
1510,63680,-2.1,0.0,7.69,1,0.0,0.0,0.5,4829,
1511,63744,-7.0,0.0,7.84,4,0.0,0.5,0.5,4829,
1512,63808,-5.5,0.0,1.96,1,0.0,0.0,0.5,4830,
1513,63808,-6.0,0.0,3.92,2,0.0,0.0,0.5,4830,
1514,63808,6.8,1.0,4.65,2,0.0,0.5,0.5,4830,
1515,64064,-5.5,0.0,1.96,1,0.0,1.0,0.5,4839,
1516,64064,-5.0,0.0,0.0,0,,,0.5,4839,
1517,64128,-5.0,0.0,3.92,2,0.0,1.0,0.5,4841,
1518,64128,-4.0,0.0,0.0,0,,,0.5,4841,
1519,64192,7.0,1.0,12.9,4,0.25,0.75,0.5,4845,
1520,64256,-3.7,0.0,2.56,1,0.0,0.0,0.5,4851,
1521,64256,-6.5,0.0,5.88,3,0.0,0.6667,0.5,4851,
1522,64320,-1.1,0.0,25.0,2,0.0,0.0,0.5,4854,
1523,64320,-5.5,0.0,5.88,3,0.0,0.6667,0.5,4854,
1524,64384,-2.2,0.0,7.14,1,0.0,0.0,0.5,4856,
1525,64384,-6.0,0.0,3.92,2,0.5,0.5,0.5,4856,
1526,64384,-5.5,0.0,5.88,3,0.0,0.3333,0.5,4856,
1527,64448,-2.5,0.0,16.67,2,0.0,0.5,0.5,4859,
1528,64448,-7.5,0.0,9.8,5,0.2,0.2,0.5,4859,
1529,64512,-5.0,0.0,0.0,0,,,0.5,4860,
1530,64640,-3.0,0.0,4.55,1,0.0,0.0,0.5,4863,
1531,64704,-5.0,0.0,0.0,0,,,0.5,4867,
1532,64704,-7.0,0.0,7.84,4,0.25,0.5,0.5,4867,
1533,64704,-6.5,0.0,9.8,5,0.2,0.6,0.5,4867,
1534,64704,-5.9,0.0,4.35,2,0.0,0.0,0.5,4867,
1535,64896,-5.5,0.0,1.96,1,0.0,1.0,0.5,4879,
1536,65024,-6.0,0.0,3.92,2,0.0,0.5,0.5,4887,
1537,65024,-6.3,0.0,6.67,3,0.0,0.3333,0.5,4887,
1538,65024,-5.1,0.0,2.33,1,0.0,0.0,0.5,4887,
1539,65024,-4.0,0.0,0.0,0,,,0.5,4887,
1540,65024,-6.0,0.0,3.92,2,0.0,1.0,0.5,4887,
1541,65088,-2.0,0.0,8.33,1,0.0,0.0,0.5,4890,
1542,65088,-5.0,0.0,0.0,0,,,0.5,4890,
1543,65152,-4.4,0.0,2.78,1,0.0,0.0,0.5,4896,
1544,65152,-7.4,0.0,11.76,6,0.1667,0.3333,0.5,4896,
1545,65152,-6.5,0.0,5.88,3,0.0,0.6667,0.5,4896,
1546,65216,-5.0,0.0,0.0,0,,,0.5,4899,
1547,65344,-2.8,0.0,5.0,1,0.0,0.0,0.5,4910,
1548,65408,-4.5,0.0,1.96,1,0.0,1.0,0.5,4913,
1549,65408,-6.5,0.0,5.88,3,0.0,0.6667,0.5,4913,
1550,65472,-5.9,0.0,4.35,2,0.5,0.5,0.5,4921,
1551,65472,-7.0,0.0,7.84,4,0.0,0.25,0.5,4921,
1552,65472,-6.5,0.0,5.88,3,0.0,0.6667,0.5,4921,
1553,65536,-7.1,0.0,11.63,5,0.0,0.6,0.5,4923,
1554,65536,-0.6,0.0,12.5,1,0.0,0.0,0.5,4923,
1555,65728,-7.3,0.0,8.0,4,0.0,0.25,0.5,4929,
1556,65728,-6.0,0.0,3.92,2,0.0,0.0,0.5,4929,
1557,65792,-6.5,0.0,5.88,3,0.0,1.0,0.5,4932,
1558,65792,-4.5,0.0,1.96,1,1.0,0.0,0.5,4932,
1559,65792,-4.7,0.0,2.56,1,0.0,0.0,0.5,4932,
1560,65792,-6.0,0.0,7.84,4,0.0,0.75,0.5,4932,
1561,65856,-6.0,0.0,7.84,4,0.0,0.25,0.5,4937,
1562,65856,-3.0,0.0,4.55,1,0.0,0.0,0.5,4937,
1563,65920,-6.0,0.0,3.92,2,0.0,0.5,0.5,4939,
1564,65984,-6.5,0.0,5.88,3,0.3333,0.0,0.5,4940,
1565,65984,-6.5,0.0,5.88,3,0.0,1.0,0.5,4940,
1566,66048,-3.8,0.0,3.33,1,0.0,0.0,0.5,4946,
1567,66048,-6.5,0.0,5.88,3,0.3333,0.0,0.5,4946,
1568,66112,-6.0,0.0,3.92,2,0.0,0.5,0.5,4947,
1569,66112,-6.0,0.0,3.92,2,0.0,0.5,0.5,4947,
1570,66368,-5.0,0.0,3.92,2,0.0,0.5,0.5,4957,
1571,66368,-2.2,0.0,7.14,1,0.0,0.0,0.5,4957,
1572,66432,-5.0,0.0,0.0,0,,,0.5,4964,
1573,66432,-6.7,0.0,6.12,3,0.0,0.0,0.5,4964,
1574,66432,-2.2,0.0,7.14,1,0.0,0.0,0.5,4964,
1575,66496,-8.0,0.0,11.76,6,0.3333,0.1667,0.5,4969,
1576,66496,-3.9,0.0,3.23,1,0.0,0.0,0.5,4969,
1577,66560,-5.5,0.0,1.96,1,0.0,1.0,0.5,4972,
1578,66624,-7.0,0.0,7.84,4,0.0,0.5,0.5,4974,
1579,66624,-6.0,0.0,3.92,2,0.0,0.0,0.5,4974,
1580,66688,9.7,1.0,5.26,1,1.0,1.0,0.5,4980,
1581,66688,-5.0,0.0,0.0,0,,,0.5,4980,
1582,66752,-5.5,0.0,5.88,3,0.0,0.3333,0.5,4981,
1583,66816,-4.6,0.0,17.39,4,0.0,0.5,0.5,4984,
1584,66816,7.8,1.0,10.71,3,0.0,1.0,0.5,4984,
1585,66944,-4.5,0.0,1.96,1,0.0,1.0,0.5,4990,
1586,66944,-5.5,0.0,1.96,1,0.0,0.0,0.5,4990,
1587,67008,-7.0,0.0,7.84,4,0.0,0.75,0.5,4992,
1588,67072,-6.0,0.0,3.92,2,0.0,0.0,0.5,4995,
1589,67072,-6.0,0.0,3.92,2,0.0,0.5,0.5,4995,
1590,67136,-2.5,0.0,16.67,2,0.0,0.5,0.5,4999,
1591,67264,-2.7,0.0,5.26,1,0.0,0.0,0.5,5005,
1592,67328,-6.0,0.0,3.92,2,0.0,1.0,0.5,5011,
1593,67392,-3.0,0.0,4.55,1,0.0,0.0,0.5,5013,
1594,67392,-6.0,0.0,3.92,2,0.0,0.5,0.5,5013,
1595,67456,-4.0,0.0,3.12,1,0.0,0.0,0.5,5016,
1596,67456,-6.0,0.0,3.92,2,0.0,0.0,0.5,5016,
1597,67520,-5.7,0.0,2.04,1,0.0,0.0,0.5,5020,
1598,67520,-6.0,0.0,3.92,2,0.5,1.0,0.5,5020,
1599,67520,-2.6,0.0,3.57,1,0.0,0.0,0.5,5020,
1600,67520,-6.0,0.0,3.92,2,0.0,0.0,0.5,5020,
1601,67520,-5.7,0.0,4.55,2,0.0,0.5,0.5,5020,
1602,67584,-5.0,0.0,0.0,0,,,0.5,5022,
1603,67584,-4.7,0.0,2.56,1,0.0,0.0,0.5,5022,
1604,67648,-6.0,0.0,7.84,4,0.25,0.25,0.5,5025,
1605,67648,-7.0,0.0,7.84,4,0.0,0.0,0.5,5025,
1606,67712,-6.5,0.0,5.88,3,0.0,0.3333,0.5,5025,
1607,67840,6.2,1.0,6.82,3,0.0,0.6667,0.5,5029,
1608,67904,-4.6,0.0,10.71,3,0.0,0.0,0.5,5032,
1609,67904,-6.0,0.0,3.92,2,0.0,0.5,0.5,5032,
1610,67968,-7.0,0.0,7.84,4,0.25,0.25,0.5,5034,
1611,67968,-6.5,0.0,5.88,3,0.0,0.0,0.5,5034,
1612,67968,-6.5,0.0,5.88,3,0.0,1.0,0.5,5034,
1613,68032,-4.3,0.0,2.86,1,0.0,0.0,0.5,5035,
1614,68160,-5.5,0.0,5.88,3,0.0,0.3333,0.5,5039,
1615,68288,-3.2,0.0,10.53,2,0.0,0.0,0.5,5044,
1616,68288,-4.0,0.0,0.0,0,,,0.5,5044,
1617,68288,-5.0,0.0,3.92,2,0.0,0.5,0.5,5044,
1618,68352,-6.4,0.0,6.52,3,0.3333,0.0,0.5,5047,
1619,68352,-6.0,0.0,3.92,2,0.0,0.5,0.5,5047,
1620,68416,-6.0,0.0,3.92,2,0.0,0.5,0.5,5051,
1621,68416,-6.0,0.0,7.84,4,0.0,0.25,0.5,5051,
1622,68416,-6.5,0.0,5.88,3,0.0,0.6667,0.5,5051,
1623,68480,-7.0,0.0,11.76,6,0.1667,0.5,0.5,5052,
1624,68608,11.2,1.0,25.0,1,1.0,1.0,0.5,5054,
1625,68672,-4.5,0.0,12.5,4,0.0,0.5,0.5,5056,
1626,68672,-3.6,0.0,16.67,3,0.0,0.3333,0.5,5056,
1627,68736,-5.5,0.0,1.96,1,0.0,1.0,0.5,5059,
1628,68736,9.8,1.0,0.0,0,,,0.5,5059,
1629,68800,-6.5,0.0,9.8,5,0.0,0.4,0.5,5062,
1630,68800,-2.7,0.0,5.26,1,0.0,0.0,0.5,5062,
1631,68864,-2.3,0.0,6.67,1,0.0,0.0,0.5,5066,
1632,68864,-3.7,0.0,3.45,1,0.0,0.0,0.5,5066,
1633,68928,6.7,1.0,4.55,2,0.0,0.5,0.5,5069,
1634,68992,-2.8,0.0,13.33,2,0.0,0.0,0.5,5074,
1635,68992,-5.0,0.0,0.0,0,,,0.5,5074,
1636,68992,-4.0,0.0,3.12,1,0.0,0.0,0.5,5074,
1637,68992,-2.5,0.0,5.88,1,0.0,0.0,0.5,5074,
1638,69056,-5.5,0.0,1.96,1,0.0,1.0,0.5,5076,
1639,69056,-3.9,0.0,7.69,2,0.0,0.0,0.5,5076,
1640,69056,-6.5,0.0,5.88,3,0.0,1.0,0.5,5076,
1641,69056,-4.3,0.0,2.86,1,0.0,0.0,0.5,5076,
1642,69056,-6.5,0.0,5.88,3,0.0,0.6667,0.5,5076,
1643,69120,-4.0,0.0,9.38,3,0.3333,0.0,0.5,5080,
1644,69120,-5.5,0.0,5.88,3,0.0,1.0,0.5,5080,
1645,69120,-5.6,0.0,4.65,2,0.0,0.5,0.5,5080,
1646,69120,-5.5,0.0,1.96,1,0.0,0.0,0.5,5080,
1647,69184,-6.0,0.0,7.84,4,0.0,0.75,0.5,5084,
1648,69184,-3.4,0.0,3.85,1,0.0,0.0,0.5,5084,
1649,69248,10.8,1.0,0.0,0,,,0.5,5087,
1650,69248,-5.0,0.0,0.0,0,,,0.5,5087,
1651,69248,-2.1,0.0,7.69,1,0.0,0.0,0.5,5087,
1652,69312,-5.5,0.0,1.96,1,0.0,1.0,0.5,5091,
1653,69504,-6.1,0.0,4.17,2,0.0,0.5,0.5,5100,
1654,69632,10.0,1.0,6.25,1,0.0,0.0,0.5,5105,
1655,69696,-6.0,0.0,3.92,2,0.0,0.5,0.5,5108,
1656,69696,-6.0,0.0,3.92,2,0.0,1.0,0.5,5108,
1657,69696,7.4,1.0,9.38,3,0.3333,0.3333,0.5,5108,
1658,69760,11.1,1.0,0.0,0,,,0.5,5109,
1659,69760,6.9,1.0,2.13,1,1.0,1.0,0.5,5109,
1660,69760,-4.5,0.0,1.96,1,0.0,0.0,0.5,5109,
1661,69760,-5.0,0.0,0.0,0,,,0.5,5109,
1662,69760,-6.6,0.0,6.25,3,0.0,0.0,0.5,5109,
1663,69824,-5.0,0.0,0.0,0,,,0.5,5115,
1664,69888,-5.0,0.0,0.0,0,,,0.5,5118,
1665,69888,-2.2,0.0,7.14,1,0.0,0.0,0.5,5118,
1666,69952,-6.5,0.0,5.88,3,0.0,0.6667,0.5,5121,
1667,70016,-4.7,0.0,2.56,1,0.0,0.0,0.5,5127,
1668,70016,-2.0,0.0,8.33,1,0.0,0.0,0.5,5127,
1669,70080,-7.0,0.0,7.84,4,0.5,0.75,0.5,5130,
1670,70080,-4.1,0.0,7.14,2,0.0,0.0,0.5,5130,
1671,70144,-2.3,0.0,6.67,1,0.0,0.0,0.5,5133,
1672,70208,9.1,1.0,10.0,2,0.5,0.5,0.5,5134,
1673,70208,-6.5,0.0,5.88,3,0.0,0.6667,0.5,5134,
1674,70272,-1.7,0.0,5.26,1,0.0,0.0,0.5,5136,
1675,70400,-5.1,0.0,9.09,3,0.0,0.0,0.5,5143,
1676,70400,-6.0,0.0,3.92,2,0.0,1.0,0.5,5143,
1677,70464,-5.6,0.0,4.65,2,0.0,0.5,0.5,5149,
1678,70464,-5.2,0.0,5.13,2,0.0,0.0,0.5,5149,
1679,70528,-2.4,0.0,6.25,1,0.0,0.0,0.5,5158,
1680,70592,-5.5,0.0,5.88,3,0.0,1.0,0.5,5161,
1681,70592,-1.8,0.0,13.33,2,0.0,0.0,0.5,5161,
1682,70656,10.2,1.0,7.14,1,0.0,1.0,0.5,5166,
1683,70656,-3.7,0.0,8.33,2,0.0,0.0,0.5,5166,
1684,70656,-5.0,0.0,0.0,0,,,0.5,5166,
1685,70720,-5.5,0.0,1.96,1,0.0,1.0,0.5,5169,
1686,70720,-3.9,0.0,7.69,2,0.0,0.0,0.5,5169,
1687,70720,-5.5,0.0,5.88,3,0.3333,0.0,0.5,5169,
1688,70784,-6.0,0.0,7.84,4,0.0,0.5,0.5,5169,
1689,70784,-6.0,0.0,7.84,4,0.0,0.25,0.5,5169,
1690,70848,-2.8,0.0,8.0,2,0.0,0.5,0.5,5175,
1691,70848,-4.0,0.0,7.41,2,0.5,0.0,0.5,5175,
1692,70848,-6.0,0.0,3.92,2,0.0,0.5,0.5,5175,
1693,70912,-5.5,0.0,5.88,3,0.0,0.6667,0.5,5177,
1694,70976,-1.3,0.0,20.0,1,0.0,0.0,0.5,5179,
1695,71040,-3.4,0.0,9.52,2,0.0,0.0,0.5,5184,
1696,71104,-7.5,0.0,9.8,5,0.2,0.8,0.5,5190,
1697,71232,-5.0,0.0,0.0,0,,,0.5,5195,
1698,71232,-6.0,0.0,7.84,4,0.0,0.25,0.5,5195,
1699,71232,-2.0,0.0,8.33,1,0.0,0.0,0.5,5195,
1700,71232,8.9,1.0,9.09,2,0.0,0.5,0.5,5195,
1701,71232,-4.9,0.0,4.35,2,0.5,0.5,0.5,5195,
1702,71296,-4.5,0.0,18.18,4,0.0,0.25,0.5,5199,
1703,71296,-3.2,0.0,4.17,1,0.0,0.0,0.5,5199,
1704,71424,-4.5,0.0,1.96,1,0.0,0.0,0.5,5203,
1705,71552,-4.7,0.0,10.34,3,0.0,0.3333,0.5,5208,
1706,71552,-3.4,0.0,9.52,2,0.0,0.5,0.5,5208,
1707,71552,7.4,1.0,2.38,1,0.0,1.0,0.5,5208,
1708,71616,-6.2,0.0,6.82,3,0.0,0.6667,0.5,5211,
1709,71616,-5.5,0.0,1.96,1,0.0,0.0,0.5,5211,
1710,71680,-7.0,0.0,7.84,4,0.0,0.5,0.5,5213,
1711,71680,9.6,1.0,0.0,0,,,0.5,5213,
1712,71744,-4.0,0.0,0.0,0,,,0.5,5215,
1713,71808,-4.1,0.0,3.03,1,0.0,0.0,0.5,5221,
1714,71872,-5.8,0.0,7.5,3,0.0,0.6667,0.5,5223,
1715,71936,-5.0,0.0,3.92,2,0.0,1.0,0.5,5225,
1716,71936,-2.7,0.0,5.26,1,0.0,0.0,0.5,5225,
1717,71936,-5.5,0.0,1.96,1,0.0,0.0,0.5,5225,
1718,72000,-2.8,0.0,5.0,1,0.0,0.0,0.5,5227,
1719,72000,-6.0,0.0,3.92,2,0.0,0.5,0.5,5227,
1720,72000,-5.5,0.0,5.88,3,0.3333,0.6667,0.5,5227,
1721,72064,-6.5,0.0,5.88,3,0.3333,0.0,0.5,5231,
1722,72064,-4.9,0.0,5.56,2,0.5,0.5,0.5,5231,
1723,72128,-5.0,0.0,0.0,0,,,0.5,5233,
1724,72256,-5.0,0.0,5.41,2,0.0,0.0,0.5,5237,
1725,72256,-6.5,0.0,5.88,3,0.3333,0.0,0.5,5237,
1726,72256,-6.0,0.0,7.84,4,0.0,0.75,0.5,5237,
1727,72256,-5.0,0.0,0.0,0,,,0.5,5237,
1728,72320,-4.5,0.0,1.96,1,0.0,1.0,0.5,5238,
1729,72320,-6.0,0.0,3.92,2,0.0,1.0,0.5,5238,
1730,72320,-5.0,0.0,3.92,2,0.0,0.5,0.5,5238,
1731,72384,-3.6,0.0,3.57,1,0.0,0.0,0.5,5240,
1732,72384,-7.0,0.0,7.84,4,0.25,0.5,0.5,5240,
1733,72448,-4.4,0.0,2.78,1,0.0,0.0,0.5,5244,
1734,72448,-5.0,0.0,3.92,2,0.0,0.5,0.5,5244,
1735,72512,-6.5,0.0,5.88,3,0.0,0.0,0.5,5248,
1736,72576,11.1,1.0,20.0,1,0.0,1.0,0.5,5250,
1737,72704,-2.5,0.0,16.67,2,0.0,0.0,0.5,5256,
1738,72832,-3.9,0.0,3.23,1,0.0,0.0,0.5,5261,
1739,72832,-2.2,0.0,10.53,2,0.0,0.5,0.5,5261,
1740,73024,-5.0,0.0,3.92,2,0.0,1.0,0.5,5269,
1741,73024,-5.0,0.0,0.0,0,,,0.5,5269,
1742,73152,-3.7,0.0,2.56,1,0.0,0.0,0.5,5274,
1743,73152,-3.6,0.0,30.77,4,0.0,0.25,0.5,5274,
1744,73152,-3.0,0.0,4.55,1,0.0,0.0,0.5,5274,
1745,73216,-4.5,0.0,1.96,1,0.0,1.0,0.5,5278,
1746,73280,-5.5,0.0,1.96,1,0.0,0.0,0.5,5278,
1747,73280,-5.0,0.0,0.0,0,,,0.5,5278,
1748,73344,-6.0,0.0,3.92,2,0.0,0.5,0.5,5280,
1749,73408,-1.7,0.0,11.11,1,0.0,0.0,0.5,5285,
1750,73472,-6.0,0.0,3.92,2,0.0,0.5,0.5,5287,
1751,73536,-3.8,0.0,8.0,2,0.0,0.5,0.5,5289,
1752,73536,-5.0,0.0,3.92,2,0.0,1.0,0.5,5289,
1753,73664,-7.5,0.0,9.8,5,0.2,0.2,0.5,5293,
1754,73664,-5.5,0.0,1.96,1,0.0,1.0,0.5,5293,
1755,73728,-4.5,0.0,1.96,1,0.0,0.0,0.5,5294,
1756,73792,-6.0,0.0,7.84,4,0.25,0.5,0.5,5297,
1757,73856,-6.5,0.0,5.88,3,0.0,0.3333,0.5,5300,
1758,73920,-5.0,0.0,0.0,0,,,0.5,5303,
1759,73984,-4.4,0.0,2.78,1,0.0,0.0,0.5,5305,
1760,73984,-5.0,0.0,0.0,0,,,0.5,5305,
1761,74048,-4.0,0.0,0.0,0,,,0.5,5306,
1762,74048,-6.5,0.0,5.88,3,0.0,0.6667,0.5,5306,
1763,74112,-6.3,0.0,6.67,3,0.0,0.3333,0.5,5310,
1764,74112,-5.5,0.0,1.96,1,0.0,1.0,0.5,5310,
1765,74112,-5.0,0.0,0.0,0,,,0.5,5310,
1766,74176,-7.0,0.0,7.84,4,0.0,1.0,0.5,5311,
1767,74240,-5.0,0.0,4.26,2,0.0,0.5,0.5,5313,
1768,74240,-6.5,0.0,5.88,3,0.0,0.6667,0.5,5313,
1769,74304,-4.4,0.0,2.78,1,0.0,0.0,0.5,5316,
1770,74304,-5.0,0.0,3.92,2,0.0,0.5,0.5,5316,
1771,74368,-7.0,0.0,7.84,4,0.0,0.0,0.5,5316,
1772,74432,-3.7,0.0,2.56,1,0.0,0.0,0.5,5319,
1773,74496,-4.3,0.0,2.86,1,0.0,0.0,0.5,5324,
1774,74496,-2.9,0.0,4.76,1,0.0,0.0,0.5,5324,
1775,74496,-5.0,0.0,0.0,0,,,0.5,5324,
1776,74496,-3.2,0.0,2.94,1,0.0,0.0,0.5,5324,
1777,74496,-2.1,0.0,7.69,1,0.0,0.0,0.5,5324,
1778,74496,-6.5,0.0,5.88,3,0.0,0.3333,0.5,5324,
1779,74496,-6.5,0.0,9.8,5,0.2,0.6,0.5,5324,
1780,74560,-5.5,0.0,1.96,1,0.0,0.0,0.5,5326,
1781,74560,-6.5,0.0,9.8,5,0.2,0.6,0.5,5326,
1782,74688,-6.5,0.0,5.88,3,0.3333,0.3333,0.5,5334,
1783,74816,-5.5,0.0,5.88,3,0.3333,0.6667,0.5,5337,
1784,74816,-5.5,0.0,5.88,3,0.3333,0.3333,0.5,5337,
1785,74816,-5.0,0.0,0.0,0,,,0.5,5337,
1786,74880,-6.0,0.0,3.92,2,0.0,0.0,0.5,5339,
1787,74880,-5.5,0.0,2.13,1,0.0,0.0,0.5,5339,
1788,74944,-5.0,0.0,0.0,0,,,0.5,5339,
1789,75072,-4.2,0.0,2.27,1,0.0,0.0,0.5,5346,
1790,75072,-6.0,0.0,3.92,2,0.5,0.5,0.5,5346,
1791,75072,-3.4,0.0,3.85,1,0.0,0.0,0.5,5346,
1792,75136,-1.8,0.0,10.0,1,0.0,0.0,0.5,5350,
1793,75264,-5.0,0.0,0.0,0,,,0.5,5356,
1794,75264,-6.0,0.0,3.92,2,0.0,1.0,0.5,5356,
1795,75264,-2.4,0.0,6.25,1,0.0,0.0,0.5,5356,
1796,75264,-3.6,0.0,3.57,1,0.0,0.0,0.5,5356,
1797,75328,-5.5,0.0,1.96,1,0.0,0.0,0.5,5359,
1798,75328,-6.9,0.0,13.04,6,0.1667,0.1667,0.5,5359,
1799,75328,-5.5,0.0,1.96,1,0.0,0.0,0.5,5359,
1800,75392,-5.5,0.0,5.88,3,0.0,0.6667,0.5,5361,
1801,75456,8.5,1.0,0.0,0,,,0.5,5361,
1802,75520,-4.1,0.0,7.14,2,0.5,0.0,0.5,5362,
1803,75520,-5.0,0.0,0.0,0,,,0.5,5362,
1804,75584,-5.5,0.0,1.96,1,0.0,0.0,0.5,5364,
1805,75584,-3.5,0.0,9.09,2,0.0,0.0,0.5,5364,
1806,75648,-3.2,0.0,10.53,2,0.0,0.5,0.5,5366,
1807,75648,-6.5,0.0,5.88,3,0.0,0.3333,0.5,5366,
1808,75712,-5.0,0.0,0.0,0,,,0.5,5367,
1809,75712,-4.5,0.0,1.96,1,0.0,0.0,0.5,5367,
1810,75776,-4.5,0.0,1.96,1,0.0,1.0,0.5,5371,
1811,75840,-5.0,0.0,2.38,1,0.0,0.0,0.5,5373,
1812,75840,-4.0,0.0,0.0,0,,,0.5,5373,
1813,75968,-5.5,0.0,1.96,1,0.0,0.0,0.5,5379,
1814,76032,-3.2,0.0,4.17,1,0.0,0.0,0.5,5387,
1815,76032,-5.1,0.0,9.09,3,0.0,0.0,0.5,5387,
1816,76096,-6.0,0.0,3.92,2,0.5,0.5,0.5,5391,
1817,76224,-3.8,0.0,3.33,1,0.0,0.0,0.5,5394,
1818,76288,-6.0,0.0,3.92,2,0.0,0.5,0.5,5395,
1819,76288,-5.5,0.0,1.96,1,0.0,0.0,0.5,5395,
1820,76352,-2.0,0.0,8.33,1,0.0,0.0,0.5,5398,
1821,76416,-2.3,0.0,6.67,1,0.0,0.0,0.5,5403,
1822,76480,-5.5,0.0,1.96,1,0.0,0.0,0.5,5406,
1823,76544,-4.0,0.0,0.0,0,,,0.5,5406,
1824,76544,-5.5,0.0,1.96,1,0.0,1.0,0.5,5406,
1825,76608,-3.6,0.0,3.57,1,0.0,0.0,0.5,5409,
1826,76608,-6.0,0.0,3.92,2,0.0,1.0,0.5,5409,
1827,76736,-2.6,0.0,5.56,1,0.0,0.0,0.5,5413,
1828,76800,-6.0,0.0,3.92,2,0.0,0.5,0.5,5416,
1829,76800,-6.5,0.0,5.88,3,0.0,0.6667,0.5,5416,
1830,76928,-5.0,0.0,0.0,0,,,0.5,5421,
1831,76992,-4.2,0.0,2.94,1,0.0,0.0,0.5,5423,
1832,77056,-5.0,0.0,3.92,2,0.0,0.5,0.5,5424,
1833,77120,-4.2,0.0,2.94,1,0.0,0.0,0.5,5428,
1834,77120,-3.5,0.0,6.25,2,0.0,0.0,0.5,5428,
1835,77120,-6.0,0.0,3.92,2,0.0,0.5,0.5,5428,
1836,77184,-5.5,0.0,4.76,2,0.5,0.0,0.5,5434,
1837,77248,-7.5,0.0,9.8,5,0.0,0.6,0.5,5435,
1838,77248,-5.0,0.0,0.0,0,,,0.5,5435,
1839,77312,-5.5,0.0,1.96,1,0.0,1.0,0.5,5435,
1840,77312,-6.5,0.0,5.88,3,0.0,0.6667,0.5,5435,
1841,77376,-3.2,0.0,4.17,1,0.0,0.0,0.5,5439,
1842,77376,-5.5,0.0,5.88,3,0.0,0.6667,0.5,5439,
1843,77376,-5.0,0.0,3.92,2,0.0,1.0,0.5,5439,
1844,77376,-6.0,0.0,3.92,2,0.0,0.5,0.5,5439,
1845,77440,-2.9,0.0,7.69,2,0.0,0.0,0.5,5443,
1846,77440,-2.7,0.0,14.29,2,0.0,0.5,0.5,5443,
1847,77504,-5.0,0.0,0.0,0,,,0.5,5445,
1848,77568,-4.3,0.0,6.67,2,0.0,0.0,0.5,5447,
1849,77568,-7.0,0.0,7.84,4,0.0,0.75,0.5,5447,
1850,77632,-5.0,0.0,0.0,0,,,0.5,5449,
1851,77760,-5.5,0.0,1.96,1,0.0,0.0,0.5,5453,
1852,77760,-6.5,0.0,5.88,3,0.0,0.6667,0.5,5453,
1853,77760,-5.0,0.0,3.92,2,0.5,0.5,0.5,5453,
1854,77760,-6.0,0.0,7.84,4,0.0,0.5,0.5,5453,
1855,77824,-5.0,0.0,0.0,0,,,0.5,5453,
1856,77824,-6.0,0.0,3.92,2,0.0,0.5,0.5,5453,
1857,77888,-5.9,0.0,7.32,3,0.3333,0.3333,0.5,5456,
1858,77952,-5.5,0.0,5.88,3,0.0,0.3333,0.5,5458,
1859,78016,-5.1,0.0,2.33,1,0.0,0.0,0.5,5461,
1860,78080,-3.1,0.0,4.35,1,0.0,0.0,0.5,5466,
1861,78080,-4.2,0.0,6.9,2,0.0,0.5,0.5,5466,
1862,78080,-6.0,0.0,3.92,2,0.5,1.0,0.5,5466,
1863,78080,-5.1,0.0,2.33,1,0.0,0.0,0.5,5466,
1864,78144,-6.0,0.0,3.92,2,0.5,0.5,0.5,5467,
1865,78144,-5.5,0.0,1.96,1,0.0,1.0,0.5,5467,
1866,78336,-5.0,0.0,0.0,0,,,0.5,5471,
1867,78336,-3.3,0.0,6.67,2,0.0,0.5,0.5,5471,
1868,78336,-6.0,0.0,3.92,2,0.0,0.0,0.5,5471,
1869,78400,-7.5,0.0,13.73,7,0.1429,0.4286,0.5,5472,
1870,78400,-6.2,0.0,4.08,2,0.5,0.0,0.5,5472,
1871,78528,-5.0,0.0,0.0,0,,,0.5,5473,
1872,78592,-5.0,0.0,0.0,0,,,0.5,5475,
1873,78592,-5.5,0.0,1.96,1,0.0,1.0,0.5,5475,
1874,78656,-4.0,0.0,0.0,0,,,0.5,5479,
1875,78720,-4.6,0.0,2.63,1,0.0,0.0,0.5,5482,
1876,78720,-3.8,0.0,3.33,1,0.0,0.0,0.5,5482,
1877,78784,-5.0,0.0,3.92,2,0.5,0.0,0.5,5483,
1878,78784,-6.0,0.0,7.84,4,0.0,0.0,0.5,5483,
1879,78912,-5.0,0.0,0.0,0,,,0.5,5489,
1880,78912,-7.1,0.0,8.33,4,0.0,0.5,0.5,5489,
1881,78976,-4.5,0.0,1.96,1,0.0,1.0,0.5,5491,
1882,78976,-4.0,0.0,0.0,0,,,0.5,5491,
1883,79104,-1.5,0.0,5.88,1,0.0,0.0,0.5,5494,
1884,79104,-4.4,0.0,6.45,2,0.0,0.5,0.5,5494,
1885,79168,-1.8,0.0,10.0,1,0.0,0.0,0.5,5500,
1886,79168,-2.1,0.0,7.69,1,0.0,0.0,0.5,5500,
1887,79232,-5.5,0.0,1.96,1,0.0,1.0,0.5,5503,
1888,79232,-6.8,0.0,8.89,4,0.25,0.0,0.5,5503,
1889,79296,-5.0,0.0,0.0,0,,,0.5,5504,
1890,79296,-7.5,0.0,9.8,5,0.0,0.8,0.5,5504,
1891,79360,-5.5,0.0,5.88,3,0.0,0.6667,0.5,5505,
1892,79424,-5.2,0.0,2.27,1,0.0,0.0,0.5,5508,
1893,79552,-4.6,0.0,4.65,2,0.0,0.0,0.5,5514,
1894,79552,-5.0,0.0,0.0,0,,,0.5,5514,
1895,79744,-5.5,0.0,1.96,1,0.0,0.0,0.5,5521,
1896,79808,-5.0,0.0,0.0,0,,,0.5,5525,
1897,79872,-5.0,0.0,2.38,1,0.0,0.0,0.5,5527,
1898,79936,-2.7,0.0,3.45,1,0.0,0.0,0.5,5533,
1899,79936,-4.1,0.0,7.14,2,0.0,0.0,0.5,5533,
1900,80000,-7.0,0.0,7.84,4,0.0,0.5,0.5,5534,
1901,80064,-4.7,0.0,5.88,2,0.0,0.0,0.5,5535,
1902,80128,-3.2,0.0,2.94,1,0.0,0.0,0.5,5541,
1903,80128,-4.6,0.0,4.65,2,0.5,0.5,0.5,5541,
1904,80192,-5.2,0.0,2.27,1,0.0,0.0,0.5,5543,
1905,80192,-6.0,0.0,3.92,2,0.0,1.0,0.5,5543,
1906,80256,-4.5,0.0,1.96,1,0.0,0.0,0.5,5544,
1907,80320,-6.0,0.0,3.92,2,0.0,0.5,0.5,5545,
1908,80384,-5.5,0.0,1.96,1,0.0,1.0,0.5,5547,
1909,80384,-5.0,0.0,3.92,2,0.0,0.5,0.5,5547,
1910,80384,-4.0,0.0,13.64,3,0.0,0.3333,0.5,5547,
1911,80384,6.7,1.0,2.04,1,1.0,1.0,0.5,5547,
1912,80512,-5.6,0.0,7.89,3,0.0,0.0,0.5,5554,
1913,80512,-5.5,0.0,1.96,1,0.0,1.0,0.5,5554,
1914,80512,-4.6,0.0,2.63,1,0.0,0.0,0.5,5554,
1915,80576,-6.0,0.0,3.92,2,0.0,1.0,0.5,5559,
1916,80576,-4.5,0.0,1.96,1,0.0,0.0,0.5,5559,
1917,80640,-6.0,0.0,3.92,2,0.0,1.0,0.5,5559,
1918,80640,-6.0,0.0,7.84,4,0.0,0.75,0.5,5559,
1919,80704,-7.0,0.0,11.76,6,0.1667,0.6667,0.5,5561,
1920,80704,-5.5,0.0,1.96,1,0.0,0.0,0.5,5561,
1921,80768,-5.3,0.0,4.0,2,0.0,0.0,0.5,5563,
1922,80768,-5.0,0.0,0.0,0,,,0.5,5563,
1923,80832,-4.0,0.0,0.0,0,,,0.5,5565,
1924,80896,-4.0,0.0,0.0,0,,,0.5,5565,
1925,81024,-6.4,0.0,3.92,2,0.0,0.0,0.5,5571,
1926,81024,-4.4,0.0,2.78,1,0.0,0.0,0.5,5571,
1927,81024,-5.5,0.0,1.96,1,0.0,0.0,0.5,5571,
1928,81024,-5.5,0.0,1.96,1,0.0,1.0,0.5,5571,
1929,81024,-4.5,0.0,1.96,1,0.0,1.0,0.5,5571,
1930,81088,-2.8,0.0,5.0,1,0.0,0.0,0.5,5578,
1931,81088,-7.0,0.0,7.84,4,0.25,1.0,0.5,5578,
1932,81088,-1.9,0.0,4.76,1,0.0,0.0,0.5,5578,
1933,81088,-7.5,0.0,9.8,5,0.0,0.4,0.5,5578,
1934,81152,-6.1,0.0,4.17,2,0.0,0.5,0.5,5582,
1935,81216,-4.3,0.0,6.67,2,0.0,0.0,0.5,5584,
1936,81408,-5.5,0.0,1.96,1,0.0,1.0,0.5,5594,
1937,81472,-2.5,0.0,5.88,1,0.0,0.0,0.5,5595,
1938,81600,-5.0,0.0,3.92,2,0.5,0.5,0.5,5600,
1939,81600,-5.5,0.0,5.88,3,0.0,0.6667,0.5,5600,
1940,81600,-3.0,0.0,11.76,2,0.0,0.0,0.5,5600,
1941,81664,-4.5,0.0,1.96,1,0.0,0.0,0.5,5602,
1942,81664,-6.5,0.0,5.88,3,0.0,0.3333,0.5,5602,
1943,81664,8.5,1.0,0.0,0,,,0.5,5602,
1944,81728,-3.3,0.0,4.0,1,0.0,0.0,0.5,5603,
1945,81792,-2.0,0.0,8.33,1,0.0,0.0,0.5,5606,
1946,81856,-6.0,0.0,3.92,2,0.5,0.5,0.5,5610,
1947,81856,-6.5,0.0,5.88,3,0.3333,0.3333,0.5,5610,
1948,81920,-5.5,0.0,5.88,3,0.0,0.6667,0.5,5611,
1949,81984,-5.1,0.0,2.33,1,0.0,0.0,0.5,5612,
1950,81984,-5.0,0.0,3.92,2,0.0,1.0,0.5,5612,
1951,82048,-6.0,0.0,7.84,4,0.25,0.75,0.5,5614,
1952,82048,-6.0,0.0,3.92,2,0.0,0.5,0.5,5614,
1953,82176,-4.0,0.0,0.0,0,,,0.5,5618,
1954,82176,-6.0,0.0,3.92,2,0.0,0.5,0.5,5618,
1955,82240,-7.0,0.0,7.84,4,0.0,0.25,0.5,5620,
1956,82304,-3.2,0.0,4.17,1,0.0,0.0,0.5,5622,
1957,82368,-5.5,0.0,1.96,1,0.0,0.0,0.5,5624,
1958,82368,-5.5,0.0,5.88,3,0.0,0.0,0.5,5624,
1959,82432,8.5,1.0,14.29,3,0.0,1.0,0.5,5632,
1960,82432,-4.0,0.0,5.41,2,0.0,0.5,0.5,5632,
1961,82432,-5.0,0.0,0.0,0,,,0.5,5632,
1962,82432,-2.5,0.0,3.7,1,0.0,0.0,0.5,5632,
1963,82432,-4.0,0.0,0.0,0,,,0.5,5632,
1964,82496,-5.5,0.0,1.96,1,0.0,0.0,0.5,5633,
1965,82560,-5.0,0.0,0.0,0,,,0.5,5634,
1966,82688,10.8,1.0,12.5,1,0.0,1.0,0.5,5640,
1967,82688,-4.5,0.0,1.96,1,0.0,0.0,0.5,5640,
1968,82816,-6.0,0.0,3.92,2,0.0,0.0,0.5,5646,
1969,82816,-3.8,0.0,3.33,1,0.0,0.0,0.5,5646,
1970,82816,-4.5,0.0,1.96,1,0.0,1.0,0.5,5646,
1971,83136,-5.5,0.0,1.96,1,0.0,1.0,0.5,5659,
1972,83200,-6.5,0.0,5.88,3,0.0,0.3333,0.5,5661,
1973,83200,-5.6,0.0,7.89,3,0.3333,0.3333,0.5,5661,
1974,83200,-6.5,0.0,5.88,3,0.0,0.6667,0.5,5661,
1975,83264,-5.5,0.0,1.96,1,0.0,1.0,0.5,5662,
1976,83392,-3.0,0.0,4.55,1,0.0,0.0,0.5,5667,
1977,83392,-4.5,0.0,1.96,1,0.0,0.0,0.5,5667,
1978,83456,-5.0,0.0,5.41,2,0.0,0.0,0.5,5668,
1979,83456,-5.5,0.0,1.96,1,1.0,0.0,0.5,5668,
1980,83456,-5.5,0.0,1.96,1,0.0,1.0,0.5,5668,
1981,83520,-7.0,0.0,7.84,4,0.25,0.25,0.5,5673,
1982,83584,-6.0,0.0,7.84,4,0.25,0.5,0.5,5673,
1983,83648,-4.4,0.0,12.9,4,0.0,0.5,0.5,5675,
1984,83648,-6.0,0.0,3.92,2,0.0,0.0,0.5,5675,
1985,83648,-5.0,0.0,0.0,0,,,0.5,5675,
1986,83648,8.3,1.0,7.14,2,0.0,1.0,0.5,5675,
1987,83648,-5.5,0.0,1.96,1,0.0,0.0,0.5,5675,
1988,83776,-2.3,0.0,6.67,1,0.0,0.0,0.5,5679,
1989,83776,-5.5,0.0,5.88,3,0.3333,0.6667,0.5,5679,
1990,83776,-5.5,0.0,5.88,3,0.0,0.6667,0.5,5679,
1991,83840,-5.5,0.0,1.96,1,0.0,0.0,0.5,5681,
1992,83840,-4.5,0.0,1.96,1,0.0,0.0,0.5,5681,
1993,83904,-6.0,0.0,7.84,4,0.0,0.5,0.5,5683,
1994,83904,-1.6,0.0,12.5,1,0.0,0.0,0.5,5683,
1995,83904,-4.5,0.0,1.96,1,0.0,0.0,0.5,5683,
1996,83968,-5.5,0.0,1.96,1,0.0,1.0,0.5,5685,
1997,84096,-5.5,0.0,1.96,1,0.0,0.0,0.5,5694,
1998,84096,-4.7,0.0,11.76,4,0.0,0.25,0.5,5694,
1999,84096,-4.5,0.0,2.7,1,0.0,0.0,0.5,5694,
2000,84224,-5.7,0.0,2.04,1,0.0,0.0,0.5,5698,
2001,84224,-4.0,0.0,3.12,1,0.0,0.0,0.5,5698,
2002,84224,-4.7,0.0,5.88,2,0.0,0.0,0.5,5698,
2003,84288,-7.5,0.0,9.8,5,0.2,0.2,0.5,5699,
2004,84288,-6.0,0.0,3.92,2,0.0,0.0,0.5,5699,
2005,84288,-5.0,0.0,3.92,2,0.0,0.5,0.5,5699,
2006,84288,8.7,1.0,3.45,1,1.0,0.0,0.5,5699,
2007,84288,-5.0,0.0,0.0,0,,,0.5,5699,
2008,84352,-1.5,0.0,5.88,1,0.0,0.0,0.5,5702,
2009,84352,-5.5,0.0,1.96,1,0.0,0.0,0.5,5702,
2010,84416,-4.2,0.0,2.94,1,0.0,0.0,0.5,5705,
2011,84416,-5.0,0.0,0.0,0,,,0.5,5705,
2012,84480,-6.0,0.0,3.92,2,0.0,1.0,0.5,5707,
2013,84544,-3.7,0.0,2.56,1,0.0,0.0,0.5,5710,
2014,84608,-3.0,0.0,4.55,1,0.0,0.0,0.5,5714,
2015,84672,-5.5,0.0,8.11,3,0.0,0.0,0.5,5718,
2016,84672,-5.0,0.0,0.0,0,,,0.5,5718,
2017,84736,-4.0,0.0,3.12,1,0.0,0.0,0.5,5725,
2018,84736,-4.0,0.0,3.12,1,0.0,0.0,0.5,5725,
2019,84736,-3.0,0.0,11.76,2,0.5,0.0,0.5,5725,
2020,84736,-5.0,0.0,0.0,0,,,0.5,5725,
2021,84864,7.4,1.0,9.38,3,0.6667,0.6667,0.5,5731,
2022,84864,-5.0,0.0,3.92,2,0.5,0.0,0.5,5731,
2023,84864,-4.5,0.0,1.96,1,0.0,0.0,0.5,5731,
2024,84864,-5.0,0.0,0.0,0,,,0.5,5731,
2025,84928,-1.4,0.0,16.67,1,0.0,0.0,0.5,5734,
2026,84928,-5.0,0.0,0.0,0,,,0.5,5734,
2027,84928,-6.0,0.0,3.92,2,0.5,1.0,0.5,5734,
2028,85056,-6.0,0.0,3.92,2,0.0,1.0,0.5,5739,
2029,85120,-6.5,0.0,5.88,3,0.0,0.3333,0.5,5743,
2030,85184,9.6,1.0,5.0,1,0.0,1.0,0.5,5743,
2031,85248,-6.0,0.0,3.92,2,0.0,1.0,0.5,5743,
2032,85632,-5.6,0.0,2.08,1,0.0,0.0,0.5,5753,
2033,85632,-6.0,0.0,7.84,4,0.0,0.75,0.5,5753,
2034,85632,-5.1,0.0,5.26,2,0.0,0.5,0.5,5753,
2035,85632,-5.0,0.0,3.92,2,0.0,0.5,0.5,5753,
2036,85696,-4.5,0.0,1.96,1,0.0,1.0,0.5,5753,
2037,85696,-5.0,0.0,0.0,0,,,0.5,5753,
2038,85696,-5.5,0.0,1.96,1,0.0,1.0,0.5,5753,
2039,85696,-5.0,0.0,0.0,0,,,0.5,5753,
2040,85760,-3.3,0.0,6.67,2,0.0,0.5,0.5,5755,
2041,85760,-6.0,0.0,3.92,2,0.0,1.0,0.5,5755,
2042,86016,-4.0,0.0,5.41,2,0.0,0.5,0.5,5768,
2043,86080,-4.6,0.0,10.71,3,0.0,0.6667,0.5,5771,
2044,86080,-5.5,0.0,1.96,1,1.0,0.0,0.5,5771,
2045,86080,-2.4,0.0,3.85,1,0.0,0.0,0.5,5771,
2046,86208,-4.4,0.0,2.78,1,0.0,0.0,0.5,5775,
2047,86272,-2.9,0.0,14.29,3,0.0,0.3333,0.5,5778,
2048,86336,-3.1,0.0,3.03,1,0.0,0.0,0.5,5780,
2049,86336,7.1,1.0,2.22,1,0.0,1.0,0.5,5780,
2050,86400,-5.0,0.0,0.0,0,,,0.5,5782,
2051,86400,7.8,1.0,6.06,2,0.0,1.0,0.5,5782,
2052,86464,-5.5,0.0,1.96,1,0.0,0.0,0.5,5783,
2053,86592,-5.9,0.0,4.35,2,0.0,0.5,0.5,5789,
2054,86656,-4.5,0.0,2.7,1,0.0,0.0,0.5,5795,
2055,86656,-6.0,0.0,10.81,4,0.0,0.75,0.5,5795,
2056,86656,-6.0,0.0,3.92,2,0.0,0.5,0.5,5795,
2057,86720,-7.0,0.0,7.84,4,0.0,0.5,0.5,5800,
2058,86720,-2.2,0.0,4.17,1,0.0,0.0,0.5,5800,
2059,86720,-5.5,0.0,1.96,1,0.0,1.0,0.5,5800,
2060,86720,-3.7,0.0,3.45,1,0.0,0.0,0.5,5800,
2061,86784,9.4,1.0,11.76,2,0.0,0.5,0.5,5801,
2062,86784,-5.5,0.0,1.96,1,0.0,1.0,0.5,5801,
2063,86848,-6.5,0.0,5.88,3,0.0,1.0,0.5,5803,
2064,86848,-5.0,0.0,5.41,2,0.5,0.5,0.5,5803,
2065,86912,-2.1,0.0,7.69,1,0.0,0.0,0.5,5808,
2066,86912,-5.0,0.0,0.0,0,,,0.5,5808,
2067,86912,-6.5,0.0,5.88,3,0.0,0.3333,0.5,5808,
2068,86912,-4.7,0.0,5.88,2,0.0,0.5,0.5,5808,
2069,87040,-6.5,0.0,5.88,3,0.0,0.6667,0.5,5811,
2070,87040,-6.0,0.0,3.92,2,0.0,0.0,0.5,5811,
2071,87040,-5.0,0.0,3.92,2,0.0,0.5,0.5,5811,
2072,87104,-6.5,0.0,5.88,3,0.0,0.3333,0.5,5814,
2073,87168,-3.5,0.0,6.25,2,0.0,0.5,0.5,5817,
2074,87168,-6.5,0.0,5.88,3,0.0,0.0,0.5,5817,
2075,87232,-5.2,0.0,5.13,2,0.5,0.0,0.5,5821,
2076,87232,-5.0,0.0,3.92,2,0.5,0.0,0.5,5821,
2077,87360,-5.0,0.0,3.92,2,0.0,0.5,0.5,5827,
2078,87360,-5.5,0.0,5.88,3,0.0,0.6667,0.5,5827,
2079,87360,-5.5,0.0,1.96,1,0.0,1.0,0.5,5827,
2080,87488,9.9,1.0,0.0,0,,,0.5,5832,
2081,87488,-4.8,0.0,2.5,1,0.0,0.0,0.5,5832,
2082,87488,-4.5,0.0,1.96,1,0.0,1.0,0.5,5832,
2083,87488,-5.0,0.0,0.0,0,,,0.5,5832,
2084,87552,-5.5,0.0,1.96,1,0.0,0.0,0.5,5834,
2085,87616,-6.5,0.0,5.88,3,0.0,0.3333,0.5,5837,
2086,87616,-5.5,0.0,1.96,1,0.0,0.0,0.5,5837,
2087,87680,-5.0,0.0,0.0,0,,,0.5,5841,
2088,87872,-6.0,0.0,3.92,2,1.0,0.0,0.5,5846,
2089,87936,-2.4,0.0,6.25,1,0.0,0.0,0.5,5847,
2090,87936,-5.5,0.0,1.96,1,0.0,1.0,0.5,5847,
2091,87936,-4.5,0.0,1.96,1,0.0,0.0,0.5,5847,
2092,88000,-5.5,0.0,1.96,1,1.0,0.0,0.5,5850,
2093,88000,-5.5,0.0,1.96,1,0.0,1.0,0.5,5850,
2094,88000,-1.6,0.0,12.5,1,0.0,0.0,0.5,5850,
2095,88064,-4.9,0.0,5.56,2,0.0,0.0,0.5,5854,
2096,88064,-5.2,0.0,2.27,1,0.0,0.0,0.5,5854,
2097,88128,-5.5,0.0,1.96,1,0.0,0.0,0.5,5858,
2098,88128,-5.0,0.0,0.0,0,,,0.5,5858,
2099,88128,-6.0,0.0,10.81,4,0.25,0.25,0.5,5858,
2100,88128,-4.5,0.0,1.96,1,0.0,0.0,0.5,5858,
2101,88192,-6.5,0.0,5.88,3,0.0,0.6667,0.5,5859,
2102,88320,-6.0,0.0,3.92,2,0.0,0.5,0.5,5868,
2103,88704,-3.9,0.0,2.44,1,0.0,0.0,0.5,5878,
2104,88768,-6.1,0.0,8.33,4,0.0,0.5,0.5,5882,
2105,88896,-6.0,0.0,3.92,2,0.5,0.5,0.5,5887,
2106,88896,-5.0,0.0,3.92,2,0.0,0.0,0.5,5887,
2107,88896,-6.5,0.0,5.88,3,0.0,1.0,0.5,5887,
2108,88896,-4.0,0.0,0.0,0,,,0.5,5887,
2109,88960,-6.5,0.0,5.88,3,0.3333,0.6667,0.5,5890,
2110,88960,-6.0,0.0,3.92,2,0.5,0.5,0.5,5890,
2111,89088,10.2,1.0,0.0,0,,,0.5,5892,
2112,89152,-3.9,0.0,15.38,4,0.0,0.5,0.5,5895,
2113,89280,-5.5,0.0,5.88,3,0.0,0.6667,0.5,5898,
2114,89344,-3.6,0.0,2.63,1,0.0,0.0,0.5,5902,
2115,89472,-6.0,0.0,3.92,2,0.5,0.0,0.5,5908,
2116,89536,-6.0,0.0,3.92,2,0.0,1.0,0.5,5909,
2117,89600,-5.5,0.0,5.88,3,0.3333,1.0,0.5,5911,
2118,89600,-7.0,0.0,7.84,4,0.0,0.75,0.5,5911,
2119,89664,-5.0,0.0,0.0,0,,,0.5,5914,
2120,89664,-5.5,0.0,5.88,3,0.3333,0.3333,0.5,5914,
2121,89664,-2.1,0.0,4.35,1,0.0,0.0,0.5,5914,
2122,89728,-5.5,0.0,1.96,1,0.0,0.0,0.5,5917,
2123,89856,-5.3,0.0,13.33,4,0.0,0.0,0.5,5925,
2124,89856,-6.5,0.0,5.88,3,0.0,0.3333,0.5,5925,
2125,89920,-5.0,0.0,0.0,0,,,0.5,5928,
2126,89920,-4.5,0.0,1.96,1,0.0,1.0,0.5,5928,
2127,89920,-4.5,0.0,1.96,1,1.0,0.0,0.5,5928,
2128,89920,-5.7,0.0,2.04,1,0.0,0.0,0.5,5928,
2129,89984,-5.5,0.0,5.88,3,0.0,0.6667,0.5,5928,
2130,89984,-6.0,0.0,3.92,2,0.0,0.0,0.5,5928,
2131,89984,-6.0,0.0,3.92,2,0.5,0.0,0.5,5928,
2132,89984,-5.0,0.0,0.0,0,,,0.5,5928,
2133,90048,-4.5,0.0,1.96,1,0.0,1.0,0.5,5929,
2134,90112,-5.5,0.0,1.96,1,0.0,0.0,0.5,5934,
2135,90112,-5.0,0.0,3.92,2,0.0,1.0,0.5,5934,
2136,90176,-5.5,0.0,12.5,4,0.0,0.5,0.5,5938,
2137,90176,-4.0,0.0,0.0,0,,,0.5,5938,
2138,90176,-7.0,0.0,11.76,6,0.0,0.3333,0.5,5938,
2139,90176,-6.5,0.0,6.38,3,0.0,0.6667,0.5,5938,
2140,90240,11.5,1.0,0.0,0,,,0.5,5939,
2141,90304,-5.5,0.0,1.96,1,0.0,1.0,0.5,5939,
2142,90304,-5.5,0.0,1.96,1,0.0,0.0,0.5,5939,
2143,90304,-6.5,0.0,5.88,3,0.6667,0.3333,0.5,5939,
2144,90368,9.9,1.0,0.0,0,,,0.5,5940,
2145,90368,-6.5,0.0,5.88,3,0.0,0.6667,0.5,5940,
2146,90432,-6.5,0.0,5.88,3,0.0,0.3333,0.5,5941,
2147,90496,-5.0,0.0,3.92,2,0.0,0.5,0.5,5944,
2148,90496,-3.8,0.0,8.0,2,0.0,0.5,0.5,5944,
2149,90496,-5.0,0.0,3.92,2,0.0,1.0,0.5,5944,
2150,90624,-5.5,0.0,1.96,1,1.0,1.0,0.5,5950,
2151,90624,-6.4,0.0,6.52,3,0.0,0.0,0.5,5950,
2152,90624,-4.5,0.0,1.96,1,0.0,0.0,0.5,5950,
2153,90624,-5.0,0.0,0.0,0,,,0.5,5950,
2154,90688,10.0,1.0,6.25,1,0.0,1.0,0.5,5953,
2155,90688,-1.4,0.0,16.67,1,0.0,0.0,0.5,5953,
2156,90752,10.9,1.0,0.0,0,,,0.5,5953,
2157,90752,-5.0,0.0,3.92,2,0.5,0.5,0.5,5953,
2158,90752,-7.0,0.0,7.84,4,0.0,0.25,0.5,5953,
2159,90816,-2.8,0.0,5.0,1,0.0,0.0,0.5,5956,
2160,90816,-5.0,0.0,0.0,0,,,0.5,5956,
2161,90880,-4.0,0.0,0.0,0,,,0.5,5956,
2162,90880,-5.0,0.0,0.0,0,,,0.5,5956,
2163,91008,-1.6,0.0,12.5,1,0.0,0.0,0.5,5961,
2164,91072,-3.1,0.0,11.11,2,0.0,0.5,0.5,5967,
2165,91200,-7.0,0.0,7.84,4,0.0,0.25,0.5,5974,
2166,91200,-6.0,0.0,3.92,2,0.0,1.0,0.5,5974,
2167,91264,-6.5,0.0,5.88,3,0.0,0.6667,0.5,5974,
2168,91264,-6.0,0.0,7.84,4,0.0,0.5,0.5,5974,
2169,91264,-5.0,0.0,0.0,0,,,0.5,5974,
2170,91328,-7.0,0.0,7.84,4,0.0,0.75,0.5,5977,
2171,91328,-5.5,0.0,1.96,1,0.0,0.0,0.5,5977,
2172,91392,-5.5,0.0,1.96,1,0.0,1.0,0.5,5978,
2173,91392,-4.0,0.0,0.0,0,,,0.5,5978,
2174,91392,-5.0,0.0,0.0,0,,,0.5,5978,
2175,91392,-5.5,0.0,4.76,2,0.0,0.5,0.5,5978,
2176,91584,-5.5,0.0,1.96,1,0.0,0.0,0.5,5985,
2177,91840,-2.2,0.0,4.17,1,0.0,0.0,0.5,5990,
2178,91840,11.2,1.0,0.0,0,,,0.5,5990,
2179,91904,10.5,1.0,0.0,0,,,0.5,5992,
2180,92032,-4.5,0.0,1.96,1,0.0,1.0,0.5,5998,
2181,92032,-3.9,0.0,3.23,1,0.0,0.0,0.5,5998,
2182,92096,-4.7,0.0,2.56,1,0.0,0.0,0.5,6000,
2183,92160,-4.5,0.0,1.96,1,0.0,1.0,0.5,6001,
2184,92160,-5.5,0.0,5.88,3,0.3333,0.0,0.5,6001,
2185,92160,-5.0,0.0,3.92,2,0.0,0.5,0.5,6001,
2186,92224,-2.3,0.0,6.67,1,0.0,0.0,0.5,6003,
2187,92224,-5.0,0.0,0.0,0,,,0.5,6003,
2188,92288,-5.2,0.0,8.82,3,0.0,0.3333,0.5,6004,
2189,92352,-5.0,0.0,0.0,0,,,0.5,6007,
2190,92416,-5.0,0.0,3.92,2,0.0,0.5,0.5,6007,
2191,92544,-6.0,0.0,3.92,2,0.5,0.5,0.5,6014,
2192,92544,6.6,1.0,7.5,3,0.3333,0.0,0.5,6014,
2193,92544,-4.9,0.0,2.44,1,0.0,0.0,0.5,6014,
2194,92608,-5.0,0.0,0.0,0,,,0.5,6015,
2195,92608,8.0,1.0,6.45,2,0.5,1.0,0.5,6015,
2196,92672,-4.6,0.0,2.63,1,0.0,0.0,0.5,6018,
2197,92672,-5.0,0.0,9.38,3,0.0,0.0,0.5,6018,
2198,92736,-5.5,0.0,1.96,1,1.0,0.0,0.5,6020,
2199,92864,-6.0,0.0,3.92,2,0.0,0.5,0.5,6024,
2200,92864,-4.1,0.0,3.03,1,0.0,0.0,0.5,6024,
2201,92928,-6.0,0.0,3.92,2,0.0,0.5,0.5,6029,
2202,92928,-3.7,0.0,5.88,2,0.0,0.5,0.5,6029,
2203,92928,-4.0,0.0,0.0,0,,,0.5,6029,
2204,92928,-3.3,0.0,4.0,1,0.0,0.0,0.5,6029,
2205,92992,-5.5,0.0,1.96,1,1.0,1.0,0.5,6032,
2206,93056,-1.8,0.0,10.0,1,0.0,0.0,0.5,6034,
2207,93120,-5.5,0.0,5.88,3,0.3333,0.3333,0.5,6036,
2208,93184,-4.7,0.0,2.56,1,0.0,0.0,0.5,6040,
2209,93184,-4.5,0.0,1.96,1,0.0,0.0,0.5,6040,
2210,93184,-5.5,0.0,5.88,3,0.0,0.3333,0.5,6040,
2211,93248,-5.0,0.0,0.0,0,,,0.5,6044,
2212,93248,-3.7,0.0,3.45,1,0.0,0.0,0.5,6044,
2213,93248,-5.0,0.0,0.0,0,,,0.5,6044,
2214,93376,-4.0,0.0,0.0,0,,,0.5,6047,
2215,93440,-6.5,0.0,5.88,3,0.3333,0.6667,0.5,6049,
2216,93440,-5.0,0.0,0.0,0,,,0.5,6049,
2217,93440,-6.0,0.0,3.92,2,0.0,0.0,0.5,6049,
2218,93440,-7.0,0.0,7.84,4,0.0,0.5,0.5,6049,
2219,93504,-5.2,0.0,4.08,2,0.0,0.5,0.5,6053,
2220,93568,-3.8,0.0,15.0,3,0.3333,0.3333,0.5,6055,
2221,93568,-5.4,0.0,6.52,3,0.0,0.6667,0.5,6055,
2222,93568,-4.5,0.0,1.96,1,0.0,0.0,0.5,6055,
2223,93632,-3.0,0.0,11.76,2,0.0,0.5,0.5,6056,
2224,93632,-4.5,0.0,1.96,1,1.0,0.0,0.5,6056,
2225,93696,-5.8,0.0,2.0,1,0.0,0.0,0.5,6058,
2226,93696,-6.5,0.0,5.88,3,0.0,0.0,0.5,6058,
2227,93760,-5.5,0.0,1.96,1,0.0,0.0,0.5,6061,
2228,93888,-6.5,0.0,5.88,3,0.0,0.3333,0.5,6063,
2229,93952,-6.0,0.0,3.92,2,0.0,1.0,0.5,6063,
2230,94016,-5.0,0.0,3.92,2,0.0,1.0,0.5,6064,
2231,94080,-7.0,0.0,7.84,4,0.0,0.5,0.5,6066,
2232,94080,-5.5,0.0,1.96,1,0.0,0.0,0.5,6066,
2233,94144,-6.0,0.0,3.92,2,0.0,0.5,0.5,6067,
2234,94208,-2.9,0.0,4.76,1,0.0,0.0,0.5,6071,
2235,94272,-6.0,0.0,3.92,2,0.0,0.5,0.5,6072,
2236,94336,-5.5,0.0,1.96,1,0.0,1.0,0.5,6075,
2237,94336,-4.2,0.0,2.94,1,0.0,0.0,0.5,6075,
2238,94400,-4.0,0.0,3.12,1,0.0,0.0,0.5,6081,
2239,94464,-5.5,0.0,5.88,3,0.0,0.6667,0.5,6083,
2240,94464,-5.0,0.0,0.0,0,,,0.5,6083,
2241,94528,-2.3,0.0,6.67,1,0.0,0.0,0.5,6086,
2242,94528,-5.5,0.0,1.96,1,0.0,0.0,0.5,6086,
2243,94592,-5.5,0.0,1.96,1,0.0,1.0,0.5,6091,
2244,94592,9.9,1.0,0.0,0,,,0.5,6091,
2245,94656,-3.2,0.0,10.53,2,0.0,0.0,0.5,6095,
2246,94656,-4.4,0.0,6.45,2,0.0,0.5,0.5,6095,
2247,94656,-6.0,0.0,3.92,2,0.0,1.0,0.5,6095,
2248,94656,-6.5,0.0,5.88,3,0.0,0.0,0.5,6095,
2249,94656,-6.0,0.0,3.92,2,0.0,0.5,0.5,6095,
2250,94848,-6.0,0.0,7.84,4,0.25,0.5,0.5,6104,
2251,94976,-4.5,0.0,2.7,1,0.0,0.0,0.5,6109,
2252,95040,6.7,1.0,2.04,1,1.0,0.0,0.5,6111,
2253,95040,-2.0,0.0,8.33,1,0.0,0.0,0.5,6111,
2254,95104,-5.0,0.0,0.0,0,,,0.5,6113,
2255,95104,-4.5,0.0,1.96,1,0.0,1.0,0.5,6113,
2256,95168,9.3,1.0,4.35,1,0.0,1.0,0.5,6115,
2257,95296,-2.7,0.0,5.26,1,0.0,0.0,0.5,6118,
2258,95296,-6.0,0.0,3.92,2,0.0,0.0,0.5,6118,
2259,95296,-5.0,0.0,0.0,0,,,0.5,6118,
2260,95360,-6.0,0.0,3.92,2,0.0,0.5,0.5,6118,
2261,95424,10.1,1.0,6.67,1,0.0,0.0,0.5,6121,
2262,95424,-5.5,0.0,1.96,1,0.0,0.0,0.5,6121,
2263,95424,-4.7,0.0,2.56,1,0.0,0.0,0.5,6121,
2264,95424,-5.5,0.0,1.96,1,0.0,1.0,0.5,6121,
2265,95488,-5.0,0.0,0.0,0,,,0.5,6122,
2266,95488,-7.0,0.0,7.84,4,0.5,0.25,0.5,6122,
2267,95552,-3.4,0.0,9.52,2,0.0,0.5,0.5,6123,
2268,95680,5.8,1.0,9.3,4,0.0,0.5,0.5,6124,
2269,95808,-5.5,0.0,1.96,1,0.0,0.0,0.5,6129,
2270,95808,-6.9,0.0,5.88,3,0.0,0.6667,0.5,6129,
2271,95872,-6.0,0.0,3.92,2,0.0,0.0,0.5,6130,
2272,95872,-1.7,0.0,11.11,1,0.0,0.0,0.5,6130,
2273,95936,-6.5,0.0,5.88,3,0.0,0.3333,0.5,6130,
2274,96000,-6.5,0.0,5.88,3,0.0,0.6667,0.5,6131,
2275,96064,-6.4,0.0,9.76,4,0.5,0.5,0.5,6133,
2276,96128,-5.6,0.0,2.08,1,0.0,0.0,0.5,6134,
2277,96128,-4.5,0.0,1.96,1,0.0,0.0,0.5,6134,
2278,96192,6.3,1.0,4.17,2,0.0,0.5,0.5,6135,
2279,96192,-4.5,0.0,1.96,1,0.0,0.0,0.5,6135,
2280,96192,-4.5,0.0,1.96,1,0.0,1.0,0.5,6135,
2281,96256,-3.3,0.0,4.0,1,0.0,0.0,0.5,6139,
2282,96256,-4.0,0.0,0.0,0,,,0.5,6139,
2283,96320,-5.5,0.0,4.76,2,0.0,0.5,0.5,6145,
2284,96320,-3.5,0.0,3.7,1,0.0,0.0,0.5,6145,
2285,96448,-5.5,0.0,2.13,1,0.0,0.0,0.5,6150,
2286,96448,-5.5,0.0,1.96,1,0.0,0.0,0.5,6150,
2287,96448,-4.0,0.0,0.0,0,,,0.5,6150,
2288,96512,-4.5,0.0,1.96,1,0.0,0.0,0.5,6152,
2289,96512,-5.5,0.0,1.96,1,0.0,1.0,0.5,6152,
2290,96512,-5.0,0.0,0.0,0,,,0.5,6152,
2291,96640,-5.5,0.0,5.88,3,0.0,0.3333,0.5,6156,
2292,96704,-4.5,0.0,1.96,1,1.0,0.0,0.5,6157,
2293,96768,-5.5,0.0,5.88,3,0.3333,0.3333,0.5,6159,
2294,96768,-2.8,0.0,5.0,1,0.0,0.0,0.5,6159,
2295,96832,-6.5,0.0,5.88,3,0.0,0.6667,0.5,6163,
2296,96832,8.9,1.0,3.7,1,0.0,1.0,0.5,6163,
2297,96832,-3.2,0.0,4.17,1,0.0,0.0,0.5,6163,
2298,96832,-6.4,0.0,3.92,2,0.0,0.5,0.5,6163,
2299,96896,7.1,1.0,8.57,3,0.3333,0.6667,0.5,6165,
2300,96896,-5.5,0.0,1.96,1,1.0,0.0,0.5,6165,
2301,96960,-5.5,0.0,1.96,1,0.0,1.0,0.5,6165,
2302,97024,-4.5,0.0,1.96,1,0.0,1.0,0.5,6167,
2303,97088,-3.5,0.0,3.7,1,0.0,0.0,0.5,6169,
2304,97152,-4.0,0.0,0.0,0,,,0.5,6171,
2305,97152,-4.0,0.0,7.41,2,0.0,0.0,0.5,6171,
2306,97216,-5.5,0.0,1.96,1,0.0,0.0,0.5,6172,
2307,97280,-4.0,0.0,0.0,0,,,0.5,6175,
2308,97280,-6.2,0.0,4.08,2,0.0,0.5,0.5,6175,
2309,97280,-5.6,0.0,4.65,2,0.0,0.0,0.5,6175,
2310,97344,-7.0,0.0,7.84,4,0.25,0.5,0.5,6176,
2311,97472,-6.2,0.0,6.82,3,0.0,0.3333,0.5,6185,
2312,97472,-2.4,0.0,6.25,1,0.0,0.0,0.5,6185,
2313,97600,-5.5,0.0,1.96,1,0.0,0.0,0.5,6187,
2314,97600,-5.0,0.0,0.0,0,,,0.5,6187,
2315,97664,-4.2,0.0,8.82,3,0.0,0.3333,0.5,6194,
2316,97664,-5.3,0.0,8.57,3,0.0,0.3333,0.5,6194,
2317,97664,-5.0,0.0,3.92,2,0.0,0.0,0.5,6194,
2318,97664,-6.2,0.0,6.82,3,0.0,0.0,0.5,6194,
2319,97664,-4.8,0.0,5.71,2,0.0,0.5,0.5,6194,
2320,97728,-5.0,0.0,0.0,0,,,0.5,6196,
2321,97792,-5.5,0.0,1.96,1,0.0,1.0,0.5,6197,
2322,97856,-5.5,0.0,1.96,1,0.0,1.0,0.5,6200,
2323,97920,-3.9,0.0,3.23,1,0.0,0.0,0.5,6201,
2324,97920,-6.0,0.0,3.92,2,0.0,0.5,0.5,6201,
2325,97920,-5.0,0.0,0.0,0,,,0.5,6201,
2326,98240,-6.0,0.0,3.92,2,0.0,0.0,0.5,6205,
2327,98304,-3.3,0.0,4.0,1,0.0,0.0,0.5,6209,
2328,98304,-5.0,0.0,0.0,0,,,0.5,6209,
2329,98304,-5.5,0.0,1.96,1,0.0,1.0,0.5,6209,
2330,98368,-3.3,0.0,2.86,1,0.0,0.0,0.5,6212,
2331,98368,-3.0,0.0,3.12,1,0.0,0.0,0.5,6212,
2332,98368,-6.0,0.0,3.92,2,0.0,0.5,0.5,6212,
2333,98432,-5.0,0.0,3.92,2,0.0,0.0,0.5,6214,
2334,98432,-3.1,0.0,4.35,1,0.0,0.0,0.5,6214,
2335,98432,-3.8,0.0,2.5,1,0.0,0.0,0.5,6214,
2336,98560,-4.0,0.0,0.0,0,,,0.5,6216,
2337,98688,-4.8,0.0,5.71,2,0.0,0.5,0.5,6220,
2338,98688,-5.0,0.0,0.0,0,,,0.5,6220,
2339,98752,-2.3,0.0,4.0,1,0.0,0.0,0.5,6223,
2340,98752,-3.7,0.0,3.45,1,0.0,0.0,0.5,6223,
2341,98816,-5.4,0.0,2.17,1,0.0,0.0,0.5,6225,
2342,98816,-3.4,0.0,9.52,2,0.0,0.5,0.5,6225,
2343,98816,-4.5,0.0,1.96,1,0.0,0.0,0.5,6225,
2344,98880,-3.6,0.0,3.57,1,0.0,0.0,0.5,6229,
2345,98944,-6.5,0.0,5.88,3,0.3333,0.6667,0.5,6231,
2346,99072,-5.0,0.0,0.0,0,,,0.5,6232,
2347,99072,-5.0,0.0,0.0,0,,,0.5,6232,
2348,99200,-3.0,0.0,3.12,1,0.0,0.0,0.5,6235,
2349,99264,-5.0,0.0,0.0,0,,,0.5,6236,
2350,99328,-5.0,0.0,0.0,0,,,0.5,6237,
2351,99392,-5.0,0.0,0.0,0,,,0.5,6239,
2352,99456,-4.5,0.0,1.96,1,0.0,1.0,0.5,6240,
2353,99456,-4.0,0.0,0.0,0,,,0.5,6240,
2354,99456,-5.0,0.0,0.0,0,,,0.5,6240,
2355,99520,-3.4,0.0,3.85,1,0.0,0.0,0.5,6244,
2356,99520,-4.5,0.0,1.96,1,0.0,0.0,0.5,6244,
2357,99520,-5.5,0.0,1.96,1,0.0,1.0,0.5,6244,
2358,99520,-3.8,0.0,3.33,1,0.0,0.0,0.5,6244,
2359,99584,-3.4,0.0,3.85,1,0.0,0.0,0.5,6247,
2360,99584,-6.0,0.0,3.92,2,0.0,1.0,0.5,6247,
2361,99648,9.0,1.0,0.0,0,,,0.5,6248,
2362,99712,-5.5,0.0,5.88,3,0.0,0.0,0.5,6249,
2363,99776,-5.5,0.0,1.96,1,0.0,1.0,0.5,6251,
2364,99776,-7.0,0.0,11.76,6,0.3333,0.5,0.5,6251,
2365,99776,-5.5,0.0,1.96,1,0.0,0.0,0.5,6251,
2366,99840,-3.0,0.0,4.55,1,0.0,0.0,0.5,6253,
2367,99904,-5.5,0.0,1.96,1,0.0,0.0,0.5,6254,
2368,100032,-4.5,0.0,1.96,1,0.0,0.0,0.5,6258,
2369,100032,-5.0,0.0,0.0,0,,,0.5,6258,
2370,100096,-6.0,0.0,3.92,2,0.0,0.5,0.5,6262,
2371,100096,-5.5,0.0,1.96,1,0.0,1.0,0.5,6262,
2372,100096,10.6,1.0,10.0,1,0.0,0.0,0.5,6262,
2373,100096,-6.0,0.0,3.92,2,0.0,0.5,0.5,6262,
2374,100096,-4.0,0.0,0.0,0,,,0.5,6262,
2375,100096,-4.6,0.0,2.63,1,0.0,0.0,0.5,6262,
2376,100160,-5.0,0.0,3.92,2,0.0,1.0,0.5,6262,
2377,100224,-4.9,0.0,5.56,2,0.0,0.5,0.5,6265,
2378,100224,9.0,1.0,3.85,1,0.0,1.0,0.5,6265,
2379,100288,-4.5,0.0,2.7,1,0.0,0.0,0.5,6266,
2380,100288,-4.5,0.0,1.96,1,0.0,1.0,0.5,6266,
2381,100352,-1.8,0.0,10.0,1,0.0,0.0,0.5,6269,
2382,100480,-4.5,0.0,1.96,1,0.0,1.0,0.5,6271,
2383,100544,-6.0,0.0,3.92,2,0.0,0.0,0.5,6271,
2384,100544,-7.0,0.0,7.84,4,0.0,0.5,0.5,6271,
2385,100544,7.2,1.0,8.82,3,0.3333,0.6667,0.5,6271,
2386,100544,-5.5,0.0,1.96,1,0.0,0.0,0.5,6271,
2387,100608,-4.5,0.0,1.96,1,0.0,1.0,0.5,6272,
2388,100736,-1.8,0.0,10.0,1,0.0,0.0,0.5,6276,
2389,100736,-6.0,0.0,3.92,2,0.0,0.5,0.5,6276,
2390,100864,-5.5,0.0,1.96,1,0.0,1.0,0.5,6279,
2391,100864,-2.4,0.0,6.25,1,0.0,0.0,0.5,6279,
2392,100928,-5.0,0.0,0.0,0,,,0.5,6281,
2393,100928,-4.5,0.0,1.96,1,0.0,0.0,0.5,6281,
2394,100928,-5.0,0.0,3.92,2,0.0,0.5,0.5,6281,
2395,100928,-0.8,0.0,10.0,1,0.0,0.0,0.5,6281,
2396,100992,-6.0,0.0,3.92,2,0.0,1.0,0.5,6282,
2397,101056,-5.0,0.0,0.0,0,,,0.5,6285,
2398,101056,-5.1,0.0,2.33,1,0.0,0.0,0.5,6285,
2399,101056,-1.3,0.0,6.67,1,0.0,0.0,0.5,6285,
2400,101120,-4.5,0.0,4.76,2,0.0,0.5,0.5,6288,
2401,101376,-4.6,0.0,2.63,1,0.0,0.0,0.5,6295,
2402,101504,-6.0,0.0,3.92,2,0.0,1.0,0.5,6297,
2403,101568,-4.1,0.0,3.03,1,0.0,0.0,0.5,6301,
2404,101568,-5.5,0.0,1.96,1,0.0,1.0,0.5,6301,
2405,101568,-5.0,0.0,2.38,1,0.0,0.0,0.5,6301,
2406,101568,-5.0,0.0,0.0,0,,,0.5,6301,
2407,101632,-6.5,0.0,5.88,3,0.0,1.0,0.5,6303,
2408,101632,-5.5,0.0,1.96,1,0.0,0.0,0.5,6303,
2409,101696,-4.0,0.0,0.0,0,,,0.5,6303,
2410,101760,9.7,1.0,5.26,1,1.0,0.0,0.5,6307,
2411,101760,10.3,1.0,7.69,1,0.0,0.0,0.5,6307,
2412,101952,-4.5,0.0,1.96,1,0.0,1.0,0.5,6313,
2413,101952,-2.1,0.0,7.69,1,0.0,0.0,0.5,6313,
2414,101952,-5.0,0.0,0.0,0,,,0.5,6313,
2415,102016,-6.5,0.0,5.88,3,0.3333,0.0,0.5,6313,
2416,102016,-4.0,0.0,0.0,0,,,0.5,6313,
2417,102080,-5.0,0.0,0.0,0,,,0.5,6317,
2418,102080,-1.6,0.0,5.56,1,0.0,0.0,0.5,6317,
2419,102080,-5.0,0.0,3.92,2,0.0,0.5,0.5,6317,
2420,102080,-5.5,0.0,1.96,1,0.0,0.0,0.5,6317,
2421,102080,-3.2,0.0,10.53,2,0.0,0.0,0.5,6317,
2422,102144,-3.4,0.0,6.45,2,0.0,0.5,0.5,6318,
2423,102208,-5.8,0.0,4.44,2,0.5,0.0,0.5,6320,
2424,102336,-3.3,0.0,4.0,1,0.0,0.0,0.5,6325,
2425,102336,-5.0,0.0,0.0,0,,,0.5,6325,
2426,102336,-4.5,0.0,1.96,1,0.0,1.0,0.5,6325,
2427,102336,-4.4,0.0,2.78,1,0.0,0.0,0.5,6325,
2428,102464,-5.0,0.0,0.0,0,,,0.5,6330,
2429,102528,-4.9,0.0,2.44,1,0.0,0.0,0.5,6331,
2430,102528,-5.0,0.0,0.0,0,,,0.5,6331,
2431,102592,-5.7,0.0,4.55,2,0.0,0.5,0.5,6332,
2432,102656,-3.3,0.0,4.0,1,0.0,0.0,0.5,6333,
2433,102656,-6.5,0.0,5.88,3,0.0,0.0,0.5,6333,
2434,102720,-4.0,0.0,0.0,0,,,0.5,6334,
2435,102720,-6.2,0.0,4.08,2,0.0,0.5,0.5,6334,
2436,102784,-6.0,0.0,3.92,2,0.0,0.5,0.5,6337,
2437,102784,-5.0,0.0,0.0,0,,,0.5,6337,
2438,102784,-5.5,0.0,1.96,1,0.0,0.0,0.5,6337,
2439,102784,-6.0,0.0,3.92,2,0.0,0.0,0.5,6337,
2440,102848,-3.6,0.0,3.57,1,0.0,0.0,0.5,6340,
2441,102848,-4.5,0.0,1.96,1,0.0,1.0,0.5,6340,
2442,102912,-5.5,0.0,5.88,3,0.0,1.0,0.5,6340,
2443,102976,-4.6,0.0,2.63,1,0.0,0.0,0.5,6344,
2444,103040,-6.5,0.0,5.88,3,0.3333,0.3333,0.5,6348,
2445,103040,-4.2,0.0,2.27,1,0.0,0.0,0.5,6348,
2446,103040,-5.0,0.0,0.0,0,,,0.5,6348,
2447,103296,-6.0,0.0,7.84,4,0.0,0.25,0.5,6354,
2448,103296,-3.8,0.0,3.33,1,0.0,0.0,0.5,6354,
2449,103360,-5.0,0.0,0.0,0,,,0.5,6355,
2450,103360,-5.0,0.0,0.0,0,,,0.5,6355,
2451,103360,-6.0,0.0,3.92,2,0.0,0.5,0.5,6355,
2452,103360,-5.0,0.0,3.92,2,0.0,1.0,0.5,6355,
2453,103360,-4.1,0.0,7.14,2,0.0,0.0,0.5,6355,
2454,103488,-5.0,0.0,0.0,0,,,0.5,6358,
2455,103552,-5.0,0.0,3.92,2,0.5,0.0,0.5,6363,
2456,103552,-6.0,0.0,4.26,2,0.0,0.5,0.5,6363,
2457,103616,-4.9,0.0,1.96,1,0.0,0.0,0.5,6365,
2458,103744,-5.0,0.0,0.0,0,,,0.5,6368,
2459,103744,-3.9,0.0,3.23,1,0.0,0.0,0.5,6368,
2460,103744,-2.6,0.0,3.57,1,0.0,0.0,0.5,6368,
2461,103808,-6.0,0.0,3.92,2,0.0,0.5,0.5,6370,
2462,103872,-7.0,0.0,7.84,4,0.25,0.0,0.5,6370,
2463,104000,-5.0,0.0,0.0,0,,,0.5,6373,
2464,104128,-5.0,0.0,0.0,0,,,0.5,6378,
2465,104192,-4.7,0.0,2.56,1,0.0,0.0,0.5,6380,
2466,104192,-5.0,0.0,0.0,0,,,0.5,6380,
2467,104192,-4.1,0.0,3.03,1,0.0,0.0,0.5,6380,
2468,104192,-5.5,0.0,1.96,1,0.0,0.0,0.5,6380,
2469,104192,11.4,1.0,0.0,0,,,0.5,6380,
2470,104256,-2.3,0.0,6.67,1,0.0,0.0,0.5,6382,
2471,104256,-5.0,0.0,0.0,0,,,0.5,6382,
2472,104320,-4.5,0.0,1.96,1,0.0,0.0,0.5,6384,
2473,104384,-5.4,0.0,4.88,2,0.0,0.0,0.5,6386,
2474,104512,-3.2,0.0,2.94,1,0.0,0.0,0.5,6390,
2475,104640,8.1,1.0,6.67,2,0.0,0.5,0.5,6391,
2476,104704,-3.8,0.0,3.33,1,0.0,0.0,0.5,6394,
2477,104768,-5.0,0.0,3.92,2,0.5,0.5,0.5,6394,
2478,104832,-5.5,0.0,1.96,1,1.0,0.0,0.5,6395,
2479,104832,-5.0,0.0,0.0,0,,,0.5,6395,
2480,104832,-6.5,0.0,5.88,3,0.3333,0.6667,0.5,6395,
2481,104896,-6.0,0.0,3.92,2,0.0,0.5,0.5,6395,
2482,104896,-6.0,0.0,3.92,2,0.0,0.0,0.5,6395,
2483,104960,-3.4,0.0,3.85,1,0.0,0.0,0.5,6396,
2484,105088,7.5,1.0,2.44,1,0.0,1.0,0.5,6398,
2485,105152,-2.8,0.0,5.0,1,0.0,0.0,0.5,6400,
2486,105216,-4.5,0.0,1.96,1,0.0,1.0,0.5,6402,
2487,105216,-5.9,0.0,1.96,1,0.0,0.0,0.5,6402,
2488,105280,-6.0,0.0,3.92,2,0.5,0.5,0.5,6403,
2489,105280,-5.5,0.0,1.96,1,0.0,0.0,0.5,6403,
2490,105344,-5.0,0.0,0.0,0,,,0.5,6403,
2491,105344,-5.5,0.0,1.96,1,0.0,1.0,0.5,6403,
2492,105344,-4.5,0.0,1.96,1,0.0,0.0,0.5,6403,
2493,105344,-4.5,0.0,1.96,1,0.0,0.0,0.5,6403,
2494,105408,-5.0,0.0,0.0,0,,,0.5,6404,
2495,105472,-6.0,0.0,3.92,2,0.0,1.0,0.5,6405,
2496,105472,8.8,1.0,0.0,0,,,0.5,6405,
2497,105600,-5.0,0.0,0.0,0,,,0.5,6408,
2498,105600,-7.0,0.0,8.51,4,0.0,0.25,0.5,6408,
2499,105600,-5.5,0.0,1.96,1,0.0,0.0,0.5,6408,
2500,105600,-5.5,0.0,1.96,1,0.0,1.0,0.5,6408,
2501,105664,-2.0,0.0,8.33,1,0.0,0.0,0.5,6410,
2502,105664,-5.2,0.0,2.27,1,0.0,0.0,0.5,6410,
2503,105792,-5.6,0.0,4.65,2,0.0,0.0,0.5,6412,
2504,105792,-6.0,0.0,3.92,2,0.0,0.5,0.5,6412,
2505,105792,-6.0,0.0,3.92,2,0.0,0.5,0.5,6412,
2506,105920,-6.0,0.0,3.92,2,0.0,0.5,0.5,6415,
2507,105920,-5.0,0.0,0.0,0,,,0.5,6415,
2508,105984,-5.5,0.0,1.96,1,0.0,1.0,0.5,6418,
2509,106048,-5.0,0.0,0.0,0,,,0.5,6421,
2510,106048,-5.0,0.0,0.0,0,,,0.5,6421,
2511,106048,-5.0,0.0,0.0,0,,,0.5,6421,
2512,106048,-3.4,0.0,3.85,1,0.0,0.0,0.5,6421,
2513,106112,-6.0,0.0,3.92,2,0.0,0.5,0.5,6421,
2514,106176,-5.0,0.0,0.0,0,,,0.5,6421,
2515,106240,-4.3,0.0,2.22,1,0.0,0.0,0.5,6425,
2516,106240,-5.0,0.0,2.38,1,0.0,0.0,0.5,6425,
2517,106240,-5.5,0.0,5.88,3,0.0,0.3333,0.5,6425,
2518,106304,-5.2,0.0,2.27,1,0.0,0.0,0.5,6427,
2519,106304,-5.5,0.0,1.96,1,0.0,0.0,0.5,6427,
2520,106304,-6.0,0.0,3.92,2,0.0,1.0,0.5,6427,
2521,106624,-6.0,0.0,3.92,2,0.5,0.5,0.5,6436,
2522,106624,-2.9,0.0,4.76,1,0.0,0.0,0.5,6436,
2523,106624,-4.5,0.0,1.96,1,0.0,1.0,0.5,6436,
2524,106624,-5.0,0.0,3.92,2,0.5,0.5,0.5,6436,
2525,106688,-3.0,0.0,11.76,2,0.5,0.0,0.5,6440,
2526,106816,-5.6,0.0,2.08,1,0.0,0.0,0.5,6444,
2527,106816,-5.5,0.0,1.96,1,0.0,1.0,0.5,6444,
2528,106880,-4.5,0.0,11.11,3,0.0,0.6667,0.5,6447,
2529,106880,-3.6,0.0,6.06,2,0.0,0.0,0.5,6447,
2530,106880,-6.0,0.0,3.92,2,0.0,0.5,0.5,6447,
2531,107008,-1.4,0.0,16.67,1,0.0,0.0,0.5,6455,
2532,107008,-2.0,0.0,8.33,1,0.0,0.0,0.5,6455,
2533,107008,-5.5,0.0,1.96,1,0.0,1.0,0.5,6455,
2534,107072,-5.0,0.0,0.0,0,,,0.5,6460,
2535,107072,-4.3,0.0,2.86,1,0.0,0.0,0.5,6460,
2536,107072,-4.3,0.0,2.86,1,0.0,0.0,0.5,6460,
2537,107072,-2.0,0.0,8.33,1,0.0,0.0,0.5,6460,
2538,107200,-2.6,0.0,5.56,1,0.0,0.0,0.5,6461,
2539,107264,-5.5,0.0,1.96,1,0.0,1.0,0.5,6463,
2540,107392,-5.3,0.0,4.0,2,0.0,0.5,0.5,6467,
2541,107392,-1.4,0.0,16.67,1,0.0,0.0,0.5,6467,
2542,107392,-4.5,0.0,1.96,1,0.0,1.0,0.5,6467,
2543,107456,-6.0,0.0,3.92,2,0.0,0.5,0.5,6468,
2544,107456,-3.6,0.0,6.06,2,0.0,0.5,0.5,6468,
2545,107456,-4.5,0.0,1.96,1,0.0,1.0,0.5,6468,
2546,107456,-6.0,0.0,3.92,2,0.0,0.5,0.5,6468,
2547,107456,-5.5,0.0,1.96,1,0.0,0.0,0.5,6468,
2548,107520,-4.0,0.0,0.0,0,,,0.5,6469,
2549,107520,-5.5,0.0,1.96,1,0.0,0.0,0.5,6469,
2550,107584,-6.5,0.0,5.88,3,0.0,0.3333,0.5,6470,
2551,107776,-5.5,0.0,1.96,1,1.0,0.0,0.5,6472,
2552,107776,10.7,1.0,0.0,0,,,0.5,6472,
2553,107776,-3.2,0.0,2.94,1,0.0,0.0,0.5,6472,
2554,107904,-3.9,0.0,7.69,2,0.0,0.5,0.5,6476,
2555,107904,-6.5,0.0,5.88,3,0.0,1.0,0.5,6476,
2556,107968,9.9,1.0,5.88,1,0.0,0.0,0.5,6478,
2557,107968,-4.3,0.0,6.67,2,0.0,0.5,0.5,6478,
2558,107968,-5.0,0.0,0.0,0,,,0.5,6478,
2559,108096,-4.0,0.0,0.0,0,,,0.5,6484,
2560,108160,-5.0,0.0,0.0,0,,,0.5,6486,
2561,108160,8.3,1.0,3.03,1,0.0,0.0,0.5,6486,
2562,108224,-5.5,0.0,1.96,1,0.0,0.0,0.5,6487,
2563,108288,-2.2,0.0,7.14,1,0.0,0.0,0.5,6489,
2564,108352,-4.5,0.0,1.96,1,0.0,1.0,0.5,6491,
2565,108416,-4.4,0.0,2.78,1,0.0,0.0,0.5,6492,
2566,108480,-5.0,0.0,0.0,0,,,0.5,6495,
2567,108480,-5.0,0.0,3.92,2,0.0,1.0,0.5,6495,
2568,108544,-6.5,0.0,9.8,5,0.0,0.6,0.5,6498,
2569,108608,-4.0,0.0,0.0,0,,,0.5,6499,
2570,108608,-6.0,0.0,3.92,2,0.0,0.0,0.5,6499,
2571,108608,-6.0,0.0,3.92,2,0.0,0.5,0.5,6499,
2572,108672,6.4,1.0,4.26,2,0.0,1.0,0.5,6500,
2573,108672,-4.5,0.0,1.96,1,0.0,1.0,0.5,6500,
2574,108672,-4.0,0.0,3.12,1,0.0,0.0,0.5,6500,
2575,108736,-6.5,0.0,5.88,3,0.3333,0.6667,0.5,6502,
2576,108736,-3.2,0.0,10.53,2,0.5,0.0,0.5,6502,
2577,108736,11.8,1.0,0.0,0,,,0.5,6502,
2578,108736,-4.5,0.0,1.96,1,0.0,1.0,0.5,6502,
2579,108864,-3.6,0.0,8.7,2,0.5,0.5,0.5,6506,
2580,108864,-4.8,0.0,5.71,2,0.0,0.5,0.5,6506,
2581,108864,-5.5,0.0,1.96,1,0.0,1.0,0.5,6506,
2582,108864,-4.5,0.0,1.96,1,0.0,0.0,0.5,6506,
2583,108928,-5.5,0.0,1.96,1,0.0,1.0,0.5,6507,
2584,108928,-3.1,0.0,4.35,1,0.0,0.0,0.5,6507,
2585,109056,-4.5,0.0,1.96,1,0.0,0.0,0.5,6508,
2586,109056,-5.0,0.0,0.0,0,,,0.5,6508,
2587,109056,-5.0,0.0,0.0,0,,,0.5,6508,
2588,109120,-4.0,0.0,3.12,1,0.0,0.0,0.5,6509,
2589,109184,-6.0,0.0,3.92,2,0.0,0.5,0.5,6510,
2590,109184,-5.5,0.0,1.96,1,0.0,0.0,0.5,6510,
2591,109248,-4.9,0.0,1.96,1,0.0,0.0,0.5,6513,
2592,109248,-3.0,0.0,11.76,2,0.0,0.0,0.5,6513,
2593,109312,-4.2,0.0,6.9,2,0.0,0.5,0.5,6514,
2594,109312,-5.0,0.0,0.0,0,,,0.5,6514,
2595,109440,-4.0,0.0,0.0,0,,,0.5,6516,
2596,109504,-4.0,0.0,0.0,0,,,0.5,6518,
2597,109568,-5.0,0.0,0.0,0,,,0.5,6523,
2598,109568,-5.0,0.0,0.0,0,,,0.5,6523,
2599,109696,-3.2,0.0,4.17,1,0.0,0.0,0.5,6527,
2600,109696,-4.9,0.0,2.44,1,0.0,0.0,0.5,6527,
2601,109824,-4.5,0.0,2.7,1,0.0,0.0,0.5,6532,
2602,109888,-4.5,0.0,1.96,1,1.0,0.0,0.5,6534,
2603,109952,-5.5,0.0,1.96,1,0.0,1.0,0.5,6534,
2604,110016,6.6,1.0,2.0,1,0.0,0.0,0.5,6535,
2605,110080,-4.5,0.0,1.96,1,0.0,0.0,0.5,6537,
2606,110144,-5.5,0.0,1.96,1,0.0,0.0,0.5,6540,
2607,110208,-1.9,0.0,33.33,2,0.5,0.5,0.5,6543,
2608,110272,9.2,1.0,4.17,1,0.0,1.0,0.5,6548,
2609,110272,-5.0,0.0,0.0,0,,,0.5,6548,
2610,110272,-5.5,0.0,1.96,1,0.0,1.0,0.5,6548,
2611,110336,-5.5,0.0,1.96,1,0.0,1.0,0.5,6548,
2612,110336,-5.5,0.0,1.96,1,0.0,1.0,0.5,6548,
2613,110464,-5.5,0.0,1.96,1,0.0,0.0,0.5,6551,
2614,110528,-5.0,0.0,0.0,0,,,0.5,6552,
2615,110656,-5.0,0.0,0.0,0,,,0.5,6555,
2616,110720,-4.5,0.0,1.96,1,0.0,1.0,0.5,6555,
2617,110720,-5.5,0.0,1.96,1,0.0,1.0,0.5,6555,
2618,110784,-4.5,0.0,1.96,1,0.0,0.0,0.5,6557,
2619,110784,9.2,1.0,4.17,1,0.0,0.0,0.5,6557,
2620,110784,-4.7,0.0,17.24,5,0.2,0.2,0.5,6557,
2621,110848,-6.0,0.0,3.92,2,0.0,1.0,0.5,6561,
2622,110848,-5.6,0.0,4.65,2,0.0,0.0,0.5,6561,
2623,110912,-5.0,0.0,9.38,3,0.0,0.6667,0.5,6562,
2624,111040,-5.1,0.0,4.17,2,0.0,0.5,0.5,6565,
2625,111040,-4.5,0.0,1.96,1,0.0,1.0,0.5,6565,
2626,111040,-6.5,0.0,5.88,3,0.0,0.6667,0.5,6565,
2627,111040,-5.5,0.0,5.88,3,0.0,0.0,0.5,6565,
2628,111104,-3.0,0.0,4.55,1,0.0,0.0,0.5,6569,
2629,111104,-4.9,0.0,2.44,1,0.0,0.0,0.5,6569,
2630,111104,-2.0,0.0,8.33,1,0.0,0.0,0.5,6569,
2631,111168,-6.0,0.0,7.84,4,0.0,0.25,0.5,6573,
2632,111168,-6.0,0.0,3.92,2,0.0,0.5,0.5,6573,
2633,111232,-5.0,0.0,0.0,0,,,0.5,6575,
2634,111232,-5.0,0.0,0.0,0,,,0.5,6575,
2635,111296,-4.4,0.0,2.17,1,0.0,0.0,0.5,6577,
2636,111424,-4.8,0.0,2.5,1,0.0,0.0,0.5,6582,
2637,111488,-5.0,0.0,0.0,0,,,0.5,6584,
2638,111488,-2.8,0.0,5.0,1,0.0,0.0,0.5,6584,
2639,111552,-5.9,0.0,1.96,1,0.0,0.0,0.5,6585,
2640,111680,-5.5,0.0,1.96,1,0.0,1.0,0.5,6586,
2641,111744,-5.0,0.0,0.0,0,,,0.5,6588,
2642,111808,-1.5,0.0,16.67,2,0.0,0.5,0.5,6591,
2643,111872,-5.0,0.0,0.0,0,,,0.5,6592,
2644,111872,-5.0,0.0,3.92,2,0.0,1.0,0.5,6592,
2645,111872,-5.0,0.0,3.92,2,0.0,0.5,0.5,6592,
2646,111936,-5.5,0.0,1.96,1,0.0,1.0,0.5,6593,
2647,111936,-5.0,0.0,0.0,0,,,0.5,6593,
2648,111936,-4.1,0.0,2.33,1,0.0,0.0,0.5,6593,
2649,111936,-5.0,0.0,0.0,0,,,0.5,6593,
2650,112000,-5.5,0.0,1.96,1,1.0,0.0,0.5,6597,
2651,112000,-4.8,0.0,2.5,1,0.0,0.0,0.5,6597,
2652,112000,-6.0,0.0,3.92,2,0.0,0.5,0.5,6597,
2653,112000,-6.4,0.0,3.92,2,0.0,0.5,0.5,6597,
2654,112128,-4.0,0.0,0.0,0,,,0.5,6597,
2655,112128,-5.0,0.0,3.92,2,0.0,0.0,0.5,6597,
2656,112192,-5.5,0.0,1.96,1,0.0,0.0,0.5,6598,
2657,112256,-4.4,0.0,2.78,1,0.0,0.0,0.5,6600,
2658,112320,-6.0,0.0,3.92,2,0.0,0.5,0.5,6601,
2659,112320,-5.0,0.0,0.0,0,,,0.5,6601,
2660,112320,-5.0,0.0,0.0,0,,,0.5,6601,
2661,112384,-8.5,0.0,13.73,7,0.1429,0.5714,0.5,6604,
2662,112448,-5.0,0.0,0.0,0,,,0.5,6604,
2663,112512,-6.0,0.0,3.92,2,0.0,0.5,0.5,6605,
2664,112576,-5.0,0.0,0.0,0,,,0.5,6607,
2665,112576,-3.5,0.0,3.7,1,0.0,0.0,0.5,6607,
2666,112576,-6.0,0.0,3.92,2,0.0,0.5,0.5,6607,
2667,112768,-4.5,0.0,1.96,1,0.0,0.0,0.5,6608,
2668,112832,-6.0,0.0,3.92,2,0.0,0.5,0.5,6609,
2669,112832,-5.0,0.0,0.0,0,,,0.5,6609,
2670,112832,-4.5,0.0,11.11,3,0.0,0.6667,0.5,6609,
2671,112960,-4.0,0.0,0.0,0,,,0.5,6611,
2672,113088,-1.7,0.0,5.26,1,0.0,0.0,0.5,6616,
2673,113088,-2.8,0.0,3.33,1,0.0,0.0,0.5,6616,
2674,113152,8.2,1.0,6.9,2,0.0,1.0,0.5,6616,
2675,113152,-5.0,0.0,0.0,0,,,0.5,6616,
2676,113152,9.8,1.0,5.56,1,1.0,0.0,0.5,6616,
2677,113280,-5.5,0.0,1.96,1,0.0,0.0,0.5,6620,
2678,113344,-4.0,0.0,0.0,0,,,0.5,6621,
2679,113408,-4.5,0.0,1.96,1,0.0,0.0,0.5,6625,
2680,113408,6.3,1.0,4.17,2,0.0,1.0,0.5,6625,
2681,113472,-5.9,0.0,4.35,2,0.0,0.5,0.5,6627,
2682,113536,-5.5,0.0,1.96,1,0.0,0.0,0.5,6628,
2683,113536,-4.5,0.0,1.96,1,0.0,0.0,0.5,6628,
2684,113536,-5.5,0.0,1.96,1,0.0,0.0,0.5,6628,
2685,113600,-3.4,0.0,3.85,1,0.0,0.0,0.5,6631,
2686,113600,-2.6,0.0,5.56,1,0.0,0.0,0.5,6631,
2687,113728,-4.0,0.0,0.0,0,,,0.5,6636,
2688,113792,-6.0,0.0,4.26,2,0.5,0.5,0.5,6638,
2689,113920,-4.5,0.0,1.96,1,0.0,1.0,0.5,6641,
2690,113984,-6.0,0.0,3.92,2,0.0,0.5,0.5,6641,
2691,113984,-5.0,0.0,0.0,0,,,0.5,6641,
2692,114048,-5.5,0.0,1.96,1,0.0,0.0,0.5,6641,
2693,114048,-4.5,0.0,1.96,1,0.0,0.0,0.5,6641,
2694,114112,-5.0,0.0,0.0,0,,,0.5,6644,
2695,114176,-5.5,0.0,1.96,1,0.0,1.0,0.5,6644,
2696,114304,-6.0,0.0,3.92,2,0.5,0.5,0.5,6648,
2697,114304,-5.0,0.0,3.92,2,0.0,1.0,0.5,6648,
2698,114304,-4.5,0.0,1.96,1,0.0,0.0,0.5,6648,
2699,114368,-6.0,0.0,3.92,2,0.0,0.5,0.5,6649,
2700,114368,-4.0,0.0,0.0,0,,,0.5,6649,
2701,114432,-5.5,0.0,1.96,1,1.0,1.0,0.5,6650,
2702,114496,-4.5,0.0,1.96,1,0.0,1.0,0.5,6650,
2703,114496,-4.0,0.0,0.0,0,,,0.5,6650,
2704,114560,-4.4,0.0,6.45,2,0.0,0.0,0.5,6655,
2705,114688,-5.5,0.0,1.96,1,0.0,1.0,0.5,6658,
2706,114752,-6.5,0.0,5.88,3,0.0,0.6667,0.5,6658,
2707,114752,-5.0,0.0,0.0,0,,,0.5,6658,
2708,114816,-4.0,0.0,0.0,0,,,0.5,6659,
2709,114944,-3.1,0.0,4.35,1,0.0,0.0,0.5,6662,
2710,114944,-5.0,0.0,0.0,0,,,0.5,6662,
2711,115008,-2.6,0.0,8.7,2,0.0,0.5,0.5,6666,
2712,115008,-5.5,0.0,1.96,1,0.0,1.0,0.5,6666,
2713,115072,-5.5,0.0,1.96,1,0.0,1.0,0.5,6666,
2714,115136,-5.0,0.0,0.0,0,,,0.5,6668,
2715,115136,-5.5,0.0,1.96,1,0.0,0.0,0.5,6668,
2716,115200,-5.5,0.0,1.96,1,0.0,1.0,0.5,6669,
2717,115200,-5.5,0.0,1.96,1,0.0,0.0,0.5,6669,
2718,115200,-6.0,0.0,3.92,2,0.0,1.0,0.5,6669,
2719,115264,-6.0,0.0,3.92,2,0.0,0.5,0.5,6671,
2720,115264,-5.0,0.0,0.0,0,,,0.5,6671,
2721,115264,-4.5,0.0,1.96,1,0.0,1.0,0.5,6671,
2722,115328,-2.9,0.0,4.76,1,0.0,0.0,0.5,6673,
2723,115392,-4.0,0.0,0.0,0,,,0.5,6673,
2724,115392,-5.0,0.0,3.92,2,0.0,0.5,0.5,6673,
2725,115456,-5.0,0.0,0.0,0,,,0.5,6674,
2726,115520,-4.0,0.0,0.0,0,,,0.5,6676,
2727,115520,-1.3,0.0,20.0,1,0.0,0.0,0.5,6676,
2728,115584,-5.5,0.0,1.96,1,0.0,1.0,0.5,6677,
2729,115584,-4.0,0.0,0.0,0,,,0.5,6677,
2730,115584,-1.4,0.0,16.67,1,0.0,0.0,0.5,6677,
2731,115584,-5.5,0.0,1.96,1,0.0,1.0,0.5,6677,
2732,115648,-4.2,0.0,5.13,2,0.5,0.5,0.5,6680,
2733,115648,-4.8,0.0,2.5,1,0.0,0.0,0.5,6680,
2734,115648,-5.0,0.0,0.0,0,,,0.5,6680,
2735,115776,-5.5,0.0,1.96,1,0.0,1.0,0.5,6683,
2736,115840,-6.0,0.0,3.92,2,0.0,1.0,0.5,6685,
2737,115840,-6.0,0.0,4.26,2,0.0,0.0,0.5,6685,
2738,115840,-5.0,0.0,3.92,2,0.0,0.5,0.5,6685,
2739,115904,-4.7,0.0,2.56,1,0.0,0.0,0.5,6687,
2740,115968,-2.4,0.0,6.25,1,0.0,0.0,0.5,6689,
2741,116032,-4.0,0.0,0.0,0,,,0.5,6690,
2742,116096,-6.9,0.0,8.7,4,0.0,0.0,0.5,6693,
2743,116096,-6.9,0.0,5.88,3,0.0,0.0,0.5,6693,
2744,116096,-5.0,0.0,0.0,0,,,0.5,6693,
2745,116224,-5.0,0.0,0.0,0,,,0.5,6695,
2746,116352,-5.0,0.0,0.0,0,,,0.5,6697,
2747,116416,-4.9,0.0,1.96,1,0.0,0.0,0.5,6698,
2748,116480,-4.1,0.0,3.03,1,0.0,0.0,0.5,6701,
2749,116544,-4.0,0.0,0.0,0,,,0.5,6704,
2750,116608,-4.5,0.0,1.96,1,1.0,0.0,0.5,6705,
2751,116672,-4.4,0.0,4.88,2,0.0,0.5,0.5,6706,
2752,116672,-4.0,0.0,0.0,0,,,0.5,6706,
2753,116736,11.1,1.0,0.0,0,,,0.5,6707,
2754,116800,-5.0,0.0,3.92,2,0.0,0.5,0.5,6709,
2755,116800,-5.0,0.0,0.0,0,,,0.5,6709,
2756,116800,-3.4,0.0,3.85,1,0.0,0.0,0.5,6709,
2757,116864,-5.8,0.0,12.5,5,0.0,0.6,0.5,6711,
2758,116864,-5.0,0.0,0.0,0,,,0.5,6711,
2759,116864,-6.5,0.0,5.88,3,0.0,0.3333,0.5,6711,
2760,116992,11.6,1.0,0.0,0,,,0.5,6714,
2761,116992,-5.5,0.0,1.96,1,0.0,1.0,0.5,6714,
2762,117056,-5.5,0.0,1.96,1,0.0,0.0,0.5,6715,
2763,117184,-4.0,0.0,0.0,0,,,0.5,6717,
2764,117184,-5.5,0.0,8.11,3,0.0,0.3333,0.5,6717,
2765,117184,9.3,1.0,0.0,0,,,0.5,6717,
2766,117248,-5.0,0.0,0.0,0,,,0.5,6719,
2767,117312,-6.0,0.0,3.92,2,0.5,0.0,0.5,6722,
2768,117376,-5.5,0.0,1.96,1,0.0,1.0,0.5,6722,
2769,117440,-6.0,0.0,3.92,2,0.5,0.5,0.5,6726,
2770,117440,-5.6,0.0,2.08,1,0.0,0.0,0.5,6726,
2771,117440,-4.0,0.0,3.12,1,0.0,0.0,0.5,6726,
2772,117504,-5.2,0.0,2.27,1,0.0,0.0,0.5,6727,
2773,117568,-5.5,0.0,1.96,1,0.0,1.0,0.5,6728,
2774,117568,-5.5,0.0,1.96,1,0.0,0.0,0.5,6728,
2775,117696,-6.0,0.0,3.92,2,0.0,1.0,0.5,6731,
2776,117760,-5.5,0.0,1.96,1,0.0,1.0,0.5,6731,
2777,117760,-6.5,0.0,5.88,3,0.3333,0.3333,0.5,6731,
2778,117824,-7.0,0.0,7.84,4,0.5,0.25,0.5,6731,
2779,117952,-3.5,0.0,3.7,1,0.0,0.0,0.5,6734,
2780,117952,-3.8,0.0,3.33,1,0.0,0.0,0.5,6734,
2781,118016,-6.0,0.0,3.92,2,0.5,0.0,0.5,6736,
2782,118016,-5.5,0.0,1.96,1,0.0,0.0,0.5,6736,
2783,118016,-4.1,0.0,3.03,1,0.0,0.0,0.5,6736,
2784,118208,-2.7,0.0,5.26,1,0.0,0.0,0.5,6738,
2785,118208,-5.5,0.0,1.96,1,0.0,0.0,0.5,6738,
2786,118272,-6.0,0.0,3.92,2,0.0,1.0,0.5,6742,
2787,118272,-5.9,0.0,7.32,3,0.3333,0.3333,0.5,6742,
2788,118272,-4.0,0.0,0.0,0,,,0.5,6742,
2789,118336,-5.0,0.0,0.0,0,,,0.5,6743,
2790,118400,-1.8,0.0,10.0,1,0.0,0.0,0.5,6746,
2791,118400,-2.9,0.0,4.76,1,0.0,0.0,0.5,6746,
2792,118400,-5.0,0.0,0.0,0,,,0.5,6746,
2793,118400,-2.4,0.0,6.25,1,0.0,0.0,0.5,6746,
2794,118464,-4.5,0.0,1.96,1,0.0,1.0,0.5,6750,
2795,118464,-4.8,0.0,4.44,2,0.0,0.0,0.5,6750,
2796,118464,-2.8,0.0,5.0,1,0.0,0.0,0.5,6750,
2797,118528,-5.5,0.0,1.96,1,0.0,1.0,0.5,6751,
2798,118528,-4.9,0.0,1.96,1,0.0,0.0,0.5,6751,
2799,118528,-5.0,0.0,0.0,0,,,0.5,6751,
2800,118592,-5.0,0.0,0.0,0,,,0.5,6752,
2801,118656,-6.1,0.0,4.17,2,0.0,0.5,0.5,6754,
2802,118720,-5.5,0.0,1.96,1,0.0,0.0,0.5,6756,
2803,118720,-3.1,0.0,3.03,1,0.0,0.0,0.5,6756,
2804,118784,-5.0,0.0,0.0,0,,,0.5,6757,
2805,118784,-4.0,0.0,0.0,0,,,0.5,6757,
2806,118848,7.8,1.0,0.0,0,,,0.5,6761,
2807,118848,-6.5,0.0,5.88,3,0.0,0.0,0.5,6761,
2808,118848,-3.1,0.0,3.03,1,0.0,0.0,0.5,6761,
2809,118848,-5.5,0.0,1.96,1,0.0,0.0,0.5,6761,
2810,118912,-5.5,0.0,1.96,1,0.0,0.0,0.5,6763,
2811,118912,-5.0,0.0,0.0,0,,,0.5,6763,
2812,119040,-4.5,0.0,1.96,1,0.0,0.0,0.5,6764,
2813,119104,-4.0,0.0,0.0,0,,,0.5,6765,
2814,119104,-5.0,0.0,0.0,0,,,0.5,6765,
2815,119104,-5.0,0.0,0.0,0,,,0.5,6765,
2816,119232,-5.5,0.0,1.96,1,0.0,0.0,0.5,6767,
2817,119360,-4.0,0.0,0.0,0,,,0.5,6768,
2818,119616,-5.0,0.0,0.0,0,,,0.5,6770,
2819,119680,-4.6,0.0,2.63,1,0.0,0.0,0.5,6775,
2820,119680,-4.0,0.0,2.38,1,0.0,0.0,0.5,6775,
2821,119680,-3.1,0.0,4.35,1,0.0,0.0,0.5,6775,
2822,119680,-5.0,0.0,0.0,0,,,0.5,6775,
2823,119744,-5.0,0.0,3.92,2,0.0,0.5,0.5,6776,
2824,119808,-6.0,0.0,3.92,2,0.0,0.0,0.5,6778,
2825,119936,-4.5,0.0,1.96,1,1.0,1.0,0.5,6782,
2826,119936,-3.2,0.0,4.17,1,0.0,0.0,0.5,6782,
2827,119936,-2.0,0.0,4.55,1,0.0,0.0,0.5,6782,
2828,120064,-4.0,0.0,0.0,0,,,0.5,6784,
2829,120064,-6.5,0.0,5.88,3,0.3333,0.6667,0.5,6784,
2830,120064,-5.0,0.0,0.0,0,,,0.5,6784,
2831,120128,-5.5,0.0,5.88,3,0.0,0.6667,0.5,6786,
2832,120128,-5.5,0.0,1.96,1,0.0,0.0,0.5,6786,
2833,120128,-6.0,0.0,3.92,2,0.0,0.5,0.5,6786,
2834,120256,-3.7,0.0,3.45,1,0.0,0.0,0.5,6788,
2835,120320,-5.1,0.0,2.33,1,0.0,0.0,0.5,6790,
2836,120384,-4.6,0.0,6.06,2,0.0,0.0,0.5,6795,
2837,120448,-4.1,0.0,3.03,1,0.0,0.0,0.5,6798,
2838,120448,-5.5,0.0,1.96,1,0.0,0.0,0.5,6798,
2839,120448,-5.0,0.0,0.0,0,,,0.5,6798,
2840,120576,-5.2,0.0,4.08,2,0.0,0.5,0.5,6801,
2841,120576,-4.0,0.0,0.0,0,,,0.5,6801,
2842,120576,-4.7,0.0,5.88,2,0.0,0.0,0.5,6801,
2843,120640,9.7,1.0,0.0,0,,,0.5,6801,
2844,120704,-4.5,0.0,1.96,1,0.0,1.0,0.5,6802,
2845,120704,-4.0,0.0,0.0,0,,,0.5,6802,
2846,120768,-5.0,0.0,0.0,0,,,0.5,6804,
2847,120832,-5.5,0.0,1.96,1,0.0,1.0,0.5,6806,
2848,120960,-5.5,0.0,1.96,1,0.0,0.0,0.5,6810,
2849,121024,-4.0,0.0,0.0,0,,,0.5,6812,
2850,121088,-4.5,0.0,1.96,1,0.0,0.0,0.5,6813,
2851,121216,-5.0,0.0,0.0,0,,,0.5,6815,
2852,121216,-4.0,0.0,0.0,0,,,0.5,6815,
2853,121216,-4.7,0.0,5.88,2,0.0,0.0,0.5,6815,
2854,121280,-4.5,0.0,1.96,1,1.0,0.0,0.5,6816,
2855,121280,-5.0,0.0,0.0,0,,,0.5,6816,
2856,121280,-6.0,0.0,3.92,2,0.5,0.5,0.5,6816,
2857,121408,-3.5,0.0,3.7,1,0.0,0.0,0.5,6824,
2858,121472,-4.0,0.0,0.0,0,,,0.5,6825,
2859,121536,-6.0,0.0,7.84,4,0.0,0.75,0.5,6827,
2860,121536,-5.1,0.0,2.33,1,0.0,0.0,0.5,6827,
2861,121536,-5.5,0.0,1.96,1,0.0,1.0,0.5,6827,
2862,121600,-4.4,0.0,11.54,3,0.0,0.0,0.5,6829,
2863,121664,-5.0,0.0,0.0,0,,,0.5,6830,
2864,121664,8.0,1.0,6.45,2,0.0,0.5,0.5,6830,
2865,121728,-5.5,0.0,1.96,1,0.0,1.0,0.5,6830,
2866,121728,-6.0,0.0,3.92,2,0.0,1.0,0.5,6830,
2867,121728,-5.0,0.0,0.0,0,,,0.5,6830,
2868,121792,-6.0,0.0,3.92,2,0.0,0.5,0.5,6830,
2869,121792,-5.0,0.0,3.92,2,0.5,1.0,0.5,6830,
2870,121792,11.7,1.0,0.0,0,,,0.5,6830,
2871,121856,-5.0,0.0,4.26,2,0.0,0.5,0.5,6834,
2872,121856,-3.6,0.0,3.57,1,0.0,0.0,0.5,6834,
2873,121856,-5.0,0.0,0.0,0,,,0.5,6834,
2874,121920,-5.5,0.0,1.96,1,0.0,0.0,0.5,6835,
2875,121984,-4.5,0.0,1.96,1,0.0,0.0,0.5,6837,
2876,121984,-5.5,0.0,1.96,1,1.0,1.0,0.5,6837,
2877,122048,-6.5,0.0,5.88,3,0.0,1.0,0.5,6838,
2878,122112,-4.5,0.0,1.96,1,0.0,1.0,0.5,6838,
2879,122112,-6.0,0.0,3.92,2,0.0,0.5,0.5,6838,
2880,122112,-5.5,0.0,5.88,3,0.3333,1.0,0.5,6838,
2881,122176,-4.1,0.0,3.03,1,0.0,0.0,0.5,6840,
2882,122176,-5.5,0.0,1.96,1,0.0,1.0,0.5,6840,
2883,122176,-5.0,0.0,0.0,0,,,0.5,6840,
2884,122368,-5.5,0.0,1.96,1,0.0,1.0,0.5,6844,
2885,122368,-5.0,0.0,3.92,2,0.0,0.5,0.5,6844,
2886,122496,-5.0,0.0,0.0,0,,,0.5,6845,
2887,122560,-3.2,0.0,4.17,1,0.0,0.0,0.5,6847,
2888,122624,-3.8,0.0,2.5,1,0.0,0.0,0.5,6850,
2889,122624,-5.0,0.0,0.0,0,,,0.5,6850,
2890,122880,-4.0,0.0,0.0,0,,,0.5,6850,
2891,122944,-5.0,0.0,0.0,0,,,0.5,6850,
2892,122944,-5.0,0.0,3.92,2,0.0,1.0,0.5,6850,
2893,123008,-4.3,0.0,5.0,2,0.0,0.0,0.5,6853,
2894,123008,-5.5,0.0,1.96,1,0.0,0.0,0.5,6853,
2895,123072,-4.5,0.0,1.96,1,0.0,1.0,0.5,6853,
2896,123136,-2.9,0.0,4.76,1,0.0,0.0,0.5,6855,
2897,123200,-6.5,0.0,5.88,3,0.0,0.6667,0.5,6856,
2898,123200,-5.0,0.0,3.92,2,0.0,0.5,0.5,6856,
2899,123328,-3.7,0.0,8.33,2,0.0,0.5,0.5,6861,
2900,123392,-5.0,0.0,0.0,0,,,0.5,6862,
2901,123392,-6.0,0.0,3.92,2,0.0,0.0,0.5,6862,
2902,123392,-5.5,0.0,1.96,1,0.0,0.0,0.5,6862,
2903,123520,-6.0,0.0,3.92,2,0.0,0.5,0.5,6863,
2904,123584,-3.1,0.0,4.35,1,0.0,0.0,0.5,6864,
2905,123584,-5.5,0.0,1.96,1,0.0,1.0,0.5,6864,
2906,123648,-5.0,0.0,0.0,0,,,0.5,6865,
2907,123648,10.7,1.0,11.11,1,0.0,1.0,0.5,6865,
2908,123712,-4.5,0.0,1.96,1,0.0,1.0,0.5,6868,
2909,123712,-5.5,0.0,1.96,1,0.0,1.0,0.5,6868,
2910,123840,-4.0,0.0,0.0,0,,,0.5,6871,
2911,123840,-5.0,0.0,0.0,0,,,0.5,6871,
2912,123840,-6.5,0.0,5.88,3,0.0,0.0,0.5,6871,
2913,123904,-6.0,0.0,3.92,2,0.0,0.5,0.5,6871,
2914,123968,-5.5,0.0,1.96,1,0.0,0.0,0.5,6872,
2915,123968,-5.0,0.0,0.0,0,,,0.5,6872,
2916,124032,-3.2,0.0,4.17,1,0.0,0.0,0.5,6873,
2917,124032,-5.0,0.0,0.0,0,,,0.5,6873,
2918,124096,-5.5,0.0,1.96,1,0.0,0.0,0.5,6874,
2919,124160,-3.1,0.0,3.03,1,0.0,0.0,0.5,6877,
2920,124224,-4.0,0.0,0.0,0,,,0.5,6878,
2921,124352,-5.5,0.0,1.96,1,0.0,1.0,0.5,6880,
2922,124480,-5.0,0.0,0.0,0,,,0.5,6881,
2923,124480,-5.5,0.0,1.96,1,0.0,0.0,0.5,6881,
2924,124480,-5.5,0.0,1.96,1,0.0,0.0,0.5,6881,
2925,124544,-4.0,0.0,0.0,0,,,0.5,6881,
2926,124544,-5.0,0.0,0.0,0,,,0.5,6881,
2927,124544,-5.0,0.0,0.0,0,,,0.5,6881,
2928,124672,-5.5,0.0,1.96,1,0.0,1.0,0.5,6886,
2929,124736,-5.0,0.0,0.0,0,,,0.5,6888,
2930,124800,-6.4,0.0,6.52,3,0.0,0.0,0.5,6891,
2931,124800,-5.5,0.0,1.96,1,0.0,1.0,0.5,6891,
2932,124800,-5.5,0.0,1.96,1,0.0,1.0,0.5,6891,
2933,124864,-5.5,0.0,1.96,1,0.0,1.0,0.5,6894,
2934,124928,-5.0,0.0,0.0,0,,,0.5,6898,
2935,124928,-4.0,0.0,0.0,0,,,0.5,6898,
2936,124992,-5.5,0.0,1.96,1,0.0,0.0,0.5,6901,
2937,124992,-5.0,0.0,0.0,0,,,0.5,6901,
2938,124992,-5.5,0.0,1.96,1,0.0,1.0,0.5,6901,
2939,125056,-6.0,0.0,3.92,2,0.5,0.0,0.5,6901,
2940,125056,11.3,1.0,0.0,0,,,0.5,6901,
2941,125120,-5.5,0.0,1.96,1,0.0,1.0,0.5,6901,
2942,125120,-7.0,0.0,7.84,4,0.0,0.25,0.5,6901,
2943,125184,-3.1,0.0,13.04,3,0.0,0.3333,0.5,6903,
2944,125184,-4.5,0.0,1.96,1,1.0,1.0,0.5,6903,
2945,125248,-4.5,0.0,1.96,1,0.0,0.0,0.5,6905,
2946,125248,-5.0,0.0,0.0,0,,,0.5,6905,
2947,125376,-5.0,0.0,0.0,0,,,0.5,6907,
2948,125376,-4.0,0.0,0.0,0,,,0.5,6907,
2949,125440,-5.5,0.0,1.96,1,0.0,1.0,0.5,6910,
2950,125440,-5.0,0.0,0.0,0,,,0.5,6910,
2951,125440,-6.0,0.0,3.92,2,0.0,0.5,0.5,6910,
2952,125568,-1.5,0.0,5.88,1,0.0,0.0,0.5,6913,
2953,125632,-5.0,0.0,0.0,0,,,0.5,6914,
2954,125632,-4.5,0.0,1.96,1,0.0,0.0,0.5,6914,
2955,125696,-1.5,0.0,14.29,1,0.0,0.0,0.5,6919,
2956,125696,-5.7,0.0,2.04,1,0.0,0.0,0.5,6919,
2957,125888,-4.5,0.0,1.96,1,0.0,1.0,0.5,6923,
2958,125888,-4.0,0.0,3.12,1,0.0,0.0,0.5,6923,
2959,125888,-6.0,0.0,3.92,2,0.0,0.5,0.5,6923,
2960,126144,-3.3,0.0,6.67,2,0.0,0.0,0.5,6927,
2961,126144,-5.5,0.0,1.96,1,0.0,1.0,0.5,6927,
2962,126208,-5.0,0.0,0.0,0,,,0.5,6928,
2963,126208,-6.5,0.0,5.88,3,0.0,0.6667,0.5,6928,
2964,126272,-5.6,0.0,2.08,1,0.0,0.0,0.5,6931,
2965,126272,-5.5,0.0,1.96,1,0.0,0.0,0.5,6931,
2966,126272,-5.7,0.0,2.04,1,0.0,0.0,0.5,6931,
2967,126272,-5.0,0.0,0.0,0,,,0.5,6931,
2968,126400,-2.4,0.0,6.25,1,0.0,0.0,0.5,6935,
2969,126464,-4.9,0.0,4.35,2,0.0,0.0,0.5,6937,
2970,126464,-5.5,0.0,1.96,1,0.0,0.0,0.5,6937,
2971,126592,-5.5,0.0,5.88,3,0.0,0.6667,0.5,6941,
2972,126592,-3.1,0.0,11.11,2,0.0,0.0,0.5,6941,
2973,126656,-4.0,0.0,0.0,0,,,0.5,6944,
2974,126656,-4.5,0.0,1.96,1,1.0,1.0,0.5,6944,
2975,126656,-4.9,0.0,2.44,1,0.0,0.0,0.5,6944,
2976,126656,-6.1,0.0,4.17,2,0.0,0.5,0.5,6944,
2977,126656,-5.5,0.0,1.96,1,0.0,0.0,0.5,6944,
2978,126720,-2.8,0.0,5.0,1,0.0,0.0,0.5,6949,
2979,126784,7.0,1.0,4.88,2,0.5,0.5,0.5,6949,
2980,126848,-5.5,0.0,1.96,1,0.0,0.0,0.5,6950,
2981,126912,-4.5,0.0,1.96,1,1.0,1.0,0.5,6951,
2982,126912,-5.0,0.0,0.0,0,,,0.5,6951,
2983,126976,-3.2,0.0,4.17,1,0.0,0.0,0.5,6952,
2984,126976,-5.0,0.0,0.0,0,,,0.5,6952,
2985,127040,-4.9,0.0,9.68,3,0.3333,0.3333,0.5,6953,
2986,127104,-5.5,0.0,1.96,1,0.0,0.0,0.5,6955,
2987,127104,-5.5,0.0,1.96,1,0.0,0.0,0.5,6955,
2988,127168,-5.0,0.0,0.0,0,,,0.5,6956,
2989,127232,-3.7,0.0,3.45,1,0.0,0.0,0.5,6957,
2990,127232,-7.5,0.0,9.8,5,0.2,0.0,0.5,6957,
2991,127232,-6.0,0.0,3.92,2,0.5,1.0,0.5,6957,
2992,127296,-2.5,0.0,5.88,1,0.0,0.0,0.5,6960,
2993,127296,-5.5,0.0,1.96,1,0.0,0.0,0.5,6960,
2994,127296,-3.4,0.0,3.85,1,0.0,0.0,0.5,6960,
2995,127360,-3.9,0.0,7.69,2,0.0,0.0,0.5,6962,
2996,127360,-5.0,0.0,3.92,2,0.0,0.5,0.5,6962,
2997,127488,-1.7,0.0,5.26,1,0.0,0.0,0.5,6968,
2998,127616,-5.5,0.0,1.96,1,0.0,1.0,0.5,6968,
2999,127744,-5.5,0.0,1.96,1,0.0,1.0,0.5,6970,
3000,127744,-2.0,0.0,8.33,1,0.0,0.0,0.5,6970,
3001,127744,-5.5,0.0,1.96,1,0.0,0.0,0.5,6970,
3002,127808,-5.0,0.0,0.0,0,,,0.5,6973,
3003,127808,-6.0,0.0,3.92,2,0.0,0.5,0.5,6973,
3004,127808,-4.6,0.0,6.06,2,0.0,0.5,0.5,6973,
3005,127808,-2.6,0.0,5.56,1,0.0,0.0,0.5,6973,
3006,127936,-4.5,0.0,1.96,1,1.0,1.0,0.5,6976,
3007,128000,-5.5,0.0,1.96,1,0.0,0.0,0.5,6978,
3008,128064,10.6,1.0,0.0,0,,,0.5,6979,
3009,128064,-6.5,0.0,5.88,3,0.3333,0.6667,0.5,6979,
3010,128064,-5.0,0.0,0.0,0,,,0.5,6979,
3011,128064,-6.0,0.0,3.92,2,0.0,1.0,0.5,6979,
3012,128128,-5.0,0.0,0.0,0,,,0.5,6982,
3013,128128,-3.2,0.0,4.17,1,0.0,0.0,0.5,6982,
3014,128192,-4.5,0.0,1.96,1,0.0,1.0,0.5,6982,
3015,128192,-4.5,0.0,1.96,1,0.0,1.0,0.5,6982,
3016,128256,-5.5,0.0,1.96,1,0.0,0.0,0.5,6983,
3017,128256,-5.4,0.0,3.92,2,0.5,0.5,0.5,6983,
3018,128256,-6.0,0.0,3.92,2,0.5,0.0,0.5,6983,
3019,128320,-4.0,0.0,3.12,1,0.0,0.0,0.5,6984,
3020,128320,-5.0,0.0,0.0,0,,,0.5,6984,
3021,128384,-6.0,0.0,3.92,2,0.0,1.0,0.5,6985,
3022,128384,-5.0,0.0,0.0,0,,,0.5,6985,
3023,128448,-4.5,0.0,1.96,1,0.0,1.0,0.5,6988,
3024,128448,-6.0,0.0,3.92,2,0.0,1.0,0.5,6988,
3025,128448,-3.6,0.0,3.57,1,0.0,0.0,0.5,6988,
3026,128512,-2.2,0.0,10.53,2,0.5,0.5,0.5,6989,
3027,128512,-5.0,0.0,0.0,0,,,0.5,6989,
3028,128640,-1.1,0.0,7.69,1,0.0,0.0,0.5,6992,
3029,128704,-5.2,0.0,2.27,1,0.0,0.0,0.5,6995,
3030,128768,-1.3,0.0,20.0,1,0.0,0.0,0.5,6997,
3031,128768,-1.3,0.0,6.67,1,0.0,0.0,0.5,6997,
3032,128832,-5.5,0.0,1.96,1,0.0,0.0,0.5,6998,
3033,128896,-4.5,0.0,1.96,1,0.0,0.0,0.5,6999,
3034,129024,-4.0,0.0,3.12,1,0.0,0.0,0.5,7005,
3035,129024,-3.3,0.0,2.86,1,0.0,0.0,0.5,7005,
3036,129152,-5.5,0.0,1.96,1,0.0,1.0,0.5,7006,
3037,129152,-4.0,0.0,0.0,0,,,0.5,7006,
3038,129344,-2.9,0.0,4.76,1,0.0,0.0,0.5,7012,
3039,129408,-5.5,0.0,1.96,1,0.0,1.0,0.5,7018,
3040,129408,-2.5,0.0,5.88,1,0.0,0.0,0.5,7018,
3041,129408,10.8,1.0,12.5,1,0.0,1.0,0.5,7018,
3042,129408,-5.0,0.0,0.0,0,,,0.5,7018,
3043,129472,-6.5,0.0,5.88,3,0.0,0.3333,0.5,7021,
3044,129472,-3.0,0.0,4.55,1,0.0,0.0,0.5,7021,
3045,129536,-5.5,0.0,1.96,1,0.0,1.0,0.5,7023,
3046,129536,-6.0,0.0,3.92,2,0.0,0.0,0.5,7023,
3047,129664,-5.5,0.0,5.88,3,0.0,0.0,0.5,7025,
3048,129728,-4.6,0.0,2.63,1,0.0,0.0,0.5,7027,
3049,129728,-5.0,0.0,0.0,0,,,0.5,7027,
3050,129728,-6.0,0.0,3.92,2,0.0,1.0,0.5,7027,
3051,129792,-6.2,0.0,4.08,2,0.0,0.5,0.5,7029,
3052,129856,-6.0,0.0,3.92,2,0.5,0.5,0.5,7029,
3053,129920,-4.5,0.0,1.96,1,0.0,0.0,0.5,7029,
3054,129920,-4.5,0.0,1.96,1,0.0,0.0,0.5,7029,
3055,129984,-5.5,0.0,1.96,1,0.0,0.0,0.5,7034,
3056,129984,-2.9,0.0,4.76,1,0.0,0.0,0.5,7034,
3057,130112,-5.0,0.0,0.0,0,,,0.5,7038,
3058,130112,-1.7,0.0,11.11,1,0.0,0.0,0.5,7038,
3059,130176,-4.5,0.0,1.96,1,0.0,1.0,0.5,7040,
3060,130176,-6.5,0.0,5.88,3,0.6667,0.0,0.5,7040,
3061,130240,-3.5,0.0,6.25,2,0.0,0.5,0.5,7042,
3062,130304,-4.5,0.0,4.76,2,0.0,0.0,0.5,7045,
3063,130304,-5.5,0.0,1.96,1,0.0,1.0,0.5,7045,
3064,130368,-5.5,0.0,1.96,1,0.0,1.0,0.5,7045,
3065,130432,-6.0,0.0,3.92,2,0.0,0.5,0.5,7047,
3066,130496,-5.5,0.0,1.96,1,0.0,0.0,0.5,7049,
3067,130496,-5.5,0.0,1.96,1,0.0,1.0,0.5,7049,
3068,130496,-3.6,0.0,2.63,1,0.0,0.0,0.5,7049,
3069,130496,-5.5,0.0,1.96,1,0.0,0.0,0.5,7049,
3070,130560,-5.0,0.0,0.0,0,,,0.5,7051,
3071,130624,-5.5,0.0,1.96,1,0.0,1.0,0.5,7052,
3072,130624,-5.0,0.0,3.92,2,0.0,1.0,0.5,7052,
3073,130752,-5.0,0.0,0.0,0,,,0.5,7055,
3074,131008,-5.0,0.0,0.0,0,,,0.5,7058,
3075,131008,-5.0,0.0,0.0,0,,,0.5,7058,
3076,131008,-5.0,0.0,0.0,0,,,0.5,7058,
3077,131008,-1.0,0.0,8.33,1,0.0,0.0,0.5,7058,
3078,131072,-5.5,0.0,1.96,1,0.0,1.0,0.5,7058,
3079,131072,-5.5,0.0,1.96,1,0.0,0.0,0.5,7058,
3080,131200,-5.0,0.0,0.0,0,,,0.5,7059,
3081,131264,-1.9,0.0,9.09,1,0.0,0.0,0.5,7060,
3082,131328,-6.0,0.0,7.84,4,0.25,0.25,0.5,7062,
3083,131328,-6.0,0.0,3.92,2,0.0,0.5,0.5,7062,
3084,131328,-6.1,0.0,4.17,2,0.0,0.0,0.5,7062,
3085,131392,-5.5,0.0,1.96,1,0.0,0.0,0.5,7065,
3086,131392,-5.4,0.0,2.17,1,0.0,0.0,0.5,7065,
3087,131392,-6.0,0.0,3.92,2,0.0,0.5,0.5,7065,
3088,131456,-5.5,0.0,1.96,1,0.0,1.0,0.5,7067,
3089,131520,-5.5,0.0,1.96,1,0.0,1.0,0.5,7067,
3090,131520,-5.0,0.0,0.0,0,,,0.5,7067,
3091,131584,-5.5,0.0,1.96,1,0.0,0.0,0.5,7069,
3092,131648,-6.0,0.0,3.92,2,0.0,0.5,0.5,7070,
3093,131648,-4.5,0.0,1.96,1,0.0,1.0,0.5,7070,
3094,131712,-4.5,0.0,1.96,1,1.0,1.0,0.5,7070,
3095,131776,-5.5,0.0,1.96,1,0.0,0.0,0.5,7070,
3096,131776,-5.5,0.0,1.96,1,0.0,0.0,0.5,7070,
3097,131904,-2.6,0.0,5.56,1,0.0,0.0,0.5,7072,
3098,131968,-5.5,0.0,1.96,1,0.0,1.0,0.5,7073,
3099,131968,-2.3,0.0,6.67,1,0.0,0.0,0.5,7073,
3100,132032,-3.3,0.0,4.0,1,0.0,0.0,0.5,7076,
3101,132032,-6.0,0.0,3.92,2,0.0,0.5,0.5,7076,
3102,132032,-5.5,0.0,1.96,1,0.0,0.0,0.5,7076,
3103,132096,-5.0,0.0,0.0,0,,,0.5,7077,
3104,132288,-2.1,0.0,7.69,1,0.0,0.0,0.5,7083,
3105,132288,-5.0,0.0,0.0,0,,,0.5,7083,
3106,132288,-5.8,0.0,4.44,2,0.0,0.0,0.5,7083,
3107,132288,-4.0,0.0,0.0,0,,,0.5,7083,
3108,132416,-5.5,0.0,1.96,1,0.0,1.0,0.5,7084,
3109,132416,-5.5,0.0,1.96,1,0.0,1.0,0.5,7084,
3110,132608,-5.8,0.0,2.0,1,0.0,0.0,0.5,7087,
3111,132608,-5.5,0.0,1.96,1,0.0,1.0,0.5,7087,
3112,132672,-4.5,0.0,1.96,1,0.0,1.0,0.5,7087,
3113,132672,-6.0,0.0,3.92,2,0.5,0.5,0.5,7087,
3114,132736,-5.0,0.0,0.0,0,,,0.5,7088,
3115,132736,-5.5,0.0,1.96,1,0.0,1.0,0.5,7088,
3116,132800,-5.0,0.0,0.0,0,,,0.5,7089,
3117,132800,-4.4,0.0,2.78,1,0.0,0.0,0.5,7089,
3118,132928,-4.5,0.0,1.96,1,0.0,0.0,0.5,7089,
3119,132992,-5.5,0.0,1.96,1,0.0,1.0,0.5,7091,
3120,132992,-4.5,0.0,1.96,1,0.0,0.0,0.5,7091,
3121,132992,-4.5,0.0,1.96,1,0.0,1.0,0.5,7091,
3122,132992,-4.6,0.0,2.08,1,0.0,0.0,0.5,7091,
3123,133056,-6.3,0.0,4.0,2,0.0,0.5,0.5,7093,
3124,133056,-5.5,0.0,1.96,1,0.0,0.0,0.5,7093,
3125,133120,-5.7,0.0,2.04,1,0.0,0.0,0.5,7095,
3126,133184,-5.5,0.0,1.96,1,1.0,0.0,0.5,7095,
3127,133248,-5.0,0.0,0.0,0,,,0.5,7096,
3128,133312,-1.7,0.0,11.11,1,0.0,0.0,0.5,7098,
3129,133376,-5.5,0.0,1.96,1,0.0,1.0,0.5,7098,
3130,133376,-5.5,0.0,1.96,1,1.0,1.0,0.5,7098,
3131,133440,-4.6,0.0,7.89,3,0.0,0.3333,0.5,7099,
3132,133440,-5.0,0.0,0.0,0,,,0.5,7099,
3133,133440,-5.5,0.0,1.96,1,0.0,0.0,0.5,7099,
3134,133568,-4.0,0.0,3.12,1,0.0,0.0,0.5,7103,
3135,133568,-5.0,0.0,0.0,0,,,0.5,7103,
3136,133568,-5.0,0.0,0.0,0,,,0.5,7103,
3137,133632,-5.5,0.0,1.96,1,0.0,1.0,0.5,7108,
3138,133632,-3.9,0.0,7.69,2,0.0,0.0,0.5,7108,
3139,133632,-5.3,0.0,5.0,2,0.0,0.0,0.5,7108,
3140,133760,-5.0,0.0,0.0,0,,,0.5,7109,
3141,133760,-5.0,0.0,0.0,0,,,0.5,7109,
3142,133760,-5.0,0.0,0.0,0,,,0.5,7109,
3143,133888,-5.0,0.0,0.0,0,,,0.5,7109,
3144,133888,-5.0,0.0,0.0,0,,,0.5,7109,
3145,133888,11.7,1.0,0.0,0,,,0.5,7109,
3146,133952,-2.9,0.0,4.76,1,0.0,0.0,0.5,7111,
3147,134272,-5.0,0.0,0.0,0,,,0.5,7115,
3148,134272,-6.0,0.0,3.92,2,0.0,0.0,0.5,7115,
3149,134336,9.5,1.0,4.76,1,0.0,1.0,0.5,7115,
3150,134336,-4.0,0.0,0.0,0,,,0.5,7115,
3151,134464,-5.0,0.0,0.0,0,,,0.5,7115,
3152,134528,-6.0,0.0,3.92,2,0.0,0.0,0.5,7117,
3153,134528,-5.1,0.0,2.33,1,0.0,0.0,0.5,7117,
3154,134592,-5.5,0.0,1.96,1,0.0,0.0,0.5,7118,
3155,134592,-5.0,0.0,0.0,0,,,0.5,7118,
3156,134592,-6.0,0.0,3.92,2,0.0,1.0,0.5,7118,
3157,134656,-5.5,0.0,1.96,1,0.0,1.0,0.5,7119,
3158,134656,10.9,1.0,0.0,0,,,0.5,7119,
3159,134656,-5.0,0.0,0.0,0,,,0.5,7119,
3160,134656,-3.2,0.0,10.53,2,0.0,0.0,0.5,7119,
3161,134656,-5.0,0.0,0.0,0,,,0.5,7119,
3162,134784,-5.0,0.0,0.0,0,,,0.5,7123,
3163,134848,-5.5,0.0,1.96,1,0.0,1.0,0.5,7123,
3164,134912,-5.0,0.0,0.0,0,,,0.5,7124,
3165,134912,-4.0,0.0,0.0,0,,,0.5,7124,
3166,134976,-4.0,0.0,0.0,0,,,0.5,7125,
3167,135040,-4.1,0.0,3.03,1,0.0,0.0,0.5,7128,
3168,135040,-4.0,0.0,0.0,0,,,0.5,7128,
3169,135168,-5.0,0.0,0.0,0,,,0.5,7130,
3170,135232,-5.0,0.0,0.0,0,,,0.5,7131,
3171,135232,-6.8,0.0,6.0,3,0.0,0.3333,0.5,7131,
3172,135296,-5.0,0.0,0.0,0,,,0.5,7133,
3173,135296,-4.0,0.0,0.0,0,,,0.5,7133,
3174,135360,-4.0,0.0,0.0,0,,,0.5,7133,
3175,135488,-3.5,0.0,3.7,1,0.0,0.0,0.5,7136,
3176,135552,-5.0,0.0,3.92,2,0.0,0.5,0.5,7136,
3177,135552,-4.0,0.0,0.0,0,,,0.5,7136,
3178,135552,-5.0,0.0,3.92,2,0.5,0.0,0.5,7136,
3179,135552,-5.0,0.0,0.0,0,,,0.5,7136,
3180,135680,-5.0,0.0,0.0,0,,,0.5,7136,
3181,135680,-5.0,0.0,0.0,0,,,0.5,7136,
3182,135744,-2.7,0.0,5.26,1,0.0,0.0,0.5,7140,
3183,135872,-5.5,0.0,1.96,1,0.0,1.0,0.5,7142,
3184,135936,-5.5,0.0,1.96,1,0.0,1.0,0.5,7144,
3185,135936,-3.5,0.0,2.7,1,0.0,0.0,0.5,7144,
3186,135936,-4.5,0.0,1.96,1,0.0,0.0,0.5,7144,
3187,136000,-5.5,0.0,1.96,1,0.0,1.0,0.5,7144,
3188,136064,-5.0,0.0,0.0,0,,,0.5,7144,
3189,136064,-6.5,0.0,5.88,3,0.3333,0.3333,0.5,7144,
3190,136256,-5.0,0.0,0.0,0,,,0.5,7146,
3191,136256,-5.5,0.0,1.96,1,0.0,0.0,0.5,7146,
3192,136256,-4.0,0.0,0.0,0,,,0.5,7146,
3193,136256,-4.9,0.0,2.44,1,0.0,0.0,0.5,7146,
3194,136320,-0.8,0.0,10.0,1,0.0,0.0,0.5,7147,
3195,136320,-5.0,0.0,0.0,0,,,0.5,7147,
3196,136320,-5.0,0.0,0.0,0,,,0.5,7147,
3197,136384,-5.0,0.0,0.0,0,,,0.5,7149,
3198,136384,5.2,1.0,8.16,4,0.25,0.75,0.5,7149,
3199,136448,-6.0,0.0,3.92,2,0.0,0.5,0.5,7149,
3200,136512,-4.1,0.0,2.33,1,0.0,0.0,0.5,7152,
3201,136576,10.5,1.0,0.0,0,,,0.5,7155,
3202,136576,-5.0,0.0,0.0,0,,,0.5,7155,
3203,136576,-6.4,0.0,6.52,3,0.0,0.0,0.5,7155,
3204,136640,-5.5,0.0,1.96,1,0.0,1.0,0.5,7155,
3205,136640,-5.0,0.0,0.0,0,,,0.5,7155,
3206,136704,-4.0,0.0,0.0,0,,,0.5,7156,
3207,136704,-5.0,0.0,3.92,2,1.0,0.5,0.5,7156,
3208,136768,-6.0,0.0,4.26,2,0.5,0.0,0.5,7157,
3209,136832,-4.8,0.0,2.5,1,0.0,0.0,0.5,7160,
3210,136832,-4.2,0.0,2.94,1,0.0,0.0,0.5,7160,
3211,136832,-5.0,0.0,0.0,0,,,0.5,7160,
3212,136832,-5.0,0.0,0.0,0,,,0.5,7160,
3213,137152,-4.0,0.0,0.0,0,,,0.5,7166,
3214,137152,-5.5,0.0,1.96,1,1.0,0.0,0.5,7166,
3215,137152,11.6,1.0,0.0,0,,,0.5,7166,
3216,137216,-4.0,0.0,0.0,0,,,0.5,7167,
3217,137280,-2.0,0.0,8.33,1,0.0,0.0,0.5,7168,
3218,137344,-5.0,0.0,2.38,1,0.0,0.0,0.5,7170,
3219,137344,-2.3,0.0,6.67,1,0.0,0.0,0.5,7170,
3220,137536,-5.5,0.0,1.96,1,0.0,1.0,0.5,7173,
3221,137600,-5.5,0.0,1.96,1,0.0,0.0,0.5,7174,
3222,137600,-4.5,0.0,1.96,1,0.0,0.0,0.5,7174,
3223,137728,-5.0,0.0,0.0,0,,,0.5,7176,
3224,137792,-5.0,0.0,0.0,0,,,0.5,7179,
3225,137792,-1.3,0.0,6.67,1,0.0,0.0,0.5,7179,
3226,137792,-4.7,0.0,2.04,1,0.0,0.0,0.5,7179,
3227,137856,-5.0,0.0,0.0,0,,,0.5,7180,
3228,137856,-2.5,0.0,5.88,1,0.0,0.0,0.5,7180,
3229,137856,-4.0,0.0,0.0,0,,,0.5,7180,
3230,137856,-5.5,0.0,1.96,1,0.0,0.0,0.5,7180,
3231,137920,-5.5,0.0,8.11,3,0.0,0.3333,0.5,7182,
3232,137920,-5.5,0.0,1.96,1,0.0,0.0,0.5,7182,
3233,137920,-6.0,0.0,3.92,2,0.0,0.0,0.5,7182,
3234,137984,-5.0,0.0,2.38,1,0.0,0.0,0.5,7185,
3235,137984,-3.3,0.0,4.0,1,0.0,0.0,0.5,7185,
3236,138048,-5.5,0.0,1.96,1,1.0,1.0,0.5,7186,
3237,138112,-4.5,0.0,1.96,1,0.0,0.0,0.5,7187,
3238,138176,-5.0,0.0,0.0,0,,,0.5,7188,
3239,138176,-4.0,0.0,0.0,0,,,0.5,7188,
3240,138240,-4.0,0.0,0.0,0,,,0.5,7190,
3241,138240,-3.5,0.0,2.7,1,0.0,0.0,0.5,7190,
3242,138240,7.4,1.0,2.38,1,0.0,1.0,0.5,7190,
3243,138304,-5.0,0.0,0.0,0,,,0.5,7191,
3244,138304,-4.0,0.0,0.0,0,,,0.5,7191,
3245,138432,-5.5,0.0,1.96,1,0.0,0.0,0.5,7194,
3246,138496,-4.3,0.0,2.86,1,0.0,0.0,0.5,7195,
3247,138496,-5.5,0.0,1.96,1,0.0,1.0,0.5,7195,
3248,138496,-5.0,0.0,0.0,0,,,0.5,7195,
3249,138560,-5.0,0.0,0.0,0,,,0.5,7197,
3250,138624,-4.5,0.0,1.96,1,0.0,1.0,0.5,7198,
3251,138752,-5.5,0.0,1.96,1,0.0,0.0,0.5,7200,
3252,138816,-6.0,0.0,3.92,2,0.0,0.0,0.5,7201,
3253,138944,-5.0,0.0,0.0,0,,,0.5,7206,
3254,139008,-5.5,0.0,1.96,1,0.0,1.0,0.5,7209,
3255,139008,-5.0,0.0,2.38,1,0.0,0.0,0.5,7209,
3256,139136,9.6,1.0,5.0,1,0.0,0.0,0.5,7210,
3257,139200,-5.0,0.0,0.0,0,,,0.5,7212,
3258,139200,-5.0,0.0,0.0,0,,,0.5,7212,
3259,139200,-6.5,0.0,5.88,3,0.0,1.0,0.5,7212,
3260,139264,-4.5,0.0,1.96,1,0.0,0.0,0.5,7213,
3261,139264,-5.0,0.0,2.38,1,0.0,0.0,0.5,7213,
3262,139328,-3.0,0.0,4.55,1,0.0,0.0,0.5,7215,
3263,139328,-6.5,0.0,5.88,3,0.3333,0.3333,0.5,7215,
3264,139328,-4.5,0.0,1.96,1,0.0,0.0,0.5,7215,
3265,139392,-4.0,0.0,3.12,1,0.0,0.0,0.5,7216,
3266,139520,-5.0,0.0,0.0,0,,,0.5,7217,
3267,139520,-6.0,0.0,3.92,2,0.0,0.5,0.5,7217,
3268,139520,10.0,1.0,6.25,1,1.0,1.0,0.5,7217,
3269,139520,-5.0,0.0,0.0,0,,,0.5,7217,
3270,139584,-5.5,0.0,1.96,1,0.0,1.0,0.5,7218,
3271,139584,-1.7,0.0,11.11,1,0.0,0.0,0.5,7218,
3272,139584,-5.0,0.0,0.0,0,,,0.5,7218,
3273,139712,-6.0,0.0,3.92,2,0.0,0.5,0.5,7219,
3274,139776,-5.8,0.0,2.0,1,0.0,0.0,0.5,7220,
3275,139840,-5.5,0.0,1.96,1,0.0,0.0,0.5,7221,
3276,139904,-5.5,0.0,5.88,3,0.3333,0.3333,0.5,7221,
3277,139904,-6.5,0.0,5.88,3,0.0,0.3333,0.5,7221,
3278,139968,-4.5,0.0,2.7,1,0.0,0.0,0.5,7222,
3279,139968,-5.0,0.0,0.0,0,,,0.5,7222,
3280,139968,-5.0,0.0,0.0,0,,,0.5,7222,
3281,140096,-5.0,0.0,0.0,0,,,0.5,7225,
3282,140096,-2.2,0.0,7.14,1,0.0,0.0,0.5,7225,
3283,140096,-4.0,0.0,0.0,0,,,0.5,7225,
3284,140160,-5.4,0.0,2.17,1,0.0,0.0,0.5,7227,
3285,140416,-5.0,0.0,0.0,0,,,0.5,7231,
3286,140416,-1.6,0.0,5.56,1,0.0,0.0,0.5,7231,
3287,140416,-4.5,0.0,1.96,1,0.0,1.0,0.5,7231,
3288,140416,-4.5,0.0,1.96,1,0.0,0.0,0.5,7231,
3289,140544,-5.0,0.0,3.92,2,0.0,0.0,0.5,7233,
3290,140608,-3.0,0.0,4.55,1,0.0,0.0,0.5,7238,
3291,140608,-6.5,0.0,5.88,3,0.6667,0.3333,0.5,7238,
3292,140608,-4.6,0.0,10.71,3,0.0,0.3333,0.5,7238,
3293,140672,-3.5,0.0,2.7,1,0.0,0.0,0.5,7240,
3294,140800,-5.5,0.0,1.96,1,0.0,1.0,0.5,7243,
3295,140864,7.0,1.0,2.17,1,0.0,0.0,0.5,7243,
3296,140864,-5.5,0.0,1.96,1,0.0,1.0,0.5,7243,
3297,140992,-5.5,0.0,1.96,1,1.0,0.0,0.5,7244,
3298,141056,-6.0,0.0,3.92,2,0.0,0.5,0.5,7244,
3299,141056,-4.0,0.0,0.0,0,,,0.5,7244,
3300,141056,-5.0,0.0,0.0,0,,,0.5,7244,
3301,141120,-5.5,0.0,1.96,1,0.0,0.0,0.5,7245,
3302,141120,-4.0,0.0,0.0,0,,,0.5,7245,
3303,141120,-5.0,0.0,0.0,0,,,0.5,7245,
3304,141120,-5.4,0.0,4.88,2,0.0,0.5,0.5,7245,
3305,141184,-5.0,0.0,0.0,0,,,0.5,7246,
3306,141248,-5.5,0.0,1.96,1,0.0,0.0,0.5,7246,
3307,141248,-5.0,0.0,3.92,2,0.0,0.5,0.5,7246,
3308,141312,-5.0,0.0,0.0,0,,,0.5,7248,
3309,141376,-5.5,0.0,1.96,1,0.0,1.0,0.5,7249,
3310,141376,-4.0,0.0,3.12,1,0.0,0.0,0.5,7249,
3311,141440,-5.0,0.0,0.0,0,,,0.5,7250,
3312,141440,-4.3,0.0,2.86,1,0.0,0.0,0.5,7250,
3313,141440,-4.5,0.0,1.96,1,0.0,1.0,0.5,7250,
3314,141504,-5.0,0.0,0.0,0,,,0.5,7250,
3315,141504,-5.5,0.0,1.96,1,0.0,0.0,0.5,7250,
3316,141504,-5.0,0.0,0.0,0,,,0.5,7250,
3317,141568,-5.0,0.0,0.0,0,,,0.5,7251,
3318,141568,-2.4,0.0,6.25,1,0.0,0.0,0.5,7251,
3319,141696,-6.0,0.0,3.92,2,0.5,0.5,0.5,7254,
3320,141760,-5.0,0.0,3.92,2,0.0,0.0,0.5,7254,
3321,141824,-2.4,0.0,6.25,1,0.0,0.0,0.5,7255,
3322,141824,-5.0,0.0,0.0,0,,,0.5,7255,
3323,141888,-5.0,0.0,0.0,0,,,0.5,7257,
3324,142016,-5.9,0.0,1.96,1,0.0,0.0,0.5,7259,
3325,142016,-3.1,0.0,11.11,2,0.0,0.0,0.5,7259,
3326,142208,-5.0,0.0,0.0,0,,,0.5,7263,
3327,142272,-2.3,0.0,4.0,1,0.0,0.0,0.5,7264,
3328,142272,-5.0,0.0,0.0,0,,,0.5,7264,
3329,142400,-5.3,0.0,2.22,1,0.0,0.0,0.5,7270,
3330,142400,-5.2,0.0,5.13,2,0.0,0.5,0.5,7270,
3331,142400,-5.5,0.0,1.96,1,0.0,1.0,0.5,7270,
3332,142400,-2.3,0.0,6.67,1,0.0,0.0,0.5,7270,
3333,142528,-5.0,0.0,0.0,0,,,0.5,7272,
3334,142528,-4.3,0.0,6.67,2,0.0,0.5,0.5,7272,
3335,142592,-5.0,0.0,0.0,0,,,0.5,7273,
3336,142592,-5.0,0.0,0.0,0,,,0.5,7273,
3337,142656,-5.5,0.0,1.96,1,1.0,0.0,0.5,7273,
3338,142720,-4.1,0.0,3.03,1,0.0,0.0,0.5,7274,
3339,142784,-5.5,0.0,1.96,1,0.0,1.0,0.5,7275,
3340,142784,-5.0,0.0,0.0,0,,,0.5,7275,
3341,142784,-5.0,0.0,0.0,0,,,0.5,7275,
3342,142848,-6.0,0.0,3.92,2,0.0,0.5,0.5,7277,
3343,142848,-5.0,0.0,0.0,0,,,0.5,7277,
3344,142848,-5.0,0.0,0.0,0,,,0.5,7277,
3345,142976,-5.0,0.0,0.0,0,,,0.5,7279,
3346,142976,-3.4,0.0,3.85,1,0.0,0.0,0.5,7279,
3347,143040,-5.5,0.0,1.96,1,0.0,0.0,0.5,7279,
3348,143104,-4.0,0.0,0.0,0,,,0.5,7281,
3349,143104,-3.3,0.0,4.0,1,0.0,0.0,0.5,7281,
3350,143168,-6.0,0.0,3.92,2,0.0,1.0,0.5,7285,
3351,143168,-6.3,0.0,4.0,2,0.0,0.5,0.5,7285,
3352,143168,-4.1,0.0,3.03,1,0.0,0.0,0.5,7285,
3353,143232,-4.0,0.0,3.12,1,0.0,0.0,0.5,7286,
3354,143232,-4.0,0.0,0.0,0,,,0.5,7286,
3355,143232,-5.0,0.0,0.0,0,,,0.5,7286,
3356,143296,6.6,1.0,2.0,1,0.0,1.0,0.5,7286,
3357,143360,-6.0,0.0,3.92,2,0.0,1.0,0.5,7290,
3358,143360,-5.8,0.0,2.0,1,0.0,0.0,0.5,7290,
3359,143360,-2.0,0.0,8.33,1,0.0,0.0,0.5,7290,
3360,143360,-4.0,0.0,0.0,0,,,0.5,7290,
3361,143424,-2.7,0.0,3.45,1,0.0,0.0,0.5,7293,
3362,143424,-3.9,0.0,3.23,1,0.0,0.0,0.5,7293,
3363,143680,-5.5,0.0,1.96,1,0.0,0.0,0.5,7295,
3364,143680,-5.0,0.0,0.0,0,,,0.5,7295,
3365,143680,-5.5,0.0,1.96,1,0.0,1.0,0.5,7295,
3366,143680,-6.5,0.0,5.88,3,0.0,0.0,0.5,7295,
3367,143744,-2.2,0.0,7.14,1,0.0,0.0,0.5,7299,
3368,143872,-4.0,0.0,0.0,0,,,0.5,7301,
3369,143872,9.6,1.0,5.0,1,0.0,1.0,0.5,7301,
3370,143936,-4.8,0.0,4.44,2,0.0,0.0,0.5,7302,
3371,144064,-2.2,0.0,7.14,1,0.0,0.0,0.5,7304,
3372,144064,-6.3,0.0,4.0,2,0.0,0.0,0.5,7304,
3373,144192,-5.0,0.0,2.38,1,0.0,0.0,0.5,7305,
3374,144256,-5.5,0.0,1.96,1,0.0,0.0,0.5,7307,
3375,144320,-5.0,0.0,0.0,0,,,0.5,7310,
3376,144320,-3.8,0.0,3.33,1,0.0,0.0,0.5,7310,
3377,144320,-2.3,0.0,4.0,1,0.0,0.0,0.5,7310,
3378,144320,-3.2,0.0,4.17,1,0.0,0.0,0.5,7310,
3379,144384,-5.5,0.0,1.96,1,0.0,1.0,0.5,7313,
3380,144384,-5.0,0.0,0.0,0,,,0.5,7313,
3381,144384,-5.5,0.0,1.96,1,0.0,1.0,0.5,7313,
3382,144384,-4.0,0.0,0.0,0,,,0.5,7313,
3383,144384,-3.5,0.0,3.7,1,0.0,0.0,0.5,7313,
3384,144512,-4.0,0.0,0.0,0,,,0.5,7319,
3385,144512,-6.0,0.0,3.92,2,0.0,0.0,0.5,7319,
3386,144640,-4.0,0.0,0.0,0,,,0.5,7320,
3387,144640,-5.0,0.0,0.0,0,,,0.5,7320,
3388,144704,-5.0,0.0,0.0,0,,,0.5,7320,
3389,144768,-5.0,0.0,0.0,0,,,0.5,7321,
3390,144768,-3.5,0.0,2.7,1,0.0,0.0,0.5,7321,
3391,144832,-6.0,0.0,3.92,2,0.0,0.5,0.5,7324,
3392,144896,-4.5,0.0,2.7,1,0.0,0.0,0.5,7329,
3393,144896,-4.0,0.0,5.41,2,0.0,0.0,0.5,7329,
3394,144896,-5.9,0.0,7.32,3,0.0,0.3333,0.5,7329,
3395,144960,-4.0,0.0,7.41,2,0.0,0.5,0.5,7331,
3396,144960,-2.5,0.0,5.88,1,0.0,0.0,0.5,7331,
3397,144960,-4.5,0.0,1.96,1,0.0,1.0,0.5,7331,
3398,145024,-5.0,0.0,0.0,0,,,0.5,7333,
3399,145088,-5.5,0.0,1.96,1,0.0,1.0,0.5,7335,
3400,145088,-7.5,0.0,9.8,5,0.0,0.4,0.5,7335,
3401,145152,-6.0,0.0,3.92,2,0.0,0.5,0.5,7337,
3402,145280,-5.5,0.0,1.96,1,0.0,1.0,0.5,7338,
3403,145280,-4.0,0.0,0.0,0,,,0.5,7338,
3404,145408,-4.3,0.0,2.86,1,0.0,0.0,0.5,7339,
3405,145472,-4.0,0.0,0.0,0,,,0.5,7342,
3406,145472,-1.6,0.0,12.5,1,0.0,0.0,0.5,7342,
3407,145536,-4.0,0.0,0.0,0,,,0.5,7344,
3408,145664,-5.5,0.0,1.96,1,0.0,0.0,0.5,7348,
3409,145664,-4.3,0.0,2.86,1,0.0,0.0,0.5,7348,
3410,145664,10.0,1.0,0.0,0,,,0.5,7348,
3411,145664,-4.5,0.0,1.96,1,0.0,0.0,0.5,7348,
3412,145792,-3.0,0.0,4.55,1,0.0,0.0,0.5,7352,
3413,145856,-5.0,0.0,2.38,1,0.0,0.0,0.5,7354,
3414,146048,-5.0,0.0,0.0,0,,,0.5,7361,
3415,146048,-4.0,0.0,0.0,0,,,0.5,7361,
3416,146112,9.2,1.0,0.0,0,,,0.5,7361,
3417,146112,-5.0,0.0,3.92,2,0.0,0.0,0.5,7361,
3418,146112,-6.0,0.0,3.92,2,0.0,0.5,0.5,7361,
3419,146240,-5.0,0.0,0.0,0,,,0.5,7366,
3420,146240,-5.0,0.0,0.0,0,,,0.5,7366,
3421,146304,-5.0,0.0,0.0,0,,,0.5,7368,
3422,146304,-4.8,0.0,2.0,1,0.0,0.0,0.5,7368,
3423,146368,-5.5,0.0,1.96,1,0.0,1.0,0.5,7369,
3424,146496,-5.0,0.0,0.0,0,,,0.5,7372,
3425,146496,-5.0,0.0,0.0,0,,,0.5,7372,
3426,146560,-5.5,0.0,1.96,1,0.0,1.0,0.5,7374,
3427,146624,-6.5,0.0,5.88,3,0.0,0.3333,0.5,7375,
3428,146624,-3.9,0.0,3.23,1,0.0,0.0,0.5,7375,
3429,146624,-5.5,0.0,1.96,1,0.0,0.0,0.5,7375,
3430,146624,-6.0,0.0,3.92,2,0.0,0.5,0.5,7375,
3431,146624,-5.5,0.0,5.88,3,0.3333,0.0,0.5,7375,
3432,146688,-5.5,0.0,1.96,1,0.0,0.0,0.5,7376,
3433,146752,-5.6,0.0,2.08,1,0.0,0.0,0.5,7378,
3434,146944,-4.0,0.0,0.0,0,,,0.5,7381,
3435,146944,-6.0,0.0,3.92,2,0.0,0.5,0.5,7381,
3436,146944,-4.0,0.0,0.0,0,,,0.5,7381,
3437,146944,-5.4,0.0,4.88,2,0.0,0.0,0.5,7381,
3438,147008,-4.0,0.0,0.0,0,,,0.5,7383,
3439,147136,-5.5,0.0,5.88,3,0.0,1.0,0.5,7383,
3440,147200,-5.5,0.0,1.96,1,0.0,0.0,0.5,7384,
3441,147328,-3.3,0.0,6.67,2,0.0,0.5,0.5,7386,
3442,147328,-4.5,0.0,1.96,1,0.0,0.0,0.5,7386,
3443,147328,-5.5,0.0,1.96,1,0.0,0.0,0.5,7386,
3444,147456,-6.0,0.0,3.92,2,0.0,0.5,0.5,7389,
3445,147584,-6.5,0.0,5.88,3,0.0,0.0,0.5,7397,
3446,147584,-5.8,0.0,6.0,3,0.0,0.3333,0.5,7397,
3447,147584,-5.9,0.0,7.32,3,0.0,0.3333,0.5,7397,
3448,147584,-5.5,0.0,1.96,1,0.0,0.0,0.5,7397,
3449,147648,-5.5,0.0,1.96,1,0.0,1.0,0.5,7399,
3450,147648,-4.0,0.0,0.0,0,,,0.5,7399,
3451,147648,-5.0,0.0,0.0,0,,,0.5,7399,
3452,147776,-5.0,0.0,0.0,0,,,0.5,7402,
3453,147776,-2.2,0.0,10.53,2,0.0,0.5,0.5,7402,
3454,147776,-6.5,0.0,9.8,5,0.0,0.2,0.5,7402,
3455,147904,-5.5,0.0,1.96,1,0.0,0.0,0.5,7406,
3456,147968,-6.5,0.0,5.88,3,0.0,1.0,0.5,7407,
3457,148032,-5.0,0.0,0.0,0,,,0.5,7407,
3458,148032,-6.0,0.0,3.92,2,0.0,0.5,0.5,7407,
3459,148096,-6.0,0.0,3.92,2,0.0,0.0,0.5,7408,
3460,148160,-6.0,0.0,3.92,2,0.0,0.5,0.5,7409,
3461,148160,-5.0,0.0,0.0,0,,,0.5,7409,
3462,148160,-4.5,0.0,1.96,1,0.0,0.0,0.5,7409,
3463,148224,-4.8,0.0,2.0,1,0.0,0.0,0.5,7411,
3464,148224,-5.0,0.0,0.0,0,,,0.5,7411,
3465,148288,-4.3,0.0,2.86,1,0.0,0.0,0.5,7414,
3466,148352,-4.5,0.0,1.96,1,0.0,0.0,0.5,7417,
3467,148352,-5.0,0.0,0.0,0,,,0.5,7417,
3468,148416,-4.0,0.0,0.0,0,,,0.5,7418,
3469,148544,-5.0,0.0,0.0,0,,,0.5,7420,
3470,148544,-5.0,0.0,0.0,0,,,0.5,7420,
3471,148544,-5.8,0.0,4.44,2,0.0,0.5,0.5,7420,
3472,148672,7.2,1.0,0.0,0,,,0.5,7423,
3473,148736,-4.5,0.0,1.96,1,0.0,0.0,0.5,7425,
3474,148736,-4.5,0.0,1.96,1,0.0,1.0,0.5,7425,
3475,148736,-2.2,0.0,4.17,1,0.0,0.0,0.5,7425,
3476,148736,-2.8,0.0,13.33,2,0.0,0.5,0.5,7425,
3477,148800,-1.6,0.0,5.56,1,0.0,0.0,0.5,7426,
3478,148928,-5.0,0.0,0.0,0,,,0.5,7428,
3479,148928,-5.5,0.0,1.96,1,0.0,1.0,0.5,7428,
3480,148928,-5.0,0.0,0.0,0,,,0.5,7428,
3481,148992,-1.8,0.0,10.0,1,0.0,0.0,0.5,7430,
3482,149056,-5.4,0.0,2.17,1,0.0,0.0,0.5,7432,
3483,149056,9.7,1.0,14.29,2,0.5,0.5,0.5,7432,
3484,149056,-6.5,0.0,5.88,3,0.3333,0.3333,0.5,7432,
3485,149120,-2.3,0.0,6.67,1,0.0,0.0,0.5,7434,
3486,149120,-6.0,0.0,3.92,2,0.0,0.0,0.5,7434,
3487,149312,-6.0,0.0,3.92,2,0.0,1.0,0.5,7437,
3488,149376,-5.0,0.0,0.0,0,,,0.5,7437,
3489,149376,-5.0,0.0,0.0,0,,,0.5,7437,
3490,149440,-2.2,0.0,7.14,1,0.0,0.0,0.5,7441,
3491,149504,-5.5,0.0,5.88,3,0.0,1.0,0.5,7441,
3492,149504,-5.5,0.0,1.96,1,0.0,1.0,0.5,7441,
3493,149568,-5.5,0.0,1.96,1,0.0,0.0,0.5,7444,
3494,149568,-6.0,0.0,3.92,2,0.0,0.5,0.5,7444,
3495,149568,-3.9,0.0,2.44,1,0.0,0.0,0.5,7444,
3496,149632,-5.0,0.0,0.0,0,,,0.5,7445,
3497,149696,-2.9,0.0,4.76,1,0.0,0.0,0.5,7446,
3498,149760,-4.0,0.0,0.0,0,,,0.5,7447,
3499,149760,-4.5,0.0,1.96,1,0.0,1.0,0.5,7447,
3500,149888,-5.0,0.0,0.0,0,,,0.5,7447,
3501,149888,-5.5,0.0,1.96,1,0.0,1.0,0.5,7447,
3502,149888,-5.0,0.0,0.0,0,,,0.5,7447,
3503,149888,-5.5,0.0,1.96,1,0.0,0.0,0.5,7447,
3504,149888,-4.5,0.0,1.96,1,0.0,0.0,0.5,7447,
3505,149952,-5.0,0.0,0.0,0,,,0.5,7447,
3506,150016,-5.5,0.0,1.96,1,0.0,0.0,0.5,7448,
3507,150144,-4.7,0.0,2.56,1,0.0,0.0,0.5,7453,
3508,150208,8.0,1.0,0.0,0,,,0.5,7453,
3509,150208,-4.0,0.0,0.0,0,,,0.5,7453,
3510,150208,-6.0,0.0,3.92,2,0.0,0.5,0.5,7453,
3511,150208,-5.0,0.0,0.0,0,,,0.5,7453,
3512,150272,-5.5,0.0,5.88,3,0.0,1.0,0.5,7454,
3513,150336,-4.3,0.0,2.86,1,0.0,0.0,0.5,7457,
3514,150336,-2.1,0.0,7.69,1,0.0,0.0,0.5,7457,
3515,150400,-6.0,0.0,3.92,2,0.0,1.0,0.5,7457,
3516,150592,-5.0,0.0,0.0,0,,,0.5,7465,
3517,150592,-5.0,0.0,0.0,0,,,0.5,7465,
3518,150592,-4.2,0.0,2.94,1,0.0,0.0,0.5,7465,
3519,150592,-5.0,0.0,0.0,0,,,0.5,7465,
3520,150720,-5.5,0.0,1.96,1,0.0,0.0,0.5,7465,
3521,150784,-2.9,0.0,4.76,1,0.0,0.0,0.5,7468,
3522,150848,-4.0,0.0,0.0,0,,,0.5,7469,
3523,150848,-5.0,0.0,0.0,0,,,0.5,7469,
3524,150848,-4.5,0.0,1.96,1,0.0,1.0,0.5,7469,
3525,150912,-6.0,0.0,4.26,2,0.0,0.5,0.5,7472,
3526,150912,-2.6,0.0,3.57,1,0.0,0.0,0.5,7472,
3527,150912,-5.0,0.0,0.0,0,,,0.5,7472,
3528,151040,-5.5,0.0,5.88,3,0.0,0.0,0.5,7474,
3529,151040,-5.1,0.0,2.33,1,0.0,0.0,0.5,7474,
3530,151040,-6.0,0.0,3.92,2,0.0,0.5,0.5,7474,
3531,151232,-5.0,0.0,0.0,0,,,0.5,7477,
3532,151296,-5.5,0.0,1.96,1,0.0,0.0,0.5,7478,
3533,151296,-4.5,0.0,1.96,1,0.0,0.0,0.5,7478,
3534,151360,-4.9,0.0,2.44,1,0.0,0.0,0.5,7480,
3535,151424,-5.8,0.0,2.0,1,0.0,0.0,0.5,7484,
3536,151424,-5.2,0.0,5.13,2,0.0,0.0,0.5,7484,
3537,151424,-6.0,0.0,3.92,2,0.0,0.5,0.5,7484,
3538,151488,-4.5,0.0,1.96,1,1.0,0.0,0.5,7484,
3539,151552,-1.7,0.0,5.26,1,0.0,0.0,0.5,7488,
3540,151744,-5.6,0.0,7.89,3,0.0,0.6667,0.5,7492,
3541,151744,-3.7,0.0,3.45,1,0.0,0.0,0.5,7492,
3542,151744,-5.1,0.0,2.33,1,0.0,0.0,0.5,7492,
3543,151808,-5.0,0.0,0.0,0,,,0.5,7493,
3544,151808,-5.0,0.0,0.0,0,,,0.5,7493,
3545,151936,10.6,1.0,10.0,1,0.0,1.0,0.5,7497,
3546,151936,-4.0,0.0,0.0,0,,,0.5,7497,
3547,152000,-6.5,0.0,5.88,3,0.0,0.0,0.5,7498,
3548,152000,-2.3,0.0,6.67,1,0.0,0.0,0.5,7498,
3549,152000,-4.5,0.0,1.96,1,0.0,0.0,0.5,7498,
3550,152000,-5.0,0.0,0.0,0,,,0.5,7498,
3551,152064,-4.0,0.0,0.0,0,,,0.5,7499,
3552,152192,-5.5,0.0,1.96,1,0.0,1.0,0.5,7501,
3553,152192,-5.0,0.0,0.0,0,,,0.5,7501,
3554,152320,-5.0,0.0,0.0,0,,,0.5,7505,
3555,152320,-6.0,0.0,3.92,2,0.0,1.0,0.5,7505,
3556,152320,-3.8,0.0,3.33,1,0.0,0.0,0.5,7505,
3557,152320,-4.5,0.0,1.96,1,0.0,0.0,0.5,7505,
3558,152384,-5.0,0.0,0.0,0,,,0.5,7506,
3559,152384,-4.9,0.0,2.44,1,0.0,0.0,0.5,7506,
3560,152640,-4.5,0.0,1.96,1,0.0,1.0,0.5,7509,
3561,152640,-5.0,0.0,0.0,0,,,0.5,7509,
3562,152704,-4.5,0.0,2.7,1,0.0,0.0,0.5,7510,
3563,152768,-4.5,0.0,1.96,1,0.0,0.0,0.5,7515,
3564,152768,-5.3,0.0,5.0,2,0.0,0.0,0.5,7515,
3565,152768,-2.9,0.0,4.76,1,0.0,0.0,0.5,7515,
3566,152832,-5.0,0.0,3.92,2,0.0,1.0,0.5,7516,
3567,152832,-5.0,0.0,0.0,0,,,0.5,7516,
3568,152832,7.6,1.0,5.71,2,0.0,1.0,0.5,7516,
3569,152832,-6.0,0.0,3.92,2,0.0,0.0,0.5,7516,
3570,152896,-4.0,0.0,0.0,0,,,0.5,7518,
3571,152960,-5.5,0.0,1.96,1,0.0,0.0,0.5,7519,
3572,153024,-1.3,0.0,6.67,1,0.0,0.0,0.5,7521,
3573,153024,-5.5,0.0,1.96,1,0.0,1.0,0.5,7521,
3574,153152,-5.5,0.0,1.96,1,0.0,0.0,0.5,7524,
3575,153152,-4.5,0.0,1.96,1,0.0,0.0,0.5,7524,
3576,153152,-4.0,0.0,0.0,0,,,0.5,7524,
3577,153152,-6.5,0.0,5.88,3,0.0,0.3333,0.5,7524,
3578,153216,-6.0,0.0,3.92,2,0.0,0.0,0.5,7525,
3579,153216,-2.4,0.0,6.25,1,0.0,0.0,0.5,7525,
3580,153280,-5.5,0.0,1.96,1,1.0,0.0,0.5,7525,
3581,153344,-3.0,0.0,4.55,1,0.0,0.0,0.5,7527,
3582,153408,-5.0,0.0,0.0,0,,,0.5,7528,
3583,153472,-6.0,0.0,3.92,2,0.0,0.5,0.5,7528,
3584,153472,-4.5,0.0,1.96,1,0.0,0.0,0.5,7528,
3585,153472,-6.0,0.0,3.92,2,0.0,0.5,0.5,7528,
3586,153536,-5.0,0.0,0.0,0,,,0.5,7529,
3587,153856,-5.5,0.0,1.96,1,0.0,1.0,0.5,7530,
3588,153856,-5.5,0.0,1.96,1,0.0,1.0,0.5,7530,
3589,153856,-5.5,0.0,1.96,1,0.0,1.0,0.5,7530,
3590,153984,-5.5,0.0,1.96,1,0.0,1.0,0.5,7532,
3591,154048,-2.0,0.0,8.33,1,0.0,0.0,0.5,7533,
3592,154048,-5.0,0.0,0.0,0,,,0.5,7533,
3593,154112,-5.1,0.0,2.33,1,0.0,0.0,0.5,7534,
3594,154112,-5.0,0.0,0.0,0,,,0.5,7534,
3595,154112,-5.0,0.0,0.0,0,,,0.5,7534,
3596,154112,-6.0,0.0,3.92,2,0.0,0.5,0.5,7534,
3597,154176,-4.0,0.0,0.0,0,,,0.5,7534,
3598,154176,-5.5,0.0,1.96,1,0.0,1.0,0.5,7534,
3599,154176,-5.5,0.0,1.96,1,0.0,0.0,0.5,7534,
3600,154240,-3.6,0.0,2.63,1,0.0,0.0,0.5,7537,
3601,154304,-5.5,0.0,1.96,1,0.0,1.0,0.5,7538,
3602,154304,-6.0,0.0,3.92,2,0.0,1.0,0.5,7538,
3603,154496,-5.5,0.0,1.96,1,0.0,1.0,0.5,7539,
3604,154560,-5.5,0.0,1.96,1,0.0,1.0,0.5,7539,
3605,154624,-3.0,0.0,4.55,1,0.0,0.0,0.5,7541,
3606,154688,-4.0,0.0,0.0,0,,,0.5,7541,
3607,154688,-5.0,0.0,0.0,0,,,0.5,7541,
3608,154752,-3.5,0.0,2.7,1,0.0,0.0,0.5,7543,
3609,154752,-6.0,0.0,3.92,2,0.0,1.0,0.5,7543,
3610,154752,-6.0,0.0,4.26,2,0.5,0.0,0.5,7543,
3611,154816,-5.5,0.0,1.96,1,0.0,1.0,0.5,7545,
3612,154880,-3.0,0.0,3.12,1,0.0,0.0,0.5,7546,
3613,154944,-2.6,0.0,3.57,1,0.0,0.0,0.5,7547,
3614,155008,-5.0,0.0,0.0,0,,,0.5,7547,
3615,155008,-5.0,0.0,0.0,0,,,0.5,7547,
3616,155072,-4.0,0.0,0.0,0,,,0.5,7548,
3617,155200,-6.0,0.0,3.92,2,0.5,0.0,0.5,7550,
3618,155200,-2.5,0.0,5.88,1,0.0,0.0,0.5,7550,
3619,155264,-5.0,0.0,0.0,0,,,0.5,7552,
3620,155264,-4.5,0.0,1.96,1,1.0,1.0,0.5,7552,
3621,155264,-4.5,0.0,1.96,1,0.0,1.0,0.5,7552,
3622,155264,-3.1,0.0,11.11,2,0.5,0.0,0.5,7552,
3623,155264,-5.5,0.0,1.96,1,0.0,0.0,0.5,7552,
3624,155328,-4.6,0.0,2.63,1,0.0,0.0,0.5,7555,
3625,155328,-4.8,0.0,2.5,1,0.0,0.0,0.5,7555,
3626,155392,-4.9,0.0,2.44,1,0.0,0.0,0.5,7557,
3627,155392,-1.8,0.0,10.0,1,0.0,0.0,0.5,7557,
3628,155456,-6.0,0.0,3.92,2,0.0,1.0,0.5,7557,
3629,155584,-4.0,0.0,0.0,0,,,0.5,7559,
3630,155584,-5.5,0.0,1.96,1,0.0,0.0,0.5,7559,
3631,155584,-5.0,0.0,0.0,0,,,0.5,7559,
3632,155584,-6.0,0.0,3.92,2,0.5,0.5,0.5,7559,
3633,155648,-4.5,0.0,1.96,1,0.0,1.0,0.5,7559,
3634,155904,-5.5,0.0,1.96,1,0.0,1.0,0.5,7563,
3635,155904,-5.0,0.0,0.0,0,,,0.5,7563,
3636,155904,-4.4,0.0,2.17,1,0.0,0.0,0.5,7563,
3637,155968,-5.0,0.0,0.0,0,,,0.5,7564,
3638,155968,-2.1,0.0,4.35,1,0.0,0.0,0.5,7564,
3639,156032,-5.3,0.0,2.22,1,0.0,0.0,0.5,7567,
3640,156032,-5.5,0.0,1.96,1,0.0,1.0,0.5,7567,
3641,156096,-5.0,0.0,0.0,0,,,0.5,7568,
3642,156096,-5.5,0.0,1.96,1,0.0,0.0,0.5,7568,
3643,156096,-4.1,0.0,7.14,2,0.5,0.0,0.5,7568,
3644,156096,-5.0,0.0,0.0,0,,,0.5,7568,
3645,156224,-2.9,0.0,4.76,1,0.0,0.0,0.5,7571,
3646,156288,-5.0,0.0,0.0,0,,,0.5,7572,
3647,156288,-4.0,0.0,0.0,0,,,0.5,7572,
3648,156352,-1.9,0.0,9.09,1,0.0,0.0,0.5,7575,
3649,156352,-2.3,0.0,6.67,1,0.0,0.0,0.5,7575,
3650,156416,-5.0,0.0,0.0,0,,,0.5,7576,
3651,156416,-5.5,0.0,1.96,1,0.0,0.0,0.5,7576,
3652,156480,-5.5,0.0,1.96,1,0.0,1.0,0.5,7577,
3653,156608,-5.0,0.0,0.0,0,,,0.5,7579,
3654,156672,-5.0,0.0,0.0,0,,,0.5,7580,
3655,156736,-5.0,0.0,0.0,0,,,0.5,7580,
3656,156736,-6.0,0.0,3.92,2,0.0,0.5,0.5,7580,
3657,156736,-4.5,0.0,1.96,1,0.0,0.0,0.5,7580,
3658,156800,-6.0,0.0,3.92,2,0.0,0.0,0.5,7581,
3659,156928,-5.3,0.0,2.22,1,0.0,0.0,0.5,7583,
3660,157120,-5.0,0.0,0.0,0,,,0.5,7584,
3661,157120,-3.8,0.0,3.33,1,0.0,0.0,0.5,7584,
3662,157120,-5.0,0.0,0.0,0,,,0.5,7584,
3663,157120,-4.0,0.0,0.0,0,,,0.5,7584,
3664,157248,-4.5,0.0,1.96,1,0.0,1.0,0.5,7586,
3665,157312,-4.0,0.0,3.12,1,0.0,0.0,0.5,7587,
3666,157312,-6.0,0.0,3.92,2,0.0,0.5,0.5,7587,
3667,157376,-5.0,0.0,0.0,0,,,0.5,7588,
3668,157376,-4.0,0.0,0.0,0,,,0.5,7588,
3669,157440,-5.0,0.0,0.0,0,,,0.5,7589,
3670,157440,-5.5,0.0,1.96,1,0.0,0.0,0.5,7589,
3671,157440,-4.0,0.0,0.0,0,,,0.5,7589,
3672,157440,-4.2,0.0,6.9,2,0.0,0.0,0.5,7589,
3673,157504,-4.3,0.0,2.86,1,0.0,0.0,0.5,7592,
3674,157504,-5.0,0.0,0.0,0,,,0.5,7592,
3675,157568,-5.0,0.0,0.0,0,,,0.5,7594,
3676,157696,8.6,1.0,8.0,2,0.0,0.5,0.5,7595,
3677,157824,-5.5,0.0,1.96,1,0.0,0.0,0.5,7597,
3678,157824,-3.1,0.0,4.35,1,0.0,0.0,0.5,7597,
3679,157888,-4.4,0.0,6.45,2,0.0,0.0,0.5,7600,
3680,157888,-5.0,0.0,0.0,0,,,0.5,7600,
3681,157952,-6.4,0.0,3.92,2,0.0,0.0,0.5,7602,
3682,157952,-4.0,0.0,0.0,0,,,0.5,7602,
3683,158016,-5.5,0.0,1.96,1,0.0,1.0,0.5,7603,
3684,158016,-4.0,0.0,0.0,0,,,0.5,7603,
3685,158080,-5.5,0.0,1.96,1,0.0,0.0,0.5,7605,
3686,158208,-4.0,0.0,0.0,0,,,0.5,7607,
3687,158272,-5.5,0.0,1.96,1,0.0,1.0,0.5,7608,
3688,158272,-5.5,0.0,1.96,1,0.0,0.0,0.5,7608,
3689,158336,-5.0,0.0,0.0,0,,,0.5,7610,
3690,158336,-2.4,0.0,6.25,1,0.0,0.0,0.5,7610,
3691,158464,-5.5,0.0,1.96,1,0.0,1.0,0.5,7614,
3692,158528,-5.5,0.0,1.96,1,0.0,0.0,0.5,7615,
3693,158528,-5.0,0.0,0.0,0,,,0.5,7615,
3694,158528,-4.0,0.0,0.0,0,,,0.5,7615,
3695,158592,-5.5,0.0,1.96,1,0.0,1.0,0.5,7615,
3696,158592,-5.5,0.0,1.96,1,0.0,0.0,0.5,7615,
3697,158656,9.1,1.0,0.0,0,,,0.5,7615,
3698,158656,-5.5,0.0,1.96,1,0.0,1.0,0.5,7615,
3699,158720,-5.0,0.0,0.0,0,,,0.5,7616,
3700,158720,-2.8,0.0,15.0,3,0.3333,0.0,0.5,7616,
3701,158784,-2.2,0.0,7.14,1,0.0,0.0,0.5,7618,
3702,158848,-6.5,0.0,5.88,3,0.0,0.3333,0.5,7618,
3703,158848,-4.0,0.0,0.0,0,,,0.5,7618,
3704,158848,-5.0,0.0,0.0,0,,,0.5,7618,
3705,158912,-2.0,0.0,4.55,1,0.0,0.0,0.5,7620,
3706,158976,-3.8,0.0,2.5,1,0.0,0.0,0.5,7621,
3707,159040,11.3,1.0,0.0,0,,,0.5,7621,
3708,159168,-5.5,0.0,1.96,1,0.0,0.0,0.5,7623,
3709,159168,-5.5,0.0,1.96,1,0.0,0.0,0.5,7623,
3710,159232,-4.1,0.0,3.03,1,0.0,0.0,0.5,7626,
3711,159232,-4.6,0.0,2.63,1,0.0,0.0,0.5,7626,
3712,159232,-4.5,0.0,1.96,1,0.0,1.0,0.5,7626,
3713,159232,-5.0,0.0,0.0,0,,,0.5,7626,
3714,159296,-4.0,0.0,0.0,0,,,0.5,7626,
3715,159296,-5.5,0.0,1.96,1,0.0,1.0,0.5,7626,
3716,159360,-5.5,0.0,1.96,1,0.0,1.0,0.5,7628,
3717,159360,-4.0,0.0,0.0,0,,,0.5,7628,
3718,159360,-5.0,0.0,0.0,0,,,0.5,7628,
3719,159424,-4.2,0.0,8.82,3,0.0,0.3333,0.5,7631,
3720,159424,-4.4,0.0,6.45,2,0.0,0.0,0.5,7631,
3721,159488,-5.0,0.0,0.0,0,,,0.5,7632,
3722,159552,-5.0,0.0,0.0,0,,,0.5,7633,
3723,159552,-5.0,0.0,0.0,0,,,0.5,7633,
3724,159552,10.5,1.0,0.0,0,,,0.5,7633,
3725,159616,-5.5,0.0,1.96,1,0.0,0.0,0.5,7635,
3726,159616,-5.3,0.0,2.22,1,0.0,0.0,0.5,7635,
3727,159680,-5.5,0.0,1.96,1,1.0,0.0,0.5,7637,
3728,159744,-5.0,0.0,3.92,2,0.0,0.5,0.5,7638,
3729,159872,-2.4,0.0,6.25,1,0.0,0.0,0.5,7640,
3730,159872,-5.0,0.0,0.0,0,,,0.5,7640,
3731,159936,-5.5,0.0,1.96,1,0.0,1.0,0.5,7640,
3732,160000,-3.0,0.0,4.55,1,0.0,0.0,0.5,7641,
3733,160000,-5.5,0.0,1.96,1,0.0,1.0,0.5,7641,
3734,160064,-3.5,0.0,3.7,1,0.0,0.0,0.5,7642,
3735,160192,-6.0,0.0,3.92,2,0.0,0.5,0.5,7642,
3736,160256,-2.4,0.0,6.25,1,0.0,0.0,0.5,7643,
3737,160320,-3.6,0.0,2.63,1,0.0,0.0,0.5,7644,
3738,160320,9.0,1.0,3.85,1,1.0,1.0,0.5,7644,
3739,160384,-4.0,0.0,0.0,0,,,0.5,7644,
3740,160384,-5.0,0.0,0.0,0,,,0.5,7644,
3741,160384,-5.0,0.0,0.0,0,,,0.5,7644,
3742,160576,-5.5,0.0,1.96,1,0.0,1.0,0.5,7649,
3743,160640,-5.5,0.0,1.96,1,1.0,0.0,0.5,7649,
3744,160640,-4.0,0.0,0.0,0,,,0.5,7649,
3745,160704,9.9,1.0,0.0,0,,,0.5,7652,
3746,160704,-4.5,0.0,1.96,1,0.0,0.0,0.5,7652,
3747,160704,-4.1,0.0,3.03,1,0.0,0.0,0.5,7652,
3748,160704,-5.5,0.0,1.96,1,0.0,1.0,0.5,7652,
3749,160768,-5.5,0.0,1.96,1,0.0,0.0,0.5,7652,
3750,160768,8.1,1.0,2.86,1,0.0,0.0,0.5,7652,
3751,160832,-5.7,0.0,2.04,1,0.0,0.0,0.5,7655,
3752,160832,-5.0,0.0,0.0,0,,,0.5,7655,
3753,160832,-0.8,0.0,10.0,1,0.0,0.0,0.5,7655,
3754,161088,-4.7,0.0,2.04,1,0.0,0.0,0.5,7661,
3755,161088,-4.0,0.0,0.0,0,,,0.5,7661,
3756,161088,-5.0,0.0,0.0,0,,,0.5,7661,
3757,161088,-4.6,0.0,2.63,1,0.0,0.0,0.5,7661,
3758,161216,-5.0,0.0,0.0,0,,,0.5,7662,
3759,161280,-5.0,0.0,0.0,0,,,0.5,7665,
3760,161280,-5.0,0.0,0.0,0,,,0.5,7665,
3761,161344,-5.0,0.0,0.0,0,,,0.5,7666,
3762,161408,-3.9,0.0,3.23,1,0.0,0.0,0.5,7668,
3763,161472,-6.0,0.0,3.92,2,0.0,0.5,0.5,7669,
3764,161536,-5.0,0.0,0.0,0,,,0.5,7669,
3765,161536,-5.0,0.0,0.0,0,,,0.5,7669,
3766,161600,-5.0,0.0,0.0,0,,,0.5,7670,
3767,161728,-4.2,0.0,5.13,2,0.0,0.5,0.5,7672,
3768,161728,-5.5,0.0,1.96,1,0.0,0.0,0.5,7672,
3769,161856,10.2,1.0,0.0,0,,,0.5,7675,
3770,161856,-3.6,0.0,8.7,2,0.0,0.5,0.5,7675,
3771,161984,-5.0,0.0,0.0,0,,,0.5,7677,
3772,161984,-5.5,0.0,1.96,1,0.0,0.0,0.5,7677,
3773,162048,-4.0,0.0,0.0,0,,,0.5,7679,
3774,162112,-5.5,0.0,1.96,1,0.0,1.0,0.5,7680,
3775,162112,-5.5,0.0,1.96,1,0.0,1.0,0.5,7680,
3776,162176,-4.7,0.0,5.88,2,0.0,0.0,0.5,7684,
3777,162176,-5.0,0.0,0.0,0,,,0.5,7684,
3778,162240,-5.5,0.0,1.96,1,0.0,0.0,0.5,7684,
3779,162240,8.7,1.0,3.45,1,0.0,1.0,0.5,7684,
3780,162304,-3.2,0.0,10.53,2,0.0,0.0,0.5,7685,
3781,162304,-5.5,0.0,1.96,1,0.0,0.0,0.5,7685,
3782,162304,8.6,1.0,8.0,2,0.0,0.5,0.5,7685,
3783,162432,-6.0,0.0,3.92,2,0.0,0.5,0.5,7686,
3784,162432,-5.0,0.0,0.0,0,,,0.5,7686,
3785,162496,-5.5,0.0,1.96,1,1.0,0.0,0.5,7686,
3786,162496,-5.0,0.0,0.0,0,,,0.5,7686,
3787,162560,-4.0,0.0,0.0,0,,,0.5,7687,
3788,162624,-5.0,0.0,0.0,0,,,0.5,7688,
3789,162624,-5.5,0.0,1.96,1,0.0,1.0,0.5,7688,
3790,162624,-6.0,0.0,3.92,2,0.0,0.5,0.5,7688,
3791,162688,-5.5,0.0,5.88,3,0.0,1.0,0.5,7690,
3792,162688,-5.2,0.0,2.27,1,0.0,0.0,0.5,7690,
3793,162752,-5.0,0.0,0.0,0,,,0.5,7691,
3794,162816,-5.0,0.0,0.0,0,,,0.5,7693,
3795,162816,-1.8,0.0,10.0,1,0.0,0.0,0.5,7693,
3796,162816,-5.0,0.0,0.0,0,,,0.5,7693,
3797,162816,-5.0,0.0,0.0,0,,,0.5,7693,
3798,162880,-5.0,0.0,0.0,0,,,0.5,7695,
3799,162880,-5.0,0.0,0.0,0,,,0.5,7695,
3800,162944,-4.0,0.0,0.0,0,,,0.5,7695,
3801,163008,-5.0,0.0,0.0,0,,,0.5,7697,
3802,163072,-5.0,0.0,5.41,2,0.0,0.5,0.5,7699,
3803,163136,10.6,1.0,0.0,0,,,0.5,7700,
3804,163136,-5.5,0.0,5.88,3,0.0,0.3333,0.5,7700,
3805,163200,-5.0,0.0,0.0,0,,,0.5,7701,
3806,163200,-2.6,0.0,5.56,1,0.0,0.0,0.5,7701,
3807,163264,-5.5,0.0,1.96,1,0.0,1.0,0.5,7701,
3808,163328,5.9,1.0,6.38,3,0.0,0.3333,0.5,7701,
3809,163328,-5.5,0.0,1.96,1,0.0,1.0,0.5,7701,
3810,163392,8.6,1.0,3.33,1,0.0,1.0,0.5,7703,
3811,163520,-5.0,0.0,0.0,0,,,0.5,7704,
3812,163584,-5.0,0.0,0.0,0,,,0.5,7705,
3813,163648,8.4,1.0,0.0,0,,,0.5,7705,
3814,163648,11.7,1.0,0.0,0,,,0.5,7705,
3815,163648,-4.5,0.0,1.96,1,0.0,0.0,0.5,7705,
3816,163840,-5.0,0.0,0.0,0,,,0.5,7707,
3817,163904,-5.0,0.0,0.0,0,,,0.5,7707,
3818,163904,10.2,1.0,0.0,0,,,0.5,7707,
3819,163968,-5.0,0.0,3.92,2,0.5,0.5,0.5,7709,
3820,163968,-5.0,0.0,0.0,0,,,0.5,7709,
3821,163968,-3.2,0.0,4.17,1,0.0,0.0,0.5,7709,
3822,163968,-3.5,0.0,3.7,1,0.0,0.0,0.5,7709,
3823,164032,-4.0,0.0,0.0,0,,,0.5,7710,
3824,164032,-5.0,0.0,0.0,0,,,0.5,7710,
3825,164096,-5.5,0.0,1.96,1,0.0,0.0,0.5,7712,
3826,164096,-6.0,0.0,3.92,2,0.0,0.5,0.5,7712,
3827,164096,-2.6,0.0,3.57,1,0.0,0.0,0.5,7712,
3828,164096,-4.0,0.0,0.0,0,,,0.5,7712,
3829,164224,-5.5,0.0,4.76,2,0.0,0.5,0.5,7716,
3830,164288,-4.5,0.0,2.13,1,0.0,0.0,0.5,7718,
3831,164288,-2.3,0.0,6.67,1,0.0,0.0,0.5,7718,
3832,164352,-5.5,0.0,1.96,1,0.0,1.0,0.5,7718,
3833,164352,-5.0,0.0,0.0,0,,,0.5,7718,
3834,164352,-5.5,0.0,5.88,3,0.0,1.0,0.5,7718,
3835,164416,-4.4,0.0,2.78,1,0.0,0.0,0.5,7720,
3836,164480,-5.0,0.0,0.0,0,,,0.5,7722,
3837,164480,-2.4,0.0,3.85,1,0.0,0.0,0.5,7722,
3838,164608,-5.0,0.0,0.0,0,,,0.5,7722,
3839,164672,-5.0,0.0,0.0,0,,,0.5,7722,
3840,164736,-2.4,0.0,3.85,1,0.0,0.0,0.5,7724,
3841,164800,-5.0,0.0,0.0,0,,,0.5,7725,
3842,164864,-5.5,0.0,1.96,1,0.0,1.0,0.5,7726,
3843,164928,-3.6,0.0,3.57,1,0.0,0.0,0.5,7727,
3844,164992,-5.0,0.0,0.0,0,,,0.5,7727,
3845,164992,-5.5,0.0,1.96,1,0.0,0.0,0.5,7727,
3846,165056,-3.3,0.0,2.86,1,0.0,0.0,0.5,7730,
3847,165056,-2.0,0.0,8.33,1,0.0,0.0,0.5,7730,
3848,165120,-5.0,0.0,0.0,0,,,0.5,7732,
3849,165120,-2.7,0.0,5.26,1,0.0,0.0,0.5,7732,
3850,165120,-5.0,0.0,0.0,0,,,0.5,7732,
3851,165120,-4.2,0.0,2.94,1,0.0,0.0,0.5,7732,
3852,165184,10.7,1.0,11.11,1,0.0,1.0,0.5,7733,
3853,165248,-5.5,0.0,1.96,1,0.0,0.0,0.5,7735,
3854,165248,-5.5,0.0,1.96,1,0.0,0.0,0.5,7735,
3855,165376,-5.2,0.0,2.27,1,0.0,0.0,0.5,7738,
3856,165376,-6.5,0.0,9.8,5,0.0,0.6,0.5,7738,
3857,165376,-3.1,0.0,4.35,1,0.0,0.0,0.5,7738,
3858,165504,-4.5,0.0,1.96,1,0.0,0.0,0.5,7739,
3859,165568,-4.0,0.0,0.0,0,,,0.5,7739,
3860,165568,-5.0,0.0,0.0,0,,,0.5,7739,
3861,165696,-5.0,0.0,0.0,0,,,0.5,7741,
3862,165760,-5.0,0.0,0.0,0,,,0.5,7743,
3863,165760,-5.5,0.0,1.96,1,0.0,0.0,0.5,7743,
3864,165888,-5.0,0.0,0.0,0,,,0.5,7745,
3865,165888,-6.0,0.0,7.84,4,0.0,0.5,0.5,7745,
3866,165888,-1.5,0.0,5.88,1,0.0,0.0,0.5,7745,
3867,165888,-6.0,0.0,3.92,2,0.0,1.0,0.5,7745,
3868,165952,-5.5,0.0,1.96,1,0.0,1.0,0.5,7746,
3869,165952,-1.4,0.0,16.67,1,0.0,0.0,0.5,7746,
3870,166016,-5.0,0.0,0.0,0,,,0.5,7747,
3871,166080,-5.0,0.0,0.0,0,,,0.5,7747,
3872,166080,-5.0,0.0,0.0,0,,,0.5,7747,
3873,166144,-5.0,0.0,0.0,0,,,0.5,7747,
3874,166144,-5.0,0.0,0.0,0,,,0.5,7747,
3875,166208,-4.3,0.0,2.86,1,0.0,0.0,0.5,7751,
3876,166208,-2.5,0.0,5.88,1,0.0,0.0,0.5,7751,
3877,166272,-5.0,0.0,0.0,0,,,0.5,7754,
3878,166272,-3.7,0.0,3.45,1,0.0,0.0,0.5,7754,
3879,166400,-4.5,0.0,1.96,1,0.0,0.0,0.5,7758,
3880,166400,9.6,1.0,5.0,1,0.0,1.0,0.5,7758,
3881,166464,-4.5,0.0,1.96,1,0.0,1.0,0.5,7758,
3882,166464,10.7,1.0,0.0,0,,,0.5,7758,
3883,166464,-5.0,0.0,0.0,0,,,0.5,7758,
3884,166528,-5.0,0.0,0.0,0,,,0.5,7759,
3885,166592,-6.0,0.0,3.92,2,0.0,1.0,0.5,7759,
3886,166592,10.2,1.0,0.0,0,,,0.5,7759,
3887,166656,-2.0,0.0,8.33,1,0.0,0.0,0.5,7760,
3888,166784,9.0,1.0,3.85,1,1.0,1.0,0.5,7761,
3889,166784,-4.0,0.0,0.0,0,,,0.5,7761,
3890,166848,-5.5,0.0,1.96,1,0.0,1.0,0.5,7761,
3891,166912,-5.4,0.0,2.17,1,0.0,0.0,0.5,7764,
3892,166912,-3.2,0.0,4.17,1,0.0,0.0,0.5,7764,
3893,166912,7.1,1.0,5.0,2,0.5,0.5,0.5,7764,
3894,166912,-4.0,0.0,0.0,0,,,0.5,7764,
3895,166912,-5.5,0.0,1.96,1,0.0,0.0,0.5,7764,
3896,166912,-4.5,0.0,1.96,1,1.0,0.0,0.5,7764,
3897,166976,8.4,1.0,7.41,2,0.0,0.5,0.5,7765,
3898,167104,-5.5,0.0,1.96,1,0.0,0.0,0.5,7768,
3899,167232,-5.0,0.0,3.92,2,0.0,0.5,0.5,7769,
3900,167232,-5.0,0.0,0.0,0,,,0.5,7769,
3901,167296,-5.5,0.0,1.96,1,1.0,0.0,0.5,7771,
3902,167296,-5.0,0.0,0.0,0,,,0.5,7771,
3903,167360,10.9,1.0,0.0,0,,,0.5,7772,
3904,167360,-5.0,0.0,0.0,0,,,0.5,7772,
3905,167360,-5.0,0.0,0.0,0,,,0.5,7772,
3906,167360,-5.0,0.0,0.0,0,,,0.5,7772,
3907,167360,-5.0,0.0,0.0,0,,,0.5,7772,
3908,167488,-5.5,0.0,1.96,1,0.0,1.0,0.5,7774,
3909,167552,-5.0,0.0,0.0,0,,,0.5,7775,
3910,167616,-5.0,0.0,0.0,0,,,0.5,7776,
3911,167616,-5.5,0.0,5.88,3,0.0,1.0,0.5,7776,
3912,167744,-4.5,0.0,2.13,1,0.0,0.0,0.5,7778,
3913,167744,-5.0,0.0,0.0,0,,,0.5,7778,
3914,167744,-5.0,0.0,0.0,0,,,0.5,7778,
3915,167872,-3.7,0.0,2.56,1,0.0,0.0,0.5,7779,
3916,167936,-5.5,0.0,1.96,1,1.0,0.0,0.5,7779,
3917,168128,-5.7,0.0,2.04,1,0.0,0.0,0.5,7780,
3918,168128,-5.0,0.0,0.0,0,,,0.5,7780,
3919,168192,-2.5,0.0,3.7,1,0.0,0.0,0.5,7781,
3920,168192,-5.0,0.0,3.92,2,0.0,0.5,0.5,7781,
3921,168256,-4.0,0.0,0.0,0,,,0.5,7782,
3922,168320,-5.0,0.0,0.0,0,,,0.5,7783,
3923,168320,-5.0,0.0,0.0,0,,,0.5,7783,
3924,168320,-3.0,0.0,4.55,1,0.0,0.0,0.5,7783,
3925,168384,-5.0,0.0,0.0,0,,,0.5,7784,
3926,168448,-5.0,0.0,0.0,0,,,0.5,7784,
3927,168512,-4.5,0.0,1.96,1,0.0,0.0,0.5,7784,
3928,168768,-5.0,0.0,0.0,0,,,0.5,7787,
3929,168960,-5.0,0.0,0.0,0,,,0.5,7790,
3930,169024,-5.0,0.0,0.0,0,,,0.5,7791,
3931,169024,-5.5,0.0,1.96,1,1.0,0.0,0.5,7791,
3932,169088,-4.2,0.0,2.94,1,0.0,0.0,0.5,7793,
3933,169152,-4.0,0.0,0.0,0,,,0.5,7794,
3934,169152,-5.5,0.0,1.96,1,0.0,1.0,0.5,7794,
3935,169152,-5.5,0.0,1.96,1,0.0,0.0,0.5,7794,
3936,169216,-5.5,0.0,5.88,3,0.3333,0.3333,0.5,7795,
3937,169216,-1.5,0.0,14.29,1,0.0,0.0,0.5,7795,
3938,169216,-5.0,0.0,0.0,0,,,0.5,7795,
3939,169280,-3.6,0.0,3.57,1,0.0,0.0,0.5,7796,
3940,169280,-5.5,0.0,1.96,1,0.0,0.0,0.5,7796,
3941,169344,-4.5,0.0,1.96,1,0.0,1.0,0.5,7798,
3942,169344,-5.0,0.0,0.0,0,,,0.5,7798,
3943,169408,-4.5,0.0,1.96,1,0.0,0.0,0.5,7800,
3944,169408,-6.0,0.0,3.92,2,0.0,0.5,0.5,7800,
3945,169408,-5.4,0.0,2.17,1,0.0,0.0,0.5,7800,
3946,169472,-5.0,0.0,0.0,0,,,0.5,7802,
3947,169472,-2.7,0.0,3.45,1,0.0,0.0,0.5,7802,
3948,169472,-5.0,0.0,0.0,0,,,0.5,7802,
3949,169536,-5.0,0.0,0.0,0,,,0.5,7803,
3950,169536,-5.5,0.0,1.96,1,0.0,0.0,0.5,7803,
3951,169536,-3.8,0.0,3.33,1,0.0,0.0,0.5,7803,
3952,169664,-5.0,0.0,0.0,0,,,0.5,7805,
3953,169664,-5.0,0.0,3.92,2,0.5,0.0,0.5,7805,
3954,169728,-5.0,0.0,0.0,0,,,0.5,7806,
3955,169792,-5.5,0.0,1.96,1,0.0,0.0,0.5,7810,
3956,169792,-0.9,0.0,9.09,1,0.0,0.0,0.5,7810,
3957,169856,-5.0,0.0,0.0,0,,,0.5,7812,
3958,169856,-4.3,0.0,6.67,2,0.5,0.5,0.5,7812,
3959,169920,-5.5,0.0,1.96,1,0.0,1.0,0.5,7813,
3960,170048,-4.0,0.0,0.0,0,,,0.5,7817,
3961,170048,-5.5,0.0,1.96,1,0.0,0.0,0.5,7817,
3962,170112,-6.5,0.0,5.88,3,0.0,0.3333,0.5,7818,
3963,170176,-5.0,0.0,0.0,0,,,0.5,7819,
3964,170176,-6.0,0.0,3.92,2,0.0,0.5,0.5,7819,
3965,170176,-3.6,0.0,2.63,1,0.0,0.0,0.5,7819,
3966,170176,-4.0,0.0,0.0,0,,,0.5,7819,
3967,170176,-4.5,0.0,1.96,1,0.0,1.0,0.5,7819,
3968,170240,-6.0,0.0,3.92,2,0.0,0.0,0.5,7820,
3969,170368,-5.0,0.0,0.0,0,,,0.5,7821,
3970,170432,9.9,1.0,5.88,1,0.0,1.0,0.5,7824,
3971,170496,-5.5,0.0,5.88,3,0.0,0.6667,0.5,7826,
3972,170496,-5.5,0.0,1.96,1,0.0,1.0,0.5,7826,
3973,170560,-4.0,0.0,0.0,0,,,0.5,7826,
3974,170560,-5.0,0.0,0.0,0,,,0.5,7826,
3975,170624,-5.0,0.0,0.0,0,,,0.5,7827,
3976,170624,-5.0,0.0,0.0,0,,,0.5,7827,
3977,170624,-5.0,0.0,0.0,0,,,0.5,7827,
3978,170624,-5.5,0.0,1.96,1,0.0,1.0,0.5,7827,
3979,170624,-5.0,0.0,0.0,0,,,0.5,7827,
3980,170816,-5.0,0.0,0.0,0,,,0.5,7831,
3981,170880,-2.2,0.0,4.17,1,0.0,0.0,0.5,7833,
3982,170880,-2.0,0.0,4.55,1,0.0,0.0,0.5,7833,
3983,170944,-3.6,0.0,3.57,1,0.0,0.0,0.5,7835,
3984,171008,-5.5,0.0,1.96,1,0.0,1.0,0.5,7837,
3985,171008,6.0,1.0,3.92,2,0.0,1.0,0.5,7837,
3986,171072,-1.6,0.0,12.5,1,0.0,0.0,0.5,7839,
3987,171136,-4.5,0.0,1.96,1,0.0,0.0,0.5,7839,
3988,171328,-4.2,0.0,2.94,1,0.0,0.0,0.5,7842,
3989,171328,-4.1,0.0,3.03,1,0.0,0.0,0.5,7842,
3990,171392,-5.0,0.0,3.92,2,0.0,0.5,0.5,7842,
3991,171392,-5.0,0.0,0.0,0,,,0.5,7842,
3992,171456,-4.0,0.0,0.0,0,,,0.5,7842,
3993,171456,-5.0,0.0,0.0,0,,,0.5,7842,
3994,171520,-5.5,0.0,1.96,1,0.0,1.0,0.5,7846,
3995,171520,-3.4,0.0,9.52,2,0.5,0.0,0.5,7846,
3996,171520,-4.3,0.0,2.86,1,0.0,0.0,0.5,7846,
3997,171584,-5.0,0.0,0.0,0,,,0.5,7848,
3998,171584,-5.5,0.0,1.96,1,1.0,0.0,0.5,7848,
3999,171584,-5.5,0.0,1.96,1,0.0,0.0,0.5,7848,
4000,171648,-3.1,0.0,4.35,1,0.0,0.0,0.5,7851,
4001,171648,-5.5,0.0,5.88,3,0.3333,0.3333,0.5,7851,
4002,171712,8.2,1.0,2.94,1,0.0,1.0,0.5,7851,
4003,171712,-5.0,0.0,0.0,0,,,0.5,7851,
4004,171776,-5.0,0.0,0.0,0,,,0.5,7853,
4005,171968,-5.1,0.0,2.33,1,0.0,0.0,0.5,7858,
4006,172160,-5.7,0.0,2.04,1,0.0,0.0,0.5,7863,
4007,172224,-4.5,0.0,1.96,1,0.0,1.0,0.5,7863,
4008,172288,-5.5,0.0,1.96,1,0.0,0.0,0.5,7865,
4009,172352,-3.4,0.0,6.45,2,0.0,0.0,0.5,7868,
4010,172416,-5.0,0.0,0.0,0,,,0.5,7869,
4011,172416,-2.1,0.0,7.69,1,0.0,0.0,0.5,7869,
4012,172480,-4.5,0.0,1.96,1,0.0,1.0,0.5,7871,
4013,172544,-5.0,0.0,0.0,0,,,0.5,7872,
4014,172672,7.7,1.0,2.56,1,0.0,0.0,0.5,7874,
4015,172672,-5.0,0.0,0.0,0,,,0.5,7874,
4016,172672,-1.6,0.0,5.56,1,0.0,0.0,0.5,7874,
4017,172672,-5.5,0.0,1.96,1,0.0,0.0,0.5,7874,
4018,172672,-5.5,0.0,1.96,1,0.0,1.0,0.5,7874,
4019,172736,-4.5,0.0,1.96,1,1.0,1.0,0.5,7878,
4020,172736,-2.9,0.0,4.76,1,0.0,0.0,0.5,7878,
4021,172736,-6.0,0.0,3.92,2,0.0,1.0,0.5,7878,
4022,172800,-5.0,0.0,0.0,0,,,0.5,7879,
4023,172800,-5.0,0.0,0.0,0,,,0.5,7879,
4024,172928,-5.0,0.0,3.92,2,0.0,0.0,0.5,7880,
4025,172928,-4.5,0.0,1.96,1,0.0,1.0,0.5,7880,
4026,172992,-5.0,0.0,0.0,0,,,0.5,7882,
4027,172992,-2.0,0.0,8.33,1,0.0,0.0,0.5,7882,
4028,173056,-5.5,0.0,1.96,1,1.0,0.0,0.5,7882,
4029,173056,-6.5,0.0,5.88,3,0.3333,0.0,0.5,7882,
4030,173120,-5.0,0.0,0.0,0,,,0.5,7882,
4031,173120,-5.5,0.0,1.96,1,0.0,1.0,0.5,7882,
4032,173184,-5.5,0.0,1.96,1,1.0,1.0,0.5,7882,
4033,173312,-6.5,0.0,5.88,3,0.3333,0.3333,0.5,7883,
4034,173312,-6.5,0.0,5.88,3,0.3333,0.3333,0.5,7883,
4035,173376,9.4,1.0,11.76,2,0.0,1.0,0.5,7884,
4036,173376,-5.5,0.0,1.96,1,0.0,0.0,0.5,7884,
4037,173376,-3.5,0.0,3.7,1,0.0,0.0,0.5,7884,
4038,173440,-5.0,0.0,0.0,0,,,0.5,7885,
4039,173440,-2.0,0.0,8.33,1,0.0,0.0,0.5,7885,
4040,173440,-5.0,0.0,0.0,0,,,0.5,7885,
4041,173504,-5.0,0.0,0.0,0,,,0.5,7885,
4042,173568,10.3,1.0,0.0,0,,,0.5,7887,
4043,173568,-6.0,0.0,15.62,5,0.2,0.4,0.5,7887,
4044,173696,-5.0,0.0,0.0,0,,,0.5,7888,
4045,173760,-4.0,0.0,0.0,0,,,0.5,7890,
4046,173760,-5.0,0.0,0.0,0,,,0.5,7890,
4047,173824,-5.5,0.0,1.96,1,0.0,0.0,0.5,7892,
4048,173888,-5.0,0.0,0.0,0,,,0.5,7894,
4049,173888,-1.6,0.0,12.5,1,0.0,0.0,0.5,7894,
4050,173888,-5.0,0.0,0.0,0,,,0.5,7894,
4051,173888,-5.5,0.0,5.88,3,0.0,0.3333,0.5,7894,
4052,173888,-6.0,0.0,3.92,2,0.0,0.5,0.5,7894,
4053,173888,-5.5,0.0,1.96,1,0.0,1.0,0.5,7894,
4054,174080,-1.9,0.0,4.76,1,0.0,0.0,0.5,7896,
4055,174080,-5.0,0.0,0.0,0,,,0.5,7896,
4056,174144,-5.0,0.0,0.0,0,,,0.5,7896,
4057,174144,-4.0,0.0,0.0,0,,,0.5,7896,
4058,174208,-5.0,0.0,0.0,0,,,0.5,7896,
4059,174272,-5.0,0.0,0.0,0,,,0.5,7897,
4060,174272,-5.5,0.0,1.96,1,0.0,1.0,0.5,7897,
4061,174336,-5.0,0.0,0.0,0,,,0.5,7898,
4062,174400,-5.0,0.0,0.0,0,,,0.5,7898,
4063,174464,8.8,1.0,3.57,1,0.0,1.0,0.5,7899,
4064,174464,-5.0,0.0,4.26,2,0.5,0.0,0.5,7899,
4065,174592,-5.0,0.0,0.0,0,,,0.5,7901,
4066,174592,-6.0,0.0,7.84,4,0.25,0.25,0.5,7901,
4067,174656,-5.0,0.0,0.0,0,,,0.5,7902,
4068,174720,-5.0,0.0,0.0,0,,,0.5,7902,
4069,174784,9.9,1.0,0.0,0,,,0.5,7903,
4070,174784,-5.7,0.0,2.04,1,0.0,0.0,0.5,7903,
4071,174784,-5.0,0.0,0.0,0,,,0.5,7903,
4072,174848,-4.0,0.0,0.0,0,,,0.5,7904,
4073,174848,-5.0,0.0,0.0,0,,,0.5,7904,
4074,174976,-4.0,0.0,3.12,1,0.0,0.0,0.5,7906,
4075,174976,-5.5,0.0,1.96,1,0.0,0.0,0.5,7906,
4076,174976,-4.5,0.0,1.96,1,0.0,0.0,0.5,7906,
4077,175040,-4.5,0.0,1.96,1,0.0,0.0,0.5,7906,
4078,175232,-1.5,0.0,16.67,2,0.0,0.5,0.5,7910,
4079,175232,-5.0,0.0,0.0,0,,,0.5,7910,
4080,175296,-4.8,0.0,2.5,1,0.0,0.0,0.5,7911,
4081,175424,-5.0,0.0,0.0,0,,,0.5,7912,
4082,175616,-4.9,0.0,2.44,1,0.0,0.0,0.5,7915,
4083,175616,-5.0,0.0,0.0,0,,,0.5,7915,
4084,175680,-4.5,0.0,1.96,1,0.0,1.0,0.5,7916,
4085,175744,-6.0,0.0,3.92,2,0.0,0.0,0.5,7916,
4086,175808,-4.5,0.0,1.96,1,1.0,0.0,0.5,7917,
4087,175936,-4.0,0.0,0.0,0,,,0.5,7919,
4088,175936,-5.0,0.0,0.0,0,,,0.5,7919,
4089,175936,-4.0,0.0,0.0,0,,,0.5,7919,
4090,176000,-4.8,0.0,2.0,1,0.0,0.0,0.5,7921,
4091,176000,-5.0,0.0,0.0,0,,,0.5,7921,
4092,176064,-4.0,0.0,0.0,0,,,0.5,7922,
4093,176064,11.5,1.0,0.0,0,,,0.5,7922,
4094,176192,-5.0,0.0,0.0,0,,,0.5,7923,
4095,176256,-5.5,0.0,1.96,1,0.0,0.0,0.5,7923,
4096,176320,-4.5,0.0,1.96,1,0.0,1.0,0.5,7925,
4097,176320,-5.0,0.0,0.0,0,,,0.5,7925,
4098,176384,-6.0,0.0,3.92,2,0.0,0.5,0.5,7926,
4099,176384,-5.0,0.0,0.0,0,,,0.5,7926,
4100,176448,-5.0,0.0,0.0,0,,,0.5,7926,
4101,176512,-4.6,0.0,6.06,2,0.0,0.0,0.5,7928,
4102,176576,-4.0,0.0,0.0,0,,,0.5,7929,
4103,176576,-4.0,0.0,0.0,0,,,0.5,7929,
4104,176640,-4.5,0.0,1.96,1,0.0,1.0,0.5,7930,
4105,176704,-4.0,0.0,0.0,0,,,0.5,7931,
4106,176704,-4.0,0.0,0.0,0,,,0.5,7931,
4107,176704,-4.0,0.0,0.0,0,,,0.5,7931,
4108,176768,-4.5,0.0,1.96,1,1.0,0.0,0.5,7931,
4109,176832,-4.2,0.0,6.9,2,0.5,0.5,0.5,7935,
4110,176832,-5.0,0.0,0.0,0,,,0.5,7935,
4111,176832,-4.5,0.0,1.96,1,0.0,1.0,0.5,7935,
4112,176832,-3.0,0.0,3.12,1,0.0,0.0,0.5,7935,
4113,176960,-5.0,0.0,0.0,0,,,0.5,7938,
4114,177024,-5.0,0.0,0.0,0,,,0.5,7939,
4115,177024,-5.0,0.0,0.0,0,,,0.5,7939,
4116,177088,-4.5,0.0,1.96,1,0.0,1.0,0.5,7941,
4117,177088,-6.0,0.0,10.81,4,0.0,0.25,0.5,7941,
4118,177152,-5.0,0.0,0.0,0,,,0.5,7942,
4119,177152,-5.0,0.0,0.0,0,,,0.5,7942,
4120,177152,-5.0,0.0,0.0,0,,,0.5,7942,
4121,177152,-5.5,0.0,1.96,1,0.0,0.0,0.5,7942,
4122,177152,-5.0,0.0,0.0,0,,,0.5,7942,
4123,177152,-5.0,0.0,0.0,0,,,0.5,7942,
4124,177216,-6.0,0.0,4.26,2,0.0,0.0,0.5,7943,
4125,177344,-5.0,0.0,0.0,0,,,0.5,7945,
4126,177344,-5.0,0.0,0.0,0,,,0.5,7945,
4127,177408,-5.0,0.0,0.0,0,,,0.5,7945,
4128,177408,-4.0,0.0,0.0,0,,,0.5,7945,
4129,177536,-5.0,0.0,0.0,0,,,0.5,7945,
4130,177536,-5.0,0.0,0.0,0,,,0.5,7945,
4131,177600,-5.0,0.0,3.92,2,0.0,1.0,0.5,7948,
4132,177728,9.3,1.0,0.0,0,,,0.5,7948,
4133,177728,-6.0,0.0,3.92,2,0.0,1.0,0.5,7948,
4134,177856,-4.5,0.0,1.96,1,0.0,1.0,0.5,7950,
4135,177856,-6.0,0.0,3.92,2,0.0,0.5,0.5,7950,
4136,177920,-5.0,0.0,0.0,0,,,0.5,7953,
4137,178048,-5.0,0.0,0.0,0,,,0.5,7953,
4138,178048,-5.0,0.0,3.92,2,0.5,0.5,0.5,7953,
4139,178112,7.8,1.0,6.06,2,0.0,1.0,0.5,7953,
4140,178112,-5.0,0.0,0.0,0,,,0.5,7953,
4141,178112,-5.5,0.0,1.96,1,0.0,1.0,0.5,7953,
4142,178240,-5.0,0.0,0.0,0,,,0.5,7954,
4143,178240,-5.0,0.0,0.0,0,,,0.5,7954,
4144,178304,-5.5,0.0,2.13,1,0.0,0.0,0.5,7955,
4145,178304,-5.0,0.0,0.0,0,,,0.5,7955,
4146,178368,9.5,1.0,0.0,0,,,0.5,7955,
4147,178496,-4.5,0.0,1.96,1,0.0,0.0,0.5,7955,
4148,178496,-6.0,0.0,3.92,2,0.0,0.5,0.5,7955,
4149,178624,7.4,1.0,0.0,0,,,0.5,7958,
4150,178624,-3.6,0.0,3.57,1,0.0,0.0,0.5,7958,
4151,178688,-5.0,0.0,0.0,0,,,0.5,7958,
4152,178880,-4.0,0.0,0.0,0,,,0.5,7963,
4153,179008,-5.0,0.0,0.0,0,,,0.5,7965,
4154,179072,8.8,1.0,0.0,0,,,0.5,7965,
4155,179072,-5.0,0.0,0.0,0,,,0.5,7965,
4156,179200,-4.0,0.0,0.0,0,,,0.5,7966,
4157,179200,10.6,1.0,0.0,0,,,0.5,7966,
4158,179200,-5.5,0.0,1.96,1,0.0,0.0,0.5,7966,
4159,179264,-5.5,0.0,1.96,1,0.0,0.0,0.5,7966,
4160,179328,-7.0,0.0,7.84,4,0.0,0.5,0.5,7968,
4161,179328,-4.5,0.0,1.96,1,0.0,1.0,0.5,7968,
4162,179456,-5.0,0.0,0.0,0,,,0.5,7970,
4163,179520,-4.0,0.0,0.0,0,,,0.5,7971,
4164,179584,-5.0,0.0,0.0,0,,,0.5,7973,
4165,179584,-4.5,0.0,1.96,1,0.0,0.0,0.5,7973,
4166,179648,-5.5,0.0,1.96,1,0.0,0.0,0.5,7973,
4167,179648,-5.0,0.0,0.0,0,,,0.5,7973,
4168,179712,-6.0,0.0,3.92,2,0.0,0.5,0.5,7973,
4169,179776,-5.5,0.0,1.96,1,1.0,0.0,0.5,7975,
4170,179840,-4.5,0.0,1.96,1,0.0,0.0,0.5,7975,
4171,179840,-5.0,0.0,0.0,0,,,0.5,7975,
4172,179904,-5.5,0.0,5.88,3,0.3333,0.3333,0.5,7975,
4173,179904,11.4,1.0,0.0,0,,,0.5,7975,
4174,179968,-4.0,0.0,0.0,0,,,0.5,7976,
4175,179968,-5.0,0.0,0.0,0,,,0.5,7976,
4176,180032,-5.9,0.0,1.96,1,0.0,0.0,0.5,7977,
4177,180096,-6.5,0.0,5.88,3,0.0,0.3333,0.5,7978,
4178,180096,-5.5,0.0,1.96,1,0.0,0.0,0.5,7978,
4179,180096,-5.4,0.0,2.17,1,0.0,0.0,0.5,7978,
4180,180096,-5.0,0.0,0.0,0,,,0.5,7978,
4181,180160,-2.3,0.0,6.67,1,0.0,0.0,0.5,7981,
4182,180160,-1.7,0.0,11.11,1,0.0,0.0,0.5,7981,
4183,180224,-1.4,0.0,16.67,1,0.0,0.0,0.5,7982,
4184,180224,10.7,1.0,0.0,0,,,0.5,7982,
4185,180288,-5.5,0.0,1.96,1,0.0,1.0,0.5,7983,
4186,180288,-1.8,0.0,5.0,1,0.0,0.0,0.5,7983,
4187,180288,-4.0,0.0,0.0,0,,,0.5,7983,
4188,180352,-5.0,0.0,0.0,0,,,0.5,7984,
4189,180352,-6.0,0.0,3.92,2,0.0,0.0,0.5,7984,
4190,180416,-4.0,0.0,0.0,0,,,0.5,7984,
4191,180416,-5.0,0.0,0.0,0,,,0.5,7984,
4192,180416,11.2,1.0,0.0,0,,,0.5,7984,
4193,180416,-5.5,0.0,1.96,1,0.0,0.0,0.5,7984,
4194,180416,-5.0,0.0,0.0,0,,,0.5,7984,
4195,180416,-5.5,0.0,1.96,1,0.0,0.0,0.5,7984,
4196,180480,-5.0,0.0,0.0,0,,,0.5,7984,
4197,180608,-5.0,0.0,0.0,0,,,0.5,7985,
4198,180608,-5.0,0.0,0.0,0,,,0.5,7985,
4199,180672,-5.0,0.0,0.0,0,,,0.5,7987,
4200,180672,-5.0,0.0,0.0,0,,,0.5,7987,
4201,180672,11.1,1.0,0.0,0,,,0.5,7987,
4202,180800,-5.0,0.0,0.0,0,,,0.5,7990,
4203,180800,-5.0,0.0,0.0,0,,,0.5,7990,
4204,180864,-5.5,0.0,1.96,1,0.0,0.0,0.5,7990,
4205,180992,-5.5,0.0,1.96,1,0.0,1.0,0.5,7990,
4206,180992,-4.0,0.0,0.0,0,,,0.5,7990,
4207,181120,-4.0,0.0,0.0,0,,,0.5,7991,
4208,181120,-5.0,0.0,0.0,0,,,0.5,7991,
4209,181120,-5.2,0.0,2.27,1,0.0,0.0,0.5,7991,
4210,181184,-6.0,0.0,3.92,2,0.0,1.0,0.5,7992,
4211,181248,-6.2,0.0,4.08,2,0.5,0.0,0.5,7994,
4212,181248,-4.4,0.0,2.17,1,0.0,0.0,0.5,7994,
4213,181312,-5.0,0.0,0.0,0,,,0.5,7995,
4214,181312,-5.0,0.0,0.0,0,,,0.5,7995,
4215,181376,-2.7,0.0,5.26,1,0.0,0.0,0.5,7996,
4216,181376,-5.0,0.0,0.0,0,,,0.5,7996,
4217,181376,-5.5,0.0,1.96,1,0.0,0.0,0.5,7996,
4218,181504,9.9,1.0,5.88,1,1.0,1.0,0.5,7997,
4219,181504,-5.0,0.0,3.92,2,0.0,0.5,0.5,7997,
4220,181568,-2.6,0.0,5.56,1,0.0,0.0,0.5,8000,
4221,181632,-6.0,0.0,3.92,2,0.0,0.5,0.5,8001,
4222,181760,-5.0,0.0,0.0,0,,,0.5,8003,
4223,181760,-4.0,0.0,0.0,0,,,0.5,8003,
4224,181760,-5.7,0.0,2.04,1,0.0,0.0,0.5,8003,
4225,181760,-5.0,0.0,2.38,1,0.0,0.0,0.5,8003,
4226,181824,7.1,1.0,5.0,2,0.0,0.5,0.5,8003,
4227,181888,-5.2,0.0,2.27,1,0.0,0.0,0.5,8005,
4228,181888,-5.0,0.0,0.0,0,,,0.5,8005,
4229,181952,-5.0,0.0,0.0,0,,,0.5,8008,
4230,182016,-4.0,0.0,3.12,1,0.0,0.0,0.5,8009,
4231,182080,-3.4,0.0,3.85,1,0.0,0.0,0.5,8012,
4232,182144,-3.2,0.0,4.17,1,0.0,0.0,0.5,8014,
4233,182144,-5.0,0.0,0.0,0,,,0.5,8014,
4234,182208,-4.0,0.0,2.38,1,0.0,0.0,0.5,8015,
4235,182208,11.0,1.0,0.0,0,,,0.5,8015,
4236,182336,-3.9,0.0,2.44,1,0.0,0.0,0.5,8018,
4237,182400,7.8,1.0,2.63,1,0.0,1.0,0.5,8020,
4238,182464,-5.0,0.0,0.0,0,,,0.5,8021,
4239,182464,-4.8,0.0,2.5,1,0.0,0.0,0.5,8021,
4240,182464,-5.0,0.0,0.0,0,,,0.5,8021,
4241,182592,-5.5,0.0,1.96,1,0.0,0.0,0.5,8023,
4242,182784,-2.4,0.0,6.25,1,0.0,0.0,0.5,8028,
4243,182784,-4.2,0.0,5.13,2,0.0,0.5,0.5,8028,
4244,182784,-4.0,0.0,2.38,1,0.0,0.0,0.5,8028,
4245,182784,-3.7,0.0,8.33,2,0.0,0.0,0.5,8028,
4246,182848,-5.5,0.0,1.96,1,0.0,1.0,0.5,8030,
4247,182848,-1.9,0.0,9.09,1,0.0,0.0,0.5,8030,
4248,182912,-5.0,0.0,3.92,2,0.0,0.0,0.5,8031,
4249,182912,-5.0,0.0,0.0,0,,,0.5,8031,
4250,183040,-5.0,0.0,0.0,0,,,0.5,8032,
4251,183168,-5.4,0.0,2.17,1,0.0,0.0,0.5,8033,
4252,183168,-4.5,0.0,1.96,1,0.0,0.0,0.5,8033,
4253,183168,9.7,1.0,0.0,0,,,0.5,8033,
4254,183232,-3.6,0.0,6.06,2,0.5,0.0,0.5,8035,
4255,183296,-5.7,0.0,2.04,1,0.0,0.0,0.5,8037,
4256,183360,-5.0,0.0,0.0,0,,,0.5,8038,
4257,183360,-5.0,0.0,0.0,0,,,0.5,8038,
4258,183360,-5.0,0.0,0.0,0,,,0.5,8038,
4259,183360,-4.6,0.0,10.71,3,0.0,0.0,0.5,8038,
4260,183488,-5.5,0.0,1.96,1,0.0,0.0,0.5,8042,
4261,183552,7.3,1.0,2.33,1,0.0,1.0,0.5,8045,
4262,183552,-2.9,0.0,7.69,2,0.0,0.5,0.5,8045,
4263,183552,-5.0,0.0,0.0,0,,,0.5,8045,
4264,183552,-5.5,0.0,5.88,3,0.0,0.3333,0.5,8045,
4265,183616,-6.0,0.0,3.92,2,0.0,0.0,0.5,8046,
4266,183616,-5.0,0.0,0.0,0,,,0.5,8046,
4267,183680,-4.5,0.0,1.96,1,0.0,1.0,0.5,8047,
4268,183680,-5.0,0.0,0.0,0,,,0.5,8047,
4269,183680,-3.4,0.0,3.85,1,0.0,0.0,0.5,8047,
4270,183680,-4.0,0.0,0.0,0,,,0.5,8047,
4271,183744,-4.5,0.0,1.96,1,0.0,1.0,0.5,8047,
4272,183872,-4.0,0.0,0.0,0,,,0.5,8048,
4273,183936,-5.0,0.0,0.0,0,,,0.5,8048,
4274,183936,-4.5,0.0,1.96,1,0.0,1.0,0.5,8048,
4275,183936,-5.5,0.0,5.88,3,0.3333,0.3333,0.5,8048,
4276,184064,-5.0,0.0,0.0,0,,,0.5,8050,
4277,184128,-4.0,0.0,0.0,0,,,0.5,8052,
4278,184192,-5.0,0.0,2.38,1,0.0,0.0,0.5,8053,
4279,184256,-5.0,0.0,0.0,0,,,0.5,8054,
4280,184256,-5.0,0.0,0.0,0,,,0.5,8054,
4281,184384,-4.5,0.0,1.96,1,0.0,0.0,0.5,8054,
4282,184384,-5.0,0.0,0.0,0,,,0.5,8054,
4283,184448,-5.5,0.0,1.96,1,0.0,0.0,0.5,8054,
4284,184512,-5.0,0.0,0.0,0,,,0.5,8055,
4285,184576,-5.0,0.0,0.0,0,,,0.5,8056,
4286,184576,-5.0,0.0,0.0,0,,,0.5,8056,
4287,184640,-5.0,0.0,0.0,0,,,0.5,8056,
4288,184640,-5.0,0.0,0.0,0,,,0.5,8056,
4289,184640,-5.0,0.0,0.0,0,,,0.5,8056,
4290,184704,-2.5,0.0,16.67,2,0.0,0.0,0.5,8057,
4291,184960,6.8,1.0,2.08,1,0.0,1.0,0.5,8063,
4292,185024,-4.3,0.0,2.86,1,0.0,0.0,0.5,8064,
4293,185024,-5.5,0.0,1.96,1,0.0,1.0,0.5,8064,
4294,185024,-5.5,0.0,1.96,1,0.0,0.0,0.5,8064,
4295,185024,-5.5,0.0,1.96,1,0.0,1.0,0.5,8064,
4296,185088,-3.8,0.0,8.0,2,0.0,0.5,0.5,8065,
4297,185088,-5.0,0.0,0.0,0,,,0.5,8065,
4298,185216,-4.0,0.0,0.0,0,,,0.5,8067,
4299,185344,-5.0,0.0,0.0,0,,,0.5,8067,
4300,185408,-4.0,0.0,0.0,0,,,0.5,8070,
4301,185472,-5.5,0.0,1.96,1,0.0,1.0,0.5,8070,
4302,185472,-6.0,0.0,7.84,4,0.0,0.75,0.5,8070,
4303,185600,-5.0,0.0,0.0,0,,,0.5,8072,
4304,185664,-5.0,0.0,0.0,0,,,0.5,8076,
4305,185664,-3.9,0.0,3.23,1,0.0,0.0,0.5,8076,
4306,185664,-3.8,0.0,3.33,1,0.0,0.0,0.5,8076,
4307,185728,-5.5,0.0,1.96,1,0.0,1.0,0.5,8076,
4308,185728,-6.0,0.0,3.92,2,0.5,0.5,0.5,8076,
4309,185728,-5.0,0.0,0.0,0,,,0.5,8076,
4310,185792,-2.7,0.0,5.26,1,0.0,0.0,0.5,8079,
4311,185856,-5.0,0.0,3.92,2,0.0,0.5,0.5,8080,
4312,185920,-3.8,0.0,2.5,1,0.0,0.0,0.5,8081,
4313,186048,-5.0,0.0,3.92,2,0.0,0.0,0.5,8081,
4314,186048,-5.5,0.0,1.96,1,0.0,1.0,0.5,8081,
4315,186048,-4.0,0.0,0.0,0,,,0.5,8081,
4316,186112,-5.5,0.0,1.96,1,0.0,1.0,0.5,8082,
4317,186112,-5.0,0.0,0.0,0,,,0.5,8082,
4318,186112,-4.0,0.0,3.12,1,0.0,0.0,0.5,8082,
4319,186176,-6.0,0.0,3.92,2,0.0,1.0,0.5,8083,
4320,186176,-5.0,0.0,0.0,0,,,0.5,8083,
4321,186304,-5.6,0.0,4.65,2,0.0,0.5,0.5,8086,
4322,186304,11.0,1.0,0.0,0,,,0.5,8086,
4323,186304,-5.0,0.0,0.0,0,,,0.5,8086,
4324,186368,-5.2,0.0,2.27,1,0.0,0.0,0.5,8088,
4325,186368,6.6,1.0,2.0,1,0.0,1.0,0.5,8088,
4326,186432,-5.0,0.0,0.0,0,,,0.5,8091,
4327,186432,-5.8,0.0,2.0,1,0.0,0.0,0.5,8091,
4328,186432,-4.0,0.0,0.0,0,,,0.5,8091,
4329,186432,10.6,1.0,0.0,0,,,0.5,8091,
4330,186560,-5.0,0.0,0.0,0,,,0.5,8092,
4331,186624,-5.0,0.0,0.0,0,,,0.5,8093,
4332,186624,-4.0,0.0,0.0,0,,,0.5,8093,
4333,186624,-5.0,0.0,3.92,2,0.0,0.0,0.5,8093,
4334,186816,-5.0,0.0,0.0,0,,,0.5,8094,
4335,186816,-5.0,0.0,0.0,0,,,0.5,8094,
4336,186880,-5.0,0.0,0.0,0,,,0.5,8094,
4337,186880,-4.0,0.0,0.0,0,,,0.5,8094,
4338,186944,-5.0,0.0,0.0,0,,,0.5,8094,
4339,186944,-5.0,0.0,0.0,0,,,0.5,8094,
4340,186944,-5.0,0.0,0.0,0,,,0.5,8094,
4341,187008,-4.5,0.0,2.7,1,0.0,0.0,0.5,8097,
4342,187136,-5.0,0.0,3.92,2,0.0,1.0,0.5,8097,
4343,187200,-5.0,0.0,0.0,0,,,0.5,8098,
4344,187200,-6.5,0.0,5.88,3,0.0,0.6667,0.5,8098,
4345,187328,-4.4,0.0,2.17,1,0.0,0.0,0.5,8100,
4346,187392,-5.0,0.0,0.0,0,,,0.5,8100,
4347,187456,-4.0,0.0,0.0,0,,,0.5,8100,
4348,187520,-2.2,0.0,7.14,1,0.0,0.0,0.5,8101,
4349,187520,-5.0,0.0,0.0,0,,,0.5,8101,
4350,187520,-5.0,0.0,0.0,0,,,0.5,8101,
4351,187648,-6.0,0.0,3.92,2,0.0,0.5,0.5,8101,
4352,187712,-5.0,0.0,0.0,0,,,0.5,8101,
4353,187776,-1.2,0.0,7.14,1,0.0,0.0,0.5,8102,
4354,187776,-5.0,0.0,0.0,0,,,0.5,8102,
4355,187840,-4.0,0.0,0.0,0,,,0.5,8103,
4356,187840,-3.9,0.0,7.69,2,0.5,0.5,0.5,8103,
4357,187904,-4.0,0.0,0.0,0,,,0.5,8104,
4358,187904,-5.0,0.0,3.92,2,0.0,1.0,0.5,8104,
4359,187968,-5.5,0.0,1.96,1,0.0,1.0,0.5,8104,
4360,188032,-4.5,0.0,2.7,1,0.0,0.0,0.5,8108,
4361,188224,-5.0,0.0,0.0,0,,,0.5,8113,
4362,188224,-2.3,0.0,4.0,1,0.0,0.0,0.5,8113,
4363,188288,-5.0,0.0,3.92,2,0.5,0.5,0.5,8114,
4364,188288,-5.5,0.0,1.96,1,0.0,1.0,0.5,8114,
4365,188288,-5.0,0.0,0.0,0,,,0.5,8114,
4366,188288,-4.7,0.0,5.88,2,0.0,0.0,0.5,8114,
4367,188288,-5.0,0.0,0.0,0,,,0.5,8114,
4368,188352,-4.0,0.0,0.0,0,,,0.5,8115,
4369,188352,-4.5,0.0,1.96,1,0.0,1.0,0.5,8115,
4370,188352,-3.9,0.0,5.56,2,0.0,0.5,0.5,8115,
4371,188480,-4.0,0.0,0.0,0,,,0.5,8115,
4372,188608,11.0,1.0,0.0,0,,,0.5,8115,
4373,188608,-4.5,0.0,1.96,1,0.0,0.0,0.5,8115,
4374,188672,-5.5,0.0,1.96,1,0.0,1.0,0.5,8115,
4375,188736,-3.2,0.0,10.53,2,0.5,0.0,0.5,8116,
4376,188736,-4.0,0.0,0.0,0,,,0.5,8116,
4377,188800,-4.0,0.0,2.38,1,0.0,0.0,0.5,8118,
4378,188800,-5.3,0.0,2.22,1,0.0,0.0,0.5,8118,
4379,188928,-5.0,0.0,0.0,0,,,0.5,8118,
4380,188928,-4.0,0.0,0.0,0,,,0.5,8118,
4381,188992,-5.4,0.0,2.17,1,0.0,0.0,0.5,8119,
4382,188992,-5.0,0.0,0.0,0,,,0.5,8119,
4383,188992,-5.0,0.0,0.0,0,,,0.5,8119,
4384,188992,-5.0,0.0,0.0,0,,,0.5,8119,
4385,189056,-5.0,0.0,0.0,0,,,0.5,8119,
4386,189120,-5.5,0.0,1.96,1,0.0,0.0,0.5,8119,
4387,189312,-4.0,0.0,0.0,0,,,0.5,8124,
4388,189376,-4.0,0.0,0.0,0,,,0.5,8124,
4389,189440,-5.5,0.0,1.96,1,0.0,1.0,0.5,8124,
4390,189568,-5.0,0.0,0.0,0,,,0.5,8125,
4391,189568,-5.5,0.0,4.76,2,0.0,0.0,0.5,8125,
4392,189568,-4.0,0.0,0.0,0,,,0.5,8125,
4393,189568,-5.0,0.0,0.0,0,,,0.5,8125,
4394,189632,-4.0,0.0,0.0,0,,,0.5,8126,
4395,189632,-5.0,0.0,0.0,0,,,0.5,8126,
4396,189696,-5.0,0.0,0.0,0,,,0.5,8127,
4397,189696,-5.0,0.0,0.0,0,,,0.5,8127,
4398,189696,-5.5,0.0,1.96,1,0.0,1.0,0.5,8127,
4399,189696,-5.0,0.0,0.0,0,,,0.5,8127,
4400,189824,-2.1,0.0,7.69,1,0.0,0.0,0.5,8132,
4401,189824,-5.5,0.0,1.96,1,0.0,1.0,0.5,8132,
4402,189888,-4.0,0.0,0.0,0,,,0.5,8132,
4403,190080,-4.5,0.0,1.96,1,0.0,1.0,0.5,8133,
4404,190080,-4.0,0.0,0.0,0,,,0.5,8133,
4405,190144,-5.4,0.0,2.17,1,0.0,0.0,0.5,8134,
4406,190208,8.7,1.0,0.0,0,,,0.5,8136,
4407,190208,-5.0,0.0,3.92,2,0.5,0.5,0.5,8136,
4408,190208,-4.5,0.0,1.96,1,0.0,1.0,0.5,8136,
4409,190208,-5.5,0.0,1.96,1,0.0,1.0,0.5,8136,
4410,190208,-2.8,0.0,3.33,1,0.0,0.0,0.5,8136,
4411,190272,11.0,1.0,0.0,0,,,0.5,8136,
4412,190272,-4.0,0.0,0.0,0,,,0.5,8136,
4413,190336,11.4,1.0,0.0,0,,,0.5,8137,
4414,190400,-5.4,0.0,2.17,1,0.0,0.0,0.5,8138,
4415,190400,-5.0,0.0,0.0,0,,,0.5,8138,
4416,190464,-5.5,0.0,1.96,1,0.0,1.0,0.5,8138,
4417,190528,-5.3,0.0,2.22,1,0.0,0.0,0.5,8139,
4418,190592,-5.0,0.0,0.0,0,,,0.5,8141,
4419,190656,-5.0,0.0,0.0,0,,,0.5,8143,
4420,190784,-5.0,0.0,0.0,0,,,0.5,8145,
4421,190784,-5.0,0.0,0.0,0,,,0.5,8145,
4422,190912,-2.1,0.0,7.69,1,0.0,0.0,0.5,8147,
4423,190976,-5.1,0.0,2.33,1,0.0,0.0,0.5,8149,
4424,190976,-5.0,0.0,0.0,0,,,0.5,8149,
4425,191040,-4.5,0.0,1.96,1,0.0,1.0,0.5,8149,
4426,191040,-5.5,0.0,1.96,1,1.0,1.0,0.5,8149,
4427,191104,-5.1,0.0,2.33,1,0.0,0.0,0.5,8152,
4428,191104,-5.5,0.0,1.96,1,0.0,0.0,0.5,8152,
4429,191104,-5.5,0.0,5.88,3,0.3333,0.3333,0.5,8152,
4430,191168,-5.0,0.0,3.92,2,0.0,0.0,0.5,8155,
4431,191232,-5.0,0.0,0.0,0,,,0.5,8155,
4432,191296,-1.0,0.0,8.33,1,0.0,0.0,0.5,8157,
4433,191488,-4.0,0.0,0.0,0,,,0.5,8158,
4434,191552,-5.5,0.0,1.96,1,0.0,1.0,0.5,8159,
4435,191552,-5.5,0.0,1.96,1,0.0,1.0,0.5,8159,
4436,191552,-5.0,0.0,3.92,2,0.0,0.5,0.5,8159,
4437,191552,-5.0,0.0,0.0,0,,,0.5,8159,
4438,191616,-4.3,0.0,6.67,2,0.0,0.0,0.5,8161,
4439,191616,-5.7,0.0,2.04,1,0.0,0.0,0.5,8161,
4440,191616,-5.5,0.0,1.96,1,0.0,1.0,0.5,8161,
4441,191616,-5.0,0.0,0.0,0,,,0.5,8161,
4442,191680,-4.0,0.0,2.38,1,0.0,0.0,0.5,8163,
4443,191872,-5.5,0.0,1.96,1,0.0,1.0,0.5,8167,
4444,191872,8.5,1.0,0.0,0,,,0.5,8167,
4445,191872,-5.0,0.0,0.0,0,,,0.5,8167,
4446,191936,-4.5,0.0,2.7,1,0.0,0.0,0.5,8168,
4447,191936,-4.5,0.0,1.96,1,0.0,1.0,0.5,8168,
4448,192000,-5.0,0.0,0.0,0,,,0.5,8169,
4449,192000,-5.0,0.0,0.0,0,,,0.5,8169,
4450,192064,-5.0,0.0,0.0,0,,,0.5,8169,
4451,192064,-5.5,0.0,1.96,1,0.0,1.0,0.5,8169,
4452,192192,-4.0,0.0,0.0,0,,,0.5,8172,
4453,192192,-5.7,0.0,2.04,1,0.0,0.0,0.5,8172,
4454,192192,-5.0,0.0,0.0,0,,,0.5,8172,
4455,192256,-4.0,0.0,0.0,0,,,0.5,8172,
4456,192256,-5.0,0.0,0.0,0,,,0.5,8172,
4457,192384,-4.9,0.0,1.96,1,0.0,0.0,0.5,8176,
4458,192448,-2.7,0.0,5.26,1,0.0,0.0,0.5,8177,
4459,192512,-3.8,0.0,3.33,1,0.0,0.0,0.5,8178,
4460,192576,-5.0,0.0,3.92,2,0.0,0.0,0.5,8180,
4461,192640,-4.0,0.0,0.0,0,,,0.5,8181,
4462,192704,-5.0,0.0,0.0,0,,,0.5,8184,
4463,192704,-3.9,0.0,2.44,1,0.0,0.0,0.5,8184,
4464,192832,-7.0,0.0,7.84,4,0.0,0.25,0.5,8185,
4465,192896,-5.0,0.0,3.92,2,0.0,1.0,0.5,8185,
4466,192896,-5.0,0.0,0.0,0,,,0.5,8185,
4467,192960,-5.0,0.0,0.0,0,,,0.5,8187,
4468,192960,-4.1,0.0,2.33,1,0.0,0.0,0.5,8187,
4469,192960,-5.0,0.0,0.0,0,,,0.5,8187,
4470,192960,-5.0,0.0,3.92,2,0.0,1.0,0.5,8187,
4471,193024,-2.1,0.0,4.35,1,0.0,0.0,0.5,8189,
4472,193088,-5.0,0.0,0.0,0,,,0.5,8190,
4473,193088,-5.0,0.0,0.0,0,,,0.5,8190,
4474,193152,-3.3,0.0,4.0,1,0.0,0.0,0.5,8191,
4475,193216,-2.7,0.0,5.26,1,0.0,0.0,0.5,8193,
4476,193344,-5.3,0.0,2.22,1,0.0,0.0,0.5,8198,
4477,193344,-2.6,0.0,5.56,1,0.0,0.0,0.5,8198,
4478,193408,-6.0,0.0,3.92,2,0.0,0.5,0.5,8200,
4479,193408,5.1,1.0,8.0,4,0.0,0.5,0.5,8200,
4480,193408,-2.0,0.0,8.33,1,0.0,0.0,0.5,8200,
4481,193472,-6.0,0.0,3.92,2,0.0,0.5,0.5,8201,
4482,193472,-5.5,0.0,1.96,1,0.0,1.0,0.5,8201,
4483,193472,-3.2,0.0,4.17,1,0.0,0.0,0.5,8201,
4484,193472,-5.0,0.0,0.0,0,,,0.5,8201,
4485,193536,-4.0,0.0,0.0,0,,,0.5,8202,
4486,193536,-5.0,0.0,3.92,2,0.0,1.0,0.5,8202,
4487,193600,-5.5,0.0,1.96,1,0.0,1.0,0.5,8204,
4488,193600,-3.0,0.0,4.55,1,0.0,0.0,0.5,8204,
4489,193664,-5.0,0.0,0.0,0,,,0.5,8204,
4490,193664,-5.0,0.0,0.0,0,,,0.5,8204,
4491,193792,-4.4,0.0,2.78,1,0.0,0.0,0.5,8208,
4492,193920,-5.0,0.0,5.41,2,0.0,0.0,0.5,8211,
4493,193920,-5.0,0.0,3.92,2,0.0,0.5,0.5,8211,
4494,194048,-5.5,0.0,1.96,1,0.0,0.0,0.5,8212,
4495,194048,10.3,1.0,0.0,0,,,0.5,8212,
4496,194048,-4.5,0.0,1.96,1,0.0,0.0,0.5,8212,
4497,194112,-4.5,0.0,2.13,1,0.0,0.0,0.5,8214,
4498,194176,-4.0,0.0,0.0,0,,,0.5,8215,
4499,194176,10.0,1.0,0.0,0,,,0.5,8215,
4500,194176,-1.4,0.0,16.67,1,0.0,0.0,0.5,8215,
4501,194240,-5.0,0.0,3.92,2,0.0,1.0,0.5,8215,
4502,194240,-5.0,0.0,0.0,0,,,0.5,8215,
4503,194304,-6.0,0.0,3.92,2,0.0,0.0,0.5,8215,
4504,194304,-5.0,0.0,0.0,0,,,0.5,8215,
4505,194368,-5.5,0.0,1.96,1,0.0,1.0,0.5,8215,
4506,194368,-5.5,0.0,1.96,1,1.0,0.0,0.5,8215,
4507,194432,9.6,1.0,5.0,1,0.0,1.0,0.5,8218,
4508,194432,-5.0,0.0,0.0,0,,,0.5,8218,
4509,194496,-1.4,0.0,6.25,1,0.0,0.0,0.5,8220,
4510,194560,-4.4,0.0,2.78,1,0.0,0.0,0.5,8223,
4511,194560,-5.5,0.0,5.88,3,0.0,0.0,0.5,8223,
4512,194560,-4.7,0.0,2.56,1,0.0,0.0,0.5,8223,
4513,194752,-5.3,0.0,5.0,2,0.0,0.0,0.5,8226,
4514,194752,-2.6,0.0,5.56,1,0.0,0.0,0.5,8226,
4515,194816,-4.0,0.0,0.0,0,,,0.5,8226,
4516,194880,-5.0,0.0,0.0,0,,,0.5,8227,
4517,194880,-5.0,0.0,0.0,0,,,0.5,8227,
4518,194880,-5.5,0.0,1.96,1,0.0,1.0,0.5,8227,
4519,194880,-5.5,0.0,1.96,1,0.0,1.0,0.5,8227,
4520,194944,-4.5,0.0,1.96,1,0.0,1.0,0.5,8227,
4521,195136,-5.9,0.0,1.96,1,0.0,0.0,0.5,8228,
4522,195136,11.1,1.0,0.0,0,,,0.5,8228,
4523,195136,-4.5,0.0,1.96,1,1.0,0.0,0.5,8228,
4524,195136,-4.0,0.0,0.0,0,,,0.5,8228,
4525,195200,-4.9,0.0,2.44,1,0.0,0.0,0.5,8230,
4526,195200,-5.5,0.0,1.96,1,0.0,0.0,0.5,8230,
4527,195200,-2.8,0.0,5.0,1,0.0,0.0,0.5,8230,
4528,195264,-5.0,0.0,0.0,0,,,0.5,8234,
4529,195264,-1.9,0.0,4.76,1,0.0,0.0,0.5,8234,
4530,195264,10.2,1.0,0.0,0,,,0.5,8234,
4531,195264,-2.1,0.0,25.0,2,0.0,0.0,0.5,8234,
4532,195328,-5.0,0.0,0.0,0,,,0.5,8234,
4533,195456,7.3,1.0,2.33,1,0.0,1.0,0.5,8235,
4534,195520,-6.0,0.0,3.92,2,0.0,0.5,0.5,8241,
4535,195520,-5.5,0.0,2.13,1,0.0,0.0,0.5,8241,
4536,195648,-5.0,0.0,0.0,0,,,0.5,8242,
4537,195648,-1.4,0.0,16.67,1,0.0,0.0,0.5,8242,
4538,195712,-5.1,0.0,2.33,1,0.0,0.0,0.5,8244,
4539,195712,-4.5,0.0,1.96,1,0.0,0.0,0.5,8244,
4540,195840,-3.2,0.0,4.17,1,0.0,0.0,0.5,8246,
4541,195904,-2.4,0.0,6.25,1,0.0,0.0,0.5,8249,
4542,195968,-5.5,0.0,1.96,1,0.0,1.0,0.5,8249,
4543,196096,-5.1,0.0,2.33,1,0.0,0.0,0.5,8252,
4544,196160,-5.5,0.0,1.96,1,0.0,0.0,0.5,8252,
4545,196224,-5.0,0.0,0.0,0,,,0.5,8255,
4546,196224,-5.0,0.0,0.0,0,,,0.5,8255,
4547,196224,-5.0,0.0,0.0,0,,,0.5,8255,
4548,196224,-5.7,0.0,2.04,1,0.0,0.0,0.5,8255,
4549,196288,-4.5,0.0,1.96,1,0.0,1.0,0.5,8256,
4550,196352,-5.5,0.0,1.96,1,1.0,0.0,0.5,8256,
4551,196416,-2.7,0.0,5.26,1,0.0,0.0,0.5,8259,
4552,196480,-5.0,0.0,0.0,0,,,0.5,8261,
4553,196544,-4.2,0.0,2.94,1,0.0,0.0,0.5,8265,
4554,196544,-2.9,0.0,4.76,1,0.0,0.0,0.5,8265,
4555,196608,-4.5,0.0,1.96,1,0.0,1.0,0.5,8265,
4556,196672,-5.0,0.0,0.0,0,,,0.5,8266,
4557,196672,-5.0,0.0,3.92,2,0.0,0.5,0.5,8266,
4558,196672,-5.0,0.0,0.0,0,,,0.5,8266,
4559,196672,-6.3,0.0,4.0,2,0.0,0.0,0.5,8266,
4560,196736,-5.0,0.0,0.0,0,,,0.5,8267,
4561,196736,-5.5,0.0,1.96,1,0.0,0.0,0.5,8267,
4562,196800,-4.0,0.0,0.0,0,,,0.5,8272,
4563,196800,-5.1,0.0,2.33,1,0.0,0.0,0.5,8272,
4564,196800,-1.5,0.0,14.29,1,0.0,0.0,0.5,8272,
4565,196800,-6.0,0.0,7.84,4,0.5,0.5,0.5,8272,
4566,196864,-5.0,0.0,0.0,0,,,0.5,8274,
4567,196928,-5.0,0.0,0.0,0,,,0.5,8275,
4568,196928,-5.0,0.0,0.0,0,,,0.5,8275,
4569,197120,-3.9,0.0,3.23,1,0.0,0.0,0.5,8277,
4570,197248,-4.5,0.0,4.76,2,0.0,0.5,0.5,8280,
4571,197248,-4.1,0.0,3.03,1,0.0,0.0,0.5,8280,
4572,197312,-4.5,0.0,1.96,1,0.0,0.0,0.5,8281,
4573,197376,-5.0,0.0,0.0,0,,,0.5,8281,
4574,197440,-5.5,0.0,1.96,1,0.0,1.0,0.5,8284,
4575,197440,-4.5,0.0,2.13,1,0.0,0.0,0.5,8284,
4576,197440,-5.0,0.0,0.0,0,,,0.5,8284,
4577,197440,-5.5,0.0,1.96,1,0.0,0.0,0.5,8284,
4578,197440,-2.9,0.0,4.76,1,0.0,0.0,0.5,8284,
4579,197504,-5.5,0.0,1.96,1,0.0,0.0,0.5,8285,
4580,197504,-5.0,0.0,0.0,0,,,0.5,8285,
4581,197568,-6.0,0.0,3.92,2,0.0,0.5,0.5,8286,
4582,197632,-5.5,0.0,1.96,1,0.0,1.0,0.5,8286,
4583,197696,10.2,1.0,7.14,1,0.0,1.0,0.5,8287,
4584,197696,-4.0,0.0,0.0,0,,,0.5,8287,
4585,197760,-3.1,0.0,4.35,1,0.0,0.0,0.5,8288,
4586,197824,-6.0,0.0,3.92,2,0.0,1.0,0.5,8289,
4587,197824,-5.5,0.0,1.96,1,1.0,0.0,0.5,8289,
4588,197824,11.5,1.0,0.0,0,,,0.5,8289,
4589,197824,9.1,1.0,4.0,1,0.0,0.0,0.5,8289,
4590,197888,-3.5,0.0,3.7,1,0.0,0.0,0.5,8290,
4591,197952,11.6,1.0,0.0,0,,,0.5,8290,
4592,198016,-5.0,0.0,3.92,2,0.0,0.5,0.5,8291,
4593,198080,10.8,1.0,0.0,0,,,0.5,8292,
4594,198080,-5.0,0.0,0.0,0,,,0.5,8292,
4595,198144,-5.0,0.0,0.0,0,,,0.5,8292,
4596,198144,-5.5,0.0,1.96,1,0.0,0.0,0.5,8292,
4597,198144,-6.0,0.0,3.92,2,0.0,0.5,0.5,8292,
4598,198208,-5.0,0.0,0.0,0,,,0.5,8292,
4599,198400,-5.0,0.0,0.0,0,,,0.5,8293,
4600,198400,-4.0,0.0,0.0,0,,,0.5,8293,
4601,198464,-6.0,0.0,3.92,2,0.0,0.5,0.5,8295,
4602,198528,-6.0,0.0,3.92,2,0.0,0.5,0.5,8295,
4603,198528,-4.5,0.0,1.96,1,0.0,0.0,0.5,8295,
4604,198528,-5.5,0.0,1.96,1,0.0,0.0,0.5,8295,
4605,198592,-4.0,0.0,0.0,0,,,0.5,8296,
4606,198720,-5.0,0.0,0.0,0,,,0.5,8297,
4607,198720,-5.8,0.0,2.0,1,0.0,0.0,0.5,8297,
4608,198720,8.8,1.0,0.0,0,,,0.5,8297,
4609,198784,-5.0,0.0,0.0,0,,,0.5,8298,
4610,198784,-4.0,0.0,3.12,1,0.0,0.0,0.5,8298,
4611,198912,-5.5,0.0,1.96,1,0.0,1.0,0.5,8300,
4612,198912,-3.7,0.0,2.56,1,0.0,0.0,0.5,8300,
4613,198912,-5.8,0.0,2.0,1,0.0,0.0,0.5,8300,
4614,198912,-4.0,0.0,0.0,0,,,0.5,8300,
4615,198976,-5.0,0.0,0.0,0,,,0.5,8300,
4616,199104,-5.0,0.0,0.0,0,,,0.5,8301,
4617,199104,-3.7,0.0,10.34,3,0.0,0.6667,0.5,8301,
4618,199168,-5.4,0.0,2.17,1,0.0,0.0,0.5,8303,
4619,199168,-6.0,0.0,3.92,2,0.0,0.5,0.5,8303,
4620,199232,-6.0,0.0,3.92,2,0.5,0.0,0.5,8303,
4621,199360,-3.7,0.0,3.45,1,0.0,0.0,0.5,8304,
4622,199488,-5.0,0.0,0.0,0,,,0.5,8307,
4623,199488,-1.9,0.0,9.09,1,0.0,0.0,0.5,8307,
4624,199488,-5.0,0.0,3.92,2,0.0,1.0,0.5,8307,
4625,199488,-3.8,0.0,3.33,1,0.0,0.0,0.5,8307,
4626,199680,-3.7,0.0,3.45,1,0.0,0.0,0.5,8311,
4627,199680,-2.3,0.0,6.67,1,0.0,0.0,0.5,8311,
4628,199744,-5.5,0.0,1.96,1,0.0,1.0,0.5,8311,
4629,199808,-4.5,0.0,2.7,1,0.0,0.0,0.5,8312,
4630,199808,-4.5,0.0,1.96,1,1.0,1.0,0.5,8312,
4631,199808,-4.0,0.0,0.0,0,,,0.5,8312,
4632,199936,-4.0,0.0,0.0,0,,,0.5,8313,
4633,199936,-5.0,0.0,0.0,0,,,0.5,8313,
4634,199936,-5.0,0.0,0.0,0,,,0.5,8313,
4635,199936,-5.0,0.0,0.0,0,,,0.5,8313,
4636,200000,8.7,1.0,0.0,0,,,0.5,8313,
4637,200000,-4.0,0.0,0.0,0,,,0.5,8313,
4638,200000,11.8,1.0,0.0,0,,,0.5,8313,
4639,200064,-5.0,0.0,0.0,0,,,0.5,8313,
4640,200064,-4.0,0.0,0.0,0,,,0.5,8313,
4641,200064,-5.0,0.0,0.0,0,,,0.5,8313,
4642,200128,-5.0,0.0,0.0,0,,,0.5,8314,
4643,200192,-4.9,0.0,1.96,1,0.0,0.0,0.5,8317,
4644,200192,-5.0,0.0,0.0,0,,,0.5,8317,
4645,200192,-3.6,0.0,3.57,1,0.0,0.0,0.5,8317,
4646,200192,-4.3,0.0,2.22,1,0.0,0.0,0.5,8317,
4647,200384,-5.0,0.0,0.0,0,,,0.5,8318,
4648,200576,-3.4,0.0,3.85,1,0.0,0.0,0.5,8320,
4649,200640,-5.0,0.0,0.0,0,,,0.5,8320,
4650,200704,-5.0,0.0,3.92,2,0.0,0.0,0.5,8322,
4651,200704,-5.0,0.0,0.0,0,,,0.5,8322,
4652,200704,-5.0,0.0,0.0,0,,,0.5,8322,
4653,200768,-4.0,0.0,0.0,0,,,0.5,8323,
4654,200896,10.8,1.0,0.0,0,,,0.5,8325,
4655,200960,-2.3,0.0,6.67,1,0.0,0.0,0.5,8328,
4656,200960,-5.0,0.0,0.0,0,,,0.5,8328,
4657,200960,-4.5,0.0,1.96,1,0.0,1.0,0.5,8328,
4658,200960,-2.4,0.0,6.25,1,0.0,0.0,0.5,8328,
4659,201024,-4.0,0.0,0.0,0,,,0.5,8328,
4660,201024,8.6,1.0,3.33,1,0.0,0.0,0.5,8328,
4661,201088,-5.0,0.0,0.0,0,,,0.5,8328,
4662,201088,-4.0,0.0,0.0,0,,,0.5,8328,
4663,201152,-5.0,0.0,0.0,0,,,0.5,8328,
4664,201216,-4.0,0.0,0.0,0,,,0.5,8328,
4665,201280,-5.5,0.0,1.96,1,1.0,0.0,0.5,8329,
4666,201344,-4.0,0.0,0.0,0,,,0.5,8332,
4667,201344,-3.0,0.0,4.55,1,0.0,0.0,0.5,8332,
4668,201344,-5.5,0.0,1.96,1,1.0,0.0,0.5,8332,
4669,201408,-5.0,0.0,0.0,0,,,0.5,8333,
4670,201408,-5.0,0.0,0.0,0,,,0.5,8333,
4671,201408,-4.0,0.0,0.0,0,,,0.5,8333,
4672,201472,-5.0,0.0,0.0,0,,,0.5,8333,
4673,201664,-5.0,0.0,0.0,0,,,0.5,8334,
4674,201728,-3.7,0.0,2.56,1,0.0,0.0,0.5,8335,
4675,201728,-5.0,0.0,0.0,0,,,0.5,8335,
4676,201792,-0.9,0.0,9.09,1,0.0,0.0,0.5,8337,
4677,201792,-2.6,0.0,5.56,1,0.0,0.0,0.5,8337,
4678,201792,-4.0,0.0,0.0,0,,,0.5,8337,
4679,201792,-5.0,0.0,0.0,0,,,0.5,8337,
4680,201792,-5.0,0.0,0.0,0,,,0.5,8337,
4681,201856,-5.5,0.0,1.96,1,0.0,0.0,0.5,8338,
4682,201984,11.1,1.0,0.0,0,,,0.5,8339,
4683,201984,-5.0,0.0,0.0,0,,,0.5,8339,
4684,201984,-5.0,0.0,0.0,0,,,0.5,8339,
4685,202048,-5.5,0.0,1.96,1,0.0,1.0,0.5,8342,
4686,202048,9.0,1.0,0.0,0,,,0.5,8342,
4687,202048,-5.3,0.0,5.0,2,0.0,0.5,0.5,8342,
4688,202112,-3.1,0.0,3.03,1,0.0,0.0,0.5,8343,
4689,202176,-4.0,0.0,0.0,0,,,0.5,8345,
4690,202176,-5.5,0.0,1.96,1,1.0,0.0,0.5,8345,
4691,202176,-4.0,0.0,0.0,0,,,0.5,8345,
4692,202176,-4.3,0.0,2.86,1,0.0,0.0,0.5,8345,
4693,202176,-4.5,0.0,2.7,1,0.0,0.0,0.5,8345,
4694,202240,-4.5,0.0,1.96,1,0.0,1.0,0.5,8345,
4695,202368,-5.0,0.0,3.92,2,0.5,0.5,0.5,8346,
4696,202368,-5.3,0.0,2.22,1,0.0,0.0,0.5,8346,
4697,202432,-3.4,0.0,2.78,1,0.0,0.0,0.5,8349,
4698,202432,-4.5,0.0,1.96,1,0.0,0.0,0.5,8349,
4699,202432,-5.0,0.0,0.0,0,,,0.5,8349,
4700,202432,-6.4,0.0,6.52,3,0.0,0.3333,0.5,8349,
4701,202560,-2.5,0.0,16.67,2,0.0,0.0,0.5,8350,
4702,202560,11.8,1.0,0.0,0,,,0.5,8350,
4703,202624,-6.0,0.0,3.92,2,0.0,0.5,0.5,8352,
4704,202624,-1.3,0.0,6.67,1,0.0,0.0,0.5,8352,
4705,202752,9.5,1.0,0.0,0,,,0.5,8353,
4706,202752,-5.5,0.0,5.88,3,0.0,0.6667,0.5,8353,
4707,202880,-4.0,0.0,2.38,1,0.0,0.0,0.5,8355,
4708,202880,-4.8,0.0,2.0,1,0.0,0.0,0.5,8355,
4709,202944,-6.0,0.0,3.92,2,0.0,0.5,0.5,8355,
4710,203008,-5.0,0.0,0.0,0,,,0.5,8355,
4711,203072,-5.0,0.0,0.0,0,,,0.5,8357,
4712,203136,-4.6,0.0,2.63,1,0.0,0.0,0.5,8359,
4713,203200,-4.0,0.0,0.0,0,,,0.5,8361,
4714,203200,-4.5,0.0,2.13,1,0.0,0.0,0.5,8361,
4715,203264,-6.0,0.0,3.92,2,0.0,0.5,0.5,8362,
4716,203264,-2.7,0.0,5.26,1,0.0,0.0,0.5,8362,
4717,203328,-2.8,0.0,5.0,1,0.0,0.0,0.5,8364,
4718,203328,-2.9,0.0,4.76,1,0.0,0.0,0.5,8364,
4719,203328,10.4,1.0,0.0,0,,,0.5,8364,
4720,203328,-4.0,0.0,0.0,0,,,0.5,8364,
4721,203392,9.6,1.0,0.0,0,,,0.5,8365,
4722,203392,-5.8,0.0,2.0,1,0.0,0.0,0.5,8365,
4723,203456,-5.0,0.0,0.0,0,,,0.5,8366,
4724,203456,-2.4,0.0,3.85,1,0.0,0.0,0.5,8366,
4725,203648,-2.7,0.0,5.26,1,0.0,0.0,0.5,8370,
4726,203648,-5.0,0.0,0.0,0,,,0.5,8370,
4727,203840,-5.0,0.0,0.0,0,,,0.5,8371,
4728,203840,-5.3,0.0,2.22,1,0.0,0.0,0.5,8371,
4729,203904,-3.7,0.0,3.45,1,0.0,0.0,0.5,8373,
4730,203904,-5.4,0.0,2.17,1,0.0,0.0,0.5,8373,
4731,203968,-5.0,0.0,0.0,0,,,0.5,8376,
4732,203968,-3.9,0.0,3.23,1,0.0,0.0,0.5,8376,
4733,203968,-5.0,0.0,0.0,0,,,0.5,8376,
4734,204032,-5.0,0.0,0.0,0,,,0.5,8377,
4735,204096,-2.4,0.0,6.25,1,0.0,0.0,0.5,8378,
4736,204160,-5.0,0.0,0.0,0,,,0.5,8378,
4737,204224,-5.0,0.0,0.0,0,,,0.5,8379,
4738,204224,-5.0,0.0,0.0,0,,,0.5,8379,
4739,204288,-5.5,0.0,1.96,1,0.0,1.0,0.5,8380,
4740,204288,-5.5,0.0,1.96,1,0.0,1.0,0.5,8380,
4741,204352,-4.8,0.0,2.5,1,0.0,0.0,0.5,8382,
4742,204352,-4.9,0.0,4.35,2,0.0,0.0,0.5,8382,
4743,204416,-5.0,0.0,0.0,0,,,0.5,8383,
4744,204416,9.5,1.0,0.0,0,,,0.5,8383,
4745,204480,-5.0,0.0,0.0,0,,,0.5,8384,
4746,204544,-5.0,0.0,0.0,0,,,0.5,8386,
4747,204544,-5.0,0.0,2.38,1,0.0,0.0,0.5,8386,
4748,204608,-5.0,0.0,0.0,0,,,0.5,8386,
4749,204608,-5.0,0.0,0.0,0,,,0.5,8386,
4750,204672,-5.0,0.0,0.0,0,,,0.5,8387,
4751,204672,-5.5,0.0,1.96,1,0.0,1.0,0.5,8387,
4752,204736,-4.0,0.0,0.0,0,,,0.5,8388,
4753,204864,11.4,1.0,0.0,0,,,0.5,8390,
4754,204992,-4.0,0.0,0.0,0,,,0.5,8391,
4755,204992,-4.0,0.0,0.0,0,,,0.5,8391,
4756,204992,-4.3,0.0,2.86,1,0.0,0.0,0.5,8391,
4757,205056,-1.8,0.0,10.0,1,0.0,0.0,0.5,8394,
4758,205056,-4.9,0.0,2.44,1,0.0,0.0,0.5,8394,
4759,205056,-4.0,0.0,0.0,0,,,0.5,8394,
4760,205248,-2.6,0.0,5.56,1,0.0,0.0,0.5,8396,
4761,205248,-4.0,0.0,0.0,0,,,0.5,8396,
4762,205312,-2.1,0.0,4.35,1,0.0,0.0,0.5,8399,
4763,205376,-5.4,0.0,2.17,1,0.0,0.0,0.5,8402,
4764,205376,-4.0,0.0,0.0,0,,,0.5,8402,
4765,205440,-4.5,0.0,1.96,1,0.0,0.0,0.5,8403,
4766,205440,-5.5,0.0,1.96,1,0.0,1.0,0.5,8403,
4767,205440,-5.5,0.0,1.96,1,0.0,0.0,0.5,8403,
4768,205440,-6.0,0.0,3.92,2,0.0,1.0,0.5,8403,
4769,205440,-5.0,0.0,0.0,0,,,0.5,8403,
4770,205440,-4.6,0.0,6.06,2,0.0,0.5,0.5,8403,
4771,205504,-2.0,0.0,8.33,1,0.0,0.0,0.5,8404,
4772,205632,7.9,1.0,2.7,1,0.0,0.0,0.5,8406,
4773,205632,-4.0,0.0,0.0,0,,,0.5,8406,
4774,205696,-6.4,0.0,3.92,2,0.0,0.5,0.5,8407,
4775,205824,-5.5,0.0,1.96,1,0.0,0.0,0.5,8410,
4776,205824,-2.9,0.0,4.76,1,0.0,0.0,0.5,8410,
4777,205824,-5.0,0.0,0.0,0,,,0.5,8410,
4778,205888,-4.5,0.0,1.96,1,1.0,1.0,0.5,8411,
4779,205888,-4.5,0.0,1.96,1,0.0,1.0,0.5,8411,
4780,205952,-2.5,0.0,5.88,1,0.0,0.0,0.5,8413,
4781,205952,-5.5,0.0,2.13,1,0.0,0.0,0.5,8413,
4782,206144,-4.5,0.0,1.96,1,0.0,1.0,0.5,8416,
4783,206144,-0.9,0.0,9.09,1,0.0,0.0,0.5,8416,
4784,206144,-4.7,0.0,2.56,1,0.0,0.0,0.5,8416,
4785,206144,-5.0,0.0,3.92,2,0.0,1.0,0.5,8416,
4786,206272,-4.0,0.0,0.0,0,,,0.5,8417,
4787,206400,-4.5,0.0,1.96,1,0.0,0.0,0.5,8418,
4788,206464,-5.0,0.0,0.0,0,,,0.5,8419,
4789,206464,-5.0,0.0,0.0,0,,,0.5,8419,
4790,206528,-3.3,0.0,2.86,1,0.0,0.0,0.5,8421,
4791,206528,-5.0,0.0,3.92,2,0.0,0.0,0.5,8421,
4792,206592,-5.5,0.0,1.96,1,0.0,1.0,0.5,8421,
4793,206592,-5.0,0.0,0.0,0,,,0.5,8421,
4794,206592,-5.5,0.0,1.96,1,0.0,1.0,0.5,8421,
4795,206656,-5.5,0.0,1.96,1,0.0,0.0,0.5,8422,
4796,206656,-5.5,0.0,1.96,1,0.0,0.0,0.5,8422,
4797,206656,-1.4,0.0,16.67,1,0.0,0.0,0.5,8422,
4798,206720,-4.0,0.0,0.0,0,,,0.5,8423,
4799,206720,-4.5,0.0,1.96,1,0.0,1.0,0.5,8423,
4800,206784,-4.3,0.0,2.86,1,0.0,0.0,0.5,8426,
4801,206784,-5.2,0.0,2.27,1,0.0,0.0,0.5,8426,
4802,206848,-4.2,0.0,2.94,1,0.0,0.0,0.5,8428,
4803,206912,-3.8,0.0,3.33,1,0.0,0.0,0.5,8432,
4804,206912,-5.0,0.0,0.0,0,,,0.5,8432,
4805,207040,-5.6,0.0,2.08,1,0.0,0.0,0.5,8434,
4806,207104,10.3,1.0,0.0,0,,,0.5,8436,
4807,207104,-5.0,0.0,0.0,0,,,0.5,8436,
4808,207168,-5.4,0.0,3.92,2,0.0,0.5,0.5,8438,
4809,207168,-4.5,0.0,1.96,1,0.0,1.0,0.5,8438,
4810,207232,-3.0,0.0,4.55,1,0.0,0.0,0.5,8440,
4811,207232,-3.2,0.0,4.17,1,0.0,0.0,0.5,8440,
4812,207232,-5.0,0.0,0.0,0,,,0.5,8440,
4813,207296,-5.5,0.0,1.96,1,0.0,0.0,0.5,8440,
4814,207296,10.5,1.0,9.09,1,1.0,1.0,0.5,8440,
4815,207424,-6.0,0.0,3.92,2,0.0,0.5,0.5,8440,
4816,207488,-5.0,0.0,0.0,0,,,0.5,8440,
4817,207488,-5.0,0.0,0.0,0,,,0.5,8440,
4818,207552,-5.0,0.0,0.0,0,,,0.5,8443,
4819,207552,-4.2,0.0,2.94,1,0.0,0.0,0.5,8443,
4820,207616,-5.0,0.0,0.0,0,,,0.5,8444,
4821,207616,-5.0,0.0,0.0,0,,,0.5,8444,
4822,207616,-4.8,0.0,2.5,1,0.0,0.0,0.5,8444,
4823,207744,-3.7,0.0,3.45,1,0.0,0.0,0.5,8446,
4824,207808,-5.5,0.0,1.96,1,0.0,1.0,0.5,8448,
4825,207872,-4.0,0.0,0.0,0,,,0.5,8450,
4826,207872,-5.0,0.0,0.0,0,,,0.5,8450,
4827,207872,-3.5,0.0,3.7,1,0.0,0.0,0.5,8450,
4828,207936,-6.0,0.0,3.92,2,0.0,0.5,0.5,8450,
4829,208000,10.3,1.0,0.0,0,,,0.5,8450,
4830,208256,-5.5,0.0,1.96,1,0.0,1.0,0.5,8454,
4831,208256,-5.5,0.0,1.96,1,0.0,0.0,0.5,8454,
4832,208320,-5.0,0.0,0.0,0,,,0.5,8454,
4833,208320,-5.0,0.0,0.0,0,,,0.5,8454,
4834,208384,10.3,1.0,0.0,0,,,0.5,8454,
4835,208512,-3.0,0.0,4.55,1,0.0,0.0,0.5,8456,
4836,208512,-5.5,0.0,1.96,1,0.0,1.0,0.5,8456,
4837,208512,-5.0,0.0,0.0,0,,,0.5,8456,
4838,208576,-4.0,0.0,0.0,0,,,0.5,8456,
4839,208640,-5.0,0.0,0.0,0,,,0.5,8456,
4840,208704,-5.5,0.0,1.96,1,0.0,0.0,0.5,8456,
4841,208704,-6.5,0.0,5.88,3,0.3333,0.3333,0.5,8456,
4842,208704,-4.0,0.0,0.0,0,,,0.5,8456,
4843,208704,-5.5,0.0,1.96,1,0.0,0.0,0.5,8456,
4844,208704,-5.0,0.0,0.0,0,,,0.5,8456,
4845,208768,-5.0,0.0,0.0,0,,,0.5,8456,
4846,208896,-5.0,0.0,0.0,0,,,0.5,8458,
4847,208896,-5.5,0.0,1.96,1,0.0,0.0,0.5,8458,
4848,208960,-1.9,0.0,4.76,1,0.0,0.0,0.5,8459,
4849,209024,9.7,1.0,0.0,0,,,0.5,8459,
4850,209024,11.7,1.0,0.0,0,,,0.5,8459,
4851,209088,-4.0,0.0,0.0,0,,,0.5,8461,
4852,209088,-4.5,0.0,1.96,1,0.0,1.0,0.5,8461,
4853,209088,-3.7,0.0,3.45,1,0.0,0.0,0.5,8461,
4854,209152,-0.5,0.0,14.29,1,0.0,0.0,0.5,8463,
4855,209152,-4.0,0.0,0.0,0,,,0.5,8463,
4856,209152,10.8,1.0,0.0,0,,,0.5,8463,
4857,209152,-0.8,0.0,10.0,1,0.0,0.0,0.5,8463,
4858,209216,-4.5,0.0,1.96,1,0.0,1.0,0.5,8467,
4859,209280,10.1,1.0,6.67,1,0.0,1.0,0.5,8467,
4860,209408,-5.0,0.0,0.0,0,,,0.5,8468,
4861,209408,-5.0,0.0,0.0,0,,,0.5,8468,
4862,209408,-5.0,0.0,0.0,0,,,0.5,8468,
4863,209472,7.9,1.0,6.25,2,0.0,1.0,0.5,8468,
4864,209536,-5.5,0.0,2.13,1,0.0,0.0,0.5,8470,
4865,209664,-5.0,0.0,0.0,0,,,0.5,8471,
4866,209728,11.2,1.0,0.0,0,,,0.5,8472,
4867,209728,-7.0,0.0,7.84,4,0.0,0.5,0.5,8472,
4868,209728,-4.5,0.0,1.96,1,0.0,0.0,0.5,8472,
4869,209792,-4.0,0.0,0.0,0,,,0.5,8473,
4870,209856,-5.5,0.0,1.96,1,0.0,0.0,0.5,8474,
4871,209856,-5.0,0.0,0.0,0,,,0.5,8474,
4872,209920,-5.0,0.0,0.0,0,,,0.5,8476,
4873,209920,-5.5,0.0,1.96,1,0.0,0.0,0.5,8476,
4874,209920,-5.5,0.0,1.96,1,0.0,0.0,0.5,8476,
4875,209984,-4.0,0.0,0.0,0,,,0.5,8477,
4876,209984,-6.5,0.0,5.88,3,0.0,1.0,0.5,8477,
4877,210048,-5.0,0.0,0.0,0,,,0.5,8479,
4878,210048,-3.0,0.0,4.55,1,0.0,0.0,0.5,8479,
4879,210048,-5.0,0.0,0.0,0,,,0.5,8479,
4880,210112,-5.8,0.0,6.0,3,0.3333,0.3333,0.5,8481,
4881,210112,-6.5,0.0,6.38,3,0.0,0.0,0.5,8481,
4882,210176,-4.5,0.0,2.7,1,0.0,0.0,0.5,8483,
4883,210176,-5.0,0.0,0.0,0,,,0.5,8483,
4884,210304,-3.0,0.0,4.55,1,0.0,0.0,0.5,8485,
4885,210304,-5.0,0.0,0.0,0,,,0.5,8485,
4886,210432,-5.5,0.0,1.96,1,0.0,0.0,0.5,8486,
4887,210432,-5.0,0.0,0.0,0,,,0.5,8486,
4888,210496,-5.0,0.0,0.0,0,,,0.5,8486,
4889,210560,-5.0,0.0,0.0,0,,,0.5,8486,
4890,210560,-5.0,0.0,0.0,0,,,0.5,8486,
4891,210752,-5.5,0.0,1.96,1,0.0,1.0,0.5,8489,
4892,210816,-5.0,0.0,0.0,0,,,0.5,8489,
4893,210816,-5.0,0.0,0.0,0,,,0.5,8489,
4894,210880,-5.5,0.0,5.88,3,0.3333,0.0,0.5,8489,
4895,210880,-5.0,0.0,0.0,0,,,0.5,8489,
4896,211008,-5.0,0.0,0.0,0,,,0.5,8490,
4897,211072,-2.6,0.0,5.56,1,0.0,0.0,0.5,8492,
4898,211136,-4.0,0.0,0.0,0,,,0.5,8493,
4899,211136,10.4,1.0,0.0,0,,,0.5,8493,
4900,211136,-4.0,0.0,0.0,0,,,0.5,8493,
4901,211136,-5.0,0.0,0.0,0,,,0.5,8493,
4902,211136,-2.3,0.0,6.67,1,0.0,0.0,0.5,8493,
4903,211200,-4.2,0.0,2.94,1,0.0,0.0,0.5,8494,
4904,211200,-5.0,0.0,0.0,0,,,0.5,8494,
4905,211264,-5.0,0.0,0.0,0,,,0.5,8494,
4906,211392,-2.9,0.0,4.76,1,0.0,0.0,0.5,8496,
4907,211456,-6.3,0.0,4.0,2,0.0,0.0,0.5,8499,
4908,211520,-4.1,0.0,3.03,1,0.0,0.0,0.5,8502,
4909,211520,-5.0,0.0,0.0,0,,,0.5,8502,
4910,211520,-5.3,0.0,5.0,2,0.0,0.5,0.5,8502,
4911,211648,-5.0,0.0,0.0,0,,,0.5,8505,
4912,211776,-5.0,0.0,0.0,0,,,0.5,8506,
4913,211776,-4.0,0.0,0.0,0,,,0.5,8506,
4914,211840,-5.0,0.0,2.38,1,0.0,0.0,0.5,8507,
4915,211840,-6.0,0.0,3.92,2,0.5,0.0,0.5,8507,
4916,211904,-2.8,0.0,8.0,2,0.5,0.5,0.5,8509,
4917,211968,-4.0,0.0,0.0,0,,,0.5,8511,
4918,211968,-5.5,0.0,1.96,1,0.0,0.0,0.5,8511,
4919,211968,-5.5,0.0,1.96,1,0.0,0.0,0.5,8511,
4920,211968,-5.0,0.0,0.0,0,,,0.5,8511,
4921,212160,-5.1,0.0,2.33,1,0.0,0.0,0.5,8515,
4922,212160,-5.0,0.0,0.0,0,,,0.5,8515,
4923,212288,-5.5,0.0,1.96,1,0.0,1.0,0.5,8516,
4924,212352,-5.5,0.0,5.88,3,0.0,0.0,0.5,8517,
4925,212352,-4.5,0.0,1.96,1,0.0,1.0,0.5,8517,
4926,212352,7.7,1.0,5.88,2,0.0,0.0,0.5,8517,
4927,212352,11.5,1.0,0.0,0,,,0.5,8517,
4928,212352,-5.0,0.0,0.0,0,,,0.5,8517,
4929,212352,-4.9,0.0,2.44,1,0.0,0.0,0.5,8517,
4930,212416,-5.0,0.0,0.0,0,,,0.5,8517,
4931,212416,-5.0,0.0,0.0,0,,,0.5,8517,
4932,212480,-4.0,0.0,0.0,0,,,0.5,8518,
4933,212480,-2.8,0.0,5.0,1,0.0,0.0,0.5,8518,
4934,212544,-5.0,0.0,0.0,0,,,0.5,8520,
4935,212672,-4.5,0.0,1.96,1,0.0,1.0,0.5,8522,
4936,212736,-4.0,0.0,0.0,0,,,0.5,8522,
4937,212800,-4.5,0.0,1.96,1,0.0,0.0,0.5,8525,
4938,212800,-5.3,0.0,2.22,1,0.0,0.0,0.5,8525,
4939,212800,-3.4,0.0,3.85,1,0.0,0.0,0.5,8525,
4940,212864,9.2,1.0,0.0,0,,,0.5,8525,
4941,212928,8.2,1.0,6.9,2,0.0,0.0,0.5,8525,
4942,212928,-5.5,0.0,1.96,1,0.0,1.0,0.5,8525,
4943,212992,-2.1,0.0,4.35,1,0.0,0.0,0.5,8529,
4944,212992,-1.7,0.0,11.11,1,0.0,0.0,0.5,8529,
4945,212992,-4.9,0.0,4.35,2,0.0,0.5,0.5,8529,
4946,212992,-5.0,0.0,0.0,0,,,0.5,8529,
4947,212992,-5.9,0.0,1.96,1,0.0,0.0,0.5,8529,
4948,213056,-5.0,0.0,0.0,0,,,0.5,8530,
4949,213120,-5.0,0.0,0.0,0,,,0.5,8532,
4950,213120,-5.0,0.0,0.0,0,,,0.5,8532,
4951,213120,-2.5,0.0,3.7,1,0.0,0.0,0.5,8532,
4952,213120,-3.4,0.0,3.85,1,0.0,0.0,0.5,8532,
4953,213184,-5.0,0.0,3.92,2,0.0,0.5,0.5,8532,
4954,213248,-5.0,0.0,0.0,0,,,0.5,8532,
4955,213248,-5.0,0.0,3.92,2,1.0,0.0,0.5,8532,
4956,213312,-2.9,0.0,4.76,1,0.0,0.0,0.5,8536,
4957,213376,-5.0,0.0,0.0,0,,,0.5,8537,
4958,213376,9.6,1.0,0.0,0,,,0.5,8537,
4959,213376,-5.0,0.0,0.0,0,,,0.5,8537,
4960,213504,10.8,1.0,12.5,1,0.0,1.0,0.5,8539,
4961,213568,11.2,1.0,0.0,0,,,0.5,8540,
4962,213568,-3.5,0.0,3.7,1,0.0,0.0,0.5,8540,
4963,213568,-4.0,0.0,0.0,0,,,0.5,8540,
4964,213632,-2.8,0.0,5.0,1,0.0,0.0,0.5,8542,
4965,213696,-5.0,0.0,0.0,0,,,0.5,8543,
4966,213696,7.1,1.0,5.0,2,0.0,0.5,0.5,8543,
4967,213696,-5.0,0.0,0.0,0,,,0.5,8543,
4968,213760,-5.0,0.0,0.0,0,,,0.5,8543,
4969,213824,-5.0,0.0,0.0,0,,,0.5,8543,
4970,213824,-5.0,0.0,0.0,0,,,0.5,8543,
4971,214016,-2.4,0.0,6.25,1,0.0,0.0,0.5,8547,
4972,214016,-5.0,0.0,0.0,0,,,0.5,8547,
4973,214080,-3.4,0.0,2.78,1,0.0,0.0,0.5,8548,
4974,214080,-5.5,0.0,1.96,1,0.0,1.0,0.5,8548,
4975,214080,-5.5,0.0,1.96,1,0.0,1.0,0.5,8548,
4976,214144,-5.0,0.0,0.0,0,,,0.5,8549,
4977,214144,-6.5,0.0,5.88,3,0.0,0.6667,0.5,8549,
4978,214144,-4.7,0.0,2.56,1,0.0,0.0,0.5,8549,
4979,214272,-2.6,0.0,3.57,1,0.0,0.0,0.5,8551,
4980,214336,-3.7,0.0,8.33,2,0.0,0.0,0.5,8552,
4981,214400,-5.0,0.0,0.0,0,,,0.5,8552,
4982,214400,-5.5,0.0,1.96,1,0.0,0.0,0.5,8552,
4983,214400,-5.5,0.0,5.88,3,0.0,0.0,0.5,8552,
4984,214464,-4.0,0.0,0.0,0,,,0.5,8552,
4985,214528,-5.5,0.0,1.96,1,0.0,1.0,0.5,8552,
4986,214784,-6.0,0.0,3.92,2,0.0,0.0,0.5,8555,
4987,214784,-5.0,0.0,0.0,0,,,0.5,8555,
4988,214976,-5.2,0.0,2.27,1,0.0,0.0,0.5,8558,
4989,214976,-5.5,0.0,2.13,1,0.0,0.0,0.5,8558,
4990,215104,-5.0,0.0,0.0,0,,,0.5,8558,
4991,215168,-5.0,0.0,0.0,0,,,0.5,8558,
4992,215232,-4.0,0.0,0.0,0,,,0.5,8560,
4993,215424,-5.0,0.0,0.0,0,,,0.5,8562,
4994,215424,9.6,1.0,5.0,1,0.0,1.0,0.5,8562,
4995,215488,-2.3,0.0,6.67,1,0.0,0.0,0.5,8564,
4996,215552,-5.0,0.0,0.0,0,,,0.5,8564,
4997,215616,-4.6,0.0,2.63,1,0.0,0.0,0.5,8565,
4998,215616,-4.0,0.0,0.0,0,,,0.5,8565,
4999,215616,-5.0,0.0,0.0,0,,,0.5,8565,
5000,215616,-4.5,0.0,1.96,1,0.0,1.0,0.5,8565,
5001,215616,-5.5,0.0,1.96,1,0.0,0.0,0.5,8565,
5002,215616,-5.0,0.0,0.0,0,,,0.5,8565,
5003,215680,-5.0,0.0,0.0,0,,,0.5,8566,
5004,215744,-4.0,0.0,0.0,0,,,0.5,8568,
5005,215744,-4.5,0.0,6.25,2,0.0,0.5,0.5,8568,
5006,215808,-5.0,0.0,3.92,2,0.0,1.0,0.5,8568,
5007,215872,-3.4,0.0,2.78,1,0.0,0.0,0.5,8569,
5008,215936,-5.0,0.0,0.0,0,,,0.5,8570,
5009,215936,-1.3,0.0,20.0,1,0.0,0.0,0.5,8570,
5010,216000,-5.5,0.0,1.96,1,0.0,0.0,0.5,8572,
5011,216000,-6.4,0.0,6.52,3,0.0,0.6667,0.5,8572,
5012,216064,-5.5,0.0,1.96,1,0.0,1.0,0.5,8572,
5013,216064,-5.0,0.0,0.0,0,,,0.5,8572,
5014,216128,-5.0,0.0,0.0,0,,,0.5,8573,
5015,216128,-2.9,0.0,4.76,1,0.0,0.0,0.5,8573,
5016,216192,-5.5,0.0,1.96,1,1.0,0.0,0.5,8575,
5017,216192,-4.0,0.0,0.0,0,,,0.5,8575,
5018,216192,-3.1,0.0,3.03,1,0.0,0.0,0.5,8575,
5019,216256,-5.0,0.0,0.0,0,,,0.5,8576,
5020,216256,-4.0,0.0,0.0,0,,,0.5,8576,
5021,216320,-5.2,0.0,2.27,1,0.0,0.0,0.5,8577,
5022,216384,-4.5,0.0,1.96,1,0.0,0.0,0.5,8577,
5023,216384,-5.0,0.0,0.0,0,,,0.5,8577,
5024,216384,-6.0,0.0,3.92,2,0.0,0.5,0.5,8577,
5025,216384,-5.0,0.0,0.0,0,,,0.5,8577,
5026,216512,-5.0,0.0,0.0,0,,,0.5,8580,
5027,216512,-4.0,0.0,0.0,0,,,0.5,8580,
5028,216512,-5.0,0.0,2.38,1,0.0,0.0,0.5,8580,
5029,216576,-0.8,0.0,10.0,1,0.0,0.0,0.5,8582,
5030,216576,-5.0,0.0,0.0,0,,,0.5,8582,
5031,216640,-5.0,0.0,0.0,0,,,0.5,8583,
5032,216640,-5.0,0.0,0.0,0,,,0.5,8583,
5033,216640,-5.0,0.0,0.0,0,,,0.5,8583,
5034,216832,-5.0,0.0,0.0,0,,,0.5,8587,
5035,216832,-5.0,0.0,0.0,0,,,0.5,8587,
5036,216896,-5.7,0.0,2.04,1,0.0,0.0,0.5,8589,
5037,216896,-5.0,0.0,0.0,0,,,0.5,8589,
5038,216960,-5.0,0.0,0.0,0,,,0.5,8589,
5039,216960,-5.0,0.0,0.0,0,,,0.5,8589,
5040,217088,-5.0,0.0,0.0,0,,,0.5,8592,
5041,217152,11.8,1.0,0.0,0,,,0.5,8595,
5042,217152,-5.3,0.0,2.22,1,0.0,0.0,0.5,8595,
5043,217280,-5.0,0.0,0.0,0,,,0.5,8595,
5044,217280,-4.0,0.0,0.0,0,,,0.5,8595,
5045,217344,-5.0,0.0,0.0,0,,,0.5,8598,
5046,217344,-3.0,0.0,7.41,2,0.0,0.0,0.5,8598,
5047,217344,-5.0,0.0,0.0,0,,,0.5,8598,
5048,217408,-4.0,0.0,0.0,0,,,0.5,8599,
5049,217408,-5.5,0.0,1.96,1,0.0,0.0,0.5,8599,
5050,217600,-5.0,0.0,0.0,0,,,0.5,8601,
5051,217664,-5.0,0.0,0.0,0,,,0.5,8601,
5052,217664,-5.0,0.0,0.0,0,,,0.5,8601,
5053,217664,-5.5,0.0,1.96,1,0.0,1.0,0.5,8601,
5054,217728,-3.0,0.0,4.55,1,0.0,0.0,0.5,8603,
5055,217728,-4.5,0.0,1.96,1,0.0,0.0,0.5,8603,
5056,217792,-2.3,0.0,4.0,1,0.0,0.0,0.5,8605,
5057,218048,-4.0,0.0,0.0,0,,,0.5,8609,
5058,218240,-5.0,0.0,0.0,0,,,0.5,8611,
5059,218240,-2.9,0.0,3.23,1,0.0,0.0,0.5,8611,
5060,218240,-4.5,0.0,1.96,1,0.0,1.0,0.5,8611,
5061,218368,-5.0,0.0,0.0,0,,,0.5,8614,
5062,218432,-3.3,0.0,4.0,1,0.0,0.0,0.5,8616,
5063,218432,-4.3,0.0,5.0,2,0.0,0.0,0.5,8616,
5064,218432,-7.0,0.0,7.84,4,0.0,0.5,0.5,8616,
5065,218496,-3.1,0.0,3.03,1,0.0,0.0,0.5,8619,
5066,218496,-4.6,0.0,6.06,2,0.0,0.5,0.5,8619,
5067,218496,-5.0,0.0,3.92,2,0.0,0.5,0.5,8619,
5068,218624,-5.2,0.0,2.27,1,0.0,0.0,0.5,8622,
5069,218688,-5.0,0.0,0.0,0,,,0.5,8623,
5070,218688,-5.5,0.0,1.96,1,0.0,0.0,0.5,8623,
5071,218688,-4.9,0.0,2.44,1,0.0,0.0,0.5,8623,
5072,218688,8.3,1.0,3.03,1,0.0,1.0,0.5,8623,
5073,218752,-5.0,0.0,0.0,0,,,0.5,8623,
5074,218816,-5.5,0.0,1.96,1,0.0,1.0,0.5,8626,
5075,218816,-5.2,0.0,8.82,3,0.0,0.0,0.5,8626,
5076,218880,-3.5,0.0,3.7,1,0.0,0.0,0.5,8628,
5077,218880,-4.0,0.0,0.0,0,,,0.5,8628,
5078,218880,-4.3,0.0,2.86,1,0.0,0.0,0.5,8628,
5079,218880,-6.0,0.0,3.92,2,0.0,1.0,0.5,8628,
5080,218880,-4.0,0.0,0.0,0,,,0.5,8628,
5081,218880,-5.0,0.0,0.0,0,,,0.5,8628,
5082,218944,-5.8,0.0,4.44,2,0.0,0.0,0.5,8631,
5083,218944,-4.0,0.0,0.0,0,,,0.5,8631,
5084,219008,-5.0,0.0,0.0,0,,,0.5,8631,
5085,219008,-5.0,0.0,3.92,2,0.0,0.5,0.5,8631,
5086,219072,-4.4,0.0,2.17,1,0.0,0.0,0.5,8632,
5087,219200,-5.5,0.0,2.13,1,0.0,0.0,0.5,8633,
5088,219200,-7.0,0.0,7.84,4,0.25,0.5,0.5,8633,
5089,219264,-5.0,0.0,0.0,0,,,0.5,8634,
5090,219264,-4.5,0.0,1.96,1,0.0,1.0,0.5,8634,
5091,219392,-5.0,0.0,3.92,2,0.5,1.0,0.5,8635,
5092,219456,-5.0,0.0,0.0,0,,,0.5,8635,
5093,219520,-5.0,0.0,0.0,0,,,0.5,8635,
5094,219648,-2.2,0.0,10.53,2,0.0,0.0,0.5,8636,
5095,219648,-5.0,0.0,0.0,0,,,0.5,8636,
5096,219648,-5.0,0.0,0.0,0,,,0.5,8636,
5097,219776,-4.0,0.0,0.0,0,,,0.5,8637,
5098,219776,-4.0,0.0,0.0,0,,,0.5,8637,
5099,219776,-5.0,0.0,0.0,0,,,0.5,8637,
5100,219840,-4.5,0.0,1.96,1,0.0,1.0,0.5,8637,
5101,219904,-2.1,0.0,4.35,1,0.0,0.0,0.5,8640,
5102,219904,-2.6,0.0,5.56,1,0.0,0.0,0.5,8640,
5103,219904,-5.0,0.0,0.0,0,,,0.5,8640,
5104,219968,8.0,1.0,2.78,1,0.0,0.0,0.5,8640,
5105,220032,-2.9,0.0,4.76,1,0.0,0.0,0.5,8644,
5106,220032,-4.4,0.0,2.17,1,0.0,0.0,0.5,8644,
5107,220096,11.1,1.0,0.0,0,,,0.5,8644,
5108,220096,-5.0,0.0,0.0,0,,,0.5,8644,
5109,220160,6.6,1.0,4.44,2,0.0,0.5,0.5,8644,
5110,220160,-5.0,0.0,0.0,0,,,0.5,8644,
5111,220160,-4.0,0.0,0.0,0,,,0.5,8644,
5112,220224,-4.0,0.0,0.0,0,,,0.5,8644,
5113,220352,9.5,1.0,4.76,1,0.0,1.0,0.5,8644,
5114,220416,-5.0,0.0,0.0,0,,,0.5,8644,
5115,220480,-3.6,0.0,3.57,1,0.0,0.0,0.5,8646,
5116,220544,11.3,1.0,0.0,0,,,0.5,8647,
5117,220544,-0.4,0.0,16.67,1,0.0,0.0,0.5,8647,
5118,220544,-5.0,0.0,0.0,0,,,0.5,8647,
5119,220608,-5.0,0.0,3.92,2,0.0,0.0,0.5,8649,
5120,220608,-4.1,0.0,3.03,1,0.0,0.0,0.5,8649,
5121,220608,-5.0,0.0,0.0,0,,,0.5,8649,
5122,220608,-5.5,0.0,1.96,1,0.0,0.0,0.5,8649,
5123,220672,-5.0,0.0,0.0,0,,,0.5,8650,
5124,220672,-4.5,0.0,1.96,1,0.0,1.0,0.5,8650,
5125,220800,-4.1,0.0,7.14,2,0.0,0.0,0.5,8653,
5126,220800,-2.7,0.0,3.45,1,0.0,0.0,0.5,8653,
5127,220864,-5.0,0.0,0.0,0,,,0.5,8656,
5128,220864,-3.3,0.0,4.0,1,0.0,0.0,0.5,8656,
5129,220864,-4.2,0.0,2.27,1,0.0,0.0,0.5,8656,
5130,220928,-4.3,0.0,2.86,1,0.0,0.0,0.5,8658,
5131,220928,-5.0,0.0,0.0,0,,,0.5,8658,
5132,220928,-5.0,0.0,0.0,0,,,0.5,8658,
5133,220992,-4.5,0.0,1.96,1,0.0,0.0,0.5,8660,
5134,220992,-5.0,0.0,0.0,0,,,0.5,8660,
5135,221056,-5.0,0.0,0.0,0,,,0.5,8664,
5136,221056,-2.2,0.0,7.14,1,0.0,0.0,0.5,8664,
5137,221312,8.7,1.0,8.33,2,0.0,1.0,0.5,8668,
5138,221504,-5.0,0.0,0.0,0,,,0.5,8672,
5139,221504,11.8,1.0,0.0,0,,,0.5,8672,
5140,221504,-5.5,0.0,1.96,1,0.0,0.0,0.5,8672,
5141,221504,-5.5,0.0,1.96,1,1.0,1.0,0.5,8672,
5142,221632,-5.0,0.0,0.0,0,,,0.5,8672,
5143,221696,-5.9,0.0,1.96,1,0.0,0.0,0.5,8673,
5144,221760,-4.5,0.0,1.96,1,0.0,0.0,0.5,8674,
5145,221760,-5.5,0.0,5.88,3,0.0,1.0,0.5,8674,
5146,221824,-1.3,0.0,20.0,1,0.0,0.0,0.5,8678,
5147,221888,-2.2,0.0,7.14,1,0.0,0.0,0.5,8680,
5148,221888,-5.5,0.0,1.96,1,0.0,1.0,0.5,8680,
5149,221952,-6.0,0.0,3.92,2,0.0,0.5,0.5,8680,
5150,222016,9.5,1.0,4.76,1,0.0,0.0,0.5,8682,
5151,222080,-5.0,0.0,0.0,0,,,0.5,8682,
5152,222080,-5.0,0.0,0.0,0,,,0.5,8682,
5153,222144,-5.0,0.0,0.0,0,,,0.5,8684,
5154,222144,-5.0,0.0,0.0,0,,,0.5,8684,
5155,222144,-5.0,0.0,0.0,0,,,0.5,8684,
5156,222144,-5.0,0.0,0.0,0,,,0.5,8684,
5157,222144,-3.8,0.0,8.0,2,0.0,0.0,0.5,8684,
5158,222144,-5.5,0.0,1.96,1,0.0,1.0,0.5,8684,
5159,222144,-5.5,0.0,1.96,1,1.0,0.0,0.5,8684,
5160,222208,-5.0,0.0,0.0,0,,,0.5,8685,
5161,222208,-3.8,0.0,8.0,2,0.5,0.0,0.5,8685,
5162,222336,-5.5,0.0,1.96,1,0.0,1.0,0.5,8688,
5163,222336,-5.7,0.0,2.04,1,0.0,0.0,0.5,8688,
5164,222400,-3.6,0.0,3.57,1,0.0,0.0,0.5,8689,
5165,222464,11.1,1.0,20.0,1,0.0,1.0,0.5,8691,
5166,222464,-5.0,0.0,0.0,0,,,0.5,8691,
5167,222464,9.2,1.0,4.17,1,0.0,1.0,0.5,8691,
5168,222528,-5.5,0.0,1.96,1,0.0,0.0,0.5,8692,
5169,222592,-4.0,0.0,3.12,1,0.0,0.0,0.5,8693,
5170,222656,-4.0,0.0,0.0,0,,,0.5,8696,
5171,222784,-4.5,0.0,1.96,1,0.0,0.0,0.5,8697,
5172,222848,-4.0,0.0,2.38,1,0.0,0.0,0.5,8699,
5173,222848,-4.0,0.0,3.12,1,0.0,0.0,0.5,8699,
5174,222912,-5.0,0.0,0.0,0,,,0.5,8700,
5175,222912,-5.5,0.0,1.96,1,0.0,0.0,0.5,8700,
5176,222912,-5.0,0.0,0.0,0,,,0.5,8700,
5177,222976,-4.1,0.0,3.03,1,0.0,0.0,0.5,8701,
5178,223040,-2.2,0.0,7.14,1,0.0,0.0,0.5,8702,
5179,223040,-4.0,0.0,0.0,0,,,0.5,8702,
5180,223040,-5.0,0.0,0.0,0,,,0.5,8702,
5181,223104,-5.0,0.0,3.92,2,0.0,1.0,0.5,8704,
5182,223104,-4.3,0.0,2.86,1,0.0,0.0,0.5,8704,
5183,223104,-2.7,0.0,5.26,1,0.0,0.0,0.5,8704,
5184,223168,-5.0,0.0,0.0,0,,,0.5,8705,
5185,223168,-4.0,0.0,0.0,0,,,0.5,8705,
5186,223168,-5.5,0.0,1.96,1,1.0,0.0,0.5,8705,
5187,223232,-5.0,0.0,0.0,0,,,0.5,8706,
5188,223296,-2.6,0.0,5.56,1,0.0,0.0,0.5,8708,
5189,223296,-5.5,0.0,1.96,1,0.0,1.0,0.5,8708,
5190,223296,-3.9,0.0,7.69,2,0.0,0.5,0.5,8708,
5191,223360,-4.5,0.0,1.96,1,0.0,1.0,0.5,8708,
5192,223360,-5.5,0.0,1.96,1,0.0,1.0,0.5,8708,
5193,223424,-2.8,0.0,5.0,1,0.0,0.0,0.5,8710,
5194,223488,-1.3,0.0,20.0,1,0.0,0.0,0.5,8712,
5195,223488,-5.0,0.0,0.0,0,,,0.5,8712,
5196,223552,-4.0,0.0,3.12,1,0.0,0.0,0.5,8714,
5197,223616,-4.0,0.0,0.0,0,,,0.5,8717,
5198,223616,-2.8,0.0,5.0,1,0.0,0.0,0.5,8717,
5199,223680,-5.5,0.0,1.96,1,0.0,1.0,0.5,8718,
5200,223744,-5.5,0.0,1.96,1,0.0,0.0,0.5,8718,
5201,223808,-5.5,0.0,1.96,1,0.0,0.0,0.5,8719,
5202,223808,-3.5,0.0,3.7,1,0.0,0.0,0.5,8719,
5203,223872,-4.0,0.0,0.0,0,,,0.5,8719,
5204,223872,-5.0,0.0,0.0,0,,,0.5,8719,
5205,223936,-5.0,0.0,0.0,0,,,0.5,8720,
5206,224064,-2.8,0.0,8.0,2,0.0,0.5,0.5,8724,
5207,224064,-4.3,0.0,2.86,1,0.0,0.0,0.5,8724,
5208,224064,-5.0,0.0,3.92,2,0.0,0.0,0.5,8724,
5209,224128,-5.5,0.0,1.96,1,0.0,0.0,0.5,8724,
5210,224192,-5.5,0.0,1.96,1,0.0,0.0,0.5,8725,
5211,224192,-2.7,0.0,5.26,1,0.0,0.0,0.5,8725,
5212,224192,-4.0,0.0,0.0,0,,,0.5,8725,
5213,224256,-5.0,0.0,0.0,0,,,0.5,8727,
5214,224256,-4.5,0.0,6.25,2,0.0,0.0,0.5,8727,
5215,224320,-5.5,0.0,1.96,1,0.0,0.0,0.5,8728,
5216,224320,-6.5,0.0,5.88,3,0.0,1.0,0.5,8728,
5217,224704,-5.4,0.0,2.17,1,0.0,0.0,0.5,8733,
5218,224704,-4.7,0.0,2.56,1,0.0,0.0,0.5,8733,
5219,224768,-5.0,0.0,0.0,0,,,0.5,8736,
5220,224768,-4.0,0.0,0.0,0,,,0.5,8736,
5221,224960,-4.5,0.0,1.96,1,0.0,0.0,0.5,8739,
5222,224960,9.0,1.0,3.85,1,0.0,1.0,0.5,8739,
5223,225024,-6.0,0.0,3.92,2,0.0,0.5,0.5,8740,
5224,225152,10.1,1.0,6.67,1,0.0,0.0,0.5,8742,
5225,225152,-5.5,0.0,1.96,1,0.0,0.0,0.5,8742,
5226,225216,-5.0,0.0,0.0,0,,,0.5,8743,
5227,225280,11.6,1.0,0.0,0,,,0.5,8745,
5228,225280,-6.0,0.0,3.92,2,0.0,1.0,0.5,8745,
5229,225344,-5.0,0.0,3.92,2,0.5,0.0,0.5,8745,
5230,225408,-5.0,0.0,0.0,0,,,0.5,8747,
5231,225408,-4.5,0.0,1.96,1,0.0,1.0,0.5,8747,
5232,225408,-5.0,0.0,0.0,0,,,0.5,8747,
5233,225536,7.3,1.0,2.33,1,0.0,0.0,0.5,8747,
5234,225600,-5.5,0.0,1.96,1,0.0,0.0,0.5,8747,
5235,225664,-4.5,0.0,1.96,1,0.0,1.0,0.5,8748,
5236,225664,-4.9,0.0,2.44,1,0.0,0.0,0.5,8748,
5237,225728,-5.0,0.0,0.0,0,,,0.5,8748,
5238,225728,-5.0,0.0,0.0,0,,,0.5,8748,
5239,225792,-4.8,0.0,4.44,2,0.0,0.0,0.5,8749,
5240,225792,-5.0,0.0,0.0,0,,,0.5,8749,
5241,225856,-4.0,0.0,0.0,0,,,0.5,8751,
5242,225920,-5.0,0.0,0.0,0,,,0.5,8751,
5243,226112,-5.5,0.0,1.96,1,0.0,0.0,0.5,8752,
5244,226112,-6.0,0.0,3.92,2,0.0,1.0,0.5,8752,
5245,226176,-3.1,0.0,4.35,1,0.0,0.0,0.5,8754,
5246,226176,-5.0,0.0,0.0,0,,,0.5,8754,
5247,226176,-6.0,0.0,3.92,2,0.0,0.5,0.5,8754,
5248,226304,-5.0,0.0,0.0,0,,,0.5,8755,
5249,226304,-5.0,0.0,0.0,0,,,0.5,8755,
5250,226368,-4.0,0.0,0.0,0,,,0.5,8756,
5251,226368,-4.0,0.0,0.0,0,,,0.5,8756,
5252,226368,-4.0,0.0,0.0,0,,,0.5,8756,
5253,226432,-5.5,0.0,1.96,1,0.0,1.0,0.5,8756,
5254,226432,7.3,1.0,2.33,1,0.0,1.0,0.5,8756,
5255,226432,-4.0,0.0,0.0,0,,,0.5,8756,
5256,226496,-5.5,0.0,1.96,1,0.0,0.0,0.5,8757,
5257,226560,-5.5,0.0,5.88,3,0.0,0.6667,0.5,8759,
5258,226560,-5.0,0.0,0.0,0,,,0.5,8759,
5259,226624,-6.0,0.0,3.92,2,0.0,0.5,0.5,8760,
5260,226624,-5.5,0.0,1.96,1,0.0,0.0,0.5,8760,
5261,226624,-3.7,0.0,3.45,1,0.0,0.0,0.5,8760,
5262,226688,-4.0,0.0,0.0,0,,,0.5,8761,
5263,226752,-5.0,0.0,0.0,0,,,0.5,8761,
5264,226752,9.3,1.0,4.35,1,0.0,0.0,0.5,8761,
5265,226752,-5.0,0.0,0.0,0,,,0.5,8761,
5266,226816,-4.0,0.0,0.0,0,,,0.5,8761,
5267,226880,-4.0,0.0,0.0,0,,,0.5,8761,
5268,226880,-5.0,0.0,0.0,0,,,0.5,8761,
5269,226944,-5.0,0.0,2.38,1,0.0,0.0,0.5,8763,
5270,226944,-2.9,0.0,7.69,2,0.0,0.0,0.5,8763,
5271,227008,-2.7,0.0,5.26,1,0.0,0.0,0.5,8767,
5272,227008,-2.4,0.0,9.52,2,0.0,0.5,0.5,8767,
5273,227008,-5.4,0.0,2.17,1,0.0,0.0,0.5,8767,
5274,227008,-5.5,0.0,1.96,1,0.0,0.0,0.5,8767,
5275,227072,-5.0,0.0,0.0,0,,,0.5,8767,
5276,227072,-5.0,0.0,0.0,0,,,0.5,8767,
5277,227136,-5.0,0.0,0.0,0,,,0.5,8769,
5278,227136,-4.0,0.0,0.0,0,,,0.5,8769,
5279,227136,-1.4,0.0,16.67,1,0.0,0.0,0.5,8769,
5280,227200,-2.4,0.0,6.25,1,0.0,0.0,0.5,8771,
5281,227200,-5.0,0.0,3.92,2,0.0,0.0,0.5,8771,
5282,227200,-3.7,0.0,3.45,1,0.0,0.0,0.5,8771,
5283,227328,-4.0,0.0,0.0,0,,,0.5,8773,
5284,227328,10.7,1.0,11.11,1,0.0,1.0,0.5,8773,
5285,227328,-5.5,0.0,1.96,1,0.0,1.0,0.5,8773,
5286,227392,-4.0,0.0,0.0,0,,,0.5,8775,
5287,227456,-5.0,0.0,0.0,0,,,0.5,8776,
5288,227456,-5.0,0.0,0.0,0,,,0.5,8776,
5289,227520,-5.0,0.0,0.0,0,,,0.5,8776,
5290,227584,-5.0,0.0,0.0,0,,,0.5,8776,
5291,227584,-5.0,0.0,0.0,0,,,0.5,8776,
5292,227776,10.9,1.0,0.0,0,,,0.5,8777,
5293,227840,10.8,1.0,0.0,0,,,0.5,8777,
5294,227968,-2.1,0.0,4.35,1,0.0,0.0,0.5,8778,
5295,227968,-5.0,0.0,0.0,0,,,0.5,8778,
5296,228032,-3.5,0.0,3.7,1,0.0,0.0,0.5,8779,
5297,228032,-5.0,0.0,3.92,2,0.0,0.5,0.5,8779,
5298,228096,9.3,1.0,4.35,1,0.0,1.0,0.5,8779,
5299,228160,-3.1,0.0,7.14,2,0.0,0.5,0.5,8781,
5300,228160,-2.3,0.0,6.67,1,0.0,0.0,0.5,8781,
5301,228224,-5.5,0.0,1.96,1,1.0,1.0,0.5,8782,
5302,228288,-5.0,0.0,0.0,0,,,0.5,8782,
5303,228416,-5.0,0.0,0.0,0,,,0.5,8782,
5304,228416,-5.0,0.0,0.0,0,,,0.5,8782,
5305,228480,-5.0,0.0,3.92,2,0.0,0.0,0.5,8783,
5306,228672,-4.0,0.0,0.0,0,,,0.5,8785,
5307,228672,-5.9,0.0,1.96,1,0.0,0.0,0.5,8785,
5308,228672,-4.0,0.0,0.0,0,,,0.5,8785,
5309,228672,-1.6,0.0,12.5,1,0.0,0.0,0.5,8785,
5310,228736,-3.8,0.0,3.33,1,0.0,0.0,0.5,8786,
5311,228800,-5.0,0.0,0.0,0,,,0.5,8786,
5312,228864,-2.5,0.0,5.88,1,0.0,0.0,0.5,8787,
5313,228864,-5.0,0.0,0.0,0,,,0.5,8787,
5314,228928,-4.0,0.0,0.0,0,,,0.5,8789,
5315,228992,-5.0,0.0,0.0,0,,,0.5,8789,
5316,228992,-4.0,0.0,0.0,0,,,0.5,8789,
5317,229056,-5.0,0.0,2.38,1,0.0,0.0,0.5,8792,
5318,229056,-5.0,0.0,0.0,0,,,0.5,8792,
5319,229056,-3.9,0.0,2.44,1,0.0,0.0,0.5,8792,
5320,229056,-4.4,0.0,2.78,1,0.0,0.0,0.5,8792,
5321,229120,-5.5,0.0,1.96,1,0.0,0.0,0.5,8794,
5322,229184,-5.0,0.0,0.0,0,,,0.5,8795,
5323,229184,-2.7,0.0,5.26,1,0.0,0.0,0.5,8795,
5324,229248,10.1,1.0,6.67,1,1.0,1.0,0.5,8797,
5325,229376,-4.0,0.0,0.0,0,,,0.5,8798,
5326,229376,-5.0,0.0,0.0,0,,,0.5,8798,
5327,229440,-5.5,0.0,1.96,1,0.0,1.0,0.5,8798,
5328,229440,-5.0,0.0,0.0,0,,,0.5,8798,
5329,229568,-5.0,0.0,0.0,0,,,0.5,8800,
5330,229632,-5.0,0.0,0.0,0,,,0.5,8801,
5331,229696,-5.0,0.0,0.0,0,,,0.5,8804,
5332,229696,-5.5,0.0,1.96,1,0.0,1.0,0.5,8804,
5333,229696,-4.5,0.0,2.7,1,0.0,0.0,0.5,8804,
5334,229696,-5.2,0.0,2.27,1,0.0,0.0,0.5,8804,
5335,229760,-2.4,0.0,18.18,2,0.5,0.5,0.5,8806,
5336,229824,-5.0,0.0,0.0,0,,,0.5,8807,
5337,229824,-3.0,0.0,4.55,1,0.0,0.0,0.5,8807,
5338,229824,-5.5,0.0,1.96,1,0.0,1.0,0.5,8807,
5339,229888,-5.5,0.0,1.96,1,0.0,1.0,0.5,8810,
5340,229888,-5.5,0.0,1.96,1,0.0,1.0,0.5,8810,
5341,229952,-5.0,0.0,0.0,0,,,0.5,8810,
5342,230144,-5.0,0.0,0.0,0,,,0.5,8813,
5343,230208,-4.5,0.0,1.96,1,0.0,0.0,0.5,8815,
5344,230208,-5.0,0.0,0.0,0,,,0.5,8815,
5345,230208,-5.3,0.0,2.22,1,0.0,0.0,0.5,8815,
5346,230272,-5.0,0.0,0.0,0,,,0.5,8817,
5347,230272,-5.0,0.0,0.0,0,,,0.5,8817,
5348,230272,-4.3,0.0,2.86,1,0.0,0.0,0.5,8817,
5349,230336,-4.3,0.0,2.86,1,0.0,0.0,0.5,8819,
5350,230336,-4.5,0.0,1.96,1,0.0,1.0,0.5,8819,
5351,230336,-5.9,0.0,1.96,1,0.0,0.0,0.5,8819,
5352,230400,-4.0,0.0,0.0,0,,,0.5,8821,
5353,230400,-5.5,0.0,1.96,1,1.0,1.0,0.5,8821,
5354,230400,-5.5,0.0,1.96,1,0.0,1.0,0.5,8821,
5355,230464,-5.0,0.0,0.0,0,,,0.5,8823,
5356,230464,-5.5,0.0,1.96,1,0.0,0.0,0.5,8823,
5357,230592,-5.0,0.0,0.0,0,,,0.5,8823,
5358,230656,-5.6,0.0,2.08,1,0.0,0.0,0.5,8825,
5359,230656,-5.5,0.0,1.96,1,0.0,1.0,0.5,8825,
5360,230720,-6.0,0.0,3.92,2,0.0,1.0,0.5,8825,
5361,230720,-5.0,0.0,0.0,0,,,0.5,8825,
5362,230784,-1.3,0.0,20.0,1,0.0,0.0,0.5,8827,
5363,230784,-4.5,0.0,1.96,1,0.0,0.0,0.5,8827,
5364,230848,-5.0,0.0,0.0,0,,,0.5,8827,
5365,230848,11.4,1.0,0.0,0,,,0.5,8827,
5366,231104,-4.0,0.0,0.0,0,,,0.5,8827,
5367,231232,-5.0,0.0,0.0,0,,,0.5,8829,
5368,231232,-1.4,0.0,16.67,1,0.0,0.0,0.5,8829,
5369,231296,-4.9,0.0,2.44,1,0.0,0.0,0.5,8830,
5370,231296,-5.5,0.0,1.96,1,0.0,1.0,0.5,8830,
5371,231424,-5.5,0.0,1.96,1,0.0,1.0,0.5,8832,
5372,231488,-6.0,0.0,3.92,2,0.0,0.5,0.5,8833,
5373,231552,-4.8,0.0,2.5,1,0.0,0.0,0.5,8836,
5374,231680,-4.7,0.0,2.56,1,0.0,0.0,0.5,8837,
5375,231680,-5.0,0.0,0.0,0,,,0.5,8837,
5376,231744,-5.0,0.0,0.0,0,,,0.5,8838,
5377,231872,9.4,1.0,11.76,2,0.5,1.0,0.5,8841,
5378,231936,8.4,1.0,3.12,1,0.0,1.0,0.5,8841,
5379,231936,-5.5,0.0,1.96,1,0.0,0.0,0.5,8841,
5380,231936,-4.0,0.0,0.0,0,,,0.5,8841,
5381,231936,-4.0,0.0,0.0,0,,,0.5,8841,
5382,232000,-4.2,0.0,2.94,1,0.0,0.0,0.5,8842,
5383,232000,-5.0,0.0,0.0,0,,,0.5,8842,
5384,232064,-3.7,0.0,3.45,1,0.0,0.0,0.5,8844,
5385,232064,-5.5,0.0,1.96,1,0.0,0.0,0.5,8844,
5386,232128,-4.2,0.0,2.94,1,0.0,0.0,0.5,8846,
5387,232128,-5.0,0.0,0.0,0,,,0.5,8846,
5388,232128,-5.0,0.0,0.0,0,,,0.5,8846,
5389,232192,-4.5,0.0,1.96,1,0.0,0.0,0.5,8846,
5390,232256,-6.5,0.0,5.88,3,0.0,0.3333,0.5,8849,
5391,232320,-3.8,0.0,2.5,1,0.0,0.0,0.5,8851,
5392,232320,-4.5,0.0,1.96,1,0.0,1.0,0.5,8851,
5393,232320,-5.0,0.0,0.0,0,,,0.5,8851,
5394,232320,-4.5,0.0,1.96,1,0.0,0.0,0.5,8851,
5395,232384,-5.5,0.0,1.96,1,0.0,0.0,0.5,8851,
5396,232448,-5.0,0.0,0.0,0,,,0.5,8852,
5397,232512,-5.0,0.0,0.0,0,,,0.5,8853,
5398,232640,-5.5,0.0,1.96,1,0.0,1.0,0.5,8855,
5399,232640,7.3,1.0,0.0,0,,,0.5,8855,
5400,232640,-6.0,0.0,3.92,2,0.0,0.0,0.5,8855,
5401,232704,-2.7,0.0,5.26,1,0.0,0.0,0.5,8856,
5402,232704,-4.5,0.0,1.96,1,0.0,1.0,0.5,8856,
5403,232704,-4.0,0.0,0.0,0,,,0.5,8856,
5404,232832,-4.1,0.0,3.03,1,0.0,0.0,0.5,8858,
5405,232896,11.2,1.0,0.0,0,,,0.5,8861,
5406,232896,-5.0,0.0,0.0,0,,,0.5,8861,
5407,232960,-5.0,0.0,0.0,0,,,0.5,8863,
5408,232960,-5.0,0.0,3.92,2,0.0,0.5,0.5,8863,
5409,232960,-5.5,0.0,1.96,1,0.0,0.0,0.5,8863,
5410,232960,-5.5,0.0,1.96,1,0.0,1.0,0.5,8863,
5411,233088,-5.0,0.0,0.0,0,,,0.5,8865,
5412,233088,-5.1,0.0,2.33,1,0.0,0.0,0.5,8865,
5413,233088,-5.0,0.0,0.0,0,,,0.5,8865,
5414,233152,-4.3,0.0,2.22,1,0.0,0.0,0.5,8867,
5415,233152,-5.0,0.0,0.0,0,,,0.5,8867,
5416,233344,9.1,1.0,4.0,1,0.0,0.0,0.5,8868,
5417,233408,-1.7,0.0,11.11,1,0.0,0.0,0.5,8871,
5418,233408,-1.0,0.0,8.33,1,0.0,0.0,0.5,8871,
5419,233408,-5.0,0.0,3.92,2,0.5,1.0,0.5,8871,
5420,233408,-1.7,0.0,5.26,1,0.0,0.0,0.5,8871,
5421,233472,-4.0,0.0,0.0,0,,,0.5,8871,
5422,233472,-4.5,0.0,1.96,1,1.0,0.0,0.5,8871,
5423,233536,-5.5,0.0,1.96,1,0.0,1.0,0.5,8873,
5424,233536,-3.3,0.0,4.0,1,0.0,0.0,0.5,8873,
5425,233536,-5.0,0.0,3.92,2,0.0,0.5,0.5,8873,
5426,233536,-2.7,0.0,5.26,1,0.0,0.0,0.5,8873,
5427,233600,-5.0,0.0,0.0,0,,,0.5,8874,
5428,233600,-5.5,0.0,1.96,1,0.0,0.0,0.5,8874,
5429,233664,-5.5,0.0,1.96,1,0.0,0.0,0.5,8875,
5430,233664,-4.0,0.0,0.0,0,,,0.5,8875,
5431,233664,-3.9,0.0,3.23,1,0.0,0.0,0.5,8875,
5432,233728,9.4,1.0,11.76,2,0.0,0.5,0.5,8879,
5433,233728,-5.6,0.0,2.08,1,0.0,0.0,0.5,8879,
5434,233728,-5.5,0.0,2.13,1,0.0,0.0,0.5,8879,
5435,233728,-5.0,0.0,3.92,2,0.0,0.5,0.5,8879,
5436,233856,-3.6,0.0,3.57,1,0.0,0.0,0.5,8881,
5437,233856,-4.0,0.0,0.0,0,,,0.5,8881,
5438,233920,-3.3,0.0,4.0,1,0.0,0.0,0.5,8882,
5439,233920,-4.0,0.0,0.0,0,,,0.5,8882,
5440,234048,-5.5,0.0,1.96,1,0.0,0.0,0.5,8883,
5441,234112,-1.4,0.0,16.67,1,0.0,0.0,0.5,8885,
5442,234112,-6.0,0.0,3.92,2,0.0,0.5,0.5,8885,
5443,234368,-5.5,0.0,1.96,1,0.0,0.0,0.5,8887,
5444,234432,-3.0,0.0,3.12,1,0.0,0.0,0.5,8888,
5445,234496,-5.3,0.0,5.0,2,0.0,0.0,0.5,8890,
5446,234496,-4.2,0.0,2.27,1,0.0,0.0,0.5,8890,
5447,234496,-4.0,0.0,0.0,0,,,0.5,8890,
5448,234496,-5.0,0.0,0.0,0,,,0.5,8890,
5449,234560,-5.0,0.0,0.0,0,,,0.5,8892,
5450,234560,-4.8,0.0,5.71,2,0.0,0.0,0.5,8892,
5451,234560,-5.4,0.0,4.88,2,0.0,0.5,0.5,8892,
5452,234560,-5.0,0.0,0.0,0,,,0.5,8892,
5453,234688,-5.0,0.0,3.92,2,0.0,0.5,0.5,8893,
5454,234816,-5.0,0.0,0.0,0,,,0.5,8895,
5455,234944,-3.9,0.0,3.23,1,0.0,0.0,0.5,8896,
5456,235008,-3.8,0.0,3.33,1,0.0,0.0,0.5,8897,
5457,235136,-5.9,0.0,1.96,1,0.0,0.0,0.5,8898,
5458,235200,-5.0,0.0,0.0,0,,,0.5,8899,
5459,235264,-4.0,0.0,0.0,0,,,0.5,8900,
5460,235264,-4.0,0.0,0.0,0,,,0.5,8900,
5461,235264,-2.9,0.0,4.76,1,0.0,0.0,0.5,8900,
5462,235328,-5.0,0.0,0.0,0,,,0.5,8901,
5463,235392,-4.0,0.0,0.0,0,,,0.5,8901,
5464,235392,-5.0,0.0,0.0,0,,,0.5,8901,
5465,235392,-4.0,0.0,0.0,0,,,0.5,8901,
5466,235456,-4.3,0.0,5.0,2,0.0,0.5,0.5,8904,
5467,235456,-2.8,0.0,3.33,1,0.0,0.0,0.5,8904,
5468,235520,-4.0,0.0,0.0,0,,,0.5,8904,
5469,235712,-4.5,0.0,1.96,1,0.0,0.0,0.5,8906,
5470,235776,-5.0,0.0,0.0,0,,,0.5,8906,
5471,235840,-3.9,0.0,14.29,3,0.3333,0.3333,0.5,8910,
5472,235840,-3.2,0.0,2.94,1,0.0,0.0,0.5,8910,
5473,235904,-6.0,0.0,3.92,2,0.5,0.5,0.5,8911,
5474,235904,-1.2,0.0,7.14,1,0.0,0.0,0.5,8911,
5475,235968,-4.9,0.0,1.96,1,0.0,0.0,0.5,8913,
5476,235968,-4.0,0.0,0.0,0,,,0.5,8913,
5477,235968,-5.0,0.0,0.0,0,,,0.5,8913,
5478,236096,-5.7,0.0,2.04,1,0.0,0.0,0.5,8915,
5479,236096,-4.5,0.0,2.7,1,0.0,0.0,0.5,8915,
5480,236160,-5.5,0.0,1.96,1,0.0,0.0,0.5,8916,
5481,236160,9.7,1.0,5.26,1,0.0,1.0,0.5,8916,
5482,236224,-5.0,0.0,3.92,2,0.0,1.0,0.5,8916,
5483,236224,9.5,1.0,0.0,0,,,0.5,8916,
5484,236224,-5.5,0.0,1.96,1,0.0,1.0,0.5,8916,
5485,236288,-1.3,0.0,6.67,1,0.0,0.0,0.5,8917,
5486,236352,-5.5,0.0,1.96,1,0.0,1.0,0.5,8917,
5487,236352,-5.0,0.0,0.0,0,,,0.5,8917,
5488,236416,-5.0,0.0,0.0,0,,,0.5,8917,
5489,236416,-5.0,0.0,0.0,0,,,0.5,8917,
5490,236608,-4.1,0.0,3.03,1,0.0,0.0,0.5,8920,
5491,236608,-5.5,0.0,1.96,1,0.0,1.0,0.5,8920,
5492,236672,-5.0,0.0,0.0,0,,,0.5,8920,
5493,236672,-5.0,0.0,0.0,0,,,0.5,8920,
5494,236672,-4.0,0.0,0.0,0,,,0.5,8920,
5495,236672,-5.0,0.0,0.0,0,,,0.5,8920,
5496,236736,-5.4,0.0,3.92,2,0.0,0.5,0.5,8923,
5497,236736,-4.0,0.0,0.0,0,,,0.5,8923,
5498,236736,-5.0,0.0,2.38,1,0.0,0.0,0.5,8923,
5499,236800,-5.0,0.0,0.0,0,,,0.5,8924,
5500,236800,-5.0,0.0,0.0,0,,,0.5,8924,
5501,236800,-2.2,0.0,7.14,1,0.0,0.0,0.5,8924,
5502,236800,-4.0,0.0,0.0,0,,,0.5,8924,
5503,236864,-5.0,0.0,0.0,0,,,0.5,8925,
5504,236864,-3.3,0.0,4.0,1,0.0,0.0,0.5,8925,
5505,236864,-5.5,0.0,1.96,1,0.0,0.0,0.5,8925,
5506,236928,-5.5,0.0,1.96,1,0.0,0.0,0.5,8927,
5507,236928,-4.0,0.0,0.0,0,,,0.5,8927,
5508,236992,-4.0,0.0,0.0,0,,,0.5,8928,
5509,236992,-6.0,0.0,3.92,2,0.0,0.5,0.5,8928,
5510,237120,-5.0,0.0,3.92,2,0.0,0.5,0.5,8930,
5511,237120,-5.0,0.0,0.0,0,,,0.5,8930,
5512,237184,-1.9,0.0,4.76,1,0.0,0.0,0.5,8932,
5513,237184,-5.0,0.0,0.0,0,,,0.5,8932,
5514,237376,-5.0,0.0,3.92,2,0.0,0.5,0.5,8936,
5515,237376,8.6,1.0,0.0,0,,,0.5,8936,
5516,237376,-5.0,0.0,0.0,0,,,0.5,8936,
5517,237568,-2.3,0.0,6.67,1,0.0,0.0,0.5,8940,
5518,237568,-4.7,0.0,2.04,1,0.0,0.0,0.5,8940,
5519,237632,-5.0,0.0,0.0,0,,,0.5,8941,
5520,237632,-4.2,0.0,2.94,1,0.0,0.0,0.5,8941,
5521,237760,-5.2,0.0,5.13,2,0.0,0.0,0.5,8946,
5522,237760,-0.8,0.0,10.0,1,0.0,0.0,0.5,8946,
5523,237760,-5.0,0.0,0.0,0,,,0.5,8946,
5524,237760,-5.5,0.0,1.96,1,0.0,1.0,0.5,8946,
5525,237824,-5.0,0.0,0.0,0,,,0.5,8947,
5526,237824,-5.0,0.0,0.0,0,,,0.5,8947,
5527,237824,-2.5,0.0,9.09,2,0.0,0.0,0.5,8947,
5528,237824,-5.0,0.0,0.0,0,,,0.5,8947,
5529,237952,8.3,1.0,7.14,2,1.0,1.0,0.5,8952,
5530,237952,-4.5,0.0,1.96,1,0.0,0.0,0.5,8952,
5531,238080,-2.6,0.0,5.56,1,0.0,0.0,0.5,8956,
5532,238080,-5.0,0.0,0.0,0,,,0.5,8956,
5533,238272,9.2,1.0,4.17,1,0.0,1.0,0.5,8960,
5534,238400,10.9,1.0,14.29,1,0.0,1.0,0.5,8962,
5535,238464,-5.0,0.0,0.0,0,,,0.5,8963,
5536,238464,-5.1,0.0,2.33,1,0.0,0.0,0.5,8963,
5537,238528,-5.6,0.0,2.08,1,0.0,0.0,0.5,8965,
5538,238528,-1.2,0.0,25.0,1,0.0,0.0,0.5,8965,
5539,238528,-5.0,0.0,0.0,0,,,0.5,8965,
5540,238656,-4.0,0.0,0.0,0,,,0.5,8967,
5541,238656,-5.0,0.0,0.0,0,,,0.5,8967,
5542,238656,-4.0,0.0,0.0,0,,,0.5,8967,
5543,238720,-4.9,0.0,2.44,1,0.0,0.0,0.5,8969,
5544,238720,-3.9,0.0,3.23,1,0.0,0.0,0.5,8969,
5545,238784,-5.2,0.0,2.27,1,0.0,0.0,0.5,8970,
5546,238784,-5.0,0.0,0.0,0,,,0.5,8970,
5547,238848,-4.3,0.0,2.86,1,0.0,0.0,0.5,8971,
5548,239040,-5.5,0.0,1.96,1,1.0,1.0,0.5,8973,
5549,239104,-5.5,0.0,1.96,1,0.0,1.0,0.5,8973,
5550,239104,9.0,1.0,0.0,0,,,0.5,8973,
5551,239168,-5.0,0.0,0.0,0,,,0.5,8975,
5552,239168,-5.6,0.0,4.65,2,0.0,0.5,0.5,8975,
5553,239232,-3.4,0.0,3.85,1,0.0,0.0,0.5,8977,
5554,239232,-4.0,0.0,3.12,1,0.0,0.0,0.5,8977,
5555,239232,-5.5,0.0,1.96,1,0.0,1.0,0.5,8977,
5556,239232,-6.0,0.0,3.92,2,0.0,0.5,0.5,8977,
5557,239296,-4.4,0.0,2.78,1,0.0,0.0,0.5,8978,
5558,239360,-5.0,0.0,0.0,0,,,0.5,8978,
5559,239424,-5.0,0.0,0.0,0,,,0.5,8978,
5560,239488,-5.0,0.0,3.92,2,0.5,0.5,0.5,8978,
5561,239488,-5.5,0.0,1.96,1,0.0,1.0,0.5,8978,
5562,239488,-4.0,0.0,0.0,0,,,0.5,8978,
5563,239552,-5.0,0.0,0.0,0,,,0.5,8979,
5564,239616,-4.0,0.0,0.0,0,,,0.5,8979,
5565,239616,-5.0,0.0,0.0,0,,,0.5,8979,
5566,239680,8.6,1.0,3.33,1,0.0,0.0,0.5,8979,
5567,239744,-3.7,0.0,5.88,2,0.5,0.5,0.5,8981,
5568,239808,-2.3,0.0,6.67,1,0.0,0.0,0.5,8982,
5569,239936,-4.0,0.0,0.0,0,,,0.5,8983,
5570,239936,-5.0,0.0,0.0,0,,,0.5,8983,
5571,239936,-5.0,0.0,0.0,0,,,0.5,8983,
5572,239936,-5.0,0.0,0.0,0,,,0.5,8983,
5573,240000,-4.7,0.0,4.55,2,0.5,0.5,0.5,8985,
5574,240000,-5.0,0.0,0.0,0,,,0.5,8985,
5575,240064,-5.0,0.0,0.0,0,,,0.5,8985,
5576,240064,-7.5,0.0,9.8,5,0.2,0.8,0.5,8985,
5577,240064,-5.0,0.0,0.0,0,,,0.5,8985,
5578,240064,-5.5,0.0,1.96,1,0.0,1.0,0.5,8985,
5579,240128,-5.0,0.0,0.0,0,,,0.5,8986,
5580,240128,-5.0,0.0,0.0,0,,,0.5,8986,
5581,240128,-2.4,0.0,6.25,1,0.0,0.0,0.5,8986,
5582,240128,-5.0,0.0,0.0,0,,,0.5,8986,
5583,240192,-5.5,0.0,1.96,1,0.0,0.0,0.5,8987,
5584,240256,-4.5,0.0,1.96,1,0.0,1.0,0.5,8989,
5585,240256,-4.2,0.0,2.94,1,0.0,0.0,0.5,8989,
5586,240640,-4.0,0.0,0.0,0,,,0.5,8990,
5587,240640,-5.0,0.0,3.92,2,0.0,0.5,0.5,8990,
5588,240640,-4.5,0.0,1.96,1,0.0,0.0,0.5,8990,
5589,240768,-4.0,0.0,3.12,1,0.0,0.0,0.5,8992,
5590,240896,-5.5,0.0,1.96,1,0.0,0.0,0.5,8992,
5591,240896,8.6,1.0,0.0,0,,,0.5,8992,
5592,240896,-4.0,0.0,0.0,0,,,0.5,8992,
5593,241024,-5.0,0.0,0.0,0,,,0.5,8994,
5594,241024,-2.3,0.0,6.67,1,0.0,0.0,0.5,8994,
5595,241024,-5.0,0.0,0.0,0,,,0.5,8994,
5596,241024,-4.5,0.0,1.96,1,1.0,0.0,0.5,8994,
5597,241088,-5.0,0.0,0.0,0,,,0.5,8995,
5598,241088,-4.0,0.0,0.0,0,,,0.5,8995,
5599,241088,-5.5,0.0,1.96,1,0.0,1.0,0.5,8995,
5600,241088,-5.0,0.0,0.0,0,,,0.5,8995,
5601,241216,-5.0,0.0,0.0,0,,,0.5,8995,
5602,241280,-4.0,0.0,9.38,3,0.0,0.3333,0.5,8996,
5603,241344,-5.9,0.0,5.88,3,0.0,0.3333,0.5,8997,
5604,241472,-4.4,0.0,2.17,1,0.0,0.0,0.5,8998,
5605,241536,-4.5,0.0,2.13,1,0.0,0.0,0.5,9001,
5606,241600,-2.1,0.0,7.69,1,0.0,0.0,0.5,9002,
5607,241664,-4.0,0.0,0.0,0,,,0.5,9002,
5608,241728,-5.0,0.0,0.0,0,,,0.5,9003,
5609,241728,11.1,1.0,0.0,0,,,0.5,9003,
5610,241728,-4.0,0.0,0.0,0,,,0.5,9003,
5611,241728,-4.8,0.0,2.5,1,0.0,0.0,0.5,9003,
5612,241792,-3.5,0.0,3.7,1,0.0,0.0,0.5,9004,
5613,241792,-5.0,0.0,0.0,0,,,0.5,9004,
5614,241920,-4.0,0.0,0.0,0,,,0.5,9006,
5615,241920,-5.0,0.0,0.0,0,,,0.5,9006,
5616,241984,-2.5,0.0,5.88,1,0.0,0.0,0.5,9007,
5617,241984,10.0,1.0,0.0,0,,,0.5,9007,
5618,241984,-5.5,0.0,1.96,1,0.0,0.0,0.5,9007,
5619,242048,-2.4,0.0,6.25,1,0.0,0.0,0.5,9008,
5620,242048,-5.5,0.0,1.96,1,1.0,0.0,0.5,9008,
5621,242048,-5.5,0.0,1.96,1,0.0,0.0,0.5,9008,
5622,242112,-5.3,0.0,2.22,1,0.0,0.0,0.5,9009,
5623,242240,-2.6,0.0,5.56,1,0.0,0.0,0.5,9012,
5624,242240,-5.5,0.0,4.76,2,0.0,0.5,0.5,9012,
5625,242304,-4.0,0.0,0.0,0,,,0.5,9013,
5626,242368,-5.0,0.0,0.0,0,,,0.5,9013,
5627,242432,-5.5,0.0,1.96,1,0.0,0.0,0.5,9014,
5628,242432,-3.2,0.0,4.17,1,0.0,0.0,0.5,9014,
5629,242496,-5.0,0.0,0.0,0,,,0.5,9016,
5630,242496,-5.0,0.0,0.0,0,,,0.5,9016,
5631,242560,-5.5,0.0,1.96,1,0.0,0.0,0.5,9017,
5632,242624,-2.9,0.0,3.23,1,0.0,0.0,0.5,9018,
5633,242624,-5.0,0.0,0.0,0,,,0.5,9018,
5634,242688,-5.0,0.0,0.0,0,,,0.5,9018,
5635,242752,-5.0,0.0,0.0,0,,,0.5,9020,
5636,242752,-5.0,0.0,0.0,0,,,0.5,9020,
5637,242752,-5.1,0.0,2.33,1,0.0,0.0,0.5,9020,
5638,242752,-5.2,0.0,2.27,1,0.0,0.0,0.5,9020,
5639,242752,-5.0,0.0,0.0,0,,,0.5,9020,
5640,242880,-5.1,0.0,2.33,1,0.0,0.0,0.5,9021,
5641,242880,-5.0,0.0,0.0,0,,,0.5,9021,
5642,242880,-5.5,0.0,5.88,3,0.0,0.6667,0.5,9021,
5643,242944,10.5,1.0,0.0,0,,,0.5,9022,
5644,242944,-5.5,0.0,1.96,1,0.0,0.0,0.5,9022,
5645,243008,7.3,1.0,2.33,1,0.0,1.0,0.5,9022,
5646,243008,-5.0,0.0,0.0,0,,,0.5,9022,
5647,243072,-2.9,0.0,12.5,2,0.5,0.0,0.5,9023,
5648,243072,-4.0,0.0,0.0,0,,,0.5,9023,
5649,243136,10.4,1.0,0.0,0,,,0.5,9027,
5650,243200,-5.5,0.0,1.96,1,0.0,1.0,0.5,9027,
5651,243200,-5.0,0.0,0.0,0,,,0.5,9027,
5652,243200,-5.5,0.0,1.96,1,0.0,1.0,0.5,9027,
5653,243264,-5.0,0.0,0.0,0,,,0.5,9027,
5654,243328,-4.0,0.0,0.0,0,,,0.5,9028,
5655,243328,-5.0,0.0,0.0,0,,,0.5,9028,
5656,243392,-5.0,0.0,0.0,0,,,0.5,9030,
5657,243392,-5.0,0.0,0.0,0,,,0.5,9030,
5658,243392,-2.4,0.0,6.25,1,0.0,0.0,0.5,9030,
5659,243392,-5.0,0.0,0.0,0,,,0.5,9030,
5660,243456,-5.0,0.0,0.0,0,,,0.5,9030,
5661,243520,-5.5,0.0,1.96,1,0.0,0.0,0.5,9032,
5662,243712,-3.5,0.0,3.7,1,0.0,0.0,0.5,9035,
5663,243840,-4.4,0.0,2.78,1,0.0,0.0,0.5,9038,
5664,243904,-5.0,0.0,0.0,0,,,0.5,9038,
5665,243904,8.6,1.0,3.33,1,0.0,0.0,0.5,9038,
5666,244160,-5.2,0.0,2.27,1,0.0,0.0,0.5,9040,
5667,244160,-5.0,0.0,0.0,0,,,0.5,9040,
5668,244160,7.7,1.0,2.56,1,0.0,0.0,0.5,9040,
5669,244288,-5.0,0.0,0.0,0,,,0.5,9041,
5670,244288,-4.0,0.0,0.0,0,,,0.5,9041,
5671,244288,-4.0,0.0,0.0,0,,,0.5,9041,
5672,244352,-5.0,0.0,0.0,0,,,0.5,9041,
5673,244352,-5.0,0.0,0.0,0,,,0.5,9041,
5674,244416,-3.2,0.0,4.17,1,0.0,0.0,0.5,9043,
5675,244480,-5.0,0.0,0.0,0,,,0.5,9044,
5676,244544,-2.9,0.0,4.76,1,0.0,0.0,0.5,9047,
5677,244544,-5.0,0.0,0.0,0,,,0.5,9047,
5678,244608,-3.7,0.0,3.45,1,0.0,0.0,0.5,9048,
5679,244672,-2.1,0.0,4.35,1,0.0,0.0,0.5,9050,
5680,244736,-4.1,0.0,3.03,1,0.0,0.0,0.5,9053,
5681,244736,-4.5,0.0,1.96,1,0.0,0.0,0.5,9053,
5682,244864,-3.5,0.0,3.7,1,0.0,0.0,0.5,9057,
5683,244864,-5.0,0.0,0.0,0,,,0.5,9057,
5684,244992,-5.8,0.0,2.0,1,0.0,0.0,0.5,9060,
5685,244992,-5.0,0.0,0.0,0,,,0.5,9060,
5686,244992,-5.0,0.0,0.0,0,,,0.5,9060,
5687,244992,-5.0,0.0,0.0,0,,,0.5,9060,
5688,244992,11.6,1.0,0.0,0,,,0.5,9060,
5689,244992,-3.3,0.0,4.0,1,0.0,0.0,0.5,9060,
5690,244992,-5.0,0.0,0.0,0,,,0.5,9060,
5691,244992,8.6,1.0,0.0,0,,,0.5,9060,
5692,245056,-5.5,0.0,1.96,1,0.0,1.0,0.5,9061,
5693,245120,-4.0,0.0,5.41,2,0.0,0.0,0.5,9063,
5694,245184,-4.0,0.0,0.0,0,,,0.5,9064,
5695,245248,-5.0,0.0,0.0,0,,,0.5,9065,
5696,245312,-5.0,0.0,0.0,0,,,0.5,9066,
5697,245376,-5.0,0.0,0.0,0,,,0.5,9067,
5698,245376,-2.8,0.0,3.33,1,0.0,0.0,0.5,9067,
5699,245440,-3.5,0.0,2.7,1,0.0,0.0,0.5,9069,
5700,245504,-3.6,0.0,3.57,1,0.0,0.0,0.5,9070,
5701,245504,-5.0,0.0,0.0,0,,,0.5,9070,
5702,245504,-5.0,0.0,0.0,0,,,0.5,9070,
5703,245568,-5.5,0.0,1.96,1,0.0,0.0,0.5,9071,
5704,245632,-4.6,0.0,2.08,1,0.0,0.0,0.5,9072,
5705,245696,-4.4,0.0,2.78,1,0.0,0.0,0.5,9075,
5706,245696,-5.5,0.0,5.88,3,0.0,0.3333,0.5,9075,
5707,245696,-5.9,0.0,1.96,1,0.0,0.0,0.5,9075,
5708,245760,-5.0,0.0,0.0,0,,,0.5,9077,
5709,245760,-5.0,0.0,0.0,0,,,0.5,9077,
5710,245760,-1.2,0.0,25.0,1,0.0,0.0,0.5,9077,
5711,245824,-3.0,0.0,11.76,2,0.0,0.0,0.5,9081,
5712,245824,-0.6,0.0,12.5,1,0.0,0.0,0.5,9081,
5713,245888,-3.1,0.0,4.35,1,0.0,0.0,0.5,9084,
5714,245888,-6.0,0.0,3.92,2,0.0,0.0,0.5,9084,
5715,245952,7.3,1.0,14.29,4,0.0,0.75,0.5,9086,
5716,245952,-5.0,0.0,0.0,0,,,0.5,9086,
5717,246016,-5.0,0.0,0.0,0,,,0.5,9087,
5718,246016,-5.0,0.0,3.92,2,0.0,0.0,0.5,9087,
5719,246144,-6.0,0.0,3.92,2,0.0,1.0,0.5,9088,
5720,246144,-5.0,0.0,0.0,0,,,0.5,9088,
5721,246208,-5.0,0.0,0.0,0,,,0.5,9089,
5722,246208,-4.5,0.0,1.96,1,0.0,0.0,0.5,9089,
5723,246272,-5.0,0.0,0.0,0,,,0.5,9089,
5724,246272,-5.5,0.0,1.96,1,0.0,1.0,0.5,9089,
5725,246336,-4.0,0.0,0.0,0,,,0.5,9092,
5726,246336,-4.4,0.0,6.45,2,0.0,0.0,0.5,9092,
5727,246400,-3.1,0.0,11.11,2,0.5,0.0,0.5,9094,
5728,246464,8.6,1.0,3.33,1,0.0,1.0,0.5,9095,
5729,246464,-5.0,0.0,0.0,0,,,0.5,9095,
5730,246528,-4.0,0.0,0.0,0,,,0.5,9098,
5731,246528,-3.0,0.0,4.55,1,0.0,0.0,0.5,9098,
5732,246528,-6.7,0.0,6.12,3,0.0,0.3333,0.5,9098,
5733,246592,-6.0,0.0,7.84,4,0.0,0.25,0.5,9098,
5734,246592,-4.5,0.0,1.96,1,0.0,1.0,0.5,9098,
5735,246656,-5.0,0.0,0.0,0,,,0.5,9098,
5736,246784,-5.0,0.0,0.0,0,,,0.5,9100,
5737,246848,-1.9,0.0,9.09,1,0.0,0.0,0.5,9101,
5738,246912,10.4,1.0,0.0,0,,,0.5,9101,
5739,246976,11.4,1.0,0.0,0,,,0.5,9103,
5740,246976,-4.4,0.0,6.45,2,0.0,0.0,0.5,9103,
5741,246976,11.6,1.0,0.0,0,,,0.5,9103,
5742,247104,-4.0,0.0,0.0,0,,,0.5,9104,
5743,247104,-1.9,0.0,4.76,1,0.0,0.0,0.5,9104,
5744,247168,-5.5,0.0,1.96,1,0.0,0.0,0.5,9104,
5745,247168,7.1,1.0,2.22,1,0.0,0.0,0.5,9104,
5746,247168,-6.0,0.0,3.92,2,0.0,1.0,0.5,9104,
5747,247424,-4.5,0.0,1.96,1,0.0,1.0,0.5,9108,
5748,247424,-4.0,0.0,0.0,0,,,0.5,9108,
5749,247488,-5.8,0.0,2.0,1,0.0,0.0,0.5,9109,
5750,247552,-5.5,0.0,1.96,1,0.0,1.0,0.5,9109,
5751,247616,-4.5,0.0,1.96,1,0.0,1.0,0.5,9110,
5752,247744,-2.7,0.0,5.26,1,0.0,0.0,0.5,9112,
5753,247744,-4.0,0.0,0.0,0,,,0.5,9112,
5754,247808,-5.0,0.0,0.0,0,,,0.5,9112,
5755,247808,9.5,1.0,0.0,0,,,0.5,9112,
5756,247872,-6.0,0.0,3.92,2,0.0,0.0,0.5,9114,
5757,247872,-3.7,0.0,3.45,1,0.0,0.0,0.5,9114,
5758,247872,8.2,1.0,0.0,0,,,0.5,9114,
5759,247872,-4.5,0.0,2.7,1,0.0,0.0,0.5,9114,
5760,248000,-5.5,0.0,1.96,1,1.0,0.0,0.5,9114,
5761,248128,-4.0,0.0,0.0,0,,,0.5,9115,
5762,248128,-4.2,0.0,2.94,1,0.0,0.0,0.5,9115,
5763,248128,-5.0,0.0,0.0,0,,,0.5,9115,
5764,248256,-4.0,0.0,0.0,0,,,0.5,9117,
5765,248256,-5.1,0.0,2.33,1,0.0,0.0,0.5,9117,
5766,248256,-5.0,0.0,0.0,0,,,0.5,9117,
5767,248256,-5.0,0.0,0.0,0,,,0.5,9117,
5768,248256,-5.0,0.0,0.0,0,,,0.5,9117,
5769,248256,-5.0,0.0,0.0,0,,,0.5,9117,
5770,248256,-5.5,0.0,1.96,1,0.0,1.0,0.5,9117,
5771,248256,-5.0,0.0,0.0,0,,,0.5,9117,
5772,248320,-5.5,0.0,1.96,1,1.0,0.0,0.5,9122,
5773,248320,-1.9,0.0,4.76,1,0.0,0.0,0.5,9122,
5774,248320,11.0,1.0,0.0,0,,,0.5,9122,
5775,248320,-1.5,0.0,14.29,1,0.0,0.0,0.5,9122,
5776,248448,-3.7,0.0,3.45,1,0.0,0.0,0.5,9126,
5777,248448,-5.9,0.0,1.96,1,0.0,0.0,0.5,9126,
5778,248640,-5.0,0.0,0.0,0,,,0.5,9128,
5779,248704,-6.0,0.0,3.92,2,0.0,0.5,0.5,9128,
5780,248832,-4.5,0.0,1.96,1,0.0,0.0,0.5,9131,
5781,248832,-1.6,0.0,12.5,1,0.0,0.0,0.5,9131,
5782,248896,-5.0,0.0,0.0,0,,,0.5,9131,
5783,248960,-4.0,0.0,0.0,0,,,0.5,9133,
5784,248960,-5.1,0.0,2.33,1,0.0,0.0,0.5,9133,
5785,248960,-6.0,0.0,3.92,2,0.0,0.5,0.5,9133,
5786,248960,-5.0,0.0,3.92,2,0.5,0.5,0.5,9133,
5787,248960,-6.3,0.0,4.0,2,0.0,0.5,0.5,9133,
5788,249024,-4.0,0.0,0.0,0,,,0.5,9135,
5789,249024,6.4,1.0,4.26,2,0.0,0.0,0.5,9135,
5790,249024,-3.1,0.0,11.11,2,0.0,0.5,0.5,9135,
5791,249088,-4.0,0.0,0.0,0,,,0.5,9135,
5792,249152,-5.0,0.0,0.0,0,,,0.5,9137,
5793,249152,-5.0,0.0,0.0,0,,,0.5,9137,
5794,249216,-5.5,0.0,1.96,1,0.0,0.0,0.5,9137,
5795,249280,-3.2,0.0,4.17,1,0.0,0.0,0.5,9138,
5796,249344,-1.3,0.0,20.0,1,0.0,0.0,0.5,9142,
5797,249472,-4.0,0.0,0.0,0,,,0.5,9144,
5798,249536,-5.0,0.0,0.0,0,,,0.5,9147,
5799,249536,-4.0,0.0,0.0,0,,,0.5,9147,
5800,249536,-4.5,0.0,2.7,1,0.0,0.0,0.5,9147,
5801,249536,-2.5,0.0,5.88,1,0.0,0.0,0.5,9147,
5802,249600,-6.5,0.0,5.88,3,0.0,0.3333,0.5,9149,
5803,249600,-4.0,0.0,0.0,0,,,0.5,9149,
5804,249600,-1.8,0.0,10.0,1,0.0,0.0,0.5,9149,
5805,249664,-5.0,0.0,0.0,0,,,0.5,9150,
5806,249728,-5.0,0.0,0.0,0,,,0.5,9150,
5807,249728,-5.5,0.0,1.96,1,0.0,1.0,0.5,9150,
5808,249792,-5.5,0.0,1.96,1,0.0,0.0,0.5,9151,
5809,249856,10.5,1.0,0.0,0,,,0.5,9151,
5810,249856,-5.0,0.0,0.0,0,,,0.5,9151,
5811,250048,-1.6,0.0,12.5,1,0.0,0.0,0.5,9154,
5812,250048,-5.5,0.0,1.96,1,0.0,1.0,0.5,9154,
5813,250112,-3.7,0.0,3.45,1,0.0,0.0,0.5,9156,
5814,250112,-4.0,0.0,0.0,0,,,0.5,9156,
5815,250112,8.6,1.0,0.0,0,,,0.5,9156,
5816,250176,-5.5,0.0,1.96,1,0.0,1.0,0.5,9158,
5817,250240,-4.5,0.0,1.96,1,0.0,0.0,0.5,9158,
5818,250240,-5.0,0.0,0.0,0,,,0.5,9158,
5819,250368,-4.5,0.0,1.96,1,0.0,1.0,0.5,9160,
5820,250368,-6.5,0.0,5.88,3,0.3333,0.3333,0.5,9160,
5821,250368,-2.7,0.0,5.26,1,0.0,0.0,0.5,9160,
5822,250432,-5.0,0.0,0.0,0,,,0.5,9161,
5823,250432,-5.0,0.0,0.0,0,,,0.5,9161,
5824,250432,-4.2,0.0,2.94,1,0.0,0.0,0.5,9161,
5825,250496,-1.2,0.0,7.14,1,0.0,0.0,0.5,9163,
5826,250688,-7.5,0.0,9.8,5,0.2,0.4,0.5,9167,
5827,250688,-5.0,0.0,0.0,0,,,0.5,9167,
5828,250752,-5.0,0.0,0.0,0,,,0.5,9167,
5829,250816,-4.0,0.0,0.0,0,,,0.5,9168,
5830,250816,-2.5,0.0,5.88,1,0.0,0.0,0.5,9168,
5831,250880,-4.9,0.0,2.44,1,0.0,0.0,0.5,9170,
5832,250944,-5.5,0.0,4.76,2,0.0,0.5,0.5,9172,
5833,250944,9.5,1.0,4.76,1,0.0,0.0,0.5,9172,
5834,251008,-4.9,0.0,1.96,1,0.0,0.0,0.5,9174,
5835,251008,10.2,1.0,0.0,0,,,0.5,9174,
5836,251072,-5.0,0.0,0.0,0,,,0.5,9175,
5837,251072,-2.4,0.0,6.25,1,0.0,0.0,0.5,9175,
5838,251072,-5.0,0.0,0.0,0,,,0.5,9175,
5839,251136,-5.5,0.0,1.96,1,0.0,0.0,0.5,9176,
5840,251136,-4.7,0.0,2.56,1,0.0,0.0,0.5,9176,
5841,251200,-3.8,0.0,3.33,1,0.0,0.0,0.5,9178,
5842,251264,-5.0,0.0,0.0,0,,,0.5,9178,
5843,251392,-5.0,0.0,3.92,2,1.0,0.0,0.5,9179,
5844,251392,-5.0,0.0,0.0,0,,,0.5,9179,
5845,251392,-3.4,0.0,3.85,1,0.0,0.0,0.5,9179,
5846,251392,-5.0,0.0,0.0,0,,,0.5,9179,
5847,251456,-1.9,0.0,9.09,1,0.0,0.0,0.5,9182,
5848,251456,-4.1,0.0,3.03,1,0.0,0.0,0.5,9182,
5849,251520,-5.9,0.0,1.96,1,0.0,0.0,0.5,9183,
5850,251520,-5.5,0.0,1.96,1,0.0,1.0,0.5,9183,
5851,251520,-6.0,0.0,3.92,2,0.0,1.0,0.5,9183,
5852,251520,-5.0,0.0,0.0,0,,,0.5,9183,
5853,251584,-5.0,0.0,0.0,0,,,0.5,9186,
5854,251584,-5.0,0.0,0.0,0,,,0.5,9186,
5855,251584,-6.0,0.0,3.92,2,0.0,0.0,0.5,9186,
5856,251712,-5.5,0.0,1.96,1,0.0,1.0,0.5,9189,
5857,251968,-5.0,0.0,3.92,2,0.0,0.5,0.5,9193,
5858,251968,-6.0,0.0,4.26,2,0.0,0.0,0.5,9193,
5859,252032,-2.8,0.0,3.33,1,0.0,0.0,0.5,9197,
5860,252032,6.7,1.0,11.76,4,0.25,0.75,0.5,9197,
5861,252032,-2.9,0.0,4.76,1,0.0,0.0,0.5,9197,
5862,252096,-5.0,0.0,0.0,0,,,0.5,9197,
5863,252160,-4.4,0.0,2.78,1,0.0,0.0,0.5,9199,
5864,252160,-6.0,0.0,3.92,2,0.5,1.0,0.5,9199,
5865,252224,-5.0,0.0,0.0,0,,,0.5,9199,
5866,252224,-5.0,0.0,0.0,0,,,0.5,9199,
5867,252224,-5.0,0.0,0.0,0,,,0.5,9199,
5868,252288,-5.0,0.0,0.0,0,,,0.5,9200,
5869,252288,-4.0,0.0,0.0,0,,,0.5,9200,
5870,252352,-5.0,0.0,0.0,0,,,0.5,9204,
5871,252416,-5.5,0.0,1.96,1,0.0,1.0,0.5,9205,
5872,252480,-4.1,0.0,5.26,2,0.0,0.5,0.5,9207,
5873,252480,-5.0,0.0,0.0,0,,,0.5,9207,
5874,252736,-4.5,0.0,1.96,1,0.0,1.0,0.5,9208,
5875,252800,-5.0,0.0,0.0,0,,,0.5,9208,
5876,252800,-5.5,0.0,1.96,1,1.0,0.0,0.5,9208,
5877,252800,-5.0,0.0,0.0,0,,,0.5,9208,
5878,252864,-5.0,0.0,0.0,0,,,0.5,9209,
5879,252928,-5.0,0.0,3.92,2,0.0,0.5,0.5,9209,
5880,252992,-3.3,0.0,4.0,1,0.0,0.0,0.5,9210,
5881,253056,-4.8,0.0,2.5,1,0.0,0.0,0.5,9214,
5882,253056,-5.3,0.0,2.22,1,0.0,0.0,0.5,9214,
5883,253056,-4.0,0.0,2.38,1,0.0,0.0,0.5,9214,
5884,253184,-4.6,0.0,6.06,2,0.0,0.5,0.5,9216,
5885,253184,-1.9,0.0,9.09,1,0.0,0.0,0.5,9216,
5886,253312,8.2,1.0,0.0,0,,,0.5,9217,
5887,253376,-5.0,0.0,0.0,0,,,0.5,9217,
5888,253376,-4.0,0.0,0.0,0,,,0.5,9217,
5889,253440,-3.0,0.0,4.55,1,0.0,0.0,0.5,9219,
5890,253504,-5.5,0.0,1.96,1,0.0,1.0,0.5,9219,
5891,253504,-5.0,0.0,0.0,0,,,0.5,9219,
5892,253568,-3.2,0.0,2.94,1,0.0,0.0,0.5,9222,
5893,253568,-5.8,0.0,2.0,1,0.0,0.0,0.5,9222,
5894,253632,-5.0,0.0,0.0,0,,,0.5,9224,
5895,253696,-6.0,0.0,3.92,2,0.0,0.5,0.5,9224,
5896,253696,-5.0,0.0,0.0,0,,,0.5,9224,
5897,253696,-5.5,0.0,1.96,1,0.0,0.0,0.5,9224,
5898,253888,7.5,1.0,0.0,0,,,0.5,9225,
5899,253952,-5.0,0.0,0.0,0,,,0.5,9225,
5900,254080,-4.5,0.0,1.96,1,0.0,1.0,0.5,9227,
5901,254080,-4.5,0.0,2.13,1,0.0,0.0,0.5,9227,
5902,254144,-5.1,0.0,2.33,1,0.0,0.0,0.5,9229,
5903,254144,-5.5,0.0,1.96,1,1.0,0.0,0.5,9229,
5904,254208,-5.0,0.0,0.0,0,,,0.5,9230,
5905,254208,-3.8,0.0,3.33,1,0.0,0.0,0.5,9230,
5906,254272,-6.3,0.0,4.0,2,0.0,0.0,0.5,9233,
5907,254272,-5.5,0.0,1.96,1,0.0,0.0,0.5,9233,
5908,254272,-4.0,0.0,0.0,0,,,0.5,9233,
5909,254272,-2.2,0.0,7.14,1,0.0,0.0,0.5,9233,
5910,254272,-5.6,0.0,4.65,2,0.0,0.5,0.5,9233,
5911,254336,-5.0,0.0,5.41,2,0.0,0.5,0.5,9235,
5912,254336,-5.1,0.0,2.33,1,0.0,0.0,0.5,9235,
5913,254400,-5.0,0.0,0.0,0,,,0.5,9236,
5914,254400,-4.0,0.0,0.0,0,,,0.5,9236,
5915,254400,-6.0,0.0,4.26,2,0.0,0.0,0.5,9236,
5916,254464,-1.8,0.0,5.0,1,0.0,0.0,0.5,9238,
5917,254464,-2.9,0.0,3.23,1,0.0,0.0,0.5,9238,
5918,254464,-5.5,0.0,1.96,1,0.0,1.0,0.5,9238,
5919,254528,-5.5,0.0,1.96,1,0.0,0.0,0.5,9238,
5920,254592,-2.7,0.0,3.45,1,0.0,0.0,0.5,9241,
5921,254720,-6.0,0.0,3.92,2,0.0,0.0,0.5,9243,
5922,254720,-5.0,0.0,0.0,0,,,0.5,9243,
5923,254720,-4.1,0.0,2.33,1,0.0,0.0,0.5,9243,
5924,254784,-4.5,0.0,1.96,1,1.0,1.0,0.5,9245,
5925,254784,-4.0,0.0,0.0,0,,,0.5,9245,
5926,254784,-5.0,0.0,0.0,0,,,0.5,9245,
5927,254848,-5.5,0.0,1.96,1,0.0,0.0,0.5,9246,
5928,254848,-5.0,0.0,0.0,0,,,0.5,9246,
5929,254848,-5.1,0.0,2.33,1,0.0,0.0,0.5,9246,
5930,254976,-4.0,0.0,0.0,0,,,0.5,9248,
5931,255040,-1.8,0.0,10.0,1,0.0,0.0,0.5,9250,
5932,255168,-6.0,0.0,4.26,2,0.5,0.5,0.5,9254,
5933,255232,-4.7,0.0,4.55,2,0.5,0.5,0.5,9255,
5934,255296,-3.3,0.0,4.0,1,0.0,0.0,0.5,9257,
5935,255296,-5.0,0.0,0.0,0,,,0.5,9257,
5936,255296,-5.0,0.0,0.0,0,,,0.5,9257,
5937,255424,-5.0,0.0,0.0,0,,,0.5,9262,
5938,255488,-4.5,0.0,1.96,1,0.0,1.0,0.5,9263,
5939,255488,-3.4,0.0,2.78,1,0.0,0.0,0.5,9263,
5940,255488,-5.0,0.0,3.92,2,0.0,1.0,0.5,9263,
5941,255488,-6.0,0.0,3.92,2,0.0,1.0,0.5,9263,
5942,255552,-5.0,0.0,0.0,0,,,0.5,9263,
5943,255616,-4.5,0.0,1.96,1,1.0,1.0,0.5,9266,
5944,255616,-3.2,0.0,4.17,1,0.0,0.0,0.5,9266,
5945,255616,-1.5,0.0,14.29,1,0.0,0.0,0.5,9266,
5946,255872,-2.5,0.0,5.88,1,0.0,0.0,0.5,9269,
5947,256000,-4.7,0.0,2.56,1,0.0,0.0,0.5,9271,
5948,256000,-5.7,0.0,2.04,1,0.0,0.0,0.5,9271,
5949,256064,-5.9,0.0,1.96,1,0.0,0.0,0.5,9274,
5950,256064,-2.7,0.0,3.45,1,0.0,0.0,0.5,9274,
5951,256064,-5.0,0.0,0.0,0,,,0.5,9274,
5952,256064,-5.0,0.0,0.0,0,,,0.5,9274,
5953,256192,-3.8,0.0,3.33,1,0.0,0.0,0.5,9277,
5954,256192,-5.5,0.0,1.96,1,0.0,0.0,0.5,9277,
5955,256256,-4.9,0.0,1.96,1,0.0,0.0,0.5,9278,
5956,256320,-6.0,0.0,7.84,4,0.25,0.75,0.5,9278,
5957,256320,-5.0,0.0,0.0,0,,,0.5,9278,
5958,256320,-6.0,0.0,3.92,2,0.0,0.5,0.5,9278,
5959,256384,9.9,1.0,0.0,0,,,0.5,9278,
5960,256576,-6.0,0.0,3.92,2,0.0,1.0,0.5,9280,
5961,256640,-5.0,0.0,0.0,0,,,0.5,9282,
5962,256640,-2.7,0.0,3.45,1,0.0,0.0,0.5,9282,
5963,256640,-1.8,0.0,10.0,1,0.0,0.0,0.5,9282,
5964,256704,-5.0,0.0,0.0,0,,,0.5,9282,
5965,256768,-5.0,0.0,0.0,0,,,0.5,9283,
5966,256768,-5.0,0.0,2.38,1,0.0,0.0,0.5,9283,
5967,256832,-5.0,0.0,0.0,0,,,0.5,9287,
5968,256832,-0.6,0.0,12.5,1,0.0,0.0,0.5,9287,
5969,256832,-4.5,0.0,4.76,2,0.0,0.5,0.5,9287,
5970,256832,-4.0,0.0,0.0,0,,,0.5,9287,
5971,256896,-5.5,0.0,1.96,1,0.0,1.0,0.5,9288,
5972,256960,-5.0,0.0,0.0,0,,,0.5,9290,
5973,256960,-5.0,0.0,0.0,0,,,0.5,9290,
5974,256960,-3.4,0.0,3.85,1,0.0,0.0,0.5,9290,
5975,257152,-5.0,0.0,3.92,2,0.5,0.5,0.5,9295,
5976,257152,-2.2,0.0,4.17,1,0.0,0.0,0.5,9295,
5977,257216,-4.5,0.0,1.96,1,0.0,1.0,0.5,9297,
5978,257216,-3.8,0.0,3.33,1,0.0,0.0,0.5,9297,
5979,257408,-5.8,0.0,2.0,1,0.0,0.0,0.5,9299,
5980,257408,-5.5,0.0,1.96,1,0.0,1.0,0.5,9299,
5981,257408,10.6,1.0,10.0,1,0.0,0.0,0.5,9299,
5982,257472,-4.0,0.0,3.12,1,0.0,0.0,0.5,9303,
5983,257536,-4.5,0.0,1.96,1,0.0,1.0,0.5,9304,
5984,257536,-5.0,0.0,0.0,0,,,0.5,9304,
5985,257536,-5.6,0.0,2.08,1,0.0,0.0,0.5,9304,
5986,257536,-5.0,0.0,0.0,0,,,0.5,9304,
5987,257536,-4.5,0.0,1.96,1,0.0,1.0,0.5,9304,
5988,257600,-6.0,0.0,3.92,2,0.5,0.5,0.5,9304,
5989,257600,-4.0,0.0,0.0,0,,,0.5,9304,
5990,257664,-5.0,0.0,0.0,0,,,0.5,9305,
5991,257664,-3.8,0.0,8.0,2,0.0,0.5,0.5,9305,
5992,257664,8.4,1.0,0.0,0,,,0.5,9305,
5993,257664,-4.5,0.0,1.96,1,0.0,0.0,0.5,9305,
5994,257728,-5.0,0.0,0.0,0,,,0.5,9305,
5995,257728,-5.0,0.0,0.0,0,,,0.5,9305,
5996,257792,-5.0,0.0,0.0,0,,,0.5,9306,
5997,257856,10.9,1.0,14.29,1,1.0,1.0,0.5,9307,
5998,257856,-5.0,0.0,0.0,0,,,0.5,9307,
5999,257984,-5.0,0.0,0.0,0,,,0.5,9311,
6000,257984,-1.7,0.0,11.11,1,0.0,0.0,0.5,9311,
6001,257984,-3.2,0.0,10.53,2,0.0,0.5,0.5,9311,
6002,257984,-5.0,0.0,0.0,0,,,0.5,9311,
6003,257984,-5.0,0.0,0.0,0,,,0.5,9311,
6004,258048,-4.5,0.0,1.96,1,1.0,0.0,0.5,9311,
6005,258112,-5.5,0.0,1.96,1,0.0,0.0,0.5,9312,
6006,258112,5.0,1.0,7.84,4,0.0,0.25,0.5,9312,
6007,258112,-5.0,0.0,0.0,0,,,0.5,9312,
6008,258304,-4.5,0.0,1.96,1,0.0,0.0,0.5,9315,
6009,258304,-1.0,0.0,8.33,1,0.0,0.0,0.5,9315,
6010,258368,-4.1,0.0,2.33,1,0.0,0.0,0.5,9316,
6011,258432,-3.5,0.0,2.7,1,0.0,0.0,0.5,9318,
6012,258496,-5.5,0.0,2.13,1,0.0,0.0,0.5,9319,
6013,258496,-5.0,0.0,0.0,0,,,0.5,9319,
6014,258624,10.1,1.0,6.67,1,0.0,1.0,0.5,9321,
6015,258624,-4.6,0.0,2.63,1,0.0,0.0,0.5,9321,
6016,258752,-5.0,0.0,3.92,2,0.0,0.5,0.5,9324,
6017,258752,-5.0,0.0,0.0,0,,,0.5,9324,
6018,258752,-4.6,0.0,6.06,2,0.0,0.5,0.5,9324,
6019,258752,-3.6,0.0,3.57,1,0.0,0.0,0.5,9324,
6020,258752,-5.0,0.0,0.0,0,,,0.5,9324,
6021,258752,-5.8,0.0,4.44,2,0.5,0.0,0.5,9324,
6022,258816,-5.0,0.0,0.0,0,,,0.5,9326,
6023,258816,-3.4,0.0,3.85,1,0.0,0.0,0.5,9326,
6024,258880,-5.0,0.0,0.0,0,,,0.5,9327,
6025,259008,-4.7,0.0,4.55,2,0.0,0.5,0.5,9329,
6026,259008,-2.6,0.0,5.56,1,0.0,0.0,0.5,9329,
6027,259008,10.1,1.0,0.0,0,,,0.5,9329,
6028,259200,-2.7,0.0,5.26,1,0.0,0.0,0.5,9333,
6029,259264,8.9,1.0,9.09,2,0.0,1.0,0.5,9333,
6030,259264,-5.5,0.0,1.96,1,0.0,1.0,0.5,9333,
6031,259328,-6.0,0.0,3.92,2,0.0,0.5,0.5,9333,
6032,259328,-4.0,0.0,0.0,0,,,0.5,9333,
6033,259456,11.0,1.0,0.0,0,,,0.5,9335,
6034,259520,-5.0,0.0,2.38,1,0.0,0.0,0.5,9337,
6035,259520,-5.5,0.0,1.96,1,0.0,1.0,0.5,9337,
6036,259584,-4.5,0.0,1.96,1,0.0,1.0,0.5,9341,
6037,259584,-4.4,0.0,6.45,2,0.0,0.5,0.5,9341,
6038,259584,9.1,1.0,4.0,1,0.0,1.0,0.5,9341,
6039,259584,-5.5,0.0,1.96,1,0.0,1.0,0.5,9341,
6040,259648,-3.9,0.0,3.23,1,0.0,0.0,0.5,9343,
6041,259648,-5.0,0.0,0.0,0,,,0.5,9343,
6042,259712,10.4,1.0,0.0,0,,,0.5,9343,
6043,259840,-3.7,0.0,3.45,1,0.0,0.0,0.5,9345,
6044,259840,-5.0,0.0,0.0,0,,,0.5,9345,
6045,259904,-5.0,0.0,0.0,0,,,0.5,9347,
6046,259904,-4.0,0.0,0.0,0,,,0.5,9347,
6047,259968,-5.5,0.0,1.96,1,0.0,0.0,0.5,9348,
6048,260032,-2.8,0.0,5.0,1,0.0,0.0,0.5,9349,
6049,260096,-5.0,0.0,0.0,0,,,0.5,9351,
6050,260096,-5.5,0.0,1.96,1,1.0,0.0,0.5,9351,
6051,260096,-5.5,0.0,1.96,1,0.0,0.0,0.5,9351,
6052,260096,-2.9,0.0,4.76,1,0.0,0.0,0.5,9351,
6053,260160,-5.5,0.0,1.96,1,0.0,1.0,0.5,9352,
6054,260224,-5.0,0.0,0.0,0,,,0.5,9354,
6055,260224,-5.0,0.0,0.0,0,,,0.5,9354,
6056,260288,-4.3,0.0,2.86,1,0.0,0.0,0.5,9357,
6057,260288,-3.7,0.0,2.56,1,0.0,0.0,0.5,9357,
6058,260416,-4.5,0.0,1.96,1,0.0,0.0,0.5,9360,
6059,260480,-5.0,0.0,0.0,0,,,0.5,9364,
6060,260480,-5.0,0.0,0.0,0,,,0.5,9364,
6061,260480,-4.7,0.0,5.88,2,0.0,0.0,0.5,9364,
6062,260544,-4.6,0.0,2.63,1,0.0,0.0,0.5,9367,
6063,260672,-2.2,0.0,22.22,2,0.5,0.5,0.5,9368,
6064,260672,-5.0,0.0,0.0,0,,,0.5,9368,
6065,260736,-3.5,0.0,3.7,1,0.0,0.0,0.5,9369,
6066,260736,-5.5,0.0,1.96,1,0.0,1.0,0.5,9369,
6067,260800,-5.7,0.0,2.04,1,0.0,0.0,0.5,9370,
6068,260800,-4.0,0.0,0.0,0,,,0.5,9370,
6069,260800,-5.0,0.0,0.0,0,,,0.5,9370,
6070,260800,-5.0,0.0,0.0,0,,,0.5,9370,
6071,260800,-5.0,0.0,3.92,2,0.0,0.5,0.5,9370,
6072,260864,10.2,1.0,7.14,1,0.0,0.0,0.5,9371,
6073,260864,-6.5,0.0,5.88,3,0.0,1.0,0.5,9371,
6074,260928,-5.0,0.0,0.0,0,,,0.5,9375,
6075,260928,-4.5,0.0,6.25,2,0.0,0.5,0.5,9375,
6076,260992,-5.0,0.0,0.0,0,,,0.5,9376,
6077,260992,-5.3,0.0,2.22,1,0.0,0.0,0.5,9376,
6078,261120,9.4,1.0,4.55,1,0.0,0.0,0.5,9380,
6079,261184,-3.3,0.0,4.0,1,0.0,0.0,0.5,9382,
6080,261184,-1.8,0.0,5.0,1,0.0,0.0,0.5,9382,
6081,261248,-5.0,0.0,0.0,0,,,0.5,9385,
6082,261248,-4.0,0.0,0.0,0,,,0.5,9385,
6083,261248,-4.3,0.0,2.22,1,0.0,0.0,0.5,9385,
6084,261312,-3.2,0.0,6.9,2,0.0,0.5,0.5,9387,
6085,261376,-4.5,0.0,1.96,1,0.0,1.0,0.5,9387,
6086,261440,-6.4,0.0,6.52,3,0.0,0.3333,0.5,9389,
6087,261504,9.1,1.0,4.0,1,1.0,0.0,0.5,9389,
6088,261568,-5.0,0.0,3.92,2,0.0,0.5,0.5,9390,
6089,261696,-5.0,0.0,0.0,0,,,0.5,9390,
6090,261760,-4.6,0.0,2.63,1,0.0,0.0,0.5,9392,
6091,261760,-5.0,0.0,0.0,0,,,0.5,9392,
6092,261888,-5.0,0.0,0.0,0,,,0.5,9395,
6093,261952,-3.5,0.0,9.09,2,0.0,0.0,0.5,9396,
6094,262016,-5.0,0.0,0.0,0,,,0.5,9397,
6095,262016,-5.5,0.0,1.96,1,0.0,1.0,0.5,9397,
6096,262016,-5.0,0.0,0.0,0,,,0.5,9397,
6097,262080,-5.0,0.0,0.0,0,,,0.5,9398,
6098,262080,-5.0,0.0,0.0,0,,,0.5,9398,
6099,262144,-2.9,0.0,4.76,1,0.0,0.0,0.5,9399,
6100,262208,-5.4,0.0,2.17,1,0.0,0.0,0.5,9400,
6101,262272,-1.9,0.0,12.5,2,0.0,0.5,0.5,9403,
6102,262272,-4.5,0.0,1.96,1,0.0,1.0,0.5,9403,
6103,262272,-5.0,0.0,0.0,0,,,0.5,9403,
6104,262272,-3.2,0.0,4.17,1,0.0,0.0,0.5,9403,
6105,262400,-4.4,0.0,2.78,1,0.0,0.0,0.5,9406,
6106,262400,-3.3,0.0,4.0,1,0.0,0.0,0.5,9406,
6107,262464,-5.0,0.0,3.92,2,0.0,0.5,0.5,9406,
6108,262528,-5.5,0.0,1.96,1,0.0,0.0,0.5,9408,
6109,262592,-4.2,0.0,5.13,2,0.0,0.5,0.5,9411,
6110,262592,-5.5,0.0,5.88,3,0.0,0.3333,0.5,9411,
6111,262784,-5.0,0.0,0.0,0,,,0.5,9415,
6112,262784,-4.6,0.0,6.06,2,0.0,0.0,0.5,9415,
6113,262784,-5.0,0.0,0.0,0,,,0.5,9415,
6114,262848,-4.0,0.0,0.0,0,,,0.5,9416,
6115,262848,-5.0,0.0,0.0,0,,,0.5,9416,
6116,262848,-5.2,0.0,2.27,1,0.0,0.0,0.5,9416,
6117,262848,-6.0,0.0,3.92,2,0.0,0.0,0.5,9416,
6118,262912,-5.0,0.0,0.0,0,,,0.5,9417,
6119,262912,-5.5,0.0,1.96,1,1.0,0.0,0.5,9417,
6120,262976,-3.7,0.0,8.33,2,0.0,0.5,0.5,9419,
6121,263104,-4.0,0.0,0.0,0,,,0.5,9422,
6122,263104,-5.0,0.0,0.0,0,,,0.5,9422,
6123,263232,-1.9,0.0,9.09,1,0.0,0.0,0.5,9428,
6124,263296,-0.9,0.0,9.09,1,0.0,0.0,0.5,9432,
6125,263296,6.9,1.0,2.13,1,0.0,1.0,0.5,9432,
6126,263360,-5.5,0.0,1.96,1,0.0,0.0,0.5,9433,
6127,263424,-5.0,0.0,0.0,0,,,0.5,9434,
6128,263488,-3.1,0.0,4.35,1,0.0,0.0,0.5,9435,
6129,263488,-6.0,0.0,3.92,2,0.5,1.0,0.5,9435,
6130,263488,-5.5,0.0,5.88,3,0.3333,0.0,0.5,9435,
6131,263552,-5.0,0.0,0.0,0,,,0.5,9437,
6132,263552,6.3,1.0,6.98,3,0.3333,0.3333,0.5,9437,
6133,263680,-3.3,0.0,4.0,1,0.0,0.0,0.5,9442,
6134,263680,-4.0,0.0,0.0,0,,,0.5,9442,
6135,263744,-4.0,0.0,0.0,0,,,0.5,9444,
6136,263744,-4.5,0.0,1.96,1,1.0,0.0,0.5,9444,
6137,263744,-5.0,0.0,0.0,0,,,0.5,9444,
6138,263744,-4.0,0.0,7.41,2,0.5,0.0,0.5,9444,
6139,263808,-5.8,0.0,8.89,4,0.0,0.5,0.5,9447,
6140,263808,-3.2,0.0,4.17,1,0.0,0.0,0.5,9447,
6141,263936,9.2,1.0,4.17,1,0.0,0.0,0.5,9448,
6142,263936,-5.0,0.0,0.0,0,,,0.5,9448,
6143,264000,-5.0,0.0,0.0,0,,,0.5,9449,
6144,264000,-2.2,0.0,7.14,1,0.0,0.0,0.5,9449,
6145,264064,-4.0,0.0,0.0,0,,,0.5,9451,
6146,264064,-5.0,0.0,3.92,2,0.5,0.5,0.5,9451,
6147,264064,-2.3,0.0,6.67,1,0.0,0.0,0.5,9451,
6148,264128,-6.0,0.0,3.92,2,0.0,0.0,0.5,9452,
6149,264128,-5.5,0.0,1.96,1,0.0,0.0,0.5,9452,
6150,264192,-5.5,0.0,1.96,1,0.0,0.0,0.5,9452,
6151,264256,-4.2,0.0,5.13,2,0.0,0.5,0.5,9453,
6152,264256,-5.5,0.0,1.96,1,1.0,0.0,0.5,9453,
6153,264256,-4.0,0.0,0.0,0,,,0.5,9453,
6154,264320,-3.0,0.0,3.12,1,0.0,0.0,0.5,9454,
6155,264320,11.1,1.0,0.0,0,,,0.5,9454,
6156,264384,-4.0,0.0,0.0,0,,,0.5,9454,
6157,264448,-5.0,0.0,0.0,0,,,0.5,9455,
6158,264448,-5.0,0.0,0.0,0,,,0.5,9455,
6159,264512,-6.5,0.0,9.8,5,0.2,0.4,0.5,9455,
6160,264512,-4.0,0.0,0.0,0,,,0.5,9455,
6161,264576,-5.0,0.0,0.0,0,,,0.5,9456,
6162,264640,-5.0,0.0,3.92,2,0.5,0.0,0.5,9457,
6163,264704,-6.8,0.0,6.0,3,0.0,0.3333,0.5,9460,
6164,264832,-5.0,0.0,0.0,0,,,0.5,9462,
6165,264832,-2.0,0.0,8.33,1,0.0,0.0,0.5,9462,
6166,264960,-1.7,0.0,11.11,1,0.0,0.0,0.5,9465,
6167,264960,9.1,1.0,10.0,2,0.0,0.0,0.5,9465,
6168,264960,-5.5,0.0,1.96,1,0.0,0.0,0.5,9465,
6169,265024,-5.0,0.0,0.0,0,,,0.5,9466,
6170,265088,-1.3,0.0,6.67,1,0.0,0.0,0.5,9469,
6171,265152,-3.0,0.0,4.55,1,0.0,0.0,0.5,9471,
6172,265152,-5.0,0.0,0.0,0,,,0.5,9471,
6173,265152,-3.4,0.0,3.85,1,0.0,0.0,0.5,9471,
6174,265216,-4.0,0.0,0.0,0,,,0.5,9473,
6175,265280,9.9,1.0,16.67,2,0.0,1.0,0.5,9475,
6176,265280,-2.5,0.0,5.88,1,0.0,0.0,0.5,9475,
6177,265280,-6.0,0.0,3.92,2,0.0,0.0,0.5,9475,
6178,265344,-5.0,0.0,0.0,0,,,0.5,9475,
6179,265408,-5.0,0.0,0.0,0,,,0.5,9476,
6180,265472,-5.0,0.0,0.0,0,,,0.5,9478,
6181,265536,-5.0,0.0,0.0,0,,,0.5,9479,
6182,265536,-5.5,0.0,1.96,1,0.0,0.0,0.5,9479,
6183,265664,-5.0,0.0,0.0,0,,,0.5,9481,
6184,265664,-5.2,0.0,2.27,1,0.0,0.0,0.5,9481,
6185,265664,-5.5,0.0,4.76,2,0.0,0.5,0.5,9481,
6186,265728,-5.5,0.0,1.96,1,0.0,1.0,0.5,9482,
6187,265728,11.0,1.0,16.67,1,0.0,1.0,0.5,9482,
6188,265856,-5.0,0.0,0.0,0,,,0.5,9485,
6189,265856,-3.8,0.0,8.0,2,0.0,0.5,0.5,9485,
6190,265920,-3.1,0.0,4.35,1,0.0,0.0,0.5,9487,
6191,265984,-1.9,0.0,9.09,1,0.0,0.0,0.5,9489,
6192,266048,-5.0,0.0,3.92,2,0.0,0.5,0.5,9489,
6193,266048,-5.0,0.0,0.0,0,,,0.5,9489,
6194,266048,-6.0,0.0,3.92,2,0.0,1.0,0.5,9489,
6195,266112,-5.0,0.0,0.0,0,,,0.5,9489,
6196,266112,-5.5,0.0,1.96,1,0.0,1.0,0.5,9489,
6197,266112,-5.0,0.0,0.0,0,,,0.5,9489,
6198,266176,-5.5,0.0,1.96,1,0.0,0.0,0.5,9491,
6199,266176,-4.0,0.0,0.0,0,,,0.5,9491,
6200,266240,10.7,1.0,11.11,1,0.0,1.0,0.5,9493,
6201,266240,-2.5,0.0,5.88,1,0.0,0.0,0.5,9493,
6202,266496,-4.5,0.0,2.13,1,0.0,0.0,0.5,9497,
6203,266496,-5.5,0.0,5.88,3,0.0,0.0,0.5,9497,
6204,266560,-4.0,0.0,0.0,0,,,0.5,9502,
6205,266560,-5.0,0.0,0.0,0,,,0.5,9502,
6206,266560,8.1,1.0,0.0,0,,,0.5,9502,
6207,266560,-4.0,0.0,3.12,1,0.0,0.0,0.5,9502,
6208,266624,-5.5,0.0,1.96,1,0.0,1.0,0.5,9505,
6209,266624,-5.6,0.0,2.08,1,0.0,0.0,0.5,9505,
6210,266624,-5.7,0.0,7.69,3,0.0,0.0,0.5,9505,
6211,266624,-4.9,0.0,2.44,1,0.0,0.0,0.5,9505,
6212,266688,-4.0,0.0,0.0,0,,,0.5,9506,
6213,266752,-5.0,0.0,3.92,2,0.0,0.5,0.5,9507,
6214,266816,-6.5,0.0,5.88,3,0.0,0.6667,0.5,9507,
6215,267008,-4.5,0.0,1.96,1,0.0,0.0,0.5,9509,
6216,267008,-5.0,0.0,0.0,0,,,0.5,9509,
6217,267008,-5.0,0.0,0.0,0,,,0.5,9509,
6218,267008,-4.0,0.0,2.38,1,0.0,0.0,0.5,9509,
6219,267072,-4.0,0.0,0.0,0,,,0.5,9511,
6220,267072,-5.5,0.0,1.96,1,0.0,0.0,0.5,9511,
6221,267136,-5.6,0.0,2.08,1,0.0,0.0,0.5,9513,
6222,267200,-4.0,0.0,0.0,0,,,0.5,9513,
6223,267200,7.9,1.0,6.25,2,0.0,0.5,0.5,9513,
6224,267200,-5.0,0.0,0.0,0,,,0.5,9513,
6225,267264,-5.0,0.0,2.38,1,0.0,0.0,0.5,9515,
6226,267264,11.7,1.0,0.0,0,,,0.5,9515,
6227,267264,8.7,1.0,8.33,2,0.0,1.0,0.5,9515,
6228,267328,-5.5,0.0,1.96,1,0.0,0.0,0.5,9517,
6229,267328,-1.7,0.0,5.26,1,0.0,0.0,0.5,9517,
6230,267392,-2.2,0.0,7.14,1,0.0,0.0,0.5,9520,
6231,267456,-5.2,0.0,2.27,1,0.0,0.0,0.5,9523,
6232,267456,-1.1,0.0,7.69,1,0.0,0.0,0.5,9523,
6233,267520,-5.5,0.0,5.88,3,0.0,1.0,0.5,9525,
6234,267520,-2.9,0.0,4.76,1,0.0,0.0,0.5,9525,
6235,267520,-5.0,0.0,0.0,0,,,0.5,9525,
6236,267584,-5.0,0.0,0.0,0,,,0.5,9525,
6237,267648,-4.2,0.0,2.27,1,0.0,0.0,0.5,9527,
6238,267712,-6.5,0.0,5.88,3,0.0,0.3333,0.5,9527,
6239,267776,-2.0,0.0,8.33,1,0.0,0.0,0.5,9530,
6240,267968,-5.0,0.0,0.0,0,,,0.5,9533,
6241,267968,6.4,1.0,22.22,6,0.0,0.8333,0.5,9533,
6242,267968,-5.0,0.0,2.38,1,0.0,0.0,0.5,9533,
6243,268032,-4.3,0.0,2.22,1,0.0,0.0,0.5,9535,
6244,268096,-5.5,0.0,1.96,1,0.0,1.0,0.5,9536,
6245,268224,-3.3,0.0,4.0,1,0.0,0.0,0.5,9537,
6246,268224,-5.0,0.0,0.0,0,,,0.5,9537,
6247,268224,-5.0,0.0,0.0,0,,,0.5,9537,
6248,268224,-6.0,0.0,3.92,2,0.0,0.0,0.5,9537,
6249,268288,-4.0,0.0,0.0,0,,,0.5,9537,
6250,268352,-5.0,0.0,0.0,0,,,0.5,9539,
6251,268352,-3.9,0.0,5.56,2,0.0,0.5,0.5,9539,
6252,268416,-3.0,0.0,4.55,1,0.0,0.0,0.5,9541,
6253,268416,-5.0,0.0,2.38,1,0.0,0.0,0.5,9541,
6254,268480,-5.0,0.0,0.0,0,,,0.5,9541,
6255,268544,-5.0,0.0,0.0,0,,,0.5,9541,
6256,268672,-4.0,0.0,0.0,0,,,0.5,9542,
6257,268736,-4.7,0.0,5.88,2,0.0,0.5,0.5,9543,
6258,268736,-4.0,0.0,0.0,0,,,0.5,9543,
6259,268800,-5.5,0.0,1.96,1,0.0,0.0,0.5,9545,
6260,268800,-4.5,0.0,1.96,1,0.0,1.0,0.5,9545,
6261,268864,-2.9,0.0,4.76,1,0.0,0.0,0.5,9546,
6262,268928,-5.0,0.0,0.0,0,,,0.5,9548,
6263,268928,-3.5,0.0,3.7,1,0.0,0.0,0.5,9548,
6264,268928,-3.1,0.0,3.03,1,0.0,0.0,0.5,9548,
6265,268928,-5.0,0.0,0.0,0,,,0.5,9548,
6266,269056,-3.0,0.0,4.55,1,0.0,0.0,0.5,9551,
6267,269120,-5.0,0.0,0.0,0,,,0.5,9552,
6268,269120,-4.5,0.0,1.96,1,1.0,0.0,0.5,9552,
6269,269184,-4.0,0.0,0.0,0,,,0.5,9552,
6270,269248,-4.0,0.0,0.0,0,,,0.5,9553,
6271,269248,-5.4,0.0,9.76,4,0.0,0.25,0.5,9553,
6272,269312,-4.0,0.0,0.0,0,,,0.5,9555,
6273,269312,-5.5,0.0,1.96,1,0.0,0.0,0.5,9555,
6274,269376,-4.5,0.0,2.7,1,0.0,0.0,0.5,9557,
6275,269376,-4.0,0.0,0.0,0,,,0.5,9557,
6276,269376,-5.0,0.0,0.0,0,,,0.5,9557,
6277,269440,-5.0,0.0,0.0,0,,,0.5,9557,
6278,269504,-4.0,0.0,0.0,0,,,0.5,9557,
6279,269568,-4.0,0.0,3.12,1,0.0,0.0,0.5,9558,
6280,269696,-4.8,0.0,5.71,2,0.0,0.0,0.5,9559,
6281,269760,-5.0,0.0,0.0,0,,,0.5,9559,
6282,269824,-5.5,0.0,1.96,1,0.0,1.0,0.5,9559,
6283,269824,-4.0,0.0,0.0,0,,,0.5,9559,
6284,269824,-5.0,0.0,0.0,0,,,0.5,9559,
6285,269888,-4.0,0.0,0.0,0,,,0.5,9560,
6286,269952,-4.9,0.0,1.96,1,0.0,0.0,0.5,9561,
6287,270016,-5.0,0.0,0.0,0,,,0.5,9562,
6288,270080,-5.5,0.0,2.13,1,0.0,0.0,0.5,9563,
6289,270144,-2.9,0.0,4.76,1,0.0,0.0,0.5,9567,
6290,270272,-5.0,0.0,2.38,1,0.0,0.0,0.5,9569,
6291,270336,-5.6,0.0,2.08,1,0.0,0.0,0.5,9571,
6292,270336,-5.0,0.0,3.92,2,0.5,0.0,0.5,9571,
6293,270400,-6.4,0.0,3.92,2,0.0,0.0,0.5,9574,
6294,270464,-5.0,0.0,0.0,0,,,0.5,9574,
6295,270464,-5.5,0.0,1.96,1,0.0,0.0,0.5,9574,
6296,270528,-5.0,0.0,0.0,0,,,0.5,9575,
6297,270528,-4.0,0.0,0.0,0,,,0.5,9575,
6298,270592,-5.5,0.0,1.96,1,0.0,1.0,0.5,9575,
6299,270592,-5.0,0.0,0.0,0,,,0.5,9575,
6300,270656,-5.0,0.0,2.38,1,0.0,0.0,0.5,9576,
6301,270656,-5.0,0.0,0.0,0,,,0.5,9576,
6302,270720,-5.5,0.0,1.96,1,0.0,0.0,0.5,9576,
6303,270784,-2.3,0.0,4.0,1,0.0,0.0,0.5,9580,
6304,270784,-2.4,0.0,3.85,1,0.0,0.0,0.5,9580,
6305,270784,-3.1,0.0,4.35,1,0.0,0.0,0.5,9580,
6306,270784,9.2,1.0,0.0,0,,,0.5,9580,
6307,270784,-4.5,0.0,1.96,1,0.0,0.0,0.5,9580,
6308,270976,-3.3,0.0,6.67,2,0.0,0.5,0.5,9583,
6309,270976,-6.0,0.0,3.92,2,0.0,0.5,0.5,9583,
6310,271040,-4.0,0.0,0.0,0,,,0.5,9586,
6311,271040,-4.5,0.0,2.7,1,0.0,0.0,0.5,9586,
6312,271040,-4.4,0.0,2.78,1,0.0,0.0,0.5,9586,
6313,271232,-2.3,0.0,6.67,1,0.0,0.0,0.5,9587,
6314,271232,-4.0,0.0,0.0,0,,,0.5,9587,
6315,271232,-4.0,0.0,0.0,0,,,0.5,9587,
6316,271296,-4.0,0.0,0.0,0,,,0.5,9588,
6317,271360,-4.0,0.0,0.0,0,,,0.5,9589,
6318,271488,-5.5,0.0,1.96,1,0.0,0.0,0.5,9592,
6319,271488,-5.0,0.0,0.0,0,,,0.5,9592,
6320,271488,-5.0,0.0,0.0,0,,,0.5,9592,
6321,271488,-4.0,0.0,0.0,0,,,0.5,9592,
6322,271488,-6.1,0.0,4.17,2,0.0,0.0,0.5,9592,
6323,271552,-5.5,0.0,1.96,1,0.0,1.0,0.5,9593,
6324,271552,10.8,1.0,0.0,0,,,0.5,9593,
6325,271616,-4.0,0.0,0.0,0,,,0.5,9595,
6326,271616,-5.5,0.0,1.96,1,0.0,1.0,0.5,9595,
6327,271680,-3.3,0.0,2.86,1,0.0,0.0,0.5,9597,
6328,271680,8.4,1.0,0.0,0,,,0.5,9597,
6329,271680,-5.0,0.0,3.92,2,0.0,1.0,0.5,9597,
6330,271680,-3.7,0.0,3.45,1,0.0,0.0,0.5,9597,
6331,271744,-5.5,0.0,1.96,1,0.0,0.0,0.5,9598,
6332,271808,6.0,1.0,3.92,2,0.0,1.0,0.5,9601,
6333,272000,-4.5,0.0,1.96,1,0.0,0.0,0.5,9606,
6334,272000,-3.7,0.0,3.45,1,0.0,0.0,0.5,9606,
6335,272064,-5.4,0.0,2.17,1,0.0,0.0,0.5,9607,
6336,272064,-5.0,0.0,0.0,0,,,0.5,9607,
6337,272128,-5.1,0.0,6.98,3,0.0,0.6667,0.5,9609,
6338,272128,-5.0,0.0,0.0,0,,,0.5,9609,
6339,272128,-1.5,0.0,14.29,1,0.0,0.0,0.5,9609,
6340,272192,-6.0,0.0,3.92,2,0.5,0.5,0.5,9612,
6341,272192,-1.6,0.0,5.56,1,0.0,0.0,0.5,9612,
6342,272192,-5.0,0.0,3.92,2,0.0,0.5,0.5,9612,
6343,272192,-5.0,0.0,0.0,0,,,0.5,9612,
6344,272512,-4.0,0.0,0.0,0,,,0.5,9618,
6345,272512,11.6,1.0,0.0,0,,,0.5,9618,
6346,272512,-5.0,0.0,0.0,0,,,0.5,9618,
6347,272640,-5.0,0.0,0.0,0,,,0.5,9622,
6348,272640,-4.8,0.0,5.71,2,0.0,0.5,0.5,9622,
6349,272640,-5.0,0.0,0.0,0,,,0.5,9622,
6350,272768,-4.0,0.0,0.0,0,,,0.5,9624,
6351,272768,-2.3,0.0,10.0,2,0.0,0.0,0.5,9624,
6352,272768,-2.8,0.0,5.0,1,0.0,0.0,0.5,9624,
6353,272832,-2.7,0.0,3.45,1,0.0,0.0,0.5,9625,
6354,272832,-5.0,0.0,0.0,0,,,0.5,9625,
6355,272896,-5.2,0.0,2.27,1,0.0,0.0,0.5,9626,
6356,272960,-4.5,0.0,1.96,1,0.0,1.0,0.5,9626,
6357,273024,10.2,1.0,7.14,1,1.0,1.0,0.5,9627,
6358,273024,-5.5,0.0,1.96,1,0.0,1.0,0.5,9627,
6359,273088,-5.5,0.0,1.96,1,0.0,1.0,0.5,9627,
6360,273088,-5.0,0.0,0.0,0,,,0.5,9627,
6361,273152,-5.5,0.0,1.96,1,1.0,0.0,0.5,9627,
6362,273216,-5.0,0.0,0.0,0,,,0.5,9629,
6363,273216,-1.7,0.0,11.11,1,0.0,0.0,0.5,9629,
6364,273216,-3.9,0.0,2.44,1,0.0,0.0,0.5,9629,
6365,273280,-4.0,0.0,0.0,0,,,0.5,9631,
6366,273408,-5.4,0.0,4.88,2,0.0,0.5,0.5,9634,
6367,273472,-3.8,0.0,5.71,2,0.0,0.0,0.5,9637,
6368,273536,-4.8,0.0,2.5,1,0.0,0.0,0.5,9640,
6369,273536,-3.0,0.0,4.55,1,0.0,0.0,0.5,9640,
6370,273536,-3.5,0.0,3.7,1,0.0,0.0,0.5,9640,
6371,273600,-5.0,0.0,0.0,0,,,0.5,9642,
6372,273600,-5.5,0.0,1.96,1,0.0,0.0,0.5,9642,
6373,273600,-2.2,0.0,4.17,1,0.0,0.0,0.5,9642,
6374,273728,-5.0,0.0,0.0,0,,,0.5,9645,
6375,273728,-5.5,0.0,1.96,1,0.0,1.0,0.5,9645,
6376,273792,-5.0,0.0,0.0,0,,,0.5,9645,
6377,273792,-5.0,0.0,0.0,0,,,0.5,9645,
6378,273856,-5.0,0.0,0.0,0,,,0.5,9646,
6379,273920,-5.0,0.0,0.0,0,,,0.5,9649,
6380,273920,-5.0,0.0,0.0,0,,,0.5,9649,
6381,273920,-2.1,0.0,7.69,1,0.0,0.0,0.5,9649,
6382,273920,-2.0,0.0,8.33,1,0.0,0.0,0.5,9649,
6383,273984,-2.1,0.0,4.35,1,0.0,0.0,0.5,9650,
6384,274048,-5.0,0.0,3.92,2,0.5,0.5,0.5,9651,
6385,274048,-5.0,0.0,3.92,2,0.0,0.5,0.5,9651,
6386,274048,-5.0,0.0,0.0,0,,,0.5,9651,
6387,274048,-6.0,0.0,3.92,2,0.0,1.0,0.5,9651,
6388,274176,9.9,1.0,0.0,0,,,0.5,9653,
6389,274240,-4.6,0.0,4.65,2,0.0,0.0,0.5,9655,
6390,274240,-1.8,0.0,10.0,1,0.0,0.0,0.5,9655,
6391,274304,-4.2,0.0,2.94,1,0.0,0.0,0.5,9656,
6392,274304,-5.5,0.0,1.96,1,0.0,0.0,0.5,9656,
6393,274304,-5.0,0.0,0.0,0,,,0.5,9656,
6394,274368,-4.7,0.0,5.88,2,0.0,0.0,0.5,9657,
6395,274496,-4.0,0.0,0.0,0,,,0.5,9658,
6396,274496,-4.0,0.0,0.0,0,,,0.5,9658,
6397,274560,-4.0,0.0,0.0,0,,,0.5,9658,
6398,274624,-5.5,0.0,1.96,1,1.0,1.0,0.5,9658,
6399,274752,-4.5,0.0,1.96,1,0.0,0.0,0.5,9660,
6400,274752,-2.9,0.0,3.23,1,0.0,0.0,0.5,9660,
6401,274752,-6.0,0.0,3.92,2,0.0,0.0,0.5,9660,
6402,274816,-5.5,0.0,1.96,1,0.0,0.0,0.5,9662,
6403,274816,7.2,1.0,8.82,3,0.0,0.6667,0.5,9662,
6404,274816,-5.5,0.0,1.96,1,0.0,1.0,0.5,9662,
6405,274880,-4.5,0.0,1.96,1,0.0,0.0,0.5,9664,
6406,274880,-4.0,0.0,0.0,0,,,0.5,9664,
6407,274944,-5.0,0.0,0.0,0,,,0.5,9665,
6408,274944,-5.0,0.0,0.0,0,,,0.5,9665,
6409,274944,-6.0,0.0,3.92,2,0.0,1.0,0.5,9665,
6410,275008,-4.0,0.0,0.0,0,,,0.5,9665,
6411,275008,9.4,1.0,4.55,1,1.0,1.0,0.5,9665,
6412,275072,-2.7,0.0,3.45,1,0.0,0.0,0.5,9667,
6413,275264,-4.5,0.0,2.7,1,0.0,0.0,0.5,9670,
6414,275264,-4.0,0.0,0.0,0,,,0.5,9670,
6415,275264,-6.5,0.0,5.88,3,0.0,1.0,0.5,9670,
6416,275328,-5.0,0.0,0.0,0,,,0.5,9670,
6417,275456,-5.0,0.0,3.92,2,0.0,0.0,0.5,9673,
6418,275456,-3.2,0.0,4.17,1,0.0,0.0,0.5,9673,
6419,275456,-5.0,0.0,0.0,0,,,0.5,9673,
6420,275456,-3.1,0.0,4.35,1,0.0,0.0,0.5,9673,
6421,275456,-4.2,0.0,2.94,1,0.0,0.0,0.5,9673,
6422,275584,-1.0,0.0,8.33,1,0.0,0.0,0.5,9676,
6423,275584,-4.7,0.0,2.56,1,0.0,0.0,0.5,9676,
6424,275712,10.4,1.0,8.33,1,1.0,0.0,0.5,9679,
6425,275776,-5.5,0.0,1.96,1,0.0,0.0,0.5,9679,
6426,275776,-5.0,0.0,0.0,0,,,0.5,9679,
6427,275840,9.2,1.0,4.17,1,1.0,0.0,0.5,9682,
6428,275840,-4.2,0.0,2.27,1,0.0,0.0,0.5,9682,
6429,275840,-2.1,0.0,7.69,1,0.0,0.0,0.5,9682,
6430,275840,-5.5,0.0,2.13,1,0.0,0.0,0.5,9682,
6431,275904,-5.0,0.0,0.0,0,,,0.5,9684,
6432,276032,-4.6,0.0,6.06,2,0.5,0.5,0.5,9687,
6433,276032,-6.0,0.0,3.92,2,0.5,0.5,0.5,9687,
6434,276096,-4.2,0.0,2.94,1,0.0,0.0,0.5,9690,
6435,276096,-5.0,0.0,0.0,0,,,0.5,9690,
6436,276096,7.4,1.0,5.41,2,0.0,1.0,0.5,9690,
6437,276096,-4.0,0.0,3.12,1,0.0,0.0,0.5,9690,
6438,276224,-5.5,0.0,1.96,1,0.0,1.0,0.5,9692,
6439,276288,-5.0,0.0,0.0,0,,,0.5,9693,
6440,276288,-2.0,0.0,4.55,1,0.0,0.0,0.5,9693,
6441,276480,-3.0,0.0,4.55,1,0.0,0.0,0.5,9698,
6442,276480,-1.7,0.0,5.26,1,0.0,0.0,0.5,9698,
6443,276480,-4.0,0.0,0.0,0,,,0.5,9698,
6444,276480,-4.0,0.0,0.0,0,,,0.5,9698,
6445,276544,-3.0,0.0,11.76,2,0.0,0.5,0.5,9701,
6446,276608,9.8,1.0,5.56,1,0.0,1.0,0.5,9703,
6447,276608,-2.6,0.0,3.57,1,0.0,0.0,0.5,9703,
6448,276672,-4.5,0.0,1.96,1,0.0,0.0,0.5,9705,
6449,276736,-5.0,0.0,0.0,0,,,0.5,9706,
6450,276800,-5.0,0.0,0.0,0,,,0.5,9706,
6451,276800,-4.5,0.0,1.96,1,0.0,0.0,0.5,9706,
6452,276800,-6.0,0.0,3.92,2,0.5,0.0,0.5,9706,
6453,276864,-4.4,0.0,2.78,1,0.0,0.0,0.5,9708,
6454,276864,-4.0,0.0,0.0,0,,,0.5,9708,
6455,276928,-2.1,0.0,4.35,1,0.0,0.0,0.5,9710,
6456,276928,-2.6,0.0,5.56,1,0.0,0.0,0.5,9710,
6457,276992,-5.5,0.0,1.96,1,0.0,1.0,0.5,9711,
6458,276992,-4.9,0.0,2.44,1,0.0,0.0,0.5,9711,
6459,276992,11.3,1.0,0.0,0,,,0.5,9711,
6460,277056,-5.5,0.0,1.96,1,0.0,0.0,0.5,9713,
6461,277056,-5.1,0.0,2.33,1,0.0,0.0,0.5,9713,
6462,277056,-5.0,0.0,0.0,0,,,0.5,9713,
6463,277120,-5.0,0.0,0.0,0,,,0.5,9715,
6464,277184,-5.0,0.0,0.0,0,,,0.5,9715,
6465,277312,-0.9,0.0,9.09,1,0.0,0.0,0.5,9721,
6466,277312,7.0,1.0,0.0,0,,,0.5,9721,
6467,277312,-5.0,0.0,0.0,0,,,0.5,9721,
6468,277312,-4.4,0.0,2.78,1,0.0,0.0,0.5,9721,
6469,277312,-5.5,0.0,1.96,1,0.0,0.0,0.5,9721,
6470,277312,-5.5,0.0,2.13,1,0.0,0.0,0.5,9721,
6471,277440,-4.0,0.0,0.0,0,,,0.5,9721,
6472,277504,-4.0,0.0,0.0,0,,,0.5,9722,
6473,277504,-4.5,0.0,1.96,1,0.0,0.0,0.5,9722,
6474,277504,-3.8,0.0,3.33,1,0.0,0.0,0.5,9722,
6475,277760,-5.5,0.0,1.96,1,1.0,0.0,0.5,9725,
6476,277760,-4.0,0.0,0.0,0,,,0.5,9725,
6477,277888,-4.5,0.0,1.96,1,0.0,1.0,0.5,9727,
6478,277888,-4.9,0.0,4.35,2,0.0,0.5,0.5,9727,
6479,277888,-4.1,0.0,9.09,3,0.3333,0.3333,0.5,9727,
6480,277952,-2.9,0.0,12.5,2,0.0,0.0,0.5,9730,
6481,277952,-2.2,0.0,7.14,1,0.0,0.0,0.5,9730,
6482,278016,-4.0,0.0,0.0,0,,,0.5,9730,
6483,278016,-4.0,0.0,0.0,0,,,0.5,9730,
6484,278016,-5.5,0.0,1.96,1,0.0,1.0,0.5,9730,
6485,278080,-5.5,0.0,1.96,1,0.0,0.0,0.5,9731,
6486,278144,-5.9,0.0,1.96,1,0.0,0.0,0.5,9733,
6487,278208,-5.0,0.0,0.0,0,,,0.5,9733,
6488,278336,-5.8,0.0,4.44,2,0.0,0.0,0.5,9736,
6489,278336,8.9,1.0,3.7,1,0.0,1.0,0.5,9736,
6490,278400,-4.2,0.0,6.9,2,0.5,0.5,0.5,9737,
6491,278528,-5.0,0.0,0.0,0,,,0.5,9740,
6492,278528,-4.5,0.0,1.96,1,0.0,1.0,0.5,9740,
6493,278528,-4.0,0.0,2.38,1,0.0,0.0,0.5,9740,
6494,278592,-5.5,0.0,1.96,1,0.0,0.0,0.5,9740,
6495,278656,-2.9,0.0,4.76,1,0.0,0.0,0.5,9743,
6496,278656,-2.6,0.0,8.7,2,0.0,0.5,0.5,9743,
6497,278720,-5.0,0.0,0.0,0,,,0.5,9743,
6498,278784,-3.1,0.0,4.35,1,0.0,0.0,0.5,9745,
6499,278848,-4.1,0.0,3.03,1,0.0,0.0,0.5,9749,
6500,278848,-5.5,0.0,1.96,1,0.0,1.0,0.5,9749,
6501,278976,-4.4,0.0,6.45,2,0.0,0.0,0.5,9751,
6502,278976,-5.0,0.0,0.0,0,,,0.5,9751,
6503,279040,-5.1,0.0,2.33,1,0.0,0.0,0.5,9754,
6504,279040,-3.3,0.0,2.86,1,0.0,0.0,0.5,9754,
6505,279104,-5.5,0.0,5.88,3,0.3333,0.6667,0.5,9754,
6506,279104,-5.0,0.0,0.0,0,,,0.5,9754,
6507,279104,-5.0,0.0,0.0,0,,,0.5,9754,
6508,279168,-5.5,0.0,1.96,1,0.0,0.0,0.5,9757,
6509,279168,-2.6,0.0,16.67,3,0.3333,0.6667,0.5,9757,
6510,279168,-4.3,0.0,2.86,1,0.0,0.0,0.5,9757,
6511,279296,-5.0,0.0,3.92,2,0.0,0.5,0.5,9758,
6512,279296,-4.0,0.0,0.0,0,,,0.5,9758,
6513,279360,-5.0,0.0,0.0,0,,,0.5,9761,
6514,279360,-5.3,0.0,2.22,1,0.0,0.0,0.5,9761,
6515,279360,-2.1,0.0,4.35,1,0.0,0.0,0.5,9761,
6516,279360,-5.0,0.0,0.0,0,,,0.5,9761,
6517,279360,-5.0,0.0,0.0,0,,,0.5,9761,
6518,279360,-6.0,0.0,3.92,2,0.0,0.5,0.5,9761,
6519,279424,11.2,1.0,0.0,0,,,0.5,9762,
6520,279488,-5.5,0.0,1.96,1,0.0,1.0,0.5,9763,
6521,279488,-5.5,0.0,2.13,1,0.0,0.0,0.5,9763,
6522,279552,-5.0,0.0,0.0,0,,,0.5,9764,
6523,279616,-5.7,0.0,7.69,3,0.0,0.3333,0.5,9766,
6524,279680,-5.2,0.0,2.27,1,0.0,0.0,0.5,9770,
6525,279680,7.4,1.0,0.0,0,,,0.5,9770,
6526,279744,-3.6,0.0,2.63,1,0.0,0.0,0.5,9771,
6527,279744,-5.0,0.0,0.0,0,,,0.5,9771,
6528,279872,8.4,1.0,7.41,2,0.0,1.0,0.5,9774,
6529,279872,-3.6,0.0,2.63,1,0.0,0.0,0.5,9774,
6530,280064,-5.1,0.0,2.33,1,0.0,0.0,0.5,9777,
6531,280064,-3.5,0.0,3.7,1,0.0,0.0,0.5,9777,
6532,280064,-4.5,0.0,1.96,1,0.0,0.0,0.5,9777,
6533,280064,11.0,1.0,0.0,0,,,0.5,9777,
6534,280064,-5.0,0.0,0.0,0,,,0.5,9777,
6535,280128,-5.5,0.0,1.96,1,0.0,1.0,0.5,9778,
6536,280256,-5.0,0.0,5.41,2,0.5,0.0,0.5,9780,
6537,280256,-5.0,0.0,3.92,2,0.5,0.0,0.5,9780,
6538,280256,-5.0,0.0,3.92,2,0.0,1.0,0.5,9780,
6539,280320,-5.0,0.0,0.0,0,,,0.5,9782,
6540,280320,-3.6,0.0,2.63,1,0.0,0.0,0.5,9782,
6541,280320,-3.7,0.0,8.33,2,0.5,0.5,0.5,9782,
6542,280320,-4.0,0.0,0.0,0,,,0.5,9782,
6543,280448,-5.4,0.0,2.17,1,0.0,0.0,0.5,9785,
6544,280576,-4.5,0.0,1.96,1,0.0,0.0,0.5,9788,
6545,280576,-5.0,0.0,0.0,0,,,0.5,9788,
6546,280704,-4.4,0.0,2.17,1,0.0,0.0,0.5,9790,
6547,280768,-5.0,0.0,0.0,0,,,0.5,9790,
6548,280768,-5.5,0.0,1.96,1,0.0,0.0,0.5,9790,
6549,280832,-2.5,0.0,5.88,1,0.0,0.0,0.5,9792,
6550,280832,10.3,1.0,0.0,0,,,0.5,9792,
6551,280832,-3.4,0.0,2.78,1,0.0,0.0,0.5,9792,
6552,280896,-1.7,0.0,11.11,1,0.0,0.0,0.5,9794,
6553,280896,-2.5,0.0,3.7,1,0.0,0.0,0.5,9794,
6554,280960,-2.8,0.0,3.33,1,0.0,0.0,0.5,9796,
6555,281024,-4.0,0.0,0.0,0,,,0.5,9797,
6556,281152,-1.2,0.0,7.14,1,0.0,0.0,0.5,9802,
6557,281152,8.9,1.0,0.0,0,,,0.5,9802,
6558,281152,-4.1,0.0,3.03,1,0.0,0.0,0.5,9802,
6559,281152,-4.9,0.0,2.44,1,0.0,0.0,0.5,9802,
6560,281216,-2.4,0.0,3.85,1,0.0,0.0,0.5,9805,
6561,281216,-4.5,0.0,1.96,1,0.0,1.0,0.5,9805,
6562,281216,-5.5,0.0,1.96,1,0.0,1.0,0.5,9805,
6563,281216,-2.6,0.0,5.56,1,0.0,0.0,0.5,9805,
6564,281216,-2.2,0.0,7.14,1,0.0,0.0,0.5,9805,
6565,281280,-5.5,0.0,1.96,1,0.0,1.0,0.5,9806,
6566,281280,-5.0,0.0,0.0,0,,,0.5,9806,
6567,281280,-1.3,0.0,6.67,1,0.0,0.0,0.5,9806,
6568,281344,-4.5,0.0,1.96,1,1.0,1.0,0.5,9808,
6569,281408,-5.7,0.0,4.55,2,0.5,0.0,0.5,9810,
6570,281408,10.3,1.0,0.0,0,,,0.5,9810,
6571,281472,-6.7,0.0,6.12,3,0.0,0.3333,0.5,9812,
6572,281472,-5.0,0.0,0.0,0,,,0.5,9812,
6573,281536,-4.7,0.0,2.04,1,0.0,0.0,0.5,9815,
6574,281792,-5.5,0.0,1.96,1,0.0,0.0,0.5,9818,
6575,281792,-4.0,0.0,7.41,2,0.0,0.0,0.5,9818,
6576,281792,-3.5,0.0,3.7,1,0.0,0.0,0.5,9818,
6577,281920,-6.5,0.0,5.88,3,0.0,0.6667,0.5,9820,
6578,281920,-5.5,0.0,5.88,3,0.3333,0.3333,0.5,9820,
6579,281984,-5.0,0.0,0.0,0,,,0.5,9821,
6580,282112,-4.5,0.0,1.96,1,0.0,1.0,0.5,9823,
6581,282176,-5.6,0.0,2.08,1,0.0,0.0,0.5,9824,
6582,282240,-4.2,0.0,2.94,1,0.0,0.0,0.5,9825,
6583,282240,-5.5,0.0,1.96,1,0.0,0.0,0.5,9825,
6584,282240,-5.0,0.0,0.0,0,,,0.5,9825,
6585,282240,10.8,1.0,0.0,0,,,0.5,9825,
6586,282368,-4.0,0.0,0.0,0,,,0.5,9826,
6587,282432,-5.0,0.0,0.0,0,,,0.5,9826,
6588,282432,-4.0,0.0,0.0,0,,,0.5,9826,
6589,282432,11.7,1.0,0.0,0,,,0.5,9826,
6590,282496,-5.3,0.0,4.0,2,0.0,0.5,0.5,9829,
6591,282496,-3.6,0.0,3.57,1,0.0,0.0,0.5,9829,
6592,282496,-3.9,0.0,7.69,2,0.0,0.5,0.5,9829,
6593,282560,-5.0,0.0,0.0,0,,,0.5,9829,
6594,282624,-5.5,0.0,1.96,1,0.0,1.0,0.5,9829,
6595,282624,-4.0,0.0,0.0,0,,,0.5,9829,
6596,282624,-7.0,0.0,7.84,4,0.25,0.5,0.5,9829,
6597,282624,-4.5,0.0,1.96,1,0.0,1.0,0.5,9829,
6598,282624,-5.0,0.0,0.0,0,,,0.5,9829,
6599,282688,-5.0,0.0,0.0,0,,,0.5,9829,
6600,282752,-5.0,0.0,0.0,0,,,0.5,9832,
6601,282752,-2.3,0.0,6.67,1,0.0,0.0,0.5,9832,
6602,282752,-5.0,0.0,0.0,0,,,0.5,9832,
6603,282752,9.2,1.0,0.0,0,,,0.5,9832,
6604,282816,-2.2,0.0,7.14,1,0.0,0.0,0.5,9834,
6605,282880,-5.0,0.0,0.0,0,,,0.5,9838,
6606,282944,-5.0,0.0,0.0,0,,,0.5,9838,
6607,283008,-4.0,0.0,0.0,0,,,0.5,9841,
6608,283008,-3.7,0.0,3.45,1,0.0,0.0,0.5,9841,
6609,283008,-2.0,0.0,8.33,1,0.0,0.0,0.5,9841,
6610,283136,-5.0,0.0,0.0,0,,,0.5,9844,
6611,283136,-6.0,0.0,3.92,2,0.0,0.0,0.5,9844,
6612,283136,-4.6,0.0,2.08,1,0.0,0.0,0.5,9844,
6613,283264,-5.5,0.0,2.13,1,0.0,0.0,0.5,9845,
6614,283328,-4.1,0.0,3.03,1,0.0,0.0,0.5,9849,
6615,283328,-4.1,0.0,3.03,1,0.0,0.0,0.5,9849,
6616,283328,-4.4,0.0,2.78,1,0.0,0.0,0.5,9849,
6617,283328,-1.3,0.0,20.0,1,0.0,0.0,0.5,9849,
6618,283392,-5.5,0.0,1.96,1,0.0,0.0,0.5,9850,
6619,283456,-3.9,0.0,3.23,1,0.0,0.0,0.5,9851,
6620,283584,-5.0,0.0,0.0,0,,,0.5,9852,
6621,283712,-5.0,0.0,0.0,0,,,0.5,9854,
6622,283840,-5.0,0.0,0.0,0,,,0.5,9855,
6623,283840,-4.5,0.0,1.96,1,0.0,0.0,0.5,9855,
6624,283904,-4.9,0.0,2.44,1,0.0,0.0,0.5,9856,
6625,283968,-3.2,0.0,4.17,1,0.0,0.0,0.5,9859,
6626,284032,-5.5,0.0,1.96,1,0.0,0.0,0.5,9860,
6627,284032,-6.5,0.0,5.88,3,0.0,0.3333,0.5,9860,
6628,284096,-5.5,0.0,1.96,1,0.0,1.0,0.5,9860,
6629,284096,9.3,1.0,4.35,1,0.0,0.0,0.5,9860,
6630,284096,-5.0,0.0,0.0,0,,,0.5,9860,
6631,284160,-5.0,0.0,0.0,0,,,0.5,9863,
6632,284160,-4.2,0.0,12.5,3,0.0,0.6667,0.5,9863,
6633,284224,-4.6,0.0,2.08,1,0.0,0.0,0.5,9867,
6634,284224,-5.0,0.0,0.0,0,,,0.5,9867,
6635,284288,10.7,1.0,0.0,0,,,0.5,9867,
6636,284416,-4.5,0.0,1.96,1,0.0,1.0,0.5,9871,
6637,284416,-5.5,0.0,1.96,1,0.0,0.0,0.5,9871,
6638,284480,-4.0,0.0,0.0,0,,,0.5,9874,
6639,284480,-4.0,0.0,0.0,0,,,0.5,9874,
6640,284480,-5.0,0.0,0.0,0,,,0.5,9874,
6641,284544,-5.5,0.0,1.96,1,0.0,0.0,0.5,9874,
6642,284544,-5.0,0.0,0.0,0,,,0.5,9874,
6643,284608,-5.0,0.0,3.92,2,0.0,0.0,0.5,9878,
6644,284608,-1.9,0.0,12.5,2,0.0,0.5,0.5,9878,
6645,284608,-5.6,0.0,2.08,1,0.0,0.0,0.5,9878,
6646,284672,-5.0,0.0,0.0,0,,,0.5,9878,
6647,284736,-5.0,0.0,0.0,0,,,0.5,9879,
6648,285056,-5.0,0.0,0.0,0,,,0.5,9884,
6649,285056,-5.0,0.0,0.0,0,,,0.5,9884,
6650,285120,9.1,1.0,10.0,2,0.0,1.0,0.5,9884,
6651,285184,-2.7,0.0,3.45,1,0.0,0.0,0.5,9885,
6652,285184,-4.5,0.0,1.96,1,0.0,1.0,0.5,9885,
6653,285248,-4.0,0.0,0.0,0,,,0.5,9887,
6654,285312,-2.2,0.0,10.53,2,0.5,0.0,0.5,9889,
6655,285376,6.5,1.0,4.35,2,0.0,0.0,0.5,9892,
6656,285376,-4.0,0.0,0.0,0,,,0.5,9892,
6657,285440,-4.4,0.0,2.17,1,0.0,0.0,0.5,9894,
6658,285440,11.8,1.0,0.0,0,,,0.5,9894,
6659,285504,-5.0,0.0,0.0,0,,,0.5,9895,
6660,285504,-5.0,0.0,0.0,0,,,0.5,9895,
6661,285504,-5.0,0.0,0.0,0,,,0.5,9895,
6662,285504,10.1,1.0,0.0,0,,,0.5,9895,
6663,285504,-5.1,0.0,2.33,1,0.0,0.0,0.5,9895,
6664,285568,6.3,1.0,10.53,4,0.25,1.0,0.5,9897,
6665,285632,-4.5,0.0,2.13,1,0.0,0.0,0.5,9900,
6666,285632,-4.5,0.0,1.96,1,0.0,0.0,0.5,9900,
6667,285696,-5.0,0.0,0.0,0,,,0.5,9903,
6668,285696,-3.2,0.0,4.17,1,0.0,0.0,0.5,9903,
6669,285696,-1.7,0.0,11.11,1,0.0,0.0,0.5,9903,
6670,285760,-5.6,0.0,2.08,1,0.0,0.0,0.5,9904,
6671,285760,-5.0,0.0,0.0,0,,,0.5,9904,
6672,285760,-5.5,0.0,1.96,1,0.0,0.0,0.5,9904,
6673,285824,5.2,1.0,11.36,5,0.2,0.6,0.5,9904,
6674,285824,-6.0,0.0,3.92,2,0.5,1.0,0.5,9904,
6675,285888,-5.5,0.0,1.96,1,0.0,0.0,0.5,9906,
6676,285888,-5.5,0.0,1.96,1,0.0,0.0,0.5,9906,
6677,286016,-5.0,0.0,0.0,0,,,0.5,9908,
6678,286016,-5.0,0.0,0.0,0,,,0.5,9908,
6679,286016,-4.5,0.0,1.96,1,0.0,1.0,0.5,9908,
6680,286080,-3.1,0.0,4.35,1,0.0,0.0,0.5,9910,
6681,286080,-4.0,0.0,0.0,0,,,0.5,9910,
6682,286144,-4.0,0.0,0.0,0,,,0.5,9911,
6683,286208,-4.5,0.0,1.96,1,0.0,1.0,0.5,9912,
6684,286208,-4.6,0.0,2.08,1,0.0,0.0,0.5,9912,
6685,286272,-5.5,0.0,1.96,1,0.0,1.0,0.5,9914,
6686,286272,-3.8,0.0,2.5,1,0.0,0.0,0.5,9914,
6687,286400,-4.0,0.0,0.0,0,,,0.5,9915,
6688,286464,-3.3,0.0,2.86,1,0.0,0.0,0.5,9918,
6689,286464,-2.9,0.0,3.23,1,0.0,0.0,0.5,9918,
6690,286528,-4.0,0.0,0.0,0,,,0.5,9919,
6691,286592,-5.0,0.0,0.0,0,,,0.5,9919,
6692,286592,-5.5,0.0,1.96,1,0.0,0.0,0.5,9919,
6693,286592,-7.0,0.0,11.76,6,0.1667,0.5,0.5,9919,
6694,286720,-4.9,0.0,2.44,1,0.0,0.0,0.5,9920,
6695,286720,-5.5,0.0,1.96,1,0.0,1.0,0.5,9920,
6696,286848,9.0,1.0,9.52,2,0.0,1.0,0.5,9923,
6697,286848,-4.5,0.0,2.7,1,0.0,0.0,0.5,9923,
6698,286912,-2.8,0.0,5.0,1,0.0,0.0,0.5,9924,
6699,287104,-5.8,0.0,2.0,1,0.0,0.0,0.5,9926,
6700,287104,-5.0,0.0,0.0,0,,,0.5,9926,
6701,287168,-6.2,0.0,4.08,2,0.5,0.5,0.5,9930,
6702,287168,-5.6,0.0,4.65,2,0.0,0.0,0.5,9930,
6703,287232,-5.5,0.0,1.96,1,0.0,0.0,0.5,9930,
6704,287296,-6.0,0.0,3.92,2,0.0,0.5,0.5,9930,
6705,287360,-3.7,0.0,3.45,1,0.0,0.0,0.5,9932,
6706,287360,-1.5,0.0,14.29,1,0.0,0.0,0.5,9932,
6707,287360,-5.0,0.0,0.0,0,,,0.5,9932,
6708,287424,-4.5,0.0,1.96,1,0.0,1.0,0.5,9933,
6709,287424,-2.1,0.0,7.69,1,0.0,0.0,0.5,9933,
6710,287552,-5.7,0.0,2.04,1,0.0,0.0,0.5,9936,
6711,287552,-6.0,0.0,3.92,2,0.0,1.0,0.5,9936,
6712,287616,11.5,1.0,0.0,0,,,0.5,9936,
6713,287680,-1.3,0.0,6.67,1,0.0,0.0,0.5,9938,
6714,287680,-3.3,0.0,2.86,1,0.0,0.0,0.5,9938,
6715,287744,-5.0,0.0,0.0,0,,,0.5,9939,
6716,287808,-3.8,0.0,3.33,1,0.0,0.0,0.5,9942,
6717,287808,-4.0,0.0,0.0,0,,,0.5,9942,
6718,287808,-3.6,0.0,2.63,1,0.0,0.0,0.5,9942,
6719,287808,-3.1,0.0,3.03,1,0.0,0.0,0.5,9942,
6720,287808,-4.5,0.0,1.96,1,0.0,0.0,0.5,9942,
6721,287872,-4.2,0.0,2.94,1,0.0,0.0,0.5,9945,
6722,287872,-1.9,0.0,12.5,2,0.0,0.5,0.5,9945,
6723,287872,-4.5,0.0,2.7,1,0.0,0.0,0.5,9945,
6724,287872,-4.0,0.0,0.0,0,,,0.5,9945,
6725,287872,-5.0,0.0,0.0,0,,,0.5,9945,
6726,287936,-4.0,0.0,0.0,0,,,0.5,9945,
6727,288000,-3.9,0.0,3.23,1,0.0,0.0,0.5,9946,
6728,288000,-5.0,0.0,0.0,0,,,0.5,9946,
6729,288128,11.0,1.0,0.0,0,,,0.5,9947,
6730,288128,-1.3,0.0,6.67,1,0.0,0.0,0.5,9947,
6731,288320,-5.0,0.0,0.0,0,,,0.5,9951,
6732,288320,-3.4,0.0,2.78,1,0.0,0.0,0.5,9951,
6733,288320,-3.5,0.0,6.25,2,0.0,0.0,0.5,9951,
6734,288320,-4.5,0.0,1.96,1,0.0,0.0,0.5,9951,
6735,288448,-5.5,0.0,1.96,1,0.0,1.0,0.5,9953,
6736,288448,-5.0,0.0,0.0,0,,,0.5,9953,
6737,288512,-3.4,0.0,3.85,1,0.0,0.0,0.5,9955,
6738,288576,-5.0,0.0,0.0,0,,,0.5,9956,
6739,288576,-4.6,0.0,4.65,2,0.0,0.5,0.5,9956,
6740,288640,-5.5,0.0,1.96,1,0.0,1.0,0.5,9957,
6741,288704,-4.5,0.0,1.96,1,0.0,1.0,0.5,9958,
6742,288768,-5.0,0.0,0.0,0,,,0.5,9960,
6743,288768,-5.0,0.0,0.0,0,,,0.5,9960,
6744,288768,-2.6,0.0,5.56,1,0.0,0.0,0.5,9960,
6745,288832,-4.3,0.0,2.86,1,0.0,0.0,0.5,9961,
6746,288832,-5.0,0.0,0.0,0,,,0.5,9961,
6747,288896,-5.0,0.0,3.92,2,0.0,1.0,0.5,9963,
6748,288896,-2.5,0.0,16.67,2,0.0,0.5,0.5,9963,
6749,288960,-5.5,0.0,1.96,1,0.0,1.0,0.5,9964,
6750,289024,-5.5,0.0,1.96,1,0.0,0.0,0.5,9965,
6751,289024,-5.5,0.0,1.96,1,0.0,1.0,0.5,9965,
6752,289024,-5.0,0.0,0.0,0,,,0.5,9965,
6753,289088,-5.0,0.0,0.0,0,,,0.5,9968,
6754,289152,-5.0,0.0,0.0,0,,,0.5,9968,
6755,289216,-2.9,0.0,4.76,1,0.0,0.0,0.5,9971,
6756,289216,-3.0,0.0,4.55,1,0.0,0.0,0.5,9971,
6757,289280,-5.5,0.0,1.96,1,0.0,1.0,0.5,9972,
6758,289344,-5.5,0.0,1.96,1,0.0,0.0,0.5,9974,
6759,289344,-5.0,0.0,0.0,0,,,0.5,9974,
6760,289408,-5.4,0.0,2.17,1,0.0,0.0,0.5,9975,
6761,289408,-5.0,0.0,0.0,0,,,0.5,9975,
6762,289472,-5.0,0.0,0.0,0,,,0.5,9975,
6763,289472,-5.0,0.0,0.0,0,,,0.5,9975,
6764,289536,-5.0,0.0,0.0,0,,,0.5,9976,
6765,289664,-2.4,0.0,3.85,1,0.0,0.0,0.5,9979,
6766,289664,-5.0,0.0,3.92,2,0.0,0.0,0.5,9979,
6767,289728,-4.7,0.0,2.04,1,0.0,0.0,0.5,9980,
6768,289728,-5.0,0.0,0.0,0,,,0.5,9980,
6769,289792,-3.4,0.0,6.45,2,0.0,0.0,0.5,9983,
6770,289792,-5.5,0.0,1.96,1,0.0,0.0,0.5,9983,
6771,289984,-5.5,0.0,1.96,1,0.0,0.0,0.5,9988,
6772,290048,-1.4,0.0,6.25,1,0.0,0.0,0.5,9990,
6773,290048,-4.3,0.0,2.86,1,0.0,0.0,0.5,9990,
6774,290176,-2.6,0.0,15.38,2,0.0,0.5,0.5,9995,
6775,290368,-4.0,0.0,0.0,0,,,0.5,9997,
6776,290368,-1.7,0.0,5.26,1,0.0,0.0,0.5,9997,
6777,290368,-6.0,0.0,3.92,2,0.0,0.0,0.5,9997,
6778,290432,-5.0,0.0,0.0,0,,,0.5,9998,
6779,290432,-5.5,0.0,2.13,1,0.0,0.0,0.5,9998,
6780,290432,8.3,1.0,3.03,1,0.0,0.0,0.5,9998,
6781,290560,-2.6,0.0,5.56,1,0.0,0.0,0.5,10000,
6782,290560,-4.0,0.0,0.0,0,,,0.5,10000,
6783,290560,9.0,1.0,3.85,1,0.0,1.0,0.5,10000,
6784,290624,-6.0,0.0,3.92,2,0.0,1.0,0.5,10001,
6785,290624,11.1,1.0,0.0,0,,,0.5,10001,
6786,290624,-5.0,0.0,0.0,0,,,0.5,10001,
6787,290624,-4.5,0.0,1.96,1,0.0,0.0,0.5,10001,
6788,290816,-5.5,0.0,1.96,1,0.0,0.0,0.5,10003,
6789,290816,-4.5,0.0,1.96,1,1.0,0.0,0.5,10003,
6790,290880,-3.1,0.0,4.35,1,0.0,0.0,0.5,10004,
6791,290944,-4.1,0.0,3.03,1,0.0,0.0,0.5,10007,
6792,290944,-5.0,0.0,0.0,0,,,0.5,10007,
6793,290944,-5.5,0.0,1.96,1,0.0,1.0,0.5,10007,
6794,290944,-4.5,0.0,6.25,2,0.0,0.0,0.5,10007,
6795,291008,-5.5,0.0,1.96,1,1.0,0.0,0.5,10007,
6796,291072,-5.0,0.0,0.0,0,,,0.5,10007,
6797,291072,-5.0,0.0,0.0,0,,,0.5,10007,
6798,291136,-4.5,0.0,1.96,1,0.0,0.0,0.5,10009,
6799,291136,-3.5,0.0,9.09,2,0.0,0.5,0.5,10009,
6800,291136,-5.0,0.0,0.0,0,,,0.5,10009,
6801,291136,-4.0,0.0,0.0,0,,,0.5,10009,
6802,291136,-4.7,0.0,4.55,2,0.0,0.5,0.5,10009,
6803,291136,-4.0,0.0,0.0,0,,,0.5,10009,
6804,291200,-5.9,0.0,1.96,1,0.0,0.0,0.5,10010,
6805,291200,9.4,1.0,0.0,0,,,0.5,10010,
6806,291264,-5.0,0.0,0.0,0,,,0.5,10013,
6807,291328,-3.4,0.0,3.85,1,0.0,0.0,0.5,10015,
6808,291392,-3.5,0.0,3.7,1,0.0,0.0,0.5,10016,
6809,291392,-5.5,0.0,1.96,1,0.0,0.0,0.5,10016,
6810,291520,-2.1,0.0,4.35,1,0.0,0.0,0.5,10019,
6811,291584,-5.0,0.0,0.0,0,,,0.5,10019,
6812,291584,11.6,1.0,0.0,0,,,0.5,10019,
6813,291584,-5.0,0.0,0.0,0,,,0.5,10019,
6814,291648,-4.8,0.0,4.44,2,0.0,0.0,0.5,10020,
6815,291712,-5.0,0.0,0.0,0,,,0.5,10021,
6816,291712,-5.0,0.0,0.0,0,,,0.5,10021,
6817,291712,-3.8,0.0,3.33,1,0.0,0.0,0.5,10021,
6818,291776,-4.3,0.0,2.86,1,0.0,0.0,0.5,10025,
6819,291776,-5.0,0.0,0.0,0,,,0.5,10025,
6820,291776,6.8,1.0,2.08,1,1.0,1.0,0.5,10025,
6821,291840,-5.5,0.0,1.96,1,0.0,1.0,0.5,10026,
6822,291840,-4.5,0.0,1.96,1,0.0,0.0,0.5,10026,
6823,291840,7.7,1.0,0.0,0,,,0.5,10026,
6824,291904,-4.0,0.0,0.0,0,,,0.5,10027,
6825,292032,-5.0,0.0,0.0,0,,,0.5,10029,
6826,292032,-5.0,0.0,3.92,2,0.0,0.5,0.5,10029,
6827,292096,-7.5,0.0,9.8,5,0.0,1.0,0.5,10030,
6828,292160,-2.4,0.0,6.25,1,0.0,0.0,0.5,10031,
6829,292224,-5.0,0.0,3.92,2,0.0,1.0,0.5,10031,
6830,292288,-2.4,0.0,3.85,1,0.0,0.0,0.5,10033,
6831,292288,-5.5,0.0,1.96,1,0.0,0.0,0.5,10033,
6832,292352,-1.8,0.0,5.0,1,0.0,0.0,0.5,10035,
6833,292352,10.8,1.0,12.5,1,1.0,1.0,0.5,10035,
6834,292352,-5.5,0.0,1.96,1,0.0,0.0,0.5,10035,
6835,292416,-2.4,0.0,6.25,1,0.0,0.0,0.5,10039,
6836,292416,-3.6,0.0,3.57,1,0.0,0.0,0.5,10039,
6837,292480,-5.0,0.0,0.0,0,,,0.5,10041,
6838,292480,-2.1,0.0,7.69,1,0.0,0.0,0.5,10041,
6839,292480,-5.0,0.0,0.0,0,,,0.5,10041,
6840,292544,-5.0,0.0,0.0,0,,,0.5,10042,
6841,292608,-5.0,0.0,0.0,0,,,0.5,10043,
6842,292608,-2.7,0.0,8.33,2,0.0,0.5,0.5,10043,
6843,292736,-5.0,0.0,0.0,0,,,0.5,10046,
6844,292736,8.3,1.0,7.14,2,0.5,1.0,0.5,10046,
6845,292736,-4.2,0.0,6.9,2,0.0,0.5,0.5,10046,
6846,292800,-2.8,0.0,8.0,2,0.0,0.5,0.5,10048,
6847,292800,10.7,1.0,0.0,0,,,0.5,10048,
6848,292800,-2.7,0.0,5.26,1,0.0,0.0,0.5,10048,
6849,292992,-6.0,0.0,7.84,4,0.0,0.25,0.5,10048,
6850,293056,-5.0,0.0,0.0,0,,,0.5,10050,
6851,293056,-4.9,0.0,2.44,1,0.0,0.0,0.5,10050,
6852,293184,8.4,1.0,13.64,3,0.0,0.6667,0.5,10054,
6853,293184,-3.0,0.0,4.55,1,0.0,0.0,0.5,10054,
6854,293184,-2.9,0.0,4.76,1,0.0,0.0,0.5,10054,
6855,293248,9.2,1.0,4.17,1,0.0,0.0,0.5,10054,
6856,293312,-5.0,0.0,0.0,0,,,0.5,10056,
6857,293440,-5.0,0.0,0.0,0,,,0.5,10056,
6858,293504,-5.2,0.0,5.13,2,0.0,0.5,0.5,10058,
6859,293568,11.6,1.0,0.0,0,,,0.5,10060,
6860,293632,-5.5,0.0,5.88,3,0.0,0.6667,0.5,10061,
6861,293632,-2.4,0.0,6.25,1,0.0,0.0,0.5,10061,
6862,293632,-5.5,0.0,1.96,1,0.0,1.0,0.5,10061,
6863,293632,-5.0,0.0,0.0,0,,,0.5,10061,
6864,293696,-5.0,0.0,0.0,0,,,0.5,10061,
6865,293696,-5.5,0.0,1.96,1,0.0,1.0,0.5,10061,
6866,293824,-5.0,0.0,0.0,0,,,0.5,10062,
6867,293824,-5.5,0.0,1.96,1,0.0,0.0,0.5,10062,
6868,293824,-5.0,0.0,0.0,0,,,0.5,10062,
6869,293888,-5.0,0.0,0.0,0,,,0.5,10062,
6870,293888,-4.0,0.0,0.0,0,,,0.5,10062,
6871,293952,-4.5,0.0,2.7,1,0.0,0.0,0.5,10065,
6872,293952,-4.2,0.0,2.94,1,0.0,0.0,0.5,10065,
6873,294016,-3.7,0.0,3.45,1,0.0,0.0,0.5,10068,
6874,294016,-4.3,0.0,2.22,1,0.0,0.0,0.5,10068,
6875,294016,-3.9,0.0,3.23,1,0.0,0.0,0.5,10068,
6876,294080,-5.0,0.0,0.0,0,,,0.5,10070,
6877,294080,-4.0,0.0,0.0,0,,,0.5,10070,
6878,294080,-5.7,0.0,2.04,1,0.0,0.0,0.5,10070,
6879,294080,-4.3,0.0,2.86,1,0.0,0.0,0.5,10070,
6880,294144,-5.4,0.0,4.88,2,0.0,0.5,0.5,10072,
6881,294208,-4.5,0.0,1.96,1,0.0,0.0,0.5,10073,
6882,294208,-2.2,0.0,7.14,1,0.0,0.0,0.5,10073,
6883,294208,-5.0,0.0,0.0,0,,,0.5,10073,
6884,294400,-5.0,0.0,0.0,0,,,0.5,10076,
6885,294400,-5.0,0.0,0.0,0,,,0.5,10076,
6886,294400,-5.0,0.0,0.0,0,,,0.5,10076,
6887,294400,-4.3,0.0,6.67,2,0.0,0.0,0.5,10076,
6888,294400,-5.0,0.0,0.0,0,,,0.5,10076,
6889,294464,-5.0,0.0,0.0,0,,,0.5,10077,
6890,294464,9.9,1.0,0.0,0,,,0.5,10077,
6891,294592,-5.0,0.0,0.0,0,,,0.5,10080,
6892,294592,9.4,1.0,4.55,1,0.0,1.0,0.5,10080,
6893,294656,-5.0,0.0,0.0,0,,,0.5,10080,
6894,294720,-2.3,0.0,20.0,2,0.0,0.0,0.5,10082,
6895,294720,-3.8,0.0,3.33,1,0.0,0.0,0.5,10082,
6896,294784,-1.9,0.0,4.76,1,0.0,0.0,0.5,10083,
6897,294848,-5.0,0.0,0.0,0,,,0.5,10085,
6898,294848,-4.8,0.0,2.5,1,0.0,0.0,0.5,10085,
6899,294976,-5.0,0.0,0.0,0,,,0.5,10086,
6900,294976,11.6,1.0,0.0,0,,,0.5,10086,
6901,294976,-4.0,0.0,0.0,0,,,0.5,10086,
6902,294976,-6.3,0.0,6.67,3,0.0,0.6667,0.5,10086,
6903,295168,-4.6,0.0,2.63,1,0.0,0.0,0.5,10089,
6904,295296,9.4,1.0,11.76,2,0.0,1.0,0.5,10090,
6905,295296,-5.5,0.0,1.96,1,1.0,0.0,0.5,10090,
6906,295424,-4.3,0.0,2.22,1,0.0,0.0,0.5,10095,
6907,295424,-3.3,0.0,4.0,1,0.0,0.0,0.5,10095,
6908,295424,-2.7,0.0,5.26,1,0.0,0.0,0.5,10095,
6909,295488,-3.7,0.0,3.45,1,0.0,0.0,0.5,10100,
6910,295488,-4.5,0.0,1.96,1,0.0,0.0,0.5,10100,
6911,295488,-2.5,0.0,5.88,1,0.0,0.0,0.5,10100,
6912,295552,-2.1,0.0,4.35,1,0.0,0.0,0.5,10101,
6913,295552,-5.0,0.0,0.0,0,,,0.5,10101,
6914,295616,-5.5,0.0,1.96,1,0.0,1.0,0.5,10104,
6915,295616,-4.5,0.0,1.96,1,0.0,0.0,0.5,10104,
6916,295616,-4.0,0.0,0.0,0,,,0.5,10104,
6917,295616,-3.4,0.0,3.85,1,0.0,0.0,0.5,10104,
6918,295616,-3.4,0.0,3.85,1,0.0,0.0,0.5,10104,
6919,295680,-5.5,0.0,1.96,1,0.0,0.0,0.5,10106,
6920,295680,-5.0,0.0,0.0,0,,,0.5,10106,
6921,295744,-5.0,0.0,0.0,0,,,0.5,10107,
6922,295744,-5.5,0.0,1.96,1,0.0,1.0,0.5,10107,
6923,295744,-3.2,0.0,2.94,1,0.0,0.0,0.5,10107,
6924,295872,-6.5,0.0,5.88,3,0.0,0.6667,0.5,10110,
6925,295936,11.0,1.0,16.67,1,0.0,0.0,0.5,10111,
6926,296000,-5.5,0.0,1.96,1,0.0,0.0,0.5,10112,
6927,296000,-5.0,0.0,0.0,0,,,0.5,10112,
6928,296064,-5.8,0.0,4.44,2,0.0,0.5,0.5,10115,
6929,296064,-4.3,0.0,2.86,1,0.0,0.0,0.5,10115,
6930,296064,-4.0,0.0,0.0,0,,,0.5,10115,
6931,296064,-5.0,0.0,0.0,0,,,0.5,10115,
6932,296256,-5.0,0.0,0.0,0,,,0.5,10118,
6933,296320,-3.4,0.0,2.78,1,0.0,0.0,0.5,10120,
6934,296320,-5.0,0.0,0.0,0,,,0.5,10120,
6935,296384,-4.3,0.0,2.22,1,0.0,0.0,0.5,10121,
6936,296448,-6.0,0.0,3.92,2,0.0,0.5,0.5,10122,
6937,296448,-4.6,0.0,2.63,1,0.0,0.0,0.5,10122,
6938,296512,-1.7,0.0,11.11,1,0.0,0.0,0.5,10124,
6939,296640,11.2,1.0,0.0,0,,,0.5,10128,
6940,296768,-5.0,0.0,9.38,3,0.0,0.3333,0.5,10129,
6941,296896,-5.0,0.0,0.0,0,,,0.5,10133,
6942,296896,-1.6,0.0,12.5,1,0.0,0.0,0.5,10133,
6943,296896,-4.5,0.0,1.96,1,0.0,0.0,0.5,10133,
6944,296896,-5.5,0.0,1.96,1,0.0,1.0,0.5,10133,
6945,296960,-4.0,0.0,0.0,0,,,0.5,10134,
6946,296960,-4.5,0.0,1.96,1,0.0,0.0,0.5,10134,
6947,296960,-3.2,0.0,4.17,1,0.0,0.0,0.5,10134,
6948,297088,-5.5,0.0,1.96,1,0.0,1.0,0.5,10134,
6949,297152,-5.5,0.0,1.96,1,0.0,0.0,0.5,10134,
6950,297152,-5.5,0.0,1.96,1,0.0,1.0,0.5,10134,
6951,297280,-5.0,0.0,0.0,0,,,0.5,10136,
6952,297344,-5.0,0.0,0.0,0,,,0.5,10137,
6953,297344,-5.5,0.0,1.96,1,0.0,1.0,0.5,10137,
6954,297408,-5.0,0.0,0.0,0,,,0.5,10139,
6955,297472,-5.0,0.0,0.0,0,,,0.5,10140,
6956,297536,-3.1,0.0,3.03,1,0.0,0.0,0.5,10142,
6957,297664,-5.0,0.0,0.0,0,,,0.5,10146,
6958,297664,-2.9,0.0,7.69,2,0.0,0.0,0.5,10146,
6959,297664,-4.5,0.0,1.96,1,0.0,0.0,0.5,10146,
6960,297664,-6.0,0.0,3.92,2,0.0,0.0,0.5,10146,
6961,297664,-4.0,0.0,0.0,0,,,0.5,10146,
6962,297728,-6.0,0.0,3.92,2,0.5,0.5,0.5,10152,
6963,297728,-1.8,0.0,10.0,1,0.0,0.0,0.5,10152,
6964,297728,-1.1,0.0,7.69,1,0.0,0.0,0.5,10152,
6965,297728,-4.0,0.0,0.0,0,,,0.5,10152,
6966,297856,10.1,1.0,6.67,1,0.0,1.0,0.5,10155,
6967,297856,-6.5,0.0,9.8,5,0.2,0.6,0.5,10155,
6968,297856,-3.7,0.0,8.33,2,0.0,0.0,0.5,10155,
6969,297856,-5.5,0.0,1.96,1,0.0,1.0,0.5,10155,
6970,297984,-4.0,0.0,0.0,0,,,0.5,10156,
6971,298048,-4.5,0.0,1.96,1,0.0,1.0,0.5,10159,
6972,298048,-3.9,0.0,3.23,1,0.0,0.0,0.5,10159,
6973,298048,-2.5,0.0,5.88,1,0.0,0.0,0.5,10159,
6974,298048,-5.6,0.0,2.08,1,0.0,0.0,0.5,10159,
6975,298112,-3.0,0.0,3.12,1,0.0,0.0,0.5,10161,
6976,298112,-5.0,0.0,0.0,0,,,0.5,10161,
6977,298112,-4.7,0.0,2.56,1,0.0,0.0,0.5,10161,
6978,298112,-5.0,0.0,0.0,0,,,0.5,10161,
6979,298240,-5.0,0.0,0.0,0,,,0.5,10162,
6980,298240,-5.4,0.0,4.88,2,0.0,0.0,0.5,10162,
6981,298240,-5.5,0.0,1.96,1,0.0,0.0,0.5,10162,
6982,298240,-4.0,0.0,0.0,0,,,0.5,10162,
6983,298368,-5.4,0.0,2.17,1,0.0,0.0,0.5,10164,
6984,298432,7.8,1.0,0.0,0,,,0.5,10165,
6985,298432,-5.0,0.0,0.0,0,,,0.5,10165,
6986,298496,-4.3,0.0,2.22,1,0.0,0.0,0.5,10167,
6987,298560,-5.0,0.0,0.0,0,,,0.5,10168,
6988,298560,-4.5,0.0,1.96,1,0.0,0.0,0.5,10168,
6989,298560,-5.5,0.0,2.13,1,0.0,0.0,0.5,10168,
6990,298624,-2.0,0.0,8.33,1,0.0,0.0,0.5,10170,
6991,298688,-2.4,0.0,6.25,1,0.0,0.0,0.5,10172,
6992,298752,9.4,1.0,4.55,1,1.0,1.0,0.5,10173,
6993,298752,-5.0,0.0,0.0,0,,,0.5,10173,
6994,298752,-5.0,0.0,3.92,2,0.0,0.5,0.5,10173,
6995,298752,-5.0,0.0,0.0,0,,,0.5,10173,
6996,298816,-1.6,0.0,5.56,1,0.0,0.0,0.5,10177,
6997,298816,6.6,1.0,2.0,1,0.0,0.0,0.5,10177,
6998,298816,-3.7,0.0,8.33,2,0.5,0.5,0.5,10177,
6999,298880,-5.0,0.0,4.26,2,0.0,0.5,0.5,10178,
7000,298880,-5.5,0.0,1.96,1,0.0,0.0,0.5,10178,
7001,298944,-5.5,0.0,5.88,3,0.0,0.3333,0.5,10181,
7002,298944,-5.8,0.0,2.0,1,0.0,0.0,0.5,10181,
7003,299008,-5.0,0.0,0.0,0,,,0.5,10183,
7004,299008,-5.0,0.0,3.92,2,0.5,1.0,0.5,10183,
7005,299136,10.7,1.0,0.0,0,,,0.5,10183,
7006,299200,-4.1,0.0,22.22,4,0.0,0.25,0.5,10190,
7007,299200,-0.5,0.0,14.29,1,0.0,0.0,0.5,10190,
7008,299200,-2.1,0.0,7.69,1,0.0,0.0,0.5,10190,
7009,299200,-2.6,0.0,5.56,1,0.0,0.0,0.5,10190,
7010,299264,-4.0,0.0,0.0,0,,,0.5,10190,
7011,299328,-4.0,0.0,0.0,0,,,0.5,10191,
7012,299392,-2.7,0.0,3.45,1,0.0,0.0,0.5,10192,
7013,299456,-3.6,0.0,3.57,1,0.0,0.0,0.5,10194,
7014,299520,-5.0,0.0,0.0,0,,,0.5,10195,
7015,299520,7.9,1.0,2.7,1,0.0,1.0,0.5,10195,
7016,299520,-4.9,0.0,2.44,1,0.0,0.0,0.5,10195,
7017,299584,-2.4,0.0,6.25,1,0.0,0.0,0.5,10197,
7018,299584,-5.0,0.0,0.0,0,,,0.5,10197,
7019,299648,-2.8,0.0,3.33,1,0.0,0.0,0.5,10199,
7020,299712,-3.4,0.0,3.85,1,0.0,0.0,0.5,10201,
7021,299712,-5.0,0.0,0.0,0,,,0.5,10201,
7022,299712,-5.0,0.0,3.92,2,0.0,0.5,0.5,10201,
7023,299776,-5.0,0.0,0.0,0,,,0.5,10204,
7024,299776,-1.7,0.0,11.11,1,0.0,0.0,0.5,10204,
7025,299776,-2.7,0.0,5.26,1,0.0,0.0,0.5,10204,
7026,299840,-3.0,0.0,11.76,2,0.0,0.0,0.5,10205,
7027,299904,-4.7,0.0,2.56,1,0.0,0.0,0.5,10207,
7028,299904,-4.5,0.0,1.96,1,0.0,1.0,0.5,10207,
7029,299904,-2.4,0.0,3.85,1,0.0,0.0,0.5,10207,
7030,299968,-2.9,0.0,4.76,1,0.0,0.0,0.5,10208,
7031,299968,10.8,1.0,0.0,0,,,0.5,10208,
7032,300032,-4.0,0.0,0.0,0,,,0.5,10211,
7033,300032,-4.7,0.0,5.88,2,0.0,0.0,0.5,10211,
7034,300096,-1.7,0.0,11.11,1,0.0,0.0,0.5,10212,
7035,300160,-5.0,0.0,0.0,0,,,0.5,10213,
7036,300224,-7.0,0.0,7.84,4,0.0,0.75,0.5,10215,
7037,300224,-4.5,0.0,1.96,1,1.0,0.0,0.5,10215,
7038,300224,8.0,1.0,6.45,2,0.0,0.5,0.5,10215,
7039,300288,-2.0,0.0,4.55,1,0.0,0.0,0.5,10216,
7040,300352,10.9,1.0,0.0,0,,,0.5,10218,
7041,300352,-3.3,0.0,6.67,2,0.0,0.5,0.5,10218,
7042,300416,-5.5,0.0,1.96,1,0.0,0.0,0.5,10221,
7043,300416,-3.2,0.0,4.17,1,0.0,0.0,0.5,10221,
7044,300416,-4.2,0.0,6.9,2,0.5,0.5,0.5,10221,
7045,300480,-4.5,0.0,2.7,1,0.0,0.0,0.5,10224,
7046,300480,-4.7,0.0,4.55,2,0.5,0.0,0.5,10224,
7047,300544,8.9,1.0,3.7,1,0.0,0.0,0.5,10225,
7048,300608,-5.0,0.0,0.0,0,,,0.5,10226,
7049,300736,-4.7,0.0,2.56,1,0.0,0.0,0.5,10230,
7050,300736,-2.1,0.0,7.69,1,0.0,0.0,0.5,10230,
7051,300736,-5.0,0.0,0.0,0,,,0.5,10230,
7052,300736,10.8,1.0,0.0,0,,,0.5,10230,
7053,300800,-3.2,0.0,4.17,1,0.0,0.0,0.5,10231,
7054,300928,-4.0,0.0,0.0,0,,,0.5,10234,
7055,300928,-2.5,0.0,5.88,1,0.0,0.0,0.5,10234,
7056,300992,-5.0,0.0,0.0,0,,,0.5,10237,
7057,300992,-5.0,0.0,3.92,2,0.0,0.5,0.5,10237,
7058,300992,-4.5,0.0,1.96,1,0.0,1.0,0.5,10237,
7059,300992,-4.7,0.0,2.04,1,0.0,0.0,0.5,10237,
7060,300992,-3.6,0.0,3.57,1,0.0,0.0,0.5,10237,
7061,301120,-5.0,0.0,0.0,0,,,0.5,10240,
7062,301120,7.4,1.0,5.41,2,0.0,1.0,0.5,10240,
7063,301120,-4.4,0.0,2.78,1,0.0,0.0,0.5,10240,
7064,301248,-2.3,0.0,20.0,2,0.5,0.0,0.5,10245,
7065,301248,-5.0,0.0,0.0,0,,,0.5,10245,
7066,301312,-4.5,0.0,1.96,1,0.0,1.0,0.5,10246,
7067,301312,-3.5,0.0,3.7,1,0.0,0.0,0.5,10246,
7068,301376,-5.5,0.0,1.96,1,0.0,0.0,0.5,10247,
7069,301376,-3.0,0.0,3.12,1,0.0,0.0,0.5,10247,
7070,301376,-5.5,0.0,1.96,1,0.0,1.0,0.5,10247,
7071,301376,-4.0,0.0,0.0,0,,,0.5,10247,
7072,301504,-3.1,0.0,4.35,1,0.0,0.0,0.5,10250,
7073,301632,-3.6,0.0,2.63,1,0.0,0.0,0.5,10253,
7074,301696,-5.0,0.0,0.0,0,,,0.5,10258,
7075,301696,-4.2,0.0,2.94,1,0.0,0.0,0.5,10258,
7076,301696,-4.2,0.0,5.13,2,0.0,0.5,0.5,10258,
7077,301696,-2.9,0.0,4.76,1,0.0,0.0,0.5,10258,
7078,301696,-2.7,0.0,5.26,1,0.0,0.0,0.5,10258,
7079,301696,-3.4,0.0,6.45,2,0.0,0.5,0.5,10258,
7080,301760,-4.4,0.0,2.78,1,0.0,0.0,0.5,10261,
7081,301760,-5.0,0.0,3.92,2,0.0,0.5,0.5,10261,
7082,301760,-2.1,0.0,7.69,1,0.0,0.0,0.5,10261,
7083,301824,8.1,1.0,6.67,2,1.0,0.5,0.5,10261,
7084,301888,-2.0,0.0,8.33,1,0.0,0.0,0.5,10262,
7085,301952,-6.0,0.0,3.92,2,0.0,1.0,0.5,10263,
7086,301952,-3.7,0.0,3.45,1,0.0,0.0,0.5,10263,
7087,302016,-5.9,0.0,1.96,1,0.0,0.0,0.5,10264,
7088,302080,-3.8,0.0,3.33,1,0.0,0.0,0.5,10265,
7089,302080,-6.0,0.0,3.92,2,0.0,1.0,0.5,10265,
7090,302144,-1.5,0.0,14.29,1,0.0,0.0,0.5,10267,
7091,302208,-5.0,0.0,0.0,0,,,0.5,10270,
7092,302208,-5.5,0.0,1.96,1,0.0,1.0,0.5,10270,
7093,302208,-3.5,0.0,3.7,1,0.0,0.0,0.5,10270,
7094,302272,-5.0,0.0,0.0,0,,,0.5,10272,
7095,302272,-5.0,0.0,0.0,0,,,0.5,10272,
7096,302272,-2.8,0.0,5.0,1,0.0,0.0,0.5,10272,
7097,302464,-1.5,0.0,5.88,1,0.0,0.0,0.5,10279,
7098,302464,-1.8,0.0,10.0,1,0.0,0.0,0.5,10279,
7099,302528,-2.2,0.0,4.17,1,0.0,0.0,0.5,10280,
7100,302592,-2.2,0.0,7.14,1,0.0,0.0,0.5,10282,
7101,302656,-5.0,0.0,0.0,0,,,0.5,10283,
7102,302656,-5.3,0.0,2.22,1,0.0,0.0,0.5,10283,
7103,302720,-4.4,0.0,6.45,2,0.0,0.0,0.5,10285,
7104,302720,-5.5,0.0,2.13,1,0.0,0.0,0.5,10285,
7105,302784,-5.5,0.0,1.96,1,0.0,0.0,0.5,10286,
7106,302784,-2.5,0.0,5.88,1,0.0,0.0,0.5,10286,
7107,302848,-3.1,0.0,4.35,1,0.0,0.0,0.5,10290,
7108,302848,-3.5,0.0,3.7,1,0.0,0.0,0.5,10290,
7109,302912,-4.0,0.0,0.0,0,,,0.5,10294,
7110,302912,-3.2,0.0,4.17,1,0.0,0.0,0.5,10294,
7111,302912,-5.4,0.0,4.88,2,0.0,0.0,0.5,10294,
7112,302912,-3.5,0.0,9.09,2,0.0,0.5,0.5,10294,
7113,302976,-5.0,0.0,0.0,0,,,0.5,10295,
7114,303040,-5.0,0.0,0.0,0,,,0.5,10296,
7115,303040,-6.0,0.0,7.84,4,0.0,0.75,0.5,10296,
7116,303104,-5.0,0.0,2.38,1,0.0,0.0,0.5,10304,
7117,303104,-2.4,0.0,6.25,1,0.0,0.0,0.5,10304,
7118,303232,-6.0,0.0,7.84,4,0.0,0.75,0.5,10306,
7119,303232,9.7,1.0,5.26,1,0.0,1.0,0.5,10306,
7120,303232,-5.0,0.0,0.0,0,,,0.5,10306,
7121,303232,-3.1,0.0,4.35,1,0.0,0.0,0.5,10306,
7122,303296,-4.0,0.0,0.0,0,,,0.5,10307,
7123,303360,-4.8,0.0,2.5,1,0.0,0.0,0.5,10310,
7124,303360,-5.7,0.0,2.04,1,0.0,0.0,0.5,10310,
7125,303488,-5.0,0.0,0.0,0,,,0.5,10311,
7126,303488,-5.5,0.0,1.96,1,0.0,0.0,0.5,10311,
7127,303552,-3.6,0.0,3.57,1,0.0,0.0,0.5,10312,
7128,303616,-5.0,0.0,0.0,0,,,0.5,10313,
7129,303680,-5.0,0.0,0.0,0,,,0.5,10313,
7130,303680,-5.0,0.0,0.0,0,,,0.5,10313,
7131,303744,-5.7,0.0,7.69,3,0.0,0.6667,0.5,10316,
7132,303744,9.3,1.0,4.35,1,0.0,1.0,0.5,10316,
7133,303808,-5.0,0.0,0.0,0,,,0.5,10317,
7134,303872,-2.3,0.0,6.67,1,0.0,0.0,0.5,10318,
7135,303936,-5.5,0.0,2.13,1,0.0,0.0,0.5,10320,
7136,304000,-5.0,0.0,0.0,0,,,0.5,10325,
7137,304000,-5.5,0.0,1.96,1,0.0,1.0,0.5,10325,
7138,304000,-1.6,0.0,12.5,1,0.0,0.0,0.5,10325,
7139,304000,-5.0,0.0,0.0,0,,,0.5,10325,
7140,304000,-2.4,0.0,6.25,1,0.0,0.0,0.5,10325,
7141,304064,-2.3,0.0,6.67,1,0.0,0.0,0.5,10327,
7142,304064,-1.9,0.0,33.33,2,0.0,0.5,0.5,10327,
7143,304192,-2.2,0.0,7.14,1,0.0,0.0,0.5,10330,
7144,304192,-3.3,0.0,10.0,2,0.0,0.5,0.5,10330,
7145,304256,-5.0,0.0,0.0,0,,,0.5,10333,
7146,304256,-5.5,0.0,1.96,1,0.0,0.0,0.5,10333,
7147,304256,-4.5,0.0,1.96,1,0.0,1.0,0.5,10333,
7148,304256,-2.4,0.0,3.85,1,0.0,0.0,0.5,10333,
7149,304320,-5.3,0.0,4.0,2,0.0,0.0,0.5,10335,
7150,304320,7.0,1.0,2.17,1,0.0,1.0,0.5,10335,
7151,304320,-4.6,0.0,6.06,2,0.0,0.0,0.5,10335,
7152,304512,-5.5,0.0,1.96,1,0.0,1.0,0.5,10336,
7153,304576,-5.3,0.0,2.22,1,0.0,0.0,0.5,10338,
7154,304576,-5.0,0.0,0.0,0,,,0.5,10338,
7155,304576,-5.0,0.0,0.0,0,,,0.5,10338,
7156,304704,-4.7,0.0,7.69,3,0.0,0.3333,0.5,10341,
7157,304704,-4.2,0.0,2.27,1,0.0,0.0,0.5,10341,
7158,304896,-6.0,0.0,3.92,2,0.0,0.5,0.5,10343,
7159,304896,8.0,1.0,6.45,2,0.0,1.0,0.5,10343,
7160,304960,-4.5,0.0,1.96,1,0.0,0.0,0.5,10344,
7161,304960,-5.5,0.0,1.96,1,0.0,1.0,0.5,10344,
7162,305024,-5.0,0.0,0.0,0,,,0.5,10344,
7163,305088,-4.0,0.0,7.41,2,0.0,0.5,0.5,10345,
7164,305152,-4.0,0.0,3.12,1,0.0,0.0,0.5,10346,
7165,305152,8.6,1.0,0.0,0,,,0.5,10346,
7166,305216,-5.0,0.0,0.0,0,,,0.5,10348,
7167,305216,-5.0,0.0,7.14,3,0.0,0.3333,0.5,10348,
7168,305216,-7.0,0.0,7.84,4,0.0,0.25,0.5,10348,
7169,305280,-2.3,0.0,6.67,1,0.0,0.0,0.5,10350,
7170,305344,8.1,1.0,0.0,0,,,0.5,10351,
7171,305344,-1.5,0.0,14.29,1,0.0,0.0,0.5,10351,
7172,305344,-5.0,0.0,3.92,2,0.5,0.5,0.5,10351,
7173,305408,-3.5,0.0,2.7,1,0.0,0.0,0.5,10352,
7174,305408,-4.0,0.0,0.0,0,,,0.5,10352,
7175,305472,-5.0,0.0,0.0,0,,,0.5,10353,
7176,305536,-5.0,0.0,0.0,0,,,0.5,10354,
7177,305536,-5.0,0.0,0.0,0,,,0.5,10354,
7178,305664,-4.6,0.0,2.63,1,0.0,0.0,0.5,10356,
7179,305664,-3.9,0.0,3.23,1,0.0,0.0,0.5,10356,
7180,305728,-4.5,0.0,1.96,1,0.0,1.0,0.5,10357,
7181,305728,-5.0,0.0,0.0,0,,,0.5,10357,
7182,305792,-4.6,0.0,2.08,1,0.0,0.0,0.5,10358,
7183,305856,9.0,1.0,0.0,0,,,0.5,10361,
7184,305856,-4.9,0.0,2.44,1,0.0,0.0,0.5,10361,
7185,305920,-5.0,0.0,0.0,0,,,0.5,10364,
7186,305920,-5.5,0.0,1.96,1,0.0,1.0,0.5,10364,
7187,305984,-5.9,0.0,1.96,1,0.0,0.0,0.5,10366,
7188,306048,-5.5,0.0,1.96,1,1.0,0.0,0.5,10366,
7189,306112,-5.0,0.0,0.0,0,,,0.5,10369,
7190,306112,-5.5,0.0,1.96,1,0.0,0.0,0.5,10369,
7191,306176,-4.9,0.0,2.44,1,0.0,0.0,0.5,10374,
7192,306304,-5.5,0.0,5.88,3,0.6667,0.0,0.5,10377,
7193,306304,-6.6,0.0,6.25,3,0.3333,0.0,0.5,10377,
7194,306432,-1.8,0.0,10.0,1,0.0,0.0,0.5,10380,
7195,306496,-4.5,0.0,1.96,1,0.0,0.0,0.5,10381,
7196,306560,-4.4,0.0,2.78,1,0.0,0.0,0.5,10384,
7197,306624,-5.5,0.0,1.96,1,0.0,0.0,0.5,10387,
7198,306624,-3.1,0.0,4.35,1,0.0,0.0,0.5,10387,
7199,306624,-3.4,0.0,9.52,2,0.0,0.5,0.5,10387,
7200,306688,-3.1,0.0,4.35,1,0.0,0.0,0.5,10388,
7201,306752,-5.5,0.0,1.96,1,0.0,0.0,0.5,10393,
7202,306752,-4.2,0.0,8.82,3,0.3333,0.3333,0.5,10393,
7203,306752,-4.8,0.0,2.5,1,0.0,0.0,0.5,10393,
7204,306880,-6.5,0.0,9.8,5,0.0,0.8,0.5,10394,
7205,307008,-2.8,0.0,3.33,1,0.0,0.0,0.5,10397,
7206,307008,-6.0,0.0,3.92,2,0.0,0.5,0.5,10397,
7207,307008,-4.0,0.0,0.0,0,,,0.5,10397,
7208,307008,-3.3,0.0,4.0,1,0.0,0.0,0.5,10397,
7209,307072,-5.6,0.0,2.08,1,0.0,0.0,0.5,10399,
7210,307072,-6.5,0.0,5.88,3,0.0,1.0,0.5,10399,
7211,307072,-2.3,0.0,6.67,1,0.0,0.0,0.5,10399,
7212,307136,-5.7,0.0,2.04,1,0.0,0.0,0.5,10400,
7213,307200,-5.0,0.0,0.0,0,,,0.5,10402,
7214,307264,-4.6,0.0,2.08,1,0.0,0.0,0.5,10406,
7215,307264,-4.8,0.0,2.5,1,0.0,0.0,0.5,10406,
7216,307264,-4.9,0.0,1.96,1,0.0,0.0,0.5,10406,
7217,307264,-3.6,0.0,3.57,1,0.0,0.0,0.5,10406,
7218,307264,-5.0,0.0,0.0,0,,,0.5,10406,
7219,307264,-5.0,0.0,0.0,0,,,0.5,10406,
7220,307328,-5.6,0.0,2.08,1,0.0,0.0,0.5,10409,
7221,307328,-6.0,0.0,3.92,2,0.0,0.5,0.5,10409,
7222,307328,-4.5,0.0,1.96,1,0.0,0.0,0.5,10409,
7223,307392,-2.8,0.0,5.0,1,0.0,0.0,0.5,10411,
7224,307520,-5.0,0.0,0.0,0,,,0.5,10412,
7225,307520,-5.0,0.0,0.0,0,,,0.5,10412,
7226,307584,-5.0,0.0,0.0,0,,,0.5,10416,
7227,307584,-5.0,0.0,0.0,0,,,0.5,10416,
7228,307648,-4.4,0.0,2.78,1,0.0,0.0,0.5,10418,
7229,307648,-3.1,0.0,4.35,1,0.0,0.0,0.5,10418,
7230,307712,-2.3,0.0,6.67,1,0.0,0.0,0.5,10420,
7231,307776,-4.5,0.0,1.96,1,0.0,1.0,0.5,10420,
7232,307840,-5.0,0.0,0.0,0,,,0.5,10420,
7233,307840,8.0,1.0,0.0,0,,,0.5,10420,
7234,307840,-5.0,0.0,0.0,0,,,0.5,10420,
7235,307904,-4.2,0.0,2.94,1,0.0,0.0,0.5,10423,
7236,307968,-5.0,0.0,0.0,0,,,0.5,10424,
7237,308032,-3.0,0.0,4.55,1,0.0,0.0,0.5,10426,
7238,308096,10.5,1.0,9.09,1,1.0,1.0,0.5,10426,
7239,308160,-4.0,0.0,0.0,0,,,0.5,10427,
7240,308224,-6.0,0.0,7.84,4,0.0,0.75,0.5,10429,
7241,308224,-4.0,0.0,0.0,0,,,0.5,10429,
7242,308288,-4.6,0.0,2.63,1,0.0,0.0,0.5,10433,
7243,308288,-6.5,0.0,9.8,5,0.2,0.2,0.5,10433,
7244,308352,-5.8,0.0,2.0,1,0.0,0.0,0.5,10434,
7245,308416,7.1,1.0,2.22,1,0.0,1.0,0.5,10434,
7246,308480,-3.0,0.0,4.55,1,0.0,0.0,0.5,10436,
7247,308480,-5.7,0.0,4.55,2,0.0,0.5,0.5,10436,
7248,308480,-6.0,0.0,7.84,4,0.25,0.25,0.5,10436,
7249,308544,-3.1,0.0,3.03,1,0.0,0.0,0.5,10437,
7250,308608,-4.0,0.0,0.0,0,,,0.5,10438,
7251,308608,-2.0,0.0,11.76,2,0.0,0.5,0.5,10438,
7252,308608,-5.0,0.0,3.92,2,0.5,0.5,0.5,10438,
7253,308672,-5.0,0.0,0.0,0,,,0.5,10441,
7254,308800,-5.0,0.0,3.92,2,0.0,0.0,0.5,10443,
7255,308864,-2.9,0.0,12.5,2,0.0,0.0,0.5,10446,
7256,308928,-5.5,0.0,1.96,1,0.0,0.0,0.5,10447,
7257,308992,-5.5,0.0,1.96,1,0.0,1.0,0.5,10448,
7258,308992,-3.5,0.0,2.7,1,0.0,0.0,0.5,10448,
7259,309056,-1.9,0.0,4.76,1,0.0,0.0,0.5,10449,
7260,309120,-2.3,0.0,20.0,2,0.0,0.5,0.5,10454,
7261,309120,-6.9,0.0,5.88,3,0.0,0.0,0.5,10454,
7262,309120,9.5,1.0,12.5,2,0.5,1.0,0.5,10454,
7263,309184,-3.7,0.0,2.56,1,0.0,0.0,0.5,10455,
7264,309184,-5.0,0.0,0.0,0,,,0.5,10455,
7265,309184,-4.0,0.0,0.0,0,,,0.5,10455,
7266,309248,-1.7,0.0,11.11,1,0.0,0.0,0.5,10460,
7267,309248,-4.0,0.0,0.0,0,,,0.5,10460,
7268,309248,-3.8,0.0,3.33,1,0.0,0.0,0.5,10460,
7269,309312,-5.0,0.0,0.0,0,,,0.5,10460,
7270,309376,-3.1,0.0,11.11,2,0.0,0.0,0.5,10462,
7271,309440,-4.6,0.0,2.63,1,0.0,0.0,0.5,10464,
7272,309440,-4.2,0.0,2.94,1,0.0,0.0,0.5,10464,
7273,309568,-5.0,0.0,0.0,0,,,0.5,10467,
7274,309568,-5.0,0.0,0.0,0,,,0.5,10467,
7275,309568,-4.6,0.0,2.63,1,0.0,0.0,0.5,10467,
7276,309568,-5.6,0.0,2.08,1,0.0,0.0,0.5,10467,
7277,309824,-2.2,0.0,7.14,1,0.0,0.0,0.5,10470,
7278,309824,-5.0,0.0,0.0,0,,,0.5,10470,
7279,309824,-5.1,0.0,2.33,1,0.0,0.0,0.5,10470,
7280,309824,8.1,1.0,0.0,0,,,0.5,10470,
7281,309888,-6.0,0.0,3.92,2,0.5,1.0,0.5,10472,
7282,309888,-3.4,0.0,9.52,2,0.0,0.5,0.5,10472,
7283,309888,9.9,1.0,5.88,1,1.0,1.0,0.5,10472,
7284,309888,-1.5,0.0,14.29,1,0.0,0.0,0.5,10472,
7285,309952,-2.5,0.0,5.88,1,0.0,0.0,0.5,10474,
7286,310016,-4.0,0.0,0.0,0,,,0.5,10478,
7287,310016,-5.0,0.0,0.0,0,,,0.5,10478,
7288,310016,-5.5,0.0,2.13,1,0.0,0.0,0.5,10478,
7289,310016,-5.9,0.0,4.35,2,0.0,0.0,0.5,10478,
7290,310080,-3.6,0.0,3.57,1,0.0,0.0,0.5,10481,
7291,310144,-4.0,0.0,0.0,0,,,0.5,10483,
7292,310144,-4.1,0.0,3.03,1,0.0,0.0,0.5,10483,
7293,310208,-2.2,0.0,7.14,1,0.0,0.0,0.5,10485,
7294,310208,-5.5,0.0,4.76,2,0.0,0.5,0.5,10485,
7295,310272,-5.5,0.0,1.96,1,0.0,0.0,0.5,10487,
7296,310272,-4.0,0.0,0.0,0,,,0.5,10487,
7297,310272,11.5,1.0,0.0,0,,,0.5,10487,
7298,310464,-1.8,0.0,5.0,1,0.0,0.0,0.5,10491,
7299,310464,-5.0,0.0,0.0,0,,,0.5,10491,
7300,310528,-4.0,0.0,0.0,0,,,0.5,10493,
7301,310528,-7.0,0.0,7.84,4,0.0,0.5,0.5,10493,
7302,310528,-4.0,0.0,0.0,0,,,0.5,10493,
7303,310528,-5.5,0.0,1.96,1,0.0,0.0,0.5,10493,
7304,310592,-3.9,0.0,3.23,1,0.0,0.0,0.5,10497,
7305,310592,-5.0,0.0,0.0,0,,,0.5,10497,
7306,310592,9.4,1.0,25.0,3,0.6667,0.6667,0.5,10497,
7307,310592,-7.0,0.0,7.84,4,0.0,1.0,0.5,10497,
7308,310656,-3.3,0.0,4.0,1,0.0,0.0,0.5,10498,
7309,310720,-5.7,0.0,2.04,1,0.0,0.0,0.5,10499,
7310,310784,-2.1,0.0,7.69,1,0.0,0.0,0.5,10501,
7311,310848,-5.0,0.0,0.0,0,,,0.5,10501,
7312,310912,-4.0,0.0,0.0,0,,,0.5,10506,
7313,310912,-2.2,0.0,7.14,1,0.0,0.0,0.5,10506,
7314,310912,-2.2,0.0,7.14,1,0.0,0.0,0.5,10506,
7315,310912,-4.5,0.0,11.11,3,0.0,0.6667,0.5,10506,
7316,310912,-5.0,0.0,0.0,0,,,0.5,10506,
7317,310976,10.4,1.0,0.0,0,,,0.5,10508,
7318,310976,-3.1,0.0,11.11,2,0.0,0.5,0.5,10508,
7319,311040,-5.0,0.0,0.0,0,,,0.5,10508,
7320,311104,-5.5,0.0,1.96,1,1.0,0.0,0.5,10510,
7321,311104,-6.0,0.0,7.84,4,0.5,0.0,0.5,10510,
7322,311168,-4.5,0.0,1.96,1,0.0,1.0,0.5,10510,
7323,311232,-2.9,0.0,3.23,1,0.0,0.0,0.5,10512,
7324,311232,-5.5,0.0,1.96,1,0.0,1.0,0.5,10512,
7325,311232,-4.9,0.0,2.44,1,0.0,0.0,0.5,10512,
7326,311232,11.0,1.0,0.0,0,,,0.5,10512,
7327,311296,-5.2,0.0,2.27,1,0.0,0.0,0.5,10514,
7328,311296,10.2,1.0,0.0,0,,,0.5,10514,
7329,311424,-1.8,0.0,10.0,1,0.0,0.0,0.5,10517,
7330,311424,-4.0,0.0,0.0,0,,,0.5,10517,
7331,311424,-2.1,0.0,7.69,1,0.0,0.0,0.5,10517,
7332,311488,-4.5,0.0,1.96,1,0.0,1.0,0.5,10517,
7333,311552,-5.0,0.0,0.0,0,,,0.5,10519,
7334,311552,-3.9,0.0,7.69,2,0.5,0.0,0.5,10519,
7335,311616,-4.2,0.0,2.94,1,0.0,0.0,0.5,10521,
7336,311616,-5.0,0.0,0.0,0,,,0.5,10521,
7337,311680,-2.6,0.0,5.56,1,0.0,0.0,0.5,10523,
7338,311680,-4.6,0.0,2.63,1,0.0,0.0,0.5,10523,
7339,311680,-5.0,0.0,0.0,0,,,0.5,10523,
7340,311744,-5.5,0.0,1.96,1,0.0,1.0,0.5,10525,
7341,311808,-2.2,0.0,7.14,1,0.0,0.0,0.5,10527,
7342,311872,-4.9,0.0,5.56,2,0.0,0.0,0.5,10529,
7343,311872,-5.0,0.0,0.0,0,,,0.5,10529,
7344,311872,-2.0,0.0,4.55,1,0.0,0.0,0.5,10529,
7345,311936,-4.0,0.0,13.64,3,0.0,0.3333,0.5,10534,
7346,311936,11.1,1.0,0.0,0,,,0.5,10534,
7347,311936,-3.4,0.0,18.75,3,0.0,0.6667,0.5,10534,
7348,312000,-3.0,0.0,4.55,1,0.0,0.0,0.5,10537,
7349,312000,-4.3,0.0,2.22,1,0.0,0.0,0.5,10537,
7350,312000,-5.2,0.0,2.27,1,0.0,0.0,0.5,10537,
7351,312256,-5.0,0.0,0.0,0,,,0.5,10542,
7352,312256,-5.0,0.0,0.0,0,,,0.5,10542,
7353,312384,-6.5,0.0,5.88,3,0.0,0.0,0.5,10544,
7354,312384,-5.0,0.0,0.0,0,,,0.5,10544,
7355,312512,-5.5,0.0,5.88,3,0.0,0.3333,0.5,10546,
7356,312512,-2.1,0.0,7.69,1,0.0,0.0,0.5,10546,
7357,312576,-5.3,0.0,5.0,2,0.0,0.0,0.5,10548,
7358,312576,-4.6,0.0,4.65,2,0.0,0.5,0.5,10548,
7359,312640,-5.0,0.0,0.0,0,,,0.5,10548,
7360,312704,-3.1,0.0,4.35,1,0.0,0.0,0.5,10550,
7361,312704,-4.0,0.0,3.12,1,0.0,0.0,0.5,10550,
7362,312768,-5.4,0.0,2.17,1,0.0,0.0,0.5,10551,
7363,312768,11.8,1.0,0.0,0,,,0.5,10551,
7364,312832,10.7,1.0,0.0,0,,,0.5,10552,
7365,312832,-5.0,0.0,0.0,0,,,0.5,10552,
7366,312832,-5.0,0.0,0.0,0,,,0.5,10552,
7367,312832,-2.4,0.0,3.85,1,0.0,0.0,0.5,10552,
7368,312832,-5.0,0.0,0.0,0,,,0.5,10552,
7369,312896,-3.7,0.0,3.45,1,0.0,0.0,0.5,10556,
7370,312896,-2.8,0.0,5.0,1,0.0,0.0,0.5,10556,
7371,312960,-3.5,0.0,2.7,1,0.0,0.0,0.5,10560,
7372,312960,-5.1,0.0,2.33,1,0.0,0.0,0.5,10560,
7373,312960,-4.6,0.0,6.06,2,0.0,0.0,0.5,10560,
7374,313024,-1.3,0.0,20.0,1,0.0,0.0,0.5,10564,
7375,313024,-3.1,0.0,3.03,1,0.0,0.0,0.5,10564,
7376,313088,-1.5,0.0,5.88,1,0.0,0.0,0.5,10567,
7377,313152,-5.0,0.0,0.0,0,,,0.5,10567,
7378,313216,-5.8,0.0,2.0,1,0.0,0.0,0.5,10572,
7379,313216,-5.1,0.0,2.33,1,0.0,0.0,0.5,10572,
7380,313216,-3.4,0.0,3.85,1,0.0,0.0,0.5,10572,
7381,313280,10.0,1.0,0.0,0,,,0.5,10573,
7382,313408,-5.2,0.0,2.27,1,0.0,0.0,0.5,10577,
7383,313408,-4.4,0.0,2.78,1,0.0,0.0,0.5,10577,
7384,313408,-5.0,0.0,0.0,0,,,0.5,10577,
7385,313408,-5.5,0.0,1.96,1,0.0,0.0,0.5,10577,
7386,313472,-3.7,0.0,5.88,2,0.0,0.5,0.5,10579,
7387,313472,-5.5,0.0,1.96,1,0.0,1.0,0.5,10579,
7388,313536,-4.5,0.0,1.96,1,0.0,0.0,0.5,10582,
7389,313536,-3.4,0.0,3.85,1,0.0,0.0,0.5,10582,
7390,313536,-5.5,0.0,5.88,3,0.3333,0.6667,0.5,10582,
7391,313536,-5.0,0.0,0.0,0,,,0.5,10582,
7392,313664,-7.6,0.0,13.95,6,0.0,0.5,0.5,10585,
7393,313728,9.4,1.0,0.0,0,,,0.5,10587,
7394,313792,-5.0,0.0,0.0,0,,,0.5,10588,
7395,313856,6.0,1.0,6.52,3,0.3333,0.3333,0.5,10590,
7396,313856,-2.2,0.0,7.14,1,0.0,0.0,0.5,10590,
7397,313920,-5.2,0.0,2.27,1,0.0,0.0,0.5,10594,
7398,313920,-2.8,0.0,5.0,1,0.0,0.0,0.5,10594,
7399,313920,-4.6,0.0,2.63,1,0.0,0.0,0.5,10594,
7400,313984,-5.0,0.0,0.0,0,,,0.5,10596,
7401,314048,-4.4,0.0,2.78,1,0.0,0.0,0.5,10597,
7402,314240,-4.0,0.0,0.0,0,,,0.5,10600,
7403,314240,-2.0,0.0,4.55,1,0.0,0.0,0.5,10600,
7404,314240,-4.0,0.0,0.0,0,,,0.5,10600,
7405,314304,-3.1,0.0,4.35,1,0.0,0.0,0.5,10606,
7406,314304,-1.5,0.0,5.88,1,0.0,0.0,0.5,10606,
7407,314304,-3.5,0.0,3.7,1,0.0,0.0,0.5,10606,
7408,314432,11.8,1.0,0.0,0,,,0.5,10610,
7409,314432,-4.8,0.0,2.0,1,0.0,0.0,0.5,10610,
7410,314496,-2.4,0.0,3.85,1,0.0,0.0,0.5,10612,
7411,314496,-6.0,0.0,3.92,2,0.0,0.5,0.5,10612,
7412,314496,-5.0,0.0,3.92,2,0.0,0.5,0.5,10612,
7413,314496,-2.4,0.0,6.25,1,0.0,0.0,0.5,10612,
7414,314560,-1.3,0.0,20.0,1,0.0,0.0,0.5,10614,
7415,314560,-1.9,0.0,9.09,1,0.0,0.0,0.5,10614,
7416,314688,-2.6,0.0,5.56,1,0.0,0.0,0.5,10615,
7417,314688,-5.0,0.0,0.0,0,,,0.5,10615,
7418,314688,-5.5,0.0,1.96,1,0.0,0.0,0.5,10615,
7419,314688,-4.0,0.0,0.0,0,,,0.5,10615,
7420,314752,-4.9,0.0,4.35,2,0.5,0.5,0.5,10617,
7421,314816,-5.0,0.0,0.0,0,,,0.5,10620,
7422,314816,-4.9,0.0,4.35,2,0.0,0.5,0.5,10620,
7423,314880,-2.9,0.0,3.23,1,0.0,0.0,0.5,10626,
7424,314880,-6.3,0.0,4.0,2,0.0,0.5,0.5,10626,
7425,314880,-4.0,0.0,0.0,0,,,0.5,10626,
7426,314944,-4.5,0.0,1.96,1,0.0,0.0,0.5,10626,
7427,315072,-3.5,0.0,9.09,2,0.0,0.0,0.5,10627,
7428,315136,-5.0,0.0,0.0,0,,,0.5,10627,
7429,315200,-5.5,0.0,1.96,1,0.0,0.0,0.5,10628,
7430,315264,-4.5,0.0,1.96,1,0.0,0.0,0.5,10629,
7431,315520,-4.5,0.0,1.96,1,0.0,1.0,0.5,10634,
7432,315520,-6.0,0.0,7.84,4,0.0,0.5,0.5,10634,
7433,315584,-1.5,0.0,5.88,1,0.0,0.0,0.5,10635,
7434,315648,-5.5,0.0,1.96,1,0.0,0.0,0.5,10637,
7435,315648,-1.0,0.0,8.33,1,0.0,0.0,0.5,10637,
7436,315648,-5.0,0.0,0.0,0,,,0.5,10637,
7437,315648,-4.8,0.0,2.5,1,0.0,0.0,0.5,10637,
7438,315712,-4.4,0.0,2.17,1,0.0,0.0,0.5,10640,
7439,315776,-5.9,0.0,4.35,2,0.0,0.0,0.5,10641,
7440,315776,-4.0,0.0,0.0,0,,,0.5,10641,
7441,315776,-4.5,0.0,1.96,1,0.0,0.0,0.5,10641,
7442,315968,-5.0,0.0,0.0,0,,,0.5,10643,
7443,315968,-1.8,0.0,5.0,1,0.0,0.0,0.5,10643,
7444,316032,-4.5,0.0,1.96,1,0.0,1.0,0.5,10645,
7445,316096,-2.7,0.0,14.29,2,0.0,0.5,0.5,10649,
7446,316096,-5.0,0.0,0.0,0,,,0.5,10649,
7447,316096,-5.0,0.0,2.38,1,0.0,0.0,0.5,10649,
7448,316160,-5.5,0.0,1.96,1,0.0,0.0,0.5,10652,
7449,316160,-4.2,0.0,2.94,1,0.0,0.0,0.5,10652,
7450,316224,10.4,1.0,28.57,2,0.5,1.0,0.5,10652,
7451,316224,-4.0,0.0,0.0,0,,,0.5,10652,
7452,316224,-5.0,0.0,0.0,0,,,0.5,10652,
7453,316288,-6.0,0.0,3.92,2,0.0,0.5,0.5,10656,
7454,316288,-5.0,0.0,0.0,0,,,0.5,10656,
7455,316288,-3.6,0.0,3.57,1,0.0,0.0,0.5,10656,
7456,316352,-3.4,0.0,2.78,1,0.0,0.0,0.5,10657,
7457,316416,-3.2,0.0,4.17,1,0.0,0.0,0.5,10661,
7458,316416,-5.0,0.0,0.0,0,,,0.5,10661,
7459,316416,-4.1,0.0,3.03,1,0.0,0.0,0.5,10661,
7460,316480,-4.5,0.0,1.96,1,0.0,1.0,0.5,10662,
7461,316480,-4.0,0.0,3.12,1,0.0,0.0,0.5,10662,
7462,316480,-4.0,0.0,0.0,0,,,0.5,10662,
7463,316544,-6.5,0.0,9.8,5,0.0,0.2,0.5,10663,
7464,316544,11.7,1.0,0.0,0,,,0.5,10663,
7465,316608,-2.5,0.0,5.88,1,0.0,0.0,0.5,10665,
7466,316672,-2.4,0.0,6.25,1,0.0,0.0,0.5,10668,
7467,316672,-6.0,0.0,3.92,2,0.0,0.5,0.5,10668,
7468,316672,-5.0,0.0,0.0,0,,,0.5,10668,
7469,316672,-5.5,0.0,1.96,1,0.0,0.0,0.5,10668,
7470,316736,-6.5,0.0,5.88,3,0.0,0.3333,0.5,10670,
7471,316736,-5.7,0.0,4.55,2,0.0,0.0,0.5,10670,
7472,316800,-5.5,0.0,1.96,1,1.0,0.0,0.5,10671,
7473,316800,-4.0,0.0,0.0,0,,,0.5,10671,
7474,316800,-5.0,0.0,0.0,0,,,0.5,10671,
7475,316864,-3.9,0.0,3.23,1,0.0,0.0,0.5,10673,
7476,316864,11.0,1.0,0.0,0,,,0.5,10673,
7477,316992,-5.0,0.0,3.92,2,0.0,0.5,0.5,10676,
7478,317056,-1.2,0.0,25.0,1,0.0,0.0,0.5,10678,
7479,317056,-4.0,0.0,0.0,0,,,0.5,10678,
7480,317120,-6.0,0.0,3.92,2,0.0,1.0,0.5,10679,
7481,317120,-2.2,0.0,7.14,1,0.0,0.0,0.5,10679,
7482,317184,-4.5,0.0,1.96,1,0.0,0.0,0.5,10680,
7483,317184,-6.0,0.0,3.92,2,0.0,1.0,0.5,10680,
7484,317184,-2.3,0.0,4.0,1,0.0,0.0,0.5,10680,
7485,317248,-5.3,0.0,5.0,2,0.0,0.5,0.5,10682,
7486,317312,-5.1,0.0,2.33,1,0.0,0.0,0.5,10683,
7487,317312,11.1,1.0,0.0,0,,,0.5,10683,
7488,317376,-5.3,0.0,2.22,1,0.0,0.0,0.5,10684,
7489,317440,-2.4,0.0,3.85,1,0.0,0.0,0.5,10688,
7490,317440,-3.8,0.0,3.33,1,0.0,0.0,0.5,10688,
7491,317504,-5.0,0.0,0.0,0,,,0.5,10688,
7492,317568,-5.0,0.0,0.0,0,,,0.5,10691,
7493,317568,-5.5,0.0,6.38,3,0.0,0.3333,0.5,10691,
7494,317568,-2.5,0.0,17.65,3,0.3333,0.3333,0.5,10691,
7495,317568,-5.0,0.0,0.0,0,,,0.5,10691,
7496,317568,8.0,1.0,0.0,0,,,0.5,10691,
7497,317632,-3.7,0.0,3.45,1,0.0,0.0,0.5,10693,
7498,317696,-5.0,0.0,0.0,0,,,0.5,10695,
7499,317696,-4.0,0.0,3.12,1,0.0,0.0,0.5,10695,
7500,317760,-5.0,0.0,0.0,0,,,0.5,10696,
7501,317760,-3.7,0.0,2.56,1,0.0,0.0,0.5,10696,
7502,317824,8.9,1.0,3.7,1,0.0,1.0,0.5,10696,
7503,317952,-7.0,0.0,7.84,4,0.0,0.75,0.5,10698,
7504,317952,-5.7,0.0,6.12,3,0.0,0.3333,0.5,10698,
7505,317952,-5.0,0.0,0.0,0,,,0.5,10698,
7506,318016,-5.0,0.0,3.92,2,0.0,1.0,0.5,10699,
7507,318016,-5.0,0.0,5.41,2,0.5,0.5,0.5,10699,
7508,318080,-3.4,0.0,3.85,1,0.0,0.0,0.5,10701,
7509,318080,-2.7,0.0,5.26,1,0.0,0.0,0.5,10701,
7510,318080,-5.0,0.0,0.0,0,,,0.5,10701,
7511,318144,-1.9,0.0,4.76,1,0.0,0.0,0.5,10703,
7512,318272,-1.3,0.0,20.0,1,0.0,0.0,0.5,10705,
7513,318336,-5.0,0.0,0.0,0,,,0.5,10705,
7514,318400,-4.5,0.0,1.96,1,0.0,0.0,0.5,10706,
7515,318592,-2.2,0.0,7.14,1,0.0,0.0,0.5,10711,
7516,318656,-4.0,0.0,5.41,2,0.0,0.5,0.5,10713,
7517,318720,-1.9,0.0,9.09,1,0.0,0.0,0.5,10716,
7518,318720,-4.9,0.0,2.44,1,0.0,0.0,0.5,10716,
7519,318784,7.6,1.0,2.5,1,0.0,1.0,0.5,10716,
7520,318912,-6.0,0.0,7.84,4,0.25,0.5,0.5,10718,
7521,318912,-3.7,0.0,2.56,1,0.0,0.0,0.5,10718,
7522,318976,-5.5,0.0,1.96,1,0.0,1.0,0.5,10718,
7523,318976,6.8,1.0,4.65,2,0.5,1.0,0.5,10718,
7524,319168,-3.5,0.0,2.7,1,0.0,0.0,0.5,10722,
7525,319232,-5.0,0.0,0.0,0,,,0.5,10726,
7526,319232,-4.1,0.0,3.03,1,0.0,0.0,0.5,10726,
7527,319232,-3.6,0.0,3.57,1,0.0,0.0,0.5,10726,
7528,319232,9.2,1.0,4.17,1,0.0,0.0,0.5,10726,
7529,319232,-5.0,0.0,0.0,0,,,0.5,10726,
7530,319296,-3.5,0.0,3.7,1,0.0,0.0,0.5,10729,
7531,319296,-4.2,0.0,2.27,1,0.0,0.0,0.5,10729,
7532,319296,-5.4,0.0,2.17,1,0.0,0.0,0.5,10729,
7533,319296,-4.5,0.0,1.96,1,0.0,1.0,0.5,10729,
7534,319360,-4.0,0.0,0.0,0,,,0.5,10731,
7535,319424,-5.0,0.0,3.92,2,0.0,1.0,0.5,10735,
7536,319424,-3.5,0.0,2.7,1,0.0,0.0,0.5,10735,
7537,319424,-3.6,0.0,8.7,2,0.0,0.0,0.5,10735,
7538,319488,-1.7,0.0,5.26,1,0.0,0.0,0.5,10737,
7539,319488,-4.0,0.0,5.41,2,0.5,0.0,0.5,10737,
7540,319552,-5.0,0.0,0.0,0,,,0.5,10738,
7541,319552,7.7,1.0,5.88,2,0.5,0.0,0.5,10738,
7542,319616,-3.1,0.0,4.35,1,0.0,0.0,0.5,10742,
7543,319616,-5.4,0.0,2.17,1,0.0,0.0,0.5,10742,
7544,319680,-2.3,0.0,4.0,1,0.0,0.0,0.5,10743,
7545,319680,-5.0,0.0,0.0,0,,,0.5,10743,
7546,319744,-5.0,0.0,0.0,0,,,0.5,10744,
7547,319744,-4.4,0.0,2.78,1,0.0,0.0,0.5,10744,
7548,319808,-3.9,0.0,2.44,1,0.0,0.0,0.5,10747,
7549,319808,-5.0,0.0,0.0,0,,,0.5,10747,
7550,319808,-5.5,0.0,1.96,1,0.0,1.0,0.5,10747,
7551,319808,-5.7,0.0,2.04,1,0.0,0.0,0.5,10747,
7552,319808,-4.3,0.0,2.86,1,0.0,0.0,0.5,10747,
7553,319872,-4.0,0.0,0.0,0,,,0.5,10748,
7554,319872,11.2,1.0,0.0,0,,,0.5,10748,
7555,319936,-5.0,0.0,0.0,0,,,0.5,10748,
7556,320000,-5.0,0.0,0.0,0,,,0.5,10751,
7557,320000,-5.0,0.0,3.92,2,0.0,1.0,0.5,10751,
7558,320064,-4.0,0.0,3.12,1,0.0,0.0,0.5,10755,
7559,320064,-5.6,0.0,2.08,1,0.0,0.0,0.5,10755,
7560,320064,-4.4,0.0,2.78,1,0.0,0.0,0.5,10755,
7561,320128,-5.5,0.0,1.96,1,0.0,0.0,0.5,10757,
7562,320192,-5.0,0.0,2.38,1,0.0,0.0,0.5,10760,
7563,320320,-1.8,0.0,10.0,1,0.0,0.0,0.5,10763,
7564,320320,-5.0,0.0,0.0,0,,,0.5,10763,
7565,320384,-3.6,0.0,3.57,1,0.0,0.0,0.5,10765,
7566,320448,-4.5,0.0,1.96,1,1.0,0.0,0.5,10766,
7567,320448,-4.1,0.0,3.03,1,0.0,0.0,0.5,10766,
7568,320448,-5.5,0.0,1.96,1,0.0,1.0,0.5,10766,
7569,320512,-5.0,0.0,0.0,0,,,0.5,10767,
7570,320576,-4.5,0.0,1.96,1,0.0,0.0,0.5,10768,
7571,320576,-5.0,0.0,0.0,0,,,0.5,10768,
7572,320640,-1.4,0.0,6.25,1,0.0,0.0,0.5,10769,
7573,320768,-2.7,0.0,14.29,2,0.5,0.5,0.5,10773,
7574,320768,-2.2,0.0,10.53,2,0.0,0.0,0.5,10773,
7575,320832,-5.0,0.0,0.0,0,,,0.5,10775,
7576,320832,-4.0,0.0,0.0,0,,,0.5,10775,
7577,320832,-5.0,0.0,0.0,0,,,0.5,10775,
7578,320832,5.1,1.0,8.0,4,0.5,0.0,0.5,10775,
7579,320896,-3.1,0.0,4.35,1,0.0,0.0,0.5,10777,
7580,320960,-3.4,0.0,9.52,2,0.0,0.5,0.5,10778,
7581,321024,-5.0,0.0,0.0,0,,,0.5,10779,
7582,321088,-5.0,0.0,0.0,0,,,0.5,10780,
7583,321088,-4.5,0.0,2.7,1,0.0,0.0,0.5,10780,
7584,321088,10.8,1.0,12.5,1,0.0,0.0,0.5,10780,
7585,321152,-6.3,0.0,8.0,4,0.25,0.5,0.5,10782,
7586,321216,-3.9,0.0,3.23,1,0.0,0.0,0.5,10785,
7587,321216,-1.5,0.0,14.29,1,0.0,0.0,0.5,10785,
7588,321280,-2.8,0.0,5.0,1,0.0,0.0,0.5,10791,
7589,321280,-1.7,0.0,5.26,1,0.0,0.0,0.5,10791,
7590,321344,-5.5,0.0,5.88,3,0.0,0.3333,0.5,10791,
7591,321344,-5.0,0.0,3.92,2,0.0,0.5,0.5,10791,
7592,321408,-4.5,0.0,6.25,2,0.5,0.0,0.5,10792,
7593,321408,10.8,1.0,0.0,0,,,0.5,10792,
7594,321472,-4.3,0.0,2.86,1,0.0,0.0,0.5,10797,
7595,321536,-4.0,0.0,7.41,2,0.0,0.5,0.5,10800,
7596,321600,-4.7,0.0,5.88,2,0.0,0.0,0.5,10801,
7597,321664,-4.5,0.0,1.96,1,0.0,1.0,0.5,10801,
7598,321728,11.0,1.0,16.67,1,1.0,1.0,0.5,10803,
7599,321728,9.4,1.0,0.0,0,,,0.5,10803,
7600,321920,-5.9,0.0,4.35,2,0.0,0.0,0.5,10808,
7601,321920,-5.0,0.0,0.0,0,,,0.5,10808,
7602,321984,-4.0,0.0,2.38,1,0.0,0.0,0.5,10812,
7603,321984,-5.0,0.0,0.0,0,,,0.5,10812,
7604,321984,-3.1,0.0,4.35,1,0.0,0.0,0.5,10812,
7605,322048,-5.0,0.0,0.0,0,,,0.5,10813,
7606,322048,-5.8,0.0,7.5,3,0.0,0.3333,0.5,10813,
7607,322112,-3.9,0.0,3.23,1,0.0,0.0,0.5,10815,
7608,322112,-2.4,0.0,3.85,1,0.0,0.0,0.5,10815,
7609,322176,-5.5,0.0,1.96,1,0.0,0.0,0.5,10817,
7610,322176,-5.0,0.0,3.92,2,0.5,1.0,0.5,10817,
7611,322176,9.9,1.0,5.88,1,0.0,1.0,0.5,10817,
7612,322240,-2.1,0.0,7.69,1,0.0,0.0,0.5,10820,
7613,322240,11.7,1.0,0.0,0,,,0.5,10820,
7614,322240,-5.0,0.0,0.0,0,,,0.5,10820,
7615,322240,-1.7,0.0,11.11,1,0.0,0.0,0.5,10820,
7616,322304,-3.2,0.0,4.17,1,0.0,0.0,0.5,10822,
7617,322304,6.4,1.0,4.26,2,0.0,0.5,0.5,10822,
7618,322368,-4.8,0.0,2.0,1,0.0,0.0,0.5,10823,
7619,322368,9.7,1.0,0.0,0,,,0.5,10823,
7620,322496,-5.5,0.0,1.96,1,0.0,1.0,0.5,10827,
7621,322496,-2.5,0.0,5.88,1,0.0,0.0,0.5,10827,
7622,322496,8.0,1.0,2.78,1,0.0,0.0,0.5,10827,
7623,322496,-4.5,0.0,1.96,1,0.0,0.0,0.5,10827,
7624,322496,-5.0,0.0,0.0,0,,,0.5,10827,
7625,322496,-4.6,0.0,2.63,1,0.0,0.0,0.5,10827,
7626,322560,-5.0,0.0,0.0,0,,,0.5,10827,
7627,322688,11.2,1.0,0.0,0,,,0.5,10827,
7628,322688,-5.0,0.0,0.0,0,,,0.5,10827,
7629,322752,6.9,1.0,2.13,1,0.0,1.0,0.5,10831,
7630,322752,-1.0,0.0,8.33,1,0.0,0.0,0.5,10831,
7631,322752,-5.0,0.0,0.0,0,,,0.5,10831,
7632,322752,-2.4,0.0,6.25,1,0.0,0.0,0.5,10831,
7633,322752,-3.2,0.0,4.17,1,0.0,0.0,0.5,10831,
7634,322816,7.1,1.0,2.22,1,0.0,1.0,0.5,10831,
7635,322816,-6.0,0.0,3.92,2,0.0,0.5,0.5,10831,
7636,322880,-6.3,0.0,4.0,2,0.0,0.5,0.5,10832,
7637,323008,-5.5,0.0,1.96,1,0.0,0.0,0.5,10832,
7638,323072,-5.0,0.0,3.92,2,0.0,0.0,0.5,10833,
7639,323072,-4.0,0.0,0.0,0,,,0.5,10833,
7640,323072,-5.5,0.0,1.96,1,0.0,0.0,0.5,10833,
7641,323072,-3.9,0.0,9.68,3,0.3333,0.3333,0.5,10833,
7642,323072,-6.0,0.0,7.84,4,0.0,1.0,0.5,10833,
7643,323136,-4.0,0.0,0.0,0,,,0.5,10833,
7644,323200,-4.1,0.0,3.03,1,0.0,0.0,0.5,10838,
7645,323200,-5.2,0.0,2.27,1,0.0,0.0,0.5,10838,
7646,323200,-2.2,0.0,7.14,1,0.0,0.0,0.5,10838,
7647,323328,-5.0,0.0,0.0,0,,,0.5,10838,
7648,323456,11.5,1.0,0.0,0,,,0.5,10838,
7649,323584,-5.0,0.0,0.0,0,,,0.5,10840,
7650,323584,-5.0,0.0,0.0,0,,,0.5,10840,
7651,323584,8.1,1.0,0.0,0,,,0.5,10840,
7652,323648,-3.8,0.0,3.33,1,0.0,0.0,0.5,10842,
7653,323712,-5.1,0.0,2.33,1,0.0,0.0,0.5,10843,
7654,323712,-5.0,0.0,0.0,0,,,0.5,10843,
7655,323712,-6.5,0.0,5.88,3,0.0,0.3333,0.5,10843,
7656,323904,11.4,1.0,0.0,0,,,0.5,10847,
7657,323904,-3.4,0.0,3.85,1,0.0,0.0,0.5,10847,
7658,323904,-4.0,0.0,7.41,2,0.0,0.5,0.5,10847,
7659,323904,-3.0,0.0,4.55,1,0.0,0.0,0.5,10847,
7660,323904,-5.0,0.0,0.0,0,,,0.5,10847,
7661,324096,-4.2,0.0,2.94,1,0.0,0.0,0.5,10852,
7662,324096,-1.2,0.0,7.14,1,0.0,0.0,0.5,10852,
7663,324096,-5.2,0.0,2.27,1,0.0,0.0,0.5,10852,
7664,324096,-4.5,0.0,1.96,1,0.0,0.0,0.5,10852,
7665,324096,-6.0,0.0,3.92,2,0.0,1.0,0.5,10852,
7666,324096,-5.5,0.0,1.96,1,0.0,1.0,0.5,10852,
7667,324096,-3.0,0.0,4.55,1,0.0,0.0,0.5,10852,
7668,324160,-5.9,0.0,5.88,3,0.3333,0.6667,0.5,10854,
7669,324224,-4.2,0.0,2.94,1,0.0,0.0,0.5,10855,
7670,324352,-3.5,0.0,2.7,1,0.0,0.0,0.5,10858,
7671,324416,-3.5,0.0,3.7,1,0.0,0.0,0.5,10859,
7672,324416,-4.0,0.0,0.0,0,,,0.5,10859,
7673,324480,-5.5,0.0,1.96,1,0.0,0.0,0.5,10859,
7674,324544,-4.8,0.0,2.0,1,0.0,0.0,0.5,10860,
7675,324544,-5.0,0.0,0.0,0,,,0.5,10860,
7676,324672,-2.2,0.0,4.17,1,0.0,0.0,0.5,10864,
7677,324672,-2.0,0.0,8.33,1,0.0,0.0,0.5,10864,
7678,324672,-3.6,0.0,3.57,1,0.0,0.0,0.5,10864,
7679,324736,-5.5,0.0,1.96,1,0.0,0.0,0.5,10864,
7680,324800,-5.0,0.0,0.0,0,,,0.5,10866,
7681,324800,-4.7,0.0,2.56,1,0.0,0.0,0.5,10866,
7682,324864,-4.5,0.0,6.25,2,0.0,0.0,0.5,10867,
7683,324864,-5.0,0.0,0.0,0,,,0.5,10867,
7684,325120,-0.8,0.0,10.0,1,0.0,0.0,0.5,10875,
7685,325184,-4.0,0.0,0.0,0,,,0.5,10878,
7686,325248,-5.5,0.0,2.13,1,0.0,0.0,0.5,10881,
7687,325248,-1.1,0.0,7.69,1,0.0,0.0,0.5,10881,
7688,325312,-5.5,0.0,1.96,1,0.0,1.0,0.5,10883,
7689,325376,-1.6,0.0,12.5,1,0.0,0.0,0.5,10887,
7690,325376,-6.0,0.0,3.92,2,0.0,0.5,0.5,10887,
7691,325376,-3.6,0.0,3.57,1,0.0,0.0,0.5,10887,
7692,325376,-1.7,0.0,11.11,1,0.0,0.0,0.5,10887,
7693,325440,-5.0,0.0,3.92,2,0.0,0.0,0.5,10890,
7694,325440,-2.5,0.0,3.7,1,0.0,0.0,0.5,10890,
7695,325440,-5.0,0.0,0.0,0,,,0.5,10890,
7696,325440,-2.9,0.0,4.76,1,0.0,0.0,0.5,10890,
7697,325504,-3.8,0.0,15.0,3,0.3333,0.0,0.5,10892,
7698,325504,-5.0,0.0,0.0,0,,,0.5,10892,
7699,325504,-4.5,0.0,1.96,1,0.0,0.0,0.5,10892,
7700,325632,-5.0,0.0,3.92,2,0.0,1.0,0.5,10894,
7701,325632,-6.0,0.0,3.92,2,0.0,0.5,0.5,10894,
7702,325760,-3.4,0.0,3.85,1,0.0,0.0,0.5,10900,
7703,325760,-5.5,0.0,1.96,1,0.0,1.0,0.5,10900,
7704,325760,-5.9,0.0,1.96,1,0.0,0.0,0.5,10900,
7705,325760,-5.0,0.0,0.0,0,,,0.5,10900,
7706,325760,-5.9,0.0,1.96,1,0.0,0.0,0.5,10900,
7707,325760,-4.0,0.0,2.38,1,0.0,0.0,0.5,10900,
7708,325760,-5.0,0.0,0.0,0,,,0.5,10900,
7709,325824,-5.0,0.0,0.0,0,,,0.5,10901,
7710,325888,7.2,1.0,0.0,0,,,0.5,10903,
7711,325888,-4.2,0.0,2.27,1,0.0,0.0,0.5,10903,
7712,325952,-1.7,0.0,11.11,1,0.0,0.0,0.5,10905,
7713,325952,-1.3,0.0,20.0,1,0.0,0.0,0.5,10905,
7714,326016,-4.0,0.0,0.0,0,,,0.5,10907,
7715,326016,6.5,1.0,1.96,1,0.0,1.0,0.5,10907,
7716,326016,-2.6,0.0,5.56,1,0.0,0.0,0.5,10907,
7717,326016,-5.0,0.0,0.0,0,,,0.5,10907,
7718,326016,-4.0,0.0,0.0,0,,,0.5,10907,
7719,326080,-1.8,0.0,10.0,1,0.0,0.0,0.5,10908,
7720,326080,-5.0,0.0,0.0,0,,,0.5,10908,
7721,326144,-1.9,0.0,9.09,1,0.0,0.0,0.5,10911,
7722,326144,-4.6,0.0,2.08,1,0.0,0.0,0.5,10911,
7723,326208,-4.9,0.0,2.44,1,0.0,0.0,0.5,10913,
7724,326272,-5.0,0.0,0.0,0,,,0.5,10915,
7725,326272,-3.5,0.0,11.11,3,0.0,0.0,0.5,10915,
7726,326272,-4.9,0.0,2.44,1,0.0,0.0,0.5,10915,
7727,326336,-5.5,0.0,1.96,1,0.0,1.0,0.5,10917,
7728,326336,-5.1,0.0,2.33,1,0.0,0.0,0.5,10917,
7729,326336,-3.3,0.0,20.0,3,0.3333,0.3333,0.5,10917,
7730,326464,-5.5,0.0,1.96,1,0.0,1.0,0.5,10920,
7731,326464,-4.5,0.0,1.96,1,0.0,0.0,0.5,10920,
7732,326528,-4.1,0.0,3.03,1,0.0,0.0,0.5,10922,
7733,326592,-5.0,0.0,0.0,0,,,0.5,10924,
7734,326656,-5.1,0.0,6.98,3,0.0,0.3333,0.5,10925,
7735,326912,-2.0,0.0,8.33,1,0.0,0.0,0.5,10929,
7736,326912,11.4,1.0,0.0,0,,,0.5,10929,
7737,326976,-3.2,0.0,10.53,2,0.0,0.5,0.5,10932,
7738,326976,-5.5,0.0,5.88,3,0.3333,0.6667,0.5,10932,
7739,326976,-4.9,0.0,5.56,2,0.0,0.0,0.5,10932,
7740,326976,-2.8,0.0,8.0,2,0.0,0.5,0.5,10932,
7741,326976,-4.0,0.0,0.0,0,,,0.5,10932,
7742,327040,-3.7,0.0,3.45,1,0.0,0.0,0.5,10935,
7743,327104,-5.8,0.0,2.0,1,0.0,0.0,0.5,10937,
7744,327168,-4.0,0.0,0.0,0,,,0.5,10938,
7745,327168,-5.0,0.0,0.0,0,,,0.5,10938,
7746,327232,-5.7,0.0,2.04,1,0.0,0.0,0.5,10941,
7747,327232,-1.2,0.0,7.14,1,0.0,0.0,0.5,10941,
7748,327296,-5.4,0.0,2.17,1,0.0,0.0,0.5,10943,
7749,327360,-3.7,0.0,3.45,1,0.0,0.0,0.5,10944,
7750,327360,-4.0,0.0,0.0,0,,,0.5,10944,
7751,327360,-4.0,0.0,0.0,0,,,0.5,10944,
7752,327360,-5.0,0.0,0.0,0,,,0.5,10944,
7753,327360,-4.0,0.0,0.0,0,,,0.5,10944,
7754,327424,-5.0,0.0,0.0,0,,,0.5,10944,
7755,327616,-2.6,0.0,16.67,3,0.0,0.3333,0.5,10948,
7756,327680,-3.9,0.0,5.56,2,0.0,0.0,0.5,10951,
7757,327680,-4.2,0.0,2.94,1,0.0,0.0,0.5,10951,
7758,327744,11.5,1.0,0.0,0,,,0.5,10951,
7759,327808,-4.0,0.0,0.0,0,,,0.5,10952,
7760,327808,-4.0,0.0,3.12,1,0.0,0.0,0.5,10952,
7761,327872,-4.0,0.0,3.12,1,0.0,0.0,0.5,10956,
7762,327872,-5.3,0.0,4.0,2,0.0,0.5,0.5,10956,
7763,327936,-1.8,0.0,13.33,2,0.0,0.5,0.5,10959,
7764,327936,-6.0,0.0,7.84,4,0.0,0.25,0.5,10959,
7765,327936,10.6,1.0,0.0,0,,,0.5,10959,
7766,327936,-3.4,0.0,18.75,3,0.3333,0.3333,0.5,10959,
7767,328000,-5.0,0.0,0.0,0,,,0.5,10961,
7768,328064,-4.0,0.0,0.0,0,,,0.5,10963,
7769,328128,-5.5,0.0,8.11,3,0.0,0.6667,0.5,10964,
7770,328128,10.7,1.0,0.0,0,,,0.5,10964,
7771,328192,-2.2,0.0,7.14,1,0.0,0.0,0.5,10966,
7772,328192,-5.1,0.0,2.33,1,0.0,0.0,0.5,10966,
7773,328256,-4.3,0.0,2.86,1,0.0,0.0,0.5,10969,
7774,328256,-4.5,0.0,2.7,1,0.0,0.0,0.5,10969,
7775,328256,-1.5,0.0,14.29,1,0.0,0.0,0.5,10969,
7776,328320,-2.9,0.0,4.76,1,0.0,0.0,0.5,10970,
7777,328384,-4.0,0.0,0.0,0,,,0.5,10972,
7778,328384,-4.4,0.0,2.78,1,0.0,0.0,0.5,10972,
7779,328448,-2.5,0.0,5.88,1,0.0,0.0,0.5,10975,
7780,328512,9.2,1.0,4.17,1,0.0,0.0,0.5,10976,
7781,328512,-5.0,0.0,0.0,0,,,0.5,10976,
7782,328512,-5.5,0.0,5.88,3,0.0,1.0,0.5,10976,
7783,328576,-5.0,0.0,0.0,0,,,0.5,10977,
7784,328704,-3.6,0.0,3.57,1,0.0,0.0,0.5,10980,
7785,328704,-5.0,0.0,0.0,0,,,0.5,10980,
7786,328704,-5.4,0.0,2.17,1,0.0,0.0,0.5,10980,
7787,328768,-5.5,0.0,5.88,3,0.0,0.6667,0.5,10982,
7788,328768,11.1,1.0,0.0,0,,,0.5,10982,
7789,328896,-4.9,0.0,2.44,1,0.0,0.0,0.5,10987,
7790,328896,-5.5,0.0,1.96,1,0.0,0.0,0.5,10987,
7791,328960,-5.8,0.0,2.0,1,0.0,0.0,0.5,10990,
7792,328960,10.5,1.0,0.0,0,,,0.5,10990,
7793,328960,-5.3,0.0,2.22,1,0.0,0.0,0.5,10990,
7794,329024,-4.0,0.0,0.0,0,,,0.5,10990,
7795,329024,-4.0,0.0,0.0,0,,,0.5,10990,
7796,329088,-5.2,0.0,2.27,1,0.0,0.0,0.5,10993,
7797,329088,-2.1,0.0,7.69,1,0.0,0.0,0.5,10993,
7798,329152,-6.0,0.0,3.92,2,0.5,0.0,0.5,10995,
7799,329216,-5.5,0.0,1.96,1,0.0,0.0,0.5,10996,
7800,329216,-6.0,0.0,7.84,4,0.25,0.5,0.5,10996,
7801,329280,-5.0,0.0,0.0,0,,,0.5,11001,
7802,329280,-5.5,0.0,1.96,1,0.0,0.0,0.5,11001,
7803,329280,-4.5,0.0,1.96,1,0.0,0.0,0.5,11001,
7804,329280,-5.0,0.0,0.0,0,,,0.5,11001,
7805,329280,-3.4,0.0,3.85,1,0.0,0.0,0.5,11001,
7806,329408,-5.0,0.0,3.92,2,0.0,1.0,0.5,11003,
7807,329472,-4.0,0.0,0.0,0,,,0.5,11003,
7808,329536,-4.0,0.0,0.0,0,,,0.5,11005,
7809,329536,-2.4,0.0,6.25,1,0.0,0.0,0.5,11005,
7810,329536,-5.5,0.0,2.13,1,0.0,0.0,0.5,11005,
7811,329600,11.5,1.0,0.0,0,,,0.5,11007,
7812,329600,-5.0,0.0,3.92,2,0.0,0.5,0.5,11007,
7813,329600,-2.0,0.0,4.55,1,0.0,0.0,0.5,11007,
7814,329600,-5.5,0.0,1.96,1,0.0,1.0,0.5,11007,
7815,329664,-5.4,0.0,8.33,3,0.0,0.3333,0.5,11009,
7816,329728,-1.6,0.0,12.5,1,0.0,0.0,0.5,11011,
7817,329728,10.6,1.0,0.0,0,,,0.5,11011,
7818,329792,-3.6,0.0,2.63,1,0.0,0.0,0.5,11015,
7819,329856,-1.7,0.0,11.11,1,0.0,0.0,0.5,11018,
7820,329856,-5.0,0.0,2.38,1,0.0,0.0,0.5,11018,
7821,329856,-5.5,0.0,1.96,1,0.0,0.0,0.5,11018,
7822,329920,-5.0,0.0,0.0,0,,,0.5,11019,
7823,330112,-4.5,0.0,2.7,1,0.0,0.0,0.5,11025,
7824,330112,-1.4,0.0,6.25,1,0.0,0.0,0.5,11025,
7825,330240,-4.0,0.0,0.0,0,,,0.5,11025,
7826,330304,-5.5,0.0,1.96,1,0.0,1.0,0.5,11027,
7827,330368,-5.0,0.0,0.0,0,,,0.5,11028,
7828,330368,-2.3,0.0,4.0,1,0.0,0.0,0.5,11028,
7829,330432,-4.5,0.0,2.7,1,0.0,0.0,0.5,11031,
7830,330432,-4.5,0.0,1.96,1,0.0,1.0,0.5,11031,
7831,330432,-3.6,0.0,2.63,1,0.0,0.0,0.5,11031,
7832,330496,-6.5,0.0,5.88,3,0.3333,0.6667,0.5,11032,
7833,330496,-3.9,0.0,3.23,1,0.0,0.0,0.5,11032,
7834,330624,-4.5,0.0,1.96,1,0.0,0.0,0.5,11035,
7835,330624,-4.7,0.0,2.56,1,0.0,0.0,0.5,11035,
7836,330624,-3.0,0.0,11.76,2,0.0,0.0,0.5,11035,
7837,330688,-4.5,0.0,1.96,1,0.0,0.0,0.5,11037,
7838,330688,6.0,1.0,13.89,5,0.2,0.6,0.5,11037,
7839,330752,-3.5,0.0,3.7,1,0.0,0.0,0.5,11039,
7840,330752,-2.2,0.0,7.14,1,0.0,0.0,0.5,11039,
7841,330816,-4.7,0.0,7.69,3,0.0,0.3333,0.5,11042,
7842,330816,-5.7,0.0,2.04,1,0.0,0.0,0.5,11042,
7843,330880,-5.9,0.0,4.35,2,0.0,0.5,0.5,11044,
7844,330944,-4.5,0.0,1.96,1,0.0,1.0,0.5,11044,
7845,331008,-4.6,0.0,2.63,1,0.0,0.0,0.5,11045,
7846,331072,-4.0,0.0,0.0,0,,,0.5,11048,
7847,331072,-1.5,0.0,14.29,1,0.0,0.0,0.5,11048,
7848,331136,-5.5,0.0,1.96,1,0.0,0.0,0.5,11049,
7849,331136,-5.0,0.0,0.0,0,,,0.5,11049,
7850,331136,5.6,1.0,6.0,3,0.0,1.0,0.5,11049,
7851,331200,-4.1,0.0,2.33,1,0.0,0.0,0.5,11050,
7852,331200,-5.5,0.0,1.96,1,1.0,0.0,0.5,11050,
7853,331264,-5.0,0.0,5.41,2,0.0,0.5,0.5,11052,
7854,331328,-4.0,0.0,3.12,1,0.0,0.0,0.5,11057,
7855,331328,-4.0,0.0,3.12,1,0.0,0.0,0.5,11057,
7856,331328,-4.5,0.0,2.7,1,0.0,0.0,0.5,11057,
7857,331328,-4.4,0.0,2.78,1,0.0,0.0,0.5,11057,
7858,331328,-4.9,0.0,2.44,1,0.0,0.0,0.5,11057,
7859,331456,-5.0,0.0,0.0,0,,,0.5,11059,
7860,331456,-2.7,0.0,3.45,1,0.0,0.0,0.5,11059,
7861,331520,-1.9,0.0,9.09,1,0.0,0.0,0.5,11061,
7862,331520,-5.5,0.0,1.96,1,0.0,0.0,0.5,11061,
7863,331520,-5.5,0.0,1.96,1,1.0,0.0,0.5,11061,
7864,331648,-4.0,0.0,0.0,0,,,0.5,11066,
7865,331648,10.0,1.0,0.0,0,,,0.5,11066,
7866,331648,-2.0,0.0,4.55,1,0.0,0.0,0.5,11066,
7867,331776,-5.2,0.0,2.27,1,0.0,0.0,0.5,11071,
7868,331776,8.1,1.0,6.67,2,0.0,1.0,0.5,11071,
7869,331776,-4.0,0.0,0.0,0,,,0.5,11071,
7870,331776,-5.8,0.0,4.44,2,0.0,0.0,0.5,11071,
7871,331840,-3.6,0.0,6.06,2,0.0,0.5,0.5,11072,
7872,331968,-2.1,0.0,7.69,1,0.0,0.0,0.5,11075,
7873,331968,-5.4,0.0,3.92,2,0.5,0.5,0.5,11075,
7874,331968,-4.2,0.0,2.94,1,0.0,0.0,0.5,11075,
7875,331968,-5.0,0.0,0.0,0,,,0.5,11075,
7876,332032,-2.6,0.0,15.38,2,0.0,0.0,0.5,11076,
7877,332032,11.0,1.0,0.0,0,,,0.5,11076,
7878,332032,9.7,1.0,0.0,0,,,0.5,11076,
7879,332096,-2.9,0.0,12.5,2,0.0,0.5,0.5,11081,
7880,332096,-2.0,0.0,8.33,1,0.0,0.0,0.5,11081,
7881,332160,7.3,1.0,2.33,1,0.0,0.0,0.5,11083,
7882,332160,-4.6,0.0,2.63,1,0.0,0.0,0.5,11083,
7883,332224,-6.0,0.0,3.92,2,0.0,1.0,0.5,11085,
7884,332224,-3.6,0.0,3.57,1,0.0,0.0,0.5,11085,
7885,332224,-3.7,0.0,3.45,1,0.0,0.0,0.5,11085,
7886,332352,-4.0,0.0,0.0,0,,,0.5,11087,
7887,332352,-1.6,0.0,12.5,1,0.0,0.0,0.5,11087,
7888,332352,-5.6,0.0,2.08,1,0.0,0.0,0.5,11087,
7889,332416,9.3,1.0,4.35,1,0.0,0.0,0.5,11088,
7890,332416,-6.5,0.0,5.88,3,0.0,0.3333,0.5,11088,
7891,332480,-2.3,0.0,6.67,1,0.0,0.0,0.5,11090,
7892,332544,-2.2,0.0,7.14,1,0.0,0.0,0.5,11091,
7893,332544,-5.0,0.0,0.0,0,,,0.5,11091,
7894,332608,-2.5,0.0,5.88,1,0.0,0.0,0.5,11094,
7895,332608,-0.8,0.0,10.0,1,0.0,0.0,0.5,11094,
7896,332672,-6.2,0.0,4.08,2,0.0,0.0,0.5,11095,
7897,332736,-5.0,0.0,3.92,2,0.0,0.0,0.5,11098,
7898,332800,-5.5,0.0,1.96,1,0.0,1.0,0.5,11098,
7899,332864,-4.0,0.0,0.0,0,,,0.5,11101,
7900,332864,-3.3,0.0,2.86,1,0.0,0.0,0.5,11101,
7901,332864,-5.5,0.0,1.96,1,0.0,1.0,0.5,11101,
7902,332864,-5.0,0.0,0.0,0,,,0.5,11101,
7903,332928,-5.5,0.0,1.96,1,1.0,1.0,0.5,11103,
7904,332928,-2.6,0.0,5.56,1,0.0,0.0,0.5,11103,
7905,332928,-3.7,0.0,3.45,1,0.0,0.0,0.5,11103,
7906,332992,-5.3,0.0,2.22,1,0.0,0.0,0.5,11105,
7907,333056,-5.4,0.0,2.17,1,0.0,0.0,0.5,11108,
7908,333120,-4.0,0.0,0.0,0,,,0.5,11110,
7909,333120,-3.8,0.0,5.71,2,0.0,0.5,0.5,11110,
7910,333184,-2.4,0.0,6.25,1,0.0,0.0,0.5,11111,
7911,333184,-4.0,0.0,0.0,0,,,0.5,11111,
7912,333376,-3.3,0.0,4.0,1,0.0,0.0,0.5,11116,
7913,333376,-3.1,0.0,11.11,2,0.0,0.0,0.5,11116,
7914,333440,-4.3,0.0,2.86,1,0.0,0.0,0.5,11120,
7915,333440,-5.5,0.0,2.13,1,0.0,0.0,0.5,11120,
7916,333504,-4.5,0.0,2.7,1,0.0,0.0,0.5,11121,
7917,333568,-1.9,0.0,9.09,1,0.0,0.0,0.5,11123,
7918,333632,-4.5,0.0,2.7,1,0.0,0.0,0.5,11125,
7919,333632,-4.1,0.0,3.03,1,0.0,0.0,0.5,11125,
7920,333632,-5.0,0.0,0.0,0,,,0.5,11125,
7921,333696,-1.0,0.0,8.33,1,0.0,0.0,0.5,11128,
7922,333696,-5.8,0.0,2.0,1,0.0,0.0,0.5,11128,
7923,333696,11.0,1.0,0.0,0,,,0.5,11128,
7924,333696,-5.0,0.0,0.0,0,,,0.5,11128,
7925,333760,-3.3,0.0,4.0,1,0.0,0.0,0.5,11131,
7926,333760,-3.2,0.0,4.17,1,0.0,0.0,0.5,11131,
7927,333888,-3.2,0.0,4.17,1,0.0,0.0,0.5,11136,
7928,333888,-5.1,0.0,4.17,2,0.0,0.5,0.5,11136,
7929,333888,-1.3,0.0,20.0,1,0.0,0.0,0.5,11136,
7930,333888,-5.0,0.0,0.0,0,,,0.5,11136,
7931,333952,-6.5,0.0,5.88,3,0.3333,0.3333,0.5,11138,
7932,333952,-5.0,0.0,0.0,0,,,0.5,11138,
7933,334016,-5.5,0.0,1.96,1,0.0,1.0,0.5,11139,
7934,334016,-6.0,0.0,3.92,2,0.0,0.5,0.5,11139,
7935,334016,-1.6,0.0,5.56,1,0.0,0.0,0.5,11139,
7936,334080,-3.1,0.0,3.03,1,0.0,0.0,0.5,11143,
7937,334080,-1.3,0.0,6.67,1,0.0,0.0,0.5,11143,
7938,334208,-1.2,0.0,25.0,1,0.0,0.0,0.5,11145,
7939,334208,-4.3,0.0,2.86,1,0.0,0.0,0.5,11145,
7940,334272,-6.0,0.0,3.92,2,0.0,1.0,0.5,11145,
7941,334272,7.7,1.0,2.56,1,0.0,0.0,0.5,11145,
7942,334336,-3.9,0.0,3.23,1,0.0,0.0,0.5,11146,
7943,334400,-3.3,0.0,4.0,1,0.0,0.0,0.5,11149,
7944,334400,-4.7,0.0,5.88,2,0.0,0.5,0.5,11149,
7945,334400,-5.0,0.0,0.0,0,,,0.5,11149,
7946,334464,-1.5,0.0,14.29,1,0.0,0.0,0.5,11151,
7947,334528,-4.1,0.0,3.03,1,0.0,0.0,0.5,11153,
7948,334592,-5.0,0.0,0.0,0,,,0.5,11155,
7949,334592,-4.0,0.0,0.0,0,,,0.5,11155,
7950,334592,9.0,1.0,3.85,1,0.0,1.0,0.5,11155,
7951,334592,-6.5,0.0,5.88,3,0.0,0.6667,0.5,11155,
7952,334656,-4.9,0.0,11.11,4,0.0,0.5,0.5,11157,
7953,334720,-3.7,0.0,3.45,1,0.0,0.0,0.5,11159,
7954,334720,-5.5,0.0,1.96,1,0.0,0.0,0.5,11159,
7955,334720,-5.5,0.0,1.96,1,0.0,0.0,0.5,11159,
7956,334784,-4.1,0.0,3.03,1,0.0,0.0,0.5,11162,
7957,334848,-1.6,0.0,5.56,1,0.0,0.0,0.5,11163,
7958,334912,-4.0,0.0,0.0,0,,,0.5,11166,
7959,334912,-1.3,0.0,20.0,1,0.0,0.0,0.5,11166,
7960,334912,-4.0,0.0,0.0,0,,,0.5,11166,
7961,334912,-5.2,0.0,2.27,1,0.0,0.0,0.5,11166,
7962,334976,-2.5,0.0,5.88,1,0.0,0.0,0.5,11169,
7963,335040,-4.5,0.0,1.96,1,0.0,0.0,0.5,11169,
7964,335104,-4.5,0.0,2.7,1,0.0,0.0,0.5,11172,
7965,335168,-2.7,0.0,5.26,1,0.0,0.0,0.5,11176,
7966,335168,-3.1,0.0,4.35,1,0.0,0.0,0.5,11176,
7967,335168,-3.9,0.0,3.23,1,0.0,0.0,0.5,11176,
7968,335168,-2.6,0.0,5.56,1,0.0,0.0,0.5,11176,
7969,335232,-5.5,0.0,1.96,1,1.0,1.0,0.5,11179,
7970,335232,-6.8,0.0,6.0,3,0.0,0.0,0.5,11179,
7971,335296,-5.0,0.0,3.92,2,0.0,0.5,0.5,11182,
7972,335296,-6.0,0.0,3.92,2,0.5,0.5,0.5,11182,
7973,335296,-1.2,0.0,7.14,1,0.0,0.0,0.5,11182,
7974,335296,-1.4,0.0,16.67,1,0.0,0.0,0.5,11182,
7975,335360,-5.0,0.0,0.0,0,,,0.5,11183,
7976,335424,-4.4,0.0,2.17,1,0.0,0.0,0.5,11188,
7977,335424,-2.6,0.0,5.56,1,0.0,0.0,0.5,11188,
7978,335424,-6.0,0.0,4.26,2,0.0,0.0,0.5,11188,
7979,335424,-2.2,0.0,7.14,1,0.0,0.0,0.5,11188,
7980,335488,-5.0,0.0,5.41,2,0.0,0.5,0.5,11190,
7981,335552,-3.1,0.0,4.35,1,0.0,0.0,0.5,11191,
7982,335744,-2.6,0.0,5.56,1,0.0,0.0,0.5,11198,
7983,335744,-5.3,0.0,2.22,1,0.0,0.0,0.5,11198,
7984,335744,-5.5,0.0,13.51,5,0.0,0.6,0.5,11198,
7985,335808,-4.0,0.0,0.0,0,,,0.5,11198,
7986,335808,-4.0,0.0,0.0,0,,,0.5,11198,
7987,335872,-4.5,0.0,1.96,1,0.0,1.0,0.5,11201,
7988,335872,-5.9,0.0,1.96,1,0.0,0.0,0.5,11201,
7989,335936,-1.5,0.0,14.29,1,0.0,0.0,0.5,11206,
7990,335936,-1.6,0.0,12.5,1,0.0,0.0,0.5,11206,
7991,335936,-1.8,0.0,5.0,1,0.0,0.0,0.5,11206,
7992,336064,-2.0,0.0,8.33,1,0.0,0.0,0.5,11209,
7993,336064,-4.9,0.0,2.44,1,0.0,0.0,0.5,11209,
7994,336128,9.9,1.0,0.0,0,,,0.5,11209,
7995,336192,-5.0,0.0,0.0,0,,,0.5,11210,
7996,336192,10.9,1.0,14.29,1,0.0,1.0,0.5,11210,
7997,336320,-5.0,0.0,0.0,0,,,0.5,11214,
7998,336320,-4.6,0.0,2.63,1,0.0,0.0,0.5,11214,
7999,336320,-4.9,0.0,2.44,1,0.0,0.0,0.5,11214,
8000,336384,-5.1,0.0,2.33,1,0.0,0.0,0.5,11217,
8001,336384,-2.7,0.0,5.26,1,0.0,0.0,0.5,11217,
8002,336448,-5.5,0.0,1.96,1,0.0,1.0,0.5,11219,
8003,336448,11.7,1.0,0.0,0,,,0.5,11219,
8004,336448,-3.7,0.0,3.45,1,0.0,0.0,0.5,11219,
8005,336512,-1.9,0.0,4.76,1,0.0,0.0,0.5,11221,
8006,336576,7.3,1.0,9.09,3,0.3333,0.6667,0.5,11224,
8007,336576,-2.7,0.0,8.33,2,0.0,0.0,0.5,11224,
8008,336640,-5.0,0.0,0.0,0,,,0.5,11226,
8009,336704,-5.0,0.0,0.0,0,,,0.5,11227,
8010,336768,-4.3,0.0,5.0,2,0.0,0.0,0.5,11230,
8011,336768,-7.4,0.0,7.84,4,0.25,0.5,0.5,11230,
8012,336832,-1.9,0.0,9.09,1,0.0,0.0,0.5,11231,
8013,336896,-4.5,0.0,1.96,1,0.0,0.0,0.5,11233,
8014,336896,-4.5,0.0,1.96,1,0.0,1.0,0.5,11233,
8015,336960,-6.5,0.0,9.8,5,0.0,0.2,0.5,11235,
8016,336960,-2.6,0.0,5.56,1,0.0,0.0,0.5,11235,
8017,336960,-1.2,0.0,7.14,1,0.0,0.0,0.5,11235,
8018,337024,-5.5,0.0,1.96,1,0.0,1.0,0.5,11235,
8019,337024,-5.0,0.0,0.0,0,,,0.5,11235,
8020,337152,-6.5,0.0,5.88,3,0.0,0.6667,0.5,11238,
8021,337152,-5.7,0.0,2.04,1,0.0,0.0,0.5,11238,
8022,337152,-6.0,0.0,3.92,2,0.0,1.0,0.5,11238,
8023,337280,-5.8,0.0,2.0,1,0.0,0.0,0.5,11242,
8024,337472,-6.0,0.0,3.92,2,0.5,0.0,0.5,11245,
8025,337536,-2.7,0.0,5.26,1,0.0,0.0,0.5,11248,
8026,337536,-6.5,0.0,5.88,3,0.0,0.3333,0.5,11248,
8027,337536,-4.9,0.0,2.44,1,0.0,0.0,0.5,11248,
8028,337600,-2.5,0.0,3.7,1,0.0,0.0,0.5,11251,
8029,337600,-5.1,0.0,2.33,1,0.0,0.0,0.5,11251,
8030,337600,-6.0,0.0,7.84,4,0.0,0.0,0.5,11251,
8031,337664,-1.6,0.0,5.56,1,0.0,0.0,0.5,11255,
8032,337664,-5.0,0.0,0.0,0,,,0.5,11255,
8033,337664,-3.6,0.0,2.63,1,0.0,0.0,0.5,11255,
8034,337664,7.4,1.0,5.41,2,0.0,0.0,0.5,11255,
8035,337664,-5.0,0.0,0.0,0,,,0.5,11255,
8036,337664,-4.6,0.0,2.08,1,0.0,0.0,0.5,11255,
8037,337728,-2.6,0.0,5.56,1,0.0,0.0,0.5,11256,
8038,337920,-4.1,0.0,2.33,1,0.0,0.0,0.5,11259,
8039,337920,-2.1,0.0,4.35,1,0.0,0.0,0.5,11259,
8040,337984,-5.0,0.0,0.0,0,,,0.5,11262,
8041,337984,-4.0,0.0,0.0,0,,,0.5,11262,
8042,337984,-4.9,0.0,2.44,1,0.0,0.0,0.5,11262,
8043,337984,-3.4,0.0,3.85,1,0.0,0.0,0.5,11262,
8044,338048,-5.0,0.0,3.92,2,0.0,0.5,0.5,11262,
8045,338112,10.8,1.0,0.0,0,,,0.5,11265,
8046,338112,-5.3,0.0,2.22,1,0.0,0.0,0.5,11265,
8047,338112,9.2,1.0,4.17,1,0.0,0.0,0.5,11265,
8048,338112,-5.4,0.0,2.17,1,0.0,0.0,0.5,11265,
8049,338176,-5.0,0.0,0.0,0,,,0.5,11265,
8050,338176,-5.5,0.0,1.96,1,0.0,1.0,0.5,11265,
8051,338240,-3.3,0.0,4.0,1,0.0,0.0,0.5,11269,
8052,338240,-5.5,0.0,1.96,1,0.0,0.0,0.5,11269,
8053,338240,-2.5,0.0,5.88,1,0.0,0.0,0.5,11269,
8054,338240,-2.5,0.0,5.88,1,0.0,0.0,0.5,11269,
8055,338304,-3.5,0.0,2.7,1,0.0,0.0,0.5,11274,
8056,338304,-1.4,0.0,16.67,1,0.0,0.0,0.5,11274,
8057,338368,-4.0,0.0,0.0,0,,,0.5,11278,
8058,338368,-2.1,0.0,4.35,1,0.0,0.0,0.5,11278,
8059,338368,-1.9,0.0,9.09,1,0.0,0.0,0.5,11278,
8060,338368,-5.6,0.0,2.08,1,0.0,0.0,0.5,11278,
8061,338432,-2.1,0.0,7.69,1,0.0,0.0,0.5,11281,
8062,338496,-3.1,0.0,4.35,1,0.0,0.0,0.5,11282,
8063,338560,-5.0,0.0,0.0,0,,,0.5,11284,
8064,338624,-2.3,0.0,6.67,1,0.0,0.0,0.5,11287,
8065,338624,-4.1,0.0,7.14,2,0.0,0.5,0.5,11287,
8066,338688,-4.0,0.0,0.0,0,,,0.5,11288,
8067,338688,-5.5,0.0,1.96,1,0.0,1.0,0.5,11288,
8068,338688,-6.0,0.0,3.92,2,0.0,0.5,0.5,11288,
8069,338688,7.5,1.0,5.56,2,0.0,0.0,0.5,11288,
8070,338752,-1.7,0.0,11.11,1,0.0,0.0,0.5,11289,
8071,338816,10.3,1.0,0.0,0,,,0.5,11291,
8072,338816,-4.5,0.0,1.96,1,0.0,1.0,0.5,11291,
8073,338880,-5.4,0.0,2.17,1,0.0,0.0,0.5,11292,
8074,339008,-4.5,0.0,1.96,1,0.0,1.0,0.5,11292,
8075,339008,-5.0,0.0,3.92,2,0.0,1.0,0.5,11292,
8076,339072,-3.0,0.0,4.55,1,0.0,0.0,0.5,11295,
8077,339072,-4.0,0.0,0.0,0,,,0.5,11295,
8078,339136,-6.0,0.0,3.92,2,0.0,1.0,0.5,11296,
8079,339136,-4.1,0.0,2.33,1,0.0,0.0,0.5,11296,
8080,339200,-4.2,0.0,2.94,1,0.0,0.0,0.5,11297,
8081,339200,-5.5,0.0,1.96,1,0.0,0.0,0.5,11297,
8082,339328,-5.5,0.0,1.96,1,0.0,1.0,0.5,11303,
8083,339456,-4.0,0.0,0.0,0,,,0.5,11305,
8084,339584,-5.0,0.0,0.0,0,,,0.5,11307,
8085,339648,-3.6,0.0,6.06,2,0.5,0.0,0.5,11310,
8086,339648,-2.9,0.0,7.69,2,0.0,0.0,0.5,11310,
8087,339648,-2.8,0.0,5.0,1,0.0,0.0,0.5,11310,
8088,339712,-3.5,0.0,3.7,1,0.0,0.0,0.5,11312,
8089,339712,-1.8,0.0,5.0,1,0.0,0.0,0.5,11312,
8090,339712,-5.0,0.0,0.0,0,,,0.5,11312,
8091,339712,-5.0,0.0,0.0,0,,,0.5,11312,
8092,339776,-3.9,0.0,7.69,2,0.0,0.5,0.5,11315,
8093,339776,-2.2,0.0,4.17,1,0.0,0.0,0.5,11315,
8094,339904,-2.6,0.0,3.57,1,0.0,0.0,0.5,11323,
8095,339904,-2.8,0.0,5.0,1,0.0,0.0,0.5,11323,
8096,339968,-4.5,0.0,1.96,1,0.0,1.0,0.5,11324,
8097,340032,-4.5,0.0,1.96,1,0.0,1.0,0.5,11325,
8098,340032,-5.0,0.0,3.92,2,0.0,0.0,0.5,11325,
8099,340160,-3.8,0.0,3.33,1,0.0,0.0,0.5,11330,
8100,340160,-5.5,0.0,5.88,3,0.0,0.6667,0.5,11330,
8101,340224,-4.0,0.0,0.0,0,,,0.5,11332,
8102,340224,-5.0,0.0,0.0,0,,,0.5,11332,
8103,340224,-3.2,0.0,4.17,1,0.0,0.0,0.5,11332,
8104,340224,-5.0,0.0,0.0,0,,,0.5,11332,
8105,340224,-2.7,0.0,3.45,1,0.0,0.0,0.5,11332,
8106,340288,-1.5,0.0,5.88,1,0.0,0.0,0.5,11334,
8107,340288,-1.8,0.0,10.0,1,0.0,0.0,0.5,11334,
8108,340352,-5.0,0.0,2.38,1,0.0,0.0,0.5,11338,
8109,340352,-2.7,0.0,5.26,1,0.0,0.0,0.5,11338,
8110,340416,-4.0,0.0,0.0,0,,,0.5,11342,
8111,340416,-4.1,0.0,3.03,1,0.0,0.0,0.5,11342,
8112,340416,-5.2,0.0,20.83,5,0.0,0.4,0.5,11342,
8113,340416,-2.7,0.0,5.26,1,0.0,0.0,0.5,11342,
8114,340480,-4.3,0.0,6.67,2,0.0,0.5,0.5,11343,
8115,340544,-3.2,0.0,2.94,1,0.0,0.0,0.5,11346,
8116,340608,-4.5,0.0,2.7,1,0.0,0.0,0.5,11347,
8117,340672,-4.5,0.0,2.7,1,0.0,0.0,0.5,11349,
8118,340672,10.8,1.0,12.5,1,0.0,0.0,0.5,11349,
8119,340736,8.0,1.0,6.45,2,0.0,0.0,0.5,11349,
8120,340736,-4.5,0.0,1.96,1,0.0,0.0,0.5,11349,
8121,340800,-4.1,0.0,3.03,1,0.0,0.0,0.5,11351,
8122,340800,-5.0,0.0,3.92,2,0.0,0.5,0.5,11351,
8123,340800,-5.5,0.0,5.88,3,0.0,0.6667,0.5,11351,
8124,340864,-5.0,0.0,0.0,0,,,0.5,11352,
8125,340864,-5.0,0.0,0.0,0,,,0.5,11352,
8126,340864,-2.7,0.0,3.45,1,0.0,0.0,0.5,11352,
8127,340928,-4.3,0.0,8.57,3,0.0,0.6667,0.5,11354,
8128,340928,-5.5,0.0,1.96,1,0.0,1.0,0.5,11354,
8129,340928,-3.7,0.0,3.45,1,0.0,0.0,0.5,11354,
8130,340992,-2.0,0.0,8.33,1,0.0,0.0,0.5,11360,
8131,340992,-5.9,0.0,4.35,2,0.0,0.0,0.5,11360,
8132,340992,-4.0,0.0,0.0,0,,,0.5,11360,
8133,340992,-1.7,0.0,11.11,1,0.0,0.0,0.5,11360,
8134,340992,-3.0,0.0,4.55,1,0.0,0.0,0.5,11360,
8135,341056,-3.3,0.0,2.86,1,0.0,0.0,0.5,11361,
8136,341184,-5.5,0.0,1.96,1,0.0,1.0,0.5,11364,
8137,341248,-5.0,0.0,0.0,0,,,0.5,11366,
8138,341248,-3.3,0.0,2.86,1,0.0,0.0,0.5,11366,
8139,341248,-5.0,0.0,0.0,0,,,0.5,11366,
8140,341248,-5.5,0.0,2.13,1,0.0,0.0,0.5,11366,
8141,341312,-4.8,0.0,2.0,1,0.0,0.0,0.5,11367,
8142,341376,-5.5,0.0,5.88,3,0.0,0.3333,0.5,11368,
8143,341440,-5.5,0.0,1.96,1,0.0,1.0,0.5,11369,
8144,341504,7.7,1.0,5.88,2,0.5,0.0,0.5,11370,
8145,341568,11.2,1.0,0.0,0,,,0.5,11371,
8146,341568,10.7,1.0,11.11,1,0.0,1.0,0.5,11371,
8147,341632,-5.0,0.0,0.0,0,,,0.5,11371,
8148,341696,-0.9,0.0,9.09,1,0.0,0.0,0.5,11374,
8149,341760,-6.0,0.0,3.92,2,0.0,0.5,0.5,11374,
8150,341888,-5.0,0.0,0.0,0,,,0.5,11378,
8151,341952,-5.5,0.0,5.88,3,0.0,0.0,0.5,11378,
8152,342016,-4.9,0.0,5.56,2,0.5,0.5,0.5,11379,
8153,342080,-0.7,0.0,11.11,1,0.0,0.0,0.5,11382,
8154,342080,-4.5,0.0,6.25,2,0.0,0.0,0.5,11382,
8155,342080,-5.9,0.0,1.96,1,0.0,0.0,0.5,11382,
8156,342208,-5.6,0.0,7.89,3,0.0,0.0,0.5,11383,
8157,342336,-5.0,0.0,0.0,0,,,0.5,11387,
8158,342336,-3.8,0.0,3.33,1,0.0,0.0,0.5,11387,
8159,342400,-4.5,0.0,1.96,1,0.0,0.0,0.5,11388,
8160,342528,-3.7,0.0,3.45,1,0.0,0.0,0.5,11389,
8161,342592,-4.2,0.0,2.94,1,0.0,0.0,0.5,11390,
8162,342656,-1.2,0.0,7.14,1,0.0,0.0,0.5,11392,
8163,342720,-5.0,0.0,0.0,0,,,0.5,11396,
8164,342720,-2.8,0.0,5.0,1,0.0,0.0,0.5,11396,
8165,342784,-2.2,0.0,4.17,1,0.0,0.0,0.5,11397,
8166,342848,-2.6,0.0,5.56,1,0.0,0.0,0.5,11399,
8167,342912,-5.0,0.0,3.92,2,0.5,0.5,0.5,11399,
8168,342912,-4.0,0.0,0.0,0,,,0.5,11399,
8169,342976,-5.5,0.0,1.96,1,0.0,0.0,0.5,11399,
8170,342976,7.9,1.0,0.0,0,,,0.5,11399,
8171,342976,-5.0,0.0,3.92,2,0.0,0.5,0.5,11399,
8172,342976,-4.5,0.0,1.96,1,0.0,0.0,0.5,11399,
8173,343040,9.9,1.0,0.0,0,,,0.5,11400,
8174,343040,-5.5,0.0,1.96,1,0.0,1.0,0.5,11400,
8175,343104,-4.0,0.0,3.12,1,0.0,0.0,0.5,11403,
8176,343104,-4.3,0.0,2.86,1,0.0,0.0,0.5,11403,
8177,343104,7.8,1.0,2.63,1,0.0,0.0,0.5,11403,
8178,343168,-3.8,0.0,2.5,1,0.0,0.0,0.5,11404,
8179,343168,-5.0,0.0,3.92,2,0.0,0.5,0.5,11404,
8180,343168,-5.0,0.0,3.92,2,0.0,0.0,0.5,11404,
8181,343232,-5.5,0.0,2.13,1,0.0,0.0,0.5,11406,
8182,343232,-5.5,0.0,1.96,1,0.0,1.0,0.5,11406,
8183,343232,-1.9,0.0,9.09,1,0.0,0.0,0.5,11406,
8184,343296,-5.0,0.0,0.0,0,,,0.5,11407,
8185,343296,-1.2,0.0,22.22,2,0.5,0.0,0.5,11407,
8186,343360,-5.3,0.0,5.0,2,0.0,0.0,0.5,11408,
8187,343424,-4.0,0.0,0.0,0,,,0.5,11409,
8188,343488,-4.9,0.0,2.44,1,0.0,0.0,0.5,11411,
8189,343488,-5.0,0.0,0.0,0,,,0.5,11411,
8190,343488,-5.6,0.0,2.08,1,0.0,0.0,0.5,11411,
8191,343488,-5.0,0.0,0.0,0,,,0.5,11411,
8192,343488,-4.0,0.0,0.0,0,,,0.5,11411,
8193,343552,-5.0,0.0,0.0,0,,,0.5,11411,
8194,343616,-5.0,0.0,0.0,0,,,0.5,11412,
8195,343616,-5.0,0.0,0.0,0,,,0.5,11412,
8196,343744,-5.2,0.0,2.27,1,0.0,0.0,0.5,11421,
8197,343744,-3.6,0.0,3.57,1,0.0,0.0,0.5,11421,
8198,343744,-5.0,0.0,0.0,0,,,0.5,11421,
8199,343808,-5.5,0.0,1.96,1,1.0,0.0,0.5,11422,
8200,343872,-2.7,0.0,5.26,1,0.0,0.0,0.5,11424,
8201,343936,-5.7,0.0,2.04,1,0.0,0.0,0.5,11426,
8202,344000,-5.5,0.0,1.96,1,0.0,1.0,0.5,11427,
8203,344000,-4.0,0.0,0.0,0,,,0.5,11427,
8204,344000,-2.8,0.0,5.0,1,0.0,0.0,0.5,11427,
8205,344064,-5.2,0.0,2.27,1,0.0,0.0,0.5,11429,
8206,344064,-5.0,0.0,0.0,0,,,0.5,11429,
8207,344128,-5.0,0.0,0.0,0,,,0.5,11431,
8208,344192,-5.0,0.0,3.92,2,0.0,1.0,0.5,11432,
8209,344192,-5.0,0.0,0.0,0,,,0.5,11432,
8210,344256,-6.0,0.0,3.92,2,0.0,0.0,0.5,11433,
8211,344256,11.3,1.0,0.0,0,,,0.5,11433,
8212,344256,-5.9,0.0,1.96,1,0.0,0.0,0.5,11433,
8213,344320,-5.5,0.0,2.13,1,0.0,0.0,0.5,11437,
8214,344320,-5.6,0.0,2.08,1,0.0,0.0,0.5,11437,
8215,344384,-4.4,0.0,2.78,1,0.0,0.0,0.5,11440,
8216,344448,-5.0,0.0,0.0,0,,,0.5,11440,
8217,344512,-5.5,0.0,5.88,3,0.3333,0.3333,0.5,11440,
8218,344640,11.2,1.0,0.0,0,,,0.5,11442,
8219,344640,8.7,1.0,8.33,2,0.0,1.0,0.5,11442,
8220,344640,-4.5,0.0,1.96,1,0.0,1.0,0.5,11442,
8221,344640,-2.6,0.0,5.56,1,0.0,0.0,0.5,11442,
8222,344832,-5.5,0.0,1.96,1,0.0,0.0,0.5,11444,
8223,344832,-5.0,0.0,0.0,0,,,0.5,11444,
8224,344896,-1.4,0.0,16.67,1,0.0,0.0,0.5,11446,
8225,344896,11.7,1.0,0.0,0,,,0.5,11446,
8226,344896,-5.8,0.0,4.44,2,0.5,0.5,0.5,11446,
8227,344960,-6.8,0.0,8.89,4,0.25,0.25,0.5,11448,
8228,345024,-3.0,0.0,4.55,1,0.0,0.0,0.5,11449,
8229,345088,-3.3,0.0,4.0,1,0.0,0.0,0.5,11453,
8230,345088,10.3,1.0,7.69,1,0.0,0.0,0.5,11453,
8231,345088,-2.1,0.0,7.69,1,0.0,0.0,0.5,11453,
8232,345088,-2.5,0.0,5.88,1,0.0,0.0,0.5,11453,
8233,345152,-4.3,0.0,6.67,2,0.0,0.5,0.5,11457,
8234,345152,-5.0,0.0,0.0,0,,,0.5,11457,
8235,345152,-2.8,0.0,5.0,1,0.0,0.0,0.5,11457,
8236,345280,-4.1,0.0,3.03,1,0.0,0.0,0.5,11464,
8237,345280,-3.7,0.0,3.45,1,0.0,0.0,0.5,11464,
8238,345344,-5.5,0.0,1.96,1,0.0,0.0,0.5,11467,
8239,345344,-0.9,0.0,9.09,1,0.0,0.0,0.5,11467,
8240,345344,-4.1,0.0,7.14,2,0.0,0.0,0.5,11467,
8241,345472,-3.5,0.0,3.7,1,0.0,0.0,0.5,11470,
8242,345472,-6.0,0.0,3.92,2,0.0,0.0,0.5,11470,
8243,345472,8.0,1.0,0.0,0,,,0.5,11470,
8244,345472,-3.5,0.0,2.7,1,0.0,0.0,0.5,11470,
8245,345536,-4.4,0.0,2.78,1,0.0,0.0,0.5,11472,
8246,345600,-4.0,0.0,0.0,0,,,0.5,11477,
8247,345600,-5.5,0.0,5.88,3,0.0,0.6667,0.5,11477,
8248,345600,-1.4,0.0,18.18,2,0.0,0.0,0.5,11477,
8249,345600,-3.0,0.0,4.55,1,0.0,0.0,0.5,11477,
8250,345600,-4.9,0.0,2.44,1,0.0,0.0,0.5,11477,
8251,345664,-2.7,0.0,3.45,1,0.0,0.0,0.5,11480,
8252,345664,-2.2,0.0,4.17,1,0.0,0.0,0.5,11480,
8253,345664,-3.5,0.0,3.7,1,0.0,0.0,0.5,11480,
8254,345664,-6.5,0.0,5.88,3,0.0,0.6667,0.5,11480,
8255,345728,-3.1,0.0,4.35,1,0.0,0.0,0.5,11481,
8256,345792,-3.0,0.0,4.55,1,0.0,0.0,0.5,11483,
8257,345792,-5.1,0.0,2.33,1,0.0,0.0,0.5,11483,
8258,345856,-5.0,0.0,0.0,0,,,0.5,11485,
8259,345984,-2.5,0.0,5.88,1,0.0,0.0,0.5,11492,
8260,345984,-4.7,0.0,2.56,1,0.0,0.0,0.5,11492,
8261,345984,-1.4,0.0,16.67,1,0.0,0.0,0.5,11492,
8262,345984,-1.9,0.0,4.76,1,0.0,0.0,0.5,11492,
8263,346048,-4.0,0.0,0.0,0,,,0.5,11493,
8264,346112,-6.8,0.0,10.0,5,0.0,0.4,0.5,11497,
8265,346112,-6.1,0.0,6.98,3,0.0,0.3333,0.5,11497,
8266,346176,-5.9,0.0,1.96,1,0.0,0.0,0.5,11498,
8267,346240,-5.5,0.0,1.96,1,0.0,0.0,0.5,11499,
8268,346240,-5.0,0.0,0.0,0,,,0.5,11499,
8269,346240,-4.0,0.0,0.0,0,,,0.5,11499,
8270,346304,-4.0,0.0,0.0,0,,,0.5,11500,
8271,346304,-1.6,0.0,5.56,1,0.0,0.0,0.5,11500,
8272,346368,-6.0,0.0,7.84,4,0.0,0.75,0.5,11502,
8273,346432,-5.0,0.0,3.92,2,0.0,0.5,0.5,11502,
8274,346432,-5.5,0.0,1.96,1,0.0,1.0,0.5,11502,
8275,346496,-6.5,0.0,5.88,3,0.0,0.3333,0.5,11503,
8276,346496,-4.7,0.0,2.56,1,0.0,0.0,0.5,11503,
8277,346560,-5.0,0.0,0.0,0,,,0.5,11505,
8278,346560,-5.0,0.0,0.0,0,,,0.5,11505,
8279,346560,-4.3,0.0,2.86,1,0.0,0.0,0.5,11505,
8280,346624,-2.3,0.0,6.67,1,0.0,0.0,0.5,11508,
8281,346752,-2.6,0.0,5.56,1,0.0,0.0,0.5,11512,
8282,346752,-5.0,0.0,0.0,0,,,0.5,11512,
8283,346752,9.8,1.0,0.0,0,,,0.5,11512,
8284,346752,-4.5,0.0,1.96,1,0.0,1.0,0.5,11512,
8285,346816,-3.6,0.0,8.7,2,0.0,0.5,0.5,11515,
8286,346880,-3.5,0.0,3.7,1,0.0,0.0,0.5,11517,
8287,346880,-4.5,0.0,1.96,1,0.0,1.0,0.5,11517,
8288,346944,-6.3,0.0,8.0,4,0.0,0.25,0.5,11519,
8289,347072,-2.8,0.0,5.0,1,0.0,0.0,0.5,11524,
8290,347072,-2.9,0.0,4.76,1,0.0,0.0,0.5,11524,
8291,347072,-2.5,0.0,5.88,1,0.0,0.0,0.5,11524,
8292,347072,-5.3,0.0,2.22,1,0.0,0.0,0.5,11524,
8293,347136,-2.8,0.0,5.0,1,0.0,0.0,0.5,11525,
8294,347136,10.0,1.0,6.25,1,0.0,1.0,0.5,11525,
8295,347200,-4.5,0.0,2.7,1,0.0,0.0,0.5,11529,
8296,347200,-4.6,0.0,6.06,2,0.0,0.5,0.5,11529,
8297,347264,-5.0,0.0,0.0,0,,,0.5,11529,
8298,347328,8.7,1.0,3.45,1,1.0,0.0,0.5,11531,
8299,347328,-5.0,0.0,0.0,0,,,0.5,11531,
8300,347392,-3.5,0.0,3.7,1,0.0,0.0,0.5,11537,
8301,347392,-1.8,0.0,10.0,1,0.0,0.0,0.5,11537,
8302,347392,-1.9,0.0,4.76,1,0.0,0.0,0.5,11537,
8303,347392,-4.1,0.0,3.03,1,0.0,0.0,0.5,11537,
8304,347392,-4.5,0.0,2.7,1,0.0,0.0,0.5,11537,
8305,347456,-4.7,0.0,2.04,1,0.0,0.0,0.5,11538,
8306,347520,-4.2,0.0,13.79,4,0.0,0.25,0.5,11541,
8307,347584,-3.3,0.0,4.0,1,0.0,0.0,0.5,11545,
8308,347648,-5.2,0.0,8.82,3,0.0,0.3333,0.5,11546,
8309,347712,-5.5,0.0,1.96,1,0.0,0.0,0.5,11549,
8310,347904,-5.0,0.0,0.0,0,,,0.5,11553,
8311,347904,-1.0,0.0,8.33,1,0.0,0.0,0.5,11553,
8312,348032,-2.8,0.0,13.33,2,0.0,0.5,0.5,11555,
8313,348096,-1.8,0.0,10.0,1,0.0,0.0,0.5,11556,
8314,348096,-4.0,0.0,0.0,0,,,0.5,11556,
8315,348160,-5.5,0.0,1.96,1,0.0,1.0,0.5,11559,
8316,348160,-2.5,0.0,5.88,1,0.0,0.0,0.5,11559,
8317,348160,-2.0,0.0,8.33,1,0.0,0.0,0.5,11559,
8318,348160,-3.8,0.0,3.33,1,0.0,0.0,0.5,11559,
8319,348224,-4.0,0.0,0.0,0,,,0.5,11561,
8320,348224,8.6,1.0,3.33,1,0.0,1.0,0.5,11561,
8321,348224,8.7,1.0,3.45,1,0.0,1.0,0.5,11561,
8322,348224,-4.7,0.0,2.04,1,0.0,0.0,0.5,11561,
8323,348224,-2.4,0.0,6.25,1,0.0,0.0,0.5,11561,
8324,348288,-3.2,0.0,10.53,2,0.0,0.5,0.5,11564,
8325,348352,-5.0,0.0,0.0,0,,,0.5,11567,
8326,348352,-1.9,0.0,12.5,2,0.0,0.5,0.5,11567,
8327,348352,10.9,1.0,0.0,0,,,0.5,11567,
8328,348352,-5.0,0.0,0.0,0,,,0.5,11567,
8329,348416,-4.5,0.0,1.96,1,0.0,1.0,0.5,11568,
8330,348608,-3.6,0.0,3.57,1,0.0,0.0,0.5,11575,
8331,348608,-1.6,0.0,12.5,1,0.0,0.0,0.5,11575,
8332,348608,-4.9,0.0,4.35,2,0.0,0.5,0.5,11575,
8333,348608,7.5,1.0,2.44,1,0.0,0.0,0.5,11575,
8334,348608,-4.0,0.0,0.0,0,,,0.5,11575,
8335,348608,-6.4,0.0,3.92,2,0.0,0.0,0.5,11575,
8336,348672,-3.1,0.0,4.35,1,0.0,0.0,0.5,11578,
8337,348736,-5.5,0.0,1.96,1,0.0,0.0,0.5,11579,
8338,348736,-1.6,0.0,12.5,1,0.0,0.0,0.5,11579,
8339,348736,-4.5,0.0,1.96,1,0.0,0.0,0.5,11579,
8340,348800,-5.5,0.0,5.88,3,0.3333,0.0,0.5,11580,
8341,348864,-5.0,0.0,0.0,0,,,0.5,11580,
8342,348864,-4.0,0.0,0.0,0,,,0.5,11580,
8343,348864,-5.5,0.0,1.96,1,0.0,1.0,0.5,11580,
8344,348992,-3.8,0.0,2.5,1,0.0,0.0,0.5,11584,
8345,349056,-5.0,0.0,0.0,0,,,0.5,11586,
8346,349056,-1.9,0.0,9.09,1,0.0,0.0,0.5,11586,
8347,349120,-4.4,0.0,2.17,1,0.0,0.0,0.5,11589,
8348,349120,-4.5,0.0,2.7,1,0.0,0.0,0.5,11589,
8349,349248,-1.1,0.0,7.69,1,0.0,0.0,0.5,11595,
8350,349248,-4.4,0.0,2.78,1,0.0,0.0,0.5,11595,
8351,349248,-4.5,0.0,1.96,1,0.0,0.0,0.5,11595,
8352,349248,-1.8,0.0,10.0,1,0.0,0.0,0.5,11595,
8353,349248,-2.7,0.0,5.26,1,0.0,0.0,0.5,11595,
8354,349248,-2.5,0.0,5.88,1,0.0,0.0,0.5,11595,
8355,349312,-5.3,0.0,13.33,4,0.0,0.5,0.5,11596,
8356,349376,-5.5,0.0,5.88,3,0.0,1.0,0.5,11597,
8357,349376,-3.0,0.0,11.76,2,0.0,0.5,0.5,11597,
8358,349504,-5.0,0.0,0.0,0,,,0.5,11599,
8359,349504,-5.9,0.0,4.35,2,0.0,0.5,0.5,11599,
8360,349504,-4.3,0.0,2.86,1,0.0,0.0,0.5,11599,
8361,349504,-5.5,0.0,5.88,3,0.0,0.3333,0.5,11599,
8362,349568,-5.5,0.0,1.96,1,0.0,0.0,0.5,11600,
8363,349568,-0.3,0.0,20.0,1,0.0,0.0,0.5,11600,
8364,349632,-2.1,0.0,25.0,2,0.5,0.0,0.5,11603,
8365,349632,-5.3,0.0,2.22,1,0.0,0.0,0.5,11603,
8366,349632,-6.2,0.0,4.08,2,0.0,0.5,0.5,11603,
8367,349696,-2.1,0.0,4.35,1,0.0,0.0,0.5,11608,
8368,349696,7.7,1.0,0.0,0,,,0.5,11608,
8369,349696,-2.1,0.0,7.69,1,0.0,0.0,0.5,11608,
8370,349696,-5.9,0.0,1.96,1,0.0,0.0,0.5,11608,
8371,349760,-4.5,0.0,2.7,1,0.0,0.0,0.5,11613,
8372,349760,-4.2,0.0,6.9,2,0.0,0.0,0.5,11613,
8373,349760,-4.3,0.0,2.86,1,0.0,0.0,0.5,11613,
8374,349760,-2.4,0.0,6.25,1,0.0,0.0,0.5,11613,
8375,349760,-3.3,0.0,4.0,1,0.0,0.0,0.5,11613,
8376,349760,-5.0,0.0,0.0,0,,,0.5,11613,
8377,349824,11.2,1.0,0.0,0,,,0.5,11616,
8378,349824,-5.0,0.0,0.0,0,,,0.5,11616,
8379,349824,-5.5,0.0,1.96,1,0.0,0.0,0.5,11616,
8380,349824,-3.3,0.0,4.0,1,0.0,0.0,0.5,11616,
8381,349888,-3.2,0.0,4.17,1,0.0,0.0,0.5,11617,
8382,349888,-5.0,0.0,0.0,0,,,0.5,11617,
8383,349952,-0.5,0.0,14.29,1,0.0,0.0,0.5,11623,
8384,349952,-2.3,0.0,6.67,1,0.0,0.0,0.5,11623,
8385,349952,-2.5,0.0,5.88,1,0.0,0.0,0.5,11623,
8386,350016,-2.6,0.0,5.56,1,0.0,0.0,0.5,11626,
8387,350016,-4.5,0.0,1.96,1,1.0,0.0,0.5,11626,
8388,350016,-0.8,0.0,10.0,1,0.0,0.0,0.5,11626,
8389,350080,-5.1,0.0,2.33,1,0.0,0.0,0.5,11627,
8390,350144,-5.5,0.0,1.96,1,0.0,0.0,0.5,11629,
8391,350272,-3.4,0.0,3.85,1,0.0,0.0,0.5,11633,
8392,350336,-5.0,0.0,0.0,0,,,0.5,11636,
8393,350336,-2.4,0.0,6.25,1,0.0,0.0,0.5,11636,
8394,350400,-5.5,0.0,1.96,1,0.0,1.0,0.5,11637,
8395,350528,-4.5,0.0,2.7,1,0.0,0.0,0.5,11640,
8396,350528,-3.6,0.0,3.57,1,0.0,0.0,0.5,11640,
8397,350592,-3.2,0.0,10.53,2,0.0,0.0,0.5,11643,
8398,350592,-1.1,0.0,7.69,1,0.0,0.0,0.5,11643,
8399,350656,-3.3,0.0,4.0,1,0.0,0.0,0.5,11644,
8400,350656,-5.0,0.0,0.0,0,,,0.5,11644,
8401,350656,-5.5,0.0,1.96,1,0.0,0.0,0.5,11644,
8402,350720,-1.9,0.0,9.09,1,0.0,0.0,0.5,11648,
8403,350720,-2.2,0.0,22.22,2,0.0,0.0,0.5,11648,
8404,350720,-4.0,0.0,3.12,1,0.0,0.0,0.5,11648,
8405,350720,-2.9,0.0,3.23,1,0.0,0.0,0.5,11648,
8406,350784,-3.2,0.0,4.17,1,0.0,0.0,0.5,11649,
8407,350912,-5.0,0.0,0.0,0,,,0.5,11649,
8408,350976,-4.5,0.0,1.96,1,0.0,0.0,0.5,11651,
8409,350976,-4.7,0.0,5.88,2,0.0,0.0,0.5,11651,
8410,351040,-2.8,0.0,5.0,1,0.0,0.0,0.5,11655,
8411,351040,-3.6,0.0,2.63,1,0.0,0.0,0.5,11655,
8412,351104,-4.1,0.0,2.33,1,0.0,0.0,0.5,11656,
8413,351168,-3.1,0.0,4.35,1,0.0,0.0,0.5,11661,
8414,351168,-4.0,0.0,0.0,0,,,0.5,11661,
8415,351168,-3.8,0.0,3.33,1,0.0,0.0,0.5,11661,
8416,351232,-6.1,0.0,8.33,4,0.25,0.25,0.5,11663,
8417,351296,-3.0,0.0,4.55,1,0.0,0.0,0.5,11665,
8418,351360,-5.5,0.0,1.96,1,0.0,1.0,0.5,11666,
8419,351360,8.2,1.0,12.5,3,0.3333,0.3333,0.5,11666,
8420,351424,-4.1,0.0,7.14,2,0.0,0.5,0.5,11670,
8421,351424,-3.1,0.0,4.35,1,0.0,0.0,0.5,11670,
8422,351424,-3.4,0.0,3.85,1,0.0,0.0,0.5,11670,
8423,351488,-4.5,0.0,8.11,3,0.0,0.3333,0.5,11673,
8424,351488,-5.3,0.0,2.22,1,0.0,0.0,0.5,11673,
8425,351488,-5.0,0.0,0.0,0,,,0.5,11673,
8426,351488,-5.0,0.0,0.0,0,,,0.5,11673,
8427,351552,-3.9,0.0,3.23,1,0.0,0.0,0.5,11676,
8428,351552,-4.0,0.0,3.12,1,0.0,0.0,0.5,11676,
8429,351552,10.6,1.0,0.0,0,,,0.5,11676,
8430,351616,-4.5,0.0,1.96,1,0.0,1.0,0.5,11677,
8431,351616,-5.5,0.0,6.38,3,0.0,0.3333,0.5,11677,
8432,351680,-2.8,0.0,13.33,2,0.0,0.0,0.5,11678,
8433,351808,-3.9,0.0,3.23,1,0.0,0.0,0.5,11681,
8434,351808,-3.6,0.0,3.57,1,0.0,0.0,0.5,11681,
8435,351872,-5.6,0.0,12.12,4,0.0,0.25,0.5,11684,
8436,351872,-4.0,0.0,0.0,0,,,0.5,11684,
8437,351872,10.1,1.0,0.0,0,,,0.5,11684,
8438,351936,-4.6,0.0,2.63,1,0.0,0.0,0.5,11686,
8439,351936,-4.6,0.0,2.63,1,0.0,0.0,0.5,11686,
8440,352000,9.0,1.0,9.52,2,0.0,0.0,0.5,11686,
8441,352064,-3.2,0.0,2.94,1,0.0,0.0,0.5,11688,
8442,352128,-2.3,0.0,6.67,1,0.0,0.0,0.5,11692,
8443,352128,-3.0,0.0,3.12,1,0.0,0.0,0.5,11692,
8444,352320,-4.0,0.0,0.0,0,,,0.5,11697,
8445,352320,-2.1,0.0,7.69,1,0.0,0.0,0.5,11697,
8446,352320,-4.7,0.0,2.56,1,0.0,0.0,0.5,11697,
8447,352448,-5.1,0.0,2.33,1,0.0,0.0,0.5,11699,
8448,352448,-3.0,0.0,4.55,1,0.0,0.0,0.5,11699,
8449,352512,-5.7,0.0,9.09,4,0.0,0.5,0.5,11704,
8450,352512,-5.0,0.0,0.0,0,,,0.5,11704,
8451,352512,-5.0,0.0,0.0,0,,,0.5,11704,
8452,352512,-2.6,0.0,5.56,1,0.0,0.0,0.5,11704,
8453,352512,-1.8,0.0,10.0,1,0.0,0.0,0.5,11704,
8454,352512,-2.9,0.0,4.76,1,0.0,0.0,0.5,11704,
8455,352640,-3.3,0.0,6.67,2,0.0,0.0,0.5,11709,
8456,352832,-5.5,0.0,1.96,1,0.0,0.0,0.5,11710,
8457,352832,-2.5,0.0,3.7,1,0.0,0.0,0.5,11710,
8458,352896,-5.5,0.0,1.96,1,1.0,1.0,0.5,11710,
8459,352896,-5.0,0.0,0.0,0,,,0.5,11710,
8460,352960,-3.8,0.0,3.33,1,0.0,0.0,0.5,11715,
8461,352960,-6.5,0.0,9.8,5,0.2,0.4,0.5,11715,
8462,353024,-4.5,0.0,1.96,1,0.0,0.0,0.5,11718,
8463,353024,-5.5,0.0,1.96,1,0.0,0.0,0.5,11718,
8464,353024,-5.0,0.0,4.26,2,0.0,0.0,0.5,11718,
8465,353088,-5.9,0.0,1.96,1,0.0,0.0,0.5,11721,
8466,353088,-4.1,0.0,3.03,1,0.0,0.0,0.5,11721,
8467,353216,-6.0,0.0,7.84,4,0.0,0.5,0.5,11723,
8468,353216,8.4,1.0,7.41,2,0.0,0.5,0.5,11723,
8469,353216,-5.0,0.0,0.0,0,,,0.5,11723,
8470,353216,-2.8,0.0,5.0,1,0.0,0.0,0.5,11723,
8471,353280,-3.0,0.0,4.55,1,0.0,0.0,0.5,11724,
8472,353344,-4.5,0.0,2.7,1,0.0,0.0,0.5,11725,
8473,353408,-6.1,0.0,4.17,2,0.0,0.0,0.5,11727,
8474,353472,-2.6,0.0,3.57,1,0.0,0.0,0.5,11731,
8475,353472,-5.8,0.0,2.0,1,0.0,0.0,0.5,11731,
8476,353536,-4.9,0.0,9.68,3,0.0,0.6667,0.5,11733,
8477,353536,-3.2,0.0,4.17,1,0.0,0.0,0.5,11733,
8478,353600,-4.0,0.0,0.0,0,,,0.5,11734,
8479,353600,-3.9,0.0,3.23,1,0.0,0.0,0.5,11734,
8480,353664,-4.0,0.0,0.0,0,,,0.5,11736,
8481,353664,-4.2,0.0,2.94,1,0.0,0.0,0.5,11736,
8482,353728,-3.3,0.0,4.0,1,0.0,0.0,0.5,11738,
8483,353728,-1.7,0.0,5.26,1,0.0,0.0,0.5,11738,
8484,353792,-2.1,0.0,4.35,1,0.0,0.0,0.5,11743,
8485,353792,-4.0,0.0,0.0,0,,,0.5,11743,
8486,353792,-5.0,0.0,0.0,0,,,0.5,11743,
8487,353856,-4.7,0.0,2.56,1,0.0,0.0,0.5,11746,
8488,353856,-5.8,0.0,2.0,1,0.0,0.0,0.5,11746,
8489,353920,-5.5,0.0,5.88,3,0.0,0.3333,0.5,11747,
8490,353920,-4.2,0.0,6.9,2,0.0,0.0,0.5,11747,
8491,353984,-5.5,0.0,1.96,1,0.0,0.0,0.5,11749,
8492,353984,-5.0,0.0,0.0,0,,,0.5,11749,
8493,353984,11.5,1.0,0.0,0,,,0.5,11749,
8494,353984,-4.6,0.0,2.63,1,0.0,0.0,0.5,11749,
8495,353984,10.4,1.0,8.33,1,0.0,0.0,0.5,11749,
8496,354048,-5.0,0.0,0.0,0,,,0.5,11752,
8497,354048,-4.3,0.0,2.86,1,0.0,0.0,0.5,11752,
8498,354176,-5.0,0.0,0.0,0,,,0.5,11755,
8499,354176,-5.1,0.0,2.33,1,0.0,0.0,0.5,11755,
8500,354240,-3.6,0.0,3.57,1,0.0,0.0,0.5,11759,
8501,354240,-2.7,0.0,5.26,1,0.0,0.0,0.5,11759,
8502,354304,-2.0,0.0,8.33,1,0.0,0.0,0.5,11760,
8503,354368,-2.9,0.0,4.76,1,0.0,0.0,0.5,11762,
8504,354432,-5.5,0.0,1.96,1,0.0,1.0,0.5,11762,
8505,354496,-2.9,0.0,3.23,1,0.0,0.0,0.5,11766,
8506,354496,-0.7,0.0,11.11,1,0.0,0.0,0.5,11766,
8507,354496,-5.3,0.0,2.22,1,0.0,0.0,0.5,11766,
8508,354496,-5.0,0.0,0.0,0,,,0.5,11766,
8509,354560,-5.0,0.0,0.0,0,,,0.5,11767,
8510,354560,-2.7,0.0,8.33,2,0.0,0.5,0.5,11767,
8511,354624,-4.4,0.0,2.78,1,0.0,0.0,0.5,11769,
8512,354688,-5.7,0.0,4.55,2,0.0,0.0,0.5,11770,
8513,354688,-5.0,0.0,0.0,0,,,0.5,11770,
8514,354688,-5.0,0.0,0.0,0,,,0.5,11770,
8515,354752,-5.0,0.0,0.0,0,,,0.5,11771,
8516,354816,-4.5,0.0,1.96,1,0.0,0.0,0.5,11771,
8517,354944,-3.3,0.0,4.0,1,0.0,0.0,0.5,11772,
8518,355008,10.2,1.0,0.0,0,,,0.5,11774,
8519,355008,-2.1,0.0,7.69,1,0.0,0.0,0.5,11774,
8520,355072,-4.5,0.0,1.96,1,0.0,0.0,0.5,11774,
8521,355136,-3.5,0.0,3.7,1,0.0,0.0,0.5,11776,
8522,355200,-5.0,0.0,3.92,2,0.5,0.5,0.5,11778,
8523,355392,-3.0,0.0,4.55,1,0.0,0.0,0.5,11782,
8524,355392,-5.0,0.0,3.92,2,0.5,0.0,0.5,11782,
8525,355392,-1.6,0.0,5.56,1,0.0,0.0,0.5,11782,
8526,355520,-5.0,0.0,2.38,1,0.0,0.0,0.5,11787,
8527,355584,-1.5,0.0,5.88,1,0.0,0.0,0.5,11791,
8528,355584,-2.2,0.0,7.14,1,0.0,0.0,0.5,11791,
8529,355584,-5.0,0.0,0.0,0,,,0.5,11791,
8530,355584,-1.4,0.0,6.25,1,0.0,0.0,0.5,11791,
8531,355584,-6.1,0.0,4.17,2,0.0,0.0,0.5,11791,
8532,355648,-3.7,0.0,3.45,1,0.0,0.0,0.5,11794,
8533,355712,-5.5,0.0,1.96,1,0.0,0.0,0.5,11795,
8534,355712,-3.6,0.0,2.63,1,0.0,0.0,0.5,11795,
8535,355776,-5.5,0.0,1.96,1,0.0,0.0,0.5,11797,
8536,355776,-5.0,0.0,0.0,0,,,0.5,11797,
8537,355776,-4.4,0.0,6.45,2,0.5,0.0,0.5,11797,
8538,355776,-5.0,0.0,0.0,0,,,0.5,11797,
8539,355840,-4.9,0.0,2.44,1,0.0,0.0,0.5,11799,
8540,355904,-5.5,0.0,1.96,1,0.0,1.0,0.5,11799,
8541,355968,-3.4,0.0,2.78,1,0.0,0.0,0.5,11801,
8542,356032,7.6,1.0,2.5,1,1.0,0.0,0.5,11802,
8543,356032,-3.4,0.0,3.85,1,0.0,0.0,0.5,11802,
8544,356096,-5.0,0.0,0.0,0,,,0.5,11804,
8545,356160,-4.3,0.0,6.67,2,0.0,0.0,0.5,11807,
8546,356160,-5.0,0.0,0.0,0,,,0.5,11807,
8547,356160,-4.2,0.0,2.94,1,0.0,0.0,0.5,11807,
8548,356160,-4.0,0.0,0.0,0,,,0.5,11807,
8549,356160,-3.4,0.0,3.85,1,0.0,0.0,0.5,11807,
8550,356224,-4.7,0.0,2.04,1,0.0,0.0,0.5,11811,
8551,356224,-2.2,0.0,4.17,1,0.0,0.0,0.5,11811,
8552,356224,6.9,1.0,12.5,4,0.0,0.75,0.5,11811,
8553,356224,-4.0,0.0,0.0,0,,,0.5,11811,
8554,356224,-5.5,0.0,1.96,1,0.0,1.0,0.5,11811,
8555,356224,-2.6,0.0,15.38,2,0.0,0.0,0.5,11811,
8556,356288,-3.7,0.0,3.45,1,0.0,0.0,0.5,11815,
8557,356288,-2.0,0.0,8.33,1,0.0,0.0,0.5,11815,
8558,356352,-5.5,0.0,5.88,3,0.0,0.3333,0.5,11817,
8559,356416,-3.5,0.0,3.7,1,0.0,0.0,0.5,11823,
8560,356416,-3.5,0.0,2.7,1,0.0,0.0,0.5,11823,
8561,356416,-6.3,0.0,11.11,5,0.0,0.4,0.5,11823,
8562,356480,-5.5,0.0,1.96,1,1.0,1.0,0.5,11827,
8563,356480,-3.2,0.0,4.17,1,0.0,0.0,0.5,11827,
8564,356480,-3.7,0.0,2.56,1,0.0,0.0,0.5,11827,
8565,356480,-4.7,0.0,7.69,3,0.0,0.0,0.5,11827,
8566,356480,-5.0,0.0,0.0,0,,,0.5,11827,
8567,356544,-2.3,0.0,6.67,1,0.0,0.0,0.5,11829,
8568,356608,10.9,1.0,0.0,0,,,0.5,11831,
8569,356672,10.3,1.0,25.0,2,0.5,0.5,0.5,11834,
8570,356736,-5.5,0.0,1.96,1,0.0,0.0,0.5,11835,
8571,356736,-1.6,0.0,5.56,1,0.0,0.0,0.5,11835,
8572,356800,-2.4,0.0,6.25,1,0.0,0.0,0.5,11838,
8573,356800,10.9,1.0,0.0,0,,,0.5,11838,
8574,356864,-5.0,0.0,0.0,0,,,0.5,11841,
8575,356864,-5.5,0.0,2.13,1,0.0,0.0,0.5,11841,
8576,356864,-3.4,0.0,3.85,1,0.0,0.0,0.5,11841,
8577,356928,-1.6,0.0,12.5,1,0.0,0.0,0.5,11847,
8578,356928,-5.0,0.0,0.0,0,,,0.5,11847,
8579,356928,-5.5,0.0,2.13,1,0.0,0.0,0.5,11847,
8580,356928,-4.1,0.0,22.22,4,0.0,0.5,0.5,11847,
8581,356992,-1.3,0.0,20.0,1,0.0,0.0,0.5,11850,
8582,356992,-5.0,0.0,0.0,0,,,0.5,11850,
8583,356992,-5.5,0.0,1.96,1,0.0,0.0,0.5,11850,
8584,356992,-3.2,0.0,10.53,2,0.0,0.0,0.5,11850,
8585,357120,-5.5,0.0,5.88,3,0.0,1.0,0.5,11853,
8586,357184,-4.6,0.0,2.63,1,0.0,0.0,0.5,11855,
8587,357184,10.1,1.0,6.67,1,0.0,0.0,0.5,11855,
8588,357248,-2.9,0.0,12.5,2,0.5,0.5,0.5,11857,
8589,357248,-5.0,0.0,0.0,0,,,0.5,11857,
8590,357312,10.8,1.0,0.0,0,,,0.5,11858,
8591,357312,-5.4,0.0,3.92,2,0.5,0.5,0.5,11858,
8592,357376,-5.3,0.0,2.22,1,0.0,0.0,0.5,11860,
8593,357376,-3.1,0.0,4.35,1,0.0,0.0,0.5,11860,
8594,357504,-2.9,0.0,4.76,1,0.0,0.0,0.5,11861,
8595,357504,9.5,1.0,12.5,2,0.5,0.5,0.5,11861,
8596,357568,-5.0,0.0,0.0,0,,,0.5,11864,
8597,357568,-4.2,0.0,5.13,2,0.0,0.5,0.5,11864,
8598,357568,10.0,1.0,6.25,1,0.0,1.0,0.5,11864,
8599,357632,-2.7,0.0,15.79,3,0.0,0.0,0.5,11868,
8600,357632,-4.0,0.0,3.12,1,0.0,0.0,0.5,11868,
8601,357632,-2.9,0.0,4.76,1,0.0,0.0,0.5,11868,
8602,357632,11.1,1.0,0.0,0,,,0.5,11868,
8603,357696,-2.7,0.0,8.33,2,0.5,0.5,0.5,11872,
8604,357696,11.0,1.0,0.0,0,,,0.5,11872,
8605,357696,-4.4,0.0,2.78,1,0.0,0.0,0.5,11872,
8606,357696,-2.2,0.0,7.14,1,0.0,0.0,0.5,11872,
8607,357760,-5.0,0.0,0.0,0,,,0.5,11873,
8608,357824,-4.0,0.0,0.0,0,,,0.5,11875,
8609,357824,-4.1,0.0,5.26,2,0.5,0.5,0.5,11875,
8610,357824,-2.2,0.0,7.14,1,0.0,0.0,0.5,11875,
8611,357888,-5.5,0.0,1.96,1,0.0,0.0,0.5,11878,
8612,357952,-2.5,0.0,5.88,1,0.0,0.0,0.5,11881,
8613,357952,-4.3,0.0,2.86,1,0.0,0.0,0.5,11881,
8614,357952,11.0,1.0,16.67,1,0.0,0.0,0.5,11881,
8615,358016,4.1,1.0,12.0,6,0.1667,0.5,0.5,11883,
8616,358016,-3.9,0.0,5.56,2,0.0,0.5,0.5,11883,
8617,358016,11.3,1.0,0.0,0,,,0.5,11883,
8618,358208,-4.2,0.0,6.9,2,0.0,0.0,0.5,11888,
8619,358208,9.6,1.0,0.0,0,,,0.5,11888,
8620,358208,-4.6,0.0,2.08,1,0.0,0.0,0.5,11888,
8621,358208,-2.7,0.0,5.26,1,0.0,0.0,0.5,11888,
8622,358208,-1.9,0.0,33.33,2,0.5,0.5,0.5,11888,
8623,358272,-3.6,0.0,3.57,1,0.0,0.0,0.5,11891,
8624,358272,-5.0,0.0,0.0,0,,,0.5,11891,
8625,358272,-5.0,0.0,0.0,0,,,0.5,11891,
8626,358400,-1.9,0.0,9.09,1,0.0,0.0,0.5,11894,
8627,358528,-3.6,0.0,3.57,1,0.0,0.0,0.5,11898,
8628,358592,8.4,1.0,0.0,0,,,0.5,11898,
8629,358720,-3.1,0.0,4.35,1,0.0,0.0,0.5,11900,
8630,358720,-2.0,0.0,8.33,1,0.0,0.0,0.5,11900,
8631,358784,-3.1,0.0,4.35,1,0.0,0.0,0.5,11902,
8632,358848,-5.5,0.0,1.96,1,0.0,0.0,0.5,11903,
8633,358848,-4.0,0.0,0.0,0,,,0.5,11903,
8634,358912,-5.0,0.0,0.0,0,,,0.5,11905,
8635,358912,-3.0,0.0,4.55,1,0.0,0.0,0.5,11905,
8636,359040,10.3,1.0,7.69,1,0.0,1.0,0.5,11907,
8637,359040,-6.0,0.0,7.84,4,0.0,0.25,0.5,11907,
8638,359104,-3.0,0.0,11.76,2,0.0,0.0,0.5,11908,
8639,359168,-3.2,0.0,2.94,1,0.0,0.0,0.5,11912,
8640,359232,-5.0,0.0,3.92,2,0.0,0.5,0.5,11913,
8641,359296,-3.1,0.0,4.35,1,0.0,0.0,0.5,11916,
8642,359296,-5.9,0.0,1.96,1,0.0,0.0,0.5,11916,
8643,359296,-1.9,0.0,9.09,1,0.0,0.0,0.5,11916,
8644,359360,-5.0,0.0,0.0,0,,,0.5,11918,
8645,359360,-2.6,0.0,5.56,1,0.0,0.0,0.5,11918,
8646,359360,-5.8,0.0,4.44,2,0.0,0.0,0.5,11918,
8647,359424,-4.0,0.0,0.0,0,,,0.5,11920,
8648,359424,-5.0,0.0,0.0,0,,,0.5,11920,
8649,359488,-5.0,0.0,0.0,0,,,0.5,11923,
8650,359488,-4.5,0.0,1.96,1,0.0,0.0,0.5,11923,
8651,359488,-2.6,0.0,3.57,1,0.0,0.0,0.5,11923,
8652,359488,-1.8,0.0,10.0,1,0.0,0.0,0.5,11923,
8653,359488,-5.0,0.0,0.0,0,,,0.5,11923,
8654,359552,-6.9,0.0,5.88,3,0.0,0.3333,0.5,11926,
8655,359552,-4.2,0.0,2.94,1,0.0,0.0,0.5,11926,
8656,359680,-1.8,0.0,10.0,1,0.0,0.0,0.5,11929,
8657,359680,-4.1,0.0,3.03,1,0.0,0.0,0.5,11929,
8658,359680,-4.0,0.0,0.0,0,,,0.5,11929,
8659,359744,-8.0,0.0,11.76,6,0.0,0.3333,0.5,11934,
8660,359744,-4.6,0.0,2.63,1,0.0,0.0,0.5,11934,
8661,359744,-1.9,0.0,4.76,1,0.0,0.0,0.5,11934,
8662,359744,-3.2,0.0,4.17,1,0.0,0.0,0.5,11934,
8663,359808,-2.0,0.0,8.33,1,0.0,0.0,0.5,11937,
8664,359872,-5.5,0.0,2.13,1,0.0,0.0,0.5,11941,
8665,359872,-3.8,0.0,3.33,1,0.0,0.0,0.5,11941,
8666,360000,-5.0,0.0,0.0,0,,,0.5,11947,
8667,360000,-4.5,0.0,8.11,3,0.3333,0.3333,0.5,11947,
8668,360000,7.8,1.0,2.63,1,0.0,1.0,0.5,11947,
8669,360000,-1.6,0.0,12.5,1,0.0,0.0,0.5,11947,
8670,360064,6.7,1.0,2.04,1,0.0,1.0,0.5,11950,
8671,360064,-6.0,0.0,3.92,2,0.0,0.5,0.5,11950,
8672,360128,-4.5,0.0,1.96,1,0.0,1.0,0.5,11950,
8673,360192,-2.0,0.0,4.55,1,0.0,0.0,0.5,11954,
8674,360192,-5.5,0.0,1.96,1,0.0,0.0,0.5,11954,
8675,360192,-4.0,0.0,0.0,0,,,0.5,11954,
8676,360192,-3.8,0.0,3.33,1,0.0,0.0,0.5,11954,
8677,360256,-5.3,0.0,6.67,3,0.0,0.3333,0.5,11956,
8678,360256,-2.1,0.0,7.69,1,0.0,0.0,0.5,11956,
8679,360320,-4.4,0.0,2.78,1,0.0,0.0,0.5,11957,
8680,360384,-5.0,0.0,0.0,0,,,0.5,11960,
8681,360384,-2.2,0.0,7.14,1,0.0,0.0,0.5,11960,
8682,360384,-2.9,0.0,12.5,2,0.0,0.5,0.5,11960,
8683,360448,-3.2,0.0,4.17,1,0.0,0.0,0.5,11961,
8684,360448,-6.0,0.0,3.92,2,0.5,0.5,0.5,11961,
8685,360448,-5.0,0.0,0.0,0,,,0.5,11961,
8686,360512,-2.9,0.0,4.76,1,0.0,0.0,0.5,11962,
8687,360512,-5.0,0.0,0.0,0,,,0.5,11962,
8688,360576,-3.0,0.0,11.76,2,0.0,0.5,0.5,11965,
8689,360576,-6.4,0.0,6.52,3,0.0,0.6667,0.5,11965,
8690,360640,-5.5,0.0,2.13,1,0.0,0.0,0.5,11968,
8691,360640,8.1,1.0,6.67,2,0.0,1.0,0.5,11968,
8692,360640,-2.6,0.0,3.57,1,0.0,0.0,0.5,11968,
8693,360704,-3.3,0.0,10.0,2,0.0,0.0,0.5,11970,
8694,360832,-0.8,0.0,10.0,1,0.0,0.0,0.5,11974,
8695,360832,10.3,1.0,7.69,1,0.0,0.0,0.5,11974,
8696,360896,-5.0,0.0,0.0,0,,,0.5,11978,
8697,360896,-4.9,0.0,2.44,1,0.0,0.0,0.5,11978,
8698,360960,-4.0,0.0,2.38,1,0.0,0.0,0.5,11980,
8699,360960,-5.5,0.0,1.96,1,0.0,0.0,0.5,11980,
8700,360960,5.2,1.0,8.16,4,0.0,1.0,0.5,11980,
8701,360960,-5.5,0.0,5.88,3,0.0,0.3333,0.5,11980,
8702,361024,-5.0,0.0,0.0,0,,,0.5,11985,
8703,361024,-2.8,0.0,5.0,1,0.0,0.0,0.5,11985,
8704,361088,-0.7,0.0,11.11,1,0.0,0.0,0.5,11986,
8705,361152,-4.5,0.0,1.96,1,0.0,1.0,0.5,11990,
8706,361152,-4.1,0.0,13.04,3,0.0,0.3333,0.5,11990,
8707,361152,8.6,1.0,8.0,2,0.0,0.5,0.5,11990,
8708,361152,-3.3,0.0,10.0,2,0.0,0.5,0.5,11990,
8709,361152,-3.7,0.0,3.45,1,0.0,0.0,0.5,11990,
8710,361216,-4.5,0.0,1.96,1,0.0,0.0,0.5,11992,
8711,361280,-5.0,0.0,0.0,0,,,0.5,11996,
8712,361280,-3.9,0.0,3.23,1,0.0,0.0,0.5,11996,
8713,361344,-3.9,0.0,3.23,1,0.0,0.0,0.5,11999,
8714,361408,-2.6,0.0,5.56,1,0.0,0.0,0.5,12002,
8715,361408,-3.5,0.0,3.7,1,0.0,0.0,0.5,12002,
8716,361408,-3.0,0.0,4.55,1,0.0,0.0,0.5,12002,
8717,361408,9.2,1.0,0.0,0,,,0.5,12002,
8718,361472,-5.0,0.0,0.0,0,,,0.5,12005,
8719,361472,-1.6,0.0,15.38,2,0.5,0.0,0.5,12005,
8720,361472,-4.3,0.0,2.86,1,0.0,0.0,0.5,12005,
8721,361472,-4.0,0.0,0.0,0,,,0.5,12005,
8722,361536,-2.8,0.0,13.33,2,0.5,0.5,0.5,12007,
8723,361664,9.9,1.0,5.88,1,1.0,0.0,0.5,12008,
8724,361792,-2.1,0.0,7.69,1,0.0,0.0,0.5,12010,
8725,361792,-5.5,0.0,1.96,1,0.0,0.0,0.5,12010,
8726,361856,-3.4,0.0,3.85,1,0.0,0.0,0.5,12012,
8727,361984,-4.0,0.0,0.0,0,,,0.5,12014,
8728,362048,-2.6,0.0,5.56,1,0.0,0.0,0.5,12015,
8729,362112,-3.4,0.0,3.85,1,0.0,0.0,0.5,12020,
8730,362112,-1.8,0.0,10.0,1,0.0,0.0,0.5,12020,
8731,362176,-2.9,0.0,3.23,1,0.0,0.0,0.5,12024,
8732,362176,-2.9,0.0,12.5,2,0.0,0.0,0.5,12024,
8733,362176,-3.6,0.0,3.57,1,0.0,0.0,0.5,12024,
8734,362176,-5.0,0.0,0.0,0,,,0.5,12024,
8735,362240,-2.7,0.0,5.26,1,0.0,0.0,0.5,12027,
8736,362240,-3.2,0.0,4.17,1,0.0,0.0,0.5,12027,
8737,362240,-2.8,0.0,5.0,1,0.0,0.0,0.5,12027,
8738,362304,-3.4,0.0,2.78,1,0.0,0.0,0.5,12030,
8739,362304,-2.6,0.0,5.56,1,0.0,0.0,0.5,12030,
8740,362368,-4.8,0.0,2.5,1,0.0,0.0,0.5,12033,
8741,362368,-5.9,0.0,5.88,3,0.0,0.0,0.5,12033,
8742,362432,-4.1,0.0,3.03,1,0.0,0.0,0.5,12037,
8743,362432,-2.6,0.0,5.56,1,0.0,0.0,0.5,12037,
8744,362496,-4.2,0.0,5.13,2,0.0,0.5,0.5,12038,
8745,362560,-3.7,0.0,5.88,2,0.0,0.5,0.5,12041,
8746,362560,-6.0,0.0,3.92,2,0.0,0.5,0.5,12041,
8747,362624,-3.5,0.0,2.7,1,0.0,0.0,0.5,12044,
8748,362624,-5.5,0.0,1.96,1,0.0,0.0,0.5,12044,
8749,362624,-3.0,0.0,11.76,2,0.0,0.5,0.5,12044,
8750,362688,9.4,1.0,4.55,1,0.0,1.0,0.5,12047,
8751,362688,-5.5,0.0,2.13,1,0.0,0.0,0.5,12047,
8752,362688,-4.8,0.0,5.71,2,0.0,0.0,0.5,12047,
8753,362752,-5.0,0.0,0.0,0,,,0.5,12048,
8754,362752,-5.5,0.0,1.96,1,0.0,0.0,0.5,12048,
8755,362816,-3.4,0.0,3.85,1,0.0,0.0,0.5,12049,
8756,362880,-1.3,0.0,20.0,1,0.0,0.0,0.5,12050,
8757,363008,-1.9,0.0,9.09,1,0.0,0.0,0.5,12057,
8758,363008,-5.5,0.0,1.96,1,1.0,1.0,0.5,12057,
8759,363008,-6.5,0.0,5.88,3,0.0,0.0,0.5,12057,
8760,363008,-4.2,0.0,6.9,2,0.0,0.5,0.5,12057,
8761,363008,-5.0,0.0,3.92,2,0.0,0.0,0.5,12057,
8762,363072,-4.6,0.0,2.63,1,0.0,0.0,0.5,12058,
8763,363072,7.5,1.0,9.68,3,0.0,0.6667,0.5,12058,
8764,363136,-4.5,0.0,1.96,1,0.0,0.0,0.5,12058,
8765,363200,-2.4,0.0,6.25,1,0.0,0.0,0.5,12061,
8766,363200,-2.5,0.0,5.88,1,0.0,0.0,0.5,12061,
8767,363264,-2.2,0.0,7.14,1,0.0,0.0,0.5,12063,
8768,363328,-2.6,0.0,5.56,1,0.0,0.0,0.5,12066,
8769,363328,-5.0,0.0,0.0,0,,,0.5,12066,
8770,363328,-4.4,0.0,2.17,1,0.0,0.0,0.5,12066,
8771,363328,-5.5,0.0,1.96,1,0.0,1.0,0.5,12066,
8772,363392,-5.0,0.0,0.0,0,,,0.5,12066,
8773,363456,-4.9,0.0,7.32,3,0.0,0.6667,0.5,12070,
8774,363456,-5.5,0.0,1.96,1,0.0,1.0,0.5,12070,
8775,363456,-3.1,0.0,4.35,1,0.0,0.0,0.5,12070,
8776,363520,-2.7,0.0,5.26,1,0.0,0.0,0.5,12072,
8777,363584,-1.4,0.0,6.25,1,0.0,0.0,0.5,12077,
8778,363712,-6.4,0.0,3.92,2,0.0,0.5,0.5,12082,
8779,363712,-1.7,0.0,11.11,1,0.0,0.0,0.5,12082,
8780,363776,-5.0,0.0,5.41,2,0.0,0.0,0.5,12085,
8781,363776,-4.0,0.0,0.0,0,,,0.5,12085,
8782,363840,-1.7,0.0,5.26,1,0.0,0.0,0.5,12087,
8783,363840,-4.6,0.0,2.63,1,0.0,0.0,0.5,12087,
8784,363904,-4.5,0.0,1.96,1,0.0,0.0,0.5,12092,
8785,363968,9.2,1.0,10.53,2,0.5,0.5,0.5,12095,
8786,363968,-3.6,0.0,3.57,1,0.0,0.0,0.5,12095,
8787,364032,-5.5,0.0,2.13,1,0.0,0.0,0.5,12098,
8788,364032,-3.2,0.0,4.17,1,0.0,0.0,0.5,12098,
8789,364096,-4.5,0.0,1.96,1,1.0,0.0,0.5,12099,
8790,364160,-5.0,0.0,0.0,0,,,0.5,12100,
8791,364224,-6.0,0.0,3.92,2,0.5,0.5,0.5,12103,
8792,364224,-3.6,0.0,6.06,2,0.0,0.5,0.5,12103,
8793,364224,-5.5,0.0,1.96,1,0.0,1.0,0.5,12103,
8794,364288,9.2,1.0,10.53,2,0.0,0.5,0.5,12104,
8795,364288,-2.5,0.0,16.67,2,0.0,0.5,0.5,12104,
8796,364352,-3.2,0.0,4.17,1,0.0,0.0,0.5,12105,
8797,364416,-5.0,0.0,0.0,0,,,0.5,12105,
8798,364480,10.9,1.0,0.0,0,,,0.5,12106,
8799,364480,-5.5,0.0,5.88,3,0.0,0.6667,0.5,12106,
8800,364544,-2.7,0.0,5.26,1,0.0,0.0,0.5,12107,
8801,364608,-4.6,0.0,2.63,1,0.0,0.0,0.5,12111,
8802,364608,-5.0,0.0,3.92,2,0.5,0.0,0.5,12111,
8803,364608,-3.2,0.0,10.53,2,0.0,0.5,0.5,12111,
8804,364608,-4.2,0.0,2.94,1,0.0,0.0,0.5,12111,
8805,364672,-5.5,0.0,1.96,1,0.0,1.0,0.5,12117,
8806,364672,-4.5,0.0,1.96,1,0.0,0.0,0.5,12117,
8807,364672,-3.9,0.0,7.69,2,0.5,0.0,0.5,12117,
8808,364672,-5.3,0.0,6.67,3,0.0,0.3333,0.5,12117,
8809,364672,-3.0,0.0,4.55,1,0.0,0.0,0.5,12117,
8810,364672,-3.4,0.0,3.85,1,0.0,0.0,0.5,12117,
8811,364736,-4.0,0.0,3.12,1,0.0,0.0,0.5,12121,
8812,364736,-5.8,0.0,4.44,2,0.0,0.0,0.5,12121,
8813,364736,-5.0,0.0,0.0,0,,,0.5,12121,
8814,364736,-5.0,0.0,3.92,2,0.0,0.0,0.5,12121,
8815,364736,-6.0,0.0,3.92,2,0.0,0.5,0.5,12121,
8816,364864,-4.6,0.0,2.63,1,0.0,0.0,0.5,12125,
8817,364928,-6.0,0.0,3.92,2,0.0,0.5,0.5,12126,
8818,364928,-2.4,0.0,6.25,1,0.0,0.0,0.5,12126,
8819,364992,-3.9,0.0,3.23,1,0.0,0.0,0.5,12127,
8820,365056,-5.0,0.0,0.0,0,,,0.5,12132,
8821,365056,-4.6,0.0,2.63,1,0.0,0.0,0.5,12132,
8822,365056,-4.5,0.0,2.7,1,0.0,0.0,0.5,12132,
8823,365120,-2.9,0.0,4.76,1,0.0,0.0,0.5,12135,
8824,365120,-3.2,0.0,4.17,1,0.0,0.0,0.5,12135,
8825,365120,-5.8,0.0,4.44,2,0.5,0.5,0.5,12135,
8826,365184,-2.7,0.0,5.26,1,0.0,0.0,0.5,12136,
8827,365184,11.4,1.0,0.0,0,,,0.5,12136,
8828,365248,-4.8,0.0,5.71,2,0.0,0.0,0.5,12138,
8829,365312,-2.9,0.0,4.76,1,0.0,0.0,0.5,12141,
8830,365312,-5.0,0.0,0.0,0,,,0.5,12141,
8831,365376,-2.0,0.0,8.33,1,0.0,0.0,0.5,12142,
8832,365440,-2.9,0.0,3.23,1,0.0,0.0,0.5,12143,
8833,365440,11.5,1.0,0.0,0,,,0.5,12143,
8834,365504,10.9,1.0,0.0,0,,,0.5,12144,
8835,365504,-5.0,0.0,0.0,0,,,0.5,12144,
8836,365504,-5.0,0.0,3.92,2,0.0,0.5,0.5,12144,
8837,365568,-2.9,0.0,4.76,1,0.0,0.0,0.5,12148,
8838,365568,-4.8,0.0,2.5,1,0.0,0.0,0.5,12148,
8839,365632,8.9,1.0,9.09,2,0.0,0.0,0.5,12150,
8840,365632,-5.0,0.0,3.92,2,0.0,1.0,0.5,12150,
8841,365696,-2.3,0.0,6.67,1,0.0,0.0,0.5,12151,
8842,365760,-4.4,0.0,2.78,1,0.0,0.0,0.5,12154,
8843,365760,-3.5,0.0,3.7,1,0.0,0.0,0.5,12154,
8844,365760,-2.9,0.0,12.5,2,0.0,0.0,0.5,12154,
8845,365888,-3.2,0.0,10.53,2,0.5,0.5,0.5,12160,
8846,365888,-5.0,0.0,0.0,0,,,0.5,12160,
8847,365888,-2.7,0.0,5.26,1,0.0,0.0,0.5,12160,
8848,365952,-3.1,0.0,4.35,1,0.0,0.0,0.5,12164,
8849,365952,-5.0,0.0,0.0,0,,,0.5,12164,
8850,365952,11.4,1.0,0.0,0,,,0.5,12164,
8851,365952,-2.9,0.0,4.76,1,0.0,0.0,0.5,12164,
8852,365952,-4.9,0.0,7.32,3,0.0,0.3333,0.5,12164,
8853,365952,-2.0,0.0,8.33,1,0.0,0.0,0.5,12164,
8854,365952,9.4,1.0,4.55,1,0.0,0.0,0.5,12164,
8855,366016,-6.5,0.0,5.88,3,0.0,0.6667,0.5,12166,
8856,366016,-3.8,0.0,3.33,1,0.0,0.0,0.5,12166,
8857,366080,-2.6,0.0,5.56,1,0.0,0.0,0.5,12169,
8858,366080,-2.9,0.0,4.76,1,0.0,0.0,0.5,12169,
8859,366080,-5.1,0.0,2.33,1,0.0,0.0,0.5,12169,
8860,366144,-4.5,0.0,1.96,1,0.0,0.0,0.5,12169,
8861,366208,-4.7,0.0,2.56,1,0.0,0.0,0.5,12171,
8862,366272,-2.1,0.0,7.69,1,0.0,0.0,0.5,12174,
8863,366272,-4.6,0.0,2.63,1,0.0,0.0,0.5,12174,
8864,366336,-1.7,0.0,5.26,1,0.0,0.0,0.5,12179,
8865,366336,-2.5,0.0,3.7,1,0.0,0.0,0.5,12179,
8866,366336,-6.5,0.0,9.8,5,0.2,0.6,0.5,12179,
8867,366400,11.3,1.0,0.0,0,,,0.5,12181,
8868,366464,-5.0,0.0,0.0,0,,,0.5,12185,
8869,366464,-5.5,0.0,1.96,1,0.0,1.0,0.5,12185,
8870,366464,-1.9,0.0,9.09,1,0.0,0.0,0.5,12185,
8871,366528,-1.8,0.0,10.0,1,0.0,0.0,0.5,12188,
8872,366528,-5.5,0.0,4.76,2,0.0,0.0,0.5,12188,
8873,366528,-2.4,0.0,6.25,1,0.0,0.0,0.5,12188,
8874,366592,-2.5,0.0,3.7,1,0.0,0.0,0.5,12193,
8875,366592,-4.5,0.0,1.96,1,0.0,0.0,0.5,12193,
8876,366592,-1.8,0.0,10.0,1,0.0,0.0,0.5,12193,
8877,366656,11.5,1.0,0.0,0,,,0.5,12195,
8878,366656,-1.4,0.0,16.67,1,0.0,0.0,0.5,12195,
8879,366720,-2.1,0.0,7.69,1,0.0,0.0,0.5,12199,
8880,366720,-5.0,0.0,0.0,0,,,0.5,12199,
8881,366720,-4.4,0.0,2.78,1,0.0,0.0,0.5,12199,
8882,366784,-2.4,0.0,6.25,1,0.0,0.0,0.5,12202,
8883,366784,-2.1,0.0,7.69,1,0.0,0.0,0.5,12202,
8884,366848,9.8,1.0,37.5,3,0.3333,0.6667,0.5,12204,
8885,366848,8.8,1.0,8.7,2,0.0,0.5,0.5,12204,
8886,366848,-2.1,0.0,7.69,1,0.0,0.0,0.5,12204,
8887,366912,-4.8,0.0,5.71,2,0.0,0.0,0.5,12205,
8888,366976,-5.2,0.0,2.27,1,0.0,0.0,0.5,12207,
8889,367040,-5.1,0.0,2.33,1,0.0,0.0,0.5,12209,
8890,367040,-6.5,0.0,5.88,3,0.0,0.3333,0.5,12209,
8891,367168,-5.2,0.0,2.27,1,0.0,0.0,0.5,12213,
8892,367168,-1.4,0.0,18.18,2,0.0,0.0,0.5,12213,
8893,367232,-1.9,0.0,9.09,1,0.0,0.0,0.5,12219,
8894,367232,-1.8,0.0,10.0,1,0.0,0.0,0.5,12219,
8895,367232,-2.8,0.0,5.0,1,0.0,0.0,0.5,12219,
8896,367232,-2.2,0.0,7.14,1,0.0,0.0,0.5,12219,
8897,367296,-1.5,0.0,14.29,1,0.0,0.0,0.5,12225,
8898,367296,-4.0,0.0,0.0,0,,,0.5,12225,
8899,367296,-4.2,0.0,6.9,2,0.0,0.0,0.5,12225,
8900,367296,-2.7,0.0,5.26,1,0.0,0.0,0.5,12225,
8901,367296,-5.6,0.0,2.08,1,0.0,0.0,0.5,12225,
8902,367296,-1.7,0.0,11.11,1,0.0,0.0,0.5,12225,
8903,367360,-4.5,0.0,2.7,1,0.0,0.0,0.5,12228,
8904,367424,-6.1,0.0,6.98,3,0.0,0.3333,0.5,12231,
8905,367424,-2.0,0.0,8.33,1,0.0,0.0,0.5,12231,
8906,367552,-5.0,0.0,0.0,0,,,0.5,12233,
8907,367552,-3.5,0.0,2.7,1,0.0,0.0,0.5,12233,
8908,367616,-2.6,0.0,5.56,1,0.0,0.0,0.5,12235,
8909,367616,-4.8,0.0,2.5,1,0.0,0.0,0.5,12235,
8910,367680,8.4,1.0,3.12,1,0.0,1.0,0.5,12236,
8911,367744,-7.1,0.0,12.5,6,0.1667,0.3333,0.5,12239,
8912,367744,-5.0,0.0,0.0,0,,,0.5,12239,
8913,367808,8.2,1.0,6.9,2,0.0,0.5,0.5,12242,
8914,367808,-5.8,0.0,7.5,3,0.3333,0.3333,0.5,12242,
8915,367808,-5.1,0.0,2.33,1,0.0,0.0,0.5,12242,
8916,367872,-3.6,0.0,3.57,1,0.0,0.0,0.5,12243,
8917,367872,-4.5,0.0,1.96,1,0.0,1.0,0.5,12243,
8918,367936,-6.5,0.0,5.88,3,0.0,1.0,0.5,12244,
8919,367936,-3.6,0.0,3.57,1,0.0,0.0,0.5,12244,
8920,368000,-1.9,0.0,9.09,1,0.0,0.0,0.5,12247,
8921,368000,-3.8,0.0,3.33,1,0.0,0.0,0.5,12247,
8922,368064,-2.1,0.0,4.35,1,0.0,0.0,0.5,12248,
8923,368192,-4.6,0.0,2.63,1,0.0,0.0,0.5,12253,
8924,368192,-2.0,0.0,8.33,1,0.0,0.0,0.5,12253,
8925,368192,-5.5,0.0,1.96,1,0.0,0.0,0.5,12253,
8926,368256,-3.3,0.0,4.0,1,0.0,0.0,0.5,12257,
8927,368256,-2.3,0.0,6.67,1,0.0,0.0,0.5,12257,
8928,368256,-3.2,0.0,4.17,1,0.0,0.0,0.5,12257,
8929,368256,-6.5,0.0,9.52,4,0.0,0.5,0.5,12257,
8930,368320,-3.3,0.0,4.0,1,0.0,0.0,0.5,12258,
8931,368384,-5.0,0.0,0.0,0,,,0.5,12261,
8932,368384,-6.0,0.0,3.92,2,0.0,1.0,0.5,12261,
8933,368384,-2.7,0.0,5.26,1,0.0,0.0,0.5,12261,
8934,368448,-1.6,0.0,5.56,1,0.0,0.0,0.5,12262,
8935,368512,-1.0,0.0,8.33,1,0.0,0.0,0.5,12263,
8936,368576,-5.0,0.0,0.0,0,,,0.5,12265,
8937,368576,-3.4,0.0,9.52,2,0.0,0.5,0.5,12265,
8938,368576,-5.0,0.0,5.41,2,0.0,0.5,0.5,12265,
8939,368576,-4.0,0.0,0.0,0,,,0.5,12265,
8940,368640,-4.1,0.0,3.03,1,0.0,0.0,0.5,12268,
8941,368640,11.5,1.0,0.0,0,,,0.5,12268,
8942,368640,-3.1,0.0,3.03,1,0.0,0.0,0.5,12268,
8943,368640,-3.1,0.0,4.35,1,0.0,0.0,0.5,12268,
8944,368704,-2.2,0.0,7.14,1,0.0,0.0,0.5,12272,
8945,368704,-3.9,0.0,7.69,2,0.0,0.0,0.5,12272,
8946,368704,-1.0,0.0,8.33,1,0.0,0.0,0.5,12272,
8947,368768,-4.0,0.0,0.0,0,,,0.5,12273,
8948,368768,-3.7,0.0,3.45,1,0.0,0.0,0.5,12273,
8949,368832,-5.5,0.0,1.96,1,0.0,1.0,0.5,12274,
8950,368832,-1.7,0.0,11.11,1,0.0,0.0,0.5,12274,
8951,368896,-3.8,0.0,15.0,3,0.3333,0.3333,0.5,12278,
8952,368896,-4.5,0.0,1.96,1,0.0,0.0,0.5,12278,
8953,368896,-4.0,0.0,3.12,1,0.0,0.0,0.5,12278,
8954,368896,-1.4,0.0,16.67,1,0.0,0.0,0.5,12278,
8955,368960,-5.0,0.0,0.0,0,,,0.5,12278,
8956,369024,-2.7,0.0,5.26,1,0.0,0.0,0.5,12279,
8957,369088,-3.2,0.0,4.17,1,0.0,0.0,0.5,12282,
8958,369152,-2.2,0.0,7.14,1,0.0,0.0,0.5,12283,
8959,369216,-5.0,0.0,3.92,2,0.0,0.0,0.5,12284,
8960,369216,-4.1,0.0,5.26,2,0.0,0.5,0.5,12284,
8961,369216,-5.0,0.0,0.0,0,,,0.5,12284,
8962,369216,-5.0,0.0,0.0,0,,,0.5,12284,
8963,369280,-0.5,0.0,14.29,1,0.0,0.0,0.5,12288,
8964,369280,-5.5,0.0,1.96,1,0.0,1.0,0.5,12288,
8965,369280,11.5,1.0,0.0,0,,,0.5,12288,
8966,369280,-4.9,0.0,5.56,2,0.0,0.0,0.5,12288,
8967,369472,-2.1,0.0,4.35,1,0.0,0.0,0.5,12294,
8968,369472,-2.0,0.0,8.33,1,0.0,0.0,0.5,12294,
8969,369472,-2.2,0.0,7.14,1,0.0,0.0,0.5,12294,
8970,369536,-4.4,0.0,2.78,1,0.0,0.0,0.5,12296,
8971,369600,-4.2,0.0,6.9,2,0.0,0.0,0.5,12300,
8972,369600,-5.8,0.0,2.0,1,0.0,0.0,0.5,12300,
8973,369600,-5.0,0.0,0.0,0,,,0.5,12300,
8974,369600,-1.8,0.0,10.0,1,0.0,0.0,0.5,12300,
8975,369664,-4.5,0.0,2.7,1,0.0,0.0,0.5,12303,
8976,369664,-2.0,0.0,8.33,1,0.0,0.0,0.5,12303,
8977,369728,-5.0,0.0,0.0,0,,,0.5,12305,
8978,369728,-3.0,0.0,4.55,1,0.0,0.0,0.5,12305,
8979,369792,-3.8,0.0,2.5,1,0.0,0.0,0.5,12307,
8980,369856,-5.5,0.0,1.96,1,1.0,0.0,0.5,12311,
8981,369856,-2.1,0.0,4.35,1,0.0,0.0,0.5,12311,
8982,369856,-4.2,0.0,2.94,1,0.0,0.0,0.5,12311,
8983,369920,-4.7,0.0,2.04,1,0.0,0.0,0.5,12314,
8984,369920,-1.8,0.0,5.0,1,0.0,0.0,0.5,12314,
8985,369984,-5.4,0.0,2.17,1,0.0,0.0,0.5,12316,
8986,370048,-4.1,0.0,3.03,1,0.0,0.0,0.5,12319,
8987,370048,9.8,1.0,0.0,0,,,0.5,12319,
8988,370112,-4.4,0.0,2.78,1,0.0,0.0,0.5,12322,
8989,370112,-1.1,0.0,7.69,1,0.0,0.0,0.5,12322,
8990,370112,-2.8,0.0,3.33,1,0.0,0.0,0.5,12322,
8991,370112,-4.5,0.0,1.96,1,0.0,0.0,0.5,12322,
8992,370176,-1.7,0.0,11.11,1,0.0,0.0,0.5,12324,
8993,370240,-3.7,0.0,3.45,1,0.0,0.0,0.5,12329,
8994,370240,-4.2,0.0,2.94,1,0.0,0.0,0.5,12329,
8995,370240,-4.5,0.0,2.7,1,0.0,0.0,0.5,12329,
8996,370304,-4.1,0.0,3.03,1,0.0,0.0,0.5,12333,
8997,370368,7.5,1.0,0.0,0,,,0.5,12335,
8998,370368,5.7,1.0,9.09,4,0.0,0.5,0.5,12335,
8999,370432,-1.3,0.0,20.0,1,0.0,0.0,0.5,12337,
9000,370432,-3.2,0.0,4.17,1,0.0,0.0,0.5,12337,
9001,370432,11.6,1.0,0.0,0,,,0.5,12337,
9002,370496,-3.7,0.0,3.45,1,0.0,0.0,0.5,12339,
9003,370496,-5.5,0.0,1.96,1,0.0,1.0,0.5,12339,
9004,370560,-5.0,0.0,0.0,0,,,0.5,12339,
9005,370560,-5.0,0.0,0.0,0,,,0.5,12339,
9006,370624,10.8,1.0,0.0,0,,,0.5,12341,
9007,370624,-5.0,0.0,0.0,0,,,0.5,12341,
9008,370624,-3.1,0.0,4.35,1,0.0,0.0,0.5,12341,
9009,370624,-2.2,0.0,4.17,1,0.0,0.0,0.5,12341,
9010,370688,-2.5,0.0,5.88,1,0.0,0.0,0.5,12345,
9011,370752,-1.3,0.0,20.0,1,0.0,0.0,0.5,12348,
9012,370752,-3.7,0.0,8.33,2,0.0,0.0,0.5,12348,
9013,370752,-2.6,0.0,5.56,1,0.0,0.0,0.5,12348,
9014,370816,-5.4,0.0,4.88,2,0.0,0.5,0.5,12349,
9015,370816,10.2,1.0,7.14,1,0.0,1.0,0.5,12349,
9016,370880,-4.0,0.0,0.0,0,,,0.5,12353,
9017,370880,-3.4,0.0,3.85,1,0.0,0.0,0.5,12353,
9018,370944,-3.5,0.0,9.09,2,0.5,0.5,0.5,12356,
9019,370944,-3.1,0.0,4.35,1,0.0,0.0,0.5,12356,
9020,371008,-3.0,0.0,11.76,2,0.0,0.0,0.5,12359,
9021,371008,-3.8,0.0,2.5,1,0.0,0.0,0.5,12359,
9022,371072,10.6,1.0,40.0,2,0.5,0.5,0.5,12362,
9023,371136,-5.5,0.0,1.96,1,0.0,1.0,0.5,12365,
9024,371264,-4.5,0.0,1.96,1,0.0,0.0,0.5,12371,
9025,371264,-1.8,0.0,5.0,1,0.0,0.0,0.5,12371,
9026,371264,-1.2,0.0,7.14,1,0.0,0.0,0.5,12371,
9027,371264,-3.0,0.0,4.55,1,0.0,0.0,0.5,12371,
9028,371264,6.6,1.0,4.44,2,0.5,0.5,0.5,12371,
9029,371328,-4.2,0.0,6.9,2,0.5,0.5,0.5,12372,
9030,371520,-6.9,0.0,5.88,3,0.3333,0.3333,0.5,12381,
9031,371520,-5.2,0.0,5.13,2,0.0,0.5,0.5,12381,
9032,371520,10.7,1.0,11.11,1,0.0,1.0,0.5,12381,
9033,371584,7.5,1.0,9.68,3,0.0,0.3333,0.5,12383,
9034,371584,-1.2,0.0,25.0,1,0.0,0.0,0.5,12383,
9035,371648,-3.2,0.0,4.17,1,0.0,0.0,0.5,12385,
9036,371776,10.2,1.0,0.0,0,,,0.5,12391,
9037,371776,-4.1,0.0,3.03,1,0.0,0.0,0.5,12391,
9038,371840,-5.0,0.0,0.0,0,,,0.5,12394,
9039,371840,8.2,1.0,21.05,4,0.0,0.25,0.5,12394,
9040,371840,-5.0,0.0,0.0,0,,,0.5,12394,
9041,371840,-3.6,0.0,3.57,1,0.0,0.0,0.5,12394,
9042,371904,-2.5,0.0,5.88,1,0.0,0.0,0.5,12398,
9043,371904,-5.0,0.0,0.0,0,,,0.5,12398,
9044,371904,-1.8,0.0,13.33,2,0.0,0.5,0.5,12398,
9045,371904,-5.5,0.0,1.96,1,0.0,0.0,0.5,12398,
9046,371968,-6.0,0.0,3.92,2,0.0,0.5,0.5,12400,
9047,371968,-5.0,0.0,3.92,2,0.0,0.5,0.5,12400,
9048,372032,-4.0,0.0,0.0,0,,,0.5,12402,
9049,372032,-5.5,0.0,1.96,1,0.0,1.0,0.5,12402,
9050,372096,-5.0,0.0,0.0,0,,,0.5,12403,
9051,372160,-8.0,0.0,11.76,6,0.1667,0.6667,0.5,12405,
9052,372288,-4.6,0.0,6.06,2,0.0,0.5,0.5,12409,
9053,372352,-2.5,0.0,16.67,2,0.0,0.5,0.5,12411,
9054,372352,-3.3,0.0,4.0,1,0.0,0.0,0.5,12411,
9055,372416,-5.6,0.0,4.65,2,0.0,0.5,0.5,12415,
9056,372416,10.1,1.0,20.0,2,0.0,0.0,0.5,12415,
9057,372416,-3.8,0.0,3.33,1,0.0,0.0,0.5,12415,
9058,372480,-4.5,0.0,1.96,1,0.0,0.0,0.5,12417,
9059,372480,-5.0,0.0,0.0,0,,,0.5,12417,
9060,372544,-5.0,0.0,0.0,0,,,0.5,12418,
9061,372544,-4.0,0.0,0.0,0,,,0.5,12418,
9062,372544,-6.0,0.0,3.92,2,0.0,0.5,0.5,12418,
9063,372608,-4.2,0.0,2.94,1,0.0,0.0,0.5,12422,
9064,372608,-3.9,0.0,14.29,3,0.3333,0.6667,0.5,12422,
9065,372672,-3.5,0.0,2.7,1,0.0,0.0,0.5,12425,
9066,372672,-3.4,0.0,3.85,1,0.0,0.0,0.5,12425,
9067,372736,-6.0,0.0,3.92,2,0.0,0.5,0.5,12427,
9068,372736,-3.7,0.0,3.45,1,0.0,0.0,0.5,12427,
9069,372736,-3.7,0.0,3.45,1,0.0,0.0,0.5,12427,
9070,372992,-2.7,0.0,3.45,1,0.0,0.0,0.5,12435,
9071,372992,-4.8,0.0,2.5,1,0.0,0.0,0.5,12435,
9072,372992,-5.0,0.0,0.0,0,,,0.5,12435,
9073,372992,-7.0,0.0,7.84,4,0.0,0.25,0.5,12435,
9074,373056,-2.6,0.0,3.57,1,0.0,0.0,0.5,12438,
9075,373056,-3.1,0.0,4.35,1,0.0,0.0,0.5,12438,
9076,373056,5.8,1.0,13.16,5,0.0,0.6,0.5,12438,
9077,373120,-5.9,0.0,1.96,1,0.0,0.0,0.5,12442,
9078,373120,-4.5,0.0,1.96,1,0.0,1.0,0.5,12442,
9079,373120,-1.6,0.0,12.5,1,0.0,0.0,0.5,12442,
9080,373184,-4.1,0.0,3.03,1,0.0,0.0,0.5,12448,
9081,373184,-5.7,0.0,2.04,1,0.0,0.0,0.5,12448,
9082,373184,-1.8,0.0,10.0,1,0.0,0.0,0.5,12448,
9083,373184,-2.8,0.0,5.0,1,0.0,0.0,0.5,12448,
9084,373248,-3.4,0.0,9.52,2,0.0,0.0,0.5,12452,
9085,373248,-1.6,0.0,12.5,1,0.0,0.0,0.5,12452,
9086,373312,-1.1,0.0,7.69,1,0.0,0.0,0.5,12455,
9087,373376,-6.0,0.0,7.84,4,0.25,0.75,0.5,12458,
9088,373376,-3.3,0.0,4.0,1,0.0,0.0,0.5,12458,
9089,373440,-1.0,0.0,8.33,1,0.0,0.0,0.5,12462,
9090,373504,-6.0,0.0,3.92,2,0.0,0.5,0.5,12464,
9091,373504,-5.0,0.0,3.92,2,0.5,0.0,0.5,12464,
9092,373504,-5.0,0.0,0.0,0,,,0.5,12464,
9093,373504,-2.1,0.0,7.69,1,0.0,0.0,0.5,12464,
9094,373504,-2.6,0.0,5.56,1,0.0,0.0,0.5,12464,
9095,373632,-5.5,0.0,1.96,1,0.0,1.0,0.5,12467,
9096,373632,-1.5,0.0,14.29,1,0.0,0.0,0.5,12467,
9097,373696,-3.7,0.0,3.45,1,0.0,0.0,0.5,12470,
9098,373696,-3.7,0.0,3.45,1,0.0,0.0,0.5,12470,
9099,373760,-5.5,0.0,1.96,1,0.0,1.0,0.5,12470,
9100,373824,-2.0,0.0,4.55,1,0.0,0.0,0.5,12474,
9101,373824,-5.0,0.0,3.92,2,0.0,0.5,0.5,12474,
9102,373824,-2.5,0.0,16.67,2,0.5,0.5,0.5,12474,
9103,373888,-4.0,0.0,0.0,0,,,0.5,12475,
9104,373888,-5.5,0.0,1.96,1,0.0,0.0,0.5,12475,
9105,373952,-4.4,0.0,6.45,2,0.0,0.5,0.5,12477,
9106,373952,-7.0,0.0,11.76,6,0.0,0.1667,0.5,12477,
9107,374016,-2.9,0.0,12.5,2,0.0,0.0,0.5,12480,
9108,374016,-5.0,0.0,0.0,0,,,0.5,12480,
9109,374016,-3.7,0.0,8.33,2,0.0,0.0,0.5,12480,
9110,374016,-5.1,0.0,6.98,3,0.0,0.6667,0.5,12480,
9111,374080,-2.4,0.0,6.25,1,0.0,0.0,0.5,12483,
9112,374080,-5.5,0.0,5.88,3,0.0,0.3333,0.5,12483,
9113,374144,-3.0,0.0,4.55,1,0.0,0.0,0.5,12487,
9114,374144,-1.8,0.0,10.0,1,0.0,0.0,0.5,12487,
9115,374208,-3.1,0.0,3.03,1,0.0,0.0,0.5,12489,
9116,374208,-5.0,0.0,2.38,1,0.0,0.0,0.5,12489,
9117,374272,-6.0,0.0,3.92,2,0.0,1.0,0.5,12491,
9118,374336,-2.9,0.0,12.5,2,0.0,0.5,0.5,12492,
9119,374400,-2.3,0.0,6.67,1,0.0,0.0,0.5,12494,
9120,374400,-3.3,0.0,10.0,2,0.0,0.0,0.5,12494,
9121,374400,11.4,1.0,0.0,0,,,0.5,12494,
9122,374464,-4.0,0.0,3.12,1,0.0,0.0,0.5,12497,
9123,374464,-3.1,0.0,4.35,1,0.0,0.0,0.5,12497,
9124,374528,-1.9,0.0,9.09,1,0.0,0.0,0.5,12498,
9125,374528,-4.0,0.0,0.0,0,,,0.5,12498,
9126,374528,-5.0,0.0,0.0,0,,,0.5,12498,
9127,374592,-7.4,0.0,10.87,5,0.2,0.6,0.5,12499,
9128,374656,-1.2,0.0,25.0,1,0.0,0.0,0.5,12501,
9129,374656,-6.2,0.0,4.08,2,0.0,0.0,0.5,12501,
9130,374784,-5.0,0.0,0.0,0,,,0.5,12503,
9131,374912,-1.7,0.0,11.11,1,0.0,0.0,0.5,12507,
9132,374912,-3.3,0.0,10.0,2,0.0,0.0,0.5,12507,
9133,374912,-4.2,0.0,6.9,2,0.5,0.5,0.5,12507,
9134,374912,-3.2,0.0,4.17,1,0.0,0.0,0.5,12507,
9135,374976,-2.6,0.0,3.57,1,0.0,0.0,0.5,12511,
9136,375040,-2.4,0.0,6.25,1,0.0,0.0,0.5,12514,
9137,375040,-4.6,0.0,2.08,1,0.0,0.0,0.5,12514,
9138,375040,-6.3,0.0,4.0,2,0.0,0.0,0.5,12514,
9139,375104,-5.0,0.0,0.0,0,,,0.5,12515,
9140,375104,-3.7,0.0,3.45,1,0.0,0.0,0.5,12515,
9141,375168,-5.5,0.0,1.96,1,0.0,0.0,0.5,12517,
9142,375168,-1.9,0.0,4.76,1,0.0,0.0,0.5,12517,
9143,375168,-5.5,0.0,1.96,1,1.0,0.0,0.5,12517,
9144,375168,-3.6,0.0,3.57,1,0.0,0.0,0.5,12517,
9145,375232,-1.1,0.0,7.69,1,0.0,0.0,0.5,12522,
9146,375232,-2.4,0.0,6.25,1,0.0,0.0,0.5,12522,
9147,375232,-3.5,0.0,3.7,1,0.0,0.0,0.5,12522,
9148,375232,-2.9,0.0,4.76,1,0.0,0.0,0.5,12522,
9149,375296,-5.4,0.0,2.17,1,0.0,0.0,0.5,12526,
9150,375296,-3.0,0.0,4.55,1,0.0,0.0,0.5,12526,
9151,375296,-5.0,0.0,0.0,0,,,0.5,12526,
9152,375296,-2.6,0.0,5.56,1,0.0,0.0,0.5,12526,
9153,375296,-4.5,0.0,1.96,1,0.0,0.0,0.5,12526,
9154,375424,-2.2,0.0,7.14,1,0.0,0.0,0.5,12529,
9155,375424,-5.2,0.0,2.27,1,0.0,0.0,0.5,12529,
9156,375424,-6.0,0.0,7.84,4,0.0,0.5,0.5,12529,
9157,375488,-4.5,0.0,2.7,1,0.0,0.0,0.5,12531,
9158,375552,-2.5,0.0,5.88,1,0.0,0.0,0.5,12534,
9159,375552,-5.5,0.0,1.96,1,0.0,1.0,0.5,12534,
9160,375616,9.7,1.0,0.0,0,,,0.5,12535,
9161,375680,-5.0,0.0,0.0,0,,,0.5,12538,
9162,375680,-4.0,0.0,2.38,1,0.0,0.0,0.5,12538,
9163,375808,-5.0,0.0,0.0,0,,,0.5,12541,
9164,375808,-5.0,0.0,0.0,0,,,0.5,12541,
9165,375808,-2.6,0.0,5.56,1,0.0,0.0,0.5,12541,
9166,375872,-1.9,0.0,9.09,1,0.0,0.0,0.5,12544,
9167,375872,-4.5,0.0,2.7,1,0.0,0.0,0.5,12544,
9168,375936,-3.0,0.0,4.55,1,0.0,0.0,0.5,12546,
9169,375936,-2.3,0.0,6.67,1,0.0,0.0,0.5,12546,
9170,376000,-5.5,0.0,1.96,1,0.0,1.0,0.5,12551,
9171,376000,-2.2,0.0,7.14,1,0.0,0.0,0.5,12551,
9172,376064,-1.6,0.0,12.5,1,0.0,0.0,0.5,12557,
9173,376064,-2.2,0.0,7.14,1,0.0,0.0,0.5,12557,
9174,376064,-3.7,0.0,3.45,1,0.0,0.0,0.5,12557,
9175,376128,-4.4,0.0,2.78,1,0.0,0.0,0.5,12559,
9176,376192,-5.5,0.0,4.76,2,0.0,0.5,0.5,12564,
9177,376192,-2.4,0.0,6.25,1,0.0,0.0,0.5,12564,
9178,376192,-6.0,0.0,4.26,2,0.0,0.0,0.5,12564,
9179,376192,-4.2,0.0,2.94,1,0.0,0.0,0.5,12564,
9180,376256,-2.9,0.0,3.23,1,0.0,0.0,0.5,12565,
9181,376256,-5.0,0.0,0.0,0,,,0.5,12565,
9182,376320,-5.6,0.0,2.08,1,0.0,0.0,0.5,12569,
9183,376384,-6.0,0.0,7.84,4,0.5,0.25,0.5,12573,
9184,376448,-5.5,0.0,1.96,1,0.0,0.0,0.5,12575,
9185,376512,-1.7,0.0,5.26,1,0.0,0.0,0.5,12576,
9186,376576,-1.8,0.0,5.0,1,0.0,0.0,0.5,12577,
9187,376576,8.1,1.0,0.0,0,,,0.5,12577,
9188,376640,-5.7,0.0,11.76,4,0.25,0.0,0.5,12579,
9189,376704,-2.8,0.0,3.33,1,0.0,0.0,0.5,12582,
9190,376768,-3.6,0.0,8.7,2,0.0,0.5,0.5,12585,
9191,376768,-5.0,0.0,0.0,0,,,0.5,12585,
9192,376768,-5.7,0.0,2.04,1,0.0,0.0,0.5,12585,
9193,376768,-1.3,0.0,6.67,1,0.0,0.0,0.5,12585,
9194,376960,-4.8,0.0,2.5,1,0.0,0.0,0.5,12593,
9195,376960,7.8,1.0,10.71,3,0.0,0.6667,0.5,12593,
9196,376960,-3.8,0.0,3.33,1,0.0,0.0,0.5,12593,
9197,376960,-5.4,0.0,2.17,1,0.0,0.0,0.5,12593,
9198,376960,-5.0,0.0,0.0,0,,,0.5,12593,
9199,376960,-4.5,0.0,1.96,1,0.0,0.0,0.5,12593,
9200,377024,-5.5,0.0,1.96,1,0.0,0.0,0.5,12596,
9201,377024,-4.1,0.0,3.03,1,0.0,0.0,0.5,12596,
9202,377088,-4.8,0.0,2.5,1,0.0,0.0,0.5,12598,
9203,377152,8.9,1.0,3.7,1,0.0,1.0,0.5,12601,
9204,377152,-2.5,0.0,5.88,1,0.0,0.0,0.5,12601,
9205,377216,-6.1,0.0,15.15,5,0.2,0.2,0.5,12607,
9206,377216,-2.8,0.0,5.0,1,0.0,0.0,0.5,12607,
9207,377216,-1.3,0.0,6.67,1,0.0,0.0,0.5,12607,
9208,377216,-4.8,0.0,16.67,5,0.0,0.4,0.5,12607,
9209,377216,-8.5,0.0,13.73,7,0.0,0.2857,0.5,12607,
9210,377344,-5.0,0.0,0.0,0,,,0.5,12608,
9211,377408,-4.5,0.0,2.7,1,0.0,0.0,0.5,12610,
9212,377408,-4.0,0.0,0.0,0,,,0.5,12610,
9213,377472,-2.0,0.0,4.55,1,0.0,0.0,0.5,12613,
9214,377472,-3.0,0.0,3.12,1,0.0,0.0,0.5,12613,
9215,377536,-3.9,0.0,14.29,3,0.0,0.0,0.5,12618,
9216,377536,-3.7,0.0,3.45,1,0.0,0.0,0.5,12618,
9217,377536,-3.2,0.0,4.17,1,0.0,0.0,0.5,12618,
9218,377536,-3.7,0.0,3.45,1,0.0,0.0,0.5,12618,
9219,377600,-3.9,0.0,3.23,1,0.0,0.0,0.5,12621,
9220,377664,-2.7,0.0,5.26,1,0.0,0.0,0.5,12623,
9221,377792,-1.9,0.0,12.5,2,0.0,0.0,0.5,12625,
9222,377792,7.1,1.0,13.33,4,0.0,0.75,0.5,12625,
9223,377856,-4.9,0.0,2.44,1,0.0,0.0,0.5,12628,
9224,377856,-4.0,0.0,0.0,0,,,0.5,12628,
9225,377920,-3.1,0.0,11.11,2,0.0,0.5,0.5,12629,
9226,377920,-4.5,0.0,1.96,1,0.0,1.0,0.5,12629,
9227,377984,-2.0,0.0,8.33,1,0.0,0.0,0.5,12630,
9228,378112,-5.4,0.0,4.88,2,0.0,0.5,0.5,12636,
9229,378112,7.4,1.0,9.38,3,0.6667,1.0,0.5,12636,
9230,378112,-2.2,0.0,7.14,1,0.0,0.0,0.5,12636,
9231,378112,6.6,1.0,4.44,2,0.0,0.5,0.5,12636,
9232,378112,-3.2,0.0,4.17,1,0.0,0.0,0.5,12636,
9233,378176,-5.0,0.0,0.0,0,,,0.5,12638,
9234,378176,-4.9,0.0,2.44,1,0.0,0.0,0.5,12638,
9235,378176,-2.4,0.0,6.25,1,0.0,0.0,0.5,12638,
9236,378176,-5.0,0.0,0.0,0,,,0.5,12638,
9237,378176,-5.5,0.0,1.96,1,1.0,0.0,0.5,12638,
9238,378304,-4.0,0.0,0.0,0,,,0.5,12640,
9239,378368,-2.1,0.0,7.69,1,0.0,0.0,0.5,12643,
9240,378432,-4.9,0.0,5.56,2,0.0,0.5,0.5,12647,
9241,378432,-3.0,0.0,4.55,1,0.0,0.0,0.5,12647,
9242,378432,-2.9,0.0,4.76,1,0.0,0.0,0.5,12647,
9243,378496,-4.3,0.0,2.86,1,0.0,0.0,0.5,12648,
9244,378496,-5.0,0.0,3.92,2,0.0,0.5,0.5,12648,
9245,378496,-4.5,0.0,1.96,1,0.0,0.0,0.5,12648,
9246,378560,11.0,1.0,16.67,1,0.0,1.0,0.5,12654,
9247,378560,-2.2,0.0,7.14,1,0.0,0.0,0.5,12654,
9248,378560,-4.0,0.0,0.0,0,,,0.5,12654,
9249,378560,-3.2,0.0,4.17,1,0.0,0.0,0.5,12654,
9250,378624,9.4,1.0,4.55,1,0.0,0.0,0.5,12655,
9251,378624,-2.0,0.0,11.76,2,0.0,0.5,0.5,12655,
9252,378688,-6.5,0.0,9.8,5,0.0,0.6,0.5,12657,
9253,378752,-1.8,0.0,10.0,1,0.0,0.0,0.5,12661,
9254,378752,-3.6,0.0,3.57,1,0.0,0.0,0.5,12661,
9255,378752,10.6,1.0,0.0,0,,,0.5,12661,
9256,378816,-1.3,0.0,20.0,1,0.0,0.0,0.5,12666,
9257,378816,-4.1,0.0,3.03,1,0.0,0.0,0.5,12666,
9258,378880,-4.7,0.0,2.56,1,0.0,0.0,0.5,12667,
9259,378880,11.6,1.0,0.0,0,,,0.5,12667,
9260,378944,-3.7,0.0,5.88,2,0.0,0.5,0.5,12671,
9261,378944,-4.7,0.0,2.04,1,0.0,0.0,0.5,12671,
9262,378944,9.5,1.0,12.5,2,0.0,0.5,0.5,12671,
9263,379008,-2.2,0.0,7.14,1,0.0,0.0,0.5,12674,
9264,379008,11.7,1.0,0.0,0,,,0.5,12674,
9265,379072,-2.2,0.0,7.14,1,0.0,0.0,0.5,12675,
9266,379072,-6.5,0.0,9.8,5,0.2,0.2,0.5,12675,
9267,379136,-5.2,0.0,5.13,2,0.0,0.0,0.5,12680,
9268,379136,-2.8,0.0,5.0,1,0.0,0.0,0.5,12680,
9269,379136,-5.5,0.0,5.88,3,0.0,0.3333,0.5,12680,
9270,379136,-3.8,0.0,3.33,1,0.0,0.0,0.5,12680,
9271,379136,-4.2,0.0,2.94,1,0.0,0.0,0.5,12680,
9272,379200,-5.0,0.0,0.0,0,,,0.5,12682,
9273,379200,-3.0,0.0,7.41,2,0.0,0.5,0.5,12682,
9274,379264,-3.0,0.0,11.76,2,0.5,0.0,0.5,12683,
9275,379264,-5.0,0.0,0.0,0,,,0.5,12683,
9276,379328,11.8,1.0,0.0,0,,,0.5,12685,
9277,379392,-3.1,0.0,4.35,1,0.0,0.0,0.5,12687,
9278,379392,-4.7,0.0,10.34,3,0.3333,0.0,0.5,12687,
9279,379456,-5.3,0.0,2.22,1,0.0,0.0,0.5,12690,
9280,379456,-5.0,0.0,0.0,0,,,0.5,12690,
9281,379456,-5.0,0.0,0.0,0,,,0.5,12690,
9282,379456,-5.0,0.0,0.0,0,,,0.5,12690,
9283,379456,-0.9,0.0,9.09,1,0.0,0.0,0.5,12690,
9284,379520,-2.6,0.0,5.56,1,0.0,0.0,0.5,12694,
9285,379520,-4.8,0.0,2.0,1,0.0,0.0,0.5,12694,
9286,379520,-2.4,0.0,6.25,1,0.0,0.0,0.5,12694,
9287,379520,-1.9,0.0,4.76,1,0.0,0.0,0.5,12694,
9288,379584,-1.0,0.0,8.33,1,0.0,0.0,0.5,12699,
9289,379584,-3.1,0.0,4.35,1,0.0,0.0,0.5,12699,
9290,379584,-1.9,0.0,9.09,1,0.0,0.0,0.5,12699,
9291,379648,-2.9,0.0,4.76,1,0.0,0.0,0.5,12703,
9292,379712,-3.3,0.0,4.0,1,0.0,0.0,0.5,12705,
9293,379712,-1.6,0.0,12.5,1,0.0,0.0,0.5,12705,
9294,379776,-5.0,0.0,0.0,0,,,0.5,12709,
9295,379840,-4.6,0.0,2.08,1,0.0,0.0,0.5,12710,
9296,379904,-0.8,0.0,10.0,1,0.0,0.0,0.5,12713,
9297,379904,-2.0,0.0,28.57,2,0.0,0.0,0.5,12713,
9298,379968,-3.6,0.0,3.57,1,0.0,0.0,0.5,12718,
9299,380032,-4.7,0.0,11.76,4,0.0,0.25,0.5,12722,
9300,380032,-1.7,0.0,11.11,1,0.0,0.0,0.5,12722,
9301,380032,-2.7,0.0,5.26,1,0.0,0.0,0.5,12722,
9302,380096,-1.7,0.0,11.11,1,0.0,0.0,0.5,12728,
9303,380096,-3.2,0.0,4.17,1,0.0,0.0,0.5,12728,
9304,380160,-4.4,0.0,2.17,1,0.0,0.0,0.5,12731,
9305,380160,7.9,1.0,0.0,0,,,0.5,12731,
9306,380160,-3.5,0.0,3.7,1,0.0,0.0,0.5,12731,
9307,380224,-4.0,0.0,0.0,0,,,0.5,12732,
9308,380224,-5.0,0.0,0.0,0,,,0.5,12732,
9309,380224,-4.0,0.0,0.0,0,,,0.5,12732,
9310,380224,-1.4,0.0,16.67,1,0.0,0.0,0.5,12732,
9311,380224,-4.5,0.0,1.96,1,0.0,1.0,0.5,12732,
9312,380352,-2.1,0.0,7.69,1,0.0,0.0,0.5,12740,
9313,380352,-5.9,0.0,8.7,4,0.0,0.25,0.5,12740,
9314,380352,-1.3,0.0,20.0,1,0.0,0.0,0.5,12740,
9315,380416,-5.5,0.0,1.96,1,0.0,1.0,0.5,12744,
9316,380416,-3.9,0.0,3.23,1,0.0,0.0,0.5,12744,
9317,380416,-2.3,0.0,10.0,2,0.0,0.5,0.5,12744,
9318,380416,-3.7,0.0,3.45,1,0.0,0.0,0.5,12744,
9319,380480,-3.2,0.0,4.17,1,0.0,0.0,0.5,12746,
9320,380544,-3.0,0.0,4.55,1,0.0,0.0,0.5,12750,
9321,380544,-2.7,0.0,3.45,1,0.0,0.0,0.5,12750,
9322,380608,-2.4,0.0,6.25,1,0.0,0.0,0.5,12752,
9323,380608,-6.5,0.0,9.8,5,0.0,0.4,0.5,12752,
9324,380672,-3.1,0.0,4.35,1,0.0,0.0,0.5,12755,
9325,380672,-5.0,0.0,0.0,0,,,0.5,12755,
9326,380672,-2.2,0.0,4.17,1,0.0,0.0,0.5,12755,
9327,380800,-3.3,0.0,10.0,2,0.0,0.0,0.5,12758,
9328,380800,-4.3,0.0,2.86,1,0.0,0.0,0.5,12758,
9329,380800,-4.5,0.0,1.96,1,0.0,0.0,0.5,12758,
9330,380864,-5.5,0.0,1.96,1,0.0,1.0,0.5,12761,
9331,380864,-1.7,0.0,5.26,1,0.0,0.0,0.5,12761,
9332,380928,-1.7,0.0,5.26,1,0.0,0.0,0.5,12763,
9333,380992,-1.8,0.0,10.0,1,0.0,0.0,0.5,12766,
9334,381056,-5.0,0.0,3.92,2,0.0,0.0,0.5,12768,
9335,381056,-0.7,0.0,11.11,1,0.0,0.0,0.5,12768,
9336,381056,-3.2,0.0,4.17,1,0.0,0.0,0.5,12768,
9337,381120,-2.4,0.0,18.18,2,0.0,0.0,0.5,12771,
9338,381120,11.6,1.0,0.0,0,,,0.5,12771,
9339,381120,-2.6,0.0,5.56,1,0.0,0.0,0.5,12771,
9340,381120,-3.5,0.0,3.7,1,0.0,0.0,0.5,12771,
9341,381184,-1.1,0.0,7.69,1,0.0,0.0,0.5,12776,
9342,381184,-2.5,0.0,5.88,1,0.0,0.0,0.5,12776,
9343,381184,-1.3,0.0,6.67,1,0.0,0.0,0.5,12776,
9344,381184,-6.3,0.0,10.0,4,0.0,0.0,0.5,12776,
9345,381248,-2.9,0.0,12.5,2,0.0,0.0,0.5,12780,
9346,381248,-2.5,0.0,5.88,1,0.0,0.0,0.5,12780,
9347,381248,-6.0,0.0,3.92,2,0.5,1.0,0.5,12780,
9348,381312,-4.3,0.0,2.86,1,0.0,0.0,0.5,12784,
9349,381312,-3.3,0.0,4.0,1,0.0,0.0,0.5,12784,
9350,381312,-4.8,0.0,2.5,1,0.0,0.0,0.5,12784,
9351,381376,-6.5,0.0,5.88,3,0.6667,0.3333,0.5,12784,
9352,381440,-2.4,0.0,6.25,1,0.0,0.0,0.5,12789,
9353,381440,-7.0,0.0,8.51,4,0.0,0.25,0.5,12789,
9354,381440,-2.4,0.0,6.25,1,0.0,0.0,0.5,12789,
9355,381504,-5.8,0.0,4.44,2,0.0,0.5,0.5,12791,
9356,381504,-3.5,0.0,3.7,1,0.0,0.0,0.5,12791,
9357,381568,-0.9,0.0,33.33,2,0.0,0.0,0.5,12793,
9358,381760,-3.7,0.0,5.88,2,0.0,0.0,0.5,12800,
9359,381760,-6.4,0.0,3.92,2,0.0,0.5,0.5,12800,
9360,381824,-3.5,0.0,3.7,1,0.0,0.0,0.5,12803,
9361,381824,-3.8,0.0,3.33,1,0.0,0.0,0.5,12803,
9362,381824,-2.6,0.0,5.56,1,0.0,0.0,0.5,12803,
9363,381888,-2.6,0.0,15.38,2,0.0,0.0,0.5,12808,
9364,381888,-1.3,0.0,20.0,1,0.0,0.0,0.5,12808,
9365,381888,-4.0,0.0,7.41,2,0.0,0.0,0.5,12808,
9366,381952,-4.4,0.0,2.17,1,0.0,0.0,0.5,12811,
9367,382144,-5.2,0.0,2.27,1,0.0,0.0,0.5,12815,
9368,382144,-5.5,0.0,5.88,3,0.3333,0.6667,0.5,12815,
9369,382144,-2.8,0.0,5.0,1,0.0,0.0,0.5,12815,
9370,382208,-5.0,0.0,0.0,0,,,0.5,12817,
9371,382208,-5.5,0.0,1.96,1,0.0,0.0,0.5,12817,
9372,382272,-7.7,0.0,10.2,5,0.2,0.6,0.5,12821,
9373,382272,9.8,1.0,5.56,1,1.0,1.0,0.5,12821,
9374,382272,-5.5,0.0,4.76,2,0.0,0.0,0.5,12821,
9375,382272,-4.5,0.0,2.13,1,0.0,0.0,0.5,12821,
9376,382272,-5.5,0.0,1.96,1,0.0,1.0,0.5,12821,
9377,382336,-4.4,0.0,2.78,1,0.0,0.0,0.5,12824,
9378,382336,-0.6,0.0,12.5,1,0.0,0.0,0.5,12824,
9379,382336,-5.0,0.0,0.0,0,,,0.5,12824,
9380,382336,-3.2,0.0,4.17,1,0.0,0.0,0.5,12824,
9381,382400,-4.9,0.0,4.35,2,0.0,0.0,0.5,12828,
9382,382464,-5.3,0.0,5.0,2,0.0,0.5,0.5,12830,
9383,382592,-5.8,0.0,2.0,1,0.0,0.0,0.5,12835,
9384,382656,-7.3,0.0,8.0,4,0.5,0.25,0.5,12840,
9385,382720,-3.8,0.0,3.33,1,0.0,0.0,0.5,12843,
9386,382720,-0.3,0.0,20.0,1,0.0,0.0,0.5,12843,
9387,382720,-5.0,0.0,0.0,0,,,0.5,12843,
9388,382784,-3.4,0.0,3.85,1,0.0,0.0,0.5,12846,
9389,382784,-3.1,0.0,4.35,1,0.0,0.0,0.5,12846,
9390,382784,10.9,1.0,14.29,1,0.0,1.0,0.5,12846,
9391,382784,-3.0,0.0,4.55,1,0.0,0.0,0.5,12846,
9392,382976,-5.6,0.0,4.65,2,0.0,0.0,0.5,12854,
9393,382976,-1.6,0.0,5.56,1,0.0,0.0,0.5,12854,
9394,382976,-3.7,0.0,3.45,1,0.0,0.0,0.5,12854,
9395,382976,8.8,1.0,8.7,2,0.0,1.0,0.5,12854,
9396,383040,-4.2,0.0,6.9,2,0.5,0.0,0.5,12858,
9397,383040,-4.6,0.0,2.63,1,0.0,0.0,0.5,12858,
9398,383104,-2.7,0.0,5.26,1,0.0,0.0,0.5,12862,
9399,383168,-1.6,0.0,12.5,1,0.0,0.0,0.5,12866,
9400,383168,-3.0,0.0,4.55,1,0.0,0.0,0.5,12866,
9401,383232,-3.8,0.0,3.33,1,0.0,0.0,0.5,12869,
9402,383296,-6.1,0.0,6.98,3,0.0,0.3333,0.5,12871,
9403,383296,-6.0,0.0,3.92,2,0.0,0.0,0.5,12871,
9404,383360,-3.1,0.0,3.03,1,0.0,0.0,0.5,12877,
9405,383360,-2.0,0.0,11.76,2,0.0,0.0,0.5,12877,
9406,383360,-5.0,0.0,2.38,1,0.0,0.0,0.5,12877,
9407,383424,-2.1,0.0,11.11,2,0.5,0.5,0.5,12882,
9408,383424,-3.1,0.0,4.35,1,0.0,0.0,0.5,12882,
9409,383424,8.8,1.0,16.67,3,0.0,0.3333,0.5,12882,
9410,383424,-5.5,0.0,1.96,1,0.0,1.0,0.5,12882,
9411,383488,-5.3,0.0,2.22,1,0.0,0.0,0.5,12887,
9412,383488,-3.7,0.0,2.56,1,0.0,0.0,0.5,12887,
9413,383488,-6.0,0.0,3.92,2,0.0,0.0,0.5,12887,
9414,383488,-5.5,0.0,1.96,1,0.0,1.0,0.5,12887,
9415,383552,-4.9,0.0,5.56,2,0.0,0.0,0.5,12891,
9416,383616,-5.0,0.0,3.92,2,0.0,1.0,0.5,12893,
9417,383680,-6.5,0.0,5.88,3,0.0,0.6667,0.5,12897,
9418,383680,-4.7,0.0,2.56,1,0.0,0.0,0.5,12897,
9419,383744,9.6,1.0,13.33,2,0.0,1.0,0.5,12901,
9420,383744,-4.5,0.0,4.76,2,0.0,0.5,0.5,12901,
9421,383744,-1.3,0.0,20.0,1,0.0,0.0,0.5,12901,
9422,383744,-2.4,0.0,6.25,1,0.0,0.0,0.5,12901,
9423,383808,-2.1,0.0,4.35,1,0.0,0.0,0.5,12904,
9424,383808,-5.5,0.0,1.96,1,0.0,1.0,0.5,12904,
9425,383872,-5.7,0.0,4.55,2,0.0,0.0,0.5,12909,
9426,383872,-2.7,0.0,14.29,2,0.0,0.5,0.5,12909,
9427,383936,-5.0,0.0,0.0,0,,,0.5,12911,
9428,384000,-3.5,0.0,3.7,1,0.0,0.0,0.5,12914,
9429,384128,-2.0,0.0,8.33,1,0.0,0.0,0.5,12923,
9430,384128,-7.0,0.0,7.84,4,0.0,0.25,0.5,12923,
9431,384192,-2.8,0.0,13.33,2,0.0,0.0,0.5,12929,
9432,384192,-1.0,0.0,8.33,1,0.0,0.0,0.5,12929,
9433,384192,-5.0,0.0,0.0,0,,,0.5,12929,
9434,384192,-3.3,0.0,4.0,1,0.0,0.0,0.5,12929,
9435,384256,-2.1,0.0,7.69,1,0.0,0.0,0.5,12931,
9436,384384,-7.0,0.0,11.76,6,0.0,0.6667,0.5,12934,
9437,384384,11.0,1.0,0.0,0,,,0.5,12934,
9438,384384,9.7,1.0,5.26,1,0.0,1.0,0.5,12934,
9439,384384,-1.9,0.0,4.76,1,0.0,0.0,0.5,12934,
9440,384448,9.4,1.0,11.76,2,0.5,0.5,0.5,12939,
9441,384448,-4.0,0.0,7.41,2,0.0,0.0,0.5,12939,
9442,384448,-4.5,0.0,1.96,1,0.0,1.0,0.5,12939,
9443,384512,9.4,1.0,0.0,0,,,0.5,12940,
9444,384512,-7.0,0.0,11.76,6,0.1667,0.1667,0.5,12940,
9445,384512,10.7,1.0,0.0,0,,,0.5,12940,
9446,384512,8.0,1.0,2.78,1,1.0,0.0,0.5,12940,
9447,384576,-5.7,0.0,2.04,1,0.0,0.0,0.5,12944,
9448,384576,-5.5,0.0,1.96,1,1.0,0.0,0.5,12944,
9449,384576,7.9,1.0,2.7,1,0.0,0.0,0.5,12944,
9450,384576,-1.1,0.0,7.69,1,0.0,0.0,0.5,12944,
9451,384640,-2.1,0.0,7.69,1,0.0,0.0,0.5,12947,
9452,384640,-4.2,0.0,6.9,2,0.0,0.0,0.5,12947,
9453,384704,-3.5,0.0,2.7,1,0.0,0.0,0.5,12951,
9454,384704,-5.5,0.0,1.96,1,0.0,1.0,0.5,12951,
9455,384704,-7.0,0.0,11.76,6,0.0,0.6667,0.5,12951,
9456,384704,-2.9,0.0,3.23,1,0.0,0.0,0.5,12951,
9457,384704,-3.8,0.0,5.71,2,0.0,0.0,0.5,12951,
9458,384768,11.1,1.0,20.0,1,1.0,1.0,0.5,12953,
9459,384768,-4.5,0.0,1.96,1,0.0,1.0,0.5,12953,
9460,384896,-6.2,0.0,4.08,2,0.0,0.5,0.5,12956,
9461,384896,8.1,1.0,6.67,2,0.0,1.0,0.5,12956,
9462,384960,-3.2,0.0,10.53,2,0.0,0.0,0.5,12959,
9463,385024,-2.0,0.0,8.33,1,0.0,0.0,0.5,12961,
9464,385088,-5.0,0.0,0.0,0,,,0.5,12965,
9465,385152,-5.0,0.0,3.92,2,0.5,1.0,0.5,12971,
9466,385152,-1.9,0.0,9.09,1,0.0,0.0,0.5,12971,
9467,385152,-2.0,0.0,8.33,1,0.0,0.0,0.5,12971,
9468,385152,-4.5,0.0,1.96,1,0.0,1.0,0.5,12971,
9469,385152,-2.4,0.0,6.25,1,0.0,0.0,0.5,12971,
9470,385152,11.7,1.0,0.0,0,,,0.5,12971,
9471,385152,-4.2,0.0,2.94,1,0.0,0.0,0.5,12971,
9472,385216,7.8,1.0,17.39,4,0.0,0.25,0.5,12975,
9473,385216,-2.1,0.0,7.69,1,0.0,0.0,0.5,12975,
9474,385216,-4.6,0.0,2.63,1,0.0,0.0,0.5,12975,
9475,385280,10.4,1.0,0.0,0,,,0.5,12976,
9476,385280,-2.9,0.0,3.23,1,0.0,0.0,0.5,12976,
9477,385344,9.3,1.0,4.35,1,1.0,1.0,0.5,12979,
9478,385408,-4.0,0.0,0.0,0,,,0.5,12985,
9479,385408,-2.0,0.0,8.33,1,0.0,0.0,0.5,12985,
9480,385408,-6.5,0.0,9.8,5,0.2,0.4,0.5,12985,
9481,385408,-2.2,0.0,7.14,1,0.0,0.0,0.5,12985,
9482,385408,-6.9,0.0,9.8,5,0.0,0.4,0.5,12985,
9483,385536,-3.3,0.0,4.0,1,0.0,0.0,0.5,12991,
9484,385536,-5.1,0.0,5.26,2,0.0,0.0,0.5,12991,
9485,385536,-6.5,0.0,9.8,5,0.0,0.4,0.5,12991,
9486,385536,-1.4,0.0,16.67,1,0.0,0.0,0.5,12991,
9487,385600,-5.6,0.0,12.12,4,0.0,0.25,0.5,12994,
9488,385600,-1.3,0.0,6.67,1,0.0,0.0,0.5,12994,
9489,385600,-5.5,0.0,5.88,3,0.0,1.0,0.5,12994,
9490,385664,-2.3,0.0,6.67,1,0.0,0.0,0.5,12999,
9491,385728,-1.3,0.0,6.67,1,0.0,0.0,0.5,13002,
9492,385792,11.3,1.0,0.0,0,,,0.5,13003,
9493,385856,-1.9,0.0,9.09,1,0.0,0.0,0.5,13006,
9494,385920,-1.4,0.0,16.67,1,0.0,0.0,0.5,13011,
9495,385920,-2.6,0.0,5.56,1,0.0,0.0,0.5,13011,
9496,385984,-2.1,0.0,7.69,1,0.0,0.0,0.5,13015,
9497,385984,-0.5,0.0,14.29,1,0.0,0.0,0.5,13015,
9498,386048,-0.8,0.0,10.0,1,0.0,0.0,0.5,13018,
9499,386112,-3.3,0.0,2.86,1,0.0,0.0,0.5,13022,
9500,386112,-1.6,0.0,12.5,1,0.0,0.0,0.5,13022,
9501,386176,9.0,1.0,3.85,1,0.0,0.0,0.5,13025,
9502,386176,-2.9,0.0,12.5,2,0.5,0.5,0.5,13025,
9503,386176,-1.7,0.0,11.11,1,0.0,0.0,0.5,13025,
9504,386176,-1.7,0.0,11.11,1,0.0,0.0,0.5,13025,
9505,386240,-2.1,0.0,7.69,1,0.0,0.0,0.5,13028,
9506,386240,-7.0,0.0,7.84,4,0.0,0.5,0.5,13028,
9507,386304,-6.0,0.0,3.92,2,0.0,0.0,0.5,13030,
9508,386432,-6.0,0.0,3.92,2,0.0,1.0,0.5,13034,
9509,386432,-5.5,0.0,6.38,3,0.0,0.0,0.5,13034,
9510,386432,-3.1,0.0,4.35,1,0.0,0.0,0.5,13034,
9511,386432,-3.5,0.0,3.7,1,0.0,0.0,0.5,13034,
9512,386496,-5.3,0.0,4.0,2,0.0,0.5,0.5,13038,
9513,386560,-6.6,0.0,6.25,3,0.0,0.6667,0.5,13043,
9514,386560,-5.1,0.0,2.33,1,0.0,0.0,0.5,13043,
9515,386560,-2.9,0.0,3.23,1,0.0,0.0,0.5,13043,
9516,386624,-4.7,0.0,5.88,2,0.0,0.0,0.5,13047,
9517,386624,-5.0,0.0,0.0,0,,,0.5,13047,
9518,386624,-1.8,0.0,10.0,1,0.0,0.0,0.5,13047,
9519,386688,-3.6,0.0,8.7,2,0.0,0.5,0.5,13051,
9520,386688,-4.4,0.0,6.45,2,0.0,0.0,0.5,13051,
9521,386752,-5.0,0.0,0.0,0,,,0.5,13052,
9522,386752,-6.4,0.0,3.92,2,0.0,0.0,0.5,13052,
9523,386816,-2.4,0.0,6.25,1,0.0,0.0,0.5,13056,
9524,386816,-5.0,0.0,0.0,0,,,0.5,13056,
9525,386816,-2.5,0.0,5.88,1,0.0,0.0,0.5,13056,
9526,386880,-2.4,0.0,6.25,1,0.0,0.0,0.5,13060,
9527,386880,-5.1,0.0,2.33,1,0.0,0.0,0.5,13060,
9528,386944,-5.5,0.0,8.11,3,0.3333,0.3333,0.5,13064,
9529,386944,-2.3,0.0,10.0,2,0.0,0.0,0.5,13064,
9530,386944,-6.5,0.0,5.88,3,0.3333,0.6667,0.5,13064,
9531,387008,-5.0,0.0,0.0,0,,,0.5,13067,
9532,387072,-1.6,0.0,5.56,1,0.0,0.0,0.5,13068,
9533,387136,6.6,1.0,24.0,6,0.3333,0.5,0.5,13070,
9534,387200,-5.5,0.0,2.13,1,0.0,0.0,0.5,13074,
9535,387264,-1.4,0.0,16.67,1,0.0,0.0,0.5,13076,
9536,387264,-5.5,0.0,1.96,1,0.0,0.0,0.5,13076,
9537,387328,-3.8,0.0,3.33,1,0.0,0.0,0.5,13080,
9538,387328,-2.2,0.0,7.14,1,0.0,0.0,0.5,13080,
9539,387392,-5.4,0.0,8.33,3,0.0,0.0,0.5,13084,
9540,387456,8.3,1.0,22.22,4,0.0,0.5,0.5,13086,
9541,387456,-5.0,0.0,0.0,0,,,0.5,13086,
9542,387456,-3.2,0.0,10.53,2,0.0,0.5,0.5,13086,
9543,387456,-4.0,0.0,0.0,0,,,0.5,13086,
9544,387584,9.0,1.0,3.85,1,1.0,1.0,0.5,13091,
9545,387584,-1.6,0.0,12.5,1,0.0,0.0,0.5,13091,
9546,387648,-6.0,0.0,3.92,2,0.0,1.0,0.5,13094,
9547,387648,-5.0,0.0,3.92,2,0.0,0.0,0.5,13094,
9548,387648,-2.3,0.0,6.67,1,0.0,0.0,0.5,13094,
9549,387712,-5.7,0.0,2.04,1,0.0,0.0,0.5,13096,
9550,387712,3.9,1.0,14.89,7,0.0,0.7143,0.5,13096,
9551,387712,-4.2,0.0,2.94,1,0.0,0.0,0.5,13096,
9552,387776,-5.5,0.0,5.88,3,0.0,0.6667,0.5,13101,
9553,387776,7.6,1.0,2.5,1,0.0,1.0,0.5,13101,
9554,387776,-0.4,0.0,16.67,1,0.0,0.0,0.5,13101,
9555,387776,-4.0,0.0,0.0,0,,,0.5,13101,
9556,387776,-2.0,0.0,8.33,1,0.0,0.0,0.5,13101,
9557,387776,-4.6,0.0,2.63,1,0.0,0.0,0.5,13101,
9558,387776,-2.7,0.0,5.26,1,0.0,0.0,0.5,13101,
9559,387776,-2.3,0.0,6.67,1,0.0,0.0,0.5,13101,
9560,387840,-4.7,0.0,2.04,1,0.0,0.0,0.5,13105,
9561,387840,-5.4,0.0,4.88,2,0.0,0.5,0.5,13105,
9562,387840,-5.5,0.0,1.96,1,0.0,0.0,0.5,13105,
9563,387904,-4.7,0.0,2.56,1,0.0,0.0,0.5,13108,
9564,388032,-5.3,0.0,6.67,3,0.6667,0.0,0.5,13113,
9565,388032,-4.5,0.0,2.13,1,0.0,0.0,0.5,13113,
9566,388096,9.7,1.0,0.0,0,,,0.5,13115,
9567,388160,-2.6,0.0,15.38,2,0.0,0.5,0.5,13117,
9568,388160,-4.5,0.0,1.96,1,0.0,0.0,0.5,13117,
9569,388224,8.6,1.0,8.0,2,0.0,0.5,0.5,13118,
9570,388352,-1.6,0.0,12.5,1,0.0,0.0,0.5,13122,
9571,388352,10.7,1.0,0.0,0,,,0.5,13122,
9572,388416,-5.0,0.0,0.0,0,,,0.5,13123,
9573,388416,-6.5,0.0,5.88,3,0.0,0.3333,0.5,13123,
9574,388544,-3.3,0.0,4.0,1,0.0,0.0,0.5,13129,
9575,388544,-4.4,0.0,2.78,1,0.0,0.0,0.5,13129,
9576,388544,-6.0,0.0,3.92,2,0.0,0.5,0.5,13129,
9577,388608,-5.1,0.0,5.26,2,0.5,0.0,0.5,13132,
9578,388608,-4.6,0.0,2.63,1,0.0,0.0,0.5,13132,
9579,388608,-1.1,0.0,7.69,1,0.0,0.0,0.5,13132,
9580,388672,-2.0,0.0,4.55,1,0.0,0.0,0.5,13136,
9581,388672,-4.5,0.0,1.96,1,0.0,1.0,0.5,13136,
9582,388672,6.6,1.0,11.43,4,0.0,1.0,0.5,13136,
9583,388672,-2.5,0.0,5.88,1,0.0,0.0,0.5,13136,
9584,388672,-2.1,0.0,7.69,1,0.0,0.0,0.5,13136,
9585,388736,-2.3,0.0,6.67,1,0.0,0.0,0.5,13139,
9586,388736,-3.1,0.0,4.35,1,0.0,0.0,0.5,13139,
9587,388800,8.5,1.0,14.29,3,0.0,0.6667,0.5,13141,
9588,388800,-4.9,0.0,2.44,1,0.0,0.0,0.5,13141,
9589,388800,-2.6,0.0,5.56,1,0.0,0.0,0.5,13141,
9590,388864,-5.8,0.0,4.44,2,0.0,0.0,0.5,13143,
9591,388928,-2.0,0.0,8.33,1,0.0,0.0,0.5,13145,
9592,388992,9.3,1.0,0.0,0,,,0.5,13147,
9593,389056,-4.4,0.0,2.78,1,0.0,0.0,0.5,13152,
9594,389056,-4.6,0.0,6.06,2,0.0,0.5,0.5,13152,
9595,389056,-1.1,0.0,7.69,1,0.0,0.0,0.5,13152,
9596,389056,-2.1,0.0,4.35,1,0.0,0.0,0.5,13152,
9597,389120,-1.0,0.0,8.33,1,0.0,0.0,0.5,13155,
9598,389248,-6.2,0.0,4.08,2,0.0,0.5,0.5,13163,
9599,389248,-4.1,0.0,3.03,1,0.0,0.0,0.5,13163,
9600,389248,-4.1,0.0,13.04,3,0.0,0.3333,0.5,13163,
9601,389248,-5.6,0.0,4.65,2,0.0,0.0,0.5,13163,
9602,389312,-5.0,0.0,10.81,4,0.25,0.5,0.5,13168,
9603,389312,-6.0,0.0,3.92,2,0.0,0.5,0.5,13168,
9604,389312,-2.7,0.0,5.26,1,0.0,0.0,0.5,13168,
9605,389312,-5.3,0.0,2.22,1,0.0,0.0,0.5,13168,
9606,389312,-2.0,0.0,8.33,1,0.0,0.0,0.5,13168,
9607,389376,-5.0,0.0,3.92,2,0.0,1.0,0.5,13172,
9608,389376,-1.2,0.0,22.22,2,0.0,0.0,0.5,13172,
9609,389376,-3.4,0.0,3.85,1,0.0,0.0,0.5,13172,
9610,389440,-5.3,0.0,2.22,1,0.0,0.0,0.5,13175,
9611,389440,-6.5,0.0,9.8,5,0.0,0.4,0.5,13175,
9612,389440,-1.9,0.0,9.09,1,0.0,0.0,0.5,13175,
9613,389568,-2.3,0.0,6.67,1,0.0,0.0,0.5,13177,
9614,389632,10.0,1.0,6.25,1,0.0,1.0,0.5,13177,
9615,389696,-6.5,0.0,5.88,3,0.0,0.6667,0.5,13177,
9616,389760,-1.9,0.0,4.76,1,0.0,0.0,0.5,13179,
9617,389888,-5.5,0.0,2.13,1,0.0,0.0,0.5,13184,
9618,389888,-5.0,0.0,0.0,0,,,0.5,13184,
9619,389888,11.1,1.0,0.0,0,,,0.5,13184,
9620,389888,-5.0,0.0,3.92,2,0.0,0.5,0.5,13184,
9621,389952,-2.4,0.0,9.52,2,0.0,0.0,0.5,13188,
9622,389952,-2.7,0.0,14.29,2,0.0,0.0,0.5,13188,
9623,389952,-1.8,0.0,10.0,1,0.0,0.0,0.5,13188,
9624,389952,-4.0,0.0,0.0,0,,,0.5,13188,
9625,390016,-0.9,0.0,9.09,1,0.0,0.0,0.5,13191,
9626,390016,-4.5,0.0,1.96,1,0.0,0.0,0.5,13191,
9627,390016,9.6,1.0,0.0,0,,,0.5,13191,
9628,390016,-4.4,0.0,2.78,1,0.0,0.0,0.5,13191,
9629,390016,-3.1,0.0,4.35,1,0.0,0.0,0.5,13191,
9630,390080,-7.0,0.0,7.84,4,0.25,0.5,0.5,13192,
9631,390080,-5.0,0.0,3.92,2,0.5,0.0,0.5,13192,
9632,390144,10.7,1.0,0.0,0,,,0.5,13194,
9633,390144,-3.1,0.0,4.35,1,0.0,0.0,0.5,13194,
9634,390208,-2.2,0.0,4.17,1,0.0,0.0,0.5,13197,
9635,390208,-2.8,0.0,5.0,1,0.0,0.0,0.5,13197,
9636,390208,-5.1,0.0,5.26,2,0.0,0.0,0.5,13197,
9637,390272,-6.4,0.0,6.52,3,0.3333,0.3333,0.5,13202,
9638,390272,-3.7,0.0,8.33,2,0.0,0.5,0.5,13202,
9639,390272,-4.9,0.0,2.44,1,0.0,0.0,0.5,13202,
9640,390272,-3.7,0.0,2.56,1,0.0,0.0,0.5,13202,
9641,390336,-4.3,0.0,5.0,2,0.0,0.0,0.5,13206,
9642,390336,-2.4,0.0,6.25,1,0.0,0.0,0.5,13206,
9643,390400,-1.4,0.0,16.67,1,0.0,0.0,0.5,13208,
9644,390464,-2.7,0.0,5.26,1,0.0,0.0,0.5,13212,
9645,390464,-1.9,0.0,4.76,1,0.0,0.0,0.5,13212,
9646,390528,-1.5,0.0,5.88,1,0.0,0.0,0.5,13213,
9647,390656,9.4,1.0,25.0,3,0.3333,0.3333,0.5,13215,
9648,390720,-5.5,0.0,1.96,1,0.0,1.0,0.5,13219,
9649,390720,-5.0,0.0,0.0,0,,,0.5,13219,
9650,390720,-5.4,0.0,2.17,1,0.0,0.0,0.5,13219,
9651,390720,-0.9,0.0,9.09,1,0.0,0.0,0.5,13219,
9652,390784,-5.6,0.0,2.08,1,0.0,0.0,0.5,13221,
9653,390848,-3.2,0.0,2.94,1,0.0,0.0,0.5,13226,
9654,390848,-5.4,0.0,2.17,1,0.0,0.0,0.5,13226,
9655,390848,-4.7,0.0,10.34,3,0.0,0.3333,0.5,13226,
9656,390848,-1.3,0.0,6.67,1,0.0,0.0,0.5,13226,
9657,390912,-5.5,0.0,1.96,1,0.0,0.0,0.5,13226,
9658,390976,-4.3,0.0,6.67,2,0.0,0.0,0.5,13230,
9659,390976,-2.0,0.0,4.55,1,0.0,0.0,0.5,13230,
9660,390976,-3.3,0.0,4.0,1,0.0,0.0,0.5,13230,
9661,391040,-5.5,0.0,1.96,1,0.0,1.0,0.5,13232,
9662,391040,-3.0,0.0,4.55,1,0.0,0.0,0.5,13232,
9663,391040,-4.0,0.0,7.41,2,0.0,0.5,0.5,13232,
9664,391104,-2.6,0.0,5.56,1,0.0,0.0,0.5,13233,
9665,391104,-5.0,0.0,0.0,0,,,0.5,13233,
9666,391168,-5.7,0.0,2.04,1,0.0,0.0,0.5,13235,
9667,391232,-4.8,0.0,2.0,1,0.0,0.0,0.5,13241,
9668,391232,-1.6,0.0,12.5,1,0.0,0.0,0.5,13241,
9669,391232,-1.1,0.0,7.69,1,0.0,0.0,0.5,13241,
9670,391296,-1.4,0.0,6.25,1,0.0,0.0,0.5,13242,
9671,391360,10.2,1.0,0.0,0,,,0.5,13243,
9672,391424,-5.0,0.0,0.0,0,,,0.5,13246,
9673,391424,11.5,1.0,0.0,0,,,0.5,13246,
9674,391488,7.7,1.0,0.0,0,,,0.5,13250,
9675,391552,10.4,1.0,0.0,0,,,0.5,13255,
9676,391552,9.9,1.0,5.88,1,0.0,0.0,0.5,13255,
9677,391552,-4.2,0.0,6.9,2,0.0,0.5,0.5,13255,
9678,391552,-3.6,0.0,3.57,1,0.0,0.0,0.5,13255,
9679,391552,-1.1,0.0,7.69,1,0.0,0.0,0.5,13255,
9680,391552,8.1,1.0,2.86,1,0.0,0.0,0.5,13255,
9681,391616,-3.4,0.0,3.85,1,0.0,0.0,0.5,13259,
9682,391616,-5.0,0.0,0.0,0,,,0.5,13259,
9683,391616,-2.3,0.0,6.67,1,0.0,0.0,0.5,13259,
9684,391616,-2.4,0.0,18.18,2,0.0,0.0,0.5,13259,
9685,391680,10.0,1.0,18.18,2,0.0,0.0,0.5,13259,
9686,391744,-4.7,0.0,2.56,1,0.0,0.0,0.5,13260,
9687,391744,10.4,1.0,8.33,1,0.0,1.0,0.5,13260,
9688,391808,-4.0,0.0,0.0,0,,,0.5,13261,
9689,391936,-4.5,0.0,1.96,1,0.0,1.0,0.5,13263,
9690,391936,11.0,1.0,0.0,0,,,0.5,13263,
9691,392000,-3.1,0.0,11.11,2,0.0,0.0,0.5,13267,
9692,392000,-5.3,0.0,5.0,2,0.0,0.0,0.5,13267,
9693,392064,-5.0,0.0,0.0,0,,,0.5,13269,
9694,392064,-5.0,0.0,3.92,2,0.0,0.5,0.5,13269,
9695,392064,-1.6,0.0,12.5,1,0.0,0.0,0.5,13269,
9696,392064,-2.0,0.0,11.76,2,0.0,0.5,0.5,13269,
9697,392128,-3.9,0.0,3.23,1,0.0,0.0,0.5,13274,
9698,392128,-3.7,0.0,3.45,1,0.0,0.0,0.5,13274,
9699,392128,-2.7,0.0,3.45,1,0.0,0.0,0.5,13274,
9700,392128,-4.5,0.0,1.96,1,0.0,1.0,0.5,13274,
9701,392192,-3.1,0.0,4.35,1,0.0,0.0,0.5,13278,
9702,392192,-2.2,0.0,22.22,2,0.0,0.5,0.5,13278,
9703,392192,-2.6,0.0,5.56,1,0.0,0.0,0.5,13278,
9704,392256,-3.3,0.0,2.86,1,0.0,0.0,0.5,13281,
9705,392320,-4.4,0.0,2.78,1,0.0,0.0,0.5,13282,
9706,392320,-5.5,0.0,1.96,1,0.0,0.0,0.5,13282,
9707,392320,-6.5,0.0,5.88,3,0.0,0.6667,0.5,13282,
9708,392384,-4.4,0.0,2.78,1,0.0,0.0,0.5,13285,
9709,392384,-3.3,0.0,4.0,1,0.0,0.0,0.5,13285,
9710,392384,-2.0,0.0,8.33,1,0.0,0.0,0.5,13285,
9711,392576,-4.5,0.0,2.7,1,0.0,0.0,0.5,13291,
9712,392640,-5.0,0.0,2.38,1,0.0,0.0,0.5,13294,
9713,392640,-4.4,0.0,2.78,1,0.0,0.0,0.5,13294,
9714,392640,-5.0,0.0,0.0,0,,,0.5,13294,
9715,392640,-5.0,0.0,0.0,0,,,0.5,13294,
9716,392704,-5.0,0.0,0.0,0,,,0.5,13295,
9717,392704,8.8,1.0,8.7,2,0.0,0.5,0.5,13295,
9718,392704,-3.7,0.0,2.56,1,0.0,0.0,0.5,13295,
9719,392832,9.9,1.0,5.88,1,0.0,0.0,0.5,13297,
9720,392832,-5.7,0.0,4.55,2,0.0,0.5,0.5,13297,
9721,392896,-2.6,0.0,5.56,1,0.0,0.0,0.5,13301,
9722,392896,-2.2,0.0,7.14,1,0.0,0.0,0.5,13301,
9723,392896,-2.3,0.0,6.67,1,0.0,0.0,0.5,13301,
9724,392960,-5.9,0.0,7.32,3,0.3333,0.3333,0.5,13304,
9725,393024,-0.4,0.0,16.67,1,0.0,0.0,0.5,13309,
9726,393024,-2.1,0.0,4.35,1,0.0,0.0,0.5,13309,
9727,393088,-3.5,0.0,3.7,1,0.0,0.0,0.5,13311,
9728,393152,-3.1,0.0,4.35,1,0.0,0.0,0.5,13315,
9729,393152,-5.0,0.0,0.0,0,,,0.5,13315,
9730,393152,-5.0,0.0,0.0,0,,,0.5,13315,
9731,393216,-5.5,0.0,1.96,1,0.0,0.0,0.5,13318,
9732,393280,-3.2,0.0,2.94,1,0.0,0.0,0.5,13323,
9733,393280,-1.6,0.0,5.56,1,0.0,0.0,0.5,13323,
9734,393344,-1.8,0.0,10.0,1,0.0,0.0,0.5,13326,
9735,393344,-5.5,0.0,1.96,1,0.0,0.0,0.5,13326,
9736,393408,-2.7,0.0,5.26,1,0.0,0.0,0.5,13329,
9737,393408,-1.8,0.0,5.0,1,0.0,0.0,0.5,13329,
9738,393472,-5.0,0.0,3.92,2,0.0,0.5,0.5,13332,
9739,393472,-4.0,0.0,3.12,1,0.0,0.0,0.5,13332,
9740,393536,11.7,1.0,0.0,0,,,0.5,13336,
9741,393536,-4.1,0.0,3.03,1,0.0,0.0,0.5,13336,
9742,393536,-4.5,0.0,1.96,1,0.0,0.0,0.5,13336,
9743,393536,-2.9,0.0,4.76,1,0.0,0.0,0.5,13336,
9744,393536,11.1,1.0,20.0,1,0.0,1.0,0.5,13336,
9745,393600,-5.1,0.0,2.33,1,0.0,0.0,0.5,13338,
9746,393600,-1.5,0.0,14.29,1,0.0,0.0,0.5,13338,
9747,393792,-4.0,0.0,0.0,0,,,0.5,13342,
9748,393856,-4.8,0.0,2.5,1,0.0,0.0,0.5,13347,
9749,393856,-3.8,0.0,5.71,2,0.0,0.5,0.5,13347,
9750,393856,-3.6,0.0,3.57,1,0.0,0.0,0.5,13347,
9751,393920,-3.9,0.0,5.56,2,0.0,0.5,0.5,13350,
9752,393920,-5.6,0.0,2.08,1,0.0,0.0,0.5,13350,
9753,393984,-6.0,0.0,7.84,4,0.0,0.0,0.5,13352,
9754,393984,-4.2,0.0,2.94,1,0.0,0.0,0.5,13352,
9755,393984,-1.5,0.0,14.29,1,0.0,0.0,0.5,13352,
9756,394112,-2.2,0.0,22.22,2,0.5,0.0,0.5,13355,
9757,394112,-5.5,0.0,5.88,3,0.0,0.3333,0.5,13355,
9758,394240,-2.3,0.0,10.0,2,0.0,0.0,0.5,13363,
9759,394240,-4.6,0.0,6.06,2,0.0,0.0,0.5,13363,
9760,394240,-1.5,0.0,5.88,1,0.0,0.0,0.5,13363,
9761,394304,-5.5,0.0,1.96,1,0.0,0.0,0.5,13367,
9762,394304,-6.2,0.0,4.08,2,0.0,0.0,0.5,13367,
9763,394304,-4.4,0.0,2.78,1,0.0,0.0,0.5,13367,
9764,394368,-3.5,0.0,3.7,1,0.0,0.0,0.5,13369,
9765,394368,-7.0,0.0,7.84,4,0.0,0.75,0.5,13369,
9766,394432,-3.3,0.0,2.86,1,0.0,0.0,0.5,13374,
9767,394432,-1.4,0.0,6.25,1,0.0,0.0,0.5,13374,
9768,394432,-3.8,0.0,8.0,2,0.0,0.5,0.5,13374,
9769,394496,-1.3,0.0,6.67,1,0.0,0.0,0.5,13376,
9770,394496,-6.0,0.0,7.84,4,0.0,0.5,0.5,13376,
9771,394560,-3.0,0.0,7.41,2,0.0,0.0,0.5,13380,
9772,394752,-5.5,0.0,5.88,3,0.0,1.0,0.5,13382,
9773,394752,-5.4,0.0,4.88,2,0.0,0.5,0.5,13382,
9774,394752,6.8,1.0,12.12,4,0.0,0.25,0.5,13382,
9775,394816,-3.7,0.0,2.56,1,0.0,0.0,0.5,13387,
9776,394816,-5.5,0.0,1.96,1,0.0,0.0,0.5,13387,
9777,394816,-2.1,0.0,4.35,1,0.0,0.0,0.5,13387,
9778,394816,-4.5,0.0,1.96,1,0.0,1.0,0.5,13387,
9779,394816,-5.5,0.0,1.96,1,0.0,0.0,0.5,13387,
9780,394816,-4.5,0.0,1.96,1,0.0,1.0,0.5,13387,
9781,394880,-4.7,0.0,5.88,2,0.0,0.5,0.5,13389,
9782,394944,-3.2,0.0,4.17,1,0.0,0.0,0.5,13394,
9783,395008,-1.7,0.0,11.11,1,0.0,0.0,0.5,13398,
9784,395008,-3.9,0.0,3.23,1,0.0,0.0,0.5,13398,
9785,395072,7.8,1.0,2.63,1,0.0,0.0,0.5,13399,
9786,395072,-4.1,0.0,13.04,3,0.0,0.3333,0.5,13399,
9787,395136,-2.9,0.0,4.76,1,0.0,0.0,0.5,13405,
9788,395136,-1.0,0.0,8.33,1,0.0,0.0,0.5,13405,
9789,395136,-2.4,0.0,6.25,1,0.0,0.0,0.5,13405,
9790,395200,-2.3,0.0,6.67,1,0.0,0.0,0.5,13410,
9791,395200,-5.0,0.0,0.0,0,,,0.5,13410,
9792,395200,-3.4,0.0,3.85,1,0.0,0.0,0.5,13410,
9793,395328,-5.0,0.0,0.0,0,,,0.5,13413,
9794,395328,-8.5,0.0,17.65,9,0.0,0.3333,0.5,13413,
9795,395328,-5.5,0.0,1.96,1,0.0,0.0,0.5,13413,
9796,395328,-4.3,0.0,2.86,1,0.0,0.0,0.5,13413,
9797,395392,11.8,1.0,0.0,0,,,0.5,13415,
9798,395456,-1.3,0.0,20.0,2,0.5,0.5,0.5,13417,
9799,395456,-1.6,0.0,5.56,1,0.0,0.0,0.5,13417,
9800,395520,-5.5,0.0,1.96,1,0.0,1.0,0.5,13419,
9801,395520,-2.9,0.0,7.69,2,0.0,0.0,0.5,13419,
9802,395584,-6.5,0.0,5.88,3,0.3333,0.3333,0.5,13420,
9803,395584,-3.3,0.0,4.0,1,0.0,0.0,0.5,13420,
9804,395584,-4.0,0.0,0.0,0,,,0.5,13420,
9805,395648,-5.0,0.0,0.0,0,,,0.5,13421,
9806,395648,-4.0,0.0,0.0,0,,,0.5,13421,
9807,395648,-5.0,0.0,0.0,0,,,0.5,13421,
9808,395648,-3.4,0.0,9.52,2,0.0,0.5,0.5,13421,
9809,395712,-3.1,0.0,4.35,1,0.0,0.0,0.5,13424,
9810,395712,-4.3,0.0,2.86,1,0.0,0.0,0.5,13424,
9811,395776,-2.3,0.0,6.67,1,0.0,0.0,0.5,13425,
9812,395840,-4.5,0.0,1.96,1,0.0,1.0,0.5,13427,
9813,395840,9.2,1.0,4.17,1,1.0,1.0,0.5,13427,
9814,395968,-3.1,0.0,11.11,2,0.0,0.5,0.5,13431,
9815,395968,-5.5,0.0,1.96,1,0.0,0.0,0.5,13431,
9816,396032,-3.7,0.0,8.33,2,0.0,0.5,0.5,13434,
9817,396032,-4.5,0.0,6.25,2,0.0,0.5,0.5,13434,
9818,396096,-6.3,0.0,4.0,2,0.0,0.0,0.5,13437,
9819,396096,-3.2,0.0,6.9,2,0.0,0.5,0.5,13437,
9820,396160,-6.0,0.0,3.92,2,0.0,0.5,0.5,13441,
9821,396160,-1.6,0.0,12.5,1,0.0,0.0,0.5,13441,
9822,396160,-5.0,0.0,0.0,0,,,0.5,13441,
9823,396224,-4.6,0.0,2.08,1,0.0,0.0,0.5,13445,
9824,396224,-3.6,0.0,3.57,1,0.0,0.0,0.5,13445,
9825,396288,-5.0,0.0,0.0,0,,,0.5,13449,
9826,396288,-2.1,0.0,4.35,1,0.0,0.0,0.5,13449,
9827,396288,-2.6,0.0,5.56,1,0.0,0.0,0.5,13449,
9828,396352,10.4,1.0,8.33,1,0.0,0.0,0.5,13453,
9829,396352,-0.9,0.0,9.09,1,0.0,0.0,0.5,13453,
9830,396416,-5.4,0.0,2.17,1,0.0,0.0,0.5,13461,
9831,396416,-3.3,0.0,4.0,1,0.0,0.0,0.5,13461,
9832,396416,-2.7,0.0,5.26,1,0.0,0.0,0.5,13461,
9833,396416,10.4,1.0,0.0,0,,,0.5,13461,
9834,396480,-1.1,0.0,7.69,1,0.0,0.0,0.5,13466,
9835,396480,-3.0,0.0,11.76,2,0.0,0.5,0.5,13466,
9836,396544,-4.5,0.0,1.96,1,0.0,1.0,0.5,13468,
9837,396608,-3.2,0.0,4.17,1,0.0,0.0,0.5,13472,
9838,396608,-2.8,0.0,5.0,1,0.0,0.0,0.5,13472,
9839,396608,-5.0,0.0,0.0,0,,,0.5,13472,
9840,396672,3.8,1.0,14.58,7,0.1429,0.5714,0.5,13474,
9841,396672,-3.2,0.0,4.17,1,0.0,0.0,0.5,13474,
9842,396736,-3.5,0.0,9.09,2,0.0,0.5,0.5,13478,
9843,396736,-1.9,0.0,9.09,1,0.0,0.0,0.5,13478,
9844,396800,-5.5,0.0,1.96,1,0.0,0.0,0.5,13479,
9845,396928,-1.1,0.0,7.69,1,0.0,0.0,0.5,13482,
9846,396928,-3.5,0.0,2.7,1,0.0,0.0,0.5,13482,
9847,396928,9.4,1.0,11.76,2,0.0,1.0,0.5,13482,
9848,396992,-3.9,0.0,3.23,1,0.0,0.0,0.5,13484,
9849,396992,-4.3,0.0,2.86,1,0.0,0.0,0.5,13484,
9850,397120,-4.5,0.0,1.96,1,0.0,1.0,0.5,13489,
9851,397120,-0.6,0.0,12.5,1,0.0,0.0,0.5,13489,
9852,397120,-5.0,0.0,0.0,0,,,0.5,13489,
9853,397184,-2.9,0.0,4.76,1,0.0,0.0,0.5,13493,
9854,397184,-5.6,0.0,6.25,3,0.0,0.3333,0.5,13493,
9855,397184,-5.0,0.0,0.0,0,,,0.5,13493,
9856,397184,-5.5,0.0,5.88,3,0.3333,0.3333,0.5,13493,
9857,397248,-7.5,0.0,13.73,7,0.1429,0.8571,0.5,13494,
9858,397248,-3.8,0.0,3.33,1,0.0,0.0,0.5,13494,
9859,397312,-3.7,0.0,3.45,1,0.0,0.0,0.5,13495,
9860,397376,-2.7,0.0,5.26,1,0.0,0.0,0.5,13498,
9861,397376,-4.3,0.0,2.86,1,0.0,0.0,0.5,13498,
9862,397440,-2.1,0.0,7.69,1,0.0,0.0,0.5,13502,
9863,397440,-2.6,0.0,5.56,1,0.0,0.0,0.5,13502,
9864,397440,-5.4,0.0,6.52,3,0.0,0.0,0.5,13502,
9865,397504,-1.9,0.0,9.09,1,0.0,0.0,0.5,13503,
9866,397568,-4.9,0.0,2.44,1,0.0,0.0,0.5,13505,
9867,397632,11.8,1.0,0.0,0,,,0.5,13507,
9868,397632,-6.0,0.0,3.92,2,0.0,1.0,0.5,13507,
9869,397696,-6.0,0.0,7.84,4,0.0,0.75,0.5,13509,
9870,397760,11.0,1.0,16.67,1,1.0,1.0,0.5,13509,
9871,397824,-1.8,0.0,10.0,1,0.0,0.0,0.5,13512,
9872,397888,-4.1,0.0,5.26,2,0.0,0.5,0.5,13517,
9873,397888,-1.9,0.0,9.09,1,0.0,0.0,0.5,13517,
9874,397888,-3.7,0.0,3.45,1,0.0,0.0,0.5,13517,
9875,397888,-4.5,0.0,2.7,1,0.0,0.0,0.5,13517,
9876,398016,-3.3,0.0,4.0,1,0.0,0.0,0.5,13521,
9877,398016,-3.7,0.0,3.45,1,0.0,0.0,0.5,13521,
9878,398016,-6.5,0.0,5.88,3,0.3333,0.3333,0.5,13521,
9879,398016,-5.0,0.0,0.0,0,,,0.5,13521,
9880,398016,4.5,1.0,13.04,6,0.1667,0.8333,0.5,13521,
9881,398080,-4.5,0.0,2.7,1,0.0,0.0,0.5,13525,
9882,398080,-5.5,0.0,1.96,1,0.0,0.0,0.5,13525,
9883,398144,-1.6,0.0,5.56,1,0.0,0.0,0.5,13531,
9884,398144,-3.2,0.0,4.17,1,0.0,0.0,0.5,13531,
9885,398144,-1.2,0.0,25.0,1,0.0,0.0,0.5,13531,
9886,398144,-4.9,0.0,4.35,2,0.5,0.5,0.5,13531,
9887,398144,-5.0,0.0,0.0,0,,,0.5,13531,
9888,398272,-6.5,0.0,5.88,3,0.3333,0.3333,0.5,13533,
9889,398272,-2.8,0.0,5.0,1,0.0,0.0,0.5,13533,
9890,398400,-3.7,0.0,3.45,1,0.0,0.0,0.5,13538,
9891,398464,-1.8,0.0,5.0,1,0.0,0.0,0.5,13541,
9892,398528,-2.0,0.0,8.33,1,0.0,0.0,0.5,13544,
9893,398528,-4.5,0.0,2.7,1,0.0,0.0,0.5,13544,
9894,398656,-3.6,0.0,2.63,1,0.0,0.0,0.5,13549,
9895,398720,-1.8,0.0,10.0,1,0.0,0.0,0.5,13555,
9896,398720,-3.9,0.0,3.23,1,0.0,0.0,0.5,13555,
9897,398720,-1.9,0.0,9.09,1,0.0,0.0,0.5,13555,
9898,398720,-5.1,0.0,2.33,1,0.0,0.0,0.5,13555,
9899,398784,-5.0,0.0,0.0,0,,,0.5,13560,
9900,398784,-1.8,0.0,5.0,1,0.0,0.0,0.5,13560,
9901,398784,10.8,1.0,12.5,1,0.0,1.0,0.5,13560,
9902,398848,-5.0,0.0,0.0,0,,,0.5,13567,
9903,398848,-5.0,0.0,3.92,2,0.0,0.5,0.5,13567,
9904,398848,-2.3,0.0,6.67,1,0.0,0.0,0.5,13567,
9905,398912,-4.8,0.0,2.5,1,0.0,0.0,0.5,13571,
9906,398912,-6.0,0.0,7.84,4,0.0,0.75,0.5,13571,
9907,398976,10.6,1.0,0.0,0,,,0.5,13574,
9908,398976,-5.0,0.0,0.0,0,,,0.5,13574,
9909,399040,-1.3,0.0,20.0,1,0.0,0.0,0.5,13576,
9910,399040,-5.5,0.0,1.96,1,0.0,0.0,0.5,13576,
9911,399104,-4.6,0.0,2.63,1,0.0,0.0,0.5,13580,
9912,399168,-4.3,0.0,2.86,1,0.0,0.0,0.5,13586,
9913,399168,-2.9,0.0,3.23,1,0.0,0.0,0.5,13586,
9914,399232,-3.0,0.0,11.76,2,0.0,0.0,0.5,13588,
9915,399232,-6.0,0.0,3.92,2,0.0,0.5,0.5,13588,
9916,399232,-2.3,0.0,4.0,1,0.0,0.0,0.5,13588,
9917,399296,-4.5,0.0,2.13,1,0.0,0.0,0.5,13592,
9918,399360,-2.7,0.0,5.26,1,0.0,0.0,0.5,13599,
9919,399360,-4.0,0.0,0.0,0,,,0.5,13599,
9920,399424,-2.0,0.0,8.33,1,0.0,0.0,0.5,13604,
9921,399424,-3.9,0.0,5.56,2,0.0,0.5,0.5,13604,
9922,399424,-3.8,0.0,8.0,2,0.0,0.0,0.5,13604,
9923,399424,-1.8,0.0,10.0,1,0.0,0.0,0.5,13604,
9924,399488,-5.0,0.0,3.92,2,0.0,0.5,0.5,13605,
9925,399552,-5.5,0.0,5.88,3,0.3333,0.6667,0.5,13608,
9926,399552,-2.5,0.0,9.09,2,0.5,0.5,0.5,13608,
9927,399616,-1.5,0.0,5.88,1,0.0,0.0,0.5,13610,
9928,399616,-7.0,0.0,11.76,6,0.3333,0.6667,0.5,13610,
9929,399680,-6.0,0.0,7.84,4,0.0,0.75,0.5,13614,
9930,399680,-5.0,0.0,3.92,2,0.0,0.5,0.5,13614,
9931,399680,-5.5,0.0,1.96,1,0.0,0.0,0.5,13614,
9932,399680,-2.7,0.0,14.29,2,0.0,0.0,0.5,13614,
9933,399680,-3.2,0.0,10.53,2,0.0,0.0,0.5,13614,
9934,399744,-5.0,0.0,0.0,0,,,0.5,13617,
9935,399744,-8.0,0.0,11.76,6,0.3333,0.0,0.5,13617,
9936,399744,-1.6,0.0,12.5,1,0.0,0.0,0.5,13617,
9937,399744,-3.8,0.0,8.0,2,0.0,0.5,0.5,13617,
9938,399872,-5.6,0.0,7.89,3,0.0,0.3333,0.5,13620,
9939,399872,-5.1,0.0,6.98,3,0.0,0.6667,0.5,13620,
9940,399936,-4.4,0.0,2.78,1,0.0,0.0,0.5,13624,
9941,399936,-2.5,0.0,5.88,1,0.0,0.0,0.5,13624,
9942,399936,-6.0,0.0,3.92,2,0.0,1.0,0.5,13624,
9943,399936,-5.0,0.0,5.41,2,0.0,0.0,0.5,13624,
9944,400000,-5.0,0.0,0.0,0,,,0.5,13626,
9945,400064,-3.4,0.0,9.52,2,0.0,0.5,0.5,13629,
9946,400128,-1.9,0.0,9.09,1,0.0,0.0,0.5,13632,
9947,400128,-4.5,0.0,4.76,2,0.0,0.5,0.5,13632,
9948,400192,-5.6,0.0,2.08,1,0.0,0.0,0.5,13636,
9949,400192,-1.7,0.0,11.11,1,0.0,0.0,0.5,13636,
9950,400192,-5.0,0.0,0.0,0,,,0.5,13636,
9951,400192,-2.1,0.0,4.35,1,0.0,0.0,0.5,13636,
9952,400192,-5.0,0.0,0.0,0,,,0.5,13636,
9953,400256,-5.4,0.0,2.17,1,0.0,0.0,0.5,13642,
9954,400256,-2.7,0.0,5.26,1,0.0,0.0,0.5,13642,
9955,400320,11.7,1.0,0.0,0,,,0.5,13646,
9956,400320,9.8,1.0,5.56,1,0.0,0.0,0.5,13646,
9957,400384,-5.7,0.0,17.24,5,0.0,0.4,0.5,13652,
9958,400448,-2.2,0.0,7.14,1,0.0,0.0,0.5,13656,
9959,400512,-4.0,0.0,0.0,0,,,0.5,13659,
9960,400512,-4.5,0.0,11.11,3,0.3333,0.6667,0.5,13659,
9961,400512,-6.5,0.0,9.8,5,0.4,0.4,0.5,13659,
9962,400576,-5.5,0.0,9.52,4,0.0,0.25,0.5,13662,
9963,400640,-3.2,0.0,10.53,2,0.0,0.5,0.5,13668,
9964,400640,8.6,1.0,0.0,0,,,0.5,13668,
9965,400640,10.1,1.0,6.67,1,0.0,0.0,0.5,13668,
9966,400640,-8.0,0.0,15.69,8,0.0,0.5,0.5,13668,
9967,400640,-2.8,0.0,5.0,1,0.0,0.0,0.5,13668,
9968,400640,-2.8,0.0,8.0,2,0.0,0.0,0.5,13668,
9969,400768,-3.2,0.0,10.53,2,0.0,0.0,0.5,13673,
9970,400960,-2.0,0.0,8.33,1,0.0,0.0,0.5,13679,
9971,400960,-5.6,0.0,2.08,1,0.0,0.0,0.5,13679,
9972,400960,-5.0,0.0,0.0,0,,,0.5,13679,
9973,400960,-5.2,0.0,2.27,1,0.0,0.0,0.5,13679,
9974,401024,-2.8,0.0,5.0,1,0.0,0.0,0.5,13681,
9975,401024,-4.0,0.0,3.12,1,0.0,0.0,0.5,13681,
9976,401152,-1.4,0.0,16.67,1,0.0,0.0,0.5,13688,
9977,401152,-3.1,0.0,4.35,1,0.0,0.0,0.5,13688,
9978,401216,-3.4,0.0,6.45,2,0.0,0.0,0.5,13690,
9979,401280,-3.4,0.0,9.52,2,0.0,0.0,0.5,13694,
9980,401280,-5.0,0.0,3.92,2,0.0,1.0,0.5,13694,
9981,401280,10.3,1.0,0.0,0,,,0.5,13694,
9982,401280,-8.0,0.0,15.69,8,0.0,0.625,0.5,13694,
9983,401280,-5.0,0.0,0.0,0,,,0.5,13694,
9984,401344,-2.8,0.0,3.33,1,0.0,0.0,0.5,13697,
9985,401344,-2.1,0.0,7.69,1,0.0,0.0,0.5,13697,
9986,401344,-5.0,0.0,0.0,0,,,0.5,13697,
9987,401408,-3.1,0.0,4.35,1,0.0,0.0,0.5,13700,
9988,401408,-3.5,0.0,11.11,3,0.0,0.3333,0.5,13700,
9989,401472,-2.7,0.0,5.26,1,0.0,0.0,0.5,13701,
9990,401536,-7.5,0.0,13.73,7,0.0,0.7143,0.5,13703,
9991,401536,-4.3,0.0,2.86,1,0.0,0.0,0.5,13703,
9992,401664,-1.8,0.0,10.0,1,0.0,0.0,0.5,13706,
9993,401664,-1.6,0.0,5.56,1,0.0,0.0,0.5,13706,
9994,401664,11.4,1.0,0.0,0,,,0.5,13706,
9995,401728,-1.0,0.0,8.33,1,0.0,0.0,0.5,13709,
9996,401792,-1.5,0.0,14.29,1,0.0,0.0,0.5,13712,
9997,401856,-5.2,0.0,8.82,3,0.0,0.6667,0.5,13716,
9998,401856,-4.5,0.0,2.7,1,0.0,0.0,0.5,13716,
9999,401984,-5.8,0.0,4.44,2,0.0,0.5,0.5,13723,
10000,401984,-4.9,0.0,1.96,1,0.0,0.0,0.5,13723,
10001,401984,-1.3,0.0,20.0,1,0.0,0.0,0.5,13723,
10002,401984,-4.8,0.0,2.5,1,0.0,0.0,0.5,13723,
10003,402048,-3.0,0.0,4.55,1,0.0,0.0,0.5,13731,
10004,402048,-2.0,0.0,8.33,1,0.0,0.0,0.5,13731,
10005,402048,11.1,1.0,0.0,0,,,0.5,13731,
10006,402048,-3.6,0.0,6.06,2,0.5,0.5,0.5,13731,
10007,402112,-5.0,0.0,0.0,0,,,0.5,13735,
10008,402112,-3.1,0.0,11.11,2,0.0,0.5,0.5,13735,
10009,402112,-5.0,0.0,3.92,2,0.0,0.0,0.5,13735,
10010,402112,-2.8,0.0,13.33,2,0.0,0.0,0.5,13735,
10011,402176,-5.0,0.0,0.0,0,,,0.5,13737,
10012,402176,-6.0,0.0,3.92,2,0.0,0.5,0.5,13737,
10013,402240,-6.5,0.0,5.88,3,0.0,0.3333,0.5,13742,
10014,402240,-3.6,0.0,3.57,1,0.0,0.0,0.5,13742,
10015,402304,-1.8,0.0,10.0,1,0.0,0.0,0.5,13748,
10016,402304,-4.1,0.0,3.03,1,0.0,0.0,0.5,13748,
10017,402304,7.4,1.0,5.41,2,0.5,1.0,0.5,13748,
10018,402368,-5.8,0.0,6.0,3,0.0,0.6667,0.5,13753,
10019,402368,-2.1,0.0,7.69,1,0.0,0.0,0.5,13753,
10020,402368,-1.9,0.0,9.09,1,0.0,0.0,0.5,13753,
10021,402368,-4.5,0.0,6.25,2,0.0,0.0,0.5,13753,
10022,402432,-4.3,0.0,2.86,1,0.0,0.0,0.5,13755,
10023,402496,-6.0,0.0,7.84,4,0.0,0.25,0.5,13756,
10024,402624,-2.8,0.0,5.0,1,0.0,0.0,0.5,13763,
10025,402624,-5.0,0.0,0.0,0,,,0.5,13763,
10026,402688,-3.0,0.0,4.55,1,0.0,0.0,0.5,13768,
10027,402688,-4.0,0.0,3.12,1,0.0,0.0,0.5,13768,
10028,402688,-4.8,0.0,2.5,1,0.0,0.0,0.5,13768,
10029,402752,-4.1,0.0,3.03,1,0.0,0.0,0.5,13769,
10030,402816,-1.9,0.0,9.09,1,0.0,0.0,0.5,13771,
10031,402816,-4.2,0.0,2.94,1,0.0,0.0,0.5,13771,
10032,402880,-5.0,0.0,0.0,0,,,0.5,13774,
10033,402944,-5.0,0.0,2.38,1,0.0,0.0,0.5,13778,
10034,402944,-5.6,0.0,2.08,1,0.0,0.0,0.5,13778,
10035,402944,-4.0,0.0,0.0,0,,,0.5,13778,
10036,402944,-1.9,0.0,9.09,1,0.0,0.0,0.5,13778,
10037,403008,-6.5,0.0,5.88,3,0.0,0.0,0.5,13779,
10038,403008,-6.4,0.0,3.92,2,0.0,0.0,0.5,13779,
10039,403008,-6.0,0.0,7.84,4,0.25,0.25,0.5,13779,
10040,403072,-1.4,0.0,16.67,1,0.0,0.0,0.5,13781,
10041,403072,-2.5,0.0,5.88,1,0.0,0.0,0.5,13781,
10042,403136,-5.0,0.0,3.92,2,0.0,0.0,0.5,13786,
10043,403200,10.3,1.0,7.69,1,0.0,1.0,0.5,13789,
10044,403200,-2.6,0.0,5.56,1,0.0,0.0,0.5,13789,
10045,403264,-4.0,0.0,0.0,0,,,0.5,13793,
10046,403264,10.0,1.0,6.25,1,0.0,1.0,0.5,13793,
10047,403264,-5.9,0.0,7.32,3,0.0,0.3333,0.5,13793,
10048,403264,-3.9,0.0,3.23,1,0.0,0.0,0.5,13793,
10049,403392,9.9,1.0,0.0,0,,,0.5,13795,
10050,403456,-6.5,0.0,9.8,5,0.0,0.8,0.5,13799,
10051,403456,-4.2,0.0,2.94,1,0.0,0.0,0.5,13799,
10052,403456,-5.5,0.0,1.96,1,0.0,0.0,0.5,13799,
10053,403456,-2.9,0.0,4.76,1,0.0,0.0,0.5,13799,
10054,403456,-1.6,0.0,12.5,1,0.0,0.0,0.5,13799,
10055,403584,11.5,1.0,0.0,0,,,0.5,13803,
10056,403584,-5.0,0.0,3.92,2,0.0,0.5,0.5,13803,
10057,403648,-3.9,0.0,7.69,2,0.0,0.5,0.5,13804,
10058,403648,-7.0,0.0,7.84,4,0.25,0.75,0.5,13804,
10059,403712,-2.4,0.0,36.36,4,0.0,0.25,0.5,13806,
10060,403712,-3.2,0.0,10.53,2,0.0,0.0,0.5,13806,
10061,403776,-4.9,0.0,2.44,1,0.0,0.0,0.5,13808,
10062,403776,-6.0,0.0,3.92,2,0.0,1.0,0.5,13808,
10063,403840,-1.2,0.0,7.14,1,0.0,0.0,0.5,13811,
10064,403840,-4.0,0.0,0.0,0,,,0.5,13811,
10065,403840,-4.5,0.0,11.11,3,0.0,0.0,0.5,13811,
10066,403904,-6.5,0.0,5.88,3,0.0,0.6667,0.5,13813,
10067,403904,-1.8,0.0,13.33,2,0.0,0.0,0.5,13813,
10068,403904,-4.2,0.0,6.9,2,0.5,0.5,0.5,13813,
10069,403968,10.0,1.0,0.0,0,,,0.5,13816,
10070,403968,-2.4,0.0,6.25,1,0.0,0.0,0.5,13816,
10071,404032,11.2,1.0,0.0,0,,,0.5,13819,
10072,404032,-3.7,0.0,3.45,1,0.0,0.0,0.5,13819,
10073,404096,-1.3,0.0,20.0,1,0.0,0.0,0.5,13825,
10074,404096,-4.4,0.0,2.78,1,0.0,0.0,0.5,13825,
10075,404096,-2.1,0.0,7.69,1,0.0,0.0,0.5,13825,
10076,404160,-5.8,0.0,4.44,2,0.0,0.5,0.5,13829,
10077,404160,-3.9,0.0,3.23,1,0.0,0.0,0.5,13829,
10078,404224,-3.0,0.0,4.55,1,0.0,0.0,0.5,13833,
10079,404224,-6.5,0.0,5.88,3,0.3333,0.3333,0.5,13833,
10080,404224,-3.0,0.0,4.55,1,0.0,0.0,0.5,13833,
10081,404224,-5.0,0.0,0.0,0,,,0.5,13833,
10082,404288,-3.3,0.0,4.0,1,0.0,0.0,0.5,13835,
10083,404288,7.5,1.0,9.68,3,0.0,0.3333,0.5,13835,
10084,404288,-6.5,0.0,9.8,5,0.0,0.8,0.5,13835,
10085,404416,4.8,1.0,10.42,5,0.0,0.8,0.5,13839,
10086,404416,-4.4,0.0,12.9,4,0.0,0.5,0.5,13839,
10087,404416,-4.1,0.0,3.03,1,0.0,0.0,0.5,13839,
10088,404480,-1.9,0.0,12.5,2,0.0,0.5,0.5,13841,
10089,404544,-1.3,0.0,20.0,1,0.0,0.0,0.5,13843,
10090,404544,-2.1,0.0,7.69,1,0.0,0.0,0.5,13843,
10091,404608,-3.8,0.0,5.71,2,0.0,0.5,0.5,13845,
10092,404672,-1.9,0.0,9.09,1,0.0,0.0,0.5,13849,
10093,404672,-6.5,0.0,5.88,3,0.0,0.3333,0.5,13849,
10094,404672,-2.0,0.0,8.33,1,0.0,0.0,0.5,13849,
10095,404672,-4.9,0.0,2.44,1,0.0,0.0,0.5,13849,
10096,404736,-1.8,0.0,5.0,1,0.0,0.0,0.5,13851,
10097,404736,-2.0,0.0,8.33,1,0.0,0.0,0.5,13851,
10098,404736,-6.0,0.0,3.92,2,0.0,0.5,0.5,13851,
10099,404800,-5.2,0.0,2.27,1,0.0,0.0,0.5,13855,
10100,404800,-5.0,0.0,3.92,2,0.0,1.0,0.5,13855,
10101,404800,-2.0,0.0,8.33,1,0.0,0.0,0.5,13855,
10102,404800,-2.2,0.0,7.14,1,0.0,0.0,0.5,13855,
10103,404864,-3.1,0.0,4.35,1,0.0,0.0,0.5,13857,
10104,404928,-5.7,0.0,4.55,2,0.0,0.5,0.5,13859,
10105,404992,-4.5,0.0,1.96,1,0.0,0.0,0.5,13861,
10106,404992,-2.9,0.0,3.23,1,0.0,0.0,0.5,13861,
10107,405056,-3.3,0.0,4.0,1,0.0,0.0,0.5,13864,
10108,405056,-2.2,0.0,10.53,2,0.0,0.0,0.5,13864,
10109,405056,9.8,1.0,0.0,0,,,0.5,13864,
10110,405120,-5.5,0.0,1.96,1,0.0,1.0,0.5,13866,
10111,405120,-3.4,0.0,6.45,2,0.0,0.0,0.5,13866,
10112,405120,-5.5,0.0,1.96,1,0.0,1.0,0.5,13866,
10113,405120,-3.0,0.0,3.12,1,0.0,0.0,0.5,13866,
10114,405184,-1.6,0.0,12.5,1,0.0,0.0,0.5,13867,
10115,405248,-2.1,0.0,7.69,1,0.0,0.0,0.5,13870,
10116,405248,-3.2,0.0,4.17,1,0.0,0.0,0.5,13870,
10117,405248,8.3,1.0,13.04,3,0.0,0.3333,0.5,13870,
10118,405312,-5.0,0.0,0.0,0,,,0.5,13873,
10119,405312,-4.0,0.0,7.41,2,0.0,0.5,0.5,13873,
10120,405312,-4.1,0.0,3.03,1,0.0,0.0,0.5,13873,
10121,405312,-2.4,0.0,6.25,1,0.0,0.0,0.5,13873,
10122,405376,-5.6,0.0,2.08,1,0.0,0.0,0.5,13874,
10123,405440,-2.7,0.0,5.26,1,0.0,0.0,0.5,13879,
10124,405440,-1.9,0.0,9.09,1,0.0,0.0,0.5,13879,
10125,405504,10.8,1.0,0.0,0,,,0.5,13882,
10126,405568,-2.3,0.0,6.67,1,0.0,0.0,0.5,13885,
10127,405568,-3.4,0.0,3.85,1,0.0,0.0,0.5,13885,
10128,405632,-4.5,0.0,1.96,1,0.0,1.0,0.5,13886,
10129,405632,-2.7,0.0,5.26,1,0.0,0.0,0.5,13886,
10130,405632,-5.0,0.0,0.0,0,,,0.5,13886,
10131,405696,11.2,1.0,0.0,0,,,0.5,13889,
10132,405696,-3.8,0.0,8.0,2,0.0,0.0,0.5,13889,
10133,405696,-1.5,0.0,14.29,1,0.0,0.0,0.5,13889,
10134,405760,-2.3,0.0,6.67,1,0.0,0.0,0.5,13892,
10135,405760,-1.9,0.0,9.09,1,0.0,0.0,0.5,13892,
10136,405824,-4.8,0.0,2.5,1,0.0,0.0,0.5,13894,
10137,405888,-3.4,0.0,3.85,1,0.0,0.0,0.5,13898,
10138,405888,-5.5,0.0,2.13,1,0.0,0.0,0.5,13898,
10139,405888,-5.5,0.0,1.96,1,0.0,0.0,0.5,13898,
10140,405952,-1.7,0.0,5.26,1,0.0,0.0,0.5,13901,
10141,405952,-5.0,0.0,0.0,0,,,0.5,13901,
10142,405952,-1.6,0.0,5.56,1,0.0,0.0,0.5,13901,
10143,405952,10.5,1.0,0.0,0,,,0.5,13901,
10144,405952,-3.7,0.0,3.45,1,0.0,0.0,0.5,13901,
10145,406016,-5.0,0.0,0.0,0,,,0.5,13903,
10146,406080,-2.4,0.0,3.85,1,0.0,0.0,0.5,13908,
10147,406080,-2.3,0.0,6.67,1,0.0,0.0,0.5,13908,
10148,406208,-2.7,0.0,5.26,1,0.0,0.0,0.5,13911,
10149,406272,-7.0,0.0,7.84,4,0.0,0.5,0.5,13914,
10150,406272,-2.2,0.0,4.17,1,0.0,0.0,0.5,13914,
10151,406272,-3.7,0.0,28.57,4,0.0,0.25,0.5,13914,
10152,406272,-5.8,0.0,2.0,1,0.0,0.0,0.5,13914,
10153,406336,-1.8,0.0,10.0,1,0.0,0.0,0.5,13916,
10154,406400,-0.8,0.0,10.0,1,0.0,0.0,0.5,13921,
10155,406464,-4.9,0.0,5.56,2,0.0,0.0,0.5,13925,
10156,406464,7.5,1.0,5.56,2,0.5,1.0,0.5,13925,
10157,406464,-1.3,0.0,6.67,1,0.0,0.0,0.5,13925,
10158,406464,-1.4,0.0,16.67,1,0.0,0.0,0.5,13925,
10159,406464,-1.6,0.0,12.5,1,0.0,0.0,0.5,13925,
10160,406528,-5.0,0.0,0.0,0,,,0.5,13926,
10161,406528,9.7,1.0,14.29,2,0.5,0.0,0.5,13926,
10162,406528,-6.5,0.0,9.8,5,0.0,0.8,0.5,13926,
10163,406592,-1.8,0.0,10.0,1,0.0,0.0,0.5,13929,
10164,406592,-3.6,0.0,3.57,1,0.0,0.0,0.5,13929,
10165,406656,-1.7,0.0,11.11,1,0.0,0.0,0.5,13933,
10166,406656,-2.9,0.0,4.76,1,0.0,0.0,0.5,13933,
10167,406656,-4.6,0.0,2.63,1,0.0,0.0,0.5,13933,
10168,406656,-1.4,0.0,16.67,1,0.0,0.0,0.5,13933,
10169,406720,-6.5,0.0,5.88,3,0.3333,0.0,0.5,13933,
10170,406784,-4.1,0.0,3.03,1,0.0,0.0,0.5,13936,
10171,406848,-3.5,0.0,3.7,1,0.0,0.0,0.5,13940,
10172,406848,-3.9,0.0,3.23,1,0.0,0.0,0.5,13940,
10173,406848,-3.8,0.0,8.0,2,0.0,0.0,0.5,13940,
10174,406912,-4.5,0.0,2.7,1,0.0,0.0,0.5,13942,
10175,406912,-3.2,0.0,6.9,2,0.5,0.0,0.5,13942,
10176,406912,-5.0,0.0,0.0,0,,,0.5,13942,
10177,406912,-5.0,0.0,0.0,0,,,0.5,13942,
10178,406976,-3.0,0.0,4.55,1,0.0,0.0,0.5,13947,
10179,406976,10.9,1.0,14.29,1,1.0,1.0,0.5,13947,
10180,407040,-4.0,0.0,3.12,1,0.0,0.0,0.5,13952,
10181,407040,-5.4,0.0,2.17,1,0.0,0.0,0.5,13952,
10182,407040,9.1,1.0,10.0,2,0.5,1.0,0.5,13952,
10183,407040,-2.0,0.0,8.33,1,0.0,0.0,0.5,13952,
10184,407104,-4.5,0.0,1.96,1,0.0,0.0,0.5,13957,
10185,407104,-2.1,0.0,11.11,2,0.0,0.0,0.5,13957,
10186,407104,-2.5,0.0,16.67,2,0.0,0.5,0.5,13957,
10187,407104,-2.6,0.0,3.57,1,0.0,0.0,0.5,13957,
10188,407104,-5.0,0.0,0.0,0,,,0.5,13957,
10189,407168,-2.3,0.0,6.67,1,0.0,0.0,0.5,13961,
10190,407296,-5.0,0.0,3.92,2,0.0,0.5,0.5,13967,
10191,407296,11.2,1.0,25.0,1,0.0,1.0,0.5,13967,
10192,407488,-5.0,0.0,2.38,1,0.0,0.0,0.5,13977,
10193,407488,-5.4,0.0,2.17,1,0.0,0.0,0.5,13977,
10194,407552,-6.5,0.0,5.88,3,0.0,0.6667,0.5,13978,
10195,407552,-3.7,0.0,3.45,1,0.0,0.0,0.5,13978,
10196,407552,-4.0,0.0,0.0,0,,,0.5,13978,
10197,407616,-0.6,0.0,12.5,1,0.0,0.0,0.5,13981,
10198,407680,-4.0,0.0,3.12,1,0.0,0.0,0.5,13982,
10199,407744,-4.0,0.0,0.0,0,,,0.5,13983,
10200,407744,-4.4,0.0,2.78,1,0.0,0.0,0.5,13983,
10201,407808,10.7,1.0,0.0,0,,,0.5,13985,
10202,407808,-0.9,0.0,9.09,1,0.0,0.0,0.5,13985,
10203,407808,-4.2,0.0,5.13,2,0.0,0.0,0.5,13985,
10204,407872,-2.0,0.0,8.33,1,0.0,0.0,0.5,13990,
10205,407872,-2.8,0.0,5.0,1,0.0,0.0,0.5,13990,
10206,407936,-3.9,0.0,3.23,1,0.0,0.0,0.5,13994,
10207,407936,-2.9,0.0,12.5,2,0.0,0.0,0.5,13994,
10208,407936,-5.0,0.0,3.92,2,0.0,1.0,0.5,13994,
10209,407936,-2.1,0.0,4.35,1,0.0,0.0,0.5,13994,
10210,408000,-3.1,0.0,11.11,2,0.0,0.0,0.5,13995,
10211,408064,-1.3,0.0,6.67,1,0.0,0.0,0.5,13998,
10212,408128,-2.4,0.0,6.25,1,0.0,0.0,0.5,14001,
10213,408192,-2.8,0.0,5.0,1,0.0,0.0,0.5,14003,
10214,408192,11.4,1.0,0.0,0,,,0.5,14003,
10215,408320,-4.5,0.0,1.96,1,0.0,0.0,0.5,14008,
10216,408320,-3.4,0.0,3.85,1,0.0,0.0,0.5,14008,
10217,408320,-3.1,0.0,4.35,1,0.0,0.0,0.5,14008,
10218,408320,11.4,1.0,0.0,0,,,0.5,14008,
10219,408384,-5.0,0.0,0.0,0,,,0.5,14012,
10220,408448,-2.7,0.0,3.45,1,0.0,0.0,0.5,14016,
10221,408448,-4.6,0.0,10.71,3,0.0,0.3333,0.5,14016,
10222,408448,-5.9,0.0,7.32,3,0.0,0.3333,0.5,14016,
10223,408448,-5.0,0.0,0.0,0,,,0.5,14016,
10224,408512,9.7,1.0,5.26,1,0.0,1.0,0.5,14017,
10225,408512,-5.5,0.0,1.96,1,0.0,0.0,0.5,14017,
10226,408576,-1.5,0.0,16.67,2,0.0,0.0,0.5,14022,
10227,408576,-5.0,0.0,0.0,0,,,0.5,14022,
10228,408576,-2.8,0.0,5.0,1,0.0,0.0,0.5,14022,
10229,408576,-2.4,0.0,6.25,1,0.0,0.0,0.5,14022,
10230,408576,-1.7,0.0,11.11,1,0.0,0.0,0.5,14022,
10231,408640,-6.6,0.0,9.3,4,0.0,0.25,0.5,14025,
10232,408704,-7.5,0.0,9.8,5,0.0,0.2,0.5,14029,
10233,408704,-3.2,0.0,2.94,1,0.0,0.0,0.5,14029,
10234,408704,-4.6,0.0,2.63,1,0.0,0.0,0.5,14029,
10235,408832,-2.8,0.0,5.0,1,0.0,0.0,0.5,14035,
10236,408832,-5.0,0.0,0.0,0,,,0.5,14035,
10237,408896,-2.7,0.0,5.26,1,0.0,0.0,0.5,14037,
10238,408896,5.6,1.0,6.0,3,0.0,0.3333,0.5,14037,
10239,408896,-6.0,0.0,3.92,2,0.0,0.5,0.5,14037,
10240,408960,-4.4,0.0,2.78,1,0.0,0.0,0.5,14041,
10241,409024,-2.5,0.0,42.86,3,0.0,0.3333,0.5,14042,
10242,409152,-5.0,0.0,2.38,1,0.0,0.0,0.5,14047,
10243,409152,-5.0,0.0,0.0,0,,,0.5,14047,
10244,409152,-1.8,0.0,10.0,1,0.0,0.0,0.5,14047,
10245,409152,-4.5,0.0,1.96,1,0.0,0.0,0.5,14047,
10246,409216,-7.5,0.0,9.8,5,0.0,0.6,0.5,14049,
10247,409216,-4.2,0.0,2.94,1,0.0,0.0,0.5,14049,
10248,409280,-1.9,0.0,4.76,1,0.0,0.0,0.5,14053,
10249,409280,10.1,1.0,6.67,1,1.0,0.0,0.5,14053,
10250,409280,-5.5,0.0,1.96,1,0.0,0.0,0.5,14053,
10251,409280,-5.5,0.0,2.13,1,0.0,0.0,0.5,14053,
10252,409280,-1.8,0.0,10.0,1,0.0,0.0,0.5,14053,
10253,409344,-2.2,0.0,7.14,1,0.0,0.0,0.5,14055,
10254,409408,-1.7,0.0,11.11,1,0.0,0.0,0.5,14057,
10255,409408,-3.6,0.0,8.7,2,0.0,0.0,0.5,14057,
10256,409472,-3.9,0.0,3.23,1,0.0,0.0,0.5,14061,
10257,409472,-2.6,0.0,5.56,1,0.0,0.0,0.5,14061,
10258,409472,-4.7,0.0,2.56,1,0.0,0.0,0.5,14061,
10259,409664,-10.0,0.0,23.53,12,0.1667,0.3333,0.5,14067,
10260,409728,-6.9,0.0,5.88,3,0.0,0.0,0.5,14070,
10261,409728,-6.0,0.0,7.84,4,0.0,1.0,0.5,14070,
10262,409728,-5.0,0.0,0.0,0,,,0.5,14070,
10263,409728,-3.7,0.0,3.45,1,0.0,0.0,0.5,14070,
10264,409792,-4.5,0.0,1.96,1,0.0,0.0,0.5,14073,
10265,409920,-5.0,0.0,0.0,0,,,0.5,14076,
10266,409984,-3.8,0.0,3.33,1,0.0,0.0,0.5,14082,
10267,409984,-3.0,0.0,4.55,1,0.0,0.0,0.5,14082,
10268,409984,-4.2,0.0,12.5,3,0.3333,0.0,0.5,14082,
10269,409984,-5.5,0.0,1.96,1,0.0,0.0,0.5,14082,
10270,410048,-4.3,0.0,6.67,2,0.0,0.0,0.5,14087,
10271,410048,9.3,1.0,11.11,2,0.0,1.0,0.5,14087,
10272,410048,-2.9,0.0,4.76,1,0.0,0.0,0.5,14087,
10273,410048,-5.0,0.0,0.0,0,,,0.5,14087,
10274,410112,-5.0,0.0,0.0,0,,,0.5,14088,
10275,410176,-4.0,0.0,0.0,0,,,0.5,14090,
10276,410176,-4.3,0.0,12.0,3,0.0,0.3333,0.5,14090,
10277,410240,-5.0,0.0,0.0,0,,,0.5,14093,
10278,410240,-4.1,0.0,7.14,2,0.0,0.0,0.5,14093,
10279,410240,-3.4,0.0,3.85,1,0.0,0.0,0.5,14093,
10280,410304,-5.9,0.0,1.96,1,0.0,0.0,0.5,14095,
10281,410304,-5.0,0.0,3.92,2,0.5,0.5,0.5,14095,
10282,410368,7.6,1.0,0.0,0,,,0.5,14097,
10283,410368,-1.3,0.0,20.0,1,0.0,0.0,0.5,14097,
10284,410432,-3.9,0.0,2.44,1,0.0,0.0,0.5,14099,
10285,410432,-5.5,0.0,1.96,1,0.0,1.0,0.5,14099,
10286,410496,-2.4,0.0,6.25,1,0.0,0.0,0.5,14104,
10287,410496,-3.4,0.0,2.78,1,0.0,0.0,0.5,14104,
10288,410496,-2.2,0.0,4.17,1,0.0,0.0,0.5,14104,
10289,410496,-5.5,0.0,4.76,2,0.0,0.5,0.5,14104,
10290,410496,-2.9,0.0,12.5,2,0.0,0.0,0.5,14104,
10291,410560,-3.9,0.0,3.23,1,0.0,0.0,0.5,14112,
10292,410560,-2.6,0.0,5.56,1,0.0,0.0,0.5,14112,
10293,410560,-2.5,0.0,5.88,1,0.0,0.0,0.5,14112,
10294,410560,-4.0,0.0,13.64,3,0.0,0.0,0.5,14112,
10295,410624,-2.1,0.0,7.69,1,0.0,0.0,0.5,14120,
10296,410624,-1.7,0.0,11.11,1,0.0,0.0,0.5,14120,
10297,410624,-3.0,0.0,4.55,1,0.0,0.0,0.5,14120,
10298,410624,-4.8,0.0,5.71,2,0.0,0.5,0.5,14120,
10299,410624,-2.2,0.0,7.14,1,0.0,0.0,0.5,14120,
10300,410688,-0.8,0.0,10.0,1,0.0,0.0,0.5,14124,
10301,410688,-3.9,0.0,3.23,1,0.0,0.0,0.5,14124,
10302,410688,-0.6,0.0,12.5,1,0.0,0.0,0.5,14124,
10303,410752,-3.3,0.0,2.86,1,0.0,0.0,0.5,14126,
10304,410816,-5.5,0.0,1.96,1,0.0,0.0,0.5,14127,
10305,410816,-1.0,0.0,8.33,1,0.0,0.0,0.5,14127,
10306,410880,11.3,1.0,0.0,0,,,0.5,14131,
10307,410880,-4.8,0.0,2.5,1,0.0,0.0,0.5,14131,
10308,410880,-2.2,0.0,7.14,1,0.0,0.0,0.5,14131,
10309,410880,-5.5,0.0,1.96,1,0.0,0.0,0.5,14131,
10310,410880,-3.1,0.0,4.35,1,0.0,0.0,0.5,14131,
10311,410944,-3.4,0.0,3.85,1,0.0,0.0,0.5,14137,
10312,410944,-4.6,0.0,10.71,3,0.3333,0.0,0.5,14137,
10313,411008,-5.1,0.0,4.17,2,0.0,0.5,0.5,14142,
10314,411008,-4.6,0.0,6.06,2,0.0,0.0,0.5,14142,
10315,411008,-4.7,0.0,5.88,2,0.0,0.5,0.5,14142,
10316,411008,-4.5,0.0,1.96,1,0.0,0.0,0.5,14142,
10317,411136,-1.8,0.0,10.0,1,0.0,0.0,0.5,14146,
10318,411200,-2.2,0.0,7.14,1,0.0,0.0,0.5,14150,
10319,411200,-4.0,0.0,3.12,1,0.0,0.0,0.5,14150,
10320,411200,-5.0,0.0,0.0,0,,,0.5,14150,
10321,411264,-5.4,0.0,6.52,3,0.3333,0.3333,0.5,14155,
10322,411264,-1.9,0.0,9.09,1,0.0,0.0,0.5,14155,
10323,411328,6.6,1.0,24.0,6,0.0,0.5,0.5,14159,
10324,411328,-2.2,0.0,7.14,1,0.0,0.0,0.5,14159,
10325,411328,-3.9,0.0,7.69,2,0.0,0.5,0.5,14159,
10326,411328,-2.6,0.0,15.38,2,0.0,0.0,0.5,14159,
10327,411392,-1.3,0.0,6.67,1,0.0,0.0,0.5,14166,
10328,411392,-2.6,0.0,5.56,1,0.0,0.0,0.5,14166,
10329,411456,-2.3,0.0,6.67,1,0.0,0.0,0.5,14170,
10330,411456,-8.5,0.0,17.65,9,0.1111,0.4444,0.5,14170,
10331,411456,-2.1,0.0,4.35,1,0.0,0.0,0.5,14170,
10332,411520,-4.1,0.0,7.14,2,0.0,0.0,0.5,14177,
10333,411520,-1.6,0.0,12.5,1,0.0,0.0,0.5,14177,
10334,411520,-1.8,0.0,13.33,2,0.0,0.5,0.5,14177,
10335,411520,-2.1,0.0,7.69,1,0.0,0.0,0.5,14177,
10336,411520,-4.6,0.0,10.71,3,0.0,0.3333,0.5,14177,
10337,411520,-2.2,0.0,7.14,1,0.0,0.0,0.5,14177,
10338,411648,-3.0,0.0,11.76,2,0.0,0.0,0.5,14182,
10339,411712,-5.5,0.0,1.96,1,0.0,0.0,0.5,14187,
10340,411712,-2.5,0.0,5.88,1,0.0,0.0,0.5,14187,
10341,411712,-3.1,0.0,4.35,1,0.0,0.0,0.5,14187,
10342,411840,-1.6,0.0,12.5,1,0.0,0.0,0.5,14189,
10343,411840,-1.7,0.0,11.11,1,0.0,0.0,0.5,14189,
10344,411904,-4.9,0.0,2.44,1,0.0,0.0,0.5,14191,
10345,411968,-4.5,0.0,1.96,1,0.0,0.0,0.5,14193,
10346,411968,7.5,1.0,9.68,3,0.3333,1.0,0.5,14193,
10347,412032,-2.0,0.0,8.33,1,0.0,0.0,0.5,14199,
10348,412032,-5.1,0.0,2.33,1,0.0,0.0,0.5,14199,
10349,412032,-2.4,0.0,9.52,2,0.5,0.0,0.5,14199,
10350,412096,-5.6,0.0,2.08,1,0.0,0.0,0.5,14202,
10351,412096,-5.8,0.0,2.0,1,0.0,0.0,0.5,14202,
10352,412224,-2.0,0.0,8.33,1,0.0,0.0,0.5,14206,
10353,412288,-3.5,0.0,9.09,2,0.0,0.0,0.5,14207,
10354,412352,-2.1,0.0,7.69,1,0.0,0.0,0.5,14210,
10355,412352,-3.4,0.0,9.52,2,0.0,0.5,0.5,14210,
10356,412352,-6.1,0.0,4.17,2,0.0,0.5,0.5,14210,
10357,412416,-5.0,0.0,0.0,0,,,0.5,14213,
10358,412416,-2.5,0.0,5.88,1,0.0,0.0,0.5,14213,
10359,412480,-5.0,0.0,0.0,0,,,0.5,14216,
10360,412544,-3.3,0.0,4.0,1,0.0,0.0,0.5,14219,
10361,412544,-4.0,0.0,3.12,1,0.0,0.0,0.5,14219,
10362,412544,-8.5,0.0,17.65,9,0.0,0.4444,0.5,14219,
10363,412608,-5.5,0.0,5.88,3,0.0,0.0,0.5,14223,
10364,412608,-4.8,0.0,5.71,2,0.0,0.5,0.5,14223,
10365,412672,-4.8,0.0,2.5,1,0.0,0.0,0.5,14229,
10366,412672,-3.5,0.0,3.7,1,0.0,0.0,0.5,14229,
10367,412736,-2.8,0.0,5.0,1,0.0,0.0,0.5,14235,
10368,412736,-2.9,0.0,3.23,1,0.0,0.0,0.5,14235,
10369,412736,-3.0,0.0,3.12,1,0.0,0.0,0.5,14235,
10370,412736,-1.9,0.0,9.09,1,0.0,0.0,0.5,14235,
10371,412800,-1.5,0.0,14.29,1,0.0,0.0,0.5,14238,
10372,412800,-4.0,0.0,13.64,3,0.3333,0.3333,0.5,14238,
10373,412864,-3.4,0.0,6.45,2,0.0,0.5,0.5,14243,
10374,412928,-3.8,0.0,3.33,1,0.0,0.0,0.5,14245,
10375,412992,-3.1,0.0,3.03,1,0.0,0.0,0.5,14251,
10376,413056,-2.2,0.0,4.17,1,0.0,0.0,0.5,14254,
10377,413120,10.9,1.0,0.0,0,,,0.5,14257,
10378,413120,-2.4,0.0,3.85,1,0.0,0.0,0.5,14257,
10379,413120,-2.1,0.0,7.69,1,0.0,0.0,0.5,14257,
10380,413184,-5.0,0.0,0.0,0,,,0.5,14260,
10381,413184,-1.0,0.0,8.33,1,0.0,0.0,0.5,14260,
10382,413184,-1.8,0.0,10.0,1,0.0,0.0,0.5,14260,
10383,413248,-4.5,0.0,12.5,4,0.0,0.5,0.5,14268,
10384,413248,-3.5,0.0,3.7,1,0.0,0.0,0.5,14268,
10385,413248,-2.0,0.0,8.33,1,0.0,0.0,0.5,14268,
10386,413248,-6.5,0.0,9.8,5,0.0,0.8,0.5,14268,
10387,413248,-4.2,0.0,6.9,2,0.0,0.0,0.5,14268,
10388,413248,-3.1,0.0,11.11,2,0.0,0.0,0.5,14268,
10389,413312,-5.1,0.0,2.33,1,0.0,0.0,0.5,14274,
10390,413312,-1.0,0.0,8.33,1,0.0,0.0,0.5,14274,
10391,413312,-1.9,0.0,9.09,1,0.0,0.0,0.5,14274,
10392,413312,-5.0,0.0,2.38,1,0.0,0.0,0.5,14274,
10393,413312,-3.6,0.0,6.06,2,0.5,0.5,0.5,14274,
10394,413376,-3.7,0.0,3.45,1,0.0,0.0,0.5,14276,
10395,413440,-6.5,0.0,5.88,3,0.0,0.6667,0.5,14280,
10396,413440,-4.4,0.0,2.17,1,0.0,0.0,0.5,14280,
10397,413440,-3.6,0.0,3.57,1,0.0,0.0,0.5,14280,
10398,413504,-2.3,0.0,6.67,1,0.0,0.0,0.5,14284,
10399,413504,9.2,1.0,4.17,1,0.0,0.0,0.5,14284,
10400,413504,-5.5,0.0,5.88,3,0.0,0.3333,0.5,14284,
10401,413504,-2.8,0.0,5.0,1,0.0,0.0,0.5,14284,
10402,413568,-3.2,0.0,4.17,1,0.0,0.0,0.5,14287,
10403,413568,-6.4,0.0,10.87,5,0.0,0.8,0.5,14287,
10404,413568,-5.5,0.0,1.96,1,0.0,0.0,0.5,14287,
10405,413568,11.7,1.0,0.0,0,,,0.5,14287,
10406,413632,-5.1,0.0,2.33,1,0.0,0.0,0.5,14290,
10407,413696,-1.7,0.0,11.11,1,0.0,0.0,0.5,14293,
10408,413696,11.1,1.0,0.0,0,,,0.5,14293,
10409,413696,-1.9,0.0,9.09,1,0.0,0.0,0.5,14293,
10410,413696,-4.2,0.0,2.94,1,0.0,0.0,0.5,14293,
10411,413824,-5.5,0.0,2.13,1,0.0,0.0,0.5,14297,
10412,413824,-1.6,0.0,12.5,1,0.0,0.0,0.5,14297,
10413,413888,-3.6,0.0,3.57,1,0.0,0.0,0.5,14298,
10414,413888,-4.5,0.0,1.96,1,0.0,0.0,0.5,14298,
10415,413952,-1.5,0.0,16.67,2,0.0,0.0,0.5,14302,
10416,413952,-3.9,0.0,3.23,1,0.0,0.0,0.5,14302,
10417,413952,-2.8,0.0,5.0,1,0.0,0.0,0.5,14302,
10418,414080,-1.7,0.0,11.11,1,0.0,0.0,0.5,14304,
10419,414080,-4.0,0.0,0.0,0,,,0.5,14304,
10420,414144,-1.9,0.0,9.09,1,0.0,0.0,0.5,14307,
10421,414144,-4.5,0.0,1.96,1,0.0,1.0,0.5,14307,
10422,414144,-4.1,0.0,3.03,1,0.0,0.0,0.5,14307,
10423,414144,11.8,1.0,0.0,0,,,0.5,14307,
10424,414208,-2.3,0.0,6.67,1,0.0,0.0,0.5,14314,
10425,414208,-2.4,0.0,6.25,1,0.0,0.0,0.5,14314,
10426,414208,-3.6,0.0,3.57,1,0.0,0.0,0.5,14314,
10427,414208,-0.9,0.0,9.09,1,0.0,0.0,0.5,14314,
10428,414272,-5.0,0.0,0.0,0,,,0.5,14321,
10429,414272,-5.9,0.0,4.35,2,0.0,0.5,0.5,14321,
10430,414272,-3.2,0.0,4.17,1,0.0,0.0,0.5,14321,
10431,414272,-2.1,0.0,7.69,1,0.0,0.0,0.5,14321,
10432,414336,-1.8,0.0,10.0,1,0.0,0.0,0.5,14322,
10433,414400,-7.0,0.0,11.76,6,0.1667,0.6667,0.5,14323,
10434,414464,-3.2,0.0,4.17,1,0.0,0.0,0.5,14328,
10435,414464,10.3,1.0,0.0,0,,,0.5,14328,
10436,414464,-1.4,0.0,16.67,1,0.0,0.0,0.5,14328,
10437,414464,-4.8,0.0,16.0,4,0.0,0.25,0.5,14328,
10438,414464,-4.5,0.0,1.96,1,0.0,0.0,0.5,14328,
10439,414592,-6.5,0.0,9.8,5,0.0,0.4,0.5,14331,
10440,414592,-5.8,0.0,4.44,2,0.0,0.0,0.5,14331,
10441,414592,-3.4,0.0,6.45,2,0.0,0.0,0.5,14331,
10442,414656,-2.4,0.0,6.25,1,0.0,0.0,0.5,14333,
10443,414784,-4.0,0.0,0.0,0,,,0.5,14337,
10444,414784,-5.1,0.0,10.53,4,0.0,0.25,0.5,14337,
10445,414784,-5.3,0.0,2.22,1,0.0,0.0,0.5,14337,
10446,414848,-3.2,0.0,4.17,1,0.0,0.0,0.5,14340,
10447,414848,-2.1,0.0,11.11,2,0.0,0.5,0.5,14340,
10448,414912,-1.9,0.0,9.09,1,0.0,0.0,0.5,14345,
10449,414912,-3.6,0.0,3.57,1,0.0,0.0,0.5,14345,
10450,414976,-3.7,0.0,8.33,2,0.0,0.0,0.5,14346,
10451,414976,-5.0,0.0,3.92,2,0.0,1.0,0.5,14346,
10452,414976,-5.0,0.0,3.92,2,0.0,0.0,0.5,14346,
10453,415040,-3.4,0.0,3.85,1,0.0,0.0,0.5,14348,
10454,415040,-1.5,0.0,14.29,1,0.0,0.0,0.5,14348,
10455,415104,-9.5,0.0,17.65,9,0.0,0.5556,0.5,14351,
10456,415104,-3.3,0.0,4.0,1,0.0,0.0,0.5,14351,
10457,415104,-4.5,0.0,1.96,1,0.0,1.0,0.5,14351,
10458,415232,9.5,1.0,4.76,1,0.0,1.0,0.5,14356,
10459,415232,-2.1,0.0,7.69,1,0.0,0.0,0.5,14356,
10460,415296,-4.2,0.0,2.94,1,0.0,0.0,0.5,14365,
10461,415296,-3.1,0.0,4.35,1,0.0,0.0,0.5,14365,
10462,415296,-2.4,0.0,6.25,1,0.0,0.0,0.5,14365,
10463,415296,-1.6,0.0,15.38,2,0.0,0.5,0.5,14365,
10464,415296,-3.0,0.0,3.12,1,0.0,0.0,0.5,14365,
10465,415296,-2.5,0.0,3.7,1,0.0,0.0,0.5,14365,
10466,415296,-2.9,0.0,12.5,2,0.0,0.0,0.5,14365,
10467,415424,-4.5,0.0,11.11,3,0.0,0.0,0.5,14372,
10468,415424,-5.1,0.0,2.33,1,0.0,0.0,0.5,14372,
10469,415424,-2.6,0.0,5.56,1,0.0,0.0,0.5,14372,
10470,415424,-2.3,0.0,6.67,1,0.0,0.0,0.5,14372,
10471,415488,10.5,1.0,0.0,0,,,0.5,14372,
10472,415616,-4.5,0.0,2.7,1,0.0,0.0,0.5,14381,
10473,415616,-3.7,0.0,8.33,2,0.0,0.5,0.5,14381,
10474,415616,-1.6,0.0,12.5,1,0.0,0.0,0.5,14381,
10475,415680,-4.6,0.0,6.06,2,0.0,0.5,0.5,14383,
10476,415744,-3.8,0.0,2.5,1,0.0,0.0,0.5,14389,
10477,415808,-2.6,0.0,8.7,2,0.0,0.5,0.5,14397,
10478,415808,-2.9,0.0,4.76,1,0.0,0.0,0.5,14397,
10479,415808,-4.8,0.0,10.0,3,0.3333,0.0,0.5,14397,
10480,415872,-1.0,0.0,8.33,1,0.0,0.0,0.5,14402,
10481,415872,11.7,1.0,0.0,0,,,0.5,14402,
10482,415872,-4.0,0.0,3.12,1,0.0,0.0,0.5,14402,
10483,415936,-3.6,0.0,3.57,1,0.0,0.0,0.5,14404,
10484,416000,-1.7,0.0,11.11,1,0.0,0.0,0.5,14405,
10485,416000,-5.0,0.0,0.0,0,,,0.5,14405,
10486,416000,-5.5,0.0,5.88,3,0.0,0.6667,0.5,14405,
10487,416000,-5.0,0.0,0.0,0,,,0.5,14405,
10488,416064,-3.7,0.0,3.45,1,0.0,0.0,0.5,14410,
10489,416064,-2.0,0.0,8.33,1,0.0,0.0,0.5,14410,
10490,416064,9.2,1.0,10.53,2,0.0,1.0,0.5,14410,
10491,416064,-2.4,0.0,6.25,1,0.0,0.0,0.5,14410,
10492,416064,-5.5,0.0,5.88,3,0.6667,0.3333,0.5,14410,
10493,416064,-5.0,0.0,0.0,0,,,0.5,14410,
10494,416128,-5.4,0.0,4.88,2,0.0,0.0,0.5,14415,
10495,416128,-2.6,0.0,5.56,1,0.0,0.0,0.5,14415,
10496,416128,-2.4,0.0,6.25,1,0.0,0.0,0.5,14415,
10497,416192,-1.5,0.0,16.67,2,0.0,0.5,0.5,14419,
10498,416192,-4.9,0.0,9.68,3,0.0,0.6667,0.5,14419,
10499,416192,-4.4,0.0,4.88,2,0.0,0.0,0.5,14419,
10500,416256,-0.6,0.0,12.5,1,0.0,0.0,0.5,14424,
10501,416256,-2.4,0.0,6.25,1,0.0,0.0,0.5,14424,
10502,416320,-4.1,0.0,3.03,1,0.0,0.0,0.5,14427,
10503,416320,-1.6,0.0,12.5,1,0.0,0.0,0.5,14427,
10504,416384,-4.6,0.0,6.06,2,0.5,0.0,0.5,14432,
10505,416384,-3.1,0.0,4.35,1,0.0,0.0,0.5,14432,
10506,416384,-5.0,0.0,2.38,1,0.0,0.0,0.5,14432,
10507,416384,-3.2,0.0,4.17,1,0.0,0.0,0.5,14432,
10508,416448,8.8,1.0,16.67,3,0.0,0.3333,0.5,14432,
10509,416448,8.5,1.0,3.23,1,0.0,1.0,0.5,14432,
10510,416512,-6.0,0.0,7.84,4,0.0,0.75,0.5,14434,
10511,416512,-3.0,0.0,11.76,2,0.0,0.0,0.5,14434,
10512,416512,-4.0,0.0,0.0,0,,,0.5,14434,
10513,416512,-5.0,0.0,3.92,2,0.0,1.0,0.5,14434,
10514,416576,-4.0,0.0,0.0,0,,,0.5,14437,
10515,416576,-1.6,0.0,12.5,1,0.0,0.0,0.5,14437,
10516,416640,11.0,1.0,0.0,0,,,0.5,14439,
10517,416640,-3.7,0.0,3.45,1,0.0,0.0,0.5,14439,
10518,416640,11.1,1.0,0.0,0,,,0.5,14439,
10519,416704,-3.5,0.0,11.11,3,0.0,0.0,0.5,14441,
10520,416832,-2.4,0.0,6.25,1,0.0,0.0,0.5,14447,
10521,416832,-2.7,0.0,33.33,3,0.0,0.6667,0.5,14447,
10522,416832,-8.0,0.0,15.69,8,0.25,0.5,0.5,14447,
10523,416896,-2.9,0.0,3.23,1,0.0,0.0,0.5,14450,
10524,416896,-2.4,0.0,6.25,1,0.0,0.0,0.5,14450,
10525,416960,-1.7,0.0,11.11,1,0.0,0.0,0.5,14455,
10526,416960,-3.8,0.0,3.33,1,0.0,0.0,0.5,14455,
10527,417024,-3.5,0.0,3.7,1,0.0,0.0,0.5,14459,
10528,417024,-2.0,0.0,4.55,1,0.0,0.0,0.5,14459,
10529,417088,-3.9,0.0,25.0,4,0.0,0.25,0.5,14462,
10530,417152,-1.7,0.0,11.11,1,0.0,0.0,0.5,14464,
10531,417216,-4.5,0.0,1.96,1,0.0,1.0,0.5,14467,
10532,417216,-6.0,0.0,7.84,4,0.0,0.5,0.5,14467,
10533,417280,9.5,1.0,0.0,0,,,0.5,14470,
10534,417408,-5.5,0.0,5.88,3,0.0,0.6667,0.5,14470,
10535,417408,-5.0,0.0,0.0,0,,,0.5,14470,
10536,417408,-5.0,0.0,0.0,0,,,0.5,14470,
10537,417472,-2.3,0.0,6.67,1,0.0,0.0,0.5,14475,
10538,417472,-3.2,0.0,2.94,1,0.0,0.0,0.5,14475,
10539,417472,-2.1,0.0,7.69,1,0.0,0.0,0.5,14475,
10540,417472,-1.7,0.0,11.11,1,0.0,0.0,0.5,14475,
10541,417536,-3.1,0.0,4.35,1,0.0,0.0,0.5,14482,
10542,417536,-3.0,0.0,4.55,1,0.0,0.0,0.5,14482,
10543,417536,-4.3,0.0,2.86,1,0.0,0.0,0.5,14482,
10544,417536,-3.4,0.0,3.85,1,0.0,0.0,0.5,14482,
10545,417536,11.0,1.0,0.0,0,,,0.5,14482,
10546,417664,-1.9,0.0,9.09,1,0.0,0.0,0.5,14487,
10547,417664,-3.4,0.0,9.52,2,0.0,0.5,0.5,14487,
10548,417664,-2.7,0.0,5.26,1,0.0,0.0,0.5,14487,
10549,417728,-4.2,0.0,12.5,3,0.3333,0.3333,0.5,14491,
10550,417728,-3.3,0.0,4.0,1,0.0,0.0,0.5,14491,
10551,417792,-4.2,0.0,5.13,2,0.5,0.5,0.5,14496,
10552,417792,-0.7,0.0,11.11,1,0.0,0.0,0.5,14496,
10553,417792,-2.0,0.0,8.33,1,0.0,0.0,0.5,14496,
10554,417856,-6.3,0.0,4.0,2,0.0,0.5,0.5,14500,
10555,417856,-3.3,0.0,4.0,1,0.0,0.0,0.5,14500,
10556,417856,-3.9,0.0,3.23,1,0.0,0.0,0.5,14500,
10557,417856,-5.0,0.0,0.0,0,,,0.5,14500,
10558,417856,-7.0,0.0,7.84,4,0.0,0.75,0.5,14500,
10559,417920,-3.7,0.0,3.45,1,0.0,0.0,0.5,14507,
10560,417920,-5.2,0.0,5.13,2,0.0,0.0,0.5,14507,
10561,417920,-3.7,0.0,3.45,1,0.0,0.0,0.5,14507,
10562,417984,10.8,1.0,12.5,1,1.0,1.0,0.5,14510,
10563,417984,-1.2,0.0,7.14,1,0.0,0.0,0.5,14510,
10564,418048,-6.5,0.0,9.8,5,0.0,0.6,0.5,14515,
10565,418048,-4.0,0.0,0.0,0,,,0.5,14515,
10566,418048,-3.0,0.0,3.12,1,0.0,0.0,0.5,14515,
10567,418112,-2.6,0.0,5.56,1,0.0,0.0,0.5,14518,
10568,418112,10.8,1.0,0.0,0,,,0.5,14518,
10569,418176,-1.6,0.0,12.5,1,0.0,0.0,0.5,14521,
10570,418240,-1.4,0.0,16.67,1,0.0,0.0,0.5,14526,
10571,418240,-0.9,0.0,9.09,1,0.0,0.0,0.5,14526,
10572,418240,-2.0,0.0,8.33,1,0.0,0.0,0.5,14526,
10573,418240,-4.5,0.0,1.96,1,0.0,0.0,0.5,14526,
10574,418240,-4.0,0.0,3.12,1,0.0,0.0,0.5,14526,
10575,418304,8.8,1.0,3.57,1,1.0,1.0,0.5,14529,
10576,418304,-2.1,0.0,7.69,1,0.0,0.0,0.5,14529,
10577,418304,-4.3,0.0,6.67,2,0.0,0.0,0.5,14529,
10578,418368,-3.7,0.0,5.88,2,0.0,0.0,0.5,14533,
10579,418368,-4.8,0.0,2.5,1,0.0,0.0,0.5,14533,
10580,418496,-7.0,0.0,11.76,6,0.0,0.3333,0.5,14535,
10581,418560,-5.5,0.0,1.96,1,0.0,1.0,0.5,14537,
10582,418560,-5.3,0.0,2.22,1,0.0,0.0,0.5,14537,
10583,418624,-1.7,0.0,5.26,1,0.0,0.0,0.5,14538,
10584,418688,-2.3,0.0,6.67,1,0.0,0.0,0.5,14542,
10585,418688,-2.2,0.0,7.14,1,0.0,0.0,0.5,14542,
10586,418752,-5.0,0.0,0.0,0,,,0.5,14545,
10587,418752,-4.3,0.0,6.67,2,0.0,0.0,0.5,14545,
10588,418752,-2.0,0.0,8.33,1,0.0,0.0,0.5,14545,
10589,418816,-5.0,0.0,2.38,1,0.0,0.0,0.5,14548,
10590,418816,-4.3,0.0,2.86,1,0.0,0.0,0.5,14548,
10591,418944,-2.4,0.0,6.25,1,0.0,0.0,0.5,14554,
10592,419008,-2.8,0.0,5.0,1,0.0,0.0,0.5,14557,
10593,419072,-5.1,0.0,5.26,2,0.0,0.5,0.5,14563,
10594,419072,-4.8,0.0,2.5,1,0.0,0.0,0.5,14563,
10595,419072,-1.4,0.0,16.67,1,0.0,0.0,0.5,14563,
10596,419136,-2.7,0.0,5.26,1,0.0,0.0,0.5,14569,
10597,419136,-3.8,0.0,3.33,1,0.0,0.0,0.5,14569,
10598,419136,-2.6,0.0,5.56,1,0.0,0.0,0.5,14569,
10599,419136,3.8,1.0,18.6,8,0.125,0.875,0.5,14569,
10600,419200,-1.9,0.0,9.09,1,0.0,0.0,0.5,14571,
10601,419264,-4.7,0.0,4.55,2,0.5,0.5,0.5,14573,
10602,419264,-4.0,0.0,0.0,0,,,0.5,14573,
10603,419264,-6.5,0.0,9.8,5,0.0,0.8,0.5,14573,
10604,419328,-5.0,0.0,0.0,0,,,0.5,14574,
10605,419328,-2.8,0.0,5.0,1,0.0,0.0,0.5,14574,
10606,419392,-3.9,0.0,3.23,1,0.0,0.0,0.5,14577,
10607,419456,9.9,1.0,5.88,1,0.0,0.0,0.5,14577,
10608,419520,-1.7,0.0,11.11,1,0.0,0.0,0.5,14582,
10609,419520,-2.8,0.0,5.0,1,0.0,0.0,0.5,14582,
10610,419584,-5.0,0.0,0.0,0,,,0.5,14585,
10611,419648,-5.7,0.0,2.04,1,0.0,0.0,0.5,14587,
10612,419648,-5.0,0.0,0.0,0,,,0.5,14587,
10613,419648,-5.1,0.0,6.98,3,0.3333,0.3333,0.5,14587,
10614,419712,-3.8,0.0,8.0,2,0.0,0.5,0.5,14590,
10615,419712,10.6,1.0,0.0,0,,,0.5,14590,
10616,419776,-4.4,0.0,6.45,2,0.0,0.0,0.5,14592,
10617,419840,-2.2,0.0,4.17,1,0.0,0.0,0.5,14596,
10618,419840,-3.7,0.0,5.88,2,0.0,0.5,0.5,14596,
10619,419904,-3.6,0.0,3.57,1,0.0,0.0,0.5,14597,
10620,419904,-5.5,0.0,1.96,1,0.0,0.0,0.5,14597,
10621,419968,-4.5,0.0,1.96,1,0.0,1.0,0.5,14601,
10622,419968,-3.0,0.0,4.55,1,0.0,0.0,0.5,14601,
10623,419968,-4.1,0.0,5.26,2,0.0,0.5,0.5,14601,
10624,420096,-2.0,0.0,8.33,1,0.0,0.0,0.5,14611,
10625,420096,-5.5,0.0,5.88,3,0.0,1.0,0.5,14611,
10626,420096,-2.8,0.0,13.33,2,0.0,0.5,0.5,14611,
10627,420096,-5.6,0.0,2.08,1,0.0,0.0,0.5,14611,
10628,420096,-2.3,0.0,6.67,1,0.0,0.0,0.5,14611,
10629,420096,-2.1,0.0,7.69,1,0.0,0.0,0.5,14611,
10630,420160,-6.0,0.0,11.9,5,0.2,0.2,0.5,14614,
10631,420224,9.7,1.0,5.26,1,1.0,1.0,0.5,14617,
10632,420288,-1.8,0.0,10.0,1,0.0,0.0,0.5,14624,
10633,420288,-2.2,0.0,4.17,1,0.0,0.0,0.5,14624,
10634,420288,-3.6,0.0,8.7,2,0.0,0.0,0.5,14624,
10635,420288,-0.8,0.0,10.0,1,0.0,0.0,0.5,14624,
10636,420416,-5.7,0.0,11.76,4,0.0,0.25,0.5,14628,
10637,420416,-2.2,0.0,22.22,2,0.0,0.0,0.5,14628,
10638,420416,-7.0,0.0,11.76,6,0.1667,0.3333,0.5,14628,
10639,420480,-3.5,0.0,9.09,2,0.0,0.0,0.5,14632,
10640,420480,-1.6,0.0,12.5,1,0.0,0.0,0.5,14632,
10641,420544,-4.5,0.0,2.7,1,0.0,0.0,0.5,14637,
10642,420544,10.8,1.0,0.0,0,,,0.5,14637,
10643,420544,-2.4,0.0,6.25,1,0.0,0.0,0.5,14637,
10644,420544,-2.0,0.0,8.33,1,0.0,0.0,0.5,14637,
10645,420672,-5.0,0.0,0.0,0,,,0.5,14640,
10646,420672,-1.9,0.0,4.76,1,0.0,0.0,0.5,14640,
10647,420672,9.1,1.0,4.0,1,0.0,1.0,0.5,14640,
10648,420736,-2.4,0.0,3.85,1,0.0,0.0,0.5,14645,
10649,420800,-6.2,0.0,4.08,2,0.0,0.0,0.5,14649,
10650,420800,-5.5,0.0,1.96,1,0.0,0.0,0.5,14649,
10651,420800,-4.7,0.0,2.56,1,0.0,0.0,0.5,14649,
10652,420800,-6.5,0.0,9.8,5,0.0,0.4,0.5,14649,
10653,420800,-1.6,0.0,5.56,1,0.0,0.0,0.5,14649,
10654,420800,-2.9,0.0,3.23,1,0.0,0.0,0.5,14649,
10655,420800,-5.5,0.0,1.96,1,0.0,0.0,0.5,14649,
10656,420864,-2.4,0.0,3.85,1,0.0,0.0,0.5,14651,
10657,420864,-5.6,0.0,2.08,1,0.0,0.0,0.5,14651,
10658,420864,7.0,1.0,2.17,1,0.0,0.0,0.5,14651,
10659,420992,-3.7,0.0,3.45,1,0.0,0.0,0.5,14656,
10660,421120,9.3,1.0,11.11,2,0.0,1.0,0.5,14664,
10661,421120,-5.0,0.0,0.0,0,,,0.5,14664,
10662,421120,-5.0,0.0,3.92,2,0.0,0.5,0.5,14664,
10663,421120,-5.0,0.0,0.0,0,,,0.5,14664,
10664,421120,-9.5,0.0,17.65,9,0.0,0.5556,0.5,14664,
10665,421184,-0.8,0.0,10.0,1,0.0,0.0,0.5,14668,
10666,421312,-6.0,0.0,3.92,2,0.0,1.0,0.5,14669,
10667,421312,-5.0,0.0,0.0,0,,,0.5,14669,
10668,421376,-2.8,0.0,5.0,1,0.0,0.0,0.5,14673,
10669,421376,-2.2,0.0,4.17,1,0.0,0.0,0.5,14673,
10670,421376,-1.2,0.0,7.14,1,0.0,0.0,0.5,14673,
10671,421440,10.5,1.0,0.0,0,,,0.5,14674,
10672,421504,10.5,1.0,9.09,1,0.0,1.0,0.5,14676,
10673,421504,-5.0,0.0,3.92,2,0.0,1.0,0.5,14676,
10674,421504,-4.0,0.0,0.0,0,,,0.5,14676,
10675,421504,-4.0,0.0,0.0,0,,,0.5,14676,
10676,421568,-2.6,0.0,5.56,1,0.0,0.0,0.5,14680,
10677,421568,-5.5,0.0,5.88,3,0.0,0.6667,0.5,14680,
10678,421632,-6.0,0.0,3.92,2,0.5,0.0,0.5,14682,
10679,421632,-2.0,0.0,8.33,1,0.0,0.0,0.5,14682,
10680,421696,-1.2,0.0,7.14,1,0.0,0.0,0.5,14685,
10681,421760,-1.2,0.0,25.0,1,0.0,0.0,0.5,14686,
10682,421824,-2.5,0.0,5.88,1,0.0,0.0,0.5,14689,
10683,421824,-5.5,0.0,5.88,3,0.0,1.0,0.5,14689,
10684,421888,9.4,1.0,11.76,2,0.5,0.5,0.5,14692,
10685,421888,-3.9,0.0,3.23,1,0.0,0.0,0.5,14692,
10686,421888,-4.7,0.0,2.56,1,0.0,0.0,0.5,14692,
10687,421888,-4.5,0.0,1.96,1,0.0,0.0,0.5,14692,
10688,421952,-2.1,0.0,4.35,1,0.0,0.0,0.5,14696,
10689,421952,-1.8,0.0,5.0,1,0.0,0.0,0.5,14696,
10690,421952,-5.7,0.0,17.24,5,0.2,0.4,0.5,14696,
10691,421952,-5.0,0.0,0.0,0,,,0.5,14696,
10692,422016,-3.8,0.0,2.5,1,0.0,0.0,0.5,14698,
10693,422016,-5.5,0.0,5.88,3,0.0,0.3333,0.5,14698,
10694,422080,-0.2,0.0,25.0,1,0.0,0.0,0.5,14702,
10695,422144,-3.5,0.0,6.25,2,0.0,0.0,0.5,14708,
10696,422144,-3.7,0.0,3.45,1,0.0,0.0,0.5,14708,
10697,422208,-2.6,0.0,3.57,1,0.0,0.0,0.5,14712,
10698,422208,-4.1,0.0,3.03,1,0.0,0.0,0.5,14712,
10699,422208,-5.9,0.0,4.35,2,0.0,0.5,0.5,14712,
10700,422208,-4.8,0.0,16.67,5,0.2,0.2,0.5,14712,
10701,422272,-2.2,0.0,7.14,1,0.0,0.0,0.5,14715,
10702,422336,-5.8,0.0,2.0,1,0.0,0.0,0.5,14720,
10703,422336,-1.2,0.0,7.14,1,0.0,0.0,0.5,14720,
10704,422336,-2.7,0.0,5.26,1,0.0,0.0,0.5,14720,
10705,422336,-3.2,0.0,4.17,1,0.0,0.0,0.5,14720,
10706,422400,9.2,1.0,4.17,1,0.0,0.0,0.5,14720,
10707,422464,-2.9,0.0,4.76,1,0.0,0.0,0.5,14722,
10708,422464,-5.4,0.0,2.17,1,0.0,0.0,0.5,14722,
10709,422528,-2.0,0.0,4.55,1,0.0,0.0,0.5,14726,
10710,422528,-7.0,0.0,7.84,4,0.0,1.0,0.5,14726,
10711,422528,-4.0,0.0,7.41,2,0.0,0.5,0.5,14726,
10712,422592,-1.4,0.0,16.67,1,0.0,0.0,0.5,14730,
10713,422592,-4.7,0.0,2.56,1,0.0,0.0,0.5,14730,
10714,422592,-1.9,0.0,9.09,1,0.0,0.0,0.5,14730,
10715,422656,-5.1,0.0,4.17,2,0.0,0.0,0.5,14732,
10716,422784,-0.5,0.0,14.29,1,0.0,0.0,0.5,14737,
10717,422784,-2.0,0.0,8.33,1,0.0,0.0,0.5,14737,
10718,422848,-1.6,0.0,12.5,1,0.0,0.0,0.5,14742,
10719,422976,-5.9,0.0,1.96,1,0.0,0.0,0.5,14748,
10720,423040,10.2,1.0,7.14,1,0.0,0.0,0.5,14750,
10721,423040,-3.0,0.0,4.55,1,0.0,0.0,0.5,14750,
10722,423040,-2.9,0.0,4.76,1,0.0,0.0,0.5,14750,
10723,423104,-1.1,0.0,25.0,2,0.0,0.0,0.5,14753,
10724,423168,-5.5,0.0,2.13,1,0.0,0.0,0.5,14756,
10725,423168,-7.0,0.0,7.84,4,0.0,0.75,0.5,14756,
10726,423168,-1.8,0.0,10.0,1,0.0,0.0,0.5,14756,
10727,423232,-5.0,0.0,0.0,0,,,0.5,14758,
10728,423232,-4.9,0.0,4.35,2,0.0,0.0,0.5,14758,
10729,423232,-6.2,0.0,4.08,2,0.5,0.0,0.5,14758,
10730,423296,-2.9,0.0,4.76,1,0.0,0.0,0.5,14760,
10731,423360,-3.6,0.0,8.7,2,0.0,0.0,0.5,14761,
10732,423424,-4.1,0.0,3.03,1,0.0,0.0,0.5,14766,
10733,423488,-7.0,0.0,11.76,6,0.0,0.3333,0.5,14769,
10734,423552,-1.6,0.0,12.5,1,0.0,0.0,0.5,14774,
10735,423552,-5.0,0.0,0.0,0,,,0.5,14774,
10736,423552,-2.9,0.0,4.76,1,0.0,0.0,0.5,14774,
10737,423616,-3.4,0.0,3.85,1,0.0,0.0,0.5,14777,
10738,423616,-2.9,0.0,4.76,1,0.0,0.0,0.5,14777,
10739,423680,-4.1,0.0,7.14,2,0.0,0.0,0.5,14783,
10740,423680,-2.5,0.0,5.88,1,0.0,0.0,0.5,14783,
10741,423680,-4.5,0.0,4.76,2,0.0,0.5,0.5,14783,
10742,423680,-1.4,0.0,6.25,1,0.0,0.0,0.5,14783,
10743,423680,-2.0,0.0,28.57,2,0.0,0.0,0.5,14783,
10744,423680,-1.2,0.0,7.14,1,0.0,0.0,0.5,14783,
10745,423744,-4.4,0.0,11.54,3,0.3333,0.0,0.5,14786,
10746,423808,-5.5,0.0,1.96,1,0.0,0.0,0.5,14790,
10747,423808,-4.5,0.0,1.96,1,1.0,0.0,0.5,14790,
10748,423808,-5.0,0.0,0.0,0,,,0.5,14790,
10749,423808,-5.5,0.0,2.13,1,0.0,0.0,0.5,14790,
10750,423808,8.2,1.0,6.9,2,0.0,1.0,0.5,14790,
10751,423936,-4.1,0.0,5.26,2,0.0,0.5,0.5,14795,
10752,423936,-1.0,0.0,8.33,1,0.0,0.0,0.5,14795,
10753,423936,-4.0,0.0,0.0,0,,,0.5,14795,
10754,423936,-6.0,0.0,3.92,2,0.0,0.5,0.5,14795,
10755,423936,-3.0,0.0,13.64,3,0.0,0.6667,0.5,14795,
10756,424000,-4.2,0.0,2.94,1,0.0,0.0,0.5,14796,
10757,424064,-5.5,0.0,1.96,1,0.0,0.0,0.5,14797,
10758,424128,-4.5,0.0,1.96,1,0.0,0.0,0.5,14799,
10759,424128,-5.2,0.0,2.27,1,0.0,0.0,0.5,14799,
10760,424192,-0.9,0.0,9.09,1,0.0,0.0,0.5,14802,
10761,424192,10.5,1.0,0.0,0,,,0.5,14802,
10762,424256,-0.7,0.0,11.11,1,0.0,0.0,0.5,14803,
10763,424320,-2.5,0.0,16.67,2,0.0,0.0,0.5,14806,
10764,424320,-1.9,0.0,9.09,1,0.0,0.0,0.5,14806,
10765,424320,-2.8,0.0,5.0,1,0.0,0.0,0.5,14806,
10766,424384,-1.7,0.0,11.11,1,0.0,0.0,0.5,14808,
10767,424384,-5.0,0.0,0.0,0,,,0.5,14808,
10768,424384,-7.5,0.0,9.8,5,0.0,0.4,0.5,14808,
10769,424448,-5.5,0.0,1.96,1,0.0,0.0,0.5,14812,
10770,424448,-2.0,0.0,8.33,1,0.0,0.0,0.5,14812,
10771,424448,-5.4,0.0,8.33,3,0.0,0.3333,0.5,14812,
10772,424448,-5.6,0.0,7.89,3,0.3333,0.3333,0.5,14812,
10773,424448,-3.6,0.0,16.67,3,0.0,0.6667,0.5,14812,
10774,424512,-2.1,0.0,7.69,1,0.0,0.0,0.5,14816,
10775,424512,-3.2,0.0,2.94,1,0.0,0.0,0.5,14816,
10776,424512,-1.3,0.0,6.67,1,0.0,0.0,0.5,14816,
10777,424576,-1.7,0.0,11.11,1,0.0,0.0,0.5,14821,
10778,424576,-1.4,0.0,16.67,1,0.0,0.0,0.5,14821,
10779,424576,-5.6,0.0,2.08,1,0.0,0.0,0.5,14821,
10780,424576,4.6,1.0,10.0,5,0.0,0.2,0.5,14821,
10781,424576,10.5,1.0,0.0,0,,,0.5,14821,
10782,424640,-3.7,0.0,3.45,1,0.0,0.0,0.5,14824,
10783,424640,-6.5,0.0,9.8,5,0.0,0.4,0.5,14824,
10784,424640,-1.6,0.0,12.5,1,0.0,0.0,0.5,14824,
10785,424704,-2.0,0.0,8.33,1,0.0,0.0,0.5,14827,
10786,424704,-2.6,0.0,8.7,2,0.0,0.5,0.5,14827,
10787,424704,-4.8,0.0,2.0,1,0.0,0.0,0.5,14827,
10788,424832,-6.0,0.0,3.92,2,0.0,0.0,0.5,14830,
10789,424832,-4.0,0.0,0.0,0,,,0.5,14830,
10790,424896,-6.5,0.0,5.88,3,0.3333,0.3333,0.5,14832,
10791,424896,-1.5,0.0,14.29,1,0.0,0.0,0.5,14832,
10792,424896,-2.2,0.0,4.17,1,0.0,0.0,0.5,14832,
10793,425024,-4.9,0.0,2.44,1,0.0,0.0,0.5,14836,
10794,425024,-5.0,0.0,0.0,0,,,0.5,14836,
10795,425088,-1.1,0.0,7.69,1,0.0,0.0,0.5,14840,
10796,425088,-4.7,0.0,2.04,1,0.0,0.0,0.5,14840,
10797,425152,-2.9,0.0,4.76,1,0.0,0.0,0.5,14844,
10798,425152,-1.1,0.0,7.69,1,0.0,0.0,0.5,14844,
10799,425152,-6.0,0.0,3.92,2,0.0,1.0,0.5,14844,
10800,425344,-2.0,0.0,8.33,1,0.0,0.0,0.5,14853,
10801,425344,6.2,1.0,4.08,2,1.0,1.0,0.5,14853,
10802,425344,-1.9,0.0,9.09,1,0.0,0.0,0.5,14853,
10803,425344,-3.0,0.0,4.55,1,0.0,0.0,0.5,14853,
10804,425408,-2.5,0.0,3.7,1,0.0,0.0,0.5,14855,
10805,425408,-1.1,0.0,7.69,1,0.0,0.0,0.5,14855,
10806,425472,11.1,1.0,0.0,0,,,0.5,14858,
10807,425472,-5.0,0.0,3.92,2,0.0,0.5,0.5,14858,
10808,425472,-6.0,0.0,4.26,2,0.0,0.5,0.5,14858,
10809,425472,-1.0,0.0,8.33,1,0.0,0.0,0.5,14858,
10810,425536,-2.3,0.0,6.67,1,0.0,0.0,0.5,14861,
10811,425536,-1.5,0.0,14.29,1,0.0,0.0,0.5,14861,
10812,425600,-3.0,0.0,11.76,2,0.0,0.5,0.5,14863,
10813,425600,-4.0,0.0,0.0,0,,,0.5,14863,
10814,425664,-2.3,0.0,6.67,1,0.0,0.0,0.5,14866,
10815,425664,-4.9,0.0,9.68,3,0.0,0.6667,0.5,14866,
10816,425728,-5.0,0.0,0.0,0,,,0.5,14869,
10817,425792,-2.8,0.0,5.0,1,0.0,0.0,0.5,14870,
10818,425792,-5.5,0.0,1.96,1,0.0,1.0,0.5,14870,
10819,425856,-2.0,0.0,4.55,1,0.0,0.0,0.5,14873,
10820,425856,-1.6,0.0,12.5,1,0.0,0.0,0.5,14873,
10821,425856,-4.0,0.0,0.0,0,,,0.5,14873,
10822,425920,-4.6,0.0,2.08,1,0.0,0.0,0.5,14875,
10823,425920,9.8,1.0,0.0,0,,,0.5,14875,
10824,425920,-5.8,0.0,4.44,2,0.0,0.0,0.5,14875,
10825,425984,-3.5,0.0,6.25,2,0.0,0.5,0.5,14877,
10826,425984,-3.3,0.0,4.0,1,0.0,0.0,0.5,14877,
10827,426112,-2.7,0.0,5.26,1,0.0,0.0,0.5,14885,
10828,426112,9.7,1.0,5.26,1,0.0,1.0,0.5,14885,
10829,426240,-4.0,0.0,0.0,0,,,0.5,14889,
10830,426240,-1.1,0.0,7.69,1,0.0,0.0,0.5,14889,
10831,426240,-5.3,0.0,13.33,4,0.0,0.75,0.5,14889,
10832,426304,-2.6,0.0,5.56,1,0.0,0.0,0.5,14893,
10833,426368,-4.3,0.0,5.0,2,0.0,0.5,0.5,14896,
10834,426368,-3.7,0.0,5.88,2,0.0,0.0,0.5,14896,
10835,426368,-5.9,0.0,1.96,1,0.0,0.0,0.5,14896,
10836,426368,8.5,1.0,3.23,1,0.0,0.0,0.5,14896,
10837,426432,-5.5,0.0,1.96,1,0.0,0.0,0.5,14897,
10838,426496,-4.1,0.0,7.14,2,0.0,0.5,0.5,14900,
10839,426496,10.5,1.0,9.09,1,0.0,1.0,0.5,14900,
10840,426496,-4.1,0.0,2.33,1,0.0,0.0,0.5,14900,
10841,426496,-5.0,0.0,0.0,0,,,0.5,14900,
10842,426560,-4.4,0.0,6.45,2,0.0,0.0,0.5,14903,
10843,426560,-2.5,0.0,5.88,1,0.0,0.0,0.5,14903,
10844,426560,-5.7,0.0,2.04,1,0.0,0.0,0.5,14903,
10845,426624,-4.4,0.0,6.45,2,0.0,0.5,0.5,14906,
10846,426624,-1.3,0.0,6.67,1,0.0,0.0,0.5,14906,
10847,426624,-1.9,0.0,9.09,1,0.0,0.0,0.5,14906,
10848,426688,-3.9,0.0,2.44,1,0.0,0.0,0.5,14911,
10849,426688,-1.6,0.0,5.56,1,0.0,0.0,0.5,14911,
10850,426752,-4.3,0.0,2.86,1,0.0,0.0,0.5,14915,
10851,426752,-3.9,0.0,7.69,2,0.0,0.5,0.5,14915,
10852,426816,10.6,1.0,0.0,0,,,0.5,14920,
10853,426816,-3.4,0.0,3.85,1,0.0,0.0,0.5,14920,
10854,426816,11.0,1.0,0.0,0,,,0.5,14920,
10855,426880,-5.0,0.0,0.0,0,,,0.5,14923,
10856,426880,-4.6,0.0,2.63,1,0.0,0.0,0.5,14923,
10857,426944,-5.4,0.0,4.88,2,0.0,0.0,0.5,14929,
10858,426944,-1.9,0.0,9.09,1,0.0,0.0,0.5,14929,
10859,426944,-5.0,0.0,0.0,0,,,0.5,14929,
10860,426944,8.5,1.0,0.0,0,,,0.5,14929,
10861,426944,-1.3,0.0,20.0,1,0.0,0.0,0.5,14929,
10862,427072,-6.0,0.0,3.92,2,0.0,0.5,0.5,14933,
10863,427072,-1.5,0.0,14.29,1,0.0,0.0,0.5,14933,
10864,427072,-5.0,0.0,0.0,0,,,0.5,14933,
10865,427136,-3.1,0.0,4.35,1,0.0,0.0,0.5,14937,
10866,427200,-5.5,0.0,5.88,3,0.0,1.0,0.5,14940,
10867,427200,-5.0,0.0,0.0,0,,,0.5,14940,
10868,427264,-1.0,0.0,8.33,1,0.0,0.0,0.5,14944,
10869,427328,-0.5,0.0,14.29,1,0.0,0.0,0.5,14948,
10870,427328,-5.4,0.0,2.17,1,0.0,0.0,0.5,14948,
10871,427328,-5.8,0.0,4.44,2,0.0,0.0,0.5,14948,
10872,427392,-8.0,0.0,11.76,6,0.0,0.3333,0.5,14951,
10873,427456,-1.9,0.0,9.09,1,0.0,0.0,0.5,14954,
10874,427520,-2.3,0.0,6.67,1,0.0,0.0,0.5,14959,
10875,427520,11.2,1.0,0.0,0,,,0.5,14959,
10876,427520,-1.9,0.0,9.09,1,0.0,0.0,0.5,14959,
10877,427584,-1.4,0.0,16.67,1,0.0,0.0,0.5,14963,
10878,427584,11.7,1.0,0.0,0,,,0.5,14963,
10879,427584,-2.7,0.0,5.26,1,0.0,0.0,0.5,14963,
10880,427648,-2.9,0.0,4.76,1,0.0,0.0,0.5,14968,
10881,427712,8.7,1.0,3.45,1,0.0,1.0,0.5,14969,
10882,427712,-4.4,0.0,2.78,1,0.0,0.0,0.5,14969,
10883,427840,-1.6,0.0,12.5,1,0.0,0.0,0.5,14976,
10884,427840,-5.5,0.0,1.96,1,1.0,0.0,0.5,14976,
10885,427840,-2.9,0.0,4.76,1,0.0,0.0,0.5,14976,
10886,427904,-3.0,0.0,11.76,2,0.0,0.5,0.5,14982,
10887,427904,-1.7,0.0,5.26,1,0.0,0.0,0.5,14982,
10888,427904,-3.4,0.0,3.85,1,0.0,0.0,0.5,14982,
10889,427968,-1.4,0.0,6.25,1,0.0,0.0,0.5,14988,
10890,427968,-6.4,0.0,10.87,5,0.0,0.4,0.5,14988,
10891,427968,-5.9,0.0,7.32,3,0.3333,0.6667,0.5,14988,
10892,427968,8.1,1.0,20.0,4,0.0,0.5,0.5,14988,
10893,428032,-2.3,0.0,6.67,1,0.0,0.0,0.5,14993,
10894,428096,-1.2,0.0,7.14,1,0.0,0.0,0.5,14995,
10895,428096,-7.5,0.0,13.73,7,0.0,0.4286,0.5,14995,
10896,428160,-6.0,0.0,3.92,2,0.0,1.0,0.5,14998,
10897,428160,-2.7,0.0,15.79,3,0.3333,0.0,0.5,14998,
10898,428224,-4.1,0.0,2.33,1,0.0,0.0,0.5,15002,
10899,428224,-3.6,0.0,3.57,1,0.0,0.0,0.5,15002,
10900,428288,-4.5,0.0,1.96,1,0.0,0.0,0.5,15010,
10901,428288,-2.1,0.0,7.69,1,0.0,0.0,0.5,15010,
10902,428288,-0.9,0.0,9.09,1,0.0,0.0,0.5,15010,
10903,428288,-1.4,0.0,16.67,1,0.0,0.0,0.5,15010,
10904,428352,-1.8,0.0,5.0,1,0.0,0.0,0.5,15011,
10905,428416,-4.6,0.0,2.08,1,0.0,0.0,0.5,15014,
10906,428416,-5.0,0.0,0.0,0,,,0.5,15014,
10907,428416,-3.6,0.0,3.57,1,0.0,0.0,0.5,15014,
10908,428480,-3.9,0.0,3.23,1,0.0,0.0,0.5,15017,
10909,428480,-2.3,0.0,6.67,1,0.0,0.0,0.5,15017,
10910,428608,-8.5,0.0,24.32,9,0.2222,0.4444,0.5,15025,
10911,428608,-7.0,0.0,11.76,6,0.0,0.6667,0.5,15025,
10912,428608,-2.6,0.0,3.57,1,0.0,0.0,0.5,15025,
10913,428672,-4.7,0.0,16.67,4,0.0,0.5,0.5,15029,
10914,428672,-3.0,0.0,7.41,2,0.0,0.0,0.5,15029,
10915,428736,-2.0,0.0,8.33,1,0.0,0.0,0.5,15033,
10916,428736,-3.7,0.0,3.45,1,0.0,0.0,0.5,15033,
10917,428736,-6.5,0.0,5.88,3,0.3333,0.0,0.5,15033,
10918,428736,-5.0,0.0,0.0,0,,,0.5,15033,
10919,428800,-5.8,0.0,2.0,1,0.0,0.0,0.5,15038,
10920,428800,-6.0,0.0,3.92,2,0.0,0.0,0.5,15038,
10921,428800,-2.1,0.0,7.69,1,0.0,0.0,0.5,15038,
10922,428800,9.7,1.0,14.29,2,0.0,1.0,0.5,15038,
10923,428864,-7.0,0.0,11.76,6,0.0,0.6667,0.5,15042,
10924,428864,-2.6,0.0,5.56,1,0.0,0.0,0.5,15042,
10925,428928,-5.2,0.0,2.27,1,0.0,0.0,0.5,15047,
10926,428928,-1.5,0.0,16.67,2,0.0,0.5,0.5,15047,
10927,428928,-1.9,0.0,4.76,1,0.0,0.0,0.5,15047,
10928,428928,-1.8,0.0,5.0,1,0.0,0.0,0.5,15047,
10929,428992,-4.0,0.0,0.0,0,,,0.5,15050,
10930,429056,-5.0,0.0,3.92,2,0.0,1.0,0.5,15056,
10931,429056,-2.0,0.0,8.33,1,0.0,0.0,0.5,15056,
10932,429056,-3.4,0.0,3.85,1,0.0,0.0,0.5,15056,
10933,429120,-3.5,0.0,9.09,2,0.5,0.0,0.5,15057,
10934,429120,-5.5,0.0,1.96,1,0.0,1.0,0.5,15057,
10935,429184,-5.5,0.0,5.88,3,0.3333,0.6667,0.5,15063,
10936,429184,-5.0,0.0,0.0,0,,,0.5,15063,
10937,429184,-2.7,0.0,5.26,1,0.0,0.0,0.5,15063,
10938,429248,-2.1,0.0,7.69,1,0.0,0.0,0.5,15068,
10939,429248,-7.0,0.0,11.76,6,0.0,0.5,0.5,15068,
10940,429248,-6.5,0.0,5.88,3,0.0,1.0,0.5,15068,
10941,429248,-5.5,0.0,4.76,2,0.0,0.5,0.5,15068,
10942,429248,-3.0,0.0,25.0,3,0.0,0.0,0.5,15068,
10943,429376,2.4,1.0,21.28,10,0.1,0.3,0.5,15070,
10944,429440,-2.6,0.0,5.56,1,0.0,0.0,0.5,15073,
10945,429440,-4.3,0.0,6.67,2,0.0,0.0,0.5,15073,
10946,429504,-3.0,0.0,4.55,1,0.0,0.0,0.5,15077,
10947,429504,-3.2,0.0,21.43,3,0.0,0.3333,0.5,15077,
10948,429504,-1.5,0.0,16.67,2,0.0,0.5,0.5,15077,
10949,429632,-3.0,0.0,4.55,1,0.0,0.0,0.5,15079,
10950,429632,8.9,1.0,0.0,0,,,0.5,15079,
10951,429632,-4.0,0.0,0.0,0,,,0.5,15079,
10952,429632,-4.5,0.0,1.96,1,0.0,1.0,0.5,15079,
10953,429696,-2.2,0.0,7.14,1,0.0,0.0,0.5,15084,
10954,429696,-2.9,0.0,4.76,1,0.0,0.0,0.5,15084,
10955,429696,-4.4,0.0,2.17,1,0.0,0.0,0.5,15084,
10956,429696,-3.2,0.0,4.17,1,0.0,0.0,0.5,15084,
10957,429760,-2.9,0.0,4.76,1,0.0,0.0,0.5,15086,
10958,429760,-3.7,0.0,3.45,1,0.0,0.0,0.5,15086,
10959,429760,-4.0,0.0,0.0,0,,,0.5,15086,
10960,429824,-3.5,0.0,17.65,3,0.3333,0.6667,0.5,15088,
10961,429824,-5.1,0.0,2.33,1,0.0,0.0,0.5,15088,
10962,429824,-4.0,0.0,0.0,0,,,0.5,15088,
10963,429888,-2.1,0.0,7.69,1,0.0,0.0,0.5,15090,
10964,429952,-3.6,0.0,2.63,1,0.0,0.0,0.5,15093,
10965,429952,10.0,1.0,6.25,1,0.0,0.0,0.5,15093,
10966,430016,-2.7,0.0,5.26,1,0.0,0.0,0.5,15096,
10967,430016,-1.4,0.0,16.67,1,0.0,0.0,0.5,15096,
10968,430080,-3.2,0.0,10.53,2,0.0,0.0,0.5,15100,
10969,430080,-0.8,0.0,10.0,1,0.0,0.0,0.5,15100,
10970,430080,-1.8,0.0,10.0,1,0.0,0.0,0.5,15100,
10971,430080,-2.4,0.0,6.25,1,0.0,0.0,0.5,15100,
10972,430144,9.8,1.0,0.0,0,,,0.5,15101,
10973,430208,-1.9,0.0,4.76,1,0.0,0.0,0.5,15106,
10974,430208,-7.5,0.0,9.8,5,0.2,0.2,0.5,15106,
10975,430208,-4.3,0.0,2.22,1,0.0,0.0,0.5,15106,
10976,430272,-2.2,0.0,4.17,1,0.0,0.0,0.5,15110,
10977,430272,-3.9,0.0,5.56,2,0.0,0.5,0.5,15110,
10978,430336,-2.8,0.0,5.0,1,0.0,0.0,0.5,15115,
10979,430336,-1.7,0.0,11.11,1,0.0,0.0,0.5,15115,
10980,430336,-3.0,0.0,4.55,1,0.0,0.0,0.5,15115,
10981,430400,-5.8,0.0,7.5,3,0.0,0.6667,0.5,15120,
10982,430400,-3.6,0.0,6.06,2,0.0,0.5,0.5,15120,
10983,430400,-5.9,0.0,16.13,5,0.0,0.8,0.5,15120,
10984,430464,-2.0,0.0,8.33,1,0.0,0.0,0.5,15126,
10985,430464,-2.1,0.0,7.69,1,0.0,0.0,0.5,15126,
10986,430464,11.1,1.0,0.0,0,,,0.5,15126,
10987,430464,-4.8,0.0,5.71,2,0.0,0.0,0.5,15126,
10988,430464,-3.2,0.0,4.17,1,0.0,0.0,0.5,15126,
10989,430528,-3.3,0.0,2.86,1,0.0,0.0,0.5,15132,
10990,430528,6.2,1.0,10.26,4,0.0,0.5,0.5,15132,
10991,430528,-3.2,0.0,4.17,1,0.0,0.0,0.5,15132,
10992,430528,-2.9,0.0,4.76,1,0.0,0.0,0.5,15132,
10993,430528,-5.5,0.0,1.96,1,0.0,1.0,0.5,15132,
10994,430592,-2.2,0.0,22.22,2,0.0,0.5,0.5,15136,
10995,430592,-2.2,0.0,7.14,1,0.0,0.0,0.5,15136,
10996,430592,-3.1,0.0,4.35,1,0.0,0.0,0.5,15136,
10997,430656,-1.4,0.0,16.67,1,0.0,0.0,0.5,15142,
10998,430720,-4.1,0.0,3.03,1,0.0,0.0,0.5,15148,
10999,430720,-1.6,0.0,12.5,1,0.0,0.0,0.5,15148,
11000,430720,-3.7,0.0,8.33,2,0.0,0.5,0.5,15148,
11001,430784,-2.3,0.0,6.67,1,0.0,0.0,0.5,15152,
11002,430784,-3.9,0.0,3.23,1,0.0,0.0,0.5,15152,
11003,430784,11.8,1.0,0.0,0,,,0.5,15152,
11004,430784,11.5,1.0,0.0,0,,,0.5,15152,
11005,430912,9.4,1.0,4.55,1,0.0,0.0,0.5,15156,
11006,430912,-2.5,0.0,5.88,1,0.0,0.0,0.5,15156,
11007,430912,9.0,1.0,3.85,1,0.0,0.0,0.5,15156,
11008,430912,-4.6,0.0,2.63,1,0.0,0.0,0.5,15156,
11009,430976,-2.7,0.0,14.29,2,0.5,0.5,0.5,15161,
11010,430976,-1.8,0.0,10.0,1,0.0,0.0,0.5,15161,
11011,430976,-2.4,0.0,18.18,2,0.0,0.0,0.5,15161,
11012,430976,-5.7,0.0,2.04,1,0.0,0.0,0.5,15161,
11013,431040,-5.4,0.0,2.17,1,0.0,0.0,0.5,15165,
11014,431040,-1.5,0.0,5.88,1,0.0,0.0,0.5,15165,
11015,431040,-2.6,0.0,3.57,1,0.0,0.0,0.5,15165,
11016,431040,-2.5,0.0,17.65,3,0.0,0.3333,0.5,15165,
11017,431104,-3.2,0.0,2.94,1,0.0,0.0,0.5,15169,
11018,431104,-5.0,0.0,5.41,2,0.5,0.5,0.5,15169,
11019,431104,-5.0,0.0,0.0,0,,,0.5,15169,
11020,431104,-1.9,0.0,9.09,1,0.0,0.0,0.5,15169,
11021,431168,-4.3,0.0,6.67,2,0.0,0.0,0.5,15170,
11022,431232,-3.8,0.0,16.0,4,0.25,0.0,0.5,15173,
11023,431232,-4.0,0.0,7.41,2,0.0,0.0,0.5,15173,
11024,431296,-1.4,0.0,16.67,1,0.0,0.0,0.5,15177,
11025,431296,-3.6,0.0,3.57,1,0.0,0.0,0.5,15177,
11026,431360,11.5,1.0,0.0,0,,,0.5,15181,
11027,431360,-2.1,0.0,7.69,1,0.0,0.0,0.5,15181,
11028,431360,-1.4,0.0,6.25,1,0.0,0.0,0.5,15181,
11029,431424,-1.9,0.0,9.09,1,0.0,0.0,0.5,15183,
11030,431424,11.1,1.0,0.0,0,,,0.5,15183,
11031,431488,-4.3,0.0,2.86,1,0.0,0.0,0.5,15187,
11032,431488,-1.7,0.0,11.11,1,0.0,0.0,0.5,15187,
11033,431488,-1.9,0.0,9.09,1,0.0,0.0,0.5,15187,
11034,431552,6.0,1.0,6.52,3,0.0,0.0,0.5,15187,
11035,431616,-3.2,0.0,4.17,1,0.0,0.0,0.5,15192,
11036,431616,-2.5,0.0,3.7,1,0.0,0.0,0.5,15192,
11037,431680,-1.6,0.0,5.56,1,0.0,0.0,0.5,15198,
11038,431680,-6.4,0.0,13.89,5,0.0,0.4,0.5,15198,
11039,431680,-1.3,0.0,20.0,1,0.0,0.0,0.5,15198,
11040,431808,-2.5,0.0,5.88,1,0.0,0.0,0.5,15204,
11041,431872,-3.4,0.0,9.52,2,0.0,0.5,0.5,15208,
11042,431936,-7.0,0.0,11.76,6,0.0,0.8333,0.5,15211,
11043,431936,-2.1,0.0,7.69,1,0.0,0.0,0.5,15211,
11044,432000,-4.5,0.0,2.7,1,0.0,0.0,0.5,15213,
11045,432000,-5.3,0.0,2.22,1,0.0,0.0,0.5,15213,
11046,432064,-1.2,0.0,7.14,1,0.0,0.0,0.5,15215,
11047,432064,-1.8,0.0,10.0,1,0.0,0.0,0.5,15215,
11048,432064,-4.0,0.0,0.0,0,,,0.5,15215,
11049,432128,-4.0,0.0,3.12,1,0.0,0.0,0.5,15220,
11050,432128,-3.4,0.0,3.85,1,0.0,0.0,0.5,15220,
11051,432192,-3.1,0.0,4.35,1,0.0,0.0,0.5,15224,
11052,432192,-2.3,0.0,6.67,1,0.0,0.0,0.5,15224,
11053,432256,11.7,1.0,0.0,0,,,0.5,15228,
11054,432256,-5.8,0.0,7.5,3,0.6667,0.3333,0.5,15228,
11055,432256,-1.4,0.0,16.67,1,0.0,0.0,0.5,15228,
11056,432320,-4.8,0.0,5.71,2,0.0,0.5,0.5,15229,
11057,432384,10.5,1.0,0.0,0,,,0.5,15233,
11058,432384,-2.0,0.0,8.33,1,0.0,0.0,0.5,15233,
11059,432448,-6.5,0.0,5.88,3,0.3333,0.6667,0.5,15238,
11060,432448,11.3,1.0,33.33,1,1.0,1.0,0.5,15238,
11061,432512,-4.3,0.0,20.0,4,0.25,0.75,0.5,15243,
11062,432512,-2.3,0.0,4.0,1,0.0,0.0,0.5,15243,
11063,432512,-5.0,0.0,0.0,0,,,0.5,15243,
11064,432512,-2.9,0.0,12.5,2,0.0,0.5,0.5,15243,
11065,432576,-2.2,0.0,7.14,1,0.0,0.0,0.5,15248,
11066,432576,-2.2,0.0,7.14,1,0.0,0.0,0.5,15248,
11067,432576,9.4,1.0,11.76,2,0.0,0.5,0.5,15248,
11068,432576,-0.8,0.0,10.0,1,0.0,0.0,0.5,15248,
11069,432640,-4.3,0.0,2.86,1,0.0,0.0,0.5,15252,
11070,432640,-0.5,0.0,14.29,1,0.0,0.0,0.5,15252,
11071,432640,-4.6,0.0,6.06,2,0.0,0.5,0.5,15252,
11072,432640,11.8,1.0,0.0,0,,,0.5,15252,
11073,432640,-1.2,0.0,25.0,1,0.0,0.0,0.5,15252,
11074,432640,8.7,1.0,8.33,2,0.5,0.5,0.5,15252,
11075,432704,-6.0,0.0,4.26,2,0.0,0.5,0.5,15256,
11076,432768,-2.3,0.0,6.67,1,0.0,0.0,0.5,15261,
11077,432768,-5.3,0.0,5.0,2,0.0,0.5,0.5,15261,
11078,432768,8.4,1.0,13.64,3,0.3333,0.3333,0.5,15261,
11079,432768,-3.4,0.0,3.85,1,0.0,0.0,0.5,15261,
11080,432832,-2.0,0.0,8.33,1,0.0,0.0,0.5,15266,
11081,432832,-0.7,0.0,11.11,1,0.0,0.0,0.5,15266,
11082,432832,11.2,1.0,25.0,1,1.0,1.0,0.5,15266,
11083,432960,-1.5,0.0,14.29,1,0.0,0.0,0.5,15269,
11084,433024,-1.8,0.0,10.0,1,0.0,0.0,0.5,15273,
11085,433024,-5.5,0.0,1.96,1,0.0,1.0,0.5,15273,
11086,433024,-4.8,0.0,2.5,1,0.0,0.0,0.5,15273,
11087,433024,-3.1,0.0,4.35,1,0.0,0.0,0.5,15273,
11088,433024,-5.5,0.0,1.96,1,0.0,1.0,0.5,15273,
11089,433024,9.9,1.0,0.0,0,,,0.5,15273,
11090,433024,-5.3,0.0,5.0,2,0.0,0.0,0.5,15273,
11091,433088,-4.0,0.0,3.12,1,0.0,0.0,0.5,15276,
11092,433088,-1.7,0.0,11.11,1,0.0,0.0,0.5,15276,
11093,433152,-3.0,0.0,11.76,2,0.0,0.5,0.5,15279,
11094,433152,-4.9,0.0,2.44,1,0.0,0.0,0.5,15279,
11095,433152,-3.7,0.0,3.45,1,0.0,0.0,0.5,15279,
11096,433216,-4.1,0.0,9.09,3,0.0,0.0,0.5,15283,
11097,433280,-5.0,0.0,0.0,0,,,0.5,15284,
11098,433280,-5.6,0.0,6.25,3,0.0,0.3333,0.5,15284,
11099,433280,9.8,1.0,5.56,1,0.0,1.0,0.5,15284,
11100,433408,-7.0,0.0,7.84,4,0.0,0.75,0.5,15289,
11101,433408,-2.8,0.0,5.0,1,0.0,0.0,0.5,15289,
11102,433408,-5.2,0.0,5.13,2,0.0,0.5,0.5,15289,
11103,433472,10.7,1.0,0.0,0,,,0.5,15291,
11104,433472,-1.4,0.0,16.67,1,0.0,0.0,0.5,15291,
11105,433472,11.0,1.0,0.0,0,,,0.5,15291,
11106,433536,-1.7,0.0,11.11,1,0.0,0.0,0.5,15294,
11107,433536,10.8,1.0,0.0,0,,,0.5,15294,
11108,433600,-4.5,0.0,2.13,1,0.0,0.0,0.5,15306,
11109,433600,-4.2,0.0,2.94,1,0.0,0.0,0.5,15306,
11110,433600,-5.9,0.0,1.96,1,0.0,0.0,0.5,15306,
11111,433600,-2.5,0.0,5.88,1,0.0,0.0,0.5,15306,
11112,433600,-5.5,0.0,2.13,1,0.0,0.0,0.5,15306,
11113,433600,-1.5,0.0,14.29,1,0.0,0.0,0.5,15306,
11114,433664,-3.3,0.0,4.0,1,0.0,0.0,0.5,15312,
11115,433728,-6.0,0.0,7.84,4,0.25,0.5,0.5,15315,
11116,433728,-5.5,0.0,1.96,1,0.0,1.0,0.5,15315,
11117,433728,-3.0,0.0,11.76,2,0.5,0.0,0.5,15315,
11118,433792,-2.6,0.0,5.56,1,0.0,0.0,0.5,15322,
11119,433792,-1.4,0.0,6.25,1,0.0,0.0,0.5,15322,
11120,433920,-4.0,0.0,0.0,0,,,0.5,15334,
11121,433920,-1.6,0.0,15.38,2,0.0,0.0,0.5,15334,
11122,434048,-2.4,0.0,6.25,1,0.0,0.0,0.5,15339,
11123,434048,11.6,1.0,0.0,0,,,0.5,15339,
11124,434048,-4.0,0.0,0.0,0,,,0.5,15339,
11125,434048,-8.0,0.0,11.76,6,0.0,0.5,0.5,15339,
11126,434048,10.4,1.0,28.57,2,0.0,0.5,0.5,15339,
11127,434112,11.5,1.0,0.0,0,,,0.5,15343,
11128,434112,-1.9,0.0,4.76,1,0.0,0.0,0.5,15343,
11129,434176,-2.0,0.0,8.33,1,0.0,0.0,0.5,15346,
11130,434240,-4.5,0.0,1.96,1,0.0,1.0,0.5,15351,
11131,434240,-6.5,0.0,9.8,5,0.0,0.0,0.5,15351,
11132,434240,-3.8,0.0,2.5,1,0.0,0.0,0.5,15351,
11133,434240,-6.5,0.0,9.8,5,0.0,0.8,0.5,15351,
11134,434240,-2.1,0.0,7.69,1,0.0,0.0,0.5,15351,
11135,434304,-5.9,0.0,1.96,1,0.0,0.0,0.5,15354,
11136,434304,-5.5,0.0,5.88,3,0.0,1.0,0.5,15354,
11137,434304,-9.0,0.0,19.61,10,0.1,0.7,0.5,15354,
11138,434368,-1.9,0.0,9.09,1,0.0,0.0,0.5,15358,
11139,434368,-3.5,0.0,11.11,3,0.0,0.3333,0.5,15358,
11140,434432,9.4,1.0,4.55,1,0.0,1.0,0.5,15360,
11141,434432,-3.6,0.0,3.57,1,0.0,0.0,0.5,15360,
11142,434496,-3.4,0.0,9.52,2,0.0,0.5,0.5,15366,
11143,434496,-1.3,0.0,6.67,1,0.0,0.0,0.5,15366,
11144,434496,-3.4,0.0,6.45,2,0.0,0.0,0.5,15366,
11145,434496,-3.0,0.0,3.12,1,0.0,0.0,0.5,15366,
11146,434560,-1.2,0.0,25.0,1,0.0,0.0,0.5,15370,
11147,434560,-1.5,0.0,14.29,1,0.0,0.0,0.5,15370,
11148,434560,-4.0,0.0,0.0,0,,,0.5,15370,
11149,434624,-1.7,0.0,11.11,1,0.0,0.0,0.5,15379,
11150,434624,-6.1,0.0,10.53,4,0.25,0.25,0.5,15379,
11151,434624,-3.9,0.0,3.23,1,0.0,0.0,0.5,15379,
11152,434624,-1.9,0.0,33.33,2,0.5,0.5,0.5,15379,
11153,434624,-3.4,0.0,18.75,3,0.0,0.6667,0.5,15379,
11154,434624,-3.4,0.0,19.05,4,0.0,0.25,0.5,15379,
11155,434688,-2.3,0.0,6.67,1,0.0,0.0,0.5,15385,
11156,434752,-4.5,0.0,1.96,1,0.0,0.0,0.5,15388,
11157,434752,-5.1,0.0,6.98,3,0.0,0.3333,0.5,15388,
11158,434752,-4.5,0.0,11.11,3,0.0,0.3333,0.5,15388,
11159,434816,-4.1,0.0,7.14,2,0.0,0.0,0.5,15392,
11160,434880,-1.8,0.0,5.0,1,0.0,0.0,0.5,15395,
11161,434880,3.0,1.0,30.56,11,0.1818,0.4545,0.5,15395,
11162,434880,-3.0,0.0,4.55,1,0.0,0.0,0.5,15395,
11163,434944,-2.1,0.0,7.69,1,0.0,0.0,0.5,15401,
11164,434944,-2.2,0.0,7.14,1,0.0,0.0,0.5,15401,
11165,434944,-1.9,0.0,9.09,1,0.0,0.0,0.5,15401,
11166,435008,-3.1,0.0,7.14,2,0.0,0.0,0.5,15403,
11167,435008,-2.0,0.0,8.33,1,0.0,0.0,0.5,15403,
11168,435072,-0.4,0.0,16.67,1,0.0,0.0,0.5,15409,
11169,435072,-2.0,0.0,8.33,1,0.0,0.0,0.5,15409,
11170,435072,-2.2,0.0,7.14,1,0.0,0.0,0.5,15409,
11171,435072,-4.5,0.0,6.25,2,0.0,0.5,0.5,15409,
11172,435136,-1.7,0.0,11.11,1,0.0,0.0,0.5,15414,
11173,435136,-2.2,0.0,7.14,1,0.0,0.0,0.5,15414,
11174,435136,-3.9,0.0,5.56,2,0.0,0.5,0.5,15414,
11175,435136,-4.8,0.0,2.5,1,0.0,0.0,0.5,15414,
11176,435200,-4.5,0.0,1.96,1,0.0,1.0,0.5,15417,
11177,435264,11.1,1.0,0.0,0,,,0.5,15419,
11178,435264,-4.6,0.0,6.06,2,0.0,0.0,0.5,15419,
11179,435264,-3.9,0.0,3.23,1,0.0,0.0,0.5,15419,
11180,435328,-2.0,0.0,11.76,2,0.0,0.5,0.5,15423,
11181,435328,-2.1,0.0,7.69,1,0.0,0.0,0.5,15423,
11182,435328,-2.7,0.0,14.29,2,0.0,0.0,0.5,15423,
11183,435392,11.7,1.0,0.0,0,,,0.5,15427,
11184,435392,-4.8,0.0,2.5,1,0.0,0.0,0.5,15427,
11185,435456,-3.0,0.0,4.55,1,0.0,0.0,0.5,15430,
11186,435520,-5.1,0.0,2.33,1,0.0,0.0,0.5,15433,
11187,435520,-5.5,0.0,1.96,1,0.0,0.0,0.5,15433,
11188,435584,-3.0,0.0,11.76,2,0.0,0.5,0.5,15437,
11189,435584,-4.5,0.0,1.96,1,0.0,1.0,0.5,15437,
11190,435648,-1.4,0.0,16.67,1,0.0,0.0,0.5,15440,
11191,435648,-1.6,0.0,12.5,1,0.0,0.0,0.5,15440,
11192,435712,-4.1,0.0,3.03,1,0.0,0.0,0.5,15447,
11193,435712,-1.7,0.0,11.11,1,0.0,0.0,0.5,15447,
11194,435712,-6.0,0.0,7.14,3,0.3333,0.3333,0.5,15447,
11195,435776,-1.3,0.0,6.67,1,0.0,0.0,0.5,15453,
11196,435776,-1.5,0.0,14.29,1,0.0,0.0,0.5,15453,
11197,435840,-2.6,0.0,3.57,1,0.0,0.0,0.5,15455,
11198,435904,-6.5,0.0,5.88,3,0.0,0.3333,0.5,15458,
11199,435968,-3.2,0.0,4.17,1,0.0,0.0,0.5,15463,
11200,436032,-3.7,0.0,8.33,2,0.0,0.0,0.5,15464,
11201,436096,-4.5,0.0,1.96,1,0.0,1.0,0.5,15470,
11202,436096,-1.5,0.0,14.29,1,0.0,0.0,0.5,15470,
11203,436096,-1.1,0.0,7.69,1,0.0,0.0,0.5,15470,
11204,436096,-2.6,0.0,5.56,1,0.0,0.0,0.5,15470,
11205,436096,-2.5,0.0,3.7,1,0.0,0.0,0.5,15470,
11206,436096,-6.1,0.0,8.33,4,0.0,0.25,0.5,15470,
11207,436160,-2.5,0.0,9.09,2,0.0,0.0,0.5,15475,
11208,436160,-3.6,0.0,3.57,1,0.0,0.0,0.5,15475,
11209,436224,10.8,1.0,12.5,1,0.0,1.0,0.5,15479,
11210,436224,7.8,1.0,2.63,1,0.0,1.0,0.5,15479,
11211,436224,-4.6,0.0,7.89,3,0.0,0.3333,0.5,15479,
11212,436224,-1.3,0.0,20.0,1,0.0,0.0,0.5,15479,
11213,436288,-8.5,0.0,24.32,9,0.1111,0.5556,0.5,15484,
11214,436288,-4.0,0.0,5.41,2,0.0,0.5,0.5,15484,
11215,436288,-5.0,0.0,2.38,1,0.0,0.0,0.5,15484,
11216,436288,10.2,1.0,0.0,0,,,0.5,15484,
11217,436352,-2.1,0.0,7.69,1,0.0,0.0,0.5,15488,
11218,436352,9.0,1.0,9.52,2,0.0,0.5,0.5,15488,
11219,436352,-2.6,0.0,5.56,1,0.0,0.0,0.5,15488,
11220,436416,9.4,1.0,11.76,2,0.5,0.5,0.5,15492,
11221,436416,-2.5,0.0,5.88,1,0.0,0.0,0.5,15492,
11222,436544,-3.4,0.0,3.85,1,0.0,0.0,0.5,15499,
11223,436544,-5.2,0.0,5.13,2,0.0,0.0,0.5,15499,
11224,436544,-3.1,0.0,4.35,1,0.0,0.0,0.5,15499,
11225,436544,-5.0,0.0,0.0,0,,,0.5,15499,
11226,436672,-5.0,0.0,0.0,0,,,0.5,15502,
11227,436736,-1.5,0.0,14.29,1,0.0,0.0,0.5,15505,
11228,436736,11.4,1.0,0.0,0,,,0.5,15505,
11229,436736,-5.0,0.0,0.0,0,,,0.5,15505,
11230,436736,-8.0,0.0,15.69,8,0.125,0.5,0.5,15505,
11231,436800,-2.8,0.0,3.33,1,0.0,0.0,0.5,15509,
11232,436800,-4.2,0.0,2.94,1,0.0,0.0,0.5,15509,
11233,436800,-5.5,0.0,1.96,1,0.0,0.0,0.5,15509,
11234,436864,-5.0,0.0,0.0,0,,,0.5,15510,
11235,436864,-2.2,0.0,7.14,1,0.0,0.0,0.5,15510,
11236,436928,9.0,1.0,3.85,1,0.0,0.0,0.5,15517,
11237,436928,-1.8,0.0,10.0,1,0.0,0.0,0.5,15517,
11238,436992,-2.0,0.0,8.33,1,0.0,0.0,0.5,15520,
11239,436992,-2.7,0.0,5.26,1,0.0,0.0,0.5,15520,
11240,436992,-2.8,0.0,5.0,1,0.0,0.0,0.5,15520,
11241,437056,-5.1,0.0,5.26,2,0.0,0.5,0.5,15522,
11242,437120,-4.0,0.0,3.12,1,0.0,0.0,0.5,15527,
11243,437184,-2.3,0.0,6.67,1,0.0,0.0,0.5,15532,
11244,437184,-2.1,0.0,7.69,1,0.0,0.0,0.5,15532,
11245,437184,-1.8,0.0,10.0,1,0.0,0.0,0.5,15532,
11246,437312,-4.5,0.0,2.7,1,0.0,0.0,0.5,15540,
11247,437312,-2.5,0.0,16.67,2,0.0,0.5,0.5,15540,
11248,437312,-1.3,0.0,6.67,1,0.0,0.0,0.5,15540,
11249,437312,-4.3,0.0,6.67,2,0.0,0.5,0.5,15540,
11250,437376,-4.7,0.0,2.56,1,0.0,0.0,0.5,15544,
11251,437376,-2.9,0.0,12.5,2,0.5,0.5,0.5,15544,
11252,437440,-2.9,0.0,4.76,1,0.0,0.0,0.5,15551,
11253,437440,-4.2,0.0,13.79,4,0.0,0.25,0.5,15551,
11254,437440,-2.6,0.0,5.56,1,0.0,0.0,0.5,15551,
11255,437440,-3.9,0.0,14.29,3,0.0,0.3333,0.5,15551,
11256,437504,-2.9,0.0,4.76,1,0.0,0.0,0.5,15554,
11257,437568,-6.4,0.0,3.92,2,0.0,0.0,0.5,15561,
11258,437568,-1.9,0.0,9.09,1,0.0,0.0,0.5,15561,
11259,437568,-2.4,0.0,6.25,1,0.0,0.0,0.5,15561,
11260,437568,-1.4,0.0,16.67,1,0.0,0.0,0.5,15561,
11261,437632,9.2,1.0,10.53,2,0.0,0.5,0.5,15564,
11262,437632,-3.9,0.0,3.23,1,0.0,0.0,0.5,15564,
11263,437696,10.8,1.0,12.5,1,0.0,1.0,0.5,15566,
11264,437696,-2.7,0.0,14.29,2,0.0,0.0,0.5,15566,
11265,437696,-5.5,0.0,4.76,2,0.0,0.0,0.5,15566,
11266,437760,-3.5,0.0,17.65,3,0.0,0.3333,0.5,15571,
11267,437760,-6.0,0.0,3.92,2,0.0,0.5,0.5,15571,
11268,437760,-4.0,0.0,7.41,2,0.0,0.0,0.5,15571,
11269,437824,-5.5,0.0,1.96,1,0.0,1.0,0.5,15577,
11270,437824,-5.0,0.0,0.0,0,,,0.5,15577,
11271,437824,-2.1,0.0,7.69,1,0.0,0.0,0.5,15577,
11272,437824,-3.1,0.0,3.03,1,0.0,0.0,0.5,15577,
11273,437888,-6.5,0.0,9.8,5,0.0,0.6,0.5,15580,
11274,437888,-6.0,0.0,7.84,4,0.0,0.75,0.5,15580,
11275,437888,-6.5,0.0,5.88,3,0.0,0.3333,0.5,15580,
11276,437952,-2.1,0.0,7.69,1,0.0,0.0,0.5,15582,
11277,437952,-3.7,0.0,3.45,1,0.0,0.0,0.5,15582,
11278,438016,-4.5,0.0,1.96,1,0.0,0.0,0.5,15585,
11279,438016,-10.0,0.0,23.53,12,0.0833,0.5,0.5,15585,
11280,438080,-4.4,0.0,4.88,2,0.5,0.5,0.5,15587,
11281,438080,8.7,1.0,3.45,1,0.0,1.0,0.5,15587,
11282,438080,-5.2,0.0,5.13,2,0.0,0.5,0.5,15587,
11283,438144,10.5,1.0,9.09,1,0.0,1.0,0.5,15588,
11284,438208,11.3,1.0,0.0,0,,,0.5,15592,
11285,438208,-7.5,0.0,9.8,5,0.2,0.4,0.5,15592,
11286,438208,-1.8,0.0,10.0,1,0.0,0.0,0.5,15592,
11287,438272,-1.9,0.0,9.09,1,0.0,0.0,0.5,15597,
11288,438336,-5.5,0.0,1.96,1,0.0,0.0,0.5,15598,
11289,438400,-5.0,0.0,0.0,0,,,0.5,15601,
11290,438400,10.7,1.0,11.11,1,1.0,1.0,0.5,15601,
11291,438464,-3.0,0.0,4.55,1,0.0,0.0,0.5,15603,
11292,438464,9.3,1.0,11.11,2,0.0,1.0,0.5,15603,
11293,438528,10.8,1.0,0.0,0,,,0.5,15605,
11294,438528,-1.8,0.0,10.0,1,0.0,0.0,0.5,15605,
11295,438592,8.2,1.0,6.9,2,0.0,1.0,0.5,15608,
11296,438656,-2.1,0.0,7.69,1,0.0,0.0,0.5,15613,
11297,438656,-3.8,0.0,3.33,1,0.0,0.0,0.5,15613,
11298,438656,-6.0,0.0,3.92,2,0.0,0.5,0.5,15613,
11299,438720,-2.0,0.0,4.55,1,0.0,0.0,0.5,15615,
11300,438720,-4.4,0.0,6.45,2,0.0,0.0,0.5,15615,
11301,438784,-7.0,0.0,7.84,4,0.0,0.75,0.5,15620,
11302,438784,-4.0,0.0,3.12,1,0.0,0.0,0.5,15620,
11303,438784,-2.4,0.0,6.25,1,0.0,0.0,0.5,15620,
11304,438848,-3.2,0.0,4.17,1,0.0,0.0,0.5,15623,
11305,438848,-2.1,0.0,7.69,1,0.0,0.0,0.5,15623,
11306,438848,-3.8,0.0,3.33,1,0.0,0.0,0.5,15623,
11307,438912,-2.0,0.0,28.57,2,0.0,0.0,0.5,15628,
11308,438976,-3.3,0.0,4.0,1,0.0,0.0,0.5,15634,
11309,439040,-6.0,0.0,3.92,2,0.0,0.5,0.5,15635,
11310,439040,11.7,1.0,0.0,0,,,0.5,15635,
11311,439104,-6.0,0.0,4.26,2,0.0,0.5,0.5,15640,
11312,439104,-3.4,0.0,18.75,3,0.0,0.3333,0.5,15640,
11313,439104,-4.0,0.0,0.0,0,,,0.5,15640,
11314,439168,-3.2,0.0,2.94,1,0.0,0.0,0.5,15647,
11315,439168,-2.2,0.0,4.17,1,0.0,0.0,0.5,15647,
11316,439168,-1.9,0.0,9.09,1,0.0,0.0,0.5,15647,
11317,439168,-1.7,0.0,11.11,1,0.0,0.0,0.5,15647,
11318,439232,-2.1,0.0,4.35,1,0.0,0.0,0.5,15651,
11319,439232,-3.0,0.0,4.55,1,0.0,0.0,0.5,15651,
11320,439296,-2.5,0.0,9.09,2,0.0,0.5,0.5,15654,
11321,439360,-7.0,0.0,11.76,6,0.0,0.3333,0.5,15656,
11322,439360,-5.5,0.0,1.96,1,0.0,0.0,0.5,15656,
11323,439424,-5.9,0.0,7.32,3,0.3333,0.0,0.5,15658,
11324,439424,-6.0,0.0,7.84,4,0.0,1.0,0.5,15658,
11325,439488,-3.9,0.0,5.56,2,0.0,0.0,0.5,15661,
11326,439488,-6.5,0.0,9.8,5,0.2,0.6,0.5,15661,
11327,439488,-1.3,0.0,20.0,1,0.0,0.0,0.5,15661,
11328,439552,9.6,1.0,5.0,1,0.0,1.0,0.5,15661,
11329,439552,7.1,1.0,13.33,4,0.0,0.25,0.5,15661,
11330,439616,-2.1,0.0,7.69,1,0.0,0.0,0.5,15671,
11331,439616,-2.2,0.0,10.53,2,0.0,0.0,0.5,15671,
11332,439616,-3.2,0.0,4.17,1,0.0,0.0,0.5,15671,
11333,439616,-3.4,0.0,3.85,1,0.0,0.0,0.5,15671,
11334,439616,-2.0,0.0,8.33,1,0.0,0.0,0.5,15671,
11335,439616,10.8,1.0,12.5,1,1.0,1.0,0.5,15671,
11336,439680,-3.8,0.0,5.71,2,0.0,0.5,0.5,15674,
11337,439680,-4.8,0.0,10.0,3,0.0,0.6667,0.5,15674,
11338,439680,-5.5,0.0,1.96,1,0.0,0.0,0.5,15674,
11339,439744,-3.4,0.0,3.85,1,0.0,0.0,0.5,15680,
11340,439808,-7.0,0.0,11.76,6,0.0,0.3333,0.5,15690,
11341,439808,-1.4,0.0,16.67,1,0.0,0.0,0.5,15690,
11342,439808,-2.6,0.0,16.67,3,0.0,0.0,0.5,15690,
11343,439808,-5.3,0.0,2.22,1,0.0,0.0,0.5,15690,
11344,439808,-3.8,0.0,3.33,1,0.0,0.0,0.5,15690,
11345,439872,-3.4,0.0,3.85,1,0.0,0.0,0.5,15693,
11346,439872,-2.2,0.0,4.17,1,0.0,0.0,0.5,15693,
11347,439936,11.2,1.0,0.0,0,,,0.5,15694,
11348,439936,11.8,1.0,0.0,0,,,0.5,15694,
11349,440000,10.6,1.0,0.0,0,,,0.5,15697,
11350,440000,-5.8,0.0,2.0,1,0.0,0.0,0.5,15697,
11351,440064,-2.5,0.0,9.09,2,0.0,0.0,0.5,15700,
11352,440064,-1.7,0.0,11.11,1,0.0,0.0,0.5,15700,
11353,440128,-5.5,0.0,1.96,1,0.0,1.0,0.5,15702,
11354,440192,-0.7,0.0,11.11,1,0.0,0.0,0.5,15708,
11355,440192,-1.1,0.0,7.69,1,0.0,0.0,0.5,15708,
11356,440192,-1.8,0.0,10.0,1,0.0,0.0,0.5,15708,
11357,440192,-4.0,0.0,3.12,1,0.0,0.0,0.5,15708,
11358,440256,-5.0,0.0,0.0,0,,,0.5,15711,
11359,440256,-1.7,0.0,11.11,1,0.0,0.0,0.5,15711,
11360,440320,-3.6,0.0,3.57,1,0.0,0.0,0.5,15717,
11361,440320,9.9,1.0,5.88,1,0.0,0.0,0.5,15717,
11362,440384,-3.1,0.0,4.35,1,0.0,0.0,0.5,15720,
11363,440512,-2.2,0.0,7.14,1,0.0,0.0,0.5,15728,
11364,440512,-2.9,0.0,4.76,1,0.0,0.0,0.5,15728,
11365,440576,-5.2,0.0,4.08,2,0.0,0.0,0.5,15730,
11366,440576,-6.5,0.0,5.88,3,0.0,0.6667,0.5,15730,
11367,440640,-3.6,0.0,8.7,2,0.0,0.5,0.5,15734,
11368,440640,-2.1,0.0,7.69,1,0.0,0.0,0.5,15734,
11369,440640,-6.7,0.0,6.12,3,0.0,0.3333,0.5,15734,
11370,440640,-6.0,0.0,3.92,2,0.0,0.0,0.5,15734,
11371,440704,-7.5,0.0,9.8,5,0.2,0.4,0.5,15740,
11372,440704,-4.9,0.0,9.68,3,0.0,0.3333,0.5,15740,
11373,440768,10.6,1.0,0.0,0,,,0.5,15743,
11374,440832,-8.5,0.0,17.65,9,0.0,0.4444,0.5,15747,
11375,440832,-5.5,0.0,1.96,1,0.0,1.0,0.5,15747,
11376,440832,-4.1,0.0,3.03,1,0.0,0.0,0.5,15747,
11377,440832,-1.8,0.0,10.0,1,0.0,0.0,0.5,15747,
11378,440832,9.1,1.0,20.0,3,0.3333,0.6667,0.5,15747,
11379,440896,-3.3,0.0,4.0,1,0.0,0.0,0.5,15752,
11380,440960,-2.7,0.0,14.29,2,0.0,0.0,0.5,15754,
11381,440960,-5.5,0.0,5.88,3,0.0,0.0,0.5,15754,
11382,441024,-2.4,0.0,6.25,1,0.0,0.0,0.5,15757,
11383,441024,-3.8,0.0,5.71,2,0.0,0.5,0.5,15757,
11384,441024,-5.2,0.0,2.27,1,0.0,0.0,0.5,15757,
11385,441088,-4.0,0.0,0.0,0,,,0.5,15759,
11386,441088,-1.5,0.0,14.29,1,0.0,0.0,0.5,15759,
11387,441152,-1.3,0.0,20.0,1,0.0,0.0,0.5,15763,
11388,441216,-5.5,0.0,1.96,1,0.0,0.0,0.5,15767,
11389,441280,-5.6,0.0,4.65,2,0.0,0.5,0.5,15773,
11390,441280,-3.7,0.0,5.88,2,0.5,0.0,0.5,15773,
11391,441280,-5.5,0.0,5.88,3,0.0,0.0,0.5,15773,
11392,441344,-4.7,0.0,2.56,1,0.0,0.0,0.5,15780,
11393,441344,-5.0,0.0,5.41,2,0.0,0.5,0.5,15780,
11394,441344,-1.7,0.0,11.11,1,0.0,0.0,0.5,15780,
11395,441344,-2.5,0.0,5.88,1,0.0,0.0,0.5,15780,
11396,441472,-5.0,0.0,0.0,0,,,0.5,15787,
11397,441472,-1.3,0.0,20.0,1,0.0,0.0,0.5,15787,
11398,441472,-2.8,0.0,15.0,3,0.0,0.3333,0.5,15787,
11399,441472,-2.3,0.0,6.67,1,0.0,0.0,0.5,15787,
11400,441472,-2.9,0.0,4.76,1,0.0,0.0,0.5,15787,
11401,441536,10.5,1.0,0.0,0,,,0.5,15790,
11402,441536,-1.6,0.0,12.5,1,0.0,0.0,0.5,15790,
11403,441600,8.9,1.0,9.09,2,0.5,1.0,0.5,15795,
11404,441600,-2.7,0.0,5.26,1,0.0,0.0,0.5,15795,
11405,441600,-5.0,0.0,9.38,3,0.0,0.0,0.5,15795,
11406,441664,-5.0,0.0,3.92,2,0.0,0.0,0.5,15797,
11407,441728,-4.3,0.0,2.86,1,0.0,0.0,0.5,15802,
11408,441728,-6.1,0.0,15.15,5,0.2,0.6,0.5,15802,
11409,441728,-1.2,0.0,7.14,1,0.0,0.0,0.5,15802,
11410,441792,-2.6,0.0,5.56,1,0.0,0.0,0.5,15804,
11411,441856,-5.0,0.0,10.81,4,0.0,0.5,0.5,15810,
11412,441856,-2.8,0.0,3.33,1,0.0,0.0,0.5,15810,
11413,441920,-5.0,0.0,0.0,0,,,0.5,15812,
11414,441920,-4.2,0.0,6.9,2,0.0,0.5,0.5,15812,
11415,441984,-1.9,0.0,9.09,1,0.0,0.0,0.5,15814,
11416,441984,-2.5,0.0,5.88,1,0.0,0.0,0.5,15814,
11417,442048,-1.5,0.0,14.29,1,0.0,0.0,0.5,15821,
11418,442048,-2.8,0.0,13.33,2,0.5,0.5,0.5,15821,
11419,442048,-1.7,0.0,5.26,1,0.0,0.0,0.5,15821,
11420,442048,-3.1,0.0,4.35,1,0.0,0.0,0.5,15821,
11421,442112,-5.0,0.0,0.0,0,,,0.5,15824,
11422,442112,-5.1,0.0,5.26,2,0.0,0.5,0.5,15824,
11423,442240,-0.6,0.0,12.5,1,0.0,0.0,0.5,15836,
11424,442240,-3.7,0.0,8.33,2,0.5,0.0,0.5,15836,
11425,442240,-2.2,0.0,7.14,1,0.0,0.0,0.5,15836,
11426,442240,-1.4,0.0,6.25,1,0.0,0.0,0.5,15836,
11427,442240,-4.3,0.0,5.0,2,0.0,0.0,0.5,15836,
11428,442304,-2.6,0.0,30.77,4,0.0,0.5,0.5,15839,
11429,442304,-5.5,0.0,5.88,3,0.0,0.3333,0.5,15839,
11430,442304,-3.1,0.0,4.35,1,0.0,0.0,0.5,15839,
11431,442368,-7.5,0.0,13.73,7,0.1429,0.5714,0.5,15842,
11432,442368,-2.4,0.0,3.85,1,0.0,0.0,0.5,15842,
11433,442432,-8.0,0.0,11.76,6,0.0,0.6667,0.5,15846,
11434,442432,-3.5,0.0,9.09,2,0.0,0.0,0.5,15846,
11435,442496,-5.0,0.0,0.0,0,,,0.5,15849,
11436,442496,-5.5,0.0,4.76,2,0.0,0.0,0.5,15849,
11437,442560,-3.2,0.0,4.17,1,0.0,0.0,0.5,15850,
11438,442560,10.9,1.0,0.0,0,,,0.5,15850,
11439,442624,-7.3,0.0,8.0,4,0.0,0.5,0.5,15854,
11440,442624,-1.9,0.0,9.09,1,0.0,0.0,0.5,15854,
11441,442624,-2.8,0.0,5.0,1,0.0,0.0,0.5,15854,
11442,442624,-1.7,0.0,11.11,1,0.0,0.0,0.5,15854,
11443,442624,10.7,1.0,0.0,0,,,0.5,15854,
11444,442688,-3.0,0.0,11.76,2,0.0,0.5,0.5,15858,
11445,442688,-2.6,0.0,5.56,1,0.0,0.0,0.5,15858,
11446,442688,-4.5,0.0,11.11,3,0.0,0.3333,0.5,15858,
11447,442688,-1.5,0.0,14.29,1,0.0,0.0,0.5,15858,
11448,442752,-1.4,0.0,16.67,1,0.0,0.0,0.5,15863,
11449,442816,-6.3,0.0,4.0,2,0.0,0.0,0.5,15867,
11450,442816,-6.4,0.0,25.81,8,0.25,0.25,0.5,15867,
11451,442816,-2.4,0.0,9.52,2,0.0,0.5,0.5,15867,
11452,442880,-5.0,0.0,0.0,0,,,0.5,15868,
11453,442880,-5.5,0.0,5.88,3,0.0,0.0,0.5,15868,
11454,442944,-3.0,0.0,4.55,1,0.0,0.0,0.5,15874,
11455,442944,-2.2,0.0,7.14,1,0.0,0.0,0.5,15874,
11456,442944,-2.8,0.0,30.0,3,0.0,0.0,0.5,15874,
11457,443008,-2.4,0.0,6.25,1,0.0,0.0,0.5,15879,
11458,443008,-6.1,0.0,4.17,2,0.0,0.5,0.5,15879,
11459,443072,-4.5,0.0,1.96,1,0.0,0.0,0.5,15880,
11460,443072,-4.5,0.0,1.96,1,0.0,0.0,0.5,15880,
11461,443136,-4.2,0.0,2.27,1,0.0,0.0,0.5,15885,
11462,443136,-1.6,0.0,12.5,1,0.0,0.0,0.5,15885,
11463,443136,-2.7,0.0,3.45,1,0.0,0.0,0.5,15885,
11464,443136,-6.5,0.0,5.88,3,0.0,1.0,0.5,15885,
11465,443200,-2.5,0.0,5.88,1,0.0,0.0,0.5,15887,
11466,443264,-2.4,0.0,18.75,3,0.0,0.0,0.5,15891,
11467,443264,-2.0,0.0,8.33,1,0.0,0.0,0.5,15891,
11468,443264,-2.2,0.0,22.22,2,0.0,0.0,0.5,15891,
11469,443264,-5.0,0.0,3.92,2,0.0,0.5,0.5,15891,
11470,443264,-1.8,0.0,10.0,1,0.0,0.0,0.5,15891,
11471,443328,-2.9,0.0,4.76,1,0.0,0.0,0.5,15894,
11472,443392,-0.9,0.0,9.09,1,0.0,0.0,0.5,15902,
11473,443392,-2.6,0.0,5.56,1,0.0,0.0,0.5,15902,
11474,443392,-2.2,0.0,4.17,1,0.0,0.0,0.5,15902,
11475,443392,-4.0,0.0,3.12,1,0.0,0.0,0.5,15902,
11476,443392,-2.5,0.0,5.88,1,0.0,0.0,0.5,15902,
11477,443456,-4.2,0.0,5.13,2,0.0,0.5,0.5,15906,
11478,443456,10.8,1.0,12.5,1,0.0,0.0,0.5,15906,
11479,443456,-6.0,0.0,7.84,4,0.0,1.0,0.5,15906,
11480,443456,-2.2,0.0,4.17,1,0.0,0.0,0.5,15906,
11481,443520,-5.8,0.0,4.44,2,0.0,0.0,0.5,15908,
11482,443520,-5.0,0.0,0.0,0,,,0.5,15908,
11483,443584,-4.1,0.0,3.03,1,0.0,0.0,0.5,15914,
11484,443584,-6.0,0.0,3.92,2,0.5,0.5,0.5,15914,
11485,443584,-1.9,0.0,9.09,1,0.0,0.0,0.5,15914,
11486,443584,-2.0,0.0,8.33,1,0.0,0.0,0.5,15914,
11487,443584,-1.8,0.0,40.0,2,0.5,0.0,0.5,15914,
11488,443648,-3.9,0.0,3.23,1,0.0,0.0,0.5,15918,
11489,443648,-1.8,0.0,10.0,1,0.0,0.0,0.5,15918,
11490,443712,-1.8,0.0,10.0,1,0.0,0.0,0.5,15921,
11491,443712,-1.8,0.0,5.0,1,0.0,0.0,0.5,15921,
11492,443712,-3.1,0.0,4.35,1,0.0,0.0,0.5,15921,
11493,443840,-7.5,0.0,13.73,7,0.1429,0.5714,0.5,15926,
11494,443840,-2.7,0.0,5.26,1,0.0,0.0,0.5,15926,
11495,443904,-4.0,0.0,0.0,0,,,0.5,15927,
11496,443968,-5.0,0.0,5.41,2,0.0,0.0,0.5,15931,
11497,444032,-3.4,0.0,9.52,2,0.5,0.5,0.5,15932,
11498,444096,6.4,1.0,15.62,5,0.2,0.4,0.5,15934,
11499,444096,-2.3,0.0,6.67,1,0.0,0.0,0.5,15934,
11500,444160,-1.4,0.0,6.25,1,0.0,0.0,0.5,15936,
11501,444224,-2.3,0.0,6.67,1,0.0,0.0,0.5,15939,
11502,444224,-2.6,0.0,5.56,1,0.0,0.0,0.5,15939,
11503,444288,-2.4,0.0,6.25,1,0.0,0.0,0.5,15946,
11504,444288,-3.1,0.0,4.35,1,0.0,0.0,0.5,15946,
11505,444288,-2.4,0.0,6.25,1,0.0,0.0,0.5,15946,
11506,444288,-3.0,0.0,4.55,1,0.0,0.0,0.5,15946,
11507,444288,-0.7,0.0,11.11,1,0.0,0.0,0.5,15946,
11508,444288,-4.3,0.0,2.86,1,0.0,0.0,0.5,15946,
11509,444352,-5.5,0.0,1.96,1,0.0,0.0,0.5,15946,
11510,444416,-2.1,0.0,7.69,1,0.0,0.0,0.5,15948,
11511,444416,-1.4,0.0,6.25,1,0.0,0.0,0.5,15948,
11512,444544,-2.7,0.0,5.26,1,0.0,0.0,0.5,15954,
11513,444544,-1.6,0.0,5.56,1,0.0,0.0,0.5,15954,
11514,444544,-4.0,0.0,0.0,0,,,0.5,15954,
11515,444544,-3.8,0.0,10.0,3,0.3333,0.0,0.5,15954,
11516,444608,-5.5,0.0,1.96,1,0.0,1.0,0.5,15960,
11517,444608,-3.1,0.0,4.35,1,0.0,0.0,0.5,15960,
11518,444608,-1.6,0.0,12.5,1,0.0,0.0,0.5,15960,
11519,444672,-5.1,0.0,9.09,3,0.0,0.6667,0.5,15962,
11520,444672,-1.4,0.0,16.67,1,0.0,0.0,0.5,15962,
11521,444736,-3.6,0.0,10.71,3,0.3333,0.6667,0.5,15967,
11522,444736,-5.0,0.0,3.92,2,0.5,0.5,0.5,15967,
11523,444736,-1.2,0.0,7.14,1,0.0,0.0,0.5,15967,
11524,444736,-5.3,0.0,2.22,1,0.0,0.0,0.5,15967,
11525,444736,-5.5,0.0,5.88,3,0.0,0.6667,0.5,15967,
11526,444800,-2.2,0.0,7.14,1,0.0,0.0,0.5,15971,
11527,444800,-2.7,0.0,5.26,1,0.0,0.0,0.5,15971,
11528,444864,-3.7,0.0,3.45,1,0.0,0.0,0.5,15976,
11529,444864,-4.2,0.0,2.94,1,0.0,0.0,0.5,15976,
11530,444864,10.0,1.0,0.0,0,,,0.5,15976,
11531,444928,-0.4,0.0,16.67,1,0.0,0.0,0.5,15979,
11532,444928,-5.2,0.0,2.27,1,0.0,0.0,0.5,15979,
11533,444992,-5.5,0.0,5.88,3,0.3333,0.3333,0.5,15983,
11534,444992,-3.3,0.0,4.0,1,0.0,0.0,0.5,15983,
11535,444992,-3.2,0.0,4.17,1,0.0,0.0,0.5,15983,
11536,444992,-2.0,0.0,8.33,1,0.0,0.0,0.5,15983,
11537,445120,-3.2,0.0,4.17,1,0.0,0.0,0.5,15992,
11538,445120,-2.1,0.0,7.69,1,0.0,0.0,0.5,15992,
11539,445184,-4.0,0.0,3.12,1,0.0,0.0,0.5,15999,
11540,445184,-1.9,0.0,4.76,1,0.0,0.0,0.5,15999,
11541,445440,-2.0,0.0,8.33,1,0.0,0.0,0.5,16007,
11542,445440,-4.4,0.0,4.88,2,0.0,0.5,0.5,16007,
11543,445440,-1.7,0.0,14.29,2,0.0,0.0,0.5,16007,
11544,445504,-1.8,0.0,10.0,1,0.0,0.0,0.5,16011,
11545,445504,-3.7,0.0,8.33,2,0.0,0.5,0.5,16011,
11546,445504,10.7,1.0,0.0,0,,,0.5,16011,
11547,445504,-3.0,0.0,3.12,1,0.0,0.0,0.5,16011,
11548,445504,-4.0,0.0,0.0,0,,,0.5,16011,
11549,445568,-1.9,0.0,9.09,1,0.0,0.0,0.5,16013,
11550,445568,-6.0,0.0,7.84,4,0.0,0.75,0.5,16013,
11551,445632,-5.0,0.0,0.0,0,,,0.5,16014,
11552,445696,-9.0,0.0,15.69,8,0.0,0.625,0.5,16016,
11553,445696,-3.6,0.0,2.63,1,0.0,0.0,0.5,16016,
11554,445760,-4.0,0.0,3.12,1,0.0,0.0,0.5,16020,
11555,445760,-2.0,0.0,8.33,1,0.0,0.0,0.5,16020,
11556,445760,-5.0,0.0,0.0,0,,,0.5,16020,
11557,445824,-5.0,0.0,0.0,0,,,0.5,16025,
11558,445824,-2.2,0.0,7.14,1,0.0,0.0,0.5,16025,
11559,445824,-2.5,0.0,5.88,1,0.0,0.0,0.5,16025,
11560,445888,-3.1,0.0,11.11,2,0.0,0.5,0.5,16026,
11561,445888,-5.0,0.0,0.0,0,,,0.5,16026,
11562,445952,-3.6,0.0,3.57,1,0.0,0.0,0.5,16030,
11563,445952,-3.7,0.0,15.79,3,0.0,0.3333,0.5,16030,
11564,445952,-4.4,0.0,2.78,1,0.0,0.0,0.5,16030,
11565,446016,-3.1,0.0,4.35,1,0.0,0.0,0.5,16034,
11566,446016,-1.5,0.0,14.29,1,0.0,0.0,0.5,16034,
11567,446016,-5.0,0.0,0.0,0,,,0.5,16034,
11568,446080,-6.7,0.0,6.12,3,0.0,0.6667,0.5,16039,
11569,446208,-1.8,0.0,10.0,1,0.0,0.0,0.5,16042,
11570,446272,-3.1,0.0,4.35,1,0.0,0.0,0.5,16045,
11571,446272,-5.8,0.0,4.44,2,0.0,0.5,0.5,16045,
11572,446336,11.4,1.0,0.0,0,,,0.5,16047,
11573,446336,-3.4,0.0,9.52,2,0.0,0.5,0.5,16047,
11574,446336,11.3,1.0,0.0,0,,,0.5,16047,
11575,446400,-3.9,0.0,7.69,2,0.0,0.0,0.5,16049,
11576,446464,-6.5,0.0,9.8,5,0.0,0.2,0.5,16054,
11577,446464,-3.6,0.0,8.7,2,0.0,0.5,0.5,16054,
11578,446464,-1.6,0.0,12.5,1,0.0,0.0,0.5,16054,
11579,446528,-3.4,0.0,3.85,1,0.0,0.0,0.5,16055,
11580,446592,-4.2,0.0,2.94,1,0.0,0.0,0.5,16061,
11581,446592,-2.5,0.0,5.88,1,0.0,0.0,0.5,16061,
11582,446656,-5.5,0.0,1.96,1,0.0,0.0,0.5,16065,
11583,446656,-3.5,0.0,2.7,1,0.0,0.0,0.5,16065,
11584,446720,-5.5,0.0,5.88,3,0.3333,0.6667,0.5,16071,
11585,446720,-6.3,0.0,4.0,2,0.0,0.5,0.5,16071,
11586,446720,-6.2,0.0,4.08,2,0.0,0.5,0.5,16071,
11587,446720,-6.2,0.0,4.08,2,0.0,0.5,0.5,16071,
11588,446720,-5.0,0.0,0.0,0,,,0.5,16071,
11589,446784,-4.6,0.0,2.08,1,0.0,0.0,0.5,16075,
11590,446848,-4.0,0.0,3.12,1,0.0,0.0,0.5,16082,
11591,446848,-4.6,0.0,2.63,1,0.0,0.0,0.5,16082,
11592,446848,-4.9,0.0,7.32,3,0.0,0.6667,0.5,16082,
11593,446848,-3.5,0.0,3.7,1,0.0,0.0,0.5,16082,
11594,446848,-6.1,0.0,11.63,5,0.0,0.8,0.5,16082,
11595,446912,-5.0,0.0,0.0,0,,,0.5,16084,
11596,446912,-4.0,0.0,7.41,2,0.0,0.5,0.5,16084,
11597,446976,-4.5,0.0,6.25,2,0.0,0.0,0.5,16085,
11598,447040,-4.5,0.0,2.7,1,0.0,0.0,0.5,16087,
11599,447168,-7.3,0.0,11.11,5,0.0,0.4,0.5,16094,
11600,447168,-3.4,0.0,3.85,1,0.0,0.0,0.5,16094,
11601,447232,-2.7,0.0,8.33,2,0.0,0.5,0.5,16097,
11602,447232,-3.6,0.0,3.57,1,0.0,0.0,0.5,16097,
11603,447296,-4.5,0.0,1.96,1,0.0,0.0,0.5,16100,
11604,447296,-2.0,0.0,8.33,1,0.0,0.0,0.5,16100,
11605,447424,-4.3,0.0,2.86,1,0.0,0.0,0.5,16106,
11606,447424,9.0,1.0,9.52,2,0.5,1.0,0.5,16106,
11607,447424,-2.6,0.0,5.56,1,0.0,0.0,0.5,16106,
11608,447488,-1.8,0.0,10.0,1,0.0,0.0,0.5,16111,
11609,447488,-7.3,0.0,8.0,4,0.0,0.25,0.5,16111,
11610,447488,-2.0,0.0,8.33,1,0.0,0.0,0.5,16111,
11611,447552,-6.4,0.0,3.92,2,0.0,0.0,0.5,16118,
11612,447552,-2.2,0.0,4.17,1,0.0,0.0,0.5,16118,
11613,447616,-1.5,0.0,14.29,1,0.0,0.0,0.5,16123,
11614,447616,-3.1,0.0,3.03,1,0.0,0.0,0.5,16123,
11615,447616,-4.0,0.0,0.0,0,,,0.5,16123,
11616,447680,-1.5,0.0,14.29,1,0.0,0.0,0.5,16129,
11617,447744,-2.3,0.0,6.67,1,0.0,0.0,0.5,16137,
11618,447744,-1.3,0.0,20.0,1,0.0,0.0,0.5,16137,
11619,447744,-4.1,0.0,7.14,2,0.0,0.5,0.5,16137,
11620,447744,-1.6,0.0,5.56,1,0.0,0.0,0.5,16137,
11621,447744,-6.2,0.0,8.16,4,0.0,0.25,0.5,16137,
11622,447808,-6.0,0.0,3.92,2,0.5,0.0,0.5,16139,
11623,447872,-5.0,0.0,0.0,0,,,0.5,16143,
11624,447936,-4.7,0.0,16.67,4,0.25,0.75,0.5,16147,
11625,447936,-4.2,0.0,2.94,1,0.0,0.0,0.5,16147,
11626,448000,-7.0,0.0,11.76,6,0.3333,0.3333,0.5,16153,
11627,448000,-1.6,0.0,5.56,1,0.0,0.0,0.5,16153,
11628,448000,-1.9,0.0,9.09,1,0.0,0.0,0.5,16153,
11629,448000,-1.5,0.0,14.29,1,0.0,0.0,0.5,16153,
11630,448064,-4.3,0.0,2.86,1,0.0,0.0,0.5,16157,
11631,448128,-3.4,0.0,11.54,3,0.3333,0.0,0.5,16165,
11632,448128,-4.1,0.0,3.03,1,0.0,0.0,0.5,16165,
11633,448128,-1.8,0.0,5.0,1,0.0,0.0,0.5,16165,
11634,448256,-4.5,0.0,1.96,1,0.0,0.0,0.5,16177,
11635,448256,-4.7,0.0,7.69,3,0.0,0.0,0.5,16177,
11636,448256,-1.3,0.0,6.67,1,0.0,0.0,0.5,16177,
11637,448256,-5.0,0.0,5.41,2,0.0,0.0,0.5,16177,
11638,448256,-2.4,0.0,9.52,2,0.0,0.0,0.5,16177,
11639,448320,-1.9,0.0,9.09,1,0.0,0.0,0.5,16180,
11640,448384,-8.5,0.0,13.73,7,0.0,0.4286,0.5,16182,
11641,448384,9.0,1.0,3.85,1,0.0,0.0,0.5,16182,
11642,448384,9.9,1.0,42.86,3,0.3333,1.0,0.5,16182,
11643,448384,-1.7,0.0,11.11,1,0.0,0.0,0.5,16182,
11644,448448,-4.4,0.0,2.17,1,0.0,0.0,0.5,16185,
11645,448448,11.2,1.0,0.0,0,,,0.5,16185,
11646,448512,-0.7,0.0,11.11,1,0.0,0.0,0.5,16192,
11647,448512,-6.8,0.0,13.33,6,0.0,0.5,0.5,16192,
11648,448576,-6.8,0.0,12.5,5,0.0,0.0,0.5,16194,
11649,448640,-2.5,0.0,3.7,1,0.0,0.0,0.5,16200,
11650,448640,-4.4,0.0,8.33,3,0.0,0.3333,0.5,16200,
11651,448704,-8.0,0.0,11.76,6,0.1667,0.5,0.5,16204,
11652,448704,-6.5,0.0,5.88,3,0.0,0.6667,0.5,16204,
11653,448704,-4.6,0.0,4.65,2,0.0,0.0,0.5,16204,
11654,448768,-6.0,0.0,3.92,2,0.0,1.0,0.5,16208,
11655,448768,-1.6,0.0,12.5,1,0.0,0.0,0.5,16208,
11656,448832,-4.4,0.0,6.45,2,0.0,0.0,0.5,16211,
11657,448896,3.7,1.0,14.29,7,0.2857,0.5714,0.5,16215,
11658,448896,-5.6,0.0,2.08,1,0.0,0.0,0.5,16215,
11659,448896,-3.2,0.0,6.9,2,0.0,0.0,0.5,16215,
11660,448896,-2.6,0.0,5.56,1,0.0,0.0,0.5,16215,
11661,448960,-5.5,0.0,1.96,1,0.0,0.0,0.5,16215,
11662,449024,-2.8,0.0,5.0,1,0.0,0.0,0.5,16220,
11663,449024,-1.6,0.0,12.5,1,0.0,0.0,0.5,16220,
11664,449024,-4.5,0.0,4.76,2,0.0,0.0,0.5,16220,
11665,449088,-3.3,0.0,4.0,1,0.0,0.0,0.5,16223,
11666,449088,8.4,1.0,0.0,0,,,0.5,16223,
11667,449088,-3.0,0.0,11.76,2,0.0,0.0,0.5,16223,
11668,449152,-2.2,0.0,7.14,1,0.0,0.0,0.5,16226,
11669,449152,-4.0,0.0,7.41,2,0.0,0.0,0.5,16226,
11670,449280,-1.8,0.0,10.0,1,0.0,0.0,0.5,16233,
11671,449280,-5.4,0.0,2.17,1,0.0,0.0,0.5,16233,
11672,449280,-2.8,0.0,5.0,1,0.0,0.0,0.5,16233,
11673,449280,-2.6,0.0,5.56,1,0.0,0.0,0.5,16233,
11674,449280,9.2,1.0,4.17,1,1.0,1.0,0.5,16233,
11675,449344,-4.7,0.0,17.24,5,0.0,0.4,0.5,16235,
11676,449344,11.0,1.0,0.0,0,,,0.5,16235,
11677,449408,-1.9,0.0,4.76,1,0.0,0.0,0.5,16239,
11678,449408,-5.2,0.0,2.27,1,0.0,0.0,0.5,16239,
11679,449472,-2.5,0.0,5.88,1,0.0,0.0,0.5,16242,
11680,449472,-3.0,0.0,7.41,2,0.0,0.5,0.5,16242,
11681,449472,-7.0,0.0,11.76,6,0.3333,0.3333,0.5,16242,
11682,449472,-4.2,0.0,6.9,2,0.0,0.0,0.5,16242,
11683,449536,-1.8,0.0,5.0,1,0.0,0.0,0.5,16245,
11684,449536,-5.5,0.0,1.96,1,1.0,1.0,0.5,16245,
11685,449600,-2.7,0.0,5.26,1,0.0,0.0,0.5,16247,
11686,449664,-2.9,0.0,4.76,1,0.0,0.0,0.5,16251,
11687,449664,-2.3,0.0,6.67,1,0.0,0.0,0.5,16251,
11688,449664,-1.8,0.0,10.0,1,0.0,0.0,0.5,16251,
11689,449664,-2.7,0.0,5.26,1,0.0,0.0,0.5,16251,
11690,449728,-4.0,0.0,0.0,0,,,0.5,16253,
11691,449728,-4.0,0.0,0.0,0,,,0.5,16253,
11692,449728,-5.6,0.0,4.65,2,0.5,0.0,0.5,16253,
11693,449728,-0.7,0.0,11.11,1,0.0,0.0,0.5,16253,
11694,449792,-7.2,0.0,12.24,6,0.1667,0.3333,0.5,16257,
11695,449792,-3.6,0.0,3.57,1,0.0,0.0,0.5,16257,
11696,449856,-4.0,0.0,7.41,2,0.0,0.5,0.5,16264,
11697,449856,-3.8,0.0,8.0,2,0.0,0.5,0.5,16264,
11698,449920,-6.0,0.0,3.92,2,0.5,0.5,0.5,16267,
11699,449984,-6.0,0.0,3.92,2,0.0,1.0,0.5,16274,
11700,449984,-3.3,0.0,4.0,1,0.0,0.0,0.5,16274,
11701,449984,-5.5,0.0,1.96,1,1.0,0.0,0.5,16274,
11702,449984,-2.1,0.0,25.0,2,0.0,0.5,0.5,16274,
11703,450048,-1.8,1.0,51.28,20,0.1,0.55,0.5,16277,
11704,450048,-2.6,0.0,3.57,1,0.0,0.0,0.5,16277,
11705,450048,-2.9,0.0,7.69,2,0.0,0.5,0.5,16277,
11706,450112,-2.1,0.0,7.69,1,0.0,0.0,0.5,16279,
11707,450112,-1.8,0.0,10.0,1,0.0,0.0,0.5,16279,
11708,450112,-5.0,0.0,0.0,0,,,0.5,16279,
11709,450176,-6.1,0.0,6.98,3,0.0,0.6667,0.5,16286,
11710,450176,-2.5,0.0,5.88,1,0.0,0.0,0.5,16286,
11711,450176,-2.6,0.0,5.56,1,0.0,0.0,0.5,16286,
11712,450304,-3.2,0.0,4.17,1,0.0,0.0,0.5,16292,
11713,450304,-1.7,0.0,11.11,1,0.0,0.0,0.5,16292,
11714,450304,-2.3,0.0,6.67,1,0.0,0.0,0.5,16292,
11715,450304,-0.6,0.0,12.5,1,0.0,0.0,0.5,16292,
11716,450432,-5.5,0.0,1.96,1,0.0,0.0,0.5,16299,
11717,450432,-0.8,0.0,10.0,1,0.0,0.0,0.5,16299,
11718,450432,-2.6,0.0,5.56,1,0.0,0.0,0.5,16299,
11719,450496,-3.0,0.0,4.55,1,0.0,0.0,0.5,16303,
11720,450496,-2.9,0.0,12.5,2,0.0,0.0,0.5,16303,
11721,450496,-5.5,0.0,1.96,1,0.0,0.0,0.5,16303,
11722,450560,-2.7,0.0,5.26,1,0.0,0.0,0.5,16307,
11723,450560,-1.6,0.0,5.56,1,0.0,0.0,0.5,16307,
11724,450560,-4.5,0.0,6.25,2,0.0,0.5,0.5,16307,
11725,450688,-3.7,0.0,8.33,2,0.0,0.0,0.5,16310,
11726,450688,-3.9,0.0,3.23,1,0.0,0.0,0.5,16310,
11727,450752,11.7,1.0,0.0,0,,,0.5,16312,
11728,450752,-5.0,0.0,0.0,0,,,0.5,16312,
11729,450752,-1.5,0.0,5.88,1,0.0,0.0,0.5,16312,
11730,450816,-5.3,0.0,4.0,2,0.0,0.5,0.5,16314,
11731,450880,-1.5,0.0,14.29,1,0.0,0.0,0.5,16316,
11732,450944,-2.5,0.0,9.09,2,0.5,0.5,0.5,16318,
11733,450944,-5.0,0.0,0.0,0,,,0.5,16318,
11734,451008,-1.3,0.0,20.0,1,0.0,0.0,0.5,16324,
11735,451008,-4.5,0.0,11.11,3,0.0,0.3333,0.5,16324,
11736,451008,-4.1,0.0,3.03,1,0.0,0.0,0.5,16324,
11737,451008,-7.0,0.0,11.76,6,0.0,0.6667,0.5,16324,
11738,451072,-4.4,0.0,6.45,2,0.0,0.0,0.5,16327,
11739,451136,8.8,1.0,16.67,3,0.0,0.3333,0.5,16329,
11740,451200,-5.5,0.0,8.11,3,0.0,0.0,0.5,16331,
11741,451264,-5.0,0.0,0.0,0,,,0.5,16335,
11742,451264,-4.5,0.0,2.7,1,0.0,0.0,0.5,16335,
11743,451328,-1.1,0.0,7.69,1,0.0,0.0,0.5,16339,
11744,451328,-1.3,0.0,20.0,1,0.0,0.0,0.5,16339,
11745,451328,-2.1,0.0,4.35,1,0.0,0.0,0.5,16339,
11746,451392,-1.7,0.0,5.26,1,0.0,0.0,0.5,16342,
11747,451392,-5.0,0.0,0.0,0,,,0.5,16342,
11748,451392,-2.8,0.0,5.0,1,0.0,0.0,0.5,16342,
11749,451456,-4.2,0.0,2.94,1,0.0,0.0,0.5,16347,
11750,451456,-6.7,0.0,24.14,7,0.0,0.2857,0.5,16347,
11751,451456,-2.2,0.0,7.14,1,0.0,0.0,0.5,16347,
11752,451520,-5.4,0.0,2.17,1,0.0,0.0,0.5,16355,
11753,451520,10.8,1.0,0.0,0,,,0.5,16355,
11754,451520,-3.0,0.0,3.12,1,0.0,0.0,0.5,16355,
11755,451520,-2.9,0.0,4.76,1,0.0,0.0,0.5,16355,
11756,451520,-1.8,0.0,10.0,1,0.0,0.0,0.5,16355,
11757,451584,-3.8,0.0,3.33,1,0.0,0.0,0.5,16358,
11758,451584,-1.8,0.0,10.0,1,0.0,0.0,0.5,16358,
11759,451584,-2.0,0.0,8.33,1,0.0,0.0,0.5,16358,
11760,451712,-5.2,0.0,2.27,1,0.0,0.0,0.5,16364,
11761,451712,-3.7,0.0,3.45,1,0.0,0.0,0.5,16364,
11762,451712,-2.4,0.0,3.85,1,0.0,0.0,0.5,16364,
11763,451712,-3.0,0.0,4.55,1,0.0,0.0,0.5,16364,
11764,451712,-5.0,0.0,0.0,0,,,0.5,16364,
11765,451776,-1.2,0.0,25.0,1,0.0,0.0,0.5,16367,
11766,451840,-3.0,0.0,4.55,1,0.0,0.0,0.5,16371,
11767,451840,9.0,1.0,3.85,1,0.0,1.0,0.5,16371,
11768,451840,10.7,1.0,11.11,1,1.0,1.0,0.5,16371,
11769,451904,-3.4,0.0,9.52,2,0.0,0.0,0.5,16373,
11770,451968,-0.6,0.0,12.5,1,0.0,0.0,0.5,16378,
11771,451968,-4.6,0.0,7.89,3,0.3333,0.0,0.5,16378,
11772,451968,-4.1,0.0,13.04,3,0.3333,0.0,0.5,16378,
11773,451968,-4.0,0.0,0.0,0,,,0.5,16378,
11774,452032,-6.5,0.0,5.88,3,0.0,0.3333,0.5,16383,
11775,452032,-2.1,0.0,7.69,1,0.0,0.0,0.5,16383,
11776,452032,-1.6,0.0,12.5,1,0.0,0.0,0.5,16383,
11777,452032,-2.9,0.0,3.23,1,0.0,0.0,0.5,16383,
11778,452160,-4.0,0.0,0.0,0,,,0.5,16391,
11779,452160,11.2,1.0,0.0,0,,,0.5,16391,
11780,452224,-5.0,0.0,0.0,0,,,0.5,16395,
11781,452288,-2.3,0.0,6.67,1,0.0,0.0,0.5,16398,
11782,452288,7.1,1.0,8.57,3,0.3333,1.0,0.5,16398,
11783,452288,-3.2,0.0,2.94,1,0.0,0.0,0.5,16398,
11784,452288,11.7,1.0,0.0,0,,,0.5,16398,
11785,452288,-6.0,0.0,7.84,4,0.0,0.75,0.5,16398,
11786,452352,-1.8,0.0,10.0,1,0.0,0.0,0.5,16402,
11787,452352,-1.5,0.0,14.29,1,0.0,0.0,0.5,16402,
11788,452352,-2.9,0.0,4.76,1,0.0,0.0,0.5,16402,
11789,452416,-1.7,0.0,11.11,1,0.0,0.0,0.5,16406,
11790,452416,10.6,1.0,0.0,0,,,0.5,16406,
11791,452416,-4.1,0.0,2.33,1,0.0,0.0,0.5,16406,
11792,452416,-3.5,0.0,9.09,2,0.0,0.0,0.5,16406,
11793,452544,-1.4,0.0,16.67,1,0.0,0.0,0.5,16411,
11794,452544,-8.5,0.0,17.65,9,0.0,0.3333,0.5,16411,
11795,452608,-4.8,0.0,4.44,2,0.0,0.0,0.5,16414,
11796,452608,-6.4,0.0,9.76,4,0.25,0.25,0.5,16414,
11797,452608,11.1,1.0,0.0,0,,,0.5,16414,
11798,452608,-2.5,0.0,5.88,1,0.0,0.0,0.5,16414,
11799,452672,11.5,1.0,0.0,0,,,0.5,16421,
11800,452672,-3.8,0.0,10.0,3,0.0,0.3333,0.5,16421,
11801,452672,-5.0,0.0,0.0,0,,,0.5,16421,
11802,452736,10.9,1.0,0.0,0,,,0.5,16423,
11803,452800,-1.6,0.0,12.5,1,0.0,0.0,0.5,16428,
11804,452800,-3.5,0.0,9.09,2,0.0,0.5,0.5,16428,
11805,452800,-2.2,0.0,10.53,2,0.0,0.0,0.5,16428,
11806,452864,-1.5,0.0,14.29,1,0.0,0.0,0.5,16430,
11807,452928,-4.0,0.0,0.0,0,,,0.5,16433,
11808,452928,-1.2,0.0,7.14,1,0.0,0.0,0.5,16433,
11809,452928,-4.2,0.0,2.27,1,0.0,0.0,0.5,16433,
11810,452928,-4.5,0.0,2.13,1,0.0,0.0,0.5,16433,
11811,452992,-5.5,0.0,5.88,3,0.0,0.6667,0.5,16435,
11812,452992,-4.3,0.0,2.86,1,0.0,0.0,0.5,16435,
11813,452992,-4.5,0.0,1.96,1,0.0,1.0,0.5,16435,
11814,453056,-2.1,0.0,7.69,1,0.0,0.0,0.5,16437,
11815,453056,-2.9,0.0,4.76,1,0.0,0.0,0.5,16437,
11816,453120,-2.4,0.0,18.18,2,0.0,0.5,0.5,16438,
11817,453184,8.0,1.0,11.54,3,0.3333,0.6667,0.5,16439,
11818,453248,-6.5,0.0,9.8,5,0.2,0.6,0.5,16443,
11819,453248,-5.5,0.0,1.96,1,0.0,0.0,0.5,16443,
11820,453376,-3.4,0.0,3.85,1,0.0,0.0,0.5,16453,
11821,453376,-2.1,0.0,7.69,1,0.0,0.0,0.5,16453,
11822,453376,-1.8,0.0,10.0,1,0.0,0.0,0.5,16453,
11823,453376,-2.9,0.0,4.76,1,0.0,0.0,0.5,16453,
11824,453376,-4.0,0.0,3.12,1,0.0,0.0,0.5,16453,
11825,453376,-4.4,0.0,2.78,1,0.0,0.0,0.5,16453,
11826,453440,-2.0,0.0,8.33,1,0.0,0.0,0.5,16457,
11827,453440,-2.5,0.0,5.88,1,0.0,0.0,0.5,16457,
11828,453504,-5.3,0.0,5.0,2,0.0,0.0,0.5,16459,
11829,453504,-3.4,0.0,3.85,1,0.0,0.0,0.5,16459,
11830,453568,-4.0,0.0,0.0,0,,,0.5,16461,
11831,453568,11.8,1.0,0.0,0,,,0.5,16461,
11832,453568,-7.0,0.0,7.84,4,0.0,0.75,0.5,16461,
11833,453568,-6.5,0.0,5.88,3,0.0,0.3333,0.5,16461,
11834,453632,-0.2,0.0,25.0,1,0.0,0.0,0.5,16463,
11835,453632,-5.8,0.0,2.0,1,0.0,0.0,0.5,16463,
11836,453696,-4.3,0.0,6.67,2,0.0,0.5,0.5,16465,
11837,453760,-2.8,0.0,3.33,1,0.0,0.0,0.5,16470,
11838,453760,-6.5,0.0,10.64,5,0.0,0.6,0.5,16470,
11839,453824,-2.7,0.0,5.26,1,0.0,0.0,0.5,16475,
11840,453824,-5.0,0.0,3.92,2,0.0,0.0,0.5,16475,
11841,453888,-4.1,0.0,5.26,2,0.0,0.5,0.5,16481,
11842,453888,-1.9,0.0,9.09,1,0.0,0.0,0.5,16481,
11843,453952,8.6,1.0,15.0,3,0.3333,0.6667,0.5,16483,
11844,454016,-6.3,0.0,6.67,3,0.0,0.0,0.5,16488,
11845,454080,10.8,1.0,12.5,1,0.0,1.0,0.5,16490,
11846,454144,-4.1,0.0,7.14,2,0.0,0.5,0.5,16499,
11847,454144,-5.2,0.0,13.79,4,0.0,0.25,0.5,16499,
11848,454144,-4.2,0.0,6.9,2,0.0,0.0,0.5,16499,
11849,454144,-2.2,0.0,7.14,1,0.0,0.0,0.5,16499,
11850,454144,-1.7,0.0,11.11,1,0.0,0.0,0.5,16499,
11851,454208,11.3,1.0,0.0,0,,,0.5,16503,
11852,454272,-3.6,0.0,8.7,2,0.0,0.0,0.5,16508,
11853,454272,-2.9,0.0,3.23,1,0.0,0.0,0.5,16508,
11854,454272,-5.5,0.0,1.96,1,0.0,0.0,0.5,16508,
11855,454336,-3.0,0.0,4.55,1,0.0,0.0,0.5,16511,
11856,454400,-1.0,0.0,8.33,1,0.0,0.0,0.5,16515,
11857,454464,6.3,1.0,4.17,2,0.0,1.0,0.5,16519,
11858,454464,-3.7,0.0,3.45,1,0.0,0.0,0.5,16519,
11859,454528,-2.6,0.0,5.56,1,0.0,0.0,0.5,16524,
11860,454528,-2.1,0.0,25.0,2,0.0,0.5,0.5,16524,
11861,454528,-4.7,0.0,10.34,3,0.0,0.6667,0.5,16524,
11862,454528,-5.5,0.0,1.96,1,0.0,0.0,0.5,16524,
11863,454528,-4.1,0.0,3.03,1,0.0,0.0,0.5,16524,
11864,454592,-1.5,0.0,14.29,1,0.0,0.0,0.5,16528,
11865,454592,-5.0,0.0,0.0,0,,,0.5,16528,
11866,454592,-3.6,0.0,8.7,2,0.0,0.5,0.5,16528,
11867,454592,-4.2,0.0,2.94,1,0.0,0.0,0.5,16528,
11868,454656,-2.8,0.0,5.0,1,0.0,0.0,0.5,16529,
11869,454656,8.4,1.0,3.12,1,0.0,0.0,0.5,16529,
11870,454656,-6.5,0.0,9.8,5,0.0,0.4,0.5,16529,
11871,454720,-3.7,0.0,15.79,3,0.0,0.3333,0.5,16533,
11872,454720,-3.4,0.0,3.85,1,0.0,0.0,0.5,16533,
11873,454784,-5.5,0.0,5.88,3,0.0,0.6667,0.5,16534,
11874,454848,-5.0,0.0,0.0,0,,,0.5,16538,
11875,454912,-1.9,0.0,9.09,1,0.0,0.0,0.5,16541,
11876,454976,-6.0,0.0,3.92,2,0.0,0.5,0.5,16544,
11877,454976,-5.2,0.0,2.27,1,0.0,0.0,0.5,16544,
11878,454976,-2.7,0.0,5.26,1,0.0,0.0,0.5,16544,
11879,454976,-5.0,0.0,0.0,0,,,0.5,16544,
11880,455040,10.6,1.0,0.0,0,,,0.5,16547,
11881,455104,-4.2,0.0,13.79,4,0.25,0.5,0.5,16550,
11882,455104,-2.3,0.0,4.0,1,0.0,0.0,0.5,16550,
11883,455168,-2.2,0.0,7.14,1,0.0,0.0,0.5,16551,
11884,455232,-6.0,0.0,7.84,4,0.0,0.5,0.5,16556,
11885,455232,-5.0,0.0,3.92,2,0.0,1.0,0.5,16556,
11886,455232,10.8,1.0,0.0,0,,,0.5,16556,
11887,455232,10.1,1.0,6.67,1,0.0,0.0,0.5,16556,
11888,455232,-3.7,0.0,3.45,1,0.0,0.0,0.5,16556,
11889,455232,-1.8,0.0,10.0,1,0.0,0.0,0.5,16556,
11890,455296,9.5,1.0,12.5,2,0.5,1.0,0.5,16563,
11891,455296,-3.4,0.0,3.85,1,0.0,0.0,0.5,16563,
11892,455296,-4.9,0.0,4.35,2,0.0,0.0,0.5,16563,
11893,455296,-3.5,0.0,9.09,2,0.0,0.5,0.5,16563,
11894,455296,-1.0,0.0,8.33,1,0.0,0.0,0.5,16563,
11895,455296,-5.0,0.0,0.0,0,,,0.5,16563,
11896,455360,-2.7,0.0,5.26,1,0.0,0.0,0.5,16568,
11897,455360,7.0,1.0,8.33,3,0.3333,1.0,0.5,16568,
11898,455360,5.3,1.0,15.79,6,0.1667,0.5,0.5,16568,
11899,455424,11.8,1.0,0.0,0,,,0.5,16569,
11900,455488,-3.7,0.0,2.56,1,0.0,0.0,0.5,16572,
11901,455552,-2.2,0.0,7.14,1,0.0,0.0,0.5,16574,
11902,455616,-5.2,0.0,2.27,1,0.0,0.0,0.5,16577,
11903,455680,-2.0,0.0,8.33,1,0.0,0.0,0.5,16581,
11904,455680,-3.4,0.0,2.78,1,0.0,0.0,0.5,16581,
11905,455744,-3.7,0.0,3.45,1,0.0,0.0,0.5,16586,
11906,455744,-2.5,0.0,5.88,1,0.0,0.0,0.5,16586,
11907,455808,-4.8,0.0,2.0,1,0.0,0.0,0.5,16588,
11908,455808,-5.0,0.0,0.0,0,,,0.5,16588,
11909,455808,10.1,1.0,0.0,0,,,0.5,16588,
11910,455872,6.9,1.0,12.5,4,0.25,0.5,0.5,16589,
11911,455936,-1.8,0.0,10.0,1,0.0,0.0,0.5,16592,
11912,455936,-6.0,0.0,4.26,2,0.0,0.5,0.5,16592,
11913,456000,-4.1,0.0,5.26,2,0.0,0.0,0.5,16598,
11914,456000,-3.1,0.0,4.35,1,0.0,0.0,0.5,16598,
11915,456000,11.4,1.0,0.0,0,,,0.5,16598,
11916,456000,-3.1,0.0,4.35,1,0.0,0.0,0.5,16598,
11917,456000,-1.9,0.0,9.09,1,0.0,0.0,0.5,16598,
11918,456064,-2.6,0.0,8.7,2,0.0,0.5,0.5,16602,
11919,456064,-4.4,0.0,8.33,3,0.0,0.3333,0.5,16602,
11920,456064,8.8,1.0,8.7,2,1.0,0.0,0.5,16602,
11921,456064,-5.5,0.0,1.96,1,0.0,0.0,0.5,16602,
11922,456128,-2.0,0.0,28.57,2,0.0,0.0,0.5,16603,
11923,456128,-7.5,0.0,13.73,7,0.1429,0.7143,0.5,16603,
11924,456192,-2.3,0.0,6.67,1,0.0,0.0,0.5,16604,
11925,456192,-5.0,0.0,0.0,0,,,0.5,16604,
11926,456256,-2.8,0.0,5.0,1,0.0,0.0,0.5,16609,
11927,456256,-5.0,0.0,0.0,0,,,0.5,16609,
11928,456256,-7.0,0.0,7.84,4,0.0,0.25,0.5,16609,
11929,456256,-1.3,0.0,6.67,1,0.0,0.0,0.5,16609,
11930,456320,-2.2,0.0,7.14,1,0.0,0.0,0.5,16614,
11931,456320,11.7,1.0,0.0,0,,,0.5,16614,
11932,456320,-1.3,0.0,6.67,1,0.0,0.0,0.5,16614,
11933,456384,-1.7,0.0,11.11,1,0.0,0.0,0.5,16618,
11934,456384,-1.4,0.0,16.67,1,0.0,0.0,0.5,16618,
11935,456576,-3.6,0.0,3.57,1,0.0,0.0,0.5,16626,
11936,456576,-2.9,0.0,4.76,1,0.0,0.0,0.5,16626,
11937,456576,-1.2,0.0,7.14,1,0.0,0.0,0.5,16626,
11938,456576,11.6,1.0,0.0,0,,,0.5,16626,
11939,456640,-5.6,0.0,2.08,1,0.0,0.0,0.5,16630,
11940,456704,-4.0,0.0,0.0,0,,,0.5,16631,
11941,456704,-6.0,0.0,3.92,2,0.0,0.5,0.5,16631,
11942,456768,-1.6,0.0,12.5,1,0.0,0.0,0.5,16634,
11943,456768,-4.0,0.0,3.12,1,0.0,0.0,0.5,16634,
11944,456768,-3.1,0.0,4.35,1,0.0,0.0,0.5,16634,
11945,456832,11.3,1.0,0.0,0,,,0.5,16638,
11946,456832,-4.3,0.0,20.0,5,0.2,0.6,0.5,16638,
11947,456832,-2.9,0.0,7.69,2,0.0,0.0,0.5,16638,
11948,456896,-4.3,0.0,2.86,1,0.0,0.0,0.5,16642,
11949,456896,-4.4,0.0,2.78,1,0.0,0.0,0.5,16642,
11950,456960,-3.3,0.0,4.0,1,0.0,0.0,0.5,16645,
11951,456960,-2.6,0.0,5.56,1,0.0,0.0,0.5,16645,
11952,456960,-3.9,0.0,3.23,1,0.0,0.0,0.5,16645,
11953,457024,-3.8,0.0,3.33,1,0.0,0.0,0.5,16648,
11954,457024,-3.0,0.0,11.76,2,0.0,0.0,0.5,16648,
11955,457088,-1.1,0.0,7.69,1,0.0,0.0,0.5,16654,
11956,457088,-5.5,0.0,1.96,1,0.0,0.0,0.5,16654,
11957,457088,-7.2,0.0,8.16,4,0.0,0.75,0.5,16654,
11958,457088,-4.0,0.0,3.12,1,0.0,0.0,0.5,16654,
11959,457152,-4.7,0.0,5.88,2,0.0,0.0,0.5,16659,
11960,457152,-2.5,0.0,5.88,1,0.0,0.0,0.5,16659,
11961,457152,-2.1,0.0,7.69,1,0.0,0.0,0.5,16659,
11962,457216,-2.4,0.0,6.25,1,0.0,0.0,0.5,16663,
11963,457216,-5.1,0.0,4.17,2,0.0,0.5,0.5,16663,
11964,457216,-2.6,0.0,5.56,1,0.0,0.0,0.5,16663,
11965,457280,-2.6,0.0,5.56,1,0.0,0.0,0.5,16668,
11966,457280,-2.8,0.0,5.0,1,0.0,0.0,0.5,16668,
11967,457344,-1.9,0.0,4.76,1,0.0,0.0,0.5,16673,
11968,457408,-7.5,0.0,13.73,7,0.4286,0.2857,0.5,16675,
11969,457408,-4.5,0.0,1.96,1,0.0,1.0,0.5,16675,
11970,457408,-3.1,0.0,4.35,1,0.0,0.0,0.5,16675,
11971,457408,10.8,1.0,0.0,0,,,0.5,16675,
11972,457472,-1.2,0.0,25.0,1,0.0,0.0,0.5,16680,
11973,457472,-3.1,0.0,4.35,1,0.0,0.0,0.5,16680,
11974,457536,-3.8,0.0,5.71,2,0.0,0.0,0.5,16684,
11975,457600,-2.9,0.0,4.76,1,0.0,0.0,0.5,16690,
11976,457600,-4.5,0.0,2.7,1,0.0,0.0,0.5,16690,
11977,457600,10.4,1.0,8.33,1,0.0,1.0,0.5,16690,
11978,457600,-5.0,0.0,3.92,2,0.5,0.5,0.5,16690,
11979,457600,-3.5,0.0,3.7,1,0.0,0.0,0.5,16690,
11980,457664,-2.0,0.0,8.33,1,0.0,0.0,0.5,16697,
11981,457664,-3.7,0.0,3.45,1,0.0,0.0,0.5,16697,
11982,457664,-2.2,0.0,7.14,1,0.0,0.0,0.5,16697,
11983,457664,-3.6,0.0,8.7,2,0.0,0.0,0.5,16697,
11984,457728,-4.5,0.0,1.96,1,0.0,1.0,0.5,16701,
11985,457728,-1.3,0.0,20.0,1,0.0,0.0,0.5,16701,
11986,457728,-5.1,0.0,5.26,2,0.0,0.5,0.5,16701,
11987,457728,-2.5,0.0,16.67,2,0.0,0.0,0.5,16701,
11988,457728,-6.0,0.0,3.92,2,0.0,0.5,0.5,16701,
11989,457792,-2.1,0.0,23.08,3,0.0,0.0,0.5,16705,
11990,457792,-8.0,0.0,15.69,8,0.0,0.5,0.5,16705,
11991,457856,6.7,1.0,2.04,1,0.0,0.0,0.5,16710,
11992,457856,-1.8,0.0,10.0,1,0.0,0.0,0.5,16710,
11993,457856,-3.5,0.0,2.7,1,0.0,0.0,0.5,16710,
11994,457920,-1.9,0.0,9.09,1,0.0,0.0,0.5,16713,
11995,457920,-2.9,0.0,4.76,1,0.0,0.0,0.5,16713,
11996,458048,-3.8,0.0,3.33,1,0.0,0.0,0.5,16716,
11997,458112,-5.0,0.0,0.0,0,,,0.5,16719,
11998,458112,-5.6,0.0,4.65,2,0.0,0.0,0.5,16719,
11999,458176,-1.5,0.0,14.29,1,0.0,0.0,0.5,16722,
12000,458176,10.4,1.0,8.33,1,1.0,1.0,0.5,16722,
12001,458176,-3.2,0.0,4.17,1,0.0,0.0,0.5,16722,
12002,458176,-3.1,0.0,4.35,1,0.0,0.0,0.5,16722,
12003,458240,-3.3,0.0,10.0,2,0.0,0.0,0.5,16727,
12004,458240,-1.6,0.0,5.56,1,0.0,0.0,0.5,16727,
12005,458240,-4.5,0.0,1.96,1,0.0,0.0,0.5,16727,
12006,458368,-4.5,0.0,6.25,2,0.0,0.5,0.5,16735,
12007,458368,-5.0,0.0,3.92,2,0.0,0.5,0.5,16735,
12008,458496,-5.0,0.0,0.0,0,,,0.5,16740,
12009,458560,-3.6,0.0,8.7,2,0.0,0.0,0.5,16743,
12010,458560,-5.7,0.0,11.76,4,0.5,0.75,0.5,16743,
12011,458624,-2.1,0.0,7.69,1,0.0,0.0,0.5,16747,
12012,458624,-2.4,0.0,6.25,1,0.0,0.0,0.5,16747,
12013,458624,-1.2,0.0,7.14,1,0.0,0.0,0.5,16747,
12014,458688,10.1,1.0,0.0,0,,,0.5,16752,
12015,458688,-2.1,0.0,7.69,1,0.0,0.0,0.5,16752,
12016,458688,-4.7,0.0,10.34,3,0.3333,0.0,0.5,16752,
12017,458688,-1.7,0.0,5.26,1,0.0,0.0,0.5,16752,
12018,458752,-2.4,0.0,18.18,2,0.5,0.5,0.5,16757,
12019,458752,-2.5,0.0,5.88,1,0.0,0.0,0.5,16757,
12020,458816,-2.6,0.0,3.57,1,0.0,0.0,0.5,16760,
12021,458880,-2.3,0.0,20.0,2,0.0,0.5,0.5,16763,
12022,458880,-4.0,0.0,3.12,1,0.0,0.0,0.5,16763,
12023,458880,-3.5,0.0,3.7,1,0.0,0.0,0.5,16763,
12024,458880,-8.5,0.0,13.73,7,0.0,0.7143,0.5,16763,
12025,459008,-6.0,0.0,7.84,4,0.5,0.5,0.5,16768,
12026,459008,-7.5,0.0,13.73,7,0.0,0.7143,0.5,16768,
12027,459008,-1.1,0.0,7.69,1,0.0,0.0,0.5,16768,
12028,459072,-3.1,0.0,4.35,1,0.0,0.0,0.5,16772,
12029,459072,-1.5,0.0,14.29,1,0.0,0.0,0.5,16772,
12030,459136,-3.2,0.0,4.17,1,0.0,0.0,0.5,16778,
12031,459136,-2.3,0.0,6.67,1,0.0,0.0,0.5,16778,
12032,459136,-4.0,0.0,3.12,1,0.0,0.0,0.5,16778,
12033,459200,-3.1,0.0,4.35,1,0.0,0.0,0.5,16782,
12034,459200,-6.2,0.0,4.08,2,0.0,0.0,0.5,16782,
12035,459200,-2.9,0.0,4.76,1,0.0,0.0,0.5,16782,
12036,459264,-2.2,0.0,22.22,2,0.0,0.5,0.5,16786,
12037,459264,-4.0,0.0,7.41,2,0.5,0.0,0.5,16786,
12038,459264,-0.9,0.0,9.09,1,0.0,0.0,0.5,16786,
12039,459264,-5.0,0.0,0.0,0,,,0.5,16786,
12040,459328,-6.3,0.0,10.0,4,0.0,0.25,0.5,16789,
12041,459328,-3.5,0.0,11.11,3,0.0,0.6667,0.5,16789,
12042,459328,-2.6,0.0,8.7,2,0.0,0.5,0.5,16789,
12043,459392,7.4,1.0,5.41,2,0.0,0.0,0.5,16790,
12044,459456,9.0,1.0,3.85,1,0.0,1.0,0.5,16793,
12045,459520,-5.0,0.0,5.41,2,0.0,0.5,0.5,16802,
12046,459520,-5.4,0.0,2.17,1,0.0,0.0,0.5,16802,
12047,459520,-4.6,0.0,2.63,1,0.0,0.0,0.5,16802,
12048,459584,-4.7,0.0,5.88,2,0.0,0.0,0.5,16807,
12049,459648,-7.5,0.0,9.8,5,0.2,0.6,0.5,16807,
12050,459712,-2.9,0.0,4.76,1,0.0,0.0,0.5,16813,
12051,459712,-4.0,0.0,3.12,1,0.0,0.0,0.5,16813,
12052,459712,-1.5,0.0,14.29,1,0.0,0.0,0.5,16813,
12053,459712,-4.8,0.0,2.5,1,0.0,0.0,0.5,16813,
12054,459776,-4.7,0.0,2.56,1,0.0,0.0,0.5,16818,
12055,459776,-7.3,0.0,8.0,4,0.0,0.75,0.5,16818,
12056,459776,-7.1,0.0,8.33,4,0.0,0.25,0.5,16818,
12057,459776,-1.6,0.0,5.56,1,0.0,0.0,0.5,16818,
12058,459776,-3.0,0.0,4.55,1,0.0,0.0,0.5,16818,
12059,459840,-2.1,0.0,7.69,1,0.0,0.0,0.5,16821,
12060,459840,10.6,1.0,0.0,0,,,0.5,16821,
12061,459840,-3.5,0.0,3.7,1,0.0,0.0,0.5,16821,
12062,459904,-3.5,0.0,3.7,1,0.0,0.0,0.5,16826,
12063,459904,-1.9,0.0,9.09,1,0.0,0.0,0.5,16826,
12064,459904,-2.0,0.0,8.33,1,0.0,0.0,0.5,16826,
12065,459904,-4.9,0.0,2.44,1,0.0,0.0,0.5,16826,
12066,460032,-5.5,0.0,1.96,1,0.0,0.0,0.5,16829,
12067,460096,11.6,1.0,0.0,0,,,0.5,16835,
12068,460096,-2.2,0.0,10.53,2,0.0,0.0,0.5,16835,
12069,460160,-2.5,0.0,16.67,2,0.5,0.5,0.5,16839,
12070,460160,-5.0,0.0,0.0,0,,,0.5,16839,
12071,460160,-1.6,0.0,12.5,1,0.0,0.0,0.5,16839,
12072,460224,-4.1,0.0,3.03,1,0.0,0.0,0.5,16846,
12073,460224,-1.9,0.0,9.09,1,0.0,0.0,0.5,16846,
12074,460224,-3.4,0.0,3.85,1,0.0,0.0,0.5,16846,
12075,460288,-2.4,0.0,6.25,1,0.0,0.0,0.5,16852,
12076,460288,10.6,1.0,0.0,0,,,0.5,16852,
12077,460288,-2.0,0.0,8.33,1,0.0,0.0,0.5,16852,
12078,460288,-5.5,0.0,12.5,4,0.5,0.0,0.5,16852,
12079,460288,-2.8,0.0,5.0,1,0.0,0.0,0.5,16852,
12080,460352,-1.6,0.0,5.56,1,0.0,0.0,0.5,16857,
12081,460416,-8.6,0.0,18.75,9,0.1111,0.3333,0.5,16860,
12082,460480,-4.3,0.0,2.86,1,0.0,0.0,0.5,16861,
12083,460544,-2.8,0.0,5.0,1,0.0,0.0,0.5,16863,
12084,460608,10.9,1.0,0.0,0,,,0.5,16864,
12085,460672,-1.4,0.0,16.67,1,0.0,0.0,0.5,16868,
12086,460672,-3.8,0.0,3.33,1,0.0,0.0,0.5,16868,
12087,460672,-1.4,0.0,16.67,1,0.0,0.0,0.5,16868,
12088,460736,11.4,1.0,0.0,0,,,0.5,16871,
12089,460736,-5.5,0.0,1.96,1,0.0,1.0,0.5,16871,
12090,460800,-3.4,0.0,3.85,1,0.0,0.0,0.5,16875,
12091,460800,-6.6,0.0,6.25,3,0.0,0.0,0.5,16875,
12092,460864,-4.0,0.0,2.38,1,0.0,0.0,0.5,16878,
12093,460864,-5.0,0.0,0.0,0,,,0.5,16878,
12094,460864,-1.8,0.0,10.0,1,0.0,0.0,0.5,16878,
12095,460928,-2.2,0.0,7.14,1,0.0,0.0,0.5,16881,
12096,460928,-3.5,0.0,3.7,1,0.0,0.0,0.5,16881,
12097,460928,-5.5,0.0,1.96,1,0.0,0.0,0.5,16881,
12098,460928,-5.0,0.0,0.0,0,,,0.5,16881,
12099,460928,-3.3,0.0,4.0,1,0.0,0.0,0.5,16881,
12100,460992,-6.5,0.0,5.88,3,0.0,0.0,0.5,16886,
12101,460992,-2.2,0.0,7.14,1,0.0,0.0,0.5,16886,
12102,461056,-4.6,0.0,10.71,3,0.0,0.3333,0.5,16889,
12103,461120,10.6,1.0,0.0,0,,,0.5,16895,
12104,461184,8.0,1.0,2.78,1,0.0,0.0,0.5,16898,
12105,461184,-7.4,0.0,11.76,6,0.0,0.3333,0.5,16898,
12106,461184,-6.5,0.0,9.8,5,0.2,0.6,0.5,16898,
12107,461248,-3.8,0.0,2.5,1,0.0,0.0,0.5,16901,
12108,461248,-2.9,0.0,4.76,1,0.0,0.0,0.5,16901,
12109,461312,-4.9,0.0,2.44,1,0.0,0.0,0.5,16907,
12110,461312,-3.7,0.0,8.33,2,0.0,0.5,0.5,16907,
12111,461376,-2.8,0.0,3.33,1,0.0,0.0,0.5,16912,
12112,461376,-5.0,0.0,2.38,1,0.0,0.0,0.5,16912,
12113,461376,-3.6,0.0,3.57,1,0.0,0.0,0.5,16912,
12114,461440,-2.3,0.0,6.67,1,0.0,0.0,0.5,16915,
12115,461504,-1.7,0.0,11.11,1,0.0,0.0,0.5,16919,
12116,461568,-1.8,0.0,10.0,1,0.0,0.0,0.5,16925,
12117,461568,-6.2,0.0,10.26,4,0.0,0.5,0.5,16925,
12118,461568,-2.7,0.0,3.45,1,0.0,0.0,0.5,16925,
12119,461568,-1.9,0.0,9.09,1,0.0,0.0,0.5,16925,
12120,461568,11.8,1.0,0.0,0,,,0.5,16925,
12121,461568,8.9,1.0,3.7,1,0.0,0.0,0.5,16925,
12122,461632,-3.7,0.0,3.45,1,0.0,0.0,0.5,16929,
12123,461760,-1.4,0.0,6.25,1,0.0,0.0,0.5,16935,
12124,461760,-5.0,0.0,0.0,0,,,0.5,16935,
12125,461760,-2.2,0.0,4.17,1,0.0,0.0,0.5,16935,
12126,461760,-1.5,0.0,16.67,2,0.0,0.0,0.5,16935,
12127,461824,-1.2,0.0,25.0,1,0.0,0.0,0.5,16940,
12128,461824,-1.4,0.0,6.25,1,0.0,0.0,0.5,16940,
12129,461888,-2.4,0.0,3.85,1,0.0,0.0,0.5,16945,
12130,461888,-3.4,0.0,6.45,2,0.0,0.0,0.5,16945,
12131,461888,-7.5,0.0,13.73,7,0.1429,0.8571,0.5,16945,
12132,462016,-6.5,0.0,9.8,5,0.2,0.4,0.5,16954,
12133,462080,-7.0,0.0,11.76,6,0.0,0.6667,0.5,16955,
12134,462144,-8.0,0.0,11.76,6,0.0,0.5,0.5,16958,
12135,462144,-1.3,0.0,20.0,1,0.0,0.0,0.5,16958,
12136,462272,-2.1,0.0,25.0,2,0.0,0.0,0.5,16966,
12137,462272,-5.0,0.0,3.92,2,0.0,0.0,0.5,16966,
12138,462272,-4.5,0.0,2.7,1,0.0,0.0,0.5,16966,
12139,462272,-4.4,0.0,6.45,2,0.0,0.5,0.5,16966,
12140,462336,-2.2,0.0,4.17,1,0.0,0.0,0.5,16970,
12141,462336,-2.5,0.0,5.88,1,0.0,0.0,0.5,16970,
12142,462336,-3.4,0.0,3.85,1,0.0,0.0,0.5,16970,
12143,462336,-4.5,0.0,1.96,1,1.0,0.0,0.5,16970,
12144,462400,-3.5,0.0,3.7,1,0.0,0.0,0.5,16976,
12145,462400,-2.6,0.0,5.56,1,0.0,0.0,0.5,16976,
12146,462400,-3.1,0.0,4.35,1,0.0,0.0,0.5,16976,
12147,462400,-8.5,0.0,13.73,7,0.0,0.5714,0.5,16976,
12148,462464,-3.3,0.0,4.0,1,0.0,0.0,0.5,16978,
12149,462528,-2.3,0.0,6.67,1,0.0,0.0,0.5,16982,
12150,462528,-3.3,0.0,4.0,1,0.0,0.0,0.5,16982,
12151,462528,-4.6,0.0,2.63,1,0.0,0.0,0.5,16982,
12152,462592,7.7,1.0,5.88,2,0.0,0.0,0.5,16985,
12153,462592,-10.5,0.0,21.57,11,0.0,0.2727,0.5,16985,
12154,462592,-1.5,0.0,5.88,1,0.0,0.0,0.5,16985,
12155,462656,-1.6,0.0,12.5,1,0.0,0.0,0.5,16990,
12156,462656,-0.3,0.0,20.0,1,0.0,0.0,0.5,16990,
12157,462784,-3.2,0.0,10.53,2,0.0,0.5,0.5,16993,
12158,462784,-6.5,0.0,9.8,5,0.0,0.4,0.5,16993,
12159,462848,-3.2,0.0,4.17,1,0.0,0.0,0.5,16995,
12160,462848,-2.3,0.0,6.67,1,0.0,0.0,0.5,16995,
12161,462912,-4.0,0.0,3.12,1,0.0,0.0,0.5,16998,
12162,462976,-5.0,0.0,0.0,0,,,0.5,17000,
12163,462976,-4.5,0.0,1.96,1,0.0,0.0,0.5,17000,
12164,462976,-5.0,0.0,0.0,0,,,0.5,17000,
12165,462976,10.9,1.0,14.29,1,1.0,1.0,0.5,17000,
12166,463040,-5.0,0.0,0.0,0,,,0.5,17005,
12167,463040,-1.6,0.0,12.5,1,0.0,0.0,0.5,17005,
12168,463040,-5.5,0.0,5.88,3,0.0,0.6667,0.5,17005,
12169,463040,8.3,1.0,3.03,1,0.0,0.0,0.5,17005,
12170,463104,-0.8,0.0,10.0,1,0.0,0.0,0.5,17009,
12171,463104,-4.4,0.0,6.45,2,0.0,0.5,0.5,17009,
12172,463104,-5.0,0.0,3.92,2,0.0,0.0,0.5,17009,
12173,463104,-3.4,0.0,3.85,1,0.0,0.0,0.5,17009,
12174,463168,-4.1,0.0,7.14,2,0.0,0.0,0.5,17019,
12175,463168,-3.4,0.0,9.52,2,0.0,0.0,0.5,17019,
12176,463168,-2.1,0.0,7.69,1,0.0,0.0,0.5,17019,
12177,463168,-1.6,0.0,12.5,1,0.0,0.0,0.5,17019,
12178,463168,-5.0,0.0,0.0,0,,,0.5,17019,
12179,463168,-1.5,0.0,16.67,2,0.0,0.5,0.5,17019,
12180,463168,-1.7,0.0,11.11,1,0.0,0.0,0.5,17019,
12181,463168,-2.2,0.0,7.14,1,0.0,0.0,0.5,17019,
12182,463168,-5.9,0.0,16.13,5,0.2,0.4,0.5,17019,
12183,463168,-2.8,0.0,15.0,3,0.0,0.3333,0.5,17019,
12184,463168,-3.7,0.0,2.56,1,0.0,0.0,0.5,17019,
12185,463232,-2.1,0.0,7.69,1,0.0,0.0,0.5,17022,
12186,463296,-5.5,0.0,9.52,4,0.0,0.75,0.5,17027,
12187,463296,-4.8,0.0,5.71,2,0.0,0.0,0.5,17027,
12188,463296,9.7,1.0,5.26,1,1.0,1.0,0.5,17027,
12189,463424,-2.0,0.0,4.55,1,0.0,0.0,0.5,17032,
12190,463424,-5.0,0.0,0.0,0,,,0.5,17032,
12191,463424,-3.7,0.0,3.45,1,0.0,0.0,0.5,17032,
12192,463424,-3.0,0.0,11.76,2,0.0,0.0,0.5,17032,
12193,463424,-6.5,0.0,9.8,5,0.4,0.4,0.5,17032,
12194,463488,10.0,1.0,50.0,3,0.0,1.0,0.5,17034,
12195,463552,-4.9,0.0,9.68,3,0.0,0.3333,0.5,17037,
12196,463552,-5.0,0.0,0.0,0,,,0.5,17037,
12197,463552,-3.3,0.0,2.86,1,0.0,0.0,0.5,17037,
12198,463552,7.1,1.0,13.33,4,0.25,0.0,0.5,17037,
12199,463616,-3.1,0.0,4.35,1,0.0,0.0,0.5,17040,
12200,463616,-5.0,0.0,0.0,0,,,0.5,17040,
12201,463616,-4.6,0.0,2.63,1,0.0,0.0,0.5,17040,
12202,463680,-1.4,0.0,6.25,1,0.0,0.0,0.5,17043,
12203,463680,-2.5,0.0,5.88,1,0.0,0.0,0.5,17043,
12204,463744,-2.9,0.0,3.23,1,0.0,0.0,0.5,17047,
12205,463744,-1.9,0.0,9.09,1,0.0,0.0,0.5,17047,
12206,463744,-1.3,0.0,20.0,1,0.0,0.0,0.5,17047,
12207,463808,-0.6,0.0,12.5,1,0.0,0.0,0.5,17051,
12208,463808,-5.5,0.0,1.96,1,0.0,1.0,0.5,17051,
12209,463808,-2.7,0.0,5.26,1,0.0,0.0,0.5,17051,
12210,463872,-3.3,0.0,4.0,1,0.0,0.0,0.5,17059,
12211,463872,-0.9,0.0,9.09,1,0.0,0.0,0.5,17059,
12212,463872,8.3,1.0,3.03,1,0.0,1.0,0.5,17059,
12213,463872,-2.0,0.0,8.33,1,0.0,0.0,0.5,17059,
12214,463936,-4.2,0.0,2.94,1,0.0,0.0,0.5,17062,
12215,464000,10.7,1.0,11.11,1,0.0,1.0,0.5,17064,
12216,464000,-7.5,0.0,13.73,7,0.0,0.2857,0.5,17064,
12217,464064,-4.1,0.0,7.14,2,0.0,0.0,0.5,17067,
12218,464128,-3.1,0.0,11.11,2,0.0,0.5,0.5,17072,
12219,464192,-0.7,0.0,11.11,1,0.0,0.0,0.5,17074,
12220,464256,-2.1,0.0,25.0,2,0.0,0.0,0.5,17077,
12221,464256,-6.0,0.0,3.92,2,0.0,1.0,0.5,17077,
12222,464256,-1.9,0.0,4.76,1,0.0,0.0,0.5,17077,
12223,464384,-1.3,0.0,20.0,2,0.5,0.5,0.5,17084,
12224,464384,-1.7,0.0,11.11,1,0.0,0.0,0.5,17084,
12225,464448,-5.5,0.0,1.96,1,0.0,1.0,0.5,17087,
12226,464448,-2.6,0.0,5.56,1,0.0,0.0,0.5,17087,
12227,464512,-2.0,0.0,11.76,2,0.0,0.0,0.5,17092,
12228,464512,-1.8,0.0,10.0,1,0.0,0.0,0.5,17092,
12229,464512,9.0,1.0,9.52,2,0.5,1.0,0.5,17092,
12230,464640,-3.2,0.0,4.17,1,0.0,0.0,0.5,17101,
12231,464640,-7.0,0.0,7.84,4,0.0,0.25,0.5,17101,
12232,464640,-2.3,0.0,20.0,2,0.0,0.5,0.5,17101,
12233,464640,-2.3,0.0,4.0,1,0.0,0.0,0.5,17101,
12234,464704,-7.0,0.0,16.22,6,0.1667,0.1667,0.5,17105,
12235,464704,-4.2,0.0,12.5,3,0.0,0.3333,0.5,17105,
12236,464704,-5.7,0.0,2.04,1,0.0,0.0,0.5,17105,
12237,464768,-2.7,0.0,14.29,2,0.0,0.5,0.5,17107,
12238,464832,-2.7,0.0,3.45,1,0.0,0.0,0.5,17113,
12239,464896,-2.0,0.0,28.57,2,0.5,0.5,0.5,17117,
12240,464960,-1.7,0.0,11.11,1,0.0,0.0,0.5,17122,
12241,464960,-2.9,0.0,4.76,1,0.0,0.0,0.5,17122,
12242,464960,-1.2,0.0,25.0,1,0.0,0.0,0.5,17122,
12243,465024,-2.7,0.0,3.45,1,0.0,0.0,0.5,17126,
12244,465024,-2.5,0.0,16.67,2,0.0,0.5,0.5,17126,
12245,465024,-2.0,0.0,8.33,1,0.0,0.0,0.5,17126,
12246,465152,-5.5,0.0,1.96,1,0.0,1.0,0.5,17130,
12247,465152,-3.3,0.0,4.0,1,0.0,0.0,0.5,17130,
12248,465216,-2.1,0.0,7.69,1,0.0,0.0,0.5,17135,
12249,465216,-4.0,0.0,2.38,1,0.0,0.0,0.5,17135,
12250,465216,-4.0,0.0,5.41,2,0.0,0.5,0.5,17135,
12251,465216,-4.5,0.0,6.25,2,0.5,0.5,0.5,17135,
12252,465344,-1.9,0.0,9.09,1,0.0,0.0,0.5,17141,
12253,465408,-3.2,0.0,4.17,1,0.0,0.0,0.5,17145,
12254,465408,-2.7,0.0,3.45,1,0.0,0.0,0.5,17145,
12255,465472,-3.8,0.0,8.0,2,0.0,0.0,0.5,17149,
12256,465472,-4.7,0.0,10.34,3,0.0,0.0,0.5,17149,
12257,465472,-3.4,0.0,3.85,1,0.0,0.0,0.5,17149,
12258,465472,-1.2,0.0,25.0,1,0.0,0.0,0.5,17149,
12259,465536,-2.2,0.0,7.14,1,0.0,0.0,0.5,17151,
12260,465536,-4.0,0.0,0.0,0,,,0.5,17151,
12261,465600,-4.0,0.0,9.38,3,0.0,0.0,0.5,17160,
12262,465600,-3.4,0.0,3.85,1,0.0,0.0,0.5,17160,
12263,465600,-1.9,0.0,9.09,1,0.0,0.0,0.5,17160,
12264,465600,-6.4,0.0,9.76,4,0.0,0.5,0.5,17160,
12265,465664,-7.0,0.0,7.84,4,0.25,0.25,0.5,17162,
12266,465664,-5.0,0.0,0.0,0,,,0.5,17162,
12267,465664,-3.2,0.0,2.94,1,0.0,0.0,0.5,17162,
12268,465792,-3.4,0.0,3.85,1,0.0,0.0,0.5,17167,
12269,465792,6.0,1.0,9.76,4,0.0,0.75,0.5,17167,
12270,465856,-3.2,0.0,2.94,1,0.0,0.0,0.5,17173,
12271,465856,-0.9,0.0,9.09,1,0.0,0.0,0.5,17173,
12272,465920,-5.3,0.0,2.22,1,0.0,0.0,0.5,17175,
12273,465984,-2.0,0.0,8.33,1,0.0,0.0,0.5,17181,
12274,466048,-1.7,0.0,11.11,1,0.0,0.0,0.5,17184,
12275,466048,-5.5,0.0,1.96,1,0.0,1.0,0.5,17184,
12276,466048,-1.2,0.0,22.22,2,0.0,0.5,0.5,17184,
12277,466048,-5.0,0.0,0.0,0,,,0.5,17184,
12278,466048,-1.8,0.0,5.0,1,0.0,0.0,0.5,17184,
12279,466112,8.7,1.0,3.45,1,0.0,1.0,0.5,17185,
12280,466112,11.4,1.0,0.0,0,,,0.5,17185,
12281,466112,-5.5,0.0,5.88,3,0.0,1.0,0.5,17185,
12282,466176,-1.6,0.0,12.5,1,0.0,0.0,0.5,17191,
12283,466176,-3.4,0.0,3.85,1,0.0,0.0,0.5,17191,
12284,466176,-5.3,0.0,2.22,1,0.0,0.0,0.5,17191,
12285,466176,-2.5,0.0,16.67,2,0.0,0.0,0.5,17191,
12286,466240,-5.5,0.0,1.96,1,0.0,0.0,0.5,17195,
12287,466240,-1.7,0.0,5.26,1,0.0,0.0,0.5,17195,
12288,466240,-2.7,0.0,5.26,1,0.0,0.0,0.5,17195,
12289,466240,-2.3,0.0,10.0,2,0.0,0.0,0.5,17195,
12290,466304,-4.1,0.0,9.09,3,0.3333,0.3333,0.5,17198,
12291,466304,-2.3,0.0,4.0,1,0.0,0.0,0.5,17198,
12292,466304,-6.0,0.0,3.92,2,0.0,0.5,0.5,17198,
12293,466368,-4.8,0.0,2.0,1,0.0,0.0,0.5,17202,
12294,466368,-2.4,0.0,6.25,1,0.0,0.0,0.5,17202,
12295,466368,-5.0,0.0,0.0,0,,,0.5,17202,
12296,466368,-2.5,0.0,3.7,1,0.0,0.0,0.5,17202,
12297,466432,-6.0,0.0,7.84,4,0.0,0.75,0.5,17207,
12298,466432,-4.0,0.0,0.0,0,,,0.5,17207,
12299,466432,-5.0,0.0,0.0,0,,,0.5,17207,
12300,466432,-4.5,0.0,2.13,1,0.0,0.0,0.5,17207,
12301,466432,-2.8,0.0,5.0,1,0.0,0.0,0.5,17207,
12302,466432,-3.1,0.0,4.35,1,0.0,0.0,0.5,17207,
12303,466432,-8.0,0.0,11.76,6,0.1667,0.0,0.5,17207,
12304,466496,-5.4,0.0,3.92,2,0.0,0.5,0.5,17210,
12305,466496,-2.2,0.0,7.14,1,0.0,0.0,0.5,17210,
12306,466560,2.2,1.0,20.41,10,0.1,0.5,0.5,17218,
12307,466560,-4.5,0.0,6.25,2,0.0,0.0,0.5,17218,
12308,466560,-5.7,0.0,4.55,2,0.0,0.5,0.5,17218,
12309,466560,-1.6,0.0,12.5,1,0.0,0.0,0.5,17218,
12310,466560,-1.8,0.0,10.0,1,0.0,0.0,0.5,17218,
12311,466624,-2.4,0.0,6.25,1,0.0,0.0,0.5,17220,
12312,466688,8.7,1.0,15.79,3,0.0,0.3333,0.5,17225,
12313,466688,-4.0,0.0,3.12,1,0.0,0.0,0.5,17225,
12314,466752,-4.7,0.0,26.32,5,0.0,0.2,0.5,17232,
12315,466752,-5.8,0.0,2.0,1,0.0,0.0,0.5,17232,
12316,466752,-5.0,0.0,14.81,4,0.0,0.5,0.5,17232,
12317,466752,-3.2,0.0,4.17,1,0.0,0.0,0.5,17232,
12318,466752,-0.8,0.0,10.0,1,0.0,0.0,0.5,17232,
12319,466880,-3.4,0.0,3.85,1,0.0,0.0,0.5,17238,
12320,466880,-1.6,0.0,12.5,1,0.0,0.0,0.5,17238,
12321,466880,-1.4,0.0,16.67,1,0.0,0.0,0.5,17238,
12322,466880,-1.5,0.0,14.29,1,0.0,0.0,0.5,17238,
12323,466944,-5.0,0.0,3.92,2,0.0,0.5,0.5,17240,
12324,466944,-2.5,0.0,5.88,1,0.0,0.0,0.5,17240,
12325,466944,9.8,1.0,0.0,0,,,0.5,17240,
12326,466944,-2.8,0.0,5.0,1,0.0,0.0,0.5,17240,
12327,467008,-2.0,0.0,8.33,1,0.0,0.0,0.5,17244,
12328,467072,-6.0,0.0,3.92,2,0.5,0.5,0.5,17248,
12329,467072,-1.1,0.0,7.69,1,0.0,0.0,0.5,17248,
12330,467136,-1.7,0.0,11.11,1,0.0,0.0,0.5,17251,
12331,467136,-1.9,0.0,9.09,1,0.0,0.0,0.5,17251,
12332,467136,11.1,1.0,0.0,0,,,0.5,17251,
12333,467200,-2.4,0.0,6.25,1,0.0,0.0,0.5,17256,
12334,467200,-1.5,0.0,14.29,1,0.0,0.0,0.5,17256,
12335,467264,-2.2,0.0,7.14,1,0.0,0.0,0.5,17259,
12336,467264,-5.0,0.0,0.0,0,,,0.5,17259,
12337,467328,-2.4,0.0,6.25,1,0.0,0.0,0.5,17263,
12338,467328,-0.4,0.0,16.67,1,0.0,0.0,0.5,17263,
12339,467328,-5.0,0.0,0.0,0,,,0.5,17263,
12340,467520,-2.6,0.0,5.56,1,0.0,0.0,0.5,17276,
12341,467520,-3.6,0.0,8.7,2,0.0,0.5,0.5,17276,
12342,467584,-2.8,0.0,5.0,1,0.0,0.0,0.5,17283,
12343,467648,-3.1,0.0,4.35,1,0.0,0.0,0.5,17291,
12344,467648,-1.9,0.0,9.09,1,0.0,0.0,0.5,17291,
12345,467648,-1.2,0.0,7.14,1,0.0,0.0,0.5,17291,
12346,467712,-1.8,0.0,10.0,1,0.0,0.0,0.5,17294,
12347,467712,-6.0,0.0,3.92,2,0.0,0.5,0.5,17294,
12348,467776,-2.9,0.0,4.76,1,0.0,0.0,0.5,17300,
12349,467776,-4.5,0.0,1.96,1,0.0,0.0,0.5,17300,
12350,467776,-1.9,0.0,4.76,1,0.0,0.0,0.5,17300,
12351,467840,-4.2,0.0,6.9,2,0.0,0.5,0.5,17301,
12352,467904,-2.9,0.0,25.0,4,0.25,0.5,0.5,17306,
12353,467904,-2.4,0.0,6.25,1,0.0,0.0,0.5,17306,
12354,467904,-2.7,0.0,3.45,1,0.0,0.0,0.5,17306,
12355,467904,-2.5,0.0,16.67,2,0.0,0.0,0.5,17306,
12356,467968,-1.4,0.0,16.67,1,0.0,0.0,0.5,17311,
12357,467968,-5.0,0.0,0.0,0,,,0.5,17311,
12358,468032,-2.9,0.0,4.76,1,0.0,0.0,0.5,17314,
12359,468096,-6.5,0.0,9.8,5,0.2,0.6,0.5,17315,
12360,468160,-2.7,0.0,5.26,1,0.0,0.0,0.5,17319,
12361,468160,-1.4,0.0,16.67,1,0.0,0.0,0.5,17319,
12362,468160,-1.6,0.0,12.5,1,0.0,0.0,0.5,17319,
12363,468224,-5.1,0.0,5.26,2,0.5,0.5,0.5,17323,
12364,468224,-4.4,0.0,19.05,4,0.0,0.25,0.5,17323,
12365,468224,-4.4,0.0,11.54,3,0.3333,0.0,0.5,17323,
12366,468224,10.6,1.0,0.0,0,,,0.5,17323,
12367,468224,-5.0,0.0,0.0,0,,,0.5,17323,
12368,468224,-3.1,0.0,4.35,1,0.0,0.0,0.5,17323,
12369,468288,11.2,1.0,0.0,0,,,0.5,17326,
12370,468288,-4.2,0.0,6.9,2,0.0,0.5,0.5,17326,
12371,468416,10.9,1.0,14.29,1,0.0,0.0,0.5,17333,
12372,468480,-1.3,0.0,6.67,1,0.0,0.0,0.5,17338,
12373,468480,-9.6,0.0,28.95,11,0.1818,0.2727,0.5,17338,
12374,468544,-3.1,0.0,4.35,1,0.0,0.0,0.5,17345,
12375,468608,-6.1,0.0,10.53,4,0.0,0.25,0.5,17351,
12376,468672,-1.7,0.0,11.11,1,0.0,0.0,0.5,17356,
12377,468672,7.6,1.0,2.5,1,0.0,0.0,0.5,17356,
12378,468672,-1.9,0.0,12.5,2,0.0,0.5,0.5,17356,
12379,468672,-8.5,0.0,17.65,9,0.2222,0.3333,0.5,17356,
12380,468736,-2.3,0.0,6.67,1,0.0,0.0,0.5,17360,
12381,468800,-2.2,0.0,7.14,1,0.0,0.0,0.5,17366,
12382,468800,-4.5,0.0,2.7,1,0.0,0.0,0.5,17366,
12383,468800,-0.9,0.0,33.33,2,0.0,0.5,0.5,17366,
12384,468800,-7.0,0.0,7.84,4,0.25,0.75,0.5,17366,
12385,468800,-3.1,0.0,4.35,1,0.0,0.0,0.5,17366,
12386,468864,-4.4,0.0,8.33,3,0.0,0.0,0.5,17374,
12387,468864,-1.8,0.0,10.0,1,0.0,0.0,0.5,17374,
12388,468864,-4.0,0.0,0.0,0,,,0.5,17374,
12389,468864,-2.5,0.0,3.7,1,0.0,0.0,0.5,17374,
12390,468864,-2.2,0.0,7.14,1,0.0,0.0,0.5,17374,
12391,468864,-4.5,0.0,1.96,1,0.0,1.0,0.5,17374,
12392,468928,11.7,1.0,0.0,0,,,0.5,17378,
12393,468928,9.4,1.0,11.76,2,0.0,0.0,0.5,17378,
12394,468928,-1.9,0.0,9.09,1,0.0,0.0,0.5,17378,
12395,468928,-2.2,0.0,7.14,1,0.0,0.0,0.5,17378,
12396,468928,-5.3,0.0,2.22,1,0.0,0.0,0.5,17378,
12397,469056,-4.0,0.0,0.0,0,,,0.5,17382,
12398,469056,-4.3,0.0,2.22,1,0.0,0.0,0.5,17382,
12399,469120,-4.5,0.0,2.7,1,0.0,0.0,0.5,17388,
12400,469120,-4.5,0.0,1.96,1,0.0,0.0,0.5,17388,
12401,469120,-1.6,0.0,12.5,1,0.0,0.0,0.5,17388,
12402,469184,6.8,1.0,7.89,3,0.0,0.6667,0.5,17391,
12403,469184,-6.3,0.0,6.67,3,0.0,0.3333,0.5,17391,
12404,469184,-1.9,0.0,9.09,1,0.0,0.0,0.5,17391,
12405,469248,-2.4,0.0,6.25,1,0.0,0.0,0.5,17394,
12406,469312,-2.9,0.0,12.5,2,0.0,0.0,0.5,17401,
12407,469376,-4.0,0.0,0.0,0,,,0.5,17404,
12408,469376,-4.0,0.0,3.12,1,0.0,0.0,0.5,17404,
12409,469376,-2.7,0.0,5.26,1,0.0,0.0,0.5,17404,
12410,469440,-4.3,0.0,2.86,1,0.0,0.0,0.5,17410,
12411,469440,-1.7,0.0,11.11,1,0.0,0.0,0.5,17410,
12412,469440,-3.3,0.0,20.0,4,0.0,0.25,0.5,17410,
12413,469440,-1.6,0.0,5.56,1,0.0,0.0,0.5,17410,
12414,469504,-4.0,0.0,0.0,0,,,0.5,17414,
12415,469504,-5.2,0.0,8.82,3,0.0,0.3333,0.5,17414,
12416,469504,-6.0,0.0,3.92,2,0.0,0.0,0.5,17414,
12417,469504,-1.9,0.0,9.09,1,0.0,0.0,0.5,17414,
12418,469632,-1.4,0.0,16.67,1,0.0,0.0,0.5,17424,
12419,469632,-8.0,0.0,11.76,6,0.0,0.3333,0.5,17424,
12420,469696,-4.7,0.0,2.56,1,0.0,0.0,0.5,17428,
12421,469696,-8.0,0.0,15.69,8,0.0,1.0,0.5,17428,
12422,469696,-3.4,0.0,6.45,2,0.0,0.5,0.5,17428,
12423,469824,-3.3,0.0,4.0,1,0.0,0.0,0.5,17436,
12424,469824,-7.0,0.0,7.84,4,0.25,0.0,0.5,17436,
12425,469824,-2.4,0.0,6.25,1,0.0,0.0,0.5,17436,
12426,469824,-6.0,0.0,7.84,4,0.0,0.5,0.5,17436,
12427,469888,-1.9,0.0,12.5,2,0.5,0.5,0.5,17440,
12428,469888,-5.5,0.0,1.96,1,0.0,1.0,0.5,17440,
12429,469888,-1.0,0.0,8.33,1,0.0,0.0,0.5,17440,
12430,469888,-1.6,0.0,12.5,1,0.0,0.0,0.5,17440,
12431,469888,-2.9,0.0,12.5,2,0.0,0.0,0.5,17440,
12432,469952,-3.0,0.0,11.76,2,0.0,0.0,0.5,17442,
12433,469952,-7.0,0.0,11.76,6,0.0,0.3333,0.5,17442,
12434,470016,-1.9,0.0,9.09,1,0.0,0.0,0.5,17450,
12435,470016,-2.5,0.0,5.88,1,0.0,0.0,0.5,17450,
12436,470016,-3.1,0.0,11.11,2,0.0,0.0,0.5,17450,
12437,470080,-4.2,0.0,6.9,2,0.5,0.0,0.5,17455,
12438,470080,-2.4,0.0,6.25,1,0.0,0.0,0.5,17455,
12439,470080,-1.6,0.0,5.56,1,0.0,0.0,0.5,17455,
12440,470080,-2.8,0.0,5.0,1,0.0,0.0,0.5,17455,
12441,470144,-2.0,0.0,8.33,1,0.0,0.0,0.5,17460,
12442,470144,-5.5,0.0,5.88,3,0.0,0.3333,0.5,17460,
12443,470144,-1.6,0.0,12.5,1,0.0,0.0,0.5,17460,
12444,470144,-2.3,0.0,6.67,1,0.0,0.0,0.5,17460,
12445,470208,-5.5,0.0,5.88,3,0.0,0.6667,0.5,17462,
12446,470208,-2.0,0.0,8.33,1,0.0,0.0,0.5,17462,
12447,470208,-5.1,0.0,5.26,2,0.0,0.0,0.5,17462,
12448,470272,-5.5,0.0,1.96,1,0.0,0.0,0.5,17464,
12449,470400,8.4,1.0,7.41,2,0.0,0.5,0.5,17468,
12450,470400,-7.5,0.0,13.73,7,0.1429,0.2857,0.5,17468,
12451,470464,-4.8,0.0,2.5,1,0.0,0.0,0.5,17474,
12452,470464,-2.8,0.0,8.0,2,0.0,0.0,0.5,17474,
12453,470464,-1.6,0.0,12.5,1,0.0,0.0,0.5,17474,
12454,470528,-7.5,0.0,9.8,5,0.2,0.8,0.5,17481,
12455,470528,-2.9,0.0,12.5,2,0.0,0.0,0.5,17481,
12456,470528,-3.6,0.0,3.57,1,0.0,0.0,0.5,17481,
12457,470592,-1.2,0.0,7.14,1,0.0,0.0,0.5,17488,
12458,470592,-1.9,0.0,9.09,1,0.0,0.0,0.5,17488,
12459,470592,-2.4,0.0,18.18,2,0.0,0.5,0.5,17488,
12460,470592,-1.3,0.0,20.0,1,0.0,0.0,0.5,17488,
12461,470592,-1.4,0.0,16.67,1,0.0,0.0,0.5,17488,
12462,470720,5.1,1.0,8.0,4,0.0,0.75,0.5,17493,
12463,470720,-1.8,0.0,10.0,1,0.0,0.0,0.5,17493,
12464,470720,-1.6,0.0,12.5,1,0.0,0.0,0.5,17493,
12465,470784,-2.5,0.0,5.88,1,0.0,0.0,0.5,17497,
12466,470784,-1.8,0.0,10.0,1,0.0,0.0,0.5,17497,
12467,470848,9.3,1.0,0.0,0,,,0.5,17504,
12468,470848,-1.6,0.0,15.38,2,0.0,0.5,0.5,17504,
12469,470848,-1.9,0.0,9.09,1,0.0,0.0,0.5,17504,
12470,470848,9.9,1.0,16.67,2,0.5,1.0,0.5,17504,
12471,470912,9.3,1.0,4.35,1,0.0,0.0,0.5,17506,
12472,470912,-3.5,0.0,3.7,1,0.0,0.0,0.5,17506,
12473,470912,-5.0,0.0,0.0,0,,,0.5,17506,
12474,470976,-2.3,0.0,6.67,1,0.0,0.0,0.5,17511,
12475,471040,-1.7,0.0,5.26,1,0.0,0.0,0.5,17517,
12476,471040,9.7,1.0,14.29,2,0.0,0.5,0.5,17517,
12477,471040,-2.9,0.0,4.76,1,0.0,0.0,0.5,17517,
12478,471104,-0.2,0.0,25.0,1,0.0,0.0,0.5,17520,
12479,471168,-4.0,0.0,0.0,0,,,0.5,17525,
12480,471168,-5.5,0.0,1.96,1,0.0,0.0,0.5,17525,
12481,471168,-3.6,0.0,3.57,1,0.0,0.0,0.5,17525,
12482,471168,-3.0,0.0,25.0,3,0.3333,0.6667,0.5,17525,
12483,471168,-3.5,0.0,3.7,1,0.0,0.0,0.5,17525,
12484,471296,-3.0,0.0,4.55,1,0.0,0.0,0.5,17533,
12485,471296,10.7,1.0,0.0,0,,,0.5,17533,
12486,471360,-1.5,0.0,14.29,1,0.0,0.0,0.5,17536,
12487,471360,-1.5,0.0,16.67,2,0.5,0.5,0.5,17536,
12488,471424,-5.0,0.0,0.0,0,,,0.5,17540,
12489,471424,-3.0,0.0,4.55,1,0.0,0.0,0.5,17540,
12490,471424,-2.6,0.0,3.57,1,0.0,0.0,0.5,17540,
12491,471488,-4.4,0.0,8.33,3,0.3333,0.3333,0.5,17548,
12492,471488,-2.0,0.0,8.33,1,0.0,0.0,0.5,17548,
12493,471488,-2.4,0.0,6.25,1,0.0,0.0,0.5,17548,
12494,471488,-6.0,0.0,3.92,2,0.0,0.0,0.5,17548,
12495,471488,-5.0,0.0,2.38,1,0.0,0.0,0.5,17548,
12496,471552,-4.9,0.0,7.32,3,0.3333,0.0,0.5,17551,
12497,471616,-0.5,0.0,14.29,1,0.0,0.0,0.5,17554,
12498,471680,11.7,1.0,0.0,0,,,0.5,17556,
12499,471680,-3.7,0.0,3.45,1,0.0,0.0,0.5,17556,
12500,471680,11.0,1.0,16.67,1,0.0,1.0,0.5,17556,
12501,471744,-1.7,0.0,11.11,1,0.0,0.0,0.5,17558,
12502,471744,-4.0,0.0,0.0,0,,,0.5,17558,
12503,471808,-2.7,0.0,15.79,3,0.0,0.6667,0.5,17563,
12504,471808,-10.0,0.0,19.61,10,0.0,0.6,0.5,17563,
12505,471808,-1.8,0.0,10.0,1,0.0,0.0,0.5,17563,
12506,471872,-1.4,0.0,16.67,1,0.0,0.0,0.5,17565,
12507,471872,-3.3,0.0,10.0,2,0.0,0.5,0.5,17565,
12508,471936,-6.6,0.0,13.16,5,0.4,0.4,0.5,17571,
12509,471936,-2.6,0.0,5.56,1,0.0,0.0,0.5,17571,
12510,471936,-5.0,0.0,0.0,0,,,0.5,17571,
12511,471936,-4.0,0.0,3.12,1,0.0,0.0,0.5,17571,
12512,471936,-4.6,0.0,2.63,1,0.0,0.0,0.5,17571,
12513,471936,-1.3,0.0,20.0,1,0.0,0.0,0.5,17571,
12514,471936,-6.5,0.0,9.8,5,0.4,0.2,0.5,17571,
12515,472064,-5.0,0.0,3.92,2,0.5,0.5,0.5,17576,
12516,472128,-2.7,0.0,5.26,1,0.0,0.0,0.5,17581,
12517,472128,-4.7,0.0,5.88,2,0.0,0.5,0.5,17581,
12518,472128,-2.8,0.0,8.0,2,0.0,0.5,0.5,17581,
12519,472128,11.7,1.0,0.0,0,,,0.5,17581,
12520,472192,-3.4,0.0,6.45,2,0.0,0.0,0.5,17586,
12521,472192,-6.6,0.0,6.25,3,0.0,0.3333,0.5,17586,
12522,472192,-6.0,0.0,3.92,2,0.0,0.5,0.5,17586,
12523,472192,-6.0,0.0,7.84,4,0.0,0.75,0.5,17586,
12524,472256,-3.5,0.0,9.09,2,0.5,0.5,0.5,17594,
12525,472256,-1.4,0.0,16.67,1,0.0,0.0,0.5,17594,
12526,472256,-3.2,0.0,4.17,1,0.0,0.0,0.5,17594,
12527,472256,-3.9,0.0,7.69,2,0.0,0.5,0.5,17594,
12528,472320,-1.4,0.0,16.67,1,0.0,0.0,0.5,17601,
12529,472320,-2.7,0.0,5.26,1,0.0,0.0,0.5,17601,
12530,472320,-1.1,0.0,7.69,1,0.0,0.0,0.5,17601,
12531,472384,-4.5,0.0,1.96,1,0.0,1.0,0.5,17605,
12532,472384,-2.3,0.0,6.67,1,0.0,0.0,0.5,17605,
12533,472384,-4.8,0.0,2.5,1,0.0,0.0,0.5,17605,
12534,472512,-1.9,0.0,9.09,1,0.0,0.0,0.5,17609,
12535,472576,-4.2,0.0,12.5,3,0.0,0.3333,0.5,17612,
12536,472640,-6.8,0.0,12.5,5,0.0,0.4,0.5,17615,
12537,472704,-5.0,0.0,0.0,0,,,0.5,17619,
12538,472704,-2.2,0.0,21.43,3,0.0,0.0,0.5,17619,
12539,472768,-4.4,0.0,6.45,2,0.0,0.0,0.5,17623,
12540,472768,8.6,1.0,15.0,3,0.0,1.0,0.5,17623,
12541,472768,-3.0,0.0,4.55,1,0.0,0.0,0.5,17623,
12542,472768,-4.8,0.0,10.0,3,0.0,0.6667,0.5,17623,
12543,472768,-6.0,0.0,3.92,2,0.0,0.0,0.5,17623,
12544,472832,-3.7,0.0,3.45,1,0.0,0.0,0.5,17628,
12545,472896,-3.5,0.0,3.7,1,0.0,0.0,0.5,17634,
12546,472896,-1.6,0.0,12.5,1,0.0,0.0,0.5,17634,
12547,472896,-3.5,0.0,9.09,2,0.0,0.0,0.5,17634,
12548,472960,11.1,1.0,0.0,0,,,0.5,17638,
12549,472960,-3.8,0.0,3.33,1,0.0,0.0,0.5,17638,
12550,473024,-2.5,0.0,5.88,1,0.0,0.0,0.5,17643,
12551,473024,-0.8,0.0,10.0,1,0.0,0.0,0.5,17643,
12552,473024,-2.9,0.0,4.76,1,0.0,0.0,0.5,17643,
12553,473024,-4.2,0.0,5.13,2,0.0,0.5,0.5,17643,
12554,473088,-9.5,0.0,21.57,11,0.0,0.5455,0.5,17644,
12555,473152,-6.0,0.0,3.92,2,0.0,0.5,0.5,17646,
12556,473216,8.4,1.0,13.64,3,0.0,0.6667,0.5,17652,
12557,473216,-3.1,0.0,7.14,2,0.0,0.5,0.5,17652,
12558,473216,-2.3,0.0,10.0,2,0.0,0.0,0.5,17652,
12559,473216,-3.7,0.0,8.33,2,0.0,0.0,0.5,17652,
12560,473216,11.3,1.0,0.0,0,,,0.5,17652,
12561,473280,9.5,1.0,4.76,1,0.0,1.0,0.5,17654,
12562,473280,-2.4,0.0,6.25,1,0.0,0.0,0.5,17654,
12563,473344,-4.2,0.0,2.27,1,0.0,0.0,0.5,17658,
12564,473344,-4.0,0.0,0.0,0,,,0.5,17658,
12565,473344,-1.7,0.0,5.26,1,0.0,0.0,0.5,17658,
12566,473408,-9.0,0.0,15.69,8,0.125,0.5,0.5,17665,
12567,473408,-1.8,0.0,10.0,1,0.0,0.0,0.5,17665,
12568,473408,-5.3,0.0,5.0,2,0.0,0.0,0.5,17665,
12569,473472,-2.8,0.0,5.0,1,0.0,0.0,0.5,17667,
12570,473536,-1.8,0.0,10.0,1,0.0,0.0,0.5,17672,
12571,473536,-4.9,0.0,2.44,1,0.0,0.0,0.5,17672,
12572,473600,-4.8,0.0,2.5,1,0.0,0.0,0.5,17677,
12573,473600,-2.1,0.0,7.69,1,0.0,0.0,0.5,17677,
12574,473600,-2.6,0.0,8.7,2,0.5,0.0,0.5,17677,
12575,473664,-4.0,0.0,7.41,2,0.0,0.5,0.5,17681,
12576,473728,-5.5,0.0,1.96,1,0.0,1.0,0.5,17686,
12577,473728,-5.5,0.0,5.88,3,0.3333,0.3333,0.5,17686,
12578,473728,-4.4,0.0,12.9,4,0.0,0.5,0.5,17686,
12579,473728,-3.6,0.0,3.57,1,0.0,0.0,0.5,17686,
12580,473728,-2.7,0.0,8.33,2,0.0,0.5,0.5,17686,
12581,473728,9.1,1.0,4.0,1,0.0,0.0,0.5,17686,
12582,473792,-7.6,0.0,10.42,5,0.2,0.4,0.5,17690,
12583,473792,-2.1,0.0,7.69,1,0.0,0.0,0.5,17690,
12584,473856,-1.4,0.0,16.67,1,0.0,0.0,0.5,17695,
12585,473856,-2.3,0.0,4.0,1,0.0,0.0,0.5,17695,
12586,473856,-5.5,0.0,1.96,1,0.0,0.0,0.5,17695,
12587,473984,-2.2,0.0,7.14,1,0.0,0.0,0.5,17702,
12588,473984,-0.7,0.0,11.11,1,0.0,0.0,0.5,17702,
12589,474176,-2.1,0.0,7.69,1,0.0,0.0,0.5,17711,
12590,474240,-3.2,0.0,10.53,2,0.0,0.0,0.5,17716,
12591,474240,-2.3,0.0,6.67,1,0.0,0.0,0.5,17716,
12592,474240,-2.4,0.0,6.25,1,0.0,0.0,0.5,17716,
12593,474304,-3.3,0.0,4.0,1,0.0,0.0,0.5,17723,
12594,474304,-6.7,0.0,6.12,3,0.3333,0.3333,0.5,17723,
12595,474304,8.1,1.0,33.33,5,0.4,0.6,0.5,17723,
12596,474304,-5.0,0.0,14.81,4,0.25,0.5,0.5,17723,
12597,474304,-2.2,0.0,4.17,1,0.0,0.0,0.5,17723,
12598,474368,-2.3,0.0,6.67,1,0.0,0.0,0.5,17727,
12599,474432,-1.9,0.0,9.09,1,0.0,0.0,0.5,17730,
12600,474496,-4.3,0.0,2.86,1,0.0,0.0,0.5,17734,
12601,474496,-2.6,0.0,5.56,1,0.0,0.0,0.5,17734,
12602,474496,-3.6,0.0,8.7,2,0.0,0.0,0.5,17734,
12603,474560,-4.9,0.0,11.11,4,0.0,0.5,0.5,17739,
12604,474560,-1.9,0.0,4.76,1,0.0,0.0,0.5,17739,
12605,474560,-2.1,0.0,7.69,1,0.0,0.0,0.5,17739,
12606,474560,-5.0,0.0,0.0,0,,,0.5,17739,
12607,474624,-6.4,0.0,3.92,2,0.0,0.0,0.5,17743,
12608,474624,-4.3,0.0,5.0,2,0.0,0.5,0.5,17743,
12609,474624,-3.7,0.0,3.45,1,0.0,0.0,0.5,17743,
12610,474688,-3.4,0.0,3.85,1,0.0,0.0,0.5,17747,
12611,474688,-7.0,0.0,8.51,4,0.0,0.5,0.5,17747,
12612,474688,-4.4,0.0,2.78,1,0.0,0.0,0.5,17747,
12613,474688,-3.7,0.0,8.33,2,0.0,0.5,0.5,17747,
12614,474752,-1.6,0.0,12.5,1,0.0,0.0,0.5,17750,
12615,474752,-4.5,0.0,1.96,1,0.0,0.0,0.5,17750,
12616,474752,-3.8,0.0,3.33,1,0.0,0.0,0.5,17750,
12617,474752,9.8,1.0,5.56,1,0.0,0.0,0.5,17750,
12618,474816,-1.3,0.0,6.67,1,0.0,0.0,0.5,17752,
12619,474816,-7.5,0.0,9.8,5,0.0,0.4,0.5,17752,
12620,474880,-1.6,0.0,12.5,1,0.0,0.0,0.5,17756,
12621,474944,-1.8,0.0,10.0,1,0.0,0.0,0.5,17759,
12622,475008,-4.7,0.0,2.56,1,0.0,0.0,0.5,17761,
12623,475008,-6.0,0.0,3.92,2,0.0,0.5,0.5,17761,
12624,475072,-2.6,0.0,8.7,2,0.0,0.0,0.5,17768,
12625,475072,9.4,1.0,4.55,1,0.0,0.0,0.5,17768,
12626,475200,-4.9,0.0,9.68,3,0.0,0.3333,0.5,17776,
12627,475200,-1.9,0.0,4.76,1,0.0,0.0,0.5,17776,
12628,475200,-5.0,0.0,0.0,0,,,0.5,17776,
12629,475328,-5.5,0.0,2.13,1,0.0,0.0,0.5,17783,
12630,475392,-2.2,0.0,7.14,1,0.0,0.0,0.5,17791,
12631,475392,-4.2,0.0,8.82,3,0.0,0.3333,0.5,17791,
12632,475392,-10.0,0.0,23.53,12,0.0833,0.5833,0.5,17791,
12633,475392,-9.3,0.0,16.0,8,0.125,0.25,0.5,17791,
12634,475392,-4.3,0.0,12.0,3,0.0,0.6667,0.5,17791,
12635,475456,-1.0,0.0,8.33,1,0.0,0.0,0.5,17796,
12636,475456,-6.0,0.0,3.92,2,0.0,0.0,0.5,17796,
12637,475456,-4.8,0.0,2.5,1,0.0,0.0,0.5,17796,
12638,475456,-1.6,0.0,5.56,1,0.0,0.0,0.5,17796,
12639,475456,-1.9,0.0,9.09,1,0.0,0.0,0.5,17796,
12640,475520,-1.9,0.0,9.09,1,0.0,0.0,0.5,17802,
12641,475520,-2.8,0.0,5.0,1,0.0,0.0,0.5,17802,
12642,475520,-2.0,0.0,8.33,1,0.0,0.0,0.5,17802,
12643,475520,-2.3,0.0,6.67,1,0.0,0.0,0.5,17802,
12644,475520,-3.6,0.0,3.57,1,0.0,0.0,0.5,17802,
12645,475584,-2.1,0.0,7.69,1,0.0,0.0,0.5,17808,
12646,475584,-5.5,0.0,13.51,5,0.0,0.4,0.5,17808,
12647,475584,-4.0,0.0,0.0,0,,,0.5,17808,
12648,475648,-3.0,0.0,11.76,2,0.0,0.0,0.5,17812,
12649,475712,-3.5,0.0,9.09,2,0.0,0.5,0.5,17814,
12650,475776,-2.6,0.0,16.67,3,0.0,0.3333,0.5,17816,
12651,475840,-1.8,0.0,10.0,1,0.0,0.0,0.5,17823,
12652,475840,-2.1,0.0,7.69,1,0.0,0.0,0.5,17823,
12653,475840,-2.3,0.0,6.67,1,0.0,0.0,0.5,17823,
12654,475904,-1.9,0.0,9.09,1,0.0,0.0,0.5,17826,
12655,475904,-8.0,0.0,11.76,6,0.0,0.1667,0.5,17826,
12656,475968,10.9,1.0,14.29,1,1.0,1.0,0.5,17829,
12657,476032,-1.7,0.0,11.11,1,0.0,0.0,0.5,17833,
12658,476032,-5.0,0.0,0.0,0,,,0.5,17833,
12659,476032,-3.0,0.0,4.55,1,0.0,0.0,0.5,17833,
12660,476096,-1.9,0.0,12.5,2,0.0,0.0,0.5,17836,
12661,476096,-5.7,0.0,2.04,1,0.0,0.0,0.5,17836,
12662,476096,-2.2,0.0,4.17,1,0.0,0.0,0.5,17836,
12663,476160,8.2,1.0,6.9,2,0.0,1.0,0.5,17838,
12664,476160,-4.4,0.0,2.78,1,0.0,0.0,0.5,17838,
12665,476160,-5.0,0.0,0.0,0,,,0.5,17838,
12666,476224,9.8,1.0,0.0,0,,,0.5,17844,
12667,476224,-2.2,0.0,7.14,1,0.0,0.0,0.5,17844,
12668,476224,-3.2,0.0,10.53,2,0.0,0.5,0.5,17844,
12669,476224,-1.4,0.0,18.18,2,0.5,0.0,0.5,17844,
12670,476224,-0.8,0.0,10.0,1,0.0,0.0,0.5,17844,
12671,476288,-4.0,0.0,0.0,0,,,0.5,17848,
12672,476288,-4.4,0.0,2.78,1,0.0,0.0,0.5,17848,
12673,476352,-5.4,0.0,2.17,1,0.0,0.0,0.5,17851,
12674,476416,-2.4,0.0,6.25,1,0.0,0.0,0.5,17855,
12675,476416,-3.5,0.0,3.7,1,0.0,0.0,0.5,17855,
12676,476416,-2.4,0.0,6.25,1,0.0,0.0,0.5,17855,
12677,476416,-6.2,0.0,4.08,2,0.0,0.0,0.5,17855,
12678,476480,-4.9,0.0,4.35,2,0.0,0.5,0.5,17860,
12679,476544,-1.1,0.0,7.69,1,0.0,0.0,0.5,17865,
12680,476608,-2.4,0.0,6.25,1,0.0,0.0,0.5,17868,
12681,476608,-4.0,0.0,9.38,3,0.0,0.0,0.5,17868,
12682,476608,-3.9,0.0,2.44,1,0.0,0.0,0.5,17868,
12683,476672,-3.1,0.0,4.35,1,0.0,0.0,0.5,17872,
12684,476736,-2.8,0.0,5.0,1,0.0,0.0,0.5,17876,
12685,476736,-2.3,0.0,6.67,1,0.0,0.0,0.5,17876,
12686,476800,-7.0,0.0,11.76,6,0.1667,0.6667,0.5,17879,
12687,476864,-1.9,0.0,9.09,1,0.0,0.0,0.5,17885,
12688,476864,-7.0,0.0,11.76,6,0.0,0.3333,0.5,17885,
12689,476864,-1.0,0.0,8.33,1,0.0,0.0,0.5,17885,
12690,476864,-4.0,0.0,2.38,1,0.0,0.0,0.5,17885,
12691,476928,-5.8,0.0,6.0,3,0.0,0.6667,0.5,17889,
12692,476928,-3.5,0.0,9.09,2,0.5,0.0,0.5,17889,
12693,476928,-2.5,0.0,5.88,1,0.0,0.0,0.5,17889,
12694,476992,-4.0,0.0,0.0,0,,,0.5,17892,
12695,476992,-7.4,0.0,7.84,4,0.0,0.25,0.5,17892,
12696,477056,-3.3,0.0,4.0,1,0.0,0.0,0.5,17897,
12697,477056,-5.0,0.0,0.0,0,,,0.5,17897,
12698,477056,-3.3,0.0,4.0,1,0.0,0.0,0.5,17897,
12699,477120,-2.7,0.0,5.26,1,0.0,0.0,0.5,17902,
12700,477184,-2.3,0.0,4.0,1,0.0,0.0,0.5,17907,
12701,477184,-4.0,0.0,7.41,2,0.0,0.0,0.5,17907,
12702,477184,3.2,1.0,25.64,10,0.0,0.7,0.5,17907,
12703,477248,-1.7,0.0,11.11,1,0.0,0.0,0.5,17913,
12704,477312,-5.0,0.0,5.41,2,0.0,0.5,0.5,17920,
12705,477312,-2.2,0.0,7.14,1,0.0,0.0,0.5,17920,
12706,477312,-3.9,0.0,14.29,3,0.0,0.6667,0.5,17920,
12707,477312,7.4,1.0,22.73,5,0.2,1.0,0.5,17920,
12708,477440,-1.6,0.0,5.56,1,0.0,0.0,0.5,17926,
12709,477440,-3.0,0.0,4.55,1,0.0,0.0,0.5,17926,
12710,477440,-3.5,0.0,9.09,2,0.0,0.0,0.5,17926,
12711,477504,-3.0,0.0,4.55,1,0.0,0.0,0.5,17931,
12712,477504,-7.5,0.0,13.73,7,0.0,0.4286,0.5,17931,
12713,477504,-3.2,0.0,10.53,2,0.0,0.0,0.5,17931,
12714,477504,-2.5,0.0,5.88,1,0.0,0.0,0.5,17931,
12715,477504,-5.1,0.0,5.26,2,0.0,0.0,0.5,17931,
12716,477568,-2.0,0.0,28.57,2,0.5,0.5,0.5,17936,
12717,477568,-5.0,0.0,0.0,0,,,0.5,17936,
12718,477568,-6.1,0.0,4.17,2,0.5,0.5,0.5,17936,
12719,477632,-3.3,0.0,4.0,1,0.0,0.0,0.5,17939,
12720,477696,-5.0,0.0,0.0,0,,,0.5,17939,
12721,477696,11.3,1.0,0.0,0,,,0.5,17939,
12722,477760,-5.0,0.0,5.41,2,0.0,0.5,0.5,17944,
12723,477760,-1.3,0.0,6.67,1,0.0,0.0,0.5,17944,
12724,477760,-5.5,0.0,5.88,3,0.0,0.0,0.5,17944,
12725,477760,-2.2,0.0,7.14,1,0.0,0.0,0.5,17944,
12726,477824,-1.6,0.0,12.5,1,0.0,0.0,0.5,17947,
12727,477888,-1.9,0.0,9.09,1,0.0,0.0,0.5,17955,
12728,477888,10.0,1.0,6.25,1,0.0,1.0,0.5,17955,
12729,477888,-4.0,0.0,7.41,2,0.0,0.5,0.5,17955,
12730,477888,-5.5,0.0,1.96,1,1.0,0.0,0.5,17955,
12731,477888,-1.4,0.0,16.67,1,0.0,0.0,0.5,17955,
12732,477952,-5.0,0.0,3.92,2,0.0,0.0,0.5,17958,
12733,478016,-2.4,0.0,6.25,1,0.0,0.0,0.5,17960,
12734,478080,11.2,1.0,0.0,0,,,0.5,17964,
12735,478080,-3.7,0.0,3.45,1,0.0,0.0,0.5,17964,
12736,478080,-3.2,0.0,10.53,2,0.0,0.0,0.5,17964,
12737,478080,-10.0,0.0,23.53,12,0.0,0.5833,0.5,17964,
12738,478144,-5.1,0.0,2.33,1,0.0,0.0,0.5,17968,
12739,478144,-2.7,0.0,14.29,2,0.0,0.5,0.5,17968,
12740,478144,-5.4,0.0,8.33,3,0.0,0.3333,0.5,17968,
12741,478208,-1.6,0.0,5.56,1,0.0,0.0,0.5,17971,
12742,478272,-1.0,0.0,8.33,1,0.0,0.0,0.5,17974,
12743,478336,-1.7,0.0,11.11,1,0.0,0.0,0.5,17979,
12744,478336,-2.8,0.0,5.0,1,0.0,0.0,0.5,17979,
12745,478400,8.5,1.0,14.29,3,0.3333,0.6667,0.5,17983,
12746,478400,-2.7,0.0,14.29,2,0.5,0.5,0.5,17983,
12747,478464,-1.4,0.0,16.67,1,0.0,0.0,0.5,17991,
12748,478464,-3.7,0.0,3.45,1,0.0,0.0,0.5,17991,
12749,478528,-1.6,0.0,12.5,1,0.0,0.0,0.5,17998,
12750,478528,-1.0,0.0,8.33,1,0.0,0.0,0.5,17998,
12751,478528,-2.7,0.0,5.26,1,0.0,0.0,0.5,17998,
12752,478528,-2.5,0.0,5.88,1,0.0,0.0,0.5,17998,
12753,478528,-2.6,0.0,15.38,2,0.5,0.5,0.5,17998,
12754,478592,11.6,1.0,0.0,0,,,0.5,18004,
12755,478592,-4.3,0.0,20.0,4,0.25,0.5,0.5,18004,
12756,478592,-5.8,0.0,2.0,1,0.0,0.0,0.5,18004,
12757,478592,-2.5,0.0,3.7,1,0.0,0.0,0.5,18004,
12758,478656,-4.7,0.0,5.88,2,0.0,0.5,0.5,18009,
12759,478656,-4.6,0.0,2.63,1,0.0,0.0,0.5,18009,
12760,478656,-1.5,0.0,14.29,1,0.0,0.0,0.5,18009,
12761,478656,-2.0,0.0,8.33,1,0.0,0.0,0.5,18009,
12762,478784,10.7,1.0,0.0,0,,,0.5,18016,
12763,478784,-9.4,0.0,15.69,8,0.125,0.5,0.5,18016,
12764,478784,-5.5,0.0,1.96,1,0.0,1.0,0.5,18016,
12765,478784,-1.6,0.0,15.38,2,0.0,0.0,0.5,18016,
12766,478848,-1.5,0.0,5.88,1,0.0,0.0,0.5,18021,
12767,478912,-4.4,0.0,2.78,1,0.0,0.0,0.5,18026,
12768,478912,-6.6,0.0,10.42,5,0.2,0.0,0.5,18026,
12769,478912,-6.0,0.0,7.84,4,0.25,0.25,0.5,18026,
12770,478912,-5.2,0.0,2.27,1,0.0,0.0,0.5,18026,
12771,478976,-2.5,0.0,5.88,1,0.0,0.0,0.5,18032,
12772,478976,-0.6,0.0,12.5,1,0.0,0.0,0.5,18032,
12773,478976,-4.0,0.0,3.12,1,0.0,0.0,0.5,18032,
12774,478976,6.1,1.0,10.0,4,0.0,0.5,0.5,18032,
12775,479040,-2.8,0.0,5.0,1,0.0,0.0,0.5,18035,
12776,479040,-3.2,0.0,21.43,3,0.0,0.3333,0.5,18035,
12777,479104,-1.7,0.0,11.11,1,0.0,0.0,0.5,18039,
12778,479168,-4.2,0.0,2.94,1,0.0,0.0,0.5,18040,
12779,479168,9.7,1.0,0.0,0,,,0.5,18040,
12780,479232,-1.8,0.0,10.0,1,0.0,0.0,0.5,18045,
12781,479232,-1.3,0.0,20.0,1,0.0,0.0,0.5,18045,
12782,479232,-5.3,0.0,6.67,3,0.0,0.6667,0.5,18045,
12783,479232,11.6,1.0,0.0,0,,,0.5,18045,
12784,479296,-3.7,0.0,3.45,1,0.0,0.0,0.5,18053,
12785,479296,-1.8,0.0,10.0,1,0.0,0.0,0.5,18053,
12786,479360,10.8,1.0,0.0,0,,,0.5,18058,
12787,479360,-6.2,0.0,4.08,2,0.0,0.5,0.5,18058,
12788,479360,-3.2,0.0,4.17,1,0.0,0.0,0.5,18058,
12789,479424,10.2,1.0,7.14,1,1.0,1.0,0.5,18060,
12790,479424,-5.5,0.0,5.88,3,0.0,0.0,0.5,18060,
12791,479424,9.5,1.0,4.76,1,0.0,1.0,0.5,18060,
12792,479424,-2.5,0.0,16.67,2,0.0,0.0,0.5,18060,
12793,479488,-5.0,0.0,0.0,0,,,0.5,18067,
12794,479488,-3.8,0.0,3.33,1,0.0,0.0,0.5,18067,
12795,479488,-1.6,0.0,12.5,1,0.0,0.0,0.5,18067,
12796,479488,-2.1,0.0,25.0,2,0.0,0.5,0.5,18067,
12797,479488,-5.0,0.0,0.0,0,,,0.5,18067,
12798,479488,-1.9,0.0,9.09,1,0.0,0.0,0.5,18067,
12799,479552,10.1,1.0,6.67,1,0.0,1.0,0.5,18076,
12800,479552,-0.5,0.0,14.29,1,0.0,0.0,0.5,18076,
12801,479552,-1.2,0.0,25.0,1,0.0,0.0,0.5,18076,
12802,479552,9.5,1.0,12.5,2,0.5,0.5,0.5,18076,
12803,479552,-4.7,0.0,10.34,3,0.0,0.0,0.5,18076,
12804,479616,-1.4,0.0,6.25,1,0.0,0.0,0.5,18082,
12805,479680,-7.5,0.0,9.8,5,0.0,0.4,0.5,18086,
12806,479680,-3.2,0.0,12.5,3,0.0,0.6667,0.5,18086,
12807,479680,-0.5,0.0,14.29,1,0.0,0.0,0.5,18086,
12808,479680,-3.3,0.0,4.0,1,0.0,0.0,0.5,18086,
12809,479744,-7.1,0.0,15.79,6,0.3333,0.1667,0.5,18091,
12810,479744,-5.8,0.0,2.0,1,0.0,0.0,0.5,18091,
12811,479744,-3.4,0.0,3.85,1,0.0,0.0,0.5,18091,
12812,479872,-6.7,0.0,10.2,5,0.2,0.2,0.5,18098,
12813,479872,-4.0,0.0,0.0,0,,,0.5,18098,
12814,479872,-1.0,0.0,28.57,2,0.0,0.0,0.5,18098,
12815,479872,-0.7,0.0,11.11,1,0.0,0.0,0.5,18098,
12816,479936,-4.5,0.0,2.7,1,0.0,0.0,0.5,18103,
12817,479936,-6.1,0.0,15.79,6,0.0,0.3333,0.5,18103,
12818,479936,-3.1,0.0,4.35,1,0.0,0.0,0.5,18103,
12819,480000,-6.6,0.0,6.25,3,0.3333,0.0,0.5,18106,
12820,480000,-6.0,0.0,7.84,4,0.25,0.75,0.5,18106,
12821,480000,9.5,1.0,12.5,2,0.5,1.0,0.5,18106,
12822,480064,-2.8,0.0,5.0,1,0.0,0.0,0.5,18109,
12823,480064,-1.8,0.0,5.0,1,0.0,0.0,0.5,18109,
12824,480064,-1.9,0.0,9.09,1,0.0,0.0,0.5,18109,
12825,480128,-2.7,0.0,5.26,1,0.0,0.0,0.5,18113,
12826,480128,-2.3,0.0,6.67,1,0.0,0.0,0.5,18113,
12827,480128,-5.0,0.0,2.38,1,0.0,0.0,0.5,18113,
12828,480192,-1.8,0.0,10.0,1,0.0,0.0,0.5,18115,
12829,480192,-1.7,0.0,11.11,1,0.0,0.0,0.5,18115,
12830,480192,-7.0,0.0,11.76,6,0.1667,0.6667,0.5,18115,
12831,480256,-2.0,0.0,8.33,1,0.0,0.0,0.5,18124,
12832,480256,-2.9,0.0,12.5,2,0.5,0.5,0.5,18124,
12833,480256,-2.4,0.0,18.18,2,0.0,0.0,0.5,18124,
12834,480256,-1.4,0.0,16.67,1,0.0,0.0,0.5,18124,
12835,480256,-3.4,0.0,9.52,2,0.0,0.5,0.5,18124,
12836,480320,-5.2,0.0,4.08,2,0.0,0.0,0.5,18127,
12837,480320,-2.1,0.0,7.69,1,0.0,0.0,0.5,18127,
12838,480384,-5.0,0.0,9.38,3,0.0,0.3333,0.5,18130,
12839,480384,11.3,1.0,0.0,0,,,0.5,18130,
12840,480384,-2.9,0.0,4.76,1,0.0,0.0,0.5,18130,
12841,480448,-1.6,0.0,12.5,1,0.0,0.0,0.5,18133,
12842,480448,-2.0,0.0,8.33,1,0.0,0.0,0.5,18133,
12843,480576,-1.8,0.0,10.0,1,0.0,0.0,0.5,18140,
12844,480576,11.6,1.0,0.0,0,,,0.5,18140,
12845,480640,-2.6,0.0,5.56,1,0.0,0.0,0.5,18145,
12846,480768,-2.2,0.0,7.14,1,0.0,0.0,0.5,18154,
12847,480832,-4.5,0.0,1.96,1,1.0,0.0,0.5,18157,
12848,480832,-2.5,0.0,5.88,1,0.0,0.0,0.5,18157,
12849,480832,-2.0,0.0,28.57,2,0.5,0.5,0.5,18157,
12850,480832,-3.2,0.0,6.9,2,0.0,0.5,0.5,18157,
12851,480896,-2.0,0.0,8.33,1,0.0,0.0,0.5,18163,
12852,480896,-7.0,0.0,12.77,6,0.0,0.5,0.5,18163,
12853,480896,-2.4,0.0,6.25,1,0.0,0.0,0.5,18163,
12854,480896,-5.3,0.0,5.0,2,0.0,0.0,0.5,18163,
12855,480960,-2.7,0.0,5.26,1,0.0,0.0,0.5,18167,
12856,480960,-3.2,0.0,4.17,1,0.0,0.0,0.5,18167,
12857,481024,-4.1,0.0,7.14,2,0.0,0.0,0.5,18174,
12858,481024,-4.9,0.0,2.44,1,0.0,0.0,0.5,18174,
12859,481024,-5.7,0.0,2.04,1,0.0,0.0,0.5,18174,
12860,481024,-2.0,0.0,8.33,1,0.0,0.0,0.5,18174,
12861,481088,10.5,1.0,9.09,1,0.0,1.0,0.5,18178,
12862,481088,-1.9,0.0,9.09,1,0.0,0.0,0.5,18178,
12863,481088,-2.1,0.0,7.69,1,0.0,0.0,0.5,18178,
12864,481152,-4.5,0.0,2.7,1,0.0,0.0,0.5,18184,
12865,481152,-2.5,0.0,5.88,1,0.0,0.0,0.5,18184,
12866,481216,-2.5,0.0,5.88,1,0.0,0.0,0.5,18192,
12867,481216,-4.5,0.0,2.7,1,0.0,0.0,0.5,18192,
12868,481216,-1.4,0.0,16.67,1,0.0,0.0,0.5,18192,
12869,481216,-2.6,0.0,16.67,3,0.0,0.0,0.5,18192,
12870,481216,-4.2,0.0,6.9,2,0.0,0.0,0.5,18192,
12871,481216,-2.9,0.0,7.69,2,0.0,0.0,0.5,18192,
12872,481216,9.2,1.0,4.17,1,0.0,1.0,0.5,18192,
12873,481280,-5.8,0.0,11.43,4,0.25,0.5,0.5,18196,
12874,481280,-1.5,0.0,14.29,1,0.0,0.0,0.5,18196,
12875,481408,-1.6,0.0,12.5,1,0.0,0.0,0.5,18202,
12876,481408,-7.0,0.0,11.76,6,0.0,0.5,0.5,18202,
12877,481408,10.8,1.0,12.5,1,0.0,1.0,0.5,18202,
12878,481408,-5.2,0.0,14.71,5,0.0,0.4,0.5,18202,
12879,481472,-1.9,0.0,9.09,1,0.0,0.0,0.5,18209,
12880,481472,-5.1,0.0,9.09,3,0.3333,0.6667,0.5,18209,
12881,481472,-2.9,0.0,12.5,2,0.0,0.0,0.5,18209,
12882,481472,-5.0,0.0,9.38,3,0.3333,0.3333,0.5,18209,
12883,481536,-4.0,0.0,9.38,3,0.0,0.0,0.5,18212,
12884,481536,-1.6,0.0,12.5,1,0.0,0.0,0.5,18212,
12885,481536,-1.5,0.0,14.29,1,0.0,0.0,0.5,18212,
12886,481600,-4.0,0.0,13.64,3,0.0,0.3333,0.5,18218,
12887,481600,-4.3,0.0,12.0,3,0.0,0.3333,0.5,18218,
12888,481600,-3.0,0.0,4.55,1,0.0,0.0,0.5,18218,
12889,481664,5.8,1.0,18.18,6,0.1667,0.6667,0.5,18218,
12890,481664,-4.0,0.0,0.0,0,,,0.5,18218,
12891,481728,10.8,1.0,12.5,1,0.0,0.0,0.5,18223,
12892,481728,-3.4,0.0,3.85,1,0.0,0.0,0.5,18223,
12893,481792,10.6,1.0,10.0,1,0.0,0.0,0.5,18223,
12894,481792,-6.5,0.0,9.8,5,0.2,0.6,0.5,18223,
12895,481856,-2.1,0.0,7.69,1,0.0,0.0,0.5,18229,
12896,481856,-5.0,0.0,0.0,0,,,0.5,18229,
12897,481920,-2.1,0.0,7.69,1,0.0,0.0,0.5,18233,
12898,481920,-5.0,0.0,0.0,0,,,0.5,18233,
12899,481920,-4.5,0.0,1.96,1,0.0,0.0,0.5,18233,
12900,481920,-1.3,0.0,20.0,1,0.0,0.0,0.5,18233,
12901,482048,10.8,1.0,12.5,1,0.0,1.0,0.5,18240,
12902,482112,-1.6,0.0,12.5,1,0.0,0.0,0.5,18246,
12903,482112,-1.5,0.0,14.29,1,0.0,0.0,0.5,18246,
12904,482112,-2.3,0.0,10.0,2,0.0,0.5,0.5,18246,
12905,482176,-1.9,0.0,9.09,1,0.0,0.0,0.5,18249,
12906,482176,-1.9,0.0,9.09,1,0.0,0.0,0.5,18249,
12907,482176,6.3,1.0,10.53,4,0.25,0.75,0.5,18249,
12908,482176,-4.7,0.0,2.56,1,0.0,0.0,0.5,18249,
12909,482240,9.9,1.0,5.88,1,0.0,1.0,0.5,18251,
12910,482304,-3.0,0.0,11.76,2,0.0,0.0,0.5,18254,
12911,482304,11.5,1.0,0.0,0,,,0.5,18254,
12912,482304,-1.7,0.0,11.11,1,0.0,0.0,0.5,18254,
12913,482368,-1.8,0.0,5.0,1,0.0,0.0,0.5,18258,
12914,482368,-5.5,0.0,12.5,4,0.0,0.25,0.5,18258,
12915,482432,-2.3,0.0,6.67,1,0.0,0.0,0.5,18262,
12916,482432,-6.4,0.0,3.92,2,0.0,0.0,0.5,18262,
12917,482432,9.3,1.0,11.11,2,0.0,0.5,0.5,18262,
12918,482432,-2.6,0.0,8.7,2,0.0,0.0,0.5,18262,
12919,482496,-2.8,0.0,5.0,1,0.0,0.0,0.5,18268,
12920,482496,-5.9,0.0,4.35,2,0.0,0.0,0.5,18268,
12921,482496,10.4,1.0,8.33,1,0.0,0.0,0.5,18268,
12922,482560,-3.4,0.0,9.52,2,0.0,0.0,0.5,18272,
12923,482624,-3.3,0.0,4.0,1,0.0,0.0,0.5,18278,
12924,482624,-2.7,0.0,5.26,1,0.0,0.0,0.5,18278,
12925,482688,-2.2,0.0,7.14,1,0.0,0.0,0.5,18283,
12926,482688,-5.5,0.0,1.96,1,0.0,1.0,0.5,18283,
12927,482688,-2.8,0.0,5.0,1,0.0,0.0,0.5,18283,
12928,482752,-5.5,0.0,5.88,3,0.3333,0.3333,0.5,18288,
12929,482752,-0.5,0.0,14.29,1,0.0,0.0,0.5,18288,
12930,482752,-4.0,0.0,0.0,0,,,0.5,18288,
12931,482752,-1.9,0.0,9.09,1,0.0,0.0,0.5,18288,
12932,482816,-4.3,0.0,6.67,2,0.0,0.0,0.5,18291,
12933,482880,-1.9,0.0,9.09,1,0.0,0.0,0.5,18292,
12934,482880,10.9,1.0,14.29,1,0.0,1.0,0.5,18292,
12935,482944,-1.7,0.0,11.11,1,0.0,0.0,0.5,18299,
12936,482944,-1.6,0.0,12.5,1,0.0,0.0,0.5,18299,
12937,482944,-5.0,0.0,0.0,0,,,0.5,18299,
12938,482944,-5.5,0.0,4.76,2,0.0,0.5,0.5,18299,
12939,482944,-3.4,0.0,6.45,2,0.0,0.5,0.5,18299,
12940,483008,-3.0,0.0,4.55,1,0.0,0.0,0.5,18304,
12941,483008,9.3,1.0,11.11,2,0.0,0.0,0.5,18304,
12942,483008,-4.3,0.0,2.22,1,0.0,0.0,0.5,18304,
12943,483072,11.1,1.0,0.0,0,,,0.5,18305,
12944,483136,7.6,1.0,16.0,4,0.0,0.25,0.5,18307,
12945,483136,-5.3,0.0,13.33,4,0.0,0.0,0.5,18307,
12946,483200,-5.0,0.0,0.0,0,,,0.5,18307,
12947,483264,-5.5,0.0,5.88,3,0.3333,0.6667,0.5,18310,
12948,483264,-7.5,0.0,9.8,5,0.0,0.0,0.5,18310,
12949,483264,-1.6,0.0,12.5,1,0.0,0.0,0.5,18310,
12950,483264,-1.6,0.0,12.5,1,0.0,0.0,0.5,18310,
12951,483328,-2.6,0.0,5.56,1,0.0,0.0,0.5,18311,
12952,483392,-2.5,0.0,5.88,1,0.0,0.0,0.5,18318,
12953,483392,-1.2,0.0,7.14,1,0.0,0.0,0.5,18318,
12954,483392,-3.2,0.0,4.17,1,0.0,0.0,0.5,18318,
12955,483456,-5.5,0.0,1.96,1,0.0,1.0,0.5,18324,
12956,483456,-2.2,0.0,7.14,1,0.0,0.0,0.5,18324,
12957,483456,-3.7,0.0,16.67,4,0.25,0.25,0.5,18324,
12958,483456,-1.3,0.0,20.0,1,0.0,0.0,0.5,18324,
12959,483520,-6.5,0.0,5.88,3,0.0,0.6667,0.5,18324,
12960,483584,-9.5,0.0,17.65,9,0.1111,0.2222,0.5,18331,
12961,483584,-5.4,0.0,2.17,1,0.0,0.0,0.5,18331,
12962,483584,-3.4,0.0,11.54,3,0.0,0.3333,0.5,18331,
12963,483584,-2.2,0.0,7.14,1,0.0,0.0,0.5,18331,
12964,483584,-2.0,0.0,8.33,1,0.0,0.0,0.5,18331,
12965,483648,-2.7,0.0,5.26,1,0.0,0.0,0.5,18334,
12966,483648,-1.8,0.0,10.0,1,0.0,0.0,0.5,18334,
12967,483712,-5.0,0.0,0.0,0,,,0.5,18336,
12968,483776,11.3,1.0,0.0,0,,,0.5,18340,
12969,483776,-2.0,0.0,8.33,1,0.0,0.0,0.5,18340,
12970,483840,11.5,1.0,0.0,0,,,0.5,18342,
12971,483840,-4.5,0.0,1.96,1,0.0,1.0,0.5,18342,
12972,483840,11.4,1.0,0.0,0,,,0.5,18342,
12973,483840,-5.0,0.0,0.0,0,,,0.5,18342,
12974,483904,-5.6,0.0,2.08,1,0.0,0.0,0.5,18344,
12975,483968,-3.3,0.0,10.0,2,0.0,0.5,0.5,18348,
12976,483968,-4.1,0.0,2.33,1,0.0,0.0,0.5,18348,
12977,484032,10.4,1.0,8.33,1,0.0,1.0,0.5,18351,
12978,484032,-3.0,0.0,4.55,1,0.0,0.0,0.5,18351,
12979,484096,7.5,1.0,9.68,3,0.0,0.6667,0.5,18355,
12980,484096,-5.4,0.0,9.76,4,0.0,0.25,0.5,18355,
12981,484096,-1.8,0.0,10.0,1,0.0,0.0,0.5,18355,
12982,484160,-1.4,0.0,16.67,1,0.0,0.0,0.5,18360,
12983,484160,-3.5,0.0,6.25,2,0.0,0.5,0.5,18360,
12984,484160,-5.5,0.0,1.96,1,0.0,0.0,0.5,18360,
12985,484160,-2.8,0.0,5.0,1,0.0,0.0,0.5,18360,
12986,484160,9.0,1.0,0.0,0,,,0.5,18360,
12987,484160,-1.7,0.0,11.11,1,0.0,0.0,0.5,18360,
12988,484224,-1.4,0.0,16.67,1,0.0,0.0,0.5,18364,
12989,484224,-4.1,0.0,3.03,1,0.0,0.0,0.5,18364,
12990,484288,-5.7,0.0,7.69,3,0.3333,0.3333,0.5,18369,
12991,484288,-5.0,0.0,0.0,0,,,0.5,18369,
12992,484352,-2.5,0.0,9.09,2,0.0,0.5,0.5,18371,
12993,484416,-2.3,0.0,6.67,1,0.0,0.0,0.5,18374,
12994,484416,-4.3,0.0,6.67,2,0.0,0.0,0.5,18374,
12995,484416,-2.6,0.0,5.56,1,0.0,0.0,0.5,18374,
12996,484480,-3.9,0.0,3.23,1,0.0,0.0,0.5,18377,
12997,484480,-1.3,0.0,20.0,1,0.0,0.0,0.5,18377,
12998,484480,-5.0,0.0,3.92,2,0.0,0.0,0.5,18377,
12999,484544,-9.0,0.0,19.61,10,0.0,0.6,0.5,18378,
13000,484544,-6.3,0.0,6.67,3,0.3333,0.3333,0.5,18378,
13001,484608,-3.3,0.0,4.0,1,0.0,0.0,0.5,18384,
13002,484608,-2.9,0.0,4.76,1,0.0,0.0,0.5,18384,
13003,484608,-3.4,0.0,3.85,1,0.0,0.0,0.5,18384,
13004,484608,-5.6,0.0,2.08,1,0.0,0.0,0.5,18384,
13005,484672,-5.0,0.0,0.0,0,,,0.5,18385,
13006,484672,-5.5,0.0,1.96,1,0.0,0.0,0.5,18385,
13007,484736,-2.1,0.0,7.69,1,0.0,0.0,0.5,18391,
13008,484736,-5.5,0.0,8.11,3,0.3333,0.3333,0.5,18391,
13009,484736,-0.9,0.0,9.09,1,0.0,0.0,0.5,18391,
13010,484736,-2.0,0.0,4.55,1,0.0,0.0,0.5,18391,
13011,484736,-1.5,0.0,14.29,1,0.0,0.0,0.5,18391,
13012,484800,-4.0,0.0,7.41,2,0.0,0.0,0.5,18397,
13013,484800,-4.7,0.0,5.88,2,0.0,0.5,0.5,18397,
13014,484800,-6.3,0.0,6.67,3,0.3333,0.0,0.5,18397,
13015,484800,-1.8,0.0,10.0,1,0.0,0.0,0.5,18397,
13016,484864,-4.1,0.0,3.03,1,0.0,0.0,0.5,18400,
13017,484864,-2.8,0.0,5.0,1,0.0,0.0,0.5,18400,
13018,484928,-0.8,0.0,10.0,1,0.0,0.0,0.5,18404,
13019,484992,-4.3,0.0,2.86,1,0.0,0.0,0.5,18408,
13020,484992,-4.6,0.0,26.09,6,0.3333,0.1667,0.5,18408,
13021,485056,11.7,1.0,0.0,0,,,0.5,18414,
13022,485056,-2.1,0.0,7.69,1,0.0,0.0,0.5,18414,
13023,485056,-1.7,0.0,11.11,1,0.0,0.0,0.5,18414,
13024,485056,-3.1,0.0,4.35,1,0.0,0.0,0.5,18414,
13025,485056,-4.2,0.0,2.94,1,0.0,0.0,0.5,18414,
13026,485056,-1.4,0.0,16.67,1,0.0,0.0,0.5,18414,
13027,485120,-3.5,0.0,3.7,1,0.0,0.0,0.5,18422,
13028,485120,-0.3,0.0,20.0,1,0.0,0.0,0.5,18422,
13029,485120,-3.3,0.0,10.0,2,0.0,0.0,0.5,18422,
13030,485120,-2.2,0.0,4.17,1,0.0,0.0,0.5,18422,
13031,485312,-5.6,0.0,6.25,3,0.0,0.0,0.5,18432,
13032,485376,-3.0,0.0,4.55,1,0.0,0.0,0.5,18437,
13033,485440,-3.4,0.0,3.85,1,0.0,0.0,0.5,18440,
13034,485440,-5.0,0.0,3.92,2,0.0,0.5,0.5,18440,
13035,485504,6.7,1.0,17.24,5,0.0,0.6,0.5,18443,
13036,485504,-0.5,0.0,14.29,1,0.0,0.0,0.5,18443,
13037,485568,-4.0,0.0,0.0,0,,,0.5,18447,
13038,485568,-2.6,0.0,5.56,1,0.0,0.0,0.5,18447,
13039,485568,-1.6,0.0,5.56,1,0.0,0.0,0.5,18447,
13040,485568,-2.5,0.0,5.88,1,0.0,0.0,0.5,18447,
13041,485632,-1.6,0.0,12.5,1,0.0,0.0,0.5,18453,
13042,485632,-2.2,0.0,4.17,1,0.0,0.0,0.5,18453,
13043,485632,-2.9,0.0,12.5,2,0.0,0.5,0.5,18453,
13044,485632,-3.1,0.0,4.35,1,0.0,0.0,0.5,18453,
13045,485760,-2.4,0.0,6.25,1,0.0,0.0,0.5,18461,
13046,485760,-2.6,0.0,5.56,1,0.0,0.0,0.5,18461,
13047,485760,-0.8,0.0,10.0,1,0.0,0.0,0.5,18461,
13048,485760,-3.9,0.0,7.69,2,0.0,0.5,0.5,18461,
13049,485760,-2.5,0.0,5.88,1,0.0,0.0,0.5,18461,
13050,485824,-3.7,0.0,3.45,1,0.0,0.0,0.5,18467,
13051,485824,5.2,1.0,8.16,4,0.25,1.0,0.5,18467,
13052,485824,-2.5,0.0,16.67,2,0.0,0.5,0.5,18467,
13053,485888,-4.7,0.0,2.56,1,0.0,0.0,0.5,18472,
13054,485888,-2.8,0.0,5.0,1,0.0,0.0,0.5,18472,
13055,485888,-4.1,0.0,7.14,2,0.0,0.0,0.5,18472,
13056,485952,-7.5,0.0,10.64,5,0.0,0.4,0.5,18477,
13057,485952,-5.5,0.0,2.13,1,0.0,0.0,0.5,18477,
13058,485952,-1.6,0.0,12.5,1,0.0,0.0,0.5,18477,
13059,485952,-5.2,0.0,6.82,3,0.3333,0.3333,0.5,18477,
13060,485952,-4.7,0.0,2.56,1,0.0,0.0,0.5,18477,
13061,486016,-3.2,0.0,4.17,1,0.0,0.0,0.5,18479,
13062,486080,-1.2,0.0,25.0,1,0.0,0.0,0.5,18483,
13063,486144,-2.5,0.0,16.67,2,0.0,0.5,0.5,18489,
13064,486208,-4.5,0.0,2.7,1,0.0,0.0,0.5,18493,
13065,486208,-2.7,0.0,5.26,1,0.0,0.0,0.5,18493,
13066,486208,-9.0,0.0,15.69,8,0.0,0.375,0.5,18493,
13067,486272,-3.6,0.0,8.7,2,0.0,0.5,0.5,18496,
13068,486336,-4.2,0.0,8.82,3,0.0,0.6667,0.5,18504,
13069,486336,-1.6,0.0,12.5,1,0.0,0.0,0.5,18504,
13070,486336,-3.6,0.0,3.57,1,0.0,0.0,0.5,18504,
13071,486336,-5.6,0.0,4.65,2,0.0,0.0,0.5,18504,
13072,486400,-1.8,0.0,10.0,1,0.0,0.0,0.5,18509,
13073,486400,11.4,1.0,0.0,0,,,0.5,18509,
13074,486400,-4.2,0.0,2.94,1,0.0,0.0,0.5,18509,
13075,486400,-4.3,0.0,2.86,1,0.0,0.0,0.5,18509,
13076,486464,-5.5,0.0,1.96,1,0.0,1.0,0.5,18512,
13077,486528,-3.1,0.0,4.35,1,0.0,0.0,0.5,18516,
13078,486528,-4.5,0.0,4.76,2,0.0,0.5,0.5,18516,
13079,486528,7.3,1.0,14.29,4,0.25,1.0,0.5,18516,
13080,486592,-4.0,0.0,7.41,2,0.0,0.5,0.5,18527,
13081,486592,-3.1,0.0,23.08,3,0.0,0.3333,0.5,18527,
13082,486592,-4.7,0.0,5.88,2,0.0,0.0,0.5,18527,
13083,486592,-1.6,0.0,12.5,1,0.0,0.0,0.5,18527,
13084,486656,-3.7,0.0,3.45,1,0.0,0.0,0.5,18534,
13085,486656,-5.4,0.0,2.17,1,0.0,0.0,0.5,18534,
13086,486720,-3.8,0.0,8.0,2,0.0,0.0,0.5,18540,
13087,486720,6.4,1.0,10.81,4,0.25,0.75,0.5,18540,
13088,486720,-1.7,0.0,11.11,1,0.0,0.0,0.5,18540,
13089,486720,-2.9,0.0,3.23,1,0.0,0.0,0.5,18540,
13090,486784,-1.7,0.0,11.11,1,0.0,0.0,0.5,18546,
13091,486784,-2.7,0.0,5.26,1,0.0,0.0,0.5,18546,
13092,486848,-3.9,0.0,3.23,1,0.0,0.0,0.5,18548,
13093,486912,-8.0,0.0,15.69,8,0.0,0.375,0.5,18556,
13094,486976,11.5,1.0,0.0,0,,,0.5,18564,
13095,486976,-0.8,0.0,40.0,2,0.5,0.5,0.5,18564,
13096,486976,-5.2,0.0,2.27,1,0.0,0.0,0.5,18564,
13097,487104,-2.2,0.0,7.14,1,0.0,0.0,0.5,18570,
13098,487104,-1.6,0.0,12.5,1,0.0,0.0,0.5,18570,
13099,487168,-3.2,0.0,4.17,1,0.0,0.0,0.5,18574,
13100,487232,-2.2,0.0,7.14,1,0.0,0.0,0.5,18580,
13101,487232,-2.9,0.0,4.76,1,0.0,0.0,0.5,18580,
13102,487296,-2.1,0.0,25.0,2,0.5,0.5,0.5,18583,
13103,487296,-6.5,0.0,9.8,5,0.0,0.4,0.5,18583,
13104,487296,-2.4,0.0,9.52,2,0.0,0.0,0.5,18583,
13105,487360,-2.4,0.0,9.52,2,0.0,0.5,0.5,18591,
13106,487360,-3.0,0.0,13.64,3,0.0,0.3333,0.5,18591,
13107,487360,-3.2,0.0,4.17,1,0.0,0.0,0.5,18591,
13108,487360,11.0,1.0,16.67,1,1.0,1.0,0.5,18591,
13109,487360,-2.4,0.0,6.25,1,0.0,0.0,0.5,18591,
13110,487616,-3.9,0.0,3.23,1,0.0,0.0,0.5,18600,
13111,487616,-4.9,0.0,2.44,1,0.0,0.0,0.5,18600,
13112,487616,4.6,1.0,13.33,6,0.0,0.8333,0.5,18600,
13113,487616,-1.9,0.0,4.76,1,0.0,0.0,0.5,18600,
13114,487744,-2.3,0.0,6.67,1,0.0,0.0,0.5,18607,
13115,487744,-9.0,0.0,17.02,8,0.0,0.625,0.5,18607,
13116,487808,-2.7,0.0,3.45,1,0.0,0.0,0.5,18610,
13117,487808,-5.0,0.0,0.0,0,,,0.5,18610,
13118,487872,-2.2,0.0,7.14,1,0.0,0.0,0.5,18613,
13119,487872,-5.0,0.0,0.0,0,,,0.5,18613,
13120,487872,-2.5,0.0,9.09,2,0.0,0.0,0.5,18613,
13121,487936,-3.8,0.0,8.0,2,0.0,0.5,0.5,18617,
13122,487936,-3.6,0.0,2.63,1,0.0,0.0,0.5,18617,
13123,488000,-1.2,0.0,25.0,1,0.0,0.0,0.5,18620,
13124,488000,-3.0,0.0,4.55,1,0.0,0.0,0.5,18620,
13125,488064,-2.8,0.0,13.33,2,0.0,0.0,0.5,18621,
13126,488128,-2.1,0.0,7.69,1,0.0,0.0,0.5,18626,
13127,488128,-3.8,0.0,3.33,1,0.0,0.0,0.5,18626,
13128,488192,-1.2,0.0,22.22,2,0.0,0.5,0.5,18632,
13129,488192,-4.2,0.0,12.5,3,0.0,0.3333,0.5,18632,
13130,488192,-9.5,0.0,21.57,11,0.0909,0.4545,0.5,18632,
13131,488256,-2.2,0.0,7.14,1,0.0,0.0,0.5,18636,
13132,488320,-5.5,0.0,1.96,1,0.0,1.0,0.5,18642,
13133,488320,-5.5,0.0,1.96,1,1.0,0.0,0.5,18642,
13134,488320,-5.0,0.0,0.0,0,,,0.5,18642,
13135,488320,-1.9,0.0,9.09,1,0.0,0.0,0.5,18642,
13136,488384,-4.5,0.0,1.96,1,0.0,1.0,0.5,18649,
13137,488384,-3.9,0.0,9.68,3,0.0,0.3333,0.5,18649,
13138,488448,-4.5,0.0,4.76,2,0.0,0.0,0.5,18653,
13139,488448,-5.9,0.0,4.35,2,0.0,0.0,0.5,18653,
13140,488576,-5.9,0.0,1.96,1,0.0,0.0,0.5,18658,
13141,488576,-2.0,0.0,28.57,2,0.0,0.5,0.5,18658,
13142,488704,-5.0,0.0,0.0,0,,,0.5,18662,
13143,488704,-5.4,0.0,12.9,4,0.0,0.5,0.5,18662,
13144,488768,-3.5,0.0,2.7,1,0.0,0.0,0.5,18668,
13145,488768,-2.2,0.0,7.14,1,0.0,0.0,0.5,18668,
13146,488768,-2.2,0.0,7.14,1,0.0,0.0,0.5,18668,
13147,488832,-5.5,0.0,1.96,1,0.0,1.0,0.5,18673,
13148,488832,-5.5,0.0,1.96,1,0.0,1.0,0.5,18673,
13149,488832,-6.0,0.0,7.84,4,0.25,0.5,0.5,18673,
13150,488832,-4.1,0.0,3.03,1,0.0,0.0,0.5,18673,
13151,488832,-2.2,0.0,7.14,1,0.0,0.0,0.5,18673,
13152,488896,-5.0,0.0,0.0,0,,,0.5,18674,
13153,488896,-5.0,0.0,3.92,2,0.0,0.0,0.5,18674,
13154,488960,-1.8,0.0,10.0,1,0.0,0.0,0.5,18679,
13155,489024,8.5,1.0,0.0,0,,,0.5,18682,
13156,489024,-2.1,0.0,7.69,1,0.0,0.0,0.5,18682,
13157,489024,-6.0,0.0,3.92,2,0.0,1.0,0.5,18682,
13158,489024,-7.0,0.0,11.76,6,0.0,0.1667,0.5,18682,
13159,489024,-2.8,0.0,13.33,2,0.0,0.0,0.5,18682,
13160,489024,-6.1,0.0,4.17,2,0.0,0.5,0.5,18682,
13161,489088,-1.2,0.0,25.0,1,0.0,0.0,0.5,18687,
13162,489088,-1.9,0.0,4.76,1,0.0,0.0,0.5,18687,
13163,489152,-10.0,0.0,19.61,10,0.0,0.7,0.5,18691,
13164,489152,-5.5,0.0,1.96,1,0.0,0.0,0.5,18691,
13165,489152,-1.4,0.0,16.67,1,0.0,0.0,0.5,18691,
13166,489216,-1.0,0.0,8.33,1,0.0,0.0,0.5,18697,
13167,489216,-2.7,0.0,14.29,2,0.0,0.5,0.5,18697,
13168,489216,-4.9,0.0,2.44,1,0.0,0.0,0.5,18697,
13169,489280,-5.6,0.0,9.3,4,0.25,0.75,0.5,18704,
13170,489280,-2.6,0.0,5.56,1,0.0,0.0,0.5,18704,
13171,489280,-1.6,0.0,12.5,1,0.0,0.0,0.5,18704,
13172,489280,-3.8,0.0,3.33,1,0.0,0.0,0.5,18704,
13173,489344,-5.4,0.0,4.88,2,0.0,0.5,0.5,18708,
13174,489344,9.0,1.0,0.0,0,,,0.5,18708,
13175,489344,-2.4,0.0,6.25,1,0.0,0.0,0.5,18708,
13176,489344,-1.6,0.0,12.5,1,0.0,0.0,0.5,18708,
13177,489408,-2.4,0.0,6.25,1,0.0,0.0,0.5,18711,
13178,489472,-5.3,0.0,30.0,6,0.0,0.3333,0.5,18718,
13179,489472,4.9,1.0,18.92,7,0.1429,0.5714,0.5,18718,
13180,489472,-1.8,0.0,10.0,1,0.0,0.0,0.5,18718,
13181,489472,-2.0,0.0,8.33,1,0.0,0.0,0.5,18718,
13182,489536,-1.6,0.0,12.5,1,0.0,0.0,0.5,18726,
13183,489536,-9.2,0.0,20.41,10,0.2,0.4,0.5,18726,
13184,489536,-2.8,0.0,8.0,2,0.0,0.0,0.5,18726,
13185,489536,-1.9,0.0,9.09,1,0.0,0.0,0.5,18726,
13186,489536,-5.0,0.0,5.41,2,0.0,0.5,0.5,18726,
13187,489536,-3.5,0.0,3.7,1,0.0,0.0,0.5,18726,
13188,489600,-6.5,0.0,5.88,3,0.0,0.6667,0.5,18731,
13189,489600,-2.7,0.0,5.26,1,0.0,0.0,0.5,18731,
13190,489600,-4.9,0.0,5.56,2,0.0,0.0,0.5,18731,
13191,489664,-2.5,0.0,16.67,2,0.0,0.0,0.5,18734,
13192,489664,-5.5,0.0,1.96,1,0.0,0.0,0.5,18734,
13193,489664,-1.3,0.0,6.67,1,0.0,0.0,0.5,18734,
13194,489728,11.4,1.0,0.0,0,,,0.5,18738,
13195,489728,-0.5,0.0,14.29,1,0.0,0.0,0.5,18738,
13196,489728,-1.4,0.0,18.18,2,0.5,0.5,0.5,18738,
13197,489728,10.8,1.0,12.5,1,1.0,1.0,0.5,18738,
13198,489792,-6.5,0.0,9.8,5,0.0,0.4,0.5,18743,
13199,489792,11.7,1.0,0.0,0,,,0.5,18743,
13200,489792,-1.1,0.0,25.0,2,0.0,0.5,0.5,18743,
13201,489792,-7.0,0.0,7.84,4,0.0,0.5,0.5,18743,
13202,489856,-4.0,0.0,3.12,1,0.0,0.0,0.5,18747,
13203,489856,-4.8,0.0,5.71,2,0.0,0.5,0.5,18747,
13204,489920,-1.3,0.0,20.0,1,0.0,0.0,0.5,18751,
13205,489920,-1.7,0.0,11.11,1,0.0,0.0,0.5,18751,
13206,489920,-6.6,0.0,6.25,3,0.0,0.6667,0.5,18751,
13207,489984,-4.6,0.0,6.06,2,0.5,0.0,0.5,18757,
13208,489984,-3.6,0.0,3.57,1,0.0,0.0,0.5,18757,
13209,489984,-3.9,0.0,3.23,1,0.0,0.0,0.5,18757,
13210,489984,-1.6,0.0,5.56,1,0.0,0.0,0.5,18757,
13211,490048,-6.1,0.0,6.98,3,0.3333,0.3333,0.5,18761,
13212,490048,-1.8,0.0,5.0,1,0.0,0.0,0.5,18761,
13213,490112,-5.8,0.0,2.0,1,0.0,0.0,0.5,18764,
13214,490112,-1.8,0.0,10.0,1,0.0,0.0,0.5,18764,
13215,490112,-1.7,0.0,11.11,1,0.0,0.0,0.5,18764,
13216,490112,11.1,1.0,0.0,0,,,0.5,18764,
13217,490176,-1.5,0.0,14.29,1,0.0,0.0,0.5,18768,
13218,490176,-2.1,0.0,7.69,1,0.0,0.0,0.5,18768,
13219,490240,-2.6,0.0,5.56,1,0.0,0.0,0.5,18770,
13220,490240,-5.0,0.0,0.0,0,,,0.5,18770,
13221,490304,-3.0,0.0,25.0,3,0.0,0.0,0.5,18772,
13222,490368,-3.9,0.0,14.29,3,0.0,0.3333,0.5,18777,
13223,490368,-1.8,0.0,10.0,1,0.0,0.0,0.5,18777,
13224,490368,-2.0,0.0,8.33,1,0.0,0.0,0.5,18777,
13225,490432,-1.8,0.0,10.0,1,0.0,0.0,0.5,18781,
13226,490496,-7.5,0.0,13.73,7,0.1429,0.8571,0.5,18789,
13227,490496,-3.6,0.0,8.7,2,0.0,0.0,0.5,18789,
13228,490496,-1.6,0.0,12.5,1,0.0,0.0,0.5,18789,
13229,490496,-3.8,0.0,3.33,1,0.0,0.0,0.5,18789,
13230,490496,-2.2,0.0,7.14,1,0.0,0.0,0.5,18789,
13231,490496,-4.0,0.0,0.0,0,,,0.5,18789,
13232,490496,-0.4,0.0,16.67,1,0.0,0.0,0.5,18789,
13233,490560,-3.0,0.0,4.55,1,0.0,0.0,0.5,18795,
13234,490560,-3.1,0.0,4.35,1,0.0,0.0,0.5,18795,
13235,490560,-3.2,0.0,10.53,2,0.0,0.0,0.5,18795,
13236,490560,-2.2,0.0,10.53,2,0.5,0.5,0.5,18795,
13237,490560,-3.3,0.0,4.0,1,0.0,0.0,0.5,18795,
13238,490560,9.9,1.0,42.86,3,0.3333,0.6667,0.5,18795,
13239,490624,-4.5,0.0,1.96,1,0.0,0.0,0.5,18801,
13240,490624,-5.0,0.0,5.41,2,0.0,0.0,0.5,18801,
13241,490624,-2.6,0.0,5.56,1,0.0,0.0,0.5,18801,
13242,490624,-1.9,0.0,9.09,1,0.0,0.0,0.5,18801,
13243,490624,-2.5,0.0,5.88,1,0.0,0.0,0.5,18801,
13244,490624,-6.0,0.0,7.84,4,0.0,0.5,0.5,18801,
13245,490688,11.6,1.0,0.0,0,,,0.5,18803,
13246,490752,-6.4,0.0,19.44,7,0.1429,0.4286,0.5,18805,
13247,490816,-2.6,0.0,5.56,1,0.0,0.0,0.5,18809,
13248,490816,-3.7,0.0,2.56,1,0.0,0.0,0.5,18809,
13249,490880,-4.5,0.0,1.96,1,0.0,1.0,0.5,18813,
13250,490944,-0.4,0.0,16.67,1,0.0,0.0,0.5,18819,
13251,490944,-1.5,0.0,14.29,1,0.0,0.0,0.5,18819,
13252,490944,-2.4,0.0,3.85,1,0.0,0.0,0.5,18819,
13253,490944,-3.3,0.0,10.0,2,0.0,0.5,0.5,18819,
13254,490944,-2.6,0.0,5.56,1,0.0,0.0,0.5,18819,
13255,491008,-2.3,0.0,6.67,1,0.0,0.0,0.5,18820,
13256,491008,11.3,1.0,0.0,0,,,0.5,18820,
13257,491072,-1.7,0.0,11.11,1,0.0,0.0,0.5,18825,
13258,491072,10.1,1.0,0.0,0,,,0.5,18825,
13259,491072,11.7,1.0,0.0,0,,,0.5,18825,
13260,491072,-3.0,0.0,4.55,1,0.0,0.0,0.5,18825,
13261,491072,-2.2,0.0,4.17,1,0.0,0.0,0.5,18825,
13262,491072,-1.7,0.0,14.29,2,0.5,0.5,0.5,18825,
13263,491136,-2.0,0.0,4.55,1,0.0,0.0,0.5,18828,
13264,491136,-1.0,0.0,8.33,1,0.0,0.0,0.5,18828,
13265,491136,-1.8,0.0,13.33,2,0.0,0.0,0.5,18828,
13266,491200,-2.7,0.0,5.26,1,0.0,0.0,0.5,18832,
13267,491200,-1.8,0.0,10.0,1,0.0,0.0,0.5,18832,
13268,491200,-3.4,0.0,9.52,2,0.5,0.5,0.5,18832,
13269,491264,-4.5,0.0,6.25,2,0.0,0.0,0.5,18837,
13270,491264,-3.3,0.0,2.86,1,0.0,0.0,0.5,18837,
13271,491264,-2.8,0.0,5.0,1,0.0,0.0,0.5,18837,
13272,491264,-5.5,0.0,1.96,1,0.0,1.0,0.5,18837,
13273,491264,-2.9,0.0,4.76,1,0.0,0.0,0.5,18837,
13274,491328,-2.8,0.0,5.0,1,0.0,0.0,0.5,18841,
13275,491328,11.5,1.0,0.0,0,,,0.5,18841,
13276,491328,-3.6,0.0,2.63,1,0.0,0.0,0.5,18841,
13277,491392,-2.4,0.0,6.25,1,0.0,0.0,0.5,18844,
13278,491392,11.2,1.0,25.0,1,0.0,0.0,0.5,18844,
13279,491392,-3.6,0.0,16.67,3,0.0,0.3333,0.5,18844,
13280,491392,10.8,1.0,0.0,0,,,0.5,18844,
13281,491456,-4.0,0.0,3.12,1,0.0,0.0,0.5,18847,
13282,491456,-1.5,0.0,14.29,1,0.0,0.0,0.5,18847,
13283,491520,-4.0,0.0,3.12,1,0.0,0.0,0.5,18851,
13284,491520,-1.9,0.0,33.33,2,0.0,0.5,0.5,18851,
