episode,global_step,ep_return,success,guided_pct,queries_per_ep,bc_loss,agreement_rate,cum_queries,first_unguided_success
1,664,1.1333,1.0,18.07,15,0.0,0.0,95,
2,864,0.8981,1.0,17.59,19,0.0,0.2105,125,
3,1184,0.4419,1.0,18.24,27,0.0,0.1481,170,
4,1448,0.3955,1.0,14.92,27,0.0,0.037,200,
5,2512,-0.4416,1.0,12.74,40,0.0,0.0,338,
6,2536,0.7102,1.0,16.18,22,0.0,0.0,339,
7,2576,-0.4528,1.0,12.42,40,0.0,0.0,345,
8,2624,-0.7113,1.0,13.72,45,0.0,0.0,350,
9,2632,0.4406,1.0,11.31,25,0.0,0.0,351,
10,3352,1.258,1.0,11.76,12,0.0,0.1667,440,
11,3368,0.2175,1.0,10.26,28,0.0,0.0,440,
12,4128,-1.8256,1.0,12.02,62,0.0,0.0484,537,
13,4144,0.3645,1.0,13.24,27,0.0,0.1111,540,
14,4592,0.9834,1.0,10.32,16,0.0,0.1875,567,
15,4704,0.4773,1.0,8.65,23,0.0,0.1304,577,
16,4872,-1.7883,1.0,11.6,61,0.0,0.0328,594,
17,5520,-0.4577,1.0,10.77,39,0.0,0.0769,660,
18,5632,-0.8259,1.0,12.27,46,0.0,0.0652,672,
19,5632,1.3178,1.0,11.58,11,0.0,0.2727,672,
20,5648,0.9855,1.0,14.41,17,0.0,0.1765,674,
21,5800,1.1391,1.0,8.61,13,0.0,0.1538,686,
22,8248,-1.3064,1.0,8.03,49,0.0,0.0204,873,
23,8488,-1.165,1.0,8.81,48,0.0,0.0625,888,
24,8888,0.1594,1.0,5.94,25,0.0,0.24,907,
25,9272,-1.35,0.0,5.77,37,0.0,0.0541,920,
26,9624,-0.1503,1.0,5.81,29,0.0,0.1724,942,
27,10744,0.6127,1.0,6.09,19,0.0,0.1579,997,
28,10760,-1.2,0.0,5.3,34,0.0,0.2059,998,
29,10776,-1.6,0.0,6.55,42,0.0,0.2381,999,
30,10928,-2.2,0.0,8.42,54,0.0,0.2037,1006,
31,11736,1.6094,1.0,4.95,5,0.0,0.2,1041,
32,12552,0.2248,1.0,5.85,24,0.0,0.0417,1078,
33,13616,-1.15,0.0,6.71,43,0.0,0.1395,1128,
34,14016,-1.0,0.0,4.68,30,0.0,0.1667,1150,
35,14712,0.007,1.0,3.46,22,0.0,0.0909,1180,
36,14944,0.6375,1.0,3.99,16,0.0,0.1875,1190,
37,14960,0.8281,1.0,4.98,15,0.0,0.2,1190,
38,15872,-1.2,0.0,5.3,34,0.0,0.1176,1218,
39,15888,-0.4,0.0,2.81,18,0.0,0.0,1218,
40,15904,-1.0,0.0,4.68,30,0.0,0.0667,1218,
41,17096,0.9823,1.0,4.03,12,0.0,0.3333,1263,
42,17192,1.4194,1.0,4.24,7,0.0,0.2857,1269,
43,17248,0.8992,1.0,4.9,14,0.0,0.2143,1272,
44,17704,0.4531,1.0,3.9,18,0.0,0.1667,1284,
45,17824,1.2611,1.0,3.31,8,0.0,0.125,1288,
46,18744,0.1,0.0,2.81,18,0.0,0.2222,1311,
47,20008,0.5613,1.0,1.74,11,0.0,0.0,1349,
48,20632,0.6367,1.0,4.64,17,0.0,0.2353,1363,
49,21032,0.15,0.0,2.65,17,0.0,0.0588,1371,
50,21984,1.6341,1.0,3.36,4,0.0,0.5,1401,
51,22224,-0.85,0.0,4.21,27,0.0,0.1481,1412,
52,22320,-0.45,0.0,2.96,19,0.0,0.2632,1415,
53,22376,0.25,0.0,2.34,15,0.0,0.2,1417,
54,22880,0.3627,1.0,2.37,15,0.0,0.0,1435,
55,22904,0.9923,1.0,2.76,10,0.0,0.1,1436,
56,23440,1.0955,1.0,7.14,13,0.0,0.3077,1456,
57,23872,0.1,0.0,1.25,8,0.0,0.375,1463,
58,23952,1.3645,1.0,3.43,7,0.0,0.0,1466,
59,24096,0.5925,1.0,3.7,16,0.0,0.1875,1473,
60,25400,1.5722,1.0,2.45,4,0.0,0.5,1511,
61,25672,0.9106,1.0,3.44,12,0.0,0.0833,1518,
62,26616,1.5377,1.0,3.29,5,0.0,0.4,1551,
63,26720,0.4878,1.0,2.76,15,0.0,0.1333,1554,
64,27224,0.7362,1.0,2.54,12,0.0,0.1667,1582,
65,27352,-0.5,0.0,3.12,20,0.0,0.1,1593,
66,27536,0.1073,1.0,5.46,25,0.0,0.12,1606,
67,27752,1.4517,1.0,4.93,7,0.0,0.0,1615,
68,28032,-0.7,0.0,3.74,24,0.0,0.25,1632,
69,28048,1.7114,1.0,6.25,4,0.0,0.0,1632,
70,28560,1.9086,1.0,0.0,0,0.0,,1649,70
71,28904,0.1675,1.0,10.62,29,0.0,0.1379,1660,
72,29080,-0.4,0.0,2.81,18,0.0,0.0,1666,
73,30088,-0.0748,1.0,4.71,26,0.0,0.0769,1689,
74,30248,1.1547,1.0,5.21,11,0.0,0.0909,1699,
75,31240,1.0383,1.0,1.61,7,0.0,0.0,1722,
76,32352,-0.7,0.0,3.74,24,0.0,0.125,1749,
77,32416,1.3703,1.0,1.85,5,0.0,0.2,1750,
78,32480,0.45,0.0,1.72,11,0.0,0.0,1750,
79,33176,-0.45,0.0,1.4,9,0.0,0.0,1769,
80,34032,-0.0,0.0,3.12,20,0.0,0.1,1784,
81,34208,-0.35,0.0,2.65,17,0.0,0.0588,1786,
82,35032,1.0848,1.0,1.05,5,0.0,0.0,1801,
83,35120,1.6911,1.0,2.63,3,0.0,0.0,1802,
84,35216,-0.5,0.0,3.12,20,0.0,0.15,1804,
85,36184,1.6489,1.0,2.08,3,0.0,0.0,1818,
86,37480,-0.05,0.0,1.72,11,0.0,0.0,1837,
87,37544,0.0,0.0,1.56,10,0.0,0.0,1838,
88,37608,0.25,0.0,0.78,5,0.0,0.0,1838,
89,38304,-0.15,0.0,2.03,13,0.0,0.0,1845,
90,38736,1.4028,1.0,0.94,3,0.0,0.0,1850,
91,39160,0.3,0.0,2.18,14,0.0,0.0,1858,
92,40248,0.0,0.0,1.56,10,0.0,0.0,1875,
93,40344,-0.05,0.0,1.72,11,0.0,0.0909,1877,
94,40672,1.2403,1.0,1.0,4,0.0,0.5,1882,
95,41440,1.2002,1.0,1.28,5,0.0,0.0,1894,
96,41464,1.0736,1.0,1.04,5,0.0,0.0,1894,
97,42416,1.4872,1.0,1.16,3,0.0,0.0,1902,
98,42432,1.2263,1.0,0.98,4,0.0,0.0,1902,
99,42672,0.2,0.0,0.94,6,0.0,0.0,1906,
100,42800,1.7166,1.0,0.6,1,0.0,0.0,1908,
101,43864,0.15,0.0,1.09,7,0.0,0.0,1916,
102,44968,1.7573,1.0,0.72,1,0.0,0.0,1919,
103,45376,0.2,0.0,0.94,6,0.0,0.0,1920,
104,45800,0.0,0.0,1.56,10,0.0,0.2,1921,
105,46568,0.4,0.0,0.31,2,0.0,0.0,1924,
106,47296,1.0611,1.0,0.53,3,0.0,0.0,1926,
107,47544,0.8,0.0,0.62,4,0.0,0.0,1926,
108,47560,0.3,0.0,0.62,4,0.0,0.0,1926,
109,47624,1.6808,1.0,0.0,0,0.0,,1926,
110,47800,0.4,0.0,0.31,2,0.0,0.0,1926,
111,48056,1.8255,1.0,3.7,2,0.0,0.5,1929,
112,48248,1.3748,1.0,0.24,1,0.0,0.0,1929,
113,49936,1.0998,1.0,0.35,2,0.0,0.0,1939,
114,51352,1.172,1.0,1.21,5,0.0,0.2,1950,
115,51664,1.1722,1.0,0.62,3,0.0,0.0,1951,
116,51696,0.3,0.0,0.62,4,0.0,0.0,1951,
117,52424,0.3,0.0,0.62,4,0.0,0.0,1952,
118,52472,1.8045,1.0,0.0,0,0.0,,1952,
119,52672,0.45,0.0,0.16,1,0.0,0.0,1952,
120,52688,0.4,0.0,0.31,2,0.0,0.0,1952,
121,52992,1.768,1.0,0.0,0,0.0,,1952,
122,53376,0.35,0.0,0.47,3,0.0,0.3333,1952,
123,53984,1.2398,1.0,0.2,1,0.0,0.0,1954,
124,55328,1.4494,1.0,0.28,1,0.0,0.0,1956,
125,56824,0.5,0.0,0.0,0,0.0,,1961,
126,57040,1.6005,1.0,0.93,2,0.0,0.0,1961,
127,57552,1.0,0.0,0.0,0,0.0,,1961,
128,57800,0.45,0.0,0.16,1,0.0,0.0,1961,
129,57816,0.45,0.0,0.16,1,0.0,0.0,1961,
130,58120,0.45,0.0,0.16,1,0.0,0.0,1961,
131,58504,0.5,0.0,0.0,0,0.0,,1961,
132,59112,0.35,0.0,0.47,3,0.0,0.0,1963,
133,59304,1.8608,1.0,0.0,0,0.0,,1963,
134,60936,1.4066,1.0,0.0,0,0.0,,1963,
135,61952,0.5,0.0,0.0,0,0.0,,1963,
136,62168,0.5,0.0,0.0,0,0.0,,1963,
137,62360,1.1498,1.0,0.18,1,0.0,0.0,1963,
138,62944,0.5,0.0,0.0,0,0.0,,1963,
139,63248,0.5,0.0,0.0,0,0.0,,1963,
140,64136,1.6175,1.0,0.0,0,0.0,,1964,
141,64240,0.5,0.0,0.0,0,0.0,,1964,
142,64432,1.0,0.0,0.0,0,0.0,,1964,
143,64632,1.5683,1.0,0.0,0,0.0,,1964,
144,66064,0.5,0.0,0.0,0,0.0,,1964,
145,66888,1.5177,1.0,0.0,0,0.0,,1964,
146,67488,0.45,0.0,0.16,1,0.0,0.0,1965,
147,68072,0.5,0.0,0.0,0,0.0,,1966,
148,68376,0.45,0.0,0.16,1,0.0,0.0,1966,
149,69024,1.8341,1.0,0.0,0,0.0,,1966,
150,69368,0.5,0.0,0.0,0,0.0,,1966,
151,69560,0.5,0.0,0.0,0,0.0,,1966,
152,69760,0.5,0.0,0.0,0,0.0,,1966,
153,71192,0.45,0.0,0.16,1,0.0,0.0,1967,
154,72016,0.5,0.0,0.0,0,0.0,,1967,
155,72208,1.3917,1.0,0.25,1,0.0,0.0,1968,
156,72416,1.4994,1.0,0.0,0,0.0,,1968,
157,72616,0.5,0.0,0.0,0,0.0,,1968,
158,73424,1.6091,1.0,0.0,0,0.0,,1968,
159,73504,0.5,0.0,0.0,0,0.0,,1968,
160,73776,1.7258,1.0,0.0,0,0.0,,1968,
161,74496,0.45,0.0,0.16,1,0.0,0.0,1968,
162,74856,1.7637,1.0,0.0,0,0.0,,1968,
163,74888,1.0,0.0,0.0,0,0.0,,1968,
164,75312,1.6695,1.0,0.0,0,0.0,,1968,
165,75776,1.4459,1.0,0.0,0,0.0,,1969,
166,77144,0.5,0.0,0.0,0,0.0,,1969,
167,77544,0.5,0.0,0.0,0,0.0,,1969,
168,77960,1.5359,1.0,0.0,0,0.0,,1969,
169,78008,1.6091,1.0,0.0,0,0.0,,1969,
170,78904,0.5,0.0,0.0,0,0.0,,1969,
171,79624,0.45,0.0,0.16,1,0.0,0.0,1969,
172,79984,0.5,0.0,0.0,0,0.0,,1969,
173,80016,0.5,0.0,0.0,0,0.0,,1969,
174,82272,0.5,0.0,0.0,0,0.0,,1969,
175,82672,0.5,0.0,0.0,0,0.0,,1969,
176,83088,0.5,0.0,0.0,0,0.0,,1969,
177,83136,0.5,0.0,0.0,0,0.0,,1969,
178,84032,1.0,0.0,0.0,0,0.0,,1970,
179,84232,1.8003,1.0,0.0,0,0.0,,1970,
180,84752,0.45,0.0,0.16,1,0.0,0.0,1970,
181,85112,0.5,0.0,0.0,0,0.0,,1970,
182,85144,0.5,0.0,0.0,0,0.0,,1970,
183,85432,1.5162,1.0,0.0,0,0.0,,1970,
184,86520,1.7595,1.0,0.0,0,0.0,,1970,
185,87400,0.5,0.0,0.0,0,0.0,,1970,
186,88024,1.5458,1.0,0.0,0,0.0,,1970,
187,88264,0.5,0.0,0.0,0,0.0,,1970,
188,89160,1.0,0.0,0.0,0,0.0,,1970,
189,89360,0.5,0.0,0.0,0,0.0,,1970,
190,89880,0.5,0.0,0.0,0,0.0,,1970,
191,89896,1.5627,1.0,0.0,0,0.0,,1970,
192,90240,1.0,0.0,0.0,0,0.0,,1970,
193,90856,1.7384,1.0,0.0,0,0.0,,1970,
194,91648,0.5,0.0,0.0,0,0.0,,1971,
195,92304,1.2491,1.0,0.0,0,0.0,,1972,
196,92464,1.55,1.0,0.0,0,0.0,,1972,
197,92648,1.5281,1.0,0.33,1,0.0,0.0,1972,
198,93392,0.45,0.0,0.16,1,0.0,0.0,1973,
199,94288,0.45,0.0,0.16,1,0.0,0.0,1973,
200,95008,0.5,0.0,0.0,0,0.0,,1973,
201,95256,1.5106,1.0,0.0,0,0.0,,1973,
202,95352,1.8144,1.0,0.0,0,0.0,,1973,
203,95472,1.9198,1.0,0.0,0,0.0,,1973,
204,95696,1.4052,1.0,0.0,0,0.0,,1973,
205,95984,0.5,0.0,0.0,0,0.0,,1973,
206,96120,1.3911,1.0,0.0,0,0.0,,1974,
207,96776,0.5,0.0,0.0,0,0.0,,1975,
208,96936,1.6561,1.0,0.48,1,0.0,0.0,1975,
209,97144,1.8214,1.0,0.0,0,0.0,,1975,
210,97872,1.5084,1.0,0.32,1,0.0,0.0,1975,
211,98320,1.9227,1.0,0.0,0,0.0,,1975,
212,98352,1.7525,1.0,0.0,0,0.0,,1975,
213,98520,0.5,0.0,0.0,0,0.0,,1975,
214,99208,1.8509,1.0,0.0,0,0.0,,1975,
215,99792,1.7427,1.0,0.0,0,0.0,,1975,
216,100256,1.1998,1.0,0.0,0,0.0,,1975,
217,100600,1.0,0.0,0.0,0,0.0,,1975,
218,100992,1.5669,1.0,0.0,0,0.0,,1975,
219,101112,1.0,0.0,0.0,0,0.0,,1975,
220,101280,1.2744,1.0,0.0,0,0.0,,1975,
221,101904,0.5,0.0,0.0,0,0.0,,1975,
222,102176,1.9536,1.0,0.0,0,0.0,,1975,
223,102384,1.6878,1.0,0.0,0,0.0,,1975,
224,102408,1.4389,1.0,0.0,0,0.0,,1975,
225,103392,1.7877,1.0,0.0,0,0.0,,1975,
226,104640,1.3602,1.0,0.0,0,0.0,,1975,
227,104920,0.5,0.0,0.0,0,0.0,,1975,
228,105056,1.9775,1.0,0.0,0,0.0,,1975,
229,105128,1.6963,1.0,0.0,0,0.0,,1975,
230,105384,0.5,0.0,0.0,0,0.0,,1975,
231,106240,1.0,0.0,0.0,0,0.0,,1975,
232,106408,0.0,0.0,0.0,0,0.0,,1975,
233,107504,1.1014,1.0,0.0,0,0.0,,1975,
234,107536,1.0,0.0,0.0,0,0.0,,1975,
235,107752,1.7652,1.0,0.0,0,0.0,,1975,
236,108008,1.4094,1.0,0.0,0,0.0,,1975,
237,108912,1.3236,1.0,0.0,0,0.0,,1975,
238,109016,1.7792,1.0,0.0,0,0.0,,1975,
239,109264,1.6977,1.0,0.0,0,0.0,,1975,
240,109920,1.7742,1.0,0.79,1,0.0,0.0,1976,
241,110256,0.5,0.0,0.0,0,0.0,,1976,
242,110512,0.0,0.0,0.0,0,0.0,,1976,
243,110784,1.4248,1.0,0.0,0,0.0,,1976,
244,111112,1.8959,1.0,0.0,0,0.0,,1976,
245,111368,1.0,0.0,0.0,0,0.0,,1976,
246,111816,1.7272,1.0,0.0,0,0.0,,1976,
247,112216,1.4825,1.0,0.0,0,0.0,,1976,
248,112664,1.3602,1.0,0.0,0,0.0,,1977,
249,113136,0.5,0.0,0.0,0,0.0,,1977,
250,113584,1.5669,1.0,0.0,0,0.0,,1977,
251,114416,1.313,1.0,0.22,1,0.0,0.0,1977,
252,115048,1.0,0.0,0.0,0,0.0,,1977,
253,115544,1.9142,1.0,0.0,0,0.0,,1977,
254,116304,1.8678,1.0,0.0,0,0.0,,1977,
255,116496,0.5,0.0,0.0,0,0.0,,1977,
256,116680,1.9353,1.0,0.0,0,0.0,,1977,
257,116944,0.5,0.0,0.0,0,0.0,,1977,
258,116944,1.1703,1.0,0.0,0,0.0,,1977,
259,117224,1.5078,1.0,0.0,0,0.0,,1977,
260,117792,0.5,0.0,0.0,0,0.0,,1977,
261,118264,1.0,0.0,0.0,0,0.0,,1977,
262,118704,1.692,1.0,0.0,0,0.0,,1977,
263,118712,0.0,0.0,0.0,0,0.0,,1977,
264,119568,1.7722,1.0,0.0,0,0.0,,1977,
265,121624,0.0,0.0,0.0,0,0.0,,1977,
266,121752,1.1562,1.0,0.0,0,0.0,,1977,
267,121808,1.0,0.0,0.0,0,0.0,,1977,
268,122352,0.5,0.0,0.0,0,0.0,,1977,
269,122472,1.3391,1.0,0.0,0,0.0,,1977,
270,122800,1.9438,1.0,0.0,0,0.0,,1977,
271,122920,0.5,0.0,0.0,0,0.0,,1977,
272,123840,0.5,0.0,0.0,0,0.0,,1977,
273,124696,0.5,0.0,0.0,0,0.0,,1977,
274,125640,1.3278,1.0,0.0,0,0.0,,1977,
275,125816,1.287,1.0,0.0,0,0.0,,1977,
276,125888,1.6414,1.0,0.0,0,0.0,,1977,
277,126336,1.7131,1.0,0.0,0,0.0,,1977,
278,126752,0.0,0.0,0.0,0,0.0,,1977,
279,127384,1.2167,1.0,0.0,0,0.0,,1977,
280,127480,1.0,0.0,0.0,0,0.0,,1977,
281,127584,1.6906,1.0,0.0,0,0.0,,1977,
282,127928,0.5,0.0,0.0,0,0.0,,1977,
283,128056,1.5767,1.0,0.0,0,0.0,,1977,
284,128128,1.9663,1.0,0.0,0,0.0,,1977,
285,128208,1.8566,1.0,0.0,0,0.0,,1977,
286,129848,1.6991,1.0,0.0,0,0.0,,1978,
287,129896,1.2969,1.0,0.0,0,0.0,,1978,
288,130264,1.3341,1.0,0.23,1,0.0,0.0,1978,
289,130920,1.498,1.0,0.0,0,0.0,,1978,
290,131464,1.0,0.0,0.0,0,0.0,,1978,
291,132608,1.0,0.0,0.0,0,0.0,,1978,
292,132712,0.5,0.0,0.0,0,0.0,,1978,
293,133032,1.9269,1.0,0.0,0,0.0,,1978,
294,133336,0.5,0.0,0.0,0,0.0,,1978,
295,134328,1.2139,1.0,0.0,0,0.0,,1978,
296,134456,1.6948,1.0,0.0,0,0.0,,1978,
297,135008,1.9044,1.0,0.0,0,0.0,,1978,
298,135024,1.0,0.0,0.0,0,0.0,,1978,
299,135392,0.0,0.0,0.0,0,0.0,,1978,
300,135944,1.543,1.0,0.0,0,0.0,,1978,
301,136048,0.5,0.0,0.0,0,0.0,,1978,
302,136440,1.7525,1.0,0.0,0,0.0,,1978,
303,136592,0.5,0.0,0.0,0,0.0,,1978,
304,136624,1.5978,1.0,0.0,0,0.0,,1978,
305,136880,1.9564,1.0,0.0,0,0.0,,1978,
306,136968,1.6569,1.0,0.0,0,0.0,,1978,
307,137424,1.8552,1.0,0.0,0,0.0,,1978,
308,138160,1.0,0.0,0.0,0,0.0,,1978,
309,138384,1.8327,1.0,0.0,0,0.0,,1978,
310,138488,1.7342,1.0,0.0,0,0.0,,1978,
311,139048,1.8453,1.0,0.0,0,0.0,,1978,
312,139176,1.8805,1.0,0.0,0,0.0,,1978,
313,139584,1.2645,1.0,0.0,0,0.0,,1978,
314,139920,1.8706,1.0,0.0,0,0.0,,1978,
315,140208,1.2702,1.0,0.0,0,0.0,,1978,
316,140248,1.4094,1.0,0.0,0,0.0,,1978,
317,140288,1.7834,1.0,0.0,0,0.0,,1978,
318,140792,1.1492,1.0,0.0,0,0.0,,1978,
319,141256,1.7075,1.0,0.0,0,0.0,,1978,
320,141264,1.8228,1.0,0.0,0,0.0,,1978,
321,141568,0.5,0.0,0.0,0,0.0,,1978,
322,141664,1.9311,1.0,0.0,0,0.0,,1978,
323,142288,1.3152,1.0,0.0,0,0.0,,1978,
324,142496,1.8552,1.0,0.0,0,0.0,,1978,
325,142808,1.647,1.0,0.0,0,0.0,,1978,
326,143392,1.6259,1.0,0.0,0,0.0,,1978,
327,143608,1.7694,1.0,0.0,0,0.0,,1978,
328,143864,1.8158,1.0,0.0,0,0.0,,1978,
329,144136,1.2603,1.0,0.0,0,0.0,,1978,
330,144160,1.7089,1.0,0.0,0,0.0,,1978,
331,145040,1.7497,1.0,0.0,0,0.0,,1978,
332,145168,1.8242,1.0,0.0,0,0.0,,1978,
333,145336,1.0,0.0,0.0,0,0.0,,1978,
334,145416,0.5,0.0,0.0,0,0.0,,1978,
335,145448,1.723,1.0,0.0,0,0.0,,1978,
336,145600,1.9255,1.0,0.0,0,0.0,,1978,
337,145960,1.6808,1.0,0.0,0,0.0,,1978,
338,146464,1.8228,1.0,0.0,0,0.0,,1978,
339,146688,1.422,1.0,0.0,0,0.0,,1978,
340,146696,0.5,0.0,0.0,0,0.0,,1978,
341,149616,1.2491,1.0,0.0,0,0.0,,1978,
342,149688,1.2828,1.0,0.0,0,0.0,,1978,
343,150168,0.5,0.0,0.0,0,0.0,,1978,
344,150544,0.5,0.0,0.0,0,0.0,,1979,
345,151088,0.45,0.0,0.16,1,0.0,0.0,1979,
346,151592,1.0,0.0,0.0,0,0.0,,1979,
347,151816,1.0,0.0,0.0,0,0.0,,1979,
348,151824,0.5,0.0,0.0,0,0.0,,1979,
349,152632,1.5683,1.0,0.0,0,0.0,,1979,
350,152880,1.3903,1.0,0.25,1,0.0,0.0,1980,
351,152904,1.6822,1.0,0.0,0,0.0,,1980,
352,153312,1.9255,1.0,0.0,0,0.0,,1980,
353,154744,0.5,0.0,0.0,0,0.0,,1981,
354,155488,1.3559,1.0,0.0,0,0.0,,1981,
355,155672,0.45,0.0,0.16,1,0.0,0.0,1981,
356,155864,1.5528,1.0,0.0,0,0.0,,1982,
357,156720,0.5,0.0,0.0,0,0.0,,1982,
358,156952,0.5,0.0,0.0,0,0.0,,1982,
359,157656,1.8369,1.0,0.0,0,0.0,,1982,
360,157760,0.5,0.0,0.0,0,0.0,,1982,
361,158032,0.45,0.0,0.16,1,0.0,0.0,1982,
362,158472,1.858,1.0,0.0,0,0.0,,1983,
363,158632,1.4487,1.0,0.0,0,0.0,,1983,
364,158920,1.8453,1.0,0.0,0,0.0,,1983,
365,159424,1.9128,1.0,0.0,0,0.0,,1983,
366,159600,1.8313,1.0,0.0,0,0.0,,1983,
367,159872,0.5,0.0,0.0,0,0.0,,1983,
368,160440,1.8538,1.0,0.0,0,0.0,,1983,
369,160800,0.5,0.0,0.0,0,0.0,,1983,
370,160992,0.5,0.0,0.0,0,0.0,,1983,
371,161024,1.3777,1.0,0.25,1,0.0,0.0,1983,
372,161320,1.5008,1.0,0.0,0,0.0,,1983,
373,162080,0.5,0.0,0.0,0,0.0,,1983,
374,162288,1.7792,1.0,0.0,0,0.0,,1983,
375,162440,1.7131,1.0,0.0,0,0.0,,1983,
376,162784,1.4895,1.0,0.0,0,0.0,,1983,
377,164504,1.6386,1.0,0.0,0,0.0,,1983,
378,164552,0.5,0.0,0.0,0,0.0,,1983,
379,164656,1.415,1.0,0.0,0,0.0,,1983,
380,165568,0.5,0.0,0.0,0,0.0,,1983,
381,165776,1.9648,1.0,0.0,0,0.0,,1983,
382,165872,1.7609,1.0,0.0,0,0.0,,1983,
383,165936,1.4473,1.0,0.0,0,0.0,,1983,
384,166120,0.5,0.0,0.0,0,0.0,,1983,
385,166168,1.7173,1.0,0.0,0,0.0,,1983,
386,166400,1.6948,1.0,0.0,0,0.0,,1983,
387,166712,1.1872,1.0,0.0,0,0.0,,1983,
388,167184,1.8144,1.0,0.0,0,0.0,,1983,
389,167416,1.0,0.0,0.0,0,0.0,,1983,
390,168968,1.5092,1.0,0.0,0,0.0,,1983,
391,170008,1.2856,1.0,0.0,0,0.0,,1984,
392,170840,1.8552,1.0,0.0,0,0.0,,1984,
393,170904,0.5,0.0,0.0,0,0.0,,1984,
394,170992,1.0514,1.0,0.16,1,0.0,0.0,1984,
395,171160,1.3025,1.0,0.0,0,0.0,,1984,
396,171528,1.0,0.0,0.0,0,0.0,,1984,
397,171840,0.5,0.0,0.0,0,0.0,,1984,
398,171904,1.8256,1.0,0.0,0,0.0,,1984,
399,172000,1.8242,1.0,0.0,0,0.0,,1984,
400,172376,1.8523,1.0,0.0,0,0.0,,1984,
401,172544,0.5,0.0,0.0,0,0.0,,1984,
402,172560,1.7553,1.0,0.0,0,0.0,,1984,
403,172712,1.6723,1.0,0.0,0,0.0,,1984,
404,173504,1.7202,1.0,0.0,0,0.0,,1984,
405,173640,1.7792,1.0,0.0,0,0.0,,1984,
406,173712,1.7005,1.0,0.0,0,0.0,,1984,
407,174088,1.6062,1.0,0.0,0,0.0,,1985,
408,174096,1.0,0.0,0.0,0,0.0,,1985,
409,174488,1.9311,1.0,0.0,0,0.0,,1985,
410,174624,1.8284,1.0,0.0,0,0.0,,1985,
411,174776,1.6386,1.0,0.0,0,0.0,,1985,
412,175632,1.7314,1.0,0.0,0,0.0,,1985,
413,175648,1.4058,1.0,0.26,1,0.0,0.0,1985,
414,175872,1.8087,1.0,0.0,0,0.0,,1985,
415,176000,1.9367,1.0,0.0,0,0.0,,1985,
416,176144,1.9142,1.0,0.0,0,0.0,,1985,
417,176584,1.9241,1.0,0.0,0,0.0,,1985,
418,177448,1.3447,1.0,0.0,0,0.0,,1985,
419,177688,0.5,0.0,0.0,0,0.0,,1985,
420,178232,1.3433,1.0,0.0,0,0.0,,1985,
421,178632,0.5,0.0,0.0,0,0.0,,1985,
422,178712,1.6273,1.0,0.0,0,0.0,,1985,
423,178888,1.9564,1.0,0.0,0,0.0,,1985,
424,178896,1.4923,1.0,0.0,0,0.0,,1985,
425,179040,1.9761,1.0,0.0,0,0.0,,1985,
426,179752,0.5,0.0,0.0,0,0.0,,1985,
427,179848,1.8594,1.0,0.0,0,0.0,,1985,
428,180656,1.6597,1.0,0.0,0,0.0,,1985,
429,180736,1.5613,1.0,0.0,0,0.0,,1985,
430,180920,1.3911,1.0,0.0,0,0.0,,1985,
431,180976,1.1042,1.0,0.0,0,0.0,,1985,
432,181080,1.4052,1.0,0.0,0,0.0,,1985,
433,181176,1.91,1.0,0.0,0,0.0,,1985,
434,181216,1.917,1.0,0.0,0,0.0,,1985,
435,181536,1.9381,1.0,0.0,0,0.0,,1985,
436,182128,1.8973,1.0,0.0,0,0.0,,1985,
437,182672,1.7033,1.0,0.0,0,0.0,,1985,
438,183144,1.6386,1.0,0.0,0,0.0,,1985,
439,184016,0.5,0.0,0.0,0,0.0,,1985,
440,184648,1.1577,1.0,0.0,0,0.0,,1985,
441,184664,1.8875,1.0,0.0,0,0.0,,1985,
442,184880,0.5,0.0,0.0,0,0.0,,1985,
443,184984,1.9452,1.0,0.0,0,0.0,,1985,
444,185296,1.9466,1.0,0.0,0,0.0,,1985,
445,185312,1.8847,1.0,0.0,0,0.0,,1985,
446,185464,1.5936,1.0,0.0,0,0.0,,1985,
447,186048,0.5,0.0,0.0,0,0.0,,1985,
448,186344,0.5,0.0,0.0,0,0.0,,1985,
449,187256,0.0,0.0,0.0,0,0.0,,1985,
450,187272,1.6569,1.0,0.0,0,0.0,,1985,
451,187736,1.7567,1.0,0.0,0,0.0,,1985,
452,187800,0.5,0.0,0.0,0,0.0,,1985,
453,188704,1.7469,1.0,0.0,0,0.0,,1985,
454,188728,1.5303,1.0,0.0,0,0.0,,1985,
455,188808,1.7314,1.0,0.0,0,0.0,,1985,
456,188848,1.377,1.0,0.0,0,0.0,,1985,
457,189088,1.9592,1.0,0.0,0,0.0,,1985,
458,189712,1.152,1.0,0.0,0,0.0,,1985,
459,189928,1.7905,1.0,0.0,0,0.0,,1985,
460,190312,1.5598,1.0,0.0,0,0.0,,1985,
461,190496,1.9016,1.0,0.0,0,0.0,,1985,
462,190592,0.5,0.0,0.0,0,0.0,,1985,
463,190640,1.8383,1.0,0.0,0,0.0,,1985,
464,190800,1.948,1.0,0.0,0,0.0,,1985,
465,192368,1.6977,1.0,0.0,0,0.0,,1986,
466,192864,0.45,0.0,0.16,1,0.0,0.0,1986,
467,193320,1.4727,1.0,0.0,0,0.0,,1986,
468,193752,1.9255,1.0,0.0,0,0.0,,1986,
469,193832,0.0,0.0,0.0,0,0.0,,1986,
470,193936,0.5,0.0,0.0,0,0.0,,1986,
471,194152,1.775,1.0,0.0,0,0.0,,1986,
472,194216,0.0,0.0,0.0,0,0.0,,1986,
473,194704,1.3152,1.0,0.0,0,0.0,,1986,
474,195048,1.8439,1.0,0.0,0,0.0,,1986,
475,195224,1.91,1.0,0.0,0,0.0,,1986,
476,195272,1.7666,1.0,0.0,0,0.0,,1986,
477,195488,1.6963,1.0,0.0,0,0.0,,1986,
478,195720,1.0,0.0,0.0,0,0.0,,1986,
479,195752,1.9086,1.0,0.0,0,0.0,,1986,
480,196176,1.9213,1.0,0.0,0,0.0,,1986,
481,197240,1.7398,1.0,0.0,0,0.0,,1986,
482,197496,0.5,0.0,0.0,0,0.0,,1986,
483,198960,0.5,0.0,0.0,0,0.0,,1986,
484,199016,1.1577,1.0,0.0,0,0.0,,1986,
485,200176,0.5,0.0,0.0,0,0.0,,1986,
486,200400,0.5,0.0,0.0,0,0.0,,1986,
487,200616,0.5,0.0,0.0,0,0.0,,1986,
488,201304,1.0,0.0,0.0,0,0.0,,1986,
489,201784,1.2027,1.0,0.0,0,0.0,,1986,
490,202008,1.4755,1.0,0.0,0,0.0,,1986,
491,202112,1.6611,1.0,0.0,0,0.0,,1986,
492,202624,1.0,0.0,0.0,0,0.0,,1986,
493,203056,1.6934,1.0,0.0,0,0.0,,1986,
494,203184,1.7553,1.0,0.0,0,0.0,,1986,
495,203704,1.4206,1.0,0.0,0,0.0,,1986,
496,204088,0.5,0.0,0.0,0,0.0,,1986,
497,205296,1.7891,1.0,0.0,0,0.0,,1986,
498,205744,0.5,0.0,0.0,0,0.0,,1986,
499,206008,1.2983,1.0,0.0,0,0.0,,1986,
500,206048,1.5894,1.0,0.0,0,0.0,,1986,
501,207120,1.8059,1.0,0.0,0,0.0,,1986,
502,207240,1.0,0.0,0.0,0,0.0,,1987,
503,207752,1.0,0.0,0.0,0,0.0,,1987,
504,208184,1.0,0.0,0.0,0,0.0,,1987,
505,208312,0.5,0.0,0.0,0,0.0,,1987,
506,208376,1.8917,1.0,0.0,0,0.0,,1987,
507,208560,1.7483,1.0,0.0,0,0.0,,1987,
508,208808,1.9578,1.0,0.0,0,0.0,,1987,
509,209120,1.6709,1.0,0.0,0,0.0,,1987,
510,209496,1.9353,1.0,0.0,0,0.0,,1987,
511,210016,1.2005,1.0,0.19,1,0.0,0.0,1987,
512,210328,1.647,1.0,0.0,0,0.0,,1987,
513,210424,1.0,0.0,0.0,0,0.0,,1987,
514,210432,1.64,1.0,0.0,0,0.0,,1987,
515,211176,0.5,0.0,0.0,0,0.0,,1987,
516,211280,1.4572,1.0,0.0,0,0.0,,1987,
517,211688,1.7623,1.0,0.0,0,0.0,,1987,
518,211704,1.9086,1.0,0.0,0,0.0,,1987,
519,211912,1.6681,1.0,0.0,0,0.0,,1987,
520,211944,1.7356,1.0,0.0,0,0.0,,1987,
521,212000,1.8748,1.0,0.0,0,0.0,,1987,
522,212088,1.7089,1.0,0.0,0,0.0,,1987,
523,212136,1.4164,1.0,0.0,0,0.0,,1987,
524,212832,1.8706,1.0,0.0,0,0.0,,1987,
525,212952,1.8186,1.0,0.0,0,0.0,,1987,
526,213408,1.7778,1.0,0.0,0,0.0,,1987,
527,213536,1.8987,1.0,0.0,0,0.0,,1987,
528,213552,1.8748,1.0,0.0,0,0.0,,1987,
529,214160,1.6217,1.0,0.0,0,0.0,,1987,
530,214456,1.8397,1.0,0.0,0,0.0,,1987,
531,214480,1.5556,1.0,0.0,0,0.0,,1987,
532,214552,1.8003,1.0,0.0,0,0.0,,1987,
533,214624,0.5,0.0,0.0,0,0.0,,1987,
534,215264,1.8889,1.0,0.0,0,0.0,,1988,
535,215472,1.827,1.0,0.0,0,0.0,,1988,
536,215792,1.7666,1.0,0.0,0,0.0,,1988,
537,215840,1.2716,1.0,0.0,0,0.0,,1988,
538,215856,1.5464,1.0,0.35,1,0.0,0.0,1988,
539,215880,1.8931,1.0,0.0,0,0.0,,1988,
540,216056,1.8987,1.0,0.0,0,0.0,,1988,
541,216792,1.8411,1.0,0.0,0,0.0,,1988,
542,216832,0.5,0.0,0.0,0,0.0,,1988,
543,217128,1.775,1.0,0.0,0,0.0,,1988,
544,217224,1.4628,1.0,0.0,0,0.0,,1988,
545,217416,1.9677,1.0,0.0,0,0.0,,1988,
546,217664,1.6836,1.0,0.0,0,0.0,,1988,
547,217672,1.6709,1.0,0.0,0,0.0,,1988,
548,218056,1.7862,1.0,0.0,0,0.0,,1988,
549,218192,1.7553,1.0,0.0,0,0.0,,1988,
550,218336,1.8397,1.0,0.0,0,0.0,,1988,
551,218584,1.557,1.0,0.0,0,0.0,,1988,
552,219112,1.6527,1.0,0.0,0,0.0,,1988,
553,219680,0.0,0.0,0.0,0,0.0,,1988,
554,219952,1.5992,1.0,0.0,0,0.0,,1988,
555,220072,1.5795,1.0,0.0,0,0.0,,1988,
556,220824,1.5388,1.0,0.0,0,0.0,,1988,
557,220944,1.6794,1.0,0.0,0,0.0,,1988,
558,221112,1.8186,1.0,0.0,0,0.0,,1988,
559,221272,1.5289,1.0,0.0,0,0.0,,1988,
560,221408,1.9198,1.0,0.0,0,0.0,,1988,
561,221472,1.4502,1.0,0.0,0,0.0,,1988,
562,221704,1.6456,1.0,0.0,0,0.0,,1988,
563,221824,1.8256,1.0,0.0,0,0.0,,1988,
564,222864,1.6934,1.0,0.0,0,0.0,,1988,
565,223184,0.5,0.0,0.0,0,0.0,,1988,
566,223248,1.422,1.0,0.0,0,0.0,,1988,
567,223448,1.6948,1.0,0.0,0,0.0,,1988,
568,223488,1.948,1.0,0.0,0,0.0,,1988,
569,223864,1.8931,1.0,0.0,0,0.0,,1988,
570,223872,1.6414,1.0,0.0,0,0.0,,1988,
571,224848,1.8298,1.0,0.0,0,0.0,,1988,
572,224936,1.3573,1.0,0.0,0,0.0,,1988,
573,225608,1.6288,1.0,0.0,0,0.0,,1988,
574,226536,0.5,0.0,0.0,0,0.0,,1988,
575,226600,1.0,0.0,0.0,0,0.0,,1988,
576,226632,1.5148,1.0,0.0,0,0.0,,1988,
577,226672,1.6808,1.0,0.0,0,0.0,,1988,
578,227216,1.8819,1.0,0.0,0,0.0,,1988,
579,227640,1.8242,1.0,0.0,0,0.0,,1988,
580,227656,1.8284,1.0,0.0,0,0.0,,1988,
581,227992,0.5,0.0,0.0,0,0.0,,1988,
582,228568,1.6555,1.0,0.0,0,0.0,,1988,
583,228568,1.7637,1.0,0.0,0,0.0,,1988,
584,228576,0.5,0.0,0.0,0,0.0,,1988,
585,229032,1.9198,1.0,0.0,0,0.0,,1988,
586,229552,1.91,1.0,0.0,0,0.0,,1988,
587,230064,1.0,0.0,0.0,0,0.0,,1988,
588,230200,1.8875,1.0,0.0,0,0.0,,1988,
589,230432,1.5725,1.0,0.0,0,0.0,,1988,
590,230568,1.1295,1.0,0.0,0,0.0,,1988,
591,230912,1.4291,1.0,0.0,0,0.0,,1988,
592,231144,1.8355,1.0,0.0,0,0.0,,1988,
593,231144,1.5486,1.0,0.0,0,0.0,,1988,
594,231184,1.8045,1.0,0.0,0,0.0,,1988,
595,231288,1.3602,1.0,0.0,0,0.0,,1988,
596,231376,1.5092,1.0,0.0,0,0.0,,1988,
597,231664,1.9353,1.0,0.0,0,0.0,,1988,
598,231696,1.9044,1.0,0.0,0,0.0,,1988,
599,231712,1.8003,1.0,0.0,0,0.0,,1988,
600,231832,1.8805,1.0,0.0,0,0.0,,1988,
601,232056,1.7159,1.0,0.0,0,0.0,,1988,
602,232064,1.9606,1.0,0.0,0,0.0,,1988,
603,232792,1.872,1.0,0.0,0,0.0,,1988,
604,232808,1.8087,1.0,0.0,0,0.0,,1988,
605,232944,1.692,1.0,0.0,0,0.0,,1988,
606,233152,1.6077,1.0,0.0,0,0.0,,1988,
607,233312,1.6611,1.0,0.0,0,0.0,,1988,
608,233696,1.9058,1.0,0.0,0,0.0,,1988,
609,233784,1.6344,1.0,0.0,0,0.0,,1988,
610,234176,1.5598,1.0,0.0,0,0.0,,1988,
611,234240,1.7469,1.0,0.0,0,0.0,,1988,
612,234528,1.5683,1.0,0.0,0,0.0,,1988,
613,234536,1.8538,1.0,0.0,0,0.0,,1988,
614,234648,1.678,1.0,0.0,0,0.0,,1988,
615,234792,1.7412,1.0,0.0,0,0.0,,1988,
616,234800,1.8228,1.0,0.0,0,0.0,,1988,
617,235232,1.8987,1.0,0.0,0,0.0,,1988,
618,235320,1.8636,1.0,0.0,0,0.0,,1988,
619,235408,1.8945,1.0,0.0,0,0.0,,1988,
620,235448,1.7891,1.0,0.0,0,0.0,,1988,
621,235864,1.7047,1.0,0.0,0,0.0,,1988,
622,235968,1.91,1.0,0.0,0,0.0,,1988,
623,236192,1.7089,1.0,0.0,0,0.0,,1988,
624,236248,1.7455,1.0,0.0,0,0.0,,1988,
625,236672,1.917,1.0,0.0,0,0.0,,1988,
626,236840,1.7497,1.0,0.0,0,0.0,,1988,
627,236840,1.8481,1.0,0.0,0,0.0,,1988,
628,237040,1.6836,1.0,0.0,0,0.0,,1988,
629,237416,1.9002,1.0,0.0,0,0.0,,1988,
630,237720,1.6752,1.0,0.0,0,0.0,,1988,
631,237744,1.7384,1.0,0.0,0,0.0,,1988,
632,237848,1.1394,1.0,0.0,0,0.0,,1988,
633,238472,1.7145,1.0,0.0,0,0.0,,1988,
634,238904,1.7398,1.0,0.0,0,0.0,,1988,
635,238928,1.8116,1.0,0.0,0,0.0,,1988,
636,239224,1.6175,1.0,0.0,0,0.0,,1988,
637,239432,1.7005,1.0,0.0,0,0.0,,1988,
638,239552,1.8116,1.0,0.0,0,0.0,,1988,
639,239744,1.9466,1.0,0.0,0,0.0,,1988,
640,239832,1.8425,1.0,0.0,0,0.0,,1988,
641,240448,0.5,0.0,0.0,0,0.0,,1988,
642,240744,1.8256,1.0,0.0,0,0.0,,1988,
643,240880,1.8172,1.0,0.0,0,0.0,,1988,
644,241464,1.8228,1.0,0.0,0,0.0,,1988,
645,241528,1.8636,1.0,0.0,0,0.0,,1988,
646,241800,0.5,0.0,0.0,0,0.0,,1988,
647,241824,1.5444,1.0,0.0,0,0.0,,1988,
648,241968,1.9128,1.0,0.0,0,0.0,,1988,
649,242008,1.5697,1.0,0.0,0,0.0,,1988,
650,242144,1.9409,1.0,0.0,0,0.0,,1988,
651,242200,1.9353,1.0,0.0,0,0.0,,1988,
652,242552,1.7075,1.0,0.0,0,0.0,,1988,
653,242752,1.8945,1.0,0.0,0,0.0,,1989,
654,242872,0.5,0.0,0.0,0,0.0,,1989,
655,243560,1.8594,1.0,0.0,0,0.0,,1989,
656,244032,-0.05,0.0,0.16,1,0.0,1.0,1989,
657,244344,1.5908,1.0,0.0,0,0.0,,1989,
658,244432,1.9311,1.0,0.0,0,0.0,,1989,
659,244592,1.4628,1.0,0.0,0,0.0,,1989,
660,244792,1.6639,1.0,0.0,0,0.0,,1989,
661,246384,1.6864,1.0,0.0,0,0.0,,1989,
662,246560,1.6906,1.0,0.0,0,0.0,,1989,
663,247096,0.5,0.0,0.0,0,0.0,,1989,
664,247328,0.0,0.0,0.0,0,0.0,,1989,
665,247680,0.5,0.0,0.0,0,0.0,,1989,
666,248000,1.9452,1.0,0.0,0,0.0,,1989,
667,248416,1.2856,1.0,0.0,0,0.0,,1989,
668,248448,1.9227,1.0,0.0,0,0.0,,1989,
669,248688,1.0,0.0,0.0,0,0.0,,1989,
670,248792,1.9353,1.0,0.0,0,0.0,,1989,
671,249016,1.1956,1.0,0.0,0,0.0,,1989,
672,249168,1.678,1.0,0.0,0,0.0,,1989,
673,249296,1.4895,1.0,0.0,0,0.0,,1989,
674,249544,1.5711,1.0,0.0,0,0.0,,1989,
675,249784,1.8664,1.0,0.0,0,0.0,,1989,
676,249816,1.8031,1.0,0.0,0,0.0,,1989,
677,250080,1.955,1.0,0.0,0,0.0,,1989,
678,250136,1.8538,1.0,0.0,0,0.0,,1989,
679,250168,1.8256,1.0,0.0,0,0.0,,1989,
680,250456,1.9508,1.0,0.0,0,0.0,,1989,
681,251136,1.5289,1.0,0.0,0,0.0,,1989,
682,251248,1.7961,1.0,0.0,0,0.0,,1989,
683,251248,1.5697,1.0,0.0,0,0.0,,1989,
684,251688,0.0,0.0,0.0,0,0.0,,1989,
685,251888,1.7497,1.0,0.0,0,0.0,,1989,
686,252352,1.8073,1.0,0.0,0,0.0,,1989,
687,252448,1.903,1.0,0.0,0,0.0,,1989,
688,253072,1.6808,1.0,0.0,0,0.0,,1989,
689,253544,1.3405,1.0,0.0,0,0.0,,1989,
690,253600,1.782,1.0,0.0,0,0.0,,1989,
691,253784,1.633,1.0,0.0,0,0.0,,1989,
692,254256,1.8762,1.0,0.0,0,0.0,,1989,
693,254400,1.8931,1.0,0.0,0,0.0,,1989,
694,254664,1.1014,1.0,0.0,0,0.0,,1989,
695,254848,1.5795,1.0,0.0,0,0.0,,1989,
696,254992,1.3236,1.0,0.0,0,0.0,,1989,
697,255048,1.8875,1.0,0.0,0,0.0,,1989,
698,255264,0.5,0.0,0.0,0,0.0,,1989,
699,256072,1.7862,1.0,0.0,0,0.0,,1989,
700,256704,1.5711,1.0,0.0,0,0.0,,1989,
701,256704,1.8903,1.0,0.0,0,0.0,,1989,
702,256784,1.7342,1.0,0.0,0,0.0,,1989,
703,257112,1.9297,1.0,0.0,0,0.0,,1989,
704,257136,1.9255,1.0,0.0,0,0.0,,1989,
705,257400,1.955,1.0,0.0,0,0.0,,1989,
706,257584,1.8608,1.0,0.0,0,0.0,,1989,
707,258200,0.5,0.0,0.0,0,0.0,,1989,
708,258336,1.4136,1.0,0.0,0,0.0,,1989,
709,258568,1.9367,1.0,0.0,0,0.0,,1989,
710,258728,1.0,0.0,0.0,0,0.0,,1989,
711,258768,1.7609,1.0,0.0,0,0.0,,1989,
712,258912,1.685,1.0,0.0,0,0.0,,1989,
713,259016,1.9508,1.0,0.0,0,0.0,,1989,
714,259184,1.2744,1.0,0.0,0,0.0,,1989,
715,259440,1.9086,1.0,0.0,0,0.0,,1989,
716,259792,1.0,0.0,0.0,0,0.0,,1989,
717,259904,1.9198,1.0,0.0,0,0.0,,1989,
718,260768,1.723,1.0,0.0,0,0.0,,1989,
719,261216,1.4952,1.0,0.0,0,0.0,,1989,
720,261400,1.7188,1.0,0.0,0,0.0,,1989,
721,261568,1.5092,1.0,0.0,0,0.0,,1989,
722,261616,1.5444,1.0,0.0,0,0.0,,1989,
723,261712,1.9142,1.0,0.0,0,0.0,,1989,
724,261768,1.9367,1.0,0.0,0,0.0,,1989,
725,262072,1.9381,1.0,0.0,0,0.0,,1989,
726,262208,1.8973,1.0,0.0,0,0.0,,1989,
727,262560,1.6864,1.0,0.0,0,0.0,,1989,
728,262712,0.0,0.0,0.0,0,0.0,,1989,
729,262904,1.9409,1.0,0.0,0,0.0,,1989,
730,263000,1.8383,1.0,0.0,0,0.0,,1989,
731,263080,1.7708,1.0,0.0,0,0.0,,1989,
732,263104,1.9663,1.0,0.0,0,0.0,,1989,
733,263184,1.7173,1.0,0.0,0,0.0,,1989,
734,263464,1.3756,1.0,0.0,0,0.0,,1989,
735,263464,1.8692,1.0,0.0,0,0.0,,1989,
736,263560,1.917,1.0,0.0,0,0.0,,1989,
737,263616,1.7539,1.0,0.0,0,0.0,,1989,
738,263696,1.0,0.0,0.0,0,0.0,,1989,
739,263712,1.9578,1.0,0.0,0,0.0,,1989,
740,263904,1.9508,1.0,0.0,0,0.0,,1989,
741,264312,1.8523,1.0,0.0,0,0.0,,1989,
742,264392,1.775,1.0,0.0,0,0.0,,1989,
743,264616,1.8425,1.0,0.0,0,0.0,,1989,
744,265008,1.8931,1.0,0.0,0,0.0,,1989,
745,265144,1.8552,1.0,0.0,0,0.0,,1989,
746,265448,1.6934,1.0,0.0,0,0.0,,1989,
747,265464,1.9452,1.0,0.0,0,0.0,,1989,
748,265464,1.7272,1.0,0.0,0,0.0,,1989,
749,265520,1.8425,1.0,0.0,0,0.0,,1989,
750,265592,1.8987,1.0,0.0,0,0.0,,1989,
751,266200,1.5373,1.0,0.0,0,0.0,,1989,
752,266272,1.4586,1.0,0.0,0,0.0,,1989,
753,266328,1.8467,1.0,0.0,0,0.0,,1989,
754,266488,1.8214,1.0,0.0,0,0.0,,1989,
755,266488,1.9634,1.0,0.0,0,0.0,,1989,
756,266584,1.827,1.0,0.0,0,0.0,,1990,
757,266784,1.8487,1.0,1.37,1,0.0,1.0,1990,
758,266856,1.7567,1.0,0.0,0,0.0,,1990,
759,266936,1.9227,1.0,0.0,0,0.0,,1990,
760,267344,1.903,1.0,0.0,0,0.0,,1990,
761,267488,1.8256,1.0,0.0,0,0.0,,1990,
762,267720,1.8636,1.0,0.0,0,0.0,,1990,
763,268128,0.5,0.0,0.0,0,0.0,,1990,
764,268168,1.723,1.0,0.0,0,0.0,,1990,
765,268176,1.8805,1.0,0.0,0,0.0,,1990,
766,268368,1.6428,1.0,0.0,0,0.0,,1990,
767,268400,1.9606,1.0,0.0,0,0.0,,1990,
768,268608,1.9255,1.0,0.0,0,0.0,,1990,
769,268616,1.7778,1.0,0.0,0,0.0,,1990,
770,268744,1.8214,1.0,0.0,0,0.0,,1990,
771,268952,1.9423,1.0,0.0,0,0.0,,1990,
772,269152,1.8692,1.0,0.0,0,0.0,,1990,
773,269200,1.8973,1.0,0.0,0,0.0,,1990,
774,270032,1.8467,1.0,0.0,0,0.0,,1990,
775,270328,1.723,1.0,0.0,0,0.0,,1990,
776,270464,1.9775,1.0,0.0,0,0.0,,1990,
777,270520,1.1225,1.0,0.0,0,0.0,,1990,
778,270584,1.7145,1.0,0.0,0,0.0,,1990,
779,271056,1.4867,1.0,0.0,0,0.0,,1990,
780,271064,1.8959,1.0,0.0,0,0.0,,1990,
781,271240,1.4966,1.0,0.0,0,0.0,,1990,
782,271248,1.8847,1.0,0.0,0,0.0,,1990,
783,271688,1.152,1.0,0.0,0,0.0,,1990,
784,271752,1.5528,1.0,0.0,0,0.0,,1990,
785,271936,1.8467,1.0,0.0,0,0.0,,1990,
786,272080,1.8228,1.0,0.0,0,0.0,,1990,
787,272176,1.7103,1.0,0.0,0,0.0,,1990,
788,272368,1.8931,1.0,0.0,0,0.0,,1990,
789,272480,1.7848,1.0,0.0,0,0.0,,1990,
790,272848,1.8664,1.0,0.0,0,0.0,,1990,
791,273152,1.948,1.0,0.0,0,0.0,,1990,
792,273720,1.9016,1.0,0.0,0,0.0,,1990,
793,273728,1.7623,1.0,0.0,0,0.0,,1990,
794,274056,1.6709,1.0,0.0,0,0.0,,1990,
795,274160,1.7061,1.0,0.0,0,0.0,,1990,
796,274784,1.8144,1.0,0.0,0,0.0,,1990,
797,275040,1.9564,1.0,0.0,0,0.0,,1990,
798,275160,0.0,0.0,0.0,0,0.0,,1990,
799,275232,1.3784,1.0,0.0,0,0.0,,1990,
800,275272,1.73,1.0,0.0,0,0.0,,1990,
801,275720,1.903,1.0,0.0,0,0.0,,1990,
802,275896,1.3053,1.0,0.0,0,0.0,,1990,
803,276352,1.8116,1.0,0.0,0,0.0,,1990,
804,276368,0.5,0.0,0.0,0,0.0,,1990,
805,276528,1.8594,1.0,0.0,0,0.0,,1990,
806,276568,1.7328,1.0,0.0,0,0.0,,1990,
807,276672,1.7483,1.0,0.0,0,0.0,,1990,
808,276776,1.5233,1.0,0.0,0,0.0,,1990,
809,276848,1.9452,1.0,0.0,0,0.0,,1990,
810,276912,1.9592,1.0,0.0,0,0.0,,1990,
811,277032,1.8847,1.0,0.0,0,0.0,,1990,
812,277416,1.9128,1.0,0.0,0,0.0,,1990,
813,277736,1.8777,1.0,0.0,0,0.0,,1990,
814,277816,1.782,1.0,0.0,0,0.0,,1990,
815,277920,1.813,1.0,0.0,0,0.0,,1990,
816,277936,1.91,1.0,0.0,0,0.0,,1990,
817,278136,1.6077,1.0,0.0,0,0.0,,1990,
818,278272,1.9395,1.0,0.0,0,0.0,,1990,
819,278448,1.9466,1.0,0.0,0,0.0,,1990,
820,278704,1.9255,1.0,0.0,0,0.0,,1990,
821,278848,1.8059,1.0,0.0,0,0.0,,1990,
822,278944,1.8242,1.0,0.0,0,0.0,,1990,
823,279064,1.5992,1.0,0.0,0,0.0,,1990,
824,279192,1.9409,1.0,0.0,0,0.0,,1990,
825,279288,1.0,0.0,0.0,0,0.0,,1990,
826,279904,1.7905,1.0,0.0,0,0.0,,1990,
827,279976,1.7328,1.0,0.0,0,0.0,,1990,
828,280168,1.7862,1.0,0.0,0,0.0,,1990,
829,280184,1.9648,1.0,0.0,0,0.0,,1990,
830,280320,1.9283,1.0,0.0,0,0.0,,1990,
831,280808,1.6948,1.0,0.0,0,0.0,,1990,
832,280944,1.7103,1.0,0.0,0,0.0,,1990,
833,281224,1.6442,1.0,0.0,0,0.0,,1990,
834,281432,1.9648,1.0,0.0,0,0.0,,1990,
835,281440,1.9142,1.0,0.0,0,0.0,,1990,
836,281480,0.5,0.0,0.0,0,0.0,,1990,
837,281728,1.73,1.0,0.0,0,0.0,,1990,
838,282376,1.8875,1.0,0.0,0,0.0,,1990,
839,282464,1.82,1.0,0.0,0,0.0,,1990,
840,282736,1.9381,1.0,0.0,0,0.0,,1990,
841,282784,1.7652,1.0,0.0,0,0.0,,1990,
842,282848,1.1169,1.0,0.0,0,0.0,,1990,
843,283008,1.7328,1.0,0.0,0,0.0,,1990,
844,283008,1.9536,1.0,0.0,0,0.0,,1990,
845,283224,1.9634,1.0,0.0,0,0.0,,1990,
846,283232,1.9227,1.0,0.0,0,0.0,,1990,
847,283408,1.903,1.0,0.0,0,0.0,,1990,
848,283440,1.453,1.0,0.0,0,0.0,,1990,
849,283784,1.9409,1.0,0.0,0,0.0,,1990,
850,283912,1.8819,1.0,0.0,0,0.0,,1990,
851,284096,1.8805,1.0,0.0,0,0.0,,1990,
852,284120,1.8439,1.0,0.0,0,0.0,,1990,
853,284368,1.9213,1.0,0.0,0,0.0,,1990,
854,284616,1.7188,1.0,0.0,0,0.0,,1990,
855,284624,1.2181,1.0,0.0,0,0.0,,1990,
856,284760,1.8889,1.0,0.0,0,0.0,,1990,
857,284968,1.8481,1.0,0.0,0,0.0,,1990,
858,285224,1.9198,1.0,0.0,0,0.0,,1990,
859,285376,1.8678,1.0,0.0,0,0.0,,1990,
860,285672,1.7722,1.0,0.0,0,0.0,,1990,
861,285936,0.0,0.0,0.0,0,0.0,,1990,
862,285968,1.8973,1.0,0.0,0,0.0,,1990,
863,286176,1.7286,1.0,0.0,0,0.0,,1990,
864,286216,1.782,1.0,0.0,0,0.0,,1990,
865,286520,1.9044,1.0,0.0,0,0.0,,1990,
866,286840,1.8425,1.0,0.0,0,0.0,,1990,
867,287400,1.7862,1.0,0.0,0,0.0,,1990,
868,287528,1.6752,1.0,0.0,0,0.0,,1990,
869,287592,0.0,0.0,0.0,0,0.0,,1990,
870,287800,1.8327,1.0,0.0,0,0.0,,1990,
871,288088,1.6723,1.0,0.0,0,0.0,,1990,
872,288296,1.8439,1.0,0.0,0,0.0,,1990,
873,288376,1.9002,1.0,0.0,0,0.0,,1990,
874,288568,1.9536,1.0,0.0,0,0.0,,1990,
875,288616,1.9592,1.0,0.0,0,0.0,,1990,
876,288816,1.5978,1.0,0.0,0,0.0,,1990,
877,288912,0.5,0.0,0.0,0,0.0,,1990,
878,288912,1.7694,1.0,0.0,0,0.0,,1990,
879,289200,1.7075,1.0,0.0,0,0.0,,1990,
880,289312,1.9311,1.0,0.0,0,0.0,,1990,
881,289432,1.8931,1.0,0.0,0,0.0,,1990,
882,289736,1.2083,1.0,0.0,0,0.0,,1990,
883,289800,1.7848,1.0,0.0,0,0.0,,1990,
884,289928,1.8734,1.0,0.0,0,0.0,,1990,
885,290024,1.7539,1.0,0.0,0,0.0,,1990,
886,290320,1.7539,1.0,0.0,0,0.0,,1990,
887,290392,1.8973,1.0,0.0,0,0.0,,1990,
888,290624,1.8791,1.0,0.0,0,0.0,,1990,
889,291272,1.8875,1.0,0.0,0,0.0,,1990,
890,292304,1.82,1.0,0.0,0,0.0,,1990,
891,292584,1.4473,1.0,0.0,0,0.0,,1990,
892,292648,1.9409,1.0,0.0,0,0.0,,1990,
893,293072,1.5303,1.0,0.0,0,0.0,,1990,
894,293216,0.0,0.0,0.0,0,0.0,,1990,
895,293456,1.273,1.0,0.0,0,0.0,,1990,
896,293648,1.8256,1.0,0.0,0,0.0,,1990,
897,294184,1.3222,1.0,0.0,0,0.0,,1990,
898,294592,1.8355,1.0,0.0,0,0.0,,1990,
899,294864,1.7117,1.0,0.0,0,0.0,,1990,
900,294864,0.0,0.0,0.0,0,0.0,,1990,
901,295152,1.0,0.0,0.0,0,0.0,,1990,
902,295424,1.903,1.0,0.0,0,0.0,,1990,
903,296096,1.4698,1.0,0.0,0,0.0,,1990,
904,296128,1.3784,1.0,0.0,0,0.0,,1990,
905,296608,1.7933,1.0,0.0,0,0.0,,1990,
906,296680,1.5627,1.0,0.0,0,0.0,,1990,
907,297080,1.3644,1.0,0.0,0,0.0,,1990,
908,297240,1.903,1.0,0.0,0,0.0,,1990,
909,297320,1.9592,1.0,0.0,0,0.0,,1990,
910,297432,1.55,1.0,0.0,0,0.0,,1990,
911,297648,1.8186,1.0,0.0,0,0.0,,1990,
912,297696,1.955,1.0,0.0,0,0.0,,1990,
913,297776,1.7061,1.0,0.0,0,0.0,,1990,
914,297960,1.8748,1.0,0.0,0,0.0,,1990,
915,298040,1.4937,1.0,0.0,0,0.0,,1990,
916,298200,1.8467,1.0,0.0,0,0.0,,1990,
917,298208,1.9578,1.0,0.0,0,0.0,,1990,
918,298216,1.9016,1.0,0.0,0,0.0,,1990,
919,298504,1.3137,1.0,0.0,0,0.0,,1990,
920,298616,1.9297,1.0,0.0,0,0.0,,1990,
921,298832,1.8622,1.0,0.0,0,0.0,,1990,
922,299184,1.4642,1.0,0.0,0,0.0,,1990,
923,299200,1.8284,1.0,0.0,0,0.0,,1990,
924,299664,1.9198,1.0,0.0,0,0.0,,1990,
925,299840,1.6386,1.0,0.0,0,0.0,,1990,
926,299912,1.8734,1.0,0.0,0,0.0,,1990,
927,300072,1.5837,1.0,0.0,0,0.0,,1990,
928,300152,1.6583,1.0,0.0,0,0.0,,1990,
929,300232,1.7553,1.0,0.0,0,0.0,,1990,
930,300384,1.6709,1.0,0.0,0,0.0,,1990,
931,300488,1.9564,1.0,0.0,0,0.0,,1990,
932,300728,1.8144,1.0,0.0,0,0.0,,1990,
933,300912,1.9086,1.0,0.0,0,0.0,,1990,
934,301392,1.7286,1.0,0.0,0,0.0,,1990,
935,301864,1.7595,1.0,0.0,0,0.0,,1990,
936,302216,1.6245,1.0,0.0,0,0.0,,1990,
937,302328,1.3489,1.0,0.0,0,0.0,,1990,
938,302440,1.962,1.0,0.0,0,0.0,,1990,
939,302600,1.5711,1.0,0.0,0,0.0,,1990,
940,302888,1.9227,1.0,0.0,0,0.0,,1990,
941,302920,1.8973,1.0,0.0,0,0.0,,1990,
942,302928,1.4712,1.0,0.0,0,0.0,,1990,
943,303008,1.7173,1.0,0.0,0,0.0,,1990,
944,303040,1.9747,1.0,0.0,0,0.0,,1990,
945,303248,1.9592,1.0,0.0,0,0.0,,1990,
946,303392,1.5331,1.0,0.0,0,0.0,,1990,
947,303416,1.7286,1.0,0.0,0,0.0,,1990,
948,303416,1.9353,1.0,0.0,0,0.0,,1990,
949,303440,1.9114,1.0,0.0,0,0.0,,1990,
950,303728,1.9466,1.0,0.0,0,0.0,,1990,
951,303760,1.8538,1.0,0.0,0,0.0,,1990,
952,303856,1.9198,1.0,0.0,0,0.0,,1990,
953,304040,1.8959,1.0,0.0,0,0.0,,1990,
954,304144,1.9283,1.0,0.0,0,0.0,,1990,
955,304376,1.8327,1.0,0.0,0,0.0,,1990,
956,304432,1.9325,1.0,0.0,0,0.0,,1990,
957,304520,1.7778,1.0,0.0,0,0.0,,1990,
958,304720,1.9409,1.0,0.0,0,0.0,,1990,
959,304752,1.6231,1.0,0.0,0,0.0,,1990,
960,304824,1.8144,1.0,0.0,0,0.0,,1990,
961,305056,1.9072,1.0,0.0,0,0.0,,1990,
962,305512,1.8805,1.0,0.0,0,0.0,,1990,
963,305552,1.8608,1.0,0.0,0,0.0,,1990,
964,305616,1.1745,1.0,0.0,0,0.0,,1990,
965,305784,1.8144,1.0,0.0,0,0.0,,1990,
966,306032,1.8298,1.0,0.0,0,0.0,,1990,
967,306064,1.9522,1.0,0.0,0,0.0,,1990,
968,306320,1.8777,1.0,0.0,0,0.0,,1990,
969,306456,1.9325,1.0,0.0,0,0.0,,1990,
970,306648,1.8931,1.0,0.0,0,0.0,,1990,
971,307024,1.9353,1.0,0.0,0,0.0,,1990,
972,307248,1.7033,1.0,0.0,0,0.0,,1990,
973,307400,1.3784,1.0,0.0,0,0.0,,1990,
974,307824,1.9002,1.0,0.0,0,0.0,,1990,
975,307848,1.8566,1.0,0.0,0,0.0,,1990,
976,308048,1.3658,1.0,0.0,0,0.0,,1990,
977,308184,1.8636,1.0,0.0,0,0.0,,1990,
978,308368,1.91,1.0,0.0,0,0.0,,1990,
979,308616,1.9016,1.0,0.0,0,0.0,,1990,
980,308744,1.9353,1.0,0.0,0,0.0,,1990,
981,309016,1.5514,1.0,0.0,0,0.0,,1990,
982,309168,1.7652,1.0,0.0,0,0.0,,1990,
983,309272,0.5,0.0,0.0,0,0.0,,1990,
984,309520,1.9395,1.0,0.0,0,0.0,,1990,
985,309792,1.865,1.0,0.0,0,0.0,,1990,
986,309808,1.9072,1.0,0.0,0,0.0,,1990,
987,310136,1.1886,1.0,0.0,0,0.0,,1990,
988,310160,1.8889,1.0,0.0,0,0.0,,1990,
989,310312,1.9747,1.0,0.0,0,0.0,,1990,
990,310392,1.9564,1.0,0.0,0,0.0,,1990,
991,310768,1.2195,1.0,0.0,0,0.0,,1990,
992,310800,1.827,1.0,0.0,0,0.0,,1990,
993,310896,1.8987,1.0,0.0,0,0.0,,1990,
994,310928,1.8017,1.0,0.0,0,0.0,,1990,
995,310992,1.8959,1.0,0.0,0,0.0,,1990,
996,311032,1.5992,1.0,0.0,0,0.0,,1990,
997,311056,1.9733,1.0,0.0,0,0.0,,1990,
998,311568,1.9114,1.0,0.0,0,0.0,,1990,
999,311912,1.8467,1.0,0.0,0,0.0,,1990,
1000,312072,1.8116,1.0,0.0,0,0.0,,1990,
1001,312136,1.7666,1.0,0.0,0,0.0,,1990,
1002,312312,1.9705,1.0,0.0,0,0.0,,1990,
1003,312320,1.9578,1.0,0.0,0,0.0,,1990,
1004,312360,1.2673,1.0,0.0,0,0.0,,1990,
1005,312432,1.737,1.0,0.0,0,0.0,,1990,
1006,312456,1.7047,1.0,0.0,0,0.0,,1990,
1007,312632,1.9536,1.0,0.0,0,0.0,,1990,
1008,312656,1.8706,1.0,0.0,0,0.0,,1990,
1009,312816,1.9128,1.0,0.0,0,0.0,,1990,
1010,312936,1.9522,1.0,0.0,0,0.0,,1990,
1011,313144,1.9438,1.0,0.0,0,0.0,,1990,
1012,313232,1.8411,1.0,0.0,0,0.0,,1990,
1013,313576,1.9409,1.0,0.0,0,0.0,,1990,
1014,313744,1.0,0.0,0.0,0,0.0,,1990,
1015,313824,1.9578,1.0,0.0,0,0.0,,1990,
1016,313888,1.8341,1.0,0.0,0,0.0,,1990,
1017,314232,1.9156,1.0,0.0,0,0.0,,1990,
1018,314232,1.9297,1.0,0.0,0,0.0,,1990,
1019,314488,1.9564,1.0,0.0,0,0.0,,1990,
1020,314808,1.8397,1.0,0.0,0,0.0,,1990,
1021,315072,1.8987,1.0,0.0,0,0.0,,1990,
1022,315256,1.5092,1.0,0.0,0,0.0,,1990,
1023,315424,1.4755,1.0,0.0,0,0.0,,1990,
1024,315584,1.7637,1.0,0.0,0,0.0,,1990,
1025,315760,1.8805,1.0,0.0,0,0.0,,1990,
1026,315776,1.8313,1.0,0.0,0,0.0,,1990,
1027,315840,1.8987,1.0,0.0,0,0.0,,1990,
1028,315928,1.9409,1.0,0.0,0,0.0,,1990,
1029,316016,1.9705,1.0,0.0,0,0.0,,1990,
1030,316056,1.9522,1.0,0.0,0,0.0,,1990,
1031,316152,1.4727,1.0,0.0,0,0.0,,1990,
1032,316168,1.9592,1.0,0.0,0,0.0,,1990,
1033,316208,1.9677,1.0,0.0,0,0.0,,1990,
1034,316376,1.8931,1.0,0.0,0,0.0,,1990,
1035,316440,1.8228,1.0,0.0,0,0.0,,1990,
1036,316568,1.9311,1.0,0.0,0,0.0,,1990,
1037,316672,1.8931,1.0,0.0,0,0.0,,1990,
1038,316696,0.0,0.0,0.0,0,0.0,,1990,
1039,316808,1.9775,1.0,0.0,0,0.0,,1990,
1040,317136,1.9016,1.0,0.0,0,0.0,,1990,
1041,317664,1.7862,1.0,0.0,0,0.0,,1990,
1042,317760,1.0,0.0,0.0,0,0.0,,1990,
1043,317808,1.8833,1.0,0.0,0,0.0,,1990,
1044,318552,1.6752,1.0,0.0,0,0.0,,1990,
1045,318904,1.8003,1.0,0.0,0,0.0,,1990,
1046,319008,1.4994,1.0,0.0,0,0.0,,1990,
1047,319088,1.7764,1.0,0.0,0,0.0,,1990,
1048,319216,1.9466,1.0,0.0,0,0.0,,1990,
1049,319288,1.872,1.0,0.0,0,0.0,,1990,
1050,319392,1.6977,1.0,0.0,0,0.0,,1990,
1051,319456,1.9227,1.0,0.0,0,0.0,,1990,
1052,319488,1.5303,1.0,0.0,0,0.0,,1990,
1053,319600,1.4347,1.0,0.0,0,0.0,,1990,
1054,319696,1.917,1.0,0.0,0,0.0,,1990,
1055,319920,1.8552,1.0,0.0,0,0.0,,1990,
1056,319928,1.9072,1.0,0.0,0,0.0,,1990,
1057,320016,1.9086,1.0,0.0,0,0.0,,1990,
1058,320376,1.8397,1.0,0.0,0,0.0,,1990,
1059,320496,1.9016,1.0,0.0,0,0.0,,1990,
1060,320552,1.8341,1.0,0.0,0,0.0,,1990,
1061,320696,1.9452,1.0,0.0,0,0.0,,1990,
1062,320952,1.82,1.0,0.0,0,0.0,,1990,
1063,321080,1.9086,1.0,0.0,0,0.0,,1990,
1064,321120,1.9269,1.0,0.0,0,0.0,,1990,
1065,321256,1.7272,1.0,0.0,0,0.0,,1990,
1066,321336,0.5,0.0,0.0,0,0.0,,1990,
1067,321472,1.9395,1.0,0.0,0,0.0,,1990,
1068,321560,1.73,1.0,0.0,0,0.0,,1990,
1069,321656,1.5852,1.0,0.0,0,0.0,,1990,
1070,321656,1.9691,1.0,0.0,0,0.0,,1990,
1071,321896,1.8355,1.0,0.0,0,0.0,,1990,
1072,321904,1.8566,1.0,0.0,0,0.0,,1990,
1073,322304,1.8706,1.0,0.0,0,0.0,,1990,
1074,322408,1.6653,1.0,0.0,0,0.0,,1990,
1075,322424,1.8664,1.0,0.0,0,0.0,,1990,
1076,322616,1.8748,1.0,0.0,0,0.0,,1990,
1077,322672,1.7525,1.0,0.0,0,0.0,,1990,
1078,322760,1.9423,1.0,0.0,0,0.0,,1990,
1079,322800,1.9325,1.0,0.0,0,0.0,,1990,
1080,322896,1.827,1.0,0.0,0,0.0,,1990,
1081,323048,1.7567,1.0,0.0,0,0.0,,1990,
1082,323096,1.9663,1.0,0.0,0,0.0,,1990,
1083,323120,1.6878,1.0,0.0,0,0.0,,1990,
1084,323416,1.8608,1.0,0.0,0,0.0,,1990,
1085,323656,1.8509,1.0,0.0,0,0.0,,1990,
1086,323920,1.782,1.0,0.0,0,0.0,,1990,
1087,324016,1.8313,1.0,0.0,0,0.0,,1990,
1088,324240,1.962,1.0,0.0,0,0.0,,1990,
1089,324328,1.9297,1.0,0.0,0,0.0,,1990,
1090,324568,1.6034,1.0,0.0,0,0.0,,1990,
1091,324584,1.9564,1.0,0.0,0,0.0,,1990,
1092,324728,1.6555,1.0,0.0,0,0.0,,1990,
1093,325064,1.9142,1.0,0.0,0,0.0,,1990,
1094,325072,1.9409,1.0,0.0,0,0.0,,1990,
1095,325152,1.9016,1.0,0.0,0,0.0,,1990,
1096,325400,1.9423,1.0,0.0,0,0.0,,1990,
1097,325416,1.9409,1.0,0.0,0,0.0,,1990,
1098,325568,1.5711,1.0,0.0,0,0.0,,1990,
1099,325856,1.8777,1.0,0.0,0,0.0,,1990,
1100,325864,1.5148,1.0,0.0,0,0.0,,1990,
1101,326608,1.8706,1.0,0.0,0,0.0,,1990,
1102,326864,1.5402,1.0,0.0,0,0.0,,1990,
1103,326888,1.7694,1.0,0.0,0,0.0,,1990,
1104,327312,1.9227,1.0,0.0,0,0.0,,1990,
1105,327312,1.8777,1.0,0.0,0,0.0,,1990,
1106,327784,1.9184,1.0,0.0,0,0.0,,1990,
1107,327800,1.9156,1.0,0.0,0,0.0,,1990,
1108,328016,1.9606,1.0,0.0,0,0.0,,1990,
1109,328032,1.9606,1.0,0.0,0,0.0,,1990,
1110,328544,1.0,0.0,0.0,0,0.0,,1990,
1111,328552,1.91,1.0,0.0,0,0.0,,1990,
1112,328784,0.0,0.0,0.0,0,0.0,,1990,
1113,329008,1.9198,1.0,0.0,0,0.0,,1990,
1114,329200,1.3362,1.0,0.0,0,0.0,,1990,
1115,329904,1.7637,1.0,0.0,0,0.0,,1990,
1116,329976,1.197,1.0,0.0,0,0.0,,1990,
1117,329984,1.4572,1.0,0.0,0,0.0,,1990,
1118,330984,0.0,0.0,0.0,0,0.0,,1990,
1119,331096,1.8045,1.0,0.0,0,0.0,,1990,
1120,331256,1.4319,1.0,0.0,0,0.0,,1990,
1121,331528,1.9058,1.0,0.0,0,0.0,,1990,
1122,332080,1.8284,1.0,0.0,0,0.0,,1990,
1123,332848,1.8664,1.0,0.0,0,0.0,,1990,
1124,332848,1.7694,1.0,0.0,0,0.0,,1990,
1125,333376,1.9086,1.0,0.0,0,0.0,,1990,
1126,333376,1.4052,1.0,0.0,0,0.0,,1990,
1127,333592,1.9634,1.0,0.0,0,0.0,,1990,
1128,333704,1.8509,1.0,0.0,0,0.0,,1990,
1129,333912,1.0,0.0,0.0,0,0.0,,1990,
1130,333920,1.9058,1.0,0.0,0,0.0,,1990,
1131,333928,1.962,1.0,0.0,0,0.0,,1990,
1132,333936,1.1689,1.0,0.0,0,0.0,,1990,
1133,334136,0.0,0.0,0.0,0,0.0,,1990,
1134,334600,1.8819,1.0,0.0,0,0.0,,1990,
1135,334616,1.917,1.0,0.0,0,0.0,,1990,
1136,334896,1.1239,1.0,0.0,0,0.0,,1990,
1137,334904,1.8313,1.0,0.0,0,0.0,,1990,
1138,335096,1.7933,1.0,0.0,0,0.0,,1990,
1139,335168,1.955,1.0,0.0,0,0.0,,1990,
1140,335200,1.8959,1.0,0.0,0,0.0,,1990,
1141,335224,1.3039,1.0,0.0,0,0.0,,1990,
1142,335336,1.6948,1.0,0.0,0,0.0,,1990,
1143,335448,1.9044,1.0,0.0,0,0.0,,1990,
1144,335552,1.7159,1.0,0.0,0,0.0,,1990,
1145,335648,1.9227,1.0,0.0,0,0.0,,1990,
1146,335792,1.8917,1.0,0.0,0,0.0,,1990,
1147,335824,1.9705,1.0,0.0,0,0.0,,1990,
1148,335832,1.7877,1.0,0.0,0,0.0,,1990,
1149,335984,1.9255,1.0,0.0,0,0.0,,1990,
1150,336024,1.9663,1.0,0.0,0,0.0,,1990,
1151,336240,1.8228,1.0,0.0,0,0.0,,1990,
1152,336552,1.9466,1.0,0.0,0,0.0,,1990,
1153,336752,1.8664,1.0,0.0,0,0.0,,1990,
1154,337064,1.9466,1.0,0.0,0,0.0,,1990,
1155,337384,1.7216,1.0,0.0,0,0.0,,1990,
1156,337664,1.8059,1.0,0.0,0,0.0,,1990,
1157,337688,1.948,1.0,0.0,0,0.0,,1990,
1158,337936,1.5022,1.0,0.0,0,0.0,,1990,
1159,337984,1.8397,1.0,0.0,0,0.0,,1990,
1160,338080,1.6062,1.0,0.0,0,0.0,,1990,
1161,338384,1.9311,1.0,0.0,0,0.0,,1990,
1162,338712,1.8903,1.0,0.0,0,0.0,,1990,
1163,338944,1.7764,1.0,0.0,0,0.0,,1990,
1164,339104,1.9325,1.0,0.0,0,0.0,,1990,
1165,339232,1.4375,1.0,0.0,0,0.0,,1990,
1166,339296,1.8411,1.0,0.0,0,0.0,,1990,
1167,339944,1.8875,1.0,0.0,0,0.0,,1990,
1168,340352,1.1394,1.0,0.0,0,0.0,,1990,
1169,340464,1.0,0.0,0.0,0,0.0,,1990,
1170,340528,1.723,1.0,0.0,0,0.0,,1990,
1171,340808,1.8495,1.0,0.0,0,0.0,,1990,
1172,341184,1.9353,1.0,0.0,0,0.0,,1990,
1173,341360,1.6048,1.0,0.0,0,0.0,,1990,
1174,341736,1.7891,1.0,0.0,0,0.0,,1990,
1175,341840,1.7398,1.0,0.0,0,0.0,,1990,
1176,342152,1.9283,1.0,0.0,0,0.0,,1990,
1177,342352,1.7961,1.0,0.0,0,0.0,,1990,
1178,342520,1.9367,1.0,0.0,0,0.0,,1990,
1179,342816,1.0,0.0,0.0,0,0.0,,1990,
1180,342864,1.9114,1.0,0.0,0,0.0,,1990,
1181,342920,1.9311,1.0,0.0,0,0.0,,1990,
1182,343064,0.0,0.0,0.0,0,0.0,,1990,
1183,343144,1.6878,1.0,0.0,0,0.0,,1990,
1184,343168,1.948,1.0,0.0,0,0.0,,1990,
1185,343416,1.8959,1.0,0.0,0,0.0,,1990,
1186,343760,1.8931,1.0,0.0,0,0.0,,1990,
1187,344296,1.8467,1.0,0.0,0,0.0,,1990,
1188,344360,0.0,0.0,0.0,0,0.0,,1990,
1189,344848,1.9044,1.0,0.0,0,0.0,,1990,
1190,345152,1.948,1.0,0.0,0,0.0,,1990,
1191,345200,1.8538,1.0,0.0,0,0.0,,1990,
1192,345288,1.5852,1.0,0.0,0,0.0,,1990,
1193,345376,1.7173,1.0,0.0,0,0.0,,1990,
1194,345592,0.0,0.0,0.0,0,0.0,,1990,
1195,346152,1.903,1.0,0.0,0,0.0,,1990,
1196,346280,1.8425,1.0,0.0,0,0.0,,1990,
1197,346336,1.8172,1.0,0.0,0,0.0,,1990,
1198,346352,1.9663,1.0,0.0,0,0.0,,1990,
1199,346408,1.7806,1.0,0.0,0,0.0,,1990,
1200,346456,1.7806,1.0,0.0,0,0.0,,1990,
1201,346576,1.9592,1.0,0.0,0,0.0,,1990,
1202,346664,1.9339,1.0,0.0,0,0.0,,1990,
1203,346792,1.9634,1.0,0.0,0,0.0,,1990,
1204,346880,1.9269,1.0,0.0,0,0.0,,1990,
1205,346880,1.9184,1.0,0.0,0,0.0,,1990,
1206,346968,0.0,0.0,0.0,0,0.0,,1990,
1207,347072,1.9522,1.0,0.0,0,0.0,,1990,
1208,347104,1.9241,1.0,0.0,0,0.0,,1990,
1209,347152,1.9536,1.0,0.0,0,0.0,,1990,
1210,347344,1.9198,1.0,0.0,0,0.0,,1990,
1211,347432,1.9198,1.0,0.0,0,0.0,,1990,
1212,347608,1.9705,1.0,0.0,0,0.0,,1990,
1213,347760,1.9283,1.0,0.0,0,0.0,,1990,
1214,347952,1.7202,1.0,0.0,0,0.0,,1990,
1215,348192,0.0,0.0,0.0,0,0.0,,1990,
1216,348296,0.0,0.0,0.0,0,0.0,,1990,
1217,348384,1.7708,1.0,0.0,0,0.0,,1990,
1218,348568,1.9353,1.0,0.0,0,0.0,,1990,
1219,348968,1.6738,1.0,0.0,0,0.0,,1990,
1220,349008,1.8917,1.0,0.0,0,0.0,,1990,
1221,349072,1.7708,1.0,0.0,0,0.0,,1990,
1222,349320,1.7609,1.0,0.0,0,0.0,,1990,
1223,349344,1.6963,1.0,0.0,0,0.0,,1990,
1224,349536,1.9198,1.0,0.0,0,0.0,,1990,
1225,349568,1.8256,1.0,0.0,0,0.0,,1990,
1226,349776,1.9255,1.0,0.0,0,0.0,,1990,
1227,349856,1.9452,1.0,0.0,0,0.0,,1990,
1228,349968,1.9311,1.0,0.0,0,0.0,,1990,
1229,349992,1.8284,1.0,0.0,0,0.0,,1990,
1230,350192,1.9283,1.0,0.0,0,0.0,,1990,
1231,350320,1.6456,1.0,0.0,0,0.0,,1990,
1232,350472,1.737,1.0,0.0,0,0.0,,1990,
1233,350568,1.8762,1.0,0.0,0,0.0,,1990,
1234,350776,1.8636,1.0,0.0,0,0.0,,1990,
1235,350936,1.8931,1.0,0.0,0,0.0,,1990,
1236,350960,1.9156,1.0,0.0,0,0.0,,1990,
1237,351120,1.9044,1.0,0.0,0,0.0,,1990,
1238,351248,1.6625,1.0,0.0,0,0.0,,1990,
1239,351352,1.7975,1.0,0.0,0,0.0,,1990,
1240,351456,1.9142,1.0,0.0,0,0.0,,1990,
1241,351536,1.9508,1.0,0.0,0,0.0,,1990,
1242,351824,1.9184,1.0,0.0,0,0.0,,1990,
1243,351896,1.9241,1.0,0.0,0,0.0,,1990,
1244,351992,1.8481,1.0,0.0,0,0.0,,1990,
1245,352040,1.6372,1.0,0.0,0,0.0,,1990,
1246,352280,0.0,0.0,0.0,0,0.0,,1990,
1247,352424,1.7398,1.0,0.0,0,0.0,,1990,
1248,352440,1.8425,1.0,0.0,0,0.0,,1990,
1249,352472,1.8875,1.0,0.0,0,0.0,,1990,
1250,352784,1.9128,1.0,0.0,0,0.0,,1990,
1251,353088,1.8172,1.0,0.0,0,0.0,,1990,
1252,353192,1.8664,1.0,0.0,0,0.0,,1990,
1253,353272,1.9691,1.0,0.0,0,0.0,,1990,
1254,353552,1.8059,1.0,0.0,0,0.0,,1990,
1255,353552,1.8116,1.0,0.0,0,0.0,,1990,
1256,353600,1.7188,1.0,0.0,0,0.0,,1990,
1257,353656,1.9198,1.0,0.0,0,0.0,,1990,
1258,353920,1.9367,1.0,0.0,0,0.0,,1990,
1259,353976,1.9353,1.0,0.0,0,0.0,,1990,
1260,353992,1.9241,1.0,0.0,0,0.0,,1990,
1261,354184,1.9086,1.0,0.0,0,0.0,,1990,
1262,354392,1.9648,1.0,0.0,0,0.0,,1990,
1263,354560,1.8889,1.0,0.0,0,0.0,,1990,
1264,354704,1.8734,1.0,0.0,0,0.0,,1990,
1265,354848,1.9213,1.0,0.0,0,0.0,,1990,
1266,355112,1.9044,1.0,0.0,0,0.0,,1990,
1267,355504,1.6091,1.0,0.0,0,0.0,,1990,
1268,355568,1.7244,1.0,0.0,0,0.0,,1990,
1269,355728,1.8214,1.0,0.0,0,0.0,,1990,
1270,355904,0.0,0.0,0.0,0,0.0,,1990,
1271,356120,1.9325,1.0,0.0,0,0.0,,1990,
1272,356392,1.9156,1.0,0.0,0,0.0,,1990,
1273,356528,1.8327,1.0,0.0,0,0.0,,1990,
1274,356896,1.7567,1.0,0.0,0,0.0,,1990,
1275,357000,1.6695,1.0,0.0,0,0.0,,1990,
1276,357024,0.0,0.0,0.0,0,0.0,,1990,
1277,357480,1.7623,1.0,0.0,0,0.0,,1990,
1278,357648,1.9719,1.0,0.0,0,0.0,,1990,
1279,357712,1.7933,1.0,0.0,0,0.0,,1990,
1280,357912,0.0,0.0,0.0,0,0.0,,1990,
1281,358240,1.8973,1.0,0.0,0,0.0,,1990,
1282,358248,1.6752,1.0,0.0,0,0.0,,1990,
1283,358816,1.6822,1.0,0.0,0,0.0,,1990,
1284,359320,1.813,1.0,0.0,0,0.0,,1990,
1285,359456,1.5739,1.0,0.0,0,0.0,,1990,
1286,359496,1.9705,1.0,0.0,0,0.0,,1990,
1287,359792,1.9423,1.0,0.0,0,0.0,,1990,
1288,359976,0.0,0.0,0.0,0,0.0,,1990,
1289,360000,1.7933,1.0,0.0,0,0.0,,1990,
1290,360248,1.9578,1.0,0.0,0,0.0,,1990,
1291,360272,1.408,1.0,0.0,0,0.0,,1990,
1292,360648,1.8509,1.0,0.0,0,0.0,,1990,
1293,360664,1.9325,1.0,0.0,0,0.0,,1990,
1294,360696,1.5697,1.0,0.0,0,0.0,,1990,
1295,360912,1.9578,1.0,0.0,0,0.0,,1990,
1296,360992,1.9409,1.0,0.0,0,0.0,,1990,
1297,361056,1.4487,1.0,0.0,0,0.0,,1990,
1298,361248,1.6934,1.0,0.0,0,0.0,,1990,
1299,361504,1.9227,1.0,0.0,0,0.0,,1990,
1300,361512,1.91,1.0,0.0,0,0.0,,1990,
1301,361544,1.7736,1.0,0.0,0,0.0,,1990,
1302,361552,1.948,1.0,0.0,0,0.0,,1990,
1303,361808,1.955,1.0,0.0,0,0.0,,1990,
1304,362120,1.7511,1.0,0.0,0,0.0,,1990,
1305,362200,1.8805,1.0,0.0,0,0.0,,1990,
1306,362240,1.872,1.0,0.0,0,0.0,,1990,
1307,362568,1.8228,1.0,0.0,0,0.0,,1990,
1308,362840,0.0,0.0,0.0,0,0.0,,1990,
1309,362912,1.8073,1.0,0.0,0,0.0,,1990,
1310,363008,1.8453,1.0,0.0,0,0.0,,1990,
1311,363064,1.9142,1.0,0.0,0,0.0,,1990,
1312,363144,1.948,1.0,0.0,0,0.0,,1990,
1313,363200,1.5992,1.0,0.0,0,0.0,,1990,
1314,363232,1.4291,1.0,0.0,0,0.0,,1990,
1315,363288,1.962,1.0,0.0,0,0.0,,1990,
1316,363368,1.9381,1.0,0.0,0,0.0,,1990,
1317,363496,1.9395,1.0,0.0,0,0.0,,1990,
1318,363560,1.7623,1.0,0.0,0,0.0,,1990,
1319,363560,1.9536,1.0,0.0,0,0.0,,1990,
1320,363720,1.9395,1.0,0.0,0,0.0,,1990,
1321,363912,1.9283,1.0,0.0,0,0.0,,1990,
1322,364088,1.9086,1.0,0.0,0,0.0,,1990,
1323,364160,1.9241,1.0,0.0,0,0.0,,1990,
1324,364296,1.8087,1.0,0.0,0,0.0,,1990,
1325,364312,1.9747,1.0,0.0,0,0.0,,1990,
1326,364536,1.9592,1.0,0.0,0,0.0,,1990,
1327,364640,1.7539,1.0,0.0,0,0.0,,1990,
1328,364864,1.8341,1.0,0.0,0,0.0,,1990,
1329,364928,1.647,1.0,0.0,0,0.0,,1990,
1330,364960,1.5233,1.0,0.0,0,0.0,,1990,
1331,365032,1.9142,1.0,0.0,0,0.0,,1990,
1332,365064,1.9269,1.0,0.0,0,0.0,,1990,
1333,365184,1.9452,1.0,0.0,0,0.0,,1990,
1334,365272,1.9409,1.0,0.0,0,0.0,,1990,
1335,365480,1.9494,1.0,0.0,0,0.0,,1990,
1336,365688,1.7202,1.0,0.0,0,0.0,,1990,
1337,365712,1.8875,1.0,0.0,0,0.0,,1990,
1338,365720,1.8805,1.0,0.0,0,0.0,,1990,
1339,366008,1.9086,1.0,0.0,0,0.0,,1990,
1340,366048,1.9423,1.0,0.0,0,0.0,,1990,
1341,366104,1.8552,1.0,0.0,0,0.0,,1990,
1342,366384,1.9423,1.0,0.0,0,0.0,,1990,
1343,366392,1.8833,1.0,0.0,0,0.0,,1990,
1344,366584,1.9002,1.0,0.0,0,0.0,,1990,
1345,366600,1.7131,1.0,0.0,0,0.0,,1990,
1346,366992,1.8959,1.0,0.0,0,0.0,,1990,
1347,367040,1.8369,1.0,0.0,0,0.0,,1990,
1348,367104,1.5106,1.0,0.0,0,0.0,,1990,
1349,367152,1.9016,1.0,0.0,0,0.0,,1990,
1350,367208,1.9634,1.0,0.0,0,0.0,,1990,
1351,367424,1.9339,1.0,0.0,0,0.0,,1990,
1352,367536,1.9438,1.0,0.0,0,0.0,,1990,
1353,367984,1.8467,1.0,0.0,0,0.0,,1990,
1354,368000,1.9002,1.0,0.0,0,0.0,,1990,
1355,368104,1.5767,1.0,0.0,0,0.0,,1990,
1356,368120,1.8987,1.0,0.0,0,0.0,,1990,
1357,368688,0.0,0.0,0.0,0,0.0,,1990,
1358,368688,1.9016,1.0,0.0,0,0.0,,1990,
1359,368912,1.8411,1.0,0.0,0,0.0,,1990,
1360,369176,1.5106,1.0,0.0,0,0.0,,1990,
1361,369264,1.7975,1.0,0.0,0,0.0,,1990,
1362,369376,1.8805,1.0,0.0,0,0.0,,1990,
1363,369536,1.5823,1.0,0.0,0,0.0,,1990,
1364,369584,1.9452,1.0,0.0,0,0.0,,1990,
1365,369584,1.8439,1.0,0.0,0,0.0,,1990,
1366,369688,1.9114,1.0,0.0,0,0.0,,1990,
1367,369720,1.453,1.0,0.0,0,0.0,,1990,
1368,369736,1.9747,1.0,0.0,0,0.0,,1990,
1369,369784,1.9297,1.0,0.0,0,0.0,,1990,
1370,369960,1.9353,1.0,0.0,0,0.0,,1990,
1371,370096,1.9381,1.0,0.0,0,0.0,,1990,
1372,370232,1.9227,1.0,0.0,0,0.0,,1990,
1373,370304,1.9648,1.0,0.0,0,0.0,,1990,
1374,370368,1.8552,1.0,0.0,0,0.0,,1990,
1375,370464,1.865,1.0,0.0,0,0.0,,1990,
1376,370472,1.5641,1.0,0.0,0,0.0,,1990,
1377,370712,1.8692,1.0,0.0,0,0.0,,1990,
1378,370784,1.8144,1.0,0.0,0,0.0,,1990,
1379,370800,1.9423,1.0,0.0,0,0.0,,1990,
1380,370808,1.9241,1.0,0.0,0,0.0,,1990,
1381,370824,1.6653,1.0,0.0,0,0.0,,1990,
1382,370888,1.8987,1.0,0.0,0,0.0,,1990,
1383,370992,1.9719,1.0,0.0,0,0.0,,1990,
1384,371056,1.9578,1.0,0.0,0,0.0,,1990,
1385,371056,1.9409,1.0,0.0,0,0.0,,1990,
1386,371120,1.8453,1.0,0.0,0,0.0,,1990,
1387,371184,1.9494,1.0,0.0,0,0.0,,1990,
1388,371400,1.9522,1.0,0.0,0,0.0,,1990,
1389,371416,1.9381,1.0,0.0,0,0.0,,1990,
1390,371472,1.9283,1.0,0.0,0,0.0,,1990,
1391,371632,1.9606,1.0,0.0,0,0.0,,1990,
1392,371712,1.9494,1.0,0.0,0,0.0,,1990,
1393,371784,1.9747,1.0,0.0,0,0.0,,1990,
1394,371920,1.872,1.0,0.0,0,0.0,,1990,
1395,372032,1.7848,1.0,0.0,0,0.0,,1990,
1396,372272,1.9156,1.0,0.0,0,0.0,,1990,
1397,372456,1.9691,1.0,0.0,0,0.0,,1990,
1398,372552,1.8538,1.0,0.0,0,0.0,,1990,
1399,372624,1.7989,1.0,0.0,0,0.0,,1990,
1400,373200,1.8706,1.0,0.0,0,0.0,,1990,
1401,373616,1.9283,1.0,0.0,0,0.0,,1990,
1402,373648,1.5345,1.0,0.0,0,0.0,,1990,
1403,373728,1.6836,1.0,0.0,0,0.0,,1990,
1404,373864,1.9634,1.0,0.0,0,0.0,,1990,
1405,373928,1.7595,1.0,0.0,0,0.0,,1990,
1406,373984,1.9564,1.0,0.0,0,0.0,,1990,
1407,374064,1.4248,1.0,0.0,0,0.0,,1990,
1408,374112,1.7398,1.0,0.0,0,0.0,,1990,
1409,374168,1.9592,1.0,0.0,0,0.0,,1990,
1410,374264,1.9311,1.0,0.0,0,0.0,,1990,
1411,374320,1.9564,1.0,0.0,0,0.0,,1990,
1412,374408,1.9761,1.0,0.0,0,0.0,,1990,
1413,374504,1.9423,1.0,0.0,0,0.0,,1990,
1414,374672,1.8805,1.0,0.0,0,0.0,,1990,
1415,374808,1.5134,1.0,0.0,0,0.0,,1990,
1416,374856,1.9691,1.0,0.0,0,0.0,,1990,
1417,374904,1.8987,1.0,0.0,0,0.0,,1990,
1418,374952,1.9227,1.0,0.0,0,0.0,,1990,
1419,375216,1.9466,1.0,0.0,0,0.0,,1990,
1420,375224,1.9536,1.0,0.0,0,0.0,,1990,
1421,375416,1.8945,1.0,0.0,0,0.0,,1990,
1422,375504,1.9508,1.0,0.0,0,0.0,,1990,
1423,375600,1.0,0.0,0.0,0,0.0,,1990,
1424,375720,1.9634,1.0,0.0,0,0.0,,1990,
1425,375752,1.9086,1.0,0.0,0,0.0,,1990,
1426,375928,1.9648,1.0,0.0,0,0.0,,1990,
1427,376064,1.8875,1.0,0.0,0,0.0,,1990,
1428,376096,1.9409,1.0,0.0,0,0.0,,1990,
1429,376320,1.9325,1.0,0.0,0,0.0,,1990,
1430,376328,1.955,1.0,0.0,0,0.0,,1990,
1431,376376,1.7342,1.0,0.0,0,0.0,,1990,
1432,376544,1.9719,1.0,0.0,0,0.0,,1990,
1433,376560,1.8327,1.0,0.0,0,0.0,,1990,
1434,376856,1.9466,1.0,0.0,0,0.0,,1990,
1435,376872,1.9466,1.0,0.0,0,0.0,,1990,
1436,377024,1.8383,1.0,0.0,0,0.0,,1990,
1437,377064,1.9677,1.0,0.0,0,0.0,,1990,
1438,377304,1.8298,1.0,0.0,0,0.0,,1990,
1439,377416,1.903,1.0,0.0,0,0.0,,1990,
1440,377416,1.9395,1.0,0.0,0,0.0,,1990,
1441,377448,1.9269,1.0,0.0,0,0.0,,1990,
1442,377528,1.962,1.0,0.0,0,0.0,,1990,
1443,377840,1.9325,1.0,0.0,0,0.0,,1990,
1444,378248,1.9297,1.0,0.0,0,0.0,,1990,
1445,378440,1.8214,1.0,0.0,0,0.0,,1990,
1446,378464,1.9634,1.0,0.0,0,0.0,,1990,
1447,378496,1.8313,1.0,0.0,0,0.0,,1990,
1448,378584,1.2673,1.0,0.0,0,0.0,,1990,
1449,378704,1.9648,1.0,0.0,0,0.0,,1990,
1450,378744,0.0,0.0,0.0,0,0.0,,1990,
1451,378824,1.9592,1.0,0.0,0,0.0,,1990,
1452,379000,1.9705,1.0,0.0,0,0.0,,1990,
1453,379240,0.0,0.0,0.0,0,0.0,,1990,
1454,379248,1.8636,1.0,0.0,0,0.0,,1990,
1455,379480,1.9592,1.0,0.0,0,0.0,,1990,
1456,379496,1.8692,1.0,0.0,0,0.0,,1990,
1457,379680,1.8298,1.0,0.0,0,0.0,,1990,
1458,379720,1.5964,1.0,0.0,0,0.0,,1990,
1459,379744,1.9142,1.0,0.0,0,0.0,,1990,
1460,379760,1.955,1.0,0.0,0,0.0,,1990,
1461,379832,1.7567,1.0,0.0,0,0.0,,1990,
1462,380040,1.9494,1.0,0.0,0,0.0,,1990,
1463,380144,1.9269,1.0,0.0,0,0.0,,1990,
1464,380176,1.9283,1.0,0.0,0,0.0,,1990,
1465,380456,1.9522,1.0,0.0,0,0.0,,1990,
1466,380560,1.8467,1.0,0.0,0,0.0,,1990,
1467,380584,1.9058,1.0,0.0,0,0.0,,1990,
1468,380648,1.7961,1.0,0.0,0,0.0,,1990,
1469,380872,1.9466,1.0,0.0,0,0.0,,1990,
1470,381024,1.8467,1.0,0.0,0,0.0,,1990,
1471,381304,1.8861,1.0,0.0,0,0.0,,1990,
1472,381440,1.8509,1.0,0.0,0,0.0,,1990,
1473,381448,0.0,0.0,0.0,0,0.0,,1990,
1474,381736,1.9494,1.0,0.0,0,0.0,,1990,
1475,381832,1.9086,1.0,0.0,0,0.0,,1990,
1476,381840,1.6484,1.0,0.0,0,0.0,,1990,
1477,382192,1.9381,1.0,0.0,0,0.0,,1990,
1478,382432,1.8791,1.0,0.0,0,0.0,,1990,
1479,382432,1.8973,1.0,0.0,0,0.0,,1990,
1480,382680,1.9156,1.0,0.0,0,0.0,,1990,
1481,382744,1.9466,1.0,0.0,0,0.0,,1990,
1482,382984,1.3011,1.0,0.0,0,0.0,,1990,
1483,383120,1.8805,1.0,0.0,0,0.0,,1990,
1484,383184,1.9128,1.0,0.0,0,0.0,,1990,
1485,383352,1.8945,1.0,0.0,0,0.0,,1990,
1486,383352,1.9606,1.0,0.0,0,0.0,,1990,
1487,383536,1.9044,1.0,0.0,0,0.0,,1990,
1488,383592,1.9592,1.0,0.0,0,0.0,,1990,
1489,383792,1.9564,1.0,0.0,0,0.0,,1990,
1490,383960,1.865,1.0,0.0,0,0.0,,1990,
1491,384176,1.9339,1.0,0.0,0,0.0,,1990,
1492,384360,1.8242,1.0,0.0,0,0.0,,1990,
1493,384408,1.9606,1.0,0.0,0,0.0,,1990,
1494,384792,1.9255,1.0,0.0,0,0.0,,1990,
1495,385136,1.9409,1.0,0.0,0,0.0,,1990,
1496,385584,1.0,0.0,0.0,0,0.0,,1990,
1497,385736,1.6892,1.0,0.0,0,0.0,,1990,
1498,386000,0.0,0.0,0.0,0,0.0,,1990,
1499,386024,1.7173,1.0,0.0,0,0.0,,1990,
1500,386152,0.0,0.0,0.0,0,0.0,,1990,
1501,386304,1.948,1.0,0.0,0,0.0,,1990,
1502,386368,1.9634,1.0,0.0,0,0.0,,1990,
1503,386552,1.4811,1.0,0.0,0,0.0,,1990,
1504,386576,0.0,0.0,0.0,0,0.0,,1990,
1505,386608,1.8214,1.0,0.0,0,0.0,,1990,
1506,386640,1.8931,1.0,0.0,0,0.0,,1990,
1507,386832,1.9198,1.0,0.0,0,0.0,,1990,
1508,386864,1.9466,1.0,0.0,0,0.0,,1990,
1509,386952,1.9859,1.0,0.0,0,0.0,,1990,
1510,387072,1.9142,1.0,0.0,0,0.0,,1990,
1511,387104,1.9142,1.0,0.0,0,0.0,,1990,
1512,387216,1.8411,1.0,0.0,0,0.0,,1990,
1513,387224,1.7398,1.0,0.0,0,0.0,,1990,
1514,387264,1.6273,1.0,0.0,0,0.0,,1990,
1515,387472,1.9311,1.0,0.0,0,0.0,,1990,
1516,387544,1.9241,1.0,0.0,0,0.0,,1990,
1517,387576,1.8369,1.0,0.0,0,0.0,,1990,
1518,387912,1.9241,1.0,0.0,0,0.0,,1990,
1519,388120,1.775,1.0,0.0,0,0.0,,1990,
1520,388168,1.7877,1.0,0.0,0,0.0,,1990,
1521,388384,1.7975,1.0,0.0,0,0.0,,1990,
1522,388408,1.9142,1.0,0.0,0,0.0,,1990,
1523,388432,1.955,1.0,0.0,0,0.0,,1990,
1524,388528,1.8341,1.0,0.0,0,0.0,,1990,
1525,388536,1.827,1.0,0.0,0,0.0,,1990,
1526,388664,1.9058,1.0,0.0,0,0.0,,1990,
1527,388720,1.9508,1.0,0.0,0,0.0,,1990,
1528,388728,1.9409,1.0,0.0,0,0.0,,1990,
1529,388848,1.9466,1.0,0.0,0,0.0,,1990,
1530,388936,1.9536,1.0,0.0,0,0.0,,1990,
1531,389008,1.917,1.0,0.0,0,0.0,,1990,
1532,389176,1.6653,1.0,0.0,0,0.0,,1990,
1533,389368,1.9255,1.0,0.0,0,0.0,,1990,
1534,389408,1.8805,1.0,0.0,0,0.0,,1990,
1535,389576,1.9016,1.0,0.0,0,0.0,,1990,
1536,389688,1.8538,1.0,0.0,0,0.0,,1990,
1537,389784,1.8158,1.0,0.0,0,0.0,,1990,
1538,389856,1.9156,1.0,0.0,0,0.0,,1990,
1539,389992,1.858,1.0,0.0,0,0.0,,1990,
1540,390032,1.8917,1.0,0.0,0,0.0,,1990,
1541,390072,1.9142,1.0,0.0,0,0.0,,1990,
1542,390176,1.9325,1.0,0.0,0,0.0,,1990,
1543,390216,1.9086,1.0,0.0,0,0.0,,1990,
1544,390432,1.9002,1.0,0.0,0,0.0,,1990,
1545,390640,1.9269,1.0,0.0,0,0.0,,1990,
1546,390640,1.9016,1.0,0.0,0,0.0,,1990,
1547,390856,1.9269,1.0,0.0,0,0.0,,1990,
1548,390864,1.8552,1.0,0.0,0,0.0,,1990,
1549,390904,1.955,1.0,0.0,0,0.0,,1990,
1550,390904,1.8411,1.0,0.0,0,0.0,,1990,
1551,391096,1.9606,1.0,0.0,0,0.0,,1990,
1552,391160,1.9564,1.0,0.0,0,0.0,,1990,
1553,391192,1.9044,1.0,0.0,0,0.0,,1990,
1554,391256,1.9395,1.0,0.0,0,0.0,,1990,
1555,391288,1.9255,1.0,0.0,0,0.0,,1990,
1556,391440,1.9691,1.0,0.0,0,0.0,,1990,
1557,391464,1.9536,1.0,0.0,0,0.0,,1990,
1558,391664,1.9353,1.0,0.0,0,0.0,,1990,
1559,391704,1.955,1.0,0.0,0,0.0,,1990,
1560,391728,1.955,1.0,0.0,0,0.0,,1990,
1561,391888,1.9733,1.0,0.0,0,0.0,,1990,
1562,391904,1.9592,1.0,0.0,0,0.0,,1990,
1563,391944,1.8636,1.0,0.0,0,0.0,,1990,
1564,391984,1.8453,1.0,0.0,0,0.0,,1990,
1565,392224,1.9423,1.0,0.0,0,0.0,,1990,
1566,392344,1.0,0.0,0.0,0,0.0,,1990,
1567,392424,1.917,1.0,0.0,0,0.0,,1990,
1568,392472,1.9016,1.0,0.0,0,0.0,,1990,
1569,392624,1.9311,1.0,0.0,0,0.0,,1990,
1570,392656,1.9691,1.0,0.0,0,0.0,,1990,
1571,392736,1.9466,1.0,0.0,0,0.0,,1990,
1572,392784,1.8608,1.0,0.0,0,0.0,,1990,
1573,392792,1.9719,1.0,0.0,0,0.0,,1990,
1574,392856,1.7989,1.0,0.0,0,0.0,,1990,
1575,393024,1.9508,1.0,0.0,0,0.0,,1990,
1576,393176,1.9452,1.0,0.0,0,0.0,,1990,
1577,393192,1.4712,1.0,0.0,0,0.0,,1990,
1578,393504,1.917,1.0,0.0,0,0.0,,1990,
1579,393536,1.0,0.0,0.0,0,0.0,,1990,
1580,393680,1.8453,1.0,0.0,0,0.0,,1990,
1581,393760,1.9016,1.0,0.0,0,0.0,,1990,
1582,393768,1.8973,1.0,0.0,0,0.0,,1990,
1583,393800,1.8003,1.0,0.0,0,0.0,,1990,
1584,393904,1.9761,1.0,0.0,0,0.0,,1990,
1585,393968,1.9663,1.0,0.0,0,0.0,,1990,
1586,394024,1.91,1.0,0.0,0,0.0,,1990,
1587,394304,1.6569,1.0,0.0,0,0.0,,1990,
1588,394496,1.9184,1.0,0.0,0,0.0,,1990,
1589,394576,1.8186,1.0,0.0,0,0.0,,1990,
1590,394600,1.6822,1.0,0.0,0,0.0,,1990,
1591,394640,1.8538,1.0,0.0,0,0.0,,1990,
1592,394864,1.7933,1.0,0.0,0,0.0,,1990,
1593,394984,1.9297,1.0,0.0,0,0.0,,1990,
1594,395032,1.8144,1.0,0.0,0,0.0,,1990,
1595,395120,1.917,1.0,0.0,0,0.0,,1990,
1596,395144,1.9733,1.0,0.0,0,0.0,,1990,
1597,395304,1.8777,1.0,0.0,0,0.0,,1990,
1598,395312,1.9227,1.0,0.0,0,0.0,,1990,
1599,395328,1.9494,1.0,0.0,0,0.0,,1990,
1600,395512,1.9663,1.0,0.0,0,0.0,,1990,
1601,395600,1.9494,1.0,0.0,0,0.0,,1990,
1602,395768,1.7441,1.0,0.0,0,0.0,,1990,
1603,395888,1.903,1.0,0.0,0,0.0,,1990,
1604,396080,1.9677,1.0,0.0,0,0.0,,1990,
1605,396176,1.82,1.0,0.0,0,0.0,,1990,
1606,396520,1.6456,1.0,0.0,0,0.0,,1990,
1607,396520,1.7553,1.0,0.0,0,0.0,,1990,
1608,396560,1.917,1.0,0.0,0,0.0,,1990,
1609,396616,1.8523,1.0,0.0,0,0.0,,1990,
1610,396832,1.9466,1.0,0.0,0,0.0,,1990,
1611,396944,1.9438,1.0,0.0,0,0.0,,1990,
1612,397032,1.9184,1.0,0.0,0,0.0,,1990,
1613,397248,1.9634,1.0,0.0,0,0.0,,1990,
1614,397352,1.9297,1.0,0.0,0,0.0,,1990,
1615,397424,1.3827,1.0,0.0,0,0.0,,1990,
1616,397496,1.9578,1.0,0.0,0,0.0,,1990,
1617,397600,1.6498,1.0,0.0,0,0.0,,1990,
1618,397912,1.9156,1.0,0.0,0,0.0,,1990,
1619,397936,1.9423,1.0,0.0,0,0.0,,1990,
1620,398024,1.8833,1.0,0.0,0,0.0,,1990,
1621,398088,1.8973,1.0,0.0,0,0.0,,1990,
1622,398144,1.9606,1.0,0.0,0,0.0,,1990,
1623,398256,1.9719,1.0,0.0,0,0.0,,1990,
1624,398368,1.962,1.0,0.0,0,0.0,,1990,
1625,398608,1.9395,1.0,0.0,0,0.0,,1990,
1626,398696,1.8678,1.0,0.0,0,0.0,,1990,
1627,398888,1.9677,1.0,0.0,0,0.0,,1990,
1628,398976,1.8341,1.0,0.0,0,0.0,,1990,
1629,399080,1.9677,1.0,0.0,0,0.0,,1990,
1630,399184,1.858,1.0,0.0,0,0.0,,1990,
1631,399784,1.8594,1.0,0.0,0,0.0,,1990,
1632,400016,1.8369,1.0,0.0,0,0.0,,1990,
1633,400312,1.9086,1.0,0.0,0,0.0,,1990,
1634,400368,1.9395,1.0,0.0,0,0.0,,1990,
1635,400472,1.775,1.0,0.0,0,0.0,,1990,
1636,400552,1.9592,1.0,0.0,0,0.0,,1990,
1637,400640,1.0,0.0,0.0,0,0.0,,1990,
1638,400784,1.9606,1.0,0.0,0,0.0,,1990,
1639,400856,1.9634,1.0,0.0,0,0.0,,1990,
1640,401000,1.8903,1.0,0.0,0,0.0,,1990,
1641,401208,1.9648,1.0,0.0,0,0.0,,1990,
1642,401288,1.1633,1.0,0.0,0,0.0,,1990,
1643,401304,0.0,0.0,0.0,0,0.0,,1990,
1644,401600,1.9466,1.0,0.0,0,0.0,,1990,
1645,401720,1.9114,1.0,0.0,0,0.0,,1990,
1646,401960,0.0,0.0,0.0,0,0.0,,1990,
1647,401992,1.8805,1.0,0.0,0,0.0,,1990,
1648,402280,1.903,1.0,0.0,0,0.0,,1990,
1649,402400,1.3348,1.0,0.0,0,0.0,,1990,
1650,402408,1.9227,1.0,0.0,0,0.0,,1990,
1651,402520,1.8397,1.0,0.0,0,0.0,,1990,
1652,402560,1.9522,1.0,0.0,0,0.0,,1990,
1653,402688,1.6667,1.0,0.0,0,0.0,,1990,
1654,402776,1.9367,1.0,0.0,0,0.0,,1990,
1655,402928,1.9086,1.0,0.0,0,0.0,,1990,
1656,402960,1.6316,1.0,0.0,0,0.0,,1990,
1657,403040,1.955,1.0,0.0,0,0.0,,1990,
1658,403080,1.91,1.0,0.0,0,0.0,,1990,
1659,403096,1.8073,1.0,0.0,0,0.0,,1990,
1660,403176,1.9156,1.0,0.0,0,0.0,,1990,
1661,403224,1.9691,1.0,0.0,0,0.0,,1990,
1662,403264,1.948,1.0,0.0,0,0.0,,1990,
1663,403496,1.9606,1.0,0.0,0,0.0,,1990,
1664,403736,1.8594,1.0,0.0,0,0.0,,1990,
1665,403760,1.8847,1.0,0.0,0,0.0,,1990,
1666,404000,1.8397,1.0,0.0,0,0.0,,1990,
1667,404008,1.7398,1.0,0.0,0,0.0,,1990,
1668,404016,1.9522,1.0,0.0,0,0.0,,1990,
1669,404088,1.8973,1.0,0.0,0,0.0,,1990,
1670,404096,1.9423,1.0,0.0,0,0.0,,1990,
1671,404120,1.8355,1.0,0.0,0,0.0,,1990,
1672,404264,1.9564,1.0,0.0,0,0.0,,1990,
1673,404272,1.9691,1.0,0.0,0,0.0,,1990,
1674,404328,1.9438,1.0,0.0,0,0.0,,1990,
1675,404424,1.9733,1.0,0.0,0,0.0,,1990,
1676,404432,1.9423,1.0,0.0,0,0.0,,1990,
1677,404432,1.7891,1.0,0.0,0,0.0,,1990,
1678,404440,1.9452,1.0,0.0,0,0.0,,1990,
1679,404728,1.9213,1.0,0.0,0,0.0,,1990,
1680,404752,1.872,1.0,0.0,0,0.0,,1990,
1681,404864,1.9241,1.0,0.0,0,0.0,,1990,
1682,405104,1.8833,1.0,0.0,0,0.0,,1990,
1683,405320,1.9634,1.0,0.0,0,0.0,,1990,
1684,405448,1.8228,1.0,0.0,0,0.0,,1990,
1685,405536,1.8833,1.0,0.0,0,0.0,,1990,
1686,405600,1.0,0.0,0.0,0,0.0,,1990,
1687,405736,1.9508,1.0,0.0,0,0.0,,1990,
1688,405848,1.8045,1.0,0.0,0,0.0,,1990,
1689,405888,1.7272,1.0,0.0,0,0.0,,1990,
1690,406032,1.8762,1.0,0.0,0,0.0,,1990,
1691,406112,1.9353,1.0,0.0,0,0.0,,1990,
1692,406192,1.8973,1.0,0.0,0,0.0,,1990,
1693,406208,1.9452,1.0,0.0,0,0.0,,1990,
1694,406424,1.9606,1.0,0.0,0,0.0,,1990,
1695,406512,1.917,1.0,0.0,0,0.0,,1990,
1696,406536,1.9438,1.0,0.0,0,0.0,,1990,
1697,406808,1.9339,1.0,0.0,0,0.0,,1990,
1698,406872,1.9423,1.0,0.0,0,0.0,,1990,
1699,406992,1.7455,1.0,0.0,0,0.0,,1990,
1700,407080,1.7848,1.0,0.0,0,0.0,,1990,
1701,407088,1.9522,1.0,0.0,0,0.0,,1990,
1702,407568,1.8791,1.0,0.0,0,0.0,,1990,
1703,407888,1.6892,1.0,0.0,0,0.0,,1990,
1704,407968,1.8467,1.0,0.0,0,0.0,,1990,
1705,408032,1.9198,1.0,0.0,0,0.0,,1990,
1706,408056,1.73,1.0,0.0,0,0.0,,1990,
1707,408232,1.7989,1.0,0.0,0,0.0,,1990,
1708,408240,1.9536,1.0,0.0,0,0.0,,1990,
1709,408296,1.9592,1.0,0.0,0,0.0,,1990,
1710,408568,1.8819,1.0,0.0,0,0.0,,1990,
1711,408576,1.9409,1.0,0.0,0,0.0,,1990,
1712,408584,1.9508,1.0,0.0,0,0.0,,1990,
1713,409048,1.8594,1.0,0.0,0,0.0,,1990,
1714,409232,1.7905,1.0,0.0,0,0.0,,1990,
1715,409328,1.9522,1.0,0.0,0,0.0,,1990,
1716,409384,1.8594,1.0,0.0,0,0.0,,1990,
1717,409408,1.8566,1.0,0.0,0,0.0,,1990,
1718,409480,1.9578,1.0,0.0,0,0.0,,1990,
1719,409568,0.0,0.0,0.0,0,0.0,,1990,
1720,409720,1.9325,1.0,0.0,0,0.0,,1990,
1721,409760,1.9395,1.0,0.0,0,0.0,,1990,
1722,409880,0.0,0.0,0.0,0,0.0,,1990,
1723,410072,1.9128,1.0,0.0,0,0.0,,1990,
1724,410224,1.8538,1.0,0.0,0,0.0,,1990,
1725,410272,1.9114,1.0,0.0,0,0.0,,1990,
1726,410632,1.903,1.0,0.0,0,0.0,,1990,
1727,410784,1.8425,1.0,0.0,0,0.0,,1990,
1728,410832,1.9663,1.0,0.0,0,0.0,,1990,
1729,410848,1.9002,1.0,0.0,0,0.0,,1990,
1730,411432,1.8987,1.0,0.0,0,0.0,,1990,
1731,411448,1.8931,1.0,0.0,0,0.0,,1990,
1732,411704,1.9564,1.0,0.0,0,0.0,,1990,
1733,411992,1.3995,1.0,0.0,0,0.0,,1990,
1734,412008,1.9002,1.0,0.0,0,0.0,,1990,
1735,412064,1.9381,1.0,0.0,0,0.0,,1990,
1736,412120,0.0,0.0,0.0,0,0.0,,1990,
1737,412288,1.9719,1.0,0.0,0,0.0,,1990,
1738,412288,1.6386,1.0,0.0,0,0.0,,1990,
1739,412312,1.948,1.0,0.0,0,0.0,,1990,
1740,412504,1.9634,1.0,0.0,0,0.0,,1990,
1741,412552,1.903,1.0,0.0,0,0.0,,1990,
1742,412632,1.9016,1.0,0.0,0,0.0,,1990,
1743,412736,1.9269,1.0,0.0,0,0.0,,1990,
1744,412760,1.9648,1.0,0.0,0,0.0,,1990,
1745,412952,1.8847,1.0,0.0,0,0.0,,1990,
1746,413032,1.9494,1.0,0.0,0,0.0,,1990,
1747,413192,1.9592,1.0,0.0,0,0.0,,1990,
1748,413240,1.9648,1.0,0.0,0,0.0,,1990,
1749,413256,1.8692,1.0,0.0,0,0.0,,1990,
1750,413400,1.9648,1.0,0.0,0,0.0,,1990,
1751,413464,1.8552,1.0,0.0,0,0.0,,1990,
1752,413600,1.8538,1.0,0.0,0,0.0,,1990,
1753,413824,1.9381,1.0,0.0,0,0.0,,1990,
1754,413992,1.872,1.0,0.0,0,0.0,,1990,
1755,414072,1.8552,1.0,0.0,0,0.0,,1990,
1756,414080,1.917,1.0,0.0,0,0.0,,1990,
1757,414328,1.9128,1.0,0.0,0,0.0,,1990,
1758,414520,1.9677,1.0,0.0,0,0.0,,1990,
1759,414608,0.0,0.0,0.0,0,0.0,,1990,
1760,414640,1.9016,1.0,0.0,0,0.0,,1990,
1761,414656,1.8847,1.0,0.0,0,0.0,,1990,
1762,414736,1.8861,1.0,0.0,0,0.0,,1990,
1763,414848,1.0,0.0,0.0,0,0.0,,1990,
1764,415024,1.7159,1.0,0.0,0,0.0,,1990,
1765,415056,1.9227,1.0,0.0,0,0.0,,1990,
1766,415160,1.91,1.0,0.0,0,0.0,,1990,
1767,415192,1.9213,1.0,0.0,0,0.0,,1990,
1768,415272,1.8692,1.0,0.0,0,0.0,,1990,
1769,415296,1.9227,1.0,0.0,0,0.0,,1990,
1770,415400,1.9789,1.0,0.0,0,0.0,,1990,
1771,415448,1.9508,1.0,0.0,0,0.0,,1990,
1772,415488,1.9494,1.0,0.0,0,0.0,,1990,
1773,415696,1.9648,1.0,0.0,0,0.0,,1990,
1774,415864,1.9198,1.0,0.0,0,0.0,,1990,
1775,415912,1.0,0.0,0.0,0,0.0,,1990,
1776,415928,1.7778,1.0,0.0,0,0.0,,1990,
1777,415936,1.8889,1.0,0.0,0,0.0,,1990,
1778,416240,1.7933,1.0,0.0,0,0.0,,1990,
1779,416264,1.9395,1.0,0.0,0,0.0,,1990,
1780,416488,1.8186,1.0,0.0,0,0.0,,1990,
1781,416544,1.8945,1.0,0.0,0,0.0,,1990,
1782,416768,1.8538,1.0,0.0,0,0.0,,1990,
1783,416936,1.9325,1.0,0.0,0,0.0,,1990,
1784,417000,1.872,1.0,0.0,0,0.0,,1990,
1785,417064,1.9494,1.0,0.0,0,0.0,,1990,
1786,417216,1.8734,1.0,0.0,0,0.0,,1990,
1787,417240,1.7595,1.0,0.0,0,0.0,,1990,
1788,417264,1.955,1.0,0.0,0,0.0,,1990,
1789,417368,1.8031,1.0,0.0,0,0.0,,1990,
1790,417496,1.9564,1.0,0.0,0,0.0,,1990,
1791,417792,1.9269,1.0,0.0,0,0.0,,1990,
1792,417904,1.9297,1.0,0.0,0,0.0,,1990,
1793,418008,1.9634,1.0,0.0,0,0.0,,1990,
1794,418176,1.9536,1.0,0.0,0,0.0,,1990,
1795,418256,1.827,1.0,0.0,0,0.0,,1990,
1796,418296,1.9508,1.0,0.0,0,0.0,,1990,
1797,418336,1.9733,1.0,0.0,0,0.0,,1990,
1798,418384,1.7469,1.0,0.0,0,0.0,,1990,
1799,418456,1.7834,1.0,0.0,0,0.0,,1990,
1800,418672,1.9508,1.0,0.0,0,0.0,,1990,
1801,418904,1.8945,1.0,0.0,0,0.0,,1990,
1802,418912,1.9002,1.0,0.0,0,0.0,,1990,
1803,419016,1.9409,1.0,0.0,0,0.0,,1990,
1804,419152,1.9592,1.0,0.0,0,0.0,,1990,
1805,419176,1.9536,1.0,0.0,0,0.0,,1990,
1806,419416,1.955,1.0,0.0,0,0.0,,1990,
1807,419416,1.7975,1.0,0.0,0,0.0,,1990,
1808,419704,1.782,1.0,0.0,0,0.0,,1990,
1809,419728,1.9466,1.0,0.0,0,0.0,,1990,
1810,419904,1.8453,1.0,0.0,0,0.0,,1990,
1811,419920,1.9634,1.0,0.0,0,0.0,,1990,
1812,419992,1.955,1.0,0.0,0,0.0,,1990,
1813,420152,0.0,0.0,0.0,0,0.0,,1990,
1814,420184,1.955,1.0,0.0,0,0.0,,1990,
1815,420240,1.8144,1.0,0.0,0,0.0,,1990,
1816,420328,1.9423,1.0,0.0,0,0.0,,1990,
1817,420352,1.9227,1.0,0.0,0,0.0,,1990,
1818,420368,1.8341,1.0,0.0,0,0.0,,1990,
1819,420488,1.948,1.0,0.0,0,0.0,,1990,
1820,420520,1.9522,1.0,0.0,0,0.0,,1990,
1821,420640,1.9466,1.0,0.0,0,0.0,,1990,
1822,420648,1.9494,1.0,0.0,0,0.0,,1990,
1823,420656,1.9128,1.0,0.0,0,0.0,,1990,
1824,420728,1.9592,1.0,0.0,0,0.0,,1990,
1825,420824,0.0,0.0,0.0,0,0.0,,1990,
1826,420904,1.9705,1.0,0.0,0,0.0,,1990,
1827,420960,1.9452,1.0,0.0,0,0.0,,1990,
1828,420960,1.948,1.0,0.0,0,0.0,,1990,
1829,421168,1.8608,1.0,0.0,0,0.0,,1990,
1830,421224,1.9002,1.0,0.0,0,0.0,,1990,
1831,421368,1.9198,1.0,0.0,0,0.0,,1990,
1832,421408,1.9227,1.0,0.0,0,0.0,,1990,
1833,421488,1.8847,1.0,0.0,0,0.0,,1990,
1834,421584,1.9634,1.0,0.0,0,0.0,,1990,
1835,421672,1.955,1.0,0.0,0,0.0,,1990,
1836,421736,1.7877,1.0,0.0,0,0.0,,1990,
1837,421832,1.9578,1.0,0.0,0,0.0,,1990,
1838,421832,1.8847,1.0,0.0,0,0.0,,1990,
1839,421856,1.8903,1.0,0.0,0,0.0,,1990,
1840,421872,1.9663,1.0,0.0,0,0.0,,1990,
1841,421992,1.9564,1.0,0.0,0,0.0,,1990,
1842,422016,1.9733,1.0,0.0,0,0.0,,1990,
1843,422064,1.9002,1.0,0.0,0,0.0,,1990,
1844,422192,1.0,0.0,0.0,0,0.0,,1990,
1845,422272,1.9648,1.0,0.0,0,0.0,,1990,
1846,422424,1.9255,1.0,0.0,0,0.0,,1990,
1847,422504,1.9606,1.0,0.0,0,0.0,,1990,
1848,422576,1.8706,1.0,0.0,0,0.0,,1990,
1849,422648,1.9213,1.0,0.0,0,0.0,,1990,
1850,422664,1.8552,1.0,0.0,0,0.0,,1990,
1851,422696,1.9677,1.0,0.0,0,0.0,,1990,
1852,422720,1.9494,1.0,0.0,0,0.0,,1990,
1853,422864,1.9508,1.0,0.0,0,0.0,,1990,
1854,422864,1.8523,1.0,0.0,0,0.0,,1990,
1855,422872,1.9747,1.0,0.0,0,0.0,,1990,
1856,422984,1.9452,1.0,0.0,0,0.0,,1990,
1857,423168,1.91,1.0,0.0,0,0.0,,1990,
1858,423368,1.9339,1.0,0.0,0,0.0,,1990,
1859,423384,1.7356,1.0,0.0,0,0.0,,1990,
1860,423392,1.9086,1.0,0.0,0,0.0,,1990,
1861,423432,1.872,1.0,0.0,0,0.0,,1990,
1862,423480,1.9466,1.0,0.0,0,0.0,,1990,
1863,423576,1.9677,1.0,0.0,0,0.0,,1990,
1864,423592,1.9733,1.0,0.0,0,0.0,,1990,
1865,423736,1.8481,1.0,0.0,0,0.0,,1990,
1866,423768,1.9353,1.0,0.0,0,0.0,,1990,
1867,423960,1.917,1.0,0.0,0,0.0,,1990,
1868,423992,1.8045,1.0,0.0,0,0.0,,1990,
1869,424088,1.9142,1.0,0.0,0,0.0,,1990,
1870,424160,1.9325,1.0,0.0,0,0.0,,1990,
1871,424160,1.9663,1.0,0.0,0,0.0,,1990,
1872,424184,1.9677,1.0,0.0,0,0.0,,1990,
1873,424336,1.8678,1.0,0.0,0,0.0,,1990,
1874,424456,1.9536,1.0,0.0,0,0.0,,1990,
1875,424536,1.8608,1.0,0.0,0,0.0,,1990,
1876,424536,1.9227,1.0,0.0,0,0.0,,1990,
1877,424600,1.9241,1.0,0.0,0,0.0,,1990,
1878,424648,1.9677,1.0,0.0,0,0.0,,1990,
1879,424688,1.9395,1.0,0.0,0,0.0,,1990,
1880,424808,1.9536,1.0,0.0,0,0.0,,1990,
1881,424864,1.8777,1.0,0.0,0,0.0,,1990,
1882,424912,1.955,1.0,0.0,0,0.0,,1990,
1883,425080,1.9058,1.0,0.0,0,0.0,,1990,
1884,425160,1.9184,1.0,0.0,0,0.0,,1990,
1885,425208,1.8945,1.0,0.0,0,0.0,,1990,
1886,425248,1.9719,1.0,0.0,0,0.0,,1990,
1887,425624,1.9198,1.0,0.0,0,0.0,,1990,
1888,425696,1.9227,1.0,0.0,0,0.0,,1990,
1889,426088,1.0,0.0,0.0,0,0.0,,1990,
1890,426184,1.903,1.0,0.0,0,0.0,,1990,
1891,426304,1.9634,1.0,0.0,0,0.0,,1990,
1892,426408,1.8762,1.0,0.0,0,0.0,,1990,
1893,426424,1.9592,1.0,0.0,0,0.0,,1990,
1894,426712,1.948,1.0,0.0,0,0.0,,1990,
1895,426744,1.9452,1.0,0.0,0,0.0,,1990,
1896,427080,1.9367,1.0,0.0,0,0.0,,1990,
1897,427088,1.8636,1.0,0.0,0,0.0,,1990,
1898,427472,1.9325,1.0,0.0,0,0.0,,1990,
1899,427680,1.5148,1.0,0.0,0,0.0,,1990,
1900,428008,1.9438,1.0,0.0,0,0.0,,1990,
1901,428064,1.8973,1.0,0.0,0,0.0,,1990,
1902,428240,1.9606,1.0,0.0,0,0.0,,1990,
1903,428344,1.9522,1.0,0.0,0,0.0,,1990,
1904,428480,1.9775,1.0,0.0,0,0.0,,1990,
1905,428496,1.0,0.0,0.0,0,0.0,,1990,
1906,428520,1.9522,1.0,0.0,0,0.0,,1990,
1907,428640,1.7286,1.0,0.0,0,0.0,,1990,
1908,428704,1.962,1.0,0.0,0,0.0,,1990,
1909,428816,1.9705,1.0,0.0,0,0.0,,1990,
1910,428904,1.9339,1.0,0.0,0,0.0,,1990,
1911,428920,1.9269,1.0,0.0,0,0.0,,1990,
1912,428952,1.9578,1.0,0.0,0,0.0,,1990,
1913,429024,1.6006,1.0,0.0,0,0.0,,1990,
1914,429096,1.9677,1.0,0.0,0,0.0,,1990,
1915,429152,1.9423,1.0,0.0,0,0.0,,1990,
1916,429320,1.9494,1.0,0.0,0,0.0,,1990,
1917,429456,1.9381,1.0,0.0,0,0.0,,1990,
1918,429568,1.9578,1.0,0.0,0,0.0,,1990,
1919,429704,1.8692,1.0,0.0,0,0.0,,1990,
1920,429840,1.9339,1.0,0.0,0,0.0,,1990,
1921,429936,1.0,0.0,0.0,0,0.0,,1990,
1922,429968,1.9311,1.0,0.0,0,0.0,,1990,
1923,429992,1.0,0.0,0.0,0,0.0,,1990,
1924,430040,1.9663,1.0,0.0,0,0.0,,1990,
1925,430192,1.962,1.0,0.0,0,0.0,,1990,
1926,430240,1.9578,1.0,0.0,0,0.0,,1990,
1927,430240,1.9663,1.0,0.0,0,0.0,,1990,
1928,430240,1.9072,1.0,0.0,0,0.0,,1990,
1929,430336,0.0,0.0,0.0,0,0.0,,1990,
1930,430616,1.7441,1.0,0.0,0,0.0,,1990,
1931,430680,1.9241,1.0,0.0,0,0.0,,1990,
1932,430704,1.9198,1.0,0.0,0,0.0,,1990,
1933,430824,1.8987,1.0,0.0,0,0.0,,1990,
1934,430880,1.9058,1.0,0.0,0,0.0,,1990,
1935,430920,1.8284,1.0,0.0,0,0.0,,1990,
1936,430976,1.9494,1.0,0.0,0,0.0,,1990,
1937,431056,1.9705,1.0,0.0,0,0.0,,1990,
1938,431072,1.9367,1.0,0.0,0,0.0,,1990,
1939,431080,1.9564,1.0,0.0,0,0.0,,1990,
1940,431120,1.8383,1.0,0.0,0,0.0,,1990,
1941,431288,1.5852,1.0,0.0,0,0.0,,1990,
1942,431336,1.9283,1.0,0.0,0,0.0,,1990,
1943,431352,1.9494,1.0,0.0,0,0.0,,1990,
1944,431368,1.9508,1.0,0.0,0,0.0,,1990,
1945,431376,1.8678,1.0,0.0,0,0.0,,1990,
1946,431416,1.9241,1.0,0.0,0,0.0,,1990,
1947,431512,1.9241,1.0,0.0,0,0.0,,1990,
1948,431560,1.9648,1.0,0.0,0,0.0,,1990,
1949,431592,1.948,1.0,0.0,0,0.0,,1990,
1950,431640,1.955,1.0,0.0,0,0.0,,1990,
1951,431800,1.9508,1.0,0.0,0,0.0,,1990,
1952,431856,1.9156,1.0,0.0,0,0.0,,1990,
1953,431888,1.9438,1.0,0.0,0,0.0,,1990,
1954,431976,1.9423,1.0,0.0,0,0.0,,1990,
1955,432016,1.9634,1.0,0.0,0,0.0,,1990,
1956,432056,1.9198,1.0,0.0,0,0.0,,1990,
1957,432176,1.9452,1.0,0.0,0,0.0,,1990,
1958,432216,1.8608,1.0,0.0,0,0.0,,1990,
1959,432240,1.9691,1.0,0.0,0,0.0,,1990,
1960,432304,1.9438,1.0,0.0,0,0.0,,1990,
1961,432376,1.8186,1.0,0.0,0,0.0,,1990,
1962,432456,1.9522,1.0,0.0,0,0.0,,1990,
1963,432560,1.9409,1.0,0.0,0,0.0,,1990,
1964,432728,1.9269,1.0,0.0,0,0.0,,1990,
1965,432736,1.9142,1.0,0.0,0,0.0,,1990,
1966,432784,1.9297,1.0,0.0,0,0.0,,1990,
1967,432880,1.692,1.0,0.0,0,0.0,,1990,
1968,433032,1.8003,1.0,0.0,0,0.0,,1990,
1969,433112,1.9606,1.0,0.0,0,0.0,,1990,
1970,433120,1.8847,1.0,0.0,0,0.0,,1990,
1971,433136,1.9395,1.0,0.0,0,0.0,,1990,
1972,433144,1.9283,1.0,0.0,0,0.0,,1990,
1973,433160,1.9269,1.0,0.0,0,0.0,,1990,
1974,433552,1.9325,1.0,0.0,0,0.0,,1990,
1975,433600,1.9213,1.0,0.0,0,0.0,,1990,
1976,433728,1.9705,1.0,0.0,0,0.0,,1990,
1977,433840,1.9592,1.0,0.0,0,0.0,,1990,
1978,434008,1.8298,1.0,0.0,0,0.0,,1990,
1979,434080,1.9395,1.0,0.0,0,0.0,,1990,
1980,434192,1.7145,1.0,0.0,0,0.0,,1990,
1981,434280,1.7975,1.0,0.0,0,0.0,,1990,
1982,434736,1.8439,1.0,0.0,0,0.0,,1990,
1983,434856,1.9803,1.0,0.0,0,0.0,,1990,
1984,434976,1.8791,1.0,0.0,0,0.0,,1990,
1985,435288,1.9255,1.0,0.0,0,0.0,,1990,
1986,435312,1.7848,1.0,0.0,0,0.0,,1990,
1987,435656,1.7117,1.0,0.0,0,0.0,,1990,
1988,436504,1.8523,1.0,0.0,0,0.0,,1990,
1989,436680,1.9705,1.0,0.0,0,0.0,,1990,
1990,436792,1.7412,1.0,0.0,0,0.0,,1990,
1991,436928,1.9578,1.0,0.0,0,0.0,,1990,
1992,437144,0.0,0.0,0.0,0,0.0,,1990,
1993,437200,1.9536,1.0,0.0,0,0.0,,1990,
1994,437440,1.9494,1.0,0.0,0,0.0,,1990,
1995,437904,1.8777,1.0,0.0,0,0.0,,1990,
1996,438160,1.9564,1.0,0.0,0,0.0,,1990,
1997,438240,0.0,0.0,0.0,0,0.0,,1990,
1998,438264,1.0,0.0,0.0,0,0.0,,1990,
1999,438392,1.7202,1.0,0.0,0,0.0,,1990,
2000,438528,1.8102,1.0,0.0,0,0.0,,1990,
2001,438736,1.9002,1.0,0.0,0,0.0,,1990,
2002,438824,1.903,1.0,0.0,0,0.0,,1990,
2003,438864,1.9423,1.0,0.0,0,0.0,,1990,
2004,438880,1.37,1.0,0.0,0,0.0,,1990,
2005,438904,1.9114,1.0,0.0,0,0.0,,1990,
2006,439072,1.9648,1.0,0.0,0,0.0,,1990,
2007,439152,1.9578,1.0,0.0,0,0.0,,1990,
2008,439208,1.9184,1.0,0.0,0,0.0,,1990,
2009,439320,1.9578,1.0,0.0,0,0.0,,1990,
2010,439320,0.0,0.0,0.0,0,0.0,,1990,
2011,439352,1.9184,1.0,0.0,0,0.0,,1990,
2012,439384,1.9606,1.0,0.0,0,0.0,,1990,
2013,439448,1.7891,1.0,0.0,0,0.0,,1990,
2014,439464,1.9564,1.0,0.0,0,0.0,,1990,
2015,439536,1.9634,1.0,0.0,0,0.0,,1990,
2016,439536,1.8762,1.0,0.0,0,0.0,,1990,
2017,439688,1.962,1.0,0.0,0,0.0,,1990,
2018,439784,1.9311,1.0,0.0,0,0.0,,1990,
2019,439800,1.955,1.0,0.0,0,0.0,,1990,
2020,439888,1.9663,1.0,0.0,0,0.0,,1990,
2021,440040,1.8973,1.0,0.0,0,0.0,,1990,
2022,440104,0.0,0.0,0.0,0,0.0,,1990,
2023,440120,1.9423,1.0,0.0,0,0.0,,1990,
2024,440144,1.8945,1.0,0.0,0,0.0,,1990,
2025,440368,1.9016,1.0,0.0,0,0.0,,1990,
2026,440400,1.9564,1.0,0.0,0,0.0,,1990,
2027,440656,1.9564,1.0,0.0,0,0.0,,1990,
2028,440664,1.865,1.0,0.0,0,0.0,,1990,
2029,440912,1.8481,1.0,0.0,0,0.0,,1990,
2030,441072,1.9297,1.0,0.0,0,0.0,,1990,
2031,441088,1.8284,1.0,0.0,0,0.0,,1990,
2032,441128,1.9634,1.0,0.0,0,0.0,,1990,
2033,441256,1.9691,1.0,0.0,0,0.0,,1990,
2034,441264,1.8003,1.0,0.0,0,0.0,,1990,
2035,441392,1.948,1.0,0.0,0,0.0,,1990,
2036,441440,1.9705,1.0,0.0,0,0.0,,1990,
2037,441576,1.9227,1.0,0.0,0,0.0,,1990,
2038,441584,1.9677,1.0,0.0,0,0.0,,1990,
2039,441864,1.7384,1.0,0.0,0,0.0,,1990,
2040,441896,1.7834,1.0,0.0,0,0.0,,1990,
2041,441920,1.917,1.0,0.0,0,0.0,,1990,
2042,441936,1.9395,1.0,0.0,0,0.0,,1990,
2043,442088,1.962,1.0,0.0,0,0.0,,1990,
2044,442168,1.9536,1.0,0.0,0,0.0,,1990,
2045,442216,1.8889,1.0,0.0,0,0.0,,1990,
2046,442488,1.7848,1.0,0.0,0,0.0,,1990,
2047,442560,1.9325,1.0,0.0,0,0.0,,1990,
2048,442752,1.858,1.0,0.0,0,0.0,,1990,
2049,442792,1.9606,1.0,0.0,0,0.0,,1990,
2050,442792,1.948,1.0,0.0,0,0.0,,1990,
2051,442840,1.3883,1.0,0.0,0,0.0,,1990,
2052,443104,1.9395,1.0,0.0,0,0.0,,1990,
2053,443112,1.9452,1.0,0.0,0,0.0,,1990,
2054,443216,1.8031,1.0,0.0,0,0.0,,1990,
2055,443416,1.9002,1.0,0.0,0,0.0,,1990,
2056,443456,1.9395,1.0,0.0,0,0.0,,1990,
2057,443552,1.9775,1.0,0.0,0,0.0,,1990,
2058,443584,1.8622,1.0,0.0,0,0.0,,1990,
2059,443824,1.9367,1.0,0.0,0,0.0,,1990,
2060,444184,1.8313,1.0,0.0,0,0.0,,1990,
2061,444192,1.8945,1.0,0.0,0,0.0,,1990,
2062,444448,0.0,0.0,0.0,0,0.0,,1990,
2063,444464,1.7637,1.0,0.0,0,0.0,,1990,
2064,444512,1.5978,1.0,0.0,0,0.0,,1990,
2065,444520,1.9423,1.0,0.0,0,0.0,,1990,
2066,444736,1.9058,1.0,0.0,0,0.0,,1990,
2067,444816,1.7792,1.0,0.0,0,0.0,,1990,
2068,445008,1.9536,1.0,0.0,0,0.0,,1990,
2069,445184,1.8748,1.0,0.0,0,0.0,,1990,
2070,445320,1.9128,1.0,0.0,0,0.0,,1990,
2071,445440,1.9255,1.0,0.0,0,0.0,,1990,
2072,445520,1.8242,1.0,0.0,0,0.0,,1990,
2073,445560,1.9353,1.0,0.0,0,0.0,,1990,
2074,445728,1.9508,1.0,0.0,0,0.0,,1990,
2075,445728,1.7891,1.0,0.0,0,0.0,,1990,
2076,445912,1.8973,1.0,0.0,0,0.0,,1990,
2077,446224,1.8847,1.0,0.0,0,0.0,,1990,
2078,446232,1.9128,1.0,0.0,0,0.0,,1990,
2079,446248,1.9423,1.0,0.0,0,0.0,,1990,
2080,446280,1.6794,1.0,0.0,0,0.0,,1990,
2081,446304,1.9002,1.0,0.0,0,0.0,,1990,
2082,446408,1.9789,1.0,0.0,0,0.0,,1990,
2083,446416,1.9691,1.0,0.0,0,0.0,,1990,
2084,446472,1.9578,1.0,0.0,0,0.0,,1990,
2085,446560,1.9564,1.0,0.0,0,0.0,,1990,
2086,446696,1.7947,1.0,0.0,0,0.0,,1990,
2087,446704,1.9606,1.0,0.0,0,0.0,,1990,
2088,446880,1.9705,1.0,0.0,0,0.0,,1990,
2089,446920,1.9128,1.0,0.0,0,0.0,,1990,
2090,446968,1.9536,1.0,0.0,0,0.0,,1990,
2091,447016,1.8945,1.0,0.0,0,0.0,,1990,
2092,447024,1.865,1.0,0.0,0,0.0,,1990,
2093,447048,0.0,0.0,0.0,0,0.0,,1990,
2094,447216,1.8861,1.0,0.0,0,0.0,,1990,
2095,447240,1.9452,1.0,0.0,0,0.0,,1990,
2096,447400,1.9691,1.0,0.0,0,0.0,,1990,
2097,447480,1.9198,1.0,0.0,0,0.0,,1990,
2098,447496,1.9086,1.0,0.0,0,0.0,,1990,
2099,447584,1.9072,1.0,0.0,0,0.0,,1990,
2100,448000,1.9128,1.0,0.0,0,0.0,,1990,
2101,448448,1.7511,1.0,0.0,0,0.0,,1990,
2102,448448,1.8313,1.0,0.0,0,0.0,,1990,
2103,448528,1.7117,1.0,0.0,0,0.0,,1990,
2104,448688,1.9592,1.0,0.0,0,0.0,,1990,
2105,448928,1.917,1.0,0.0,0,0.0,,1990,
2106,448952,0.0,0.0,0.0,0,0.0,,1990,
2107,449064,1.9353,1.0,0.0,0,0.0,,1990,
2108,449160,1.9606,1.0,0.0,0,0.0,,1990,
2109,449312,1.8636,1.0,0.0,0,0.0,,1990,
2110,449360,1.7623,1.0,0.0,0,0.0,,1990,
2111,449496,1.9255,1.0,0.0,0,0.0,,1990,
2112,449536,1.8987,1.0,0.0,0,0.0,,1990,
2113,449648,1.9156,1.0,0.0,0,0.0,,1990,
2114,449680,1.9452,1.0,0.0,0,0.0,,1990,
2115,449784,1.9508,1.0,0.0,0,0.0,,1990,
2116,449928,1.9522,1.0,0.0,0,0.0,,1990,
2117,449936,1.8917,1.0,0.0,0,0.0,,1990,
2118,449944,1.955,1.0,0.0,0,0.0,,1990,
2119,450048,1.955,1.0,0.0,0,0.0,,1990,
2120,450216,1.9522,1.0,0.0,0,0.0,,1990,
2121,450424,1.917,1.0,0.0,0,0.0,,1990,
2122,450424,1.9353,1.0,0.0,0,0.0,,1990,
2123,450480,1.8355,1.0,0.0,0,0.0,,1990,
2124,450696,1.8664,1.0,0.0,0,0.0,,1990,
2125,450776,1.9395,1.0,0.0,0,0.0,,1990,
2126,450872,1.8861,1.0,0.0,0,0.0,,1990,
2127,451128,1.8777,1.0,0.0,0,0.0,,1990,
2128,451128,1.9255,1.0,0.0,0,0.0,,1990,
2129,451816,1.8186,1.0,0.0,0,0.0,,1990,
2130,451864,1.872,1.0,0.0,0,0.0,,1990,
2131,451880,1.7553,1.0,0.0,0,0.0,,1990,
2132,452136,1.9564,1.0,0.0,0,0.0,,1990,
2133,452160,1.9409,1.0,0.0,0,0.0,,1990,
2134,452304,1.9241,1.0,0.0,0,0.0,,1990,
2135,452368,0.0,0.0,0.0,0,0.0,,1990,
2136,452424,1.7286,1.0,0.0,0,0.0,,1990,
2137,452528,1.0,0.0,0.0,0,0.0,,1990,
2138,452560,1.9677,1.0,0.0,0,0.0,,1990,
2139,452712,0.0,0.0,0.0,0,0.0,,1990,
2140,452744,1.8987,1.0,0.0,0,0.0,,1990,
2141,452840,1.9283,1.0,0.0,0,0.0,,1990,
2142,452856,1.8748,1.0,0.0,0,0.0,,1990,
2143,453008,1.8777,1.0,0.0,0,0.0,,1990,
2144,453032,1.9677,1.0,0.0,0,0.0,,1990,
2145,453192,1.9691,1.0,0.0,0,0.0,,1990,
2146,453224,1.8791,1.0,0.0,0,0.0,,1990,
2147,453312,1.8959,1.0,0.0,0,0.0,,1990,
2148,453352,1.8945,1.0,0.0,0,0.0,,1990,
2149,453400,1.9367,1.0,0.0,0,0.0,,1990,
2150,453472,1.8931,1.0,0.0,0,0.0,,1990,
2151,453512,1.8341,1.0,0.0,0,0.0,,1990,
2152,453520,1.9648,1.0,0.0,0,0.0,,1990,
2153,453560,1.9367,1.0,0.0,0,0.0,,1990,
2154,453704,1.9395,1.0,0.0,0,0.0,,1990,
2155,453720,1.9142,1.0,0.0,0,0.0,,1990,
2156,453816,1.9409,1.0,0.0,0,0.0,,1990,
2157,453888,1.9691,1.0,0.0,0,0.0,,1990,
2158,453896,1.9423,1.0,0.0,0,0.0,,1990,
2159,454056,1.9719,1.0,0.0,0,0.0,,1990,
2160,454056,1.9058,1.0,0.0,0,0.0,,1990,
2161,454120,1.948,1.0,0.0,0,0.0,,1990,
2162,454184,1.8847,1.0,0.0,0,0.0,,1990,
2163,454208,1.9466,1.0,0.0,0,0.0,,1990,
2164,454232,1.8552,1.0,0.0,0,0.0,,1990,
2165,454336,1.9634,1.0,0.0,0,0.0,,1990,
2166,454352,1.9494,1.0,0.0,0,0.0,,1990,
2167,454368,1.9466,1.0,0.0,0,0.0,,1990,
2168,454536,1.858,1.0,0.0,0,0.0,,1990,
2169,454600,1.9283,1.0,0.0,0,0.0,,1990,
2170,454656,1.9508,1.0,0.0,0,0.0,,1990,
2171,454760,1.9269,1.0,0.0,0,0.0,,1990,
2172,454920,1.955,1.0,0.0,0,0.0,,1990,
2173,454984,1.962,1.0,0.0,0,0.0,,1990,
2174,455000,1.8875,1.0,0.0,0,0.0,,1990,
2175,455048,1.858,1.0,0.0,0,0.0,,1990,
2176,455224,1.2814,1.0,0.0,0,0.0,,1990,
2177,455312,1.9438,1.0,0.0,0,0.0,,1990,
2178,455488,1.8453,1.0,0.0,0,0.0,,1990,
2179,455504,1.9677,1.0,0.0,0,0.0,,1990,
2180,455624,1.8102,1.0,0.0,0,0.0,,1990,
2181,455760,1.9536,1.0,0.0,0,0.0,,1990,
2182,455856,1.9395,1.0,0.0,0,0.0,,1990,
2183,455944,1.9691,1.0,0.0,0,0.0,,1990,
2184,455976,1.8692,1.0,0.0,0,0.0,,1990,
2185,456048,1.9677,1.0,0.0,0,0.0,,1990,
2186,456448,1.9184,1.0,0.0,0,0.0,,1990,
2187,456640,1.8791,1.0,0.0,0,0.0,,1990,
2188,456664,1.9634,1.0,0.0,0,0.0,,1990,
2189,456720,1.685,1.0,0.0,0,0.0,,1990,
2190,456816,1.9747,1.0,0.0,0,0.0,,1990,
2191,456848,1.7862,1.0,0.0,0,0.0,,1990,
2192,456888,1.8538,1.0,0.0,0,0.0,,1990,
2193,457032,1.9691,1.0,0.0,0,0.0,,1990,
2194,457104,1.9339,1.0,0.0,0,0.0,,1990,
2195,457120,1.917,1.0,0.0,0,0.0,,1990,
2196,457120,1.9606,1.0,0.0,0,0.0,,1990,
2197,457280,1.6091,1.0,0.0,0,0.0,,1990,
2198,457440,1.8917,1.0,0.0,0,0.0,,1990,
2199,457440,1.9297,1.0,0.0,0,0.0,,1990,
2200,457456,1.9423,1.0,0.0,0,0.0,,1990,
2201,457584,1.948,1.0,0.0,0,0.0,,1990,
2202,457608,1.9128,1.0,0.0,0,0.0,,1990,
2203,457720,1.955,1.0,0.0,0,0.0,,1990,
2204,457784,1.9705,1.0,0.0,0,0.0,,1990,
2205,457800,1.9634,1.0,0.0,0,0.0,,1990,
2206,457912,1.9184,1.0,0.0,0,0.0,,1990,
2207,457976,1.8509,1.0,0.0,0,0.0,,1990,
2208,458096,1.9691,1.0,0.0,0,0.0,,1990,
2209,458208,1.9156,1.0,0.0,0,0.0,,1990,
2210,458392,1.8945,1.0,0.0,0,0.0,,1990,
2211,458392,1.9494,1.0,0.0,0,0.0,,1990,
2212,458408,1.8313,1.0,0.0,0,0.0,,1990,
2213,458488,1.9522,1.0,0.0,0,0.0,,1990,
2214,458600,1.9677,1.0,0.0,0,0.0,,1990,
2215,458776,1.9508,1.0,0.0,0,0.0,,1990,
2216,458784,1.9325,1.0,0.0,0,0.0,,1990,
2217,458816,1.9269,1.0,0.0,0,0.0,,1990,
2218,459112,1.9114,1.0,0.0,0,0.0,,1990,
2219,459112,1.9494,1.0,0.0,0,0.0,,1990,
2220,459240,1.9213,1.0,0.0,0,0.0,,1990,
2221,459336,0.0,0.0,0.0,0,0.0,,1990,
2222,459360,1.9578,1.0,0.0,0,0.0,,1990,
2223,459432,1.9677,1.0,0.0,0,0.0,,1990,
2224,459832,1.9184,1.0,0.0,0,0.0,,1990,
2225,460048,1.8369,1.0,0.0,0,0.0,,1990,
2226,460096,1.8678,1.0,0.0,0,0.0,,1990,
2227,460128,0.0,0.0,0.0,0,0.0,,1990,
2228,460136,1.7623,1.0,0.0,0,0.0,,1990,
2229,460400,1.948,1.0,0.0,0,0.0,,1990,
2230,460400,1.955,1.0,0.0,0,0.0,,1990,
2231,460488,1.8158,1.0,0.0,0,0.0,,1990,
2232,460496,1.9367,1.0,0.0,0,0.0,,1990,
2233,460744,1.5148,1.0,0.0,0,0.0,,1990,
2234,460744,1.9578,1.0,0.0,0,0.0,,1990,
2235,460752,1.955,1.0,0.0,0,0.0,,1990,
2236,460880,1.917,1.0,0.0,0,0.0,,1990,
2237,461064,1.9452,1.0,0.0,0,0.0,,1990,
2238,461160,1.768,1.0,0.0,0,0.0,,1990,
2239,461176,1.865,1.0,0.0,0,0.0,,1990,
2240,461208,1.9213,1.0,0.0,0,0.0,,1990,
2241,461232,1.9156,1.0,0.0,0,0.0,,1990,
2242,461368,1.9677,1.0,0.0,0,0.0,,1990,
2243,461392,1.9606,1.0,0.0,0,0.0,,1990,
2244,461440,1.7567,1.0,0.0,0,0.0,,1990,
2245,461632,1.8692,1.0,0.0,0,0.0,,1990,
2246,461696,1.9156,1.0,0.0,0,0.0,,1990,
2247,461744,1.9114,1.0,0.0,0,0.0,,1990,
2248,461880,1.858,1.0,0.0,0,0.0,,1990,
2249,461904,1.9648,1.0,0.0,0,0.0,,1990,
2250,461944,1.9128,1.0,0.0,0,0.0,,1990,
2251,462032,1.8847,1.0,0.0,0,0.0,,1990,
2252,462096,1.9634,1.0,0.0,0,0.0,,1990,
2253,462232,1.9438,1.0,0.0,0,0.0,,1990,
2254,462320,1.9002,1.0,0.0,0,0.0,,1990,
2255,462336,1.948,1.0,0.0,0,0.0,,1990,
2256,462400,1.9719,1.0,0.0,0,0.0,,1990,
2257,462488,1.9719,1.0,0.0,0,0.0,,1990,
2258,462488,1.8087,1.0,0.0,0,0.0,,1990,
2259,462512,1.9705,1.0,0.0,0,0.0,,1990,
2260,462672,1.9691,1.0,0.0,0,0.0,,1990,
2261,462704,1.8945,1.0,0.0,0,0.0,,1990,
2262,462704,1.9634,1.0,0.0,0,0.0,,1990,
2263,462808,1.7947,1.0,0.0,0,0.0,,1990,
2264,462928,1.0,0.0,0.0,0,0.0,,1990,
2265,462952,1.9241,1.0,0.0,0,0.0,,1990,
2266,463024,1.8917,1.0,0.0,0,0.0,,1990,
2267,463032,1.9438,1.0,0.0,0,0.0,,1990,
2268,463096,1.9269,1.0,0.0,0,0.0,,1990,
2269,463128,1.9663,1.0,0.0,0,0.0,,1990,
2270,463128,1.9269,1.0,0.0,0,0.0,,1990,
2271,463136,1.9438,1.0,0.0,0,0.0,,1990,
2272,463440,1.9283,1.0,0.0,0,0.0,,1990,
2273,463624,1.9142,1.0,0.0,0,0.0,,1990,
2274,463632,1.9677,1.0,0.0,0,0.0,,1990,
2275,463928,1.8608,1.0,0.0,0,0.0,,1990,
2276,463952,1.6484,1.0,0.0,0,0.0,,1990,
2277,464040,1.9297,1.0,0.0,0,0.0,,1990,
2278,464104,1.8242,1.0,0.0,0,0.0,,1990,
2279,464192,1.9016,1.0,0.0,0,0.0,,1990,
2280,464368,1.9241,1.0,0.0,0,0.0,,1990,
2281,464608,1.7103,1.0,0.0,0,0.0,,1990,
2282,464624,1.7216,1.0,0.0,0,0.0,,1990,
2283,464752,1.9339,1.0,0.0,0,0.0,,1990,
2284,464768,1.9002,1.0,0.0,0,0.0,,1990,
2285,465088,1.9423,1.0,0.0,0,0.0,,1990,
2286,465160,1.9044,1.0,0.0,0,0.0,,1990,
2287,465336,1.9016,1.0,0.0,0,0.0,,1990,
2288,465400,1.865,1.0,0.0,0,0.0,,1990,
2289,465472,1.5908,1.0,0.0,0,0.0,,1990,
2290,465472,1.9466,1.0,0.0,0,0.0,,1990,
2291,465536,1.7384,1.0,0.0,0,0.0,,1990,
2292,465552,1.9747,1.0,0.0,0,0.0,,1990,
2293,465576,1.7427,1.0,0.0,0,0.0,,1990,
2294,465632,1.9058,1.0,0.0,0,0.0,,1990,
2295,465760,1.6836,1.0,0.0,0,0.0,,1990,
2296,465880,1.9297,1.0,0.0,0,0.0,,1990,
2297,465888,1.9395,1.0,0.0,0,0.0,,1990,
2298,465952,1.8931,1.0,0.0,0,0.0,,1990,
2299,465968,1.9142,1.0,0.0,0,0.0,,1990,
2300,465984,1.9255,1.0,0.0,0,0.0,,1990,
2301,466032,1.9311,1.0,0.0,0,0.0,,1990,
2302,466152,1.9325,1.0,0.0,0,0.0,,1990,
2303,466184,1.9606,1.0,0.0,0,0.0,,1990,
2304,466200,1.9606,1.0,0.0,0,0.0,,1990,
2305,466208,1.8903,1.0,0.0,0,0.0,,1990,
2306,466344,1.9466,1.0,0.0,0,0.0,,1990,
2307,466400,1.9578,1.0,0.0,0,0.0,,1990,
2308,466456,1.9564,1.0,0.0,0,0.0,,1990,
2309,466520,1.9423,1.0,0.0,0,0.0,,1990,
2310,466584,1.8777,1.0,0.0,0,0.0,,1990,
2311,466656,1.9466,1.0,0.0,0,0.0,,1990,
2312,466664,1.9213,1.0,0.0,0,0.0,,1990,
2313,466792,1.9648,1.0,0.0,0,0.0,,1990,
2314,466800,1.9522,1.0,0.0,0,0.0,,1990,
2315,466832,1.9353,1.0,0.0,0,0.0,,1990,
2316,466864,1.8298,1.0,0.0,0,0.0,,1990,
2317,466960,1.903,1.0,0.0,0,0.0,,1990,
2318,467008,1.9705,1.0,0.0,0,0.0,,1990,
2319,467168,1.948,1.0,0.0,0,0.0,,1990,
2320,467528,1.8495,1.0,0.0,0,0.0,,1990,
2321,467664,1.8242,1.0,0.0,0,0.0,,1990,
2322,467704,1.8425,1.0,0.0,0,0.0,,1990,
2323,467768,1.8678,1.0,0.0,0,0.0,,1990,
2324,467872,1.8116,1.0,0.0,0,0.0,,1990,
2325,467992,1.9438,1.0,0.0,0,0.0,,1990,
2326,468032,1.9128,1.0,0.0,0,0.0,,1990,
2327,468144,1.9353,1.0,0.0,0,0.0,,1990,
2328,468144,1.9536,1.0,0.0,0,0.0,,1990,
2329,468344,1.9466,1.0,0.0,0,0.0,,1990,
2330,468384,1.9325,1.0,0.0,0,0.0,,1990,
2331,468528,1.9339,1.0,0.0,0,0.0,,1990,
2332,468560,1.9634,1.0,0.0,0,0.0,,1990,
2333,468744,1.9381,1.0,0.0,0,0.0,,1990,
2334,468776,1.9578,1.0,0.0,0,0.0,,1990,
2335,468856,1.8762,1.0,0.0,0,0.0,,1990,
2336,468952,1.9325,1.0,0.0,0,0.0,,1990,
2337,469112,1.9423,1.0,0.0,0,0.0,,1990,
2338,469304,1.9395,1.0,0.0,0,0.0,,1990,
2339,469504,1.9325,1.0,0.0,0,0.0,,1990,
2340,469688,1.9691,1.0,0.0,0,0.0,,1990,
2341,469808,1.9128,1.0,0.0,0,0.0,,1990,
2342,470064,1.9564,1.0,0.0,0,0.0,,1990,
2343,470088,1.9311,1.0,0.0,0,0.0,,1990,
2344,470368,1.9522,1.0,0.0,0,0.0,,1990,
2345,470504,1.692,1.0,0.0,0,0.0,,1990,
2346,470504,1.9775,1.0,0.0,0,0.0,,1990,
2347,470584,1.91,1.0,0.0,0,0.0,,1990,
2348,470872,1.9508,1.0,0.0,0,0.0,,1990,
2349,470952,1.9227,1.0,0.0,0,0.0,,1990,
2350,471112,0.0,0.0,0.0,0,0.0,,1990,
2351,471168,1.8847,1.0,0.0,0,0.0,,1990,
2352,471248,1.9494,1.0,0.0,0,0.0,,1990,
2353,471312,1.9241,1.0,0.0,0,0.0,,1990,
2354,471544,1.9494,1.0,0.0,0,0.0,,1990,
2355,471760,1.9227,1.0,0.0,0,0.0,,1990,
2356,471792,1.8917,1.0,0.0,0,0.0,,1990,
2357,471856,1.9466,1.0,0.0,0,0.0,,1990,
2358,471968,1.9705,1.0,0.0,0,0.0,,1990,
2359,472008,1.9578,1.0,0.0,0,0.0,,1990,
2360,472056,1.9663,1.0,0.0,0,0.0,,1990,
2361,472088,0.0,0.0,0.0,0,0.0,,1990,
2362,472256,1.9719,1.0,0.0,0,0.0,,1990,
2363,472296,0.0,0.0,0.0,0,0.0,,1990,
2364,472608,1.9466,1.0,0.0,0,0.0,,1990,
2365,472648,1.8819,1.0,0.0,0,0.0,,1990,
2366,472728,1.8833,1.0,0.0,0,0.0,,1990,
2367,472752,1.8706,1.0,0.0,0,0.0,,1990,
2368,472832,0.0,0.0,0.0,0,0.0,,1990,
2369,472904,1.8875,1.0,0.0,0,0.0,,1990,
2370,472976,1.9578,1.0,0.0,0,0.0,,1990,
2371,473032,1.9663,1.0,0.0,0,0.0,,1990,
2372,473056,1.9227,1.0,0.0,0,0.0,,1990,
2373,473152,1.9311,1.0,0.0,0,0.0,,1990,
2374,473200,1.962,1.0,0.0,0,0.0,,1990,
2375,473288,1.9564,1.0,0.0,0,0.0,,1990,
2376,473384,1.9691,1.0,0.0,0,0.0,,1990,
2377,473416,1.9381,1.0,0.0,0,0.0,,1990,
2378,473600,1.9634,1.0,0.0,0,0.0,,1990,
2379,473616,1.9198,1.0,0.0,0,0.0,,1990,
2380,473824,1.9072,1.0,0.0,0,0.0,,1990,
2381,473920,1.9452,1.0,0.0,0,0.0,,1990,
2382,473984,0.0,0.0,0.0,0,0.0,,1990,
2383,474048,1.962,1.0,0.0,0,0.0,,1990,
2384,474128,1.7862,1.0,0.0,0,0.0,,1990,
2385,474208,1.8973,1.0,0.0,0,0.0,,1990,
2386,474288,1.9592,1.0,0.0,0,0.0,,1990,
2387,474384,1.9564,1.0,0.0,0,0.0,,1990,
2388,474520,1.8959,1.0,0.0,0,0.0,,1990,
2389,474608,1.9452,1.0,0.0,0,0.0,,1990,
2390,474640,1.8861,1.0,0.0,0,0.0,,1990,
2391,474816,1.9494,1.0,0.0,0,0.0,,1990,
2392,474848,1.9592,1.0,0.0,0,0.0,,1990,
2393,474928,1.9508,1.0,0.0,0,0.0,,1990,
2394,474960,1.9002,1.0,0.0,0,0.0,,1990,
2395,475024,1.9648,1.0,0.0,0,0.0,,1990,
2396,475096,1.9719,1.0,0.0,0,0.0,,1990,
2397,475184,1.6906,1.0,0.0,0,0.0,,1990,
2398,475368,1.9536,1.0,0.0,0,0.0,,1990,
2399,475368,1.9409,1.0,0.0,0,0.0,,1990,
2400,475440,1.9564,1.0,0.0,0,0.0,,1990,
2401,475488,1.9803,1.0,0.0,0,0.0,,1990,
2402,475496,1.9072,1.0,0.0,0,0.0,,1990,
2403,475632,1.955,1.0,0.0,0,0.0,,1990,
2404,475656,1.7469,1.0,0.0,0,0.0,,1990,
2405,475768,1.9536,1.0,0.0,0,0.0,,1990,
2406,475776,1.9423,1.0,0.0,0,0.0,,1990,
2407,475840,1.9691,1.0,0.0,0,0.0,,1990,
2408,475864,1.9353,1.0,0.0,0,0.0,,1990,
2409,475912,1.9775,1.0,0.0,0,0.0,,1990,
2410,475944,1.9705,1.0,0.0,0,0.0,,1990,
2411,475968,1.9789,1.0,0.0,0,0.0,,1990,
2412,475984,1.8017,1.0,0.0,0,0.0,,1990,
2413,476056,1.9677,1.0,0.0,0,0.0,,1990,
2414,476208,1.1056,1.0,0.0,0,0.0,,1990,
2415,476392,1.9691,1.0,0.0,0,0.0,,1990,
2416,476464,1.9297,1.0,0.0,0,0.0,,1990,
2417,476488,1.9058,1.0,0.0,0,0.0,,1990,
2418,476664,1.8791,1.0,0.0,0,0.0,,1990,
2419,476672,1.8186,1.0,0.0,0,0.0,,1990,
2420,476688,1.962,1.0,0.0,0,0.0,,1990,
2421,476736,1.9409,1.0,0.0,0,0.0,,1990,
2422,476744,1.8552,1.0,0.0,0,0.0,,1990,
2423,476800,1.9466,1.0,0.0,0,0.0,,1990,
2424,476896,1.9733,1.0,0.0,0,0.0,,1990,
2425,476944,1.9522,1.0,0.0,0,0.0,,1990,
2426,476976,1.948,1.0,0.0,0,0.0,,1990,
2427,477048,1.948,1.0,0.0,0,0.0,,1990,
2428,477056,1.813,1.0,0.0,0,0.0,,1990,
2429,477160,1.9381,1.0,0.0,0,0.0,,1990,
2430,477328,1.9339,1.0,0.0,0,0.0,,1990,
2431,477344,1.9508,1.0,0.0,0,0.0,,1990,
2432,477416,1.91,1.0,0.0,0,0.0,,1990,
2433,477472,1.9269,1.0,0.0,0,0.0,,1990,
2434,477504,1.9409,1.0,0.0,0,0.0,,1990,
2435,477560,1.9606,1.0,0.0,0,0.0,,1990,
2436,477632,1.9508,1.0,0.0,0,0.0,,1990,
2437,477712,1.872,1.0,0.0,0,0.0,,1990,
2438,477728,1.9564,1.0,0.0,0,0.0,,1990,
2439,477728,1.8186,1.0,0.0,0,0.0,,1990,
2440,477744,1.9691,1.0,0.0,0,0.0,,1990,
2441,477776,0.0,0.0,0.0,0,0.0,,1990,
2442,477792,1.9353,1.0,0.0,0,0.0,,1990,
2443,477888,1.9705,1.0,0.0,0,0.0,,1990,
2444,477912,1.9691,1.0,0.0,0,0.0,,1990,
2445,477936,1.9648,1.0,0.0,0,0.0,,1990,
2446,477960,1.9438,1.0,0.0,0,0.0,,1990,
2447,478144,1.8889,1.0,0.0,0,0.0,,1990,
2448,478168,1.9325,1.0,0.0,0,0.0,,1990,
2449,478168,1.9353,1.0,0.0,0,0.0,,1990,
2450,478216,1.9564,1.0,0.0,0,0.0,,1990,
2451,478256,1.9452,1.0,0.0,0,0.0,,1990,
2452,478616,1.9227,1.0,0.0,0,0.0,,1990,
2453,478640,1.8439,1.0,0.0,0,0.0,,1990,
2454,478648,1.9128,1.0,0.0,0,0.0,,1990,
2455,478656,1.9311,1.0,0.0,0,0.0,,1990,
2456,478816,1.8425,1.0,0.0,0,0.0,,1990,
2457,478864,1.9578,1.0,0.0,0,0.0,,1990,
2458,478904,1.9578,1.0,0.0,0,0.0,,1990,
2459,478912,1.9536,1.0,0.0,0,0.0,,1990,
2460,478992,1.9705,1.0,0.0,0,0.0,,1990,
2461,479096,1.9691,1.0,0.0,0,0.0,,1990,
2462,479176,1.9086,1.0,0.0,0,0.0,,1990,
2463,479184,1.9522,1.0,0.0,0,0.0,,1990,
2464,479272,1.9297,1.0,0.0,0,0.0,,1990,
2465,479304,1.9466,1.0,0.0,0,0.0,,1990,
2466,479488,1.948,1.0,0.0,0,0.0,,1990,
2467,479832,1.7089,1.0,0.0,0,0.0,,1990,
2468,479864,1.8805,1.0,0.0,0,0.0,,1990,
2469,479944,1.9213,1.0,0.0,0,0.0,,1990,
2470,480176,1.9466,1.0,0.0,0,0.0,,1990,
2471,480344,1.9311,1.0,0.0,0,0.0,,1990,
2472,480496,1.7919,1.0,0.0,0,0.0,,1990,
2473,480600,1.9269,1.0,0.0,0,0.0,,1990,
2474,480712,1.9634,1.0,0.0,0,0.0,,1990,
2475,480768,1.8369,1.0,0.0,0,0.0,,1990,
2476,480848,1.9775,1.0,0.0,0,0.0,,1990,
2477,480928,1.9733,1.0,0.0,0,0.0,,1990,
2478,480952,1.9395,1.0,0.0,0,0.0,,1990,
2479,481040,1.9677,1.0,0.0,0,0.0,,1990,
2480,481192,1.955,1.0,0.0,0,0.0,,1990,
2481,481392,1.9395,1.0,0.0,0,0.0,,1990,
2482,481536,1.9409,1.0,0.0,0,0.0,,1990,
2483,481760,1.9367,1.0,0.0,0,0.0,,1990,
2484,481984,1.82,1.0,0.0,0,0.0,,1990,
2485,482296,1.9466,1.0,0.0,0,0.0,,1990,
2486,482424,1.8847,1.0,0.0,0,0.0,,1990,
2487,482464,1.9719,1.0,0.0,0,0.0,,1990,
2488,482696,1.9536,1.0,0.0,0,0.0,,1990,
2489,482800,1.7792,1.0,0.0,0,0.0,,1990,
2490,482880,1.9283,1.0,0.0,0,0.0,,1990,
2491,482952,1.9747,1.0,0.0,0,0.0,,1990,
2492,482984,1.9508,1.0,0.0,0,0.0,,1990,
2493,483016,0.0,0.0,0.0,0,0.0,,1990,
2494,483264,1.9578,1.0,0.0,0,0.0,,1990,
2495,483344,0.0,0.0,0.0,0,0.0,,1990,
2496,483368,1.9283,1.0,0.0,0,0.0,,1990,
2497,483544,1.9705,1.0,0.0,0,0.0,,1990,
2498,483576,1.4333,1.0,0.0,0,0.0,,1990,
2499,483648,1.948,1.0,0.0,0,0.0,,1990,
2500,483760,1.9634,1.0,0.0,0,0.0,,1990,
2501,484176,1.7736,1.0,0.0,0,0.0,,1990,
2502,484200,1.8917,1.0,0.0,0,0.0,,1990,
2503,484208,1.903,1.0,0.0,0,0.0,,1990,
2504,484224,0.0,0.0,0.0,0,0.0,,1990,
2505,484304,1.8186,1.0,0.0,0,0.0,,1990,
2506,484400,0.0,0.0,0.0,0,0.0,,1990,
2507,484472,1.9536,1.0,0.0,0,0.0,,1990,
2508,484496,1.872,1.0,0.0,0,0.0,,1990,
2509,484736,1.9423,1.0,0.0,0,0.0,,1990,
2510,484736,1.9255,1.0,0.0,0,0.0,,1990,
2511,484840,1.9367,1.0,0.0,0,0.0,,1990,
2512,484912,1.9283,1.0,0.0,0,0.0,,1990,
2513,484912,1.8805,1.0,0.0,0,0.0,,1990,
2514,484936,1.8734,1.0,0.0,0,0.0,,1990,
2515,485096,1.9564,1.0,0.0,0,0.0,,1990,
2516,485192,1.9213,1.0,0.0,0,0.0,,1990,
2517,485224,1.8172,1.0,0.0,0,0.0,,1990,
2518,485240,1.9761,1.0,0.0,0,0.0,,1990,
2519,485352,1.9241,1.0,0.0,0,0.0,,1990,
2520,485376,1.9691,1.0,0.0,0,0.0,,1990,
2521,485424,1.9156,1.0,0.0,0,0.0,,1990,
2522,485544,1.9719,1.0,0.0,0,0.0,,1990,
2523,485560,1.9452,1.0,0.0,0,0.0,,1990,
2524,485640,1.9508,1.0,0.0,0,0.0,,1990,
2525,485760,1.9423,1.0,0.0,0,0.0,,1990,
2526,485800,1.9564,1.0,0.0,0,0.0,,1990,
2527,485816,1.9564,1.0,0.0,0,0.0,,1990,
2528,486168,1.9395,1.0,0.0,0,0.0,,1990,
2529,486176,1.7483,1.0,0.0,0,0.0,,1990,
2530,486256,1.9213,1.0,0.0,0,0.0,,1990,
2531,486360,1.9691,1.0,0.0,0,0.0,,1990,
2532,486472,1.948,1.0,0.0,0,0.0,,1990,
2533,486520,1.8678,1.0,0.0,0,0.0,,1990,
2534,486656,1.9311,1.0,0.0,0,0.0,,1990,
2535,486856,1.9663,1.0,0.0,0,0.0,,1990,
2536,486912,1.9044,1.0,0.0,0,0.0,,1990,
2537,487192,1.9423,1.0,0.0,0,0.0,,1990,
2538,487344,1.9747,1.0,0.0,0,0.0,,1990,
2539,487512,1.9719,1.0,0.0,0,0.0,,1990,
2540,487592,1.5303,1.0,0.0,0,0.0,,1990,
2541,487672,1.8678,1.0,0.0,0,0.0,,1990,
2542,487736,1.962,1.0,0.0,0,0.0,,1990,
2543,488104,1.723,1.0,0.0,0,0.0,,1990,
2544,488112,0.0,0.0,0.0,0,0.0,,1990,
2545,488120,1.9086,1.0,0.0,0,0.0,,1990,
2546,488184,1.9114,1.0,0.0,0,0.0,,1990,
2547,488272,1.9747,1.0,0.0,0,0.0,,1990,
2548,488352,1.9578,1.0,0.0,0,0.0,,1990,
2549,488544,1.9255,1.0,0.0,0,0.0,,1990,
2550,488608,1.9269,1.0,0.0,0,0.0,,1990,
2551,488624,1.9395,1.0,0.0,0,0.0,,1990,
2552,488648,1.3995,1.0,0.0,0,0.0,,1990,
2553,488680,1.9438,1.0,0.0,0,0.0,,1990,
2554,488744,1.9803,1.0,0.0,0,0.0,,1990,
2555,488856,1.9578,1.0,0.0,0,0.0,,1990,
2556,489096,1.9227,1.0,0.0,0,0.0,,1990,
2557,489104,1.7609,1.0,0.0,0,0.0,,1990,
2558,489112,1.9564,1.0,0.0,0,0.0,,1990,
2559,489184,1.9128,1.0,0.0,0,0.0,,1990,
2560,489336,1.8973,1.0,0.0,0,0.0,,1990,
2561,489344,1.9578,1.0,0.0,0,0.0,,1990,
2562,489360,1.858,1.0,0.0,0,0.0,,1990,
2563,489448,1.9409,1.0,0.0,0,0.0,,1990,
2564,489480,1.9367,1.0,0.0,0,0.0,,1990,
2565,489504,1.9719,1.0,0.0,0,0.0,,1990,
2566,489680,1.9663,1.0,0.0,0,0.0,,1990,
2567,489712,1.955,1.0,0.0,0,0.0,,1990,
2568,489768,1.955,1.0,0.0,0,0.0,,1990,
2569,489888,1.8777,1.0,0.0,0,0.0,,1990,
2570,489896,1.9691,1.0,0.0,0,0.0,,1990,
2571,489992,1.8875,1.0,0.0,0,0.0,,1990,
2572,490040,1.9381,1.0,0.0,0,0.0,,1990,
2573,490096,1.9438,1.0,0.0,0,0.0,,1990,
2574,490152,1.8622,1.0,0.0,0,0.0,,1990,
2575,490264,1.9367,1.0,0.0,0,0.0,,1990,
2576,490376,1.9522,1.0,0.0,0,0.0,,1990,
2577,490392,1.9395,1.0,0.0,0,0.0,,1990,
2578,490408,1.9283,1.0,0.0,0,0.0,,1990,
2579,490408,1.9564,1.0,0.0,0,0.0,,1990,
2580,490424,1.9733,1.0,0.0,0,0.0,,1990,
2581,490520,1.9761,1.0,0.0,0,0.0,,1990,
2582,490752,1.9409,1.0,0.0,0,0.0,,1990,
2583,490768,0.0,0.0,0.0,0,0.0,,1990,
2584,490824,1.9283,1.0,0.0,0,0.0,,1990,
2585,490856,1.8313,1.0,0.0,0,0.0,,1990,
2586,490880,1.9381,1.0,0.0,0,0.0,,1990,
2587,490952,1.9691,1.0,0.0,0,0.0,,1990,
2588,491008,1.8987,1.0,0.0,0,0.0,,1990,
2589,491016,1.8917,1.0,0.0,0,0.0,,1990,
2590,491120,1.9494,1.0,0.0,0,0.0,,1990,
2591,491264,1.9578,1.0,0.0,0,0.0,,1990,
2592,491272,1.9283,1.0,0.0,0,0.0,,1990,
2593,491296,1.9409,1.0,0.0,0,0.0,,1990,
2594,491328,1.9227,1.0,0.0,0,0.0,,1990,
2595,491384,1.955,1.0,0.0,0,0.0,,1990,
2596,491440,1.9255,1.0,0.0,0,0.0,,1990,
2597,491592,1.9438,1.0,0.0,0,0.0,,1990,
2598,491600,0.0,0.0,0.0,0,0.0,,1990,
2599,491616,1.9606,1.0,0.0,0,0.0,,1990,
2600,491648,1.9648,1.0,0.0,0,0.0,,1990,
2601,491776,1.9691,1.0,0.0,0,0.0,,1990,
2602,491984,1.8861,1.0,0.0,0,0.0,,1990,
2603,492000,1.782,1.0,0.0,0,0.0,,1990,
2604,492104,1.9128,1.0,0.0,0,0.0,,1990,
2605,492136,1.9156,1.0,0.0,0,0.0,,1990,
2606,492144,1.9733,1.0,0.0,0,0.0,,1990,
2607,492200,1.9663,1.0,0.0,0,0.0,,1990,
2608,492264,1.9156,1.0,0.0,0,0.0,,1990,
2609,492440,1.9592,1.0,0.0,0,0.0,,1990,
2610,492536,1.7792,1.0,0.0,0,0.0,,1990,
2611,492624,1.9156,1.0,0.0,0,0.0,,1990,
2612,492648,1.9339,1.0,0.0,0,0.0,,1990,
2613,492648,1.9128,1.0,0.0,0,0.0,,1990,
2614,492656,1.9634,1.0,0.0,0,0.0,,1990,
2615,492816,1.9677,1.0,0.0,0,0.0,,1990,
2616,492920,1.9536,1.0,0.0,0,0.0,,1990,
2617,492952,1.9494,1.0,0.0,0,0.0,,1990,
2618,492992,1.8453,1.0,0.0,0,0.0,,1990,
2619,493096,1.9227,1.0,0.0,0,0.0,,1990,
2620,493104,1.9508,1.0,0.0,0,0.0,,1990,
2621,493192,1.9592,1.0,0.0,0,0.0,,1990,
2622,493216,1.9494,1.0,0.0,0,0.0,,1990,
2623,493352,1.9564,1.0,0.0,0,0.0,,1990,
2624,493392,1.9705,1.0,0.0,0,0.0,,1990,
2625,493480,1.8355,1.0,0.0,0,0.0,,1990,
2626,493496,1.6709,1.0,0.0,0,0.0,,1990,
2627,493728,1.872,1.0,0.0,0,0.0,,1990,
2628,493736,1.8903,1.0,0.0,0,0.0,,1990,
2629,493776,1.9494,1.0,0.0,0,0.0,,1990,
2630,493792,1.9494,1.0,0.0,0,0.0,,1990,
2631,493808,1.9283,1.0,0.0,0,0.0,,1990,
2632,493912,1.8748,1.0,0.0,0,0.0,,1990,
2633,494000,1.9677,1.0,0.0,0,0.0,,1990,
2634,494032,1.9494,1.0,0.0,0,0.0,,1990,
2635,494096,1.9367,1.0,0.0,0,0.0,,1990,
2636,494176,1.9311,1.0,0.0,0,0.0,,1990,
2637,494288,1.9508,1.0,0.0,0,0.0,,1990,
2638,494320,1.9297,1.0,0.0,0,0.0,,1990,
2639,494536,1.9578,1.0,0.0,0,0.0,,1990,
2640,494568,1.9184,1.0,0.0,0,0.0,,1990,
2641,494648,1.8509,1.0,0.0,0,0.0,,1990,
2642,494672,1.9395,1.0,0.0,0,0.0,,1990,
2643,494888,1.9634,1.0,0.0,0,0.0,,1990,
2644,494896,1.9438,1.0,0.0,0,0.0,,1990,
2645,494968,1.9452,1.0,0.0,0,0.0,,1990,
2646,495056,1.9733,1.0,0.0,0,0.0,,1990,
2647,495096,1.8144,1.0,0.0,0,0.0,,1990,
2648,495272,1.948,1.0,0.0,0,0.0,,1990,
2649,495344,1.8594,1.0,0.0,0,0.0,,1990,
2650,495440,1.9409,1.0,0.0,0,0.0,,1990,
2651,495720,1.9522,1.0,0.0,0,0.0,,1990,
2652,495760,1.9156,1.0,0.0,0,0.0,,1990,
2653,496064,1.9409,1.0,0.0,0,0.0,,1990,
2654,496104,1.8172,1.0,0.0,0,0.0,,1990,
2655,496344,1.8987,1.0,0.0,0,0.0,,1990,
2656,496424,0.0,0.0,0.0,0,0.0,,1990,
2657,496424,1.9452,1.0,0.0,0,0.0,,1990,
2658,496448,1.9339,1.0,0.0,0,0.0,,1990,
2659,496520,1.9705,1.0,0.0,0,0.0,,1990,
2660,496528,1.7933,1.0,0.0,0,0.0,,1990,
2661,496568,1.9761,1.0,0.0,0,0.0,,1990,
2662,496632,1.9691,1.0,0.0,0,0.0,,1990,
2663,496696,1.9719,1.0,0.0,0,0.0,,1990,
2664,496728,1.9648,1.0,0.0,0,0.0,,1990,
2665,496872,1.948,1.0,0.0,0,0.0,,1990,
2666,496880,1.9213,1.0,0.0,0,0.0,,1990,
2667,496928,1.9606,1.0,0.0,0,0.0,,1990,
2668,496928,1.9663,1.0,0.0,0,0.0,,1990,
2669,496984,1.9395,1.0,0.0,0,0.0,,1990,
2670,497112,1.9592,1.0,0.0,0,0.0,,1990,
2671,497176,1.9578,1.0,0.0,0,0.0,,1990,
2672,497216,1.9423,1.0,0.0,0,0.0,,1990,
2673,497296,1.9466,1.0,0.0,0,0.0,,1990,
2674,497496,1.9663,1.0,0.0,0,0.0,,1990,
2675,497560,1.9227,1.0,0.0,0,0.0,,1990,
2676,497656,1.8734,1.0,0.0,0,0.0,,1990,
2677,497712,1.9142,1.0,0.0,0,0.0,,1990,
2678,497792,1.9775,1.0,0.0,0,0.0,,1990,
2679,497864,1.948,1.0,0.0,0,0.0,,1990,
2680,497920,1.9269,1.0,0.0,0,0.0,,1990,
2681,497936,1.962,1.0,0.0,0,0.0,,1990,
2682,498096,1.9733,1.0,0.0,0,0.0,,1990,
2683,498112,1.9578,1.0,0.0,0,0.0,,1990,
2684,498440,1.9438,1.0,0.0,0,0.0,,1990,
2685,498480,1.0,0.0,0.0,0,0.0,,1990,
2686,498520,1.8959,1.0,0.0,0,0.0,,1990,
2687,498728,1.9578,1.0,0.0,0,0.0,,1990,
2688,498752,1.9606,1.0,0.0,0,0.0,,1990,
2689,498752,1.7244,1.0,0.0,0,0.0,,1990,
2690,498824,1.9339,1.0,0.0,0,0.0,,1990,
2691,498920,1.8566,1.0,0.0,0,0.0,,1990,
2692,498992,1.9592,1.0,0.0,0,0.0,,1990,
2693,499024,1.9536,1.0,0.0,0,0.0,,1990,
2694,499056,1.9438,1.0,0.0,0,0.0,,1990,
2695,499064,1.7778,1.0,0.0,0,0.0,,1990,
2696,499192,1.9719,1.0,0.0,0,0.0,,1990,
2697,499256,1.9255,1.0,0.0,0,0.0,,1990,
2698,499304,0.0,0.0,0.0,0,0.0,,1990,
2699,499312,1.9578,1.0,0.0,0,0.0,,1990,
2700,499416,1.9269,1.0,0.0,0,0.0,,1990,
2701,499472,1.9283,1.0,0.0,0,0.0,,1990,
2702,499520,1.9648,1.0,0.0,0,0.0,,1990,
2703,499600,1.9691,1.0,0.0,0,0.0,,1990,
2704,499656,1.9691,1.0,0.0,0,0.0,,1990,
2705,499688,1.9142,1.0,0.0,0,0.0,,1990,
