episode,global_step,ep_return,success,guided_pct,queries_per_ep,agreement_rate,oracle_correct_rate,oracle_cost,cum_queries,first_unguided_success
1,192,11.7,1.0,0.0,0,,,0.0,0,1
2,3200,-5.0,0.0,0.0,0,,,0.0,0,
3,3200,-4.0,0.0,0.0,0,,,0.0,0,
4,3200,-5.0,0.0,0.0,0,,,0.0,0,
5,3200,-5.0,0.0,0.0,0,,,0.0,0,
6,3200,-4.0,0.0,0.0,0,,,0.0,0,
7,3200,-4.0,0.0,0.0,0,,,0.0,0,
8,3200,-5.0,0.0,0.0,0,,,0.0,0,
9,3200,-5.0,0.0,0.0,0,,,0.0,0,
10,3200,-4.0,0.0,0.0,0,,,0.0,0,
11,3200,-5.0,0.0,0.0,0,,,0.0,0,
12,3200,-5.0,0.0,0.0,0,,,0.0,0,
13,3200,-5.0,0.0,0.0,0,,,0.0,0,
14,3200,-5.0,0.0,0.0,0,,,0.0,0,
15,3200,-5.0,0.0,0.0,0,,,0.0,0,
16,3200,-5.0,0.0,0.0,0,,,0.0,0,
17,3200,-5.0,0.0,0.0,0,,,0.0,0,
18,3200,-5.0,0.0,0.0,0,,,0.0,0,
19,3200,-5.0,0.0,0.0,0,,,0.0,0,
20,3200,-5.0,0.0,0.0,0,,,0.0,0,
21,3200,-5.0,0.0,0.0,0,,,0.0,0,
22,3200,-5.0,0.0,0.0,0,,,0.0,0,
23,3200,-5.0,0.0,0.0,0,,,0.0,0,
24,3200,-5.0,0.0,0.0,0,,,0.0,0,
25,3200,-5.0,0.0,0.0,0,,,0.0,0,
26,3200,-5.0,0.0,0.0,0,,,0.0,0,
27,3200,-5.0,0.0,0.0,0,,,0.0,0,
28,3200,-5.0,0.0,0.0,0,,,0.0,0,
29,3200,-5.0,0.0,0.0,0,,,0.0,0,
30,3200,-5.0,0.0,0.0,0,,,0.0,0,
31,3200,-4.0,0.0,0.0,0,,,0.0,0,
32,3200,-5.0,0.0,0.0,0,,,0.0,0,
33,3200,-5.0,0.0,0.0,0,,,0.0,0,
34,3200,-5.0,0.0,0.0,0,,,0.0,0,
35,3200,-5.0,0.0,0.0,0,,,0.0,0,
36,3200,-5.0,0.0,0.0,0,,,0.0,0,
37,3200,-5.0,0.0,0.0,0,,,0.0,0,
38,3200,-5.0,0.0,0.0,0,,,0.0,0,
39,3200,-5.0,0.0,0.0,0,,,0.0,0,
40,3200,-5.0,0.0,0.0,0,,,0.0,0,
41,3200,-5.0,0.0,0.0,0,,,0.0,0,
42,3200,-5.0,0.0,0.0,0,,,0.0,0,
43,3200,-4.0,0.0,0.0,0,,,0.0,0,
44,3200,-5.0,0.0,0.0,0,,,0.0,0,
45,3200,-4.0,0.0,0.0,0,,,0.0,0,
46,3200,-5.0,0.0,0.0,0,,,0.0,0,
47,3200,-5.0,0.0,0.0,0,,,0.0,0,
48,3200,-5.0,0.0,0.0,0,,,0.0,0,
49,3200,-5.0,0.0,0.0,0,,,0.0,0,
50,3200,-4.0,0.0,0.0,0,,,0.0,0,
51,3200,-5.0,0.0,0.0,0,,,0.0,0,
52,3200,-5.0,0.0,0.0,0,,,0.0,0,
53,3200,-5.0,0.0,0.0,0,,,0.0,0,
54,3200,-4.0,0.0,0.0,0,,,0.0,0,
55,3200,-4.0,0.0,0.0,0,,,0.0,0,
56,3200,-5.0,0.0,0.0,0,,,0.0,0,
57,3200,-5.0,0.0,0.0,0,,,0.0,0,
58,3200,-5.0,0.0,0.0,0,,,0.0,0,
59,3200,-5.0,0.0,0.0,0,,,0.0,0,
60,3200,-5.0,0.0,0.0,0,,,0.0,0,
61,3200,-5.0,0.0,0.0,0,,,0.0,0,
62,3200,-5.0,0.0,0.0,0,,,0.0,0,
63,3200,-5.0,0.0,0.0,0,,,0.0,0,
64,3200,-5.0,0.0,0.0,0,,,0.0,0,
65,3456,-5.0,0.0,0.0,0,,,0.0,0,
66,6464,-5.0,0.0,0.0,0,,,0.0,0,
67,6464,-4.0,0.0,0.0,0,,,0.0,0,
68,6464,-4.0,0.0,0.0,0,,,0.0,0,
69,6464,-4.0,0.0,0.0,0,,,0.0,0,
70,6464,-4.0,0.0,0.0,0,,,0.0,0,
71,6464,-5.0,0.0,0.0,0,,,0.0,0,
72,6464,-5.0,0.0,0.0,0,,,0.0,0,
73,6464,-5.0,0.0,0.0,0,,,0.0,0,
74,6464,-5.0,0.0,0.0,0,,,0.0,0,
75,6464,-4.0,0.0,0.0,0,,,0.0,0,
76,6464,-5.0,0.0,0.0,0,,,0.0,0,
77,6464,-5.0,0.0,0.0,0,,,0.0,0,
78,6464,-4.0,0.0,0.0,0,,,0.0,0,
79,6464,-5.0,0.0,0.0,0,,,0.0,0,
80,6464,-5.0,0.0,0.0,0,,,0.0,0,
81,6464,-4.0,0.0,0.0,0,,,0.0,0,
82,6464,-5.0,0.0,0.0,0,,,0.0,0,
83,6464,-5.0,0.0,0.0,0,,,0.0,0,
84,6464,-5.0,0.0,0.0,0,,,0.0,0,
85,6464,-5.0,0.0,0.0,0,,,0.0,0,
86,6464,-5.0,0.0,0.0,0,,,0.0,0,
87,6464,-4.0,0.0,0.0,0,,,0.0,0,
88,6464,-5.0,0.0,0.0,0,,,0.0,0,
89,6464,-4.0,0.0,0.0,0,,,0.0,0,
90,6464,-5.0,0.0,0.0,0,,,0.0,0,
91,6464,-5.0,0.0,0.0,0,,,0.0,0,
92,6464,-4.0,0.0,0.0,0,,,0.0,0,
93,6464,-5.0,0.0,0.0,0,,,0.0,0,
94,6464,-5.0,0.0,0.0,0,,,0.0,0,
95,6464,-5.0,0.0,0.0,0,,,0.0,0,
96,6464,-5.0,0.0,0.0,0,,,0.0,0,
97,6464,-4.0,0.0,0.0,0,,,0.0,0,
98,6464,-4.0,0.0,0.0,0,,,0.0,0,
99,6464,-5.0,0.0,0.0,0,,,0.0,0,
100,6464,-5.0,0.0,0.0,0,,,0.0,0,
101,6464,-4.0,0.0,0.0,0,,,0.0,0,
102,6464,-5.0,0.0,0.0,0,,,0.0,0,
103,6464,-5.0,0.0,0.0,0,,,0.0,0,
104,6464,-5.0,0.0,0.0,0,,,0.0,0,
105,6464,-5.0,0.0,0.0,0,,,0.0,0,
106,6464,-5.0,0.0,0.0,0,,,0.0,0,
107,6464,-5.0,0.0,0.0,0,,,0.0,0,
108,6464,-4.0,0.0,0.0,0,,,0.0,0,
109,6464,-5.0,0.0,0.0,0,,,0.0,0,
110,6464,-5.0,0.0,0.0,0,,,0.0,0,
111,6464,-5.0,0.0,0.0,0,,,0.0,0,
112,6464,-5.0,0.0,0.0,0,,,0.0,0,
113,6464,-5.0,0.0,0.0,0,,,0.0,0,
114,6464,-5.0,0.0,0.0,0,,,0.0,0,
115,6464,-4.0,0.0,0.0,0,,,0.0,0,
116,6464,-5.0,0.0,0.0,0,,,0.0,0,
117,6464,-4.0,0.0,0.0,0,,,0.0,0,
118,6464,-5.0,0.0,0.0,0,,,0.0,0,
119,6464,-5.0,0.0,0.0,0,,,0.0,0,
120,6464,-5.0,0.0,0.0,0,,,0.0,0,
121,6464,-5.0,0.0,0.0,0,,,0.0,0,
122,6464,-4.0,0.0,0.0,0,,,0.0,0,
123,6464,-5.0,0.0,0.0,0,,,0.0,0,
124,6464,-4.0,0.0,0.0,0,,,0.0,0,
125,6464,-5.0,0.0,0.0,0,,,0.0,0,
126,6464,-5.0,0.0,0.0,0,,,0.0,0,
127,6464,-5.0,0.0,0.0,0,,,0.0,0,
128,6464,-5.0,0.0,0.0,0,,,0.0,0,
129,6720,-5.0,0.0,0.0,0,,,0.0,0,
130,7232,10.9,1.0,0.0,0,,,0.0,0,
131,7616,10.3,1.0,0.0,0,,,0.0,0,
132,9664,7.1,1.0,0.0,0,,,0.0,0,
133,9728,-5.0,0.0,0.0,0,,,0.0,0,
134,9728,-5.0,0.0,0.0,0,,,0.0,0,
135,9728,-4.0,0.0,0.0,0,,,0.0,0,
136,9728,-4.0,0.0,0.0,0,,,0.0,0,
137,9728,-5.0,0.0,0.0,0,,,0.0,0,
138,9728,-5.0,0.0,0.0,0,,,0.0,0,
139,9728,-5.0,0.0,0.0,0,,,0.0,0,
140,9728,-5.0,0.0,0.0,0,,,0.0,0,
141,9728,-5.0,0.0,0.0,0,,,0.0,0,
142,9728,-5.0,0.0,0.0,0,,,0.0,0,
143,9728,-5.0,0.0,0.0,0,,,0.0,0,
144,9728,-5.0,0.0,0.0,0,,,0.0,0,
145,9728,-5.0,0.0,0.0,0,,,0.0,0,
146,9728,-5.0,0.0,0.0,0,,,0.0,0,
147,9728,-5.0,0.0,0.0,0,,,0.0,0,
148,9728,-4.0,0.0,0.0,0,,,0.0,0,
149,9728,-4.0,0.0,0.0,0,,,0.0,0,
150,9728,-5.0,0.0,0.0,0,,,0.0,0,
151,9728,-5.0,0.0,0.0,0,,,0.0,0,
152,9728,-5.0,0.0,0.0,0,,,0.0,0,
153,9728,-5.0,0.0,0.0,0,,,0.0,0,
154,9728,-5.0,0.0,0.0,0,,,0.0,0,
155,9728,-5.0,0.0,0.0,0,,,0.0,0,
156,9728,-5.0,0.0,0.0,0,,,0.0,0,
157,9728,-4.0,0.0,0.0,0,,,0.0,0,
158,9728,-5.0,0.0,0.0,0,,,0.0,0,
159,9728,-4.0,0.0,0.0,0,,,0.0,0,
160,9728,-5.0,0.0,0.0,0,,,0.0,0,
161,9728,-5.0,0.0,0.0,0,,,0.0,0,
162,9728,-5.0,0.0,0.0,0,,,0.0,0,
163,9728,-5.0,0.0,0.0,0,,,0.0,0,
164,9728,-5.0,0.0,0.0,0,,,0.0,0,
165,9728,-4.0,0.0,0.0,0,,,0.0,0,
166,9728,-5.0,0.0,0.0,0,,,0.0,0,
167,9728,-5.0,0.0,0.0,0,,,0.0,0,
168,9728,-5.0,0.0,0.0,0,,,0.0,0,
169,9728,-5.0,0.0,0.0,0,,,0.0,0,
170,9728,-5.0,0.0,0.0,0,,,0.0,0,
171,9728,-5.0,0.0,0.0,0,,,0.0,0,
172,9728,-4.0,0.0,0.0,0,,,0.0,0,
173,9728,-5.0,0.0,0.0,0,,,0.0,0,
174,9728,-5.0,0.0,0.0,0,,,0.0,0,
175,9728,-4.0,0.0,0.0,0,,,0.0,0,
176,9728,-5.0,0.0,0.0,0,,,0.0,0,
177,9728,-5.0,0.0,0.0,0,,,0.0,0,
178,9728,-4.0,0.0,0.0,0,,,0.0,0,
179,9728,-5.0,0.0,0.0,0,,,0.0,0,
180,9728,-5.0,0.0,0.0,0,,,0.0,0,
181,9728,-4.0,0.0,0.0,0,,,0.0,0,
182,9728,-5.0,0.0,0.0,0,,,0.0,0,
183,9728,-5.0,0.0,0.0,0,,,0.0,0,
184,9728,-5.0,0.0,0.0,0,,,0.0,0,
185,9728,-5.0,0.0,0.0,0,,,0.0,0,
186,9728,-4.0,0.0,0.0,0,,,0.0,0,
187,9728,-4.0,0.0,0.0,0,,,0.0,0,
188,9728,-5.0,0.0,0.0,0,,,0.0,0,
189,9728,-5.0,0.0,0.0,0,,,0.0,0,
190,9728,-5.0,0.0,0.0,0,,,0.0,0,
191,9728,-5.0,0.0,0.0,0,,,0.0,0,
192,9728,-5.0,0.0,0.0,0,,,0.0,0,
193,9984,-5.0,0.0,0.0,0,,,0.0,0,
194,10368,11.1,1.0,0.0,0,,,0.0,0,
195,10496,-5.0,0.0,0.0,0,,,0.0,0,
196,10560,10.8,1.0,0.0,0,,,0.0,0,
197,10880,-5.0,0.0,0.0,0,,,0.0,0,
198,11776,8.9,1.0,0.0,0,,,0.0,0,
199,12544,7.7,1.0,0.0,0,,,0.0,0,
200,12544,7.7,1.0,0.0,0,,,0.0,0,
201,12672,7.5,1.0,0.0,0,,,0.0,0,
202,12928,-4.0,0.0,0.0,0,,,0.0,0,
203,12992,-5.0,0.0,0.0,0,,,0.0,0,
204,12992,-5.0,0.0,0.0,0,,,0.0,0,
205,12992,-5.0,0.0,0.0,0,,,0.0,0,
206,12992,-5.0,0.0,0.0,0,,,0.0,0,
207,12992,-5.0,0.0,0.0,0,,,0.0,0,
208,12992,-5.0,0.0,0.0,0,,,0.0,0,
209,12992,-5.0,0.0,0.0,0,,,0.0,0,
210,12992,-5.0,0.0,0.0,0,,,0.0,0,
211,12992,-5.0,0.0,0.0,0,,,0.0,0,
212,12992,-5.0,0.0,0.0,0,,,0.0,0,
213,12992,-4.0,0.0,0.0,0,,,0.0,0,
214,12992,-5.0,0.0,0.0,0,,,0.0,0,
215,12992,-4.0,0.0,0.0,0,,,0.0,0,
216,12992,-4.0,0.0,0.0,0,,,0.0,0,
217,12992,-5.0,0.0,0.0,0,,,0.0,0,
218,12992,-5.0,0.0,0.0,0,,,0.0,0,
219,12992,-5.0,0.0,0.0,0,,,0.0,0,
220,12992,-5.0,0.0,0.0,0,,,0.0,0,
221,12992,-4.0,0.0,0.0,0,,,0.0,0,
222,12992,-5.0,0.0,0.0,0,,,0.0,0,
223,12992,-5.0,0.0,0.0,0,,,0.0,0,
224,12992,-5.0,0.0,0.0,0,,,0.0,0,
225,12992,-5.0,0.0,0.0,0,,,0.0,0,
226,12992,-5.0,0.0,0.0,0,,,0.0,0,
227,12992,-5.0,0.0,0.0,0,,,0.0,0,
228,12992,-5.0,0.0,0.0,0,,,0.0,0,
229,12992,-5.0,0.0,0.0,0,,,0.0,0,
230,12992,-5.0,0.0,0.0,0,,,0.0,0,
231,12992,-5.0,0.0,0.0,0,,,0.0,0,
232,12992,-5.0,0.0,0.0,0,,,0.0,0,
233,12992,-5.0,0.0,0.0,0,,,0.0,0,
234,12992,-5.0,0.0,0.0,0,,,0.0,0,
235,12992,-5.0,0.0,0.0,0,,,0.0,0,
236,12992,-5.0,0.0,0.0,0,,,0.0,0,
237,12992,-5.0,0.0,0.0,0,,,0.0,0,
238,12992,-5.0,0.0,0.0,0,,,0.0,0,
239,12992,-5.0,0.0,0.0,0,,,0.0,0,
240,12992,-5.0,0.0,0.0,0,,,0.0,0,
241,12992,-5.0,0.0,0.0,0,,,0.0,0,
242,12992,-5.0,0.0,0.0,0,,,0.0,0,
243,12992,-5.0,0.0,0.0,0,,,0.0,0,
244,12992,-5.0,0.0,0.0,0,,,0.0,0,
245,12992,-5.0,0.0,0.0,0,,,0.0,0,
246,12992,-5.0,0.0,0.0,0,,,0.0,0,
247,12992,-4.0,0.0,0.0,0,,,0.0,0,
248,12992,-4.0,0.0,0.0,0,,,0.0,0,
249,12992,-5.0,0.0,0.0,0,,,0.0,0,
250,12992,-5.0,0.0,0.0,0,,,0.0,0,
251,12992,-5.0,0.0,0.0,0,,,0.0,0,
252,12992,-5.0,0.0,0.0,0,,,0.0,0,
253,12992,-5.0,0.0,0.0,0,,,0.0,0,
254,12992,-5.0,0.0,0.0,0,,,0.0,0,
255,12992,-5.0,0.0,0.0,0,,,0.0,0,
256,12992,-4.0,0.0,0.0,0,,,0.0,0,
257,13248,-5.0,0.0,0.0,0,,,0.0,0,
258,13632,-5.0,0.0,0.0,0,,,0.0,0,
259,13760,-5.0,0.0,0.0,0,,,0.0,0,
260,13824,-5.0,0.0,0.0,0,,,0.0,0,
261,14144,-5.0,0.0,0.0,0,,,0.0,0,
262,14464,11.0,1.0,0.0,0,,,0.0,0,
263,15040,-5.0,0.0,0.0,0,,,0.0,0,
264,15296,8.5,1.0,0.0,0,,,0.0,0,
265,15424,8.3,1.0,0.0,0,,,0.0,0,
266,15808,-5.0,0.0,0.0,0,,,0.0,0,
267,15808,-5.0,0.0,0.0,0,,,0.0,0,
268,15936,-5.0,0.0,0.0,0,,,0.0,0,
269,16192,-5.0,0.0,0.0,0,,,0.0,0,
270,16256,-4.0,0.0,0.0,0,,,0.0,0,
271,16256,-5.0,0.0,0.0,0,,,0.0,0,
272,16256,-4.0,0.0,0.0,0,,,0.0,0,
273,16256,-5.0,0.0,0.0,0,,,0.0,0,
274,16256,-5.0,0.0,0.0,0,,,0.0,0,
275,16256,-5.0,0.0,0.0,0,,,0.0,0,
276,16256,-5.0,0.0,0.0,0,,,0.0,0,
277,16256,-5.0,0.0,0.0,0,,,0.0,0,
278,16256,-5.0,0.0,0.0,0,,,0.0,0,
279,16256,-4.0,0.0,0.0,0,,,0.0,0,
280,16256,-5.0,0.0,0.0,0,,,0.0,0,
281,16256,-5.0,0.0,0.0,0,,,0.0,0,
282,16256,-5.0,0.0,0.0,0,,,0.0,0,
283,16256,-5.0,0.0,0.0,0,,,0.0,0,
284,16256,-5.0,0.0,0.0,0,,,0.0,0,
285,16256,-5.0,0.0,0.0,0,,,0.0,0,
286,16256,-5.0,0.0,0.0,0,,,0.0,0,
287,16256,-5.0,0.0,0.0,0,,,0.0,0,
288,16256,-5.0,0.0,0.0,0,,,0.0,0,
289,16256,-5.0,0.0,0.0,0,,,0.0,0,
290,16256,-4.0,0.0,0.0,0,,,0.0,0,
291,16256,-5.0,0.0,0.0,0,,,0.0,0,
292,16256,-4.0,0.0,0.0,0,,,0.0,0,
293,16256,-5.0,0.0,0.0,0,,,0.0,0,
294,16256,-5.0,0.0,0.0,0,,,0.0,0,
295,16256,-4.0,0.0,0.0,0,,,0.0,0,
296,16256,-5.0,0.0,0.0,0,,,0.0,0,
297,16256,-5.0,0.0,0.0,0,,,0.0,0,
298,16256,-5.0,0.0,0.0,0,,,0.0,0,
299,16256,-4.0,0.0,0.0,0,,,0.0,0,
300,16256,-5.0,0.0,0.0,0,,,0.0,0,
301,16256,-5.0,0.0,0.0,0,,,0.0,0,
302,16256,-5.0,0.0,0.0,0,,,0.0,0,
303,16256,-5.0,0.0,0.0,0,,,0.0,0,
304,16256,-5.0,0.0,0.0,0,,,0.0,0,
305,16256,-5.0,0.0,0.0,0,,,0.0,0,
306,16256,-5.0,0.0,0.0,0,,,0.0,0,
307,16256,-5.0,0.0,0.0,0,,,0.0,0,
308,16256,-4.0,0.0,0.0,0,,,0.0,0,
309,16256,-5.0,0.0,0.0,0,,,0.0,0,
310,16256,-5.0,0.0,0.0,0,,,0.0,0,
311,16256,-5.0,0.0,0.0,0,,,0.0,0,
312,16256,-5.0,0.0,0.0,0,,,0.0,0,
313,16256,-5.0,0.0,0.0,0,,,0.0,0,
314,16256,-5.0,0.0,0.0,0,,,0.0,0,
315,16256,-5.0,0.0,0.0,0,,,0.0,0,
316,16256,-4.0,0.0,0.0,0,,,0.0,0,
317,16256,-5.0,0.0,0.0,0,,,0.0,0,
318,16256,-5.0,0.0,0.0,0,,,0.0,0,
319,16256,-4.0,0.0,0.0,0,,,0.0,0,
320,16256,-5.0,0.0,0.0,0,,,0.0,0,
321,16256,-5.0,0.0,0.0,0,,,0.0,0,
322,16512,-5.0,0.0,0.0,0,,,0.0,0,
323,16896,-5.0,0.0,0.0,0,,,0.0,0,
324,16960,11.0,1.0,0.0,0,,,0.0,0,
325,17088,-4.0,0.0,0.0,0,,,0.0,0,
326,17408,-5.0,0.0,0.0,0,,,0.0,0,
327,17664,9.9,1.0,0.0,0,,,0.0,0,
328,17728,-5.0,0.0,0.0,0,,,0.0,0,
329,18304,-5.0,0.0,0.0,0,,,0.0,0,
330,18560,8.5,1.0,0.0,0,,,0.0,0,
331,18560,-4.0,0.0,0.0,0,,,0.0,0,
332,18688,-5.0,0.0,0.0,0,,,0.0,0,
333,18944,7.9,1.0,0.0,0,,,0.0,0,
334,19072,-4.0,0.0,0.0,0,,,0.0,0,
335,19072,-4.0,0.0,0.0,0,,,0.0,0,
336,19200,-5.0,0.0,0.0,0,,,0.0,0,
337,19456,-5.0,0.0,0.0,0,,,0.0,0,
338,19520,-5.0,0.0,0.0,0,,,0.0,0,
339,19520,-5.0,0.0,0.0,0,,,0.0,0,
340,19520,-5.0,0.0,0.0,0,,,0.0,0,
341,19520,-5.0,0.0,0.0,0,,,0.0,0,
342,19520,-5.0,0.0,0.0,0,,,0.0,0,
343,19520,-5.0,0.0,0.0,0,,,0.0,0,
344,19520,-5.0,0.0,0.0,0,,,0.0,0,
345,19520,-4.0,0.0,0.0,0,,,0.0,0,
346,19520,-4.0,0.0,0.0,0,,,0.0,0,
347,19520,-5.0,0.0,0.0,0,,,0.0,0,
348,19520,-5.0,0.0,0.0,0,,,0.0,0,
349,19520,-5.0,0.0,0.0,0,,,0.0,0,
350,19520,-5.0,0.0,0.0,0,,,0.0,0,
351,19520,-5.0,0.0,0.0,0,,,0.0,0,
352,19520,-4.0,0.0,0.0,0,,,0.0,0,
353,19520,-5.0,0.0,0.0,0,,,0.0,0,
354,19520,-5.0,0.0,0.0,0,,,0.0,0,
355,19520,-5.0,0.0,0.0,0,,,0.0,0,
356,19520,-5.0,0.0,0.0,0,,,0.0,0,
357,19520,-5.0,0.0,0.0,0,,,0.0,0,
358,19520,-5.0,0.0,0.0,0,,,0.0,0,
359,19520,-5.0,0.0,0.0,0,,,0.0,0,
360,19520,-5.0,0.0,0.0,0,,,0.0,0,
361,19520,-4.0,0.0,0.0,0,,,0.0,0,
362,19520,-5.0,0.0,0.0,0,,,0.0,0,
363,19520,-4.0,0.0,0.0,0,,,0.0,0,
364,19520,-5.0,0.0,0.0,0,,,0.0,0,
365,19520,-5.0,0.0,0.0,0,,,0.0,0,
366,19520,-4.0,0.0,0.0,0,,,0.0,0,
367,19520,-5.0,0.0,0.0,0,,,0.0,0,
368,19520,-5.0,0.0,0.0,0,,,0.0,0,
369,19520,-5.0,0.0,0.0,0,,,0.0,0,
370,19520,-4.0,0.0,0.0,0,,,0.0,0,
371,19520,-4.0,0.0,0.0,0,,,0.0,0,
372,19520,-5.0,0.0,0.0,0,,,0.0,0,
373,19520,-5.0,0.0,0.0,0,,,0.0,0,
374,19520,-4.0,0.0,0.0,0,,,0.0,0,
375,19520,-4.0,0.0,0.0,0,,,0.0,0,
376,19520,-5.0,0.0,0.0,0,,,0.0,0,
377,19520,-5.0,0.0,0.0,0,,,0.0,0,
378,19520,-5.0,0.0,0.0,0,,,0.0,0,
379,19520,-4.0,0.0,0.0,0,,,0.0,0,
380,19520,-5.0,0.0,0.0,0,,,0.0,0,
381,19520,-5.0,0.0,0.0,0,,,0.0,0,
382,19520,-4.0,0.0,0.0,0,,,0.0,0,
383,19520,-5.0,0.0,0.0,0,,,0.0,0,
384,19520,-5.0,0.0,0.0,0,,,0.0,0,
385,19520,-5.0,0.0,0.0,0,,,0.0,0,
386,19776,-4.0,0.0,0.0,0,,,0.0,0,
387,20160,-5.0,0.0,0.0,0,,,0.0,0,
388,20224,-5.0,0.0,0.0,0,,,0.0,0,
389,20352,-5.0,0.0,0.0,0,,,0.0,0,
390,20672,-5.0,0.0,0.0,0,,,0.0,0,
391,20928,-5.0,0.0,0.0,0,,,0.0,0,
392,20992,-5.0,0.0,0.0,0,,,0.0,0,
393,21120,9.6,1.0,0.0,0,,,0.0,0,
394,21568,-4.0,0.0,0.0,0,,,0.0,0,
395,21824,-4.0,0.0,0.0,0,,,0.0,0,
396,21824,-5.0,0.0,0.0,0,,,0.0,0,
397,21952,-4.0,0.0,0.0,0,,,0.0,0,
398,22208,-5.0,0.0,0.0,0,,,0.0,0,
399,22336,-5.0,0.0,0.0,0,,,0.0,0,
400,22336,-5.0,0.0,0.0,0,,,0.0,0,
401,22464,-4.0,0.0,0.0,0,,,0.0,0,
402,22720,-4.0,0.0,0.0,0,,,0.0,0,
403,22784,-5.0,0.0,0.0,0,,,0.0,0,
404,22784,-5.0,0.0,0.0,0,,,0.0,0,
405,22784,-5.0,0.0,0.0,0,,,0.0,0,
406,22784,-5.0,0.0,0.0,0,,,0.0,0,
407,22784,-4.0,0.0,0.0,0,,,0.0,0,
408,22784,-4.0,0.0,0.0,0,,,0.0,0,
409,22784,-5.0,0.0,0.0,0,,,0.0,0,
410,22784,-4.0,0.0,0.0,0,,,0.0,0,
411,22784,-5.0,0.0,0.0,0,,,0.0,0,
412,22784,-5.0,0.0,0.0,0,,,0.0,0,
413,22784,-5.0,0.0,0.0,0,,,0.0,0,
414,22784,-5.0,0.0,0.0,0,,,0.0,0,
415,22784,-5.0,0.0,0.0,0,,,0.0,0,
416,22784,-5.0,0.0,0.0,0,,,0.0,0,
417,22784,-5.0,0.0,0.0,0,,,0.0,0,
418,22784,-5.0,0.0,0.0,0,,,0.0,0,
419,22784,-5.0,0.0,0.0,0,,,0.0,0,
420,22784,-5.0,0.0,0.0,0,,,0.0,0,
421,22784,-5.0,0.0,0.0,0,,,0.0,0,
422,22784,-5.0,0.0,0.0,0,,,0.0,0,
423,22784,-5.0,0.0,0.0,0,,,0.0,0,
424,22784,-5.0,0.0,0.0,0,,,0.0,0,
425,22784,-5.0,0.0,0.0,0,,,0.0,0,
426,22784,-5.0,0.0,0.0,0,,,0.0,0,
427,22784,-4.0,0.0,0.0,0,,,0.0,0,
428,22784,-5.0,0.0,0.0,0,,,0.0,0,
429,22784,-4.0,0.0,0.0,0,,,0.0,0,
430,22784,-4.0,0.0,0.0,0,,,0.0,0,
431,22784,-4.0,0.0,0.0,0,,,0.0,0,
432,22784,-5.0,0.0,0.0,0,,,0.0,0,
433,22784,-5.0,0.0,0.0,0,,,0.0,0,
434,22784,-5.0,0.0,0.0,0,,,0.0,0,
435,22784,-5.0,0.0,0.0,0,,,0.0,0,
436,22784,-5.0,0.0,0.0,0,,,0.0,0,
437,22784,-4.0,0.0,0.0,0,,,0.0,0,
438,22784,-5.0,0.0,0.0,0,,,0.0,0,
439,22784,-5.0,0.0,0.0,0,,,0.0,0,
440,22784,-5.0,0.0,0.0,0,,,0.0,0,
441,22784,-5.0,0.0,0.0,0,,,0.0,0,
442,22784,-5.0,0.0,0.0,0,,,0.0,0,
443,22784,-5.0,0.0,0.0,0,,,0.0,0,
444,22784,-5.0,0.0,0.0,0,,,0.0,0,
445,22784,-5.0,0.0,0.0,0,,,0.0,0,
446,22784,-5.0,0.0,0.0,0,,,0.0,0,
447,22784,-5.0,0.0,0.0,0,,,0.0,0,
448,22784,-5.0,0.0,0.0,0,,,0.0,0,
449,22784,-5.0,0.0,0.0,0,,,0.0,0,
450,23040,-5.0,0.0,0.0,0,,,0.0,0,
451,23424,-5.0,0.0,0.0,0,,,0.0,0,
452,23488,-5.0,0.0,0.0,0,,,0.0,0,
453,23552,10.9,1.0,0.0,0,,,0.0,0,
454,23616,-5.0,0.0,0.0,0,,,0.0,0,
455,23680,10.7,1.0,0.0,0,,,0.0,0,
456,23936,-5.0,0.0,0.0,0,,,0.0,0,
457,24192,-5.0,0.0,0.0,0,,,0.0,0,
458,24256,-5.0,0.0,0.0,0,,,0.0,0,
459,24384,-5.0,0.0,0.0,0,,,0.0,0,
460,24832,-5.0,0.0,0.0,0,,,0.0,0,
461,25088,-4.0,0.0,0.0,0,,,0.0,0,
462,25088,-4.0,0.0,0.0,0,,,0.0,0,
463,25216,-4.0,0.0,0.0,0,,,0.0,0,
464,25472,-5.0,0.0,0.0,0,,,0.0,0,
465,25600,-5.0,0.0,0.0,0,,,0.0,0,
466,25600,-4.0,0.0,0.0,0,,,0.0,0,
467,25728,-5.0,0.0,0.0,0,,,0.0,0,
468,25984,-5.0,0.0,0.0,0,,,0.0,0,
469,26048,-5.0,0.0,0.0,0,,,0.0,0,
470,26048,-5.0,0.0,0.0,0,,,0.0,0,
471,26048,-5.0,0.0,0.0,0,,,0.0,0,
472,26048,-5.0,0.0,0.0,0,,,0.0,0,
473,26048,-4.0,0.0,0.0,0,,,0.0,0,
474,26048,-4.0,0.0,0.0,0,,,0.0,0,
475,26048,-5.0,0.0,0.0,0,,,0.0,0,
476,26048,-5.0,0.0,0.0,0,,,0.0,0,
477,26048,-5.0,0.0,0.0,0,,,0.0,0,
478,26048,-5.0,0.0,0.0,0,,,0.0,0,
479,26048,-4.0,0.0,0.0,0,,,0.0,0,
480,26048,-5.0,0.0,0.0,0,,,0.0,0,
481,26048,-5.0,0.0,0.0,0,,,0.0,0,
482,26048,-5.0,0.0,0.0,0,,,0.0,0,
483,26048,-4.0,0.0,0.0,0,,,0.0,0,
484,26048,-4.0,0.0,0.0,0,,,0.0,0,
485,26048,-5.0,0.0,0.0,0,,,0.0,0,
486,26048,-4.0,0.0,0.0,0,,,0.0,0,
487,26048,-5.0,0.0,0.0,0,,,0.0,0,
488,26048,-5.0,0.0,0.0,0,,,0.0,0,
489,26048,-4.0,0.0,0.0,0,,,0.0,0,
490,26048,-5.0,0.0,0.0,0,,,0.0,0,
491,26048,-5.0,0.0,0.0,0,,,0.0,0,
492,26048,-5.0,0.0,0.0,0,,,0.0,0,
493,26048,-5.0,0.0,0.0,0,,,0.0,0,
494,26048,-5.0,0.0,0.0,0,,,0.0,0,
495,26048,-5.0,0.0,0.0,0,,,0.0,0,
496,26048,-4.0,0.0,0.0,0,,,0.0,0,
497,26048,-5.0,0.0,0.0,0,,,0.0,0,
498,26048,-5.0,0.0,0.0,0,,,0.0,0,
499,26048,-5.0,0.0,0.0,0,,,0.0,0,
500,26048,-5.0,0.0,0.0,0,,,0.0,0,
501,26048,-5.0,0.0,0.0,0,,,0.0,0,
502,26048,-5.0,0.0,0.0,0,,,0.0,0,
503,26048,-5.0,0.0,0.0,0,,,0.0,0,
504,26048,-5.0,0.0,0.0,0,,,0.0,0,
505,26048,-5.0,0.0,0.0,0,,,0.0,0,
506,26048,-5.0,0.0,0.0,0,,,0.0,0,
507,26048,-5.0,0.0,0.0,0,,,0.0,0,
508,26048,-4.0,0.0,0.0,0,,,0.0,0,
509,26048,-4.0,0.0,0.0,0,,,0.0,0,
510,26048,-5.0,0.0,0.0,0,,,0.0,0,
511,26048,-5.0,0.0,0.0,0,,,0.0,0,
512,26048,-5.0,0.0,0.0,0,,,0.0,0,
513,26048,-5.0,0.0,0.0,0,,,0.0,0,
514,26304,-5.0,0.0,0.0,0,,,0.0,0,
515,26560,7.2,1.0,0.0,0,,,0.0,0,
516,26752,-5.0,0.0,0.0,0,,,0.0,0,
517,26752,11.0,1.0,0.0,0,,,0.0,0,
518,26816,10.9,1.0,0.0,0,,,0.0,0,
519,26816,-5.0,0.0,0.0,0,,,0.0,0,
520,26880,-5.0,0.0,0.0,0,,,0.0,0,
521,26944,-5.0,0.0,0.0,0,,,0.0,0,
522,27200,-5.0,0.0,0.0,0,,,0.0,0,
523,27456,-5.0,0.0,0.0,0,,,0.0,0,
524,27520,-5.0,0.0,0.0,0,,,0.0,0,
525,27648,-5.0,0.0,0.0,0,,,0.0,0,
526,28096,-4.0,0.0,0.0,0,,,0.0,0,
527,28288,8.6,1.0,0.0,0,,,0.0,0,
528,28352,-5.0,0.0,0.0,0,,,0.0,0,
529,28352,-5.0,0.0,0.0,0,,,0.0,0,
530,28480,-5.0,0.0,0.0,0,,,0.0,0,
531,28736,-5.0,0.0,0.0,0,,,0.0,0,
532,28864,-5.0,0.0,0.0,0,,,0.0,0,
533,28864,-5.0,0.0,0.0,0,,,0.0,0,
534,28992,-5.0,0.0,0.0,0,,,0.0,0,
535,29248,-5.0,0.0,0.0,0,,,0.0,0,
536,29312,-5.0,0.0,0.0,0,,,0.0,0,
537,29312,-5.0,0.0,0.0,0,,,0.0,0,
538,29312,-5.0,0.0,0.0,0,,,0.0,0,
539,29312,-4.0,0.0,0.0,0,,,0.0,0,
540,29312,-4.0,0.0,0.0,0,,,0.0,0,
541,29312,-5.0,0.0,0.0,0,,,0.0,0,
542,29312,-4.0,0.0,0.0,0,,,0.0,0,
543,29312,-5.0,0.0,0.0,0,,,0.0,0,
544,29312,-5.0,0.0,0.0,0,,,0.0,0,
545,29312,-4.0,0.0,0.0,0,,,0.0,0,
546,29312,-5.0,0.0,0.0,0,,,0.0,0,
547,29312,-5.0,0.0,0.0,0,,,0.0,0,
548,29312,-5.0,0.0,0.0,0,,,0.0,0,
549,29312,-5.0,0.0,0.0,0,,,0.0,0,
550,29312,-4.0,0.0,0.0,0,,,0.0,0,
551,29312,-5.0,0.0,0.0,0,,,0.0,0,
552,29312,-5.0,0.0,0.0,0,,,0.0,0,
553,29312,-5.0,0.0,0.0,0,,,0.0,0,
554,29312,-5.0,0.0,0.0,0,,,0.0,0,
555,29312,-4.0,0.0,0.0,0,,,0.0,0,
556,29312,-5.0,0.0,0.0,0,,,0.0,0,
557,29312,-5.0,0.0,0.0,0,,,0.0,0,
558,29312,-4.0,0.0,0.0,0,,,0.0,0,
559,29312,-4.0,0.0,0.0,0,,,0.0,0,
560,29312,-4.0,0.0,0.0,0,,,0.0,0,
561,29312,-5.0,0.0,0.0,0,,,0.0,0,
562,29312,-5.0,0.0,0.0,0,,,0.0,0,
563,29312,-5.0,0.0,0.0,0,,,0.0,0,
564,29312,-5.0,0.0,0.0,0,,,0.0,0,
565,29312,-4.0,0.0,0.0,0,,,0.0,0,
566,29312,-5.0,0.0,0.0,0,,,0.0,0,
567,29312,-5.0,0.0,0.0,0,,,0.0,0,
568,29312,-4.0,0.0,0.0,0,,,0.0,0,
569,29312,-5.0,0.0,0.0,0,,,0.0,0,
570,29312,-5.0,0.0,0.0,0,,,0.0,0,
571,29312,-5.0,0.0,0.0,0,,,0.0,0,
572,29312,-5.0,0.0,0.0,0,,,0.0,0,
573,29312,-5.0,0.0,0.0,0,,,0.0,0,
574,29312,-5.0,0.0,0.0,0,,,0.0,0,
575,29312,-5.0,0.0,0.0,0,,,0.0,0,
576,29312,-5.0,0.0,0.0,0,,,0.0,0,
577,29312,-5.0,0.0,0.0,0,,,0.0,0,
578,29376,8.2,1.0,0.0,0,,,0.0,0,
579,29568,-5.0,0.0,0.0,0,,,0.0,0,
580,29824,-5.0,0.0,0.0,0,,,0.0,0,
581,30016,-5.0,0.0,0.0,0,,,0.0,0,
582,30016,-4.0,0.0,0.0,0,,,0.0,0,
583,30080,-4.0,0.0,0.0,0,,,0.0,0,
584,30080,-5.0,0.0,0.0,0,,,0.0,0,
585,30208,-4.0,0.0,0.0,0,,,0.0,0,
586,30464,-5.0,0.0,0.0,0,,,0.0,0,
587,30720,-5.0,0.0,0.0,0,,,0.0,0,
588,30784,-5.0,0.0,0.0,0,,,0.0,0,
589,30912,-5.0,0.0,0.0,0,,,0.0,0,
590,31360,-5.0,0.0,0.0,0,,,0.0,0,
591,31552,-4.0,0.0,0.0,0,,,0.0,0,
592,31616,-5.0,0.0,0.0,0,,,0.0,0,
593,31616,-4.0,0.0,0.0,0,,,0.0,0,
594,31744,-5.0,0.0,0.0,0,,,0.0,0,
595,32000,-5.0,0.0,0.0,0,,,0.0,0,
596,32128,-4.0,0.0,0.0,0,,,0.0,0,
597,32128,-5.0,0.0,0.0,0,,,0.0,0,
598,32256,-5.0,0.0,0.0,0,,,0.0,0,
599,32512,-5.0,0.0,0.0,0,,,0.0,0,
600,32576,-4.0,0.0,0.0,0,,,0.0,0,
601,32576,-5.0,0.0,0.0,0,,,0.0,0,
602,32576,-5.0,0.0,0.0,0,,,0.0,0,
603,32576,-5.0,0.0,0.0,0,,,0.0,0,
604,32576,-5.0,0.0,0.0,0,,,0.0,0,
605,32576,-5.0,0.0,0.0,0,,,0.0,0,
606,32576,-5.0,0.0,0.0,0,,,0.0,0,
607,32576,-5.0,0.0,0.0,0,,,0.0,0,
608,32576,-5.0,0.0,0.0,0,,,0.0,0,
609,32576,-4.0,0.0,0.0,0,,,0.0,0,
610,32576,-5.0,0.0,0.0,0,,,0.0,0,
611,32576,-5.0,0.0,0.0,0,,,0.0,0,
612,32576,-5.0,0.0,0.0,0,,,0.0,0,
613,32576,-4.0,0.0,0.0,0,,,0.0,0,
614,32576,-5.0,0.0,0.0,0,,,0.0,0,
615,32576,-5.0,0.0,0.0,0,,,0.0,0,
616,32576,-4.0,0.0,0.0,0,,,0.0,0,
617,32576,-5.0,0.0,0.0,0,,,0.0,0,
618,32576,-5.0,0.0,0.0,0,,,0.0,0,
619,32576,-5.0,0.0,0.0,0,,,0.0,0,
620,32576,-5.0,0.0,0.0,0,,,0.0,0,
621,32576,-4.0,0.0,0.0,0,,,0.0,0,
622,32576,-5.0,0.0,0.0,0,,,0.0,0,
623,32576,-5.0,0.0,0.0,0,,,0.0,0,
624,32576,-5.0,0.0,0.0,0,,,0.0,0,
625,32576,-4.0,0.0,0.0,0,,,0.0,0,
626,32576,-5.0,0.0,0.0,0,,,0.0,0,
627,32576,-5.0,0.0,0.0,0,,,0.0,0,
628,32576,-5.0,0.0,0.0,0,,,0.0,0,
629,32576,-4.0,0.0,0.0,0,,,0.0,0,
630,32576,-5.0,0.0,0.0,0,,,0.0,0,
631,32576,-5.0,0.0,0.0,0,,,0.0,0,
632,32576,-5.0,0.0,0.0,0,,,0.0,0,
633,32576,-5.0,0.0,0.0,0,,,0.0,0,
634,32576,-4.0,0.0,0.0,0,,,0.0,0,
635,32576,-4.0,0.0,0.0,0,,,0.0,0,
636,32576,-5.0,0.0,0.0,0,,,0.0,0,
637,32576,-5.0,0.0,0.0,0,,,0.0,0,
638,32576,-5.0,0.0,0.0,0,,,0.0,0,
639,32576,-4.0,0.0,0.0,0,,,0.0,0,
640,32576,-5.0,0.0,0.0,0,,,0.0,0,
641,32576,-5.0,0.0,0.0,0,,,0.0,0,
642,32640,-5.0,0.0,0.0,0,,,0.0,0,
643,32832,-5.0,0.0,0.0,0,,,0.0,0,
644,33088,-5.0,0.0,0.0,0,,,0.0,0,
645,33280,-5.0,0.0,0.0,0,,,0.0,0,
646,33280,-5.0,0.0,0.0,0,,,0.0,0,
647,33344,-5.0,0.0,0.0,0,,,0.0,0,
648,33344,-5.0,0.0,0.0,0,,,0.0,0,
649,33472,-5.0,0.0,0.0,0,,,0.0,0,
650,33728,-5.0,0.0,0.0,0,,,0.0,0,
651,33728,10.3,1.0,0.0,0,,,0.0,0,
652,33792,8.7,1.0,0.0,0,,,0.0,0,
653,33792,7.6,1.0,0.0,0,,,0.0,0,
654,33984,-5.0,0.0,0.0,0,,,0.0,0,
655,34048,-5.0,0.0,0.0,0,,,0.0,0,
656,34048,9.8,1.0,0.0,0,,,0.0,0,
657,34624,-5.0,0.0,0.0,0,,,0.0,0,
658,34816,-5.0,0.0,0.0,0,,,0.0,0,
659,34880,-5.0,0.0,0.0,0,,,0.0,0,
660,35008,-5.0,0.0,0.0,0,,,0.0,0,
661,35264,-5.0,0.0,0.0,0,,,0.0,0,
662,35392,-5.0,0.0,0.0,0,,,0.0,0,
663,35392,-4.0,0.0,0.0,0,,,0.0,0,
664,35520,-5.0,0.0,0.0,0,,,0.0,0,
665,35776,-4.0,0.0,0.0,0,,,0.0,0,
666,35840,-5.0,0.0,0.0,0,,,0.0,0,
667,35840,-4.0,0.0,0.0,0,,,0.0,0,
668,35840,-4.0,0.0,0.0,0,,,0.0,0,
669,35840,-5.0,0.0,0.0,0,,,0.0,0,
670,35840,-5.0,0.0,0.0,0,,,0.0,0,
671,35840,-5.0,0.0,0.0,0,,,0.0,0,
672,35840,-5.0,0.0,0.0,0,,,0.0,0,
673,35840,-5.0,0.0,0.0,0,,,0.0,0,
674,35840,-5.0,0.0,0.0,0,,,0.0,0,
675,35840,-4.0,0.0,0.0,0,,,0.0,0,
676,35840,-5.0,0.0,0.0,0,,,0.0,0,
677,35840,-5.0,0.0,0.0,0,,,0.0,0,
678,35840,-5.0,0.0,0.0,0,,,0.0,0,
679,35840,-4.0,0.0,0.0,0,,,0.0,0,
680,35840,-5.0,0.0,0.0,0,,,0.0,0,
681,35840,-5.0,0.0,0.0,0,,,0.0,0,
682,35840,-5.0,0.0,0.0,0,,,0.0,0,
683,35840,-4.0,0.0,0.0,0,,,0.0,0,
684,35840,-5.0,0.0,0.0,0,,,0.0,0,
685,35840,-5.0,0.0,0.0,0,,,0.0,0,
686,35840,-4.0,0.0,0.0,0,,,0.0,0,
687,35840,-5.0,0.0,0.0,0,,,0.0,0,
688,35840,-5.0,0.0,0.0,0,,,0.0,0,
689,35840,-4.0,0.0,0.0,0,,,0.0,0,
690,35840,-5.0,0.0,0.0,0,,,0.0,0,
691,35840,-5.0,0.0,0.0,0,,,0.0,0,
692,35840,-5.0,0.0,0.0,0,,,0.0,0,
693,35840,-5.0,0.0,0.0,0,,,0.0,0,
694,35840,-5.0,0.0,0.0,0,,,0.0,0,
695,35840,-4.0,0.0,0.0,0,,,0.0,0,
696,35840,-5.0,0.0,0.0,0,,,0.0,0,
697,35840,-5.0,0.0,0.0,0,,,0.0,0,
698,35840,-5.0,0.0,0.0,0,,,0.0,0,
699,35840,-5.0,0.0,0.0,0,,,0.0,0,
700,35840,-5.0,0.0,0.0,0,,,0.0,0,
701,35840,-5.0,0.0,0.0,0,,,0.0,0,
702,35840,-5.0,0.0,0.0,0,,,0.0,0,
703,35840,-5.0,0.0,0.0,0,,,0.0,0,
704,35840,-5.0,0.0,0.0,0,,,0.0,0,
705,35840,-5.0,0.0,0.0,0,,,0.0,0,
706,35904,-5.0,0.0,0.0,0,,,0.0,0,
707,36096,-5.0,0.0,0.0,0,,,0.0,0,
708,36352,-4.0,0.0,0.0,0,,,0.0,0,
709,36544,-4.0,0.0,0.0,0,,,0.0,0,
710,36544,-5.0,0.0,0.0,0,,,0.0,0,
711,36608,-5.0,0.0,0.0,0,,,0.0,0,
712,36608,-5.0,0.0,0.0,0,,,0.0,0,
713,36736,-4.0,0.0,0.0,0,,,0.0,0,
714,36992,-5.0,0.0,0.0,0,,,0.0,0,
715,36992,-5.0,0.0,0.0,0,,,0.0,0,
716,37056,-4.0,0.0,0.0,0,,,0.0,0,
717,37056,-5.0,0.0,0.0,0,,,0.0,0,
718,37248,-5.0,0.0,0.0,0,,,0.0,0,
719,37312,-5.0,0.0,0.0,0,,,0.0,0,
720,37312,-5.0,0.0,0.0,0,,,0.0,0,
721,37888,-4.0,0.0,0.0,0,,,0.0,0,
722,38080,-4.0,0.0,0.0,0,,,0.0,0,
723,38144,-5.0,0.0,0.0,0,,,0.0,0,
724,38272,-5.0,0.0,0.0,0,,,0.0,0,
725,38528,-5.0,0.0,0.0,0,,,0.0,0,
726,38656,-5.0,0.0,0.0,0,,,0.0,0,
727,38656,7.7,1.0,0.0,0,,,0.0,0,
728,38656,-4.0,0.0,0.0,0,,,0.0,0,
729,38784,-4.0,0.0,0.0,0,,,0.0,0,
730,39040,-5.0,0.0,0.0,0,,,0.0,0,
731,39104,-5.0,0.0,0.0,0,,,0.0,0,
732,39104,-5.0,0.0,0.0,0,,,0.0,0,
733,39104,-5.0,0.0,0.0,0,,,0.0,0,
734,39104,-4.0,0.0,0.0,0,,,0.0,0,
735,39104,-5.0,0.0,0.0,0,,,0.0,0,
736,39104,-5.0,0.0,0.0,0,,,0.0,0,
737,39104,-5.0,0.0,0.0,0,,,0.0,0,
738,39104,-5.0,0.0,0.0,0,,,0.0,0,
739,39104,-5.0,0.0,0.0,0,,,0.0,0,
740,39104,-4.0,0.0,0.0,0,,,0.0,0,
741,39104,-5.0,0.0,0.0,0,,,0.0,0,
742,39104,-5.0,0.0,0.0,0,,,0.0,0,
743,39104,-4.0,0.0,0.0,0,,,0.0,0,
744,39104,-5.0,0.0,0.0,0,,,0.0,0,
745,39104,-4.0,0.0,0.0,0,,,0.0,0,
746,39104,-4.0,0.0,0.0,0,,,0.0,0,
747,39104,-5.0,0.0,0.0,0,,,0.0,0,
748,39104,-5.0,0.0,0.0,0,,,0.0,0,
749,39104,-5.0,0.0,0.0,0,,,0.0,0,
750,39104,-5.0,0.0,0.0,0,,,0.0,0,
751,39104,-5.0,0.0,0.0,0,,,0.0,0,
752,39104,-4.0,0.0,0.0,0,,,0.0,0,
753,39104,-4.0,0.0,0.0,0,,,0.0,0,
754,39104,-5.0,0.0,0.0,0,,,0.0,0,
755,39104,-4.0,0.0,0.0,0,,,0.0,0,
756,39104,-4.0,0.0,0.0,0,,,0.0,0,
757,39104,-5.0,0.0,0.0,0,,,0.0,0,
758,39104,-5.0,0.0,0.0,0,,,0.0,0,
759,39104,-4.0,0.0,0.0,0,,,0.0,0,
760,39104,-5.0,0.0,0.0,0,,,0.0,0,
761,39104,-5.0,0.0,0.0,0,,,0.0,0,
762,39104,-5.0,0.0,0.0,0,,,0.0,0,
763,39104,-5.0,0.0,0.0,0,,,0.0,0,
764,39104,-5.0,0.0,0.0,0,,,0.0,0,
765,39104,-5.0,0.0,0.0,0,,,0.0,0,
766,39104,-5.0,0.0,0.0,0,,,0.0,0,
767,39104,-5.0,0.0,0.0,0,,,0.0,0,
768,39104,-5.0,0.0,0.0,0,,,0.0,0,
769,39104,-4.0,0.0,0.0,0,,,0.0,0,
770,39168,-4.0,0.0,0.0,0,,,0.0,0,
771,39360,-5.0,0.0,0.0,0,,,0.0,0,
772,39616,-4.0,0.0,0.0,0,,,0.0,0,
773,39808,-5.0,0.0,0.0,0,,,0.0,0,
774,39808,-5.0,0.0,0.0,0,,,0.0,0,
775,39872,-5.0,0.0,0.0,0,,,0.0,0,
776,39872,-5.0,0.0,0.0,0,,,0.0,0,
777,40000,-4.0,0.0,0.0,0,,,0.0,0,
778,40256,-5.0,0.0,0.0,0,,,0.0,0,
779,40256,-5.0,0.0,0.0,0,,,0.0,0,
780,40320,-5.0,0.0,0.0,0,,,0.0,0,
781,40320,-4.0,0.0,0.0,0,,,0.0,0,
782,40512,-4.0,0.0,0.0,0,,,0.0,0,
783,40576,-5.0,0.0,0.0,0,,,0.0,0,
784,40576,-5.0,0.0,0.0,0,,,0.0,0,
785,40896,9.3,1.0,0.0,0,,,0.0,0,
786,41152,-5.0,0.0,0.0,0,,,0.0,0,
787,41344,-5.0,0.0,0.0,0,,,0.0,0,
788,41408,-5.0,0.0,0.0,0,,,0.0,0,
789,41408,8.5,1.0,0.0,0,,,0.0,0,
790,41536,-5.0,0.0,0.0,0,,,0.0,0,
791,41792,-5.0,0.0,0.0,0,,,0.0,0,
792,41920,-4.0,0.0,0.0,0,,,0.0,0,
793,41920,-5.0,0.0,0.0,0,,,0.0,0,
794,41920,-5.0,0.0,0.0,0,,,0.0,0,
795,42048,-5.0,0.0,0.0,0,,,0.0,0,
796,42048,7.5,1.0,0.0,0,,,0.0,0,
797,42304,-5.0,0.0,0.0,0,,,0.0,0,
798,42368,-4.0,0.0,0.0,0,,,0.0,0,
799,42368,-5.0,0.0,0.0,0,,,0.0,0,
800,42368,-4.0,0.0,0.0,0,,,0.0,0,
801,42368,-5.0,0.0,0.0,0,,,0.0,0,
802,42368,-4.0,0.0,0.0,0,,,0.0,0,
803,42368,-5.0,0.0,0.0,0,,,0.0,0,
804,42368,-5.0,0.0,0.0,0,,,0.0,0,
805,42368,-5.0,0.0,0.0,0,,,0.0,0,
806,42368,-5.0,0.0,0.0,0,,,0.0,0,
807,42368,-5.0,0.0,0.0,0,,,0.0,0,
808,42368,-5.0,0.0,0.0,0,,,0.0,0,
809,42368,-5.0,0.0,0.0,0,,,0.0,0,
810,42368,-5.0,0.0,0.0,0,,,0.0,0,
811,42368,-5.0,0.0,0.0,0,,,0.0,0,
812,42368,-5.0,0.0,0.0,0,,,0.0,0,
813,42368,-4.0,0.0,0.0,0,,,0.0,0,
814,42368,-5.0,0.0,0.0,0,,,0.0,0,
815,42368,-4.0,0.0,0.0,0,,,0.0,0,
816,42368,-5.0,0.0,0.0,0,,,0.0,0,
817,42368,-5.0,0.0,0.0,0,,,0.0,0,
818,42368,-5.0,0.0,0.0,0,,,0.0,0,
819,42368,-5.0,0.0,0.0,0,,,0.0,0,
820,42368,-5.0,0.0,0.0,0,,,0.0,0,
821,42368,-5.0,0.0,0.0,0,,,0.0,0,
822,42368,-4.0,0.0,0.0,0,,,0.0,0,
823,42368,-5.0,0.0,0.0,0,,,0.0,0,
824,42368,-5.0,0.0,0.0,0,,,0.0,0,
825,42368,-5.0,0.0,0.0,0,,,0.0,0,
826,42368,-5.0,0.0,0.0,0,,,0.0,0,
827,42368,-5.0,0.0,0.0,0,,,0.0,0,
828,42368,-5.0,0.0,0.0,0,,,0.0,0,
829,42368,-5.0,0.0,0.0,0,,,0.0,0,
830,42368,-4.0,0.0,0.0,0,,,0.0,0,
831,42368,-4.0,0.0,0.0,0,,,0.0,0,
832,42368,-5.0,0.0,0.0,0,,,0.0,0,
833,42368,-5.0,0.0,0.0,0,,,0.0,0,
834,42432,-5.0,0.0,0.0,0,,,0.0,0,
835,42624,-5.0,0.0,0.0,0,,,0.0,0,
836,42880,8.1,1.0,0.0,0,,,0.0,0,
837,42880,-4.0,0.0,0.0,0,,,0.0,0,
838,43072,-5.0,0.0,0.0,0,,,0.0,0,
839,43072,-4.0,0.0,0.0,0,,,0.0,0,
840,43136,-5.0,0.0,0.0,0,,,0.0,0,
841,43136,-5.0,0.0,0.0,0,,,0.0,0,
842,43200,10.8,1.0,0.0,0,,,0.0,0,
843,43264,-5.0,0.0,0.0,0,,,0.0,0,
844,43520,-5.0,0.0,0.0,0,,,0.0,0,
845,43520,-4.0,0.0,0.0,0,,,0.0,0,
846,43584,-4.0,0.0,0.0,0,,,0.0,0,
847,43776,-5.0,0.0,0.0,0,,,0.0,0,
848,43840,-5.0,0.0,0.0,0,,,0.0,0,
849,43840,-5.0,0.0,0.0,0,,,0.0,0,
850,44160,-5.0,0.0,0.0,0,,,0.0,0,
851,44416,-5.0,0.0,0.0,0,,,0.0,0,
852,44608,-5.0,0.0,0.0,0,,,0.0,0,
853,44672,-5.0,0.0,0.0,0,,,0.0,0,
854,44672,-5.0,0.0,0.0,0,,,0.0,0,
855,44736,10.7,1.0,0.0,0,,,0.0,0,
856,44800,-4.0,0.0,0.0,0,,,0.0,0,
857,45056,-5.0,0.0,0.0,0,,,0.0,0,
858,45184,-5.0,0.0,0.0,0,,,0.0,0,
859,45184,-4.0,0.0,0.0,0,,,0.0,0,
860,45184,-4.0,0.0,0.0,0,,,0.0,0,
861,45312,-4.0,0.0,0.0,0,,,0.0,0,
862,45312,-4.0,0.0,0.0,0,,,0.0,0,
863,45568,-5.0,0.0,0.0,0,,,0.0,0,
864,45632,-5.0,0.0,0.0,0,,,0.0,0,
865,45632,-5.0,0.0,0.0,0,,,0.0,0,
866,45632,-5.0,0.0,0.0,0,,,0.0,0,
867,45632,-5.0,0.0,0.0,0,,,0.0,0,
868,45632,-4.0,0.0,0.0,0,,,0.0,0,
869,45632,-5.0,0.0,0.0,0,,,0.0,0,
870,45632,-5.0,0.0,0.0,0,,,0.0,0,
871,45632,-5.0,0.0,0.0,0,,,0.0,0,
872,45632,-5.0,0.0,0.0,0,,,0.0,0,
873,45632,-5.0,0.0,0.0,0,,,0.0,0,
874,45632,-5.0,0.0,0.0,0,,,0.0,0,
875,45632,-4.0,0.0,0.0,0,,,0.0,0,
876,45632,-4.0,0.0,0.0,0,,,0.0,0,
877,45632,-5.0,0.0,0.0,0,,,0.0,0,
878,45632,-5.0,0.0,0.0,0,,,0.0,0,
879,45632,-5.0,0.0,0.0,0,,,0.0,0,
880,45632,-4.0,0.0,0.0,0,,,0.0,0,
881,45632,-5.0,0.0,0.0,0,,,0.0,0,
882,45632,-5.0,0.0,0.0,0,,,0.0,0,
883,45632,-5.0,0.0,0.0,0,,,0.0,0,
884,45632,-5.0,0.0,0.0,0,,,0.0,0,
885,45632,-4.0,0.0,0.0,0,,,0.0,0,
886,45632,-5.0,0.0,0.0,0,,,0.0,0,
887,45632,-5.0,0.0,0.0,0,,,0.0,0,
888,45632,-5.0,0.0,0.0,0,,,0.0,0,
889,45632,-4.0,0.0,0.0,0,,,0.0,0,
890,45632,-4.0,0.0,0.0,0,,,0.0,0,
891,45632,-5.0,0.0,0.0,0,,,0.0,0,
892,45632,-4.0,0.0,0.0,0,,,0.0,0,
893,45632,-5.0,0.0,0.0,0,,,0.0,0,
894,45632,-5.0,0.0,0.0,0,,,0.0,0,
895,45632,-5.0,0.0,0.0,0,,,0.0,0,
896,45632,-5.0,0.0,0.0,0,,,0.0,0,
897,45632,-5.0,0.0,0.0,0,,,0.0,0,
898,45632,-4.0,0.0,0.0,0,,,0.0,0,
899,45696,-5.0,0.0,0.0,0,,,0.0,0,
900,45888,-5.0,0.0,0.0,0,,,0.0,0,
901,46144,-5.0,0.0,0.0,0,,,0.0,0,
902,46144,-4.0,0.0,0.0,0,,,0.0,0,
903,46272,11.1,1.0,0.0,0,,,0.0,0,
904,46336,-4.0,0.0,0.0,0,,,0.0,0,
905,46336,-5.0,0.0,0.0,0,,,0.0,0,
906,46400,-4.0,0.0,0.0,0,,,0.0,0,
907,46400,-5.0,0.0,0.0,0,,,0.0,0,
908,46464,-4.0,0.0,0.0,0,,,0.0,0,
909,46528,-5.0,0.0,0.0,0,,,0.0,0,
910,46784,-5.0,0.0,0.0,0,,,0.0,0,
911,46784,-4.0,0.0,0.0,0,,,0.0,0,
912,46848,-5.0,0.0,0.0,0,,,0.0,0,
913,47040,-5.0,0.0,0.0,0,,,0.0,0,
914,47104,-4.0,0.0,0.0,0,,,0.0,0,
915,47424,9.3,1.0,0.0,0,,,0.0,0,
916,47424,-5.0,0.0,0.0,0,,,0.0,0,
917,47680,-5.0,0.0,0.0,0,,,0.0,0,
918,47872,-5.0,0.0,0.0,0,,,0.0,0,
919,47936,-4.0,0.0,0.0,0,,,0.0,0,
920,47936,-5.0,0.0,0.0,0,,,0.0,0,
921,48000,-5.0,0.0,0.0,0,,,0.0,0,
922,48064,-5.0,0.0,0.0,0,,,0.0,0,
923,48320,-5.0,0.0,0.0,0,,,0.0,0,
924,48384,11.0,1.0,0.0,0,,,0.0,0,
925,48448,-5.0,0.0,0.0,0,,,0.0,0,
926,48448,-4.0,0.0,0.0,0,,,0.0,0,
927,48448,-5.0,0.0,0.0,0,,,0.0,0,
928,48576,-5.0,0.0,0.0,0,,,0.0,0,
929,48576,-5.0,0.0,0.0,0,,,0.0,0,
930,48832,-5.0,0.0,0.0,0,,,0.0,0,
931,48896,-5.0,0.0,0.0,0,,,0.0,0,
932,48896,-5.0,0.0,0.0,0,,,0.0,0,
933,48896,-5.0,0.0,0.0,0,,,0.0,0,
934,48896,-5.0,0.0,0.0,0,,,0.0,0,
935,48896,-5.0,0.0,0.0,0,,,0.0,0,
936,48896,-5.0,0.0,0.0,0,,,0.0,0,
937,48896,-4.0,0.0,0.0,0,,,0.0,0,
938,48896,-5.0,0.0,0.0,0,,,0.0,0,
939,48896,-4.0,0.0,0.0,0,,,0.0,0,
940,48896,-5.0,0.0,0.0,0,,,0.0,0,
941,48896,-5.0,0.0,0.0,0,,,0.0,0,
942,48896,-5.0,0.0,0.0,0,,,0.0,0,
943,48896,-5.0,0.0,0.0,0,,,0.0,0,
944,48896,-5.0,0.0,0.0,0,,,0.0,0,
945,48896,-5.0,0.0,0.0,0,,,0.0,0,
946,48896,-5.0,0.0,0.0,0,,,0.0,0,
947,48896,-4.0,0.0,0.0,0,,,0.0,0,
948,48896,-5.0,0.0,0.0,0,,,0.0,0,
949,48896,-5.0,0.0,0.0,0,,,0.0,0,
950,48896,-5.0,0.0,0.0,0,,,0.0,0,
951,48896,-5.0,0.0,0.0,0,,,0.0,0,
952,48896,-5.0,0.0,0.0,0,,,0.0,0,
953,48896,-5.0,0.0,0.0,0,,,0.0,0,
954,48896,-5.0,0.0,0.0,0,,,0.0,0,
955,48896,-5.0,0.0,0.0,0,,,0.0,0,
956,48896,-4.0,0.0,0.0,0,,,0.0,0,
957,48896,-5.0,0.0,0.0,0,,,0.0,0,
958,48896,-5.0,0.0,0.0,0,,,0.0,0,
959,48896,-4.0,0.0,0.0,0,,,0.0,0,
960,48896,-5.0,0.0,0.0,0,,,0.0,0,
961,48896,-5.0,0.0,0.0,0,,,0.0,0,
962,48896,-4.0,0.0,0.0,0,,,0.0,0,
963,48896,-5.0,0.0,0.0,0,,,0.0,0,
964,48960,-5.0,0.0,0.0,0,,,0.0,0,
965,49152,11.7,1.0,0.0,0,,,0.0,0,
966,49152,-5.0,0.0,0.0,0,,,0.0,0,
967,49408,-5.0,0.0,0.0,0,,,0.0,0,
968,49408,-5.0,0.0,0.0,0,,,0.0,0,
969,49536,-4.0,0.0,0.0,0,,,0.0,0,
970,49600,-5.0,0.0,0.0,0,,,0.0,0,
971,49600,-4.0,0.0,0.0,0,,,0.0,0,
972,49664,-4.0,0.0,0.0,0,,,0.0,0,
973,49664,-5.0,0.0,0.0,0,,,0.0,0,
974,49728,-5.0,0.0,0.0,0,,,0.0,0,
975,49792,-5.0,0.0,0.0,0,,,0.0,0,
976,50048,-5.0,0.0,0.0,0,,,0.0,0,
977,50048,-5.0,0.0,0.0,0,,,0.0,0,
978,50112,-4.0,0.0,0.0,0,,,0.0,0,
979,50304,-5.0,0.0,0.0,0,,,0.0,0,
980,50368,-5.0,0.0,0.0,0,,,0.0,0,
981,50688,-5.0,0.0,0.0,0,,,0.0,0,
982,50688,-5.0,0.0,0.0,0,,,0.0,0,
983,51136,-5.0,0.0,0.0,0,,,0.0,0,
984,51200,-5.0,0.0,0.0,0,,,0.0,0,
985,51200,-4.0,0.0,0.0,0,,,0.0,0,
986,51264,-5.0,0.0,0.0,0,,,0.0,0,
987,51328,-5.0,0.0,0.0,0,,,0.0,0,
988,51584,-4.0,0.0,0.0,0,,,0.0,0,
989,51648,-4.0,0.0,0.0,0,,,0.0,0,
990,51712,-4.0,0.0,0.0,0,,,0.0,0,
991,51712,-5.0,0.0,0.0,0,,,0.0,0,
992,51712,-5.0,0.0,0.0,0,,,0.0,0,
993,51840,-5.0,0.0,0.0,0,,,0.0,0,
994,51840,-5.0,0.0,0.0,0,,,0.0,0,
995,52032,7.2,1.0,0.0,0,,,0.0,0,
996,52096,-5.0,0.0,0.0,0,,,0.0,0,
997,52160,-4.0,0.0,0.0,0,,,0.0,0,
998,52160,-4.0,0.0,0.0,0,,,0.0,0,
999,52160,-5.0,0.0,0.0,0,,,0.0,0,
1000,52160,-5.0,0.0,0.0,0,,,0.0,0,
1001,52160,-4.0,0.0,0.0,0,,,0.0,0,
1002,52160,-5.0,0.0,0.0,0,,,0.0,0,
1003,52160,-5.0,0.0,0.0,0,,,0.0,0,
1004,52160,-5.0,0.0,0.0,0,,,0.0,0,
1005,52160,-5.0,0.0,0.0,0,,,0.0,0,
1006,52160,-5.0,0.0,0.0,0,,,0.0,0,
1007,52160,-5.0,0.0,0.0,0,,,0.0,0,
1008,52160,-5.0,0.0,0.0,0,,,0.0,0,
1009,52160,-5.0,0.0,0.0,0,,,0.0,0,
1010,52160,-5.0,0.0,0.0,0,,,0.0,0,
1011,52160,-5.0,0.0,0.0,0,,,0.0,0,
1012,52160,-5.0,0.0,0.0,0,,,0.0,0,
1013,52160,-5.0,0.0,0.0,0,,,0.0,0,
1014,52160,-5.0,0.0,0.0,0,,,0.0,0,
1015,52160,-4.0,0.0,0.0,0,,,0.0,0,
1016,52160,-5.0,0.0,0.0,0,,,0.0,0,
1017,52160,-5.0,0.0,0.0,0,,,0.0,0,
1018,52160,-5.0,0.0,0.0,0,,,0.0,0,
1019,52160,-5.0,0.0,0.0,0,,,0.0,0,
1020,52160,-5.0,0.0,0.0,0,,,0.0,0,
1021,52160,-5.0,0.0,0.0,0,,,0.0,0,
1022,52160,-5.0,0.0,0.0,0,,,0.0,0,
1023,52160,-5.0,0.0,0.0,0,,,0.0,0,
1024,52160,-4.0,0.0,0.0,0,,,0.0,0,
1025,52160,-5.0,0.0,0.0,0,,,0.0,0,
1026,52160,-4.0,0.0,0.0,0,,,0.0,0,
1027,52160,-5.0,0.0,0.0,0,,,0.0,0,
1028,52224,-5.0,0.0,0.0,0,,,0.0,0,
1029,52416,-5.0,0.0,0.0,0,,,0.0,0,
1030,52416,-5.0,0.0,0.0,0,,,0.0,0,
1031,52544,8.6,1.0,0.0,0,,,0.0,0,
1032,52672,-5.0,0.0,0.0,0,,,0.0,0,
1033,52672,-5.0,0.0,0.0,0,,,0.0,0,
1034,52800,-4.0,0.0,0.0,0,,,0.0,0,
1035,52864,-5.0,0.0,0.0,0,,,0.0,0,
1036,52864,-5.0,0.0,0.0,0,,,0.0,0,
1037,52928,-5.0,0.0,0.0,0,,,0.0,0,
1038,52928,-4.0,0.0,0.0,0,,,0.0,0,
1039,52992,-5.0,0.0,0.0,0,,,0.0,0,
1040,53056,-5.0,0.0,0.0,0,,,0.0,0,
1041,53312,-5.0,0.0,0.0,0,,,0.0,0,
1042,53312,-5.0,0.0,0.0,0,,,0.0,0,
1043,53376,-5.0,0.0,0.0,0,,,0.0,0,
1044,53632,-5.0,0.0,0.0,0,,,0.0,0,
1045,53952,-5.0,0.0,0.0,0,,,0.0,0,
1046,53952,-5.0,0.0,0.0,0,,,0.0,0,
1047,54080,8.9,1.0,0.0,0,,,0.0,0,
1048,54336,7.9,1.0,0.0,0,,,0.0,0,
1049,54400,-4.0,0.0,0.0,0,,,0.0,0,
1050,54464,-4.0,0.0,0.0,0,,,0.0,0,
1051,54464,-5.0,0.0,0.0,0,,,0.0,0,
1052,54528,-5.0,0.0,0.0,0,,,0.0,0,
1053,54592,-4.0,0.0,0.0,0,,,0.0,0,
1054,54848,-4.0,0.0,0.0,0,,,0.0,0,
1055,54976,-5.0,0.0,0.0,0,,,0.0,0,
1056,54976,-4.0,0.0,0.0,0,,,0.0,0,
1057,54976,-5.0,0.0,0.0,0,,,0.0,0,
1058,55104,-5.0,0.0,0.0,0,,,0.0,0,
1059,55104,-4.0,0.0,0.0,0,,,0.0,0,
1060,55360,-5.0,0.0,0.0,0,,,0.0,0,
1061,55424,-5.0,0.0,0.0,0,,,0.0,0,
1062,55424,-4.0,0.0,0.0,0,,,0.0,0,
1063,55424,-5.0,0.0,0.0,0,,,0.0,0,
1064,55424,-5.0,0.0,0.0,0,,,0.0,0,
1065,55424,-4.0,0.0,0.0,0,,,0.0,0,
1066,55424,-5.0,0.0,0.0,0,,,0.0,0,
1067,55424,-5.0,0.0,0.0,0,,,0.0,0,
1068,55424,-5.0,0.0,0.0,0,,,0.0,0,
1069,55424,-5.0,0.0,0.0,0,,,0.0,0,
1070,55424,-5.0,0.0,0.0,0,,,0.0,0,
1071,55424,-5.0,0.0,0.0,0,,,0.0,0,
1072,55424,-5.0,0.0,0.0,0,,,0.0,0,
1073,55424,-5.0,0.0,0.0,0,,,0.0,0,
1074,55424,-5.0,0.0,0.0,0,,,0.0,0,
1075,55424,-5.0,0.0,0.0,0,,,0.0,0,
1076,55424,-5.0,0.0,0.0,0,,,0.0,0,
1077,55424,-5.0,0.0,0.0,0,,,0.0,0,
1078,55424,-5.0,0.0,0.0,0,,,0.0,0,
1079,55424,-5.0,0.0,0.0,0,,,0.0,0,
1080,55424,-5.0,0.0,0.0,0,,,0.0,0,
1081,55424,-5.0,0.0,0.0,0,,,0.0,0,
1082,55424,-5.0,0.0,0.0,0,,,0.0,0,
1083,55424,-5.0,0.0,0.0,0,,,0.0,0,
1084,55424,-5.0,0.0,0.0,0,,,0.0,0,
1085,55424,-5.0,0.0,0.0,0,,,0.0,0,
1086,55424,-5.0,0.0,0.0,0,,,0.0,0,
1087,55424,-4.0,0.0,0.0,0,,,0.0,0,
1088,55424,-5.0,0.0,0.0,0,,,0.0,0,
1089,55424,-4.0,0.0,0.0,0,,,0.0,0,
1090,55424,-5.0,0.0,0.0,0,,,0.0,0,
1091,55424,-5.0,0.0,0.0,0,,,0.0,0,
1092,55488,-5.0,0.0,0.0,0,,,0.0,0,
1093,55680,-5.0,0.0,0.0,0,,,0.0,0,
1094,55680,-4.0,0.0,0.0,0,,,0.0,0,
1095,55808,-5.0,0.0,0.0,0,,,0.0,0,
1096,55936,-5.0,0.0,0.0,0,,,0.0,0,
1097,55936,-5.0,0.0,0.0,0,,,0.0,0,
1098,56064,-5.0,0.0,0.0,0,,,0.0,0,
1099,56128,-5.0,0.0,0.0,0,,,0.0,0,
1100,56128,-5.0,0.0,0.0,0,,,0.0,0,
1101,56192,-5.0,0.0,0.0,0,,,0.0,0,
1102,56192,-4.0,0.0,0.0,0,,,0.0,0,
1103,56256,-5.0,0.0,0.0,0,,,0.0,0,
1104,56320,-5.0,0.0,0.0,0,,,0.0,0,
1105,56576,-5.0,0.0,0.0,0,,,0.0,0,
1106,56576,-5.0,0.0,0.0,0,,,0.0,0,
1107,56640,-5.0,0.0,0.0,0,,,0.0,0,
1108,56896,-5.0,0.0,0.0,0,,,0.0,0,
1109,57216,-5.0,0.0,0.0,0,,,0.0,0,
1110,57216,-5.0,0.0,0.0,0,,,0.0,0,
1111,57344,-5.0,0.0,0.0,0,,,0.0,0,
1112,57600,-4.0,0.0,0.0,0,,,0.0,0,
1113,57664,-5.0,0.0,0.0,0,,,0.0,0,
1114,57728,-4.0,0.0,0.0,0,,,0.0,0,
1115,57728,-5.0,0.0,0.0,0,,,0.0,0,
1116,57792,-4.0,0.0,0.0,0,,,0.0,0,
1117,57856,-4.0,0.0,0.0,0,,,0.0,0,
1118,58112,-5.0,0.0,0.0,0,,,0.0,0,
1119,58240,-4.0,0.0,0.0,0,,,0.0,0,
1120,58240,-4.0,0.0,0.0,0,,,0.0,0,
1121,58240,-4.0,0.0,0.0,0,,,0.0,0,
1122,58368,-4.0,0.0,0.0,0,,,0.0,0,
1123,58368,-5.0,0.0,0.0,0,,,0.0,0,
1124,58624,-5.0,0.0,0.0,0,,,0.0,0,
1125,58688,-5.0,0.0,0.0,0,,,0.0,0,
1126,58688,-5.0,0.0,0.0,0,,,0.0,0,
1127,58688,-5.0,0.0,0.0,0,,,0.0,0,
1128,58688,-5.0,0.0,0.0,0,,,0.0,0,
1129,58688,-4.0,0.0,0.0,0,,,0.0,0,
1130,58688,-5.0,0.0,0.0,0,,,0.0,0,
1131,58688,-5.0,0.0,0.0,0,,,0.0,0,
1132,58688,-5.0,0.0,0.0,0,,,0.0,0,
1133,58688,-5.0,0.0,0.0,0,,,0.0,0,
1134,58688,-4.0,0.0,0.0,0,,,0.0,0,
1135,58688,-5.0,0.0,0.0,0,,,0.0,0,
1136,58688,-4.0,0.0,0.0,0,,,0.0,0,
1137,58688,-5.0,0.0,0.0,0,,,0.0,0,
1138,58688,-5.0,0.0,0.0,0,,,0.0,0,
1139,58688,-5.0,0.0,0.0,0,,,0.0,0,
1140,58688,-4.0,0.0,0.0,0,,,0.0,0,
1141,58688,-5.0,0.0,0.0,0,,,0.0,0,
1142,58688,-5.0,0.0,0.0,0,,,0.0,0,
1143,58688,-4.0,0.0,0.0,0,,,0.0,0,
1144,58688,-5.0,0.0,0.0,0,,,0.0,0,
1145,58688,-5.0,0.0,0.0,0,,,0.0,0,
1146,58688,-4.0,0.0,0.0,0,,,0.0,0,
1147,58688,-4.0,0.0,0.0,0,,,0.0,0,
1148,58688,-4.0,0.0,0.0,0,,,0.0,0,
1149,58688,-4.0,0.0,0.0,0,,,0.0,0,
1150,58688,-5.0,0.0,0.0,0,,,0.0,0,
1151,58688,-5.0,0.0,0.0,0,,,0.0,0,
1152,58688,-4.0,0.0,0.0,0,,,0.0,0,
1153,58688,-5.0,0.0,0.0,0,,,0.0,0,
1154,58688,-4.0,0.0,0.0,0,,,0.0,0,
1155,58688,-5.0,0.0,0.0,0,,,0.0,0,
1156,58752,-5.0,0.0,0.0,0,,,0.0,0,
1157,58944,-5.0,0.0,0.0,0,,,0.0,0,
1158,58944,-4.0,0.0,0.0,0,,,0.0,0,
1159,59072,-5.0,0.0,0.0,0,,,0.0,0,
1160,59200,-5.0,0.0,0.0,0,,,0.0,0,
1161,59200,-5.0,0.0,0.0,0,,,0.0,0,
1162,59328,-4.0,0.0,0.0,0,,,0.0,0,
1163,59392,-5.0,0.0,0.0,0,,,0.0,0,
1164,59392,-5.0,0.0,0.0,0,,,0.0,0,
1165,59456,-5.0,0.0,0.0,0,,,0.0,0,
1166,59456,-4.0,0.0,0.0,0,,,0.0,0,
1167,59520,-5.0,0.0,0.0,0,,,0.0,0,
1168,59584,-4.0,0.0,0.0,0,,,0.0,0,
1169,59648,10.6,1.0,0.0,0,,,0.0,0,
1170,59648,10.6,1.0,0.0,0,,,0.0,0,
1171,59840,-4.0,0.0,0.0,0,,,0.0,0,
1172,59840,-5.0,0.0,0.0,0,,,0.0,0,
1173,59904,-5.0,0.0,0.0,0,,,0.0,0,
1174,60160,-5.0,0.0,0.0,0,,,0.0,0,
1175,60160,9.8,1.0,0.0,0,,,0.0,0,
1176,60224,11.2,1.0,0.0,0,,,0.0,0,
1177,60480,-5.0,0.0,0.0,0,,,0.0,0,
1178,60480,-5.0,0.0,0.0,0,,,0.0,0,
1179,60608,-4.0,0.0,0.0,0,,,0.0,0,
1180,60864,-5.0,0.0,0.0,0,,,0.0,0,
1181,60928,-5.0,0.0,0.0,0,,,0.0,0,
1182,60992,-5.0,0.0,0.0,0,,,0.0,0,
1183,60992,10.3,1.0,0.0,0,,,0.0,0,
1184,60992,8.5,1.0,0.0,0,,,0.0,0,
1185,60992,-4.0,0.0,0.0,0,,,0.0,0,
1186,61056,-5.0,0.0,0.0,0,,,0.0,0,
1187,61120,-4.0,0.0,0.0,0,,,0.0,0,
1188,61376,-5.0,0.0,0.0,0,,,0.0,0,
1189,61504,-5.0,0.0,0.0,0,,,0.0,0,
1190,61504,-5.0,0.0,0.0,0,,,0.0,0,
1191,61504,-5.0,0.0,0.0,0,,,0.0,0,
1192,61632,-4.0,0.0,0.0,0,,,0.0,0,
1193,61632,-5.0,0.0,0.0,0,,,0.0,0,
1194,61888,-5.0,0.0,0.0,0,,,0.0,0,
1195,61952,-5.0,0.0,0.0,0,,,0.0,0,
1196,61952,-4.0,0.0,0.0,0,,,0.0,0,
1197,61952,-5.0,0.0,0.0,0,,,0.0,0,
1198,61952,-4.0,0.0,0.0,0,,,0.0,0,
1199,61952,-5.0,0.0,0.0,0,,,0.0,0,
1200,61952,-5.0,0.0,0.0,0,,,0.0,0,
1201,61952,-5.0,0.0,0.0,0,,,0.0,0,
1202,61952,-4.0,0.0,0.0,0,,,0.0,0,
1203,61952,-5.0,0.0,0.0,0,,,0.0,0,
1204,61952,-5.0,0.0,0.0,0,,,0.0,0,
1205,61952,-5.0,0.0,0.0,0,,,0.0,0,
1206,61952,-5.0,0.0,0.0,0,,,0.0,0,
1207,61952,-5.0,0.0,0.0,0,,,0.0,0,
1208,61952,-4.0,0.0,0.0,0,,,0.0,0,
1209,61952,-5.0,0.0,0.0,0,,,0.0,0,
1210,61952,-5.0,0.0,0.0,0,,,0.0,0,
1211,61952,-5.0,0.0,0.0,0,,,0.0,0,
1212,61952,-5.0,0.0,0.0,0,,,0.0,0,
1213,61952,-5.0,0.0,0.0,0,,,0.0,0,
1214,61952,-5.0,0.0,0.0,0,,,0.0,0,
1215,61952,-5.0,0.0,0.0,0,,,0.0,0,
1216,61952,-4.0,0.0,0.0,0,,,0.0,0,
1217,61952,-5.0,0.0,0.0,0,,,0.0,0,
1218,61952,-5.0,0.0,0.0,0,,,0.0,0,
1219,61952,-5.0,0.0,0.0,0,,,0.0,0,
1220,61952,-5.0,0.0,0.0,0,,,0.0,0,
1221,61952,-5.0,0.0,0.0,0,,,0.0,0,
1222,62016,-4.0,0.0,0.0,0,,,0.0,0,
1223,62208,-4.0,0.0,0.0,0,,,0.0,0,
1224,62208,-4.0,0.0,0.0,0,,,0.0,0,
1225,62336,-5.0,0.0,0.0,0,,,0.0,0,
1226,62464,-5.0,0.0,0.0,0,,,0.0,0,
1227,62464,-5.0,0.0,0.0,0,,,0.0,0,
1228,62464,7.7,1.0,0.0,0,,,0.0,0,
1229,62528,9.9,1.0,0.0,0,,,0.0,0,
1230,62592,-5.0,0.0,0.0,0,,,0.0,0,
1231,62656,-5.0,0.0,0.0,0,,,0.0,0,
1232,62656,-4.0,0.0,0.0,0,,,0.0,0,
1233,62720,-4.0,0.0,0.0,0,,,0.0,0,
1234,62720,-5.0,0.0,0.0,0,,,0.0,0,
1235,62784,-4.0,0.0,0.0,0,,,0.0,0,
1236,62848,-5.0,0.0,0.0,0,,,0.0,0,
1237,63104,-5.0,0.0,0.0,0,,,0.0,0,
1238,63168,-5.0,0.0,0.0,0,,,0.0,0,
1239,63424,-5.0,0.0,0.0,0,,,0.0,0,
1240,63424,-4.0,0.0,0.0,0,,,0.0,0,
1241,63488,-4.0,0.0,0.0,0,,,0.0,0,
1242,63744,-5.0,0.0,0.0,0,,,0.0,0,
1243,63744,9.3,1.0,0.0,0,,,0.0,0,
1244,63744,-5.0,0.0,0.0,0,,,0.0,0,
1245,63872,-5.0,0.0,0.0,0,,,0.0,0,
1246,64128,-5.0,0.0,0.0,0,,,0.0,0,
1247,64192,-4.0,0.0,0.0,0,,,0.0,0,
1248,64256,-5.0,0.0,0.0,0,,,0.0,0,
1249,64256,8.5,1.0,0.0,0,,,0.0,0,
1250,64256,-5.0,0.0,0.0,0,,,0.0,0,
1251,64256,-5.0,0.0,0.0,0,,,0.0,0,
1252,64256,-5.0,0.0,0.0,0,,,0.0,0,
1253,64320,8.4,1.0,0.0,0,,,0.0,0,
1254,64320,-4.0,0.0,0.0,0,,,0.0,0,
1255,64640,-5.0,0.0,0.0,0,,,0.0,0,
1256,64768,-4.0,0.0,0.0,0,,,0.0,0,
1257,64768,-5.0,0.0,0.0,0,,,0.0,0,
1258,64768,-4.0,0.0,0.0,0,,,0.0,0,
1259,64896,-5.0,0.0,0.0,0,,,0.0,0,
1260,64896,-5.0,0.0,0.0,0,,,0.0,0,
1261,65152,-5.0,0.0,0.0,0,,,0.0,0,
1262,65216,-5.0,0.0,0.0,0,,,0.0,0,
1263,65216,-4.0,0.0,0.0,0,,,0.0,0,
1264,65216,-5.0,0.0,0.0,0,,,0.0,0,
1265,65216,-5.0,0.0,0.0,0,,,0.0,0,
1266,65216,-5.0,0.0,0.0,0,,,0.0,0,
1267,65216,-5.0,0.0,0.0,0,,,0.0,0,
1268,65216,-5.0,0.0,0.0,0,,,0.0,0,
1269,65216,-5.0,0.0,0.0,0,,,0.0,0,
1270,65216,-5.0,0.0,0.0,0,,,0.0,0,
1271,65216,-4.0,0.0,0.0,0,,,0.0,0,
1272,65216,-5.0,0.0,0.0,0,,,0.0,0,
1273,65216,-5.0,0.0,0.0,0,,,0.0,0,
1274,65216,-4.0,0.0,0.0,0,,,0.0,0,
1275,65216,-5.0,0.0,0.0,0,,,0.0,0,
1276,65216,-5.0,0.0,0.0,0,,,0.0,0,
1277,65216,-5.0,0.0,0.0,0,,,0.0,0,
1278,65216,-5.0,0.0,0.0,0,,,0.0,0,
1279,65216,-4.0,0.0,0.0,0,,,0.0,0,
1280,65216,-5.0,0.0,0.0,0,,,0.0,0,
1281,65216,-5.0,0.0,0.0,0,,,0.0,0,
1282,65216,-4.0,0.0,0.0,0,,,0.0,0,
1283,65216,-4.0,0.0,0.0,0,,,0.0,0,
1284,65216,-5.0,0.0,0.0,0,,,0.0,0,
1285,65216,-5.0,0.0,0.0,0,,,0.0,0,
1286,65280,-5.0,0.0,0.0,0,,,0.0,0,
1287,65472,-5.0,0.0,0.0,0,,,0.0,0,
1288,65472,-4.0,0.0,0.0,0,,,0.0,0,
1289,65600,-5.0,0.0,0.0,0,,,0.0,0,
1290,65728,-5.0,0.0,0.0,0,,,0.0,0,
1291,65728,-4.0,0.0,0.0,0,,,0.0,0,
1292,65728,-5.0,0.0,0.0,0,,,0.0,0,
1293,65792,-5.0,0.0,0.0,0,,,0.0,0,
1294,65856,-5.0,0.0,0.0,0,,,0.0,0,
1295,65920,-5.0,0.0,0.0,0,,,0.0,0,
1296,65920,-5.0,0.0,0.0,0,,,0.0,0,
1297,65984,-5.0,0.0,0.0,0,,,0.0,0,
1298,65984,-5.0,0.0,0.0,0,,,0.0,0,
1299,66048,-5.0,0.0,0.0,0,,,0.0,0,
1300,66112,-5.0,0.0,0.0,0,,,0.0,0,
1301,66368,-5.0,0.0,0.0,0,,,0.0,0,
1302,66432,-4.0,0.0,0.0,0,,,0.0,0,
1303,66688,-5.0,0.0,0.0,0,,,0.0,0,
1304,66688,-5.0,0.0,0.0,0,,,0.0,0,
1305,66752,-5.0,0.0,0.0,0,,,0.0,0,
1306,67008,-5.0,0.0,0.0,0,,,0.0,0,
1307,67008,-4.0,0.0,0.0,0,,,0.0,0,
1308,67008,-4.0,0.0,0.0,0,,,0.0,0,
1309,67136,-5.0,0.0,0.0,0,,,0.0,0,
1310,67392,-5.0,0.0,0.0,0,,,0.0,0,
1311,67456,-5.0,0.0,0.0,0,,,0.0,0,
1312,67520,-4.0,0.0,0.0,0,,,0.0,0,
1313,67520,-5.0,0.0,0.0,0,,,0.0,0,
1314,67520,-5.0,0.0,0.0,0,,,0.0,0,
1315,67520,-5.0,0.0,0.0,0,,,0.0,0,
1316,67520,-5.0,0.0,0.0,0,,,0.0,0,
1317,67584,-5.0,0.0,0.0,0,,,0.0,0,
1318,67584,-5.0,0.0,0.0,0,,,0.0,0,
1319,67584,9.2,1.0,0.0,0,,,0.0,0,
1320,67840,8.0,1.0,0.0,0,,,0.0,0,
1321,67904,-4.0,0.0,0.0,0,,,0.0,0,
1322,68032,-5.0,0.0,0.0,0,,,0.0,0,
1323,68032,-5.0,0.0,0.0,0,,,0.0,0,
1324,68032,-5.0,0.0,0.0,0,,,0.0,0,
1325,68160,-5.0,0.0,0.0,0,,,0.0,0,
1326,68160,-5.0,0.0,0.0,0,,,0.0,0,
1327,68288,7.3,1.0,0.0,0,,,0.0,0,
1328,68416,-5.0,0.0,0.0,0,,,0.0,0,
1329,68480,-4.0,0.0,0.0,0,,,0.0,0,
1330,68480,-5.0,0.0,0.0,0,,,0.0,0,
1331,68480,-5.0,0.0,0.0,0,,,0.0,0,
1332,68480,-5.0,0.0,0.0,0,,,0.0,0,
1333,68480,-5.0,0.0,0.0,0,,,0.0,0,
1334,68480,-5.0,0.0,0.0,0,,,0.0,0,
1335,68480,-5.0,0.0,0.0,0,,,0.0,0,
1336,68480,-5.0,0.0,0.0,0,,,0.0,0,
1337,68480,-5.0,0.0,0.0,0,,,0.0,0,
1338,68480,-5.0,0.0,0.0,0,,,0.0,0,
1339,68480,-5.0,0.0,0.0,0,,,0.0,0,
1340,68480,-5.0,0.0,0.0,0,,,0.0,0,
1341,68480,-4.0,0.0,0.0,0,,,0.0,0,
1342,68480,-5.0,0.0,0.0,0,,,0.0,0,
1343,68480,-5.0,0.0,0.0,0,,,0.0,0,
1344,68480,-5.0,0.0,0.0,0,,,0.0,0,
1345,68480,-5.0,0.0,0.0,0,,,0.0,0,
1346,68480,-5.0,0.0,0.0,0,,,0.0,0,
1347,68480,-5.0,0.0,0.0,0,,,0.0,0,
1348,68480,-4.0,0.0,0.0,0,,,0.0,0,
1349,68480,-4.0,0.0,0.0,0,,,0.0,0,
1350,68480,-5.0,0.0,0.0,0,,,0.0,0,
1351,68544,-5.0,0.0,0.0,0,,,0.0,0,
1352,68736,-5.0,0.0,0.0,0,,,0.0,0,
1353,68736,-5.0,0.0,0.0,0,,,0.0,0,
1354,68800,11.6,1.0,0.0,0,,,0.0,0,
1355,68864,-5.0,0.0,0.0,0,,,0.0,0,
1356,68928,11.4,1.0,0.0,0,,,0.0,0,
1357,68992,-5.0,0.0,0.0,0,,,0.0,0,
1358,68992,-5.0,0.0,0.0,0,,,0.0,0,
1359,69056,-4.0,0.0,0.0,0,,,0.0,0,
1360,69120,-5.0,0.0,0.0,0,,,0.0,0,
1361,69184,-5.0,0.0,0.0,0,,,0.0,0,
1362,69184,-5.0,0.0,0.0,0,,,0.0,0,
1363,69248,-4.0,0.0,0.0,0,,,0.0,0,
1364,69248,-5.0,0.0,0.0,0,,,0.0,0,
1365,69312,-5.0,0.0,0.0,0,,,0.0,0,
1366,69376,-5.0,0.0,0.0,0,,,0.0,0,
1367,69632,-4.0,0.0,0.0,0,,,0.0,0,
1368,69696,-5.0,0.0,0.0,0,,,0.0,0,
1369,69696,11.1,1.0,0.0,0,,,0.0,0,
1370,69760,10.1,1.0,0.0,0,,,0.0,0,
1371,69824,11.0,1.0,0.0,0,,,0.0,0,
1372,69888,11.1,1.0,0.0,0,,,0.0,0,
1373,69952,-4.0,0.0,0.0,0,,,0.0,0,
1374,69952,-5.0,0.0,0.0,0,,,0.0,0,
1375,70016,-4.0,0.0,0.0,0,,,0.0,0,
1376,70272,-5.0,0.0,0.0,0,,,0.0,0,
1377,70272,-5.0,0.0,0.0,0,,,0.0,0,
1378,70272,-5.0,0.0,0.0,0,,,0.0,0,
1379,70400,-5.0,0.0,0.0,0,,,0.0,0,
1380,70656,9.5,1.0,0.0,0,,,0.0,0,
1381,70656,-5.0,0.0,0.0,0,,,0.0,0,
1382,70720,-4.0,0.0,0.0,0,,,0.0,0,
1383,70784,-5.0,0.0,0.0,0,,,0.0,0,
1384,70784,-5.0,0.0,0.0,0,,,0.0,0,
1385,70784,-5.0,0.0,0.0,0,,,0.0,0,
1386,70784,-4.0,0.0,0.0,0,,,0.0,0,
1387,70784,-5.0,0.0,0.0,0,,,0.0,0,
1388,70848,-4.0,0.0,0.0,0,,,0.0,0,
1389,70848,-5.0,0.0,0.0,0,,,0.0,0,
1390,70848,-5.0,0.0,0.0,0,,,0.0,0,
1391,71104,-5.0,0.0,0.0,0,,,0.0,0,
1392,71168,-5.0,0.0,0.0,0,,,0.0,0,
1393,71296,-5.0,0.0,0.0,0,,,0.0,0,
1394,71296,-5.0,0.0,0.0,0,,,0.0,0,
1395,71296,-4.0,0.0,0.0,0,,,0.0,0,
1396,71424,-5.0,0.0,0.0,0,,,0.0,0,
1397,71424,-5.0,0.0,0.0,0,,,0.0,0,
1398,71552,-5.0,0.0,0.0,0,,,0.0,0,
1399,71552,9.6,1.0,0.0,0,,,0.0,0,
1400,71680,-5.0,0.0,0.0,0,,,0.0,0,
1401,71744,-5.0,0.0,0.0,0,,,0.0,0,
1402,71744,-5.0,0.0,0.0,0,,,0.0,0,
1403,71744,-5.0,0.0,0.0,0,,,0.0,0,
1404,71744,-5.0,0.0,0.0,0,,,0.0,0,
1405,71744,-5.0,0.0,0.0,0,,,0.0,0,
1406,71744,-5.0,0.0,0.0,0,,,0.0,0,
1407,71744,-4.0,0.0,0.0,0,,,0.0,0,
1408,71744,8.4,1.0,0.0,0,,,0.0,0,
1409,71744,-5.0,0.0,0.0,0,,,0.0,0,
1410,71744,-5.0,0.0,0.0,0,,,0.0,0,
1411,71744,-4.0,0.0,0.0,0,,,0.0,0,
1412,71744,-4.0,0.0,0.0,0,,,0.0,0,
1413,71744,-4.0,0.0,0.0,0,,,0.0,0,
1414,71744,-5.0,0.0,0.0,0,,,0.0,0,
1415,71744,-5.0,0.0,0.0,0,,,0.0,0,
1416,71744,-5.0,0.0,0.0,0,,,0.0,0,
1417,71744,-5.0,0.0,0.0,0,,,0.0,0,
1418,71744,-4.0,0.0,0.0,0,,,0.0,0,
1419,71744,-5.0,0.0,0.0,0,,,0.0,0,
1420,71744,-4.0,0.0,0.0,0,,,0.0,0,
1421,71808,-4.0,0.0,0.0,0,,,0.0,0,
1422,72000,-4.0,0.0,0.0,0,,,0.0,0,
1423,72000,-5.0,0.0,0.0,0,,,0.0,0,
1424,72064,-5.0,0.0,0.0,0,,,0.0,0,
1425,72128,-5.0,0.0,0.0,0,,,0.0,0,
1426,72192,-5.0,0.0,0.0,0,,,0.0,0,
1427,72256,-5.0,0.0,0.0,0,,,0.0,0,
1428,72448,-5.0,0.0,0.0,0,,,0.0,0,
1429,72448,-5.0,0.0,0.0,0,,,0.0,0,
1430,72512,-5.0,0.0,0.0,0,,,0.0,0,
1431,72576,-4.0,0.0,0.0,0,,,0.0,0,
1432,72896,-5.0,0.0,0.0,0,,,0.0,0,
1433,72960,-5.0,0.0,0.0,0,,,0.0,0,
1434,72960,-5.0,0.0,0.0,0,,,0.0,0,
1435,73024,-5.0,0.0,0.0,0,,,0.0,0,
1436,73088,-5.0,0.0,0.0,0,,,0.0,0,
1437,73152,-5.0,0.0,0.0,0,,,0.0,0,
1438,73216,-5.0,0.0,0.0,0,,,0.0,0,
1439,73280,-5.0,0.0,0.0,0,,,0.0,0,
1440,73536,-5.0,0.0,0.0,0,,,0.0,0,
1441,73536,-4.0,0.0,0.0,0,,,0.0,0,
1442,73536,-5.0,0.0,0.0,0,,,0.0,0,
1443,73664,-4.0,0.0,0.0,0,,,0.0,0,
1444,73920,-5.0,0.0,0.0,0,,,0.0,0,
1445,73920,-4.0,0.0,0.0,0,,,0.0,0,
1446,73984,-5.0,0.0,0.0,0,,,0.0,0,
1447,74048,-5.0,0.0,0.0,0,,,0.0,0,
1448,74048,-5.0,0.0,0.0,0,,,0.0,0,
1449,74048,-5.0,0.0,0.0,0,,,0.0,0,
1450,74048,-5.0,0.0,0.0,0,,,0.0,0,
1451,74048,-4.0,0.0,0.0,0,,,0.0,0,
1452,74112,-5.0,0.0,0.0,0,,,0.0,0,
1453,74112,-5.0,0.0,0.0,0,,,0.0,0,
1454,74112,-5.0,0.0,0.0,0,,,0.0,0,
1455,74240,9.3,1.0,0.0,0,,,0.0,0,
1456,74368,-5.0,0.0,0.0,0,,,0.0,0,
1457,74432,-5.0,0.0,0.0,0,,,0.0,0,
1458,74560,-4.0,0.0,0.0,0,,,0.0,0,
1459,74560,-5.0,0.0,0.0,0,,,0.0,0,
1460,74560,-5.0,0.0,0.0,0,,,0.0,0,
1461,74688,-5.0,0.0,0.0,0,,,0.0,0,
1462,74688,-4.0,0.0,0.0,0,,,0.0,0,
1463,74816,-4.0,0.0,0.0,0,,,0.0,0,
1464,74816,-5.0,0.0,0.0,0,,,0.0,0,
1465,74944,-5.0,0.0,0.0,0,,,0.0,0,
1466,75008,-5.0,0.0,0.0,0,,,0.0,0,
1467,75008,-4.0,0.0,0.0,0,,,0.0,0,
1468,75008,-5.0,0.0,0.0,0,,,0.0,0,
1469,75008,-5.0,0.0,0.0,0,,,0.0,0,
1470,75008,-5.0,0.0,0.0,0,,,0.0,0,
1471,75008,-4.0,0.0,0.0,0,,,0.0,0,
1472,75008,-5.0,0.0,0.0,0,,,0.0,0,
1473,75008,-5.0,0.0,0.0,0,,,0.0,0,
1474,75008,-5.0,0.0,0.0,0,,,0.0,0,
1475,75008,-5.0,0.0,0.0,0,,,0.0,0,
1476,75008,-5.0,0.0,0.0,0,,,0.0,0,
1477,75008,-5.0,0.0,0.0,0,,,0.0,0,
1478,75008,-5.0,0.0,0.0,0,,,0.0,0,
1479,75008,-5.0,0.0,0.0,0,,,0.0,0,
1480,75008,-5.0,0.0,0.0,0,,,0.0,0,
1481,75008,-5.0,0.0,0.0,0,,,0.0,0,
1482,75008,-5.0,0.0,0.0,0,,,0.0,0,
1483,75008,-5.0,0.0,0.0,0,,,0.0,0,
1484,75008,-5.0,0.0,0.0,0,,,0.0,0,
1485,75008,-5.0,0.0,0.0,0,,,0.0,0,
1486,75072,-5.0,0.0,0.0,0,,,0.0,0,
1487,75264,-4.0,0.0,0.0,0,,,0.0,0,
1488,75264,-5.0,0.0,0.0,0,,,0.0,0,
1489,75328,-5.0,0.0,0.0,0,,,0.0,0,
1490,75392,-5.0,0.0,0.0,0,,,0.0,0,
1491,75456,-5.0,0.0,0.0,0,,,0.0,0,
1492,75520,-5.0,0.0,0.0,0,,,0.0,0,
1493,75712,-4.0,0.0,0.0,0,,,0.0,0,
1494,75776,-5.0,0.0,0.0,0,,,0.0,0,
1495,75840,-5.0,0.0,0.0,0,,,0.0,0,
1496,76160,-5.0,0.0,0.0,0,,,0.0,0,
1497,76224,-5.0,0.0,0.0,0,,,0.0,0,
1498,76224,-5.0,0.0,0.0,0,,,0.0,0,
1499,76288,-5.0,0.0,0.0,0,,,0.0,0,
1500,76352,-5.0,0.0,0.0,0,,,0.0,0,
1501,76416,-5.0,0.0,0.0,0,,,0.0,0,
1502,76480,-5.0,0.0,0.0,0,,,0.0,0,
1503,76544,-5.0,0.0,0.0,0,,,0.0,0,
1504,76736,10.6,1.0,0.0,0,,,0.0,0,
1505,76800,-5.0,0.0,0.0,0,,,0.0,0,
1506,76800,-4.0,0.0,0.0,0,,,0.0,0,
1507,76800,-4.0,0.0,0.0,0,,,0.0,0,
1508,76928,-5.0,0.0,0.0,0,,,0.0,0,
1509,77184,-5.0,0.0,0.0,0,,,0.0,0,
1510,77184,-5.0,0.0,0.0,0,,,0.0,0,
1511,77248,-5.0,0.0,0.0,0,,,0.0,0,
1512,77312,-5.0,0.0,0.0,0,,,0.0,0,
1513,77312,-5.0,0.0,0.0,0,,,0.0,0,
1514,77312,-5.0,0.0,0.0,0,,,0.0,0,
1515,77312,-4.0,0.0,0.0,0,,,0.0,0,
1516,77312,-4.0,0.0,0.0,0,,,0.0,0,
1517,77376,-5.0,0.0,0.0,0,,,0.0,0,
1518,77376,-5.0,0.0,0.0,0,,,0.0,0,
1519,77376,-5.0,0.0,0.0,0,,,0.0,0,
1520,77504,-4.0,0.0,0.0,0,,,0.0,0,
1521,77632,-4.0,0.0,0.0,0,,,0.0,0,
1522,77696,-5.0,0.0,0.0,0,,,0.0,0,
1523,77824,-5.0,0.0,0.0,0,,,0.0,0,
1524,77824,-5.0,0.0,0.0,0,,,0.0,0,
1525,77824,-5.0,0.0,0.0,0,,,0.0,0,
1526,77952,-4.0,0.0,0.0,0,,,0.0,0,
1527,77952,-4.0,0.0,0.0,0,,,0.0,0,
1528,78080,-4.0,0.0,0.0,0,,,0.0,0,
1529,78080,-5.0,0.0,0.0,0,,,0.0,0,
1530,78208,-4.0,0.0,0.0,0,,,0.0,0,
1531,78272,-5.0,0.0,0.0,0,,,0.0,0,
1532,78272,-5.0,0.0,0.0,0,,,0.0,0,
1533,78272,-5.0,0.0,0.0,0,,,0.0,0,
1534,78272,-4.0,0.0,0.0,0,,,0.0,0,
1535,78272,-5.0,0.0,0.0,0,,,0.0,0,
1536,78272,-5.0,0.0,0.0,0,,,0.0,0,
1537,78272,-5.0,0.0,0.0,0,,,0.0,0,
1538,78272,-5.0,0.0,0.0,0,,,0.0,0,
1539,78272,-5.0,0.0,0.0,0,,,0.0,0,
1540,78272,-5.0,0.0,0.0,0,,,0.0,0,
1541,78272,-5.0,0.0,0.0,0,,,0.0,0,
1542,78272,-5.0,0.0,0.0,0,,,0.0,0,
1543,78272,-5.0,0.0,0.0,0,,,0.0,0,
1544,78272,-4.0,0.0,0.0,0,,,0.0,0,
1545,78272,-4.0,0.0,0.0,0,,,0.0,0,
1546,78272,-5.0,0.0,0.0,0,,,0.0,0,
1547,78272,-5.0,0.0,0.0,0,,,0.0,0,
1548,78272,-5.0,0.0,0.0,0,,,0.0,0,
1549,78272,-5.0,0.0,0.0,0,,,0.0,0,
1550,78272,-4.0,0.0,0.0,0,,,0.0,0,
1551,78336,-4.0,0.0,0.0,0,,,0.0,0,
1552,78528,-4.0,0.0,0.0,0,,,0.0,0,
1553,78528,-5.0,0.0,0.0,0,,,0.0,0,
1554,78592,-5.0,0.0,0.0,0,,,0.0,0,
1555,78656,-5.0,0.0,0.0,0,,,0.0,0,
1556,78720,-4.0,0.0,0.0,0,,,0.0,0,
1557,78784,-5.0,0.0,0.0,0,,,0.0,0,
1558,78976,-5.0,0.0,0.0,0,,,0.0,0,
1559,79104,-4.0,0.0,0.0,0,,,0.0,0,
1560,79424,-5.0,0.0,0.0,0,,,0.0,0,
1561,79488,-5.0,0.0,0.0,0,,,0.0,0,
1562,79488,-5.0,0.0,0.0,0,,,0.0,0,
1563,79552,-5.0,0.0,0.0,0,,,0.0,0,
1564,79616,-5.0,0.0,0.0,0,,,0.0,0,
1565,79680,-4.0,0.0,0.0,0,,,0.0,0,
1566,79744,-4.0,0.0,0.0,0,,,0.0,0,
1567,79808,-4.0,0.0,0.0,0,,,0.0,0,
1568,80000,-5.0,0.0,0.0,0,,,0.0,0,
1569,80064,-5.0,0.0,0.0,0,,,0.0,0,
1570,80064,-5.0,0.0,0.0,0,,,0.0,0,
1571,80064,-5.0,0.0,0.0,0,,,0.0,0,
1572,80192,-4.0,0.0,0.0,0,,,0.0,0,
1573,80448,-5.0,0.0,0.0,0,,,0.0,0,
1574,80448,-5.0,0.0,0.0,0,,,0.0,0,
1575,80512,-5.0,0.0,0.0,0,,,0.0,0,
1576,80576,-5.0,0.0,0.0,0,,,0.0,0,
1577,80576,-5.0,0.0,0.0,0,,,0.0,0,
1578,80576,-4.0,0.0,0.0,0,,,0.0,0,
1579,80576,-5.0,0.0,0.0,0,,,0.0,0,
1580,80576,-4.0,0.0,0.0,0,,,0.0,0,
1581,80640,-5.0,0.0,0.0,0,,,0.0,0,
1582,80640,-5.0,0.0,0.0,0,,,0.0,0,
1583,80640,-4.0,0.0,0.0,0,,,0.0,0,
1584,80768,-5.0,0.0,0.0,0,,,0.0,0,
1585,80896,-5.0,0.0,0.0,0,,,0.0,0,
1586,80960,-5.0,0.0,0.0,0,,,0.0,0,
1587,81088,-5.0,0.0,0.0,0,,,0.0,0,
1588,81088,-4.0,0.0,0.0,0,,,0.0,0,
1589,81088,-5.0,0.0,0.0,0,,,0.0,0,
1590,81216,-5.0,0.0,0.0,0,,,0.0,0,
1591,81216,-5.0,0.0,0.0,0,,,0.0,0,
1592,81280,8.1,1.0,0.0,0,,,0.0,0,
1593,81344,-5.0,0.0,0.0,0,,,0.0,0,
1594,81344,-4.0,0.0,0.0,0,,,0.0,0,
1595,81472,-5.0,0.0,0.0,0,,,0.0,0,
1596,81536,-4.0,0.0,0.0,0,,,0.0,0,
1597,81536,-5.0,0.0,0.0,0,,,0.0,0,
1598,81536,-4.0,0.0,0.0,0,,,0.0,0,
1599,81536,-5.0,0.0,0.0,0,,,0.0,0,
1600,81536,-5.0,0.0,0.0,0,,,0.0,0,
1601,81536,-4.0,0.0,0.0,0,,,0.0,0,
1602,81536,-4.0,0.0,0.0,0,,,0.0,0,
1603,81536,-5.0,0.0,0.0,0,,,0.0,0,
1604,81536,-4.0,0.0,0.0,0,,,0.0,0,
1605,81536,-5.0,0.0,0.0,0,,,0.0,0,
1606,81536,-5.0,0.0,0.0,0,,,0.0,0,
1607,81536,-4.0,0.0,0.0,0,,,0.0,0,
1608,81536,-5.0,0.0,0.0,0,,,0.0,0,
1609,81536,-5.0,0.0,0.0,0,,,0.0,0,
1610,81536,-4.0,0.0,0.0,0,,,0.0,0,
1611,81536,-4.0,0.0,0.0,0,,,0.0,0,
1612,81536,-5.0,0.0,0.0,0,,,0.0,0,
1613,81536,-5.0,0.0,0.0,0,,,0.0,0,
1614,81536,-5.0,0.0,0.0,0,,,0.0,0,
1615,81536,-4.0,0.0,0.0,0,,,0.0,0,
1616,81600,-5.0,0.0,0.0,0,,,0.0,0,
1617,81792,-5.0,0.0,0.0,0,,,0.0,0,
1618,81792,-5.0,0.0,0.0,0,,,0.0,0,
1619,81856,-5.0,0.0,0.0,0,,,0.0,0,
1620,81920,-5.0,0.0,0.0,0,,,0.0,0,
1621,82048,-5.0,0.0,0.0,0,,,0.0,0,
1622,82240,-5.0,0.0,0.0,0,,,0.0,0,
1623,82368,-5.0,0.0,0.0,0,,,0.0,0,
1624,82432,10.7,1.0,0.0,0,,,0.0,0,
1625,82688,-4.0,0.0,0.0,0,,,0.0,0,
1626,82752,-5.0,0.0,0.0,0,,,0.0,0,
1627,82752,-4.0,0.0,0.0,0,,,0.0,0,
1628,82816,-5.0,0.0,0.0,0,,,0.0,0,
1629,82880,-5.0,0.0,0.0,0,,,0.0,0,
1630,82944,-5.0,0.0,0.0,0,,,0.0,0,
1631,83008,-5.0,0.0,0.0,0,,,0.0,0,
1632,83072,-5.0,0.0,0.0,0,,,0.0,0,
1633,83264,-5.0,0.0,0.0,0,,,0.0,0,
1634,83328,-5.0,0.0,0.0,0,,,0.0,0,
1635,83328,-5.0,0.0,0.0,0,,,0.0,0,
1636,83328,-4.0,0.0,0.0,0,,,0.0,0,
1637,83456,-5.0,0.0,0.0,0,,,0.0,0,
1638,83712,-5.0,0.0,0.0,0,,,0.0,0,
1639,83712,-4.0,0.0,0.0,0,,,0.0,0,
1640,83776,-5.0,0.0,0.0,0,,,0.0,0,
1641,83840,11.3,1.0,0.0,0,,,0.0,0,
1642,83840,-5.0,0.0,0.0,0,,,0.0,0,
1643,83840,-5.0,0.0,0.0,0,,,0.0,0,
1644,83840,-5.0,0.0,0.0,0,,,0.0,0,
1645,83840,-4.0,0.0,0.0,0,,,0.0,0,
1646,83840,-5.0,0.0,0.0,0,,,0.0,0,
1647,83904,-5.0,0.0,0.0,0,,,0.0,0,
1648,83904,8.9,1.0,0.0,0,,,0.0,0,
1649,83904,-5.0,0.0,0.0,0,,,0.0,0,
1650,83904,-5.0,0.0,0.0,0,,,0.0,0,
1651,84032,-4.0,0.0,0.0,0,,,0.0,0,
1652,84160,-5.0,0.0,0.0,0,,,0.0,0,
1653,84224,-4.0,0.0,0.0,0,,,0.0,0,
1654,84352,-5.0,0.0,0.0,0,,,0.0,0,
1655,84352,-4.0,0.0,0.0,0,,,0.0,0,
1656,84352,-5.0,0.0,0.0,0,,,0.0,0,
1657,84480,-5.0,0.0,0.0,0,,,0.0,0,
1658,84480,-5.0,0.0,0.0,0,,,0.0,0,
1659,84544,-4.0,0.0,0.0,0,,,0.0,0,
1660,84608,-5.0,0.0,0.0,0,,,0.0,0,
1661,84608,-5.0,0.0,0.0,0,,,0.0,0,
1662,84736,-5.0,0.0,0.0,0,,,0.0,0,
1663,84800,-4.0,0.0,0.0,0,,,0.0,0,
1664,84800,-4.0,0.0,0.0,0,,,0.0,0,
1665,84800,-5.0,0.0,0.0,0,,,0.0,0,
1666,84800,-4.0,0.0,0.0,0,,,0.0,0,
1667,84800,-4.0,0.0,0.0,0,,,0.0,0,
1668,84800,-5.0,0.0,0.0,0,,,0.0,0,
1669,84800,-5.0,0.0,0.0,0,,,0.0,0,
1670,84800,-5.0,0.0,0.0,0,,,0.0,0,
1671,84800,-5.0,0.0,0.0,0,,,0.0,0,
1672,84800,-5.0,0.0,0.0,0,,,0.0,0,
1673,84800,-4.0,0.0,0.0,0,,,0.0,0,
1674,84800,-5.0,0.0,0.0,0,,,0.0,0,
1675,84800,-4.0,0.0,0.0,0,,,0.0,0,
1676,84800,-5.0,0.0,0.0,0,,,0.0,0,
1677,84800,-4.0,0.0,0.0,0,,,0.0,0,
1678,84800,-4.0,0.0,0.0,0,,,0.0,0,
1679,84800,-4.0,0.0,0.0,0,,,0.0,0,
1680,84800,-4.0,0.0,0.0,0,,,0.0,0,
1681,84800,-5.0,0.0,0.0,0,,,0.0,0,
1682,84864,-5.0,0.0,0.0,0,,,0.0,0,
1683,85056,-4.0,0.0,0.0,0,,,0.0,0,
1684,85056,-5.0,0.0,0.0,0,,,0.0,0,
1685,85120,11.6,1.0,0.0,0,,,0.0,0,
1686,85184,-5.0,0.0,0.0,0,,,0.0,0,
1687,85312,-5.0,0.0,0.0,0,,,0.0,0,
1688,85504,-5.0,0.0,0.0,0,,,0.0,0,
1689,85632,-5.0,0.0,0.0,0,,,0.0,0,
1690,85696,-4.0,0.0,0.0,0,,,0.0,0,
1691,85888,8.0,1.0,0.0,0,,,0.0,0,
1692,85952,-5.0,0.0,0.0,0,,,0.0,0,
1693,86016,-5.0,0.0,0.0,0,,,0.0,0,
1694,86016,-5.0,0.0,0.0,0,,,0.0,0,
1695,86080,-5.0,0.0,0.0,0,,,0.0,0,
1696,86144,-5.0,0.0,0.0,0,,,0.0,0,
1697,86208,9.0,1.0,0.0,0,,,0.0,0,
1698,86208,-5.0,0.0,0.0,0,,,0.0,0,
1699,86272,-4.0,0.0,0.0,0,,,0.0,0,
1700,86336,-5.0,0.0,0.0,0,,,0.0,0,
1701,86592,-5.0,0.0,0.0,0,,,0.0,0,
1702,86592,-5.0,0.0,0.0,0,,,0.0,0,
1703,86720,-5.0,0.0,0.0,0,,,0.0,0,
1704,86976,-5.0,0.0,0.0,0,,,0.0,0,
1705,86976,-4.0,0.0,0.0,0,,,0.0,0,
1706,87040,-5.0,0.0,0.0,0,,,0.0,0,
1707,87104,-5.0,0.0,0.0,0,,,0.0,0,
1708,87104,-5.0,0.0,0.0,0,,,0.0,0,
1709,87104,-4.0,0.0,0.0,0,,,0.0,0,
1710,87104,-5.0,0.0,0.0,0,,,0.0,0,
1711,87104,-4.0,0.0,0.0,0,,,0.0,0,
1712,87104,-5.0,0.0,0.0,0,,,0.0,0,
1713,87168,-5.0,0.0,0.0,0,,,0.0,0,
1714,87168,-5.0,0.0,0.0,0,,,0.0,0,
1715,87168,-5.0,0.0,0.0,0,,,0.0,0,
1716,87168,-4.0,0.0,0.0,0,,,0.0,0,
1717,87296,-4.0,0.0,0.0,0,,,0.0,0,
1718,87424,-4.0,0.0,0.0,0,,,0.0,0,
1719,87616,-4.0,0.0,0.0,0,,,0.0,0,
1720,87616,10.5,1.0,0.0,0,,,0.0,0,
1721,87616,-5.0,0.0,0.0,0,,,0.0,0,
1722,87616,-5.0,0.0,0.0,0,,,0.0,0,
1723,87744,-5.0,0.0,0.0,0,,,0.0,0,
1724,87744,-5.0,0.0,0.0,0,,,0.0,0,
1725,87808,-4.0,0.0,0.0,0,,,0.0,0,
1726,87872,-5.0,0.0,0.0,0,,,0.0,0,
1727,87872,-4.0,0.0,0.0,0,,,0.0,0,
1728,88000,-5.0,0.0,0.0,0,,,0.0,0,
1729,88064,-4.0,0.0,0.0,0,,,0.0,0,
1730,88064,-5.0,0.0,0.0,0,,,0.0,0,
1731,88064,-5.0,0.0,0.0,0,,,0.0,0,
1732,88064,-4.0,0.0,0.0,0,,,0.0,0,
1733,88064,-5.0,0.0,0.0,0,,,0.0,0,
1734,88064,-4.0,0.0,0.0,0,,,0.0,0,
1735,88064,-5.0,0.0,0.0,0,,,0.0,0,
1736,88064,-5.0,0.0,0.0,0,,,0.0,0,
1737,88064,-5.0,0.0,0.0,0,,,0.0,0,
1738,88064,-5.0,0.0,0.0,0,,,0.0,0,
1739,88064,-4.0,0.0,0.0,0,,,0.0,0,
1740,88064,-4.0,0.0,0.0,0,,,0.0,0,
1741,88064,-4.0,0.0,0.0,0,,,0.0,0,
1742,88064,-4.0,0.0,0.0,0,,,0.0,0,
1743,88064,-5.0,0.0,0.0,0,,,0.0,0,
1744,88064,-5.0,0.0,0.0,0,,,0.0,0,
1745,88064,-5.0,0.0,0.0,0,,,0.0,0,
1746,88064,-5.0,0.0,0.0,0,,,0.0,0,
1747,88128,-5.0,0.0,0.0,0,,,0.0,0,
1748,88320,-5.0,0.0,0.0,0,,,0.0,0,
1749,88320,-5.0,0.0,0.0,0,,,0.0,0,
1750,88384,-5.0,0.0,0.0,0,,,0.0,0,
1751,88448,-5.0,0.0,0.0,0,,,0.0,0,
1752,88576,-4.0,0.0,0.0,0,,,0.0,0,
1753,88768,-4.0,0.0,0.0,0,,,0.0,0,
1754,88896,-5.0,0.0,0.0,0,,,0.0,0,
1755,88960,-5.0,0.0,0.0,0,,,0.0,0,
1756,89152,-5.0,0.0,0.0,0,,,0.0,0,
1757,89216,-4.0,0.0,0.0,0,,,0.0,0,
1758,89280,-5.0,0.0,0.0,0,,,0.0,0,
1759,89280,-4.0,0.0,0.0,0,,,0.0,0,
1760,89344,-5.0,0.0,0.0,0,,,0.0,0,
1761,89408,-4.0,0.0,0.0,0,,,0.0,0,
1762,89472,9.9,1.0,0.0,0,,,0.0,0,
1763,89472,-5.0,0.0,0.0,0,,,0.0,0,
1764,89472,-4.0,0.0,0.0,0,,,0.0,0,
1765,89536,-5.0,0.0,0.0,0,,,0.0,0,
1766,89600,-5.0,0.0,0.0,0,,,0.0,0,
1767,89856,-5.0,0.0,0.0,0,,,0.0,0,
1768,89856,9.3,1.0,0.0,0,,,0.0,0,
1769,89984,9.1,1.0,0.0,0,,,0.0,0,
1770,89984,-4.0,0.0,0.0,0,,,0.0,0,
1771,90240,-4.0,0.0,0.0,0,,,0.0,0,
1772,90240,-5.0,0.0,0.0,0,,,0.0,0,
1773,90304,-5.0,0.0,0.0,0,,,0.0,0,
1774,90368,-4.0,0.0,0.0,0,,,0.0,0,
1775,90368,-5.0,0.0,0.0,0,,,0.0,0,
1776,90368,-5.0,0.0,0.0,0,,,0.0,0,
1777,90368,-5.0,0.0,0.0,0,,,0.0,0,
1778,90368,-4.0,0.0,0.0,0,,,0.0,0,
1779,90368,-5.0,0.0,0.0,0,,,0.0,0,
1780,90432,-5.0,0.0,0.0,0,,,0.0,0,
1781,90432,-5.0,0.0,0.0,0,,,0.0,0,
1782,90432,-5.0,0.0,0.0,0,,,0.0,0,
1783,90432,-5.0,0.0,0.0,0,,,0.0,0,
1784,90560,-5.0,0.0,0.0,0,,,0.0,0,
1785,90688,-5.0,0.0,0.0,0,,,0.0,0,
1786,90688,10.2,1.0,0.0,0,,,0.0,0,
1787,90880,-4.0,0.0,0.0,0,,,0.0,0,
1788,90880,-4.0,0.0,0.0,0,,,0.0,0,
1789,90880,-5.0,0.0,0.0,0,,,0.0,0,
1790,90880,-5.0,0.0,0.0,0,,,0.0,0,
1791,91008,-5.0,0.0,0.0,0,,,0.0,0,
1792,91008,-5.0,0.0,0.0,0,,,0.0,0,
1793,91072,-5.0,0.0,0.0,0,,,0.0,0,
1794,91136,-5.0,0.0,0.0,0,,,0.0,0,
1795,91136,-5.0,0.0,0.0,0,,,0.0,0,
1796,91264,-5.0,0.0,0.0,0,,,0.0,0,
1797,91328,-5.0,0.0,0.0,0,,,0.0,0,
1798,91328,-5.0,0.0,0.0,0,,,0.0,0,
1799,91328,-5.0,0.0,0.0,0,,,0.0,0,
1800,91328,-5.0,0.0,0.0,0,,,0.0,0,
1801,91328,-5.0,0.0,0.0,0,,,0.0,0,
1802,91328,-5.0,0.0,0.0,0,,,0.0,0,
1803,91328,-4.0,0.0,0.0,0,,,0.0,0,
1804,91328,-4.0,0.0,0.0,0,,,0.0,0,
1805,91328,-5.0,0.0,0.0,0,,,0.0,0,
1806,91328,-4.0,0.0,0.0,0,,,0.0,0,
1807,91328,-4.0,0.0,0.0,0,,,0.0,0,
1808,91328,-5.0,0.0,0.0,0,,,0.0,0,
1809,91328,-5.0,0.0,0.0,0,,,0.0,0,
1810,91328,-4.0,0.0,0.0,0,,,0.0,0,
1811,91328,-5.0,0.0,0.0,0,,,0.0,0,
1812,91392,-4.0,0.0,0.0,0,,,0.0,0,
1813,91584,-5.0,0.0,0.0,0,,,0.0,0,
1814,91584,-4.0,0.0,0.0,0,,,0.0,0,
1815,91648,-5.0,0.0,0.0,0,,,0.0,0,
1816,91712,11.5,1.0,0.0,0,,,0.0,0,
1817,91712,-4.0,0.0,0.0,0,,,0.0,0,
1818,91840,-5.0,0.0,0.0,0,,,0.0,0,
1819,92032,-5.0,0.0,0.0,0,,,0.0,0,
1820,92160,-5.0,0.0,0.0,0,,,0.0,0,
1821,92224,-4.0,0.0,0.0,0,,,0.0,0,
1822,92416,-4.0,0.0,0.0,0,,,0.0,0,
1823,92480,-4.0,0.0,0.0,0,,,0.0,0,
1824,92544,-5.0,0.0,0.0,0,,,0.0,0,
1825,92544,-5.0,0.0,0.0,0,,,0.0,0,
1826,92608,-4.0,0.0,0.0,0,,,0.0,0,
1827,92672,-5.0,0.0,0.0,0,,,0.0,0,
1828,92736,-5.0,0.0,0.0,0,,,0.0,0,
1829,92736,-4.0,0.0,0.0,0,,,0.0,0,
1830,92800,-5.0,0.0,0.0,0,,,0.0,0,
1831,92864,-4.0,0.0,0.0,0,,,0.0,0,
1832,93120,-5.0,0.0,0.0,0,,,0.0,0,
1833,93120,-5.0,0.0,0.0,0,,,0.0,0,
1834,93248,-5.0,0.0,0.0,0,,,0.0,0,
1835,93248,-5.0,0.0,0.0,0,,,0.0,0,
1836,93312,10.9,1.0,0.0,0,,,0.0,0,
1837,93504,-5.0,0.0,0.0,0,,,0.0,0,
1838,93504,-5.0,0.0,0.0,0,,,0.0,0,
1839,93568,-5.0,0.0,0.0,0,,,0.0,0,
1840,93632,-5.0,0.0,0.0,0,,,0.0,0,
1841,93632,-5.0,0.0,0.0,0,,,0.0,0,
1842,93632,-5.0,0.0,0.0,0,,,0.0,0,
1843,93632,-5.0,0.0,0.0,0,,,0.0,0,
1844,93632,-5.0,0.0,0.0,0,,,0.0,0,
1845,93632,-4.0,0.0,0.0,0,,,0.0,0,
1846,93696,-5.0,0.0,0.0,0,,,0.0,0,
1847,93696,-4.0,0.0,0.0,0,,,0.0,0,
1848,93696,-4.0,0.0,0.0,0,,,0.0,0,
1849,93696,-5.0,0.0,0.0,0,,,0.0,0,
1850,93824,-4.0,0.0,0.0,0,,,0.0,0,
1851,93952,-5.0,0.0,0.0,0,,,0.0,0,
1852,93952,-4.0,0.0,0.0,0,,,0.0,0,
1853,94144,-5.0,0.0,0.0,0,,,0.0,0,
1854,94144,-5.0,0.0,0.0,0,,,0.0,0,
1855,94144,-5.0,0.0,0.0,0,,,0.0,0,
1856,94144,-5.0,0.0,0.0,0,,,0.0,0,
1857,94272,7.6,1.0,0.0,0,,,0.0,0,
1858,94272,-4.0,0.0,0.0,0,,,0.0,0,
1859,94272,-5.0,0.0,0.0,0,,,0.0,0,
1860,94336,-5.0,0.0,0.0,0,,,0.0,0,
1861,94400,-5.0,0.0,0.0,0,,,0.0,0,
1862,94400,-5.0,0.0,0.0,0,,,0.0,0,
1863,94528,-5.0,0.0,0.0,0,,,0.0,0,
1864,94592,-4.0,0.0,0.0,0,,,0.0,0,
1865,94592,-5.0,0.0,0.0,0,,,0.0,0,
1866,94592,-5.0,0.0,0.0,0,,,0.0,0,
1867,94592,-5.0,0.0,0.0,0,,,0.0,0,
1868,94592,-5.0,0.0,0.0,0,,,0.0,0,
1869,94592,-5.0,0.0,0.0,0,,,0.0,0,
1870,94592,-5.0,0.0,0.0,0,,,0.0,0,
1871,94592,-5.0,0.0,0.0,0,,,0.0,0,
1872,94592,-5.0,0.0,0.0,0,,,0.0,0,
1873,94592,-5.0,0.0,0.0,0,,,0.0,0,
1874,94592,-5.0,0.0,0.0,0,,,0.0,0,
1875,94592,-5.0,0.0,0.0,0,,,0.0,0,
1876,94592,-4.0,0.0,0.0,0,,,0.0,0,
1877,94592,-5.0,0.0,0.0,0,,,0.0,0,
1878,94848,-4.0,0.0,0.0,0,,,0.0,0,
1879,94848,-5.0,0.0,0.0,0,,,0.0,0,
1880,94912,-4.0,0.0,0.0,0,,,0.0,0,
1881,94976,-5.0,0.0,0.0,0,,,0.0,0,
1882,94976,-5.0,0.0,0.0,0,,,0.0,0,
1883,95104,-5.0,0.0,0.0,0,,,0.0,0,
1884,95168,11.2,1.0,0.0,0,,,0.0,0,
1885,95296,-5.0,0.0,0.0,0,,,0.0,0,
1886,95424,-5.0,0.0,0.0,0,,,0.0,0,
1887,95488,-5.0,0.0,0.0,0,,,0.0,0,
1888,95680,-4.0,0.0,0.0,0,,,0.0,0,
1889,95744,-5.0,0.0,0.0,0,,,0.0,0,
1890,95808,-5.0,0.0,0.0,0,,,0.0,0,
1891,95872,-5.0,0.0,0.0,0,,,0.0,0,
1892,95936,-5.0,0.0,0.0,0,,,0.0,0,
1893,96000,-5.0,0.0,0.0,0,,,0.0,0,
1894,96000,-5.0,0.0,0.0,0,,,0.0,0,
1895,96064,-5.0,0.0,0.0,0,,,0.0,0,
1896,96064,8.3,1.0,0.0,0,,,0.0,0,
1897,96128,-5.0,0.0,0.0,0,,,0.0,0,
1898,96384,-5.0,0.0,0.0,0,,,0.0,0,
1899,96384,-5.0,0.0,0.0,0,,,0.0,0,
1900,96512,-5.0,0.0,0.0,0,,,0.0,0,
1901,96512,-4.0,0.0,0.0,0,,,0.0,0,
1902,96576,-5.0,0.0,0.0,0,,,0.0,0,
1903,96768,-4.0,0.0,0.0,0,,,0.0,0,
1904,96768,-5.0,0.0,0.0,0,,,0.0,0,
1905,96832,-4.0,0.0,0.0,0,,,0.0,0,
1906,96896,-5.0,0.0,0.0,0,,,0.0,0,
1907,96896,-4.0,0.0,0.0,0,,,0.0,0,
1908,96896,-5.0,0.0,0.0,0,,,0.0,0,
1909,96896,-4.0,0.0,0.0,0,,,0.0,0,
1910,96896,-4.0,0.0,0.0,0,,,0.0,0,
1911,96960,-4.0,0.0,0.0,0,,,0.0,0,
1912,96960,-4.0,0.0,0.0,0,,,0.0,0,
1913,96960,-5.0,0.0,0.0,0,,,0.0,0,
1914,96960,-5.0,0.0,0.0,0,,,0.0,0,
1915,97088,-5.0,0.0,0.0,0,,,0.0,0,
1916,97216,-5.0,0.0,0.0,0,,,0.0,0,
1917,97216,-4.0,0.0,0.0,0,,,0.0,0,
1918,97408,-5.0,0.0,0.0,0,,,0.0,0,
1919,97408,-5.0,0.0,0.0,0,,,0.0,0,
1920,97408,-5.0,0.0,0.0,0,,,0.0,0,
1921,97408,-5.0,0.0,0.0,0,,,0.0,0,
1922,97536,-5.0,0.0,0.0,0,,,0.0,0,
1923,97536,-5.0,0.0,0.0,0,,,0.0,0,
1924,97536,-5.0,0.0,0.0,0,,,0.0,0,
1925,97600,-5.0,0.0,0.0,0,,,0.0,0,
1926,97664,-5.0,0.0,0.0,0,,,0.0,0,
1927,97664,-5.0,0.0,0.0,0,,,0.0,0,
1928,97792,-5.0,0.0,0.0,0,,,0.0,0,
1929,97856,-5.0,0.0,0.0,0,,,0.0,0,
1930,97856,-5.0,0.0,0.0,0,,,0.0,0,
1931,97856,-5.0,0.0,0.0,0,,,0.0,0,
1932,97856,-5.0,0.0,0.0,0,,,0.0,0,
1933,97856,-5.0,0.0,0.0,0,,,0.0,0,
1934,97856,-5.0,0.0,0.0,0,,,0.0,0,
1935,97856,-5.0,0.0,0.0,0,,,0.0,0,
1936,97856,-5.0,0.0,0.0,0,,,0.0,0,
1937,97856,-4.0,0.0,0.0,0,,,0.0,0,
1938,97856,-5.0,0.0,0.0,0,,,0.0,0,
1939,97856,-5.0,0.0,0.0,0,,,0.0,0,
1940,97856,-5.0,0.0,0.0,0,,,0.0,0,
1941,97856,-4.0,0.0,0.0,0,,,0.0,0,
1942,98112,-5.0,0.0,0.0,0,,,0.0,0,
1943,98112,-5.0,0.0,0.0,0,,,0.0,0,
1944,98176,-4.0,0.0,0.0,0,,,0.0,0,
1945,98240,-5.0,0.0,0.0,0,,,0.0,0,
1946,98240,-5.0,0.0,0.0,0,,,0.0,0,
1947,98368,-5.0,0.0,0.0,0,,,0.0,0,
1948,98432,-4.0,0.0,0.0,0,,,0.0,0,
1949,98560,-4.0,0.0,0.0,0,,,0.0,0,
1950,98688,-5.0,0.0,0.0,0,,,0.0,0,
1951,98752,-5.0,0.0,0.0,0,,,0.0,0,
1952,98944,-4.0,0.0,0.0,0,,,0.0,0,
1953,99008,-5.0,0.0,0.0,0,,,0.0,0,
1954,99072,-5.0,0.0,0.0,0,,,0.0,0,
1955,99136,-4.0,0.0,0.0,0,,,0.0,0,
1956,99200,-4.0,0.0,0.0,0,,,0.0,0,
1957,99264,-5.0,0.0,0.0,0,,,0.0,0,
1958,99264,-5.0,0.0,0.0,0,,,0.0,0,
1959,99328,-5.0,0.0,0.0,0,,,0.0,0,
1960,99328,-5.0,0.0,0.0,0,,,0.0,0,
1961,99392,-5.0,0.0,0.0,0,,,0.0,0,
1962,99648,-5.0,0.0,0.0,0,,,0.0,0,
1963,99648,-5.0,0.0,0.0,0,,,0.0,0,
1964,99776,-5.0,0.0,0.0,0,,,0.0,0,
1965,99776,-5.0,0.0,0.0,0,,,0.0,0,
1966,99840,-4.0,0.0,0.0,0,,,0.0,0,
1967,100032,-5.0,0.0,0.0,0,,,0.0,0,
1968,100032,-4.0,0.0,0.0,0,,,0.0,0,
1969,100096,-5.0,0.0,0.0,0,,,0.0,0,
1970,100160,-5.0,0.0,0.0,0,,,0.0,0,
1971,100160,-5.0,0.0,0.0,0,,,0.0,0,
1972,100160,-5.0,0.0,0.0,0,,,0.0,0,
1973,100160,-5.0,0.0,0.0,0,,,0.0,0,
1974,100160,-5.0,0.0,0.0,0,,,0.0,0,
1975,100224,-5.0,0.0,0.0,0,,,0.0,0,
1976,100224,-5.0,0.0,0.0,0,,,0.0,0,
1977,100224,-4.0,0.0,0.0,0,,,0.0,0,
1978,100224,-5.0,0.0,0.0,0,,,0.0,0,
1979,100352,-5.0,0.0,0.0,0,,,0.0,0,
1980,100480,-4.0,0.0,0.0,0,,,0.0,0,
1981,100480,-5.0,0.0,0.0,0,,,0.0,0,
1982,100544,9.9,1.0,0.0,0,,,0.0,0,
1983,100672,-4.0,0.0,0.0,0,,,0.0,0,
1984,100672,-5.0,0.0,0.0,0,,,0.0,0,
1985,100672,-4.0,0.0,0.0,0,,,0.0,0,
1986,100672,-5.0,0.0,0.0,0,,,0.0,0,
1987,100800,-4.0,0.0,0.0,0,,,0.0,0,
1988,100800,-5.0,0.0,0.0,0,,,0.0,0,
1989,100800,-4.0,0.0,0.0,0,,,0.0,0,
1990,100864,-4.0,0.0,0.0,0,,,0.0,0,
1991,100928,-4.0,0.0,0.0,0,,,0.0,0,
1992,100928,-4.0,0.0,0.0,0,,,0.0,0,
1993,100992,10.8,1.0,0.0,0,,,0.0,0,
1994,100992,11.8,1.0,0.0,0,,,0.0,0,
1995,101056,-4.0,0.0,0.0,0,,,0.0,0,
1996,101120,-5.0,0.0,0.0,0,,,0.0,0,
1997,101120,-5.0,0.0,0.0,0,,,0.0,0,
1998,101120,-5.0,0.0,0.0,0,,,0.0,0,
1999,101120,-5.0,0.0,0.0,0,,,0.0,0,
2000,101120,-5.0,0.0,0.0,0,,,0.0,0,
2001,101120,-5.0,0.0,0.0,0,,,0.0,0,
2002,101120,-5.0,0.0,0.0,0,,,0.0,0,
2003,101120,-5.0,0.0,0.0,0,,,0.0,0,
2004,101120,-5.0,0.0,0.0,0,,,0.0,0,
2005,101120,-5.0,0.0,0.0,0,,,0.0,0,
2006,101120,-4.0,0.0,0.0,0,,,0.0,0,
2007,101120,-4.0,0.0,0.0,0,,,0.0,0,
2008,101120,-5.0,0.0,0.0,0,,,0.0,0,
2009,101376,-5.0,0.0,0.0,0,,,0.0,0,
2010,101376,-5.0,0.0,0.0,0,,,0.0,0,
2011,101440,-5.0,0.0,0.0,0,,,0.0,0,
2012,101504,-5.0,0.0,0.0,0,,,0.0,0,
2013,101504,-5.0,0.0,0.0,0,,,0.0,0,
2014,101632,-4.0,0.0,0.0,0,,,0.0,0,
2015,101696,-5.0,0.0,0.0,0,,,0.0,0,
2016,101824,-5.0,0.0,0.0,0,,,0.0,0,
2017,101952,-5.0,0.0,0.0,0,,,0.0,0,
2018,102016,-4.0,0.0,0.0,0,,,0.0,0,
2019,102208,-5.0,0.0,0.0,0,,,0.0,0,
2020,102272,-5.0,0.0,0.0,0,,,0.0,0,
2021,102336,-5.0,0.0,0.0,0,,,0.0,0,
2022,102464,-5.0,0.0,0.0,0,,,0.0,0,
2023,102464,10.0,1.0,0.0,0,,,0.0,0,
2024,102528,-4.0,0.0,0.0,0,,,0.0,0,
2025,102528,-4.0,0.0,0.0,0,,,0.0,0,
2026,102592,-5.0,0.0,0.0,0,,,0.0,0,
2027,102592,-4.0,0.0,0.0,0,,,0.0,0,
2028,102656,-5.0,0.0,0.0,0,,,0.0,0,
2029,102912,-5.0,0.0,0.0,0,,,0.0,0,
2030,102912,-5.0,0.0,0.0,0,,,0.0,0,
2031,103040,-5.0,0.0,0.0,0,,,0.0,0,
2032,103040,-5.0,0.0,0.0,0,,,0.0,0,
2033,103104,-5.0,0.0,0.0,0,,,0.0,0,
2034,103296,11.5,1.0,0.0,0,,,0.0,0,
2035,103296,-4.0,0.0,0.0,0,,,0.0,0,
2036,103296,-5.0,0.0,0.0,0,,,0.0,0,
2037,103360,-5.0,0.0,0.0,0,,,0.0,0,
2038,103424,-5.0,0.0,0.0,0,,,0.0,0,
2039,103424,-5.0,0.0,0.0,0,,,0.0,0,
2040,103424,-5.0,0.0,0.0,0,,,0.0,0,
2041,103424,-5.0,0.0,0.0,0,,,0.0,0,
2042,103488,-5.0,0.0,0.0,0,,,0.0,0,
2043,103488,-5.0,0.0,0.0,0,,,0.0,0,
2044,103488,-5.0,0.0,0.0,0,,,0.0,0,
2045,103488,-4.0,0.0,0.0,0,,,0.0,0,
2046,103616,-5.0,0.0,0.0,0,,,0.0,0,
2047,103744,-5.0,0.0,0.0,0,,,0.0,0,
2048,103744,-5.0,0.0,0.0,0,,,0.0,0,
2049,103808,-5.0,0.0,0.0,0,,,0.0,0,
2050,103872,7.8,1.0,0.0,0,,,0.0,0,
2051,103936,-4.0,0.0,0.0,0,,,0.0,0,
2052,103936,-5.0,0.0,0.0,0,,,0.0,0,
2053,103936,-5.0,0.0,0.0,0,,,0.0,0,
2054,103936,-5.0,0.0,0.0,0,,,0.0,0,
2055,104064,-5.0,0.0,0.0,0,,,0.0,0,
2056,104064,-5.0,0.0,0.0,0,,,0.0,0,
2057,104128,-5.0,0.0,0.0,0,,,0.0,0,
2058,104128,9.5,1.0,0.0,0,,,0.0,0,
2059,104192,-5.0,0.0,0.0,0,,,0.0,0,
2060,104192,-5.0,0.0,0.0,0,,,0.0,0,
2061,104256,-5.0,0.0,0.0,0,,,0.0,0,
2062,104256,-5.0,0.0,0.0,0,,,0.0,0,
2063,104320,-5.0,0.0,0.0,0,,,0.0,0,
2064,104384,-5.0,0.0,0.0,0,,,0.0,0,
2065,104384,-5.0,0.0,0.0,0,,,0.0,0,
2066,104384,-4.0,0.0,0.0,0,,,0.0,0,
2067,104384,-5.0,0.0,0.0,0,,,0.0,0,
2068,104384,-5.0,0.0,0.0,0,,,0.0,0,
2069,104384,-5.0,0.0,0.0,0,,,0.0,0,
2070,104384,-5.0,0.0,0.0,0,,,0.0,0,
2071,104384,-5.0,0.0,0.0,0,,,0.0,0,
2072,104384,-5.0,0.0,0.0,0,,,0.0,0,
2073,104384,-4.0,0.0,0.0,0,,,0.0,0,
2074,104384,-5.0,0.0,0.0,0,,,0.0,0,
2075,104640,-5.0,0.0,0.0,0,,,0.0,0,
2076,104640,-5.0,0.0,0.0,0,,,0.0,0,
2077,104704,-5.0,0.0,0.0,0,,,0.0,0,
2078,104768,-4.0,0.0,0.0,0,,,0.0,0,
2079,104768,-5.0,0.0,0.0,0,,,0.0,0,
2080,104896,-5.0,0.0,0.0,0,,,0.0,0,
2081,104960,-5.0,0.0,0.0,0,,,0.0,0,
2082,105088,-4.0,0.0,0.0,0,,,0.0,0,
2083,105216,-5.0,0.0,0.0,0,,,0.0,0,
2084,105280,-4.0,0.0,0.0,0,,,0.0,0,
2085,105472,-5.0,0.0,0.0,0,,,0.0,0,
2086,105536,-4.0,0.0,0.0,0,,,0.0,0,
2087,105600,-5.0,0.0,0.0,0,,,0.0,0,
2088,105728,-5.0,0.0,0.0,0,,,0.0,0,
2089,105792,-4.0,0.0,0.0,0,,,0.0,0,
2090,105792,-4.0,0.0,0.0,0,,,0.0,0,
2091,105856,-5.0,0.0,0.0,0,,,0.0,0,
2092,105856,-5.0,0.0,0.0,0,,,0.0,0,
2093,105920,-5.0,0.0,0.0,0,,,0.0,0,
2094,106176,9.0,1.0,0.0,0,,,0.0,0,
2095,106176,-5.0,0.0,0.0,0,,,0.0,0,
2096,106304,-5.0,0.0,0.0,0,,,0.0,0,
2097,106304,-5.0,0.0,0.0,0,,,0.0,0,
2098,106368,-5.0,0.0,0.0,0,,,0.0,0,
2099,106560,-5.0,0.0,0.0,0,,,0.0,0,
2100,106560,-4.0,0.0,0.0,0,,,0.0,0,
2101,106560,-4.0,0.0,0.0,0,,,0.0,0,
2102,106624,-5.0,0.0,0.0,0,,,0.0,0,
2103,106688,-5.0,0.0,0.0,0,,,0.0,0,
2104,106688,-5.0,0.0,0.0,0,,,0.0,0,
2105,106688,-4.0,0.0,0.0,0,,,0.0,0,
2106,106688,-5.0,0.0,0.0,0,,,0.0,0,
2107,106752,-4.0,0.0,0.0,0,,,0.0,0,
2108,106752,-4.0,0.0,0.0,0,,,0.0,0,
2109,106752,-5.0,0.0,0.0,0,,,0.0,0,
2110,106752,-4.0,0.0,0.0,0,,,0.0,0,
2111,106880,-4.0,0.0,0.0,0,,,0.0,0,
2112,107008,-5.0,0.0,0.0,0,,,0.0,0,
2113,107008,-5.0,0.0,0.0,0,,,0.0,0,
2114,107072,7.9,1.0,0.0,0,,,0.0,0,
2115,107072,-5.0,0.0,0.0,0,,,0.0,0,
2116,107136,-5.0,0.0,0.0,0,,,0.0,0,
2117,107200,-4.0,0.0,0.0,0,,,0.0,0,
2118,107200,-5.0,0.0,0.0,0,,,0.0,0,
2119,107200,-4.0,0.0,0.0,0,,,0.0,0,
2120,107200,-5.0,0.0,0.0,0,,,0.0,0,
2121,107328,-5.0,0.0,0.0,0,,,0.0,0,
2122,107328,-5.0,0.0,0.0,0,,,0.0,0,
2123,107392,-5.0,0.0,0.0,0,,,0.0,0,
2124,107392,-4.0,0.0,0.0,0,,,0.0,0,
2125,107456,-5.0,0.0,0.0,0,,,0.0,0,
2126,107520,-5.0,0.0,0.0,0,,,0.0,0,
2127,107520,-5.0,0.0,0.0,0,,,0.0,0,
2128,107584,-4.0,0.0,0.0,0,,,0.0,0,
2129,107648,-5.0,0.0,0.0,0,,,0.0,0,
2130,107648,-5.0,0.0,0.0,0,,,0.0,0,
2131,107648,-5.0,0.0,0.0,0,,,0.0,0,
2132,107648,-5.0,0.0,0.0,0,,,0.0,0,
2133,107648,-4.0,0.0,0.0,0,,,0.0,0,
2134,107648,-5.0,0.0,0.0,0,,,0.0,0,
2135,107648,-5.0,0.0,0.0,0,,,0.0,0,
2136,107648,-5.0,0.0,0.0,0,,,0.0,0,
2137,107648,-4.0,0.0,0.0,0,,,0.0,0,
2138,107648,-5.0,0.0,0.0,0,,,0.0,0,
2139,107904,-5.0,0.0,0.0,0,,,0.0,0,
2140,107904,-5.0,0.0,0.0,0,,,0.0,0,
2141,107968,-4.0,0.0,0.0,0,,,0.0,0,
2142,108032,-4.0,0.0,0.0,0,,,0.0,0,
2143,108032,-5.0,0.0,0.0,0,,,0.0,0,
2144,108160,-5.0,0.0,0.0,0,,,0.0,0,
2145,108224,-5.0,0.0,0.0,0,,,0.0,0,
2146,108352,-4.0,0.0,0.0,0,,,0.0,0,
2147,108480,-4.0,0.0,0.0,0,,,0.0,0,
2148,108544,-5.0,0.0,0.0,0,,,0.0,0,
2149,108736,-5.0,0.0,0.0,0,,,0.0,0,
2150,108800,-5.0,0.0,0.0,0,,,0.0,0,
2151,108864,-5.0,0.0,0.0,0,,,0.0,0,
2152,108992,-4.0,0.0,0.0,0,,,0.0,0,
2153,109056,-5.0,0.0,0.0,0,,,0.0,0,
2154,109056,-4.0,0.0,0.0,0,,,0.0,0,
2155,109120,-5.0,0.0,0.0,0,,,0.0,0,
2156,109120,-5.0,0.0,0.0,0,,,0.0,0,
2157,109184,-5.0,0.0,0.0,0,,,0.0,0,
2158,109440,-4.0,0.0,0.0,0,,,0.0,0,
2159,109440,-5.0,0.0,0.0,0,,,0.0,0,
2160,109568,-5.0,0.0,0.0,0,,,0.0,0,
2161,109568,-4.0,0.0,0.0,0,,,0.0,0,
2162,109632,-5.0,0.0,0.0,0,,,0.0,0,
2163,109824,-4.0,0.0,0.0,0,,,0.0,0,
2164,109824,-5.0,0.0,0.0,0,,,0.0,0,
2165,109824,-4.0,0.0,0.0,0,,,0.0,0,
2166,109888,-4.0,0.0,0.0,0,,,0.0,0,
2167,109952,-4.0,0.0,0.0,0,,,0.0,0,
2168,109952,-5.0,0.0,0.0,0,,,0.0,0,
2169,109952,-5.0,0.0,0.0,0,,,0.0,0,
2170,109952,-4.0,0.0,0.0,0,,,0.0,0,
2171,110016,-5.0,0.0,0.0,0,,,0.0,0,
2172,110016,-5.0,0.0,0.0,0,,,0.0,0,
2173,110016,-5.0,0.0,0.0,0,,,0.0,0,
2174,110016,-5.0,0.0,0.0,0,,,0.0,0,
2175,110144,-5.0,0.0,0.0,0,,,0.0,0,
2176,110272,-5.0,0.0,0.0,0,,,0.0,0,
2177,110272,-5.0,0.0,0.0,0,,,0.0,0,
2178,110336,-5.0,0.0,0.0,0,,,0.0,0,
2179,110336,-5.0,0.0,0.0,0,,,0.0,0,
2180,110400,-5.0,0.0,0.0,0,,,0.0,0,
2181,110464,-5.0,0.0,0.0,0,,,0.0,0,
2182,110464,-5.0,0.0,0.0,0,,,0.0,0,
2183,110464,-5.0,0.0,0.0,0,,,0.0,0,
2184,110464,-5.0,0.0,0.0,0,,,0.0,0,
2185,110592,-4.0,0.0,0.0,0,,,0.0,0,
2186,110592,-5.0,0.0,0.0,0,,,0.0,0,
2187,110656,-5.0,0.0,0.0,0,,,0.0,0,
2188,110656,-5.0,0.0,0.0,0,,,0.0,0,
2189,110720,-5.0,0.0,0.0,0,,,0.0,0,
2190,110784,-5.0,0.0,0.0,0,,,0.0,0,
2191,110784,-5.0,0.0,0.0,0,,,0.0,0,
2192,110848,-5.0,0.0,0.0,0,,,0.0,0,
2193,110912,-5.0,0.0,0.0,0,,,0.0,0,
2194,110912,10.4,1.0,0.0,0,,,0.0,0,
2195,110912,-5.0,0.0,0.0,0,,,0.0,0,
2196,110912,-5.0,0.0,0.0,0,,,0.0,0,
2197,110912,-4.0,0.0,0.0,0,,,0.0,0,
2198,110912,-5.0,0.0,0.0,0,,,0.0,0,
2199,110912,-5.0,0.0,0.0,0,,,0.0,0,
2200,110912,-4.0,0.0,0.0,0,,,0.0,0,
2201,110912,-5.0,0.0,0.0,0,,,0.0,0,
2202,110912,-4.0,0.0,0.0,0,,,0.0,0,
2203,110912,-5.0,0.0,0.0,0,,,0.0,0,
2204,111168,-5.0,0.0,0.0,0,,,0.0,0,
2205,111168,-5.0,0.0,0.0,0,,,0.0,0,
2206,111232,-4.0,0.0,0.0,0,,,0.0,0,
2207,111296,-5.0,0.0,0.0,0,,,0.0,0,
2208,111296,-5.0,0.0,0.0,0,,,0.0,0,
2209,111424,-4.0,0.0,0.0,0,,,0.0,0,
2210,111488,-5.0,0.0,0.0,0,,,0.0,0,
2211,111616,-4.0,0.0,0.0,0,,,0.0,0,
2212,111744,-4.0,0.0,0.0,0,,,0.0,0,
2213,111808,-5.0,0.0,0.0,0,,,0.0,0,
2214,112000,-5.0,0.0,0.0,0,,,0.0,0,
2215,112064,-5.0,0.0,0.0,0,,,0.0,0,
2216,112128,-5.0,0.0,0.0,0,,,0.0,0,
2217,112256,-5.0,0.0,0.0,0,,,0.0,0,
2218,112320,-4.0,0.0,0.0,0,,,0.0,0,
2219,112320,-5.0,0.0,0.0,0,,,0.0,0,
2220,112384,-4.0,0.0,0.0,0,,,0.0,0,
2221,112384,9.3,1.0,0.0,0,,,0.0,0,
2222,112384,-4.0,0.0,0.0,0,,,0.0,0,
2223,112448,-5.0,0.0,0.0,0,,,0.0,0,
2224,112704,-5.0,0.0,0.0,0,,,0.0,0,
2225,112704,-5.0,0.0,0.0,0,,,0.0,0,
2226,112832,-5.0,0.0,0.0,0,,,0.0,0,
2227,112832,-5.0,0.0,0.0,0,,,0.0,0,
2228,112896,-5.0,0.0,0.0,0,,,0.0,0,
2229,113088,-5.0,0.0,0.0,0,,,0.0,0,
2230,113088,-5.0,0.0,0.0,0,,,0.0,0,
2231,113152,-5.0,0.0,0.0,0,,,0.0,0,
2232,113216,-4.0,0.0,0.0,0,,,0.0,0,
2233,113216,-4.0,0.0,0.0,0,,,0.0,0,
2234,113216,-4.0,0.0,0.0,0,,,0.0,0,
2235,113216,-5.0,0.0,0.0,0,,,0.0,0,
2236,113280,-4.0,0.0,0.0,0,,,0.0,0,
2237,113280,-4.0,0.0,0.0,0,,,0.0,0,
2238,113280,-5.0,0.0,0.0,0,,,0.0,0,
2239,113280,-5.0,0.0,0.0,0,,,0.0,0,
2240,113408,-5.0,0.0,0.0,0,,,0.0,0,
2241,113536,-5.0,0.0,0.0,0,,,0.0,0,
2242,113536,-5.0,0.0,0.0,0,,,0.0,0,
2243,113600,-5.0,0.0,0.0,0,,,0.0,0,
2244,113600,-4.0,0.0,0.0,0,,,0.0,0,
2245,113664,-5.0,0.0,0.0,0,,,0.0,0,
2246,113728,-4.0,0.0,0.0,0,,,0.0,0,
2247,113728,-5.0,0.0,0.0,0,,,0.0,0,
2248,113728,-4.0,0.0,0.0,0,,,0.0,0,
2249,113728,-5.0,0.0,0.0,0,,,0.0,0,
2250,113792,10.4,1.0,0.0,0,,,0.0,0,
2251,113856,-5.0,0.0,0.0,0,,,0.0,0,
2252,113920,-5.0,0.0,0.0,0,,,0.0,0,
2253,113920,-5.0,0.0,0.0,0,,,0.0,0,
2254,113920,7.4,1.0,0.0,0,,,0.0,0,
2255,113984,-4.0,0.0,0.0,0,,,0.0,0,
2256,114048,-5.0,0.0,0.0,0,,,0.0,0,
2257,114048,-5.0,0.0,0.0,0,,,0.0,0,
2258,114112,-5.0,0.0,0.0,0,,,0.0,0,
2259,114176,-5.0,0.0,0.0,0,,,0.0,0,
2260,114176,-5.0,0.0,0.0,0,,,0.0,0,
2261,114176,-4.0,0.0,0.0,0,,,0.0,0,
2262,114176,-4.0,0.0,0.0,0,,,0.0,0,
2263,114176,-4.0,0.0,0.0,0,,,0.0,0,
2264,114176,-5.0,0.0,0.0,0,,,0.0,0,
2265,114176,-4.0,0.0,0.0,0,,,0.0,0,
2266,114176,-5.0,0.0,0.0,0,,,0.0,0,
2267,114176,-5.0,0.0,0.0,0,,,0.0,0,
2268,114176,-5.0,0.0,0.0,0,,,0.0,0,
2269,114368,9.0,1.0,0.0,0,,,0.0,0,
2270,114432,-4.0,0.0,0.0,0,,,0.0,0,
2271,114432,-5.0,0.0,0.0,0,,,0.0,0,
2272,114496,-4.0,0.0,0.0,0,,,0.0,0,
2273,114560,-4.0,0.0,0.0,0,,,0.0,0,
2274,114560,-5.0,0.0,0.0,0,,,0.0,0,
2275,114560,10.1,1.0,0.0,0,,,0.0,0,
2276,114688,-5.0,0.0,0.0,0,,,0.0,0,
2277,114752,-5.0,0.0,0.0,0,,,0.0,0,
2278,114880,-4.0,0.0,0.0,0,,,0.0,0,
2279,115008,-4.0,0.0,0.0,0,,,0.0,0,
2280,115072,-5.0,0.0,0.0,0,,,0.0,0,
2281,115264,-5.0,0.0,0.0,0,,,0.0,0,
2282,115328,-5.0,0.0,0.0,0,,,0.0,0,
2283,115392,-4.0,0.0,0.0,0,,,0.0,0,
2284,115520,-5.0,0.0,0.0,0,,,0.0,0,
2285,115584,-5.0,0.0,0.0,0,,,0.0,0,
2286,115584,-5.0,0.0,0.0,0,,,0.0,0,
2287,115648,-5.0,0.0,0.0,0,,,0.0,0,
2288,115648,-5.0,0.0,0.0,0,,,0.0,0,
2289,115712,-4.0,0.0,0.0,0,,,0.0,0,
2290,115968,-5.0,0.0,0.0,0,,,0.0,0,
2291,116096,-4.0,0.0,0.0,0,,,0.0,0,
2292,116096,-4.0,0.0,0.0,0,,,0.0,0,
2293,116160,-4.0,0.0,0.0,0,,,0.0,0,
2294,116352,-4.0,0.0,0.0,0,,,0.0,0,
2295,116352,-5.0,0.0,0.0,0,,,0.0,0,
2296,116416,-5.0,0.0,0.0,0,,,0.0,0,
2297,116480,-5.0,0.0,0.0,0,,,0.0,0,
2298,116480,-4.0,0.0,0.0,0,,,0.0,0,
2299,116480,-5.0,0.0,0.0,0,,,0.0,0,
2300,116480,-5.0,0.0,0.0,0,,,0.0,0,
2301,116544,-5.0,0.0,0.0,0,,,0.0,0,
2302,116544,-5.0,0.0,0.0,0,,,0.0,0,
2303,116544,-5.0,0.0,0.0,0,,,0.0,0,
2304,116672,-4.0,0.0,0.0,0,,,0.0,0,
2305,116800,-5.0,0.0,0.0,0,,,0.0,0,
2306,116800,-5.0,0.0,0.0,0,,,0.0,0,
2307,116864,-4.0,0.0,0.0,0,,,0.0,0,
2308,116864,-5.0,0.0,0.0,0,,,0.0,0,
2309,116928,-5.0,0.0,0.0,0,,,0.0,0,
2310,116992,-4.0,0.0,0.0,0,,,0.0,0,
2311,116992,-4.0,0.0,0.0,0,,,0.0,0,
2312,116992,-4.0,0.0,0.0,0,,,0.0,0,
2313,116992,-5.0,0.0,0.0,0,,,0.0,0,
2314,117056,-4.0,0.0,0.0,0,,,0.0,0,
2315,117120,-5.0,0.0,0.0,0,,,0.0,0,
2316,117184,-5.0,0.0,0.0,0,,,0.0,0,
2317,117184,-4.0,0.0,0.0,0,,,0.0,0,
2318,117184,-5.0,0.0,0.0,0,,,0.0,0,
2319,117248,-5.0,0.0,0.0,0,,,0.0,0,
2320,117312,-5.0,0.0,0.0,0,,,0.0,0,
2321,117312,-5.0,0.0,0.0,0,,,0.0,0,
2322,117312,10.7,1.0,0.0,0,,,0.0,0,
2323,117376,-5.0,0.0,0.0,0,,,0.0,0,
2324,117440,-4.0,0.0,0.0,0,,,0.0,0,
2325,117440,-4.0,0.0,0.0,0,,,0.0,0,
2326,117440,-4.0,0.0,0.0,0,,,0.0,0,
2327,117440,-5.0,0.0,0.0,0,,,0.0,0,
2328,117440,-4.0,0.0,0.0,0,,,0.0,0,
2329,117440,-5.0,0.0,0.0,0,,,0.0,0,
2330,117440,-4.0,0.0,0.0,0,,,0.0,0,
2331,117440,-4.0,0.0,0.0,0,,,0.0,0,
2332,117440,-5.0,0.0,0.0,0,,,0.0,0,
2333,117440,-5.0,0.0,0.0,0,,,0.0,0,
2334,117632,-5.0,0.0,0.0,0,,,0.0,0,
2335,117696,-5.0,0.0,0.0,0,,,0.0,0,
2336,117696,-5.0,0.0,0.0,0,,,0.0,0,
2337,117760,-5.0,0.0,0.0,0,,,0.0,0,
2338,117824,-4.0,0.0,0.0,0,,,0.0,0,
2339,117824,-5.0,0.0,0.0,0,,,0.0,0,
2340,117824,-5.0,0.0,0.0,0,,,0.0,0,
2341,117952,-4.0,0.0,0.0,0,,,0.0,0,
2342,118016,-4.0,0.0,0.0,0,,,0.0,0,
2343,118144,10.7,1.0,0.0,0,,,0.0,0,
2344,118144,-4.0,0.0,0.0,0,,,0.0,0,
2345,118272,-4.0,0.0,0.0,0,,,0.0,0,
2346,118336,-4.0,0.0,0.0,0,,,0.0,0,
2347,118528,-5.0,0.0,0.0,0,,,0.0,0,
2348,118528,8.9,1.0,0.0,0,,,0.0,0,
2349,118592,-5.0,0.0,0.0,0,,,0.0,0,
2350,118656,-4.0,0.0,0.0,0,,,0.0,0,
2351,118784,-5.0,0.0,0.0,0,,,0.0,0,
2352,118848,-5.0,0.0,0.0,0,,,0.0,0,
2353,118848,-5.0,0.0,0.0,0,,,0.0,0,
2354,118912,-5.0,0.0,0.0,0,,,0.0,0,
2355,118912,-4.0,0.0,0.0,0,,,0.0,0,
2356,118976,-4.0,0.0,0.0,0,,,0.0,0,
2357,119232,-5.0,0.0,0.0,0,,,0.0,0,
2358,119360,8.7,1.0,0.0,0,,,0.0,0,
2359,119360,-5.0,0.0,0.0,0,,,0.0,0,
2360,119360,-4.0,0.0,0.0,0,,,0.0,0,
2361,119424,-5.0,0.0,0.0,0,,,0.0,0,
2362,119616,-4.0,0.0,0.0,0,,,0.0,0,
2363,119616,-5.0,0.0,0.0,0,,,0.0,0,
2364,119744,-5.0,0.0,0.0,0,,,0.0,0,
2365,119744,-5.0,0.0,0.0,0,,,0.0,0,
2366,119744,-4.0,0.0,0.0,0,,,0.0,0,
2367,119808,-5.0,0.0,0.0,0,,,0.0,0,
2368,119808,-4.0,0.0,0.0,0,,,0.0,0,
2369,119808,-4.0,0.0,0.0,0,,,0.0,0,
2370,119936,-4.0,0.0,0.0,0,,,0.0,0,
2371,120064,-5.0,0.0,0.0,0,,,0.0,0,
2372,120064,-5.0,0.0,0.0,0,,,0.0,0,
2373,120128,-5.0,0.0,0.0,0,,,0.0,0,
2374,120128,-5.0,0.0,0.0,0,,,0.0,0,
2375,120192,-5.0,0.0,0.0,0,,,0.0,0,
2376,120256,-5.0,0.0,0.0,0,,,0.0,0,
2377,120256,-5.0,0.0,0.0,0,,,0.0,0,
2378,120256,-5.0,0.0,0.0,0,,,0.0,0,
2379,120256,-4.0,0.0,0.0,0,,,0.0,0,
2380,120320,-5.0,0.0,0.0,0,,,0.0,0,
2381,120384,-4.0,0.0,0.0,0,,,0.0,0,
2382,120448,-4.0,0.0,0.0,0,,,0.0,0,
2383,120448,-5.0,0.0,0.0,0,,,0.0,0,
2384,120576,-5.0,0.0,0.0,0,,,0.0,0,
2385,120576,-5.0,0.0,0.0,0,,,0.0,0,
2386,120576,-4.0,0.0,0.0,0,,,0.0,0,
2387,120640,-5.0,0.0,0.0,0,,,0.0,0,
2388,120704,-5.0,0.0,0.0,0,,,0.0,0,
2389,120704,-5.0,0.0,0.0,0,,,0.0,0,
2390,120704,-5.0,0.0,0.0,0,,,0.0,0,
2391,120704,-5.0,0.0,0.0,0,,,0.0,0,
2392,120704,-5.0,0.0,0.0,0,,,0.0,0,
2393,120704,-5.0,0.0,0.0,0,,,0.0,0,
2394,120704,-5.0,0.0,0.0,0,,,0.0,0,
2395,120704,-5.0,0.0,0.0,0,,,0.0,0,
2396,120704,-5.0,0.0,0.0,0,,,0.0,0,
2397,120704,-4.0,0.0,0.0,0,,,0.0,0,
2398,120896,-4.0,0.0,0.0,0,,,0.0,0,
2399,120960,-5.0,0.0,0.0,0,,,0.0,0,
2400,120960,-5.0,0.0,0.0,0,,,0.0,0,
2401,121024,-5.0,0.0,0.0,0,,,0.0,0,
2402,121088,-5.0,0.0,0.0,0,,,0.0,0,
2403,121088,-5.0,0.0,0.0,0,,,0.0,0,
2404,121088,-5.0,0.0,0.0,0,,,0.0,0,
2405,121152,9.7,1.0,0.0,0,,,0.0,0,
2406,121216,-5.0,0.0,0.0,0,,,0.0,0,
2407,121280,-5.0,0.0,0.0,0,,,0.0,0,
2408,121408,-4.0,0.0,0.0,0,,,0.0,0,
2409,121408,7.8,1.0,0.0,0,,,0.0,0,
2410,121408,-5.0,0.0,0.0,0,,,0.0,0,
2411,121536,-5.0,0.0,0.0,0,,,0.0,0,
2412,121600,-5.0,0.0,0.0,0,,,0.0,0,
2413,121664,10.6,1.0,0.0,0,,,0.0,0,
2414,121792,-5.0,0.0,0.0,0,,,0.0,0,
2415,121792,-5.0,0.0,0.0,0,,,0.0,0,
2416,121856,-5.0,0.0,0.0,0,,,0.0,0,
2417,122048,-5.0,0.0,0.0,0,,,0.0,0,
2418,122112,-5.0,0.0,0.0,0,,,0.0,0,
2419,122112,-4.0,0.0,0.0,0,,,0.0,0,
2420,122176,-4.0,0.0,0.0,0,,,0.0,0,
2421,122176,-5.0,0.0,0.0,0,,,0.0,0,
2422,122240,8.3,1.0,0.0,0,,,0.0,0,
2423,122240,-5.0,0.0,0.0,0,,,0.0,0,
2424,122496,-5.0,0.0,0.0,0,,,0.0,0,
2425,122624,-5.0,0.0,0.0,0,,,0.0,0,
2426,122624,-5.0,0.0,0.0,0,,,0.0,0,
2427,122624,-5.0,0.0,0.0,0,,,0.0,0,
2428,122688,-5.0,0.0,0.0,0,,,0.0,0,
2429,122880,-5.0,0.0,0.0,0,,,0.0,0,
2430,123008,-4.0,0.0,0.0,0,,,0.0,0,
2431,123008,-5.0,0.0,0.0,0,,,0.0,0,
2432,123008,-5.0,0.0,0.0,0,,,0.0,0,
2433,123072,-5.0,0.0,0.0,0,,,0.0,0,
2434,123072,-5.0,0.0,0.0,0,,,0.0,0,
2435,123200,-5.0,0.0,0.0,0,,,0.0,0,
2436,123328,-5.0,0.0,0.0,0,,,0.0,0,
2437,123328,-5.0,0.0,0.0,0,,,0.0,0,
2438,123392,10.9,1.0,0.0,0,,,0.0,0,
2439,123392,-5.0,0.0,0.0,0,,,0.0,0,
2440,123392,-4.0,0.0,0.0,0,,,0.0,0,
2441,123456,-5.0,0.0,0.0,0,,,0.0,0,
2442,123520,-5.0,0.0,0.0,0,,,0.0,0,
2443,123520,-4.0,0.0,0.0,0,,,0.0,0,
2444,123520,-5.0,0.0,0.0,0,,,0.0,0,
2445,123520,-5.0,0.0,0.0,0,,,0.0,0,
2446,123584,-5.0,0.0,0.0,0,,,0.0,0,
2447,123648,-5.0,0.0,0.0,0,,,0.0,0,
2448,123712,-5.0,0.0,0.0,0,,,0.0,0,
2449,123712,-5.0,0.0,0.0,0,,,0.0,0,
2450,123840,-5.0,0.0,0.0,0,,,0.0,0,
2451,123840,-5.0,0.0,0.0,0,,,0.0,0,
2452,123840,-4.0,0.0,0.0,0,,,0.0,0,
2453,123840,9.5,1.0,0.0,0,,,0.0,0,
2454,123904,-5.0,0.0,0.0,0,,,0.0,0,
2455,123968,-5.0,0.0,0.0,0,,,0.0,0,
2456,123968,-4.0,0.0,0.0,0,,,0.0,0,
2457,123968,-5.0,0.0,0.0,0,,,0.0,0,
2458,123968,-4.0,0.0,0.0,0,,,0.0,0,
2459,123968,-4.0,0.0,0.0,0,,,0.0,0,
2460,123968,-5.0,0.0,0.0,0,,,0.0,0,
2461,123968,-5.0,0.0,0.0,0,,,0.0,0,
2462,123968,-5.0,0.0,0.0,0,,,0.0,0,
2463,123968,-5.0,0.0,0.0,0,,,0.0,0,
2464,124160,-4.0,0.0,0.0,0,,,0.0,0,
2465,124224,-5.0,0.0,0.0,0,,,0.0,0,
2466,124224,-5.0,0.0,0.0,0,,,0.0,0,
2467,124288,-4.0,0.0,0.0,0,,,0.0,0,
2468,124352,-5.0,0.0,0.0,0,,,0.0,0,
2469,124352,-5.0,0.0,0.0,0,,,0.0,0,
2470,124352,-5.0,0.0,0.0,0,,,0.0,0,
2471,124416,-5.0,0.0,0.0,0,,,0.0,0,
2472,124480,-5.0,0.0,0.0,0,,,0.0,0,
2473,124544,-4.0,0.0,0.0,0,,,0.0,0,
2474,124672,-5.0,0.0,0.0,0,,,0.0,0,
2475,124672,-4.0,0.0,0.0,0,,,0.0,0,
2476,124672,-5.0,0.0,0.0,0,,,0.0,0,
2477,124800,-5.0,0.0,0.0,0,,,0.0,0,
2478,124864,-5.0,0.0,0.0,0,,,0.0,0,
2479,124928,-5.0,0.0,0.0,0,,,0.0,0,
2480,125056,-5.0,0.0,0.0,0,,,0.0,0,
2481,125056,-5.0,0.0,0.0,0,,,0.0,0,
2482,125120,-5.0,0.0,0.0,0,,,0.0,0,
2483,125312,-4.0,0.0,0.0,0,,,0.0,0,
2484,125376,-5.0,0.0,0.0,0,,,0.0,0,
2485,125376,-5.0,0.0,0.0,0,,,0.0,0,
2486,125440,10.9,1.0,0.0,0,,,0.0,0,
2487,125440,-5.0,0.0,0.0,0,,,0.0,0,
2488,125504,-4.0,0.0,0.0,0,,,0.0,0,
2489,125504,-5.0,0.0,0.0,0,,,0.0,0,
2490,125760,-5.0,0.0,0.0,0,,,0.0,0,
2491,125888,-5.0,0.0,0.0,0,,,0.0,0,
2492,125888,-5.0,0.0,0.0,0,,,0.0,0,
2493,125952,-5.0,0.0,0.0,0,,,0.0,0,
2494,126144,-5.0,0.0,0.0,0,,,0.0,0,
2495,126272,-5.0,0.0,0.0,0,,,0.0,0,
2496,126272,-5.0,0.0,0.0,0,,,0.0,0,
2497,126272,-4.0,0.0,0.0,0,,,0.0,0,
2498,126336,-4.0,0.0,0.0,0,,,0.0,0,
2499,126336,-5.0,0.0,0.0,0,,,0.0,0,
2500,126464,-4.0,0.0,0.0,0,,,0.0,0,
2501,126592,-5.0,0.0,0.0,0,,,0.0,0,
2502,126592,-5.0,0.0,0.0,0,,,0.0,0,
2503,126656,-5.0,0.0,0.0,0,,,0.0,0,
2504,126656,-5.0,0.0,0.0,0,,,0.0,0,
2505,126656,-4.0,0.0,0.0,0,,,0.0,0,
2506,126720,-5.0,0.0,0.0,0,,,0.0,0,
2507,126784,-5.0,0.0,0.0,0,,,0.0,0,
2508,126784,-5.0,0.0,0.0,0,,,0.0,0,
2509,126784,-4.0,0.0,0.0,0,,,0.0,0,
2510,126784,-5.0,0.0,0.0,0,,,0.0,0,
2511,126848,-4.0,0.0,0.0,0,,,0.0,0,
2512,126912,-4.0,0.0,0.0,0,,,0.0,0,
2513,126976,-5.0,0.0,0.0,0,,,0.0,0,
2514,126976,-5.0,0.0,0.0,0,,,0.0,0,
2515,127104,-5.0,0.0,0.0,0,,,0.0,0,
2516,127104,-4.0,0.0,0.0,0,,,0.0,0,
2517,127104,-5.0,0.0,0.0,0,,,0.0,0,
2518,127104,-5.0,0.0,0.0,0,,,0.0,0,
2519,127168,-4.0,0.0,0.0,0,,,0.0,0,
2520,127232,-5.0,0.0,0.0,0,,,0.0,0,
2521,127232,-5.0,0.0,0.0,0,,,0.0,0,
2522,127232,-5.0,0.0,0.0,0,,,0.0,0,
2523,127232,-5.0,0.0,0.0,0,,,0.0,0,
2524,127232,-5.0,0.0,0.0,0,,,0.0,0,
2525,127232,-5.0,0.0,0.0,0,,,0.0,0,
2526,127232,-5.0,0.0,0.0,0,,,0.0,0,
2527,127232,-5.0,0.0,0.0,0,,,0.0,0,
2528,127232,-4.0,0.0,0.0,0,,,0.0,0,
2529,127424,10.4,1.0,0.0,0,,,0.0,0,
2530,127424,-5.0,0.0,0.0,0,,,0.0,0,
2531,127488,-5.0,0.0,0.0,0,,,0.0,0,
2532,127488,-5.0,0.0,0.0,0,,,0.0,0,
2533,127552,-4.0,0.0,0.0,0,,,0.0,0,
2534,127616,-5.0,0.0,0.0,0,,,0.0,0,
2535,127616,-5.0,0.0,0.0,0,,,0.0,0,
2536,127616,-5.0,0.0,0.0,0,,,0.0,0,
2537,127680,-5.0,0.0,0.0,0,,,0.0,0,
2538,127744,-4.0,0.0,0.0,0,,,0.0,0,
2539,127808,-5.0,0.0,0.0,0,,,0.0,0,
2540,127936,-5.0,0.0,0.0,0,,,0.0,0,
2541,127936,-5.0,0.0,0.0,0,,,0.0,0,
2542,128064,-5.0,0.0,0.0,0,,,0.0,0,
2543,128064,10.6,1.0,0.0,0,,,0.0,0,
2544,128128,-5.0,0.0,0.0,0,,,0.0,0,
2545,128192,-5.0,0.0,0.0,0,,,0.0,0,
2546,128320,-5.0,0.0,0.0,0,,,0.0,0,
2547,128320,-4.0,0.0,0.0,0,,,0.0,0,
2548,128384,-4.0,0.0,0.0,0,,,0.0,0,
2549,128576,-5.0,0.0,0.0,0,,,0.0,0,
2550,128640,-4.0,0.0,0.0,0,,,0.0,0,
2551,128640,-5.0,0.0,0.0,0,,,0.0,0,
2552,128704,-4.0,0.0,0.0,0,,,0.0,0,
2553,128704,-5.0,0.0,0.0,0,,,0.0,0,
2554,128768,-5.0,0.0,0.0,0,,,0.0,0,
2555,128768,-5.0,0.0,0.0,0,,,0.0,0,
2556,129024,-5.0,0.0,0.0,0,,,0.0,0,
2557,129152,-5.0,0.0,0.0,0,,,0.0,0,
2558,129152,-4.0,0.0,0.0,0,,,0.0,0,
2559,129216,-5.0,0.0,0.0,0,,,0.0,0,
2560,129408,-4.0,0.0,0.0,0,,,0.0,0,
2561,129536,-4.0,0.0,0.0,0,,,0.0,0,
2562,129536,-5.0,0.0,0.0,0,,,0.0,0,
2563,129536,-4.0,0.0,0.0,0,,,0.0,0,
2564,129600,-5.0,0.0,0.0,0,,,0.0,0,
2565,129728,-5.0,0.0,0.0,0,,,0.0,0,
2566,129856,-5.0,0.0,0.0,0,,,0.0,0,
2567,129856,-4.0,0.0,0.0,0,,,0.0,0,
2568,129920,-5.0,0.0,0.0,0,,,0.0,0,
2569,129920,-5.0,0.0,0.0,0,,,0.0,0,
2570,129920,-5.0,0.0,0.0,0,,,0.0,0,
2571,129984,-5.0,0.0,0.0,0,,,0.0,0,
2572,130048,-5.0,0.0,0.0,0,,,0.0,0,
2573,130048,-4.0,0.0,0.0,0,,,0.0,0,
2574,130048,-5.0,0.0,0.0,0,,,0.0,0,
2575,130048,-5.0,0.0,0.0,0,,,0.0,0,
2576,130112,-4.0,0.0,0.0,0,,,0.0,0,
2577,130176,-4.0,0.0,0.0,0,,,0.0,0,
2578,130240,-5.0,0.0,0.0,0,,,0.0,0,
2579,130240,-4.0,0.0,0.0,0,,,0.0,0,
2580,130368,-5.0,0.0,0.0,0,,,0.0,0,
2581,130368,-4.0,0.0,0.0,0,,,0.0,0,
2582,130368,-5.0,0.0,0.0,0,,,0.0,0,
2583,130432,-5.0,0.0,0.0,0,,,0.0,0,
2584,130496,-5.0,0.0,0.0,0,,,0.0,0,
2585,130496,-4.0,0.0,0.0,0,,,0.0,0,
2586,130496,-4.0,0.0,0.0,0,,,0.0,0,
2587,130496,-5.0,0.0,0.0,0,,,0.0,0,
2588,130496,-5.0,0.0,0.0,0,,,0.0,0,
2589,130496,-4.0,0.0,0.0,0,,,0.0,0,
2590,130496,-5.0,0.0,0.0,0,,,0.0,0,
2591,130496,-5.0,0.0,0.0,0,,,0.0,0,
2592,130496,-4.0,0.0,0.0,0,,,0.0,0,
2593,130688,-5.0,0.0,0.0,0,,,0.0,0,
2594,130688,-5.0,0.0,0.0,0,,,0.0,0,
2595,130688,7.8,1.0,0.0,0,,,0.0,0,
2596,130752,-4.0,0.0,0.0,0,,,0.0,0,
2597,130752,-5.0,0.0,0.0,0,,,0.0,0,
2598,130816,-5.0,0.0,0.0,0,,,0.0,0,
2599,130880,-4.0,0.0,0.0,0,,,0.0,0,
2600,130880,-5.0,0.0,0.0,0,,,0.0,0,
2601,130880,-5.0,0.0,0.0,0,,,0.0,0,
2602,130944,-5.0,0.0,0.0,0,,,0.0,0,
2603,131008,-4.0,0.0,0.0,0,,,0.0,0,
2604,131072,-4.0,0.0,0.0,0,,,0.0,0,
2605,131200,-5.0,0.0,0.0,0,,,0.0,0,
2606,131328,-5.0,0.0,0.0,0,,,0.0,0,
2607,131328,-5.0,0.0,0.0,0,,,0.0,0,
2608,131392,-4.0,0.0,0.0,0,,,0.0,0,
2609,131456,-5.0,0.0,0.0,0,,,0.0,0,
2610,131584,-4.0,0.0,0.0,0,,,0.0,0,
2611,131584,-5.0,0.0,0.0,0,,,0.0,0,
2612,131648,-4.0,0.0,0.0,0,,,0.0,0,
2613,131840,-5.0,0.0,0.0,0,,,0.0,0,
2614,131904,-4.0,0.0,0.0,0,,,0.0,0,
2615,131904,-5.0,0.0,0.0,0,,,0.0,0,
2616,131968,-5.0,0.0,0.0,0,,,0.0,0,
2617,131968,-5.0,0.0,0.0,0,,,0.0,0,
2618,132032,-4.0,0.0,0.0,0,,,0.0,0,
2619,132032,-5.0,0.0,0.0,0,,,0.0,0,
2620,132288,-5.0,0.0,0.0,0,,,0.0,0,
2621,132352,9.6,1.0,0.0,0,,,0.0,0,
2622,132352,9.2,1.0,0.0,0,,,0.0,0,
2623,132416,-5.0,0.0,0.0,0,,,0.0,0,
2624,132416,-5.0,0.0,0.0,0,,,0.0,0,
2625,132480,-4.0,0.0,0.0,0,,,0.0,0,
2626,132672,-5.0,0.0,0.0,0,,,0.0,0,
2627,132800,-5.0,0.0,0.0,0,,,0.0,0,
2628,132800,-5.0,0.0,0.0,0,,,0.0,0,
2629,132800,-4.0,0.0,0.0,0,,,0.0,0,
2630,132864,-4.0,0.0,0.0,0,,,0.0,0,
2631,132928,10.4,1.0,0.0,0,,,0.0,0,
2632,132928,7.6,1.0,0.0,0,,,0.0,0,
2633,132992,-5.0,0.0,0.0,0,,,0.0,0,
2634,133120,-5.0,0.0,0.0,0,,,0.0,0,
2635,133120,-5.0,0.0,0.0,0,,,0.0,0,
2636,133184,-4.0,0.0,0.0,0,,,0.0,0,
2637,133184,-5.0,0.0,0.0,0,,,0.0,0,
2638,133184,-4.0,0.0,0.0,0,,,0.0,0,
2639,133248,-4.0,0.0,0.0,0,,,0.0,0,
2640,133312,-5.0,0.0,0.0,0,,,0.0,0,
2641,133312,-4.0,0.0,0.0,0,,,0.0,0,
2642,133312,-5.0,0.0,0.0,0,,,0.0,0,
2643,133376,-4.0,0.0,0.0,0,,,0.0,0,
2644,133440,-5.0,0.0,0.0,0,,,0.0,0,
2645,133504,-5.0,0.0,0.0,0,,,0.0,0,
2646,133504,-5.0,0.0,0.0,0,,,0.0,0,
2647,133632,-4.0,0.0,0.0,0,,,0.0,0,
2648,133632,-5.0,0.0,0.0,0,,,0.0,0,
2649,133632,-5.0,0.0,0.0,0,,,0.0,0,
2650,133696,-5.0,0.0,0.0,0,,,0.0,0,
2651,133760,-5.0,0.0,0.0,0,,,0.0,0,
2652,133760,-5.0,0.0,0.0,0,,,0.0,0,
2653,133760,-4.0,0.0,0.0,0,,,0.0,0,
2654,133760,-5.0,0.0,0.0,0,,,0.0,0,
2655,133760,-5.0,0.0,0.0,0,,,0.0,0,
2656,133760,-5.0,0.0,0.0,0,,,0.0,0,
2657,133760,-5.0,0.0,0.0,0,,,0.0,0,
2658,133760,-5.0,0.0,0.0,0,,,0.0,0,
2659,133952,-4.0,0.0,0.0,0,,,0.0,0,
2660,133952,-5.0,0.0,0.0,0,,,0.0,0,
2661,133952,-5.0,0.0,0.0,0,,,0.0,0,
2662,134016,-4.0,0.0,0.0,0,,,0.0,0,
2663,134080,-4.0,0.0,0.0,0,,,0.0,0,
2664,134144,-5.0,0.0,0.0,0,,,0.0,0,
2665,134144,-5.0,0.0,0.0,0,,,0.0,0,
2666,134144,-4.0,0.0,0.0,0,,,0.0,0,
2667,134208,-4.0,0.0,0.0,0,,,0.0,0,
2668,134272,-5.0,0.0,0.0,0,,,0.0,0,
2669,134336,-5.0,0.0,0.0,0,,,0.0,0,
2670,134400,9.7,1.0,0.0,0,,,0.0,0,
2671,134464,11.0,1.0,0.0,0,,,0.0,0,
2672,134464,-5.0,0.0,0.0,0,,,0.0,0,
2673,134592,-5.0,0.0,0.0,0,,,0.0,0,
2674,134592,-5.0,0.0,0.0,0,,,0.0,0,
2675,134656,-4.0,0.0,0.0,0,,,0.0,0,
2676,134720,-5.0,0.0,0.0,0,,,0.0,0,
2677,134848,-4.0,0.0,0.0,0,,,0.0,0,
2678,134848,-4.0,0.0,0.0,0,,,0.0,0,
2679,134912,-5.0,0.0,0.0,0,,,0.0,0,
2680,135168,-5.0,0.0,0.0,0,,,0.0,0,
2681,135168,-4.0,0.0,0.0,0,,,0.0,0,
2682,135232,-5.0,0.0,0.0,0,,,0.0,0,
2683,135232,-4.0,0.0,0.0,0,,,0.0,0,
2684,135296,-5.0,0.0,0.0,0,,,0.0,0,
2685,135296,-5.0,0.0,0.0,0,,,0.0,0,
2686,135552,-5.0,0.0,0.0,0,,,0.0,0,
2687,135616,-5.0,0.0,0.0,0,,,0.0,0,
2688,135616,-5.0,0.0,0.0,0,,,0.0,0,
2689,135680,-5.0,0.0,0.0,0,,,0.0,0,
2690,135680,-4.0,0.0,0.0,0,,,0.0,0,
2691,135744,-4.0,0.0,0.0,0,,,0.0,0,
2692,135936,-5.0,0.0,0.0,0,,,0.0,0,
2693,136064,-5.0,0.0,0.0,0,,,0.0,0,
2694,136064,-5.0,0.0,0.0,0,,,0.0,0,
2695,136064,-5.0,0.0,0.0,0,,,0.0,0,
2696,136192,-5.0,0.0,0.0,0,,,0.0,0,
2697,136192,-5.0,0.0,0.0,0,,,0.0,0,
2698,136256,-5.0,0.0,0.0,0,,,0.0,0,
2699,136384,-4.0,0.0,0.0,0,,,0.0,0,
2700,136384,-5.0,0.0,0.0,0,,,0.0,0,
2701,136448,-4.0,0.0,0.0,0,,,0.0,0,
2702,136448,-5.0,0.0,0.0,0,,,0.0,0,
2703,136448,-5.0,0.0,0.0,0,,,0.0,0,
2704,136512,-5.0,0.0,0.0,0,,,0.0,0,
2705,136576,-5.0,0.0,0.0,0,,,0.0,0,
2706,136576,-4.0,0.0,0.0,0,,,0.0,0,
2707,136576,9.2,1.0,0.0,0,,,0.0,0,
2708,136576,-5.0,0.0,0.0,0,,,0.0,0,
2709,136640,-5.0,0.0,0.0,0,,,0.0,0,
2710,136704,-5.0,0.0,0.0,0,,,0.0,0,
2711,136768,-4.0,0.0,0.0,0,,,0.0,0,
2712,136768,-5.0,0.0,0.0,0,,,0.0,0,
2713,136896,-5.0,0.0,0.0,0,,,0.0,0,
2714,136896,-5.0,0.0,0.0,0,,,0.0,0,
2715,136896,-5.0,0.0,0.0,0,,,0.0,0,
2716,136960,-5.0,0.0,0.0,0,,,0.0,0,
2717,137024,-5.0,0.0,0.0,0,,,0.0,0,
2718,137024,-5.0,0.0,0.0,0,,,0.0,0,
2719,137024,-5.0,0.0,0.0,0,,,0.0,0,
2720,137024,-5.0,0.0,0.0,0,,,0.0,0,
2721,137024,-5.0,0.0,0.0,0,,,0.0,0,
2722,137024,-5.0,0.0,0.0,0,,,0.0,0,
2723,137024,-5.0,0.0,0.0,0,,,0.0,0,
2724,137216,-5.0,0.0,0.0,0,,,0.0,0,
2725,137216,-5.0,0.0,0.0,0,,,0.0,0,
2726,137216,-5.0,0.0,0.0,0,,,0.0,0,
2727,137280,-5.0,0.0,0.0,0,,,0.0,0,
2728,137344,-5.0,0.0,0.0,0,,,0.0,0,
2729,137408,-4.0,0.0,0.0,0,,,0.0,0,
2730,137408,-5.0,0.0,0.0,0,,,0.0,0,
2731,137408,-4.0,0.0,0.0,0,,,0.0,0,
2732,137472,-4.0,0.0,0.0,0,,,0.0,0,
2733,137536,-5.0,0.0,0.0,0,,,0.0,0,
2734,137600,-4.0,0.0,0.0,0,,,0.0,0,
2735,137664,-5.0,0.0,0.0,0,,,0.0,0,
2736,137728,-4.0,0.0,0.0,0,,,0.0,0,
2737,137728,-4.0,0.0,0.0,0,,,0.0,0,
2738,137856,-5.0,0.0,0.0,0,,,0.0,0,
2739,137856,-5.0,0.0,0.0,0,,,0.0,0,
2740,137920,-5.0,0.0,0.0,0,,,0.0,0,
2741,138112,-4.0,0.0,0.0,0,,,0.0,0,
2742,138112,-5.0,0.0,0.0,0,,,0.0,0,
2743,138176,-4.0,0.0,0.0,0,,,0.0,0,
2744,138432,-5.0,0.0,0.0,0,,,0.0,0,
2745,138432,-5.0,0.0,0.0,0,,,0.0,0,
2746,138496,-5.0,0.0,0.0,0,,,0.0,0,
2747,138496,-5.0,0.0,0.0,0,,,0.0,0,
2748,138560,-5.0,0.0,0.0,0,,,0.0,0,
2749,138560,-5.0,0.0,0.0,0,,,0.0,0,
2750,138816,-4.0,0.0,0.0,0,,,0.0,0,
2751,138880,-5.0,0.0,0.0,0,,,0.0,0,
2752,138880,-4.0,0.0,0.0,0,,,0.0,0,
2753,138944,-5.0,0.0,0.0,0,,,0.0,0,
2754,138944,-4.0,0.0,0.0,0,,,0.0,0,
2755,139008,-5.0,0.0,0.0,0,,,0.0,0,
2756,139200,-5.0,0.0,0.0,0,,,0.0,0,
2757,139328,-4.0,0.0,0.0,0,,,0.0,0,
2758,139328,-5.0,0.0,0.0,0,,,0.0,0,
2759,139328,-5.0,0.0,0.0,0,,,0.0,0,
2760,139456,-5.0,0.0,0.0,0,,,0.0,0,
2761,139456,-5.0,0.0,0.0,0,,,0.0,0,
2762,139520,-5.0,0.0,0.0,0,,,0.0,0,
2763,139584,11.1,1.0,0.0,0,,,0.0,0,
2764,139648,-5.0,0.0,0.0,0,,,0.0,0,
2765,139648,-4.0,0.0,0.0,0,,,0.0,0,
2766,139712,-5.0,0.0,0.0,0,,,0.0,0,
2767,139712,-5.0,0.0,0.0,0,,,0.0,0,
2768,139712,-4.0,0.0,0.0,0,,,0.0,0,
2769,139776,-5.0,0.0,0.0,0,,,0.0,0,
2770,139840,-4.0,0.0,0.0,0,,,0.0,0,
2771,139840,-4.0,0.0,0.0,0,,,0.0,0,
2772,139840,-4.0,0.0,0.0,0,,,0.0,0,
2773,139840,-5.0,0.0,0.0,0,,,0.0,0,
2774,139904,-5.0,0.0,0.0,0,,,0.0,0,
2775,139968,-5.0,0.0,0.0,0,,,0.0,0,
2776,140032,-5.0,0.0,0.0,0,,,0.0,0,
2777,140032,-5.0,0.0,0.0,0,,,0.0,0,
2778,140160,-5.0,0.0,0.0,0,,,0.0,0,
2779,140160,-4.0,0.0,0.0,0,,,0.0,0,
2780,140160,-4.0,0.0,0.0,0,,,0.0,0,
2781,140224,-5.0,0.0,0.0,0,,,0.0,0,
2782,140288,-5.0,0.0,0.0,0,,,0.0,0,
2783,140288,-5.0,0.0,0.0,0,,,0.0,0,
2784,140288,-5.0,0.0,0.0,0,,,0.0,0,
2785,140288,-5.0,0.0,0.0,0,,,0.0,0,
2786,140288,-5.0,0.0,0.0,0,,,0.0,0,
2787,140288,-4.0,0.0,0.0,0,,,0.0,0,
2788,140288,-5.0,0.0,0.0,0,,,0.0,0,
2789,140480,-5.0,0.0,0.0,0,,,0.0,0,
2790,140480,-5.0,0.0,0.0,0,,,0.0,0,
2791,140480,-4.0,0.0,0.0,0,,,0.0,0,
2792,140544,-5.0,0.0,0.0,0,,,0.0,0,
2793,140608,-5.0,0.0,0.0,0,,,0.0,0,
2794,140672,-5.0,0.0,0.0,0,,,0.0,0,
2795,140672,-5.0,0.0,0.0,0,,,0.0,0,
2796,140672,-5.0,0.0,0.0,0,,,0.0,0,
2797,140736,-5.0,0.0,0.0,0,,,0.0,0,
2798,140800,-5.0,0.0,0.0,0,,,0.0,0,
2799,140864,-5.0,0.0,0.0,0,,,0.0,0,
2800,140928,-5.0,0.0,0.0,0,,,0.0,0,
2801,140992,-5.0,0.0,0.0,0,,,0.0,0,
2802,140992,-5.0,0.0,0.0,0,,,0.0,0,
2803,141056,9.8,1.0,0.0,0,,,0.0,0,
2804,141120,-5.0,0.0,0.0,0,,,0.0,0,
2805,141120,-5.0,0.0,0.0,0,,,0.0,0,
2806,141184,-5.0,0.0,0.0,0,,,0.0,0,
2807,141248,9.7,1.0,0.0,0,,,0.0,0,
2808,141376,-5.0,0.0,0.0,0,,,0.0,0,
2809,141376,-4.0,0.0,0.0,0,,,0.0,0,
2810,141440,-5.0,0.0,0.0,0,,,0.0,0,
2811,141696,-5.0,0.0,0.0,0,,,0.0,0,
2812,141696,-5.0,0.0,0.0,0,,,0.0,0,
2813,141760,-5.0,0.0,0.0,0,,,0.0,0,
2814,141760,-4.0,0.0,0.0,0,,,0.0,0,
2815,141824,-5.0,0.0,0.0,0,,,0.0,0,
2816,141824,-4.0,0.0,0.0,0,,,0.0,0,
2817,142080,-5.0,0.0,0.0,0,,,0.0,0,
2818,142144,-5.0,0.0,0.0,0,,,0.0,0,
2819,142144,-5.0,0.0,0.0,0,,,0.0,0,
2820,142208,-5.0,0.0,0.0,0,,,0.0,0,
2821,142272,-5.0,0.0,0.0,0,,,0.0,0,
2822,142464,-5.0,0.0,0.0,0,,,0.0,0,
2823,142592,-5.0,0.0,0.0,0,,,0.0,0,
2824,142592,-5.0,0.0,0.0,0,,,0.0,0,
2825,142592,-5.0,0.0,0.0,0,,,0.0,0,
2826,142720,-5.0,0.0,0.0,0,,,0.0,0,
2827,142720,-4.0,0.0,0.0,0,,,0.0,0,
2828,142784,-5.0,0.0,0.0,0,,,0.0,0,
2829,142912,-5.0,0.0,0.0,0,,,0.0,0,
2830,142912,-5.0,0.0,0.0,0,,,0.0,0,
2831,142976,-5.0,0.0,0.0,0,,,0.0,0,
2832,142976,-5.0,0.0,0.0,0,,,0.0,0,
2833,143040,-5.0,0.0,0.0,0,,,0.0,0,
2834,143104,-5.0,0.0,0.0,0,,,0.0,0,
2835,143104,-5.0,0.0,0.0,0,,,0.0,0,
2836,143104,-5.0,0.0,0.0,0,,,0.0,0,
2837,143104,-5.0,0.0,0.0,0,,,0.0,0,
2838,143168,-5.0,0.0,0.0,0,,,0.0,0,
2839,143232,-4.0,0.0,0.0,0,,,0.0,0,
2840,143296,-5.0,0.0,0.0,0,,,0.0,0,
2841,143296,-5.0,0.0,0.0,0,,,0.0,0,
2842,143424,-5.0,0.0,0.0,0,,,0.0,0,
2843,143424,-5.0,0.0,0.0,0,,,0.0,0,
2844,143424,-5.0,0.0,0.0,0,,,0.0,0,
2845,143488,-4.0,0.0,0.0,0,,,0.0,0,
2846,143552,-4.0,0.0,0.0,0,,,0.0,0,
2847,143552,-4.0,0.0,0.0,0,,,0.0,0,
2848,143552,-5.0,0.0,0.0,0,,,0.0,0,
2849,143552,-5.0,0.0,0.0,0,,,0.0,0,
2850,143552,-5.0,0.0,0.0,0,,,0.0,0,
2851,143552,-5.0,0.0,0.0,0,,,0.0,0,
2852,143552,-4.0,0.0,0.0,0,,,0.0,0,
2853,143744,-5.0,0.0,0.0,0,,,0.0,0,
2854,143744,-5.0,0.0,0.0,0,,,0.0,0,
2855,143744,-5.0,0.0,0.0,0,,,0.0,0,
2856,143744,11.4,1.0,0.0,0,,,0.0,0,
2857,143808,-4.0,0.0,0.0,0,,,0.0,0,
2858,143872,-5.0,0.0,0.0,0,,,0.0,0,
2859,143936,-5.0,0.0,0.0,0,,,0.0,0,
2860,143936,-5.0,0.0,0.0,0,,,0.0,0,
2861,143936,-4.0,0.0,0.0,0,,,0.0,0,
2862,144000,-5.0,0.0,0.0,0,,,0.0,0,
2863,144064,-5.0,0.0,0.0,0,,,0.0,0,
2864,144128,-5.0,0.0,0.0,0,,,0.0,0,
2865,144192,-4.0,0.0,0.0,0,,,0.0,0,
2866,144256,-5.0,0.0,0.0,0,,,0.0,0,
2867,144256,-5.0,0.0,0.0,0,,,0.0,0,
2868,144256,9.5,1.0,0.0,0,,,0.0,0,
2869,144320,-5.0,0.0,0.0,0,,,0.0,0,
2870,144384,-5.0,0.0,0.0,0,,,0.0,0,
2871,144384,-4.0,0.0,0.0,0,,,0.0,0,
2872,144448,-5.0,0.0,0.0,0,,,0.0,0,
2873,144512,-5.0,0.0,0.0,0,,,0.0,0,
2874,144576,10.5,1.0,0.0,0,,,0.0,0,
2875,144640,-5.0,0.0,0.0,0,,,0.0,0,
2876,144640,-4.0,0.0,0.0,0,,,0.0,0,
2877,144704,-5.0,0.0,0.0,0,,,0.0,0,
2878,144960,-5.0,0.0,0.0,0,,,0.0,0,
2879,144960,-4.0,0.0,0.0,0,,,0.0,0,
2880,145024,-5.0,0.0,0.0,0,,,0.0,0,
2881,145024,-5.0,0.0,0.0,0,,,0.0,0,
2882,145088,-4.0,0.0,0.0,0,,,0.0,0,
2883,145088,-4.0,0.0,0.0,0,,,0.0,0,
2884,145344,-5.0,0.0,0.0,0,,,0.0,0,
2885,145408,-5.0,0.0,0.0,0,,,0.0,0,
2886,145408,10.3,1.0,0.0,0,,,0.0,0,
2887,145408,-5.0,0.0,0.0,0,,,0.0,0,
2888,145472,-5.0,0.0,0.0,0,,,0.0,0,
2889,145536,7.5,1.0,0.0,0,,,0.0,0,
2890,145536,-4.0,0.0,0.0,0,,,0.0,0,
2891,145728,-4.0,0.0,0.0,0,,,0.0,0,
2892,145856,-5.0,0.0,0.0,0,,,0.0,0,
2893,145984,-5.0,0.0,0.0,0,,,0.0,0,
2894,145984,-5.0,0.0,0.0,0,,,0.0,0,
2895,146048,-5.0,0.0,0.0,0,,,0.0,0,
2896,146176,-5.0,0.0,0.0,0,,,0.0,0,
2897,146176,-5.0,0.0,0.0,0,,,0.0,0,
2898,146240,-5.0,0.0,0.0,0,,,0.0,0,
2899,146240,-5.0,0.0,0.0,0,,,0.0,0,
2900,146304,-4.0,0.0,0.0,0,,,0.0,0,
2901,146368,-5.0,0.0,0.0,0,,,0.0,0,
2902,146368,-5.0,0.0,0.0,0,,,0.0,0,
2903,146368,-5.0,0.0,0.0,0,,,0.0,0,
2904,146368,-5.0,0.0,0.0,0,,,0.0,0,
2905,146432,-5.0,0.0,0.0,0,,,0.0,0,
2906,146496,-4.0,0.0,0.0,0,,,0.0,0,
2907,146560,-5.0,0.0,0.0,0,,,0.0,0,
2908,146688,-5.0,0.0,0.0,0,,,0.0,0,
2909,146688,-5.0,0.0,0.0,0,,,0.0,0,
2910,146688,-4.0,0.0,0.0,0,,,0.0,0,
2911,146752,-5.0,0.0,0.0,0,,,0.0,0,
2912,146816,-5.0,0.0,0.0,0,,,0.0,0,
2913,146816,-5.0,0.0,0.0,0,,,0.0,0,
2914,146816,-5.0,0.0,0.0,0,,,0.0,0,
2915,146816,-5.0,0.0,0.0,0,,,0.0,0,
2916,146816,-5.0,0.0,0.0,0,,,0.0,0,
2917,146816,-4.0,0.0,0.0,0,,,0.0,0,
2918,147008,-5.0,0.0,0.0,0,,,0.0,0,
2919,147008,-5.0,0.0,0.0,0,,,0.0,0,
2920,147008,-5.0,0.0,0.0,0,,,0.0,0,
2921,147008,-4.0,0.0,0.0,0,,,0.0,0,
2922,147072,-5.0,0.0,0.0,0,,,0.0,0,
2923,147136,-5.0,0.0,0.0,0,,,0.0,0,
2924,147200,-5.0,0.0,0.0,0,,,0.0,0,
2925,147200,-5.0,0.0,0.0,0,,,0.0,0,
2926,147200,-5.0,0.0,0.0,0,,,0.0,0,
2927,147264,-4.0,0.0,0.0,0,,,0.0,0,
2928,147328,-4.0,0.0,0.0,0,,,0.0,0,
2929,147392,-5.0,0.0,0.0,0,,,0.0,0,
2930,147456,-4.0,0.0,0.0,0,,,0.0,0,
2931,147520,-5.0,0.0,0.0,0,,,0.0,0,
2932,147520,-4.0,0.0,0.0,0,,,0.0,0,
2933,147584,-4.0,0.0,0.0,0,,,0.0,0,
2934,147648,-4.0,0.0,0.0,0,,,0.0,0,
2935,147648,7.3,1.0,0.0,0,,,0.0,0,
2936,147648,-5.0,0.0,0.0,0,,,0.0,0,
2937,147712,-4.0,0.0,0.0,0,,,0.0,0,
2938,147776,9.9,1.0,0.0,0,,,0.0,0,
2939,147776,-5.0,0.0,0.0,0,,,0.0,0,
2940,147904,-5.0,0.0,0.0,0,,,0.0,0,
2941,147904,-5.0,0.0,0.0,0,,,0.0,0,
2942,147968,-5.0,0.0,0.0,0,,,0.0,0,
2943,148224,-4.0,0.0,0.0,0,,,0.0,0,
2944,148224,-5.0,0.0,0.0,0,,,0.0,0,
2945,148288,-5.0,0.0,0.0,0,,,0.0,0,
2946,148288,-4.0,0.0,0.0,0,,,0.0,0,
2947,148352,-5.0,0.0,0.0,0,,,0.0,0,
2948,148352,-5.0,0.0,0.0,0,,,0.0,0,
2949,148608,-4.0,0.0,0.0,0,,,0.0,0,
2950,148672,-4.0,0.0,0.0,0,,,0.0,0,
2951,148672,-5.0,0.0,0.0,0,,,0.0,0,
2952,148672,-5.0,0.0,0.0,0,,,0.0,0,
2953,148736,-5.0,0.0,0.0,0,,,0.0,0,
2954,148800,-5.0,0.0,0.0,0,,,0.0,0,
2955,148800,-5.0,0.0,0.0,0,,,0.0,0,
2956,148992,-5.0,0.0,0.0,0,,,0.0,0,
2957,149120,-4.0,0.0,0.0,0,,,0.0,0,
2958,149248,-4.0,0.0,0.0,0,,,0.0,0,
2959,149248,-5.0,0.0,0.0,0,,,0.0,0,
2960,149312,-4.0,0.0,0.0,0,,,0.0,0,
2961,149440,-5.0,0.0,0.0,0,,,0.0,0,
2962,149440,-5.0,0.0,0.0,0,,,0.0,0,
2963,149504,-5.0,0.0,0.0,0,,,0.0,0,
2964,149504,-4.0,0.0,0.0,0,,,0.0,0,
2965,149568,-4.0,0.0,0.0,0,,,0.0,0,
2966,149632,-4.0,0.0,0.0,0,,,0.0,0,
2967,149632,-5.0,0.0,0.0,0,,,0.0,0,
2968,149632,-5.0,0.0,0.0,0,,,0.0,0,
2969,149696,7.9,1.0,0.0,0,,,0.0,0,
2970,149696,-4.0,0.0,0.0,0,,,0.0,0,
2971,149760,-5.0,0.0,0.0,0,,,0.0,0,
2972,149824,-5.0,0.0,0.0,0,,,0.0,0,
2973,149952,-5.0,0.0,0.0,0,,,0.0,0,
2974,149952,-5.0,0.0,0.0,0,,,0.0,0,
2975,149952,-5.0,0.0,0.0,0,,,0.0,0,
2976,150016,-5.0,0.0,0.0,0,,,0.0,0,
2977,150080,-5.0,0.0,0.0,0,,,0.0,0,
2978,150080,-5.0,0.0,0.0,0,,,0.0,0,
2979,150080,-5.0,0.0,0.0,0,,,0.0,0,
2980,150080,-5.0,0.0,0.0,0,,,0.0,0,
2981,150080,-5.0,0.0,0.0,0,,,0.0,0,
2982,150080,-5.0,0.0,0.0,0,,,0.0,0,
2983,150272,-5.0,0.0,0.0,0,,,0.0,0,
2984,150272,-4.0,0.0,0.0,0,,,0.0,0,
2985,150272,-5.0,0.0,0.0,0,,,0.0,0,
2986,150336,-5.0,0.0,0.0,0,,,0.0,0,
2987,150400,-4.0,0.0,0.0,0,,,0.0,0,
2988,150464,-5.0,0.0,0.0,0,,,0.0,0,
2989,150464,-5.0,0.0,0.0,0,,,0.0,0,
2990,150464,-5.0,0.0,0.0,0,,,0.0,0,
2991,150528,-5.0,0.0,0.0,0,,,0.0,0,
2992,150592,-5.0,0.0,0.0,0,,,0.0,0,
2993,150656,-5.0,0.0,0.0,0,,,0.0,0,
2994,150720,-5.0,0.0,0.0,0,,,0.0,0,
2995,150784,7.1,1.0,0.0,0,,,0.0,0,
2996,150784,8.8,1.0,0.0,0,,,0.0,0,
2997,150784,-5.0,0.0,0.0,0,,,0.0,0,
2998,150784,-5.0,0.0,0.0,0,,,0.0,0,
2999,150912,-5.0,0.0,0.0,0,,,0.0,0,
3000,150912,-5.0,0.0,0.0,0,,,0.0,0,
3001,150912,-5.0,0.0,0.0,0,,,0.0,0,
3002,150976,-5.0,0.0,0.0,0,,,0.0,0,
3003,151040,-5.0,0.0,0.0,0,,,0.0,0,
3004,151040,-5.0,0.0,0.0,0,,,0.0,0,
3005,151168,-5.0,0.0,0.0,0,,,0.0,0,
3006,151168,-5.0,0.0,0.0,0,,,0.0,0,
3007,151232,-5.0,0.0,0.0,0,,,0.0,0,
3008,151488,-4.0,0.0,0.0,0,,,0.0,0,
3009,151488,-5.0,0.0,0.0,0,,,0.0,0,
3010,151552,-5.0,0.0,0.0,0,,,0.0,0,
3011,151552,-5.0,0.0,0.0,0,,,0.0,0,
3012,151616,-4.0,0.0,0.0,0,,,0.0,0,
3013,151616,-5.0,0.0,0.0,0,,,0.0,0,
3014,151872,-4.0,0.0,0.0,0,,,0.0,0,
3015,151936,-5.0,0.0,0.0,0,,,0.0,0,
3016,151936,-5.0,0.0,0.0,0,,,0.0,0,
3017,152000,-5.0,0.0,0.0,0,,,0.0,0,
3018,152064,-4.0,0.0,0.0,0,,,0.0,0,
3019,152064,-5.0,0.0,0.0,0,,,0.0,0,
3020,152256,-5.0,0.0,0.0,0,,,0.0,0,
3021,152384,-5.0,0.0,0.0,0,,,0.0,0,
3022,152512,-5.0,0.0,0.0,0,,,0.0,0,
3023,152512,-4.0,0.0,0.0,0,,,0.0,0,
3024,152576,-5.0,0.0,0.0,0,,,0.0,0,
3025,152704,-5.0,0.0,0.0,0,,,0.0,0,
3026,152704,-4.0,0.0,0.0,0,,,0.0,0,
3027,152768,-5.0,0.0,0.0,0,,,0.0,0,
3028,152768,-5.0,0.0,0.0,0,,,0.0,0,
3029,152832,-5.0,0.0,0.0,0,,,0.0,0,
3030,152896,-4.0,0.0,0.0,0,,,0.0,0,
3031,152896,-5.0,0.0,0.0,0,,,0.0,0,
3032,152896,-4.0,0.0,0.0,0,,,0.0,0,
3033,152960,-5.0,0.0,0.0,0,,,0.0,0,
3034,152960,-5.0,0.0,0.0,0,,,0.0,0,
3035,153024,-5.0,0.0,0.0,0,,,0.0,0,
3036,153088,-4.0,0.0,0.0,0,,,0.0,0,
3037,153216,-4.0,0.0,0.0,0,,,0.0,0,
3038,153216,-5.0,0.0,0.0,0,,,0.0,0,
3039,153216,-4.0,0.0,0.0,0,,,0.0,0,
3040,153280,-5.0,0.0,0.0,0,,,0.0,0,
3041,153344,-5.0,0.0,0.0,0,,,0.0,0,
3042,153344,-5.0,0.0,0.0,0,,,0.0,0,
3043,153344,-4.0,0.0,0.0,0,,,0.0,0,
3044,153344,-5.0,0.0,0.0,0,,,0.0,0,
3045,153344,-5.0,0.0,0.0,0,,,0.0,0,
3046,153344,-5.0,0.0,0.0,0,,,0.0,0,
3047,153536,-5.0,0.0,0.0,0,,,0.0,0,
3048,153536,-5.0,0.0,0.0,0,,,0.0,0,
3049,153536,-5.0,0.0,0.0,0,,,0.0,0,
3050,153600,-5.0,0.0,0.0,0,,,0.0,0,
3051,153664,-5.0,0.0,0.0,0,,,0.0,0,
3052,153728,-4.0,0.0,0.0,0,,,0.0,0,
3053,153728,-5.0,0.0,0.0,0,,,0.0,0,
3054,153728,-5.0,0.0,0.0,0,,,0.0,0,
3055,153792,-5.0,0.0,0.0,0,,,0.0,0,
3056,153856,-4.0,0.0,0.0,0,,,0.0,0,
3057,153920,-5.0,0.0,0.0,0,,,0.0,0,
3058,153984,-4.0,0.0,0.0,0,,,0.0,0,
3059,153984,10.4,1.0,0.0,0,,,0.0,0,
3060,154048,-4.0,0.0,0.0,0,,,0.0,0,
3061,154048,-4.0,0.0,0.0,0,,,0.0,0,
3062,154048,-5.0,0.0,0.0,0,,,0.0,0,
3063,154048,-5.0,0.0,0.0,0,,,0.0,0,
3064,154176,-5.0,0.0,0.0,0,,,0.0,0,
3065,154176,-5.0,0.0,0.0,0,,,0.0,0,
3066,154176,-5.0,0.0,0.0,0,,,0.0,0,
3067,154240,-5.0,0.0,0.0,0,,,0.0,0,
3068,154304,-4.0,0.0,0.0,0,,,0.0,0,
3069,154304,11.3,1.0,0.0,0,,,0.0,0,
3070,154304,-5.0,0.0,0.0,0,,,0.0,0,
3071,154432,-5.0,0.0,0.0,0,,,0.0,0,
3072,154432,-5.0,0.0,0.0,0,,,0.0,0,
3073,154496,-4.0,0.0,0.0,0,,,0.0,0,
3074,154752,-5.0,0.0,0.0,0,,,0.0,0,
3075,154752,-5.0,0.0,0.0,0,,,0.0,0,
3076,154816,-4.0,0.0,0.0,0,,,0.0,0,
3077,154816,-4.0,0.0,0.0,0,,,0.0,0,
3078,154880,-4.0,0.0,0.0,0,,,0.0,0,
3079,154880,-5.0,0.0,0.0,0,,,0.0,0,
3080,155136,10.2,1.0,0.0,0,,,0.0,0,
3081,155136,-5.0,0.0,0.0,0,,,0.0,0,
3082,155200,-5.0,0.0,0.0,0,,,0.0,0,
3083,155200,-5.0,0.0,0.0,0,,,0.0,0,
3084,155264,-5.0,0.0,0.0,0,,,0.0,0,
3085,155328,-5.0,0.0,0.0,0,,,0.0,0,
3086,155328,-4.0,0.0,0.0,0,,,0.0,0,
3087,155520,-4.0,0.0,0.0,0,,,0.0,0,
3088,155648,-4.0,0.0,0.0,0,,,0.0,0,
3089,155776,-5.0,0.0,0.0,0,,,0.0,0,
3090,155776,-5.0,0.0,0.0,0,,,0.0,0,
3091,155840,-5.0,0.0,0.0,0,,,0.0,0,
3092,155968,-5.0,0.0,0.0,0,,,0.0,0,
3093,155968,-5.0,0.0,0.0,0,,,0.0,0,
3094,156032,-4.0,0.0,0.0,0,,,0.0,0,
3095,156032,-5.0,0.0,0.0,0,,,0.0,0,
3096,156096,-5.0,0.0,0.0,0,,,0.0,0,
3097,156160,-5.0,0.0,0.0,0,,,0.0,0,
3098,156160,-4.0,0.0,0.0,0,,,0.0,0,
3099,156224,-5.0,0.0,0.0,0,,,0.0,0,
3100,156224,-4.0,0.0,0.0,0,,,0.0,0,
3101,156288,-5.0,0.0,0.0,0,,,0.0,0,
3102,156352,-4.0,0.0,0.0,0,,,0.0,0,
3103,156480,-4.0,0.0,0.0,0,,,0.0,0,
3104,156480,-5.0,0.0,0.0,0,,,0.0,0,
3105,156480,-4.0,0.0,0.0,0,,,0.0,0,
3106,156544,-5.0,0.0,0.0,0,,,0.0,0,
3107,156608,-5.0,0.0,0.0,0,,,0.0,0,
3108,156608,-5.0,0.0,0.0,0,,,0.0,0,
3109,156608,-5.0,0.0,0.0,0,,,0.0,0,
3110,156608,-5.0,0.0,0.0,0,,,0.0,0,
3111,156608,-5.0,0.0,0.0,0,,,0.0,0,
3112,156608,-4.0,0.0,0.0,0,,,0.0,0,
3113,156672,9.2,1.0,0.0,0,,,0.0,0,
3114,156800,-5.0,0.0,0.0,0,,,0.0,0,
3115,156800,-5.0,0.0,0.0,0,,,0.0,0,
3116,156800,-5.0,0.0,0.0,0,,,0.0,0,
3117,156864,-4.0,0.0,0.0,0,,,0.0,0,
3118,156928,-5.0,0.0,0.0,0,,,0.0,0,
3119,156992,-5.0,0.0,0.0,0,,,0.0,0,
3120,156992,-4.0,0.0,0.0,0,,,0.0,0,
3121,156992,-5.0,0.0,0.0,0,,,0.0,0,
3122,157120,-4.0,0.0,0.0,0,,,0.0,0,
3123,157184,11.0,1.0,0.0,0,,,0.0,0,
3124,157248,-5.0,0.0,0.0,0,,,0.0,0,
3125,157248,-5.0,0.0,0.0,0,,,0.0,0,
3126,157312,-5.0,0.0,0.0,0,,,0.0,0,
3127,157312,-4.0,0.0,0.0,0,,,0.0,0,
3128,157312,-5.0,0.0,0.0,0,,,0.0,0,
3129,157312,-5.0,0.0,0.0,0,,,0.0,0,
3130,157440,-5.0,0.0,0.0,0,,,0.0,0,
3131,157440,-5.0,0.0,0.0,0,,,0.0,0,
3132,157440,-5.0,0.0,0.0,0,,,0.0,0,
3133,157504,-5.0,0.0,0.0,0,,,0.0,0,
3134,157568,-5.0,0.0,0.0,0,,,0.0,0,
3135,157568,-4.0,0.0,0.0,0,,,0.0,0,
3136,157568,-4.0,0.0,0.0,0,,,0.0,0,
3137,157696,-4.0,0.0,0.0,0,,,0.0,0,
3138,157696,-5.0,0.0,0.0,0,,,0.0,0,
3139,157760,-5.0,0.0,0.0,0,,,0.0,0,
3140,158016,-5.0,0.0,0.0,0,,,0.0,0,
3141,158016,-5.0,0.0,0.0,0,,,0.0,0,
3142,158080,-5.0,0.0,0.0,0,,,0.0,0,
3143,158080,9.0,1.0,0.0,0,,,0.0,0,
3144,158144,-4.0,0.0,0.0,0,,,0.0,0,
3145,158144,-5.0,0.0,0.0,0,,,0.0,0,
3146,158400,-5.0,0.0,0.0,0,,,0.0,0,
3147,158400,-5.0,0.0,0.0,0,,,0.0,0,
3148,158464,-5.0,0.0,0.0,0,,,0.0,0,
3149,158464,-5.0,0.0,0.0,0,,,0.0,0,
3150,158528,-5.0,0.0,0.0,0,,,0.0,0,
3151,158592,-5.0,0.0,0.0,0,,,0.0,0,
3152,158592,-5.0,0.0,0.0,0,,,0.0,0,
3153,158656,10.3,1.0,0.0,0,,,0.0,0,
3154,158784,-5.0,0.0,0.0,0,,,0.0,0,
3155,158912,-5.0,0.0,0.0,0,,,0.0,0,
3156,159040,-5.0,0.0,0.0,0,,,0.0,0,
3157,159040,-5.0,0.0,0.0,0,,,0.0,0,
3158,159104,-4.0,0.0,0.0,0,,,0.0,0,
3159,159168,10.9,1.0,0.0,0,,,0.0,0,
3160,159232,9.3,1.0,0.0,0,,,0.0,0,
3161,159232,-5.0,0.0,0.0,0,,,0.0,0,
3162,159232,-5.0,0.0,0.0,0,,,0.0,0,
3163,159296,-5.0,0.0,0.0,0,,,0.0,0,
3164,159296,-5.0,0.0,0.0,0,,,0.0,0,
3165,159424,-4.0,0.0,0.0,0,,,0.0,0,
3166,159424,-5.0,0.0,0.0,0,,,0.0,0,
3167,159488,-4.0,0.0,0.0,0,,,0.0,0,
3168,159488,-5.0,0.0,0.0,0,,,0.0,0,
3169,159552,-5.0,0.0,0.0,0,,,0.0,0,
3170,159616,-5.0,0.0,0.0,0,,,0.0,0,
3171,159680,11.7,1.0,0.0,0,,,0.0,0,
3172,159744,-5.0,0.0,0.0,0,,,0.0,0,
3173,159744,-4.0,0.0,0.0,0,,,0.0,0,
3174,159808,-5.0,0.0,0.0,0,,,0.0,0,
3175,159872,-5.0,0.0,0.0,0,,,0.0,0,
3176,159872,-4.0,0.0,0.0,0,,,0.0,0,
3177,159872,-5.0,0.0,0.0,0,,,0.0,0,
3178,159872,-5.0,0.0,0.0,0,,,0.0,0,
3179,159872,-5.0,0.0,0.0,0,,,0.0,0,
3180,159872,-4.0,0.0,0.0,0,,,0.0,0,
3181,159936,-4.0,0.0,0.0,0,,,0.0,0,
3182,160064,-5.0,0.0,0.0,0,,,0.0,0,
3183,160064,-5.0,0.0,0.0,0,,,0.0,0,
3184,160064,-4.0,0.0,0.0,0,,,0.0,0,
3185,160128,-5.0,0.0,0.0,0,,,0.0,0,
3186,160192,-5.0,0.0,0.0,0,,,0.0,0,
3187,160256,-5.0,0.0,0.0,0,,,0.0,0,
3188,160256,-5.0,0.0,0.0,0,,,0.0,0,
3189,160256,-5.0,0.0,0.0,0,,,0.0,0,
3190,160384,11.1,1.0,0.0,0,,,0.0,0,
3191,160384,-5.0,0.0,0.0,0,,,0.0,0,
3192,160448,-5.0,0.0,0.0,0,,,0.0,0,
3193,160512,-5.0,0.0,0.0,0,,,0.0,0,
3194,160512,-5.0,0.0,0.0,0,,,0.0,0,
3195,160576,-4.0,0.0,0.0,0,,,0.0,0,
3196,160576,-5.0,0.0,0.0,0,,,0.0,0,
3197,160576,-5.0,0.0,0.0,0,,,0.0,0,
3198,160576,-4.0,0.0,0.0,0,,,0.0,0,
3199,160704,-5.0,0.0,0.0,0,,,0.0,0,
3200,160704,-5.0,0.0,0.0,0,,,0.0,0,
3201,160704,10.8,1.0,0.0,0,,,0.0,0,
3202,160832,-5.0,0.0,0.0,0,,,0.0,0,
3203,160832,-4.0,0.0,0.0,0,,,0.0,0,
3204,160832,-5.0,0.0,0.0,0,,,0.0,0,
3205,160960,-5.0,0.0,0.0,0,,,0.0,0,
3206,160960,-4.0,0.0,0.0,0,,,0.0,0,
3207,161024,-4.0,0.0,0.0,0,,,0.0,0,
3208,161280,-5.0,0.0,0.0,0,,,0.0,0,
3209,161280,-5.0,0.0,0.0,0,,,0.0,0,
3210,161344,-4.0,0.0,0.0,0,,,0.0,0,
3211,161344,-5.0,0.0,0.0,0,,,0.0,0,
3212,161408,-4.0,0.0,0.0,0,,,0.0,0,
3213,161408,-4.0,0.0,0.0,0,,,0.0,0,
3214,161664,-5.0,0.0,0.0,0,,,0.0,0,
3215,161728,-5.0,0.0,0.0,0,,,0.0,0,
3216,161728,-5.0,0.0,0.0,0,,,0.0,0,
3217,161792,9.9,1.0,0.0,0,,,0.0,0,
3218,161792,-5.0,0.0,0.0,0,,,0.0,0,
3219,161856,-5.0,0.0,0.0,0,,,0.0,0,
3220,161856,-5.0,0.0,0.0,0,,,0.0,0,
3221,161920,-5.0,0.0,0.0,0,,,0.0,0,
3222,162048,-5.0,0.0,0.0,0,,,0.0,0,
3223,162176,-5.0,0.0,0.0,0,,,0.0,0,
3224,162304,-5.0,0.0,0.0,0,,,0.0,0,
3225,162304,-5.0,0.0,0.0,0,,,0.0,0,
3226,162368,7.0,1.0,0.0,0,,,0.0,0,
3227,162432,-5.0,0.0,0.0,0,,,0.0,0,
3228,162496,-4.0,0.0,0.0,0,,,0.0,0,
3229,162496,-5.0,0.0,0.0,0,,,0.0,0,
3230,162496,-5.0,0.0,0.0,0,,,0.0,0,
3231,162560,-5.0,0.0,0.0,0,,,0.0,0,
3232,162560,-5.0,0.0,0.0,0,,,0.0,0,
3233,162688,-5.0,0.0,0.0,0,,,0.0,0,
3234,162752,-5.0,0.0,0.0,0,,,0.0,0,
3235,162752,-4.0,0.0,0.0,0,,,0.0,0,
3236,162816,-4.0,0.0,0.0,0,,,0.0,0,
3237,162880,-5.0,0.0,0.0,0,,,0.0,0,
3238,162944,-5.0,0.0,0.0,0,,,0.0,0,
3239,163008,-5.0,0.0,0.0,0,,,0.0,0,
3240,163072,-4.0,0.0,0.0,0,,,0.0,0,
3241,163136,-4.0,0.0,0.0,0,,,0.0,0,
3242,163136,-5.0,0.0,0.0,0,,,0.0,0,
3243,163136,-5.0,0.0,0.0,0,,,0.0,0,
3244,163136,-5.0,0.0,0.0,0,,,0.0,0,
3245,163136,-5.0,0.0,0.0,0,,,0.0,0,
3246,163200,-5.0,0.0,0.0,0,,,0.0,0,
3247,163328,-4.0,0.0,0.0,0,,,0.0,0,
3248,163328,-5.0,0.0,0.0,0,,,0.0,0,
3249,163328,-5.0,0.0,0.0,0,,,0.0,0,
3250,163392,-5.0,0.0,0.0,0,,,0.0,0,
3251,163456,-4.0,0.0,0.0,0,,,0.0,0,
3252,163520,-5.0,0.0,0.0,0,,,0.0,0,
3253,163520,-5.0,0.0,0.0,0,,,0.0,0,
3254,163520,-5.0,0.0,0.0,0,,,0.0,0,
3255,163648,-5.0,0.0,0.0,0,,,0.0,0,
3256,163712,-5.0,0.0,0.0,0,,,0.0,0,
3257,163776,-5.0,0.0,0.0,0,,,0.0,0,
3258,163776,-4.0,0.0,0.0,0,,,0.0,0,
3259,163840,-4.0,0.0,0.0,0,,,0.0,0,
3260,163840,-4.0,0.0,0.0,0,,,0.0,0,
3261,163840,-4.0,0.0,0.0,0,,,0.0,0,
3262,163840,-4.0,0.0,0.0,0,,,0.0,0,
3263,163968,-4.0,0.0,0.0,0,,,0.0,0,
3264,163968,-5.0,0.0,0.0,0,,,0.0,0,
3265,163968,-5.0,0.0,0.0,0,,,0.0,0,
3266,164096,-5.0,0.0,0.0,0,,,0.0,0,
3267,164096,-4.0,0.0,0.0,0,,,0.0,0,
3268,164096,-4.0,0.0,0.0,0,,,0.0,0,
3269,164224,-5.0,0.0,0.0,0,,,0.0,0,
3270,164224,-5.0,0.0,0.0,0,,,0.0,0,
3271,164288,-5.0,0.0,0.0,0,,,0.0,0,
3272,164544,-5.0,0.0,0.0,0,,,0.0,0,
3273,164544,-5.0,0.0,0.0,0,,,0.0,0,
3274,164608,-4.0,0.0,0.0,0,,,0.0,0,
3275,164608,-5.0,0.0,0.0,0,,,0.0,0,
3276,164672,-5.0,0.0,0.0,0,,,0.0,0,
3277,164672,-5.0,0.0,0.0,0,,,0.0,0,
3278,164928,-5.0,0.0,0.0,0,,,0.0,0,
3279,164992,-5.0,0.0,0.0,0,,,0.0,0,
3280,164992,-5.0,0.0,0.0,0,,,0.0,0,
3281,165056,-5.0,0.0,0.0,0,,,0.0,0,
3282,165056,-5.0,0.0,0.0,0,,,0.0,0,
3283,165120,-4.0,0.0,0.0,0,,,0.0,0,
3284,165120,-5.0,0.0,0.0,0,,,0.0,0,
3285,165184,-5.0,0.0,0.0,0,,,0.0,0,
3286,165184,9.9,1.0,0.0,0,,,0.0,0,
3287,165312,-5.0,0.0,0.0,0,,,0.0,0,
3288,165440,-5.0,0.0,0.0,0,,,0.0,0,
3289,165440,11.6,1.0,0.0,0,,,0.0,0,
3290,165568,-5.0,0.0,0.0,0,,,0.0,0,
3291,165568,-5.0,0.0,0.0,0,,,0.0,0,
3292,165632,-5.0,0.0,0.0,0,,,0.0,0,
3293,165696,-5.0,0.0,0.0,0,,,0.0,0,
3294,165760,-5.0,0.0,0.0,0,,,0.0,0,
3295,165760,-5.0,0.0,0.0,0,,,0.0,0,
3296,165760,-5.0,0.0,0.0,0,,,0.0,0,
3297,165824,-4.0,0.0,0.0,0,,,0.0,0,
3298,165824,-4.0,0.0,0.0,0,,,0.0,0,
3299,165952,-5.0,0.0,0.0,0,,,0.0,0,
3300,166016,-4.0,0.0,0.0,0,,,0.0,0,
3301,166016,-5.0,0.0,0.0,0,,,0.0,0,
3302,166080,-5.0,0.0,0.0,0,,,0.0,0,
3303,166144,-5.0,0.0,0.0,0,,,0.0,0,
3304,166208,-5.0,0.0,0.0,0,,,0.0,0,
3305,166272,-4.0,0.0,0.0,0,,,0.0,0,
3306,166336,-4.0,0.0,0.0,0,,,0.0,0,
3307,166400,-4.0,0.0,0.0,0,,,0.0,0,
3308,166400,-5.0,0.0,0.0,0,,,0.0,0,
3309,166400,-4.0,0.0,0.0,0,,,0.0,0,
3310,166400,-5.0,0.0,0.0,0,,,0.0,0,
3311,166400,-5.0,0.0,0.0,0,,,0.0,0,
3312,166464,-4.0,0.0,0.0,0,,,0.0,0,
3313,166592,-5.0,0.0,0.0,0,,,0.0,0,
3314,166592,-5.0,0.0,0.0,0,,,0.0,0,
3315,166592,-5.0,0.0,0.0,0,,,0.0,0,
3316,166656,-5.0,0.0,0.0,0,,,0.0,0,
3317,166720,-4.0,0.0,0.0,0,,,0.0,0,
3318,166784,-5.0,0.0,0.0,0,,,0.0,0,
3319,166784,-5.0,0.0,0.0,0,,,0.0,0,
3320,166784,-4.0,0.0,0.0,0,,,0.0,0,
3321,166912,-5.0,0.0,0.0,0,,,0.0,0,
3322,166976,-4.0,0.0,0.0,0,,,0.0,0,
3323,167040,11.5,1.0,0.0,0,,,0.0,0,
3324,167040,-5.0,0.0,0.0,0,,,0.0,0,
3325,167104,-5.0,0.0,0.0,0,,,0.0,0,
3326,167104,-4.0,0.0,0.0,0,,,0.0,0,
3327,167104,-4.0,0.0,0.0,0,,,0.0,0,
3328,167104,-5.0,0.0,0.0,0,,,0.0,0,
3329,167232,-5.0,0.0,0.0,0,,,0.0,0,
3330,167232,-5.0,0.0,0.0,0,,,0.0,0,
3331,167232,-4.0,0.0,0.0,0,,,0.0,0,
3332,167360,-5.0,0.0,0.0,0,,,0.0,0,
3333,167360,-5.0,0.0,0.0,0,,,0.0,0,
3334,167360,-5.0,0.0,0.0,0,,,0.0,0,
3335,167488,-4.0,0.0,0.0,0,,,0.0,0,
3336,167488,-5.0,0.0,0.0,0,,,0.0,0,
3337,167552,-4.0,0.0,0.0,0,,,0.0,0,
3338,167808,-5.0,0.0,0.0,0,,,0.0,0,
3339,167808,-5.0,0.0,0.0,0,,,0.0,0,
3340,167872,-4.0,0.0,0.0,0,,,0.0,0,
3341,167872,-5.0,0.0,0.0,0,,,0.0,0,
3342,167936,-5.0,0.0,0.0,0,,,0.0,0,
3343,167936,-4.0,0.0,0.0,0,,,0.0,0,
3344,168000,8.6,1.0,0.0,0,,,0.0,0,
3345,168192,-5.0,0.0,0.0,0,,,0.0,0,
3346,168256,-5.0,0.0,0.0,0,,,0.0,0,
3347,168256,-5.0,0.0,0.0,0,,,0.0,0,
3348,168320,-5.0,0.0,0.0,0,,,0.0,0,
3349,168320,-5.0,0.0,0.0,0,,,0.0,0,
3350,168384,-5.0,0.0,0.0,0,,,0.0,0,
3351,168448,10.6,1.0,0.0,0,,,0.0,0,
3352,168448,-5.0,0.0,0.0,0,,,0.0,0,
3353,168448,-5.0,0.0,0.0,0,,,0.0,0,
3354,168576,-4.0,0.0,0.0,0,,,0.0,0,
3355,168704,-4.0,0.0,0.0,0,,,0.0,0,
3356,168704,-5.0,0.0,0.0,0,,,0.0,0,
3357,168832,-5.0,0.0,0.0,0,,,0.0,0,
3358,168832,-5.0,0.0,0.0,0,,,0.0,0,
3359,168896,-4.0,0.0,0.0,0,,,0.0,0,
3360,168960,-5.0,0.0,0.0,0,,,0.0,0,
3361,169024,-4.0,0.0,0.0,0,,,0.0,0,
3362,169024,-5.0,0.0,0.0,0,,,0.0,0,
3363,169088,-4.0,0.0,0.0,0,,,0.0,0,
3364,169088,-4.0,0.0,0.0,0,,,0.0,0,
3365,169216,-5.0,0.0,0.0,0,,,0.0,0,
3366,169280,-5.0,0.0,0.0,0,,,0.0,0,
3367,169280,10.0,1.0,0.0,0,,,0.0,0,
3368,169280,-4.0,0.0,0.0,0,,,0.0,0,
3369,169344,-5.0,0.0,0.0,0,,,0.0,0,
3370,169408,-5.0,0.0,0.0,0,,,0.0,0,
3371,169472,-4.0,0.0,0.0,0,,,0.0,0,
3372,169536,-5.0,0.0,0.0,0,,,0.0,0,
3373,169600,-5.0,0.0,0.0,0,,,0.0,0,
3374,169664,-5.0,0.0,0.0,0,,,0.0,0,
3375,169664,-5.0,0.0,0.0,0,,,0.0,0,
3376,169664,-4.0,0.0,0.0,0,,,0.0,0,
3377,169664,-5.0,0.0,0.0,0,,,0.0,0,
3378,169664,7.0,1.0,0.0,0,,,0.0,0,
3379,169728,-5.0,0.0,0.0,0,,,0.0,0,
3380,169856,-5.0,0.0,0.0,0,,,0.0,0,
3381,169856,-4.0,0.0,0.0,0,,,0.0,0,
3382,169856,-5.0,0.0,0.0,0,,,0.0,0,
3383,169920,11.3,1.0,0.0,0,,,0.0,0,
3384,169984,-4.0,0.0,0.0,0,,,0.0,0,
3385,170048,-5.0,0.0,0.0,0,,,0.0,0,
3386,170048,-5.0,0.0,0.0,0,,,0.0,0,
3387,170048,-5.0,0.0,0.0,0,,,0.0,0,
3388,170176,-5.0,0.0,0.0,0,,,0.0,0,
3389,170240,-5.0,0.0,0.0,0,,,0.0,0,
3390,170304,-5.0,0.0,0.0,0,,,0.0,0,
3391,170304,-5.0,0.0,0.0,0,,,0.0,0,
3392,170368,7.2,1.0,0.0,0,,,0.0,0,
3393,170368,-5.0,0.0,0.0,0,,,0.0,0,
3394,170368,-5.0,0.0,0.0,0,,,0.0,0,
3395,170368,-5.0,0.0,0.0,0,,,0.0,0,
3396,170368,-5.0,0.0,0.0,0,,,0.0,0,
3397,170496,-5.0,0.0,0.0,0,,,0.0,0,
3398,170496,-4.0,0.0,0.0,0,,,0.0,0,
3399,170624,-5.0,0.0,0.0,0,,,0.0,0,
3400,170624,-4.0,0.0,0.0,0,,,0.0,0,
3401,170624,-4.0,0.0,0.0,0,,,0.0,0,
3402,170752,-5.0,0.0,0.0,0,,,0.0,0,
3403,170816,8.6,1.0,0.0,0,,,0.0,0,
3404,170816,-5.0,0.0,0.0,0,,,0.0,0,
3405,171072,-5.0,0.0,0.0,0,,,0.0,0,
3406,171072,-4.0,0.0,0.0,0,,,0.0,0,
3407,171136,-5.0,0.0,0.0,0,,,0.0,0,
3408,171136,-4.0,0.0,0.0,0,,,0.0,0,
3409,171200,-5.0,0.0,0.0,0,,,0.0,0,
3410,171264,-5.0,0.0,0.0,0,,,0.0,0,
3411,171456,-5.0,0.0,0.0,0,,,0.0,0,
3412,171520,-5.0,0.0,0.0,0,,,0.0,0,
3413,171520,-4.0,0.0,0.0,0,,,0.0,0,
3414,171584,-4.0,0.0,0.0,0,,,0.0,0,
3415,171584,-4.0,0.0,0.0,0,,,0.0,0,
3416,171648,-5.0,0.0,0.0,0,,,0.0,0,
3417,171712,-4.0,0.0,0.0,0,,,0.0,0,
3418,171712,-5.0,0.0,0.0,0,,,0.0,0,
3419,171712,-4.0,0.0,0.0,0,,,0.0,0,
3420,171968,-5.0,0.0,0.0,0,,,0.0,0,
3421,171968,-4.0,0.0,0.0,0,,,0.0,0,
3422,172096,-4.0,0.0,0.0,0,,,0.0,0,
3423,172096,-4.0,0.0,0.0,0,,,0.0,0,
3424,172160,-5.0,0.0,0.0,0,,,0.0,0,
3425,172224,-5.0,0.0,0.0,0,,,0.0,0,
3426,172288,-5.0,0.0,0.0,0,,,0.0,0,
3427,172288,-5.0,0.0,0.0,0,,,0.0,0,
3428,172352,-5.0,0.0,0.0,0,,,0.0,0,
3429,172352,-5.0,0.0,0.0,0,,,0.0,0,
3430,172480,-5.0,0.0,0.0,0,,,0.0,0,
3431,172544,-4.0,0.0,0.0,0,,,0.0,0,
3432,172544,-4.0,0.0,0.0,0,,,0.0,0,
3433,172544,-4.0,0.0,0.0,0,,,0.0,0,
3434,172608,-5.0,0.0,0.0,0,,,0.0,0,
3435,172736,-5.0,0.0,0.0,0,,,0.0,0,
3436,172800,-5.0,0.0,0.0,0,,,0.0,0,
3437,172800,11.2,1.0,0.0,0,,,0.0,0,
3438,172864,-5.0,0.0,0.0,0,,,0.0,0,
3439,172928,-5.0,0.0,0.0,0,,,0.0,0,
3440,172928,-5.0,0.0,0.0,0,,,0.0,0,
3441,172928,-5.0,0.0,0.0,0,,,0.0,0,
3442,172928,-5.0,0.0,0.0,0,,,0.0,0,
3443,172928,-5.0,0.0,0.0,0,,,0.0,0,
3444,172992,-5.0,0.0,0.0,0,,,0.0,0,
3445,173120,-5.0,0.0,0.0,0,,,0.0,0,
3446,173120,-5.0,0.0,0.0,0,,,0.0,0,
3447,173120,-4.0,0.0,0.0,0,,,0.0,0,
3448,173184,-4.0,0.0,0.0,0,,,0.0,0,
3449,173248,11.1,1.0,0.0,0,,,0.0,0,
3450,173248,-5.0,0.0,0.0,0,,,0.0,0,
3451,173312,-5.0,0.0,0.0,0,,,0.0,0,
3452,173312,-5.0,0.0,0.0,0,,,0.0,0,
3453,173312,-4.0,0.0,0.0,0,,,0.0,0,
3454,173440,-4.0,0.0,0.0,0,,,0.0,0,
3455,173504,-5.0,0.0,0.0,0,,,0.0,0,
3456,173568,-5.0,0.0,0.0,0,,,0.0,0,
3457,173568,-5.0,0.0,0.0,0,,,0.0,0,
3458,173632,-5.0,0.0,0.0,0,,,0.0,0,
3459,173632,-5.0,0.0,0.0,0,,,0.0,0,
3460,173632,-5.0,0.0,0.0,0,,,0.0,0,
3461,173632,-4.0,0.0,0.0,0,,,0.0,0,
3462,173632,-4.0,0.0,0.0,0,,,0.0,0,
3463,173760,-5.0,0.0,0.0,0,,,0.0,0,
3464,173760,-5.0,0.0,0.0,0,,,0.0,0,
3465,173888,-5.0,0.0,0.0,0,,,0.0,0,
3466,173888,-4.0,0.0,0.0,0,,,0.0,0,
3467,173888,-4.0,0.0,0.0,0,,,0.0,0,
3468,174016,-4.0,0.0,0.0,0,,,0.0,0,
3469,174080,-4.0,0.0,0.0,0,,,0.0,0,
3470,174080,-5.0,0.0,0.0,0,,,0.0,0,
3471,174336,-5.0,0.0,0.0,0,,,0.0,0,
3472,174336,-5.0,0.0,0.0,0,,,0.0,0,
3473,174400,-5.0,0.0,0.0,0,,,0.0,0,
3474,174400,-5.0,0.0,0.0,0,,,0.0,0,
3475,174464,-5.0,0.0,0.0,0,,,0.0,0,
3476,174528,-5.0,0.0,0.0,0,,,0.0,0,
3477,174592,10.6,1.0,0.0,0,,,0.0,0,
3478,174720,-5.0,0.0,0.0,0,,,0.0,0,
3479,174784,-4.0,0.0,0.0,0,,,0.0,0,
3480,174784,-5.0,0.0,0.0,0,,,0.0,0,
3481,174848,11.3,1.0,0.0,0,,,0.0,0,
3482,174848,-5.0,0.0,0.0,0,,,0.0,0,
3483,174848,-5.0,0.0,0.0,0,,,0.0,0,
3484,174912,-4.0,0.0,0.0,0,,,0.0,0,
3485,174976,-5.0,0.0,0.0,0,,,0.0,0,
3486,174976,-4.0,0.0,0.0,0,,,0.0,0,
3487,174976,-5.0,0.0,0.0,0,,,0.0,0,
3488,175232,-4.0,0.0,0.0,0,,,0.0,0,
3489,175232,-5.0,0.0,0.0,0,,,0.0,0,
3490,175232,9.6,1.0,0.0,0,,,0.0,0,
3491,175360,11.5,1.0,0.0,0,,,0.0,0,
3492,175360,-5.0,0.0,0.0,0,,,0.0,0,
3493,175360,-5.0,0.0,0.0,0,,,0.0,0,
3494,175424,-5.0,0.0,0.0,0,,,0.0,0,
3495,175488,9.2,1.0,0.0,0,,,0.0,0,
3496,175552,-5.0,0.0,0.0,0,,,0.0,0,
3497,175552,-5.0,0.0,0.0,0,,,0.0,0,
3498,175616,-4.0,0.0,0.0,0,,,0.0,0,
3499,175616,-4.0,0.0,0.0,0,,,0.0,0,
3500,175744,-4.0,0.0,0.0,0,,,0.0,0,
3501,175808,-5.0,0.0,0.0,0,,,0.0,0,
3502,175808,-5.0,0.0,0.0,0,,,0.0,0,
3503,175808,-5.0,0.0,0.0,0,,,0.0,0,
3504,176000,-5.0,0.0,0.0,0,,,0.0,0,
3505,176064,-5.0,0.0,0.0,0,,,0.0,0,
3506,176064,-5.0,0.0,0.0,0,,,0.0,0,
3507,176128,-5.0,0.0,0.0,0,,,0.0,0,
3508,176192,-4.0,0.0,0.0,0,,,0.0,0,
3509,176192,-5.0,0.0,0.0,0,,,0.0,0,
3510,176192,-5.0,0.0,0.0,0,,,0.0,0,
3511,176192,-5.0,0.0,0.0,0,,,0.0,0,
3512,176192,-5.0,0.0,0.0,0,,,0.0,0,
3513,176256,-5.0,0.0,0.0,0,,,0.0,0,
3514,176384,-5.0,0.0,0.0,0,,,0.0,0,
3515,176384,-5.0,0.0,0.0,0,,,0.0,0,
3516,176384,-5.0,0.0,0.0,0,,,0.0,0,
3517,176448,-5.0,0.0,0.0,0,,,0.0,0,
3518,176512,-5.0,0.0,0.0,0,,,0.0,0,
3519,176512,-5.0,0.0,0.0,0,,,0.0,0,
3520,176576,-4.0,0.0,0.0,0,,,0.0,0,
3521,176576,-4.0,0.0,0.0,0,,,0.0,0,
3522,176576,-4.0,0.0,0.0,0,,,0.0,0,
3523,176704,7.7,1.0,0.0,0,,,0.0,0,
3524,176704,-5.0,0.0,0.0,0,,,0.0,0,
3525,176768,-5.0,0.0,0.0,0,,,0.0,0,
3526,176832,-5.0,0.0,0.0,0,,,0.0,0,
3527,176832,-5.0,0.0,0.0,0,,,0.0,0,
3528,176896,-4.0,0.0,0.0,0,,,0.0,0,
3529,176896,-5.0,0.0,0.0,0,,,0.0,0,
3530,177024,-4.0,0.0,0.0,0,,,0.0,0,
3531,177024,-5.0,0.0,0.0,0,,,0.0,0,
3532,177152,-5.0,0.0,0.0,0,,,0.0,0,
3533,177152,-5.0,0.0,0.0,0,,,0.0,0,
3534,177280,-5.0,0.0,0.0,0,,,0.0,0,
3535,177344,-5.0,0.0,0.0,0,,,0.0,0,
3536,177344,-4.0,0.0,0.0,0,,,0.0,0,
3537,177600,-5.0,0.0,0.0,0,,,0.0,0,
3538,177664,-4.0,0.0,0.0,0,,,0.0,0,
3539,177664,-5.0,0.0,0.0,0,,,0.0,0,
3540,177664,7.7,1.0,0.0,0,,,0.0,0,
3541,177728,-4.0,0.0,0.0,0,,,0.0,0,
3542,177792,-4.0,0.0,0.0,0,,,0.0,0,
3543,177856,-5.0,0.0,0.0,0,,,0.0,0,
3544,177920,7.9,1.0,0.0,0,,,0.0,0,
3545,177984,-5.0,0.0,0.0,0,,,0.0,0,
3546,178048,-5.0,0.0,0.0,0,,,0.0,0,
3547,178048,-4.0,0.0,0.0,0,,,0.0,0,
3548,178112,-5.0,0.0,0.0,0,,,0.0,0,
3549,178112,-5.0,0.0,0.0,0,,,0.0,0,
3550,178176,-5.0,0.0,0.0,0,,,0.0,0,
3551,178240,-5.0,0.0,0.0,0,,,0.0,0,
3552,178240,-5.0,0.0,0.0,0,,,0.0,0,
3553,178496,-4.0,0.0,0.0,0,,,0.0,0,
3554,178496,-5.0,0.0,0.0,0,,,0.0,0,
3555,178624,-5.0,0.0,0.0,0,,,0.0,0,
3556,178624,-5.0,0.0,0.0,0,,,0.0,0,
3557,178624,-5.0,0.0,0.0,0,,,0.0,0,
3558,178688,-4.0,0.0,0.0,0,,,0.0,0,
3559,178752,-4.0,0.0,0.0,0,,,0.0,0,
3560,178816,-5.0,0.0,0.0,0,,,0.0,0,
3561,178816,-5.0,0.0,0.0,0,,,0.0,0,
3562,178880,-5.0,0.0,0.0,0,,,0.0,0,
3563,178880,-5.0,0.0,0.0,0,,,0.0,0,
3564,179008,7.1,1.0,0.0,0,,,0.0,0,
3565,179008,-5.0,0.0,0.0,0,,,0.0,0,
3566,179072,-5.0,0.0,0.0,0,,,0.0,0,
3567,179072,-5.0,0.0,0.0,0,,,0.0,0,
3568,179264,-4.0,0.0,0.0,0,,,0.0,0,
3569,179328,-5.0,0.0,0.0,0,,,0.0,0,
3570,179328,-5.0,0.0,0.0,0,,,0.0,0,
3571,179392,-5.0,0.0,0.0,0,,,0.0,0,
3572,179456,-4.0,0.0,0.0,0,,,0.0,0,
3573,179456,-4.0,0.0,0.0,0,,,0.0,0,
3574,179456,-5.0,0.0,0.0,0,,,0.0,0,
3575,179456,-4.0,0.0,0.0,0,,,0.0,0,
3576,179456,-4.0,0.0,0.0,0,,,0.0,0,
3577,179520,-5.0,0.0,0.0,0,,,0.0,0,
3578,179648,-5.0,0.0,0.0,0,,,0.0,0,
3579,179648,-4.0,0.0,0.0,0,,,0.0,0,
3580,179648,-5.0,0.0,0.0,0,,,0.0,0,
3581,179712,-5.0,0.0,0.0,0,,,0.0,0,
3582,179776,-4.0,0.0,0.0,0,,,0.0,0,
3583,179776,-5.0,0.0,0.0,0,,,0.0,0,
3584,179840,-4.0,0.0,0.0,0,,,0.0,0,
3585,179840,-4.0,0.0,0.0,0,,,0.0,0,
3586,179840,-5.0,0.0,0.0,0,,,0.0,0,
3587,179968,-5.0,0.0,0.0,0,,,0.0,0,
3588,179968,-5.0,0.0,0.0,0,,,0.0,0,
3589,180032,-5.0,0.0,0.0,0,,,0.0,0,
3590,180096,-5.0,0.0,0.0,0,,,0.0,0,
3591,180096,-4.0,0.0,0.0,0,,,0.0,0,
3592,180160,-5.0,0.0,0.0,0,,,0.0,0,
3593,180160,-5.0,0.0,0.0,0,,,0.0,0,
3594,180288,-5.0,0.0,0.0,0,,,0.0,0,
3595,180288,-5.0,0.0,0.0,0,,,0.0,0,
3596,180416,-5.0,0.0,0.0,0,,,0.0,0,
3597,180416,-5.0,0.0,0.0,0,,,0.0,0,
3598,180544,-4.0,0.0,0.0,0,,,0.0,0,
3599,180608,-5.0,0.0,0.0,0,,,0.0,0,
3600,180608,-4.0,0.0,0.0,0,,,0.0,0,
3601,180864,-4.0,0.0,0.0,0,,,0.0,0,
3602,180864,8.6,1.0,0.0,0,,,0.0,0,
3603,180928,-5.0,0.0,0.0,0,,,0.0,0,
3604,180928,-5.0,0.0,0.0,0,,,0.0,0,
3605,180928,-5.0,0.0,0.0,0,,,0.0,0,
3606,180992,-5.0,0.0,0.0,0,,,0.0,0,
3607,181056,-5.0,0.0,0.0,0,,,0.0,0,
3608,181120,-5.0,0.0,0.0,0,,,0.0,0,
3609,181184,-5.0,0.0,0.0,0,,,0.0,0,
3610,181184,8.1,1.0,0.0,0,,,0.0,0,
3611,181248,-4.0,0.0,0.0,0,,,0.0,0,
3612,181312,-4.0,0.0,0.0,0,,,0.0,0,
3613,181312,-5.0,0.0,0.0,0,,,0.0,0,
3614,181376,-5.0,0.0,0.0,0,,,0.0,0,
3615,181376,-4.0,0.0,0.0,0,,,0.0,0,
3616,181376,10.6,1.0,0.0,0,,,0.0,0,
3617,181440,-5.0,0.0,0.0,0,,,0.0,0,
3618,181440,10.3,1.0,0.0,0,,,0.0,0,
3619,181504,-5.0,0.0,0.0,0,,,0.0,0,
3620,181504,-5.0,0.0,0.0,0,,,0.0,0,
3621,181760,-5.0,0.0,0.0,0,,,0.0,0,
3622,181760,-5.0,0.0,0.0,0,,,0.0,0,
3623,181888,-5.0,0.0,0.0,0,,,0.0,0,
3624,181952,-4.0,0.0,0.0,0,,,0.0,0,
3625,182016,-5.0,0.0,0.0,0,,,0.0,0,
3626,182080,-5.0,0.0,0.0,0,,,0.0,0,
3627,182080,-4.0,0.0,0.0,0,,,0.0,0,
3628,182144,-5.0,0.0,0.0,0,,,0.0,0,
3629,182144,-5.0,0.0,0.0,0,,,0.0,0,
3630,182272,-5.0,0.0,0.0,0,,,0.0,0,
3631,182272,-5.0,0.0,0.0,0,,,0.0,0,
3632,182336,-5.0,0.0,0.0,0,,,0.0,0,
3633,182336,-5.0,0.0,0.0,0,,,0.0,0,
3634,182528,-5.0,0.0,0.0,0,,,0.0,0,
3635,182592,-5.0,0.0,0.0,0,,,0.0,0,
3636,182592,-5.0,0.0,0.0,0,,,0.0,0,
3637,182656,-5.0,0.0,0.0,0,,,0.0,0,
3638,182720,-4.0,0.0,0.0,0,,,0.0,0,
3639,182720,-4.0,0.0,0.0,0,,,0.0,0,
3640,182720,-4.0,0.0,0.0,0,,,0.0,0,
3641,182720,-4.0,0.0,0.0,0,,,0.0,0,
3642,182720,-4.0,0.0,0.0,0,,,0.0,0,
3643,182784,-4.0,0.0,0.0,0,,,0.0,0,
3644,182912,11.8,1.0,0.0,0,,,0.0,0,
3645,182912,-5.0,0.0,0.0,0,,,0.0,0,
3646,182912,-5.0,0.0,0.0,0,,,0.0,0,
3647,182912,-5.0,0.0,0.0,0,,,0.0,0,
3648,182976,-5.0,0.0,0.0,0,,,0.0,0,
3649,183040,-4.0,0.0,0.0,0,,,0.0,0,
3650,183040,-4.0,0.0,0.0,0,,,0.0,0,
3651,183104,-4.0,0.0,0.0,0,,,0.0,0,
3652,183104,-5.0,0.0,0.0,0,,,0.0,0,
3653,183104,-5.0,0.0,0.0,0,,,0.0,0,
3654,183232,-5.0,0.0,0.0,0,,,0.0,0,
3655,183232,-5.0,0.0,0.0,0,,,0.0,0,
3656,183296,-5.0,0.0,0.0,0,,,0.0,0,
3657,183360,-4.0,0.0,0.0,0,,,0.0,0,
3658,183360,-5.0,0.0,0.0,0,,,0.0,0,
3659,183424,-5.0,0.0,0.0,0,,,0.0,0,
3660,183424,-5.0,0.0,0.0,0,,,0.0,0,
3661,183552,-4.0,0.0,0.0,0,,,0.0,0,
3662,183680,-4.0,0.0,0.0,0,,,0.0,0,
3663,183808,-4.0,0.0,0.0,0,,,0.0,0,
3664,183872,-4.0,0.0,0.0,0,,,0.0,0,
3665,183872,-4.0,0.0,0.0,0,,,0.0,0,
3666,184000,10.7,1.0,0.0,0,,,0.0,0,
3667,184128,-4.0,0.0,0.0,0,,,0.0,0,
3668,184128,-5.0,0.0,0.0,0,,,0.0,0,
3669,184192,-5.0,0.0,0.0,0,,,0.0,0,
3670,184192,-5.0,0.0,0.0,0,,,0.0,0,
3671,184192,-5.0,0.0,0.0,0,,,0.0,0,
3672,184256,-5.0,0.0,0.0,0,,,0.0,0,
3673,184320,-5.0,0.0,0.0,0,,,0.0,0,
3674,184384,-4.0,0.0,0.0,0,,,0.0,0,
3675,184448,-5.0,0.0,0.0,0,,,0.0,0,
3676,184448,-5.0,0.0,0.0,0,,,0.0,0,
3677,184512,-5.0,0.0,0.0,0,,,0.0,0,
3678,184576,-5.0,0.0,0.0,0,,,0.0,0,
3679,184576,-5.0,0.0,0.0,0,,,0.0,0,
3680,184640,-5.0,0.0,0.0,0,,,0.0,0,
3681,184640,-5.0,0.0,0.0,0,,,0.0,0,
3682,184640,-5.0,0.0,0.0,0,,,0.0,0,
3683,184704,-4.0,0.0,0.0,0,,,0.0,0,
3684,184704,-5.0,0.0,0.0,0,,,0.0,0,
3685,184768,-5.0,0.0,0.0,0,,,0.0,0,
3686,184768,-5.0,0.0,0.0,0,,,0.0,0,
3687,185024,-5.0,0.0,0.0,0,,,0.0,0,
3688,185024,-4.0,0.0,0.0,0,,,0.0,0,
3689,185152,-5.0,0.0,0.0,0,,,0.0,0,
3690,185216,7.2,1.0,0.0,0,,,0.0,0,
3691,185216,-4.0,0.0,0.0,0,,,0.0,0,
3692,185280,-5.0,0.0,0.0,0,,,0.0,0,
3693,185344,-5.0,0.0,0.0,0,,,0.0,0,
3694,185408,-5.0,0.0,0.0,0,,,0.0,0,
3695,185408,-5.0,0.0,0.0,0,,,0.0,0,
3696,185536,-4.0,0.0,0.0,0,,,0.0,0,
3697,185536,-5.0,0.0,0.0,0,,,0.0,0,
3698,185600,-5.0,0.0,0.0,0,,,0.0,0,
3699,185600,-4.0,0.0,0.0,0,,,0.0,0,
3700,185728,11.6,1.0,0.0,0,,,0.0,0,
3701,185792,-4.0,0.0,0.0,0,,,0.0,0,
3702,185792,10.2,1.0,0.0,0,,,0.0,0,
3703,185856,-4.0,0.0,0.0,0,,,0.0,0,
3704,185856,-4.0,0.0,0.0,0,,,0.0,0,
3705,185920,-4.0,0.0,0.0,0,,,0.0,0,
3706,185984,-5.0,0.0,0.0,0,,,0.0,0,
3707,185984,-5.0,0.0,0.0,0,,,0.0,0,
3708,185984,-5.0,0.0,0.0,0,,,0.0,0,
3709,185984,-5.0,0.0,0.0,0,,,0.0,0,
3710,186048,-5.0,0.0,0.0,0,,,0.0,0,
3711,186176,-4.0,0.0,0.0,0,,,0.0,0,
3712,186176,-5.0,0.0,0.0,0,,,0.0,0,
3713,186176,-5.0,0.0,0.0,0,,,0.0,0,
3714,186176,-5.0,0.0,0.0,0,,,0.0,0,
3715,186240,-4.0,0.0,0.0,0,,,0.0,0,
3716,186304,-5.0,0.0,0.0,0,,,0.0,0,
3717,186304,-5.0,0.0,0.0,0,,,0.0,0,
3718,186368,-5.0,0.0,0.0,0,,,0.0,0,
3719,186368,-4.0,0.0,0.0,0,,,0.0,0,
3720,186496,-5.0,0.0,0.0,0,,,0.0,0,
3721,186496,-5.0,0.0,0.0,0,,,0.0,0,
3722,186560,9.2,1.0,0.0,0,,,0.0,0,
3723,186560,-5.0,0.0,0.0,0,,,0.0,0,
3724,186624,-5.0,0.0,0.0,0,,,0.0,0,
3725,186624,-5.0,0.0,0.0,0,,,0.0,0,
3726,186688,-5.0,0.0,0.0,0,,,0.0,0,
3727,186688,-5.0,0.0,0.0,0,,,0.0,0,
3728,186816,-5.0,0.0,0.0,0,,,0.0,0,
3729,186944,-5.0,0.0,0.0,0,,,0.0,0,
3730,187072,-5.0,0.0,0.0,0,,,0.0,0,
3731,187136,-5.0,0.0,0.0,0,,,0.0,0,
3732,187136,-4.0,0.0,0.0,0,,,0.0,0,
3733,187264,-5.0,0.0,0.0,0,,,0.0,0,
3734,187392,-5.0,0.0,0.0,0,,,0.0,0,
3735,187392,-5.0,0.0,0.0,0,,,0.0,0,
3736,187456,-5.0,0.0,0.0,0,,,0.0,0,
3737,187456,-5.0,0.0,0.0,0,,,0.0,0,
3738,187456,-4.0,0.0,0.0,0,,,0.0,0,
3739,187520,-4.0,0.0,0.0,0,,,0.0,0,
3740,187584,-5.0,0.0,0.0,0,,,0.0,0,
3741,187648,-4.0,0.0,0.0,0,,,0.0,0,
3742,187712,-5.0,0.0,0.0,0,,,0.0,0,
3743,187712,-5.0,0.0,0.0,0,,,0.0,0,
3744,187776,-5.0,0.0,0.0,0,,,0.0,0,
3745,187840,-5.0,0.0,0.0,0,,,0.0,0,
3746,187904,-5.0,0.0,0.0,0,,,0.0,0,
3747,187904,-4.0,0.0,0.0,0,,,0.0,0,
3748,187904,-5.0,0.0,0.0,0,,,0.0,0,
3749,187968,-5.0,0.0,0.0,0,,,0.0,0,
3750,188032,11.4,1.0,0.0,0,,,0.0,0,
3751,188032,-5.0,0.0,0.0,0,,,0.0,0,
3752,188032,-5.0,0.0,0.0,0,,,0.0,0,
3753,188224,9.7,1.0,0.0,0,,,0.0,0,
3754,188288,-5.0,0.0,0.0,0,,,0.0,0,
3755,188288,-5.0,0.0,0.0,0,,,0.0,0,
3756,188352,8.1,1.0,0.0,0,,,0.0,0,
3757,188416,-5.0,0.0,0.0,0,,,0.0,0,
3758,188480,-4.0,0.0,0.0,0,,,0.0,0,
3759,188480,-5.0,0.0,0.0,0,,,0.0,0,
3760,188544,-5.0,0.0,0.0,0,,,0.0,0,
3761,188608,-5.0,0.0,0.0,0,,,0.0,0,
3762,188672,-5.0,0.0,0.0,0,,,0.0,0,
3763,188800,-5.0,0.0,0.0,0,,,0.0,0,
3764,188800,-5.0,0.0,0.0,0,,,0.0,0,
3765,188864,-4.0,0.0,0.0,0,,,0.0,0,
3766,188864,-5.0,0.0,0.0,0,,,0.0,0,
3767,188992,-5.0,0.0,0.0,0,,,0.0,0,
3768,189056,-4.0,0.0,0.0,0,,,0.0,0,
3769,189120,-5.0,0.0,0.0,0,,,0.0,0,
3770,189120,-5.0,0.0,0.0,0,,,0.0,0,
3771,189184,-5.0,0.0,0.0,0,,,0.0,0,
3772,189248,-4.0,0.0,0.0,0,,,0.0,0,
3773,189248,-4.0,0.0,0.0,0,,,0.0,0,
3774,189248,-5.0,0.0,0.0,0,,,0.0,0,
3775,189248,-4.0,0.0,0.0,0,,,0.0,0,
3776,189312,-5.0,0.0,0.0,0,,,0.0,0,
3777,189440,-5.0,0.0,0.0,0,,,0.0,0,
3778,189440,-5.0,0.0,0.0,0,,,0.0,0,
3779,189440,-5.0,0.0,0.0,0,,,0.0,0,
3780,189440,-5.0,0.0,0.0,0,,,0.0,0,
3781,189504,-4.0,0.0,0.0,0,,,0.0,0,
3782,189568,-4.0,0.0,0.0,0,,,0.0,0,
3783,189568,-4.0,0.0,0.0,0,,,0.0,0,
3784,189632,-5.0,0.0,0.0,0,,,0.0,0,
3785,189632,-5.0,0.0,0.0,0,,,0.0,0,
3786,189760,-5.0,0.0,0.0,0,,,0.0,0,
3787,189760,-4.0,0.0,0.0,0,,,0.0,0,
3788,189824,-5.0,0.0,0.0,0,,,0.0,0,
3789,189824,-5.0,0.0,0.0,0,,,0.0,0,
3790,189888,-4.0,0.0,0.0,0,,,0.0,0,
3791,189888,-5.0,0.0,0.0,0,,,0.0,0,
3792,189952,7.0,1.0,0.0,0,,,0.0,0,
3793,190080,9.7,1.0,0.0,0,,,0.0,0,
3794,190080,-5.0,0.0,0.0,0,,,0.0,0,
3795,190208,-4.0,0.0,0.0,0,,,0.0,0,
3796,190336,-5.0,0.0,0.0,0,,,0.0,0,
3797,190400,-4.0,0.0,0.0,0,,,0.0,0,
3798,190400,-5.0,0.0,0.0,0,,,0.0,0,
3799,190528,-5.0,0.0,0.0,0,,,0.0,0,
3800,190656,-4.0,0.0,0.0,0,,,0.0,0,
3801,190656,-4.0,0.0,0.0,0,,,0.0,0,
3802,190720,-5.0,0.0,0.0,0,,,0.0,0,
3803,190720,-5.0,0.0,0.0,0,,,0.0,0,
3804,190720,-5.0,0.0,0.0,0,,,0.0,0,
3805,190784,-5.0,0.0,0.0,0,,,0.0,0,
3806,190912,-5.0,0.0,0.0,0,,,0.0,0,
3807,190976,-5.0,0.0,0.0,0,,,0.0,0,
3808,190976,-5.0,0.0,0.0,0,,,0.0,0,
3809,191040,-5.0,0.0,0.0,0,,,0.0,0,
3810,191104,-4.0,0.0,0.0,0,,,0.0,0,
3811,191168,-4.0,0.0,0.0,0,,,0.0,0,
3812,191168,-5.0,0.0,0.0,0,,,0.0,0,
3813,191168,-5.0,0.0,0.0,0,,,0.0,0,
3814,191232,-5.0,0.0,0.0,0,,,0.0,0,
3815,191296,-5.0,0.0,0.0,0,,,0.0,0,
3816,191296,-5.0,0.0,0.0,0,,,0.0,0,
3817,191296,-5.0,0.0,0.0,0,,,0.0,0,
3818,191360,8.9,1.0,0.0,0,,,0.0,0,
3819,191488,-5.0,0.0,0.0,0,,,0.0,0,
3820,191552,-5.0,0.0,0.0,0,,,0.0,0,
3821,191552,-4.0,0.0,0.0,0,,,0.0,0,
3822,191616,-5.0,0.0,0.0,0,,,0.0,0,
3823,191680,-5.0,0.0,0.0,0,,,0.0,0,
3824,191680,10.6,1.0,0.0,0,,,0.0,0,
3825,191744,-5.0,0.0,0.0,0,,,0.0,0,
3826,191744,-5.0,0.0,0.0,0,,,0.0,0,
3827,191872,-5.0,0.0,0.0,0,,,0.0,0,
3828,191936,-4.0,0.0,0.0,0,,,0.0,0,
3829,192064,-5.0,0.0,0.0,0,,,0.0,0,
3830,192064,-5.0,0.0,0.0,0,,,0.0,0,
3831,192128,-5.0,0.0,0.0,0,,,0.0,0,
3832,192128,-5.0,0.0,0.0,0,,,0.0,0,
3833,192256,-5.0,0.0,0.0,0,,,0.0,0,
3834,192320,-5.0,0.0,0.0,0,,,0.0,0,
3835,192384,-5.0,0.0,0.0,0,,,0.0,0,
3836,192384,-5.0,0.0,0.0,0,,,0.0,0,
3837,192448,-5.0,0.0,0.0,0,,,0.0,0,
3838,192512,-5.0,0.0,0.0,0,,,0.0,0,
3839,192512,-4.0,0.0,0.0,0,,,0.0,0,
3840,192512,-5.0,0.0,0.0,0,,,0.0,0,
3841,192512,-4.0,0.0,0.0,0,,,0.0,0,
3842,192704,-5.0,0.0,0.0,0,,,0.0,0,
3843,192704,11.1,1.0,0.0,0,,,0.0,0,
3844,192704,-4.0,0.0,0.0,0,,,0.0,0,
3845,192704,-5.0,0.0,0.0,0,,,0.0,0,
3846,192704,-4.0,0.0,0.0,0,,,0.0,0,
3847,192768,-5.0,0.0,0.0,0,,,0.0,0,
3848,192832,-5.0,0.0,0.0,0,,,0.0,0,
3849,192832,-5.0,0.0,0.0,0,,,0.0,0,
3850,192896,-5.0,0.0,0.0,0,,,0.0,0,
3851,192896,-5.0,0.0,0.0,0,,,0.0,0,
3852,193024,-5.0,0.0,0.0,0,,,0.0,0,
3853,193024,-5.0,0.0,0.0,0,,,0.0,0,
3854,193088,-4.0,0.0,0.0,0,,,0.0,0,
3855,193088,-5.0,0.0,0.0,0,,,0.0,0,
3856,193152,-5.0,0.0,0.0,0,,,0.0,0,
3857,193152,-4.0,0.0,0.0,0,,,0.0,0,
3858,193216,-5.0,0.0,0.0,0,,,0.0,0,
3859,193344,-5.0,0.0,0.0,0,,,0.0,0,
3860,193344,-5.0,0.0,0.0,0,,,0.0,0,
3861,193408,9.7,1.0,0.0,0,,,0.0,0,
3862,193472,-5.0,0.0,0.0,0,,,0.0,0,
3863,193600,-5.0,0.0,0.0,0,,,0.0,0,
3864,193664,-4.0,0.0,0.0,0,,,0.0,0,
3865,193664,-4.0,0.0,0.0,0,,,0.0,0,
3866,193792,-5.0,0.0,0.0,0,,,0.0,0,
3867,193920,-5.0,0.0,0.0,0,,,0.0,0,
3868,193920,-4.0,0.0,0.0,0,,,0.0,0,
3869,193984,-5.0,0.0,0.0,0,,,0.0,0,
3870,193984,-5.0,0.0,0.0,0,,,0.0,0,
3871,194048,-5.0,0.0,0.0,0,,,0.0,0,
3872,194176,-5.0,0.0,0.0,0,,,0.0,0,
3873,194240,-4.0,0.0,0.0,0,,,0.0,0,
3874,194240,-5.0,0.0,0.0,0,,,0.0,0,
3875,194304,-5.0,0.0,0.0,0,,,0.0,0,
3876,194368,-5.0,0.0,0.0,0,,,0.0,0,
3877,194432,-5.0,0.0,0.0,0,,,0.0,0,
3878,194432,-5.0,0.0,0.0,0,,,0.0,0,
3879,194432,-4.0,0.0,0.0,0,,,0.0,0,
3880,194496,-5.0,0.0,0.0,0,,,0.0,0,
3881,194560,10.2,1.0,0.0,0,,,0.0,0,
3882,194560,-5.0,0.0,0.0,0,,,0.0,0,
3883,194560,-5.0,0.0,0.0,0,,,0.0,0,
3884,194560,-5.0,0.0,0.0,0,,,0.0,0,
3885,194624,-5.0,0.0,0.0,0,,,0.0,0,
3886,194624,7.5,1.0,0.0,0,,,0.0,0,
3887,194752,-5.0,0.0,0.0,0,,,0.0,0,
3888,194816,-4.0,0.0,0.0,0,,,0.0,0,
3889,194816,-5.0,0.0,0.0,0,,,0.0,0,
3890,194880,-5.0,0.0,0.0,0,,,0.0,0,
3891,194944,-4.0,0.0,0.0,0,,,0.0,0,
3892,195008,-4.0,0.0,0.0,0,,,0.0,0,
3893,195008,-4.0,0.0,0.0,0,,,0.0,0,
3894,195200,-4.0,0.0,0.0,0,,,0.0,0,
3895,195200,11.5,1.0,0.0,0,,,0.0,0,
3896,195328,-5.0,0.0,0.0,0,,,0.0,0,
3897,195392,-5.0,0.0,0.0,0,,,0.0,0,
3898,195392,-5.0,0.0,0.0,0,,,0.0,0,
3899,195456,10.8,1.0,0.0,0,,,0.0,0,
3900,195520,-4.0,0.0,0.0,0,,,0.0,0,
3901,195584,-5.0,0.0,0.0,0,,,0.0,0,
3902,195648,-5.0,0.0,0.0,0,,,0.0,0,
3903,195648,-5.0,0.0,0.0,0,,,0.0,0,
3904,195712,-5.0,0.0,0.0,0,,,0.0,0,
3905,195776,-5.0,0.0,0.0,0,,,0.0,0,
3906,195776,-4.0,0.0,0.0,0,,,0.0,0,
3907,195776,-4.0,0.0,0.0,0,,,0.0,0,
3908,195776,-5.0,0.0,0.0,0,,,0.0,0,
3909,195840,9.6,1.0,0.0,0,,,0.0,0,
3910,195968,-4.0,0.0,0.0,0,,,0.0,0,
3911,195968,-4.0,0.0,0.0,0,,,0.0,0,
3912,195968,-5.0,0.0,0.0,0,,,0.0,0,
3913,195968,-5.0,0.0,0.0,0,,,0.0,0,
3914,195968,-5.0,0.0,0.0,0,,,0.0,0,
3915,196032,-5.0,0.0,0.0,0,,,0.0,0,
3916,196096,-5.0,0.0,0.0,0,,,0.0,0,
3917,196096,-5.0,0.0,0.0,0,,,0.0,0,
3918,196160,-4.0,0.0,0.0,0,,,0.0,0,
3919,196160,-5.0,0.0,0.0,0,,,0.0,0,
3920,196288,-5.0,0.0,0.0,0,,,0.0,0,
3921,196288,-4.0,0.0,0.0,0,,,0.0,0,
3922,196352,11.2,1.0,0.0,0,,,0.0,0,
3923,196352,-5.0,0.0,0.0,0,,,0.0,0,
3924,196352,-5.0,0.0,0.0,0,,,0.0,0,
3925,196416,-5.0,0.0,0.0,0,,,0.0,0,
3926,196416,-5.0,0.0,0.0,0,,,0.0,0,
3927,196480,-4.0,0.0,0.0,0,,,0.0,0,
3928,196608,-5.0,0.0,0.0,0,,,0.0,0,
3929,196672,-5.0,0.0,0.0,0,,,0.0,0,
3930,196736,-5.0,0.0,0.0,0,,,0.0,0,
3931,196864,-4.0,0.0,0.0,0,,,0.0,0,
3932,196928,-5.0,0.0,0.0,0,,,0.0,0,
3933,196928,-5.0,0.0,0.0,0,,,0.0,0,
3934,197056,-5.0,0.0,0.0,0,,,0.0,0,
3935,197184,-4.0,0.0,0.0,0,,,0.0,0,
3936,197184,-5.0,0.0,0.0,0,,,0.0,0,
3937,197248,-5.0,0.0,0.0,0,,,0.0,0,
3938,197248,-5.0,0.0,0.0,0,,,0.0,0,
3939,197312,-4.0,0.0,0.0,0,,,0.0,0,
3940,197440,-4.0,0.0,0.0,0,,,0.0,0,
3941,197504,-5.0,0.0,0.0,0,,,0.0,0,
3942,197568,-4.0,0.0,0.0,0,,,0.0,0,
3943,197568,7.4,1.0,0.0,0,,,0.0,0,
3944,197632,-5.0,0.0,0.0,0,,,0.0,0,
3945,197696,-5.0,0.0,0.0,0,,,0.0,0,
3946,197696,-4.0,0.0,0.0,0,,,0.0,0,
3947,197696,-5.0,0.0,0.0,0,,,0.0,0,
3948,197760,-5.0,0.0,0.0,0,,,0.0,0,
3949,197824,-4.0,0.0,0.0,0,,,0.0,0,
3950,197824,-4.0,0.0,0.0,0,,,0.0,0,
3951,197824,-5.0,0.0,0.0,0,,,0.0,0,
3952,197888,9.2,1.0,0.0,0,,,0.0,0,
3953,197888,-4.0,0.0,0.0,0,,,0.0,0,
3954,198016,-5.0,0.0,0.0,0,,,0.0,0,
3955,198080,-5.0,0.0,0.0,0,,,0.0,0,
3956,198144,-5.0,0.0,0.0,0,,,0.0,0,
3957,198208,-5.0,0.0,0.0,0,,,0.0,0,
3958,198272,-5.0,0.0,0.0,0,,,0.0,0,
3959,198272,-5.0,0.0,0.0,0,,,0.0,0,
3960,198336,9.9,1.0,0.0,0,,,0.0,0,
3961,198464,-5.0,0.0,0.0,0,,,0.0,0,
3962,198464,-4.0,0.0,0.0,0,,,0.0,0,
3963,198528,10.7,1.0,0.0,0,,,0.0,0,
3964,198592,-5.0,0.0,0.0,0,,,0.0,0,
3965,198656,-4.0,0.0,0.0,0,,,0.0,0,
3966,198656,-5.0,0.0,0.0,0,,,0.0,0,
3967,198720,-5.0,0.0,0.0,0,,,0.0,0,
3968,198784,-5.0,0.0,0.0,0,,,0.0,0,
3969,198848,-5.0,0.0,0.0,0,,,0.0,0,
3970,198912,-5.0,0.0,0.0,0,,,0.0,0,
3971,198912,-4.0,0.0,0.0,0,,,0.0,0,
3972,198976,-5.0,0.0,0.0,0,,,0.0,0,
3973,199040,-5.0,0.0,0.0,0,,,0.0,0,
3974,199040,-5.0,0.0,0.0,0,,,0.0,0,
3975,199040,-5.0,0.0,0.0,0,,,0.0,0,
3976,199104,-5.0,0.0,0.0,0,,,0.0,0,
3977,199232,-5.0,0.0,0.0,0,,,0.0,0,
3978,199232,-5.0,0.0,0.0,0,,,0.0,0,
3979,199232,-4.0,0.0,0.0,0,,,0.0,0,
3980,199232,-5.0,0.0,0.0,0,,,0.0,0,
3981,199232,-5.0,0.0,0.0,0,,,0.0,0,
3982,199360,-5.0,0.0,0.0,0,,,0.0,0,
3983,199360,-4.0,0.0,0.0,0,,,0.0,0,
3984,199424,-4.0,0.0,0.0,0,,,0.0,0,
3985,199424,-4.0,0.0,0.0,0,,,0.0,0,
3986,199488,7.6,1.0,0.0,0,,,0.0,0,
3987,199552,-5.0,0.0,0.0,0,,,0.0,0,
3988,199552,-5.0,0.0,0.0,0,,,0.0,0,
3989,199616,-5.0,0.0,0.0,0,,,0.0,0,
3990,199616,-5.0,0.0,0.0,0,,,0.0,0,
3991,199616,-5.0,0.0,0.0,0,,,0.0,0,
3992,199680,-5.0,0.0,0.0,0,,,0.0,0,
3993,199680,-4.0,0.0,0.0,0,,,0.0,0,
3994,199744,-4.0,0.0,0.0,0,,,0.0,0,
3995,199936,-5.0,0.0,0.0,0,,,0.0,0,
3996,200000,-5.0,0.0,0.0,0,,,0.0,0,
3997,200128,-5.0,0.0,0.0,0,,,0.0,0,
3998,200192,10.6,1.0,0.0,0,,,0.0,0,
3999,200192,10.2,1.0,0.0,0,,,0.0,0,
4000,200192,-5.0,0.0,0.0,0,,,0.0,0,
4001,200320,-5.0,0.0,0.0,0,,,0.0,0,
4002,200448,-5.0,0.0,0.0,0,,,0.0,0,
4003,200448,-4.0,0.0,0.0,0,,,0.0,0,
4004,200512,-4.0,0.0,0.0,0,,,0.0,0,
4005,200512,-5.0,0.0,0.0,0,,,0.0,0,
4006,200576,-5.0,0.0,0.0,0,,,0.0,0,
4007,200704,-5.0,0.0,0.0,0,,,0.0,0,
4008,200768,-5.0,0.0,0.0,0,,,0.0,0,
4009,200832,9.1,1.0,0.0,0,,,0.0,0,
4010,200832,-4.0,0.0,0.0,0,,,0.0,0,
4011,200832,-4.0,0.0,0.0,0,,,0.0,0,
4012,200960,-5.0,0.0,0.0,0,,,0.0,0,
4013,200960,-5.0,0.0,0.0,0,,,0.0,0,
4014,200960,-5.0,0.0,0.0,0,,,0.0,0,
4015,201024,-4.0,0.0,0.0,0,,,0.0,0,
4016,201088,-5.0,0.0,0.0,0,,,0.0,0,
4017,201088,-5.0,0.0,0.0,0,,,0.0,0,
4018,201088,-5.0,0.0,0.0,0,,,0.0,0,
4019,201152,-5.0,0.0,0.0,0,,,0.0,0,
4020,201152,-4.0,0.0,0.0,0,,,0.0,0,
4021,201152,8.2,1.0,0.0,0,,,0.0,0,
4022,201280,-5.0,0.0,0.0,0,,,0.0,0,
4023,201344,-5.0,0.0,0.0,0,,,0.0,0,
4024,201408,-5.0,0.0,0.0,0,,,0.0,0,
4025,201472,-4.0,0.0,0.0,0,,,0.0,0,
4026,201536,-5.0,0.0,0.0,0,,,0.0,0,
4027,201536,-5.0,0.0,0.0,0,,,0.0,0,
4028,201600,9.0,1.0,0.0,0,,,0.0,0,
4029,201600,-5.0,0.0,0.0,0,,,0.0,0,
4030,201728,-5.0,0.0,0.0,0,,,0.0,0,
4031,201728,-5.0,0.0,0.0,0,,,0.0,0,
4032,201792,-5.0,0.0,0.0,0,,,0.0,0,
4033,201856,-5.0,0.0,0.0,0,,,0.0,0,
4034,201920,-4.0,0.0,0.0,0,,,0.0,0,
4035,201984,-4.0,0.0,0.0,0,,,0.0,0,
4036,202048,-5.0,0.0,0.0,0,,,0.0,0,
4037,202112,-5.0,0.0,0.0,0,,,0.0,0,
4038,202176,-5.0,0.0,0.0,0,,,0.0,0,
4039,202304,-4.0,0.0,0.0,0,,,0.0,0,
4040,202304,-5.0,0.0,0.0,0,,,0.0,0,
4041,202304,-5.0,0.0,0.0,0,,,0.0,0,
4042,202368,-5.0,0.0,0.0,0,,,0.0,0,
4043,202496,-4.0,0.0,0.0,0,,,0.0,0,
4044,202496,-5.0,0.0,0.0,0,,,0.0,0,
4045,202496,-4.0,0.0,0.0,0,,,0.0,0,
4046,202496,-4.0,0.0,0.0,0,,,0.0,0,
4047,202624,-5.0,0.0,0.0,0,,,0.0,0,
4048,202624,-5.0,0.0,0.0,0,,,0.0,0,
4049,202688,-5.0,0.0,0.0,0,,,0.0,0,
4050,202688,-5.0,0.0,0.0,0,,,0.0,0,
4051,202752,-5.0,0.0,0.0,0,,,0.0,0,
4052,202816,-5.0,0.0,0.0,0,,,0.0,0,
4053,202816,-5.0,0.0,0.0,0,,,0.0,0,
4054,202880,-5.0,0.0,0.0,0,,,0.0,0,
4055,202880,-4.0,0.0,0.0,0,,,0.0,0,
4056,202880,11.5,1.0,0.0,0,,,0.0,0,
4057,202944,-4.0,0.0,0.0,0,,,0.0,0,
4058,202944,-5.0,0.0,0.0,0,,,0.0,0,
4059,203008,-5.0,0.0,0.0,0,,,0.0,0,
4060,203200,-4.0,0.0,0.0,0,,,0.0,0,
4061,203264,-5.0,0.0,0.0,0,,,0.0,0,
4062,203392,-5.0,0.0,0.0,0,,,0.0,0,
4063,203456,-5.0,0.0,0.0,0,,,0.0,0,
4064,203456,-4.0,0.0,0.0,0,,,0.0,0,
4065,203456,-5.0,0.0,0.0,0,,,0.0,0,
4066,203584,-5.0,0.0,0.0,0,,,0.0,0,
4067,203712,-5.0,0.0,0.0,0,,,0.0,0,
4068,203712,-4.0,0.0,0.0,0,,,0.0,0,
4069,203776,-5.0,0.0,0.0,0,,,0.0,0,
4070,203776,-5.0,0.0,0.0,0,,,0.0,0,
4071,203840,-5.0,0.0,0.0,0,,,0.0,0,
4072,203968,-4.0,0.0,0.0,0,,,0.0,0,
4073,204032,-5.0,0.0,0.0,0,,,0.0,0,
4074,204096,-5.0,0.0,0.0,0,,,0.0,0,
4075,204096,-5.0,0.0,0.0,0,,,0.0,0,
4076,204096,-5.0,0.0,0.0,0,,,0.0,0,
4077,204224,-5.0,0.0,0.0,0,,,0.0,0,
4078,204224,-5.0,0.0,0.0,0,,,0.0,0,
4079,204224,-5.0,0.0,0.0,0,,,0.0,0,
4080,204288,-5.0,0.0,0.0,0,,,0.0,0,
4081,204352,-5.0,0.0,0.0,0,,,0.0,0,
4082,204352,-4.0,0.0,0.0,0,,,0.0,0,
4083,204352,-4.0,0.0,0.0,0,,,0.0,0,
4084,204416,-5.0,0.0,0.0,0,,,0.0,0,
4085,204416,-5.0,0.0,0.0,0,,,0.0,0,
4086,204416,-5.0,0.0,0.0,0,,,0.0,0,
4087,204544,-5.0,0.0,0.0,0,,,0.0,0,
4088,204608,-4.0,0.0,0.0,0,,,0.0,0,
4089,204672,-5.0,0.0,0.0,0,,,0.0,0,
4090,204736,-5.0,0.0,0.0,0,,,0.0,0,
4091,204800,-4.0,0.0,0.0,0,,,0.0,0,
4092,204800,-4.0,0.0,0.0,0,,,0.0,0,
4093,204864,-4.0,0.0,0.0,0,,,0.0,0,
4094,204864,10.9,1.0,0.0,0,,,0.0,0,
4095,204864,-5.0,0.0,0.0,0,,,0.0,0,
4096,204992,-5.0,0.0,0.0,0,,,0.0,0,
4097,204992,-4.0,0.0,0.0,0,,,0.0,0,
4098,205056,-5.0,0.0,0.0,0,,,0.0,0,
4099,205120,-4.0,0.0,0.0,0,,,0.0,0,
4100,205184,-5.0,0.0,0.0,0,,,0.0,0,
4101,205248,-4.0,0.0,0.0,0,,,0.0,0,
4102,205312,-5.0,0.0,0.0,0,,,0.0,0,
4103,205376,-5.0,0.0,0.0,0,,,0.0,0,
4104,205440,-5.0,0.0,0.0,0,,,0.0,0,
4105,205568,-4.0,0.0,0.0,0,,,0.0,0,
4106,205568,-4.0,0.0,0.0,0,,,0.0,0,
4107,205568,-5.0,0.0,0.0,0,,,0.0,0,
4108,205632,-5.0,0.0,0.0,0,,,0.0,0,
4109,205760,-4.0,0.0,0.0,0,,,0.0,0,
4110,205760,-5.0,0.0,0.0,0,,,0.0,0,
4111,205760,-5.0,0.0,0.0,0,,,0.0,0,
4112,205888,-5.0,0.0,0.0,0,,,0.0,0,
4113,205888,-5.0,0.0,0.0,0,,,0.0,0,
4114,205952,-5.0,0.0,0.0,0,,,0.0,0,
4115,205952,-4.0,0.0,0.0,0,,,0.0,0,
4116,206016,-4.0,0.0,0.0,0,,,0.0,0,
4117,206080,-5.0,0.0,0.0,0,,,0.0,0,
4118,206080,-5.0,0.0,0.0,0,,,0.0,0,
4119,206144,-5.0,0.0,0.0,0,,,0.0,0,
4120,206144,-5.0,0.0,0.0,0,,,0.0,0,
4121,206144,-5.0,0.0,0.0,0,,,0.0,0,
4122,206208,-5.0,0.0,0.0,0,,,0.0,0,
4123,206208,-5.0,0.0,0.0,0,,,0.0,0,
4124,206272,-4.0,0.0,0.0,0,,,0.0,0,
4125,206464,-5.0,0.0,0.0,0,,,0.0,0,
4126,206528,-5.0,0.0,0.0,0,,,0.0,0,
4127,206656,-5.0,0.0,0.0,0,,,0.0,0,
4128,206720,-5.0,0.0,0.0,0,,,0.0,0,
4129,206720,10.3,1.0,0.0,0,,,0.0,0,
4130,206720,-5.0,0.0,0.0,0,,,0.0,0,
4131,206720,-5.0,0.0,0.0,0,,,0.0,0,
4132,206848,-4.0,0.0,0.0,0,,,0.0,0,
4133,206976,-5.0,0.0,0.0,0,,,0.0,0,
4134,206976,-4.0,0.0,0.0,0,,,0.0,0,
4135,207040,-5.0,0.0,0.0,0,,,0.0,0,
4136,207040,-4.0,0.0,0.0,0,,,0.0,0,
4137,207104,-5.0,0.0,0.0,0,,,0.0,0,
4138,207168,10.4,1.0,0.0,0,,,0.0,0,
4139,207232,-5.0,0.0,0.0,0,,,0.0,0,
4140,207296,-5.0,0.0,0.0,0,,,0.0,0,
4141,207360,-5.0,0.0,0.0,0,,,0.0,0,
4142,207360,-5.0,0.0,0.0,0,,,0.0,0,
4143,207488,-4.0,0.0,0.0,0,,,0.0,0,
4144,207488,-5.0,0.0,0.0,0,,,0.0,0,
4145,207488,-5.0,0.0,0.0,0,,,0.0,0,
4146,207552,-5.0,0.0,0.0,0,,,0.0,0,
4147,207616,-5.0,0.0,0.0,0,,,0.0,0,
4148,207616,9.8,1.0,0.0,0,,,0.0,0,
4149,207616,-5.0,0.0,0.0,0,,,0.0,0,
4150,207616,-5.0,0.0,0.0,0,,,0.0,0,
4151,207616,8.5,1.0,0.0,0,,,0.0,0,
4152,207680,-4.0,0.0,0.0,0,,,0.0,0,
4153,207680,-5.0,0.0,0.0,0,,,0.0,0,
4154,207680,-5.0,0.0,0.0,0,,,0.0,0,
4155,207808,-4.0,0.0,0.0,0,,,0.0,0,
4156,207872,-5.0,0.0,0.0,0,,,0.0,0,
4157,207936,-5.0,0.0,0.0,0,,,0.0,0,
4158,208000,-4.0,0.0,0.0,0,,,0.0,0,
4159,208064,-5.0,0.0,0.0,0,,,0.0,0,
4160,208064,-5.0,0.0,0.0,0,,,0.0,0,
4161,208128,-4.0,0.0,0.0,0,,,0.0,0,
4162,208128,-4.0,0.0,0.0,0,,,0.0,0,
4163,208128,-4.0,0.0,0.0,0,,,0.0,0,
4164,208256,-4.0,0.0,0.0,0,,,0.0,0,
4165,208256,-5.0,0.0,0.0,0,,,0.0,0,
4166,208320,-5.0,0.0,0.0,0,,,0.0,0,
4167,208384,-4.0,0.0,0.0,0,,,0.0,0,
4168,208448,-5.0,0.0,0.0,0,,,0.0,0,
4169,208512,-5.0,0.0,0.0,0,,,0.0,0,
4170,208640,-5.0,0.0,0.0,0,,,0.0,0,
4171,208704,-5.0,0.0,0.0,0,,,0.0,0,
4172,208704,11.7,1.0,0.0,0,,,0.0,0,
4173,208832,-5.0,0.0,0.0,0,,,0.0,0,
4174,208832,-5.0,0.0,0.0,0,,,0.0,0,
4175,208896,-4.0,0.0,0.0,0,,,0.0,0,
4176,208896,8.7,1.0,0.0,0,,,0.0,0,
4177,209024,-5.0,0.0,0.0,0,,,0.0,0,
4178,209024,-5.0,0.0,0.0,0,,,0.0,0,
4179,209024,-5.0,0.0,0.0,0,,,0.0,0,
4180,209152,-5.0,0.0,0.0,0,,,0.0,0,
4181,209152,-5.0,0.0,0.0,0,,,0.0,0,
4182,209216,-4.0,0.0,0.0,0,,,0.0,0,
4183,209216,-5.0,0.0,0.0,0,,,0.0,0,
4184,209280,-5.0,0.0,0.0,0,,,0.0,0,
4185,209344,-5.0,0.0,0.0,0,,,0.0,0,
4186,209408,-5.0,0.0,0.0,0,,,0.0,0,
4187,209408,-5.0,0.0,0.0,0,,,0.0,0,
4188,209472,-5.0,0.0,0.0,0,,,0.0,0,
4189,209472,-5.0,0.0,0.0,0,,,0.0,0,
4190,209536,-5.0,0.0,0.0,0,,,0.0,0,
4191,209728,-4.0,0.0,0.0,0,,,0.0,0,
4192,209792,-4.0,0.0,0.0,0,,,0.0,0,
4193,209920,-5.0,0.0,0.0,0,,,0.0,0,
4194,209984,-5.0,0.0,0.0,0,,,0.0,0,
4195,209984,-5.0,0.0,0.0,0,,,0.0,0,
4196,209984,-5.0,0.0,0.0,0,,,0.0,0,
4197,210112,-5.0,0.0,0.0,0,,,0.0,0,
4198,210240,-5.0,0.0,0.0,0,,,0.0,0,
4199,210240,-5.0,0.0,0.0,0,,,0.0,0,
4200,210304,-5.0,0.0,0.0,0,,,0.0,0,
4201,210304,-4.0,0.0,0.0,0,,,0.0,0,
4202,210368,-4.0,0.0,0.0,0,,,0.0,0,
4203,210432,-5.0,0.0,0.0,0,,,0.0,0,
4204,210496,9.3,1.0,0.0,0,,,0.0,0,
4205,210496,-5.0,0.0,0.0,0,,,0.0,0,
4206,210560,-5.0,0.0,0.0,0,,,0.0,0,
4207,210624,-5.0,0.0,0.0,0,,,0.0,0,
4208,210624,-5.0,0.0,0.0,0,,,0.0,0,
4209,210752,-5.0,0.0,0.0,0,,,0.0,0,
4210,210752,-5.0,0.0,0.0,0,,,0.0,0,
4211,210752,-5.0,0.0,0.0,0,,,0.0,0,
4212,210816,-5.0,0.0,0.0,0,,,0.0,0,
4213,210880,-5.0,0.0,0.0,0,,,0.0,0,
4214,210880,-5.0,0.0,0.0,0,,,0.0,0,
4215,210880,-4.0,0.0,0.0,0,,,0.0,0,
4216,210880,-4.0,0.0,0.0,0,,,0.0,0,
4217,210880,-5.0,0.0,0.0,0,,,0.0,0,
4218,210944,-4.0,0.0,0.0,0,,,0.0,0,
4219,210944,-5.0,0.0,0.0,0,,,0.0,0,
4220,210944,-5.0,0.0,0.0,0,,,0.0,0,
4221,211072,-5.0,0.0,0.0,0,,,0.0,0,
4222,211136,-5.0,0.0,0.0,0,,,0.0,0,
4223,211200,-5.0,0.0,0.0,0,,,0.0,0,
4224,211264,-5.0,0.0,0.0,0,,,0.0,0,
4225,211328,-5.0,0.0,0.0,0,,,0.0,0,
4226,211328,-4.0,0.0,0.0,0,,,0.0,0,
4227,211392,-4.0,0.0,0.0,0,,,0.0,0,
4228,211392,-5.0,0.0,0.0,0,,,0.0,0,
4229,211392,-5.0,0.0,0.0,0,,,0.0,0,
4230,211456,10.6,1.0,0.0,0,,,0.0,0,
4231,211520,-5.0,0.0,0.0,0,,,0.0,0,
4232,211520,-5.0,0.0,0.0,0,,,0.0,0,
4233,211584,-5.0,0.0,0.0,0,,,0.0,0,
4234,211648,-5.0,0.0,0.0,0,,,0.0,0,
4235,211712,10.6,1.0,0.0,0,,,0.0,0,
4236,211776,-5.0,0.0,0.0,0,,,0.0,0,
4237,211904,-5.0,0.0,0.0,0,,,0.0,0,
4238,211968,-5.0,0.0,0.0,0,,,0.0,0,
4239,212096,-4.0,0.0,0.0,0,,,0.0,0,
4240,212096,-5.0,0.0,0.0,0,,,0.0,0,
4241,212160,-4.0,0.0,0.0,0,,,0.0,0,
4242,212160,-5.0,0.0,0.0,0,,,0.0,0,
4243,212288,-5.0,0.0,0.0,0,,,0.0,0,
4244,212288,-5.0,0.0,0.0,0,,,0.0,0,
4245,212288,-5.0,0.0,0.0,0,,,0.0,0,
4246,212416,-5.0,0.0,0.0,0,,,0.0,0,
4247,212416,11.6,1.0,0.0,0,,,0.0,0,
4248,212416,-5.0,0.0,0.0,0,,,0.0,0,
4249,212480,-5.0,0.0,0.0,0,,,0.0,0,
4250,212480,-4.0,0.0,0.0,0,,,0.0,0,
4251,212544,-5.0,0.0,0.0,0,,,0.0,0,
4252,212608,-5.0,0.0,0.0,0,,,0.0,0,
4253,212672,-5.0,0.0,0.0,0,,,0.0,0,
4254,212672,-5.0,0.0,0.0,0,,,0.0,0,
4255,212736,-5.0,0.0,0.0,0,,,0.0,0,
4256,212736,-5.0,0.0,0.0,0,,,0.0,0,
4257,212800,-5.0,0.0,0.0,0,,,0.0,0,
4258,212992,-5.0,0.0,0.0,0,,,0.0,0,
4259,213056,-5.0,0.0,0.0,0,,,0.0,0,
4260,213184,-5.0,0.0,0.0,0,,,0.0,0,
4261,213248,-4.0,0.0,0.0,0,,,0.0,0,
4262,213248,-5.0,0.0,0.0,0,,,0.0,0,
4263,213248,-5.0,0.0,0.0,0,,,0.0,0,
4264,213376,-5.0,0.0,0.0,0,,,0.0,0,
4265,213440,10.5,1.0,0.0,0,,,0.0,0,
4266,213504,-5.0,0.0,0.0,0,,,0.0,0,
4267,213504,-5.0,0.0,0.0,0,,,0.0,0,
4268,213568,-5.0,0.0,0.0,0,,,0.0,0,
4269,213568,-5.0,0.0,0.0,0,,,0.0,0,
4270,213632,-4.0,0.0,0.0,0,,,0.0,0,
4271,213696,-5.0,0.0,0.0,0,,,0.0,0,
4272,213760,-4.0,0.0,0.0,0,,,0.0,0,
4273,213824,-5.0,0.0,0.0,0,,,0.0,0,
4274,213888,-4.0,0.0,0.0,0,,,0.0,0,
4275,213888,-5.0,0.0,0.0,0,,,0.0,0,
4276,214016,-5.0,0.0,0.0,0,,,0.0,0,
4277,214016,-5.0,0.0,0.0,0,,,0.0,0,
4278,214080,-5.0,0.0,0.0,0,,,0.0,0,
4279,214080,11.6,1.0,0.0,0,,,0.0,0,
4280,214144,-5.0,0.0,0.0,0,,,0.0,0,
4281,214144,-5.0,0.0,0.0,0,,,0.0,0,
4282,214144,-4.0,0.0,0.0,0,,,0.0,0,
4283,214144,-4.0,0.0,0.0,0,,,0.0,0,
4284,214144,-5.0,0.0,0.0,0,,,0.0,0,
4285,214208,-4.0,0.0,0.0,0,,,0.0,0,
4286,214208,-5.0,0.0,0.0,0,,,0.0,0,
4287,214208,-4.0,0.0,0.0,0,,,0.0,0,
4288,214336,-5.0,0.0,0.0,0,,,0.0,0,
4289,214400,-5.0,0.0,0.0,0,,,0.0,0,
4290,214464,-5.0,0.0,0.0,0,,,0.0,0,
4291,214528,-4.0,0.0,0.0,0,,,0.0,0,
4292,214592,-5.0,0.0,0.0,0,,,0.0,0,
4293,214592,-4.0,0.0,0.0,0,,,0.0,0,
4294,214656,-5.0,0.0,0.0,0,,,0.0,0,
4295,214656,-5.0,0.0,0.0,0,,,0.0,0,
4296,214656,-5.0,0.0,0.0,0,,,0.0,0,
4297,214720,-5.0,0.0,0.0,0,,,0.0,0,
4298,214784,-4.0,0.0,0.0,0,,,0.0,0,
4299,214784,-4.0,0.0,0.0,0,,,0.0,0,
4300,214848,-5.0,0.0,0.0,0,,,0.0,0,
4301,214912,-5.0,0.0,0.0,0,,,0.0,0,
4302,214976,-5.0,0.0,0.0,0,,,0.0,0,
4303,215040,-4.0,0.0,0.0,0,,,0.0,0,
4304,215168,-4.0,0.0,0.0,0,,,0.0,0,
4305,215232,-4.0,0.0,0.0,0,,,0.0,0,
4306,215360,-5.0,0.0,0.0,0,,,0.0,0,
4307,215424,-5.0,0.0,0.0,0,,,0.0,0,
4308,215424,-5.0,0.0,0.0,0,,,0.0,0,
4309,215552,-5.0,0.0,0.0,0,,,0.0,0,
4310,215552,-5.0,0.0,0.0,0,,,0.0,0,
4311,215552,-5.0,0.0,0.0,0,,,0.0,0,
4312,215680,-5.0,0.0,0.0,0,,,0.0,0,
4313,215680,-5.0,0.0,0.0,0,,,0.0,0,
4314,215744,-5.0,0.0,0.0,0,,,0.0,0,
4315,215744,-5.0,0.0,0.0,0,,,0.0,0,
4316,215808,-4.0,0.0,0.0,0,,,0.0,0,
4317,215872,-5.0,0.0,0.0,0,,,0.0,0,
4318,215936,-4.0,0.0,0.0,0,,,0.0,0,
4319,215936,-5.0,0.0,0.0,0,,,0.0,0,
4320,216000,-5.0,0.0,0.0,0,,,0.0,0,
4321,216000,-5.0,0.0,0.0,0,,,0.0,0,
4322,216064,-5.0,0.0,0.0,0,,,0.0,0,
4323,216256,-4.0,0.0,0.0,0,,,0.0,0,
4324,216320,-5.0,0.0,0.0,0,,,0.0,0,
4325,216448,-5.0,0.0,0.0,0,,,0.0,0,
4326,216512,-5.0,0.0,0.0,0,,,0.0,0,
4327,216512,-4.0,0.0,0.0,0,,,0.0,0,
4328,216512,-5.0,0.0,0.0,0,,,0.0,0,
4329,216640,-5.0,0.0,0.0,0,,,0.0,0,
4330,216704,-4.0,0.0,0.0,0,,,0.0,0,
4331,216768,-5.0,0.0,0.0,0,,,0.0,0,
4332,216768,-5.0,0.0,0.0,0,,,0.0,0,
4333,216832,-5.0,0.0,0.0,0,,,0.0,0,
4334,216832,-5.0,0.0,0.0,0,,,0.0,0,
4335,216896,-4.0,0.0,0.0,0,,,0.0,0,
4336,216960,-4.0,0.0,0.0,0,,,0.0,0,
4337,217088,-4.0,0.0,0.0,0,,,0.0,0,
4338,217152,-5.0,0.0,0.0,0,,,0.0,0,
4339,217152,-4.0,0.0,0.0,0,,,0.0,0,
4340,217280,-4.0,0.0,0.0,0,,,0.0,0,
4341,217280,-5.0,0.0,0.0,0,,,0.0,0,
4342,217344,-4.0,0.0,0.0,0,,,0.0,0,
4343,217344,-4.0,0.0,0.0,0,,,0.0,0,
4344,217408,-5.0,0.0,0.0,0,,,0.0,0,
4345,217408,-5.0,0.0,0.0,0,,,0.0,0,
4346,217408,-4.0,0.0,0.0,0,,,0.0,0,
4347,217408,-4.0,0.0,0.0,0,,,0.0,0,
4348,217408,-5.0,0.0,0.0,0,,,0.0,0,
4349,217472,-5.0,0.0,0.0,0,,,0.0,0,
4350,217472,-5.0,0.0,0.0,0,,,0.0,0,
4351,217472,-5.0,0.0,0.0,0,,,0.0,0,
4352,217600,-5.0,0.0,0.0,0,,,0.0,0,
4353,217664,-5.0,0.0,0.0,0,,,0.0,0,
4354,217728,-4.0,0.0,0.0,0,,,0.0,0,
4355,217792,-4.0,0.0,0.0,0,,,0.0,0,
4356,217856,-5.0,0.0,0.0,0,,,0.0,0,
4357,217856,10.4,1.0,0.0,0,,,0.0,0,
4358,217856,-5.0,0.0,0.0,0,,,0.0,0,
4359,217920,-5.0,0.0,0.0,0,,,0.0,0,
4360,217920,-5.0,0.0,0.0,0,,,0.0,0,
4361,217920,-5.0,0.0,0.0,0,,,0.0,0,
4362,217984,-5.0,0.0,0.0,0,,,0.0,0,
4363,218048,-5.0,0.0,0.0,0,,,0.0,0,
4364,218048,-5.0,0.0,0.0,0,,,0.0,0,
4365,218112,-5.0,0.0,0.0,0,,,0.0,0,
4366,218176,-4.0,0.0,0.0,0,,,0.0,0,
4367,218240,-5.0,0.0,0.0,0,,,0.0,0,
4368,218304,-5.0,0.0,0.0,0,,,0.0,0,
4369,218432,-5.0,0.0,0.0,0,,,0.0,0,
4370,218496,-4.0,0.0,0.0,0,,,0.0,0,
4371,218624,-5.0,0.0,0.0,0,,,0.0,0,
4372,218688,-5.0,0.0,0.0,0,,,0.0,0,
4373,218688,-5.0,0.0,0.0,0,,,0.0,0,
4374,218816,-4.0,0.0,0.0,0,,,0.0,0,
4375,218816,-5.0,0.0,0.0,0,,,0.0,0,
4376,218816,-4.0,0.0,0.0,0,,,0.0,0,
4377,218944,-5.0,0.0,0.0,0,,,0.0,0,
4378,218944,-5.0,0.0,0.0,0,,,0.0,0,
4379,219008,-5.0,0.0,0.0,0,,,0.0,0,
4380,219008,-5.0,0.0,0.0,0,,,0.0,0,
4381,219072,-5.0,0.0,0.0,0,,,0.0,0,
4382,219136,-5.0,0.0,0.0,0,,,0.0,0,
4383,219200,-4.0,0.0,0.0,0,,,0.0,0,
4384,219200,-5.0,0.0,0.0,0,,,0.0,0,
4385,219264,-4.0,0.0,0.0,0,,,0.0,0,
4386,219264,-5.0,0.0,0.0,0,,,0.0,0,
4387,219328,-5.0,0.0,0.0,0,,,0.0,0,
4388,219392,8.6,1.0,0.0,0,,,0.0,0,
4389,219520,-4.0,0.0,0.0,0,,,0.0,0,
4390,219584,-5.0,0.0,0.0,0,,,0.0,0,
4391,219712,-5.0,0.0,0.0,0,,,0.0,0,
4392,219776,-5.0,0.0,0.0,0,,,0.0,0,
4393,219776,-5.0,0.0,0.0,0,,,0.0,0,
4394,219776,-5.0,0.0,0.0,0,,,0.0,0,
4395,219904,-4.0,0.0,0.0,0,,,0.0,0,
4396,219968,-5.0,0.0,0.0,0,,,0.0,0,
4397,220032,9.2,1.0,0.0,0,,,0.0,0,
4398,220032,-5.0,0.0,0.0,0,,,0.0,0,
4399,220096,-5.0,0.0,0.0,0,,,0.0,0,
4400,220096,-4.0,0.0,0.0,0,,,0.0,0,
4401,220160,-5.0,0.0,0.0,0,,,0.0,0,
4402,220224,-5.0,0.0,0.0,0,,,0.0,0,
4403,220352,-5.0,0.0,0.0,0,,,0.0,0,
4404,220416,-5.0,0.0,0.0,0,,,0.0,0,
4405,220544,-5.0,0.0,0.0,0,,,0.0,0,
4406,220544,-5.0,0.0,0.0,0,,,0.0,0,
4407,220608,-5.0,0.0,0.0,0,,,0.0,0,
4408,220608,7.0,1.0,0.0,0,,,0.0,0,
4409,220672,-4.0,0.0,0.0,0,,,0.0,0,
4410,220672,-5.0,0.0,0.0,0,,,0.0,0,
4411,220672,-5.0,0.0,0.0,0,,,0.0,0,
4412,220672,-5.0,0.0,0.0,0,,,0.0,0,
4413,220672,-5.0,0.0,0.0,0,,,0.0,0,
4414,220736,-5.0,0.0,0.0,0,,,0.0,0,
4415,220736,-4.0,0.0,0.0,0,,,0.0,0,
4416,220736,-4.0,0.0,0.0,0,,,0.0,0,
4417,220864,-5.0,0.0,0.0,0,,,0.0,0,
4418,220928,-4.0,0.0,0.0,0,,,0.0,0,
4419,220992,-4.0,0.0,0.0,0,,,0.0,0,
4420,221056,9.2,1.0,0.0,0,,,0.0,0,
4421,221056,-5.0,0.0,0.0,0,,,0.0,0,
4422,221120,-4.0,0.0,0.0,0,,,0.0,0,
4423,221120,-5.0,0.0,0.0,0,,,0.0,0,
4424,221120,-5.0,0.0,0.0,0,,,0.0,0,
4425,221184,-5.0,0.0,0.0,0,,,0.0,0,
4426,221184,-5.0,0.0,0.0,0,,,0.0,0,
4427,221184,-4.0,0.0,0.0,0,,,0.0,0,
4428,221248,-5.0,0.0,0.0,0,,,0.0,0,
4429,221312,-4.0,0.0,0.0,0,,,0.0,0,
4430,221312,-5.0,0.0,0.0,0,,,0.0,0,
4431,221376,-4.0,0.0,0.0,0,,,0.0,0,
4432,221504,-5.0,0.0,0.0,0,,,0.0,0,
4433,221568,-5.0,0.0,0.0,0,,,0.0,0,
4434,221696,-4.0,0.0,0.0,0,,,0.0,0,
4435,221760,-4.0,0.0,0.0,0,,,0.0,0,
4436,221888,-4.0,0.0,0.0,0,,,0.0,0,
4437,221952,-5.0,0.0,0.0,0,,,0.0,0,
4438,221952,-4.0,0.0,0.0,0,,,0.0,0,
4439,222080,-5.0,0.0,0.0,0,,,0.0,0,
4440,222080,-5.0,0.0,0.0,0,,,0.0,0,
4441,222080,-4.0,0.0,0.0,0,,,0.0,0,
4442,222208,-4.0,0.0,0.0,0,,,0.0,0,
4443,222208,9.5,1.0,0.0,0,,,0.0,0,
4444,222208,-5.0,0.0,0.0,0,,,0.0,0,
4445,222272,-5.0,0.0,0.0,0,,,0.0,0,
4446,222272,-5.0,0.0,0.0,0,,,0.0,0,
4447,222336,-4.0,0.0,0.0,0,,,0.0,0,
4448,222400,-5.0,0.0,0.0,0,,,0.0,0,
4449,222464,-4.0,0.0,0.0,0,,,0.0,0,
4450,222528,-5.0,0.0,0.0,0,,,0.0,0,
4451,222528,-5.0,0.0,0.0,0,,,0.0,0,
4452,222592,-5.0,0.0,0.0,0,,,0.0,0,
4453,222656,-5.0,0.0,0.0,0,,,0.0,0,
4454,222784,8.4,1.0,0.0,0,,,0.0,0,
4455,222784,-5.0,0.0,0.0,0,,,0.0,0,
4456,222848,-5.0,0.0,0.0,0,,,0.0,0,
4457,222976,-5.0,0.0,0.0,0,,,0.0,0,
4458,223040,-4.0,0.0,0.0,0,,,0.0,0,
4459,223040,-4.0,0.0,0.0,0,,,0.0,0,
4460,223040,-5.0,0.0,0.0,0,,,0.0,0,
4461,223168,-5.0,0.0,0.0,0,,,0.0,0,
4462,223232,-5.0,0.0,0.0,0,,,0.0,0,
4463,223296,-5.0,0.0,0.0,0,,,0.0,0,
4464,223296,-5.0,0.0,0.0,0,,,0.0,0,
4465,223360,-4.0,0.0,0.0,0,,,0.0,0,
4466,223360,-5.0,0.0,0.0,0,,,0.0,0,
4467,223424,-5.0,0.0,0.0,0,,,0.0,0,
4468,223488,-5.0,0.0,0.0,0,,,0.0,0,
4469,223616,-5.0,0.0,0.0,0,,,0.0,0,
4470,223808,-4.0,0.0,0.0,0,,,0.0,0,
4471,223808,10.9,1.0,0.0,0,,,0.0,0,
4472,223872,-5.0,0.0,0.0,0,,,0.0,0,
4473,223872,-4.0,0.0,0.0,0,,,0.0,0,
4474,223936,-5.0,0.0,0.0,0,,,0.0,0,
4475,223936,-4.0,0.0,0.0,0,,,0.0,0,
4476,223936,-5.0,0.0,0.0,0,,,0.0,0,
4477,223936,-4.0,0.0,0.0,0,,,0.0,0,
4478,223936,-5.0,0.0,0.0,0,,,0.0,0,
4479,224000,-5.0,0.0,0.0,0,,,0.0,0,
4480,224000,-5.0,0.0,0.0,0,,,0.0,0,
4481,224000,-4.0,0.0,0.0,0,,,0.0,0,
4482,224128,-5.0,0.0,0.0,0,,,0.0,0,
4483,224192,-5.0,0.0,0.0,0,,,0.0,0,
4484,224256,-5.0,0.0,0.0,0,,,0.0,0,
4485,224320,-5.0,0.0,0.0,0,,,0.0,0,
4486,224320,-5.0,0.0,0.0,0,,,0.0,0,
4487,224384,-5.0,0.0,0.0,0,,,0.0,0,
4488,224384,-4.0,0.0,0.0,0,,,0.0,0,
4489,224384,-4.0,0.0,0.0,0,,,0.0,0,
4490,224448,-5.0,0.0,0.0,0,,,0.0,0,
4491,224448,-5.0,0.0,0.0,0,,,0.0,0,
4492,224448,-5.0,0.0,0.0,0,,,0.0,0,
4493,224512,-5.0,0.0,0.0,0,,,0.0,0,
4494,224576,8.7,1.0,0.0,0,,,0.0,0,
4495,224576,-4.0,0.0,0.0,0,,,0.0,0,
4496,224576,-5.0,0.0,0.0,0,,,0.0,0,
4497,224640,-5.0,0.0,0.0,0,,,0.0,0,
4498,224768,-5.0,0.0,0.0,0,,,0.0,0,
4499,224832,-4.0,0.0,0.0,0,,,0.0,0,
4500,224960,-5.0,0.0,0.0,0,,,0.0,0,
4501,225024,-4.0,0.0,0.0,0,,,0.0,0,
4502,225152,-4.0,0.0,0.0,0,,,0.0,0,
4503,225216,-5.0,0.0,0.0,0,,,0.0,0,
4504,225216,-4.0,0.0,0.0,0,,,0.0,0,
4505,225344,-5.0,0.0,0.0,0,,,0.0,0,
4506,225344,-5.0,0.0,0.0,0,,,0.0,0,
4507,225344,-5.0,0.0,0.0,0,,,0.0,0,
4508,225472,-4.0,0.0,0.0,0,,,0.0,0,
4509,225472,-5.0,0.0,0.0,0,,,0.0,0,
4510,225472,-5.0,0.0,0.0,0,,,0.0,0,
4511,225536,-5.0,0.0,0.0,0,,,0.0,0,
4512,225536,-5.0,0.0,0.0,0,,,0.0,0,
4513,225600,-5.0,0.0,0.0,0,,,0.0,0,
4514,225728,-5.0,0.0,0.0,0,,,0.0,0,
4515,225792,-5.0,0.0,0.0,0,,,0.0,0,
4516,225792,-4.0,0.0,0.0,0,,,0.0,0,
4517,225856,-4.0,0.0,0.0,0,,,0.0,0,
4518,225920,-5.0,0.0,0.0,0,,,0.0,0,
4519,225920,10.7,1.0,0.0,0,,,0.0,0,
4520,226048,-4.0,0.0,0.0,0,,,0.0,0,
4521,226048,-4.0,0.0,0.0,0,,,0.0,0,
4522,226112,-5.0,0.0,0.0,0,,,0.0,0,
4523,226240,-5.0,0.0,0.0,0,,,0.0,0,
4524,226304,-5.0,0.0,0.0,0,,,0.0,0,
4525,226304,10.8,1.0,0.0,0,,,0.0,0,
4526,226304,-4.0,0.0,0.0,0,,,0.0,0,
4527,226432,-5.0,0.0,0.0,0,,,0.0,0,
4528,226496,-5.0,0.0,0.0,0,,,0.0,0,
4529,226560,-4.0,0.0,0.0,0,,,0.0,0,
4530,226560,-5.0,0.0,0.0,0,,,0.0,0,
4531,226624,-4.0,0.0,0.0,0,,,0.0,0,
4532,226624,-4.0,0.0,0.0,0,,,0.0,0,
4533,226688,-5.0,0.0,0.0,0,,,0.0,0,
4534,226752,-4.0,0.0,0.0,0,,,0.0,0,
4535,226880,-5.0,0.0,0.0,0,,,0.0,0,
4536,226880,9.9,1.0,0.0,0,,,0.0,0,
4537,226880,7.5,1.0,0.0,0,,,0.0,0,
4538,227072,-4.0,0.0,0.0,0,,,0.0,0,
4539,227072,-5.0,0.0,0.0,0,,,0.0,0,
4540,227136,-5.0,0.0,0.0,0,,,0.0,0,
4541,227136,-5.0,0.0,0.0,0,,,0.0,0,
4542,227200,-5.0,0.0,0.0,0,,,0.0,0,
4543,227200,-5.0,0.0,0.0,0,,,0.0,0,
4544,227200,-4.0,0.0,0.0,0,,,0.0,0,
4545,227200,-4.0,0.0,0.0,0,,,0.0,0,
4546,227264,-5.0,0.0,0.0,0,,,0.0,0,
4547,227264,-5.0,0.0,0.0,0,,,0.0,0,
4548,227264,11.3,1.0,0.0,0,,,0.0,0,
4549,227264,-5.0,0.0,0.0,0,,,0.0,0,
4550,227392,-5.0,0.0,0.0,0,,,0.0,0,
4551,227392,10.4,1.0,0.0,0,,,0.0,0,
4552,227456,8.6,1.0,0.0,0,,,0.0,0,
4553,227456,-5.0,0.0,0.0,0,,,0.0,0,
4554,227520,-5.0,0.0,0.0,0,,,0.0,0,
4555,227584,-4.0,0.0,0.0,0,,,0.0,0,
4556,227584,-5.0,0.0,0.0,0,,,0.0,0,
4557,227584,11.3,1.0,0.0,0,,,0.0,0,
4558,227648,-4.0,0.0,0.0,0,,,0.0,0,
4559,227648,-4.0,0.0,0.0,0,,,0.0,0,
4560,227648,-5.0,0.0,0.0,0,,,0.0,0,
4561,227712,-5.0,0.0,0.0,0,,,0.0,0,
4562,227712,-5.0,0.0,0.0,0,,,0.0,0,
4563,227712,-4.0,0.0,0.0,0,,,0.0,0,
4564,227776,10.7,1.0,0.0,0,,,0.0,0,
4565,227776,-4.0,0.0,0.0,0,,,0.0,0,
4566,227840,-5.0,0.0,0.0,0,,,0.0,0,
4567,227840,-5.0,0.0,0.0,0,,,0.0,0,
4568,227840,-5.0,0.0,0.0,0,,,0.0,0,
4569,227840,9.4,1.0,0.0,0,,,0.0,0,
4570,227904,-4.0,0.0,0.0,0,,,0.0,0,
4571,228032,-5.0,0.0,0.0,0,,,0.0,0,
4572,228096,-4.0,0.0,0.0,0,,,0.0,0,
4573,228224,-5.0,0.0,0.0,0,,,0.0,0,
4574,228288,10.3,1.0,0.0,0,,,0.0,0,
4575,228416,-5.0,0.0,0.0,0,,,0.0,0,
4576,228480,-5.0,0.0,0.0,0,,,0.0,0,
4577,228608,-5.0,0.0,0.0,0,,,0.0,0,
4578,228608,-5.0,0.0,0.0,0,,,0.0,0,
4579,228608,-5.0,0.0,0.0,0,,,0.0,0,
4580,228736,10.4,1.0,0.0,0,,,0.0,0,
4581,228736,-5.0,0.0,0.0,0,,,0.0,0,
4582,228800,-5.0,0.0,0.0,0,,,0.0,0,
4583,228800,-5.0,0.0,0.0,0,,,0.0,0,
4584,228864,-5.0,0.0,0.0,0,,,0.0,0,
4585,228992,-5.0,0.0,0.0,0,,,0.0,0,
4586,229056,-5.0,0.0,0.0,0,,,0.0,0,
4587,229056,-5.0,0.0,0.0,0,,,0.0,0,
4588,229120,-5.0,0.0,0.0,0,,,0.0,0,
4589,229184,-5.0,0.0,0.0,0,,,0.0,0,
4590,229184,-5.0,0.0,0.0,0,,,0.0,0,
4591,229312,-5.0,0.0,0.0,0,,,0.0,0,
4592,229312,-5.0,0.0,0.0,0,,,0.0,0,
4593,229504,-5.0,0.0,0.0,0,,,0.0,0,
4594,229568,-5.0,0.0,0.0,0,,,0.0,0,
4595,229568,-5.0,0.0,0.0,0,,,0.0,0,
4596,229632,10.8,1.0,0.0,0,,,0.0,0,
4597,229696,-4.0,0.0,0.0,0,,,0.0,0,
4598,229760,-4.0,0.0,0.0,0,,,0.0,0,
4599,229824,-5.0,0.0,0.0,0,,,0.0,0,
4600,229824,-4.0,0.0,0.0,0,,,0.0,0,
4601,229888,-5.0,0.0,0.0,0,,,0.0,0,
4602,229888,-5.0,0.0,0.0,0,,,0.0,0,
4603,229888,8.8,1.0,0.0,0,,,0.0,0,
4604,229952,-5.0,0.0,0.0,0,,,0.0,0,
4605,230144,-5.0,0.0,0.0,0,,,0.0,0,
4606,230144,-4.0,0.0,0.0,0,,,0.0,0,
4607,230336,-5.0,0.0,0.0,0,,,0.0,0,
4608,230400,-5.0,0.0,0.0,0,,,0.0,0,
4609,230464,-5.0,0.0,0.0,0,,,0.0,0,
4610,230464,-5.0,0.0,0.0,0,,,0.0,0,
4611,230464,-4.0,0.0,0.0,0,,,0.0,0,
4612,230464,-4.0,0.0,0.0,0,,,0.0,0,
4613,230528,-5.0,0.0,0.0,0,,,0.0,0,
4614,230528,-5.0,0.0,0.0,0,,,0.0,0,
4615,230528,-4.0,0.0,0.0,0,,,0.0,0,
4616,230528,-5.0,0.0,0.0,0,,,0.0,0,
4617,230656,-5.0,0.0,0.0,0,,,0.0,0,
4618,230656,-5.0,0.0,0.0,0,,,0.0,0,
4619,230720,-4.0,0.0,0.0,0,,,0.0,0,
4620,230720,10.3,1.0,0.0,0,,,0.0,0,
4621,230720,-5.0,0.0,0.0,0,,,0.0,0,
4622,230784,-5.0,0.0,0.0,0,,,0.0,0,
4623,230848,-5.0,0.0,0.0,0,,,0.0,0,
4624,230848,-5.0,0.0,0.0,0,,,0.0,0,
4625,230848,-5.0,0.0,0.0,0,,,0.0,0,
4626,230912,-5.0,0.0,0.0,0,,,0.0,0,
4627,230912,-5.0,0.0,0.0,0,,,0.0,0,
4628,230976,-5.0,0.0,0.0,0,,,0.0,0,
4629,230976,-4.0,0.0,0.0,0,,,0.0,0,
4630,230976,-5.0,0.0,0.0,0,,,0.0,0,
4631,231040,-4.0,0.0,0.0,0,,,0.0,0,
4632,231104,-5.0,0.0,0.0,0,,,0.0,0,
4633,231104,-5.0,0.0,0.0,0,,,0.0,0,
4634,231104,-5.0,0.0,0.0,0,,,0.0,0,
4635,231104,-5.0,0.0,0.0,0,,,0.0,0,
4636,231168,-5.0,0.0,0.0,0,,,0.0,0,
4637,231296,-4.0,0.0,0.0,0,,,0.0,0,
4638,231296,11.8,1.0,0.0,0,,,0.0,0,
4639,231360,-4.0,0.0,0.0,0,,,0.0,0,
4640,231424,10.6,1.0,0.0,0,,,0.0,0,
4641,231488,-4.0,0.0,0.0,0,,,0.0,0,
4642,231552,-5.0,0.0,0.0,0,,,0.0,0,
4643,231680,-4.0,0.0,0.0,0,,,0.0,0,
4644,231744,-5.0,0.0,0.0,0,,,0.0,0,
4645,231872,-5.0,0.0,0.0,0,,,0.0,0,
4646,231872,-4.0,0.0,0.0,0,,,0.0,0,
4647,231872,-5.0,0.0,0.0,0,,,0.0,0,
4648,232000,-5.0,0.0,0.0,0,,,0.0,0,
4649,232000,-5.0,0.0,0.0,0,,,0.0,0,
4650,232064,-4.0,0.0,0.0,0,,,0.0,0,
4651,232128,-4.0,0.0,0.0,0,,,0.0,0,
4652,232256,-4.0,0.0,0.0,0,,,0.0,0,
4653,232320,-5.0,0.0,0.0,0,,,0.0,0,
4654,232320,-5.0,0.0,0.0,0,,,0.0,0,
4655,232384,-5.0,0.0,0.0,0,,,0.0,0,
4656,232448,10.3,1.0,0.0,0,,,0.0,0,
4657,232448,-5.0,0.0,0.0,0,,,0.0,0,
4658,232448,-5.0,0.0,0.0,0,,,0.0,0,
4659,232576,-5.0,0.0,0.0,0,,,0.0,0,
4660,232576,-5.0,0.0,0.0,0,,,0.0,0,
4661,232768,-5.0,0.0,0.0,0,,,0.0,0,
4662,232832,-5.0,0.0,0.0,0,,,0.0,0,
4663,232896,-5.0,0.0,0.0,0,,,0.0,0,
4664,232960,-5.0,0.0,0.0,0,,,0.0,0,
4665,233024,-5.0,0.0,0.0,0,,,0.0,0,
4666,233088,-5.0,0.0,0.0,0,,,0.0,0,
4667,233088,-5.0,0.0,0.0,0,,,0.0,0,
4668,233152,-5.0,0.0,0.0,0,,,0.0,0,
4669,233152,-5.0,0.0,0.0,0,,,0.0,0,
4670,233152,-4.0,0.0,0.0,0,,,0.0,0,
4671,233216,-5.0,0.0,0.0,0,,,0.0,0,
4672,233344,10.7,1.0,0.0,0,,,0.0,0,
4673,233408,11.1,1.0,0.0,0,,,0.0,0,
4674,233408,-4.0,0.0,0.0,0,,,0.0,0,
4675,233408,-5.0,0.0,0.0,0,,,0.0,0,
4676,233600,-5.0,0.0,0.0,0,,,0.0,0,
4677,233664,-4.0,0.0,0.0,0,,,0.0,0,
4678,233728,-5.0,0.0,0.0,0,,,0.0,0,
4679,233728,7.8,1.0,0.0,0,,,0.0,0,
4680,233728,-5.0,0.0,0.0,0,,,0.0,0,
4681,233728,-4.0,0.0,0.0,0,,,0.0,0,
4682,233792,-4.0,0.0,0.0,0,,,0.0,0,
4683,233792,-5.0,0.0,0.0,0,,,0.0,0,
4684,233792,-5.0,0.0,0.0,0,,,0.0,0,
4685,233792,-4.0,0.0,0.0,0,,,0.0,0,
4686,233920,-4.0,0.0,0.0,0,,,0.0,0,
4687,233920,-5.0,0.0,0.0,0,,,0.0,0,
4688,233984,-4.0,0.0,0.0,0,,,0.0,0,
4689,233984,-5.0,0.0,0.0,0,,,0.0,0,
4690,233984,-5.0,0.0,0.0,0,,,0.0,0,
4691,234048,-5.0,0.0,0.0,0,,,0.0,0,
4692,234112,-5.0,0.0,0.0,0,,,0.0,0,
4693,234112,-4.0,0.0,0.0,0,,,0.0,0,
4694,234112,-4.0,0.0,0.0,0,,,0.0,0,
4695,234176,-5.0,0.0,0.0,0,,,0.0,0,
4696,234176,-5.0,0.0,0.0,0,,,0.0,0,
4697,234240,-5.0,0.0,0.0,0,,,0.0,0,
4698,234240,-5.0,0.0,0.0,0,,,0.0,0,
4699,234304,-5.0,0.0,0.0,0,,,0.0,0,
4700,234368,-4.0,0.0,0.0,0,,,0.0,0,
4701,234368,-5.0,0.0,0.0,0,,,0.0,0,
4702,234368,-5.0,0.0,0.0,0,,,0.0,0,
4703,234368,7.6,1.0,0.0,0,,,0.0,0,
4704,234432,-5.0,0.0,0.0,0,,,0.0,0,
4705,234560,-5.0,0.0,0.0,0,,,0.0,0,
4706,234624,-5.0,0.0,0.0,0,,,0.0,0,
4707,234688,-5.0,0.0,0.0,0,,,0.0,0,
4708,234816,-4.0,0.0,0.0,0,,,0.0,0,
4709,234944,-5.0,0.0,0.0,0,,,0.0,0,
4710,235008,-4.0,0.0,0.0,0,,,0.0,0,
4711,235136,-4.0,0.0,0.0,0,,,0.0,0,
4712,235136,-4.0,0.0,0.0,0,,,0.0,0,
4713,235136,-5.0,0.0,0.0,0,,,0.0,0,
4714,235200,7.8,1.0,0.0,0,,,0.0,0,
4715,235264,-5.0,0.0,0.0,0,,,0.0,0,
4716,235264,-4.0,0.0,0.0,0,,,0.0,0,
4717,235328,-5.0,0.0,0.0,0,,,0.0,0,
4718,235392,-5.0,0.0,0.0,0,,,0.0,0,
4719,235520,-4.0,0.0,0.0,0,,,0.0,0,
4720,235584,-5.0,0.0,0.0,0,,,0.0,0,
4721,235584,-5.0,0.0,0.0,0,,,0.0,0,
4722,235648,-5.0,0.0,0.0,0,,,0.0,0,
4723,235712,-4.0,0.0,0.0,0,,,0.0,0,
4724,235840,-5.0,0.0,0.0,0,,,0.0,0,
4725,235840,-5.0,0.0,0.0,0,,,0.0,0,
4726,236096,10.8,1.0,0.0,0,,,0.0,0,
4727,236096,-4.0,0.0,0.0,0,,,0.0,0,
4728,236160,-4.0,0.0,0.0,0,,,0.0,0,
4729,236224,-5.0,0.0,0.0,0,,,0.0,0,
4730,236288,-5.0,0.0,0.0,0,,,0.0,0,
4731,236352,-4.0,0.0,0.0,0,,,0.0,0,
4732,236352,-5.0,0.0,0.0,0,,,0.0,0,
4733,236416,-4.0,0.0,0.0,0,,,0.0,0,
4734,236416,-5.0,0.0,0.0,0,,,0.0,0,
4735,236416,-5.0,0.0,0.0,0,,,0.0,0,
4736,236480,-5.0,0.0,0.0,0,,,0.0,0,
4737,236608,-5.0,0.0,0.0,0,,,0.0,0,
4738,236672,-5.0,0.0,0.0,0,,,0.0,0,
4739,236672,-4.0,0.0,0.0,0,,,0.0,0,
4740,236672,-4.0,0.0,0.0,0,,,0.0,0,
4741,236736,8.3,1.0,0.0,0,,,0.0,0,
4742,236864,-5.0,0.0,0.0,0,,,0.0,0,
4743,236928,-5.0,0.0,0.0,0,,,0.0,0,
4744,236992,-4.0,0.0,0.0,0,,,0.0,0,
4745,236992,-5.0,0.0,0.0,0,,,0.0,0,
4746,236992,-4.0,0.0,0.0,0,,,0.0,0,
4747,236992,-5.0,0.0,0.0,0,,,0.0,0,
4748,237056,-4.0,0.0,0.0,0,,,0.0,0,
4749,237056,-5.0,0.0,0.0,0,,,0.0,0,
4750,237056,-5.0,0.0,0.0,0,,,0.0,0,
4751,237056,-5.0,0.0,0.0,0,,,0.0,0,
4752,237184,-4.0,0.0,0.0,0,,,0.0,0,
4753,237184,-4.0,0.0,0.0,0,,,0.0,0,
4754,237248,-5.0,0.0,0.0,0,,,0.0,0,
4755,237248,-5.0,0.0,0.0,0,,,0.0,0,
4756,237248,-5.0,0.0,0.0,0,,,0.0,0,
4757,237312,-4.0,0.0,0.0,0,,,0.0,0,
4758,237376,-5.0,0.0,0.0,0,,,0.0,0,
4759,237376,-5.0,0.0,0.0,0,,,0.0,0,
4760,237376,-5.0,0.0,0.0,0,,,0.0,0,
4761,237440,-5.0,0.0,0.0,0,,,0.0,0,
4762,237440,-4.0,0.0,0.0,0,,,0.0,0,
4763,237504,-5.0,0.0,0.0,0,,,0.0,0,
4764,237504,-5.0,0.0,0.0,0,,,0.0,0,
4765,237632,-5.0,0.0,0.0,0,,,0.0,0,
4766,237632,-5.0,0.0,0.0,0,,,0.0,0,
4767,237632,-5.0,0.0,0.0,0,,,0.0,0,
4768,237632,-5.0,0.0,0.0,0,,,0.0,0,
4769,237696,-4.0,0.0,0.0,0,,,0.0,0,
4770,237824,-4.0,0.0,0.0,0,,,0.0,0,
4771,237888,-4.0,0.0,0.0,0,,,0.0,0,
4772,237952,-5.0,0.0,0.0,0,,,0.0,0,
4773,238080,11.8,1.0,0.0,0,,,0.0,0,
4774,238080,-5.0,0.0,0.0,0,,,0.0,0,
4775,238208,-5.0,0.0,0.0,0,,,0.0,0,
4776,238272,-5.0,0.0,0.0,0,,,0.0,0,
4777,238400,-5.0,0.0,0.0,0,,,0.0,0,
4778,238400,-5.0,0.0,0.0,0,,,0.0,0,
4779,238400,-5.0,0.0,0.0,0,,,0.0,0,
4780,238464,9.2,1.0,0.0,0,,,0.0,0,
4781,238464,-5.0,0.0,0.0,0,,,0.0,0,
4782,238528,-5.0,0.0,0.0,0,,,0.0,0,
4783,238592,-4.0,0.0,0.0,0,,,0.0,0,
4784,238656,-5.0,0.0,0.0,0,,,0.0,0,
4785,238784,-5.0,0.0,0.0,0,,,0.0,0,
4786,238848,-5.0,0.0,0.0,0,,,0.0,0,
4787,238848,-5.0,0.0,0.0,0,,,0.0,0,
4788,238912,-4.0,0.0,0.0,0,,,0.0,0,
4789,238976,-5.0,0.0,0.0,0,,,0.0,0,
4790,239040,8.9,1.0,0.0,0,,,0.0,0,
4791,239104,-5.0,0.0,0.0,0,,,0.0,0,
4792,239104,-5.0,0.0,0.0,0,,,0.0,0,
4793,239360,-5.0,0.0,0.0,0,,,0.0,0,
4794,239360,-4.0,0.0,0.0,0,,,0.0,0,
4795,239424,-5.0,0.0,0.0,0,,,0.0,0,
4796,239488,-5.0,0.0,0.0,0,,,0.0,0,
4797,239552,-5.0,0.0,0.0,0,,,0.0,0,
4798,239616,-5.0,0.0,0.0,0,,,0.0,0,
4799,239616,-5.0,0.0,0.0,0,,,0.0,0,
4800,239680,-5.0,0.0,0.0,0,,,0.0,0,
4801,239680,-5.0,0.0,0.0,0,,,0.0,0,
4802,239680,-5.0,0.0,0.0,0,,,0.0,0,
4803,239744,-5.0,0.0,0.0,0,,,0.0,0,
4804,239936,-5.0,0.0,0.0,0,,,0.0,0,
4805,239936,-5.0,0.0,0.0,0,,,0.0,0,
4806,239936,-4.0,0.0,0.0,0,,,0.0,0,
4807,240000,-5.0,0.0,0.0,0,,,0.0,0,
4808,240128,-5.0,0.0,0.0,0,,,0.0,0,
4809,240192,-5.0,0.0,0.0,0,,,0.0,0,
4810,240256,-5.0,0.0,0.0,0,,,0.0,0,
4811,240256,-5.0,0.0,0.0,0,,,0.0,0,
4812,240256,-5.0,0.0,0.0,0,,,0.0,0,
4813,240320,-5.0,0.0,0.0,0,,,0.0,0,
4814,240320,-5.0,0.0,0.0,0,,,0.0,0,
4815,240320,-5.0,0.0,0.0,0,,,0.0,0,
4816,240320,-4.0,0.0,0.0,0,,,0.0,0,
4817,240448,10.8,1.0,0.0,0,,,0.0,0,
4818,240448,-5.0,0.0,0.0,0,,,0.0,0,
4819,240448,-5.0,0.0,0.0,0,,,0.0,0,
4820,240512,-5.0,0.0,0.0,0,,,0.0,0,
4821,240512,7.3,1.0,0.0,0,,,0.0,0,
4822,240512,-5.0,0.0,0.0,0,,,0.0,0,
4823,240512,-5.0,0.0,0.0,0,,,0.0,0,
4824,240576,-5.0,0.0,0.0,0,,,0.0,0,
4825,240640,-4.0,0.0,0.0,0,,,0.0,0,
4826,240640,-5.0,0.0,0.0,0,,,0.0,0,
4827,240640,10.1,1.0,0.0,0,,,0.0,0,
4828,240640,-5.0,0.0,0.0,0,,,0.0,0,
4829,240704,-5.0,0.0,0.0,0,,,0.0,0,
4830,240768,-4.0,0.0,0.0,0,,,0.0,0,
4831,240768,10.9,1.0,0.0,0,,,0.0,0,
4832,240768,-5.0,0.0,0.0,0,,,0.0,0,
4833,240896,-4.0,0.0,0.0,0,,,0.0,0,
4834,240896,-5.0,0.0,0.0,0,,,0.0,0,
4835,240896,-5.0,0.0,0.0,0,,,0.0,0,
4836,240896,-4.0,0.0,0.0,0,,,0.0,0,
4837,240960,-5.0,0.0,0.0,0,,,0.0,0,
4838,241088,-5.0,0.0,0.0,0,,,0.0,0,
4839,241216,-4.0,0.0,0.0,0,,,0.0,0,
4840,241344,-4.0,0.0,0.0,0,,,0.0,0,
4841,241344,-5.0,0.0,0.0,0,,,0.0,0,
4842,241472,-5.0,0.0,0.0,0,,,0.0,0,
4843,241536,-5.0,0.0,0.0,0,,,0.0,0,
4844,241664,-5.0,0.0,0.0,0,,,0.0,0,
4845,241664,-5.0,0.0,0.0,0,,,0.0,0,
4846,241664,-4.0,0.0,0.0,0,,,0.0,0,
4847,241728,-5.0,0.0,0.0,0,,,0.0,0,
4848,241728,-5.0,0.0,0.0,0,,,0.0,0,
4849,241792,-5.0,0.0,0.0,0,,,0.0,0,
4850,241856,-5.0,0.0,0.0,0,,,0.0,0,
4851,241920,-5.0,0.0,0.0,0,,,0.0,0,
4852,242048,-5.0,0.0,0.0,0,,,0.0,0,
4853,242112,-5.0,0.0,0.0,0,,,0.0,0,
4854,242112,11.1,1.0,0.0,0,,,0.0,0,
4855,242112,-4.0,0.0,0.0,0,,,0.0,0,
4856,242176,-5.0,0.0,0.0,0,,,0.0,0,
4857,242240,-5.0,0.0,0.0,0,,,0.0,0,
4858,242304,-5.0,0.0,0.0,0,,,0.0,0,
4859,242368,-5.0,0.0,0.0,0,,,0.0,0,
4860,242368,-4.0,0.0,0.0,0,,,0.0,0,
4861,242624,-4.0,0.0,0.0,0,,,0.0,0,
4862,242688,-5.0,0.0,0.0,0,,,0.0,0,
4863,242752,-5.0,0.0,0.0,0,,,0.0,0,
4864,242816,-5.0,0.0,0.0,0,,,0.0,0,
4865,242880,-4.0,0.0,0.0,0,,,0.0,0,
4866,242944,-5.0,0.0,0.0,0,,,0.0,0,
4867,242944,-5.0,0.0,0.0,0,,,0.0,0,
4868,242944,-4.0,0.0,0.0,0,,,0.0,0,
4869,243008,-5.0,0.0,0.0,0,,,0.0,0,
4870,243200,-5.0,0.0,0.0,0,,,0.0,0,
4871,243200,-4.0,0.0,0.0,0,,,0.0,0,
4872,243200,-4.0,0.0,0.0,0,,,0.0,0,
4873,243392,-4.0,0.0,0.0,0,,,0.0,0,
4874,243456,-5.0,0.0,0.0,0,,,0.0,0,
4875,243520,-5.0,0.0,0.0,0,,,0.0,0,
4876,243520,-5.0,0.0,0.0,0,,,0.0,0,
4877,243520,-4.0,0.0,0.0,0,,,0.0,0,
4878,243584,-5.0,0.0,0.0,0,,,0.0,0,
4879,243584,-5.0,0.0,0.0,0,,,0.0,0,
4880,243584,-5.0,0.0,0.0,0,,,0.0,0,
4881,243584,-5.0,0.0,0.0,0,,,0.0,0,
4882,243712,-5.0,0.0,0.0,0,,,0.0,0,
4883,243712,-5.0,0.0,0.0,0,,,0.0,0,
4884,243712,-4.0,0.0,0.0,0,,,0.0,0,
4885,243776,-4.0,0.0,0.0,0,,,0.0,0,
4886,243776,-5.0,0.0,0.0,0,,,0.0,0,
4887,243776,-4.0,0.0,0.0,0,,,0.0,0,
4888,243776,-4.0,0.0,0.0,0,,,0.0,0,
4889,243840,-5.0,0.0,0.0,0,,,0.0,0,
4890,243904,-5.0,0.0,0.0,0,,,0.0,0,
4891,243904,-4.0,0.0,0.0,0,,,0.0,0,
4892,243904,-4.0,0.0,0.0,0,,,0.0,0,
4893,243904,-5.0,0.0,0.0,0,,,0.0,0,
4894,243968,-5.0,0.0,0.0,0,,,0.0,0,
4895,244032,-5.0,0.0,0.0,0,,,0.0,0,
4896,244032,-5.0,0.0,0.0,0,,,0.0,0,
4897,244032,-4.0,0.0,0.0,0,,,0.0,0,
4898,244160,-5.0,0.0,0.0,0,,,0.0,0,
4899,244160,11.7,1.0,0.0,0,,,0.0,0,
4900,244160,-4.0,0.0,0.0,0,,,0.0,0,
4901,244160,-5.0,0.0,0.0,0,,,0.0,0,
4902,244160,-5.0,0.0,0.0,0,,,0.0,0,
4903,244224,-5.0,0.0,0.0,0,,,0.0,0,
4904,244352,-5.0,0.0,0.0,0,,,0.0,0,
4905,244416,11.3,1.0,0.0,0,,,0.0,0,
4906,244480,-4.0,0.0,0.0,0,,,0.0,0,
4907,244608,-5.0,0.0,0.0,0,,,0.0,0,
4908,244608,-5.0,0.0,0.0,0,,,0.0,0,
4909,244800,-5.0,0.0,0.0,0,,,0.0,0,
4910,244928,-4.0,0.0,0.0,0,,,0.0,0,
4911,244928,-5.0,0.0,0.0,0,,,0.0,0,
4912,244928,-4.0,0.0,0.0,0,,,0.0,0,
4913,244992,-5.0,0.0,0.0,0,,,0.0,0,
4914,244992,-4.0,0.0,0.0,0,,,0.0,0,
4915,245056,-5.0,0.0,0.0,0,,,0.0,0,
4916,245120,-5.0,0.0,0.0,0,,,0.0,0,
4917,245184,-5.0,0.0,0.0,0,,,0.0,0,
4918,245312,-5.0,0.0,0.0,0,,,0.0,0,
4919,245376,-5.0,0.0,0.0,0,,,0.0,0,
4920,245376,-5.0,0.0,0.0,0,,,0.0,0,
4921,245376,-4.0,0.0,0.0,0,,,0.0,0,
4922,245440,-5.0,0.0,0.0,0,,,0.0,0,
4923,245440,9.1,1.0,0.0,0,,,0.0,0,
4924,245504,-5.0,0.0,0.0,0,,,0.0,0,
4925,245568,-5.0,0.0,0.0,0,,,0.0,0,
4926,245632,-5.0,0.0,0.0,0,,,0.0,0,
4927,245632,-5.0,0.0,0.0,0,,,0.0,0,
4928,245888,-4.0,0.0,0.0,0,,,0.0,0,
4929,245952,-5.0,0.0,0.0,0,,,0.0,0,
4930,246016,-5.0,0.0,0.0,0,,,0.0,0,
4931,246080,-5.0,0.0,0.0,0,,,0.0,0,
4932,246144,-4.0,0.0,0.0,0,,,0.0,0,
4933,246208,-4.0,0.0,0.0,0,,,0.0,0,
4934,246208,-5.0,0.0,0.0,0,,,0.0,0,
4935,246208,-5.0,0.0,0.0,0,,,0.0,0,
4936,246272,-4.0,0.0,0.0,0,,,0.0,0,
4937,246464,-4.0,0.0,0.0,0,,,0.0,0,
4938,246464,-5.0,0.0,0.0,0,,,0.0,0,
4939,246464,-5.0,0.0,0.0,0,,,0.0,0,
4940,246656,-5.0,0.0,0.0,0,,,0.0,0,
4941,246720,-5.0,0.0,0.0,0,,,0.0,0,
4942,246784,-5.0,0.0,0.0,0,,,0.0,0,
4943,246784,-5.0,0.0,0.0,0,,,0.0,0,
4944,246848,-5.0,0.0,0.0,0,,,0.0,0,
4945,246848,-5.0,0.0,0.0,0,,,0.0,0,
4946,246848,-4.0,0.0,0.0,0,,,0.0,0,
4947,246848,-4.0,0.0,0.0,0,,,0.0,0,
4948,246976,-5.0,0.0,0.0,0,,,0.0,0,
4949,246976,-5.0,0.0,0.0,0,,,0.0,0,
4950,246976,-5.0,0.0,0.0,0,,,0.0,0,
4951,247040,-5.0,0.0,0.0,0,,,0.0,0,
4952,247040,-5.0,0.0,0.0,0,,,0.0,0,
4953,247040,-5.0,0.0,0.0,0,,,0.0,0,
4954,247040,-5.0,0.0,0.0,0,,,0.0,0,
4955,247104,-5.0,0.0,0.0,0,,,0.0,0,
4956,247168,-5.0,0.0,0.0,0,,,0.0,0,
4957,247168,-4.0,0.0,0.0,0,,,0.0,0,
4958,247232,-5.0,0.0,0.0,0,,,0.0,0,
4959,247296,-5.0,0.0,0.0,0,,,0.0,0,
4960,247296,-5.0,0.0,0.0,0,,,0.0,0,
4961,247296,-5.0,0.0,0.0,0,,,0.0,0,
4962,247424,-5.0,0.0,0.0,0,,,0.0,0,
4963,247424,-5.0,0.0,0.0,0,,,0.0,0,
4964,247424,-4.0,0.0,0.0,0,,,0.0,0,
4965,247424,-5.0,0.0,0.0,0,,,0.0,0,
4966,247424,-5.0,0.0,0.0,0,,,0.0,0,
4967,247488,-5.0,0.0,0.0,0,,,0.0,0,
4968,247616,-5.0,0.0,0.0,0,,,0.0,0,
4969,247680,-5.0,0.0,0.0,0,,,0.0,0,
4970,247744,11.7,1.0,0.0,0,,,0.0,0,
4971,247744,-4.0,0.0,0.0,0,,,0.0,0,
4972,247808,11.0,1.0,0.0,0,,,0.0,0,
4973,247872,-5.0,0.0,0.0,0,,,0.0,0,
4974,247872,-4.0,0.0,0.0,0,,,0.0,0,
4975,248064,-5.0,0.0,0.0,0,,,0.0,0,
4976,248192,-4.0,0.0,0.0,0,,,0.0,0,
4977,248192,8.9,1.0,0.0,0,,,0.0,0,
4978,248192,-4.0,0.0,0.0,0,,,0.0,0,
4979,248192,-5.0,0.0,0.0,0,,,0.0,0,
4980,248256,-5.0,0.0,0.0,0,,,0.0,0,
4981,248256,-4.0,0.0,0.0,0,,,0.0,0,
4982,248320,-5.0,0.0,0.0,0,,,0.0,0,
4983,248384,-5.0,0.0,0.0,0,,,0.0,0,
4984,248448,-4.0,0.0,0.0,0,,,0.0,0,
4985,248576,-5.0,0.0,0.0,0,,,0.0,0,
4986,248640,-5.0,0.0,0.0,0,,,0.0,0,
4987,248640,-5.0,0.0,0.0,0,,,0.0,0,
4988,248640,-4.0,0.0,0.0,0,,,0.0,0,
4989,248704,-4.0,0.0,0.0,0,,,0.0,0,
4990,248704,-4.0,0.0,0.0,0,,,0.0,0,
4991,248768,-5.0,0.0,0.0,0,,,0.0,0,
4992,248832,-5.0,0.0,0.0,0,,,0.0,0,
4993,248896,-4.0,0.0,0.0,0,,,0.0,0,
4994,248896,-4.0,0.0,0.0,0,,,0.0,0,
4995,249152,-5.0,0.0,0.0,0,,,0.0,0,
4996,249216,-4.0,0.0,0.0,0,,,0.0,0,
4997,249280,-5.0,0.0,0.0,0,,,0.0,0,
4998,249344,-4.0,0.0,0.0,0,,,0.0,0,
4999,249472,-5.0,0.0,0.0,0,,,0.0,0,
5000,249472,-5.0,0.0,0.0,0,,,0.0,0,
5001,249472,-5.0,0.0,0.0,0,,,0.0,0,
5002,249536,7.6,1.0,0.0,0,,,0.0,0,
5003,249536,-4.0,0.0,0.0,0,,,0.0,0,
5004,249728,-5.0,0.0,0.0,0,,,0.0,0,
5005,249728,-4.0,0.0,0.0,0,,,0.0,0,
5006,249728,-4.0,0.0,0.0,0,,,0.0,0,
5007,249984,-5.0,0.0,0.0,0,,,0.0,0,
5008,250048,-4.0,0.0,0.0,0,,,0.0,0,
5009,250048,-5.0,0.0,0.0,0,,,0.0,0,
5010,250112,-5.0,0.0,0.0,0,,,0.0,0,
5011,250112,-5.0,0.0,0.0,0,,,0.0,0,
5012,250112,-5.0,0.0,0.0,0,,,0.0,0,
5013,250112,-4.0,0.0,0.0,0,,,0.0,0,
5014,250240,-4.0,0.0,0.0,0,,,0.0,0,
5015,250240,-5.0,0.0,0.0,0,,,0.0,0,
5016,250240,-5.0,0.0,0.0,0,,,0.0,0,
5017,250304,-5.0,0.0,0.0,0,,,0.0,0,
5018,250304,-4.0,0.0,0.0,0,,,0.0,0,
5019,250304,-4.0,0.0,0.0,0,,,0.0,0,
5020,250304,-5.0,0.0,0.0,0,,,0.0,0,
5021,250432,-5.0,0.0,0.0,0,,,0.0,0,
5022,250432,-5.0,0.0,0.0,0,,,0.0,0,
5023,250496,-5.0,0.0,0.0,0,,,0.0,0,
5024,250560,-4.0,0.0,0.0,0,,,0.0,0,
5025,250560,-4.0,0.0,0.0,0,,,0.0,0,
5026,250560,-5.0,0.0,0.0,0,,,0.0,0,
5027,250688,-5.0,0.0,0.0,0,,,0.0,0,
5028,250688,-4.0,0.0,0.0,0,,,0.0,0,
5029,250688,-5.0,0.0,0.0,0,,,0.0,0,
5030,250688,-5.0,0.0,0.0,0,,,0.0,0,
5031,250688,-5.0,0.0,0.0,0,,,0.0,0,
5032,250880,-4.0,0.0,0.0,0,,,0.0,0,
5033,250944,-5.0,0.0,0.0,0,,,0.0,0,
5034,251008,-5.0,0.0,0.0,0,,,0.0,0,
5035,251008,-4.0,0.0,0.0,0,,,0.0,0,
5036,251072,-5.0,0.0,0.0,0,,,0.0,0,
5037,251136,-4.0,0.0,0.0,0,,,0.0,0,
5038,251136,-5.0,0.0,0.0,0,,,0.0,0,
5039,251328,-5.0,0.0,0.0,0,,,0.0,0,
5040,251456,-4.0,0.0,0.0,0,,,0.0,0,
5041,251456,-5.0,0.0,0.0,0,,,0.0,0,
5042,251456,-5.0,0.0,0.0,0,,,0.0,0,
5043,251456,-4.0,0.0,0.0,0,,,0.0,0,
5044,251520,-5.0,0.0,0.0,0,,,0.0,0,
5045,251520,-5.0,0.0,0.0,0,,,0.0,0,
5046,251584,-5.0,0.0,0.0,0,,,0.0,0,
5047,251648,-5.0,0.0,0.0,0,,,0.0,0,
5048,251712,-4.0,0.0,0.0,0,,,0.0,0,
5049,251840,-4.0,0.0,0.0,0,,,0.0,0,
5050,251904,-4.0,0.0,0.0,0,,,0.0,0,
5051,251904,-4.0,0.0,0.0,0,,,0.0,0,
5052,251904,-5.0,0.0,0.0,0,,,0.0,0,
5053,251968,-4.0,0.0,0.0,0,,,0.0,0,
5054,251968,-5.0,0.0,0.0,0,,,0.0,0,
5055,252032,-4.0,0.0,0.0,0,,,0.0,0,
5056,252032,11.4,1.0,0.0,0,,,0.0,0,
5057,252096,-4.0,0.0,0.0,0,,,0.0,0,
5058,252160,-5.0,0.0,0.0,0,,,0.0,0,
5059,252160,-5.0,0.0,0.0,0,,,0.0,0,
5060,252416,-4.0,0.0,0.0,0,,,0.0,0,
5061,252480,-5.0,0.0,0.0,0,,,0.0,0,
5062,252544,-5.0,0.0,0.0,0,,,0.0,0,
5063,252608,-5.0,0.0,0.0,0,,,0.0,0,
5064,252608,8.7,1.0,0.0,0,,,0.0,0,
5065,252736,-5.0,0.0,0.0,0,,,0.0,0,
5066,252736,-5.0,0.0,0.0,0,,,0.0,0,
5067,252736,-4.0,0.0,0.0,0,,,0.0,0,
5068,252800,-5.0,0.0,0.0,0,,,0.0,0,
5069,252800,-4.0,0.0,0.0,0,,,0.0,0,
5070,252992,-4.0,0.0,0.0,0,,,0.0,0,
5071,252992,-5.0,0.0,0.0,0,,,0.0,0,
5072,252992,-5.0,0.0,0.0,0,,,0.0,0,
5073,253248,-5.0,0.0,0.0,0,,,0.0,0,
5074,253312,-5.0,0.0,0.0,0,,,0.0,0,
5075,253312,-4.0,0.0,0.0,0,,,0.0,0,
5076,253376,-5.0,0.0,0.0,0,,,0.0,0,
5077,253376,-5.0,0.0,0.0,0,,,0.0,0,
5078,253376,-5.0,0.0,0.0,0,,,0.0,0,
5079,253376,-5.0,0.0,0.0,0,,,0.0,0,
5080,253504,-5.0,0.0,0.0,0,,,0.0,0,
5081,253504,-5.0,0.0,0.0,0,,,0.0,0,
5082,253504,-4.0,0.0,0.0,0,,,0.0,0,
5083,253568,-5.0,0.0,0.0,0,,,0.0,0,
5084,253568,-5.0,0.0,0.0,0,,,0.0,0,
5085,253568,-5.0,0.0,0.0,0,,,0.0,0,
5086,253568,-5.0,0.0,0.0,0,,,0.0,0,
5087,253696,-4.0,0.0,0.0,0,,,0.0,0,
5088,253760,-5.0,0.0,0.0,0,,,0.0,0,
5089,253824,-5.0,0.0,0.0,0,,,0.0,0,
5090,253824,-5.0,0.0,0.0,0,,,0.0,0,
5091,253824,-4.0,0.0,0.0,0,,,0.0,0,
5092,253952,-5.0,0.0,0.0,0,,,0.0,0,
5093,253952,-4.0,0.0,0.0,0,,,0.0,0,
5094,253952,-5.0,0.0,0.0,0,,,0.0,0,
5095,253952,-5.0,0.0,0.0,0,,,0.0,0,
5096,253952,-5.0,0.0,0.0,0,,,0.0,0,
5097,254144,-5.0,0.0,0.0,0,,,0.0,0,
5098,254208,-4.0,0.0,0.0,0,,,0.0,0,
5099,254272,-5.0,0.0,0.0,0,,,0.0,0,
5100,254272,11.0,1.0,0.0,0,,,0.0,0,
5101,254272,-4.0,0.0,0.0,0,,,0.0,0,
5102,254336,-5.0,0.0,0.0,0,,,0.0,0,
5103,254400,-5.0,0.0,0.0,0,,,0.0,0,
5104,254400,-5.0,0.0,0.0,0,,,0.0,0,
5105,254592,-4.0,0.0,0.0,0,,,0.0,0,
5106,254720,-4.0,0.0,0.0,0,,,0.0,0,
5107,254720,-5.0,0.0,0.0,0,,,0.0,0,
5108,254720,-5.0,0.0,0.0,0,,,0.0,0,
5109,254720,-4.0,0.0,0.0,0,,,0.0,0,
5110,254784,-5.0,0.0,0.0,0,,,0.0,0,
5111,254784,-5.0,0.0,0.0,0,,,0.0,0,
5112,254912,10.0,1.0,0.0,0,,,0.0,0,
5113,254912,-4.0,0.0,0.0,0,,,0.0,0,
5114,254976,11.0,1.0,0.0,0,,,0.0,0,
5115,254976,-5.0,0.0,0.0,0,,,0.0,0,
5116,255040,9.7,1.0,0.0,0,,,0.0,0,
5117,255104,-4.0,0.0,0.0,0,,,0.0,0,
5118,255168,-5.0,0.0,0.0,0,,,0.0,0,
5119,255168,-5.0,0.0,0.0,0,,,0.0,0,
5120,255168,-4.0,0.0,0.0,0,,,0.0,0,
5121,255232,-5.0,0.0,0.0,0,,,0.0,0,
5122,255232,-4.0,0.0,0.0,0,,,0.0,0,
5123,255296,-5.0,0.0,0.0,0,,,0.0,0,
5124,255296,-5.0,0.0,0.0,0,,,0.0,0,
5125,255296,7.2,1.0,0.0,0,,,0.0,0,
5126,255360,-4.0,0.0,0.0,0,,,0.0,0,
5127,255424,-5.0,0.0,0.0,0,,,0.0,0,
5128,255680,-5.0,0.0,0.0,0,,,0.0,0,
5129,255744,-5.0,0.0,0.0,0,,,0.0,0,
5130,255808,-5.0,0.0,0.0,0,,,0.0,0,
5131,255872,-5.0,0.0,0.0,0,,,0.0,0,
5132,255872,-5.0,0.0,0.0,0,,,0.0,0,
5133,256000,-5.0,0.0,0.0,0,,,0.0,0,
5134,256000,-5.0,0.0,0.0,0,,,0.0,0,
5135,256000,-5.0,0.0,0.0,0,,,0.0,0,
5136,256064,-5.0,0.0,0.0,0,,,0.0,0,
5137,256064,-5.0,0.0,0.0,0,,,0.0,0,
5138,256256,-5.0,0.0,0.0,0,,,0.0,0,
5139,256256,-5.0,0.0,0.0,0,,,0.0,0,
5140,256256,-4.0,0.0,0.0,0,,,0.0,0,
5141,256512,-5.0,0.0,0.0,0,,,0.0,0,
5142,256576,-4.0,0.0,0.0,0,,,0.0,0,
5143,256576,-4.0,0.0,0.0,0,,,0.0,0,
5144,256640,-5.0,0.0,0.0,0,,,0.0,0,
5145,256640,-5.0,0.0,0.0,0,,,0.0,0,
5146,256640,-5.0,0.0,0.0,0,,,0.0,0,
5147,256640,-5.0,0.0,0.0,0,,,0.0,0,
5148,256768,-5.0,0.0,0.0,0,,,0.0,0,
5149,256768,-5.0,0.0,0.0,0,,,0.0,0,
5150,256832,-5.0,0.0,0.0,0,,,0.0,0,
5151,256832,-5.0,0.0,0.0,0,,,0.0,0,
5152,256960,-4.0,0.0,0.0,0,,,0.0,0,
5153,257024,-5.0,0.0,0.0,0,,,0.0,0,
5154,257088,-5.0,0.0,0.0,0,,,0.0,0,
5155,257088,-5.0,0.0,0.0,0,,,0.0,0,
5156,257088,-4.0,0.0,0.0,0,,,0.0,0,
5157,257152,7.7,1.0,0.0,0,,,0.0,0,
5158,257216,-5.0,0.0,0.0,0,,,0.0,0,
5159,257216,-4.0,0.0,0.0,0,,,0.0,0,
5160,257216,-5.0,0.0,0.0,0,,,0.0,0,
5161,257216,-4.0,0.0,0.0,0,,,0.0,0,
5162,257216,-5.0,0.0,0.0,0,,,0.0,0,
5163,257408,-5.0,0.0,0.0,0,,,0.0,0,
5164,257472,-5.0,0.0,0.0,0,,,0.0,0,
5165,257536,-5.0,0.0,0.0,0,,,0.0,0,
5166,257536,-5.0,0.0,0.0,0,,,0.0,0,
5167,257664,-5.0,0.0,0.0,0,,,0.0,0,
5168,257664,-5.0,0.0,0.0,0,,,0.0,0,
5169,257856,-5.0,0.0,0.0,0,,,0.0,0,
5170,257984,-4.0,0.0,0.0,0,,,0.0,0,
5171,257984,-5.0,0.0,0.0,0,,,0.0,0,
5172,257984,-5.0,0.0,0.0,0,,,0.0,0,
5173,257984,-5.0,0.0,0.0,0,,,0.0,0,
5174,258048,-5.0,0.0,0.0,0,,,0.0,0,
5175,258048,-4.0,0.0,0.0,0,,,0.0,0,
5176,258176,-5.0,0.0,0.0,0,,,0.0,0,
5177,258176,-5.0,0.0,0.0,0,,,0.0,0,
5178,258240,-5.0,0.0,0.0,0,,,0.0,0,
5179,258240,-4.0,0.0,0.0,0,,,0.0,0,
5180,258304,-5.0,0.0,0.0,0,,,0.0,0,
5181,258368,-5.0,0.0,0.0,0,,,0.0,0,
5182,258432,-4.0,0.0,0.0,0,,,0.0,0,
5183,258432,-5.0,0.0,0.0,0,,,0.0,0,
5184,258432,-4.0,0.0,0.0,0,,,0.0,0,
5185,258496,-5.0,0.0,0.0,0,,,0.0,0,
5186,258496,-5.0,0.0,0.0,0,,,0.0,0,
5187,258560,-5.0,0.0,0.0,0,,,0.0,0,
5188,258560,-5.0,0.0,0.0,0,,,0.0,0,
5189,258560,-4.0,0.0,0.0,0,,,0.0,0,
5190,258624,10.4,1.0,0.0,0,,,0.0,0,
5191,258624,-5.0,0.0,0.0,0,,,0.0,0,
5192,258688,-4.0,0.0,0.0,0,,,0.0,0,
5193,258880,10.5,1.0,0.0,0,,,0.0,0,
5194,258944,-5.0,0.0,0.0,0,,,0.0,0,
5195,259008,-5.0,0.0,0.0,0,,,0.0,0,
5196,259008,8.2,1.0,0.0,0,,,0.0,0,
5197,259072,-5.0,0.0,0.0,0,,,0.0,0,
5198,259136,-4.0,0.0,0.0,0,,,0.0,0,
5199,259136,-4.0,0.0,0.0,0,,,0.0,0,
5200,259264,-5.0,0.0,0.0,0,,,0.0,0,
5201,259264,-5.0,0.0,0.0,0,,,0.0,0,
5202,259264,-5.0,0.0,0.0,0,,,0.0,0,
5203,259328,-5.0,0.0,0.0,0,,,0.0,0,
5204,259328,-5.0,0.0,0.0,0,,,0.0,0,
5205,259520,-4.0,0.0,0.0,0,,,0.0,0,
5206,259520,-5.0,0.0,0.0,0,,,0.0,0,
5207,259520,-5.0,0.0,0.0,0,,,0.0,0,
5208,259840,-4.0,0.0,0.0,0,,,0.0,0,
5209,259840,-4.0,0.0,0.0,0,,,0.0,0,
5210,259904,-5.0,0.0,0.0,0,,,0.0,0,
5211,259904,-5.0,0.0,0.0,0,,,0.0,0,
5212,259904,-5.0,0.0,0.0,0,,,0.0,0,
5213,259904,-5.0,0.0,0.0,0,,,0.0,0,
5214,260032,-5.0,0.0,0.0,0,,,0.0,0,
5215,260032,-5.0,0.0,0.0,0,,,0.0,0,
5216,260032,9.3,1.0,0.0,0,,,0.0,0,
5217,260096,-5.0,0.0,0.0,0,,,0.0,0,
5218,260096,-5.0,0.0,0.0,0,,,0.0,0,
5219,260224,-5.0,0.0,0.0,0,,,0.0,0,
5220,260288,-5.0,0.0,0.0,0,,,0.0,0,
5221,260352,-5.0,0.0,0.0,0,,,0.0,0,
5222,260352,-5.0,0.0,0.0,0,,,0.0,0,
5223,260352,-4.0,0.0,0.0,0,,,0.0,0,
5224,260416,-5.0,0.0,0.0,0,,,0.0,0,
5225,260480,-5.0,0.0,0.0,0,,,0.0,0,
5226,260480,-5.0,0.0,0.0,0,,,0.0,0,
5227,260480,-5.0,0.0,0.0,0,,,0.0,0,
5228,260480,-5.0,0.0,0.0,0,,,0.0,0,
5229,260480,-5.0,0.0,0.0,0,,,0.0,0,
5230,260672,-5.0,0.0,0.0,0,,,0.0,0,
5231,260736,-4.0,0.0,0.0,0,,,0.0,0,
5232,260800,-5.0,0.0,0.0,0,,,0.0,0,
5233,260928,-5.0,0.0,0.0,0,,,0.0,0,
5234,260928,-5.0,0.0,0.0,0,,,0.0,0,
5235,261248,-5.0,0.0,0.0,0,,,0.0,0,
5236,261248,-4.0,0.0,0.0,0,,,0.0,0,
5237,261248,-5.0,0.0,0.0,0,,,0.0,0,
5238,261248,-4.0,0.0,0.0,0,,,0.0,0,
5239,261312,-5.0,0.0,0.0,0,,,0.0,0,
5240,261312,-5.0,0.0,0.0,0,,,0.0,0,
5241,261440,-5.0,0.0,0.0,0,,,0.0,0,
5242,261440,-4.0,0.0,0.0,0,,,0.0,0,
5243,261504,-5.0,0.0,0.0,0,,,0.0,0,
5244,261568,-4.0,0.0,0.0,0,,,0.0,0,
5245,261632,-5.0,0.0,0.0,0,,,0.0,0,
5246,261696,-5.0,0.0,0.0,0,,,0.0,0,
5247,261696,-5.0,0.0,0.0,0,,,0.0,0,
5248,261696,-5.0,0.0,0.0,0,,,0.0,0,
5249,261760,-5.0,0.0,0.0,0,,,0.0,0,
5250,261760,-5.0,0.0,0.0,0,,,0.0,0,
5251,261824,-5.0,0.0,0.0,0,,,0.0,0,
5252,261824,-5.0,0.0,0.0,0,,,0.0,0,
5253,261824,-4.0,0.0,0.0,0,,,0.0,0,
5254,261888,-4.0,0.0,0.0,0,,,0.0,0,
5255,261888,-5.0,0.0,0.0,0,,,0.0,0,
5256,261952,-4.0,0.0,0.0,0,,,0.0,0,
5257,262144,-5.0,0.0,0.0,0,,,0.0,0,
5258,262208,-4.0,0.0,0.0,0,,,0.0,0,
5259,262272,-5.0,0.0,0.0,0,,,0.0,0,
5260,262272,-5.0,0.0,0.0,0,,,0.0,0,
5261,262336,-5.0,0.0,0.0,0,,,0.0,0,
5262,262400,-5.0,0.0,0.0,0,,,0.0,0,
5263,262400,-5.0,0.0,0.0,0,,,0.0,0,
5264,262528,-5.0,0.0,0.0,0,,,0.0,0,
5265,262528,-5.0,0.0,0.0,0,,,0.0,0,
5266,262528,-5.0,0.0,0.0,0,,,0.0,0,
5267,262592,-5.0,0.0,0.0,0,,,0.0,0,
5268,262592,-5.0,0.0,0.0,0,,,0.0,0,
5269,262784,-5.0,0.0,0.0,0,,,0.0,0,
5270,262784,-5.0,0.0,0.0,0,,,0.0,0,
5271,262784,-4.0,0.0,0.0,0,,,0.0,0,
5272,262848,11.2,1.0,0.0,0,,,0.0,0,
5273,262912,8.8,1.0,0.0,0,,,0.0,0,
5274,263104,-4.0,0.0,0.0,0,,,0.0,0,
5275,263104,-5.0,0.0,0.0,0,,,0.0,0,
5276,263168,-5.0,0.0,0.0,0,,,0.0,0,
5277,263168,-5.0,0.0,0.0,0,,,0.0,0,
5278,263168,-5.0,0.0,0.0,0,,,0.0,0,
5279,263168,-5.0,0.0,0.0,0,,,0.0,0,
5280,263296,-4.0,0.0,0.0,0,,,0.0,0,
5281,263296,11.3,1.0,0.0,0,,,0.0,0,
5282,263296,-5.0,0.0,0.0,0,,,0.0,0,
5283,263296,-5.0,0.0,0.0,0,,,0.0,0,
5284,263296,8.4,1.0,0.0,0,,,0.0,0,
5285,263360,-5.0,0.0,0.0,0,,,0.0,0,
5286,263360,-4.0,0.0,0.0,0,,,0.0,0,
5287,263488,-5.0,0.0,0.0,0,,,0.0,0,
5288,263552,-5.0,0.0,0.0,0,,,0.0,0,
5289,263616,-5.0,0.0,0.0,0,,,0.0,0,
5290,263616,-5.0,0.0,0.0,0,,,0.0,0,
5291,263616,-5.0,0.0,0.0,0,,,0.0,0,
5292,263680,-5.0,0.0,0.0,0,,,0.0,0,
5293,263744,-5.0,0.0,0.0,0,,,0.0,0,
5294,263744,10.0,1.0,0.0,0,,,0.0,0,
5295,263744,-5.0,0.0,0.0,0,,,0.0,0,
5296,263744,-4.0,0.0,0.0,0,,,0.0,0,
5297,263744,-5.0,0.0,0.0,0,,,0.0,0,
5298,263744,-5.0,0.0,0.0,0,,,0.0,0,
5299,263936,-5.0,0.0,0.0,0,,,0.0,0,
5300,264000,-5.0,0.0,0.0,0,,,0.0,0,
5301,264192,-5.0,0.0,0.0,0,,,0.0,0,
5302,264384,10.4,1.0,0.0,0,,,0.0,0,
5303,264384,11.5,1.0,0.0,0,,,0.0,0,
5304,264448,10.8,1.0,0.0,0,,,0.0,0,
5305,264512,-5.0,0.0,0.0,0,,,0.0,0,
5306,264512,-5.0,0.0,0.0,0,,,0.0,0,
5307,264512,-5.0,0.0,0.0,0,,,0.0,0,
5308,264512,-5.0,0.0,0.0,0,,,0.0,0,
5309,264576,-4.0,0.0,0.0,0,,,0.0,0,
5310,264576,-5.0,0.0,0.0,0,,,0.0,0,
5311,264704,-5.0,0.0,0.0,0,,,0.0,0,
5312,264704,-4.0,0.0,0.0,0,,,0.0,0,
5313,264768,-4.0,0.0,0.0,0,,,0.0,0,
5314,264832,-5.0,0.0,0.0,0,,,0.0,0,
5315,264896,-5.0,0.0,0.0,0,,,0.0,0,
5316,264960,-5.0,0.0,0.0,0,,,0.0,0,
5317,264960,-5.0,0.0,0.0,0,,,0.0,0,
5318,264960,-5.0,0.0,0.0,0,,,0.0,0,
5319,265024,-5.0,0.0,0.0,0,,,0.0,0,
5320,265024,-4.0,0.0,0.0,0,,,0.0,0,
5321,265088,-5.0,0.0,0.0,0,,,0.0,0,
5322,265088,-5.0,0.0,0.0,0,,,0.0,0,
5323,265088,-5.0,0.0,0.0,0,,,0.0,0,
5324,265152,-5.0,0.0,0.0,0,,,0.0,0,
5325,265152,-5.0,0.0,0.0,0,,,0.0,0,
5326,265216,-5.0,0.0,0.0,0,,,0.0,0,
5327,265408,-4.0,0.0,0.0,0,,,0.0,0,
5328,265472,-4.0,0.0,0.0,0,,,0.0,0,
5329,265536,-4.0,0.0,0.0,0,,,0.0,0,
5330,265600,-5.0,0.0,0.0,0,,,0.0,0,
5331,265664,-4.0,0.0,0.0,0,,,0.0,0,
5332,265792,-5.0,0.0,0.0,0,,,0.0,0,
5333,265792,-5.0,0.0,0.0,0,,,0.0,0,
5334,265792,-5.0,0.0,0.0,0,,,0.0,0,
5335,265856,-4.0,0.0,0.0,0,,,0.0,0,
5336,265856,-4.0,0.0,0.0,0,,,0.0,0,
5337,266048,-5.0,0.0,0.0,0,,,0.0,0,
5338,266048,-4.0,0.0,0.0,0,,,0.0,0,
5339,266112,-5.0,0.0,0.0,0,,,0.0,0,
5340,266176,-5.0,0.0,0.0,0,,,0.0,0,
5341,266368,-5.0,0.0,0.0,0,,,0.0,0,
5342,266368,10.1,1.0,0.0,0,,,0.0,0,
5343,266368,-5.0,0.0,0.0,0,,,0.0,0,
5344,266432,-5.0,0.0,0.0,0,,,0.0,0,
5345,266432,-5.0,0.0,0.0,0,,,0.0,0,
5346,266432,-4.0,0.0,0.0,0,,,0.0,0,
5347,266432,-5.0,0.0,0.0,0,,,0.0,0,
5348,266496,10.1,1.0,0.0,0,,,0.0,0,
5349,266560,-5.0,0.0,0.0,0,,,0.0,0,
5350,266560,-5.0,0.0,0.0,0,,,0.0,0,
5351,266560,-5.0,0.0,0.0,0,,,0.0,0,
5352,266560,-4.0,0.0,0.0,0,,,0.0,0,
5353,266624,-5.0,0.0,0.0,0,,,0.0,0,
5354,266624,-5.0,0.0,0.0,0,,,0.0,0,
5355,266752,-5.0,0.0,0.0,0,,,0.0,0,
5356,266816,-5.0,0.0,0.0,0,,,0.0,0,
5357,266816,10.9,1.0,0.0,0,,,0.0,0,
5358,266816,11.1,1.0,0.0,0,,,0.0,0,
5359,266880,-5.0,0.0,0.0,0,,,0.0,0,
5360,266880,-5.0,0.0,0.0,0,,,0.0,0,
5361,266944,-5.0,0.0,0.0,0,,,0.0,0,
5362,267008,8.1,1.0,0.0,0,,,0.0,0,
5363,267008,-5.0,0.0,0.0,0,,,0.0,0,
5364,267008,-5.0,0.0,0.0,0,,,0.0,0,
5365,267008,-4.0,0.0,0.0,0,,,0.0,0,
5366,267008,-5.0,0.0,0.0,0,,,0.0,0,
5367,267008,-4.0,0.0,0.0,0,,,0.0,0,
5368,267008,-5.0,0.0,0.0,0,,,0.0,0,
5369,267200,-5.0,0.0,0.0,0,,,0.0,0,
5370,267456,-5.0,0.0,0.0,0,,,0.0,0,
5371,267648,-4.0,0.0,0.0,0,,,0.0,0,
5372,267648,-5.0,0.0,0.0,0,,,0.0,0,
5373,267776,-5.0,0.0,0.0,0,,,0.0,0,
5374,267776,-4.0,0.0,0.0,0,,,0.0,0,
5375,267776,-5.0,0.0,0.0,0,,,0.0,0,
5376,267776,-5.0,0.0,0.0,0,,,0.0,0,
5377,267840,-5.0,0.0,0.0,0,,,0.0,0,
5378,267840,-5.0,0.0,0.0,0,,,0.0,0,
5379,267968,-5.0,0.0,0.0,0,,,0.0,0,
5380,267968,-5.0,0.0,0.0,0,,,0.0,0,
5381,268032,-4.0,0.0,0.0,0,,,0.0,0,
5382,268096,-5.0,0.0,0.0,0,,,0.0,0,
5383,268160,-5.0,0.0,0.0,0,,,0.0,0,
5384,268224,-4.0,0.0,0.0,0,,,0.0,0,
5385,268224,-5.0,0.0,0.0,0,,,0.0,0,
5386,268224,-4.0,0.0,0.0,0,,,0.0,0,
5387,268288,-5.0,0.0,0.0,0,,,0.0,0,
5388,268288,-5.0,0.0,0.0,0,,,0.0,0,
5389,268352,-4.0,0.0,0.0,0,,,0.0,0,
5390,268352,-5.0,0.0,0.0,0,,,0.0,0,
5391,268416,-5.0,0.0,0.0,0,,,0.0,0,
5392,268416,-4.0,0.0,0.0,0,,,0.0,0,
5393,268672,11.4,1.0,0.0,0,,,0.0,0,
5394,268672,-5.0,0.0,0.0,0,,,0.0,0,
5395,268736,-5.0,0.0,0.0,0,,,0.0,0,
5396,268800,-4.0,0.0,0.0,0,,,0.0,0,
5397,268864,-5.0,0.0,0.0,0,,,0.0,0,
5398,268928,-5.0,0.0,0.0,0,,,0.0,0,
5399,269056,-5.0,0.0,0.0,0,,,0.0,0,
5400,269056,-5.0,0.0,0.0,0,,,0.0,0,
5401,269056,-5.0,0.0,0.0,0,,,0.0,0,
5402,269120,-5.0,0.0,0.0,0,,,0.0,0,
5403,269120,-5.0,0.0,0.0,0,,,0.0,0,
5404,269312,-5.0,0.0,0.0,0,,,0.0,0,
5405,269376,-5.0,0.0,0.0,0,,,0.0,0,
5406,269376,8.4,1.0,0.0,0,,,0.0,0,
5407,269632,-5.0,0.0,0.0,0,,,0.0,0,
5408,269632,-4.0,0.0,0.0,0,,,0.0,0,
5409,269632,-5.0,0.0,0.0,0,,,0.0,0,
5410,269696,7.9,1.0,0.0,0,,,0.0,0,
5411,269696,-5.0,0.0,0.0,0,,,0.0,0,
5412,269696,-5.0,0.0,0.0,0,,,0.0,0,
5413,269696,-5.0,0.0,0.0,0,,,0.0,0,
5414,269696,-5.0,0.0,0.0,0,,,0.0,0,
5415,269760,-4.0,0.0,0.0,0,,,0.0,0,
5416,269824,-5.0,0.0,0.0,0,,,0.0,0,
5417,269824,-4.0,0.0,0.0,0,,,0.0,0,
5418,269824,-5.0,0.0,0.0,0,,,0.0,0,
5419,269824,-4.0,0.0,0.0,0,,,0.0,0,
5420,269888,-5.0,0.0,0.0,0,,,0.0,0,
5421,269888,11.8,1.0,0.0,0,,,0.0,0,
5422,269888,-5.0,0.0,0.0,0,,,0.0,0,
5423,269952,8.8,1.0,0.0,0,,,0.0,0,
5424,270016,-5.0,0.0,0.0,0,,,0.0,0,
5425,270080,-4.0,0.0,0.0,0,,,0.0,0,
5426,270080,-4.0,0.0,0.0,0,,,0.0,0,
5427,270080,-4.0,0.0,0.0,0,,,0.0,0,
5428,270144,7.2,1.0,0.0,0,,,0.0,0,
5429,270144,-5.0,0.0,0.0,0,,,0.0,0,
5430,270144,-4.0,0.0,0.0,0,,,0.0,0,
5431,270208,-5.0,0.0,0.0,0,,,0.0,0,
5432,270272,-5.0,0.0,0.0,0,,,0.0,0,
5433,270272,-4.0,0.0,0.0,0,,,0.0,0,
5434,270272,-5.0,0.0,0.0,0,,,0.0,0,
5435,270272,-5.0,0.0,0.0,0,,,0.0,0,
5436,270464,-5.0,0.0,0.0,0,,,0.0,0,
5437,270720,-5.0,0.0,0.0,0,,,0.0,0,
5438,270784,11.1,1.0,0.0,0,,,0.0,0,
5439,270912,-5.0,0.0,0.0,0,,,0.0,0,
5440,270912,-5.0,0.0,0.0,0,,,0.0,0,
5441,270976,7.8,1.0,0.0,0,,,0.0,0,
5442,271040,-5.0,0.0,0.0,0,,,0.0,0,
5443,271040,-5.0,0.0,0.0,0,,,0.0,0,
5444,271040,-5.0,0.0,0.0,0,,,0.0,0,
5445,271040,-4.0,0.0,0.0,0,,,0.0,0,
5446,271104,-5.0,0.0,0.0,0,,,0.0,0,
5447,271232,-5.0,0.0,0.0,0,,,0.0,0,
5448,271232,-5.0,0.0,0.0,0,,,0.0,0,
5449,271296,-5.0,0.0,0.0,0,,,0.0,0,
5450,271360,-4.0,0.0,0.0,0,,,0.0,0,
5451,271424,-5.0,0.0,0.0,0,,,0.0,0,
5452,271488,-5.0,0.0,0.0,0,,,0.0,0,
5453,271552,-5.0,0.0,0.0,0,,,0.0,0,
5454,271552,-5.0,0.0,0.0,0,,,0.0,0,
5455,271616,-5.0,0.0,0.0,0,,,0.0,0,
5456,271616,9.8,1.0,0.0,0,,,0.0,0,
5457,271616,-5.0,0.0,0.0,0,,,0.0,0,
5458,271680,-4.0,0.0,0.0,0,,,0.0,0,
5459,271680,-5.0,0.0,0.0,0,,,0.0,0,
5460,271936,-5.0,0.0,0.0,0,,,0.0,0,
5461,271936,-4.0,0.0,0.0,0,,,0.0,0,
5462,272000,-5.0,0.0,0.0,0,,,0.0,0,
5463,272064,-5.0,0.0,0.0,0,,,0.0,0,
5464,272128,-5.0,0.0,0.0,0,,,0.0,0,
5465,272192,-5.0,0.0,0.0,0,,,0.0,0,
5466,272320,-4.0,0.0,0.0,0,,,0.0,0,
5467,272320,-4.0,0.0,0.0,0,,,0.0,0,
5468,272320,-4.0,0.0,0.0,0,,,0.0,0,
5469,272384,-5.0,0.0,0.0,0,,,0.0,0,
5470,272384,-5.0,0.0,0.0,0,,,0.0,0,
5471,272576,-5.0,0.0,0.0,0,,,0.0,0,
5472,272640,-5.0,0.0,0.0,0,,,0.0,0,
5473,272640,-5.0,0.0,0.0,0,,,0.0,0,
5474,272896,-5.0,0.0,0.0,0,,,0.0,0,
5475,272896,-5.0,0.0,0.0,0,,,0.0,0,
5476,272896,-5.0,0.0,0.0,0,,,0.0,0,
5477,272960,-5.0,0.0,0.0,0,,,0.0,0,
5478,272960,-5.0,0.0,0.0,0,,,0.0,0,
5479,272960,-5.0,0.0,0.0,0,,,0.0,0,
5480,272960,-5.0,0.0,0.0,0,,,0.0,0,
5481,273024,-5.0,0.0,0.0,0,,,0.0,0,
5482,273088,-4.0,0.0,0.0,0,,,0.0,0,
5483,273088,-4.0,0.0,0.0,0,,,0.0,0,
5484,273088,-5.0,0.0,0.0,0,,,0.0,0,
5485,273088,-5.0,0.0,0.0,0,,,0.0,0,
5486,273152,-5.0,0.0,0.0,0,,,0.0,0,
5487,273152,-4.0,0.0,0.0,0,,,0.0,0,
5488,273152,-5.0,0.0,0.0,0,,,0.0,0,
5489,273216,-5.0,0.0,0.0,0,,,0.0,0,
5490,273280,-5.0,0.0,0.0,0,,,0.0,0,
5491,273344,-5.0,0.0,0.0,0,,,0.0,0,
5492,273344,-5.0,0.0,0.0,0,,,0.0,0,
5493,273344,-5.0,0.0,0.0,0,,,0.0,0,
5494,273408,-4.0,0.0,0.0,0,,,0.0,0,
5495,273408,11.4,1.0,0.0,0,,,0.0,0,
5496,273472,-4.0,0.0,0.0,0,,,0.0,0,
5497,273536,-5.0,0.0,0.0,0,,,0.0,0,
5498,273536,-5.0,0.0,0.0,0,,,0.0,0,
5499,273536,-4.0,0.0,0.0,0,,,0.0,0,
5500,273536,-5.0,0.0,0.0,0,,,0.0,0,
5501,273728,7.8,1.0,0.0,0,,,0.0,0,
5502,273728,-4.0,0.0,0.0,0,,,0.0,0,
5503,273984,-4.0,0.0,0.0,0,,,0.0,0,
5504,274048,-4.0,0.0,0.0,0,,,0.0,0,
5505,274176,-4.0,0.0,0.0,0,,,0.0,0,
5506,274176,-4.0,0.0,0.0,0,,,0.0,0,
5507,274304,-4.0,0.0,0.0,0,,,0.0,0,
5508,274304,-5.0,0.0,0.0,0,,,0.0,0,
5509,274304,-5.0,0.0,0.0,0,,,0.0,0,
5510,274304,-5.0,0.0,0.0,0,,,0.0,0,
5511,274368,-5.0,0.0,0.0,0,,,0.0,0,
5512,274496,-4.0,0.0,0.0,0,,,0.0,0,
5513,274496,7.0,1.0,0.0,0,,,0.0,0,
5514,274560,-5.0,0.0,0.0,0,,,0.0,0,
5515,274624,-5.0,0.0,0.0,0,,,0.0,0,
5516,274624,11.4,1.0,0.0,0,,,0.0,0,
5517,274688,-4.0,0.0,0.0,0,,,0.0,0,
5518,274752,-5.0,0.0,0.0,0,,,0.0,0,
5519,274816,-4.0,0.0,0.0,0,,,0.0,0,
5520,274816,-5.0,0.0,0.0,0,,,0.0,0,
5521,274816,9.4,1.0,0.0,0,,,0.0,0,
5522,274880,-4.0,0.0,0.0,0,,,0.0,0,
5523,274880,-4.0,0.0,0.0,0,,,0.0,0,
5524,274880,-5.0,0.0,0.0,0,,,0.0,0,
5525,274944,-4.0,0.0,0.0,0,,,0.0,0,
5526,274944,-4.0,0.0,0.0,0,,,0.0,0,
5527,275136,10.3,1.0,0.0,0,,,0.0,0,
5528,275200,-5.0,0.0,0.0,0,,,0.0,0,
5529,275200,-4.0,0.0,0.0,0,,,0.0,0,
5530,275264,-5.0,0.0,0.0,0,,,0.0,0,
5531,275328,-5.0,0.0,0.0,0,,,0.0,0,
5532,275392,-4.0,0.0,0.0,0,,,0.0,0,
5533,275456,-4.0,0.0,0.0,0,,,0.0,0,
5534,275584,-5.0,0.0,0.0,0,,,0.0,0,
5535,275584,-5.0,0.0,0.0,0,,,0.0,0,
5536,275584,-5.0,0.0,0.0,0,,,0.0,0,
5537,275648,-5.0,0.0,0.0,0,,,0.0,0,
5538,275648,-5.0,0.0,0.0,0,,,0.0,0,
5539,275840,-4.0,0.0,0.0,0,,,0.0,0,
5540,275904,-5.0,0.0,0.0,0,,,0.0,0,
5541,275904,-4.0,0.0,0.0,0,,,0.0,0,
5542,276160,-5.0,0.0,0.0,0,,,0.0,0,
5543,276160,-5.0,0.0,0.0,0,,,0.0,0,
5544,276160,-5.0,0.0,0.0,0,,,0.0,0,
5545,276224,-5.0,0.0,0.0,0,,,0.0,0,
5546,276224,-4.0,0.0,0.0,0,,,0.0,0,
5547,276224,-5.0,0.0,0.0,0,,,0.0,0,
5548,276288,-4.0,0.0,0.0,0,,,0.0,0,
5549,276352,-4.0,0.0,0.0,0,,,0.0,0,
5550,276352,-5.0,0.0,0.0,0,,,0.0,0,
5551,276352,-5.0,0.0,0.0,0,,,0.0,0,
5552,276416,-4.0,0.0,0.0,0,,,0.0,0,
5553,276416,-5.0,0.0,0.0,0,,,0.0,0,
5554,276416,-4.0,0.0,0.0,0,,,0.0,0,
5555,276480,-5.0,0.0,0.0,0,,,0.0,0,
5556,276480,9.7,1.0,0.0,0,,,0.0,0,
5557,276544,-5.0,0.0,0.0,0,,,0.0,0,
5558,276608,-5.0,0.0,0.0,0,,,0.0,0,
5559,276608,-5.0,0.0,0.0,0,,,0.0,0,
5560,276608,-5.0,0.0,0.0,0,,,0.0,0,
5561,276672,-5.0,0.0,0.0,0,,,0.0,0,
5562,276672,-5.0,0.0,0.0,0,,,0.0,0,
5563,276736,-4.0,0.0,0.0,0,,,0.0,0,
5564,276800,-5.0,0.0,0.0,0,,,0.0,0,
5565,276800,-5.0,0.0,0.0,0,,,0.0,0,
5566,276800,-5.0,0.0,0.0,0,,,0.0,0,
5567,276800,-5.0,0.0,0.0,0,,,0.0,0,
5568,276992,-5.0,0.0,0.0,0,,,0.0,0,
5569,276992,-5.0,0.0,0.0,0,,,0.0,0,
5570,277312,-4.0,0.0,0.0,0,,,0.0,0,
5571,277440,-4.0,0.0,0.0,0,,,0.0,0,
5572,277568,-4.0,0.0,0.0,0,,,0.0,0,
5573,277568,-5.0,0.0,0.0,0,,,0.0,0,
5574,277568,10.9,1.0,0.0,0,,,0.0,0,
5575,277568,-5.0,0.0,0.0,0,,,0.0,0,
5576,277568,10.2,1.0,0.0,0,,,0.0,0,
5577,277568,-4.0,0.0,0.0,0,,,0.0,0,
5578,277632,-5.0,0.0,0.0,0,,,0.0,0,
5579,277760,-5.0,0.0,0.0,0,,,0.0,0,
5580,277760,-5.0,0.0,0.0,0,,,0.0,0,
5581,277824,-4.0,0.0,0.0,0,,,0.0,0,
5582,277888,-5.0,0.0,0.0,0,,,0.0,0,
5583,277888,-4.0,0.0,0.0,0,,,0.0,0,
5584,277952,-5.0,0.0,0.0,0,,,0.0,0,
5585,278016,-4.0,0.0,0.0,0,,,0.0,0,
5586,278080,-4.0,0.0,0.0,0,,,0.0,0,
5587,278080,-5.0,0.0,0.0,0,,,0.0,0,
5588,278080,-4.0,0.0,0.0,0,,,0.0,0,
5589,278144,-5.0,0.0,0.0,0,,,0.0,0,
5590,278144,-5.0,0.0,0.0,0,,,0.0,0,
5591,278144,-5.0,0.0,0.0,0,,,0.0,0,
5592,278208,-5.0,0.0,0.0,0,,,0.0,0,
5593,278400,-5.0,0.0,0.0,0,,,0.0,0,
5594,278464,-4.0,0.0,0.0,0,,,0.0,0,
5595,278464,-4.0,0.0,0.0,0,,,0.0,0,
5596,278528,-5.0,0.0,0.0,0,,,0.0,0,
5597,278592,-5.0,0.0,0.0,0,,,0.0,0,
5598,278656,-4.0,0.0,0.0,0,,,0.0,0,
5599,278720,-5.0,0.0,0.0,0,,,0.0,0,
5600,278848,-5.0,0.0,0.0,0,,,0.0,0,
5601,278848,-5.0,0.0,0.0,0,,,0.0,0,
5602,278848,-5.0,0.0,0.0,0,,,0.0,0,
5603,278912,-5.0,0.0,0.0,0,,,0.0,0,
5604,278912,-5.0,0.0,0.0,0,,,0.0,0,
5605,279104,-4.0,0.0,0.0,0,,,0.0,0,
5606,279168,-4.0,0.0,0.0,0,,,0.0,0,
5607,279168,-5.0,0.0,0.0,0,,,0.0,0,
5608,279424,-4.0,0.0,0.0,0,,,0.0,0,
5609,279424,-4.0,0.0,0.0,0,,,0.0,0,
5610,279424,-5.0,0.0,0.0,0,,,0.0,0,
5611,279488,-4.0,0.0,0.0,0,,,0.0,0,
5612,279488,-5.0,0.0,0.0,0,,,0.0,0,
5613,279488,-5.0,0.0,0.0,0,,,0.0,0,
5614,279552,-5.0,0.0,0.0,0,,,0.0,0,
5615,279616,-5.0,0.0,0.0,0,,,0.0,0,
5616,279616,-5.0,0.0,0.0,0,,,0.0,0,
5617,279680,-5.0,0.0,0.0,0,,,0.0,0,
5618,279680,-4.0,0.0,0.0,0,,,0.0,0,
5619,279680,-5.0,0.0,0.0,0,,,0.0,0,
5620,279744,-4.0,0.0,0.0,0,,,0.0,0,
5621,279744,-5.0,0.0,0.0,0,,,0.0,0,
5622,279744,8.7,1.0,0.0,0,,,0.0,0,
5623,279808,-4.0,0.0,0.0,0,,,0.0,0,
5624,279872,-5.0,0.0,0.0,0,,,0.0,0,
5625,279872,-4.0,0.0,0.0,0,,,0.0,0,
5626,279872,-5.0,0.0,0.0,0,,,0.0,0,
5627,279936,-5.0,0.0,0.0,0,,,0.0,0,
5628,279936,-5.0,0.0,0.0,0,,,0.0,0,
5629,280000,-5.0,0.0,0.0,0,,,0.0,0,
5630,280064,-5.0,0.0,0.0,0,,,0.0,0,
5631,280064,-4.0,0.0,0.0,0,,,0.0,0,
5632,280064,-5.0,0.0,0.0,0,,,0.0,0,
5633,280256,-5.0,0.0,0.0,0,,,0.0,0,
5634,280256,-5.0,0.0,0.0,0,,,0.0,0,
5635,280320,10.7,1.0,0.0,0,,,0.0,0,
5636,280576,-5.0,0.0,0.0,0,,,0.0,0,
5637,280704,-5.0,0.0,0.0,0,,,0.0,0,
5638,280768,8.9,1.0,0.0,0,,,0.0,0,
5639,280832,-5.0,0.0,0.0,0,,,0.0,0,
5640,280832,-5.0,0.0,0.0,0,,,0.0,0,
5641,280832,-5.0,0.0,0.0,0,,,0.0,0,
5642,280832,-4.0,0.0,0.0,0,,,0.0,0,
5643,280832,-5.0,0.0,0.0,0,,,0.0,0,
5644,280896,-5.0,0.0,0.0,0,,,0.0,0,
5645,281024,-5.0,0.0,0.0,0,,,0.0,0,
5646,281024,-4.0,0.0,0.0,0,,,0.0,0,
5647,281088,-5.0,0.0,0.0,0,,,0.0,0,
5648,281152,-4.0,0.0,0.0,0,,,0.0,0,
5649,281152,-5.0,0.0,0.0,0,,,0.0,0,
5650,281216,-5.0,0.0,0.0,0,,,0.0,0,
5651,281216,11.8,1.0,0.0,0,,,0.0,0,
5652,281280,-5.0,0.0,0.0,0,,,0.0,0,
5653,281344,-5.0,0.0,0.0,0,,,0.0,0,
5654,281344,-4.0,0.0,0.0,0,,,0.0,0,
5655,281344,-4.0,0.0,0.0,0,,,0.0,0,
5656,281408,-4.0,0.0,0.0,0,,,0.0,0,
5657,281408,-5.0,0.0,0.0,0,,,0.0,0,
5658,281408,-4.0,0.0,0.0,0,,,0.0,0,
5659,281472,-4.0,0.0,0.0,0,,,0.0,0,
5660,281664,-5.0,0.0,0.0,0,,,0.0,0,
5661,281728,-5.0,0.0,0.0,0,,,0.0,0,
5662,281728,-4.0,0.0,0.0,0,,,0.0,0,
5663,281792,-4.0,0.0,0.0,0,,,0.0,0,
5664,281856,-5.0,0.0,0.0,0,,,0.0,0,
5665,281920,-5.0,0.0,0.0,0,,,0.0,0,
5666,281984,11.1,1.0,0.0,0,,,0.0,0,
5667,282112,-5.0,0.0,0.0,0,,,0.0,0,
5668,282112,-5.0,0.0,0.0,0,,,0.0,0,
5669,282112,-4.0,0.0,0.0,0,,,0.0,0,
5670,282176,-5.0,0.0,0.0,0,,,0.0,0,
5671,282176,-5.0,0.0,0.0,0,,,0.0,0,
5672,282368,-4.0,0.0,0.0,0,,,0.0,0,
5673,282432,-5.0,0.0,0.0,0,,,0.0,0,
5674,282432,-5.0,0.0,0.0,0,,,0.0,0,
5675,282496,11.5,1.0,0.0,0,,,0.0,0,
5676,282496,11.5,1.0,0.0,0,,,0.0,0,
5677,282688,-5.0,0.0,0.0,0,,,0.0,0,
5678,282688,-4.0,0.0,0.0,0,,,0.0,0,
5679,282752,-5.0,0.0,0.0,0,,,0.0,0,
5680,282752,-5.0,0.0,0.0,0,,,0.0,0,
5681,282752,-5.0,0.0,0.0,0,,,0.0,0,
5682,282816,9.0,1.0,0.0,0,,,0.0,0,
5683,282816,-5.0,0.0,0.0,0,,,0.0,0,
5684,282880,-5.0,0.0,0.0,0,,,0.0,0,
5685,282880,-5.0,0.0,0.0,0,,,0.0,0,
5686,282944,-5.0,0.0,0.0,0,,,0.0,0,
5687,282944,-4.0,0.0,0.0,0,,,0.0,0,
5688,282944,-4.0,0.0,0.0,0,,,0.0,0,
5689,283008,-5.0,0.0,0.0,0,,,0.0,0,
5690,283008,-4.0,0.0,0.0,0,,,0.0,0,
5691,283008,-5.0,0.0,0.0,0,,,0.0,0,
5692,283072,-5.0,0.0,0.0,0,,,0.0,0,
5693,283136,-4.0,0.0,0.0,0,,,0.0,0,
5694,283136,-5.0,0.0,0.0,0,,,0.0,0,
5695,283136,-5.0,0.0,0.0,0,,,0.0,0,
5696,283200,-5.0,0.0,0.0,0,,,0.0,0,
5697,283200,-5.0,0.0,0.0,0,,,0.0,0,
5698,283264,-5.0,0.0,0.0,0,,,0.0,0,
5699,283328,-4.0,0.0,0.0,0,,,0.0,0,
5700,283328,-4.0,0.0,0.0,0,,,0.0,0,
5701,283328,-5.0,0.0,0.0,0,,,0.0,0,
5702,283520,-5.0,0.0,0.0,0,,,0.0,0,
5703,283520,-4.0,0.0,0.0,0,,,0.0,0,
5704,283584,-4.0,0.0,0.0,0,,,0.0,0,
5705,283840,-5.0,0.0,0.0,0,,,0.0,0,
5706,283968,-4.0,0.0,0.0,0,,,0.0,0,
5707,284032,11.0,1.0,0.0,0,,,0.0,0,
5708,284032,-4.0,0.0,0.0,0,,,0.0,0,
5709,284096,-5.0,0.0,0.0,0,,,0.0,0,
5710,284096,-5.0,0.0,0.0,0,,,0.0,0,
5711,284096,-4.0,0.0,0.0,0,,,0.0,0,
5712,284096,-5.0,0.0,0.0,0,,,0.0,0,
5713,284160,-5.0,0.0,0.0,0,,,0.0,0,
5714,284288,-5.0,0.0,0.0,0,,,0.0,0,
5715,284352,-5.0,0.0,0.0,0,,,0.0,0,
5716,284416,-5.0,0.0,0.0,0,,,0.0,0,
5717,284416,-5.0,0.0,0.0,0,,,0.0,0,
5718,284480,-5.0,0.0,0.0,0,,,0.0,0,
5719,284480,9.3,1.0,0.0,0,,,0.0,0,
5720,284480,-5.0,0.0,0.0,0,,,0.0,0,
5721,284544,-5.0,0.0,0.0,0,,,0.0,0,
5722,284608,-5.0,0.0,0.0,0,,,0.0,0,
5723,284608,-5.0,0.0,0.0,0,,,0.0,0,
5724,284672,-5.0,0.0,0.0,0,,,0.0,0,
5725,284672,-5.0,0.0,0.0,0,,,0.0,0,
5726,284672,-4.0,0.0,0.0,0,,,0.0,0,
5727,284736,-5.0,0.0,0.0,0,,,0.0,0,
5728,284928,-5.0,0.0,0.0,0,,,0.0,0,
5729,284992,-4.0,0.0,0.0,0,,,0.0,0,
5730,284992,8.1,1.0,0.0,0,,,0.0,0,
5731,284992,-5.0,0.0,0.0,0,,,0.0,0,
5732,285056,-5.0,0.0,0.0,0,,,0.0,0,
5733,285120,-5.0,0.0,0.0,0,,,0.0,0,
5734,285184,-4.0,0.0,0.0,0,,,0.0,0,
5735,285248,-4.0,0.0,0.0,0,,,0.0,0,
5736,285376,-5.0,0.0,0.0,0,,,0.0,0,
5737,285440,-5.0,0.0,0.0,0,,,0.0,0,
5738,285440,-5.0,0.0,0.0,0,,,0.0,0,
5739,285568,11.6,1.0,0.0,0,,,0.0,0,
5740,285632,-5.0,0.0,0.0,0,,,0.0,0,
5741,285696,-5.0,0.0,0.0,0,,,0.0,0,
5742,285760,-5.0,0.0,0.0,0,,,0.0,0,
5743,285760,-5.0,0.0,0.0,0,,,0.0,0,
5744,285952,-5.0,0.0,0.0,0,,,0.0,0,
5745,286016,-5.0,0.0,0.0,0,,,0.0,0,
5746,286016,-4.0,0.0,0.0,0,,,0.0,0,
5747,286016,-4.0,0.0,0.0,0,,,0.0,0,
5748,286080,-5.0,0.0,0.0,0,,,0.0,0,
5749,286080,-5.0,0.0,0.0,0,,,0.0,0,
5750,286144,-5.0,0.0,0.0,0,,,0.0,0,
5751,286144,-5.0,0.0,0.0,0,,,0.0,0,
5752,286208,-5.0,0.0,0.0,0,,,0.0,0,
5753,286208,-5.0,0.0,0.0,0,,,0.0,0,
5754,286208,-4.0,0.0,0.0,0,,,0.0,0,
5755,286272,11.7,1.0,0.0,0,,,0.0,0,
5756,286272,-5.0,0.0,0.0,0,,,0.0,0,
5757,286272,-5.0,0.0,0.0,0,,,0.0,0,
5758,286272,-4.0,0.0,0.0,0,,,0.0,0,
5759,286336,-4.0,0.0,0.0,0,,,0.0,0,
5760,286400,-5.0,0.0,0.0,0,,,0.0,0,
5761,286400,-4.0,0.0,0.0,0,,,0.0,0,
5762,286400,-5.0,0.0,0.0,0,,,0.0,0,
5763,286464,-4.0,0.0,0.0,0,,,0.0,0,
5764,286464,-5.0,0.0,0.0,0,,,0.0,0,
5765,286528,-5.0,0.0,0.0,0,,,0.0,0,
5766,286592,-5.0,0.0,0.0,0,,,0.0,0,
5767,286592,-4.0,0.0,0.0,0,,,0.0,0,
5768,286784,-4.0,0.0,0.0,0,,,0.0,0,
5769,286784,-5.0,0.0,0.0,0,,,0.0,0,
5770,286848,-5.0,0.0,0.0,0,,,0.0,0,
5771,287104,8.3,1.0,0.0,0,,,0.0,0,
5772,287104,-4.0,0.0,0.0,0,,,0.0,0,
5773,287232,-5.0,0.0,0.0,0,,,0.0,0,
5774,287232,7.8,1.0,0.0,0,,,0.0,0,
5775,287296,-5.0,0.0,0.0,0,,,0.0,0,
5776,287296,-5.0,0.0,0.0,0,,,0.0,0,
5777,287360,-4.0,0.0,0.0,0,,,0.0,0,
5778,287360,-5.0,0.0,0.0,0,,,0.0,0,
5779,287360,-4.0,0.0,0.0,0,,,0.0,0,
5780,287360,-5.0,0.0,0.0,0,,,0.0,0,
5781,287424,-5.0,0.0,0.0,0,,,0.0,0,
5782,287424,10.8,1.0,0.0,0,,,0.0,0,
5783,287552,-4.0,0.0,0.0,0,,,0.0,0,
5784,287616,10.2,1.0,0.0,0,,,0.0,0,
5785,287616,-5.0,0.0,0.0,0,,,0.0,0,
5786,287680,-5.0,0.0,0.0,0,,,0.0,0,
5787,287680,-5.0,0.0,0.0,0,,,0.0,0,
5788,287744,-5.0,0.0,0.0,0,,,0.0,0,
5789,287744,-5.0,0.0,0.0,0,,,0.0,0,
5790,287808,-5.0,0.0,0.0,0,,,0.0,0,
5791,287872,-4.0,0.0,0.0,0,,,0.0,0,
5792,287872,-5.0,0.0,0.0,0,,,0.0,0,
5793,287936,-4.0,0.0,0.0,0,,,0.0,0,
5794,287936,-5.0,0.0,0.0,0,,,0.0,0,
5795,288000,-5.0,0.0,0.0,0,,,0.0,0,
5796,288192,-5.0,0.0,0.0,0,,,0.0,0,
5797,288256,-5.0,0.0,0.0,0,,,0.0,0,
5798,288256,-4.0,0.0,0.0,0,,,0.0,0,
5799,288256,-5.0,0.0,0.0,0,,,0.0,0,
5800,288320,-5.0,0.0,0.0,0,,,0.0,0,
5801,288384,-5.0,0.0,0.0,0,,,0.0,0,
5802,288448,-4.0,0.0,0.0,0,,,0.0,0,
5803,288576,8.4,1.0,0.0,0,,,0.0,0,
5804,288640,-5.0,0.0,0.0,0,,,0.0,0,
5805,288704,-5.0,0.0,0.0,0,,,0.0,0,
5806,288704,-5.0,0.0,0.0,0,,,0.0,0,
5807,288832,-4.0,0.0,0.0,0,,,0.0,0,
5808,288896,-5.0,0.0,0.0,0,,,0.0,0,
5809,288960,-5.0,0.0,0.0,0,,,0.0,0,
5810,289024,-4.0,0.0,0.0,0,,,0.0,0,
5811,289024,-4.0,0.0,0.0,0,,,0.0,0,
5812,289216,-5.0,0.0,0.0,0,,,0.0,0,
5813,289280,-4.0,0.0,0.0,0,,,0.0,0,
5814,289280,-5.0,0.0,0.0,0,,,0.0,0,
5815,289344,-4.0,0.0,0.0,0,,,0.0,0,
5816,289344,-4.0,0.0,0.0,0,,,0.0,0,
5817,289408,-5.0,0.0,0.0,0,,,0.0,0,
5818,289408,-4.0,0.0,0.0,0,,,0.0,0,
5819,289472,-5.0,0.0,0.0,0,,,0.0,0,
5820,289472,-5.0,0.0,0.0,0,,,0.0,0,
5821,289536,-5.0,0.0,0.0,0,,,0.0,0,
5822,289536,-5.0,0.0,0.0,0,,,0.0,0,
5823,289536,-5.0,0.0,0.0,0,,,0.0,0,
5824,289536,-5.0,0.0,0.0,0,,,0.0,0,
5825,289600,-5.0,0.0,0.0,0,,,0.0,0,
5826,289664,-5.0,0.0,0.0,0,,,0.0,0,
5827,289664,-5.0,0.0,0.0,0,,,0.0,0,
5828,289728,-5.0,0.0,0.0,0,,,0.0,0,
5829,289728,-5.0,0.0,0.0,0,,,0.0,0,
5830,289792,-5.0,0.0,0.0,0,,,0.0,0,
5831,289856,-5.0,0.0,0.0,0,,,0.0,0,
5832,290048,-5.0,0.0,0.0,0,,,0.0,0,
5833,290048,-5.0,0.0,0.0,0,,,0.0,0,
5834,290112,-4.0,0.0,0.0,0,,,0.0,0,
5835,290368,11.1,1.0,0.0,0,,,0.0,0,
5836,290368,-5.0,0.0,0.0,0,,,0.0,0,
5837,290368,-5.0,0.0,0.0,0,,,0.0,0,
5838,290496,-5.0,0.0,0.0,0,,,0.0,0,
5839,290496,-5.0,0.0,0.0,0,,,0.0,0,
5840,290560,-5.0,0.0,0.0,0,,,0.0,0,
5841,290560,-4.0,0.0,0.0,0,,,0.0,0,
5842,290624,-5.0,0.0,0.0,0,,,0.0,0,
5843,290624,-5.0,0.0,0.0,0,,,0.0,0,
5844,290624,-5.0,0.0,0.0,0,,,0.0,0,
5845,290624,-4.0,0.0,0.0,0,,,0.0,0,
5846,290688,-5.0,0.0,0.0,0,,,0.0,0,
5847,290688,-5.0,0.0,0.0,0,,,0.0,0,
5848,290816,-5.0,0.0,0.0,0,,,0.0,0,
5849,290880,-5.0,0.0,0.0,0,,,0.0,0,
5850,290880,-4.0,0.0,0.0,0,,,0.0,0,
5851,290944,-5.0,0.0,0.0,0,,,0.0,0,
5852,290944,-5.0,0.0,0.0,0,,,0.0,0,
5853,291008,-5.0,0.0,0.0,0,,,0.0,0,
5854,291008,-4.0,0.0,0.0,0,,,0.0,0,
5855,291072,-5.0,0.0,0.0,0,,,0.0,0,
5856,291136,-5.0,0.0,0.0,0,,,0.0,0,
5857,291136,-5.0,0.0,0.0,0,,,0.0,0,
5858,291200,-5.0,0.0,0.0,0,,,0.0,0,
5859,291200,-5.0,0.0,0.0,0,,,0.0,0,
5860,291264,-5.0,0.0,0.0,0,,,0.0,0,
5861,291456,-5.0,0.0,0.0,0,,,0.0,0,
5862,291520,-5.0,0.0,0.0,0,,,0.0,0,
5863,291520,-5.0,0.0,0.0,0,,,0.0,0,
5864,291520,-4.0,0.0,0.0,0,,,0.0,0,
5865,291584,-5.0,0.0,0.0,0,,,0.0,0,
5866,291648,-4.0,0.0,0.0,0,,,0.0,0,
5867,291712,-5.0,0.0,0.0,0,,,0.0,0,
5868,291840,-4.0,0.0,0.0,0,,,0.0,0,
5869,291904,-4.0,0.0,0.0,0,,,0.0,0,
5870,291968,10.0,1.0,0.0,0,,,0.0,0,
5871,291968,-5.0,0.0,0.0,0,,,0.0,0,
5872,291968,-5.0,0.0,0.0,0,,,0.0,0,
5873,292096,-5.0,0.0,0.0,0,,,0.0,0,
5874,292160,-5.0,0.0,0.0,0,,,0.0,0,
5875,292224,-4.0,0.0,0.0,0,,,0.0,0,
5876,292288,-5.0,0.0,0.0,0,,,0.0,0,
5877,292288,-5.0,0.0,0.0,0,,,0.0,0,
5878,292480,-5.0,0.0,0.0,0,,,0.0,0,
5879,292544,9.5,1.0,0.0,0,,,0.0,0,
5880,292544,-4.0,0.0,0.0,0,,,0.0,0,
5881,292544,-5.0,0.0,0.0,0,,,0.0,0,
5882,292608,-5.0,0.0,0.0,0,,,0.0,0,
5883,292608,-4.0,0.0,0.0,0,,,0.0,0,
5884,292672,-5.0,0.0,0.0,0,,,0.0,0,
5885,292672,-5.0,0.0,0.0,0,,,0.0,0,
5886,292736,-4.0,0.0,0.0,0,,,0.0,0,
5887,292736,-5.0,0.0,0.0,0,,,0.0,0,
5888,292800,-4.0,0.0,0.0,0,,,0.0,0,
5889,292800,-4.0,0.0,0.0,0,,,0.0,0,
5890,292800,-5.0,0.0,0.0,0,,,0.0,0,
5891,292800,-5.0,0.0,0.0,0,,,0.0,0,
5892,292864,-5.0,0.0,0.0,0,,,0.0,0,
5893,292928,-5.0,0.0,0.0,0,,,0.0,0,
5894,292928,-5.0,0.0,0.0,0,,,0.0,0,
5895,292992,-5.0,0.0,0.0,0,,,0.0,0,
5896,293056,-4.0,0.0,0.0,0,,,0.0,0,
5897,293120,-5.0,0.0,0.0,0,,,0.0,0,
5898,293312,-5.0,0.0,0.0,0,,,0.0,0,
5899,293312,-5.0,0.0,0.0,0,,,0.0,0,
5900,293376,-5.0,0.0,0.0,0,,,0.0,0,
5901,293504,11.2,1.0,0.0,0,,,0.0,0,
5902,293632,-5.0,0.0,0.0,0,,,0.0,0,
5903,293632,-5.0,0.0,0.0,0,,,0.0,0,
5904,293632,-4.0,0.0,0.0,0,,,0.0,0,
5905,293760,-5.0,0.0,0.0,0,,,0.0,0,
5906,293760,-5.0,0.0,0.0,0,,,0.0,0,
5907,293824,-5.0,0.0,0.0,0,,,0.0,0,
5908,293824,-5.0,0.0,0.0,0,,,0.0,0,
5909,293888,-5.0,0.0,0.0,0,,,0.0,0,
5910,293888,-5.0,0.0,0.0,0,,,0.0,0,
5911,293888,-5.0,0.0,0.0,0,,,0.0,0,
5912,293952,-5.0,0.0,0.0,0,,,0.0,0,
5913,293952,-4.0,0.0,0.0,0,,,0.0,0,
5914,294080,-4.0,0.0,0.0,0,,,0.0,0,
5915,294144,-5.0,0.0,0.0,0,,,0.0,0,
5916,294208,-5.0,0.0,0.0,0,,,0.0,0,
5917,294208,-4.0,0.0,0.0,0,,,0.0,0,
5918,294272,-4.0,0.0,0.0,0,,,0.0,0,
5919,294272,-5.0,0.0,0.0,0,,,0.0,0,
5920,294336,-4.0,0.0,0.0,0,,,0.0,0,
5921,294400,-5.0,0.0,0.0,0,,,0.0,0,
5922,294400,-5.0,0.0,0.0,0,,,0.0,0,
5923,294464,-5.0,0.0,0.0,0,,,0.0,0,
5924,294464,-5.0,0.0,0.0,0,,,0.0,0,
5925,294528,-4.0,0.0,0.0,0,,,0.0,0,
5926,294528,10.9,1.0,0.0,0,,,0.0,0,
5927,294720,-5.0,0.0,0.0,0,,,0.0,0,
5928,294784,-4.0,0.0,0.0,0,,,0.0,0,
5929,294784,-5.0,0.0,0.0,0,,,0.0,0,
5930,294784,-5.0,0.0,0.0,0,,,0.0,0,
5931,294848,-4.0,0.0,0.0,0,,,0.0,0,
5932,294912,-5.0,0.0,0.0,0,,,0.0,0,
5933,294976,-4.0,0.0,0.0,0,,,0.0,0,
5934,295104,-4.0,0.0,0.0,0,,,0.0,0,
5935,295168,-5.0,0.0,0.0,0,,,0.0,0,
5936,295232,-5.0,0.0,0.0,0,,,0.0,0,
5937,295232,-5.0,0.0,0.0,0,,,0.0,0,
5938,295232,-4.0,0.0,0.0,0,,,0.0,0,
5939,295360,-5.0,0.0,0.0,0,,,0.0,0,
5940,295424,-4.0,0.0,0.0,0,,,0.0,0,
5941,295488,-5.0,0.0,0.0,0,,,0.0,0,
5942,295552,-4.0,0.0,0.0,0,,,0.0,0,
5943,295552,-4.0,0.0,0.0,0,,,0.0,0,
5944,295744,-5.0,0.0,0.0,0,,,0.0,0,
5945,295808,-5.0,0.0,0.0,0,,,0.0,0,
5946,295808,-4.0,0.0,0.0,0,,,0.0,0,
5947,295808,-5.0,0.0,0.0,0,,,0.0,0,
5948,295872,-4.0,0.0,0.0,0,,,0.0,0,
5949,295872,-4.0,0.0,0.0,0,,,0.0,0,
5950,295936,-4.0,0.0,0.0,0,,,0.0,0,
5951,295936,-5.0,0.0,0.0,0,,,0.0,0,
5952,296000,-4.0,0.0,0.0,0,,,0.0,0,
5953,296000,-5.0,0.0,0.0,0,,,0.0,0,
5954,296064,-5.0,0.0,0.0,0,,,0.0,0,
5955,296064,-4.0,0.0,0.0,0,,,0.0,0,
5956,296064,-4.0,0.0,0.0,0,,,0.0,0,
5957,296064,-4.0,0.0,0.0,0,,,0.0,0,
5958,296128,-4.0,0.0,0.0,0,,,0.0,0,
5959,296192,-5.0,0.0,0.0,0,,,0.0,0,
5960,296256,-4.0,0.0,0.0,0,,,0.0,0,
5961,296320,-4.0,0.0,0.0,0,,,0.0,0,
5962,296384,-5.0,0.0,0.0,0,,,0.0,0,
5963,296576,-5.0,0.0,0.0,0,,,0.0,0,
5964,296576,-5.0,0.0,0.0,0,,,0.0,0,
5965,296640,-5.0,0.0,0.0,0,,,0.0,0,
5966,296768,-5.0,0.0,0.0,0,,,0.0,0,
5967,296896,-5.0,0.0,0.0,0,,,0.0,0,
5968,296896,-5.0,0.0,0.0,0,,,0.0,0,
5969,296896,-4.0,0.0,0.0,0,,,0.0,0,
5970,297024,-5.0,0.0,0.0,0,,,0.0,0,
5971,297088,-5.0,0.0,0.0,0,,,0.0,0,
5972,297088,-5.0,0.0,0.0,0,,,0.0,0,
5973,297152,-5.0,0.0,0.0,0,,,0.0,0,
5974,297152,-4.0,0.0,0.0,0,,,0.0,0,
5975,297152,-5.0,0.0,0.0,0,,,0.0,0,
5976,297216,-4.0,0.0,0.0,0,,,0.0,0,
5977,297216,-4.0,0.0,0.0,0,,,0.0,0,
5978,297344,-4.0,0.0,0.0,0,,,0.0,0,
5979,297408,-5.0,0.0,0.0,0,,,0.0,0,
5980,297472,-4.0,0.0,0.0,0,,,0.0,0,
5981,297472,-5.0,0.0,0.0,0,,,0.0,0,
5982,297536,-5.0,0.0,0.0,0,,,0.0,0,
5983,297536,-5.0,0.0,0.0,0,,,0.0,0,
5984,297600,-5.0,0.0,0.0,0,,,0.0,0,
5985,297664,-5.0,0.0,0.0,0,,,0.0,0,
5986,297664,-5.0,0.0,0.0,0,,,0.0,0,
5987,297728,-5.0,0.0,0.0,0,,,0.0,0,
5988,297728,-5.0,0.0,0.0,0,,,0.0,0,
5989,297792,-4.0,0.0,0.0,0,,,0.0,0,
5990,297792,9.1,1.0,0.0,0,,,0.0,0,
5991,297792,-5.0,0.0,0.0,0,,,0.0,0,
5992,297984,-5.0,0.0,0.0,0,,,0.0,0,
5993,298048,-5.0,0.0,0.0,0,,,0.0,0,
5994,298048,-5.0,0.0,0.0,0,,,0.0,0,
5995,298048,-5.0,0.0,0.0,0,,,0.0,0,
5996,298112,-5.0,0.0,0.0,0,,,0.0,0,
5997,298176,-4.0,0.0,0.0,0,,,0.0,0,
5998,298240,-5.0,0.0,0.0,0,,,0.0,0,
5999,298368,-5.0,0.0,0.0,0,,,0.0,0,
6000,298432,-5.0,0.0,0.0,0,,,0.0,0,
6001,298496,-5.0,0.0,0.0,0,,,0.0,0,
6002,298496,-4.0,0.0,0.0,0,,,0.0,0,
6003,298496,-5.0,0.0,0.0,0,,,0.0,0,
6004,298624,-4.0,0.0,0.0,0,,,0.0,0,
6005,298688,10.7,1.0,0.0,0,,,0.0,0,
6006,298688,-5.0,0.0,0.0,0,,,0.0,0,
6007,298752,-5.0,0.0,0.0,0,,,0.0,0,
6008,298816,10.2,1.0,0.0,0,,,0.0,0,
6009,298816,-4.0,0.0,0.0,0,,,0.0,0,
6010,298816,-5.0,0.0,0.0,0,,,0.0,0,
6011,299008,-4.0,0.0,0.0,0,,,0.0,0,
6012,299072,-5.0,0.0,0.0,0,,,0.0,0,
6013,299072,-5.0,0.0,0.0,0,,,0.0,0,
6014,299072,-4.0,0.0,0.0,0,,,0.0,0,
6015,299136,-5.0,0.0,0.0,0,,,0.0,0,
6016,299200,11.8,1.0,0.0,0,,,0.0,0,
6017,299200,-5.0,0.0,0.0,0,,,0.0,0,
6018,299200,-4.0,0.0,0.0,0,,,0.0,0,
6019,299264,-4.0,0.0,0.0,0,,,0.0,0,
6020,299264,-5.0,0.0,0.0,0,,,0.0,0,
6021,299328,-5.0,0.0,0.0,0,,,0.0,0,
6022,299328,-5.0,0.0,0.0,0,,,0.0,0,
6023,299328,-5.0,0.0,0.0,0,,,0.0,0,
6024,299328,-5.0,0.0,0.0,0,,,0.0,0,
6025,299392,7.7,1.0,0.0,0,,,0.0,0,
6026,299392,-5.0,0.0,0.0,0,,,0.0,0,
6027,299456,-5.0,0.0,0.0,0,,,0.0,0,
6028,299520,-4.0,0.0,0.0,0,,,0.0,0,
6029,299584,-4.0,0.0,0.0,0,,,0.0,0,
6030,299648,-5.0,0.0,0.0,0,,,0.0,0,
6031,299840,-5.0,0.0,0.0,0,,,0.0,0,
6032,299904,-5.0,0.0,0.0,0,,,0.0,0,
6033,300032,-4.0,0.0,0.0,0,,,0.0,0,
6034,300096,9.6,1.0,0.0,0,,,0.0,0,
6035,300160,-5.0,0.0,0.0,0,,,0.0,0,
6036,300160,-5.0,0.0,0.0,0,,,0.0,0,
6037,300160,-5.0,0.0,0.0,0,,,0.0,0,
6038,300288,-5.0,0.0,0.0,0,,,0.0,0,
6039,300352,-5.0,0.0,0.0,0,,,0.0,0,
6040,300352,-5.0,0.0,0.0,0,,,0.0,0,
6041,300416,-5.0,0.0,0.0,0,,,0.0,0,
6042,300416,-5.0,0.0,0.0,0,,,0.0,0,
6043,300416,-5.0,0.0,0.0,0,,,0.0,0,
6044,300480,-5.0,0.0,0.0,0,,,0.0,0,
6045,300480,-5.0,0.0,0.0,0,,,0.0,0,
6046,300608,-5.0,0.0,0.0,0,,,0.0,0,
6047,300672,-4.0,0.0,0.0,0,,,0.0,0,
6048,300736,-5.0,0.0,0.0,0,,,0.0,0,
6049,300736,-5.0,0.0,0.0,0,,,0.0,0,
6050,300800,-5.0,0.0,0.0,0,,,0.0,0,
6051,300800,-5.0,0.0,0.0,0,,,0.0,0,
6052,300928,-5.0,0.0,0.0,0,,,0.0,0,
6053,300928,-4.0,0.0,0.0,0,,,0.0,0,
6054,300992,-5.0,0.0,0.0,0,,,0.0,0,
6055,300992,-5.0,0.0,0.0,0,,,0.0,0,
6056,301056,-4.0,0.0,0.0,0,,,0.0,0,
6057,301056,-5.0,0.0,0.0,0,,,0.0,0,
6058,301248,-5.0,0.0,0.0,0,,,0.0,0,
6059,301312,-4.0,0.0,0.0,0,,,0.0,0,
6060,301312,-4.0,0.0,0.0,0,,,0.0,0,
6061,301312,-5.0,0.0,0.0,0,,,0.0,0,
6062,301376,-5.0,0.0,0.0,0,,,0.0,0,
6063,301440,-4.0,0.0,0.0,0,,,0.0,0,
6064,301504,-5.0,0.0,0.0,0,,,0.0,0,
6065,301632,-5.0,0.0,0.0,0,,,0.0,0,
6066,301696,-5.0,0.0,0.0,0,,,0.0,0,
6067,301760,-5.0,0.0,0.0,0,,,0.0,0,
6068,301760,-4.0,0.0,0.0,0,,,0.0,0,
6069,301888,-5.0,0.0,0.0,0,,,0.0,0,
6070,301952,-5.0,0.0,0.0,0,,,0.0,0,
6071,301952,-5.0,0.0,0.0,0,,,0.0,0,
6072,302016,-5.0,0.0,0.0,0,,,0.0,0,
6073,302080,-5.0,0.0,0.0,0,,,0.0,0,
6074,302080,-5.0,0.0,0.0,0,,,0.0,0,
6075,302080,-4.0,0.0,0.0,0,,,0.0,0,
6076,302336,-5.0,0.0,0.0,0,,,0.0,0,
6077,302336,-5.0,0.0,0.0,0,,,0.0,0,
6078,302336,-5.0,0.0,0.0,0,,,0.0,0,
6079,302400,10.3,1.0,0.0,0,,,0.0,0,
6080,302400,-5.0,0.0,0.0,0,,,0.0,0,
6081,302464,-5.0,0.0,0.0,0,,,0.0,0,
6082,302464,-4.0,0.0,0.0,0,,,0.0,0,
6083,302464,-4.0,0.0,0.0,0,,,0.0,0,
6084,302528,-4.0,0.0,0.0,0,,,0.0,0,
6085,302528,-5.0,0.0,0.0,0,,,0.0,0,
6086,302592,-4.0,0.0,0.0,0,,,0.0,0,
6087,302592,-4.0,0.0,0.0,0,,,0.0,0,
6088,302592,-4.0,0.0,0.0,0,,,0.0,0,
6089,302592,-5.0,0.0,0.0,0,,,0.0,0,
6090,302656,-5.0,0.0,0.0,0,,,0.0,0,
6091,302656,-5.0,0.0,0.0,0,,,0.0,0,
6092,302720,-5.0,0.0,0.0,0,,,0.0,0,
6093,302784,-5.0,0.0,0.0,0,,,0.0,0,
6094,302848,-4.0,0.0,0.0,0,,,0.0,0,
6095,302912,-5.0,0.0,0.0,0,,,0.0,0,
6096,303104,-4.0,0.0,0.0,0,,,0.0,0,
6097,303168,7.6,1.0,0.0,0,,,0.0,0,
6098,303168,-4.0,0.0,0.0,0,,,0.0,0,
6099,303296,-4.0,0.0,0.0,0,,,0.0,0,
6100,303360,-5.0,0.0,0.0,0,,,0.0,0,
6101,303424,-4.0,0.0,0.0,0,,,0.0,0,
6102,303424,-5.0,0.0,0.0,0,,,0.0,0,
6103,303424,-4.0,0.0,0.0,0,,,0.0,0,
6104,303616,-5.0,0.0,0.0,0,,,0.0,0,
6105,303616,-5.0,0.0,0.0,0,,,0.0,0,
6106,303680,-5.0,0.0,0.0,0,,,0.0,0,
6107,303680,-5.0,0.0,0.0,0,,,0.0,0,
6108,303680,-5.0,0.0,0.0,0,,,0.0,0,
6109,303744,-4.0,0.0,0.0,0,,,0.0,0,
6110,303744,-4.0,0.0,0.0,0,,,0.0,0,
6111,303872,-5.0,0.0,0.0,0,,,0.0,0,
6112,303936,-5.0,0.0,0.0,0,,,0.0,0,
6113,304000,-5.0,0.0,0.0,0,,,0.0,0,
6114,304000,-5.0,0.0,0.0,0,,,0.0,0,
6115,304064,-4.0,0.0,0.0,0,,,0.0,0,
6116,304064,-5.0,0.0,0.0,0,,,0.0,0,
6117,304192,-5.0,0.0,0.0,0,,,0.0,0,
6118,304192,-5.0,0.0,0.0,0,,,0.0,0,
6119,304256,-5.0,0.0,0.0,0,,,0.0,0,
6120,304256,-5.0,0.0,0.0,0,,,0.0,0,
6121,304320,-5.0,0.0,0.0,0,,,0.0,0,
6122,304320,-5.0,0.0,0.0,0,,,0.0,0,
6123,304448,11.7,1.0,0.0,0,,,0.0,0,
6124,304576,-5.0,0.0,0.0,0,,,0.0,0,
6125,304576,-5.0,0.0,0.0,0,,,0.0,0,
6126,304576,-4.0,0.0,0.0,0,,,0.0,0,
6127,304640,-5.0,0.0,0.0,0,,,0.0,0,
6128,304704,-5.0,0.0,0.0,0,,,0.0,0,
6129,304768,-5.0,0.0,0.0,0,,,0.0,0,
6130,304896,-5.0,0.0,0.0,0,,,0.0,0,
6131,304960,-5.0,0.0,0.0,0,,,0.0,0,
6132,305024,-5.0,0.0,0.0,0,,,0.0,0,
6133,305024,-5.0,0.0,0.0,0,,,0.0,0,
6134,305088,10.5,1.0,0.0,0,,,0.0,0,
6135,305152,-5.0,0.0,0.0,0,,,0.0,0,
6136,305216,-5.0,0.0,0.0,0,,,0.0,0,
6137,305216,-4.0,0.0,0.0,0,,,0.0,0,
6138,305280,-5.0,0.0,0.0,0,,,0.0,0,
6139,305344,-5.0,0.0,0.0,0,,,0.0,0,
6140,305344,-4.0,0.0,0.0,0,,,0.0,0,
6141,305344,-5.0,0.0,0.0,0,,,0.0,0,
6142,305408,9.8,1.0,0.0,0,,,0.0,0,
6143,305600,-4.0,0.0,0.0,0,,,0.0,0,
6144,305600,-5.0,0.0,0.0,0,,,0.0,0,
6145,305600,-5.0,0.0,0.0,0,,,0.0,0,
6146,305664,-5.0,0.0,0.0,0,,,0.0,0,
6147,305664,-5.0,0.0,0.0,0,,,0.0,0,
6148,305728,-5.0,0.0,0.0,0,,,0.0,0,
6149,305728,-4.0,0.0,0.0,0,,,0.0,0,
6150,305728,-5.0,0.0,0.0,0,,,0.0,0,
6151,305792,-5.0,0.0,0.0,0,,,0.0,0,
6152,305792,-4.0,0.0,0.0,0,,,0.0,0,
6153,305856,-5.0,0.0,0.0,0,,,0.0,0,
6154,305856,-5.0,0.0,0.0,0,,,0.0,0,
6155,305856,-5.0,0.0,0.0,0,,,0.0,0,
6156,305856,-5.0,0.0,0.0,0,,,0.0,0,
6157,305920,-5.0,0.0,0.0,0,,,0.0,0,
6158,305920,-4.0,0.0,0.0,0,,,0.0,0,
6159,305984,-5.0,0.0,0.0,0,,,0.0,0,
6160,305984,8.5,1.0,0.0,0,,,0.0,0,
6161,306048,-5.0,0.0,0.0,0,,,0.0,0,
6162,306112,-5.0,0.0,0.0,0,,,0.0,0,
6163,306176,-5.0,0.0,0.0,0,,,0.0,0,
6164,306368,-5.0,0.0,0.0,0,,,0.0,0,
6165,306432,-5.0,0.0,0.0,0,,,0.0,0,
6166,306432,-5.0,0.0,0.0,0,,,0.0,0,
6167,306560,-4.0,0.0,0.0,0,,,0.0,0,
6168,306560,9.6,1.0,0.0,0,,,0.0,0,
6169,306624,-5.0,0.0,0.0,0,,,0.0,0,
6170,306688,-5.0,0.0,0.0,0,,,0.0,0,
6171,306688,-4.0,0.0,0.0,0,,,0.0,0,
6172,306688,-5.0,0.0,0.0,0,,,0.0,0,
6173,306880,-5.0,0.0,0.0,0,,,0.0,0,
6174,306880,-5.0,0.0,0.0,0,,,0.0,0,
6175,306944,-5.0,0.0,0.0,0,,,0.0,0,
6176,306944,-5.0,0.0,0.0,0,,,0.0,0,
6177,307008,-5.0,0.0,0.0,0,,,0.0,0,
6178,307008,-5.0,0.0,0.0,0,,,0.0,0,
6179,307072,10.2,1.0,0.0,0,,,0.0,0,
6180,307136,-5.0,0.0,0.0,0,,,0.0,0,
6181,307264,-5.0,0.0,0.0,0,,,0.0,0,
6182,307264,-5.0,0.0,0.0,0,,,0.0,0,
6183,307328,-5.0,0.0,0.0,0,,,0.0,0,
6184,307456,-5.0,0.0,0.0,0,,,0.0,0,
6185,307520,-5.0,0.0,0.0,0,,,0.0,0,
6186,307520,-5.0,0.0,0.0,0,,,0.0,0,
6187,307584,-5.0,0.0,0.0,0,,,0.0,0,
6188,307584,-4.0,0.0,0.0,0,,,0.0,0,
6189,307712,-5.0,0.0,0.0,0,,,0.0,0,
6190,307840,-5.0,0.0,0.0,0,,,0.0,0,
6191,307840,-5.0,0.0,0.0,0,,,0.0,0,
6192,307840,-5.0,0.0,0.0,0,,,0.0,0,
6193,307904,-4.0,0.0,0.0,0,,,0.0,0,
6194,307968,-5.0,0.0,0.0,0,,,0.0,0,
6195,308032,-5.0,0.0,0.0,0,,,0.0,0,
6196,308096,11.7,1.0,0.0,0,,,0.0,0,
6197,308160,-5.0,0.0,0.0,0,,,0.0,0,
6198,308288,-5.0,0.0,0.0,0,,,0.0,0,
6199,308288,-4.0,0.0,0.0,0,,,0.0,0,
6200,308352,-4.0,0.0,0.0,0,,,0.0,0,
6201,308416,-5.0,0.0,0.0,0,,,0.0,0,
6202,308480,-5.0,0.0,0.0,0,,,0.0,0,
6203,308480,-4.0,0.0,0.0,0,,,0.0,0,
6204,308544,-5.0,0.0,0.0,0,,,0.0,0,
6205,308608,-4.0,0.0,0.0,0,,,0.0,0,
6206,308608,-5.0,0.0,0.0,0,,,0.0,0,
6207,308608,-5.0,0.0,0.0,0,,,0.0,0,
6208,308672,-4.0,0.0,0.0,0,,,0.0,0,
6209,308736,11.8,1.0,0.0,0,,,0.0,0,
6210,308864,-5.0,0.0,0.0,0,,,0.0,0,
6211,308864,-5.0,0.0,0.0,0,,,0.0,0,
6212,308864,-5.0,0.0,0.0,0,,,0.0,0,
6213,308928,-5.0,0.0,0.0,0,,,0.0,0,
6214,308928,-5.0,0.0,0.0,0,,,0.0,0,
6215,308992,-5.0,0.0,0.0,0,,,0.0,0,
6216,308992,-5.0,0.0,0.0,0,,,0.0,0,
6217,308992,-5.0,0.0,0.0,0,,,0.0,0,
6218,309056,7.9,1.0,0.0,0,,,0.0,0,
6219,309056,-5.0,0.0,0.0,0,,,0.0,0,
6220,309056,-5.0,0.0,0.0,0,,,0.0,0,
6221,309120,-5.0,0.0,0.0,0,,,0.0,0,
6222,309120,-5.0,0.0,0.0,0,,,0.0,0,
6223,309120,-5.0,0.0,0.0,0,,,0.0,0,
6224,309184,-5.0,0.0,0.0,0,,,0.0,0,
6225,309184,-5.0,0.0,0.0,0,,,0.0,0,
6226,309248,-4.0,0.0,0.0,0,,,0.0,0,
6227,309248,-5.0,0.0,0.0,0,,,0.0,0,
6228,309312,-5.0,0.0,0.0,0,,,0.0,0,
6229,309376,-4.0,0.0,0.0,0,,,0.0,0,
6230,309440,-5.0,0.0,0.0,0,,,0.0,0,
6231,309632,10.9,1.0,0.0,0,,,0.0,0,
6232,309696,-5.0,0.0,0.0,0,,,0.0,0,
6233,309696,10.9,1.0,0.0,0,,,0.0,0,
6234,309696,-5.0,0.0,0.0,0,,,0.0,0,
6235,309824,-5.0,0.0,0.0,0,,,0.0,0,
6236,309824,10.7,1.0,0.0,0,,,0.0,0,
6237,309824,-5.0,0.0,0.0,0,,,0.0,0,
6238,309888,-5.0,0.0,0.0,0,,,0.0,0,
6239,309952,-5.0,0.0,0.0,0,,,0.0,0,
6240,309952,-4.0,0.0,0.0,0,,,0.0,0,
6241,309952,-4.0,0.0,0.0,0,,,0.0,0,
6242,310144,-4.0,0.0,0.0,0,,,0.0,0,
6243,310144,-5.0,0.0,0.0,0,,,0.0,0,
6244,310208,-5.0,0.0,0.0,0,,,0.0,0,
6245,310208,-4.0,0.0,0.0,0,,,0.0,0,
6246,310272,-5.0,0.0,0.0,0,,,0.0,0,
6247,310272,-5.0,0.0,0.0,0,,,0.0,0,
6248,310336,-5.0,0.0,0.0,0,,,0.0,0,
6249,310400,-5.0,0.0,0.0,0,,,0.0,0,
6250,310528,-5.0,0.0,0.0,0,,,0.0,0,
6251,310528,-5.0,0.0,0.0,0,,,0.0,0,
6252,310528,10.2,1.0,0.0,0,,,0.0,0,
6253,310592,-4.0,0.0,0.0,0,,,0.0,0,
6254,310720,7.6,1.0,0.0,0,,,0.0,0,
6255,310720,-5.0,0.0,0.0,0,,,0.0,0,
6256,310784,-4.0,0.0,0.0,0,,,0.0,0,
6257,310784,-5.0,0.0,0.0,0,,,0.0,0,
6258,310848,-5.0,0.0,0.0,0,,,0.0,0,
6259,310848,-5.0,0.0,0.0,0,,,0.0,0,
6260,310976,-5.0,0.0,0.0,0,,,0.0,0,
6261,311104,-5.0,0.0,0.0,0,,,0.0,0,
6262,311168,-4.0,0.0,0.0,0,,,0.0,0,
6263,311232,-5.0,0.0,0.0,0,,,0.0,0,
6264,311296,-4.0,0.0,0.0,0,,,0.0,0,
6265,311360,-5.0,0.0,0.0,0,,,0.0,0,
6266,311424,-5.0,0.0,0.0,0,,,0.0,0,
6267,311552,-4.0,0.0,0.0,0,,,0.0,0,
6268,311552,-5.0,0.0,0.0,0,,,0.0,0,
6269,311616,-5.0,0.0,0.0,0,,,0.0,0,
6270,311680,-4.0,0.0,0.0,0,,,0.0,0,
6271,311744,-5.0,0.0,0.0,0,,,0.0,0,
6272,311744,-5.0,0.0,0.0,0,,,0.0,0,
6273,311872,-5.0,0.0,0.0,0,,,0.0,0,
6274,311872,-5.0,0.0,0.0,0,,,0.0,0,
6275,311872,-4.0,0.0,0.0,0,,,0.0,0,
6276,311936,-4.0,0.0,0.0,0,,,0.0,0,
6277,312000,-5.0,0.0,0.0,0,,,0.0,0,
6278,312128,-5.0,0.0,0.0,0,,,0.0,0,
6279,312128,-5.0,0.0,0.0,0,,,0.0,0,
6280,312192,9.8,1.0,0.0,0,,,0.0,0,
6281,312256,-5.0,0.0,0.0,0,,,0.0,0,
6282,312256,-5.0,0.0,0.0,0,,,0.0,0,
6283,312256,-5.0,0.0,0.0,0,,,0.0,0,
6284,312320,-5.0,0.0,0.0,0,,,0.0,0,
6285,312320,-5.0,0.0,0.0,0,,,0.0,0,
6286,312320,-5.0,0.0,0.0,0,,,0.0,0,
6287,312384,-4.0,0.0,0.0,0,,,0.0,0,
6288,312384,-4.0,0.0,0.0,0,,,0.0,0,
6289,312384,-5.0,0.0,0.0,0,,,0.0,0,
6290,312448,-5.0,0.0,0.0,0,,,0.0,0,
6291,312448,-5.0,0.0,0.0,0,,,0.0,0,
6292,312512,-5.0,0.0,0.0,0,,,0.0,0,
6293,312512,-4.0,0.0,0.0,0,,,0.0,0,
6294,312640,-4.0,0.0,0.0,0,,,0.0,0,
6295,312704,-5.0,0.0,0.0,0,,,0.0,0,
6296,312896,-5.0,0.0,0.0,0,,,0.0,0,
6297,312960,-5.0,0.0,0.0,0,,,0.0,0,
6298,312960,-5.0,0.0,0.0,0,,,0.0,0,
6299,312960,-5.0,0.0,0.0,0,,,0.0,0,
6300,313088,-5.0,0.0,0.0,0,,,0.0,0,
6301,313088,-5.0,0.0,0.0,0,,,0.0,0,
6302,313088,-4.0,0.0,0.0,0,,,0.0,0,
6303,313152,-5.0,0.0,0.0,0,,,0.0,0,
6304,313216,-5.0,0.0,0.0,0,,,0.0,0,
6305,313216,-5.0,0.0,0.0,0,,,0.0,0,
6306,313216,-5.0,0.0,0.0,0,,,0.0,0,
6307,313408,-5.0,0.0,0.0,0,,,0.0,0,
6308,313408,-5.0,0.0,0.0,0,,,0.0,0,
6309,313472,-4.0,0.0,0.0,0,,,0.0,0,
6310,313472,-5.0,0.0,0.0,0,,,0.0,0,
6311,313472,11.3,1.0,0.0,0,,,0.0,0,
6312,313536,-5.0,0.0,0.0,0,,,0.0,0,
6313,313536,-5.0,0.0,0.0,0,,,0.0,0,
6314,313600,-5.0,0.0,0.0,0,,,0.0,0,
6315,313664,-4.0,0.0,0.0,0,,,0.0,0,
6316,313664,10.0,1.0,0.0,0,,,0.0,0,
6317,313792,-5.0,0.0,0.0,0,,,0.0,0,
6318,313792,-5.0,0.0,0.0,0,,,0.0,0,
6319,313792,-5.0,0.0,0.0,0,,,0.0,0,
6320,313856,-4.0,0.0,0.0,0,,,0.0,0,
6321,313984,-5.0,0.0,0.0,0,,,0.0,0,
6322,314048,11.3,1.0,0.0,0,,,0.0,0,
6323,314048,-5.0,0.0,0.0,0,,,0.0,0,
6324,314048,-5.0,0.0,0.0,0,,,0.0,0,
6325,314112,-5.0,0.0,0.0,0,,,0.0,0,
6326,314112,-5.0,0.0,0.0,0,,,0.0,0,
6327,314240,-5.0,0.0,0.0,0,,,0.0,0,
6328,314368,11.5,1.0,0.0,0,,,0.0,0,
6329,314368,-5.0,0.0,0.0,0,,,0.0,0,
6330,314432,-4.0,0.0,0.0,0,,,0.0,0,
6331,314496,-4.0,0.0,0.0,0,,,0.0,0,
6332,314560,-5.0,0.0,0.0,0,,,0.0,0,
6333,314624,-5.0,0.0,0.0,0,,,0.0,0,
6334,314688,-4.0,0.0,0.0,0,,,0.0,0,
6335,314816,-4.0,0.0,0.0,0,,,0.0,0,
6336,314816,8.2,1.0,0.0,0,,,0.0,0,
6337,314816,-5.0,0.0,0.0,0,,,0.0,0,
6338,314880,-4.0,0.0,0.0,0,,,0.0,0,
6339,314944,-4.0,0.0,0.0,0,,,0.0,0,
6340,315008,-4.0,0.0,0.0,0,,,0.0,0,
6341,315008,-5.0,0.0,0.0,0,,,0.0,0,
6342,315136,-4.0,0.0,0.0,0,,,0.0,0,
6343,315136,-5.0,0.0,0.0,0,,,0.0,0,
6344,315136,-4.0,0.0,0.0,0,,,0.0,0,
6345,315200,-5.0,0.0,0.0,0,,,0.0,0,
6346,315264,-5.0,0.0,0.0,0,,,0.0,0,
6347,315392,-5.0,0.0,0.0,0,,,0.0,0,
6348,315392,-5.0,0.0,0.0,0,,,0.0,0,
6349,315456,-5.0,0.0,0.0,0,,,0.0,0,
6350,315520,-5.0,0.0,0.0,0,,,0.0,0,
6351,315520,-5.0,0.0,0.0,0,,,0.0,0,
6352,315520,-5.0,0.0,0.0,0,,,0.0,0,
6353,315584,-5.0,0.0,0.0,0,,,0.0,0,
6354,315648,-5.0,0.0,0.0,0,,,0.0,0,
6355,315648,-5.0,0.0,0.0,0,,,0.0,0,
6356,315648,-4.0,0.0,0.0,0,,,0.0,0,
6357,315712,-4.0,0.0,0.0,0,,,0.0,0,
6358,315712,-4.0,0.0,0.0,0,,,0.0,0,
6359,315776,-5.0,0.0,0.0,0,,,0.0,0,
6360,315776,-5.0,0.0,0.0,0,,,0.0,0,
6361,315904,-5.0,0.0,0.0,0,,,0.0,0,
6362,315968,-4.0,0.0,0.0,0,,,0.0,0,
6363,316096,9.0,1.0,0.0,0,,,0.0,0,
6364,316160,-5.0,0.0,0.0,0,,,0.0,0,
6365,316224,-4.0,0.0,0.0,0,,,0.0,0,
6366,316224,-5.0,0.0,0.0,0,,,0.0,0,
6367,316352,-4.0,0.0,0.0,0,,,0.0,0,
6368,316352,-4.0,0.0,0.0,0,,,0.0,0,
6369,316352,-5.0,0.0,0.0,0,,,0.0,0,
6370,316352,10.2,1.0,0.0,0,,,0.0,0,
6371,316416,-4.0,0.0,0.0,0,,,0.0,0,
6372,316480,-5.0,0.0,0.0,0,,,0.0,0,
6373,316480,-4.0,0.0,0.0,0,,,0.0,0,
6374,316480,-5.0,0.0,0.0,0,,,0.0,0,
6375,316672,-5.0,0.0,0.0,0,,,0.0,0,
6376,316672,-5.0,0.0,0.0,0,,,0.0,0,
6377,316736,-5.0,0.0,0.0,0,,,0.0,0,
6378,316736,-4.0,0.0,0.0,0,,,0.0,0,
6379,316736,-4.0,0.0,0.0,0,,,0.0,0,
6380,316800,-5.0,0.0,0.0,0,,,0.0,0,
6381,316864,-5.0,0.0,0.0,0,,,0.0,0,
6382,316928,-5.0,0.0,0.0,0,,,0.0,0,
6383,316928,-5.0,0.0,0.0,0,,,0.0,0,
6384,317056,-5.0,0.0,0.0,0,,,0.0,0,
6385,317056,-5.0,0.0,0.0,0,,,0.0,0,
6386,317056,-5.0,0.0,0.0,0,,,0.0,0,
6387,317120,-5.0,0.0,0.0,0,,,0.0,0,
6388,317312,-5.0,0.0,0.0,0,,,0.0,0,
6389,317312,-4.0,0.0,0.0,0,,,0.0,0,
6390,317312,-5.0,0.0,0.0,0,,,0.0,0,
6391,317376,-5.0,0.0,0.0,0,,,0.0,0,
6392,317504,-5.0,0.0,0.0,0,,,0.0,0,
6393,317568,9.3,1.0,0.0,0,,,0.0,0,
6394,317632,-4.0,0.0,0.0,0,,,0.0,0,
6395,317632,-4.0,0.0,0.0,0,,,0.0,0,
6396,317696,-4.0,0.0,0.0,0,,,0.0,0,
6397,317760,-4.0,0.0,0.0,0,,,0.0,0,
6398,317824,-5.0,0.0,0.0,0,,,0.0,0,
6399,317888,-5.0,0.0,0.0,0,,,0.0,0,
6400,317952,11.2,1.0,0.0,0,,,0.0,0,
6401,317952,-5.0,0.0,0.0,0,,,0.0,0,
6402,318080,-5.0,0.0,0.0,0,,,0.0,0,
6403,318080,-5.0,0.0,0.0,0,,,0.0,0,
6404,318080,-5.0,0.0,0.0,0,,,0.0,0,
6405,318144,-4.0,0.0,0.0,0,,,0.0,0,
6406,318208,-5.0,0.0,0.0,0,,,0.0,0,
6407,318272,-5.0,0.0,0.0,0,,,0.0,0,
6408,318272,-4.0,0.0,0.0,0,,,0.0,0,
6409,318272,11.3,1.0,0.0,0,,,0.0,0,
6410,318400,-5.0,0.0,0.0,0,,,0.0,0,
6411,318400,-5.0,0.0,0.0,0,,,0.0,0,
6412,318464,-5.0,0.0,0.0,0,,,0.0,0,
6413,318528,-5.0,0.0,0.0,0,,,0.0,0,
6414,318656,-4.0,0.0,0.0,0,,,0.0,0,
6415,318656,-5.0,0.0,0.0,0,,,0.0,0,
6416,318720,-4.0,0.0,0.0,0,,,0.0,0,
6417,318784,-5.0,0.0,0.0,0,,,0.0,0,
6418,318784,-4.0,0.0,0.0,0,,,0.0,0,
6419,318784,-4.0,0.0,0.0,0,,,0.0,0,
6420,318848,-5.0,0.0,0.0,0,,,0.0,0,
6421,318912,-4.0,0.0,0.0,0,,,0.0,0,
6422,318912,-5.0,0.0,0.0,0,,,0.0,0,
6423,318912,-5.0,0.0,0.0,0,,,0.0,0,
6424,318976,-4.0,0.0,0.0,0,,,0.0,0,
6425,318976,-5.0,0.0,0.0,0,,,0.0,0,
6426,319040,-5.0,0.0,0.0,0,,,0.0,0,
6427,319168,-4.0,0.0,0.0,0,,,0.0,0,
6428,319232,-4.0,0.0,0.0,0,,,0.0,0,
6429,319360,-4.0,0.0,0.0,0,,,0.0,0,
6430,319424,-5.0,0.0,0.0,0,,,0.0,0,
6431,319488,-5.0,0.0,0.0,0,,,0.0,0,
6432,319488,-4.0,0.0,0.0,0,,,0.0,0,
6433,319616,-4.0,0.0,0.0,0,,,0.0,0,
6434,319616,-5.0,0.0,0.0,0,,,0.0,0,
6435,319616,-4.0,0.0,0.0,0,,,0.0,0,
6436,319616,-4.0,0.0,0.0,0,,,0.0,0,
6437,319680,-5.0,0.0,0.0,0,,,0.0,0,
6438,319744,-5.0,0.0,0.0,0,,,0.0,0,
6439,319744,-4.0,0.0,0.0,0,,,0.0,0,
6440,319744,-4.0,0.0,0.0,0,,,0.0,0,
6441,319936,-5.0,0.0,0.0,0,,,0.0,0,
6442,319936,-5.0,0.0,0.0,0,,,0.0,0,
6443,320000,-5.0,0.0,0.0,0,,,0.0,0,
6444,320000,7.0,1.0,0.0,0,,,0.0,0,
6445,320000,-4.0,0.0,0.0,0,,,0.0,0,
6446,320064,10.1,1.0,0.0,0,,,0.0,0,
6447,320064,-5.0,0.0,0.0,0,,,0.0,0,
6448,320128,-4.0,0.0,0.0,0,,,0.0,0,
6449,320192,-4.0,0.0,0.0,0,,,0.0,0,
6450,320192,-5.0,0.0,0.0,0,,,0.0,0,
6451,320320,-5.0,0.0,0.0,0,,,0.0,0,
6452,320320,-4.0,0.0,0.0,0,,,0.0,0,
6453,320320,-5.0,0.0,0.0,0,,,0.0,0,
6454,320384,-5.0,0.0,0.0,0,,,0.0,0,
6455,320384,11.6,1.0,0.0,0,,,0.0,0,
6456,320576,-5.0,0.0,0.0,0,,,0.0,0,
6457,320576,-5.0,0.0,0.0,0,,,0.0,0,
6458,320576,-5.0,0.0,0.0,0,,,0.0,0,
6459,320768,-5.0,0.0,0.0,0,,,0.0,0,
6460,320832,-5.0,0.0,0.0,0,,,0.0,0,
6461,320896,-5.0,0.0,0.0,0,,,0.0,0,
6462,320896,-5.0,0.0,0.0,0,,,0.0,0,
6463,320960,-4.0,0.0,0.0,0,,,0.0,0,
6464,321088,-5.0,0.0,0.0,0,,,0.0,0,
6465,321152,-5.0,0.0,0.0,0,,,0.0,0,
6466,321216,11.6,1.0,0.0,0,,,0.0,0,
6467,321216,-5.0,0.0,0.0,0,,,0.0,0,
6468,321216,-5.0,0.0,0.0,0,,,0.0,0,
6469,321344,-5.0,0.0,0.0,0,,,0.0,0,
6470,321344,-5.0,0.0,0.0,0,,,0.0,0,
6471,321344,8.4,1.0,0.0,0,,,0.0,0,
6472,321344,-5.0,0.0,0.0,0,,,0.0,0,
6473,321408,-5.0,0.0,0.0,0,,,0.0,0,
6474,321408,11.8,1.0,0.0,0,,,0.0,0,
6475,321472,-5.0,0.0,0.0,0,,,0.0,0,
6476,321536,-5.0,0.0,0.0,0,,,0.0,0,
6477,321536,-4.0,0.0,0.0,0,,,0.0,0,
6478,321536,-4.0,0.0,0.0,0,,,0.0,0,
6479,321664,-5.0,0.0,0.0,0,,,0.0,0,
6480,321664,-4.0,0.0,0.0,0,,,0.0,0,
6481,321728,-4.0,0.0,0.0,0,,,0.0,0,
6482,321792,-5.0,0.0,0.0,0,,,0.0,0,
6483,321920,-5.0,0.0,0.0,0,,,0.0,0,
6484,321920,-5.0,0.0,0.0,0,,,0.0,0,
6485,321984,-5.0,0.0,0.0,0,,,0.0,0,
6486,322048,-5.0,0.0,0.0,0,,,0.0,0,
6487,322048,-4.0,0.0,0.0,0,,,0.0,0,
6488,322112,-5.0,0.0,0.0,0,,,0.0,0,
6489,322176,-5.0,0.0,0.0,0,,,0.0,0,
6490,322176,-4.0,0.0,0.0,0,,,0.0,0,
6491,322176,-5.0,0.0,0.0,0,,,0.0,0,
6492,322240,-5.0,0.0,0.0,0,,,0.0,0,
6493,322304,10.6,1.0,0.0,0,,,0.0,0,
6494,322304,-4.0,0.0,0.0,0,,,0.0,0,
6495,322432,-5.0,0.0,0.0,0,,,0.0,0,
6496,322496,-5.0,0.0,0.0,0,,,0.0,0,
6497,322624,-5.0,0.0,0.0,0,,,0.0,0,
6498,322688,-5.0,0.0,0.0,0,,,0.0,0,
6499,322752,-5.0,0.0,0.0,0,,,0.0,0,
6500,322752,-5.0,0.0,0.0,0,,,0.0,0,
6501,322880,-5.0,0.0,0.0,0,,,0.0,0,
6502,322880,-5.0,0.0,0.0,0,,,0.0,0,
6503,322880,-5.0,0.0,0.0,0,,,0.0,0,
6504,322880,-5.0,0.0,0.0,0,,,0.0,0,
6505,322944,-5.0,0.0,0.0,0,,,0.0,0,
6506,323008,-5.0,0.0,0.0,0,,,0.0,0,
6507,323008,-5.0,0.0,0.0,0,,,0.0,0,
6508,323008,-4.0,0.0,0.0,0,,,0.0,0,
6509,323200,-5.0,0.0,0.0,0,,,0.0,0,
6510,323200,-5.0,0.0,0.0,0,,,0.0,0,
6511,323264,-5.0,0.0,0.0,0,,,0.0,0,
6512,323264,-4.0,0.0,0.0,0,,,0.0,0,
6513,323264,-5.0,0.0,0.0,0,,,0.0,0,
6514,323328,-5.0,0.0,0.0,0,,,0.0,0,
6515,323392,-4.0,0.0,0.0,0,,,0.0,0,
6516,323456,-5.0,0.0,0.0,0,,,0.0,0,
6517,323456,-4.0,0.0,0.0,0,,,0.0,0,
6518,323584,-4.0,0.0,0.0,0,,,0.0,0,
6519,323584,-5.0,0.0,0.0,0,,,0.0,0,
6520,323584,-4.0,0.0,0.0,0,,,0.0,0,
6521,323648,-5.0,0.0,0.0,0,,,0.0,0,
6522,323648,-5.0,0.0,0.0,0,,,0.0,0,
6523,323840,-5.0,0.0,0.0,0,,,0.0,0,
6524,323840,-5.0,0.0,0.0,0,,,0.0,0,
6525,323840,-4.0,0.0,0.0,0,,,0.0,0,
6526,324032,-4.0,0.0,0.0,0,,,0.0,0,
6527,324032,9.4,1.0,0.0,0,,,0.0,0,
6528,324096,-5.0,0.0,0.0,0,,,0.0,0,
6529,324160,-4.0,0.0,0.0,0,,,0.0,0,
6530,324224,-5.0,0.0,0.0,0,,,0.0,0,
6531,324352,-5.0,0.0,0.0,0,,,0.0,0,
6532,324416,-5.0,0.0,0.0,0,,,0.0,0,
6533,324480,-5.0,0.0,0.0,0,,,0.0,0,
6534,324480,-5.0,0.0,0.0,0,,,0.0,0,
6535,324608,-5.0,0.0,0.0,0,,,0.0,0,
6536,324608,-5.0,0.0,0.0,0,,,0.0,0,
6537,324608,-5.0,0.0,0.0,0,,,0.0,0,
6538,324672,-5.0,0.0,0.0,0,,,0.0,0,
6539,324672,-4.0,0.0,0.0,0,,,0.0,0,
6540,324736,-4.0,0.0,0.0,0,,,0.0,0,
6541,324800,-5.0,0.0,0.0,0,,,0.0,0,
6542,324800,-5.0,0.0,0.0,0,,,0.0,0,
6543,324800,-4.0,0.0,0.0,0,,,0.0,0,
6544,324928,-5.0,0.0,0.0,0,,,0.0,0,
6545,324928,-5.0,0.0,0.0,0,,,0.0,0,
6546,324992,-5.0,0.0,0.0,0,,,0.0,0,
6547,324992,7.5,1.0,0.0,0,,,0.0,0,
6548,325056,-5.0,0.0,0.0,0,,,0.0,0,
6549,325184,-5.0,0.0,0.0,0,,,0.0,0,
6550,325184,-5.0,0.0,0.0,0,,,0.0,0,
6551,325248,-4.0,0.0,0.0,0,,,0.0,0,
6552,325312,-5.0,0.0,0.0,0,,,0.0,0,
6553,325376,-5.0,0.0,0.0,0,,,0.0,0,
6554,325440,-4.0,0.0,0.0,0,,,0.0,0,
6555,325440,-5.0,0.0,0.0,0,,,0.0,0,
6556,325440,-5.0,0.0,0.0,0,,,0.0,0,
6557,325504,-4.0,0.0,0.0,0,,,0.0,0,
6558,325568,-5.0,0.0,0.0,0,,,0.0,0,
6559,325696,-5.0,0.0,0.0,0,,,0.0,0,
6560,325760,-4.0,0.0,0.0,0,,,0.0,0,
6561,325824,9.0,1.0,0.0,0,,,0.0,0,
6562,325888,-5.0,0.0,0.0,0,,,0.0,0,
6563,325952,-5.0,0.0,0.0,0,,,0.0,0,
6564,326016,-4.0,0.0,0.0,0,,,0.0,0,
6565,326016,-5.0,0.0,0.0,0,,,0.0,0,
6566,326144,-5.0,0.0,0.0,0,,,0.0,0,
6567,326144,-4.0,0.0,0.0,0,,,0.0,0,
6568,326144,-5.0,0.0,0.0,0,,,0.0,0,
6569,326144,-5.0,0.0,0.0,0,,,0.0,0,
6570,326208,-5.0,0.0,0.0,0,,,0.0,0,
6571,326272,-4.0,0.0,0.0,0,,,0.0,0,
6572,326272,-5.0,0.0,0.0,0,,,0.0,0,
6573,326272,11.7,1.0,0.0,0,,,0.0,0,
6574,326272,-4.0,0.0,0.0,0,,,0.0,0,
6575,326464,-4.0,0.0,0.0,0,,,0.0,0,
6576,326464,-5.0,0.0,0.0,0,,,0.0,0,
6577,326528,-5.0,0.0,0.0,0,,,0.0,0,
6578,326528,-4.0,0.0,0.0,0,,,0.0,0,
6579,326528,-4.0,0.0,0.0,0,,,0.0,0,
6580,326592,-4.0,0.0,0.0,0,,,0.0,0,
6581,326656,-5.0,0.0,0.0,0,,,0.0,0,
6582,326720,-4.0,0.0,0.0,0,,,0.0,0,
6583,326720,-4.0,0.0,0.0,0,,,0.0,0,
6584,326848,-5.0,0.0,0.0,0,,,0.0,0,
6585,326848,-5.0,0.0,0.0,0,,,0.0,0,
6586,326848,-4.0,0.0,0.0,0,,,0.0,0,
6587,326912,-5.0,0.0,0.0,0,,,0.0,0,
6588,326912,-4.0,0.0,0.0,0,,,0.0,0,
6589,326912,10.7,1.0,0.0,0,,,0.0,0,
6590,326976,10.8,1.0,0.0,0,,,0.0,0,
6591,327104,-4.0,0.0,0.0,0,,,0.0,0,
6592,327104,-5.0,0.0,0.0,0,,,0.0,0,
6593,327296,-5.0,0.0,0.0,0,,,0.0,0,
6594,327296,-5.0,0.0,0.0,0,,,0.0,0,
6595,327360,8.7,1.0,0.0,0,,,0.0,0,
6596,327360,-5.0,0.0,0.0,0,,,0.0,0,
6597,327424,-5.0,0.0,0.0,0,,,0.0,0,
6598,327488,-5.0,0.0,0.0,0,,,0.0,0,
6599,327616,-5.0,0.0,0.0,0,,,0.0,0,
6600,327680,-5.0,0.0,0.0,0,,,0.0,0,
6601,327744,-5.0,0.0,0.0,0,,,0.0,0,
6602,327744,-4.0,0.0,0.0,0,,,0.0,0,
6603,327872,-5.0,0.0,0.0,0,,,0.0,0,
6604,327872,-5.0,0.0,0.0,0,,,0.0,0,
6605,327872,-4.0,0.0,0.0,0,,,0.0,0,
6606,327936,-5.0,0.0,0.0,0,,,0.0,0,
6607,327936,-5.0,0.0,0.0,0,,,0.0,0,
6608,328000,-5.0,0.0,0.0,0,,,0.0,0,
6609,328064,-5.0,0.0,0.0,0,,,0.0,0,
6610,328064,-5.0,0.0,0.0,0,,,0.0,0,
6611,328064,-5.0,0.0,0.0,0,,,0.0,0,
6612,328192,-5.0,0.0,0.0,0,,,0.0,0,
6613,328192,-5.0,0.0,0.0,0,,,0.0,0,
6614,328256,-5.0,0.0,0.0,0,,,0.0,0,
6615,328256,-5.0,0.0,0.0,0,,,0.0,0,
6616,328320,-5.0,0.0,0.0,0,,,0.0,0,
6617,328448,-5.0,0.0,0.0,0,,,0.0,0,
6618,328512,11.7,1.0,0.0,0,,,0.0,0,
6619,328512,-5.0,0.0,0.0,0,,,0.0,0,
6620,328576,-4.0,0.0,0.0,0,,,0.0,0,
6621,328640,-5.0,0.0,0.0,0,,,0.0,0,
6622,328704,-5.0,0.0,0.0,0,,,0.0,0,
6623,328704,-4.0,0.0,0.0,0,,,0.0,0,
6624,328704,-5.0,0.0,0.0,0,,,0.0,0,
6625,328768,-4.0,0.0,0.0,0,,,0.0,0,
6626,328832,-5.0,0.0,0.0,0,,,0.0,0,
6627,328896,11.8,1.0,0.0,0,,,0.0,0,
6628,328960,-4.0,0.0,0.0,0,,,0.0,0,
6629,329024,-5.0,0.0,0.0,0,,,0.0,0,
6630,329088,-5.0,0.0,0.0,0,,,0.0,0,
6631,329152,-5.0,0.0,0.0,0,,,0.0,0,
6632,329216,-5.0,0.0,0.0,0,,,0.0,0,
6633,329344,11.3,1.0,0.0,0,,,0.0,0,
6634,329408,-5.0,0.0,0.0,0,,,0.0,0,
6635,329408,-5.0,0.0,0.0,0,,,0.0,0,
6636,329408,-5.0,0.0,0.0,0,,,0.0,0,
6637,329472,-5.0,0.0,0.0,0,,,0.0,0,
6638,329536,-4.0,0.0,0.0,0,,,0.0,0,
6639,329536,-4.0,0.0,0.0,0,,,0.0,0,
6640,329536,-5.0,0.0,0.0,0,,,0.0,0,
6641,329536,-4.0,0.0,0.0,0,,,0.0,0,
6642,329600,11.2,1.0,0.0,0,,,0.0,0,
6643,329728,-5.0,0.0,0.0,0,,,0.0,0,
6644,329728,-4.0,0.0,0.0,0,,,0.0,0,
6645,329792,-4.0,0.0,0.0,0,,,0.0,0,
6646,329792,-5.0,0.0,0.0,0,,,0.0,0,
6647,329792,-5.0,0.0,0.0,0,,,0.0,0,
6648,329856,-5.0,0.0,0.0,0,,,0.0,0,
6649,329920,-5.0,0.0,0.0,0,,,0.0,0,
6650,329984,-5.0,0.0,0.0,0,,,0.0,0,
6651,329984,-5.0,0.0,0.0,0,,,0.0,0,
6652,330112,-5.0,0.0,0.0,0,,,0.0,0,
6653,330112,-5.0,0.0,0.0,0,,,0.0,0,
6654,330112,-5.0,0.0,0.0,0,,,0.0,0,
6655,330176,-5.0,0.0,0.0,0,,,0.0,0,
6656,330176,-5.0,0.0,0.0,0,,,0.0,0,
6657,330176,-5.0,0.0,0.0,0,,,0.0,0,
6658,330240,-4.0,0.0,0.0,0,,,0.0,0,
6659,330304,7.5,1.0,0.0,0,,,0.0,0,
6660,330368,-4.0,0.0,0.0,0,,,0.0,0,
6661,330368,-5.0,0.0,0.0,0,,,0.0,0,
6662,330560,-4.0,0.0,0.0,0,,,0.0,0,
6663,330560,-4.0,0.0,0.0,0,,,0.0,0,
6664,330624,-5.0,0.0,0.0,0,,,0.0,0,
6665,330688,10.9,1.0,0.0,0,,,0.0,0,
6666,330688,-4.0,0.0,0.0,0,,,0.0,0,
6667,330752,-4.0,0.0,0.0,0,,,0.0,0,
6668,330880,-5.0,0.0,0.0,0,,,0.0,0,
6669,330944,-5.0,0.0,0.0,0,,,0.0,0,
6670,331008,-5.0,0.0,0.0,0,,,0.0,0,
6671,331008,-5.0,0.0,0.0,0,,,0.0,0,
6672,331136,-4.0,0.0,0.0,0,,,0.0,0,
6673,331136,-5.0,0.0,0.0,0,,,0.0,0,
6674,331136,-4.0,0.0,0.0,0,,,0.0,0,
6675,331200,-5.0,0.0,0.0,0,,,0.0,0,
6676,331200,-5.0,0.0,0.0,0,,,0.0,0,
6677,331264,-5.0,0.0,0.0,0,,,0.0,0,
6678,331328,-4.0,0.0,0.0,0,,,0.0,0,
6679,331328,-5.0,0.0,0.0,0,,,0.0,0,
6680,331328,-5.0,0.0,0.0,0,,,0.0,0,
6681,331456,-5.0,0.0,0.0,0,,,0.0,0,
6682,331456,-5.0,0.0,0.0,0,,,0.0,0,
6683,331520,-5.0,0.0,0.0,0,,,0.0,0,
6684,331584,-4.0,0.0,0.0,0,,,0.0,0,
6685,331712,8.1,1.0,0.0,0,,,0.0,0,
6686,331712,-5.0,0.0,0.0,0,,,0.0,0,
6687,331712,9.0,1.0,0.0,0,,,0.0,0,
6688,331776,-5.0,0.0,0.0,0,,,0.0,0,
6689,331776,-5.0,0.0,0.0,0,,,0.0,0,
6690,331840,-5.0,0.0,0.0,0,,,0.0,0,
6691,331904,9.3,1.0,0.0,0,,,0.0,0,
6692,331904,-4.0,0.0,0.0,0,,,0.0,0,
6693,331904,11.5,1.0,0.0,0,,,0.0,0,
6694,331968,-5.0,0.0,0.0,0,,,0.0,0,
6695,331968,-5.0,0.0,0.0,0,,,0.0,0,
6696,332032,-5.0,0.0,0.0,0,,,0.0,0,
6697,332160,-4.0,0.0,0.0,0,,,0.0,0,
6698,332160,10.8,1.0,0.0,0,,,0.0,0,
6699,332224,8.8,1.0,0.0,0,,,0.0,0,
6700,332224,-4.0,0.0,0.0,0,,,0.0,0,
6701,332352,-5.0,0.0,0.0,0,,,0.0,0,
6702,332480,-5.0,0.0,0.0,0,,,0.0,0,
6703,332608,-5.0,0.0,0.0,0,,,0.0,0,
6704,332672,-5.0,0.0,0.0,0,,,0.0,0,
6705,332672,-5.0,0.0,0.0,0,,,0.0,0,
6706,332672,-5.0,0.0,0.0,0,,,0.0,0,
6707,332736,-4.0,0.0,0.0,0,,,0.0,0,
6708,332800,-4.0,0.0,0.0,0,,,0.0,0,
6709,332800,-5.0,0.0,0.0,0,,,0.0,0,
6710,332800,-5.0,0.0,0.0,0,,,0.0,0,
6711,332800,-5.0,0.0,0.0,0,,,0.0,0,
6712,332864,-5.0,0.0,0.0,0,,,0.0,0,
6713,332992,-5.0,0.0,0.0,0,,,0.0,0,
6714,333056,-5.0,0.0,0.0,0,,,0.0,0,
6715,333056,-5.0,0.0,0.0,0,,,0.0,0,
6716,333056,-5.0,0.0,0.0,0,,,0.0,0,
6717,333120,-5.0,0.0,0.0,0,,,0.0,0,
6718,333248,-5.0,0.0,0.0,0,,,0.0,0,
6719,333248,-5.0,0.0,0.0,0,,,0.0,0,
6720,333376,-5.0,0.0,0.0,0,,,0.0,0,
6721,333440,-5.0,0.0,0.0,0,,,0.0,0,
6722,333440,-4.0,0.0,0.0,0,,,0.0,0,
6723,333440,-5.0,0.0,0.0,0,,,0.0,0,
6724,333504,-4.0,0.0,0.0,0,,,0.0,0,
6725,333568,-5.0,0.0,0.0,0,,,0.0,0,
6726,333632,-5.0,0.0,0.0,0,,,0.0,0,
6727,333632,-4.0,0.0,0.0,0,,,0.0,0,
6728,333824,-5.0,0.0,0.0,0,,,0.0,0,
6729,333824,-5.0,0.0,0.0,0,,,0.0,0,
6730,333888,8.8,1.0,0.0,0,,,0.0,0,
6731,333888,-5.0,0.0,0.0,0,,,0.0,0,
6732,333952,-5.0,0.0,0.0,0,,,0.0,0,
6733,333952,-5.0,0.0,0.0,0,,,0.0,0,
6734,334016,-5.0,0.0,0.0,0,,,0.0,0,
6735,334080,9.2,1.0,0.0,0,,,0.0,0,
6736,334144,-4.0,0.0,0.0,0,,,0.0,0,
6737,334208,-5.0,0.0,0.0,0,,,0.0,0,
6738,334272,-4.0,0.0,0.0,0,,,0.0,0,
6739,334272,-5.0,0.0,0.0,0,,,0.0,0,
6740,334400,-4.0,0.0,0.0,0,,,0.0,0,
6741,334400,-5.0,0.0,0.0,0,,,0.0,0,
6742,334400,-5.0,0.0,0.0,0,,,0.0,0,
6743,334464,-5.0,0.0,0.0,0,,,0.0,0,
6744,334464,-5.0,0.0,0.0,0,,,0.0,0,
6745,334528,-5.0,0.0,0.0,0,,,0.0,0,
6746,334592,-4.0,0.0,0.0,0,,,0.0,0,
6747,334592,-4.0,0.0,0.0,0,,,0.0,0,
6748,334720,-5.0,0.0,0.0,0,,,0.0,0,
6749,334720,-5.0,0.0,0.0,0,,,0.0,0,
6750,334848,-5.0,0.0,0.0,0,,,0.0,0,
6751,334976,-4.0,0.0,0.0,0,,,0.0,0,
6752,334976,-5.0,0.0,0.0,0,,,0.0,0,
6753,334976,-5.0,0.0,0.0,0,,,0.0,0,
6754,335040,-4.0,0.0,0.0,0,,,0.0,0,
6755,335104,-5.0,0.0,0.0,0,,,0.0,0,
6756,335168,-5.0,0.0,0.0,0,,,0.0,0,
6757,335168,-5.0,0.0,0.0,0,,,0.0,0,
6758,335168,-5.0,0.0,0.0,0,,,0.0,0,
6759,335232,-4.0,0.0,0.0,0,,,0.0,0,
6760,335232,-5.0,0.0,0.0,0,,,0.0,0,
6761,335296,-5.0,0.0,0.0,0,,,0.0,0,
6762,335296,9.8,1.0,0.0,0,,,0.0,0,
6763,335424,-5.0,0.0,0.0,0,,,0.0,0,
6764,335424,-4.0,0.0,0.0,0,,,0.0,0,
6765,335488,-5.0,0.0,0.0,0,,,0.0,0,
6766,335552,11.3,1.0,0.0,0,,,0.0,0,
6767,335616,-5.0,0.0,0.0,0,,,0.0,0,
6768,335744,-5.0,0.0,0.0,0,,,0.0,0,
6769,335808,11.3,1.0,0.0,0,,,0.0,0,
6770,335808,7.4,1.0,0.0,0,,,0.0,0,
6771,335872,10.0,1.0,0.0,0,,,0.0,0,
6772,335872,-4.0,0.0,0.0,0,,,0.0,0,
6773,335936,-5.0,0.0,0.0,0,,,0.0,0,
6774,335936,-5.0,0.0,0.0,0,,,0.0,0,
6775,335936,-5.0,0.0,0.0,0,,,0.0,0,
6776,336000,-5.0,0.0,0.0,0,,,0.0,0,
6777,336064,-5.0,0.0,0.0,0,,,0.0,0,
6778,336064,-5.0,0.0,0.0,0,,,0.0,0,
6779,336064,-5.0,0.0,0.0,0,,,0.0,0,
6780,336128,-5.0,0.0,0.0,0,,,0.0,0,
6781,336256,-5.0,0.0,0.0,0,,,0.0,0,
6782,336256,11.5,1.0,0.0,0,,,0.0,0,
6783,336320,-5.0,0.0,0.0,0,,,0.0,0,
6784,336320,-5.0,0.0,0.0,0,,,0.0,0,
6785,336320,-4.0,0.0,0.0,0,,,0.0,0,
6786,336384,-5.0,0.0,0.0,0,,,0.0,0,
6787,336384,7.7,1.0,0.0,0,,,0.0,0,
6788,336512,-5.0,0.0,0.0,0,,,0.0,0,
6789,336512,-5.0,0.0,0.0,0,,,0.0,0,
6790,336640,-5.0,0.0,0.0,0,,,0.0,0,
6791,336704,-4.0,0.0,0.0,0,,,0.0,0,
6792,336704,-4.0,0.0,0.0,0,,,0.0,0,
6793,336704,-5.0,0.0,0.0,0,,,0.0,0,
6794,336768,-5.0,0.0,0.0,0,,,0.0,0,
6795,336896,-5.0,0.0,0.0,0,,,0.0,0,
6796,336896,-4.0,0.0,0.0,0,,,0.0,0,
6797,337088,-4.0,0.0,0.0,0,,,0.0,0,
6798,337152,-5.0,0.0,0.0,0,,,0.0,0,
6799,337152,-5.0,0.0,0.0,0,,,0.0,0,
6800,337216,-4.0,0.0,0.0,0,,,0.0,0,
6801,337216,-5.0,0.0,0.0,0,,,0.0,0,
6802,337280,-4.0,0.0,0.0,0,,,0.0,0,
6803,337344,-4.0,0.0,0.0,0,,,0.0,0,
6804,337408,10.4,1.0,0.0,0,,,0.0,0,
6805,337408,-4.0,0.0,0.0,0,,,0.0,0,
6806,337472,-5.0,0.0,0.0,0,,,0.0,0,
6807,337536,-5.0,0.0,0.0,0,,,0.0,0,
6808,337536,-4.0,0.0,0.0,0,,,0.0,0,
6809,337664,-5.0,0.0,0.0,0,,,0.0,0,
6810,337664,-5.0,0.0,0.0,0,,,0.0,0,
6811,337664,-5.0,0.0,0.0,0,,,0.0,0,
6812,337728,-5.0,0.0,0.0,0,,,0.0,0,
6813,337728,-4.0,0.0,0.0,0,,,0.0,0,
6814,337856,-4.0,0.0,0.0,0,,,0.0,0,
6815,337856,-5.0,0.0,0.0,0,,,0.0,0,
6816,337856,7.6,1.0,0.0,0,,,0.0,0,
6817,337984,-4.0,0.0,0.0,0,,,0.0,0,
6818,337984,-5.0,0.0,0.0,0,,,0.0,0,
6819,338112,-5.0,0.0,0.0,0,,,0.0,0,
6820,338240,-5.0,0.0,0.0,0,,,0.0,0,
6821,338240,-5.0,0.0,0.0,0,,,0.0,0,
6822,338368,-5.0,0.0,0.0,0,,,0.0,0,
6823,338432,-4.0,0.0,0.0,0,,,0.0,0,
6824,338432,-4.0,0.0,0.0,0,,,0.0,0,
6825,338432,-4.0,0.0,0.0,0,,,0.0,0,
6826,338496,-5.0,0.0,0.0,0,,,0.0,0,
6827,338496,-5.0,0.0,0.0,0,,,0.0,0,
6828,338560,-5.0,0.0,0.0,0,,,0.0,0,
6829,338624,10.4,1.0,0.0,0,,,0.0,0,
6830,338688,-5.0,0.0,0.0,0,,,0.0,0,
6831,338688,-5.0,0.0,0.0,0,,,0.0,0,
6832,338752,-5.0,0.0,0.0,0,,,0.0,0,
6833,338816,-5.0,0.0,0.0,0,,,0.0,0,
6834,338880,-5.0,0.0,0.0,0,,,0.0,0,
6835,339008,-5.0,0.0,0.0,0,,,0.0,0,
6836,339008,11.2,1.0,0.0,0,,,0.0,0,
6837,339072,-4.0,0.0,0.0,0,,,0.0,0,
6838,339072,-5.0,0.0,0.0,0,,,0.0,0,
6839,339136,-5.0,0.0,0.0,0,,,0.0,0,
6840,339200,-4.0,0.0,0.0,0,,,0.0,0,
6841,339200,-4.0,0.0,0.0,0,,,0.0,0,
6842,339200,-5.0,0.0,0.0,0,,,0.0,0,
6843,339264,-5.0,0.0,0.0,0,,,0.0,0,
6844,339328,-5.0,0.0,0.0,0,,,0.0,0,
6845,339328,-5.0,0.0,0.0,0,,,0.0,0,
6846,339328,-4.0,0.0,0.0,0,,,0.0,0,
6847,339392,-5.0,0.0,0.0,0,,,0.0,0,
6848,339520,-5.0,0.0,0.0,0,,,0.0,0,
6849,339520,-4.0,0.0,0.0,0,,,0.0,0,
6850,339584,-5.0,0.0,0.0,0,,,0.0,0,
6851,339584,-4.0,0.0,0.0,0,,,0.0,0,
6852,339648,-5.0,0.0,0.0,0,,,0.0,0,
6853,339648,-4.0,0.0,0.0,0,,,0.0,0,
6854,339776,10.9,1.0,0.0,0,,,0.0,0,
6855,339776,-5.0,0.0,0.0,0,,,0.0,0,
6856,339776,-5.0,0.0,0.0,0,,,0.0,0,
6857,339904,-5.0,0.0,0.0,0,,,0.0,0,
6858,339968,-4.0,0.0,0.0,0,,,0.0,0,
6859,339968,-4.0,0.0,0.0,0,,,0.0,0,
6860,339968,-4.0,0.0,0.0,0,,,0.0,0,
6861,340032,-5.0,0.0,0.0,0,,,0.0,0,
6862,340160,-4.0,0.0,0.0,0,,,0.0,0,
6863,340160,-5.0,0.0,0.0,0,,,0.0,0,
6864,340352,10.0,1.0,0.0,0,,,0.0,0,
6865,340352,-5.0,0.0,0.0,0,,,0.0,0,
6866,340416,-4.0,0.0,0.0,0,,,0.0,0,
6867,340416,-4.0,0.0,0.0,0,,,0.0,0,
6868,340480,-5.0,0.0,0.0,0,,,0.0,0,
6869,340480,-5.0,0.0,0.0,0,,,0.0,0,
6870,340544,-5.0,0.0,0.0,0,,,0.0,0,
6871,340608,9.2,1.0,0.0,0,,,0.0,0,
6872,340608,-5.0,0.0,0.0,0,,,0.0,0,
6873,340672,-4.0,0.0,0.0,0,,,0.0,0,
6874,340672,-5.0,0.0,0.0,0,,,0.0,0,
6875,340736,-4.0,0.0,0.0,0,,,0.0,0,
6876,340800,-4.0,0.0,0.0,0,,,0.0,0,
6877,340928,-5.0,0.0,0.0,0,,,0.0,0,
6878,340928,-4.0,0.0,0.0,0,,,0.0,0,
6879,340928,-5.0,0.0,0.0,0,,,0.0,0,
6880,340992,-4.0,0.0,0.0,0,,,0.0,0,
6881,340992,-4.0,0.0,0.0,0,,,0.0,0,
6882,341120,-5.0,0.0,0.0,0,,,0.0,0,
6883,341120,-5.0,0.0,0.0,0,,,0.0,0,
6884,341120,-5.0,0.0,0.0,0,,,0.0,0,
6885,341248,-4.0,0.0,0.0,0,,,0.0,0,
6886,341248,-5.0,0.0,0.0,0,,,0.0,0,
6887,341376,-4.0,0.0,0.0,0,,,0.0,0,
6888,341504,-5.0,0.0,0.0,0,,,0.0,0,
6889,341504,-5.0,0.0,0.0,0,,,0.0,0,
6890,341632,-5.0,0.0,0.0,0,,,0.0,0,
6891,341696,-5.0,0.0,0.0,0,,,0.0,0,
6892,341696,-5.0,0.0,0.0,0,,,0.0,0,
6893,341760,-5.0,0.0,0.0,0,,,0.0,0,
6894,341760,-5.0,0.0,0.0,0,,,0.0,0,
6895,341824,-4.0,0.0,0.0,0,,,0.0,0,
6896,341888,-5.0,0.0,0.0,0,,,0.0,0,
6897,341952,-4.0,0.0,0.0,0,,,0.0,0,
6898,341952,-5.0,0.0,0.0,0,,,0.0,0,
6899,342080,-5.0,0.0,0.0,0,,,0.0,0,
6900,342144,-5.0,0.0,0.0,0,,,0.0,0,
6901,342336,-5.0,0.0,0.0,0,,,0.0,0,
6902,342336,-4.0,0.0,0.0,0,,,0.0,0,
6903,342400,-4.0,0.0,0.0,0,,,0.0,0,
6904,342464,-5.0,0.0,0.0,0,,,0.0,0,
6905,342464,-4.0,0.0,0.0,0,,,0.0,0,
6906,342464,-5.0,0.0,0.0,0,,,0.0,0,
6907,342528,-5.0,0.0,0.0,0,,,0.0,0,
6908,342592,-5.0,0.0,0.0,0,,,0.0,0,
6909,342592,-5.0,0.0,0.0,0,,,0.0,0,
6910,342592,-5.0,0.0,0.0,0,,,0.0,0,
6911,342656,-5.0,0.0,0.0,0,,,0.0,0,
6912,342784,-4.0,0.0,0.0,0,,,0.0,0,
6913,342784,-5.0,0.0,0.0,0,,,0.0,0,
6914,342848,-4.0,0.0,0.0,0,,,0.0,0,
6915,342848,-4.0,0.0,0.0,0,,,0.0,0,
6916,342912,-5.0,0.0,0.0,0,,,0.0,0,
6917,342912,-5.0,0.0,0.0,0,,,0.0,0,
6918,342976,11.5,1.0,0.0,0,,,0.0,0,
6919,343040,-5.0,0.0,0.0,0,,,0.0,0,
6920,343040,-5.0,0.0,0.0,0,,,0.0,0,
6921,343040,-5.0,0.0,0.0,0,,,0.0,0,
6922,343168,-5.0,0.0,0.0,0,,,0.0,0,
6923,343232,-5.0,0.0,0.0,0,,,0.0,0,
6924,343232,-4.0,0.0,0.0,0,,,0.0,0,
6925,343232,-5.0,0.0,0.0,0,,,0.0,0,
6926,343296,-5.0,0.0,0.0,0,,,0.0,0,
6927,343424,-5.0,0.0,0.0,0,,,0.0,0,
6928,343424,-5.0,0.0,0.0,0,,,0.0,0,
6929,343616,-5.0,0.0,0.0,0,,,0.0,0,
6930,343616,-5.0,0.0,0.0,0,,,0.0,0,
6931,343680,9.6,1.0,0.0,0,,,0.0,0,
6932,343680,-5.0,0.0,0.0,0,,,0.0,0,
6933,343680,-4.0,0.0,0.0,0,,,0.0,0,
6934,343744,-5.0,0.0,0.0,0,,,0.0,0,
6935,343744,-4.0,0.0,0.0,0,,,0.0,0,
6936,343808,-5.0,0.0,0.0,0,,,0.0,0,
6937,343872,-4.0,0.0,0.0,0,,,0.0,0,
6938,343872,-4.0,0.0,0.0,0,,,0.0,0,
6939,343936,-5.0,0.0,0.0,0,,,0.0,0,
6940,343936,-4.0,0.0,0.0,0,,,0.0,0,
6941,344000,-4.0,0.0,0.0,0,,,0.0,0,
6942,344064,-5.0,0.0,0.0,0,,,0.0,0,
6943,344192,-5.0,0.0,0.0,0,,,0.0,0,
6944,344192,-5.0,0.0,0.0,0,,,0.0,0,
6945,344192,-5.0,0.0,0.0,0,,,0.0,0,
6946,344256,-5.0,0.0,0.0,0,,,0.0,0,
6947,344256,-5.0,0.0,0.0,0,,,0.0,0,
6948,344384,-4.0,0.0,0.0,0,,,0.0,0,
6949,344384,-5.0,0.0,0.0,0,,,0.0,0,
6950,344384,-5.0,0.0,0.0,0,,,0.0,0,
6951,344512,-5.0,0.0,0.0,0,,,0.0,0,
6952,344512,-5.0,0.0,0.0,0,,,0.0,0,
6953,344640,-5.0,0.0,0.0,0,,,0.0,0,
6954,344768,-5.0,0.0,0.0,0,,,0.0,0,
6955,344768,-5.0,0.0,0.0,0,,,0.0,0,
6956,344896,-5.0,0.0,0.0,0,,,0.0,0,
6957,344960,-5.0,0.0,0.0,0,,,0.0,0,
6958,344960,-4.0,0.0,0.0,0,,,0.0,0,
6959,345024,-5.0,0.0,0.0,0,,,0.0,0,
6960,345024,-5.0,0.0,0.0,0,,,0.0,0,
6961,345088,-5.0,0.0,0.0,0,,,0.0,0,
6962,345152,-4.0,0.0,0.0,0,,,0.0,0,
6963,345216,-5.0,0.0,0.0,0,,,0.0,0,
6964,345216,-5.0,0.0,0.0,0,,,0.0,0,
6965,345408,-5.0,0.0,0.0,0,,,0.0,0,
6966,345600,-5.0,0.0,0.0,0,,,0.0,0,
6967,345600,-5.0,0.0,0.0,0,,,0.0,0,
6968,345664,-5.0,0.0,0.0,0,,,0.0,0,
6969,345728,-4.0,0.0,0.0,0,,,0.0,0,
6970,345728,-5.0,0.0,0.0,0,,,0.0,0,
6971,345728,-5.0,0.0,0.0,0,,,0.0,0,
6972,345792,-5.0,0.0,0.0,0,,,0.0,0,
6973,345856,-4.0,0.0,0.0,0,,,0.0,0,
6974,345856,-4.0,0.0,0.0,0,,,0.0,0,
6975,345920,-5.0,0.0,0.0,0,,,0.0,0,
6976,346048,-4.0,0.0,0.0,0,,,0.0,0,
6977,346048,-5.0,0.0,0.0,0,,,0.0,0,
6978,346112,-4.0,0.0,0.0,0,,,0.0,0,
6979,346112,-5.0,0.0,0.0,0,,,0.0,0,
6980,346176,-5.0,0.0,0.0,0,,,0.0,0,
6981,346176,-5.0,0.0,0.0,0,,,0.0,0,
6982,346240,-5.0,0.0,0.0,0,,,0.0,0,
6983,346304,-5.0,0.0,0.0,0,,,0.0,0,
6984,346304,-5.0,0.0,0.0,0,,,0.0,0,
6985,346304,-4.0,0.0,0.0,0,,,0.0,0,
6986,346432,-5.0,0.0,0.0,0,,,0.0,0,
6987,346496,-5.0,0.0,0.0,0,,,0.0,0,
6988,346496,-5.0,0.0,0.0,0,,,0.0,0,
6989,346496,-5.0,0.0,0.0,0,,,0.0,0,
6990,346560,-4.0,0.0,0.0,0,,,0.0,0,
6991,346688,-5.0,0.0,0.0,0,,,0.0,0,
6992,346688,-5.0,0.0,0.0,0,,,0.0,0,
6993,346880,-5.0,0.0,0.0,0,,,0.0,0,
6994,346880,-5.0,0.0,0.0,0,,,0.0,0,
6995,346944,-4.0,0.0,0.0,0,,,0.0,0,
6996,346944,-5.0,0.0,0.0,0,,,0.0,0,
6997,346944,-5.0,0.0,0.0,0,,,0.0,0,
6998,347008,-5.0,0.0,0.0,0,,,0.0,0,
6999,347008,-4.0,0.0,0.0,0,,,0.0,0,
7000,347072,-5.0,0.0,0.0,0,,,0.0,0,
7001,347136,-5.0,0.0,0.0,0,,,0.0,0,
7002,347136,-5.0,0.0,0.0,0,,,0.0,0,
7003,347200,10.6,1.0,0.0,0,,,0.0,0,
7004,347200,-5.0,0.0,0.0,0,,,0.0,0,
7005,347200,-5.0,0.0,0.0,0,,,0.0,0,
7006,347264,-4.0,0.0,0.0,0,,,0.0,0,
7007,347328,-4.0,0.0,0.0,0,,,0.0,0,
7008,347456,-5.0,0.0,0.0,0,,,0.0,0,
7009,347456,9.6,1.0,0.0,0,,,0.0,0,
7010,347456,-4.0,0.0,0.0,0,,,0.0,0,
7011,347456,-4.0,0.0,0.0,0,,,0.0,0,
7012,347520,-4.0,0.0,0.0,0,,,0.0,0,
7013,347520,-5.0,0.0,0.0,0,,,0.0,0,
7014,347648,-5.0,0.0,0.0,0,,,0.0,0,
7015,347648,-5.0,0.0,0.0,0,,,0.0,0,
7016,347648,-5.0,0.0,0.0,0,,,0.0,0,
7017,347776,-5.0,0.0,0.0,0,,,0.0,0,
7018,347776,-5.0,0.0,0.0,0,,,0.0,0,
7019,347776,11.7,1.0,0.0,0,,,0.0,0,
7020,347904,-4.0,0.0,0.0,0,,,0.0,0,
7021,348032,-5.0,0.0,0.0,0,,,0.0,0,
7022,348032,-5.0,0.0,0.0,0,,,0.0,0,
7023,348160,-5.0,0.0,0.0,0,,,0.0,0,
7024,348224,-4.0,0.0,0.0,0,,,0.0,0,
7025,348224,-5.0,0.0,0.0,0,,,0.0,0,
7026,348288,-5.0,0.0,0.0,0,,,0.0,0,
7027,348288,-5.0,0.0,0.0,0,,,0.0,0,
7028,348352,-5.0,0.0,0.0,0,,,0.0,0,
7029,348416,-5.0,0.0,0.0,0,,,0.0,0,
7030,348480,-5.0,0.0,0.0,0,,,0.0,0,
7031,348480,-5.0,0.0,0.0,0,,,0.0,0,
7032,348672,-4.0,0.0,0.0,0,,,0.0,0,
7033,348736,9.3,1.0,0.0,0,,,0.0,0,
7034,348864,-4.0,0.0,0.0,0,,,0.0,0,
7035,348864,-5.0,0.0,0.0,0,,,0.0,0,
7036,348928,-5.0,0.0,0.0,0,,,0.0,0,
7037,348992,-4.0,0.0,0.0,0,,,0.0,0,
7038,348992,-5.0,0.0,0.0,0,,,0.0,0,
7039,348992,-5.0,0.0,0.0,0,,,0.0,0,
7040,349056,-5.0,0.0,0.0,0,,,0.0,0,
7041,349120,10.7,1.0,0.0,0,,,0.0,0,
7042,349120,-5.0,0.0,0.0,0,,,0.0,0,
7043,349184,-5.0,0.0,0.0,0,,,0.0,0,
7044,349312,-4.0,0.0,0.0,0,,,0.0,0,
7045,349312,-5.0,0.0,0.0,0,,,0.0,0,
7046,349376,-4.0,0.0,0.0,0,,,0.0,0,
7047,349376,-4.0,0.0,0.0,0,,,0.0,0,
7048,349440,-5.0,0.0,0.0,0,,,0.0,0,
7049,349440,-5.0,0.0,0.0,0,,,0.0,0,
7050,349568,-5.0,0.0,0.0,0,,,0.0,0,
7051,349568,-4.0,0.0,0.0,0,,,0.0,0,
7052,349568,-5.0,0.0,0.0,0,,,0.0,0,
7053,349696,-5.0,0.0,0.0,0,,,0.0,0,
7054,349760,-4.0,0.0,0.0,0,,,0.0,0,
7055,349760,-5.0,0.0,0.0,0,,,0.0,0,
7056,349760,-5.0,0.0,0.0,0,,,0.0,0,
7057,349824,-5.0,0.0,0.0,0,,,0.0,0,
7058,349952,-5.0,0.0,0.0,0,,,0.0,0,
7059,349952,-5.0,0.0,0.0,0,,,0.0,0,
7060,350144,-5.0,0.0,0.0,0,,,0.0,0,
7061,350144,-5.0,0.0,0.0,0,,,0.0,0,
7062,350208,-5.0,0.0,0.0,0,,,0.0,0,
7063,350208,-4.0,0.0,0.0,0,,,0.0,0,
7064,350272,-4.0,0.0,0.0,0,,,0.0,0,
7065,350272,-4.0,0.0,0.0,0,,,0.0,0,
7066,350336,-5.0,0.0,0.0,0,,,0.0,0,
7067,350400,-5.0,0.0,0.0,0,,,0.0,0,
7068,350400,-5.0,0.0,0.0,0,,,0.0,0,
7069,350464,-5.0,0.0,0.0,0,,,0.0,0,
7070,350464,-5.0,0.0,0.0,0,,,0.0,0,
7071,350464,-5.0,0.0,0.0,0,,,0.0,0,
7072,350528,-4.0,0.0,0.0,0,,,0.0,0,
7073,350592,-5.0,0.0,0.0,0,,,0.0,0,
7074,350720,-5.0,0.0,0.0,0,,,0.0,0,
7075,350720,-5.0,0.0,0.0,0,,,0.0,0,
7076,350720,-5.0,0.0,0.0,0,,,0.0,0,
7077,350720,-5.0,0.0,0.0,0,,,0.0,0,
7078,350784,-4.0,0.0,0.0,0,,,0.0,0,
7079,350912,-5.0,0.0,0.0,0,,,0.0,0,
7080,350912,-4.0,0.0,0.0,0,,,0.0,0,
7081,350912,-5.0,0.0,0.0,0,,,0.0,0,
7082,350976,10.2,1.0,0.0,0,,,0.0,0,
7083,351040,-4.0,0.0,0.0,0,,,0.0,0,
7084,351040,-5.0,0.0,0.0,0,,,0.0,0,
7085,351040,-5.0,0.0,0.0,0,,,0.0,0,
7086,351104,10.6,1.0,0.0,0,,,0.0,0,
7087,351168,-4.0,0.0,0.0,0,,,0.0,0,
7088,351296,-5.0,0.0,0.0,0,,,0.0,0,
7089,351296,-5.0,0.0,0.0,0,,,0.0,0,
7090,351424,-5.0,0.0,0.0,0,,,0.0,0,
7091,351488,-4.0,0.0,0.0,0,,,0.0,0,
7092,351552,-5.0,0.0,0.0,0,,,0.0,0,
7093,351552,-5.0,0.0,0.0,0,,,0.0,0,
7094,351616,-4.0,0.0,0.0,0,,,0.0,0,
7095,351680,-5.0,0.0,0.0,0,,,0.0,0,
7096,351744,-4.0,0.0,0.0,0,,,0.0,0,
7097,351744,-4.0,0.0,0.0,0,,,0.0,0,
7098,351936,-5.0,0.0,0.0,0,,,0.0,0,
7099,352000,-5.0,0.0,0.0,0,,,0.0,0,
7100,352128,-5.0,0.0,0.0,0,,,0.0,0,
7101,352128,-4.0,0.0,0.0,0,,,0.0,0,
7102,352192,-5.0,0.0,0.0,0,,,0.0,0,
7103,352256,-5.0,0.0,0.0,0,,,0.0,0,
7104,352256,-5.0,0.0,0.0,0,,,0.0,0,
7105,352256,-5.0,0.0,0.0,0,,,0.0,0,
7106,352320,-5.0,0.0,0.0,0,,,0.0,0,
7107,352384,-5.0,0.0,0.0,0,,,0.0,0,
7108,352384,-5.0,0.0,0.0,0,,,0.0,0,
7109,352448,-5.0,0.0,0.0,0,,,0.0,0,
7110,352576,-4.0,0.0,0.0,0,,,0.0,0,
7111,352576,-4.0,0.0,0.0,0,,,0.0,0,
7112,352640,-5.0,0.0,0.0,0,,,0.0,0,
7113,352640,-5.0,0.0,0.0,0,,,0.0,0,
7114,352704,-4.0,0.0,0.0,0,,,0.0,0,
7115,352704,-5.0,0.0,0.0,0,,,0.0,0,
7116,352832,-5.0,0.0,0.0,0,,,0.0,0,
7117,352832,-5.0,0.0,0.0,0,,,0.0,0,
7118,352832,-5.0,0.0,0.0,0,,,0.0,0,
7119,352960,-5.0,0.0,0.0,0,,,0.0,0,
7120,353024,-5.0,0.0,0.0,0,,,0.0,0,
7121,353024,-5.0,0.0,0.0,0,,,0.0,0,
7122,353088,-5.0,0.0,0.0,0,,,0.0,0,
7123,353216,-5.0,0.0,0.0,0,,,0.0,0,
7124,353216,-4.0,0.0,0.0,0,,,0.0,0,
7125,353408,-5.0,0.0,0.0,0,,,0.0,0,
7126,353472,-5.0,0.0,0.0,0,,,0.0,0,
7127,353472,-4.0,0.0,0.0,0,,,0.0,0,
7128,353536,-4.0,0.0,0.0,0,,,0.0,0,
7129,353536,-4.0,0.0,0.0,0,,,0.0,0,
7130,353600,-4.0,0.0,0.0,0,,,0.0,0,
7131,353664,11.8,1.0,0.0,0,,,0.0,0,
7132,353664,-5.0,0.0,0.0,0,,,0.0,0,
7133,353664,-5.0,0.0,0.0,0,,,0.0,0,
7134,353728,-5.0,0.0,0.0,0,,,0.0,0,
7135,353728,-5.0,0.0,0.0,0,,,0.0,0,
7136,353728,-5.0,0.0,0.0,0,,,0.0,0,
7137,353792,-4.0,0.0,0.0,0,,,0.0,0,
7138,353856,-4.0,0.0,0.0,0,,,0.0,0,
7139,353984,-5.0,0.0,0.0,0,,,0.0,0,
7140,353984,-5.0,0.0,0.0,0,,,0.0,0,
7141,353984,-5.0,0.0,0.0,0,,,0.0,0,
7142,353984,-5.0,0.0,0.0,0,,,0.0,0,
7143,354048,-5.0,0.0,0.0,0,,,0.0,0,
7144,354176,-5.0,0.0,0.0,0,,,0.0,0,
7145,354176,-5.0,0.0,0.0,0,,,0.0,0,
7146,354176,-5.0,0.0,0.0,0,,,0.0,0,
7147,354240,-5.0,0.0,0.0,0,,,0.0,0,
7148,354304,-4.0,0.0,0.0,0,,,0.0,0,
7149,354304,-5.0,0.0,0.0,0,,,0.0,0,
7150,354304,-5.0,0.0,0.0,0,,,0.0,0,
7151,354368,-5.0,0.0,0.0,0,,,0.0,0,
7152,354432,-4.0,0.0,0.0,0,,,0.0,0,
7153,354560,-5.0,0.0,0.0,0,,,0.0,0,
7154,354560,-5.0,0.0,0.0,0,,,0.0,0,
7155,354688,-5.0,0.0,0.0,0,,,0.0,0,
7156,354752,9.5,1.0,0.0,0,,,0.0,0,
7157,354752,-5.0,0.0,0.0,0,,,0.0,0,
7158,354816,10.8,1.0,0.0,0,,,0.0,0,
7159,354816,-4.0,0.0,0.0,0,,,0.0,0,
7160,354816,-5.0,0.0,0.0,0,,,0.0,0,
7161,354880,-5.0,0.0,0.0,0,,,0.0,0,
7162,354944,-5.0,0.0,0.0,0,,,0.0,0,
7163,355008,-5.0,0.0,0.0,0,,,0.0,0,
7164,355008,-5.0,0.0,0.0,0,,,0.0,0,
7165,355200,-4.0,0.0,0.0,0,,,0.0,0,
7166,355264,-4.0,0.0,0.0,0,,,0.0,0,
7167,355328,8.5,1.0,0.0,0,,,0.0,0,
7168,355392,-5.0,0.0,0.0,0,,,0.0,0,
7169,355392,-5.0,0.0,0.0,0,,,0.0,0,
7170,355456,-5.0,0.0,0.0,0,,,0.0,0,
7171,355520,-5.0,0.0,0.0,0,,,0.0,0,
7172,355520,-5.0,0.0,0.0,0,,,0.0,0,
7173,355520,-5.0,0.0,0.0,0,,,0.0,0,
7174,355584,-4.0,0.0,0.0,0,,,0.0,0,
7175,355648,-5.0,0.0,0.0,0,,,0.0,0,
7176,355648,-4.0,0.0,0.0,0,,,0.0,0,
7177,355712,-5.0,0.0,0.0,0,,,0.0,0,
7178,355840,-5.0,0.0,0.0,0,,,0.0,0,
7179,355840,-4.0,0.0,0.0,0,,,0.0,0,
7180,355904,-4.0,0.0,0.0,0,,,0.0,0,
7181,355904,-5.0,0.0,0.0,0,,,0.0,0,
7182,355968,-4.0,0.0,0.0,0,,,0.0,0,
7183,355968,-5.0,0.0,0.0,0,,,0.0,0,
7184,356096,-5.0,0.0,0.0,0,,,0.0,0,
7185,356096,-5.0,0.0,0.0,0,,,0.0,0,
7186,356096,11.2,1.0,0.0,0,,,0.0,0,
7187,356096,-4.0,0.0,0.0,0,,,0.0,0,
7188,356224,-4.0,0.0,0.0,0,,,0.0,0,
7189,356288,-5.0,0.0,0.0,0,,,0.0,0,
7190,356480,-4.0,0.0,0.0,0,,,0.0,0,
7191,356480,-5.0,0.0,0.0,0,,,0.0,0,
7192,356672,-4.0,0.0,0.0,0,,,0.0,0,
7193,356672,7.9,1.0,0.0,0,,,0.0,0,
7194,356736,-4.0,0.0,0.0,0,,,0.0,0,
7195,356800,-5.0,0.0,0.0,0,,,0.0,0,
7196,356800,-5.0,0.0,0.0,0,,,0.0,0,
7197,356864,-5.0,0.0,0.0,0,,,0.0,0,
7198,356928,-4.0,0.0,0.0,0,,,0.0,0,
7199,356928,-5.0,0.0,0.0,0,,,0.0,0,
7200,356928,-4.0,0.0,0.0,0,,,0.0,0,
7201,356992,-5.0,0.0,0.0,0,,,0.0,0,
7202,356992,-4.0,0.0,0.0,0,,,0.0,0,
7203,356992,-4.0,0.0,0.0,0,,,0.0,0,
7204,357056,-5.0,0.0,0.0,0,,,0.0,0,
7205,357120,-5.0,0.0,0.0,0,,,0.0,0,
7206,357248,-5.0,0.0,0.0,0,,,0.0,0,
7207,357248,-5.0,0.0,0.0,0,,,0.0,0,
7208,357312,-4.0,0.0,0.0,0,,,0.0,0,
7209,357440,-5.0,0.0,0.0,0,,,0.0,0,
7210,357440,-5.0,0.0,0.0,0,,,0.0,0,
7211,357440,-4.0,0.0,0.0,0,,,0.0,0,
7212,357504,-5.0,0.0,0.0,0,,,0.0,0,
7213,357568,-4.0,0.0,0.0,0,,,0.0,0,
7214,357568,-4.0,0.0,0.0,0,,,0.0,0,
7215,357568,-5.0,0.0,0.0,0,,,0.0,0,
7216,357632,-5.0,0.0,0.0,0,,,0.0,0,
7217,357696,-5.0,0.0,0.0,0,,,0.0,0,
7218,357824,-4.0,0.0,0.0,0,,,0.0,0,
7219,357824,-4.0,0.0,0.0,0,,,0.0,0,
7220,357952,-5.0,0.0,0.0,0,,,0.0,0,
7221,358016,-4.0,0.0,0.0,0,,,0.0,0,
7222,358016,-5.0,0.0,0.0,0,,,0.0,0,
7223,358080,-5.0,0.0,0.0,0,,,0.0,0,
7224,358080,-4.0,0.0,0.0,0,,,0.0,0,
7225,358080,-5.0,0.0,0.0,0,,,0.0,0,
7226,358144,-5.0,0.0,0.0,0,,,0.0,0,
7227,358208,-4.0,0.0,0.0,0,,,0.0,0,
7228,358272,-5.0,0.0,0.0,0,,,0.0,0,
7229,358272,-5.0,0.0,0.0,0,,,0.0,0,
7230,358464,-5.0,0.0,0.0,0,,,0.0,0,
7231,358528,-5.0,0.0,0.0,0,,,0.0,0,
7232,358592,-4.0,0.0,0.0,0,,,0.0,0,
7233,358656,-4.0,0.0,0.0,0,,,0.0,0,
7234,358656,-4.0,0.0,0.0,0,,,0.0,0,
7235,358720,7.7,1.0,0.0,0,,,0.0,0,
7236,358720,-4.0,0.0,0.0,0,,,0.0,0,
7237,358784,-5.0,0.0,0.0,0,,,0.0,0,
7238,358784,-4.0,0.0,0.0,0,,,0.0,0,
7239,358848,-5.0,0.0,0.0,0,,,0.0,0,
7240,358848,7.1,1.0,0.0,0,,,0.0,0,
7241,358912,-4.0,0.0,0.0,0,,,0.0,0,
7242,358976,-5.0,0.0,0.0,0,,,0.0,0,
7243,359040,8.8,1.0,0.0,0,,,0.0,0,
7244,359104,-4.0,0.0,0.0,0,,,0.0,0,
7245,359104,-4.0,0.0,0.0,0,,,0.0,0,
7246,359168,-5.0,0.0,0.0,0,,,0.0,0,
7247,359232,-5.0,0.0,0.0,0,,,0.0,0,
7248,359232,-5.0,0.0,0.0,0,,,0.0,0,
7249,359360,-5.0,0.0,0.0,0,,,0.0,0,
7250,359360,-4.0,0.0,0.0,0,,,0.0,0,
7251,359360,-4.0,0.0,0.0,0,,,0.0,0,
7252,359360,-5.0,0.0,0.0,0,,,0.0,0,
7253,359488,-4.0,0.0,0.0,0,,,0.0,0,
7254,359552,-5.0,0.0,0.0,0,,,0.0,0,
7255,359744,-5.0,0.0,0.0,0,,,0.0,0,
7256,359744,-5.0,0.0,0.0,0,,,0.0,0,
7257,359936,-5.0,0.0,0.0,0,,,0.0,0,
7258,359936,-5.0,0.0,0.0,0,,,0.0,0,
7259,360000,-5.0,0.0,0.0,0,,,0.0,0,
7260,360064,-4.0,0.0,0.0,0,,,0.0,0,
7261,360064,-4.0,0.0,0.0,0,,,0.0,0,
7262,360128,-4.0,0.0,0.0,0,,,0.0,0,
7263,360192,-5.0,0.0,0.0,0,,,0.0,0,
7264,360192,-5.0,0.0,0.0,0,,,0.0,0,
7265,360192,9.5,1.0,0.0,0,,,0.0,0,
7266,360256,-5.0,0.0,0.0,0,,,0.0,0,
7267,360256,-4.0,0.0,0.0,0,,,0.0,0,
7268,360256,-5.0,0.0,0.0,0,,,0.0,0,
7269,360320,-5.0,0.0,0.0,0,,,0.0,0,
7270,360384,-5.0,0.0,0.0,0,,,0.0,0,
7271,360512,-4.0,0.0,0.0,0,,,0.0,0,
7272,360512,-5.0,0.0,0.0,0,,,0.0,0,
7273,360576,-5.0,0.0,0.0,0,,,0.0,0,
7274,360704,-4.0,0.0,0.0,0,,,0.0,0,
7275,360704,-5.0,0.0,0.0,0,,,0.0,0,
7276,360704,-5.0,0.0,0.0,0,,,0.0,0,
7277,360768,-5.0,0.0,0.0,0,,,0.0,0,
7278,360832,-5.0,0.0,0.0,0,,,0.0,0,
7279,360832,-4.0,0.0,0.0,0,,,0.0,0,
7280,360832,-5.0,0.0,0.0,0,,,0.0,0,
7281,360896,-5.0,0.0,0.0,0,,,0.0,0,
7282,360896,11.1,1.0,0.0,0,,,0.0,0,
7283,360960,-5.0,0.0,0.0,0,,,0.0,0,
7284,361088,-5.0,0.0,0.0,0,,,0.0,0,
7285,361088,-5.0,0.0,0.0,0,,,0.0,0,
7286,361216,-4.0,0.0,0.0,0,,,0.0,0,
7287,361280,-5.0,0.0,0.0,0,,,0.0,0,
7288,361280,-4.0,0.0,0.0,0,,,0.0,0,
7289,361344,-5.0,0.0,0.0,0,,,0.0,0,
7290,361344,-5.0,0.0,0.0,0,,,0.0,0,
7291,361344,-5.0,0.0,0.0,0,,,0.0,0,
7292,361408,-5.0,0.0,0.0,0,,,0.0,0,
7293,361408,10.7,1.0,0.0,0,,,0.0,0,
7294,361472,-5.0,0.0,0.0,0,,,0.0,0,
7295,361536,-5.0,0.0,0.0,0,,,0.0,0,
7296,361536,-5.0,0.0,0.0,0,,,0.0,0,
7297,361728,-4.0,0.0,0.0,0,,,0.0,0,
7298,361856,-5.0,0.0,0.0,0,,,0.0,0,
7299,361920,-4.0,0.0,0.0,0,,,0.0,0,
7300,361920,-5.0,0.0,0.0,0,,,0.0,0,
7301,361984,-4.0,0.0,0.0,0,,,0.0,0,
7302,361984,-4.0,0.0,0.0,0,,,0.0,0,
7303,362048,-4.0,0.0,0.0,0,,,0.0,0,
7304,362048,-5.0,0.0,0.0,0,,,0.0,0,
7305,362112,-5.0,0.0,0.0,0,,,0.0,0,
7306,362112,-5.0,0.0,0.0,0,,,0.0,0,
7307,362176,-5.0,0.0,0.0,0,,,0.0,0,
7308,362240,11.0,1.0,0.0,0,,,0.0,0,
7309,362240,-5.0,0.0,0.0,0,,,0.0,0,
7310,362304,-5.0,0.0,0.0,0,,,0.0,0,
7311,362368,-5.0,0.0,0.0,0,,,0.0,0,
7312,362368,-5.0,0.0,0.0,0,,,0.0,0,
7313,362432,-5.0,0.0,0.0,0,,,0.0,0,
7314,362496,-5.0,0.0,0.0,0,,,0.0,0,
7315,362496,-4.0,0.0,0.0,0,,,0.0,0,
7316,362624,-5.0,0.0,0.0,0,,,0.0,0,
7317,362624,-5.0,0.0,0.0,0,,,0.0,0,
7318,362624,-5.0,0.0,0.0,0,,,0.0,0,
7319,362624,-5.0,0.0,0.0,0,,,0.0,0,
7320,362752,-4.0,0.0,0.0,0,,,0.0,0,
7321,362816,-5.0,0.0,0.0,0,,,0.0,0,
7322,363008,-5.0,0.0,0.0,0,,,0.0,0,
7323,363008,-5.0,0.0,0.0,0,,,0.0,0,
7324,363200,-5.0,0.0,0.0,0,,,0.0,0,
7325,363200,-5.0,0.0,0.0,0,,,0.0,0,
7326,363264,-5.0,0.0,0.0,0,,,0.0,0,
7327,363328,-4.0,0.0,0.0,0,,,0.0,0,
7328,363328,-5.0,0.0,0.0,0,,,0.0,0,
7329,363392,-5.0,0.0,0.0,0,,,0.0,0,
7330,363456,-5.0,0.0,0.0,0,,,0.0,0,
7331,363456,-4.0,0.0,0.0,0,,,0.0,0,
7332,363456,-5.0,0.0,0.0,0,,,0.0,0,
7333,363520,-5.0,0.0,0.0,0,,,0.0,0,
7334,363520,-4.0,0.0,0.0,0,,,0.0,0,
7335,363584,-5.0,0.0,0.0,0,,,0.0,0,
7336,363648,-5.0,0.0,0.0,0,,,0.0,0,
7337,363776,-4.0,0.0,0.0,0,,,0.0,0,
7338,363840,-5.0,0.0,0.0,0,,,0.0,0,
7339,363968,-5.0,0.0,0.0,0,,,0.0,0,
7340,363968,-5.0,0.0,0.0,0,,,0.0,0,
7341,363968,-5.0,0.0,0.0,0,,,0.0,0,
7342,364032,-5.0,0.0,0.0,0,,,0.0,0,
7343,364032,11.3,1.0,0.0,0,,,0.0,0,
7344,364096,-5.0,0.0,0.0,0,,,0.0,0,
7345,364096,-5.0,0.0,0.0,0,,,0.0,0,
7346,364096,-5.0,0.0,0.0,0,,,0.0,0,
7347,364160,-4.0,0.0,0.0,0,,,0.0,0,
7348,364160,-4.0,0.0,0.0,0,,,0.0,0,
7349,364224,-5.0,0.0,0.0,0,,,0.0,0,
7350,364352,-4.0,0.0,0.0,0,,,0.0,0,
7351,364352,-5.0,0.0,0.0,0,,,0.0,0,
7352,364480,-5.0,0.0,0.0,0,,,0.0,0,
7353,364544,-5.0,0.0,0.0,0,,,0.0,0,
7354,364544,-5.0,0.0,0.0,0,,,0.0,0,
7355,364608,11.7,1.0,0.0,0,,,0.0,0,
7356,364608,-5.0,0.0,0.0,0,,,0.0,0,
7357,364608,-5.0,0.0,0.0,0,,,0.0,0,
7358,364608,-5.0,0.0,0.0,0,,,0.0,0,
7359,364672,-4.0,0.0,0.0,0,,,0.0,0,
7360,364672,-5.0,0.0,0.0,0,,,0.0,0,
7361,364736,-4.0,0.0,0.0,0,,,0.0,0,
7362,364800,-5.0,0.0,0.0,0,,,0.0,0,
7363,364992,-4.0,0.0,0.0,0,,,0.0,0,
7364,365120,-5.0,0.0,0.0,0,,,0.0,0,
7365,365184,-5.0,0.0,0.0,0,,,0.0,0,
7366,365184,-4.0,0.0,0.0,0,,,0.0,0,
7367,365248,-4.0,0.0,0.0,0,,,0.0,0,
7368,365248,-4.0,0.0,0.0,0,,,0.0,0,
7369,365312,-5.0,0.0,0.0,0,,,0.0,0,
7370,365312,-5.0,0.0,0.0,0,,,0.0,0,
7371,365376,-5.0,0.0,0.0,0,,,0.0,0,
7372,365376,-4.0,0.0,0.0,0,,,0.0,0,
7373,365440,-5.0,0.0,0.0,0,,,0.0,0,
7374,365504,-5.0,0.0,0.0,0,,,0.0,0,
7375,365504,-5.0,0.0,0.0,0,,,0.0,0,
7376,365568,-4.0,0.0,0.0,0,,,0.0,0,
7377,365632,-5.0,0.0,0.0,0,,,0.0,0,
7378,365632,-4.0,0.0,0.0,0,,,0.0,0,
7379,365696,-4.0,0.0,0.0,0,,,0.0,0,
7380,365760,-4.0,0.0,0.0,0,,,0.0,0,
7381,365760,-5.0,0.0,0.0,0,,,0.0,0,
7382,365888,-5.0,0.0,0.0,0,,,0.0,0,
7383,365888,-5.0,0.0,0.0,0,,,0.0,0,
7384,365888,-5.0,0.0,0.0,0,,,0.0,0,
7385,365888,-5.0,0.0,0.0,0,,,0.0,0,
7386,366016,-4.0,0.0,0.0,0,,,0.0,0,
7387,366080,-5.0,0.0,0.0,0,,,0.0,0,
7388,366272,-5.0,0.0,0.0,0,,,0.0,0,
7389,366272,-5.0,0.0,0.0,0,,,0.0,0,
7390,366464,-5.0,0.0,0.0,0,,,0.0,0,
7391,366464,-5.0,0.0,0.0,0,,,0.0,0,
7392,366528,-5.0,0.0,0.0,0,,,0.0,0,
7393,366592,-4.0,0.0,0.0,0,,,0.0,0,
7394,366592,-5.0,0.0,0.0,0,,,0.0,0,
7395,366656,-5.0,0.0,0.0,0,,,0.0,0,
7396,366720,-4.0,0.0,0.0,0,,,0.0,0,
7397,366720,-5.0,0.0,0.0,0,,,0.0,0,
7398,366720,-5.0,0.0,0.0,0,,,0.0,0,
7399,366784,-5.0,0.0,0.0,0,,,0.0,0,
7400,366848,-4.0,0.0,0.0,0,,,0.0,0,
7401,366912,-5.0,0.0,0.0,0,,,0.0,0,
7402,367040,-5.0,0.0,0.0,0,,,0.0,0,
7403,367104,-5.0,0.0,0.0,0,,,0.0,0,
7404,367232,-5.0,0.0,0.0,0,,,0.0,0,
7405,367232,-5.0,0.0,0.0,0,,,0.0,0,
7406,367232,-4.0,0.0,0.0,0,,,0.0,0,
7407,367232,9.2,1.0,0.0,0,,,0.0,0,
7408,367296,-4.0,0.0,0.0,0,,,0.0,0,
7409,367296,7.2,1.0,0.0,0,,,0.0,0,
7410,367296,-5.0,0.0,0.0,0,,,0.0,0,
7411,367360,-4.0,0.0,0.0,0,,,0.0,0,
7412,367360,-5.0,0.0,0.0,0,,,0.0,0,
7413,367360,-5.0,0.0,0.0,0,,,0.0,0,
7414,367424,-5.0,0.0,0.0,0,,,0.0,0,
7415,367488,-5.0,0.0,0.0,0,,,0.0,0,
7416,367488,10.9,1.0,0.0,0,,,0.0,0,
7417,367616,-5.0,0.0,0.0,0,,,0.0,0,
7418,367744,-4.0,0.0,0.0,0,,,0.0,0,
7419,367808,-5.0,0.0,0.0,0,,,0.0,0,
7420,367808,-5.0,0.0,0.0,0,,,0.0,0,
7421,367872,-4.0,0.0,0.0,0,,,0.0,0,
7422,367872,-5.0,0.0,0.0,0,,,0.0,0,
7423,367872,-5.0,0.0,0.0,0,,,0.0,0,
7424,367872,-5.0,0.0,0.0,0,,,0.0,0,
7425,367936,-5.0,0.0,0.0,0,,,0.0,0,
7426,367936,-5.0,0.0,0.0,0,,,0.0,0,
7427,368000,-5.0,0.0,0.0,0,,,0.0,0,
7428,368064,-5.0,0.0,0.0,0,,,0.0,0,
7429,368064,9.7,1.0,0.0,0,,,0.0,0,
7430,368256,-4.0,0.0,0.0,0,,,0.0,0,
7431,368384,-4.0,0.0,0.0,0,,,0.0,0,
7432,368448,-5.0,0.0,0.0,0,,,0.0,0,
7433,368448,-5.0,0.0,0.0,0,,,0.0,0,
7434,368512,-4.0,0.0,0.0,0,,,0.0,0,
7435,368512,-5.0,0.0,0.0,0,,,0.0,0,
7436,368576,-5.0,0.0,0.0,0,,,0.0,0,
7437,368576,-5.0,0.0,0.0,0,,,0.0,0,
7438,368640,-5.0,0.0,0.0,0,,,0.0,0,
7439,368704,-4.0,0.0,0.0,0,,,0.0,0,
7440,368768,-4.0,0.0,0.0,0,,,0.0,0,
7441,368768,-4.0,0.0,0.0,0,,,0.0,0,
7442,368768,11.0,1.0,0.0,0,,,0.0,0,
7443,368832,9.8,1.0,0.0,0,,,0.0,0,
7444,368832,-5.0,0.0,0.0,0,,,0.0,0,
7445,368896,-5.0,0.0,0.0,0,,,0.0,0,
7446,368896,-5.0,0.0,0.0,0,,,0.0,0,
7447,368960,-5.0,0.0,0.0,0,,,0.0,0,
7448,369024,-5.0,0.0,0.0,0,,,0.0,0,
7449,369024,-4.0,0.0,0.0,0,,,0.0,0,
7450,369152,-5.0,0.0,0.0,0,,,0.0,0,
7451,369152,-5.0,0.0,0.0,0,,,0.0,0,
7452,369152,-4.0,0.0,0.0,0,,,0.0,0,
7453,369152,10.7,1.0,0.0,0,,,0.0,0,
7454,369152,-5.0,0.0,0.0,0,,,0.0,0,
7455,369280,-5.0,0.0,0.0,0,,,0.0,0,
7456,369344,11.5,1.0,0.0,0,,,0.0,0,
7457,369344,-5.0,0.0,0.0,0,,,0.0,0,
7458,369536,-4.0,0.0,0.0,0,,,0.0,0,
7459,369536,-5.0,0.0,0.0,0,,,0.0,0,
7460,369664,11.1,1.0,0.0,0,,,0.0,0,
7461,369728,-5.0,0.0,0.0,0,,,0.0,0,
7462,369728,-5.0,0.0,0.0,0,,,0.0,0,
7463,369792,9.2,1.0,0.0,0,,,0.0,0,
7464,369856,-5.0,0.0,0.0,0,,,0.0,0,
7465,369856,8.1,1.0,0.0,0,,,0.0,0,
7466,369856,-5.0,0.0,0.0,0,,,0.0,0,
7467,369920,-5.0,0.0,0.0,0,,,0.0,0,
7468,369984,-4.0,0.0,0.0,0,,,0.0,0,
7469,369984,-5.0,0.0,0.0,0,,,0.0,0,
7470,370048,10.7,1.0,0.0,0,,,0.0,0,
7471,370048,-5.0,0.0,0.0,0,,,0.0,0,
7472,370112,-5.0,0.0,0.0,0,,,0.0,0,
7473,370176,-4.0,0.0,0.0,0,,,0.0,0,
7474,370304,-5.0,0.0,0.0,0,,,0.0,0,
7475,370368,-5.0,0.0,0.0,0,,,0.0,0,
7476,370496,-5.0,0.0,0.0,0,,,0.0,0,
7477,370496,-5.0,0.0,0.0,0,,,0.0,0,
7478,370496,-5.0,0.0,0.0,0,,,0.0,0,
7479,370496,-5.0,0.0,0.0,0,,,0.0,0,
7480,370560,-5.0,0.0,0.0,0,,,0.0,0,
7481,370560,-5.0,0.0,0.0,0,,,0.0,0,
7482,370624,-4.0,0.0,0.0,0,,,0.0,0,
7483,370624,-5.0,0.0,0.0,0,,,0.0,0,
7484,370688,-5.0,0.0,0.0,0,,,0.0,0,
7485,370752,-5.0,0.0,0.0,0,,,0.0,0,
7486,370752,-4.0,0.0,0.0,0,,,0.0,0,
7487,370880,-4.0,0.0,0.0,0,,,0.0,0,
7488,371008,-5.0,0.0,0.0,0,,,0.0,0,
7489,371072,-5.0,0.0,0.0,0,,,0.0,0,
7490,371072,-5.0,0.0,0.0,0,,,0.0,0,
7491,371136,-4.0,0.0,0.0,0,,,0.0,0,
7492,371136,-5.0,0.0,0.0,0,,,0.0,0,
7493,371136,-5.0,0.0,0.0,0,,,0.0,0,
7494,371136,-5.0,0.0,0.0,0,,,0.0,0,
7495,371200,-5.0,0.0,0.0,0,,,0.0,0,
7496,371264,-5.0,0.0,0.0,0,,,0.0,0,
7497,371328,-5.0,0.0,0.0,0,,,0.0,0,
7498,371648,-5.0,0.0,0.0,0,,,0.0,0,
7499,371712,-5.0,0.0,0.0,0,,,0.0,0,
7500,371712,-5.0,0.0,0.0,0,,,0.0,0,
7501,371776,-5.0,0.0,0.0,0,,,0.0,0,
7502,371776,-5.0,0.0,0.0,0,,,0.0,0,
7503,371840,-5.0,0.0,0.0,0,,,0.0,0,
7504,371840,-5.0,0.0,0.0,0,,,0.0,0,
7505,371904,-5.0,0.0,0.0,0,,,0.0,0,
7506,371968,-5.0,0.0,0.0,0,,,0.0,0,
7507,372032,-5.0,0.0,0.0,0,,,0.0,0,
7508,372032,-4.0,0.0,0.0,0,,,0.0,0,
7509,372032,-4.0,0.0,0.0,0,,,0.0,0,
7510,372096,-5.0,0.0,0.0,0,,,0.0,0,
7511,372096,-5.0,0.0,0.0,0,,,0.0,0,
7512,372160,-5.0,0.0,0.0,0,,,0.0,0,
7513,372160,-5.0,0.0,0.0,0,,,0.0,0,
7514,372288,-5.0,0.0,0.0,0,,,0.0,0,
7515,372416,-5.0,0.0,0.0,0,,,0.0,0,
7516,372416,-5.0,0.0,0.0,0,,,0.0,0,
7517,372416,-5.0,0.0,0.0,0,,,0.0,0,
7518,372416,-5.0,0.0,0.0,0,,,0.0,0,
7519,372544,-5.0,0.0,0.0,0,,,0.0,0,
7520,372608,-5.0,0.0,0.0,0,,,0.0,0,
7521,372608,-5.0,0.0,0.0,0,,,0.0,0,
7522,372800,-4.0,0.0,0.0,0,,,0.0,0,
7523,372800,-5.0,0.0,0.0,0,,,0.0,0,
7524,372928,-5.0,0.0,0.0,0,,,0.0,0,
7525,372992,-5.0,0.0,0.0,0,,,0.0,0,
7526,372992,-5.0,0.0,0.0,0,,,0.0,0,
7527,373056,-5.0,0.0,0.0,0,,,0.0,0,
7528,373120,-5.0,0.0,0.0,0,,,0.0,0,
7529,373120,8.0,1.0,0.0,0,,,0.0,0,
7530,373120,-5.0,0.0,0.0,0,,,0.0,0,
7531,373120,-5.0,0.0,0.0,0,,,0.0,0,
7532,373184,-5.0,0.0,0.0,0,,,0.0,0,
7533,373248,-4.0,0.0,0.0,0,,,0.0,0,
7534,373248,-5.0,0.0,0.0,0,,,0.0,0,
7535,373312,-5.0,0.0,0.0,0,,,0.0,0,
7536,373312,-4.0,0.0,0.0,0,,,0.0,0,
7537,373376,-5.0,0.0,0.0,0,,,0.0,0,
7538,373440,-5.0,0.0,0.0,0,,,0.0,0,
7539,373568,-5.0,0.0,0.0,0,,,0.0,0,
7540,373632,-4.0,0.0,0.0,0,,,0.0,0,
7541,373760,-4.0,0.0,0.0,0,,,0.0,0,
7542,373760,-5.0,0.0,0.0,0,,,0.0,0,
7543,373760,-5.0,0.0,0.0,0,,,0.0,0,
7544,373824,-5.0,0.0,0.0,0,,,0.0,0,
7545,373824,-5.0,0.0,0.0,0,,,0.0,0,
7546,373888,-5.0,0.0,0.0,0,,,0.0,0,
7547,373888,-5.0,0.0,0.0,0,,,0.0,0,
7548,373952,-5.0,0.0,0.0,0,,,0.0,0,
7549,374016,-5.0,0.0,0.0,0,,,0.0,0,
7550,374016,-4.0,0.0,0.0,0,,,0.0,0,
7551,374144,-5.0,0.0,0.0,0,,,0.0,0,
7552,374272,-5.0,0.0,0.0,0,,,0.0,0,
7553,374336,-5.0,0.0,0.0,0,,,0.0,0,
7554,374336,-5.0,0.0,0.0,0,,,0.0,0,
7555,374400,-4.0,0.0,0.0,0,,,0.0,0,
7556,374400,-5.0,0.0,0.0,0,,,0.0,0,
7557,374400,-5.0,0.0,0.0,0,,,0.0,0,
7558,374400,-5.0,0.0,0.0,0,,,0.0,0,
7559,374464,-5.0,0.0,0.0,0,,,0.0,0,
7560,374528,-4.0,0.0,0.0,0,,,0.0,0,
7561,374592,-5.0,0.0,0.0,0,,,0.0,0,
7562,374912,-4.0,0.0,0.0,0,,,0.0,0,
7563,374976,-5.0,0.0,0.0,0,,,0.0,0,
7564,374976,-5.0,0.0,0.0,0,,,0.0,0,
7565,375040,-5.0,0.0,0.0,0,,,0.0,0,
7566,375040,-5.0,0.0,0.0,0,,,0.0,0,
7567,375040,7.6,1.0,0.0,0,,,0.0,0,
7568,375104,-4.0,0.0,0.0,0,,,0.0,0,
7569,375104,-5.0,0.0,0.0,0,,,0.0,0,
7570,375168,-5.0,0.0,0.0,0,,,0.0,0,
7571,375232,-5.0,0.0,0.0,0,,,0.0,0,
7572,375296,-4.0,0.0,0.0,0,,,0.0,0,
7573,375296,-5.0,0.0,0.0,0,,,0.0,0,
7574,375296,-5.0,0.0,0.0,0,,,0.0,0,
7575,375360,-4.0,0.0,0.0,0,,,0.0,0,
7576,375360,-4.0,0.0,0.0,0,,,0.0,0,
7577,375424,-5.0,0.0,0.0,0,,,0.0,0,
7578,375552,-5.0,0.0,0.0,0,,,0.0,0,
7579,375680,-5.0,0.0,0.0,0,,,0.0,0,
7580,375680,-4.0,0.0,0.0,0,,,0.0,0,
7581,375680,-5.0,0.0,0.0,0,,,0.0,0,
7582,375680,-4.0,0.0,0.0,0,,,0.0,0,
7583,375808,-4.0,0.0,0.0,0,,,0.0,0,
7584,375872,-5.0,0.0,0.0,0,,,0.0,0,
7585,375872,-5.0,0.0,0.0,0,,,0.0,0,
7586,376064,-5.0,0.0,0.0,0,,,0.0,0,
7587,376064,-5.0,0.0,0.0,0,,,0.0,0,
7588,376192,-5.0,0.0,0.0,0,,,0.0,0,
7589,376256,-5.0,0.0,0.0,0,,,0.0,0,
7590,376256,-5.0,0.0,0.0,0,,,0.0,0,
7591,376320,-5.0,0.0,0.0,0,,,0.0,0,
7592,376384,-5.0,0.0,0.0,0,,,0.0,0,
7593,376384,-5.0,0.0,0.0,0,,,0.0,0,
7594,376384,-4.0,0.0,0.0,0,,,0.0,0,
7595,376384,-4.0,0.0,0.0,0,,,0.0,0,
7596,376448,-4.0,0.0,0.0,0,,,0.0,0,
7597,376512,-5.0,0.0,0.0,0,,,0.0,0,
7598,376512,-5.0,0.0,0.0,0,,,0.0,0,
7599,376576,-4.0,0.0,0.0,0,,,0.0,0,
7600,376576,-4.0,0.0,0.0,0,,,0.0,0,
7601,376640,-5.0,0.0,0.0,0,,,0.0,0,
7602,376704,-5.0,0.0,0.0,0,,,0.0,0,
7603,376832,-5.0,0.0,0.0,0,,,0.0,0,
7604,376896,-5.0,0.0,0.0,0,,,0.0,0,
7605,376960,9.0,1.0,0.0,0,,,0.0,0,
7606,377024,-5.0,0.0,0.0,0,,,0.0,0,
7607,377024,7.9,1.0,0.0,0,,,0.0,0,
7608,377024,-5.0,0.0,0.0,0,,,0.0,0,
7609,377024,-5.0,0.0,0.0,0,,,0.0,0,
7610,377088,-5.0,0.0,0.0,0,,,0.0,0,
7611,377088,-5.0,0.0,0.0,0,,,0.0,0,
7612,377152,-5.0,0.0,0.0,0,,,0.0,0,
7613,377152,-4.0,0.0,0.0,0,,,0.0,0,
7614,377216,-4.0,0.0,0.0,0,,,0.0,0,
7615,377280,-5.0,0.0,0.0,0,,,0.0,0,
7616,377280,-5.0,0.0,0.0,0,,,0.0,0,
7617,377408,-5.0,0.0,0.0,0,,,0.0,0,
7618,377536,-5.0,0.0,0.0,0,,,0.0,0,
7619,377600,-5.0,0.0,0.0,0,,,0.0,0,
7620,377664,-5.0,0.0,0.0,0,,,0.0,0,
7621,377664,-4.0,0.0,0.0,0,,,0.0,0,
7622,377664,-5.0,0.0,0.0,0,,,0.0,0,
7623,377664,-5.0,0.0,0.0,0,,,0.0,0,
7624,377728,-5.0,0.0,0.0,0,,,0.0,0,
7625,377792,-5.0,0.0,0.0,0,,,0.0,0,
7626,377856,-5.0,0.0,0.0,0,,,0.0,0,
7627,378112,11.5,1.0,0.0,0,,,0.0,0,
7628,378176,-5.0,0.0,0.0,0,,,0.0,0,
7629,378240,-5.0,0.0,0.0,0,,,0.0,0,
7630,378304,-5.0,0.0,0.0,0,,,0.0,0,
7631,378304,-5.0,0.0,0.0,0,,,0.0,0,
7632,378304,-5.0,0.0,0.0,0,,,0.0,0,
7633,378368,-4.0,0.0,0.0,0,,,0.0,0,
7634,378368,-5.0,0.0,0.0,0,,,0.0,0,
7635,378432,-5.0,0.0,0.0,0,,,0.0,0,
7636,378496,-5.0,0.0,0.0,0,,,0.0,0,
7637,378560,-5.0,0.0,0.0,0,,,0.0,0,
7638,378560,-5.0,0.0,0.0,0,,,0.0,0,
7639,378560,-4.0,0.0,0.0,0,,,0.0,0,
7640,378624,-5.0,0.0,0.0,0,,,0.0,0,
7641,378624,-5.0,0.0,0.0,0,,,0.0,0,
7642,378688,-5.0,0.0,0.0,0,,,0.0,0,
7643,378816,-5.0,0.0,0.0,0,,,0.0,0,
7644,378880,10.2,1.0,0.0,0,,,0.0,0,
7645,378944,-4.0,0.0,0.0,0,,,0.0,0,
7646,378944,-5.0,0.0,0.0,0,,,0.0,0,
7647,378944,-5.0,0.0,0.0,0,,,0.0,0,
7648,378944,-4.0,0.0,0.0,0,,,0.0,0,
7649,379072,-5.0,0.0,0.0,0,,,0.0,0,
7650,379136,-5.0,0.0,0.0,0,,,0.0,0,
7651,379136,-5.0,0.0,0.0,0,,,0.0,0,
7652,379328,-5.0,0.0,0.0,0,,,0.0,0,
7653,379328,-4.0,0.0,0.0,0,,,0.0,0,
7654,379456,-5.0,0.0,0.0,0,,,0.0,0,
7655,379520,-5.0,0.0,0.0,0,,,0.0,0,
7656,379520,-5.0,0.0,0.0,0,,,0.0,0,
7657,379520,11.2,1.0,0.0,0,,,0.0,0,
7658,379584,-4.0,0.0,0.0,0,,,0.0,0,
7659,379648,-5.0,0.0,0.0,0,,,0.0,0,
7660,379648,-5.0,0.0,0.0,0,,,0.0,0,
7661,379648,-5.0,0.0,0.0,0,,,0.0,0,
7662,379648,-5.0,0.0,0.0,0,,,0.0,0,
7663,379712,-4.0,0.0,0.0,0,,,0.0,0,
7664,379776,-4.0,0.0,0.0,0,,,0.0,0,
7665,379776,-5.0,0.0,0.0,0,,,0.0,0,
7666,379840,-5.0,0.0,0.0,0,,,0.0,0,
7667,379840,-5.0,0.0,0.0,0,,,0.0,0,
7668,379904,-5.0,0.0,0.0,0,,,0.0,0,
7669,379968,-5.0,0.0,0.0,0,,,0.0,0,
7670,380096,-4.0,0.0,0.0,0,,,0.0,0,
7671,380160,-4.0,0.0,0.0,0,,,0.0,0,
7672,380224,-5.0,0.0,0.0,0,,,0.0,0,
7673,380288,-5.0,0.0,0.0,0,,,0.0,0,
7674,380288,-4.0,0.0,0.0,0,,,0.0,0,
7675,380288,-5.0,0.0,0.0,0,,,0.0,0,
7676,380288,-4.0,0.0,0.0,0,,,0.0,0,
7677,380352,-5.0,0.0,0.0,0,,,0.0,0,
7678,380352,-5.0,0.0,0.0,0,,,0.0,0,
7679,380416,-4.0,0.0,0.0,0,,,0.0,0,
7680,380416,-5.0,0.0,0.0,0,,,0.0,0,
7681,380480,-4.0,0.0,0.0,0,,,0.0,0,
7682,380544,-5.0,0.0,0.0,0,,,0.0,0,
7683,380544,8.6,1.0,0.0,0,,,0.0,0,
7684,380544,-4.0,0.0,0.0,0,,,0.0,0,
7685,380672,-5.0,0.0,0.0,0,,,0.0,0,
7686,380736,10.9,1.0,0.0,0,,,0.0,0,
7687,380800,-5.0,0.0,0.0,0,,,0.0,0,
7688,380864,-5.0,0.0,0.0,0,,,0.0,0,
7689,380928,-4.0,0.0,0.0,0,,,0.0,0,
7690,380928,-4.0,0.0,0.0,0,,,0.0,0,
7691,380928,-5.0,0.0,0.0,0,,,0.0,0,
7692,381056,11.1,1.0,0.0,0,,,0.0,0,
7693,381056,-4.0,0.0,0.0,0,,,0.0,0,
7694,381120,-4.0,0.0,0.0,0,,,0.0,0,
7695,381312,9.8,1.0,0.0,0,,,0.0,0,
7696,381376,7.3,1.0,0.0,0,,,0.0,0,
7697,381376,-4.0,0.0,0.0,0,,,0.0,0,
7698,381440,-4.0,0.0,0.0,0,,,0.0,0,
7699,381504,-4.0,0.0,0.0,0,,,0.0,0,
7700,381568,-5.0,0.0,0.0,0,,,0.0,0,
7701,381632,-5.0,0.0,0.0,0,,,0.0,0,
7702,381632,-5.0,0.0,0.0,0,,,0.0,0,
7703,381696,-5.0,0.0,0.0,0,,,0.0,0,
7704,381760,-5.0,0.0,0.0,0,,,0.0,0,
7705,381824,-4.0,0.0,0.0,0,,,0.0,0,
7706,381824,-5.0,0.0,0.0,0,,,0.0,0,
7707,381824,-4.0,0.0,0.0,0,,,0.0,0,
7708,381888,-4.0,0.0,0.0,0,,,0.0,0,
7709,381888,-5.0,0.0,0.0,0,,,0.0,0,
7710,381952,-5.0,0.0,0.0,0,,,0.0,0,
7711,382080,-4.0,0.0,0.0,0,,,0.0,0,
7712,382144,-5.0,0.0,0.0,0,,,0.0,0,
7713,382208,-4.0,0.0,0.0,0,,,0.0,0,
7714,382208,-5.0,0.0,0.0,0,,,0.0,0,
7715,382208,-5.0,0.0,0.0,0,,,0.0,0,
7716,382272,7.2,1.0,0.0,0,,,0.0,0,
7717,382336,-4.0,0.0,0.0,0,,,0.0,0,
7718,382400,-4.0,0.0,0.0,0,,,0.0,0,
7719,382592,-5.0,0.0,0.0,0,,,0.0,0,
7720,382592,-5.0,0.0,0.0,0,,,0.0,0,
7721,382720,-5.0,0.0,0.0,0,,,0.0,0,
7722,382784,-5.0,0.0,0.0,0,,,0.0,0,
7723,382784,-4.0,0.0,0.0,0,,,0.0,0,
7724,382784,-4.0,0.0,0.0,0,,,0.0,0,
7725,382848,-5.0,0.0,0.0,0,,,0.0,0,
7726,382912,-4.0,0.0,0.0,0,,,0.0,0,
7727,382912,-5.0,0.0,0.0,0,,,0.0,0,
7728,382912,-5.0,0.0,0.0,0,,,0.0,0,
7729,382912,-5.0,0.0,0.0,0,,,0.0,0,
7730,382976,-4.0,0.0,0.0,0,,,0.0,0,
7731,383040,-5.0,0.0,0.0,0,,,0.0,0,
7732,383040,-4.0,0.0,0.0,0,,,0.0,0,
7733,383104,-5.0,0.0,0.0,0,,,0.0,0,
7734,383168,-5.0,0.0,0.0,0,,,0.0,0,
7735,383232,10.8,1.0,0.0,0,,,0.0,0,
7736,383360,-5.0,0.0,0.0,0,,,0.0,0,
7737,383424,-4.0,0.0,0.0,0,,,0.0,0,
7738,383488,-5.0,0.0,0.0,0,,,0.0,0,
7739,383488,8.3,1.0,0.0,0,,,0.0,0,
7740,383552,-4.0,0.0,0.0,0,,,0.0,0,
7741,383552,-4.0,0.0,0.0,0,,,0.0,0,
7742,383552,-5.0,0.0,0.0,0,,,0.0,0,
7743,383552,-4.0,0.0,0.0,0,,,0.0,0,
7744,383616,-4.0,0.0,0.0,0,,,0.0,0,
7745,383616,-5.0,0.0,0.0,0,,,0.0,0,
7746,383680,-5.0,0.0,0.0,0,,,0.0,0,
7747,383744,-5.0,0.0,0.0,0,,,0.0,0,
7748,383808,-4.0,0.0,0.0,0,,,0.0,0,
7749,383808,-5.0,0.0,0.0,0,,,0.0,0,
7750,383808,-5.0,0.0,0.0,0,,,0.0,0,
7751,383936,-5.0,0.0,0.0,0,,,0.0,0,
7752,384000,-5.0,0.0,0.0,0,,,0.0,0,
7753,384000,11.4,1.0,0.0,0,,,0.0,0,
7754,384064,-5.0,0.0,0.0,0,,,0.0,0,
7755,384128,-5.0,0.0,0.0,0,,,0.0,0,
7756,384192,-5.0,0.0,0.0,0,,,0.0,0,
7757,384192,-5.0,0.0,0.0,0,,,0.0,0,
7758,384192,-5.0,0.0,0.0,0,,,0.0,0,
7759,384320,-4.0,0.0,0.0,0,,,0.0,0,
7760,384384,10.2,1.0,0.0,0,,,0.0,0,
7761,384384,-5.0,0.0,0.0,0,,,0.0,0,
7762,384576,-5.0,0.0,0.0,0,,,0.0,0,
7763,384640,-5.0,0.0,0.0,0,,,0.0,0,
7764,384640,-5.0,0.0,0.0,0,,,0.0,0,
7765,384704,-5.0,0.0,0.0,0,,,0.0,0,
7766,384768,-4.0,0.0,0.0,0,,,0.0,0,
7767,384832,-5.0,0.0,0.0,0,,,0.0,0,
7768,384896,-5.0,0.0,0.0,0,,,0.0,0,
7769,384896,-4.0,0.0,0.0,0,,,0.0,0,
7770,384960,-5.0,0.0,0.0,0,,,0.0,0,
7771,385024,-5.0,0.0,0.0,0,,,0.0,0,
7772,385088,-5.0,0.0,0.0,0,,,0.0,0,
7773,385088,-5.0,0.0,0.0,0,,,0.0,0,
7774,385088,-5.0,0.0,0.0,0,,,0.0,0,
7775,385152,-4.0,0.0,0.0,0,,,0.0,0,
7776,385152,-5.0,0.0,0.0,0,,,0.0,0,
7777,385216,-5.0,0.0,0.0,0,,,0.0,0,
7778,385344,-5.0,0.0,0.0,0,,,0.0,0,
7779,385408,-4.0,0.0,0.0,0,,,0.0,0,
7780,385472,-5.0,0.0,0.0,0,,,0.0,0,
7781,385472,-5.0,0.0,0.0,0,,,0.0,0,
7782,385472,-5.0,0.0,0.0,0,,,0.0,0,
7783,385536,-5.0,0.0,0.0,0,,,0.0,0,
7784,385600,-4.0,0.0,0.0,0,,,0.0,0,
7785,385856,-4.0,0.0,0.0,0,,,0.0,0,
7786,385856,-4.0,0.0,0.0,0,,,0.0,0,
7787,385984,-5.0,0.0,0.0,0,,,0.0,0,
7788,386048,-5.0,0.0,0.0,0,,,0.0,0,
7789,386048,-4.0,0.0,0.0,0,,,0.0,0,
7790,386048,-5.0,0.0,0.0,0,,,0.0,0,
7791,386112,-5.0,0.0,0.0,0,,,0.0,0,
7792,386176,-4.0,0.0,0.0,0,,,0.0,0,
7793,386176,-4.0,0.0,0.0,0,,,0.0,0,
7794,386176,-5.0,0.0,0.0,0,,,0.0,0,
7795,386176,-5.0,0.0,0.0,0,,,0.0,0,
7796,386240,-5.0,0.0,0.0,0,,,0.0,0,
7797,386304,-4.0,0.0,0.0,0,,,0.0,0,
7798,386304,-5.0,0.0,0.0,0,,,0.0,0,
7799,386368,-5.0,0.0,0.0,0,,,0.0,0,
7800,386496,-5.0,0.0,0.0,0,,,0.0,0,
7801,386624,-5.0,0.0,0.0,0,,,0.0,0,
7802,386688,-5.0,0.0,0.0,0,,,0.0,0,
7803,386752,-5.0,0.0,0.0,0,,,0.0,0,
7804,386752,-5.0,0.0,0.0,0,,,0.0,0,
7805,386816,-4.0,0.0,0.0,0,,,0.0,0,
7806,386816,-5.0,0.0,0.0,0,,,0.0,0,
7807,386816,-4.0,0.0,0.0,0,,,0.0,0,
7808,386880,-5.0,0.0,0.0,0,,,0.0,0,
7809,386880,-5.0,0.0,0.0,0,,,0.0,0,
7810,386944,-4.0,0.0,0.0,0,,,0.0,0,
7811,387008,-4.0,0.0,0.0,0,,,0.0,0,
7812,387072,-5.0,0.0,0.0,0,,,0.0,0,
7813,387072,-5.0,0.0,0.0,0,,,0.0,0,
7814,387072,-5.0,0.0,0.0,0,,,0.0,0,
7815,387072,11.5,1.0,0.0,0,,,0.0,0,
7816,387200,11.5,1.0,0.0,0,,,0.0,0,
7817,387200,-5.0,0.0,0.0,0,,,0.0,0,
7818,387264,-5.0,0.0,0.0,0,,,0.0,0,
7819,387264,-5.0,0.0,0.0,0,,,0.0,0,
7820,387328,-4.0,0.0,0.0,0,,,0.0,0,
7821,387392,-5.0,0.0,0.0,0,,,0.0,0,
7822,387456,-5.0,0.0,0.0,0,,,0.0,0,
7823,387456,-5.0,0.0,0.0,0,,,0.0,0,
7824,387456,-4.0,0.0,0.0,0,,,0.0,0,
7825,387520,8.2,1.0,0.0,0,,,0.0,0,
7826,387584,-4.0,0.0,0.0,0,,,0.0,0,
7827,387648,-5.0,0.0,0.0,0,,,0.0,0,
7828,387648,-5.0,0.0,0.0,0,,,0.0,0,
7829,387840,-5.0,0.0,0.0,0,,,0.0,0,
7830,387904,-5.0,0.0,0.0,0,,,0.0,0,
7831,387904,-4.0,0.0,0.0,0,,,0.0,0,
7832,387968,-5.0,0.0,0.0,0,,,0.0,0,
7833,388032,-5.0,0.0,0.0,0,,,0.0,0,
7834,388096,-4.0,0.0,0.0,0,,,0.0,0,
7835,388160,-4.0,0.0,0.0,0,,,0.0,0,
7836,388160,-5.0,0.0,0.0,0,,,0.0,0,
7837,388224,-5.0,0.0,0.0,0,,,0.0,0,
7838,388352,-5.0,0.0,0.0,0,,,0.0,0,
7839,388352,-5.0,0.0,0.0,0,,,0.0,0,
7840,388352,-5.0,0.0,0.0,0,,,0.0,0,
7841,388416,-5.0,0.0,0.0,0,,,0.0,0,
7842,388416,-5.0,0.0,0.0,0,,,0.0,0,
7843,388480,-4.0,0.0,0.0,0,,,0.0,0,
7844,388608,-4.0,0.0,0.0,0,,,0.0,0,
7845,388672,-4.0,0.0,0.0,0,,,0.0,0,
7846,388736,-5.0,0.0,0.0,0,,,0.0,0,
7847,388736,-5.0,0.0,0.0,0,,,0.0,0,
7848,388736,-4.0,0.0,0.0,0,,,0.0,0,
7849,388800,-5.0,0.0,0.0,0,,,0.0,0,
7850,388800,11.4,1.0,0.0,0,,,0.0,0,
7851,388864,-5.0,0.0,0.0,0,,,0.0,0,
7852,389120,-5.0,0.0,0.0,0,,,0.0,0,
7853,389120,-5.0,0.0,0.0,0,,,0.0,0,
7854,389248,-5.0,0.0,0.0,0,,,0.0,0,
7855,389312,-5.0,0.0,0.0,0,,,0.0,0,
7856,389312,-5.0,0.0,0.0,0,,,0.0,0,
7857,389312,-5.0,0.0,0.0,0,,,0.0,0,
7858,389376,-5.0,0.0,0.0,0,,,0.0,0,
7859,389440,-5.0,0.0,0.0,0,,,0.0,0,
7860,389440,-5.0,0.0,0.0,0,,,0.0,0,
7861,389440,-5.0,0.0,0.0,0,,,0.0,0,
7862,389440,-5.0,0.0,0.0,0,,,0.0,0,
7863,389504,-4.0,0.0,0.0,0,,,0.0,0,
7864,389568,-5.0,0.0,0.0,0,,,0.0,0,
7865,389568,-4.0,0.0,0.0,0,,,0.0,0,
7866,389632,-4.0,0.0,0.0,0,,,0.0,0,
7867,389760,-4.0,0.0,0.0,0,,,0.0,0,
7868,389888,-4.0,0.0,0.0,0,,,0.0,0,
7869,390016,-5.0,0.0,0.0,0,,,0.0,0,
7870,390016,-4.0,0.0,0.0,0,,,0.0,0,
7871,390080,-5.0,0.0,0.0,0,,,0.0,0,
7872,390080,-5.0,0.0,0.0,0,,,0.0,0,
7873,390144,-4.0,0.0,0.0,0,,,0.0,0,
7874,390144,-5.0,0.0,0.0,0,,,0.0,0,
7875,390208,-5.0,0.0,0.0,0,,,0.0,0,
7876,390272,-5.0,0.0,0.0,0,,,0.0,0,
7877,390336,-5.0,0.0,0.0,0,,,0.0,0,
7878,390336,-5.0,0.0,0.0,0,,,0.0,0,
7879,390336,-4.0,0.0,0.0,0,,,0.0,0,
7880,390336,-4.0,0.0,0.0,0,,,0.0,0,
7881,390464,-5.0,0.0,0.0,0,,,0.0,0,
7882,390464,-4.0,0.0,0.0,0,,,0.0,0,
7883,390528,-5.0,0.0,0.0,0,,,0.0,0,
7884,390528,-5.0,0.0,0.0,0,,,0.0,0,
7885,390592,-5.0,0.0,0.0,0,,,0.0,0,
7886,390656,-4.0,0.0,0.0,0,,,0.0,0,
7887,390720,-5.0,0.0,0.0,0,,,0.0,0,
7888,390720,-5.0,0.0,0.0,0,,,0.0,0,
7889,390720,-5.0,0.0,0.0,0,,,0.0,0,
7890,390784,-5.0,0.0,0.0,0,,,0.0,0,
7891,390848,-5.0,0.0,0.0,0,,,0.0,0,
7892,390912,-5.0,0.0,0.0,0,,,0.0,0,
7893,390912,-5.0,0.0,0.0,0,,,0.0,0,
7894,391104,-4.0,0.0,0.0,0,,,0.0,0,
7895,391104,9.7,1.0,0.0,0,,,0.0,0,
7896,391168,-4.0,0.0,0.0,0,,,0.0,0,
7897,391168,-5.0,0.0,0.0,0,,,0.0,0,
7898,391232,-5.0,0.0,0.0,0,,,0.0,0,
7899,391296,-4.0,0.0,0.0,0,,,0.0,0,
7900,391360,-4.0,0.0,0.0,0,,,0.0,0,
7901,391424,-5.0,0.0,0.0,0,,,0.0,0,
7902,391424,-4.0,0.0,0.0,0,,,0.0,0,
7903,391488,-4.0,0.0,0.0,0,,,0.0,0,
7904,391616,-5.0,0.0,0.0,0,,,0.0,0,
7905,391616,-5.0,0.0,0.0,0,,,0.0,0,
7906,391680,-5.0,0.0,0.0,0,,,0.0,0,
7907,391680,-5.0,0.0,0.0,0,,,0.0,0,
7908,391744,-5.0,0.0,0.0,0,,,0.0,0,
7909,391744,7.4,1.0,0.0,0,,,0.0,0,
7910,391872,-5.0,0.0,0.0,0,,,0.0,0,
7911,391936,-5.0,0.0,0.0,0,,,0.0,0,
7912,392000,-5.0,0.0,0.0,0,,,0.0,0,
7913,392000,-4.0,0.0,0.0,0,,,0.0,0,
7914,392064,-5.0,0.0,0.0,0,,,0.0,0,
7915,392064,-4.0,0.0,0.0,0,,,0.0,0,
7916,392128,-5.0,0.0,0.0,0,,,0.0,0,
7917,392128,10.6,1.0,0.0,0,,,0.0,0,
7918,392320,11.2,1.0,0.0,0,,,0.0,0,
7919,392384,-5.0,0.0,0.0,0,,,0.0,0,
7920,392384,-5.0,0.0,0.0,0,,,0.0,0,
7921,392512,-5.0,0.0,0.0,0,,,0.0,0,
7922,392576,-5.0,0.0,0.0,0,,,0.0,0,
7923,392576,-5.0,0.0,0.0,0,,,0.0,0,
7924,392576,-5.0,0.0,0.0,0,,,0.0,0,
7925,392640,-5.0,0.0,0.0,0,,,0.0,0,
7926,392704,-5.0,0.0,0.0,0,,,0.0,0,
7927,392704,-5.0,0.0,0.0,0,,,0.0,0,
7928,392704,-4.0,0.0,0.0,0,,,0.0,0,
7929,392704,-4.0,0.0,0.0,0,,,0.0,0,
7930,392768,-4.0,0.0,0.0,0,,,0.0,0,
7931,392832,-5.0,0.0,0.0,0,,,0.0,0,
7932,392896,-5.0,0.0,0.0,0,,,0.0,0,
7933,392960,11.7,1.0,0.0,0,,,0.0,0,
7934,393024,-4.0,0.0,0.0,0,,,0.0,0,
7935,393152,-5.0,0.0,0.0,0,,,0.0,0,
7936,393280,-5.0,0.0,0.0,0,,,0.0,0,
7937,393280,-5.0,0.0,0.0,0,,,0.0,0,
7938,393344,-4.0,0.0,0.0,0,,,0.0,0,
7939,393344,-5.0,0.0,0.0,0,,,0.0,0,
7940,393408,-5.0,0.0,0.0,0,,,0.0,0,
7941,393408,-5.0,0.0,0.0,0,,,0.0,0,
7942,393472,-5.0,0.0,0.0,0,,,0.0,0,
7943,393536,-5.0,0.0,0.0,0,,,0.0,0,
7944,393600,-5.0,0.0,0.0,0,,,0.0,0,
7945,393600,-5.0,0.0,0.0,0,,,0.0,0,
7946,393600,-4.0,0.0,0.0,0,,,0.0,0,
7947,393600,-5.0,0.0,0.0,0,,,0.0,0,
7948,393728,-4.0,0.0,0.0,0,,,0.0,0,
7949,393728,-5.0,0.0,0.0,0,,,0.0,0,
7950,393792,-5.0,0.0,0.0,0,,,0.0,0,
7951,393792,-4.0,0.0,0.0,0,,,0.0,0,
7952,393856,-4.0,0.0,0.0,0,,,0.0,0,
7953,393920,-5.0,0.0,0.0,0,,,0.0,0,
7954,393984,-5.0,0.0,0.0,0,,,0.0,0,
7955,393984,-4.0,0.0,0.0,0,,,0.0,0,
7956,393984,11.8,1.0,0.0,0,,,0.0,0,
7957,393984,-5.0,0.0,0.0,0,,,0.0,0,
7958,394048,-4.0,0.0,0.0,0,,,0.0,0,
7959,394112,-4.0,0.0,0.0,0,,,0.0,0,
7960,394176,-4.0,0.0,0.0,0,,,0.0,0,
7961,394176,-4.0,0.0,0.0,0,,,0.0,0,
7962,394368,-5.0,0.0,0.0,0,,,0.0,0,
7963,394368,-4.0,0.0,0.0,0,,,0.0,0,
7964,394432,-4.0,0.0,0.0,0,,,0.0,0,
7965,394496,-5.0,0.0,0.0,0,,,0.0,0,
7966,394560,-4.0,0.0,0.0,0,,,0.0,0,
7967,394560,10.4,1.0,0.0,0,,,0.0,0,
7968,394624,-4.0,0.0,0.0,0,,,0.0,0,
7969,394688,-5.0,0.0,0.0,0,,,0.0,0,
7970,394688,-4.0,0.0,0.0,0,,,0.0,0,
7971,394688,10.1,1.0,0.0,0,,,0.0,0,
7972,394752,-5.0,0.0,0.0,0,,,0.0,0,
7973,394880,-5.0,0.0,0.0,0,,,0.0,0,
7974,394880,-5.0,0.0,0.0,0,,,0.0,0,
7975,394944,-5.0,0.0,0.0,0,,,0.0,0,
7976,394944,-4.0,0.0,0.0,0,,,0.0,0,
7977,395008,-5.0,0.0,0.0,0,,,0.0,0,
7978,395136,-5.0,0.0,0.0,0,,,0.0,0,
7979,395200,-4.0,0.0,0.0,0,,,0.0,0,
7980,395264,-4.0,0.0,0.0,0,,,0.0,0,
7981,395264,-5.0,0.0,0.0,0,,,0.0,0,
7982,395328,-5.0,0.0,0.0,0,,,0.0,0,
7983,395328,-5.0,0.0,0.0,0,,,0.0,0,
7984,395392,-5.0,0.0,0.0,0,,,0.0,0,
7985,395392,-5.0,0.0,0.0,0,,,0.0,0,
7986,395392,7.8,1.0,0.0,0,,,0.0,0,
7987,395584,-5.0,0.0,0.0,0,,,0.0,0,
7988,395648,-5.0,0.0,0.0,0,,,0.0,0,
7989,395648,-5.0,0.0,0.0,0,,,0.0,0,
7990,395776,-5.0,0.0,0.0,0,,,0.0,0,
7991,395840,-5.0,0.0,0.0,0,,,0.0,0,
7992,395840,-5.0,0.0,0.0,0,,,0.0,0,
7993,395840,-4.0,0.0,0.0,0,,,0.0,0,
7994,395968,-5.0,0.0,0.0,0,,,0.0,0,
7995,395968,-4.0,0.0,0.0,0,,,0.0,0,
7996,395968,-5.0,0.0,0.0,0,,,0.0,0,
7997,396032,-5.0,0.0,0.0,0,,,0.0,0,
7998,396096,-5.0,0.0,0.0,0,,,0.0,0,
7999,396096,11.6,1.0,0.0,0,,,0.0,0,
8000,396160,-5.0,0.0,0.0,0,,,0.0,0,
8001,396224,-5.0,0.0,0.0,0,,,0.0,0,
8002,396288,-5.0,0.0,0.0,0,,,0.0,0,
8003,396416,11.2,1.0,0.0,0,,,0.0,0,
8004,396416,-4.0,0.0,0.0,0,,,0.0,0,
8005,396544,-5.0,0.0,0.0,0,,,0.0,0,
8006,396544,-5.0,0.0,0.0,0,,,0.0,0,
8007,396608,-5.0,0.0,0.0,0,,,0.0,0,
8008,396608,-5.0,0.0,0.0,0,,,0.0,0,
8009,396672,-5.0,0.0,0.0,0,,,0.0,0,
8010,396800,-4.0,0.0,0.0,0,,,0.0,0,
8011,396800,11.5,1.0,0.0,0,,,0.0,0,
8012,396864,-4.0,0.0,0.0,0,,,0.0,0,
8013,396864,-4.0,0.0,0.0,0,,,0.0,0,
8014,396864,-5.0,0.0,0.0,0,,,0.0,0,
8015,396864,-4.0,0.0,0.0,0,,,0.0,0,
8016,396992,-4.0,0.0,0.0,0,,,0.0,0,
8017,396992,-5.0,0.0,0.0,0,,,0.0,0,
8018,397056,-5.0,0.0,0.0,0,,,0.0,0,
8019,397120,9.3,1.0,0.0,0,,,0.0,0,
8020,397120,-4.0,0.0,0.0,0,,,0.0,0,
8021,397184,-4.0,0.0,0.0,0,,,0.0,0,
8022,397248,-5.0,0.0,0.0,0,,,0.0,0,
8023,397248,-5.0,0.0,0.0,0,,,0.0,0,
8024,397248,-5.0,0.0,0.0,0,,,0.0,0,
8025,397248,-4.0,0.0,0.0,0,,,0.0,0,
8026,397312,-5.0,0.0,0.0,0,,,0.0,0,
8027,397376,-5.0,0.0,0.0,0,,,0.0,0,
8028,397440,-4.0,0.0,0.0,0,,,0.0,0,
8029,397440,-5.0,0.0,0.0,0,,,0.0,0,
8030,397568,9.7,1.0,0.0,0,,,0.0,0,
8031,397632,-4.0,0.0,0.0,0,,,0.0,0,
8032,397632,-5.0,0.0,0.0,0,,,0.0,0,
8033,397696,-4.0,0.0,0.0,0,,,0.0,0,
8034,397760,-5.0,0.0,0.0,0,,,0.0,0,
8035,397824,-5.0,0.0,0.0,0,,,0.0,0,
8036,397824,-5.0,0.0,0.0,0,,,0.0,0,
8037,397888,-5.0,0.0,0.0,0,,,0.0,0,
8038,397952,-4.0,0.0,0.0,0,,,0.0,0,
8039,397952,-4.0,0.0,0.0,0,,,0.0,0,
8040,397952,-5.0,0.0,0.0,0,,,0.0,0,
8041,398016,-5.0,0.0,0.0,0,,,0.0,0,
8042,398144,-5.0,0.0,0.0,0,,,0.0,0,
8043,398144,-4.0,0.0,0.0,0,,,0.0,0,
8044,398208,-4.0,0.0,0.0,0,,,0.0,0,
8045,398208,-5.0,0.0,0.0,0,,,0.0,0,
8046,398272,-5.0,0.0,0.0,0,,,0.0,0,
8047,398400,-5.0,0.0,0.0,0,,,0.0,0,
8048,398464,-5.0,0.0,0.0,0,,,0.0,0,
8049,398528,-5.0,0.0,0.0,0,,,0.0,0,
8050,398528,-4.0,0.0,0.0,0,,,0.0,0,
8051,398592,11.5,1.0,0.0,0,,,0.0,0,
8052,398592,-5.0,0.0,0.0,0,,,0.0,0,
8053,398656,-5.0,0.0,0.0,0,,,0.0,0,
8054,398656,-5.0,0.0,0.0,0,,,0.0,0,
8055,398656,-4.0,0.0,0.0,0,,,0.0,0,
8056,398848,-5.0,0.0,0.0,0,,,0.0,0,
8057,398848,8.9,1.0,0.0,0,,,0.0,0,
8058,398912,-5.0,0.0,0.0,0,,,0.0,0,
8059,398912,-5.0,0.0,0.0,0,,,0.0,0,
8060,399040,9.3,1.0,0.0,0,,,0.0,0,
8061,399104,11.1,1.0,0.0,0,,,0.0,0,
8062,399104,-4.0,0.0,0.0,0,,,0.0,0,
8063,399104,-4.0,0.0,0.0,0,,,0.0,0,
8064,399232,-5.0,0.0,0.0,0,,,0.0,0,
8065,399232,-5.0,0.0,0.0,0,,,0.0,0,
8066,399232,-5.0,0.0,0.0,0,,,0.0,0,
8067,399360,-5.0,0.0,0.0,0,,,0.0,0,
8068,399360,-4.0,0.0,0.0,0,,,0.0,0,
8069,399424,-5.0,0.0,0.0,0,,,0.0,0,
8070,399488,-5.0,0.0,0.0,0,,,0.0,0,
8071,399552,-4.0,0.0,0.0,0,,,0.0,0,
8072,399680,-4.0,0.0,0.0,0,,,0.0,0,
8073,399808,-5.0,0.0,0.0,0,,,0.0,0,
8074,399808,-4.0,0.0,0.0,0,,,0.0,0,
8075,399872,-4.0,0.0,0.0,0,,,0.0,0,
8076,399872,-5.0,0.0,0.0,0,,,0.0,0,
8077,399936,-5.0,0.0,0.0,0,,,0.0,0,
8078,400064,-4.0,0.0,0.0,0,,,0.0,0,
8079,400128,-4.0,0.0,0.0,0,,,0.0,0,
8080,400128,-5.0,0.0,0.0,0,,,0.0,0,
8081,400128,-4.0,0.0,0.0,0,,,0.0,0,
8082,400128,-5.0,0.0,0.0,0,,,0.0,0,
8083,400256,-5.0,0.0,0.0,0,,,0.0,0,
8084,400256,-5.0,0.0,0.0,0,,,0.0,0,
8085,400320,-4.0,0.0,0.0,0,,,0.0,0,
8086,400384,10.3,1.0,0.0,0,,,0.0,0,
8087,400384,-5.0,0.0,0.0,0,,,0.0,0,
8088,400384,-5.0,0.0,0.0,0,,,0.0,0,
8089,400448,-4.0,0.0,0.0,0,,,0.0,0,
8090,400512,-5.0,0.0,0.0,0,,,0.0,0,
8091,400512,-5.0,0.0,0.0,0,,,0.0,0,
8092,400512,-5.0,0.0,0.0,0,,,0.0,0,
8093,400576,-5.0,0.0,0.0,0,,,0.0,0,
8094,400640,-5.0,0.0,0.0,0,,,0.0,0,
8095,400704,-5.0,0.0,0.0,0,,,0.0,0,
8096,400704,-5.0,0.0,0.0,0,,,0.0,0,
8097,400832,-5.0,0.0,0.0,0,,,0.0,0,
8098,400896,11.8,1.0,0.0,0,,,0.0,0,
8099,400896,-5.0,0.0,0.0,0,,,0.0,0,
8100,400896,-5.0,0.0,0.0,0,,,0.0,0,
8101,400960,-5.0,0.0,0.0,0,,,0.0,0,
8102,401024,10.9,1.0,0.0,0,,,0.0,0,
8103,401024,-5.0,0.0,0.0,0,,,0.0,0,
8104,401088,-5.0,0.0,0.0,0,,,0.0,0,
8105,401088,-4.0,0.0,0.0,0,,,0.0,0,
8106,401152,-4.0,0.0,0.0,0,,,0.0,0,
8107,401216,-4.0,0.0,0.0,0,,,0.0,0,
8108,401216,-4.0,0.0,0.0,0,,,0.0,0,
8109,401216,-5.0,0.0,0.0,0,,,0.0,0,
8110,401280,-5.0,0.0,0.0,0,,,0.0,0,
8111,401408,-5.0,0.0,0.0,0,,,0.0,0,
8112,401408,-4.0,0.0,0.0,0,,,0.0,0,
8113,401472,-5.0,0.0,0.0,0,,,0.0,0,
8114,401536,-5.0,0.0,0.0,0,,,0.0,0,
8115,401600,11.5,1.0,0.0,0,,,0.0,0,
8116,401664,-4.0,0.0,0.0,0,,,0.0,0,
8117,401792,-5.0,0.0,0.0,0,,,0.0,0,
8118,401792,-4.0,0.0,0.0,0,,,0.0,0,
8119,401856,-4.0,0.0,0.0,0,,,0.0,0,
8120,401856,-5.0,0.0,0.0,0,,,0.0,0,
8121,401920,-5.0,0.0,0.0,0,,,0.0,0,
8122,401920,-4.0,0.0,0.0,0,,,0.0,0,
8123,401920,-5.0,0.0,0.0,0,,,0.0,0,
8124,402112,-5.0,0.0,0.0,0,,,0.0,0,
8125,402112,-4.0,0.0,0.0,0,,,0.0,0,
8126,402176,-5.0,0.0,0.0,0,,,0.0,0,
8127,402176,-5.0,0.0,0.0,0,,,0.0,0,
8128,402304,-5.0,0.0,0.0,0,,,0.0,0,
8129,402368,-5.0,0.0,0.0,0,,,0.0,0,
8130,402368,-4.0,0.0,0.0,0,,,0.0,0,
8131,402368,-5.0,0.0,0.0,0,,,0.0,0,
8132,402496,-4.0,0.0,0.0,0,,,0.0,0,
8133,402496,-4.0,0.0,0.0,0,,,0.0,0,
8134,402624,-5.0,0.0,0.0,0,,,0.0,0,
8135,402624,-5.0,0.0,0.0,0,,,0.0,0,
8136,402688,-5.0,0.0,0.0,0,,,0.0,0,
8137,402752,-5.0,0.0,0.0,0,,,0.0,0,
8138,402816,-4.0,0.0,0.0,0,,,0.0,0,
8139,402944,-5.0,0.0,0.0,0,,,0.0,0,
8140,403072,-4.0,0.0,0.0,0,,,0.0,0,
8141,403072,-4.0,0.0,0.0,0,,,0.0,0,
8142,403072,10.3,1.0,0.0,0,,,0.0,0,
8143,403136,-5.0,0.0,0.0,0,,,0.0,0,
8144,403136,-5.0,0.0,0.0,0,,,0.0,0,
8145,403200,-4.0,0.0,0.0,0,,,0.0,0,
8146,403200,11.3,1.0,0.0,0,,,0.0,0,
8147,403328,-4.0,0.0,0.0,0,,,0.0,0,
8148,403392,-5.0,0.0,0.0,0,,,0.0,0,
8149,403392,-5.0,0.0,0.0,0,,,0.0,0,
8150,403392,-5.0,0.0,0.0,0,,,0.0,0,
8151,403392,-4.0,0.0,0.0,0,,,0.0,0,
8152,403520,-5.0,0.0,0.0,0,,,0.0,0,
8153,403584,-5.0,0.0,0.0,0,,,0.0,0,
8154,403648,-5.0,0.0,0.0,0,,,0.0,0,
8155,403648,-4.0,0.0,0.0,0,,,0.0,0,
8156,403648,-4.0,0.0,0.0,0,,,0.0,0,
8157,403712,-5.0,0.0,0.0,0,,,0.0,0,
8158,403776,-5.0,0.0,0.0,0,,,0.0,0,
8159,403776,-4.0,0.0,0.0,0,,,0.0,0,
8160,403776,-4.0,0.0,0.0,0,,,0.0,0,
8161,403840,-5.0,0.0,0.0,0,,,0.0,0,
8162,403904,-4.0,0.0,0.0,0,,,0.0,0,
8163,403968,-5.0,0.0,0.0,0,,,0.0,0,
8164,404032,11.7,1.0,0.0,0,,,0.0,0,
8165,404096,-4.0,0.0,0.0,0,,,0.0,0,
8166,404160,-5.0,0.0,0.0,0,,,0.0,0,
8167,404160,-5.0,0.0,0.0,0,,,0.0,0,
8168,404160,-4.0,0.0,0.0,0,,,0.0,0,
8169,404224,-4.0,0.0,0.0,0,,,0.0,0,
8170,404288,-5.0,0.0,0.0,0,,,0.0,0,
8171,404288,-4.0,0.0,0.0,0,,,0.0,0,
8172,404352,11.5,1.0,0.0,0,,,0.0,0,
8173,404352,-4.0,0.0,0.0,0,,,0.0,0,
8174,404352,-4.0,0.0,0.0,0,,,0.0,0,
8175,404416,-5.0,0.0,0.0,0,,,0.0,0,
8176,404480,-5.0,0.0,0.0,0,,,0.0,0,
8177,404480,-5.0,0.0,0.0,0,,,0.0,0,
8178,404544,-5.0,0.0,0.0,0,,,0.0,0,
8179,404672,-4.0,0.0,0.0,0,,,0.0,0,
8180,404672,-5.0,0.0,0.0,0,,,0.0,0,
8181,404736,-5.0,0.0,0.0,0,,,0.0,0,
8182,404800,-5.0,0.0,0.0,0,,,0.0,0,
8183,404864,-5.0,0.0,0.0,0,,,0.0,0,
8184,404928,-4.0,0.0,0.0,0,,,0.0,0,
8185,405056,-5.0,0.0,0.0,0,,,0.0,0,
8186,405056,-5.0,0.0,0.0,0,,,0.0,0,
8187,405120,-5.0,0.0,0.0,0,,,0.0,0,
8188,405120,-4.0,0.0,0.0,0,,,0.0,0,
8189,405184,-5.0,0.0,0.0,0,,,0.0,0,
8190,405184,-5.0,0.0,0.0,0,,,0.0,0,
8191,405376,-5.0,0.0,0.0,0,,,0.0,0,
8192,405376,-4.0,0.0,0.0,0,,,0.0,0,
8193,405440,-5.0,0.0,0.0,0,,,0.0,0,
8194,405440,-5.0,0.0,0.0,0,,,0.0,0,
8195,405568,-5.0,0.0,0.0,0,,,0.0,0,
8196,405632,-5.0,0.0,0.0,0,,,0.0,0,
8197,405632,-5.0,0.0,0.0,0,,,0.0,0,
8198,405632,-5.0,0.0,0.0,0,,,0.0,0,
8199,405760,-5.0,0.0,0.0,0,,,0.0,0,
8200,405760,-5.0,0.0,0.0,0,,,0.0,0,
8201,405888,-5.0,0.0,0.0,0,,,0.0,0,
8202,405888,-5.0,0.0,0.0,0,,,0.0,0,
8203,406016,-4.0,0.0,0.0,0,,,0.0,0,
8204,406080,-5.0,0.0,0.0,0,,,0.0,0,
8205,406208,-5.0,0.0,0.0,0,,,0.0,0,
8206,406336,-5.0,0.0,0.0,0,,,0.0,0,
8207,406336,-4.0,0.0,0.0,0,,,0.0,0,
8208,406336,-4.0,0.0,0.0,0,,,0.0,0,
8209,406400,-5.0,0.0,0.0,0,,,0.0,0,
8210,406400,-5.0,0.0,0.0,0,,,0.0,0,
8211,406464,-4.0,0.0,0.0,0,,,0.0,0,
8212,406464,-5.0,0.0,0.0,0,,,0.0,0,
8213,406592,-5.0,0.0,0.0,0,,,0.0,0,
8214,406656,-5.0,0.0,0.0,0,,,0.0,0,
8215,406656,-4.0,0.0,0.0,0,,,0.0,0,
8216,406656,-5.0,0.0,0.0,0,,,0.0,0,
8217,406656,-4.0,0.0,0.0,0,,,0.0,0,
8218,406784,-5.0,0.0,0.0,0,,,0.0,0,
8219,406848,-5.0,0.0,0.0,0,,,0.0,0,
8220,406912,-5.0,0.0,0.0,0,,,0.0,0,
8221,406912,-5.0,0.0,0.0,0,,,0.0,0,
8222,406912,-5.0,0.0,0.0,0,,,0.0,0,
8223,406976,-4.0,0.0,0.0,0,,,0.0,0,
8224,406976,7.5,1.0,0.0,0,,,0.0,0,
8225,407040,-4.0,0.0,0.0,0,,,0.0,0,
8226,407040,-4.0,0.0,0.0,0,,,0.0,0,
8227,407104,-4.0,0.0,0.0,0,,,0.0,0,
8228,407168,-5.0,0.0,0.0,0,,,0.0,0,
8229,407232,9.2,1.0,0.0,0,,,0.0,0,
8230,407360,-5.0,0.0,0.0,0,,,0.0,0,
8231,407424,-5.0,0.0,0.0,0,,,0.0,0,
8232,407424,-4.0,0.0,0.0,0,,,0.0,0,
8233,407424,-4.0,0.0,0.0,0,,,0.0,0,
8234,407488,-4.0,0.0,0.0,0,,,0.0,0,
8235,407552,-5.0,0.0,0.0,0,,,0.0,0,
8236,407552,-5.0,0.0,0.0,0,,,0.0,0,
8237,407616,-5.0,0.0,0.0,0,,,0.0,0,
8238,407616,-4.0,0.0,0.0,0,,,0.0,0,
8239,407616,-4.0,0.0,0.0,0,,,0.0,0,
8240,407680,-4.0,0.0,0.0,0,,,0.0,0,
8241,407744,-5.0,0.0,0.0,0,,,0.0,0,
8242,407744,-4.0,0.0,0.0,0,,,0.0,0,
8243,407808,-5.0,0.0,0.0,0,,,0.0,0,
8244,407936,-5.0,0.0,0.0,0,,,0.0,0,
8245,407936,-4.0,0.0,0.0,0,,,0.0,0,
8246,408000,-5.0,0.0,0.0,0,,,0.0,0,
8247,408064,-5.0,0.0,0.0,0,,,0.0,0,
8248,408128,-5.0,0.0,0.0,0,,,0.0,0,
8249,408192,-5.0,0.0,0.0,0,,,0.0,0,
8250,408320,-4.0,0.0,0.0,0,,,0.0,0,
8251,408320,-5.0,0.0,0.0,0,,,0.0,0,
8252,408384,-5.0,0.0,0.0,0,,,0.0,0,
8253,408384,-5.0,0.0,0.0,0,,,0.0,0,
8254,408448,-5.0,0.0,0.0,0,,,0.0,0,
8255,408448,-5.0,0.0,0.0,0,,,0.0,0,
8256,408640,-5.0,0.0,0.0,0,,,0.0,0,
8257,408704,-4.0,0.0,0.0,0,,,0.0,0,
8258,408704,-5.0,0.0,0.0,0,,,0.0,0,
8259,408832,-5.0,0.0,0.0,0,,,0.0,0,
8260,408896,-5.0,0.0,0.0,0,,,0.0,0,
8261,408896,-5.0,0.0,0.0,0,,,0.0,0,
8262,408896,10.6,1.0,0.0,0,,,0.0,0,
8263,408896,-5.0,0.0,0.0,0,,,0.0,0,
8264,409024,-5.0,0.0,0.0,0,,,0.0,0,
8265,409024,-5.0,0.0,0.0,0,,,0.0,0,
8266,409152,10.9,1.0,0.0,0,,,0.0,0,
8267,409152,9.5,1.0,0.0,0,,,0.0,0,
8268,409152,-5.0,0.0,0.0,0,,,0.0,0,
8269,409152,-5.0,0.0,0.0,0,,,0.0,0,
8270,409216,7.4,1.0,0.0,0,,,0.0,0,
8271,409280,-5.0,0.0,0.0,0,,,0.0,0,
8272,409344,-5.0,0.0,0.0,0,,,0.0,0,
8273,409600,-4.0,0.0,0.0,0,,,0.0,0,
8274,409600,-5.0,0.0,0.0,0,,,0.0,0,
8275,409600,-4.0,0.0,0.0,0,,,0.0,0,
8276,409664,-4.0,0.0,0.0,0,,,0.0,0,
8277,409664,-4.0,0.0,0.0,0,,,0.0,0,
8278,409728,-4.0,0.0,0.0,0,,,0.0,0,
8279,409728,-5.0,0.0,0.0,0,,,0.0,0,
8280,409856,-5.0,0.0,0.0,0,,,0.0,0,
8281,409920,-5.0,0.0,0.0,0,,,0.0,0,
8282,409920,-4.0,0.0,0.0,0,,,0.0,0,
8283,409920,-5.0,0.0,0.0,0,,,0.0,0,
8284,409920,-5.0,0.0,0.0,0,,,0.0,0,
8285,410048,-5.0,0.0,0.0,0,,,0.0,0,
8286,410112,-5.0,0.0,0.0,0,,,0.0,0,
8287,410112,8.4,1.0,0.0,0,,,0.0,0,
8288,410176,-5.0,0.0,0.0,0,,,0.0,0,
8289,410176,-5.0,0.0,0.0,0,,,0.0,0,
8290,410176,-4.0,0.0,0.0,0,,,0.0,0,
8291,410240,-4.0,0.0,0.0,0,,,0.0,0,
8292,410240,-5.0,0.0,0.0,0,,,0.0,0,
8293,410304,-5.0,0.0,0.0,0,,,0.0,0,
8294,410304,-4.0,0.0,0.0,0,,,0.0,0,
8295,410368,-4.0,0.0,0.0,0,,,0.0,0,
8296,410432,-5.0,0.0,0.0,0,,,0.0,0,
8297,410496,-5.0,0.0,0.0,0,,,0.0,0,
8298,410624,-5.0,0.0,0.0,0,,,0.0,0,
8299,410624,11.3,1.0,0.0,0,,,0.0,0,
8300,410688,-5.0,0.0,0.0,0,,,0.0,0,
8301,410688,-5.0,0.0,0.0,0,,,0.0,0,
8302,410688,-5.0,0.0,0.0,0,,,0.0,0,
8303,410816,-5.0,0.0,0.0,0,,,0.0,0,
8304,410816,-5.0,0.0,0.0,0,,,0.0,0,
8305,410880,-4.0,0.0,0.0,0,,,0.0,0,
8306,410880,-4.0,0.0,0.0,0,,,0.0,0,
8307,410880,-4.0,0.0,0.0,0,,,0.0,0,
8308,410944,-5.0,0.0,0.0,0,,,0.0,0,
8309,411008,11.0,1.0,0.0,0,,,0.0,0,
8310,411008,-5.0,0.0,0.0,0,,,0.0,0,
8311,411072,-4.0,0.0,0.0,0,,,0.0,0,
8312,411200,-4.0,0.0,0.0,0,,,0.0,0,
8313,411264,-5.0,0.0,0.0,0,,,0.0,0,
8314,411328,-5.0,0.0,0.0,0,,,0.0,0,
8315,411392,-5.0,0.0,0.0,0,,,0.0,0,
8316,411456,-5.0,0.0,0.0,0,,,0.0,0,
8317,411584,-5.0,0.0,0.0,0,,,0.0,0,
8318,411584,-5.0,0.0,0.0,0,,,0.0,0,
8319,411648,-4.0,0.0,0.0,0,,,0.0,0,
8320,411712,-5.0,0.0,0.0,0,,,0.0,0,
8321,411712,-4.0,0.0,0.0,0,,,0.0,0,
8322,411904,-4.0,0.0,0.0,0,,,0.0,0,
8323,411968,-5.0,0.0,0.0,0,,,0.0,0,
8324,411968,-5.0,0.0,0.0,0,,,0.0,0,
8325,412096,-4.0,0.0,0.0,0,,,0.0,0,
8326,412160,-4.0,0.0,0.0,0,,,0.0,0,
8327,412160,-5.0,0.0,0.0,0,,,0.0,0,
8328,412160,-5.0,0.0,0.0,0,,,0.0,0,
8329,412160,-4.0,0.0,0.0,0,,,0.0,0,
8330,412288,-4.0,0.0,0.0,0,,,0.0,0,
8331,412288,-5.0,0.0,0.0,0,,,0.0,0,
8332,412416,-5.0,0.0,0.0,0,,,0.0,0,
8333,412416,-5.0,0.0,0.0,0,,,0.0,0,
8334,412416,-4.0,0.0,0.0,0,,,0.0,0,
8335,412416,-5.0,0.0,0.0,0,,,0.0,0,
8336,412480,-4.0,0.0,0.0,0,,,0.0,0,
8337,412544,-4.0,0.0,0.0,0,,,0.0,0,
8338,412608,11.4,1.0,0.0,0,,,0.0,0,
8339,412608,-5.0,0.0,0.0,0,,,0.0,0,
8340,412864,-5.0,0.0,0.0,0,,,0.0,0,
8341,412864,-4.0,0.0,0.0,0,,,0.0,0,
8342,412864,-5.0,0.0,0.0,0,,,0.0,0,
8343,412928,-4.0,0.0,0.0,0,,,0.0,0,
8344,412928,-5.0,0.0,0.0,0,,,0.0,0,
8345,412992,-5.0,0.0,0.0,0,,,0.0,0,
8346,412992,-4.0,0.0,0.0,0,,,0.0,0,
8347,413120,-5.0,0.0,0.0,0,,,0.0,0,
8348,413184,-4.0,0.0,0.0,0,,,0.0,0,
8349,413184,-4.0,0.0,0.0,0,,,0.0,0,
8350,413184,-4.0,0.0,0.0,0,,,0.0,0,
8351,413184,-4.0,0.0,0.0,0,,,0.0,0,
8352,413312,-5.0,0.0,0.0,0,,,0.0,0,
8353,413376,-5.0,0.0,0.0,0,,,0.0,0,
8354,413440,-5.0,0.0,0.0,0,,,0.0,0,
8355,413440,-5.0,0.0,0.0,0,,,0.0,0,
8356,413440,-5.0,0.0,0.0,0,,,0.0,0,
8357,413504,-5.0,0.0,0.0,0,,,0.0,0,
8358,413504,-5.0,0.0,0.0,0,,,0.0,0,
8359,413568,-5.0,0.0,0.0,0,,,0.0,0,
8360,413632,-5.0,0.0,0.0,0,,,0.0,0,
8361,413696,-4.0,0.0,0.0,0,,,0.0,0,
8362,413760,-5.0,0.0,0.0,0,,,0.0,0,
8363,413760,10.7,1.0,0.0,0,,,0.0,0,
8364,413888,-5.0,0.0,0.0,0,,,0.0,0,
8365,413888,-5.0,0.0,0.0,0,,,0.0,0,
8366,413952,-5.0,0.0,0.0,0,,,0.0,0,
8367,413952,-5.0,0.0,0.0,0,,,0.0,0,
8368,413952,-5.0,0.0,0.0,0,,,0.0,0,
8369,414080,-4.0,0.0,0.0,0,,,0.0,0,
8370,414080,-4.0,0.0,0.0,0,,,0.0,0,
8371,414144,-4.0,0.0,0.0,0,,,0.0,0,
8372,414144,-5.0,0.0,0.0,0,,,0.0,0,
8373,414144,-5.0,0.0,0.0,0,,,0.0,0,
8374,414208,-4.0,0.0,0.0,0,,,0.0,0,
8375,414272,-5.0,0.0,0.0,0,,,0.0,0,
8376,414272,-4.0,0.0,0.0,0,,,0.0,0,
8377,414336,-5.0,0.0,0.0,0,,,0.0,0,
8378,414464,-5.0,0.0,0.0,0,,,0.0,0,
8379,414528,-5.0,0.0,0.0,0,,,0.0,0,
8380,414592,8.3,1.0,0.0,0,,,0.0,0,
8381,414592,-5.0,0.0,0.0,0,,,0.0,0,
8382,414656,-5.0,0.0,0.0,0,,,0.0,0,
8383,414656,11.5,1.0,0.0,0,,,0.0,0,
8384,414720,-4.0,0.0,0.0,0,,,0.0,0,
8385,414848,-5.0,0.0,0.0,0,,,0.0,0,
8386,414848,-4.0,0.0,0.0,0,,,0.0,0,
8387,414912,-4.0,0.0,0.0,0,,,0.0,0,
8388,414976,-5.0,0.0,0.0,0,,,0.0,0,
8389,414976,-5.0,0.0,0.0,0,,,0.0,0,
8390,415104,11.7,1.0,0.0,0,,,0.0,0,
8391,415168,-5.0,0.0,0.0,0,,,0.0,0,
8392,415232,-5.0,0.0,0.0,0,,,0.0,0,
8393,415232,-5.0,0.0,0.0,0,,,0.0,0,
8394,415360,-5.0,0.0,0.0,0,,,0.0,0,
8395,415424,-5.0,0.0,0.0,0,,,0.0,0,
8396,415424,-5.0,0.0,0.0,0,,,0.0,0,
8397,415552,-5.0,0.0,0.0,0,,,0.0,0,
8398,415552,-5.0,0.0,0.0,0,,,0.0,0,
8399,415680,-5.0,0.0,0.0,0,,,0.0,0,
8400,415680,-5.0,0.0,0.0,0,,,0.0,0,
8401,415680,-5.0,0.0,0.0,0,,,0.0,0,
8402,415680,-5.0,0.0,0.0,0,,,0.0,0,
8403,415744,-4.0,0.0,0.0,0,,,0.0,0,
8404,415808,-5.0,0.0,0.0,0,,,0.0,0,
8405,415872,-4.0,0.0,0.0,0,,,0.0,0,
8406,415872,-5.0,0.0,0.0,0,,,0.0,0,
8407,416128,-5.0,0.0,0.0,0,,,0.0,0,
8408,416128,7.2,1.0,0.0,0,,,0.0,0,
8409,416128,-4.0,0.0,0.0,0,,,0.0,0,
8410,416192,-4.0,0.0,0.0,0,,,0.0,0,
8411,416192,-4.0,0.0,0.0,0,,,0.0,0,
8412,416256,-5.0,0.0,0.0,0,,,0.0,0,
8413,416384,-5.0,0.0,0.0,0,,,0.0,0,
8414,416448,-4.0,0.0,0.0,0,,,0.0,0,
8415,416448,-5.0,0.0,0.0,0,,,0.0,0,
8416,416448,-4.0,0.0,0.0,0,,,0.0,0,
8417,416448,-5.0,0.0,0.0,0,,,0.0,0,
8418,416512,8.1,1.0,0.0,0,,,0.0,0,
8419,416576,-5.0,0.0,0.0,0,,,0.0,0,
8420,416640,-4.0,0.0,0.0,0,,,0.0,0,
8421,416704,-5.0,0.0,0.0,0,,,0.0,0,
8422,416704,-5.0,0.0,0.0,0,,,0.0,0,
8423,416704,-5.0,0.0,0.0,0,,,0.0,0,
8424,416768,-5.0,0.0,0.0,0,,,0.0,0,
8425,416768,-5.0,0.0,0.0,0,,,0.0,0,
8426,416832,-5.0,0.0,0.0,0,,,0.0,0,
8427,416896,-5.0,0.0,0.0,0,,,0.0,0,
8428,416960,-5.0,0.0,0.0,0,,,0.0,0,
8429,417024,-5.0,0.0,0.0,0,,,0.0,0,
8430,417024,-5.0,0.0,0.0,0,,,0.0,0,
8431,417152,-4.0,0.0,0.0,0,,,0.0,0,
8432,417152,-5.0,0.0,0.0,0,,,0.0,0,
8433,417152,11.3,1.0,0.0,0,,,0.0,0,
8434,417216,-4.0,0.0,0.0,0,,,0.0,0,
8435,417216,-5.0,0.0,0.0,0,,,0.0,0,
8436,417344,11.8,1.0,0.0,0,,,0.0,0,
8437,417344,-4.0,0.0,0.0,0,,,0.0,0,
8438,417344,-5.0,0.0,0.0,0,,,0.0,0,
8439,417408,-5.0,0.0,0.0,0,,,0.0,0,
8440,417408,-4.0,0.0,0.0,0,,,0.0,0,
8441,417408,-4.0,0.0,0.0,0,,,0.0,0,
8442,417472,-5.0,0.0,0.0,0,,,0.0,0,
8443,417536,-5.0,0.0,0.0,0,,,0.0,0,
8444,417600,-5.0,0.0,0.0,0,,,0.0,0,
8445,417728,-4.0,0.0,0.0,0,,,0.0,0,
8446,417792,-5.0,0.0,0.0,0,,,0.0,0,
8447,417856,-5.0,0.0,0.0,0,,,0.0,0,
8448,417856,-4.0,0.0,0.0,0,,,0.0,0,
8449,417920,-5.0,0.0,0.0,0,,,0.0,0,
8450,417920,-4.0,0.0,0.0,0,,,0.0,0,
8451,417984,-5.0,0.0,0.0,0,,,0.0,0,
8452,418112,-5.0,0.0,0.0,0,,,0.0,0,
8453,418176,-5.0,0.0,0.0,0,,,0.0,0,
8454,418240,-5.0,0.0,0.0,0,,,0.0,0,
8455,418240,-5.0,0.0,0.0,0,,,0.0,0,
8456,418368,-5.0,0.0,0.0,0,,,0.0,0,
8457,418432,-5.0,0.0,0.0,0,,,0.0,0,
8458,418496,-5.0,0.0,0.0,0,,,0.0,0,
8459,418496,-4.0,0.0,0.0,0,,,0.0,0,
8460,418624,-4.0,0.0,0.0,0,,,0.0,0,
8461,418688,-4.0,0.0,0.0,0,,,0.0,0,
8462,418688,-5.0,0.0,0.0,0,,,0.0,0,
8463,418816,-5.0,0.0,0.0,0,,,0.0,0,
8464,418816,-4.0,0.0,0.0,0,,,0.0,0,
8465,418944,10.4,1.0,0.0,0,,,0.0,0,
8466,418944,-5.0,0.0,0.0,0,,,0.0,0,
8467,418944,-4.0,0.0,0.0,0,,,0.0,0,
8468,418944,-5.0,0.0,0.0,0,,,0.0,0,
8469,418944,-5.0,0.0,0.0,0,,,0.0,0,
8470,419008,-5.0,0.0,0.0,0,,,0.0,0,
8471,419008,11.6,1.0,0.0,0,,,0.0,0,
8472,419072,-5.0,0.0,0.0,0,,,0.0,0,
8473,419136,-5.0,0.0,0.0,0,,,0.0,0,
8474,419136,-5.0,0.0,0.0,0,,,0.0,0,
8475,419328,10.2,1.0,0.0,0,,,0.0,0,
8476,419392,-5.0,0.0,0.0,0,,,0.0,0,
8477,419392,-4.0,0.0,0.0,0,,,0.0,0,
8478,419392,-4.0,0.0,0.0,0,,,0.0,0,
8479,419456,-5.0,0.0,0.0,0,,,0.0,0,
8480,419456,-5.0,0.0,0.0,0,,,0.0,0,
8481,419520,-5.0,0.0,0.0,0,,,0.0,0,
8482,419648,11.0,1.0,0.0,0,,,0.0,0,
8483,419648,-5.0,0.0,0.0,0,,,0.0,0,
8484,419712,-5.0,0.0,0.0,0,,,0.0,0,
8485,419712,-5.0,0.0,0.0,0,,,0.0,0,
8486,419712,-4.0,0.0,0.0,0,,,0.0,0,
8487,419712,10.1,1.0,0.0,0,,,0.0,0,
8488,419712,-5.0,0.0,0.0,0,,,0.0,0,
8489,419776,-5.0,0.0,0.0,0,,,0.0,0,
8490,419840,-5.0,0.0,0.0,0,,,0.0,0,
8491,419968,-5.0,0.0,0.0,0,,,0.0,0,
8492,419968,-4.0,0.0,0.0,0,,,0.0,0,
8493,419968,-5.0,0.0,0.0,0,,,0.0,0,
8494,420032,-5.0,0.0,0.0,0,,,0.0,0,
8495,420032,-5.0,0.0,0.0,0,,,0.0,0,
8496,420096,-5.0,0.0,0.0,0,,,0.0,0,
8497,420160,-4.0,0.0,0.0,0,,,0.0,0,
8498,420224,-4.0,0.0,0.0,0,,,0.0,0,
8499,420288,-5.0,0.0,0.0,0,,,0.0,0,
8500,420288,-5.0,0.0,0.0,0,,,0.0,0,
8501,420416,-5.0,0.0,0.0,0,,,0.0,0,
8502,420416,-4.0,0.0,0.0,0,,,0.0,0,
8503,420480,-4.0,0.0,0.0,0,,,0.0,0,
8504,420480,-4.0,0.0,0.0,0,,,0.0,0,
8505,420608,-5.0,0.0,0.0,0,,,0.0,0,
8506,420608,-5.0,0.0,0.0,0,,,0.0,0,
8507,420608,-5.0,0.0,0.0,0,,,0.0,0,
8508,420672,-4.0,0.0,0.0,0,,,0.0,0,
8509,420672,-5.0,0.0,0.0,0,,,0.0,0,
8510,420672,-5.0,0.0,0.0,0,,,0.0,0,
8511,420736,-5.0,0.0,0.0,0,,,0.0,0,
8512,420800,-4.0,0.0,0.0,0,,,0.0,0,
8513,420800,11.5,1.0,0.0,0,,,0.0,0,
8514,420864,11.7,1.0,0.0,0,,,0.0,0,
8515,420864,-5.0,0.0,0.0,0,,,0.0,0,
8516,420992,-5.0,0.0,0.0,0,,,0.0,0,
8517,421056,-5.0,0.0,0.0,0,,,0.0,0,
8518,421120,11.3,1.0,0.0,0,,,0.0,0,
8519,421120,-5.0,0.0,0.0,0,,,0.0,0,
8520,421184,-5.0,0.0,0.0,0,,,0.0,0,
8521,421184,-5.0,0.0,0.0,0,,,0.0,0,
8522,421248,-5.0,0.0,0.0,0,,,0.0,0,
8523,421440,-5.0,0.0,0.0,0,,,0.0,0,
8524,421504,-5.0,0.0,0.0,0,,,0.0,0,
8525,421504,-5.0,0.0,0.0,0,,,0.0,0,
8526,421632,-4.0,0.0,0.0,0,,,0.0,0,
8527,421760,-5.0,0.0,0.0,0,,,0.0,0,
8528,421760,-4.0,0.0,0.0,0,,,0.0,0,
8529,421888,-5.0,0.0,0.0,0,,,0.0,0,
8530,421952,-4.0,0.0,0.0,0,,,0.0,0,
8531,422080,-4.0,0.0,0.0,0,,,0.0,0,
8532,422080,-5.0,0.0,0.0,0,,,0.0,0,
8533,422208,-5.0,0.0,0.0,0,,,0.0,0,
8534,422208,-4.0,0.0,0.0,0,,,0.0,0,
8535,422208,-5.0,0.0,0.0,0,,,0.0,0,
8536,422208,-5.0,0.0,0.0,0,,,0.0,0,
8537,422272,-5.0,0.0,0.0,0,,,0.0,0,
8538,422272,-4.0,0.0,0.0,0,,,0.0,0,
8539,422336,-4.0,0.0,0.0,0,,,0.0,0,
8540,422400,-5.0,0.0,0.0,0,,,0.0,0,
8541,422400,-5.0,0.0,0.0,0,,,0.0,0,
8542,422400,11.8,1.0,0.0,0,,,0.0,0,
8543,422592,-5.0,0.0,0.0,0,,,0.0,0,
8544,422656,-5.0,0.0,0.0,0,,,0.0,0,
8545,422656,-5.0,0.0,0.0,0,,,0.0,0,
8546,422656,-5.0,0.0,0.0,0,,,0.0,0,
8547,422720,-4.0,0.0,0.0,0,,,0.0,0,
8548,422720,-5.0,0.0,0.0,0,,,0.0,0,
8549,422784,-4.0,0.0,0.0,0,,,0.0,0,
8550,422912,-4.0,0.0,0.0,0,,,0.0,0,
8551,422912,-5.0,0.0,0.0,0,,,0.0,0,
8552,422976,-5.0,0.0,0.0,0,,,0.0,0,
8553,422976,-5.0,0.0,0.0,0,,,0.0,0,
8554,422976,-5.0,0.0,0.0,0,,,0.0,0,
8555,422976,-5.0,0.0,0.0,0,,,0.0,0,
8556,422976,-5.0,0.0,0.0,0,,,0.0,0,
8557,423040,-5.0,0.0,0.0,0,,,0.0,0,
8558,423104,-5.0,0.0,0.0,0,,,0.0,0,
8559,423232,9.8,1.0,0.0,0,,,0.0,0,
8560,423232,-5.0,0.0,0.0,0,,,0.0,0,
8561,423232,-5.0,0.0,0.0,0,,,0.0,0,
8562,423232,-4.0,0.0,0.0,0,,,0.0,0,
8563,423296,-4.0,0.0,0.0,0,,,0.0,0,
8564,423296,-5.0,0.0,0.0,0,,,0.0,0,
8565,423360,-5.0,0.0,0.0,0,,,0.0,0,
8566,423424,-5.0,0.0,0.0,0,,,0.0,0,
8567,423488,-4.0,0.0,0.0,0,,,0.0,0,
8568,423552,-5.0,0.0,0.0,0,,,0.0,0,
8569,423552,-5.0,0.0,0.0,0,,,0.0,0,
8570,423680,-5.0,0.0,0.0,0,,,0.0,0,
8571,423744,-5.0,0.0,0.0,0,,,0.0,0,
8572,423744,-5.0,0.0,0.0,0,,,0.0,0,
8573,423872,-5.0,0.0,0.0,0,,,0.0,0,
8574,423936,-5.0,0.0,0.0,0,,,0.0,0,
8575,423936,-4.0,0.0,0.0,0,,,0.0,0,
8576,423936,-4.0,0.0,0.0,0,,,0.0,0,
8577,424000,-5.0,0.0,0.0,0,,,0.0,0,
8578,424064,-5.0,0.0,0.0,0,,,0.0,0,
8579,424064,-4.0,0.0,0.0,0,,,0.0,0,
8580,424128,-5.0,0.0,0.0,0,,,0.0,0,
8581,424128,-5.0,0.0,0.0,0,,,0.0,0,
8582,424128,11.0,1.0,0.0,0,,,0.0,0,
8583,424256,-5.0,0.0,0.0,0,,,0.0,0,
8584,424320,-4.0,0.0,0.0,0,,,0.0,0,
8585,424384,-5.0,0.0,0.0,0,,,0.0,0,
8586,424384,-5.0,0.0,0.0,0,,,0.0,0,
8587,424448,-5.0,0.0,0.0,0,,,0.0,0,
8588,424448,11.3,1.0,0.0,0,,,0.0,0,
8589,424448,-4.0,0.0,0.0,0,,,0.0,0,
8590,424512,-5.0,0.0,0.0,0,,,0.0,0,
8591,424576,8.2,1.0,0.0,0,,,0.0,0,
8592,424704,-4.0,0.0,0.0,0,,,0.0,0,
8593,424768,-5.0,0.0,0.0,0,,,0.0,0,
8594,424768,-5.0,0.0,0.0,0,,,0.0,0,
8595,424896,-5.0,0.0,0.0,0,,,0.0,0,
8596,425024,-4.0,0.0,0.0,0,,,0.0,0,
8597,425152,-5.0,0.0,0.0,0,,,0.0,0,
8598,425216,10.8,1.0,0.0,0,,,0.0,0,
8599,425216,-5.0,0.0,0.0,0,,,0.0,0,
8600,425344,-5.0,0.0,0.0,0,,,0.0,0,
8601,425472,-5.0,0.0,0.0,0,,,0.0,0,
8602,425472,-5.0,0.0,0.0,0,,,0.0,0,
8603,425472,-5.0,0.0,0.0,0,,,0.0,0,
8604,425536,-5.0,0.0,0.0,0,,,0.0,0,
8605,425536,-4.0,0.0,0.0,0,,,0.0,0,
8606,425600,-5.0,0.0,0.0,0,,,0.0,0,
8607,425664,-5.0,0.0,0.0,0,,,0.0,0,
8608,425664,-5.0,0.0,0.0,0,,,0.0,0,
8609,425664,-4.0,0.0,0.0,0,,,0.0,0,
8610,425856,-5.0,0.0,0.0,0,,,0.0,0,
8611,425920,8.0,1.0,0.0,0,,,0.0,0,
8612,425920,-5.0,0.0,0.0,0,,,0.0,0,
8613,425920,-5.0,0.0,0.0,0,,,0.0,0,
8614,425920,-4.0,0.0,0.0,0,,,0.0,0,
8615,425984,-4.0,0.0,0.0,0,,,0.0,0,
8616,425984,9.1,1.0,0.0,0,,,0.0,0,
8617,425984,-4.0,0.0,0.0,0,,,0.0,0,
8618,426048,-5.0,0.0,0.0,0,,,0.0,0,
8619,426112,7.1,1.0,0.0,0,,,0.0,0,
8620,426176,-5.0,0.0,0.0,0,,,0.0,0,
8621,426240,-4.0,0.0,0.0,0,,,0.0,0,
8622,426240,-4.0,0.0,0.0,0,,,0.0,0,
8623,426240,-5.0,0.0,0.0,0,,,0.0,0,
8624,426240,-5.0,0.0,0.0,0,,,0.0,0,
8625,426240,-5.0,0.0,0.0,0,,,0.0,0,
8626,426304,-5.0,0.0,0.0,0,,,0.0,0,
8627,426368,-5.0,0.0,0.0,0,,,0.0,0,
8628,426496,-4.0,0.0,0.0,0,,,0.0,0,
8629,426496,-5.0,0.0,0.0,0,,,0.0,0,
8630,426496,-4.0,0.0,0.0,0,,,0.0,0,
8631,426496,-5.0,0.0,0.0,0,,,0.0,0,
8632,426560,-5.0,0.0,0.0,0,,,0.0,0,
8633,426624,11.1,1.0,0.0,0,,,0.0,0,
8634,426624,-4.0,0.0,0.0,0,,,0.0,0,
8635,426752,-5.0,0.0,0.0,0,,,0.0,0,
8636,426752,10.9,1.0,0.0,0,,,0.0,0,
8637,426816,-4.0,0.0,0.0,0,,,0.0,0,
8638,426816,-5.0,0.0,0.0,0,,,0.0,0,
8639,426944,-5.0,0.0,0.0,0,,,0.0,0,
8640,427008,-4.0,0.0,0.0,0,,,0.0,0,
8641,427008,-5.0,0.0,0.0,0,,,0.0,0,
8642,427136,-5.0,0.0,0.0,0,,,0.0,0,
8643,427200,-4.0,0.0,0.0,0,,,0.0,0,
8644,427200,-5.0,0.0,0.0,0,,,0.0,0,
8645,427264,-4.0,0.0,0.0,0,,,0.0,0,
8646,427328,-5.0,0.0,0.0,0,,,0.0,0,
8647,427392,-4.0,0.0,0.0,0,,,0.0,0,
8648,427392,-5.0,0.0,0.0,0,,,0.0,0,
8649,427392,-5.0,0.0,0.0,0,,,0.0,0,
8650,427520,-5.0,0.0,0.0,0,,,0.0,0,
8651,427584,-4.0,0.0,0.0,0,,,0.0,0,
8652,427648,-4.0,0.0,0.0,0,,,0.0,0,
8653,427712,-5.0,0.0,0.0,0,,,0.0,0,
8654,427712,-5.0,0.0,0.0,0,,,0.0,0,
8655,427712,-4.0,0.0,0.0,0,,,0.0,0,
8656,427776,-5.0,0.0,0.0,0,,,0.0,0,
8657,427840,-4.0,0.0,0.0,0,,,0.0,0,
8658,427968,-5.0,0.0,0.0,0,,,0.0,0,
8659,428032,-5.0,0.0,0.0,0,,,0.0,0,
8660,428032,-5.0,0.0,0.0,0,,,0.0,0,
8661,428160,-5.0,0.0,0.0,0,,,0.0,0,
8662,428288,-5.0,0.0,0.0,0,,,0.0,0,
8663,428416,-5.0,0.0,0.0,0,,,0.0,0,
8664,428480,-5.0,0.0,0.0,0,,,0.0,0,
8665,428480,-4.0,0.0,0.0,0,,,0.0,0,
8666,428608,-5.0,0.0,0.0,0,,,0.0,0,
8667,428736,-5.0,0.0,0.0,0,,,0.0,0,
8668,428736,-5.0,0.0,0.0,0,,,0.0,0,
8669,428736,-5.0,0.0,0.0,0,,,0.0,0,
8670,428800,-5.0,0.0,0.0,0,,,0.0,0,
8671,428800,-5.0,0.0,0.0,0,,,0.0,0,
8672,428864,-4.0,0.0,0.0,0,,,0.0,0,
8673,428928,-4.0,0.0,0.0,0,,,0.0,0,
8674,428928,-4.0,0.0,0.0,0,,,0.0,0,
8675,428928,-5.0,0.0,0.0,0,,,0.0,0,
8676,429120,-4.0,0.0,0.0,0,,,0.0,0,
8677,429184,-5.0,0.0,0.0,0,,,0.0,0,
8678,429184,-5.0,0.0,0.0,0,,,0.0,0,
8679,429184,-5.0,0.0,0.0,0,,,0.0,0,
8680,429184,-5.0,0.0,0.0,0,,,0.0,0,
8681,429248,-4.0,0.0,0.0,0,,,0.0,0,
8682,429312,-5.0,0.0,0.0,0,,,0.0,0,
8683,429376,-4.0,0.0,0.0,0,,,0.0,0,
8684,429440,-5.0,0.0,0.0,0,,,0.0,0,
8685,429504,-4.0,0.0,0.0,0,,,0.0,0,
8686,429504,-5.0,0.0,0.0,0,,,0.0,0,
8687,429504,10.9,1.0,0.0,0,,,0.0,0,
8688,429504,-5.0,0.0,0.0,0,,,0.0,0,
8689,429504,-5.0,0.0,0.0,0,,,0.0,0,
8690,429504,-5.0,0.0,0.0,0,,,0.0,0,
8691,429568,-5.0,0.0,0.0,0,,,0.0,0,
8692,429632,-5.0,0.0,0.0,0,,,0.0,0,
8693,429760,-5.0,0.0,0.0,0,,,0.0,0,
8694,429760,-5.0,0.0,0.0,0,,,0.0,0,
8695,429760,-4.0,0.0,0.0,0,,,0.0,0,
8696,429760,-5.0,0.0,0.0,0,,,0.0,0,
8697,429824,-5.0,0.0,0.0,0,,,0.0,0,
8698,429888,-4.0,0.0,0.0,0,,,0.0,0,
8699,429888,-5.0,0.0,0.0,0,,,0.0,0,
8700,430016,10.3,1.0,0.0,0,,,0.0,0,
8701,430016,11.3,1.0,0.0,0,,,0.0,0,
8702,430016,-5.0,0.0,0.0,0,,,0.0,0,
8703,430016,-5.0,0.0,0.0,0,,,0.0,0,
8704,430080,-5.0,0.0,0.0,0,,,0.0,0,
8705,430080,-5.0,0.0,0.0,0,,,0.0,0,
8706,430080,8.9,1.0,0.0,0,,,0.0,0,
8707,430144,11.5,1.0,0.0,0,,,0.0,0,
8708,430208,-4.0,0.0,0.0,0,,,0.0,0,
8709,430272,-5.0,0.0,0.0,0,,,0.0,0,
8710,430272,-5.0,0.0,0.0,0,,,0.0,0,
8711,430400,-5.0,0.0,0.0,0,,,0.0,0,
8712,430464,-4.0,0.0,0.0,0,,,0.0,0,
8713,430464,-5.0,0.0,0.0,0,,,0.0,0,
8714,430528,-5.0,0.0,0.0,0,,,0.0,0,
8715,430592,-5.0,0.0,0.0,0,,,0.0,0,
8716,430656,-5.0,0.0,0.0,0,,,0.0,0,
8717,430656,-5.0,0.0,0.0,0,,,0.0,0,
8718,430656,-5.0,0.0,0.0,0,,,0.0,0,
8719,430784,-5.0,0.0,0.0,0,,,0.0,0,
8720,430848,-5.0,0.0,0.0,0,,,0.0,0,
8721,430912,-5.0,0.0,0.0,0,,,0.0,0,
8722,430976,-4.0,0.0,0.0,0,,,0.0,0,
8723,430976,-4.0,0.0,0.0,0,,,0.0,0,
8724,430976,-5.0,0.0,0.0,0,,,0.0,0,
8725,431040,-5.0,0.0,0.0,0,,,0.0,0,
8726,431104,-4.0,0.0,0.0,0,,,0.0,0,
8727,431232,-5.0,0.0,0.0,0,,,0.0,0,
8728,431296,-4.0,0.0,0.0,0,,,0.0,0,
8729,431424,-5.0,0.0,0.0,0,,,0.0,0,
8730,431552,-5.0,0.0,0.0,0,,,0.0,0,
8731,431680,-4.0,0.0,0.0,0,,,0.0,0,
8732,431744,-4.0,0.0,0.0,0,,,0.0,0,
8733,431744,-4.0,0.0,0.0,0,,,0.0,0,
8734,431808,8.4,1.0,0.0,0,,,0.0,0,
8735,431872,-5.0,0.0,0.0,0,,,0.0,0,
8736,432000,-4.0,0.0,0.0,0,,,0.0,0,
8737,432000,-5.0,0.0,0.0,0,,,0.0,0,
8738,432064,-4.0,0.0,0.0,0,,,0.0,0,
8739,432064,-5.0,0.0,0.0,0,,,0.0,0,
8740,432192,-5.0,0.0,0.0,0,,,0.0,0,
8741,432192,-4.0,0.0,0.0,0,,,0.0,0,
8742,432192,-5.0,0.0,0.0,0,,,0.0,0,
8743,432256,11.8,1.0,0.0,0,,,0.0,0,
8744,432384,-5.0,0.0,0.0,0,,,0.0,0,
8745,432448,-5.0,0.0,0.0,0,,,0.0,0,
8746,432448,-5.0,0.0,0.0,0,,,0.0,0,
8747,432448,-5.0,0.0,0.0,0,,,0.0,0,
8748,432448,-5.0,0.0,0.0,0,,,0.0,0,
8749,432512,-4.0,0.0,0.0,0,,,0.0,0,
8750,432576,-5.0,0.0,0.0,0,,,0.0,0,
8751,432640,-5.0,0.0,0.0,0,,,0.0,0,
8752,432768,-5.0,0.0,0.0,0,,,0.0,0,
8753,432768,-5.0,0.0,0.0,0,,,0.0,0,
8754,432768,-5.0,0.0,0.0,0,,,0.0,0,
8755,432768,-5.0,0.0,0.0,0,,,0.0,0,
8756,432768,-5.0,0.0,0.0,0,,,0.0,0,
8757,432832,-5.0,0.0,0.0,0,,,0.0,0,
8758,432896,-5.0,0.0,0.0,0,,,0.0,0,
8759,433024,-5.0,0.0,0.0,0,,,0.0,0,
8760,433024,-4.0,0.0,0.0,0,,,0.0,0,
8761,433024,-5.0,0.0,0.0,0,,,0.0,0,
8762,433088,-5.0,0.0,0.0,0,,,0.0,0,
8763,433088,7.1,1.0,0.0,0,,,0.0,0,
8764,433152,-5.0,0.0,0.0,0,,,0.0,0,
8765,433280,-4.0,0.0,0.0,0,,,0.0,0,
8766,433280,-4.0,0.0,0.0,0,,,0.0,0,
8767,433280,-5.0,0.0,0.0,0,,,0.0,0,
8768,433280,-4.0,0.0,0.0,0,,,0.0,0,
8769,433344,-5.0,0.0,0.0,0,,,0.0,0,
8770,433344,-4.0,0.0,0.0,0,,,0.0,0,
8771,433344,-5.0,0.0,0.0,0,,,0.0,0,
8772,433344,11.4,1.0,0.0,0,,,0.0,0,
8773,433408,-5.0,0.0,0.0,0,,,0.0,0,
8774,433472,-4.0,0.0,0.0,0,,,0.0,0,
8775,433536,-5.0,0.0,0.0,0,,,0.0,0,
8776,433536,-5.0,0.0,0.0,0,,,0.0,0,
8777,433664,-5.0,0.0,0.0,0,,,0.0,0,
8778,433728,-4.0,0.0,0.0,0,,,0.0,0,
8779,433728,-5.0,0.0,0.0,0,,,0.0,0,
8780,433792,-5.0,0.0,0.0,0,,,0.0,0,
8781,433856,-4.0,0.0,0.0,0,,,0.0,0,
8782,433920,-4.0,0.0,0.0,0,,,0.0,0,
8783,433920,-4.0,0.0,0.0,0,,,0.0,0,
8784,433920,-5.0,0.0,0.0,0,,,0.0,0,
8785,434048,-4.0,0.0,0.0,0,,,0.0,0,
8786,434112,-4.0,0.0,0.0,0,,,0.0,0,
8787,434176,-5.0,0.0,0.0,0,,,0.0,0,
8788,434176,7.6,1.0,0.0,0,,,0.0,0,
8789,434240,-4.0,0.0,0.0,0,,,0.0,0,
8790,434240,-5.0,0.0,0.0,0,,,0.0,0,
8791,434240,-5.0,0.0,0.0,0,,,0.0,0,
8792,434304,-5.0,0.0,0.0,0,,,0.0,0,
8793,434368,-5.0,0.0,0.0,0,,,0.0,0,
8794,434496,-5.0,0.0,0.0,0,,,0.0,0,
8795,434624,10.4,1.0,0.0,0,,,0.0,0,
8796,434688,-4.0,0.0,0.0,0,,,0.0,0,
8797,434816,-5.0,0.0,0.0,0,,,0.0,0,
8798,434944,-5.0,0.0,0.0,0,,,0.0,0,
8799,435008,-4.0,0.0,0.0,0,,,0.0,0,
8800,435008,-5.0,0.0,0.0,0,,,0.0,0,
8801,435072,-5.0,0.0,0.0,0,,,0.0,0,
8802,435136,-5.0,0.0,0.0,0,,,0.0,0,
8803,435264,-5.0,0.0,0.0,0,,,0.0,0,
8804,435264,-5.0,0.0,0.0,0,,,0.0,0,
8805,435328,-5.0,0.0,0.0,0,,,0.0,0,
8806,435456,-5.0,0.0,0.0,0,,,0.0,0,
8807,435456,-5.0,0.0,0.0,0,,,0.0,0,
8808,435456,-5.0,0.0,0.0,0,,,0.0,0,
8809,435520,-5.0,0.0,0.0,0,,,0.0,0,
8810,435584,8.5,1.0,0.0,0,,,0.0,0,
8811,435648,-5.0,0.0,0.0,0,,,0.0,0,
8812,435712,-5.0,0.0,0.0,0,,,0.0,0,
8813,435712,-5.0,0.0,0.0,0,,,0.0,0,
8814,435712,-5.0,0.0,0.0,0,,,0.0,0,
8815,435712,-5.0,0.0,0.0,0,,,0.0,0,
8816,435776,-4.0,0.0,0.0,0,,,0.0,0,
8817,435840,10.7,1.0,0.0,0,,,0.0,0,
8818,435840,-5.0,0.0,0.0,0,,,0.0,0,
8819,435904,-5.0,0.0,0.0,0,,,0.0,0,
8820,436032,-4.0,0.0,0.0,0,,,0.0,0,
8821,436032,-4.0,0.0,0.0,0,,,0.0,0,
8822,436032,-5.0,0.0,0.0,0,,,0.0,0,
8823,436032,-4.0,0.0,0.0,0,,,0.0,0,
8824,436032,-4.0,0.0,0.0,0,,,0.0,0,
8825,436096,-4.0,0.0,0.0,0,,,0.0,0,
8826,436288,-5.0,0.0,0.0,0,,,0.0,0,
8827,436288,-5.0,0.0,0.0,0,,,0.0,0,
8828,436288,-5.0,0.0,0.0,0,,,0.0,0,
8829,436352,-4.0,0.0,0.0,0,,,0.0,0,
8830,436352,-4.0,0.0,0.0,0,,,0.0,0,
8831,436416,-5.0,0.0,0.0,0,,,0.0,0,
8832,436544,-4.0,0.0,0.0,0,,,0.0,0,
8833,436544,-5.0,0.0,0.0,0,,,0.0,0,
8834,436544,-5.0,0.0,0.0,0,,,0.0,0,
8835,436608,-4.0,0.0,0.0,0,,,0.0,0,
8836,436608,-4.0,0.0,0.0,0,,,0.0,0,
8837,436608,-5.0,0.0,0.0,0,,,0.0,0,
8838,436608,-5.0,0.0,0.0,0,,,0.0,0,
8839,436672,-4.0,0.0,0.0,0,,,0.0,0,
8840,436736,-4.0,0.0,0.0,0,,,0.0,0,
8841,436800,11.3,1.0,0.0,0,,,0.0,0,
8842,436800,-5.0,0.0,0.0,0,,,0.0,0,
8843,436928,-5.0,0.0,0.0,0,,,0.0,0,
8844,436992,-4.0,0.0,0.0,0,,,0.0,0,
8845,436992,-5.0,0.0,0.0,0,,,0.0,0,
8846,437056,-4.0,0.0,0.0,0,,,0.0,0,
8847,437120,-5.0,0.0,0.0,0,,,0.0,0,
8848,437184,-5.0,0.0,0.0,0,,,0.0,0,
8849,437184,-5.0,0.0,0.0,0,,,0.0,0,
8850,437184,-4.0,0.0,0.0,0,,,0.0,0,
8851,437312,-5.0,0.0,0.0,0,,,0.0,0,
8852,437376,10.8,1.0,0.0,0,,,0.0,0,
8853,437376,-5.0,0.0,0.0,0,,,0.0,0,
8854,437440,-5.0,0.0,0.0,0,,,0.0,0,
8855,437440,-4.0,0.0,0.0,0,,,0.0,0,
8856,437504,-4.0,0.0,0.0,0,,,0.0,0,
8857,437504,-5.0,0.0,0.0,0,,,0.0,0,
8858,437504,7.0,1.0,0.0,0,,,0.0,0,
8859,437568,-5.0,0.0,0.0,0,,,0.0,0,
8860,437568,11.5,1.0,0.0,0,,,0.0,0,
8861,437568,11.2,1.0,0.0,0,,,0.0,0,
8862,437632,-5.0,0.0,0.0,0,,,0.0,0,
8863,437760,-4.0,0.0,0.0,0,,,0.0,0,
8864,437888,-5.0,0.0,0.0,0,,,0.0,0,
8865,437952,-5.0,0.0,0.0,0,,,0.0,0,
8866,438080,-5.0,0.0,0.0,0,,,0.0,0,
8867,438144,11.7,1.0,0.0,0,,,0.0,0,
8868,438272,-5.0,0.0,0.0,0,,,0.0,0,
8869,438272,-5.0,0.0,0.0,0,,,0.0,0,
8870,438336,-5.0,0.0,0.0,0,,,0.0,0,
8871,438400,-4.0,0.0,0.0,0,,,0.0,0,
8872,438528,-5.0,0.0,0.0,0,,,0.0,0,
8873,438528,-5.0,0.0,0.0,0,,,0.0,0,
8874,438592,-4.0,0.0,0.0,0,,,0.0,0,
8875,438720,-5.0,0.0,0.0,0,,,0.0,0,
8876,438720,-4.0,0.0,0.0,0,,,0.0,0,
8877,438720,-4.0,0.0,0.0,0,,,0.0,0,
8878,438784,-4.0,0.0,0.0,0,,,0.0,0,
8879,438848,-5.0,0.0,0.0,0,,,0.0,0,
8880,438912,11.5,1.0,0.0,0,,,0.0,0,
8881,438912,-4.0,0.0,0.0,0,,,0.0,0,
8882,438976,-5.0,0.0,0.0,0,,,0.0,0,
8883,438976,-5.0,0.0,0.0,0,,,0.0,0,
8884,438976,-4.0,0.0,0.0,0,,,0.0,0,
8885,438976,-5.0,0.0,0.0,0,,,0.0,0,
8886,439040,-5.0,0.0,0.0,0,,,0.0,0,
8887,439104,-5.0,0.0,0.0,0,,,0.0,0,
8888,439104,-5.0,0.0,0.0,0,,,0.0,0,
8889,439168,-4.0,0.0,0.0,0,,,0.0,0,
8890,439296,-5.0,0.0,0.0,0,,,0.0,0,
8891,439296,-4.0,0.0,0.0,0,,,0.0,0,
8892,439296,-5.0,0.0,0.0,0,,,0.0,0,
8893,439296,-4.0,0.0,0.0,0,,,0.0,0,
8894,439296,-5.0,0.0,0.0,0,,,0.0,0,
8895,439360,-5.0,0.0,0.0,0,,,0.0,0,
8896,439552,-4.0,0.0,0.0,0,,,0.0,0,
8897,439552,-5.0,0.0,0.0,0,,,0.0,0,
8898,439616,-5.0,0.0,0.0,0,,,0.0,0,
8899,439616,-5.0,0.0,0.0,0,,,0.0,0,
8900,439680,-5.0,0.0,0.0,0,,,0.0,0,
8901,439808,-5.0,0.0,0.0,0,,,0.0,0,
8902,439808,9.7,1.0,0.0,0,,,0.0,0,
8903,439808,-5.0,0.0,0.0,0,,,0.0,0,
8904,439872,-5.0,0.0,0.0,0,,,0.0,0,
8905,439872,-5.0,0.0,0.0,0,,,0.0,0,
8906,439872,-5.0,0.0,0.0,0,,,0.0,0,
8907,439872,-4.0,0.0,0.0,0,,,0.0,0,
8908,439936,-5.0,0.0,0.0,0,,,0.0,0,
8909,439936,8.2,1.0,0.0,0,,,0.0,0,
8910,440000,-5.0,0.0,0.0,0,,,0.0,0,
8911,440064,-4.0,0.0,0.0,0,,,0.0,0,
8912,440064,-4.0,0.0,0.0,0,,,0.0,0,
8913,440192,-5.0,0.0,0.0,0,,,0.0,0,
8914,440256,7.9,1.0,0.0,0,,,0.0,0,
8915,440256,-5.0,0.0,0.0,0,,,0.0,0,
8916,440320,-5.0,0.0,0.0,0,,,0.0,0,
8917,440384,-5.0,0.0,0.0,0,,,0.0,0,
8918,440448,-5.0,0.0,0.0,0,,,0.0,0,
8919,440448,-5.0,0.0,0.0,0,,,0.0,0,
8920,440576,-4.0,0.0,0.0,0,,,0.0,0,
8921,440640,-5.0,0.0,0.0,0,,,0.0,0,
8922,440640,-5.0,0.0,0.0,0,,,0.0,0,
8923,440704,-5.0,0.0,0.0,0,,,0.0,0,
8924,440768,-5.0,0.0,0.0,0,,,0.0,0,
8925,440768,-5.0,0.0,0.0,0,,,0.0,0,
8926,440768,-4.0,0.0,0.0,0,,,0.0,0,
8927,440832,-4.0,0.0,0.0,0,,,0.0,0,
8928,440832,-5.0,0.0,0.0,0,,,0.0,0,
8929,440896,10.8,1.0,0.0,0,,,0.0,0,
8930,440896,-4.0,0.0,0.0,0,,,0.0,0,
8931,440896,9.4,1.0,0.0,0,,,0.0,0,
8932,441024,-5.0,0.0,0.0,0,,,0.0,0,
8933,441216,-4.0,0.0,0.0,0,,,0.0,0,
8934,441344,-4.0,0.0,0.0,0,,,0.0,0,
8935,441408,9.4,1.0,0.0,0,,,0.0,0,
8936,441408,-5.0,0.0,0.0,0,,,0.0,0,
8937,441536,-4.0,0.0,0.0,0,,,0.0,0,
8938,441600,-4.0,0.0,0.0,0,,,0.0,0,
8939,441664,-5.0,0.0,0.0,0,,,0.0,0,
8940,441792,-5.0,0.0,0.0,0,,,0.0,0,
8941,441856,-4.0,0.0,0.0,0,,,0.0,0,
8942,441984,8.4,1.0,0.0,0,,,0.0,0,
8943,441984,-4.0,0.0,0.0,0,,,0.0,0,
8944,441984,-5.0,0.0,0.0,0,,,0.0,0,
8945,441984,-5.0,0.0,0.0,0,,,0.0,0,
8946,442048,-5.0,0.0,0.0,0,,,0.0,0,
8947,442112,-5.0,0.0,0.0,0,,,0.0,0,
8948,442176,-5.0,0.0,0.0,0,,,0.0,0,
8949,442176,-5.0,0.0,0.0,0,,,0.0,0,
8950,442240,-5.0,0.0,0.0,0,,,0.0,0,
8951,442240,-5.0,0.0,0.0,0,,,0.0,0,
8952,442240,-4.0,0.0,0.0,0,,,0.0,0,
8953,442240,-4.0,0.0,0.0,0,,,0.0,0,
8954,442304,-4.0,0.0,0.0,0,,,0.0,0,
8955,442368,-5.0,0.0,0.0,0,,,0.0,0,
8956,442368,-4.0,0.0,0.0,0,,,0.0,0,
8957,442496,8.6,1.0,0.0,0,,,0.0,0,
8958,442560,-5.0,0.0,0.0,0,,,0.0,0,
8959,442560,-5.0,0.0,0.0,0,,,0.0,0,
8960,442560,-5.0,0.0,0.0,0,,,0.0,0,
8961,442560,-5.0,0.0,0.0,0,,,0.0,0,
8962,442560,-5.0,0.0,0.0,0,,,0.0,0,
8963,442624,-5.0,0.0,0.0,0,,,0.0,0,
8964,442816,-5.0,0.0,0.0,0,,,0.0,0,
8965,442816,-4.0,0.0,0.0,0,,,0.0,0,
8966,442880,-4.0,0.0,0.0,0,,,0.0,0,
8967,443072,-5.0,0.0,0.0,0,,,0.0,0,
8968,443072,-5.0,0.0,0.0,0,,,0.0,0,
8969,443072,-5.0,0.0,0.0,0,,,0.0,0,
8970,443136,-4.0,0.0,0.0,0,,,0.0,0,
8971,443136,-4.0,0.0,0.0,0,,,0.0,0,
8972,443136,-5.0,0.0,0.0,0,,,0.0,0,
8973,443136,-5.0,0.0,0.0,0,,,0.0,0,
8974,443200,-5.0,0.0,0.0,0,,,0.0,0,
8975,443200,-5.0,0.0,0.0,0,,,0.0,0,
8976,443264,-5.0,0.0,0.0,0,,,0.0,0,
8977,443328,-4.0,0.0,0.0,0,,,0.0,0,
8978,443456,-5.0,0.0,0.0,0,,,0.0,0,
8979,443520,-5.0,0.0,0.0,0,,,0.0,0,
8980,443584,-4.0,0.0,0.0,0,,,0.0,0,
8981,443648,-5.0,0.0,0.0,0,,,0.0,0,
8982,443712,-5.0,0.0,0.0,0,,,0.0,0,
8983,443712,-5.0,0.0,0.0,0,,,0.0,0,
8984,443712,10.0,1.0,0.0,0,,,0.0,0,
8985,443776,11.4,1.0,0.0,0,,,0.0,0,
8986,443840,-4.0,0.0,0.0,0,,,0.0,0,
8987,443904,-5.0,0.0,0.0,0,,,0.0,0,
8988,443904,-4.0,0.0,0.0,0,,,0.0,0,
8989,443968,-5.0,0.0,0.0,0,,,0.0,0,
8990,444032,-4.0,0.0,0.0,0,,,0.0,0,
8991,444032,9.7,1.0,0.0,0,,,0.0,0,
8992,444032,-5.0,0.0,0.0,0,,,0.0,0,
8993,444032,-5.0,0.0,0.0,0,,,0.0,0,
8994,444096,-4.0,0.0,0.0,0,,,0.0,0,
8995,444096,-5.0,0.0,0.0,0,,,0.0,0,
8996,444160,-4.0,0.0,0.0,0,,,0.0,0,
8997,444160,-5.0,0.0,0.0,0,,,0.0,0,
8998,444160,-4.0,0.0,0.0,0,,,0.0,0,
8999,444288,11.8,1.0,0.0,0,,,0.0,0,
9000,444288,-5.0,0.0,0.0,0,,,0.0,0,
9001,444480,-5.0,0.0,0.0,0,,,0.0,0,
9002,444608,8.9,1.0,0.0,0,,,0.0,0,
9003,444608,-5.0,0.0,0.0,0,,,0.0,0,
9004,444672,-5.0,0.0,0.0,0,,,0.0,0,
9005,444672,-5.0,0.0,0.0,0,,,0.0,0,
9006,444800,-5.0,0.0,0.0,0,,,0.0,0,
9007,444864,11.2,1.0,0.0,0,,,0.0,0,
9008,444864,-5.0,0.0,0.0,0,,,0.0,0,
9009,444928,-4.0,0.0,0.0,0,,,0.0,0,
9010,445056,10.0,1.0,0.0,0,,,0.0,0,
9011,445056,-5.0,0.0,0.0,0,,,0.0,0,
9012,445120,-5.0,0.0,0.0,0,,,0.0,0,
9013,445120,10.5,1.0,0.0,0,,,0.0,0,
9014,445248,-5.0,0.0,0.0,0,,,0.0,0,
9015,445248,11.8,1.0,0.0,0,,,0.0,0,
9016,445248,-4.0,0.0,0.0,0,,,0.0,0,
9017,445248,-5.0,0.0,0.0,0,,,0.0,0,
9018,445248,-5.0,0.0,0.0,0,,,0.0,0,
9019,445312,-5.0,0.0,0.0,0,,,0.0,0,
9020,445376,-5.0,0.0,0.0,0,,,0.0,0,
9021,445440,-5.0,0.0,0.0,0,,,0.0,0,
9022,445440,-4.0,0.0,0.0,0,,,0.0,0,
9023,445504,-4.0,0.0,0.0,0,,,0.0,0,
9024,445504,-5.0,0.0,0.0,0,,,0.0,0,
9025,445504,-5.0,0.0,0.0,0,,,0.0,0,
9026,445504,-4.0,0.0,0.0,0,,,0.0,0,
9027,445568,-5.0,0.0,0.0,0,,,0.0,0,
9028,445632,-5.0,0.0,0.0,0,,,0.0,0,
9029,445824,-4.0,0.0,0.0,0,,,0.0,0,
9030,445824,-4.0,0.0,0.0,0,,,0.0,0,
9031,445824,-5.0,0.0,0.0,0,,,0.0,0,
9032,445824,-5.0,0.0,0.0,0,,,0.0,0,
9033,445888,-5.0,0.0,0.0,0,,,0.0,0,
9034,446080,-5.0,0.0,0.0,0,,,0.0,0,
9035,446080,-5.0,0.0,0.0,0,,,0.0,0,
9036,446144,-5.0,0.0,0.0,0,,,0.0,0,
9037,446336,-5.0,0.0,0.0,0,,,0.0,0,
9038,446336,-4.0,0.0,0.0,0,,,0.0,0,
9039,446336,-5.0,0.0,0.0,0,,,0.0,0,
9040,446400,-5.0,0.0,0.0,0,,,0.0,0,
9041,446400,-5.0,0.0,0.0,0,,,0.0,0,
9042,446400,-5.0,0.0,0.0,0,,,0.0,0,
9043,446400,-5.0,0.0,0.0,0,,,0.0,0,
9044,446464,-4.0,0.0,0.0,0,,,0.0,0,
9045,446464,-5.0,0.0,0.0,0,,,0.0,0,
9046,446528,-5.0,0.0,0.0,0,,,0.0,0,
9047,446720,-5.0,0.0,0.0,0,,,0.0,0,
9048,446784,-5.0,0.0,0.0,0,,,0.0,0,
9049,446848,-5.0,0.0,0.0,0,,,0.0,0,
9050,446912,-5.0,0.0,0.0,0,,,0.0,0,
9051,446976,-5.0,0.0,0.0,0,,,0.0,0,
9052,446976,-4.0,0.0,0.0,0,,,0.0,0,
9053,447040,-5.0,0.0,0.0,0,,,0.0,0,
9054,447104,-5.0,0.0,0.0,0,,,0.0,0,
9055,447168,-5.0,0.0,0.0,0,,,0.0,0,
9056,447168,-4.0,0.0,0.0,0,,,0.0,0,
9057,447232,-4.0,0.0,0.0,0,,,0.0,0,
9058,447296,-5.0,0.0,0.0,0,,,0.0,0,
9059,447296,-5.0,0.0,0.0,0,,,0.0,0,
9060,447296,-4.0,0.0,0.0,0,,,0.0,0,
9061,447296,-5.0,0.0,0.0,0,,,0.0,0,
9062,447424,-4.0,0.0,0.0,0,,,0.0,0,
9063,447424,-4.0,0.0,0.0,0,,,0.0,0,
9064,447424,-5.0,0.0,0.0,0,,,0.0,0,
9065,447552,-5.0,0.0,0.0,0,,,0.0,0,
9066,447744,-5.0,0.0,0.0,0,,,0.0,0,
9067,447872,-5.0,0.0,0.0,0,,,0.0,0,
9068,447872,-4.0,0.0,0.0,0,,,0.0,0,
9069,447936,-5.0,0.0,0.0,0,,,0.0,0,
9070,447936,-5.0,0.0,0.0,0,,,0.0,0,
9071,448064,-5.0,0.0,0.0,0,,,0.0,0,
9072,448128,10.8,1.0,0.0,0,,,0.0,0,
9073,448128,-5.0,0.0,0.0,0,,,0.0,0,
9074,448128,-5.0,0.0,0.0,0,,,0.0,0,
9075,448192,-5.0,0.0,0.0,0,,,0.0,0,
9076,448256,10.4,1.0,0.0,0,,,0.0,0,
9077,448320,-4.0,0.0,0.0,0,,,0.0,0,
9078,448320,8.6,1.0,0.0,0,,,0.0,0,
9079,448384,7.6,1.0,0.0,0,,,0.0,0,
9080,448384,-4.0,0.0,0.0,0,,,0.0,0,
9081,448384,-5.0,0.0,0.0,0,,,0.0,0,
9082,448512,-5.0,0.0,0.0,0,,,0.0,0,
9083,448512,-4.0,0.0,0.0,0,,,0.0,0,
9084,448512,-5.0,0.0,0.0,0,,,0.0,0,
9085,448512,-5.0,0.0,0.0,0,,,0.0,0,
9086,448512,-5.0,0.0,0.0,0,,,0.0,0,
9087,448576,-5.0,0.0,0.0,0,,,0.0,0,
9088,448640,-5.0,0.0,0.0,0,,,0.0,0,
9089,448704,-5.0,0.0,0.0,0,,,0.0,0,
9090,448704,-4.0,0.0,0.0,0,,,0.0,0,
9091,448768,-4.0,0.0,0.0,0,,,0.0,0,
9092,448768,-5.0,0.0,0.0,0,,,0.0,0,
9093,448768,-5.0,0.0,0.0,0,,,0.0,0,
9094,448832,-4.0,0.0,0.0,0,,,0.0,0,
9095,448896,-4.0,0.0,0.0,0,,,0.0,0,
9096,449024,10.4,1.0,0.0,0,,,0.0,0,
9097,449088,-5.0,0.0,0.0,0,,,0.0,0,
9098,449088,-5.0,0.0,0.0,0,,,0.0,0,
9099,449088,-5.0,0.0,0.0,0,,,0.0,0,
9100,449088,7.4,1.0,0.0,0,,,0.0,0,
9101,449088,-5.0,0.0,0.0,0,,,0.0,0,
9102,449152,-4.0,0.0,0.0,0,,,0.0,0,
9103,449280,8.7,1.0,0.0,0,,,0.0,0,
9104,449408,-4.0,0.0,0.0,0,,,0.0,0,
9105,449600,-5.0,0.0,0.0,0,,,0.0,0,
9106,449600,-5.0,0.0,0.0,0,,,0.0,0,
9107,449600,-4.0,0.0,0.0,0,,,0.0,0,
9108,449664,-4.0,0.0,0.0,0,,,0.0,0,
9109,449664,-4.0,0.0,0.0,0,,,0.0,0,
9110,449664,-5.0,0.0,0.0,0,,,0.0,0,
9111,449664,-4.0,0.0,0.0,0,,,0.0,0,
9112,449728,11.4,1.0,0.0,0,,,0.0,0,
9113,449728,-5.0,0.0,0.0,0,,,0.0,0,
9114,449728,-4.0,0.0,0.0,0,,,0.0,0,
9115,449792,-5.0,0.0,0.0,0,,,0.0,0,
9116,449984,-5.0,0.0,0.0,0,,,0.0,0,
9117,450048,-5.0,0.0,0.0,0,,,0.0,0,
9118,450112,-5.0,0.0,0.0,0,,,0.0,0,
9119,450176,-5.0,0.0,0.0,0,,,0.0,0,
9120,450176,8.9,1.0,0.0,0,,,0.0,0,
9121,450240,11.2,1.0,0.0,0,,,0.0,0,
9122,450240,-5.0,0.0,0.0,0,,,0.0,0,
9123,450240,-5.0,0.0,0.0,0,,,0.0,0,
9124,450304,-5.0,0.0,0.0,0,,,0.0,0,
9125,450432,-4.0,0.0,0.0,0,,,0.0,0,
9126,450496,-5.0,0.0,0.0,0,,,0.0,0,
9127,450560,-4.0,0.0,0.0,0,,,0.0,0,
9128,450560,-5.0,0.0,0.0,0,,,0.0,0,
9129,450560,-5.0,0.0,0.0,0,,,0.0,0,
9130,450688,-4.0,0.0,0.0,0,,,0.0,0,
9131,450688,-4.0,0.0,0.0,0,,,0.0,0,
9132,450688,-5.0,0.0,0.0,0,,,0.0,0,
9133,450752,10.4,1.0,0.0,0,,,0.0,0,
9134,450816,8.9,1.0,0.0,0,,,0.0,0,
9135,450816,-4.0,0.0,0.0,0,,,0.0,0,
9136,451008,-5.0,0.0,0.0,0,,,0.0,0,
9137,451136,-4.0,0.0,0.0,0,,,0.0,0,
9138,451136,-5.0,0.0,0.0,0,,,0.0,0,
9139,451200,-5.0,0.0,0.0,0,,,0.0,0,
9140,451328,-4.0,0.0,0.0,0,,,0.0,0,
9141,451392,-4.0,0.0,0.0,0,,,0.0,0,
9142,451392,-4.0,0.0,0.0,0,,,0.0,0,
9143,451456,-4.0,0.0,0.0,0,,,0.0,0,
9144,451520,-5.0,0.0,0.0,0,,,0.0,0,
9145,451584,-5.0,0.0,0.0,0,,,0.0,0,
9146,451584,-5.0,0.0,0.0,0,,,0.0,0,
9147,451648,-5.0,0.0,0.0,0,,,0.0,0,
9148,451648,-4.0,0.0,0.0,0,,,0.0,0,
9149,451648,-5.0,0.0,0.0,0,,,0.0,0,
9150,451776,-5.0,0.0,0.0,0,,,0.0,0,
9151,451776,-5.0,0.0,0.0,0,,,0.0,0,
9152,451776,-5.0,0.0,0.0,0,,,0.0,0,
9153,451776,-4.0,0.0,0.0,0,,,0.0,0,
9154,451776,-4.0,0.0,0.0,0,,,0.0,0,
9155,451840,-4.0,0.0,0.0,0,,,0.0,0,
9156,451904,-5.0,0.0,0.0,0,,,0.0,0,
9157,451968,-5.0,0.0,0.0,0,,,0.0,0,
9158,451968,-4.0,0.0,0.0,0,,,0.0,0,
9159,452032,-5.0,0.0,0.0,0,,,0.0,0,
9160,452032,-5.0,0.0,0.0,0,,,0.0,0,
9161,452096,-5.0,0.0,0.0,0,,,0.0,0,
9162,452160,-5.0,0.0,0.0,0,,,0.0,0,
9163,452288,-4.0,0.0,0.0,0,,,0.0,0,
9164,452352,-5.0,0.0,0.0,0,,,0.0,0,
9165,452352,-4.0,0.0,0.0,0,,,0.0,0,
9166,452352,-5.0,0.0,0.0,0,,,0.0,0,
9167,452352,-5.0,0.0,0.0,0,,,0.0,0,
9168,452352,-5.0,0.0,0.0,0,,,0.0,0,
9169,452416,-5.0,0.0,0.0,0,,,0.0,0,
9170,452672,-5.0,0.0,0.0,0,,,0.0,0,
9171,452864,-5.0,0.0,0.0,0,,,0.0,0,
9172,452864,-5.0,0.0,0.0,0,,,0.0,0,
9173,452864,-5.0,0.0,0.0,0,,,0.0,0,
9174,452928,-5.0,0.0,0.0,0,,,0.0,0,
9175,452928,-5.0,0.0,0.0,0,,,0.0,0,
9176,452992,-5.0,0.0,0.0,0,,,0.0,0,
9177,452992,-5.0,0.0,0.0,0,,,0.0,0,
9178,452992,-4.0,0.0,0.0,0,,,0.0,0,
9179,453056,-5.0,0.0,0.0,0,,,0.0,0,
9180,453248,-5.0,0.0,0.0,0,,,0.0,0,
9181,453312,-5.0,0.0,0.0,0,,,0.0,0,
9182,453376,-4.0,0.0,0.0,0,,,0.0,0,
9183,453440,-4.0,0.0,0.0,0,,,0.0,0,
9184,453440,-5.0,0.0,0.0,0,,,0.0,0,
9185,453504,-4.0,0.0,0.0,0,,,0.0,0,
9186,453504,-4.0,0.0,0.0,0,,,0.0,0,
9187,453504,-5.0,0.0,0.0,0,,,0.0,0,
9188,453568,-5.0,0.0,0.0,0,,,0.0,0,
9189,453696,-4.0,0.0,0.0,0,,,0.0,0,
9190,453760,-5.0,0.0,0.0,0,,,0.0,0,
9191,453824,-4.0,0.0,0.0,0,,,0.0,0,
9192,453824,-5.0,0.0,0.0,0,,,0.0,0,
9193,453824,11.5,1.0,0.0,0,,,0.0,0,
9194,453824,-4.0,0.0,0.0,0,,,0.0,0,
9195,453952,-4.0,0.0,0.0,0,,,0.0,0,
9196,453952,-5.0,0.0,0.0,0,,,0.0,0,
9197,453952,-4.0,0.0,0.0,0,,,0.0,0,
9198,454016,-4.0,0.0,0.0,0,,,0.0,0,
9199,454080,-5.0,0.0,0.0,0,,,0.0,0,
9200,454080,-4.0,0.0,0.0,0,,,0.0,0,
9201,454272,-5.0,0.0,0.0,0,,,0.0,0,
9202,454400,-5.0,0.0,0.0,0,,,0.0,0,
9203,454400,-5.0,0.0,0.0,0,,,0.0,0,
9204,454464,8.2,1.0,0.0,0,,,0.0,0,
9205,454464,-4.0,0.0,0.0,0,,,0.0,0,
9206,454592,-5.0,0.0,0.0,0,,,0.0,0,
9207,454656,-5.0,0.0,0.0,0,,,0.0,0,
9208,454656,10.3,1.0,0.0,0,,,0.0,0,
9209,454656,-5.0,0.0,0.0,0,,,0.0,0,
9210,454720,-5.0,0.0,0.0,0,,,0.0,0,
9211,454784,-5.0,0.0,0.0,0,,,0.0,0,
9212,454784,11.0,1.0,0.0,0,,,0.0,0,
9213,454848,-5.0,0.0,0.0,0,,,0.0,0,
9214,454848,-5.0,0.0,0.0,0,,,0.0,0,
9215,454912,-5.0,0.0,0.0,0,,,0.0,0,
9216,454912,-4.0,0.0,0.0,0,,,0.0,0,
9217,454912,-5.0,0.0,0.0,0,,,0.0,0,
9218,455040,-5.0,0.0,0.0,0,,,0.0,0,
9219,455040,-5.0,0.0,0.0,0,,,0.0,0,
9220,455040,-5.0,0.0,0.0,0,,,0.0,0,
9221,455040,-4.0,0.0,0.0,0,,,0.0,0,
9222,455040,-4.0,0.0,0.0,0,,,0.0,0,
9223,455104,-5.0,0.0,0.0,0,,,0.0,0,
9224,455168,-5.0,0.0,0.0,0,,,0.0,0,
9225,455232,11.8,1.0,0.0,0,,,0.0,0,
9226,455232,-5.0,0.0,0.0,0,,,0.0,0,
9227,455296,-4.0,0.0,0.0,0,,,0.0,0,
9228,455296,10.0,1.0,0.0,0,,,0.0,0,
9229,455296,-4.0,0.0,0.0,0,,,0.0,0,
9230,455360,-5.0,0.0,0.0,0,,,0.0,0,
9231,455424,-5.0,0.0,0.0,0,,,0.0,0,
9232,455552,-4.0,0.0,0.0,0,,,0.0,0,
9233,455616,-5.0,0.0,0.0,0,,,0.0,0,
9234,455616,-5.0,0.0,0.0,0,,,0.0,0,
9235,455616,-4.0,0.0,0.0,0,,,0.0,0,
9236,455616,-4.0,0.0,0.0,0,,,0.0,0,
9237,455616,-5.0,0.0,0.0,0,,,0.0,0,
9238,455680,-5.0,0.0,0.0,0,,,0.0,0,
9239,455872,11.7,1.0,0.0,0,,,0.0,0,
9240,455936,-5.0,0.0,0.0,0,,,0.0,0,
9241,456128,-5.0,0.0,0.0,0,,,0.0,0,
9242,456128,-5.0,0.0,0.0,0,,,0.0,0,
9243,456128,-5.0,0.0,0.0,0,,,0.0,0,
9244,456192,-5.0,0.0,0.0,0,,,0.0,0,
9245,456192,-5.0,0.0,0.0,0,,,0.0,0,
9246,456256,-5.0,0.0,0.0,0,,,0.0,0,
9247,456256,-5.0,0.0,0.0,0,,,0.0,0,
9248,456256,-5.0,0.0,0.0,0,,,0.0,0,
9249,456320,-5.0,0.0,0.0,0,,,0.0,0,
9250,456512,-4.0,0.0,0.0,0,,,0.0,0,
9251,456512,9.6,1.0,0.0,0,,,0.0,0,
9252,456576,-5.0,0.0,0.0,0,,,0.0,0,
9253,456640,-4.0,0.0,0.0,0,,,0.0,0,
9254,456704,-4.0,0.0,0.0,0,,,0.0,0,
9255,456768,-5.0,0.0,0.0,0,,,0.0,0,
9256,456768,-4.0,0.0,0.0,0,,,0.0,0,
9257,456832,-5.0,0.0,0.0,0,,,0.0,0,
9258,456960,-4.0,0.0,0.0,0,,,0.0,0,
9259,457024,-4.0,0.0,0.0,0,,,0.0,0,
9260,457088,-5.0,0.0,0.0,0,,,0.0,0,
9261,457088,-5.0,0.0,0.0,0,,,0.0,0,
9262,457088,-5.0,0.0,0.0,0,,,0.0,0,
9263,457088,-5.0,0.0,0.0,0,,,0.0,0,
9264,457216,-5.0,0.0,0.0,0,,,0.0,0,
9265,457216,-5.0,0.0,0.0,0,,,0.0,0,
9266,457280,-5.0,0.0,0.0,0,,,0.0,0,
9267,457344,-5.0,0.0,0.0,0,,,0.0,0,
9268,457536,-4.0,0.0,0.0,0,,,0.0,0,
9269,457664,-5.0,0.0,0.0,0,,,0.0,0,
9270,457664,-4.0,0.0,0.0,0,,,0.0,0,
9271,457728,10.4,1.0,0.0,0,,,0.0,0,
9272,457728,-5.0,0.0,0.0,0,,,0.0,0,
9273,457728,-5.0,0.0,0.0,0,,,0.0,0,
9274,457792,9.7,1.0,0.0,0,,,0.0,0,
9275,457856,-5.0,0.0,0.0,0,,,0.0,0,
9276,457920,-5.0,0.0,0.0,0,,,0.0,0,
9277,457920,-5.0,0.0,0.0,0,,,0.0,0,
9278,457920,-4.0,0.0,0.0,0,,,0.0,0,
9279,457984,-5.0,0.0,0.0,0,,,0.0,0,
9280,458048,-5.0,0.0,0.0,0,,,0.0,0,
9281,458048,-4.0,0.0,0.0,0,,,0.0,0,
9282,458112,-5.0,0.0,0.0,0,,,0.0,0,
9283,458112,-5.0,0.0,0.0,0,,,0.0,0,
9284,458176,-4.0,0.0,0.0,0,,,0.0,0,
9285,458176,-5.0,0.0,0.0,0,,,0.0,0,
9286,458304,-5.0,0.0,0.0,0,,,0.0,0,
9287,458304,-5.0,0.0,0.0,0,,,0.0,0,
9288,458304,-5.0,0.0,0.0,0,,,0.0,0,
9289,458304,-5.0,0.0,0.0,0,,,0.0,0,
9290,458368,-5.0,0.0,0.0,0,,,0.0,0,
9291,458432,-5.0,0.0,0.0,0,,,0.0,0,
9292,458496,-5.0,0.0,0.0,0,,,0.0,0,
9293,458496,-4.0,0.0,0.0,0,,,0.0,0,
9294,458560,-5.0,0.0,0.0,0,,,0.0,0,
9295,458560,-5.0,0.0,0.0,0,,,0.0,0,
9296,458560,-5.0,0.0,0.0,0,,,0.0,0,
9297,458624,-5.0,0.0,0.0,0,,,0.0,0,
9298,458624,7.1,1.0,0.0,0,,,0.0,0,
9299,458816,-5.0,0.0,0.0,0,,,0.0,0,
9300,458880,-4.0,0.0,0.0,0,,,0.0,0,
9301,458880,-5.0,0.0,0.0,0,,,0.0,0,
9302,458880,-4.0,0.0,0.0,0,,,0.0,0,
9303,458880,-5.0,0.0,0.0,0,,,0.0,0,
9304,458944,-4.0,0.0,0.0,0,,,0.0,0,
9305,459136,-5.0,0.0,0.0,0,,,0.0,0,
9306,459200,-5.0,0.0,0.0,0,,,0.0,0,
9307,459392,-5.0,0.0,0.0,0,,,0.0,0,
9308,459392,-5.0,0.0,0.0,0,,,0.0,0,
9309,459392,-5.0,0.0,0.0,0,,,0.0,0,
9310,459456,-5.0,0.0,0.0,0,,,0.0,0,
9311,459456,-4.0,0.0,0.0,0,,,0.0,0,
9312,459520,-5.0,0.0,0.0,0,,,0.0,0,
9313,459520,-5.0,0.0,0.0,0,,,0.0,0,
9314,459584,-4.0,0.0,0.0,0,,,0.0,0,
9315,459584,10.1,1.0,0.0,0,,,0.0,0,
9316,459648,11.4,1.0,0.0,0,,,0.0,0,
9317,459712,9.3,1.0,0.0,0,,,0.0,0,
9318,459776,-5.0,0.0,0.0,0,,,0.0,0,
9319,459776,-5.0,0.0,0.0,0,,,0.0,0,
9320,459840,-5.0,0.0,0.0,0,,,0.0,0,
9321,459968,-4.0,0.0,0.0,0,,,0.0,0,
9322,460032,-5.0,0.0,0.0,0,,,0.0,0,
9323,460032,-5.0,0.0,0.0,0,,,0.0,0,
9324,460096,-5.0,0.0,0.0,0,,,0.0,0,
9325,460224,-5.0,0.0,0.0,0,,,0.0,0,
9326,460288,-4.0,0.0,0.0,0,,,0.0,0,
9327,460352,-5.0,0.0,0.0,0,,,0.0,0,
9328,460352,-4.0,0.0,0.0,0,,,0.0,0,
9329,460352,-5.0,0.0,0.0,0,,,0.0,0,
9330,460352,-5.0,0.0,0.0,0,,,0.0,0,
9331,460480,-4.0,0.0,0.0,0,,,0.0,0,
9332,460480,-5.0,0.0,0.0,0,,,0.0,0,
9333,460544,-4.0,0.0,0.0,0,,,0.0,0,
9334,460608,-5.0,0.0,0.0,0,,,0.0,0,
9335,460800,-5.0,0.0,0.0,0,,,0.0,0,
9336,460928,-4.0,0.0,0.0,0,,,0.0,0,
9337,460928,-5.0,0.0,0.0,0,,,0.0,0,
9338,460992,-4.0,0.0,0.0,0,,,0.0,0,
9339,460992,-4.0,0.0,0.0,0,,,0.0,0,
9340,460992,-5.0,0.0,0.0,0,,,0.0,0,
9341,461056,-5.0,0.0,0.0,0,,,0.0,0,
9342,461120,-5.0,0.0,0.0,0,,,0.0,0,
9343,461184,-4.0,0.0,0.0,0,,,0.0,0,
9344,461184,-5.0,0.0,0.0,0,,,0.0,0,
9345,461248,-4.0,0.0,0.0,0,,,0.0,0,
9346,461312,-5.0,0.0,0.0,0,,,0.0,0,
9347,461312,-5.0,0.0,0.0,0,,,0.0,0,
9348,461376,-4.0,0.0,0.0,0,,,0.0,0,
9349,461376,-5.0,0.0,0.0,0,,,0.0,0,
9350,461376,8.2,1.0,0.0,0,,,0.0,0,
9351,461440,-5.0,0.0,0.0,0,,,0.0,0,
9352,461440,-5.0,0.0,0.0,0,,,0.0,0,
9353,461568,-4.0,0.0,0.0,0,,,0.0,0,
9354,461568,-4.0,0.0,0.0,0,,,0.0,0,
9355,461568,-5.0,0.0,0.0,0,,,0.0,0,
9356,461632,-5.0,0.0,0.0,0,,,0.0,0,
9357,461696,-5.0,0.0,0.0,0,,,0.0,0,
9358,461760,-4.0,0.0,0.0,0,,,0.0,0,
9359,461760,-4.0,0.0,0.0,0,,,0.0,0,
9360,461824,9.8,1.0,0.0,0,,,0.0,0,
9361,461824,-5.0,0.0,0.0,0,,,0.0,0,
9362,461824,-4.0,0.0,0.0,0,,,0.0,0,
9363,461824,-5.0,0.0,0.0,0,,,0.0,0,
9364,461888,-5.0,0.0,0.0,0,,,0.0,0,
9365,461888,-4.0,0.0,0.0,0,,,0.0,0,
9366,462080,-4.0,0.0,0.0,0,,,0.0,0,
9367,462144,-5.0,0.0,0.0,0,,,0.0,0,
9368,462144,-4.0,0.0,0.0,0,,,0.0,0,
9369,462144,-4.0,0.0,0.0,0,,,0.0,0,
9370,462208,-5.0,0.0,0.0,0,,,0.0,0,
9371,462336,10.6,1.0,0.0,0,,,0.0,0,
9372,462400,-4.0,0.0,0.0,0,,,0.0,0,
9373,462656,-5.0,0.0,0.0,0,,,0.0,0,
9374,462656,-4.0,0.0,0.0,0,,,0.0,0,
9375,462656,-5.0,0.0,0.0,0,,,0.0,0,
9376,462720,8.6,1.0,0.0,0,,,0.0,0,
9377,462720,-5.0,0.0,0.0,0,,,0.0,0,
9378,462720,-4.0,0.0,0.0,0,,,0.0,0,
9379,462784,-5.0,0.0,0.0,0,,,0.0,0,
9380,462784,-4.0,0.0,0.0,0,,,0.0,0,
9381,462848,-5.0,0.0,0.0,0,,,0.0,0,
9382,462848,-5.0,0.0,0.0,0,,,0.0,0,
9383,462912,-5.0,0.0,0.0,0,,,0.0,0,
9384,462976,-4.0,0.0,0.0,0,,,0.0,0,
9385,463040,-5.0,0.0,0.0,0,,,0.0,0,
9386,463040,-4.0,0.0,0.0,0,,,0.0,0,
9387,463104,-4.0,0.0,0.0,0,,,0.0,0,
9388,463232,-5.0,0.0,0.0,0,,,0.0,0,
9389,463296,-5.0,0.0,0.0,0,,,0.0,0,
9390,463296,-5.0,0.0,0.0,0,,,0.0,0,
9391,463360,-4.0,0.0,0.0,0,,,0.0,0,
9392,463488,-5.0,0.0,0.0,0,,,0.0,0,
9393,463552,-5.0,0.0,0.0,0,,,0.0,0,
9394,463616,-5.0,0.0,0.0,0,,,0.0,0,
9395,463616,-5.0,0.0,0.0,0,,,0.0,0,
9396,463616,-5.0,0.0,0.0,0,,,0.0,0,
9397,463744,-4.0,0.0,0.0,0,,,0.0,0,
9398,463808,-5.0,0.0,0.0,0,,,0.0,0,
9399,463872,-5.0,0.0,0.0,0,,,0.0,0,
9400,464064,-5.0,0.0,0.0,0,,,0.0,0,
9401,464192,-4.0,0.0,0.0,0,,,0.0,0,
9402,464192,-5.0,0.0,0.0,0,,,0.0,0,
9403,464256,-5.0,0.0,0.0,0,,,0.0,0,
9404,464256,-5.0,0.0,0.0,0,,,0.0,0,
9405,464256,-4.0,0.0,0.0,0,,,0.0,0,
9406,464320,-5.0,0.0,0.0,0,,,0.0,0,
9407,464384,-5.0,0.0,0.0,0,,,0.0,0,
9408,464448,-5.0,0.0,0.0,0,,,0.0,0,
9409,464448,-4.0,0.0,0.0,0,,,0.0,0,
9410,464512,-5.0,0.0,0.0,0,,,0.0,0,
9411,464576,-5.0,0.0,0.0,0,,,0.0,0,
9412,464576,-5.0,0.0,0.0,0,,,0.0,0,
9413,464640,-4.0,0.0,0.0,0,,,0.0,0,
9414,464640,-4.0,0.0,0.0,0,,,0.0,0,
9415,464704,-4.0,0.0,0.0,0,,,0.0,0,
9416,464704,-5.0,0.0,0.0,0,,,0.0,0,
9417,464832,-5.0,0.0,0.0,0,,,0.0,0,
9418,464832,-5.0,0.0,0.0,0,,,0.0,0,
9419,464832,-5.0,0.0,0.0,0,,,0.0,0,
9420,464896,-4.0,0.0,0.0,0,,,0.0,0,
9421,464960,-5.0,0.0,0.0,0,,,0.0,0,
9422,465024,-5.0,0.0,0.0,0,,,0.0,0,
9423,465024,-5.0,0.0,0.0,0,,,0.0,0,
9424,465088,-5.0,0.0,0.0,0,,,0.0,0,
9425,465088,-5.0,0.0,0.0,0,,,0.0,0,
9426,465088,-4.0,0.0,0.0,0,,,0.0,0,
9427,465088,-5.0,0.0,0.0,0,,,0.0,0,
9428,465152,-4.0,0.0,0.0,0,,,0.0,0,
9429,465152,-5.0,0.0,0.0,0,,,0.0,0,
9430,465344,-5.0,0.0,0.0,0,,,0.0,0,
9431,465408,-5.0,0.0,0.0,0,,,0.0,0,
9432,465408,-4.0,0.0,0.0,0,,,0.0,0,
9433,465408,-5.0,0.0,0.0,0,,,0.0,0,
9434,465472,-5.0,0.0,0.0,0,,,0.0,0,
9435,465600,-5.0,0.0,0.0,0,,,0.0,0,
9436,465664,-5.0,0.0,0.0,0,,,0.0,0,
9437,465792,11.5,1.0,0.0,0,,,0.0,0,
9438,465920,-5.0,0.0,0.0,0,,,0.0,0,
9439,465920,-5.0,0.0,0.0,0,,,0.0,0,
9440,465920,-5.0,0.0,0.0,0,,,0.0,0,
9441,465984,-5.0,0.0,0.0,0,,,0.0,0,
9442,465984,-4.0,0.0,0.0,0,,,0.0,0,
9443,465984,-4.0,0.0,0.0,0,,,0.0,0,
9444,466048,-4.0,0.0,0.0,0,,,0.0,0,
9445,466048,-5.0,0.0,0.0,0,,,0.0,0,
9446,466112,-5.0,0.0,0.0,0,,,0.0,0,
9447,466112,-4.0,0.0,0.0,0,,,0.0,0,
9448,466176,-5.0,0.0,0.0,0,,,0.0,0,
9449,466240,-5.0,0.0,0.0,0,,,0.0,0,
9450,466304,-5.0,0.0,0.0,0,,,0.0,0,
9451,466304,-4.0,0.0,0.0,0,,,0.0,0,
9452,466368,-5.0,0.0,0.0,0,,,0.0,0,
9453,466432,9.2,1.0,0.0,0,,,0.0,0,
9454,466496,-4.0,0.0,0.0,0,,,0.0,0,
9455,466560,-5.0,0.0,0.0,0,,,0.0,0,
9456,466560,-5.0,0.0,0.0,0,,,0.0,0,
9457,466624,-5.0,0.0,0.0,0,,,0.0,0,
9458,466752,-5.0,0.0,0.0,0,,,0.0,0,
9459,466752,9.4,1.0,0.0,0,,,0.0,0,
9460,466816,-5.0,0.0,0.0,0,,,0.0,0,
9461,466880,-5.0,0.0,0.0,0,,,0.0,0,
9462,466880,-4.0,0.0,0.0,0,,,0.0,0,
9463,466880,-5.0,0.0,0.0,0,,,0.0,0,
9464,467008,-5.0,0.0,0.0,0,,,0.0,0,
9465,467072,-5.0,0.0,0.0,0,,,0.0,0,
9466,467136,-5.0,0.0,0.0,0,,,0.0,0,
9467,467328,8.2,1.0,0.0,0,,,0.0,0,
9468,467328,-5.0,0.0,0.0,0,,,0.0,0,
9469,467456,-5.0,0.0,0.0,0,,,0.0,0,
9470,467456,-5.0,0.0,0.0,0,,,0.0,0,
9471,467520,-5.0,0.0,0.0,0,,,0.0,0,
9472,467520,-5.0,0.0,0.0,0,,,0.0,0,
9473,467520,-5.0,0.0,0.0,0,,,0.0,0,
9474,467584,-5.0,0.0,0.0,0,,,0.0,0,
9475,467648,-5.0,0.0,0.0,0,,,0.0,0,
9476,467712,-4.0,0.0,0.0,0,,,0.0,0,
9477,467712,-4.0,0.0,0.0,0,,,0.0,0,
9478,467776,-5.0,0.0,0.0,0,,,0.0,0,
9479,467840,-4.0,0.0,0.0,0,,,0.0,0,
9480,467840,7.1,1.0,0.0,0,,,0.0,0,
9481,467904,-5.0,0.0,0.0,0,,,0.0,0,
9482,467968,-4.0,0.0,0.0,0,,,0.0,0,
9483,467968,-4.0,0.0,0.0,0,,,0.0,0,
9484,468096,-5.0,0.0,0.0,0,,,0.0,0,
9485,468096,-4.0,0.0,0.0,0,,,0.0,0,
9486,468160,-5.0,0.0,0.0,0,,,0.0,0,
9487,468224,-5.0,0.0,0.0,0,,,0.0,0,
9488,468288,-5.0,0.0,0.0,0,,,0.0,0,
9489,468352,-5.0,0.0,0.0,0,,,0.0,0,
9490,468352,-5.0,0.0,0.0,0,,,0.0,0,
9491,468352,-5.0,0.0,0.0,0,,,0.0,0,
9492,468352,-5.0,0.0,0.0,0,,,0.0,0,
9493,468416,-4.0,0.0,0.0,0,,,0.0,0,
9494,468416,-5.0,0.0,0.0,0,,,0.0,0,
9495,468608,-5.0,0.0,0.0,0,,,0.0,0,
9496,468672,10.0,1.0,0.0,0,,,0.0,0,
9497,468672,-5.0,0.0,0.0,0,,,0.0,0,
9498,468672,-5.0,0.0,0.0,0,,,0.0,0,
9499,468736,-5.0,0.0,0.0,0,,,0.0,0,
9500,468864,-5.0,0.0,0.0,0,,,0.0,0,
9501,468928,-5.0,0.0,0.0,0,,,0.0,0,
9502,469056,-5.0,0.0,0.0,0,,,0.0,0,
9503,469184,-5.0,0.0,0.0,0,,,0.0,0,
9504,469184,-5.0,0.0,0.0,0,,,0.0,0,
9505,469184,-5.0,0.0,0.0,0,,,0.0,0,
9506,469248,-5.0,0.0,0.0,0,,,0.0,0,
9507,469248,-5.0,0.0,0.0,0,,,0.0,0,
9508,469248,-4.0,0.0,0.0,0,,,0.0,0,
9509,469312,-5.0,0.0,0.0,0,,,0.0,0,
9510,469312,-5.0,0.0,0.0,0,,,0.0,0,
9511,469376,-4.0,0.0,0.0,0,,,0.0,0,
9512,469376,-5.0,0.0,0.0,0,,,0.0,0,
9513,469440,-5.0,0.0,0.0,0,,,0.0,0,
9514,469504,-5.0,0.0,0.0,0,,,0.0,0,
9515,469568,-5.0,0.0,0.0,0,,,0.0,0,
9516,469568,-5.0,0.0,0.0,0,,,0.0,0,
9517,469632,-4.0,0.0,0.0,0,,,0.0,0,
9518,469696,-4.0,0.0,0.0,0,,,0.0,0,
9519,469760,-5.0,0.0,0.0,0,,,0.0,0,
9520,469824,-5.0,0.0,0.0,0,,,0.0,0,
9521,469824,-4.0,0.0,0.0,0,,,0.0,0,
9522,469888,-4.0,0.0,0.0,0,,,0.0,0,
9523,470016,-4.0,0.0,0.0,0,,,0.0,0,
9524,470016,-4.0,0.0,0.0,0,,,0.0,0,
9525,470080,-5.0,0.0,0.0,0,,,0.0,0,
9526,470144,-5.0,0.0,0.0,0,,,0.0,0,
9527,470144,-4.0,0.0,0.0,0,,,0.0,0,
9528,470144,-5.0,0.0,0.0,0,,,0.0,0,
9529,470272,-5.0,0.0,0.0,0,,,0.0,0,
9530,470336,11.1,1.0,0.0,0,,,0.0,0,
9531,470336,-5.0,0.0,0.0,0,,,0.0,0,
9532,470400,-5.0,0.0,0.0,0,,,0.0,0,
9533,470592,-5.0,0.0,0.0,0,,,0.0,0,
9534,470720,-5.0,0.0,0.0,0,,,0.0,0,
9535,470720,-5.0,0.0,0.0,0,,,0.0,0,
9536,470784,-4.0,0.0,0.0,0,,,0.0,0,
9537,470784,-5.0,0.0,0.0,0,,,0.0,0,
9538,470784,-5.0,0.0,0.0,0,,,0.0,0,
9539,470848,-4.0,0.0,0.0,0,,,0.0,0,
9540,470912,-5.0,0.0,0.0,0,,,0.0,0,
9541,470976,-5.0,0.0,0.0,0,,,0.0,0,
9542,470976,-5.0,0.0,0.0,0,,,0.0,0,
9543,471040,-5.0,0.0,0.0,0,,,0.0,0,
9544,471104,-5.0,0.0,0.0,0,,,0.0,0,
9545,471104,-5.0,0.0,0.0,0,,,0.0,0,
9546,471168,-5.0,0.0,0.0,0,,,0.0,0,
9547,471232,-4.0,0.0,0.0,0,,,0.0,0,
9548,471232,-5.0,0.0,0.0,0,,,0.0,0,
9549,471360,-5.0,0.0,0.0,0,,,0.0,0,
9550,471360,-5.0,0.0,0.0,0,,,0.0,0,
9551,471424,-5.0,0.0,0.0,0,,,0.0,0,
9552,471488,-5.0,0.0,0.0,0,,,0.0,0,
9553,471552,-5.0,0.0,0.0,0,,,0.0,0,
9554,471616,-4.0,0.0,0.0,0,,,0.0,0,
9555,471616,-5.0,0.0,0.0,0,,,0.0,0,
9556,471616,-5.0,0.0,0.0,0,,,0.0,0,
9557,471616,-5.0,0.0,0.0,0,,,0.0,0,
9558,471680,-5.0,0.0,0.0,0,,,0.0,0,
9559,471680,-4.0,0.0,0.0,0,,,0.0,0,
9560,471872,-5.0,0.0,0.0,0,,,0.0,0,
9561,471936,-5.0,0.0,0.0,0,,,0.0,0,
9562,471936,-5.0,0.0,0.0,0,,,0.0,0,
9563,471936,-4.0,0.0,0.0,0,,,0.0,0,
9564,472000,-5.0,0.0,0.0,0,,,0.0,0,
9565,472128,-5.0,0.0,0.0,0,,,0.0,0,
9566,472192,-4.0,0.0,0.0,0,,,0.0,0,
9567,472320,-4.0,0.0,0.0,0,,,0.0,0,
9568,472448,-5.0,0.0,0.0,0,,,0.0,0,
9569,472448,-4.0,0.0,0.0,0,,,0.0,0,
9570,472448,-5.0,0.0,0.0,0,,,0.0,0,
9571,472512,-5.0,0.0,0.0,0,,,0.0,0,
9572,472512,-5.0,0.0,0.0,0,,,0.0,0,
9573,472512,-5.0,0.0,0.0,0,,,0.0,0,
9574,472576,-4.0,0.0,0.0,0,,,0.0,0,
9575,472576,-5.0,0.0,0.0,0,,,0.0,0,
9576,472640,-4.0,0.0,0.0,0,,,0.0,0,
9577,472640,-5.0,0.0,0.0,0,,,0.0,0,
9578,472704,-4.0,0.0,0.0,0,,,0.0,0,
9579,472768,-5.0,0.0,0.0,0,,,0.0,0,
9580,472832,-5.0,0.0,0.0,0,,,0.0,0,
9581,472832,-5.0,0.0,0.0,0,,,0.0,0,
9582,472896,-4.0,0.0,0.0,0,,,0.0,0,
9583,473024,-5.0,0.0,0.0,0,,,0.0,0,
9584,473088,-5.0,0.0,0.0,0,,,0.0,0,
9585,473088,-5.0,0.0,0.0,0,,,0.0,0,
9586,473152,-5.0,0.0,0.0,0,,,0.0,0,
9587,473280,-5.0,0.0,0.0,0,,,0.0,0,
9588,473280,-5.0,0.0,0.0,0,,,0.0,0,
9589,473344,-5.0,0.0,0.0,0,,,0.0,0,
9590,473408,-4.0,0.0,0.0,0,,,0.0,0,
9591,473408,-5.0,0.0,0.0,0,,,0.0,0,
9592,473408,-4.0,0.0,0.0,0,,,0.0,0,
9593,473536,-4.0,0.0,0.0,0,,,0.0,0,
9594,473600,-5.0,0.0,0.0,0,,,0.0,0,
9595,473600,-5.0,0.0,0.0,0,,,0.0,0,
9596,473664,-5.0,0.0,0.0,0,,,0.0,0,
9597,473856,-5.0,0.0,0.0,0,,,0.0,0,
9598,473984,7.1,1.0,0.0,0,,,0.0,0,
9599,473984,-5.0,0.0,0.0,0,,,0.0,0,
9600,473984,-4.0,0.0,0.0,0,,,0.0,0,
9601,473984,11.4,1.0,0.0,0,,,0.0,0,
9602,474048,-5.0,0.0,0.0,0,,,0.0,0,
9603,474048,-4.0,0.0,0.0,0,,,0.0,0,
9604,474112,-5.0,0.0,0.0,0,,,0.0,0,
9605,474176,10.0,1.0,0.0,0,,,0.0,0,
9606,474176,-5.0,0.0,0.0,0,,,0.0,0,
9607,474240,-5.0,0.0,0.0,0,,,0.0,0,
9608,474240,-5.0,0.0,0.0,0,,,0.0,0,
9609,474304,-5.0,0.0,0.0,0,,,0.0,0,
9610,474368,-4.0,0.0,0.0,0,,,0.0,0,
9611,474368,-5.0,0.0,0.0,0,,,0.0,0,
9612,474432,-4.0,0.0,0.0,0,,,0.0,0,
9613,474496,-5.0,0.0,0.0,0,,,0.0,0,
9614,474496,-5.0,0.0,0.0,0,,,0.0,0,
9615,474624,-5.0,0.0,0.0,0,,,0.0,0,
9616,474624,-5.0,0.0,0.0,0,,,0.0,0,
9617,474688,-5.0,0.0,0.0,0,,,0.0,0,
9618,474752,-5.0,0.0,0.0,0,,,0.0,0,
9619,474816,-5.0,0.0,0.0,0,,,0.0,0,
9620,474880,-5.0,0.0,0.0,0,,,0.0,0,
9621,474880,-5.0,0.0,0.0,0,,,0.0,0,
9622,474880,-5.0,0.0,0.0,0,,,0.0,0,
9623,474880,-4.0,0.0,0.0,0,,,0.0,0,
9624,474944,-5.0,0.0,0.0,0,,,0.0,0,
9625,474944,-4.0,0.0,0.0,0,,,0.0,0,
9626,475136,-5.0,0.0,0.0,0,,,0.0,0,
9627,475200,-4.0,0.0,0.0,0,,,0.0,0,
9628,475200,-5.0,0.0,0.0,0,,,0.0,0,
9629,475200,-4.0,0.0,0.0,0,,,0.0,0,
9630,475264,-4.0,0.0,0.0,0,,,0.0,0,
9631,475392,-5.0,0.0,0.0,0,,,0.0,0,
9632,475456,-5.0,0.0,0.0,0,,,0.0,0,
9633,475584,-5.0,0.0,0.0,0,,,0.0,0,
9634,475712,-5.0,0.0,0.0,0,,,0.0,0,
9635,475712,-4.0,0.0,0.0,0,,,0.0,0,
9636,475712,-4.0,0.0,0.0,0,,,0.0,0,
9637,475776,-5.0,0.0,0.0,0,,,0.0,0,
9638,475776,-5.0,0.0,0.0,0,,,0.0,0,
9639,475776,-5.0,0.0,0.0,0,,,0.0,0,
9640,475840,-5.0,0.0,0.0,0,,,0.0,0,
9641,475840,-4.0,0.0,0.0,0,,,0.0,0,
9642,475904,-4.0,0.0,0.0,0,,,0.0,0,
9643,475904,-5.0,0.0,0.0,0,,,0.0,0,
9644,475968,-5.0,0.0,0.0,0,,,0.0,0,
9645,475968,11.3,1.0,0.0,0,,,0.0,0,
9646,476032,11.7,1.0,0.0,0,,,0.0,0,
9647,476032,-4.0,0.0,0.0,0,,,0.0,0,
9648,476096,-5.0,0.0,0.0,0,,,0.0,0,
9649,476096,10.1,1.0,0.0,0,,,0.0,0,
9650,476160,-5.0,0.0,0.0,0,,,0.0,0,
9651,476288,-5.0,0.0,0.0,0,,,0.0,0,
9652,476352,-5.0,0.0,0.0,0,,,0.0,0,
9653,476352,-4.0,0.0,0.0,0,,,0.0,0,
9654,476416,-5.0,0.0,0.0,0,,,0.0,0,
9655,476544,-5.0,0.0,0.0,0,,,0.0,0,
9656,476544,-5.0,0.0,0.0,0,,,0.0,0,
9657,476608,9.0,1.0,0.0,0,,,0.0,0,
9658,476608,-5.0,0.0,0.0,0,,,0.0,0,
9659,476672,-4.0,0.0,0.0,0,,,0.0,0,
9660,476672,-5.0,0.0,0.0,0,,,0.0,0,
9661,476672,-5.0,0.0,0.0,0,,,0.0,0,
9662,476864,-5.0,0.0,0.0,0,,,0.0,0,
9663,476864,-5.0,0.0,0.0,0,,,0.0,0,
9664,476928,-4.0,0.0,0.0,0,,,0.0,0,
9665,477120,-5.0,0.0,0.0,0,,,0.0,0,
9666,477248,-5.0,0.0,0.0,0,,,0.0,0,
9667,477248,-5.0,0.0,0.0,0,,,0.0,0,
9668,477248,-4.0,0.0,0.0,0,,,0.0,0,
9669,477248,-5.0,0.0,0.0,0,,,0.0,0,
9670,477312,-5.0,0.0,0.0,0,,,0.0,0,
9671,477312,-5.0,0.0,0.0,0,,,0.0,0,
9672,477376,-5.0,0.0,0.0,0,,,0.0,0,
9673,477440,-5.0,0.0,0.0,0,,,0.0,0,
9674,477440,-4.0,0.0,0.0,0,,,0.0,0,
9675,477504,-5.0,0.0,0.0,0,,,0.0,0,
9676,477504,-5.0,0.0,0.0,0,,,0.0,0,
9677,477568,-4.0,0.0,0.0,0,,,0.0,0,
9678,477632,-5.0,0.0,0.0,0,,,0.0,0,
9679,477632,-5.0,0.0,0.0,0,,,0.0,0,
9680,477696,-5.0,0.0,0.0,0,,,0.0,0,
9681,477760,-5.0,0.0,0.0,0,,,0.0,0,
9682,477760,-5.0,0.0,0.0,0,,,0.0,0,
9683,477888,-5.0,0.0,0.0,0,,,0.0,0,
9684,477952,-4.0,0.0,0.0,0,,,0.0,0,
9685,478016,-5.0,0.0,0.0,0,,,0.0,0,
9686,478144,-4.0,0.0,0.0,0,,,0.0,0,
9687,478144,-5.0,0.0,0.0,0,,,0.0,0,
9688,478144,-5.0,0.0,0.0,0,,,0.0,0,
9689,478144,-5.0,0.0,0.0,0,,,0.0,0,
9690,478208,-5.0,0.0,0.0,0,,,0.0,0,
9691,478208,-4.0,0.0,0.0,0,,,0.0,0,
9692,478336,11.8,1.0,0.0,0,,,0.0,0,
9693,478400,-5.0,0.0,0.0,0,,,0.0,0,
9694,478464,-5.0,0.0,0.0,0,,,0.0,0,
9695,478464,-5.0,0.0,0.0,0,,,0.0,0,
9696,478464,-4.0,0.0,0.0,0,,,0.0,0,
9697,478528,-4.0,0.0,0.0,0,,,0.0,0,
9698,478656,-5.0,0.0,0.0,0,,,0.0,0,
9699,478720,8.9,1.0,0.0,0,,,0.0,0,
9700,478848,-4.0,0.0,0.0,0,,,0.0,0,
9701,478976,-4.0,0.0,0.0,0,,,0.0,0,
9702,478976,-4.0,0.0,0.0,0,,,0.0,0,
9703,478976,10.1,1.0,0.0,0,,,0.0,0,
9704,478976,-4.0,0.0,0.0,0,,,0.0,0,
9705,479040,-5.0,0.0,0.0,0,,,0.0,0,
9706,479040,-4.0,0.0,0.0,0,,,0.0,0,
9707,479104,-5.0,0.0,0.0,0,,,0.0,0,
9708,479104,-5.0,0.0,0.0,0,,,0.0,0,
9709,479168,-5.0,0.0,0.0,0,,,0.0,0,
9710,479168,-4.0,0.0,0.0,0,,,0.0,0,
9711,479232,-5.0,0.0,0.0,0,,,0.0,0,
9712,479232,-5.0,0.0,0.0,0,,,0.0,0,
9713,479296,-5.0,0.0,0.0,0,,,0.0,0,
9714,479296,-5.0,0.0,0.0,0,,,0.0,0,
9715,479360,-5.0,0.0,0.0,0,,,0.0,0,
9716,479360,-5.0,0.0,0.0,0,,,0.0,0,
9717,479424,-5.0,0.0,0.0,0,,,0.0,0,
9718,479552,-4.0,0.0,0.0,0,,,0.0,0,
9719,479616,-5.0,0.0,0.0,0,,,0.0,0,
9720,479616,-5.0,0.0,0.0,0,,,0.0,0,
9721,479680,-5.0,0.0,0.0,0,,,0.0,0,
9722,479808,11.0,1.0,0.0,0,,,0.0,0,
9723,479808,-5.0,0.0,0.0,0,,,0.0,0,
9724,479808,-5.0,0.0,0.0,0,,,0.0,0,
9725,479872,-5.0,0.0,0.0,0,,,0.0,0,
9726,479872,-5.0,0.0,0.0,0,,,0.0,0,
9727,479936,-5.0,0.0,0.0,0,,,0.0,0,
9728,479936,-5.0,0.0,0.0,0,,,0.0,0,
9729,480128,-5.0,0.0,0.0,0,,,0.0,0,
9730,480128,-4.0,0.0,0.0,0,,,0.0,0,
9731,480192,-5.0,0.0,0.0,0,,,0.0,0,
9732,480192,8.6,1.0,0.0,0,,,0.0,0,
9733,480384,-4.0,0.0,0.0,0,,,0.0,0,
9734,480512,-5.0,0.0,0.0,0,,,0.0,0,
9735,480512,-5.0,0.0,0.0,0,,,0.0,0,
9736,480512,-5.0,0.0,0.0,0,,,0.0,0,
9737,480512,-5.0,0.0,0.0,0,,,0.0,0,
9738,480576,-5.0,0.0,0.0,0,,,0.0,0,
9739,480576,-4.0,0.0,0.0,0,,,0.0,0,
9740,480640,9.7,1.0,0.0,0,,,0.0,0,
9741,480640,-5.0,0.0,0.0,0,,,0.0,0,
9742,480704,-5.0,0.0,0.0,0,,,0.0,0,
9743,480704,-5.0,0.0,0.0,0,,,0.0,0,
9744,480768,-5.0,0.0,0.0,0,,,0.0,0,
9745,480768,-5.0,0.0,0.0,0,,,0.0,0,
9746,480832,-5.0,0.0,0.0,0,,,0.0,0,
9747,480896,-4.0,0.0,0.0,0,,,0.0,0,
9748,480896,-5.0,0.0,0.0,0,,,0.0,0,
9749,481024,-5.0,0.0,0.0,0,,,0.0,0,
9750,481024,-5.0,0.0,0.0,0,,,0.0,0,
9751,481152,-5.0,0.0,0.0,0,,,0.0,0,
9752,481280,-4.0,0.0,0.0,0,,,0.0,0,
9753,481408,-5.0,0.0,0.0,0,,,0.0,0,
9754,481408,-4.0,0.0,0.0,0,,,0.0,0,
9755,481408,-4.0,0.0,0.0,0,,,0.0,0,
9756,481472,-4.0,0.0,0.0,0,,,0.0,0,
9757,481472,-5.0,0.0,0.0,0,,,0.0,0,
9758,481600,-5.0,0.0,0.0,0,,,0.0,0,
9759,481600,9.1,1.0,0.0,0,,,0.0,0,
9760,481664,-4.0,0.0,0.0,0,,,0.0,0,
9761,481728,-5.0,0.0,0.0,0,,,0.0,0,
9762,481728,-5.0,0.0,0.0,0,,,0.0,0,
9763,481728,-5.0,0.0,0.0,0,,,0.0,0,
9764,481792,-5.0,0.0,0.0,0,,,0.0,0,
9765,481920,8.8,1.0,0.0,0,,,0.0,0,
9766,481920,-4.0,0.0,0.0,0,,,0.0,0,
9767,481984,-5.0,0.0,0.0,0,,,0.0,0,
9768,482112,9.0,1.0,0.0,0,,,0.0,0,
9769,482112,-5.0,0.0,0.0,0,,,0.0,0,
9770,482240,-4.0,0.0,0.0,0,,,0.0,0,
9771,482240,-5.0,0.0,0.0,0,,,0.0,0,
9772,482240,-5.0,0.0,0.0,0,,,0.0,0,
9773,482240,-5.0,0.0,0.0,0,,,0.0,0,
9774,482304,-5.0,0.0,0.0,0,,,0.0,0,
9775,482304,-5.0,0.0,0.0,0,,,0.0,0,
9776,482432,-4.0,0.0,0.0,0,,,0.0,0,
9777,482432,-5.0,0.0,0.0,0,,,0.0,0,
9778,482496,-5.0,0.0,0.0,0,,,0.0,0,
9779,482496,-5.0,0.0,0.0,0,,,0.0,0,
9780,482560,-5.0,0.0,0.0,0,,,0.0,0,
9781,482560,-5.0,0.0,0.0,0,,,0.0,0,
9782,482624,-4.0,0.0,0.0,0,,,0.0,0,
9783,482624,-4.0,0.0,0.0,0,,,0.0,0,
9784,482688,-4.0,0.0,0.0,0,,,0.0,0,
9785,482816,-4.0,0.0,0.0,0,,,0.0,0,
9786,482880,-5.0,0.0,0.0,0,,,0.0,0,
9787,482880,-5.0,0.0,0.0,0,,,0.0,0,
9788,483008,10.9,1.0,0.0,0,,,0.0,0,
9789,483072,-4.0,0.0,0.0,0,,,0.0,0,
9790,483072,-5.0,0.0,0.0,0,,,0.0,0,
9791,483136,-5.0,0.0,0.0,0,,,0.0,0,
9792,483136,-5.0,0.0,0.0,0,,,0.0,0,
9793,483200,-5.0,0.0,0.0,0,,,0.0,0,
9794,483200,11.2,1.0,0.0,0,,,0.0,0,
9795,483200,-4.0,0.0,0.0,0,,,0.0,0,
9796,483392,-5.0,0.0,0.0,0,,,0.0,0,
9797,483456,-5.0,0.0,0.0,0,,,0.0,0,
9798,483456,-5.0,0.0,0.0,0,,,0.0,0,
9799,483648,-5.0,0.0,0.0,0,,,0.0,0,
9800,483776,-5.0,0.0,0.0,0,,,0.0,0,
9801,483776,-5.0,0.0,0.0,0,,,0.0,0,
9802,483776,-5.0,0.0,0.0,0,,,0.0,0,
9803,483776,-5.0,0.0,0.0,0,,,0.0,0,
9804,483840,-5.0,0.0,0.0,0,,,0.0,0,
9805,483840,8.9,1.0,0.0,0,,,0.0,0,
9806,483840,-4.0,0.0,0.0,0,,,0.0,0,
9807,483904,-5.0,0.0,0.0,0,,,0.0,0,
9808,483904,-5.0,0.0,0.0,0,,,0.0,0,
9809,483968,-4.0,0.0,0.0,0,,,0.0,0,
9810,483968,-4.0,0.0,0.0,0,,,0.0,0,
9811,484032,10.7,1.0,0.0,0,,,0.0,0,
9812,484032,-5.0,0.0,0.0,0,,,0.0,0,
9813,484032,-5.0,0.0,0.0,0,,,0.0,0,
9814,484096,-4.0,0.0,0.0,0,,,0.0,0,
9815,484160,-5.0,0.0,0.0,0,,,0.0,0,
9816,484160,-5.0,0.0,0.0,0,,,0.0,0,
9817,484288,-5.0,0.0,0.0,0,,,0.0,0,
9818,484288,-5.0,0.0,0.0,0,,,0.0,0,
9819,484416,-4.0,0.0,0.0,0,,,0.0,0,
9820,484544,-5.0,0.0,0.0,0,,,0.0,0,
9821,484672,-4.0,0.0,0.0,0,,,0.0,0,
9822,484672,-5.0,0.0,0.0,0,,,0.0,0,
9823,484672,-5.0,0.0,0.0,0,,,0.0,0,
9824,484736,-5.0,0.0,0.0,0,,,0.0,0,
9825,484736,-5.0,0.0,0.0,0,,,0.0,0,
9826,484864,-4.0,0.0,0.0,0,,,0.0,0,
9827,484864,-5.0,0.0,0.0,0,,,0.0,0,
9828,484928,-5.0,0.0,0.0,0,,,0.0,0,
9829,484928,11.7,1.0,0.0,0,,,0.0,0,
9830,484992,-5.0,0.0,0.0,0,,,0.0,0,
9831,484992,-4.0,0.0,0.0,0,,,0.0,0,
9832,484992,-4.0,0.0,0.0,0,,,0.0,0,
9833,485184,-5.0,0.0,0.0,0,,,0.0,0,
9834,485184,-5.0,0.0,0.0,0,,,0.0,0,
9835,485248,-5.0,0.0,0.0,0,,,0.0,0,
9836,485376,-4.0,0.0,0.0,0,,,0.0,0,
9837,485376,-5.0,0.0,0.0,0,,,0.0,0,
9838,485504,-4.0,0.0,0.0,0,,,0.0,0,
9839,485504,9.4,1.0,0.0,0,,,0.0,0,
9840,485504,-5.0,0.0,0.0,0,,,0.0,0,
9841,485504,-4.0,0.0,0.0,0,,,0.0,0,
9842,485568,-4.0,0.0,0.0,0,,,0.0,0,
9843,485568,11.0,1.0,0.0,0,,,0.0,0,
9844,485568,10.7,1.0,0.0,0,,,0.0,0,
9845,485568,-5.0,0.0,0.0,0,,,0.0,0,
9846,485696,-5.0,0.0,0.0,0,,,0.0,0,
9847,485696,-5.0,0.0,0.0,0,,,0.0,0,
9848,485760,-5.0,0.0,0.0,0,,,0.0,0,
9849,485760,-4.0,0.0,0.0,0,,,0.0,0,
9850,485824,-5.0,0.0,0.0,0,,,0.0,0,
9851,485824,7.0,1.0,0.0,0,,,0.0,0,
9852,485888,-4.0,0.0,0.0,0,,,0.0,0,
9853,485952,-5.0,0.0,0.0,0,,,0.0,0,
9854,486080,-4.0,0.0,0.0,0,,,0.0,0,
9855,486144,-5.0,0.0,0.0,0,,,0.0,0,
9856,486144,-5.0,0.0,0.0,0,,,0.0,0,
9857,486272,-4.0,0.0,0.0,0,,,0.0,0,
9858,486336,-5.0,0.0,0.0,0,,,0.0,0,
9859,486336,-5.0,0.0,0.0,0,,,0.0,0,
9860,486400,-4.0,0.0,0.0,0,,,0.0,0,
9861,486464,-4.0,0.0,0.0,0,,,0.0,0,
9862,486464,-5.0,0.0,0.0,0,,,0.0,0,
9863,486464,-5.0,0.0,0.0,0,,,0.0,0,
9864,486528,9.0,1.0,0.0,0,,,0.0,0,
9865,486656,-4.0,0.0,0.0,0,,,0.0,0,
9866,486720,-5.0,0.0,0.0,0,,,0.0,0,
9867,486720,-5.0,0.0,0.0,0,,,0.0,0,
9868,486912,-4.0,0.0,0.0,0,,,0.0,0,
9869,486976,9.0,1.0,0.0,0,,,0.0,0,
9870,487040,-4.0,0.0,0.0,0,,,0.0,0,
9871,487040,-4.0,0.0,0.0,0,,,0.0,0,
9872,487040,-5.0,0.0,0.0,0,,,0.0,0,
9873,487040,9.8,1.0,0.0,0,,,0.0,0,
9874,487104,-5.0,0.0,0.0,0,,,0.0,0,
9875,487104,-5.0,0.0,0.0,0,,,0.0,0,
9876,487104,-5.0,0.0,0.0,0,,,0.0,0,
9877,487168,-5.0,0.0,0.0,0,,,0.0,0,
9878,487168,-5.0,0.0,0.0,0,,,0.0,0,
9879,487232,-5.0,0.0,0.0,0,,,0.0,0,
9880,487232,-5.0,0.0,0.0,0,,,0.0,0,
9881,487296,-5.0,0.0,0.0,0,,,0.0,0,
9882,487296,-4.0,0.0,0.0,0,,,0.0,0,
9883,487296,-5.0,0.0,0.0,0,,,0.0,0,
9884,487360,-5.0,0.0,0.0,0,,,0.0,0,
9885,487424,-4.0,0.0,0.0,0,,,0.0,0,
9886,487424,-5.0,0.0,0.0,0,,,0.0,0,
9887,487552,-5.0,0.0,0.0,0,,,0.0,0,
9888,487552,-5.0,0.0,0.0,0,,,0.0,0,
9889,487680,-5.0,0.0,0.0,0,,,0.0,0,
9890,487872,9.7,1.0,0.0,0,,,0.0,0,
9891,487936,-4.0,0.0,0.0,0,,,0.0,0,
9892,488000,-5.0,0.0,0.0,0,,,0.0,0,
9893,488000,-5.0,0.0,0.0,0,,,0.0,0,
9894,488128,-5.0,0.0,0.0,0,,,0.0,0,
9895,488192,-5.0,0.0,0.0,0,,,0.0,0,
9896,488192,-5.0,0.0,0.0,0,,,0.0,0,
9897,488256,-5.0,0.0,0.0,0,,,0.0,0,
9898,488256,-4.0,0.0,0.0,0,,,0.0,0,
9899,488448,-5.0,0.0,0.0,0,,,0.0,0,
9900,488448,-5.0,0.0,0.0,0,,,0.0,0,
9901,488512,-5.0,0.0,0.0,0,,,0.0,0,
9902,488640,-5.0,0.0,0.0,0,,,0.0,0,
9903,488640,-4.0,0.0,0.0,0,,,0.0,0,
9904,488768,-5.0,0.0,0.0,0,,,0.0,0,
9905,488768,-5.0,0.0,0.0,0,,,0.0,0,
9906,488768,-5.0,0.0,0.0,0,,,0.0,0,
9907,488768,-5.0,0.0,0.0,0,,,0.0,0,
9908,488832,-4.0,0.0,0.0,0,,,0.0,0,
9909,488832,9.6,1.0,0.0,0,,,0.0,0,
9910,488832,-5.0,0.0,0.0,0,,,0.0,0,
9911,488832,-5.0,0.0,0.0,0,,,0.0,0,
9912,488960,-5.0,0.0,0.0,0,,,0.0,0,
9913,488960,-5.0,0.0,0.0,0,,,0.0,0,
9914,489024,-5.0,0.0,0.0,0,,,0.0,0,
9915,489024,-5.0,0.0,0.0,0,,,0.0,0,
9916,489088,-5.0,0.0,0.0,0,,,0.0,0,
9917,489088,-5.0,0.0,0.0,0,,,0.0,0,
9918,489152,-5.0,0.0,0.0,0,,,0.0,0,
9919,489216,-5.0,0.0,0.0,0,,,0.0,0,
9920,489344,11.2,1.0,0.0,0,,,0.0,0,
9921,489344,-4.0,0.0,0.0,0,,,0.0,0,
9922,489408,-5.0,0.0,0.0,0,,,0.0,0,
9923,489408,-5.0,0.0,0.0,0,,,0.0,0,
9924,489536,11.0,1.0,0.0,0,,,0.0,0,
9925,489536,-4.0,0.0,0.0,0,,,0.0,0,
9926,489600,-5.0,0.0,0.0,0,,,0.0,0,
9927,489664,-4.0,0.0,0.0,0,,,0.0,0,
9928,489728,-5.0,0.0,0.0,0,,,0.0,0,
9929,489728,-5.0,0.0,0.0,0,,,0.0,0,
9930,489728,-5.0,0.0,0.0,0,,,0.0,0,
9931,489792,-4.0,0.0,0.0,0,,,0.0,0,
9932,489920,-5.0,0.0,0.0,0,,,0.0,0,
9933,489984,-5.0,0.0,0.0,0,,,0.0,0,
9934,489984,-4.0,0.0,0.0,0,,,0.0,0,
9935,490176,-5.0,0.0,0.0,0,,,0.0,0,
9936,490240,-5.0,0.0,0.0,0,,,0.0,0,
9937,490304,-5.0,0.0,0.0,0,,,0.0,0,
9938,490304,-5.0,0.0,0.0,0,,,0.0,0,
9939,490304,-5.0,0.0,0.0,0,,,0.0,0,
9940,490304,-5.0,0.0,0.0,0,,,0.0,0,
9941,490368,-5.0,0.0,0.0,0,,,0.0,0,
9942,490368,-5.0,0.0,0.0,0,,,0.0,0,
9943,490368,-4.0,0.0,0.0,0,,,0.0,0,
9944,490432,-4.0,0.0,0.0,0,,,0.0,0,
9945,490432,-5.0,0.0,0.0,0,,,0.0,0,
9946,490496,-5.0,0.0,0.0,0,,,0.0,0,
9947,490560,-5.0,0.0,0.0,0,,,0.0,0,
9948,490560,-4.0,0.0,0.0,0,,,0.0,0,
9949,490560,-5.0,0.0,0.0,0,,,0.0,0,
9950,490624,-4.0,0.0,0.0,0,,,0.0,0,
9951,490688,-5.0,0.0,0.0,0,,,0.0,0,
9952,490688,-4.0,0.0,0.0,0,,,0.0,0,
9953,490816,-5.0,0.0,0.0,0,,,0.0,0,
9954,490816,-5.0,0.0,0.0,0,,,0.0,0,
9955,490944,-4.0,0.0,0.0,0,,,0.0,0,
9956,491008,11.6,1.0,0.0,0,,,0.0,0,
9957,491136,-5.0,0.0,0.0,0,,,0.0,0,
9958,491200,-5.0,0.0,0.0,0,,,0.0,0,
9959,491264,-5.0,0.0,0.0,0,,,0.0,0,
9960,491264,-5.0,0.0,0.0,0,,,0.0,0,
9961,491392,-5.0,0.0,0.0,0,,,0.0,0,
9962,491456,-4.0,0.0,0.0,0,,,0.0,0,
9963,491456,10.7,1.0,0.0,0,,,0.0,0,
9964,491456,-4.0,0.0,0.0,0,,,0.0,0,
9965,491520,-5.0,0.0,0.0,0,,,0.0,0,
9966,491520,-5.0,0.0,0.0,0,,,0.0,0,
